data,uf,produto,soma,n
2022-01-03,AC,diesel_s10,67.2200,11
2022-01-03,AC,etanol,30.8400,5
2022-01-03,AC,gasolina,76.6100,11
2022-01-03,AL,diesel_s10,143.2200,26
2022-01-03,AL,etanol,138.2300,27
2022-01-03,AL,gasolina,174.3100,27
2022-01-03,AM,diesel_s10,66.0900,11
2022-01-03,AM,etanol,11.6800,2
2022-01-03,AM,gasolina,133.2200,19
2022-01-03,BA,diesel_s10,302.1800,54
2022-01-03,BA,etanol,345.6300,64
2022-01-03,BA,gasolina,437.0400,65
2022-01-03,CE,diesel_s10,97.0300,17
2022-01-03,CE,etanol,95.9500,17
2022-01-03,CE,gasolina,108.9000,16
2022-01-03,ES,diesel_s10,91.9900,18
2022-01-03,ES,etanol,81.2400,14
2022-01-03,ES,gasolina,134.5100,20
2022-01-03,GO,diesel_s10,396.6800,71
2022-01-03,GO,etanol,437.2400,86
2022-01-03,GO,gasolina,588.8000,86
2022-01-03,MG,diesel_s10,356.9900,66
2022-01-03,MG,etanol,457.7000,86
2022-01-03,MG,gasolina,616.9300,88
2022-01-03,MS,diesel_s10,31.8700,6
2022-01-03,MS,etanol,48.0500,9
2022-01-03,MS,gasolina,57.1200,9
2022-01-03,MT,diesel_s10,113.5900,20
2022-01-03,MT,etanol,107.4600,23
2022-01-03,MT,gasolina,148.3600,23
2022-01-03,PA,diesel_s10,155.8600,27
2022-01-03,PA,etanol,81.0000,13
2022-01-03,PA,gasolina,189.8300,28
2022-01-03,PB,diesel_s10,170.3800,31
2022-01-03,PB,etanol,156.5600,31
2022-01-03,PB,gasolina,220.6200,34
2022-01-03,PE,diesel_s10,137.3700,26
2022-01-03,PE,etanol,134.6700,26
2022-01-03,PE,gasolina,175.9900,27
2022-01-03,PI,diesel_s10,109.8600,20
2022-01-03,PI,etanol,98.2100,18
2022-01-03,PI,gasolina,148.9100,22
2022-01-03,PR,diesel_s10,270.9800,52
2022-01-03,PR,etanol,333.0400,63
2022-01-03,PR,gasolina,408.1300,62
2022-01-03,RJ,diesel_s10,294.6200,55
2022-01-03,RJ,etanol,420.9400,68
2022-01-03,RJ,gasolina,489.8700,68
2022-01-03,RN,diesel_s10,62.0600,11
2022-01-03,RN,etanol,55.5200,10
2022-01-03,RN,gasolina,76.5900,11
2022-01-03,RS,diesel_s10,267.5100,50
2022-01-03,RS,etanol,167.7800,24
2022-01-03,RS,gasolina,347.8800,51
2022-01-03,SC,diesel_s10,75.1800,14
2022-01-03,SC,etanol,67.9300,11
2022-01-03,SC,gasolina,96.0600,15
2022-01-03,SE,diesel_s10,113.3600,20
2022-01-03,SE,etanol,108.3300,21
2022-01-03,SE,gasolina,138.9100,21
2022-01-03,SP,diesel_s10,1527.6500,285
2022-01-03,SP,etanol,1729.4800,354
2022-01-03,SP,gasolina,2217.0300,351
2022-01-03,TO,diesel_s10,91.8700,17
2022-01-03,TO,etanol,83.6600,14
2022-01-03,TO,gasolina,139.0600,20
2022-01-04,AC,diesel_s10,110.3800,18
2022-01-04,AC,etanol,60.7900,10
2022-01-04,AC,gasolina,124.1700,18
2022-01-04,AL,diesel_s10,58.5300,10
2022-01-04,AL,etanol,67.9100,12
2022-01-04,AL,gasolina,84.2000,12
2022-01-04,AM,diesel_s10,166.1700,31
2022-01-04,AM,etanol,181.0900,34
2022-01-04,AM,gasolina,243.3400,37
2022-01-04,AP,gasolina,23.4100,4
2022-01-04,BA,diesel_s10,435.2900,78
2022-01-04,BA,etanol,484.4700,88
2022-01-04,BA,gasolina,605.8100,89
2022-01-04,CE,diesel_s10,627.1800,111
2022-01-04,CE,etanol,637.8100,113
2022-01-04,CE,gasolina,766.0700,115
2022-01-04,DF,diesel_s10,117.5800,21
2022-01-04,DF,etanol,158.5100,27
2022-01-04,DF,gasolina,182.7300,27
2022-01-04,ES,diesel_s10,172.9600,33
2022-01-04,ES,etanol,164.9200,28
2022-01-04,ES,gasolina,249.6000,37
2022-01-04,GO,diesel_s10,71.0700,13
2022-01-04,GO,etanol,108.8200,22
2022-01-04,GO,gasolina,150.8200,22
2022-01-04,MA,diesel_s10,103.3000,19
2022-01-04,MA,etanol,85.2700,15
2022-01-04,MA,gasolina,128.9100,20
2022-01-04,MG,diesel_s10,446.3400,83
2022-01-04,MG,etanol,623.6700,117
2022-01-04,MG,gasolina,812.5300,117
2022-01-04,MS,diesel_s10,60.8800,11
2022-01-04,MS,etanol,66.0400,12
2022-01-04,MS,gasolina,73.6700,11
2022-01-04,MT,diesel_s10,274.2700,47
2022-01-04,MT,etanol,251.4600,53
2022-01-04,MT,gasolina,350.6800,53
2022-01-04,PA,diesel_s10,139.3900,24
2022-01-04,PA,etanol,49.0900,8
2022-01-04,PA,gasolina,194.2100,28
2022-01-04,PB,diesel_s10,94.5600,17
2022-01-04,PB,etanol,70.2500,14
2022-01-04,PB,gasolina,111.3400,17
2022-01-04,PE,diesel_s10,225.3400,42
2022-01-04,PE,etanol,229.1300,43
2022-01-04,PE,gasolina,309.7300,46
2022-01-04,PI,diesel_s10,126.2400,22
2022-01-04,PI,etanol,109.6900,20
2022-01-04,PI,gasolina,159.0000,23
2022-01-04,PR,diesel_s10,349.0500,68
2022-01-04,PR,etanol,433.5300,85
2022-01-04,PR,gasolina,532.0900,84
2022-01-04,RJ,diesel_s10,368.6800,69
2022-01-04,RJ,etanol,532.4800,88
2022-01-04,RJ,gasolina,634.8700,89
2022-01-04,RN,diesel_s10,176.7100,30
2022-01-04,RN,etanol,186.9200,33
2022-01-04,RN,gasolina,216.1600,31
2022-01-04,RO,diesel_s10,160.3200,28
2022-01-04,RO,etanol,98.9900,16
2022-01-04,RO,gasolina,216.0100,32
2022-01-04,RR,diesel_s10,11.2800,2
2022-01-04,RR,gasolina,12.8600,2
2022-01-04,RS,diesel_s10,193.1000,36
2022-01-04,RS,etanol,96.6700,14
2022-01-04,RS,gasolina,282.3800,42
2022-01-04,SC,diesel_s10,188.3900,35
2022-01-04,SC,etanol,146.0400,24
2022-01-04,SC,gasolina,252.7000,39
2022-01-04,SE,diesel_s10,77.0500,14
2022-01-04,SE,etanol,41.5900,8
2022-01-04,SE,gasolina,91.9600,14
2022-01-04,SP,diesel_s10,1798.4100,334
2022-01-04,SP,etanol,2147.3800,437
2022-01-04,SP,gasolina,2735.7000,431
2022-01-04,TO,diesel_s10,54.2900,10
2022-01-04,TO,etanol,58.3700,10
2022-01-04,TO,gasolina,67.7000,10
2022-01-05,AP,gasolina,23.4400,4
2022-01-05,BA,diesel_s10,317.7600,56
2022-01-05,BA,etanol,355.4700,64
2022-01-05,BA,gasolina,437.6800,63
2022-01-05,CE,diesel_s10,227.5000,40
2022-01-05,CE,etanol,218.5800,39
2022-01-05,CE,gasolina,296.0800,44
2022-01-05,DF,diesel_s10,76.5400,14
2022-01-05,DF,etanol,116.7200,20
2022-01-05,DF,gasolina,133.6300,20
2022-01-05,ES,diesel_s10,94.2300,18
2022-01-05,ES,etanol,121.2900,21
2022-01-05,ES,gasolina,179.6600,27
2022-01-05,GO,diesel_s10,279.6100,51
2022-01-05,GO,etanol,302.9500,62
2022-01-05,GO,gasolina,429.0000,63
2022-01-05,MA,diesel_s10,21.5500,4
2022-01-05,MA,etanol,22.9600,4
2022-01-05,MA,gasolina,25.5700,4
2022-01-05,MG,diesel_s10,570.2300,105
2022-01-05,MG,etanol,748.1300,145
2022-01-05,MG,gasolina,987.3900,144
2022-01-05,MS,diesel_s10,75.6400,14
2022-01-05,MS,etanol,87.8100,17
2022-01-05,MS,gasolina,109.1600,17
2022-01-05,MT,diesel_s10,235.7800,41
2022-01-05,MT,etanol,214.4900,47
2022-01-05,MT,gasolina,305.4300,47
2022-01-05,PA,diesel_s10,133.9300,23
2022-01-05,PA,etanol,68.2200,11
2022-01-05,PA,gasolina,191.6200,28
2022-01-05,PB,diesel_s10,22.3300,4
2022-01-05,PB,etanol,30.8900,6
2022-01-05,PB,gasolina,32.7900,5
2022-01-05,PE,diesel_s10,384.6800,72
2022-01-05,PE,etanol,367.0100,71
2022-01-05,PE,gasolina,485.8600,75
2022-01-05,PI,diesel_s10,29.0100,5
2022-01-05,PI,etanol,33.8400,6
2022-01-05,PI,gasolina,49.7000,7
2022-01-05,PR,diesel_s10,617.6800,119
2022-01-05,PR,etanol,719.9600,139
2022-01-05,PR,gasolina,871.7100,136
2022-01-05,RJ,diesel_s10,347.9900,65
2022-01-05,RJ,etanol,622.5200,102
2022-01-05,RJ,gasolina,741.7000,103
2022-01-05,RN,diesel_s10,17.7300,3
2022-01-05,RN,etanol,23.0900,4
2022-01-05,RN,gasolina,27.4900,4
2022-01-05,RO,diesel_s10,62.8400,11
2022-01-05,RO,etanol,25.0700,4
2022-01-05,RO,gasolina,80.0100,12
2022-01-05,RR,diesel_s10,62.7400,11
2022-01-05,RR,etanol,24.6500,4
2022-01-05,RR,gasolina,70.3300,11
2022-01-05,RS,diesel_s10,481.4100,90
2022-01-05,RS,etanol,216.1500,32
2022-01-05,RS,gasolina,677.1900,103
2022-01-05,SC,diesel_s10,280.9700,54
2022-01-05,SC,etanol,199.0300,33
2022-01-05,SC,gasolina,341.7800,54
2022-01-05,SE,diesel_s10,16.4700,3
2022-01-05,SE,etanol,10.2800,2
2022-01-05,SE,gasolina,20.0600,3
2022-01-05,SP,diesel_s10,1828.4700,341
2022-01-05,SP,etanol,2149.6300,448
2022-01-05,SP,gasolina,2790.2100,445
2022-01-06,AC,diesel_s10,67.0800,10
2022-01-06,AC,etanol,13.2600,2
2022-01-06,AC,gasolina,75.7800,10
2022-01-06,AM,diesel_s10,16.2700,3
2022-01-06,AM,etanol,21.3600,4
2022-01-06,AM,gasolina,26.3600,4
2022-01-06,AP,diesel_s10,33.1100,6
2022-01-06,AP,gasolina,94.2600,16
2022-01-06,BA,diesel_s10,51.6900,9
2022-01-06,BA,etanol,41.8900,8
2022-01-06,BA,gasolina,54.6800,8
2022-01-06,CE,diesel_s10,51.3500,9
2022-01-06,CE,etanol,39.4400,7
2022-01-06,CE,gasolina,58.9800,9
2022-01-06,ES,diesel_s10,26.2100,5
2022-01-06,ES,etanol,12.0800,2
2022-01-06,ES,gasolina,40.8400,6
2022-01-06,MA,diesel_s10,129.6300,24
2022-01-06,MA,etanol,86.2100,15
2022-01-06,MA,gasolina,160.1600,25
2022-01-06,MG,diesel_s10,310.5500,57
2022-01-06,MG,etanol,387.9300,74
2022-01-06,MG,gasolina,510.0000,73
2022-01-06,MS,diesel_s10,115.6400,22
2022-01-06,MS,etanol,134.8300,26
2022-01-06,MS,gasolina,166.5100,26
2022-01-06,PE,diesel_s10,48.9700,9
2022-01-06,PE,etanol,56.7000,11
2022-01-06,PE,gasolina,72.2600,11
2022-01-06,PR,diesel_s10,53.1100,10
2022-01-06,PR,etanol,65.5100,12
2022-01-06,PR,gasolina,81.1000,12
2022-01-06,RJ,diesel_s10,234.4100,44
2022-01-06,RJ,etanol,294.8700,48
2022-01-06,RJ,gasolina,352.9500,49
2022-01-06,RN,diesel_s10,41.3700,7
2022-01-06,RN,etanol,45.6200,8
2022-01-06,RN,gasolina,48.0700,7
2022-01-06,RO,diesel_s10,11.1700,2
2022-01-06,RO,etanol,5.9900,1
2022-01-06,RO,gasolina,13.1900,2
2022-01-06,RS,diesel_s10,498.7700,95
2022-01-06,RS,etanol,212.9400,32
2022-01-06,RS,gasolina,787.7600,122
2022-01-06,SC,diesel_s10,282.7200,53
2022-01-06,SC,etanol,224.2600,37
2022-01-06,SC,gasolina,409.5300,63
2022-01-06,SP,diesel_s10,1049.0000,195
2022-01-06,SP,etanol,1187.0000,244
2022-01-06,SP,gasolina,1518.9500,242
2022-01-07,BA,diesel_s10,22.5600,4
2022-01-07,BA,etanol,51.6800,9
2022-01-07,BA,gasolina,62.6800,9
2022-01-07,RJ,etanol,5.6800,1
2022-01-07,RJ,gasolina,6.9800,1
2022-01-07,SC,diesel_s10,111.0600,21
2022-01-07,SC,etanol,123.3800,20
2022-01-07,SC,gasolina,166.1300,25
2022-01-07,SP,diesel_s10,43.4200,8
2022-01-07,SP,etanol,38.3100,8
2022-01-07,SP,gasolina,51.5800,8
2022-01-10,AC,diesel_s10,60.9200,10
2022-01-10,AC,etanol,48.8700,8
2022-01-10,AC,gasolina,75.2700,11
2022-01-10,AL,diesel_s10,109.1400,20
2022-01-10,AL,etanol,122.1500,24
2022-01-10,AL,gasolina,148.3400,23
2022-01-10,AM,diesel_s10,139.2200,25
2022-01-10,AM,etanol,134.1800,25
2022-01-10,AM,gasolina,246.3300,37
2022-01-10,AP,gasolina,5.7900,1
2022-01-10,BA,diesel_s10,287.4700,50
2022-01-10,BA,etanol,308.0400,56
2022-01-10,BA,gasolina,387.0900,56
2022-01-10,CE,diesel_s10,53.6900,9
2022-01-10,CE,etanol,53.0400,9
2022-01-10,CE,gasolina,55.6600,8
2022-01-10,ES,diesel_s10,92.9800,18
2022-01-10,ES,etanol,92.8600,16
2022-01-10,ES,gasolina,146.3500,22
2022-01-10,GO,diesel_s10,266.2200,48
2022-01-10,GO,etanol,296.6400,59
2022-01-10,GO,gasolina,403.0300,59
2022-01-10,MA,diesel_s10,204.9000,38
2022-01-10,MA,etanol,160.0200,28
2022-01-10,MA,gasolina,255.9100,40
2022-01-10,MG,diesel_s10,341.2200,63
2022-01-10,MG,etanol,500.3000,94
2022-01-10,MG,gasolina,659.3700,94
2022-01-10,MS,diesel_s10,83.1400,15
2022-01-10,MS,etanol,92.2700,17
2022-01-10,MS,gasolina,126.1200,19
2022-01-10,MT,diesel_s10,195.2200,34
2022-01-10,MT,etanol,199.5600,42
2022-01-10,MT,gasolina,272.5000,42
2022-01-10,PA,diesel_s10,163.0200,29
2022-01-10,PA,etanol,73.2700,12
2022-01-10,PA,gasolina,184.9200,28
2022-01-10,PB,diesel_s10,115.0500,21
2022-01-10,PB,etanol,96.3300,19
2022-01-10,PB,gasolina,136.1300,21
2022-01-10,PE,diesel_s10,161.9900,31
2022-01-10,PE,etanol,162.5000,32
2022-01-10,PE,gasolina,213.4900,33
2022-01-10,PI,diesel_s10,159.6000,29
2022-01-10,PI,etanol,127.0500,24
2022-01-10,PI,gasolina,202.7000,30
2022-01-10,PR,diesel_s10,210.9200,40
2022-01-10,PR,etanol,227.6500,44
2022-01-10,PR,gasolina,274.2200,42
2022-01-10,RJ,diesel_s10,534.8300,100
2022-01-10,RJ,etanol,728.3900,120
2022-01-10,RJ,gasolina,874.6200,122
2022-01-10,RN,diesel_s10,239.8900,41
2022-01-10,RN,etanol,243.1500,43
2022-01-10,RN,gasolina,292.5400,42
2022-01-10,RS,diesel_s10,492.3000,93
2022-01-10,RS,etanol,223.5700,33
2022-01-10,RS,gasolina,671.2500,103
2022-01-10,SC,diesel_s10,26.6300,5
2022-01-10,SC,etanol,31.0400,5
2022-01-10,SC,gasolina,45.2000,7
2022-01-10,SP,diesel_s10,1925.0800,358
2022-01-10,SP,etanol,2151.9500,441
2022-01-10,SP,gasolina,2753.0400,437
2022-01-10,TO,diesel_s10,97.1400,18
2022-01-10,TO,etanol,95.0900,16
2022-01-10,TO,gasolina,145.4200,21
2022-01-11,AC,diesel_s10,177.1900,28
2022-01-11,AC,etanol,68.5900,11
2022-01-11,AC,gasolina,200.2600,28
2022-01-11,AL,diesel_s10,97.2600,17
2022-01-11,AL,etanol,99.7900,18
2022-01-11,AL,gasolina,123.7400,18
2022-01-11,AM,diesel_s10,21.2100,4
2022-01-11,AM,etanol,26.3200,5
2022-01-11,AM,gasolina,32.9500,5
2022-01-11,AP,gasolina,11.5800,2
2022-01-11,BA,diesel_s10,328.6900,59
2022-01-11,BA,etanol,344.2700,64
2022-01-11,BA,gasolina,442.9600,66
2022-01-11,CE,diesel_s10,57.5000,10
2022-01-11,CE,etanol,44.9600,8
2022-01-11,CE,gasolina,65.7500,10
2022-01-11,ES,diesel_s10,262.0900,50
2022-01-11,ES,etanol,249.9900,43
2022-01-11,ES,gasolina,370.9900,55
2022-01-11,GO,diesel_s10,110.4900,20
2022-01-11,GO,etanol,114.8200,23
2022-01-11,GO,gasolina,158.0400,23
2022-01-11,MG,diesel_s10,569.4700,105
2022-01-11,MG,etanol,759.4500,145
2022-01-11,MG,gasolina,989.3300,143
2022-01-11,MS,diesel_s10,33.1300,6
2022-01-11,MS,etanol,32.5700,6
2022-01-11,MS,gasolina,40.2000,6
2022-01-11,MT,diesel_s10,246.1100,43
2022-01-11,MT,etanol,221.0900,49
2022-01-11,MT,gasolina,313.6200,49
2022-01-11,PA,diesel_s10,292.9000,51
2022-01-11,PA,etanol,99.6100,16
2022-01-11,PA,gasolina,382.7400,56
2022-01-11,PB,diesel_s10,166.0400,30
2022-01-11,PB,etanol,141.5000,28
2022-01-11,PB,gasolina,209.0900,32
2022-01-11,PE,diesel_s10,218.4000,41
2022-01-11,PE,etanol,206.5100,40
2022-01-11,PE,gasolina,280.6800,43
2022-01-11,PI,diesel_s10,73.4500,13
2022-01-11,PI,etanol,64.3300,12
2022-01-11,PI,gasolina,95.1900,14
2022-01-11,PR,diesel_s10,422.7500,82
2022-01-11,PR,etanol,566.7400,111
2022-01-11,PR,gasolina,707.0900,111
2022-01-11,RJ,diesel_s10,311.8800,58
2022-01-11,RJ,etanol,450.4700,74
2022-01-11,RJ,gasolina,533.3700,74
2022-01-11,RN,diesel_s10,5.9900,1
2022-01-11,RN,etanol,11.4300,2
2022-01-11,RN,gasolina,13.7000,2
2022-01-11,RO,diesel_s10,109.6200,19
2022-01-11,RO,etanol,61.5300,10
2022-01-11,RO,gasolina,136.1800,20
2022-01-11,RR,diesel_s10,56.6800,10
2022-01-11,RR,etanol,6.0300,1
2022-01-11,RR,gasolina,64.1300,10
2022-01-11,RS,diesel_s10,375.7400,70
2022-01-11,RS,etanol,160.9300,24
2022-01-11,RS,gasolina,524.2700,80
2022-01-11,SC,diesel_s10,239.6100,45
2022-01-11,SC,etanol,181.2300,30
2022-01-11,SC,gasolina,310.5700,48
2022-01-11,SE,diesel_s10,65.0700,12
2022-01-11,SE,etanol,26.0200,5
2022-01-11,SE,gasolina,77.9800,12
2022-01-11,SP,diesel_s10,1474.1300,274
2022-01-11,SP,etanol,1679.2000,347
2022-01-11,SP,gasolina,2174.8400,346
2022-01-11,TO,diesel_s10,22.1500,4
2022-01-11,TO,etanol,23.2600,4
2022-01-11,TO,gasolina,27.1000,4
2022-01-12,AL,diesel_s10,17.2200,3
2022-01-12,AL,etanol,20.6200,4
2022-01-12,AL,gasolina,26.8800,4
2022-01-12,AP,diesel_s10,45.4100,8
2022-01-12,AP,etanol,5.9600,1
2022-01-12,AP,gasolina,117.3900,20
2022-01-12,BA,diesel_s10,378.2600,66
2022-01-12,BA,etanol,428.8800,80
2022-01-12,BA,gasolina,518.4700,77
2022-01-12,CE,diesel_s10,755.4000,133
2022-01-12,CE,etanol,748.0600,134
2022-01-12,CE,gasolina,937.5900,142
2022-01-12,DF,diesel_s10,205.6800,37
2022-01-12,DF,etanol,275.9900,47
2022-01-12,DF,gasolina,320.4800,47
2022-01-12,ES,diesel_s10,16.2300,3
2022-01-12,ES,etanol,5.9900,1
2022-01-12,ES,gasolina,27.8200,4
2022-01-12,GO,diesel_s10,147.0600,26
2022-01-12,GO,etanol,165.1000,32
2022-01-12,GO,gasolina,224.1300,32
2022-01-12,MG,diesel_s10,539.2300,97
2022-01-12,MG,etanol,769.6600,146
2022-01-12,MG,gasolina,1019.7000,147
2022-01-12,MS,diesel_s10,39.3900,7
2022-01-12,MS,etanol,44.4700,8
2022-01-12,MS,gasolina,54.2100,8
2022-01-12,MT,diesel_s10,156.1100,27
2022-01-12,MT,etanol,134.1600,29
2022-01-12,MT,gasolina,189.2900,29
2022-01-12,PA,diesel_s10,76.8600,13
2022-01-12,PA,etanol,13.1100,2
2022-01-12,PA,gasolina,112.0000,16
2022-01-12,PB,diesel_s10,21.8200,4
2022-01-12,PB,etanol,20.0300,4
2022-01-12,PB,gasolina,25.8800,4
2022-01-12,PE,diesel_s10,280.8200,52
2022-01-12,PE,etanol,271.8800,53
2022-01-12,PE,gasolina,376.4800,58
2022-01-12,PI,diesel_s10,41.0800,7
2022-01-12,PI,etanol,50.4400,9
2022-01-12,PI,gasolina,71.3400,10
2022-01-12,PR,diesel_s10,466.3200,88
2022-01-12,PR,etanol,545.8200,106
2022-01-12,PR,gasolina,645.8600,101
2022-01-12,RJ,diesel_s10,172.3300,32
2022-01-12,RJ,etanol,282.3400,46
2022-01-12,RJ,gasolina,329.4800,46
2022-01-12,RN,diesel_s10,24.0800,4
2022-01-12,RN,etanol,28.8800,5
2022-01-12,RN,gasolina,27.9200,4
2022-01-12,RO,diesel_s10,68.9800,12
2022-01-12,RO,etanol,29.5500,5
2022-01-12,RO,gasolina,87.0300,13
2022-01-12,RR,diesel_s10,11.2300,2
2022-01-12,RR,etanol,5.9900,1
2022-01-12,RR,gasolina,12.7600,2
2022-01-12,RS,diesel_s10,238.2300,43
2022-01-12,RS,etanol,111.5200,17
2022-01-12,RS,gasolina,327.4900,50
2022-01-12,SC,diesel_s10,508.8300,95
2022-01-12,SC,etanol,424.8900,70
2022-01-12,SC,gasolina,674.0900,104
2022-01-12,SE,diesel_s10,29.1500,5
2022-01-12,SE,etanol,26.1100,5
2022-01-12,SE,gasolina,33.8100,5
2022-01-12,SP,diesel_s10,1600.5200,290
2022-01-12,SP,etanol,1847.0600,378
2022-01-12,SP,gasolina,2410.4500,377
2022-01-12,TO,diesel_s10,10.9800,2
2022-01-12,TO,etanol,11.6800,2
2022-01-12,TO,gasolina,13.5500,2
2022-01-13,AM,diesel_s10,12.5800,2
2022-01-13,AM,gasolina,51.0300,7
2022-01-13,BA,diesel_s10,116.0100,20
2022-01-13,BA,etanol,117.4700,21
2022-01-13,BA,gasolina,140.7900,20
2022-01-13,CE,diesel_s10,67.4100,12
2022-01-13,CE,etanol,70.7300,13
2022-01-13,CE,gasolina,91.7000,14
2022-01-13,ES,diesel_s10,49.0200,9
2022-01-13,ES,etanol,54.9600,10
2022-01-13,ES,gasolina,88.1500,13
2022-01-13,GO,diesel_s10,118.1700,21
2022-01-13,GO,etanol,164.7100,33
2022-01-13,GO,gasolina,229.9900,33
2022-01-13,MG,diesel_s10,386.4800,68
2022-01-13,MG,etanol,418.8600,81
2022-01-13,MG,gasolina,569.0800,81
2022-01-13,MS,diesel_s10,87.7800,16
2022-01-13,MS,etanol,97.4700,19
2022-01-13,MS,gasolina,123.2700,19
2022-01-13,MT,diesel_s10,100.7900,16
2022-01-13,MT,etanol,102.2200,20
2022-01-13,MT,gasolina,135.9900,20
2022-01-13,PA,diesel_s10,70.4700,12
2022-01-13,PA,etanol,30.4800,5
2022-01-13,PA,gasolina,68.8700,10
2022-01-13,PE,diesel_s10,107.2000,19
2022-01-13,PE,etanol,117.7000,21
2022-01-13,PE,gasolina,154.0100,22
2022-01-13,PR,diesel_s10,75.6200,14
2022-01-13,PR,etanol,107.0700,20
2022-01-13,PR,gasolina,127.2800,19
2022-01-13,RJ,diesel_s10,178.5000,32
2022-01-13,RJ,etanol,236.3300,38
2022-01-13,RJ,gasolina,279.3400,38
2022-01-13,RN,diesel_s10,24.5200,4
2022-01-13,RN,etanol,28.6300,5
2022-01-13,RN,gasolina,27.7400,4
2022-01-13,RO,diesel_s10,23.0800,4
2022-01-13,RO,etanol,35.4300,6
2022-01-13,RO,gasolina,46.6600,7
2022-01-13,RS,diesel_s10,387.9100,71
2022-01-13,RS,etanol,156.3600,24
2022-01-13,RS,gasolina,540.3800,83
2022-01-13,SC,diesel_s10,204.5900,37
2022-01-13,SC,etanol,169.2800,28
2022-01-13,SC,gasolina,350.4800,53
2022-01-13,SE,diesel_s10,86.6200,15
2022-01-13,SE,etanol,102.1400,20
2022-01-13,SE,gasolina,140.0200,21
2022-01-13,SP,diesel_s10,939.6400,168
2022-01-13,SP,etanol,981.3900,203
2022-01-13,SP,gasolina,1289.6600,202
2022-01-14,GO,diesel_s10,51.1100,9
2022-01-14,GO,etanol,47.9400,10
2022-01-14,GO,gasolina,68.1200,10
2022-01-14,SC,diesel_s10,78.2700,14
2022-01-14,SC,etanol,74.2600,12
2022-01-14,SC,gasolina,98.6800,15
2022-01-14,SP,diesel_s10,186.1800,33
2022-01-14,SP,etanol,192.1600,40
2022-01-14,SP,gasolina,254.1800,40
2022-01-17,AL,diesel_s10,109.5900,19
2022-01-17,AL,etanol,118.5900,23
2022-01-17,AL,gasolina,156.0600,24
2022-01-17,AM,diesel_s10,233.9700,41
2022-01-17,AM,etanol,198.8700,37
2022-01-17,AM,gasolina,334.4400,50
2022-01-17,AP,gasolina,11.7400,2
2022-01-17,BA,diesel_s10,322.6200,56
2022-01-17,BA,etanol,365.3600,68
2022-01-17,BA,gasolina,468.0200,68
2022-01-17,ES,diesel_s10,103.5700,19
2022-01-17,ES,etanol,105.7700,18
2022-01-17,ES,gasolina,164.5900,24
2022-01-17,GO,diesel_s10,458.8300,79
2022-01-17,GO,etanol,473.6600,92
2022-01-17,GO,gasolina,656.2300,93
2022-01-17,MA,diesel_s10,68.4000,12
2022-01-17,MA,etanol,68.7000,12
2022-01-17,MA,gasolina,85.5400,13
2022-01-17,MG,diesel_s10,764.5100,136
2022-01-17,MG,etanol,970.8000,187
2022-01-17,MG,gasolina,1312.8900,188
2022-01-17,MS,diesel_s10,38.5900,7
2022-01-17,MS,etanol,53.3700,10
2022-01-17,MS,gasolina,65.1300,10
2022-01-17,MT,diesel_s10,197.0700,33
2022-01-17,MT,etanol,180.8900,37
2022-01-17,MT,gasolina,242.8200,37
2022-01-17,PA,diesel_s10,354.5600,60
2022-01-17,PA,etanol,186.6800,30
2022-01-17,PA,gasolina,431.5600,63
2022-01-17,PB,diesel_s10,147.1600,26
2022-01-17,PB,etanol,131.0100,26
2022-01-17,PB,gasolina,182.1800,28
2022-01-17,PE,diesel_s10,244.8000,45
2022-01-17,PE,etanol,237.9200,46
2022-01-17,PE,gasolina,301.1800,46
2022-01-17,PI,diesel_s10,66.0300,11
2022-01-17,PI,etanol,50.7000,9
2022-01-17,PI,gasolina,78.0700,11
2022-01-17,PR,diesel_s10,278.4500,51
2022-01-17,PR,etanol,323.0800,62
2022-01-17,PR,gasolina,411.3700,62
2022-01-17,RJ,diesel_s10,543.1600,98
2022-01-17,RJ,etanol,757.9000,126
2022-01-17,RJ,gasolina,896.9900,125
2022-01-17,RN,diesel_s10,100.2600,17
2022-01-17,RN,etanol,83.9000,15
2022-01-17,RN,gasolina,119.9900,17
2022-01-17,RO,diesel_s10,6.3800,1
2022-01-17,RO,etanol,6.4900,1
2022-01-17,RO,gasolina,20.1600,3
2022-01-17,RS,diesel_s10,307.2200,55
2022-01-17,RS,etanol,187.1200,28
2022-01-17,RS,gasolina,369.8400,56
2022-01-17,SC,diesel_s10,193.0500,35
2022-01-17,SC,etanol,137.5800,23
2022-01-17,SC,gasolina,237.4400,36
2022-01-17,SE,diesel_s10,23.8600,4
2022-01-17,SE,etanol,20.8600,4
2022-01-17,SE,gasolina,27.1600,4
2022-01-17,SP,diesel_s10,1762.3800,317
2022-01-17,SP,etanol,1894.2800,392
2022-01-17,SP,gasolina,2436.0000,384
2022-01-17,TO,diesel_s10,56.5300,10
2022-01-17,TO,etanol,40.9900,7
2022-01-17,TO,gasolina,69.4200,10
2022-01-18,AC,diesel_s10,119.7000,19
2022-01-18,AC,etanol,73.3400,12
2022-01-18,AC,gasolina,139.5900,20
2022-01-18,AL,diesel_s10,84.5700,14
2022-01-18,AL,etanol,73.3900,13
2022-01-18,AL,gasolina,105.3100,15
2022-01-18,BA,diesel_s10,484.4800,84
2022-01-18,BA,etanol,504.2600,94
2022-01-18,BA,gasolina,642.0600,95
2022-01-18,CE,diesel_s10,234.5300,40
2022-01-18,CE,etanol,221.2500,39
2022-01-18,CE,gasolina,261.1200,39
2022-01-18,DF,diesel_s10,215.7200,38
2022-01-18,DF,etanol,271.0200,47
2022-01-18,DF,gasolina,318.9100,47
2022-01-18,ES,diesel_s10,175.4400,32
2022-01-18,ES,etanol,161.4200,28
2022-01-18,ES,gasolina,240.7800,35
2022-01-18,GO,diesel_s10,62.0300,11
2022-01-18,GO,etanol,92.8200,18
2022-01-18,GO,gasolina,130.2600,18
2022-01-18,MG,diesel_s10,456.0600,81
2022-01-18,MG,etanol,562.7500,107
2022-01-18,MG,gasolina,732.6600,104
2022-01-18,MS,diesel_s10,136.8000,24
2022-01-18,MS,etanol,132.7200,25
2022-01-18,MS,gasolina,182.7400,27
2022-01-18,MT,diesel_s10,71.7400,12
2022-01-18,MT,etanol,63.8400,13
2022-01-18,MT,gasolina,85.6000,13
2022-01-18,PA,diesel_s10,153.9000,26
2022-01-18,PA,etanol,41.9700,7
2022-01-18,PA,gasolina,200.8400,29
2022-01-18,PB,diesel_s10,109.2800,19
2022-01-18,PB,etanol,101.8400,20
2022-01-18,PB,gasolina,151.9500,23
2022-01-18,PE,diesel_s10,276.3600,50
2022-01-18,PE,etanol,289.3500,55
2022-01-18,PE,gasolina,386.1100,58
2022-01-18,PI,diesel_s10,40.2900,7
2022-01-18,PI,etanol,43.4100,8
2022-01-18,PI,gasolina,76.5800,11
2022-01-18,PR,diesel_s10,431.2800,80
2022-01-18,PR,etanol,507.0100,99
2022-01-18,PR,gasolina,638.4400,99
2022-01-18,RJ,diesel_s10,395.8700,71
2022-01-18,RJ,etanol,536.8300,87
2022-01-18,RJ,gasolina,659.8200,90
2022-01-18,RN,diesel_s10,192.0400,31
2022-01-18,RN,etanol,188.4700,33
2022-01-18,RN,gasolina,234.8300,33
2022-01-18,RO,diesel_s10,202.9800,34
2022-01-18,RO,etanol,97.7800,16
2022-01-18,RO,gasolina,261.9200,38
2022-01-18,RR,diesel_s10,35.6500,6
2022-01-18,RR,etanol,12.2300,2
2022-01-18,RR,gasolina,39.0300,6
2022-01-18,RS,diesel_s10,337.3100,60
2022-01-18,RS,etanol,98.2500,15
2022-01-18,RS,gasolina,427.1500,64
2022-01-18,SC,diesel_s10,222.9900,40
2022-01-18,SC,etanol,184.7100,30
2022-01-18,SC,gasolina,314.9100,47
2022-01-18,SE,diesel_s10,72.8900,13
2022-01-18,SE,etanol,31.0100,6
2022-01-18,SE,gasolina,85.1600,13
2022-01-18,SP,diesel_s10,1380.4900,247
2022-01-18,SP,etanol,1468.2900,301
2022-01-18,SP,gasolina,1906.5800,298
2022-01-18,TO,diesel_s10,94.8200,17
2022-01-18,TO,etanol,88.9900,15
2022-01-18,TO,gasolina,124.9700,18
2022-01-19,AC,diesel_s10,33.5100,5
2022-01-19,AC,etanol,6.5800,1
2022-01-19,AC,gasolina,37.9200,5
2022-01-19,AM,diesel_s10,12.9800,2
2022-01-19,AM,gasolina,51.6500,7
2022-01-19,AP,diesel_s10,40.0400,7
2022-01-19,AP,gasolina,117.4300,20
2022-01-19,BA,diesel_s10,231.2900,40
2022-01-19,BA,etanol,277.3100,50
2022-01-19,BA,gasolina,324.3800,47
2022-01-19,CE,diesel_s10,454.2300,78
2022-01-19,CE,etanol,418.8900,75
2022-01-19,CE,gasolina,554.4500,83
2022-01-19,ES,diesel_s10,114.9000,21
2022-01-19,ES,etanol,101.8500,18
2022-01-19,ES,gasolina,193.8500,28
2022-01-19,GO,diesel_s10,147.1100,26
2022-01-19,GO,etanol,159.6700,32
2022-01-19,GO,gasolina,225.6100,32
2022-01-19,MA,diesel_s10,213.1400,38
2022-01-19,MA,etanol,148.3100,26
2022-01-19,MA,gasolina,260.4000,40
2022-01-19,MG,diesel_s10,461.9700,81
2022-01-19,MG,etanol,615.4100,117
2022-01-19,MG,gasolina,834.8400,119
2022-01-19,MS,diesel_s10,28.6500,5
2022-01-19,MS,etanol,27.9900,5
2022-01-19,MS,gasolina,27.6600,4
2022-01-19,MT,diesel_s10,277.8700,46
2022-01-19,MT,etanol,239.2700,49
2022-01-19,MT,gasolina,321.9200,49
2022-01-19,PA,diesel_s10,162.5900,27
2022-01-19,PA,etanol,55.9800,9
2022-01-19,PA,gasolina,241.6800,34
2022-01-19,PB,diesel_s10,34.0100,6
2022-01-19,PB,etanol,30.1100,6
2022-01-19,PB,gasolina,38.9800,6
2022-01-19,PE,diesel_s10,301.7100,55
2022-01-19,PE,etanol,270.6700,53
2022-01-19,PE,gasolina,372.6200,57
2022-01-19,PI,diesel_s10,104.6000,18
2022-01-19,PI,etanol,93.4900,17
2022-01-19,PI,gasolina,140.1900,20
2022-01-19,PR,diesel_s10,548.2800,101
2022-01-19,PR,etanol,605.4400,118
2022-01-19,PR,gasolina,729.2700,113
2022-01-19,RJ,diesel_s10,185.4800,33
2022-01-19,RJ,etanol,267.6200,43
2022-01-19,RJ,gasolina,317.0900,43
2022-01-19,RN,diesel_s10,61.1900,10
2022-01-19,RN,etanol,69.4000,12
2022-01-19,RN,gasolina,68.7100,10
2022-01-19,RO,diesel_s10,29.7100,5
2022-01-19,RO,etanol,12.3800,2
2022-01-19,RO,gasolina,41.3800,6
2022-01-19,RR,diesel_s10,35.5700,6
2022-01-19,RR,gasolina,38.9000,6
2022-01-19,RS,diesel_s10,425.0900,77
2022-01-19,RS,etanol,171.1100,26
2022-01-19,RS,gasolina,619.5000,95
2022-01-19,SC,diesel_s10,305.8300,55
2022-01-19,SC,etanol,258.6000,43
2022-01-19,SC,gasolina,433.8800,66
2022-01-19,SE,diesel_s10,75.0200,13
2022-01-19,SE,etanol,70.9300,14
2022-01-19,SE,gasolina,91.6100,14
2022-01-19,SP,diesel_s10,1957.1600,349
2022-01-19,SP,etanol,2316.7000,480
2022-01-19,SP,gasolina,3057.1600,479
2022-01-19,TO,diesel_s10,32.7700,6
2022-01-19,TO,etanol,35.6400,6
2022-01-19,TO,gasolina,40.8700,6
2022-01-20,AC,diesel_s10,77.9200,12
2022-01-20,AC,etanol,25.4300,4
2022-01-20,AC,gasolina,86.3600,12
2022-01-20,AP,diesel_s10,6.1400,1
2022-01-20,AP,gasolina,11.9400,2
2022-01-20,BA,diesel_s10,101.0400,17
2022-01-20,BA,etanol,96.5800,17
2022-01-20,BA,gasolina,128.4200,18
2022-01-20,CE,diesel_s10,279.5700,49
2022-01-20,CE,etanol,284.0500,51
2022-01-20,CE,gasolina,333.1100,51
2022-01-20,ES,diesel_s10,37.6500,7
2022-01-20,ES,etanol,40.8300,7
2022-01-20,ES,gasolina,54.9800,8
2022-01-20,GO,diesel_s10,177.2500,31
2022-01-20,GO,etanol,217.7400,42
2022-01-20,GO,gasolina,307.6800,42
2022-01-20,MG,diesel_s10,300.5900,53
2022-01-20,MG,etanol,344.4700,66
2022-01-20,MG,gasolina,471.1500,67
2022-01-20,MS,diesel_s10,56.2400,10
2022-01-20,MS,etanol,57.4300,11
2022-01-20,MS,gasolina,72.6700,11
2022-01-20,MT,diesel_s10,206.4400,35
2022-01-20,MT,etanol,228.8100,47
2022-01-20,MT,gasolina,304.7800,47
2022-01-20,PA,diesel_s10,18.7400,3
2022-01-20,PA,etanol,6.5900,1
2022-01-20,PA,gasolina,22.2700,3
2022-01-20,PE,diesel_s10,10.7800,2
2022-01-20,PE,etanol,10.0700,2
2022-01-20,PE,gasolina,6.3900,1
2022-01-20,PI,diesel_s10,87.0700,15
2022-01-20,PI,etanol,80.1400,15
2022-01-20,PI,gasolina,117.7900,17
2022-01-20,PR,diesel_s10,27.3000,5
2022-01-20,PR,etanol,27.2500,5
2022-01-20,PR,gasolina,26.5800,4
2022-01-20,RJ,diesel_s10,168.1600,30
2022-01-20,RJ,etanol,204.3400,33
2022-01-20,RJ,gasolina,250.7000,34
2022-01-20,RO,diesel_s10,5.7900,1
2022-01-20,RO,etanol,5.7900,1
2022-01-20,RO,gasolina,6.5900,1
2022-01-20,RS,diesel_s10,431.0800,79
2022-01-20,RS,etanol,154.6400,24
2022-01-20,RS,gasolina,589.8300,91
2022-01-20,SC,diesel_s10,352.1900,64
2022-01-20,SC,etanol,278.6500,46
2022-01-20,SC,gasolina,466.0900,72
2022-01-20,SE,diesel_s10,40.2500,7
2022-01-20,SE,etanol,35.9500,7
2022-01-20,SE,gasolina,45.8600,7
2022-01-20,SP,diesel_s10,1030.8800,185
2022-01-20,SP,etanol,1223.9200,257
2022-01-20,SP,gasolina,1619.2800,256
2022-01-21,BA,diesel_s10,5.9700,1
2022-01-21,BA,etanol,11.1400,2
2022-01-21,BA,gasolina,13.9200,2
2022-01-21,MG,diesel_s10,39.7600,7
2022-01-21,MG,etanol,40.1800,8
2022-01-21,MG,gasolina,55.1600,8
2022-01-21,PR,diesel_s10,82.3300,15
2022-01-21,PR,etanol,92.6500,17
2022-01-21,PR,gasolina,116.2500,17
2022-01-21,RJ,diesel_s10,28.1000,5
2022-01-21,RJ,etanol,29.3500,5
2022-01-21,RJ,gasolina,41.9700,6
2022-01-21,RS,diesel_s10,61.6900,11
2022-01-21,RS,etanol,31.7500,5
2022-01-21,RS,gasolina,124.0100,19
2022-01-21,SP,diesel_s10,116.0500,20
2022-01-21,SP,etanol,105.7400,22
2022-01-21,SP,gasolina,139.3800,21
2022-01-24,AL,diesel_s10,164.6300,28
2022-01-24,AL,etanol,165.1400,31
2022-01-24,AL,gasolina,200.3100,30
2022-01-24,AM,diesel_s10,191.3700,33
2022-01-24,AM,etanol,176.5600,33
2022-01-24,AM,gasolina,294.5000,44
2022-01-24,BA,diesel_s10,399.7700,67
2022-01-24,BA,etanol,463.0900,82
2022-01-24,BA,gasolina,575.4000,81
2022-01-24,CE,diesel_s10,233.7000,40
2022-01-24,CE,etanol,227.2100,40
2022-01-24,CE,gasolina,253.2400,38
2022-01-24,ES,diesel_s10,198.3000,36
2022-01-24,ES,etanol,163.7400,28
2022-01-24,ES,gasolina,288.5200,42
2022-01-24,GO,diesel_s10,403.4000,70
2022-01-24,GO,etanol,431.1600,84
2022-01-24,GO,gasolina,594.8500,84
2022-01-24,MA,diesel_s10,62.1900,11
2022-01-24,MA,etanol,62.7300,11
2022-01-24,MA,gasolina,85.2600,13
2022-01-24,MG,diesel_s10,627.9700,111
2022-01-24,MG,etanol,764.8800,145
2022-01-24,MG,gasolina,1041.5400,148
2022-01-24,MS,diesel_s10,44.3800,8
2022-01-24,MS,etanol,52.1400,10
2022-01-24,MS,gasolina,70.8700,11
2022-01-24,MT,diesel_s10,107.3800,18
2022-01-24,MT,etanol,108.7700,22
2022-01-24,MT,gasolina,144.5700,22
2022-01-24,PA,diesel_s10,409.0200,69
2022-01-24,PA,etanol,205.0900,33
2022-01-24,PA,gasolina,497.7400,73
2022-01-24,PB,diesel_s10,154.8500,27
2022-01-24,PB,etanol,127.5800,25
2022-01-24,PB,gasolina,189.9400,29
2022-01-24,PE,diesel_s10,166.7000,31
2022-01-24,PE,etanol,156.7400,31
2022-01-24,PE,gasolina,205.8000,32
2022-01-24,PI,diesel_s10,12.2300,2
2022-01-24,PI,etanol,10.6800,2
2022-01-24,PI,gasolina,14.5800,2
2022-01-24,PR,diesel_s10,308.0300,56
2022-01-24,PR,etanol,346.0000,67
2022-01-24,PR,gasolina,424.4900,64
2022-01-24,RJ,diesel_s10,430.1600,77
2022-01-24,RJ,etanol,542.9200,91
2022-01-24,RJ,gasolina,660.1600,92
2022-01-24,RN,diesel_s10,82.7200,14
2022-01-24,RN,etanol,72.8400,13
2022-01-24,RN,gasolina,98.7300,14
2022-01-24,RO,diesel_s10,94.5900,16
2022-01-24,RO,etanol,36.7200,6
2022-01-24,RO,gasolina,120.5900,18
2022-01-24,RS,diesel_s10,345.4500,62
2022-01-24,RS,etanol,181.0800,28
2022-01-24,RS,gasolina,432.8700,66
2022-01-24,SC,diesel_s10,162.4700,29
2022-01-24,SC,etanol,145.8300,24
2022-01-24,SC,gasolina,204.1500,31
2022-01-24,SP,diesel_s10,1682.9400,301
2022-01-24,SP,etanol,1807.3900,375
2022-01-24,SP,gasolina,2353.3600,369
2022-01-24,TO,diesel_s10,57.2700,10
2022-01-24,TO,etanol,51.1100,9
2022-01-24,TO,gasolina,75.6800,11
2022-01-25,AC,diesel_s10,138.6200,22
2022-01-25,AC,etanol,79.4900,13
2022-01-25,AC,gasolina,160.0900,23
2022-01-25,AL,diesel_s10,11.4800,2
2022-01-25,AL,etanol,14.5700,3
2022-01-25,AL,gasolina,19.7500,3
2022-01-25,AP,diesel_s10,17.7600,3
2022-01-25,AP,etanol,5.9600,1
2022-01-25,AP,gasolina,82.4500,14
2022-01-25,BA,diesel_s10,374.0200,65
2022-01-25,BA,etanol,401.4800,72
2022-01-25,BA,gasolina,507.4200,73
2022-01-25,CE,diesel_s10,392.3500,68
2022-01-25,CE,etanol,398.2200,71
2022-01-25,CE,gasolina,474.1800,72
2022-01-25,ES,diesel_s10,143.2400,26
2022-01-25,ES,etanol,128.4200,22
2022-01-25,ES,gasolina,186.0600,27
2022-01-25,GO,diesel_s10,102.4400,18
2022-01-25,GO,etanol,89.5800,18
2022-01-25,GO,gasolina,131.5100,19
2022-01-25,MG,diesel_s10,424.6900,75
2022-01-25,MG,etanol,495.3400,95
2022-01-25,MG,gasolina,670.4200,95
2022-01-25,MS,diesel_s10,122.6200,21
2022-01-25,MS,etanol,121.3900,22
2022-01-25,MS,gasolina,158.3000,23
2022-01-25,MT,diesel_s10,195.1800,33
2022-01-25,MT,etanol,195.5800,41
2022-01-25,MT,gasolina,264.5800,41
2022-01-25,PA,diesel_s10,216.2300,36
2022-01-25,PA,etanol,81.5500,13
2022-01-25,PA,gasolina,313.8500,44
2022-01-25,PB,diesel_s10,79.9600,14
2022-01-25,PB,etanol,80.4200,16
2022-01-25,PB,gasolina,104.1700,16
2022-01-25,PE,diesel_s10,282.9300,52
2022-01-25,PE,etanol,275.3600,54
2022-01-25,PE,gasolina,367.9100,57
2022-01-25,PI,diesel_s10,105.7200,18
2022-01-25,PI,etanol,87.8800,16
2022-01-25,PI,gasolina,126.2000,18
2022-01-25,PR,diesel_s10,378.2900,70
2022-01-25,PR,etanol,429.6400,84
2022-01-25,PR,gasolina,536.2900,83
2022-01-25,RJ,diesel_s10,359.5000,65
2022-01-25,RJ,etanol,446.7200,74
2022-01-25,RJ,gasolina,541.5900,75
2022-01-25,RN,diesel_s10,41.9500,7
2022-01-25,RN,etanol,39.9300,7
2022-01-25,RN,gasolina,49.2900,7
2022-01-25,RO,diesel_s10,138.0600,23
2022-01-25,RO,etanol,62.4900,10
2022-01-25,RO,gasolina,174.2400,25
2022-01-25,RR,diesel_s10,23.9100,4
2022-01-25,RR,etanol,12.0500,2
2022-01-25,RR,gasolina,32.5200,5
2022-01-25,RS,diesel_s10,498.1900,90
2022-01-25,RS,etanol,165.7500,25
2022-01-25,RS,gasolina,652.8900,100
2022-01-25,SC,diesel_s10,172.9500,31
2022-01-25,SC,etanol,109.2100,18
2022-01-25,SC,gasolina,216.4300,33
2022-01-25,SE,diesel_s10,72.6400,13
2022-01-25,SE,etanol,41.2000,8
2022-01-25,SE,gasolina,84.2500,13
2022-01-25,SP,diesel_s10,1709.1900,305
2022-01-25,SP,etanol,1788.6400,375
2022-01-25,SP,gasolina,2357.6000,370
2022-01-25,TO,diesel_s10,83.1300,15
2022-01-25,TO,etanol,71.6400,12
2022-01-25,TO,gasolina,110.6300,16
2022-01-26,AC,diesel_s10,104.9800,16
2022-01-26,AC,etanol,44.1900,7
2022-01-26,AC,gasolina,117.0600,16
2022-01-26,AM,diesel_s10,12.9800,2
2022-01-26,AM,gasolina,51.6500,7
2022-01-26,AP,diesel_s10,17.0300,3
2022-01-26,AP,gasolina,47.3700,8
2022-01-26,BA,diesel_s10,254.4900,43
2022-01-26,BA,etanol,291.6800,52
2022-01-26,BA,gasolina,321.7300,46
2022-01-26,CE,diesel_s10,199.1300,34
2022-01-26,CE,etanol,172.5500,31
2022-01-26,CE,gasolina,248.5400,37
2022-01-26,DF,diesel_s10,215.4400,38
2022-01-26,DF,etanol,270.6900,47
2022-01-26,DF,gasolina,322.9500,47
2022-01-26,ES,diesel_s10,86.0100,16
2022-01-26,ES,etanol,89.6200,16
2022-01-26,ES,gasolina,136.5300,20
2022-01-26,GO,diesel_s10,80.1300,14
2022-01-26,GO,etanol,109.4000,21
2022-01-26,GO,gasolina,153.7400,21
2022-01-26,MA,diesel_s10,272.9800,49
2022-01-26,MA,etanol,203.7300,36
2022-01-26,MA,gasolina,330.1700,51
2022-01-26,MG,diesel_s10,797.8600,141
2022-01-26,MG,etanol,990.1900,194
2022-01-26,MG,gasolina,1337.1600,193
2022-01-26,MS,diesel_s10,111.0000,20
2022-01-26,MS,etanol,136.9100,27
2022-01-26,MS,gasolina,167.7800,26
2022-01-26,MT,diesel_s10,303.8800,50
2022-01-26,MT,etanol,260.8900,54
2022-01-26,MT,gasolina,353.6500,54
2022-01-26,PA,diesel_s10,46.9300,8
2022-01-26,PA,gasolina,62.1300,9
2022-01-26,PB,diesel_s10,51.2000,9
2022-01-26,PB,etanol,59.0800,12
2022-01-26,PB,gasolina,77.3000,12
2022-01-26,PE,diesel_s10,362.1500,66
2022-01-26,PE,etanol,354.6700,69
2022-01-26,PE,gasolina,473.7000,72
2022-01-26,PI,diesel_s10,126.1700,22
2022-01-26,PI,etanol,89.8100,17
2022-01-26,PI,gasolina,180.3600,26
2022-01-26,PR,diesel_s10,569.7500,105
2022-01-26,PR,etanol,643.4700,126
2022-01-26,PR,gasolina,795.4200,123
2022-01-26,RJ,diesel_s10,236.9400,42
2022-01-26,RJ,etanol,311.8800,50
2022-01-26,RJ,gasolina,381.8800,51
2022-01-26,RN,diesel_s10,205.1400,33
2022-01-26,RN,etanol,222.5500,39
2022-01-26,RN,gasolina,248.5900,35
2022-01-26,RO,diesel_s10,11.6800,2
2022-01-26,RO,etanol,17.5700,3
2022-01-26,RO,gasolina,20.1700,3
2022-01-26,RR,diesel_s10,36.0400,6
2022-01-26,RR,etanol,12.7600,2
2022-01-26,RR,gasolina,39.0200,6
2022-01-26,RS,diesel_s10,413.5100,74
2022-01-26,RS,etanol,161.9500,25
2022-01-26,RS,gasolina,545.4300,83
2022-01-26,SC,diesel_s10,293.1700,53
2022-01-26,SC,etanol,231.7100,38
2022-01-26,SC,gasolina,377.8100,57
2022-01-26,SE,diesel_s10,40.5800,7
2022-01-26,SE,etanol,31.1400,6
2022-01-26,SE,gasolina,47.0900,7
2022-01-26,SP,diesel_s10,1805.8500,321
2022-01-26,SP,etanol,1950.8300,407
2022-01-26,SP,gasolina,2593.1400,406
2022-01-26,TO,diesel_s10,55.9400,10
2022-01-26,TO,etanol,51.4600,9
2022-01-26,TO,gasolina,68.3100,10
2022-01-27,AL,diesel_s10,46.1500,8
2022-01-27,AL,etanol,53.4300,10
2022-01-27,AL,gasolina,67.4800,10
2022-01-27,AP,gasolina,11.8300,2
2022-01-27,BA,diesel_s10,118.5900,20
2022-01-27,BA,etanol,111.4700,20
2022-01-27,BA,gasolina,149.0400,21
2022-01-27,CE,diesel_s10,91.8800,16
2022-01-27,CE,etanol,92.6700,17
2022-01-27,CE,gasolina,110.4100,17
2022-01-27,ES,diesel_s10,10.6800,2
2022-01-27,ES,etanol,11.6500,2
2022-01-27,ES,gasolina,13.5300,2
2022-01-27,GO,diesel_s10,183.2800,32
2022-01-27,GO,etanol,222.8500,44
2022-01-27,GO,gasolina,314.6900,44
2022-01-27,MG,diesel_s10,204.7100,36
2022-01-27,MG,etanol,255.3400,50
2022-01-27,MG,gasolina,350.4600,50
2022-01-27,MS,diesel_s10,23.2900,4
2022-01-27,MS,etanol,22.4300,4
2022-01-27,MS,gasolina,27.6100,4
2022-01-27,MT,diesel_s10,82.5400,14
2022-01-27,MT,etanol,74.0000,16
2022-01-27,MT,gasolina,102.1700,16
2022-01-27,PA,diesel_s10,6.1700,1
2022-01-27,PA,gasolina,7.3800,1
2022-01-27,PE,diesel_s10,59.3500,10
2022-01-27,PE,etanol,59.2500,10
2022-01-27,PE,gasolina,73.3600,10
2022-01-27,PI,diesel_s10,52.1300,9
2022-01-27,PI,etanol,48.4000,9
2022-01-27,PI,gasolina,68.1800,10
2022-01-27,PR,diesel_s10,101.9100,19
2022-01-27,PR,etanol,119.7400,24
2022-01-27,PR,gasolina,153.3600,24
2022-01-27,RJ,diesel_s10,349.4900,63
2022-01-27,RJ,etanol,459.9000,76
2022-01-27,RJ,gasolina,548.5500,76
2022-01-27,RO,diesel_s10,11.8700,2
2022-01-27,RO,etanol,5.9900,1
2022-01-27,RO,gasolina,13.5600,2
2022-01-27,RS,diesel_s10,349.6800,65
2022-01-27,RS,etanol,104.6800,17
2022-01-27,RS,gasolina,506.2100,79
2022-01-27,SC,diesel_s10,224.0800,41
2022-01-27,SC,etanol,132.5000,22
2022-01-27,SC,gasolina,295.4600,46
2022-01-27,SE,diesel_s10,102.9300,18
2022-01-27,SE,etanol,91.9700,18
2022-01-27,SE,gasolina,117.0900,18
2022-01-27,SP,diesel_s10,1077.4100,193
2022-01-27,SP,etanol,1300.7900,274
2022-01-27,SP,gasolina,1732.9700,274
2022-01-28,BA,diesel_s10,23.8900,4
2022-01-28,BA,etanol,50.3700,9
2022-01-28,BA,gasolina,62.6500,9
2022-01-28,CE,diesel_s10,53.8600,9
2022-01-28,CE,etanol,44.6500,8
2022-01-28,CE,gasolina,67.3300,10
2022-01-28,ES,diesel_s10,32.3200,6
2022-01-28,ES,etanol,35.1400,6
2022-01-28,ES,gasolina,48.4000,7
2022-01-28,MG,diesel_s10,5.5400,1
2022-01-28,MG,etanol,4.9900,1
2022-01-28,MG,gasolina,6.9900,1
2022-01-28,PR,diesel_s10,5.4400,1
2022-01-28,PR,etanol,4.9900,1
2022-01-28,PR,gasolina,6.1900,1
2022-01-28,SC,diesel_s10,216.8000,39
2022-01-28,SC,etanol,220.0700,37
2022-01-28,SC,gasolina,315.0900,48
2022-01-28,SP,diesel_s10,84.4400,15
2022-01-28,SP,etanol,71.2000,15
2022-01-28,SP,gasolina,97.6500,15
2022-01-31,AC,diesel_s10,31.4100,5
2022-01-31,AC,etanol,24.4700,4
2022-01-31,AC,gasolina,34.8900,5
2022-01-31,AL,diesel_s10,78.6500,13
2022-01-31,AL,etanol,73.2800,13
2022-01-31,AL,gasolina,105.2300,15
2022-01-31,AM,diesel_s10,218.1800,38
2022-01-31,AM,etanol,188.2500,35
2022-01-31,AM,gasolina,320.9700,48
2022-01-31,AP,diesel_s10,5.6900,1
2022-01-31,AP,gasolina,11.8300,2
2022-01-31,BA,diesel_s10,231.4300,39
2022-01-31,BA,etanol,248.0300,45
2022-01-31,BA,gasolina,319.3000,45
2022-01-31,CE,diesel_s10,43.0300,7
2022-01-31,CE,etanol,41.6900,7
2022-01-31,CE,gasolina,50.5700,7
2022-01-31,ES,diesel_s10,146.5500,27
2022-01-31,ES,etanol,142.1500,25
2022-01-31,ES,gasolina,209.0500,31
2022-01-31,GO,diesel_s10,426.4700,74
2022-01-31,GO,etanol,435.2500,86
2022-01-31,GO,gasolina,604.1800,86
2022-01-31,MA,diesel_s10,68.3100,12
2022-01-31,MA,etanol,68.3600,12
2022-01-31,MA,gasolina,85.6100,13
2022-01-31,MG,diesel_s10,576.0900,102
2022-01-31,MG,etanol,722.6900,142
2022-01-31,MG,gasolina,1005.1900,144
2022-01-31,MT,diesel_s10,88.7100,15
2022-01-31,MT,etanol,77.9700,17
2022-01-31,MT,gasolina,108.7500,17
2022-01-31,PA,diesel_s10,236.1500,40
2022-01-31,PA,etanol,137.4600,22
2022-01-31,PA,gasolina,298.6800,44
2022-01-31,PB,diesel_s10,165.3700,29
2022-01-31,PB,etanol,140.9300,28
2022-01-31,PB,gasolina,195.0100,30
2022-01-31,PE,diesel_s10,216.9800,40
2022-01-31,PE,etanol,194.2300,38
2022-01-31,PE,gasolina,275.0300,42
2022-01-31,PI,diesel_s10,51.7700,9
2022-01-31,PI,etanol,59.7900,11
2022-01-31,PI,gasolina,82.0500,12
2022-01-31,PR,diesel_s10,114.1700,21
2022-01-31,PR,etanol,132.4100,26
2022-01-31,PR,gasolina,162.1000,25
2022-01-31,RJ,diesel_s10,272.7400,49
2022-01-31,RJ,etanol,399.7500,67
2022-01-31,RJ,gasolina,489.4200,68
2022-01-31,RN,diesel_s10,82.5300,14
2022-01-31,RN,etanol,66.7300,12
2022-01-31,RN,gasolina,91.1300,13
2022-01-31,RO,diesel_s10,40.9600,7
2022-01-31,RO,etanol,42.4000,7
2022-01-31,RO,gasolina,66.3500,10
2022-01-31,RS,diesel_s10,381.4100,69
2022-01-31,RS,etanol,164.0800,25
2022-01-31,RS,gasolina,452.6700,70
2022-01-31,SC,diesel_s10,105.7100,19
2022-01-31,SC,etanol,60.9300,10
2022-01-31,SC,gasolina,131.2600,20
2022-01-31,SE,diesel_s10,23.8600,4
2022-01-31,SE,etanol,20.8600,4
2022-01-31,SE,gasolina,27.1600,4
2022-01-31,SP,diesel_s10,1420.6700,253
2022-01-31,SP,etanol,1488.4500,314
2022-01-31,SP,gasolina,1973.9900,310
2022-01-31,TO,diesel_s10,51.5500,9
2022-01-31,TO,etanol,40.1900,7
2022-01-31,TO,gasolina,75.9400,11
2022-02-01,AC,diesel_s10,139.2000,22
2022-02-01,AC,etanol,85.5200,14
2022-02-01,AC,gasolina,160.7500,23
2022-02-01,AL,diesel_s10,178.4800,31
2022-02-01,AL,etanol,165.0300,32
2022-02-01,AL,gasolina,208.8200,32
2022-02-01,AP,gasolina,11.6800,2
2022-02-01,BA,diesel_s10,432.9900,74
2022-02-01,BA,etanol,451.1200,82
2022-02-01,BA,gasolina,577.2300,83
2022-02-01,CE,diesel_s10,644.8500,112
2022-02-01,CE,etanol,633.9300,114
2022-02-01,CE,gasolina,777.7300,119
2022-02-01,ES,diesel_s10,122.6800,22
2022-02-01,ES,etanol,122.8400,21
2022-02-01,ES,gasolina,164.3600,24
2022-02-01,GO,diesel_s10,85.0500,15
2022-02-01,GO,etanol,103.6200,21
2022-02-01,GO,gasolina,144.4100,21
2022-02-01,MA,diesel_s10,74.7500,13
2022-02-01,MA,etanol,30.4500,5
2022-02-01,MA,gasolina,96.4300,14
2022-02-01,MG,diesel_s10,516.9800,92
2022-02-01,MG,etanol,661.3800,129
2022-02-01,MG,gasolina,896.9600,129
2022-02-01,MS,diesel_s10,68.1800,12
2022-02-01,MS,etanol,74.1000,14
2022-02-01,MS,gasolina,98.6700,15
2022-02-01,MT,diesel_s10,385.5100,65
2022-02-01,MT,etanol,353.2800,76
2022-02-01,MT,gasolina,487.3800,76
2022-02-01,PA,diesel_s10,250.2800,42
2022-02-01,PA,etanol,69.1100,11
2022-02-01,PA,gasolina,386.4700,55
2022-02-01,PB,diesel_s10,103.5300,18
2022-02-01,PB,etanol,90.1300,18
2022-02-01,PB,gasolina,130.1200,20
2022-02-01,PE,diesel_s10,163.2400,30
2022-02-01,PE,etanol,166.8400,33
2022-02-01,PE,gasolina,225.3300,35
2022-02-01,PI,diesel_s10,54.8900,9
2022-02-01,PI,etanol,43.8000,8
2022-02-01,PI,gasolina,72.0900,10
2022-02-01,PR,diesel_s10,519.7700,96
2022-02-01,PR,etanol,584.9900,116
2022-02-01,PR,gasolina,738.2000,114
2022-02-01,RJ,diesel_s10,412.8300,73
2022-02-01,RJ,etanol,537.0900,86
2022-02-01,RJ,gasolina,632.2400,86
2022-02-01,RN,diesel_s10,41.7900,7
2022-02-01,RN,etanol,28.5400,5
2022-02-01,RN,gasolina,49.3200,7
2022-02-01,RO,diesel_s10,101.4400,17
2022-02-01,RO,etanol,51.9800,9
2022-02-01,RO,gasolina,149.1800,22
2022-02-01,RR,diesel_s10,53.4500,9
2022-02-01,RR,etanol,12.3300,2
2022-02-01,RR,gasolina,58.5800,9
2022-02-01,RS,diesel_s10,522.0600,94
2022-02-01,RS,etanol,240.3300,36
2022-02-01,RS,gasolina,702.1400,107
2022-02-01,SC,diesel_s10,255.1600,46
2022-02-01,SC,etanol,204.9300,34
2022-02-01,SC,gasolina,361.9700,55
2022-02-01,SE,diesel_s10,148.5300,26
2022-02-01,SE,etanol,107.4000,21
2022-02-01,SE,gasolina,175.6100,27
2022-02-01,SP,diesel_s10,1596.9500,285
2022-02-01,SP,etanol,1657.6800,351
2022-02-01,SP,gasolina,2199.6100,347
2022-02-01,TO,diesel_s10,94.4000,17
2022-02-01,TO,etanol,88.8900,15
2022-02-01,TO,gasolina,118.0900,17
2022-02-02,AC,diesel_s10,67.0200,10
2022-02-02,AC,etanol,19.9200,3
2022-02-02,AC,gasolina,75.7500,10
2022-02-02,AL,diesel_s10,17.3400,3
2022-02-02,AL,etanol,10.4800,2
2022-02-02,AL,gasolina,20.1200,3
2022-02-02,AM,diesel_s10,6.4900,1
2022-02-02,AM,gasolina,51.6500,7
2022-02-02,AP,diesel_s10,22.7400,4
2022-02-02,AP,gasolina,52.8700,9
2022-02-02,BA,diesel_s10,382.1200,65
2022-02-02,BA,etanol,418.5800,77
2022-02-02,BA,gasolina,534.3700,77
2022-02-02,CE,diesel_s10,210.0000,36
2022-02-02,CE,etanol,182.8200,33
2022-02-02,CE,gasolina,258.8000,39
2022-02-02,DF,diesel_s10,208.9700,37
2022-02-02,DF,etanol,267.5400,47
2022-02-02,DF,gasolina,313.8000,47
2022-02-02,ES,diesel_s10,150.1100,27
2022-02-02,ES,etanol,124.9700,21
2022-02-02,ES,gasolina,193.5300,28
2022-02-02,GO,diesel_s10,240.9100,42
2022-02-02,GO,etanol,234.9700,48
2022-02-02,GO,gasolina,327.5500,47
2022-02-02,MA,diesel_s10,154.5200,28
2022-02-02,MA,etanol,117.5100,21
2022-02-02,MA,gasolina,185.6400,29
2022-02-02,MG,diesel_s10,589.2300,103
2022-02-02,MG,etanol,737.7500,142
2022-02-02,MG,gasolina,1003.4300,143
2022-02-02,MS,diesel_s10,119.0600,21
2022-02-02,MS,etanol,130.2300,25
2022-02-02,MS,gasolina,158.7400,24
2022-02-02,MT,diesel_s10,67.4800,11
2022-02-02,MT,etanol,54.0100,11
2022-02-02,MT,gasolina,73.2200,11
2022-02-02,PA,diesel_s10,76.7100,13
2022-02-02,PA,etanol,42.6200,7
2022-02-02,PA,gasolina,96.0900,14
2022-02-02,PB,diesel_s10,28.8900,5
2022-02-02,PB,etanol,35.8800,7
2022-02-02,PB,gasolina,45.8200,7
2022-02-02,PE,diesel_s10,304.5600,56
2022-02-02,PE,etanol,312.6500,62
2022-02-02,PE,gasolina,402.3500,63
2022-02-02,PI,diesel_s10,138.3600,24
2022-02-02,PI,etanol,122.9800,23
2022-02-02,PI,gasolina,204.8000,30
2022-02-02,PR,diesel_s10,672.7300,123
2022-02-02,PR,etanol,746.4300,148
2022-02-02,PR,gasolina,955.1800,147
2022-02-02,RJ,diesel_s10,247.3100,44
2022-02-02,RJ,etanol,311.1500,51
2022-02-02,RJ,gasolina,377.9900,52
2022-02-02,RN,diesel_s10,203.3800,33
2022-02-02,RN,etanol,219.6200,39
2022-02-02,RN,gasolina,258.4700,37
2022-02-02,RO,diesel_s10,106.7400,18
2022-02-02,RO,etanol,52.2800,8
2022-02-02,RO,gasolina,133.4700,19
2022-02-02,RR,diesel_s10,17.8400,3
2022-02-02,RR,gasolina,19.4600,3
2022-02-02,RS,diesel_s10,604.1400,110
2022-02-02,RS,etanol,179.7900,28
2022-02-02,RS,gasolina,820.3200,127
2022-02-02,SC,diesel_s10,271.6400,49
2022-02-02,SC,etanol,217.0800,36
2022-02-02,SC,gasolina,396.6900,60
2022-02-02,SE,diesel_s10,11.5300,2
2022-02-02,SE,etanol,10.0300,2
2022-02-02,SE,gasolina,12.7800,2
2022-02-02,SP,diesel_s10,1713.7000,306
2022-02-02,SP,etanol,1862.6000,396
2022-02-02,SP,gasolina,2518.7800,395
2022-02-02,TO,diesel_s10,33.2300,6
2022-02-02,TO,etanol,34.1900,6
2022-02-02,TO,gasolina,40.2200,6
2022-02-03,AL,diesel_s10,11.5900,2
2022-02-03,AL,etanol,10.7900,2
2022-02-03,AL,gasolina,13.2300,2
2022-02-03,AP,diesel_s10,29.2100,5
2022-02-03,AP,etanol,5.9600,1
2022-02-03,AP,gasolina,65.1000,11
2022-02-03,BA,diesel_s10,130.2800,22
2022-02-03,BA,etanol,132.4500,24
2022-02-03,BA,gasolina,156.1200,22
2022-02-03,CE,diesel_s10,59.9900,10
2022-02-03,CE,etanol,56.5200,10
2022-02-03,CE,gasolina,59.7300,9
2022-02-03,ES,diesel_s10,119.8700,22
2022-02-03,ES,etanol,105.4700,19
2022-02-03,ES,gasolina,206.3800,30
2022-02-03,GO,diesel_s10,184.2700,32
2022-02-03,GO,etanol,205.3900,42
2022-02-03,GO,gasolina,290.4100,42
2022-02-03,MA,diesel_s10,83.6500,15
2022-02-03,MA,etanol,61.8100,11
2022-02-03,MA,gasolina,103.3600,16
2022-02-03,MG,diesel_s10,264.4200,46
2022-02-03,MG,etanol,286.8700,54
2022-02-03,MG,gasolina,397.6200,56
2022-02-03,MS,diesel_s10,57.9700,10
2022-02-03,MS,etanol,42.4000,8
2022-02-03,MS,gasolina,68.4100,10
2022-02-03,MT,diesel_s10,154.4800,26
2022-02-03,MT,etanol,137.5200,30
2022-02-03,MT,gasolina,191.1300,30
2022-02-03,PA,diesel_s10,107.4500,18
2022-02-03,PA,etanol,68.0600,11
2022-02-03,PA,gasolina,125.1900,18
2022-02-03,PE,diesel_s10,181.3900,32
2022-02-03,PE,etanol,174.1700,32
2022-02-03,PE,gasolina,226.1800,33
2022-02-03,PI,diesel_s10,39.8100,7
2022-02-03,PI,etanol,31.3000,6
2022-02-03,PI,gasolina,47.2700,7
2022-02-03,PR,diesel_s10,77.0600,14
2022-02-03,PR,etanol,84.5800,17
2022-02-03,PR,gasolina,105.7900,16
2022-02-03,RJ,diesel_s10,134.5000,24
2022-02-03,RJ,etanol,193.5200,31
2022-02-03,RJ,gasolina,239.0300,32
2022-02-03,RS,diesel_s10,133.7700,24
2022-02-03,RS,etanol,77.9700,12
2022-02-03,RS,gasolina,193.2700,30
2022-02-03,SC,diesel_s10,299.4100,55
2022-02-03,SC,etanol,213.6200,36
2022-02-03,SC,gasolina,391.6100,61
2022-02-03,SP,diesel_s10,1344.0000,241
2022-02-03,SP,etanol,1525.0000,329
2022-02-03,SP,gasolina,2055.5800,325
2022-02-04,MA,diesel_s10,5.7700,1
2022-02-04,MA,gasolina,6.9700,1
2022-02-04,MT,diesel_s10,46.3700,7
2022-02-04,MT,etanol,41.8000,8
2022-02-04,MT,gasolina,63.4800,9
2022-02-04,RJ,diesel_s10,105.4700,19
2022-02-04,RJ,etanol,136.7400,22
2022-02-04,RJ,gasolina,163.0500,22
2022-02-04,SP,diesel_s10,177.0700,32
2022-02-04,SP,etanol,176.9000,39
2022-02-04,SP,gasolina,247.9300,39
2022-02-07,AC,diesel_s10,69.1800,11
2022-02-07,AC,etanol,30.0500,5
2022-02-07,AC,gasolina,75.7100,11
2022-02-07,AL,diesel_s10,192.4200,33
2022-02-07,AL,etanol,190.7900,36
2022-02-07,AL,gasolina,239.6800,36
2022-02-07,AM,diesel_s10,231.2600,40
2022-02-07,AM,etanol,187.8500,35
2022-02-07,AM,gasolina,379.1600,56
2022-02-07,AP,gasolina,5.8400,1
2022-02-07,BA,diesel_s10,144.0000,24
2022-02-07,BA,etanol,172.1900,31
2022-02-07,BA,gasolina,221.6400,31
2022-02-07,CE,diesel_s10,79.1000,13
2022-02-07,CE,etanol,64.4700,11
2022-02-07,CE,gasolina,86.1600,12
2022-02-07,ES,diesel_s10,196.3900,36
2022-02-07,ES,etanol,199.8600,35
2022-02-07,ES,gasolina,298.9900,44
2022-02-07,GO,diesel_s10,352.7500,61
2022-02-07,GO,etanol,354.4300,72
2022-02-07,GO,gasolina,498.7000,72
2022-02-07,MA,diesel_s10,213.9500,38
2022-02-07,MA,etanol,170.7200,30
2022-02-07,MA,gasolina,281.9300,43
2022-02-07,MG,diesel_s10,532.0100,95
2022-02-07,MG,etanol,669.1400,133
2022-02-07,MG,gasolina,925.3000,133
2022-02-07,MS,diesel_s10,49.9800,9
2022-02-07,MS,etanol,57.2000,11
2022-02-07,MS,gasolina,71.8100,11
2022-02-07,MT,diesel_s10,166.8600,28
2022-02-07,MT,etanol,186.2100,40
2022-02-07,MT,gasolina,258.5900,40
2022-02-07,PA,diesel_s10,312.9200,53
2022-02-07,PA,etanol,134.8400,22
2022-02-07,PA,gasolina,380.1100,56
2022-02-07,PB,diesel_s10,148.1000,26
2022-02-07,PB,etanol,121.1700,24
2022-02-07,PB,gasolina,168.0700,26
2022-02-07,PE,diesel_s10,231.8300,43
2022-02-07,PE,etanol,212.2800,42
2022-02-07,PE,gasolina,282.0800,44
2022-02-07,PI,diesel_s10,45.8900,8
2022-02-07,PI,etanol,41.2800,8
2022-02-07,PI,gasolina,68.7300,10
2022-02-07,PR,diesel_s10,382.8700,70
2022-02-07,PR,etanol,419.7300,84
2022-02-07,PR,gasolina,532.1400,81
2022-02-07,RJ,diesel_s10,269.4900,48
2022-02-07,RJ,etanol,354.0000,59
2022-02-07,RJ,gasolina,434.7900,60
2022-02-07,RN,diesel_s10,100.5400,17
2022-02-07,RN,etanol,89.6500,16
2022-02-07,RN,gasolina,118.2600,17
2022-02-07,RO,diesel_s10,12.1700,2
2022-02-07,RO,etanol,12.3800,2
2022-02-07,RO,gasolina,13.4400,2
2022-02-07,RS,diesel_s10,474.7900,85
2022-02-07,RS,etanol,180.6700,28
2022-02-07,RS,gasolina,582.6600,90
2022-02-07,SC,diesel_s10,90.3000,16
2022-02-07,SC,etanol,43.5900,7
2022-02-07,SC,gasolina,125.3200,19
2022-02-07,SE,diesel_s10,17.0100,3
2022-02-07,SE,etanol,15.0200,3
2022-02-07,SE,gasolina,19.4000,3
2022-02-07,SP,diesel_s10,1445.5000,258
2022-02-07,SP,etanol,1471.4600,323
2022-02-07,SP,gasolina,2020.2600,320
2022-02-07,TO,diesel_s10,51.7000,9
2022-02-07,TO,etanol,51.2100,9
2022-02-07,TO,gasolina,75.5800,11
2022-02-08,AC,diesel_s10,113.6200,18
2022-02-08,AC,etanol,60.8100,10
2022-02-08,AC,gasolina,125.2900,18
2022-02-08,AL,diesel_s10,5.9400,1
2022-02-08,AL,etanol,5.3900,1
2022-02-08,AL,gasolina,6.2900,1
2022-02-08,AP,gasolina,5.8400,1
2022-02-08,BA,diesel_s10,511.6000,87
2022-02-08,BA,etanol,489.6900,93
2022-02-08,BA,gasolina,672.0200,97
2022-02-08,CE,diesel_s10,54.0100,9
2022-02-08,CE,etanol,62.4300,11
2022-02-08,CE,gasolina,66.3500,10
2022-02-08,DF,diesel_s10,5.8900,1
2022-02-08,DF,etanol,5.9900,1
2022-02-08,DF,gasolina,6.4900,1
2022-02-08,ES,diesel_s10,84.2000,15
2022-02-08,ES,etanol,63.8100,11
2022-02-08,ES,gasolina,108.4900,16
2022-02-08,GO,diesel_s10,76.5900,13
2022-02-08,GO,etanol,76.2700,15
2022-02-08,GO,gasolina,97.9100,14
2022-02-08,MA,diesel_s10,161.8200,29
2022-02-08,MA,etanol,101.1900,18
2022-02-08,MA,gasolina,189.1700,29
2022-02-08,MG,diesel_s10,360.8000,63
2022-02-08,MG,etanol,433.3400,85
2022-02-08,MG,gasolina,597.3400,85
2022-02-08,MS,diesel_s10,28.6900,5
2022-02-08,MS,etanol,25.1400,5
2022-02-08,MS,gasolina,26.7900,4
2022-02-08,MT,diesel_s10,48.8800,8
2022-02-08,MT,etanol,38.7700,8
2022-02-08,MT,gasolina,52.7800,8
2022-02-08,PA,diesel_s10,147.8800,25
2022-02-08,PA,etanol,55.0300,9
2022-02-08,PA,gasolina,192.4400,27
2022-02-08,PB,diesel_s10,63.3100,11
2022-02-08,PB,etanol,55.4800,11
2022-02-08,PB,gasolina,78.6800,12
2022-02-08,PE,diesel_s10,388.5300,70
2022-02-08,PE,etanol,354.6300,67
2022-02-08,PE,gasolina,471.5400,71
2022-02-08,PI,diesel_s10,110.3500,19
2022-02-08,PI,etanol,96.4700,18
2022-02-08,PI,gasolina,157.9500,23
2022-02-08,PR,diesel_s10,566.7500,105
2022-02-08,PR,etanol,630.7800,128
2022-02-08,PR,gasolina,822.8700,128
2022-02-08,RJ,diesel_s10,524.8100,94
2022-02-08,RJ,etanol,696.0200,115
2022-02-08,RJ,gasolina,842.7500,116
2022-02-08,RN,diesel_s10,41.9300,7
2022-02-08,RN,etanol,28.3300,5
2022-02-08,RN,gasolina,47.7700,7
2022-02-08,RO,diesel_s10,36.2800,6
2022-02-08,RO,etanol,12.2800,2
2022-02-08,RO,gasolina,40.4400,6
2022-02-08,RR,diesel_s10,41.6100,7
2022-02-08,RR,gasolina,52.0700,8
2022-02-08,RS,diesel_s10,400.6300,72
2022-02-08,RS,etanol,149.6200,23
2022-02-08,RS,gasolina,581.5800,90
2022-02-08,SC,diesel_s10,344.5800,62
2022-02-08,SC,etanol,283.7300,47
2022-02-08,SC,gasolina,487.7100,74
2022-02-08,SE,diesel_s10,142.5600,25
2022-02-08,SE,etanol,107.5800,21
2022-02-08,SE,gasolina,174.6500,27
2022-02-08,SP,diesel_s10,1858.2400,330
2022-02-08,SP,etanol,1936.1800,421
2022-02-08,SP,gasolina,2665.2600,418
2022-02-08,TO,diesel_s10,105.6900,19
2022-02-08,TO,etanol,88.3700,15
2022-02-08,TO,gasolina,124.2700,18
2022-02-09,AL,diesel_s10,23.6100,4
2022-02-09,AL,etanol,22.2200,4
2022-02-09,AL,gasolina,27.1100,4
2022-02-09,AP,diesel_s10,40.7200,7
2022-02-09,AP,etanol,5.9600,1
2022-02-09,AP,gasolina,123.4700,21
2022-02-09,BA,diesel_s10,466.7400,78
2022-02-09,BA,etanol,491.6300,91
2022-02-09,BA,gasolina,621.8000,89
2022-02-09,CE,diesel_s10,701.0200,121
2022-02-09,CE,etanol,730.6000,131
2022-02-09,CE,gasolina,880.3600,134
2022-02-09,DF,diesel_s10,222.6700,39
2022-02-09,DF,etanol,260.7700,46
2022-02-09,DF,gasolina,317.4600,46
2022-02-09,ES,diesel_s10,114.3900,21
2022-02-09,ES,etanol,100.0600,18
2022-02-09,ES,gasolina,176.3700,26
2022-02-09,GO,diesel_s10,140.9200,25
2022-02-09,GO,etanol,140.7000,30
2022-02-09,GO,gasolina,202.7400,30
2022-02-09,MG,diesel_s10,777.8900,137
2022-02-09,MG,etanol,956.3300,193
2022-02-09,MG,gasolina,1321.9900,191
2022-02-09,MS,diesel_s10,100.7700,17
2022-02-09,MS,etanol,96.4500,18
2022-02-09,MS,gasolina,130.6500,19
2022-02-09,MT,diesel_s10,207.8200,35
2022-02-09,MT,etanol,175.4900,39
2022-02-09,MT,gasolina,248.4600,39
2022-02-09,PA,diesel_s10,73.8000,12
2022-02-09,PA,etanol,37.1700,6
2022-02-09,PA,gasolina,127.8300,18
2022-02-09,PB,diesel_s10,69.5600,12
2022-02-09,PB,etanol,60.9400,12
2022-02-09,PB,gasolina,85.5000,13
2022-02-09,PE,diesel_s10,223.8400,41
2022-02-09,PE,etanol,223.9600,44
2022-02-09,PE,gasolina,283.9400,44
2022-02-09,PI,diesel_s10,60.7800,10
2022-02-09,PI,etanol,48.8800,9
2022-02-09,PI,gasolina,79.4700,11
2022-02-09,PR,diesel_s10,395.0600,72
2022-02-09,PR,etanol,433.9300,87
2022-02-09,PR,gasolina,568.1300,87
2022-02-09,RJ,diesel_s10,264.8700,47
2022-02-09,RJ,etanol,354.9800,60
2022-02-09,RJ,gasolina,429.6400,60
2022-02-09,RN,diesel_s10,147.6100,24
2022-02-09,RN,etanol,149.3400,27
2022-02-09,RN,gasolina,173.8600,25
2022-02-09,RO,diesel_s10,135.5600,23
2022-02-09,RO,etanol,63.4100,10
2022-02-09,RO,gasolina,179.6200,26
2022-02-09,RR,diesel_s10,17.9900,3
2022-02-09,RR,etanol,6.3000,1
2022-02-09,RR,gasolina,19.4500,3
2022-02-09,RS,diesel_s10,425.5900,76
2022-02-09,RS,etanol,163.3400,25
2022-02-09,RS,gasolina,525.7100,81
2022-02-09,SC,diesel_s10,129.1700,23
2022-02-09,SC,etanol,89.0600,15
2022-02-09,SC,gasolina,168.7200,26
2022-02-09,SE,diesel_s10,5.5400,1
2022-02-09,SE,etanol,4.9900,1
2022-02-09,SE,gasolina,6.7900,1
2022-02-09,SP,diesel_s10,1990.6200,354
2022-02-09,SP,etanol,1991.5400,438
2022-02-09,SP,gasolina,2767.7900,436
2022-02-09,TO,diesel_s10,22.1600,4
2022-02-09,TO,etanol,22.0600,4
2022-02-09,TO,gasolina,26.4400,4
2022-02-10,AC,diesel_s10,67.4800,10
2022-02-10,AC,etanol,20.1200,3
2022-02-10,AC,gasolina,75.7800,10
2022-02-10,AL,diesel_s10,51.9100,9
2022-02-10,AL,etanol,57.8500,11
2022-02-10,AL,gasolina,73.3500,11
2022-02-10,AM,diesel_s10,38.9400,6
2022-02-10,AM,gasolina,41.9400,6
2022-02-10,BA,diesel_s10,47.7700,8
2022-02-10,BA,etanol,55.4200,11
2022-02-10,BA,gasolina,61.9700,9
2022-02-10,CE,diesel_s10,74.6400,13
2022-02-10,CE,etanol,70.0500,13
2022-02-10,CE,gasolina,103.8800,16
2022-02-10,ES,diesel_s10,75.6500,14
2022-02-10,ES,etanol,80.6600,14
2022-02-10,ES,gasolina,109.4800,16
2022-02-10,GO,diesel_s10,275.8500,48
2022-02-10,GO,etanol,305.3000,64
2022-02-10,GO,gasolina,442.8600,65
2022-02-10,MG,diesel_s10,336.3700,59
2022-02-10,MG,etanol,380.9300,75
2022-02-10,MG,gasolina,527.1300,75
2022-02-10,MS,diesel_s10,66.5400,12
2022-02-10,MS,etanol,90.9100,18
2022-02-10,MS,gasolina,116.7700,18
2022-02-10,MT,diesel_s10,335.8000,57
2022-02-10,MT,etanol,283.9600,63
2022-02-10,MT,gasolina,398.9300,63
2022-02-10,PA,diesel_s10,65.3500,11
2022-02-10,PA,etanol,24.7200,4
2022-02-10,PA,gasolina,88.4000,13
2022-02-10,PB,diesel_s10,34.3200,6
2022-02-10,PB,etanol,29.9400,6
2022-02-10,PB,gasolina,38.6500,6
2022-02-10,PE,diesel_s10,60.9000,11
2022-02-10,PE,etanol,61.6400,12
2022-02-10,PE,gasolina,78.3500,12
2022-02-10,PI,diesel_s10,91.3200,16
2022-02-10,PI,etanol,72.8800,14
2022-02-10,PI,gasolina,121.8300,18
2022-02-10,PR,diesel_s10,11.2700,2
2022-02-10,PR,etanol,14.9600,3
2022-02-10,PR,gasolina,13.1700,2
2022-02-10,RJ,diesel_s10,85.5900,15
2022-02-10,RJ,etanol,98.9800,16
2022-02-10,RJ,gasolina,117.6000,16
2022-02-10,RN,diesel_s10,60.9200,10
2022-02-10,RN,etanol,67.4200,12
2022-02-10,RN,gasolina,69.1000,10
2022-02-10,RO,diesel_s10,66.4600,11
2022-02-10,RO,etanol,28.9200,5
2022-02-10,RO,gasolina,81.4100,12
2022-02-10,RS,diesel_s10,327.9700,61
2022-02-10,RS,etanol,108.3800,18
2022-02-10,RS,gasolina,446.1000,72
2022-02-10,SC,diesel_s10,378.0300,69
2022-02-10,SC,etanol,283.9500,48
2022-02-10,SC,gasolina,545.4200,84
2022-02-10,SE,diesel_s10,40.6900,7
2022-02-10,SE,etanol,31.2400,6
2022-02-10,SE,gasolina,46.8000,7
2022-02-10,SP,diesel_s10,1152.5800,207
2022-02-10,SP,etanol,1264.0700,284
2022-02-10,SP,gasolina,1784.9700,284
2022-02-11,GO,diesel_s10,40.1500,7
2022-02-11,GO,etanol,35.1200,7
2022-02-11,GO,gasolina,49.1000,7
2022-02-11,PA,diesel_s10,40.8300,7
2022-02-11,PA,gasolina,47.7500,7
2022-02-11,PR,diesel_s10,48.1500,9
2022-02-11,PR,etanol,46.7700,10
2022-02-11,PR,gasolina,64.8400,10
2022-02-11,RJ,diesel_s10,77.7100,14
2022-02-11,RJ,etanol,94.6300,15
2022-02-11,RJ,gasolina,111.3500,15
2022-02-11,SC,diesel_s10,10.7800,2
2022-02-11,SC,etanol,17.2300,3
2022-02-11,SC,gasolina,26.5600,4
2022-02-11,SP,diesel_s10,22.3100,4
2022-02-11,SP,etanol,22.4600,5
2022-02-11,SP,gasolina,30.7300,5
2022-02-14,AC,diesel_s10,37.6000,6
2022-02-14,AC,etanol,30.5100,5
2022-02-14,AC,gasolina,48.1200,7
2022-02-14,AL,diesel_s10,140.9300,24
2022-02-14,AL,etanol,164.9300,31
2022-02-14,AL,gasolina,199.1500,30
2022-02-14,AM,diesel_s10,262.0100,45
2022-02-14,AM,etanol,197.9200,37
2022-02-14,AM,gasolina,382.4400,57
2022-02-14,BA,diesel_s10,184.1900,31
2022-02-14,BA,etanol,187.0500,36
2022-02-14,BA,gasolina,259.6900,37
2022-02-14,CE,diesel_s10,96.1900,16
2022-02-14,CE,etanol,85.7000,15
2022-02-14,CE,gasolina,111.6200,16
2022-02-14,ES,diesel_s10,119.2500,22
2022-02-14,ES,etanol,106.0100,19
2022-02-14,ES,gasolina,176.0900,26
2022-02-14,GO,diesel_s10,368.6900,64
2022-02-14,GO,etanol,356.7800,74
2022-02-14,GO,gasolina,503.6500,73
2022-02-14,MA,diesel_s10,336.3700,60
2022-02-14,MA,etanol,256.2200,46
2022-02-14,MA,gasolina,423.1400,65
2022-02-14,MG,diesel_s10,450.9600,80
2022-02-14,MG,etanol,588.5200,118
2022-02-14,MG,gasolina,815.4100,117
2022-02-14,MS,diesel_s10,61.9200,11
2022-02-14,MS,etanol,64.1500,13
2022-02-14,MS,gasolina,91.3200,14
2022-02-14,PA,diesel_s10,314.4100,53
2022-02-14,PA,etanol,188.1100,31
2022-02-14,PA,gasolina,377.1000,56
2022-02-14,PB,diesel_s10,159.6900,28
2022-02-14,PB,etanol,135.2600,27
2022-02-14,PB,gasolina,186.7000,29
2022-02-14,PE,diesel_s10,226.9200,42
2022-02-14,PE,etanol,213.8400,42
2022-02-14,PE,gasolina,282.5200,44
2022-02-14,PI,diesel_s10,17.5500,3
2022-02-14,PI,etanol,26.9500,5
2022-02-14,PI,gasolina,34.6500,5
2022-02-14,PR,diesel_s10,256.8700,47
2022-02-14,PR,etanol,284.5300,59
2022-02-14,PR,gasolina,382.1700,59
2022-02-14,RJ,diesel_s10,436.7300,77
2022-02-14,RJ,etanol,568.9800,96
2022-02-14,RJ,gasolina,703.0200,97
2022-02-14,RO,diesel_s10,58.7500,10
2022-02-14,RO,etanol,37.2200,6
2022-02-14,RO,gasolina,76.1800,11
2022-02-14,RS,diesel_s10,357.8500,64
2022-02-14,RS,etanol,148.3100,23
2022-02-14,RS,gasolina,442.4000,68
2022-02-14,SC,diesel_s10,222.0200,40
2022-02-14,SC,etanol,112.0500,19
2022-02-14,SC,gasolina,266.5500,41
2022-02-14,SE,diesel_s10,51.8600,9
2022-02-14,SE,etanol,41.2200,8
2022-02-14,SE,gasolina,59.4400,9
2022-02-14,SP,diesel_s10,1762.2400,314
2022-02-14,SP,etanol,1762.2100,399
2022-02-14,SP,gasolina,2490.6400,396
2022-02-14,TO,diesel_s10,67.9300,12
2022-02-14,TO,etanol,62.2600,11
2022-02-14,TO,gasolina,94.9700,14
2022-02-15,AC,diesel_s10,132.7300,21
2022-02-15,AC,etanol,72.4800,12
2022-02-15,AC,gasolina,145.9700,21
2022-02-15,BA,diesel_s10,357.1100,60
2022-02-15,BA,etanol,375.2700,71
2022-02-15,BA,gasolina,498.7600,72
2022-02-15,CE,diesel_s10,5.9800,1
2022-02-15,CE,etanol,5.8900,1
2022-02-15,CE,gasolina,6.7900,1
2022-02-15,ES,diesel_s10,177.8400,32
2022-02-15,ES,etanol,130.1600,23
2022-02-15,ES,gasolina,219.1600,32
2022-02-15,GO,diesel_s10,230.3000,40
2022-02-15,GO,etanol,233.2600,49
2022-02-15,GO,gasolina,336.3600,49
2022-02-15,MA,diesel_s10,63.8200,11
2022-02-15,MA,etanol,23.8700,4
2022-02-15,MA,gasolina,76.5000,11
2022-02-15,MG,diesel_s10,329.0700,58
2022-02-15,MG,etanol,382.3500,78
2022-02-15,MG,gasolina,549.9100,79
2022-02-15,MS,diesel_s10,72.8400,12
2022-02-15,MS,etanol,65.1500,12
2022-02-15,MS,gasolina,98.1800,14
2022-02-15,MT,diesel_s10,278.3700,47
2022-02-15,MT,etanol,237.6300,54
2022-02-15,MT,gasolina,341.8900,54
2022-02-15,PA,diesel_s10,149.0000,25
2022-02-15,PA,etanol,56.5600,9
2022-02-15,PA,gasolina,187.0800,26
2022-02-15,PB,diesel_s10,115.7300,20
2022-02-15,PB,etanol,91.0900,18
2022-02-15,PB,gasolina,143.7300,22
2022-02-15,PE,diesel_s10,211.2900,39
2022-02-15,PE,etanol,182.6400,36
2022-02-15,PE,gasolina,259.2500,40
2022-02-15,PI,diesel_s10,71.3800,12
2022-02-15,PI,etanol,57.5300,11
2022-02-15,PI,gasolina,96.8500,14
2022-02-15,PR,diesel_s10,175.2200,32
2022-02-15,PR,etanol,183.9700,37
2022-02-15,PR,gasolina,244.8200,37
2022-02-15,RJ,diesel_s10,554.4500,99
2022-02-15,RJ,etanol,695.7200,119
2022-02-15,RJ,gasolina,867.1500,121
2022-02-15,RN,diesel_s10,135.9400,23
2022-02-15,RN,etanol,116.8000,21
2022-02-15,RN,gasolina,165.4600,24
2022-02-15,RO,diesel_s10,90.2600,15
2022-02-15,RO,etanol,41.3500,7
2022-02-15,RO,gasolina,108.4700,16
2022-02-15,RR,diesel_s10,35.6200,6
2022-02-15,RR,etanol,5.9900,1
2022-02-15,RR,gasolina,38.8400,6
2022-02-15,RS,diesel_s10,423.5500,75
2022-02-15,RS,etanol,181.9900,28
2022-02-15,RS,gasolina,559.5600,87
2022-02-15,SC,diesel_s10,310.6600,56
2022-02-15,SC,etanol,289.2900,49
2022-02-15,SC,gasolina,426.5700,65
2022-02-15,SE,diesel_s10,77.6700,14
2022-02-15,SE,etanol,40.8800,8
2022-02-15,SE,gasolina,96.6800,15
2022-02-15,SP,diesel_s10,1778.4700,317
2022-02-15,SP,etanol,1797.2400,402
2022-02-15,SP,gasolina,2524.0000,399
2022-02-15,TO,diesel_s10,55.5500,10
2022-02-15,TO,etanol,53.2100,9
2022-02-15,TO,gasolina,69.4800,10
2022-02-16,AC,diesel_s10,53.9400,8
2022-02-16,AC,etanol,19.9000,3
2022-02-16,AC,gasolina,60.0100,8
2022-02-16,AL,diesel_s10,58.3700,10
2022-02-16,AL,etanol,58.5800,11
2022-02-16,AL,gasolina,80.4500,12
2022-02-16,AP,diesel_s10,46.6100,8
2022-02-16,AP,etanol,5.9600,1
2022-02-16,AP,gasolina,140.8700,24
2022-02-16,BA,diesel_s10,342.0700,58
2022-02-16,BA,etanol,343.6800,68
2022-02-16,BA,gasolina,447.2900,66
2022-02-16,CE,diesel_s10,765.7400,132
2022-02-16,CE,etanol,749.0500,135
2022-02-16,CE,gasolina,922.0600,141
2022-02-16,DF,diesel_s10,187.0200,33
2022-02-16,DF,etanol,249.8800,46
2022-02-16,DF,gasolina,309.7500,46
2022-02-16,ES,diesel_s10,174.9800,32
2022-02-16,ES,etanol,178.0500,32
2022-02-16,ES,gasolina,283.3400,42
2022-02-16,GO,diesel_s10,211.5200,37
2022-02-16,GO,etanol,242.7500,51
2022-02-16,GO,gasolina,346.1800,51
2022-02-16,MG,diesel_s10,936.7600,165
2022-02-16,MG,etanol,955.5400,199
2022-02-16,MG,gasolina,1372.6600,199
2022-02-16,MS,diesel_s10,34.3500,6
2022-02-16,MS,etanol,30.9200,6
2022-02-16,MS,gasolina,34.0800,5
2022-02-16,MT,diesel_s10,313.3900,53
2022-02-16,MT,etanol,277.0500,64
2022-02-16,MT,gasolina,401.4300,64
2022-02-16,PA,diesel_s10,154.4700,26
2022-02-16,PA,etanol,37.2000,6
2022-02-16,PA,gasolina,201.6700,29
2022-02-16,PB,diesel_s10,23.1400,4
2022-02-16,PB,etanol,30.6900,6
2022-02-16,PB,gasolina,32.7900,5
2022-02-16,PE,diesel_s10,264.8500,48
2022-02-16,PE,etanol,255.4100,50
2022-02-16,PE,gasolina,326.5100,51
2022-02-16,PI,diesel_s10,46.9000,8
2022-02-16,PI,etanol,46.4900,9
2022-02-16,PI,gasolina,67.9900,10
2022-02-16,PR,diesel_s10,656.5300,121
2022-02-16,PR,etanol,696.7500,144
2022-02-16,PR,gasolina,879.0100,137
2022-02-16,RJ,diesel_s10,73.4900,13
2022-02-16,RJ,etanol,113.9400,20
2022-02-16,RJ,gasolina,142.3200,20
2022-02-16,RN,diesel_s10,207.6000,34
2022-02-16,RN,etanol,220.9000,40
2022-02-16,RN,gasolina,241.4900,35
2022-02-16,RO,diesel_s10,95.6500,16
2022-02-16,RO,etanol,68.5700,11
2022-02-16,RO,gasolina,130.7800,19
2022-02-16,RR,diesel_s10,35.6000,6
2022-02-16,RR,etanol,6.0300,1
2022-02-16,RR,gasolina,39.0200,6
2022-02-16,RS,diesel_s10,421.8000,77
2022-02-16,RS,etanol,188.8500,30
2022-02-16,RS,gasolina,596.3400,95
2022-02-16,SC,diesel_s10,248.8200,45
2022-02-16,SC,etanol,201.9400,34
2022-02-16,SC,gasolina,352.2900,54
2022-02-16,SP,diesel_s10,1879.2700,336
2022-02-16,SP,etanol,2028.9900,455
2022-02-16,SP,gasolina,2831.7200,449
2022-02-16,TO,diesel_s10,11.0800,2
2022-02-16,TO,etanol,10.6800,2
2022-02-16,TO,gasolina,12.9400,2
2022-02-17,AC,diesel_s10,6.9000,1
2022-02-17,AC,gasolina,7.5000,1
2022-02-17,AL,diesel_s10,39.8300,7
2022-02-17,AL,etanol,35.0900,7
2022-02-17,AL,gasolina,51.7700,8
2022-02-17,AM,diesel_s10,12.9800,2
2022-02-17,AM,gasolina,51.6500,7
2022-02-17,BA,diesel_s10,268.5300,46
2022-02-17,BA,etanol,241.8900,47
2022-02-17,BA,gasolina,341.4500,50
2022-02-17,CE,diesel_s10,92.8600,16
2022-02-17,CE,etanol,99.8200,18
2022-02-17,CE,gasolina,110.9200,17
2022-02-17,ES,diesel_s10,11.4800,2
2022-02-17,ES,etanol,12.0800,2
2022-02-17,ES,gasolina,13.5800,2
2022-02-17,GO,diesel_s10,109.3600,19
2022-02-17,GO,etanol,95.4200,21
2022-02-17,GO,gasolina,139.7500,21
2022-02-17,MA,diesel_s10,17.8300,3
2022-02-17,MA,etanol,12.2300,2
2022-02-17,MA,gasolina,34.0000,5
2022-02-17,MG,diesel_s10,399.8600,70
2022-02-17,MG,etanol,431.0300,89
2022-02-17,MG,gasolina,614.0800,88
2022-02-17,MS,diesel_s10,83.1000,15
2022-02-17,MS,etanol,97.6500,20
2022-02-17,MS,gasolina,127.7600,20
2022-02-17,MT,diesel_s10,112.7200,18
2022-02-17,MT,etanol,93.4800,19
2022-02-17,MT,gasolina,129.6900,19
2022-02-17,PA,diesel_s10,29.4300,5
2022-02-17,PA,etanol,5.9600,1
2022-02-17,PA,gasolina,49.3400,7
2022-02-17,PB,diesel_s10,5.7400,1
2022-02-17,PB,etanol,4.8800,1
2022-02-17,PB,gasolina,6.4400,1
2022-02-17,PE,diesel_s10,109.5100,19
2022-02-17,PE,etanol,117.2500,21
2022-02-17,PE,gasolina,146.0400,21
2022-02-17,PI,diesel_s10,130.9300,23
2022-02-17,PI,etanol,91.7600,18
2022-02-17,PI,gasolina,167.5400,25
2022-02-17,PR,diesel_s10,349.4200,64
2022-02-17,PR,etanol,392.1500,79
2022-02-17,PR,gasolina,513.3300,79
2022-02-17,RJ,diesel_s10,224.9800,40
2022-02-17,RJ,etanol,290.9900,49
2022-02-17,RJ,gasolina,359.9200,49
2022-02-17,RO,diesel_s10,59.7300,10
2022-02-17,RO,etanol,31.3200,5
2022-02-17,RO,gasolina,82.8500,12
2022-02-17,RS,diesel_s10,412.8300,75
2022-02-17,RS,etanol,141.6700,23
2022-02-17,RS,gasolina,556.1000,88
2022-02-17,SC,diesel_s10,159.2800,29
2022-02-17,SC,etanol,91.9900,16
2022-02-17,SC,gasolina,200.1300,32
2022-02-17,SE,diesel_s10,104.3300,18
2022-02-17,SE,etanol,97.8700,19
2022-02-17,SE,gasolina,128.2100,20
2022-02-17,SP,diesel_s10,1045.9900,186
2022-02-17,SP,etanol,1102.7500,251
2022-02-17,SP,gasolina,1588.5900,251
2022-02-17,TO,diesel_s10,33.4600,6
2022-02-17,TO,etanol,23.4800,4
2022-02-17,TO,gasolina,40.8200,6
2022-02-18,DF,diesel_s10,5.8900,1
2022-02-18,DF,etanol,5.6600,1
2022-02-18,DF,gasolina,6.6500,1
2022-02-18,MG,diesel_s10,5.6900,1
2022-02-18,MG,etanol,4.9900,1
2022-02-18,MG,gasolina,6.9800,1
2022-02-18,RJ,diesel_s10,39.1300,7
2022-02-18,RJ,etanol,47.2300,7
2022-02-18,RJ,gasolina,62.0200,8
2022-02-18,SC,diesel_s10,173.7900,31
2022-02-18,SC,etanol,178.7300,30
2022-02-18,SC,gasolina,296.4300,45
2022-02-21,AC,diesel_s10,75.4700,12
2022-02-21,AC,etanol,35.5500,6
2022-02-21,AC,gasolina,82.5600,12
2022-02-21,AL,diesel_s10,104.6800,18
2022-02-21,AL,etanol,117.7700,23
2022-02-21,AL,gasolina,148.6100,23
2022-02-21,AM,diesel_s10,212.9200,37
2022-02-21,AM,etanol,179.9700,34
2022-02-21,AM,gasolina,385.6900,57
2022-02-21,BA,diesel_s10,250.9500,41
2022-02-21,BA,etanol,242.3100,45
2022-02-21,BA,gasolina,320.7400,45
2022-02-21,CE,diesel_s10,65.1600,11
2022-02-21,CE,etanol,62.1200,11
2022-02-21,CE,gasolina,65.9900,10
2022-02-21,ES,diesel_s10,27.9500,5
2022-02-21,ES,etanol,16.6200,3
2022-02-21,ES,gasolina,40.0600,6
2022-02-21,GO,diesel_s10,421.8200,73
2022-02-21,GO,etanol,454.4200,96
2022-02-21,GO,gasolina,652.1700,95
2022-02-21,MA,diesel_s10,253.7900,45
2022-02-21,MA,etanol,167.8600,30
2022-02-21,MA,gasolina,334.8500,51
2022-02-21,MG,diesel_s10,633.7700,113
2022-02-21,MG,etanol,688.7900,145
2022-02-21,MG,gasolina,1000.1700,145
2022-02-21,MS,diesel_s10,116.9500,21
2022-02-21,MS,etanol,114.8800,23
2022-02-21,MS,gasolina,157.6200,24
2022-02-21,MT,diesel_s10,100.4100,17
2022-02-21,MT,etanol,78.8500,19
2022-02-21,MT,gasolina,118.7500,19
2022-02-21,PA,diesel_s10,329.0000,56
2022-02-21,PA,etanol,146.1500,24
2022-02-21,PA,gasolina,412.4500,61
2022-02-21,PB,diesel_s10,222.3500,39
2022-02-21,PB,etanol,205.0800,41
2022-02-21,PB,gasolina,270.2500,42
2022-02-21,PE,diesel_s10,327.0000,60
2022-02-21,PE,etanol,322.7800,62
2022-02-21,PE,gasolina,418.9800,64
2022-02-21,PI,diesel_s10,69.9700,12
2022-02-21,PI,etanol,46.0100,9
2022-02-21,PI,gasolina,96.0000,14
2022-02-21,PR,diesel_s10,233.9500,43
2022-02-21,PR,etanol,234.5400,48
2022-02-21,PR,gasolina,308.3600,48
2022-02-21,RJ,diesel_s10,472.4800,84
2022-02-21,RJ,etanol,555.5200,97
2022-02-21,RJ,gasolina,693.7300,97
2022-02-21,RO,diesel_s10,41.7200,7
2022-02-21,RO,etanol,36.6400,6
2022-02-21,RO,gasolina,62.1700,9
2022-02-21,RS,diesel_s10,362.4500,65
2022-02-21,RS,etanol,173.0500,27
2022-02-21,RS,gasolina,448.6900,70
2022-02-21,SC,diesel_s10,244.8400,44
2022-02-21,SC,etanol,142.4600,24
2022-02-21,SC,gasolina,346.1000,53
2022-02-21,SE,diesel_s10,11.1800,2
2022-02-21,SE,etanol,9.9800,2
2022-02-21,SE,gasolina,12.7400,2
2022-02-21,SP,diesel_s10,2327.6200,416
2022-02-21,SP,etanol,2266.0700,517
2022-02-21,SP,gasolina,3190.3400,508
2022-02-21,TO,diesel_s10,107.2500,19
2022-02-21,TO,etanol,96.5200,17
2022-02-21,TO,gasolina,138.3900,20
2022-02-22,AC,diesel_s10,101.2500,16
2022-02-22,AC,etanol,48.2600,8
2022-02-22,AC,gasolina,111.2300,16
2022-02-22,AL,diesel_s10,78.8200,13
2022-02-22,AL,etanol,85.4100,15
2022-02-22,AL,gasolina,105.3300,15
2022-02-22,AM,diesel_s10,51.1900,8
2022-02-22,AM,etanol,5.5200,1
2022-02-22,AM,gasolina,55.4800,8
2022-02-22,AP,diesel_s10,11.3800,2
2022-02-22,AP,gasolina,23.2800,4
2022-02-22,BA,diesel_s10,364.2900,63
2022-02-22,BA,etanol,345.7400,71
2022-02-22,BA,gasolina,489.3700,74
2022-02-22,CE,diesel_s10,257.1900,44
2022-02-22,CE,etanol,242.6200,43
2022-02-22,CE,gasolina,291.8900,44
2022-02-22,DF,diesel_s10,103.1400,18
2022-02-22,DF,etanol,141.9300,26
2022-02-22,DF,gasolina,171.3400,26
2022-02-22,ES,diesel_s10,175.7400,32
2022-02-22,ES,etanol,170.8200,31
2022-02-22,ES,gasolina,248.2800,37
2022-02-22,GO,diesel_s10,39.6600,7
2022-02-22,GO,etanol,39.6200,9
2022-02-22,GO,gasolina,58.5500,9
2022-02-22,MA,diesel_s10,71.2100,13
2022-02-22,MA,etanol,42.3500,8
2022-02-22,MA,gasolina,82.2200,13
2022-02-22,MG,diesel_s10,607.0500,107
2022-02-22,MG,etanol,686.9000,143
2022-02-22,MG,gasolina,1002.8100,145
2022-02-22,MS,diesel_s10,128.7500,22
2022-02-22,MS,etanol,117.8400,23
2022-02-22,MS,gasolina,174.5100,26
2022-02-22,MT,diesel_s10,235.0400,40
2022-02-22,MT,etanol,199.0600,47
2022-02-22,MT,gasolina,293.6800,47
2022-02-22,PA,diesel_s10,196.6700,33
2022-02-22,PA,etanol,84.6600,14
2022-02-22,PA,gasolina,227.5200,32
2022-02-22,PB,diesel_s10,75.3300,13
2022-02-22,PB,etanol,49.9400,10
2022-02-22,PB,gasolina,79.0400,12
2022-02-22,PE,diesel_s10,245.9000,45
2022-02-22,PE,etanol,220.0800,43
2022-02-22,PE,gasolina,293.8800,46
2022-02-22,PI,diesel_s10,147.5400,26
2022-02-22,PI,etanol,126.7000,25
2022-02-22,PI,gasolina,180.2400,27
2022-02-22,PR,diesel_s10,488.2100,90
2022-02-22,PR,etanol,494.7700,103
2022-02-22,PR,gasolina,662.3300,103
2022-02-22,RJ,diesel_s10,496.8300,89
2022-02-22,RJ,etanol,658.7900,115
2022-02-22,RJ,gasolina,843.0100,118
2022-02-22,RN,diesel_s10,130.4000,22
2022-02-22,RN,etanol,106.8300,19
2022-02-22,RN,gasolina,151.5500,22
2022-02-22,RO,diesel_s10,23.7200,4
2022-02-22,RO,etanol,6.6900,1
2022-02-22,RO,gasolina,34.8600,5
2022-02-22,RR,diesel_s10,35.7500,6
2022-02-22,RR,etanol,12.7600,2
2022-02-22,RR,gasolina,38.6100,6
2022-02-22,RS,diesel_s10,559.6400,100
2022-02-22,RS,etanol,272.9800,43
2022-02-22,RS,gasolina,726.9300,113
2022-02-22,SC,diesel_s10,117.3900,21
2022-02-22,SC,etanol,71.0900,12
2022-02-22,SC,gasolina,138.1700,21
2022-02-22,SE,diesel_s10,205.9400,36
2022-02-22,SE,etanol,154.0200,30
2022-02-22,SE,gasolina,238.9000,37
2022-02-22,SP,diesel_s10,1450.8400,258
2022-02-22,SP,etanol,1454.9600,328
2022-02-22,SP,gasolina,2057.3000,325
2022-02-22,TO,diesel_s10,66.4400,12
2022-02-22,TO,etanol,49.8400,9
2022-02-22,TO,gasolina,86.2800,13
2022-02-23,AC,diesel_s10,67.5000,10
2022-02-23,AC,etanol,26.5600,4
2022-02-23,AC,gasolina,73.6700,10
2022-02-23,AL,diesel_s10,63.4000,11
2022-02-23,AL,etanol,56.2500,11
2022-02-23,AL,gasolina,77.0200,12
2022-02-23,AM,diesel_s10,29.2500,5
2022-02-23,AM,etanol,16.4700,3
2022-02-23,AM,gasolina,32.8500,5
2022-02-23,AP,diesel_s10,40.9500,7
2022-02-23,AP,etanol,5.9600,1
2022-02-23,AP,gasolina,117.0300,20
2022-02-23,BA,diesel_s10,494.6700,83
2022-02-23,BA,etanol,492.1200,96
2022-02-23,BA,gasolina,648.2600,95
2022-02-23,CE,diesel_s10,703.8800,121
2022-02-23,CE,etanol,669.3800,121
2022-02-23,CE,gasolina,840.4500,128
2022-02-23,DF,diesel_s10,90.5100,16
2022-02-23,DF,etanol,114.2000,21
2022-02-23,DF,gasolina,145.0000,21
2022-02-23,ES,diesel_s10,197.6500,36
2022-02-23,ES,etanol,161.4300,29
2022-02-23,ES,gasolina,307.4600,45
2022-02-23,GO,diesel_s10,176.6300,31
2022-02-23,GO,etanol,176.8600,38
2022-02-23,GO,gasolina,257.5100,38
2022-02-23,MA,diesel_s10,52.2400,9
2022-02-23,MA,etanol,29.8500,5
2022-02-23,MA,gasolina,62.5300,9
2022-02-23,MG,diesel_s10,603.9400,106
2022-02-23,MG,etanol,678.3400,143
2022-02-23,MG,gasolina,988.3100,143
2022-02-23,MS,diesel_s10,22.9300,4
2022-02-23,MS,etanol,24.7500,5
2022-02-23,MS,gasolina,33.0800,5
2022-02-23,MT,diesel_s10,120.0900,20
2022-02-23,MT,etanol,99.8700,22
2022-02-23,MT,gasolina,140.0200,22
2022-02-23,PA,diesel_s10,79.1600,13
2022-02-23,PA,etanol,13.5900,2
2022-02-23,PA,gasolina,119.4100,17
2022-02-23,PB,diesel_s10,11.4900,2
2022-02-23,PB,etanol,10.0700,2
2022-02-23,PB,gasolina,12.8800,2
2022-02-23,PE,diesel_s10,257.6800,47
2022-02-23,PE,etanol,243.6100,48
2022-02-23,PE,gasolina,316.3500,49
2022-02-23,PI,diesel_s10,122.9900,21
2022-02-23,PI,etanol,68.4000,13
2022-02-23,PI,gasolina,165.8700,24
2022-02-23,PR,diesel_s10,680.7900,124
2022-02-23,PR,etanol,719.2800,147
2022-02-23,PR,gasolina,951.6900,146
2022-02-23,RJ,diesel_s10,288.3100,51
2022-02-23,RJ,etanol,355.5300,61
2022-02-23,RJ,gasolina,438.9300,61
2022-02-23,RN,diesel_s10,207.9900,34
2022-02-23,RN,etanol,220.2400,40
2022-02-23,RN,gasolina,240.6800,35
2022-02-23,RO,diesel_s10,149.0100,25
2022-02-23,RO,etanol,64.0400,11
2022-02-23,RO,gasolina,200.8200,30
2022-02-23,RR,diesel_s10,35.5000,6
2022-02-23,RR,gasolina,38.5200,6
2022-02-23,RS,diesel_s10,537.8300,98
2022-02-23,RS,etanol,187.4900,31
2022-02-23,RS,gasolina,664.3300,107
2022-02-23,SC,diesel_s10,442.7300,80
2022-02-23,SC,etanol,333.5100,58
2022-02-23,SC,gasolina,588.7300,91
2022-02-23,SE,diesel_s10,22.4000,4
2022-02-23,SE,etanol,31.1800,6
2022-02-23,SE,gasolina,32.8800,5
2022-02-23,SP,diesel_s10,1888.2700,336
2022-02-23,SP,etanol,1831.7600,418
2022-02-23,SP,gasolina,2641.4100,419
2022-02-24,BA,diesel_s10,71.8300,12
2022-02-24,BA,etanol,88.2700,17
2022-02-24,BA,gasolina,110.5500,16
2022-02-24,ES,diesel_s10,104.4900,19
2022-02-24,ES,etanol,108.2100,19
2022-02-24,ES,gasolina,148.2600,22
2022-02-24,GO,diesel_s10,241.3300,42
2022-02-24,GO,etanol,254.3600,56
2022-02-24,GO,gasolina,379.8500,57
2022-02-24,MA,diesel_s10,23.7500,4
2022-02-24,MA,etanol,6.0800,1
2022-02-24,MA,gasolina,34.0600,5
2022-02-24,MG,diesel_s10,321.6200,56
2022-02-24,MG,etanol,321.1500,66
2022-02-24,MG,gasolina,452.5500,65
2022-02-24,MS,diesel_s10,34.6500,6
2022-02-24,MS,etanol,31.0400,6
2022-02-24,MS,gasolina,40.7200,6
2022-02-24,MT,diesel_s10,356.0800,59
2022-02-24,MT,etanol,294.4800,68
2022-02-24,MT,gasolina,430.3400,68
2022-02-24,PA,diesel_s10,41.3400,7
2022-02-24,PA,etanol,22.7600,4
2022-02-24,PA,gasolina,59.6500,9
2022-02-24,PE,diesel_s10,10.7800,2
2022-02-24,PE,etanol,10.1800,2
2022-02-24,PE,gasolina,12.7800,2
2022-02-24,PI,diesel_s10,11.5200,2
2022-02-24,PI,etanol,5.3000,1
2022-02-24,PI,gasolina,14.0300,2
2022-02-24,PR,diesel_s10,91.8200,17
2022-02-24,PR,etanol,91.0800,20
2022-02-24,PR,gasolina,121.2200,19
2022-02-24,RJ,diesel_s10,140.2400,25
2022-02-24,RJ,etanol,159.0700,28
2022-02-24,RJ,gasolina,202.4100,28
2022-02-24,RO,diesel_s10,95.7400,16
2022-02-24,RO,etanol,64.1900,10
2022-02-24,RO,gasolina,126.0700,18
2022-02-24,RS,diesel_s10,261.2000,47
2022-02-24,RS,etanol,89.8600,14
2022-02-24,RS,gasolina,378.2100,59
2022-02-24,SC,diesel_s10,272.4800,49
2022-02-24,SC,etanol,220.0200,37
2022-02-24,SC,gasolina,376.0400,58
2022-02-24,SP,diesel_s10,912.2300,163
2022-02-24,SP,etanol,964.8600,220
2022-02-24,SP,gasolina,1383.8200,219
2022-02-25,CE,diesel_s10,12.0900,2
2022-02-25,CE,etanol,11.9800,2
2022-02-25,CE,gasolina,13.9700,2
2022-02-25,ES,diesel_s10,5.9900,1
2022-02-25,ES,gasolina,6.9900,1
2022-02-25,MT,etanol,4.5500,1
2022-02-25,MT,gasolina,6.3700,1
2022-02-25,RJ,diesel_s10,33.7400,6
2022-02-25,RJ,etanol,53.8700,8
2022-02-25,RJ,gasolina,61.9200,8
2022-02-25,SP,diesel_s10,23.7600,4
2022-02-25,SP,etanol,17.1600,4
2022-02-25,SP,gasolina,26.6500,4
2022-02-28,AC,diesel_s10,57.4100,9
2022-02-28,AC,etanol,36.6300,6
2022-02-28,AC,gasolina,69.6200,10
2022-02-28,AL,diesel_s10,160.4600,28
2022-02-28,AL,etanol,176.9200,35
2022-02-28,AL,gasolina,226.9700,35
2022-02-28,AM,diesel_s10,288.5800,49
2022-02-28,AM,etanol,185.7700,35
2022-02-28,AM,gasolina,408.3400,60
2022-02-28,BA,diesel_s10,291.5100,49
2022-02-28,BA,etanol,300.6900,55
2022-02-28,BA,gasolina,388.0800,55
2022-02-28,CE,diesel_s10,43.0800,7
2022-02-28,CE,etanol,41.7100,7
2022-02-28,CE,gasolina,43.3500,6
2022-02-28,DF,diesel_s10,6.1500,1
2022-02-28,DF,etanol,5.5700,1
2022-02-28,DF,gasolina,6.8800,1
2022-02-28,ES,diesel_s10,76.8400,14
2022-02-28,ES,etanol,70.9800,13
2022-02-28,ES,gasolina,113.7700,17
2022-02-28,GO,diesel_s10,399.8000,69
2022-02-28,GO,etanol,372.5100,80
2022-02-28,GO,gasolina,546.0300,80
2022-02-28,MA,diesel_s10,114.6400,20
2022-02-28,MA,etanol,73.1900,13
2022-02-28,MA,gasolina,146.8800,22
2022-02-28,MG,diesel_s10,294.7600,52
2022-02-28,MG,etanol,359.6300,74
2022-02-28,MG,gasolina,518.1400,74
2022-02-28,MS,diesel_s10,28.2300,5
2022-02-28,MS,etanol,33.0200,6
2022-02-28,MS,gasolina,41.5000,6
2022-02-28,MT,diesel_s10,219.7300,37
2022-02-28,MT,etanol,175.7000,41
2022-02-28,MT,gasolina,258.9700,41
2022-02-28,PA,diesel_s10,335.3400,57
2022-02-28,PA,etanol,158.2500,26
2022-02-28,PA,gasolina,393.8200,58
2022-02-28,PB,diesel_s10,239.9400,42
2022-02-28,PB,etanol,214.8500,43
2022-02-28,PB,gasolina,289.5700,45
2022-02-28,PE,diesel_s10,182.8000,34
2022-02-28,PE,etanol,162.0200,32
2022-02-28,PE,gasolina,215.1300,34
2022-02-28,PI,diesel_s10,23.2800,4
2022-02-28,PI,etanol,11.8000,2
2022-02-28,PI,gasolina,62.7500,9
2022-02-28,PR,diesel_s10,226.8300,41
2022-02-28,PR,etanol,251.8800,53
2022-02-28,PR,gasolina,342.5300,53
2022-02-28,RJ,diesel_s10,333.9000,59
2022-02-28,RJ,etanol,388.0900,67
2022-02-28,RJ,gasolina,496.7900,69
2022-02-28,RO,diesel_s10,11.6400,2
2022-02-28,RO,etanol,17.7500,3
2022-02-28,RO,gasolina,26.4300,4
2022-02-28,RS,diesel_s10,861.4300,157
2022-02-28,RS,etanol,312.2300,51
2022-02-28,RS,gasolina,1092.5700,174
2022-02-28,SC,diesel_s10,342.6200,61
2022-02-28,SC,etanol,255.9700,44
2022-02-28,SC,gasolina,405.2200,62
2022-02-28,SE,diesel_s10,23.8600,4
2022-02-28,SE,etanol,21.0600,4
2022-02-28,SE,gasolina,27.1600,4
2022-02-28,SP,diesel_s10,2606.3400,465
2022-02-28,SP,etanol,2477.9700,566
2022-02-28,SP,gasolina,3506.9400,556
2022-02-28,TO,diesel_s10,38.9100,7
2022-02-28,TO,etanol,39.2300,7
2022-02-28,TO,gasolina,46.1800,7
2022-03-01,AC,diesel_s10,120.0100,19
2022-03-01,AC,etanol,71.1400,12
2022-03-01,AC,gasolina,131.1000,19
2022-03-01,AL,diesel_s10,43.5700,7
2022-03-01,AL,etanol,41.7600,7
2022-03-01,AL,gasolina,51.0100,7
2022-03-01,AP,diesel_s10,40.6200,7
2022-03-01,AP,etanol,5.9600,1
2022-03-01,AP,gasolina,134.2000,23
2022-03-01,BA,diesel_s10,400.1600,68
2022-03-01,BA,etanol,413.9900,77
2022-03-01,BA,gasolina,550.7900,79
2022-03-01,ES,diesel_s10,10.6700,2
2022-03-01,ES,etanol,10.3400,2
2022-03-01,ES,gasolina,20.0700,3
2022-03-01,GO,diesel_s10,154.3600,27
2022-03-01,GO,etanol,159.8700,34
2022-03-01,GO,gasolina,233.3300,34
2022-03-01,MG,diesel_s10,651.8300,116
2022-03-01,MG,etanol,653.9400,141
2022-03-01,MG,gasolina,949.9300,139
2022-03-01,MS,diesel_s10,129.7700,23
2022-03-01,MS,etanol,122.0700,25
2022-03-01,MS,gasolina,164.1100,25
2022-03-01,PA,diesel_s10,112.6400,19
2022-03-01,PA,etanol,56.4400,9
2022-03-01,PA,gasolina,169.4300,24
2022-03-01,PB,diesel_s10,63.9200,11
2022-03-01,PB,etanol,45.6600,9
2022-03-01,PB,gasolina,72.7700,11
2022-03-01,PE,diesel_s10,204.7700,38
2022-03-01,PE,etanol,209.7900,42
2022-03-01,PE,gasolina,258.0900,41
2022-03-01,PI,diesel_s10,76.7000,13
2022-03-01,PI,etanol,77.1700,14
2022-03-01,PI,gasolina,113.7900,16
2022-03-01,PR,diesel_s10,222.6700,40
2022-03-01,PR,etanol,218.5500,45
2022-03-01,PR,gasolina,289.3400,44
2022-03-01,RJ,diesel_s10,335.6500,60
2022-03-01,RJ,etanol,429.8500,75
2022-03-01,RJ,gasolina,546.2800,76
2022-03-01,RN,diesel_s10,195.0000,32
2022-03-01,RN,etanol,177.1200,32
2022-03-01,RN,gasolina,219.0800,32
2022-03-01,RO,gasolina,6.7900,1
2022-03-01,RR,diesel_s10,23.7600,4
2022-03-01,RR,gasolina,25.6100,4
2022-03-01,RS,diesel_s10,485.3300,88
2022-03-01,RS,etanol,191.7900,31
2022-03-01,RS,gasolina,621.4000,99
2022-03-01,SC,diesel_s10,405.4500,73
2022-03-01,SC,etanol,294.0400,51
2022-03-01,SC,gasolina,562.1500,87
2022-03-01,SE,diesel_s10,44.7200,8
2022-03-01,SE,etanol,10.3600,2
2022-03-01,SE,gasolina,51.2900,8
2022-03-01,SP,diesel_s10,1256.2900,225
2022-03-01,SP,etanol,1286.6900,295
2022-03-01,SP,gasolina,1847.9600,295
2022-03-01,TO,diesel_s10,107.4400,19
2022-03-01,TO,etanol,103.1200,18
2022-03-01,TO,gasolina,152.1300,22
2022-03-02,AL,diesel_s10,35.3300,6
2022-03-02,AL,etanol,38.2500,7
2022-03-02,AL,gasolina,54.4100,8
2022-03-02,AM,diesel_s10,35.1100,6
2022-03-02,AM,etanol,21.9900,4
2022-03-02,AM,gasolina,39.4200,6
2022-03-02,AP,gasolina,5.7900,1
2022-03-02,BA,diesel_s10,350.7100,59
2022-03-02,BA,etanol,369.6700,69
2022-03-02,BA,gasolina,468.9500,67
2022-03-02,CE,diesel_s10,689.4600,119
2022-03-02,CE,etanol,651.9000,118
2022-03-02,CE,gasolina,817.0800,125
2022-03-02,DF,diesel_s10,211.7800,37
2022-03-02,DF,etanol,245.9300,46
2022-03-02,DF,gasolina,311.8900,46
2022-03-02,ES,diesel_s10,109.8300,20
2022-03-02,ES,etanol,55.2000,10
2022-03-02,ES,gasolina,170.4400,25
2022-03-02,GO,diesel_s10,102.1500,18
2022-03-02,GO,etanol,116.8000,26
2022-03-02,GO,gasolina,178.2900,27
2022-03-02,MA,diesel_s10,269.6500,48
2022-03-02,MA,etanol,183.3700,33
2022-03-02,MA,gasolina,325.7400,50
2022-03-02,MG,diesel_s10,558.2000,98
2022-03-02,MG,etanol,693.6500,143
2022-03-02,MG,gasolina,1001.1400,144
2022-03-02,MS,diesel_s10,40.0500,7
2022-03-02,MS,etanol,48.0600,10
2022-03-02,MS,gasolina,65.3700,10
2022-03-02,MT,diesel_s10,231.7000,39
2022-03-02,MT,etanol,198.2900,48
2022-03-02,MT,gasolina,305.4300,49
2022-03-02,PA,diesel_s10,173.8400,29
2022-03-02,PA,etanol,55.6200,9
2022-03-02,PA,gasolina,230.2700,33
2022-03-02,PB,diesel_s10,5.7400,1
2022-03-02,PB,etanol,4.9900,1
2022-03-02,PB,gasolina,6.3900,1
2022-03-02,PE,diesel_s10,320.9600,59
2022-03-02,PE,etanol,298.6300,59
2022-03-02,PE,gasolina,416.5300,65
2022-03-02,PI,diesel_s10,65.9800,11
2022-03-02,PI,etanol,42.7500,8
2022-03-02,PI,gasolina,98.7500,14
2022-03-02,PR,diesel_s10,555.3800,102
2022-03-02,PR,etanol,585.0800,120
2022-03-02,PR,gasolina,776.6900,120
2022-03-02,RJ,diesel_s10,236.1800,42
2022-03-02,RJ,etanol,283.1300,48
2022-03-02,RJ,gasolina,363.5800,50
2022-03-02,RN,diesel_s10,61.2100,10
2022-03-02,RN,etanol,67.3700,12
2022-03-02,RN,gasolina,68.6100,10
2022-03-02,RO,diesel_s10,125.9000,21
2022-03-02,RO,etanol,62.2300,10
2022-03-02,RO,gasolina,159.6100,23
2022-03-02,RR,diesel_s10,47.4400,8
2022-03-02,RR,etanol,18.1300,3
2022-03-02,RR,gasolina,51.1800,8
2022-03-02,RS,diesel_s10,267.7700,47
2022-03-02,RS,etanol,127.5700,20
2022-03-02,RS,gasolina,376.8800,58
2022-03-02,SC,diesel_s10,164.3300,30
2022-03-02,SC,etanol,111.8200,19
2022-03-02,SC,gasolina,203.4000,32
2022-03-02,SE,diesel_s10,148.8900,26
2022-03-02,SE,etanol,122.5500,24
2022-03-02,SE,gasolina,168.2800,26
2022-03-02,SP,diesel_s10,1285.0400,229
2022-03-02,SP,etanol,1282.9800,295
2022-03-02,SP,gasolina,1850.8800,295
2022-03-03,AC,diesel_s10,54.3100,8
2022-03-03,AC,etanol,19.8300,3
2022-03-03,AC,gasolina,59.1500,8
2022-03-03,BA,diesel_s10,84.8300,14
2022-03-03,BA,etanol,77.4600,15
2022-03-03,BA,gasolina,92.1200,13
2022-03-03,CE,diesel_s10,292.2200,50
2022-03-03,CE,etanol,275.1000,49
2022-03-03,CE,gasolina,338.0700,51
2022-03-03,ES,diesel_s10,286.9300,52
2022-03-03,ES,etanol,279.0500,50
2022-03-03,ES,gasolina,398.0600,59
2022-03-03,GO,diesel_s10,252.2600,44
2022-03-03,GO,etanol,242.6300,53
2022-03-03,GO,gasolina,358.0800,53
2022-03-03,MA,diesel_s10,23.6600,4
2022-03-03,MA,etanol,6.1500,1
2022-03-03,MA,gasolina,34.0000,5
2022-03-03,MG,diesel_s10,600.5500,105
2022-03-03,MG,etanol,637.5000,136
2022-03-03,MG,gasolina,930.2200,135
2022-03-03,MS,diesel_s10,150.0300,27
2022-03-03,MS,etanol,160.9700,33
2022-03-03,MS,gasolina,206.7700,32
2022-03-03,MT,diesel_s10,276.8200,46
2022-03-03,MT,etanol,219.0400,51
2022-03-03,MT,gasolina,321.1100,51
2022-03-03,PA,diesel_s10,23.7500,4
2022-03-03,PA,etanol,16.1500,3
2022-03-03,PA,gasolina,25.8300,4
2022-03-03,PE,diesel_s10,114.4100,20
2022-03-03,PE,etanol,122.6300,22
2022-03-03,PE,gasolina,153.5500,22
2022-03-03,PI,diesel_s10,157.2500,27
2022-03-03,PI,etanol,129.7500,24
2022-03-03,PI,gasolina,206.3900,29
2022-03-03,PR,diesel_s10,229.5800,42
2022-03-03,PR,etanol,271.9400,55
2022-03-03,PR,gasolina,330.3200,51
2022-03-03,RJ,diesel_s10,253.6600,45
2022-03-03,RJ,etanol,297.9300,53
2022-03-03,RJ,gasolina,389.5100,55
2022-03-03,RN,diesel_s10,94.6400,16
2022-03-03,RN,etanol,78.0400,14
2022-03-03,RN,gasolina,110.9100,16
2022-03-03,RO,diesel_s10,81.3700,14
2022-03-03,RO,etanol,47.3000,8
2022-03-03,RO,gasolina,112.4400,17
2022-03-03,RR,diesel_s10,5.9900,1
2022-03-03,RR,etanol,6.0300,1
2022-03-03,RR,gasolina,6.4500,1
2022-03-03,RS,diesel_s10,94.2700,16
2022-03-03,RS,etanol,59.4800,9
2022-03-03,RS,gasolina,118.1400,17
2022-03-03,SC,diesel_s10,56.1800,10
2022-03-03,SC,etanol,22.7600,4
2022-03-03,SC,gasolina,72.0200,11
2022-03-03,SE,diesel_s10,33.5800,6
2022-03-03,SE,etanol,25.7300,5
2022-03-03,SE,gasolina,38.7300,6
2022-03-03,SP,diesel_s10,1207.8600,214
2022-03-03,SP,etanol,1288.9700,300
2022-03-03,SP,gasolina,1886.3800,300
2022-03-03,TO,diesel_s10,33.5000,6
2022-03-03,TO,etanol,23.8700,4
2022-03-03,TO,gasolina,40.6500,6
2022-03-04,BA,diesel_s10,18.3200,3
2022-03-04,BA,etanol,10.7600,2
2022-03-04,BA,gasolina,14.4800,2
2022-03-04,CE,diesel_s10,24.5600,4
2022-03-04,CE,etanol,29.8700,5
2022-03-04,CE,gasolina,34.6500,5
2022-03-04,ES,diesel_s10,45.8300,8
2022-03-04,ES,etanol,47.0700,8
2022-03-04,ES,gasolina,68.6100,10
2022-03-04,MS,diesel_s10,38.7200,7
2022-03-04,MS,etanol,42.2000,9
2022-03-04,MS,gasolina,57.1500,9
2022-03-04,PR,diesel_s10,5.4900,1
2022-03-04,PR,etanol,9.4600,2
2022-03-04,PR,gasolina,13.1400,2
2022-03-04,RJ,diesel_s10,61.9000,11
2022-03-04,RJ,etanol,86.5000,14
2022-03-04,RJ,gasolina,104.4500,14
2022-03-04,SC,diesel_s10,212.1900,38
2022-03-04,SC,etanol,187.7700,32
2022-03-04,SC,gasolina,294.7800,45
2022-03-04,SP,diesel_s10,23.2900,4
2022-03-04,SP,etanol,20.6700,5
2022-03-04,SP,gasolina,32.7300,5
2022-03-07,AC,diesel_s10,94.7000,15
2022-03-07,AC,etanol,36.6400,6
2022-03-07,AC,gasolina,103.0900,15
2022-03-07,AL,diesel_s10,127.1200,22
2022-03-07,AL,etanol,131.0200,26
2022-03-07,AL,gasolina,169.1700,26
2022-03-07,AM,diesel_s10,294.4200,50
2022-03-07,AM,etanol,191.5500,36
2022-03-07,AM,gasolina,441.1100,65
2022-03-07,AP,gasolina,5.8200,1
2022-03-07,BA,diesel_s10,158.1000,22
2022-03-07,BA,etanol,132.2800,24
2022-03-07,BA,gasolina,196.6100,25
2022-03-07,CE,diesel_s10,143.9200,24
2022-03-07,CE,etanol,114.4200,20
2022-03-07,CE,gasolina,150.6300,22
2022-03-07,DF,diesel_s10,61.9700,11
2022-03-07,DF,etanol,77.0100,15
2022-03-07,DF,gasolina,99.5800,15
2022-03-07,ES,diesel_s10,197.1400,36
2022-03-07,ES,etanol,207.8800,38
2022-03-07,ES,gasolina,271.3400,41
2022-03-07,GO,diesel_s10,309.4600,53
2022-03-07,GO,etanol,294.4800,63
2022-03-07,GO,gasolina,438.6300,64
2022-03-07,MA,diesel_s10,88.1300,15
2022-03-07,MA,etanol,80.3900,14
2022-03-07,MA,gasolina,113.5700,17
2022-03-07,MG,diesel_s10,710.6100,124
2022-03-07,MG,etanol,797.6100,168
2022-03-07,MG,gasolina,1164.0900,168
2022-03-07,MS,diesel_s10,120.6700,21
2022-03-07,MS,etanol,119.2000,24
2022-03-07,MS,gasolina,143.2900,22
2022-03-07,MT,diesel_s10,12.2000,2
2022-03-07,MT,etanol,8.0400,2
2022-03-07,MT,gasolina,12.6100,2
2022-03-07,PA,diesel_s10,247.2400,41
2022-03-07,PA,etanol,103.7600,17
2022-03-07,PA,gasolina,285.8300,42
2022-03-07,PB,diesel_s10,114.3100,20
2022-03-07,PB,etanol,89.6100,18
2022-03-07,PB,gasolina,129.0600,20
2022-03-07,PE,diesel_s10,276.8500,51
2022-03-07,PE,etanol,245.0400,48
2022-03-07,PE,gasolina,334.1300,52
2022-03-07,PI,diesel_s10,36.5300,6
2022-03-07,PI,etanol,27.4700,5
2022-03-07,PI,gasolina,42.5000,6
2022-03-07,PR,diesel_s10,346.9100,62
2022-03-07,PR,etanol,363.3500,75
2022-03-07,PR,gasolina,483.9000,74
2022-03-07,RJ,diesel_s10,318.8300,56
2022-03-07,RJ,etanol,399.6100,70
2022-03-07,RJ,gasolina,502.1400,70
2022-03-07,RN,diesel_s10,100.5000,17
2022-03-07,RN,etanol,89.1700,16
2022-03-07,RN,gasolina,117.2000,17
2022-03-07,RO,diesel_s10,17.9700,3
2022-03-07,RO,etanol,5.6500,1
2022-03-07,RO,gasolina,20.2300,3
2022-03-07,RS,diesel_s10,371.4700,66
2022-03-07,RS,etanol,152.8300,24
2022-03-07,RS,gasolina,456.4300,71
2022-03-07,SC,diesel_s10,268.8400,48
2022-03-07,SC,etanol,167.3000,29
2022-03-07,SC,gasolina,335.6900,52
2022-03-07,SP,diesel_s10,1886.4200,333
2022-03-07,SP,etanol,1768.2900,408
2022-03-07,SP,gasolina,2518.6300,400
2022-03-07,TO,diesel_s10,51.9900,9
2022-03-07,TO,etanol,48.5500,9
2022-03-07,TO,gasolina,75.5800,11
2022-03-08,AC,diesel_s10,82.7900,13
2022-03-08,AC,etanol,47.0500,8
2022-03-08,AC,gasolina,89.8900,13
2022-03-08,AL,diesel_s10,44.0900,7
2022-03-08,AL,etanol,41.9300,7
2022-03-08,AL,gasolina,52.4200,7
2022-03-08,AM,diesel_s10,11.1300,2
2022-03-08,AM,etanol,10.3700,2
2022-03-08,AM,gasolina,13.1600,2
2022-03-08,AP,diesel_s10,22.9500,4
2022-03-08,AP,gasolina,75.2300,13
2022-03-08,BA,diesel_s10,539.1600,76
2022-03-08,BA,etanol,485.0600,88
2022-03-08,BA,gasolina,702.4500,91
2022-03-08,CE,diesel_s10,144.6300,24
2022-03-08,CE,etanol,128.8000,23
2022-03-08,CE,gasolina,162.0600,24
2022-03-08,DF,diesel_s10,11.5100,2
2022-03-08,DF,etanol,15.8600,3
2022-03-08,DF,gasolina,19.5300,3
2022-03-08,ES,diesel_s10,44.1000,8
2022-03-08,ES,etanol,23.5100,4
2022-03-08,ES,gasolina,62.2500,9
2022-03-08,GO,diesel_s10,427.8200,72
2022-03-08,GO,etanol,423.8200,89
2022-03-08,GO,gasolina,620.6400,89
2022-03-08,MA,diesel_s10,17.7200,3
2022-03-08,MA,gasolina,21.2600,3
2022-03-08,MG,diesel_s10,579.0000,100
2022-03-08,MG,etanol,616.8600,131
2022-03-08,MG,gasolina,900.0700,131
2022-03-08,MS,diesel_s10,137.1900,23
2022-03-08,MS,etanol,147.0300,28
2022-03-08,MS,gasolina,190.5200,28
2022-03-08,MT,diesel_s10,268.1300,44
2022-03-08,MT,etanol,218.2800,52
2022-03-08,MT,gasolina,333.4900,52
2022-03-08,PA,diesel_s10,225.8900,37
2022-03-08,PA,etanol,92.2700,15
2022-03-08,PA,gasolina,294.6600,42
2022-03-08,PB,diesel_s10,196.3600,34
2022-03-08,PB,etanol,156.1700,31
2022-03-08,PB,gasolina,220.7900,34
2022-03-08,PE,diesel_s10,255.5800,45
2022-03-08,PE,etanol,256.2800,49
2022-03-08,PE,gasolina,347.1000,52
2022-03-08,PI,diesel_s10,170.4400,28
2022-03-08,PI,etanol,129.6000,24
2022-03-08,PI,gasolina,213.1500,30
2022-03-08,PR,diesel_s10,313.1300,56
2022-03-08,PR,etanol,348.0700,72
2022-03-08,PR,gasolina,463.6000,72
2022-03-08,RJ,diesel_s10,240.6700,42
2022-03-08,RJ,etanol,290.4100,50
2022-03-08,RJ,gasolina,353.9800,49
2022-03-08,RN,diesel_s10,41.7600,7
2022-03-08,RN,etanol,28.5400,5
2022-03-08,RN,gasolina,47.7200,7
2022-03-08,RO,diesel_s10,109.1700,18
2022-03-08,RO,etanol,64.4200,11
2022-03-08,RO,gasolina,147.8400,22
2022-03-08,RR,diesel_s10,29.7200,5
2022-03-08,RR,gasolina,32.0500,5
2022-03-08,RS,diesel_s10,565.2300,100
2022-03-08,RS,etanol,220.6100,35
2022-03-08,RS,gasolina,690.0300,107
2022-03-08,SC,diesel_s10,216.6300,39
2022-03-08,SC,etanol,116.4900,20
2022-03-08,SC,gasolina,267.6400,42
2022-03-08,SE,diesel_s10,170.3200,28
2022-03-08,SE,etanol,118.1200,23
2022-03-08,SE,gasolina,187.6000,29
2022-03-08,SP,diesel_s10,1763.1700,309
2022-03-08,SP,etanol,1677.3900,381
2022-03-08,SP,gasolina,2414.8800,380
2022-03-09,AP,diesel_s10,17.8100,3
2022-03-09,AP,gasolina,58.5700,10
2022-03-09,BA,diesel_s10,541.1500,75
2022-03-09,BA,etanol,492.4600,89
2022-03-09,BA,gasolina,674.5100,87
2022-03-09,CE,diesel_s10,763.5500,125
2022-03-09,CE,etanol,689.8100,123
2022-03-09,CE,gasolina,874.6200,130
2022-03-09,DF,diesel_s10,23.3200,4
2022-03-09,DF,etanol,37.8600,7
2022-03-09,DF,gasolina,46.9800,7
2022-03-09,ES,diesel_s10,178.3300,32
2022-03-09,ES,etanol,138.4900,24
2022-03-09,ES,gasolina,261.7500,38
2022-03-09,GO,diesel_s10,163.1200,28
2022-03-09,GO,etanol,145.6600,31
2022-03-09,GO,gasolina,215.3000,31
2022-03-09,MA,diesel_s10,37.1400,6
2022-03-09,MA,etanol,29.8200,5
2022-03-09,MA,gasolina,41.4300,6
2022-03-09,MG,diesel_s10,537.7000,91
2022-03-09,MG,etanol,606.6100,127
2022-03-09,MG,gasolina,871.6400,126
2022-03-09,MS,diesel_s10,17.6300,3
2022-03-09,MS,etanol,15.1700,3
2022-03-09,MS,gasolina,20.4700,3
2022-03-09,MT,diesel_s10,233.4400,38
2022-03-09,MT,etanol,175.5500,42
2022-03-09,MT,gasolina,267.6800,42
2022-03-09,PA,diesel_s10,135.6500,22
2022-03-09,PA,etanol,41.8800,7
2022-03-09,PA,gasolina,187.3900,27
2022-03-09,PB,diesel_s10,34.7600,6
2022-03-09,PB,etanol,35.3100,7
2022-03-09,PB,gasolina,38.7300,6
2022-03-09,PE,diesel_s10,225.2400,39
2022-03-09,PE,etanol,230.8100,43
2022-03-09,PE,gasolina,300.5000,44
2022-03-09,PI,diesel_s10,140.4900,23
2022-03-09,PI,etanol,103.9300,19
2022-03-09,PI,gasolina,190.9500,27
2022-03-09,PR,diesel_s10,600.2100,103
2022-03-09,PR,etanol,578.9600,120
2022-03-09,PR,gasolina,774.4400,120
2022-03-09,RJ,diesel_s10,494.9100,86
2022-03-09,RJ,etanol,598.5200,106
2022-03-09,RJ,gasolina,771.1400,108
2022-03-09,RN,diesel_s10,203.6100,33
2022-03-09,RN,etanol,217.5300,39
2022-03-09,RN,gasolina,246.5900,34
2022-03-09,RO,diesel_s10,122.0600,20
2022-03-09,RO,etanol,67.3800,11
2022-03-09,RO,gasolina,157.3900,23
2022-03-09,RR,diesel_s10,47.6000,8
2022-03-09,RR,etanol,11.9900,2
2022-03-09,RR,gasolina,51.8000,8
2022-03-09,RS,diesel_s10,380.3500,67
2022-03-09,RS,etanol,128.3600,21
2022-03-09,RS,gasolina,507.7300,80
2022-03-09,SC,diesel_s10,297.8500,53
2022-03-09,SC,etanol,270.1400,46
2022-03-09,SC,gasolina,424.6000,65
2022-03-09,SP,diesel_s10,1946.5100,340
2022-03-09,SP,etanol,1934.1900,444
2022-03-09,SP,gasolina,2763.7100,441
2022-03-09,TO,diesel_s10,81.8400,14
2022-03-09,TO,etanol,78.9100,14
2022-03-09,TO,gasolina,104.6500,15
2022-03-10,AC,diesel_s10,67.8600,10
2022-03-10,AC,etanol,26.4200,4
2022-03-10,AC,gasolina,72.9400,10
2022-03-10,AL,diesel_s10,41.3400,7
2022-03-10,AL,etanol,38.1000,7
2022-03-10,AL,gasolina,54.3600,8
2022-03-10,BA,diesel_s10,139.5400,20
2022-03-10,BA,etanol,106.1300,20
2022-03-10,BA,gasolina,152.6300,20
2022-03-10,CE,diesel_s10,68.9000,11
2022-03-10,CE,etanol,58.5900,10
2022-03-10,CE,gasolina,75.4900,11
2022-03-10,DF,diesel_s10,100.0100,17
2022-03-10,DF,etanol,120.9500,22
2022-03-10,DF,gasolina,149.8800,22
2022-03-10,ES,diesel_s10,125.9900,22
2022-03-10,ES,etanol,94.0100,18
2022-03-10,ES,gasolina,176.3600,26
2022-03-10,GO,diesel_s10,150.7900,25
2022-03-10,GO,etanol,154.7600,32
2022-03-10,GO,gasolina,219.1600,31
2022-03-10,MA,diesel_s10,306.9100,49
2022-03-10,MA,etanol,162.4400,29
2022-03-10,MA,gasolina,347.4100,51
2022-03-10,MG,diesel_s10,404.4000,66
2022-03-10,MG,etanol,399.0400,82
2022-03-10,MG,gasolina,575.9300,81
2022-03-10,MS,diesel_s10,121.3400,20
2022-03-10,MS,etanol,110.3700,23
2022-03-10,MS,gasolina,152.3500,23
2022-03-10,MT,diesel_s10,207.7000,33
2022-03-10,MT,etanol,170.3300,40
2022-03-10,MT,gasolina,259.7600,40
2022-03-10,PA,diesel_s10,27.1100,4
2022-03-10,PA,etanol,21.9400,4
2022-03-10,PA,gasolina,42.4900,6
2022-03-10,PB,diesel_s10,5.7800,1
2022-03-10,PB,etanol,10.2400,2
2022-03-10,PB,gasolina,12.9300,2
2022-03-10,PE,diesel_s10,79.6100,14
2022-03-10,PE,etanol,82.0200,16
2022-03-10,PE,gasolina,98.6100,15
2022-03-10,PI,diesel_s10,30.8700,5
2022-03-10,PI,etanol,21.0200,4
2022-03-10,PI,gasolina,35.7100,5
2022-03-10,PR,diesel_s10,209.7300,34
2022-03-10,PR,etanol,196.6800,40
2022-03-10,PR,gasolina,269.5600,40
2022-03-10,RJ,diesel_s10,372.3100,64
2022-03-10,RJ,etanol,430.9300,76
2022-03-10,RJ,gasolina,562.7500,78
2022-03-10,RO,diesel_s10,24.5500,4
2022-03-10,RO,etanol,6.2900,1
2022-03-10,RO,gasolina,28.1500,4
2022-03-10,RS,diesel_s10,435.4500,74
2022-03-10,RS,etanol,153.7000,26
2022-03-10,RS,gasolina,563.5800,88
2022-03-10,SC,diesel_s10,135.2100,23
2022-03-10,SC,etanol,71.0800,12
2022-03-10,SC,gasolina,171.2500,26
2022-03-10,SP,diesel_s10,1303.5100,221
2022-03-10,SP,etanol,1346.4100,303
2022-03-10,SP,gasolina,1954.9000,303
2022-03-10,TO,diesel_s10,35.2700,6
2022-03-10,TO,etanol,17.3700,3
2022-03-10,TO,gasolina,41.2800,6
2022-03-11,MG,diesel_s10,6.9900,1
2022-03-11,MG,etanol,6.3900,1
2022-03-11,MG,gasolina,7.5900,1
2022-03-11,MS,etanol,4.6600,1
2022-03-11,MS,gasolina,6.8800,1
2022-03-11,RJ,diesel_s10,26.4800,4
2022-03-11,RJ,etanol,29.4500,5
2022-03-11,RJ,gasolina,39.0900,5
2022-03-11,SC,diesel_s10,87.0200,13
2022-03-11,SC,etanol,64.7600,11
2022-03-11,SC,gasolina,114.0100,16
2022-03-11,SE,diesel_s10,31.1800,5
2022-03-11,SE,etanol,31.0600,6
2022-03-11,SE,gasolina,40.6300,6
2022-03-14,AC,diesel_s10,77.3000,10
2022-03-14,AC,etanol,28.0300,4
2022-03-14,AC,gasolina,78.1800,10
2022-03-14,AL,diesel_s10,225.7400,32
2022-03-14,AL,etanol,191.9100,36
2022-03-14,AL,gasolina,273.0400,37
2022-03-14,AM,diesel_s10,131.7800,19
2022-03-14,AM,etanol,78.9700,14
2022-03-14,AM,gasolina,190.6500,25
2022-03-14,AP,diesel_s10,6.1800,1
2022-03-14,AP,gasolina,12.3200,2
2022-03-14,BA,diesel_s10,214.6300,30
2022-03-14,BA,etanol,201.8600,37
2022-03-14,BA,gasolina,283.1600,37
2022-03-14,CE,diesel_s10,580.5500,82
2022-03-14,CE,etanol,484.2100,82
2022-03-14,CE,gasolina,626.1300,82
2022-03-14,DF,diesel_s10,46.7800,7
2022-03-14,DF,etanol,59.8400,11
2022-03-14,DF,gasolina,82.5900,11
2022-03-14,ES,diesel_s10,297.9600,46
2022-03-14,ES,etanol,246.6600,44
2022-03-14,ES,gasolina,376.1700,51
2022-03-14,GO,diesel_s10,403.8700,56
2022-03-14,GO,etanol,328.2900,66
2022-03-14,GO,gasolina,499.9800,66
2022-03-14,MA,diesel_s10,37.5100,5
2022-03-14,MA,etanol,18.9400,3
2022-03-14,MA,gasolina,40.1000,5
2022-03-14,MG,diesel_s10,822.8100,122
2022-03-14,MG,etanol,786.6500,156
2022-03-14,MG,gasolina,1185.9600,157
2022-03-14,MS,diesel_s10,67.9200,10
2022-03-14,MS,etanol,59.1600,11
2022-03-14,MS,gasolina,82.8800,11
2022-03-14,MT,diesel_s10,179.2500,26
2022-03-14,MT,etanol,154.7100,34
2022-03-14,MT,gasolina,221.4500,32
2022-03-14,PA,diesel_s10,286.3800,41
2022-03-14,PA,etanol,69.0800,11
2022-03-14,PA,gasolina,359.2400,48
2022-03-14,PB,diesel_s10,193.7800,29
2022-03-14,PB,etanol,135.6900,27
2022-03-14,PB,gasolina,210.3900,30
2022-03-14,PE,diesel_s10,325.2300,49
2022-03-14,PE,etanol,248.4300,47
2022-03-14,PE,gasolina,359.6500,50
2022-03-14,PI,diesel_s10,149.1200,21
2022-03-14,PI,etanol,109.9500,19
2022-03-14,PI,gasolina,182.7800,23
2022-03-14,PR,diesel_s10,143.1200,21
2022-03-14,PR,etanol,137.3600,27
2022-03-14,PR,gasolina,198.6700,28
2022-03-14,RJ,diesel_s10,249.7900,37
2022-03-14,RJ,etanol,250.3500,43
2022-03-14,RJ,gasolina,335.0600,43
2022-03-14,RN,diesel_s10,114.7500,16
2022-03-14,RN,etanol,87.2700,15
2022-03-14,RN,gasolina,125.1700,16
2022-03-14,RO,diesel_s10,6.9900,1
2022-03-14,RO,etanol,5.8900,1
2022-03-14,RO,gasolina,7.3900,1
2022-03-14,RR,diesel_s10,6.9500,1
2022-03-14,RR,gasolina,7.1100,1
2022-03-14,RS,diesel_s10,302.5800,46
2022-03-14,RS,etanol,99.6200,16
2022-03-14,RS,gasolina,323.3600,46
2022-03-14,SC,diesel_s10,303.0200,45
2022-03-14,SC,etanol,190.7800,32
2022-03-14,SC,gasolina,348.3200,49
2022-03-14,SP,diesel_s10,1881.7900,283
2022-03-14,SP,etanol,1641.5400,352
2022-03-14,SP,gasolina,2354.2900,344
2022-03-14,TO,diesel_s10,131.8900,19
2022-03-14,TO,etanol,97.7100,17
2022-03-14,TO,gasolina,159.1100,21
2022-03-15,AC,diesel_s10,185.5300,25
2022-03-15,AC,etanol,95.9400,16
2022-03-15,AC,gasolina,195.0200,26
2022-03-15,AL,diesel_s10,48.3600,7
2022-03-15,AL,etanol,38.5100,7
2022-03-15,AL,gasolina,58.5900,8
2022-03-15,BA,diesel_s10,551.2700,81
2022-03-15,BA,etanol,457.3700,84
2022-03-15,BA,gasolina,667.6300,89
2022-03-15,CE,diesel_s10,51.3300,7
2022-03-15,CE,etanol,37.8000,6
2022-03-15,CE,gasolina,55.6700,7
2022-03-15,DF,diesel_s10,157.7500,23
2022-03-15,DF,etanol,145.7500,26
2022-03-15,DF,gasolina,191.2600,26
2022-03-15,ES,diesel_s10,70.4800,11
2022-03-15,ES,etanol,38.8300,7
2022-03-15,ES,gasolina,119.3100,16
2022-03-15,GO,diesel_s10,289.2200,41
2022-03-15,GO,etanol,287.9400,58
2022-03-15,GO,gasolina,430.8400,58
2022-03-15,MA,diesel_s10,14.4400,2
2022-03-15,MA,gasolina,15.9300,2
2022-03-15,MG,diesel_s10,816.5000,120
2022-03-15,MG,etanol,775.2900,153
2022-03-15,MG,gasolina,1154.5200,153
2022-03-15,MS,diesel_s10,102.3500,15
2022-03-15,MS,etanol,68.9500,13
2022-03-15,MS,gasolina,105.3300,14
2022-03-15,MT,diesel_s10,146.8100,20
2022-03-15,MT,etanol,96.5700,20
2022-03-15,MT,gasolina,147.8500,20
2022-03-15,PA,diesel_s10,198.4300,28
2022-03-15,PA,etanol,91.8200,15
2022-03-15,PA,gasolina,215.7600,29
2022-03-15,PB,diesel_s10,125.8700,18
2022-03-15,PB,etanol,89.8200,17
2022-03-15,PB,gasolina,139.4400,19
2022-03-15,PE,diesel_s10,272.0500,41
2022-03-15,PE,etanol,201.6900,37
2022-03-15,PE,gasolina,292.1400,40
2022-03-15,PI,diesel_s10,97.6800,14
2022-03-15,PI,etanol,62.3300,11
2022-03-15,PI,gasolina,140.3200,18
2022-03-15,PR,diesel_s10,369.9600,55
2022-03-15,PR,etanol,358.6500,70
2022-03-15,PR,gasolina,497.0800,70
2022-03-15,RJ,diesel_s10,756.4200,114
2022-03-15,RJ,etanol,804.4700,137
2022-03-15,RJ,gasolina,1087.0400,140
2022-03-15,RN,diesel_s10,48.5300,7
2022-03-15,RN,etanol,28.5400,5
2022-03-15,RN,gasolina,52.9500,7
2022-03-15,RO,diesel_s10,55.2100,8
2022-03-15,RO,etanol,53.7200,9
2022-03-15,RO,gasolina,81.1900,11
2022-03-15,RR,diesel_s10,34.7500,5
2022-03-15,RR,gasolina,35.5500,5
2022-03-15,RS,diesel_s10,514.0200,78
2022-03-15,RS,etanol,213.0700,34
2022-03-15,RS,gasolina,660.2800,94
2022-03-15,SC,diesel_s10,26.9100,4
2022-03-15,SC,etanol,18.6100,3
2022-03-15,SC,gasolina,36.5000,5
2022-03-15,SE,diesel_s10,67.3500,10
2022-03-15,SE,etanol,21.8400,4
2022-03-15,SE,gasolina,72.5300,10
2022-03-15,SP,diesel_s10,1849.7100,280
2022-03-15,SP,etanol,1680.7900,358
2022-03-15,SP,gasolina,2454.3700,357
2022-03-16,AM,diesel_s10,21.1700,3
2022-03-16,AM,etanol,20.8600,4
2022-03-16,AM,gasolina,84.3900,11
2022-03-16,AP,diesel_s10,13.0700,2
2022-03-16,AP,gasolina,94.1500,15
2022-03-16,BA,diesel_s10,346.7700,51
2022-03-16,BA,etanol,339.6500,61
2022-03-16,BA,gasolina,464.7400,62
2022-03-16,CE,diesel_s10,393.6100,56
2022-03-16,CE,etanol,286.3000,48
2022-03-16,CE,gasolina,427.9000,56
2022-03-16,DF,diesel_s10,53.9900,8
2022-03-16,DF,etanol,56.6800,10
2022-03-16,DF,gasolina,74.1100,10
2022-03-16,ES,diesel_s10,127.2500,20
2022-03-16,ES,etanol,96.8000,17
2022-03-16,ES,gasolina,176.8800,24
2022-03-16,GO,diesel_s10,192.5500,28
2022-03-16,GO,etanol,167.2600,34
2022-03-16,GO,gasolina,252.0100,34
2022-03-16,MA,diesel_s10,436.9000,63
2022-03-16,MA,etanol,241.6100,41
2022-03-16,MA,gasolina,468.9000,64
2022-03-16,MG,diesel_s10,492.8300,73
2022-03-16,MG,etanol,523.7100,103
2022-03-16,MG,gasolina,779.1100,103
2022-03-16,MS,diesel_s10,202.2600,31
2022-03-16,MS,etanol,183.9000,37
2022-03-16,MS,gasolina,250.9400,36
2022-03-16,MT,diesel_s10,241.4100,35
2022-03-16,MT,etanol,188.0900,41
2022-03-16,MT,gasolina,285.3800,41
2022-03-16,PA,diesel_s10,155.6700,21
2022-03-16,PA,etanol,42.0300,7
2022-03-16,PA,gasolina,211.5700,27
2022-03-16,PB,diesel_s10,19.9500,3
2022-03-16,PB,etanol,15.1900,3
2022-03-16,PB,gasolina,20.9700,3
2022-03-16,PE,diesel_s10,321.5500,49
2022-03-16,PE,etanol,261.5500,48
2022-03-16,PE,gasolina,371.1500,51
2022-03-16,PI,diesel_s10,76.7400,11
2022-03-16,PI,etanol,64.0800,11
2022-03-16,PI,gasolina,96.2600,12
2022-03-16,PR,diesel_s10,667.6700,100
2022-03-16,PR,etanol,619.5100,119
2022-03-16,PR,gasolina,889.5200,123
2022-03-16,RJ,diesel_s10,514.5700,78
2022-03-16,RJ,etanol,526.6600,90
2022-03-16,RJ,gasolina,702.1200,91
2022-03-16,RN,diesel_s10,233.8300,33
2022-03-16,RN,etanol,226.2000,39
2022-03-16,RN,gasolina,279.0400,35
2022-03-16,RO,diesel_s10,110.0800,16
2022-03-16,RO,etanol,29.9500,5
2022-03-16,RO,gasolina,132.8600,18
2022-03-16,RR,diesel_s10,48.5700,7
2022-03-16,RR,etanol,5.9300,1
2022-03-16,RR,gasolina,49.6500,7
2022-03-16,RS,diesel_s10,577.6700,88
2022-03-16,RS,etanol,147.0200,24
2022-03-16,RS,gasolina,714.0700,101
2022-03-16,SC,diesel_s10,123.0300,19
2022-03-16,SC,etanol,83.0300,14
2022-03-16,SC,gasolina,148.2200,21
2022-03-16,SE,diesel_s10,94.2400,14
2022-03-16,SE,etanol,75.9500,14
2022-03-16,SE,gasolina,102.9200,14
2022-03-16,SP,diesel_s10,1974.5800,299
2022-03-16,SP,etanol,1920.9300,409
2022-03-16,SP,gasolina,2789.1200,405
2022-03-16,TO,diesel_s10,56.3400,8
2022-03-16,TO,etanol,39.6500,7
2022-03-16,TO,gasolina,67.2100,9
2022-03-17,AL,diesel_s10,34.6400,5
2022-03-17,AL,etanol,21.5600,4
2022-03-17,AL,gasolina,43.8900,6
2022-03-17,AM,diesel_s10,97.8500,15
2022-03-17,AM,etanol,80.1300,15
2022-03-17,AM,gasolina,109.3500,15
2022-03-17,AP,diesel_s10,6.7500,1
2022-03-17,AP,gasolina,12.8300,2
2022-03-17,BA,diesel_s10,189.0200,27
2022-03-17,BA,etanol,151.8900,27
2022-03-17,BA,gasolina,194.6900,25
2022-03-17,CE,diesel_s10,160.6900,23
2022-03-17,CE,etanol,143.3600,23
2022-03-17,CE,gasolina,179.8200,23
2022-03-17,ES,diesel_s10,46.7900,7
2022-03-17,ES,etanol,42.1600,7
2022-03-17,ES,gasolina,59.3100,8
2022-03-17,GO,diesel_s10,203.7900,29
2022-03-17,GO,etanol,171.7000,35
2022-03-17,GO,gasolina,260.0800,35
2022-03-17,MA,diesel_s10,29.2100,4
2022-03-17,MA,etanol,6.5200,1
2022-03-17,MA,gasolina,37.3100,5
2022-03-17,MG,diesel_s10,380.2900,56
2022-03-17,MG,etanol,351.8200,68
2022-03-17,MG,gasolina,510.4000,67
2022-03-17,MS,diesel_s10,104.5100,16
2022-03-17,MS,etanol,96.9300,19
2022-03-17,MS,gasolina,134.2700,19
2022-03-17,MT,diesel_s10,172.1300,25
2022-03-17,MT,etanol,115.2600,25
2022-03-17,MT,gasolina,180.8200,26
2022-03-17,PA,diesel_s10,70.5700,10
2022-03-17,PA,etanol,35.8100,6
2022-03-17,PA,gasolina,75.2500,10
2022-03-17,PB,diesel_s10,46.1700,7
2022-03-17,PB,etanol,50.9900,10
2022-03-17,PB,gasolina,76.8600,11
2022-03-17,PE,diesel_s10,169.6800,25
2022-03-17,PE,etanol,158.2800,28
2022-03-17,PE,gasolina,205.2500,27
2022-03-17,PI,diesel_s10,57.1800,8
2022-03-17,PI,etanol,41.5300,7
2022-03-17,PI,gasolina,65.5200,8
2022-03-17,PR,diesel_s10,258.3100,39
2022-03-17,PR,etanol,262.6300,50
2022-03-17,PR,gasolina,356.3300,49
2022-03-17,RJ,diesel_s10,219.1100,33
2022-03-17,RJ,etanol,246.0400,40
2022-03-17,RJ,gasolina,320.3700,40
2022-03-17,RO,diesel_s10,109.0900,16
2022-03-17,RO,etanol,57.4100,9
2022-03-17,RO,gasolina,137.3600,18
2022-03-17,RS,diesel_s10,541.8400,84
2022-03-17,RS,etanol,176.2600,28
2022-03-17,RS,gasolina,700.8300,101
2022-03-17,SC,diesel_s10,550.1700,83
2022-03-17,SC,etanol,405.1800,68
2022-03-17,SC,gasolina,786.0700,109
2022-03-17,SE,diesel_s10,96.0800,14
2022-03-17,SE,etanol,77.4100,14
2022-03-17,SE,gasolina,104.2400,14
2022-03-17,SP,diesel_s10,1683.7700,256
2022-03-17,SP,etanol,1534.8600,326
2022-03-17,SP,gasolina,2236.3600,327
2022-03-17,TO,diesel_s10,39.5600,6
2022-03-17,TO,etanol,18.0300,3
2022-03-17,TO,gasolina,43.7500,6
2022-03-21,AL,diesel_s10,109.9600,15
2022-03-21,AL,etanol,86.2900,15
2022-03-21,AL,gasolina,123.0500,16
2022-03-21,AM,diesel_s10,191.0400,28
2022-03-21,AM,etanol,120.7900,22
2022-03-21,AM,gasolina,309.1900,41
2022-03-21,AP,gasolina,6.2500,1
2022-03-21,BA,diesel_s10,270.2500,39
2022-03-21,BA,etanol,248.5000,43
2022-03-21,BA,gasolina,344.4600,44
2022-03-21,CE,diesel_s10,123.2600,17
2022-03-21,CE,etanol,90.9900,15
2022-03-21,CE,gasolina,123.9600,16
2022-03-21,ES,diesel_s10,316.5900,50
2022-03-21,ES,etanol,240.5900,42
2022-03-21,ES,gasolina,420.3700,57
2022-03-21,GO,diesel_s10,429.2900,61
2022-03-21,GO,etanol,368.9500,75
2022-03-21,GO,gasolina,568.0400,76
2022-03-21,MA,diesel_s10,90.2100,13
2022-03-21,MA,etanol,69.7800,12
2022-03-21,MA,gasolina,109.2800,15
2022-03-21,MG,diesel_s10,847.6000,127
2022-03-21,MG,etanol,830.1800,164
2022-03-21,MG,gasolina,1235.8500,165
2022-03-21,MS,diesel_s10,73.6000,11
2022-03-21,MS,etanol,53.6600,10
2022-03-21,MS,gasolina,74.6400,10
2022-03-21,MT,diesel_s10,157.9700,23
2022-03-21,MT,etanol,128.9200,27
2022-03-21,MT,gasolina,188.1000,27
2022-03-21,PA,diesel_s10,226.4600,33
2022-03-21,PA,etanol,58.5000,10
2022-03-21,PA,gasolina,300.1600,40
2022-03-21,PB,diesel_s10,182.3300,27
2022-03-21,PB,etanol,129.5800,25
2022-03-21,PB,gasolina,197.4400,28
2022-03-21,PE,diesel_s10,370.6000,56
2022-03-21,PE,etanol,293.3800,53
2022-03-21,PE,gasolina,420.1700,57
2022-03-21,PI,diesel_s10,128.4900,18
2022-03-21,PI,etanol,116.5700,20
2022-03-21,PI,gasolina,169.5100,21
2022-03-21,PR,diesel_s10,720.4000,109
2022-03-21,PR,etanol,619.8900,122
2022-03-21,PR,gasolina,864.4300,121
2022-03-21,RJ,diesel_s10,501.2500,76
2022-03-21,RJ,etanol,523.8900,90
2022-03-21,RJ,gasolina,688.7000,90
2022-03-21,RN,diesel_s10,107.9600,16
2022-03-21,RN,etanol,81.6200,14
2022-03-21,RN,gasolina,125.0800,16
2022-03-21,RO,diesel_s10,13.8800,2
2022-03-21,RO,etanol,5.8900,1
2022-03-21,RO,gasolina,29.0600,4
2022-03-21,RS,diesel_s10,607.8100,94
2022-03-21,RS,etanol,208.1600,33
2022-03-21,RS,gasolina,761.0900,110
2022-03-21,SC,diesel_s10,347.8200,53
2022-03-21,SC,etanol,189.9700,32
2022-03-21,SC,gasolina,405.4400,58
2022-03-21,SE,diesel_s10,88.4300,13
2022-03-21,SE,etanol,72.6400,13
2022-03-21,SE,gasolina,96.8100,13
2022-03-21,SP,diesel_s10,2231.1800,341
2022-03-21,SP,etanol,1981.6400,424
2022-03-21,SP,gasolina,2860.7500,418
2022-03-21,TO,diesel_s10,104.6000,15
2022-03-21,TO,etanol,82.8000,14
2022-03-21,TO,gasolina,128.1900,17
2022-03-22,AC,diesel_s10,206.0200,28
2022-03-22,AC,etanol,107.1200,18
2022-03-22,AC,gasolina,217.1100,29
2022-03-22,AL,diesel_s10,41.1100,6
2022-03-22,AL,etanol,43.8600,8
2022-03-22,AL,gasolina,58.5800,8
2022-03-22,AM,diesel_s10,46.9900,7
2022-03-22,AM,etanol,26.8800,5
2022-03-22,AM,gasolina,65.2500,9
2022-03-22,AP,gasolina,6.2500,1
2022-03-22,BA,diesel_s10,298.1400,45
2022-03-22,BA,etanol,290.0500,53
2022-03-22,BA,gasolina,396.4600,55
2022-03-22,CE,diesel_s10,697.7100,101
2022-03-22,CE,etanol,610.6800,103
2022-03-22,CE,gasolina,778.0200,104
2022-03-22,DF,diesel_s10,83.4600,12
2022-03-22,DF,etanol,85.4800,15
2022-03-22,DF,gasolina,106.8900,15
2022-03-22,ES,diesel_s10,37.2400,6
2022-03-22,ES,etanol,17.2700,3
2022-03-22,ES,gasolina,51.7300,7
2022-03-22,GO,diesel_s10,243.6400,35
2022-03-22,GO,etanol,205.3100,42
2022-03-22,GO,gasolina,308.6900,42
2022-03-22,MA,diesel_s10,54.3200,8
2022-03-22,MA,etanol,12.3500,2
2022-03-22,MA,gasolina,68.3500,9
2022-03-22,MG,diesel_s10,672.4300,100
2022-03-22,MG,etanol,753.4900,147
2022-03-22,MG,gasolina,1107.8600,147
2022-03-22,MS,diesel_s10,67.2300,10
2022-03-22,MS,etanol,67.6400,13
2022-03-22,MS,gasolina,99.4300,14
2022-03-22,MT,diesel_s10,70.1800,10
2022-03-22,MT,etanol,61.6200,13
2022-03-22,MT,gasolina,91.6400,13
2022-03-22,PA,diesel_s10,345.3300,49
2022-03-22,PA,etanol,131.6200,21
2022-03-22,PA,gasolina,403.1200,54
2022-03-22,PB,diesel_s10,121.9700,18
2022-03-22,PB,etanol,79.4300,15
2022-03-22,PB,gasolina,137.4000,19
2022-03-22,PE,diesel_s10,334.3000,52
2022-03-22,PE,etanol,284.4200,52
2022-03-22,PE,gasolina,410.8500,57
2022-03-22,PI,diesel_s10,48.5000,7
2022-03-22,PI,etanol,22.4800,4
2022-03-22,PI,gasolina,53.9300,7
2022-03-22,PR,diesel_s10,463.2900,70
2022-03-22,PR,etanol,444.2000,86
2022-03-22,PR,gasolina,618.2600,86
2022-03-22,RJ,diesel_s10,591.7200,91
2022-03-22,RJ,etanol,609.5700,101
2022-03-22,RJ,gasolina,808.7200,103
2022-03-22,RN,diesel_s10,46.9100,7
2022-03-22,RN,etanol,28.3900,5
2022-03-22,RN,gasolina,50.5600,7
2022-03-22,RO,diesel_s10,129.9600,19
2022-03-22,RO,etanol,72.8300,12
2022-03-22,RO,gasolina,169.9800,23
2022-03-22,RR,diesel_s10,20.4100,3
2022-03-22,RR,etanol,12.7200,2
2022-03-22,RR,gasolina,28.3000,4
2022-03-22,RS,diesel_s10,363.1300,56
2022-03-22,RS,etanol,131.8300,21
2022-03-22,RS,gasolina,440.8500,62
2022-03-22,SC,diesel_s10,247.6100,38
2022-03-22,SC,etanol,131.6800,22
2022-03-22,SC,gasolina,304.0600,43
2022-03-22,SE,diesel_s10,147.2600,22
2022-03-22,SE,etanol,87.0500,16
2022-03-22,SE,gasolina,160.6300,22
2022-03-22,SP,diesel_s10,2162.0800,330
2022-03-22,SP,etanol,1922.7000,409
2022-03-22,SP,gasolina,2796.8600,407
2022-03-22,TO,diesel_s10,55.1400,8
2022-03-22,TO,etanol,48.1400,8
2022-03-22,TO,gasolina,68.3200,9
2022-03-23,AC,diesel_s10,77.5600,10
2022-03-23,AC,etanol,28.0300,4
2022-03-23,AC,gasolina,77.7000,10
2022-03-23,AL,diesel_s10,149.2900,22
2022-03-23,AL,etanol,140.6400,27
2022-03-23,AL,gasolina,191.6200,27
2022-03-23,AM,diesel_s10,12.9800,2
2022-03-23,AM,etanol,10.7800,2
2022-03-23,AM,gasolina,14.5800,2
2022-03-23,AP,diesel_s10,52.7100,8
2022-03-23,AP,etanol,6.4500,1
2022-03-23,AP,gasolina,139.2300,22
2022-03-23,BA,diesel_s10,487.9600,72
2022-03-23,BA,etanol,467.2900,84
2022-03-23,BA,gasolina,599.7300,82
2022-03-23,CE,diesel_s10,380.4200,54
2022-03-23,CE,etanol,296.2800,49
2022-03-23,CE,gasolina,444.5400,58
2022-03-23,DF,diesel_s10,103.2700,15
2022-03-23,DF,etanol,97.5700,17
2022-03-23,DF,gasolina,121.3300,17
2022-03-23,ES,diesel_s10,83.1300,13
2022-03-23,ES,etanol,72.6800,13
2022-03-23,ES,gasolina,124.6900,17
2022-03-23,GO,diesel_s10,167.7200,24
2022-03-23,GO,etanol,154.3400,31
2022-03-23,GO,gasolina,229.9300,31
2022-03-23,MA,diesel_s10,208.2700,30
2022-03-23,MA,etanol,103.8700,18
2022-03-23,MA,gasolina,223.8700,31
2022-03-23,MG,diesel_s10,562.9500,83
2022-03-23,MG,etanol,612.0900,117
2022-03-23,MG,gasolina,878.3900,115
2022-03-23,MS,diesel_s10,80.6800,12
2022-03-23,MS,etanol,89.8900,17
2022-03-23,MS,gasolina,139.4000,19
2022-03-23,MT,diesel_s10,235.8100,34
2022-03-23,MT,etanol,183.9200,38
2022-03-23,MT,gasolina,266.8800,38
2022-03-23,PA,diesel_s10,101.3700,14
2022-03-23,PA,etanol,61.0300,10
2022-03-23,PA,gasolina,112.8600,15
2022-03-23,PB,diesel_s10,39.8200,6
2022-03-23,PB,etanol,32.0800,6
2022-03-23,PB,gasolina,42.3200,6
2022-03-23,PE,diesel_s10,273.7500,42
2022-03-23,PE,etanol,255.8900,48
2022-03-23,PE,gasolina,344.2200,48
2022-03-23,PI,diesel_s10,118.2000,17
2022-03-23,PI,etanol,75.8000,13
2022-03-23,PI,gasolina,165.0000,21
2022-03-23,PR,diesel_s10,427.6800,65
2022-03-23,PR,etanol,456.0500,86
2022-03-23,PR,gasolina,612.5100,85
2022-03-23,RJ,diesel_s10,440.6800,67
2022-03-23,RJ,etanol,497.5400,84
2022-03-23,RJ,gasolina,648.5700,84
2022-03-23,RN,diesel_s10,232.2100,33
2022-03-23,RN,etanol,232.8900,40
2022-03-23,RN,gasolina,276.7700,35
2022-03-23,RO,diesel_s10,68.0000,10
2022-03-23,RO,etanol,30.4500,5
2022-03-23,RO,gasolina,75.9400,10
2022-03-23,RR,diesel_s10,60.7600,9
2022-03-23,RR,etanol,24.1300,4
2022-03-23,RR,gasolina,63.7100,9
2022-03-23,RS,diesel_s10,714.7500,111
2022-03-23,RS,etanol,197.2600,32
2022-03-23,RS,gasolina,878.7600,127
2022-03-23,SC,diesel_s10,30.9800,5
2022-03-23,SC,etanol,18.2700,3
2022-03-23,SC,gasolina,35.8600,5
2022-03-23,SE,diesel_s10,19.8200,3
2022-03-23,SE,etanol,11.3200,2
2022-03-23,SE,gasolina,21.9700,3
2022-03-23,SP,diesel_s10,1985.8900,301
2022-03-23,SP,etanol,1852.5700,394
2022-03-23,SP,gasolina,2671.2300,388
2022-03-23,TO,diesel_s10,68.6400,10
2022-03-23,TO,etanol,46.7800,8
2022-03-23,TO,gasolina,74.7500,10
2022-03-24,BA,diesel_s10,285.8200,43
2022-03-24,BA,etanol,256.3200,47
2022-03-24,BA,gasolina,329.9900,45
2022-03-24,CE,diesel_s10,96.7200,14
2022-03-24,CE,etanol,91.2300,15
2022-03-24,CE,gasolina,113.0000,15
2022-03-24,DF,diesel_s10,74.5000,11
2022-03-24,DF,etanol,87.5400,15
2022-03-24,DF,gasolina,111.1200,15
2022-03-24,ES,diesel_s10,186.0500,29
2022-03-24,ES,etanol,150.6600,26
2022-03-24,ES,gasolina,240.2500,33
2022-03-24,GO,diesel_s10,245.0500,36
2022-03-24,GO,etanol,223.0600,45
2022-03-24,GO,gasolina,316.0700,43
2022-03-24,MA,diesel_s10,255.2400,37
2022-03-24,MA,etanol,133.9200,23
2022-03-24,MA,gasolina,264.3000,37
2022-03-24,MG,diesel_s10,340.3700,50
2022-03-24,MG,etanol,324.9600,62
2022-03-24,MG,gasolina,459.5000,60
2022-03-24,MS,diesel_s10,46.9800,7
2022-03-24,MS,etanol,47.0300,9
2022-03-24,MS,gasolina,57.8600,8
2022-03-24,MT,diesel_s10,247.0900,36
2022-03-24,MT,etanol,205.3200,43
2022-03-24,MT,gasolina,297.7500,43
2022-03-24,PA,diesel_s10,37.2900,5
2022-03-24,PA,gasolina,54.7800,7
2022-03-24,PB,diesel_s10,60.1600,9
2022-03-24,PB,etanol,57.8400,11
2022-03-24,PB,gasolina,70.0700,10
2022-03-24,PE,diesel_s10,26.3300,4
2022-03-24,PE,etanol,27.1700,5
2022-03-24,PE,gasolina,36.4600,5
2022-03-24,PI,diesel_s10,120.9800,17
2022-03-24,PI,etanol,105.8800,18
2022-03-24,PI,gasolina,155.4300,19
2022-03-24,PR,diesel_s10,131.2900,20
2022-03-24,PR,etanol,119.4000,24
2022-03-24,PR,gasolina,162.4100,23
2022-03-24,RJ,diesel_s10,199.4500,30
2022-03-24,RJ,etanol,236.5700,39
2022-03-24,RJ,gasolina,315.0400,40
2022-03-24,RO,diesel_s10,53.9400,8
2022-03-24,RO,etanol,25.9600,4
2022-03-24,RO,gasolina,61.4600,8
2022-03-24,RS,diesel_s10,250.4400,39
2022-03-24,RS,etanol,94.5600,15
2022-03-24,RS,gasolina,331.2500,48
2022-03-24,SC,diesel_s10,303.9500,46
2022-03-24,SC,etanol,277.2700,46
2022-03-24,SC,gasolina,474.0900,67
2022-03-24,SE,diesel_s10,45.7000,7
2022-03-24,SE,etanol,32.2800,6
2022-03-24,SE,gasolina,49.9900,7
2022-03-24,SP,diesel_s10,1225.4200,187
2022-03-24,SP,etanol,1222.0700,263
2022-03-24,SP,gasolina,1775.2300,262
2022-03-25,MS,diesel_s10,6.2900,1
2022-03-25,MS,etanol,9.9700,2
2022-03-25,MS,gasolina,13.8600,2
2022-03-25,PE,diesel_s10,38.2700,6
2022-03-25,PE,etanol,33.3000,6
2022-03-25,PE,gasolina,44.5200,6
2022-03-25,RJ,diesel_s10,40.0900,6
2022-03-25,RJ,etanol,47.2300,7
2022-03-25,RJ,gasolina,58.4300,7
2022-03-25,SC,diesel_s10,152.4200,23
2022-03-25,SC,etanol,101.5800,17
2022-03-25,SC,gasolina,179.6000,26
2022-03-25,SP,diesel_s10,191.7800,29
2022-03-25,SP,etanol,138.9100,30
2022-03-25,SP,gasolina,205.5300,30
2022-03-28,AL,diesel_s10,202.9800,29
2022-03-28,AL,etanol,160.0000,29
2022-03-28,AL,gasolina,224.8400,31
2022-03-28,AM,diesel_s10,261.8000,39
2022-03-28,AM,etanol,171.4000,31
2022-03-28,AM,gasolina,355.9700,48
2022-03-28,BA,diesel_s10,146.4000,21
2022-03-28,BA,etanol,144.2600,26
2022-03-28,BA,gasolina,196.0800,27
2022-03-28,CE,diesel_s10,552.7300,79
2022-03-28,CE,etanol,482.5300,81
2022-03-28,CE,gasolina,598.4500,80
2022-03-28,DF,diesel_s10,145.0600,21
2022-03-28,DF,etanol,151.5900,26
2022-03-28,DF,gasolina,195.0400,26
2022-03-28,ES,diesel_s10,268.9400,42
2022-03-28,ES,etanol,172.0600,30
2022-03-28,ES,gasolina,329.2400,45
2022-03-28,GO,diesel_s10,383.6100,55
2022-03-28,GO,etanol,361.1600,73
2022-03-28,GO,gasolina,537.3900,72
2022-03-28,MA,diesel_s10,194.6000,28
2022-03-28,MA,etanol,95.6500,16
2022-03-28,MA,gasolina,218.1100,29
2022-03-28,MG,diesel_s10,560.6500,83
2022-03-28,MG,etanol,580.0600,112
2022-03-28,MG,gasolina,839.7900,111
2022-03-28,MS,diesel_s10,231.0400,35
2022-03-28,MS,etanol,200.0700,39
2022-03-28,MS,gasolina,282.1700,40
2022-03-28,MT,diesel_s10,35.1500,5
2022-03-28,MT,etanol,41.3800,8
2022-03-28,MT,gasolina,55.7800,8
2022-03-28,PA,diesel_s10,145.4100,21
2022-03-28,PA,etanol,39.6600,6
2022-03-28,PA,gasolina,164.7800,22
2022-03-28,PB,diesel_s10,173.0400,26
2022-03-28,PB,etanol,120.0300,23
2022-03-28,PB,gasolina,182.2300,26
2022-03-28,PE,diesel_s10,329.7100,51
2022-03-28,PE,etanol,266.9900,49
2022-03-28,PE,gasolina,397.8900,55
2022-03-28,PI,diesel_s10,34.9600,5
2022-03-28,PI,etanol,22.5800,4
2022-03-28,PI,gasolina,39.3600,5
2022-03-28,PR,diesel_s10,291.4800,44
2022-03-28,PR,etanol,274.2500,54
2022-03-28,PR,gasolina,383.3700,54
2022-03-28,RJ,diesel_s10,578.0300,88
2022-03-28,RJ,etanol,672.5700,112
2022-03-28,RJ,gasolina,885.4600,114
2022-03-28,RN,diesel_s10,40.2200,6
2022-03-28,RN,etanol,29.9500,5
2022-03-28,RN,gasolina,52.6500,7
2022-03-28,RO,diesel_s10,13.7200,2
2022-03-28,RO,etanol,12.0000,2
2022-03-28,RO,gasolina,14.5300,2
2022-03-28,RS,diesel_s10,464.5800,71
2022-03-28,RS,etanol,205.6800,32
2022-03-28,RS,gasolina,538.3900,77
2022-03-28,SC,diesel_s10,223.8200,34
2022-03-28,SC,etanol,122.1400,20
2022-03-28,SC,gasolina,264.3800,37
2022-03-28,SE,diesel_s10,160.7400,23
2022-03-28,SE,etanol,134.2500,24
2022-03-28,SE,gasolina,185.7300,25
2022-03-28,SP,diesel_s10,1955.3700,298
2022-03-28,SP,etanol,1721.0100,370
2022-03-28,SP,gasolina,2508.1800,368
2022-03-28,TO,diesel_s10,111.1400,16
2022-03-28,TO,etanol,77.2900,13
2022-03-28,TO,gasolina,128.1000,17
2022-03-29,AM,diesel_s10,55.8800,8
2022-03-29,AM,etanol,22.1100,4
2022-03-29,AM,gasolina,66.5700,9
2022-03-29,AP,diesel_s10,34.1300,5
2022-03-29,AP,etanol,6.4500,1
2022-03-29,AP,gasolina,76.5100,12
2022-03-29,BA,diesel_s10,567.1800,81
2022-03-29,BA,etanol,494.2200,90
2022-03-29,BA,gasolina,692.9900,95
2022-03-29,CE,diesel_s10,35.2600,5
2022-03-29,CE,etanol,18.1100,3
2022-03-29,CE,gasolina,38.7900,5
2022-03-29,ES,diesel_s10,75.7100,12
2022-03-29,ES,etanol,51.8300,9
2022-03-29,ES,gasolina,100.8900,14
2022-03-29,GO,diesel_s10,295.0900,43
2022-03-29,GO,etanol,246.4000,50
2022-03-29,GO,gasolina,367.8700,50
2022-03-29,MA,diesel_s10,373.8500,55
2022-03-29,MA,etanol,220.0000,38
2022-03-29,MA,gasolina,385.5800,55
2022-03-29,MG,diesel_s10,745.7900,110
2022-03-29,MG,etanol,776.0000,151
2022-03-29,MG,gasolina,1134.1200,151
2022-03-29,MS,diesel_s10,96.3200,14
2022-03-29,MS,etanol,82.2800,15
2022-03-29,MS,gasolina,128.2400,17
2022-03-29,MT,diesel_s10,159.6100,22
2022-03-29,MT,etanol,118.8300,23
2022-03-29,MT,gasolina,176.8300,24
2022-03-29,PA,diesel_s10,218.8900,31
2022-03-29,PA,etanol,87.3100,14
2022-03-29,PA,gasolina,273.9200,37
2022-03-29,PB,diesel_s10,180.2700,26
2022-03-29,PB,etanol,123.7100,23
2022-03-29,PB,gasolina,188.3100,26
2022-03-29,PE,diesel_s10,170.9600,26
2022-03-29,PE,etanol,152.1900,28
2022-03-29,PE,gasolina,215.5100,30
2022-03-29,PI,diesel_s10,176.8400,25
2022-03-29,PI,etanol,116.9700,20
2022-03-29,PI,gasolina,221.9800,28
2022-03-29,PR,diesel_s10,708.7200,107
2022-03-29,PR,etanol,668.8000,128
2022-03-29,PR,gasolina,904.2500,126
2022-03-29,RJ,diesel_s10,702.5700,106
2022-03-29,RJ,etanol,761.8700,127
2022-03-29,RJ,gasolina,987.6700,127
2022-03-29,RN,diesel_s10,95.6700,14
2022-03-29,RN,etanol,76.1600,13
2022-03-29,RN,gasolina,108.0200,14
2022-03-29,RO,diesel_s10,74.4000,11
2022-03-29,RO,etanol,29.8500,5
2022-03-29,RO,gasolina,88.1800,12
2022-03-29,RR,diesel_s10,61.1400,9
2022-03-29,RR,etanol,6.8800,1
2022-03-29,RR,gasolina,63.5200,9
2022-03-29,RS,diesel_s10,433.9100,66
2022-03-29,RS,etanol,182.5600,29
2022-03-29,RS,gasolina,528.6400,75
2022-03-29,SC,diesel_s10,118.4000,18
2022-03-29,SC,etanol,71.9500,12
2022-03-29,SC,gasolina,127.1200,18
2022-03-29,SE,diesel_s10,88.9500,13
2022-03-29,SE,etanol,33.3000,6
2022-03-29,SE,gasolina,93.9900,13
2022-03-29,SP,diesel_s10,1855.9000,281
2022-03-29,SP,etanol,1638.1500,348
2022-03-29,SP,gasolina,2364.0100,344
2022-03-30,AC,diesel_s10,286.9500,38
2022-03-30,AC,etanol,118.0100,19
2022-03-30,AC,gasolina,294.2900,39
2022-03-30,AM,diesel_s10,51.2700,7
2022-03-30,AM,gasolina,86.1500,11
2022-03-30,AP,diesel_s10,12.9700,2
2022-03-30,AP,gasolina,75.4200,12
2022-03-30,BA,diesel_s10,488.4100,69
2022-03-30,BA,etanol,443.7000,80
2022-03-30,BA,gasolina,585.3600,80
2022-03-30,CE,diesel_s10,613.7000,87
2022-03-30,CE,etanol,491.5500,82
2022-03-30,CE,gasolina,685.3300,91
2022-03-30,DF,diesel_s10,102.8900,15
2022-03-30,DF,etanol,123.0300,21
2022-03-30,DF,gasolina,159.3300,21
2022-03-30,ES,diesel_s10,57.1800,9
2022-03-30,ES,etanol,41.7900,7
2022-03-30,ES,gasolina,81.2200,11
2022-03-30,GO,diesel_s10,279.3200,40
2022-03-30,GO,etanol,249.0500,50
2022-03-30,GO,gasolina,361.9000,49
2022-03-30,MG,diesel_s10,804.4700,119
2022-03-30,MG,etanol,756.3300,148
2022-03-30,MG,gasolina,1129.7200,150
2022-03-30,MS,diesel_s10,72.6800,11
2022-03-30,MS,etanol,76.9200,15
2022-03-30,MS,gasolina,105.6400,15
2022-03-30,MT,diesel_s10,146.3600,21
2022-03-30,MT,etanol,118.8000,23
2022-03-30,MT,gasolina,163.0500,23
2022-03-30,PA,diesel_s10,244.0300,34
2022-03-30,PA,etanol,67.6500,11
2022-03-30,PA,gasolina,276.9800,37
2022-03-30,PB,diesel_s10,27.1900,4
2022-03-30,PB,etanol,32.0300,6
2022-03-30,PB,gasolina,35.3600,5
2022-03-30,PE,diesel_s10,305.6100,47
2022-03-30,PE,etanol,252.0200,46
2022-03-30,PE,gasolina,336.6600,47
2022-03-30,PI,diesel_s10,107.2700,15
2022-03-30,PI,etanol,82.5600,14
2022-03-30,PI,gasolina,170.3600,21
2022-03-30,PR,diesel_s10,548.9200,82
2022-03-30,PR,etanol,529.9600,99
2022-03-30,PR,gasolina,706.2600,98
2022-03-30,RJ,diesel_s10,193.3400,29
2022-03-30,RJ,etanol,191.1000,31
2022-03-30,RJ,gasolina,251.3600,32
2022-03-30,RN,diesel_s10,190.4000,27
2022-03-30,RN,etanol,182.8000,31
2022-03-30,RN,gasolina,219.0800,28
2022-03-30,RO,diesel_s10,123.6600,18
2022-03-30,RO,etanol,62.3600,10
2022-03-30,RO,gasolina,142.0100,19
2022-03-30,RR,diesel_s10,27.3200,4
2022-03-30,RR,etanol,5.9900,1
2022-03-30,RR,gasolina,28.2500,4
2022-03-30,RS,diesel_s10,281.2200,42
2022-03-30,RS,etanol,90.0000,14
2022-03-30,RS,gasolina,332.5100,47
2022-03-30,SC,diesel_s10,373.0300,57
2022-03-30,SC,etanol,295.5500,49
2022-03-30,SC,gasolina,475.7600,69
2022-03-30,SE,diesel_s10,27.6000,4
2022-03-30,SE,etanol,21.9600,4
2022-03-30,SE,gasolina,28.6000,4
2022-03-30,SP,diesel_s10,2182.8800,329
2022-03-30,SP,etanol,2056.2400,432
2022-03-30,SP,gasolina,2946.1500,426
2022-03-30,TO,diesel_s10,123.3100,18
2022-03-30,TO,etanol,88.9900,15
2022-03-30,TO,gasolina,127.8500,17
2022-03-31,AL,diesel_s10,96.5500,14
2022-03-31,AL,etanol,99.0400,18
2022-03-31,AL,gasolina,131.5000,18
2022-03-31,BA,diesel_s10,106.4700,15
2022-03-31,BA,etanol,88.7100,16
2022-03-31,BA,gasolina,114.6600,15
2022-03-31,CE,diesel_s10,54.3600,8
2022-03-31,CE,etanol,59.8400,10
2022-03-31,CE,gasolina,73.9800,10
2022-03-31,ES,diesel_s10,115.1100,18
2022-03-31,ES,etanol,116.3000,21
2022-03-31,ES,gasolina,173.9200,24
2022-03-31,GO,diesel_s10,142.6400,21
2022-03-31,GO,etanol,122.4800,25
2022-03-31,GO,gasolina,185.3500,25
2022-03-31,MA,diesel_s10,28.8700,4
2022-03-31,MA,etanol,6.5200,1
2022-03-31,MA,gasolina,37.2700,5
2022-03-31,MG,diesel_s10,468.2200,69
2022-03-31,MG,etanol,447.0000,86
2022-03-31,MG,gasolina,646.9800,85
2022-03-31,MS,diesel_s10,80.4000,12
2022-03-31,MS,etanol,66.6900,13
2022-03-31,MS,gasolina,90.9300,13
2022-03-31,MT,diesel_s10,598.2100,86
2022-03-31,MT,etanol,495.8700,99
2022-03-31,MT,gasolina,687.1300,99
2022-03-31,PA,diesel_s10,35.3300,5
2022-03-31,PA,etanol,23.1300,4
2022-03-31,PA,gasolina,36.3700,5
2022-03-31,PB,diesel_s10,26.8100,4
2022-03-31,PB,etanol,26.0500,5
2022-03-31,PB,gasolina,41.8900,6
2022-03-31,PE,diesel_s10,178.0200,27
2022-03-31,PE,etanol,163.2500,30
2022-03-31,PE,gasolina,215.7100,30
2022-03-31,PI,diesel_s10,85.0300,12
2022-03-31,PI,etanol,76.8800,13
2022-03-31,PI,gasolina,115.0700,14
2022-03-31,PR,diesel_s10,250.8600,38
2022-03-31,PR,etanol,208.8800,41
2022-03-31,PR,gasolina,282.9500,40
2022-03-31,RJ,diesel_s10,165.8900,25
2022-03-31,RJ,etanol,192.3200,32
2022-03-31,RJ,gasolina,249.5200,32
2022-03-31,RN,diesel_s10,49.8900,7
2022-03-31,RN,etanol,46.7500,8
2022-03-31,RN,gasolina,46.5000,6
2022-03-31,RO,diesel_s10,97.1300,14
2022-03-31,RO,etanol,30.8100,5
2022-03-31,RO,gasolina,113.1400,15
2022-03-31,RS,diesel_s10,189.3600,29
2022-03-31,RS,etanol,49.0000,8
2022-03-31,RS,gasolina,263.6900,38
2022-03-31,SC,diesel_s10,176.1400,27
2022-03-31,SC,etanol,117.6700,19
2022-03-31,SC,gasolina,213.8800,30
2022-03-31,SE,diesel_s10,13.7800,2
2022-03-31,SE,etanol,10.8000,2
2022-03-31,SE,gasolina,14.3000,2
2022-03-31,SP,diesel_s10,1554.5600,235
2022-03-31,SP,etanol,1488.7400,317
2022-03-31,SP,gasolina,2158.8500,317
2022-04-01,MG,diesel_s10,33.8500,5
2022-04-01,MG,etanol,33.0200,6
2022-04-01,MG,gasolina,47.6900,6
2022-04-01,PR,diesel_s10,59.8800,9
2022-04-01,PR,etanol,46.6000,9
2022-04-01,PR,gasolina,65.4300,9
2022-04-01,RJ,diesel_s10,32.9200,5
2022-04-01,RJ,etanol,27.0100,4
2022-04-01,RJ,gasolina,41.7500,5
2022-04-01,SC,diesel_s10,166.7800,25
2022-04-01,SC,etanol,137.4300,23
2022-04-01,SC,gasolina,265.0800,38
2022-04-01,SP,diesel_s10,129.2600,19
2022-04-01,SP,etanol,106.7200,23
2022-04-01,SP,gasolina,159.9600,23
2022-04-04,AL,diesel_s10,157.7500,23
2022-04-04,AL,etanol,144.1100,27
2022-04-04,AL,gasolina,193.2600,27
2022-04-04,AM,diesel_s10,249.1000,37
2022-04-04,AM,etanol,172.8000,31
2022-04-04,AM,gasolina,341.1700,46
2022-04-04,AP,diesel_s10,6.8500,1
2022-04-04,AP,gasolina,12.7100,2
2022-04-04,BA,diesel_s10,193.4000,27
2022-04-04,BA,etanol,176.5600,31
2022-04-04,BA,gasolina,234.9200,31
2022-04-04,CE,diesel_s10,419.0600,60
2022-04-04,CE,etanol,353.6800,59
2022-04-04,CE,gasolina,469.3700,62
2022-04-04,DF,diesel_s10,89.2000,13
2022-04-04,DF,etanol,79.1100,14
2022-04-04,DF,gasolina,102.3000,14
2022-04-04,ES,diesel_s10,275.8700,43
2022-04-04,ES,etanol,211.9900,37
2022-04-04,ES,gasolina,342.2100,47
2022-04-04,GO,diesel_s10,390.9700,56
2022-04-04,GO,etanol,320.3300,64
2022-04-04,GO,gasolina,479.7800,64
2022-04-04,MA,diesel_s10,125.6700,18
2022-04-04,MA,etanol,89.0100,15
2022-04-04,MA,gasolina,162.6800,22
2022-04-04,MG,diesel_s10,1070.4900,158
2022-04-04,MG,etanol,1055.6300,206
2022-04-04,MG,gasolina,1538.9800,205
2022-04-04,MS,diesel_s10,93.6600,14
2022-04-04,MS,etanol,96.9200,18
2022-04-04,MS,gasolina,122.3300,17
2022-04-04,MT,diesel_s10,231.9500,33
2022-04-04,MT,etanol,198.9200,40
2022-04-04,MT,gasolina,277.8000,40
2022-04-04,PA,diesel_s10,174.7100,25
2022-04-04,PA,etanol,56.3900,9
2022-04-04,PA,gasolina,197.0500,27
2022-04-04,PB,diesel_s10,238.0600,35
2022-04-04,PB,etanol,188.8300,36
2022-04-04,PB,gasolina,267.7100,38
2022-04-04,PE,diesel_s10,416.2900,64
2022-04-04,PE,etanol,321.4700,59
2022-04-04,PE,gasolina,467.7100,65
2022-04-04,PI,diesel_s10,178.4700,25
2022-04-04,PI,etanol,99.2200,17
2022-04-04,PI,gasolina,216.4300,27
2022-04-04,PR,diesel_s10,311.6800,47
2022-04-04,PR,etanol,270.7200,53
2022-04-04,PR,gasolina,362.3200,51
2022-04-04,RJ,diesel_s10,571.4900,86
2022-04-04,RJ,etanol,645.3500,107
2022-04-04,RJ,gasolina,837.7800,108
2022-04-04,RO,diesel_s10,27.8200,4
2022-04-04,RO,etanol,6.2900,1
2022-04-04,RO,gasolina,37.7500,5
2022-04-04,RS,diesel_s10,468.0300,72
2022-04-04,RS,etanol,163.4400,26
2022-04-04,RS,gasolina,589.0700,86
2022-04-04,SC,diesel_s10,382.4900,58
2022-04-04,SC,etanol,242.8500,40
2022-04-04,SC,gasolina,473.6900,67
2022-04-04,SE,diesel_s10,55.1700,8
2022-04-04,SE,etanol,11.1000,2
2022-04-04,SE,gasolina,56.9900,8
2022-04-04,SP,diesel_s10,2259.2900,342
2022-04-04,SP,etanol,1990.0900,422
2022-04-04,SP,gasolina,2857.0500,417
2022-04-04,TO,diesel_s10,81.6400,12
2022-04-04,TO,etanol,82.6300,14
2022-04-04,TO,gasolina,127.3200,17
2022-04-05,AC,diesel_s10,73.8300,10
2022-04-05,AC,etanol,30.3500,5
2022-04-05,AC,gasolina,74.7200,10
2022-04-05,AL,diesel_s10,22.5300,3
2022-04-05,AL,etanol,19.1400,3
2022-04-05,AL,gasolina,23.9700,3
2022-04-05,AM,diesel_s10,77.3000,11
2022-04-05,AM,etanol,28.9000,5
2022-04-05,AM,gasolina,97.3700,13
2022-04-05,AP,diesel_s10,13.4400,2
2022-04-05,AP,gasolina,44.2200,7
2022-04-05,BA,diesel_s10,545.9000,79
2022-04-05,BA,etanol,460.8100,83
2022-04-05,BA,gasolina,621.8200,85
2022-04-05,CE,diesel_s10,123.8400,17
2022-04-05,CE,etanol,91.8700,15
2022-04-05,CE,gasolina,124.8600,16
2022-04-05,DF,diesel_s10,41.6800,6
2022-04-05,DF,etanol,58.4200,10
2022-04-05,DF,gasolina,73.3200,10
2022-04-05,ES,diesel_s10,119.9600,19
2022-04-05,ES,etanol,100.2300,18
2022-04-05,ES,gasolina,195.9000,27
2022-04-05,GO,diesel_s10,174.3000,25
2022-04-05,GO,etanol,157.5400,32
2022-04-05,GO,gasolina,239.7000,32
2022-04-05,MA,diesel_s10,439.0500,64
2022-04-05,MA,etanol,244.9700,42
2022-04-05,MA,gasolina,462.9300,65
2022-04-05,MG,diesel_s10,467.2700,69
2022-04-05,MG,etanol,532.3300,103
2022-04-05,MG,gasolina,769.7400,102
2022-04-05,MS,diesel_s10,88.7500,13
2022-04-05,MS,etanol,86.6200,16
2022-04-05,MS,gasolina,117.5200,16
2022-04-05,MT,diesel_s10,41.8600,6
2022-04-05,MT,etanol,35.1000,7
2022-04-05,MT,gasolina,49.5000,7
2022-04-05,PA,diesel_s10,367.8200,52
2022-04-05,PA,etanol,123.7600,20
2022-04-05,PA,gasolina,416.7500,55
2022-04-05,PB,diesel_s10,46.7700,7
2022-04-05,PB,etanol,32.1800,6
2022-04-05,PB,gasolina,49.5200,7
2022-04-05,PE,diesel_s10,155.6500,24
2022-04-05,PE,etanol,136.6000,25
2022-04-05,PE,gasolina,177.8100,25
2022-04-05,PI,diesel_s10,127.9600,18
2022-04-05,PI,etanol,94.4800,16
2022-04-05,PI,gasolina,174.6400,22
2022-04-05,PR,diesel_s10,1006.3300,152
2022-04-05,PR,etanol,922.0900,178
2022-04-05,PR,gasolina,1267.7400,178
2022-04-05,RJ,diesel_s10,397.4200,60
2022-04-05,RJ,etanol,415.0500,68
2022-04-05,RJ,gasolina,528.7500,68
2022-04-05,RN,diesel_s10,89.8000,13
2022-04-05,RN,etanol,71.9500,12
2022-04-05,RN,gasolina,99.3600,13
2022-04-05,RO,diesel_s10,69.7400,10
2022-04-05,RO,etanol,30.4500,5
2022-04-05,RO,gasolina,103.9800,14
2022-04-05,RR,diesel_s10,69.1000,10
2022-04-05,RR,etanol,12.3500,2
2022-04-05,RR,gasolina,70.5700,10
2022-04-05,RS,diesel_s10,355.3700,54
2022-04-05,RS,etanol,165.9400,26
2022-04-05,RS,gasolina,410.2200,59
2022-04-05,SC,diesel_s10,40.1400,6
2022-04-05,SC,etanol,36.5800,6
2022-04-05,SC,gasolina,42.6400,6
2022-04-05,SE,diesel_s10,199.5800,28
2022-04-05,SE,etanol,153.9400,27
2022-04-05,SE,gasolina,207.2200,28
2022-04-05,SP,diesel_s10,1800.3200,272
2022-04-05,SP,etanol,1619.8200,343
2022-04-05,SP,gasolina,2341.4200,342
2022-04-06,AC,diesel_s10,220.6400,29
2022-04-06,AC,etanol,93.7400,15
2022-04-06,AC,gasolina,220.0200,29
2022-04-06,AL,diesel_s10,76.3100,11
2022-04-06,AL,etanol,53.4000,10
2022-04-06,AL,gasolina,86.9300,12
2022-04-06,AP,diesel_s10,40.6700,6
2022-04-06,AP,etanol,6.4500,1
2022-04-06,AP,gasolina,95.1900,15
2022-04-06,BA,diesel_s10,573.9600,84
2022-04-06,BA,etanol,519.0500,94
2022-04-06,BA,gasolina,651.6400,91
2022-04-06,CE,diesel_s10,718.2800,102
2022-04-06,CE,etanol,544.4200,91
2022-04-06,CE,gasolina,772.1200,103
2022-04-06,DF,diesel_s10,6.6900,1
2022-04-06,DF,etanol,5.5900,1
2022-04-06,DF,gasolina,7.4700,1
2022-04-06,ES,diesel_s10,130.4400,20
2022-04-06,ES,etanol,70.6900,12
2022-04-06,ES,gasolina,147.5000,20
2022-04-06,GO,diesel_s10,328.7500,48
2022-04-06,GO,etanol,303.6300,62
2022-04-06,GO,gasolina,436.2300,60
2022-04-06,MA,diesel_s10,70.0300,10
2022-04-06,MA,etanol,17.4800,3
2022-04-06,MA,gasolina,74.2200,10
2022-04-06,MG,diesel_s10,696.7300,102
2022-04-06,MG,etanol,658.2600,126
2022-04-06,MG,gasolina,960.8800,127
2022-04-06,MS,diesel_s10,126.6700,19
2022-04-06,MS,etanol,113.5700,22
2022-04-06,MS,gasolina,155.1900,22
2022-04-06,MT,diesel_s10,112.0300,16
2022-04-06,MT,etanol,96.9000,20
2022-04-06,MT,gasolina,138.7900,20
2022-04-06,PA,diesel_s10,179.5200,25
2022-04-06,PA,etanol,74.9700,12
2022-04-06,PA,gasolina,249.2300,33
2022-04-06,PB,diesel_s10,90.3400,13
2022-04-06,PB,etanol,66.7200,12
2022-04-06,PB,gasolina,95.4200,13
2022-04-06,PE,diesel_s10,394.1000,60
2022-04-06,PE,etanol,364.3300,65
2022-04-06,PE,gasolina,483.0500,66
2022-04-06,PI,diesel_s10,135.9800,19
2022-04-06,PI,etanol,99.9000,17
2022-04-06,PI,gasolina,155.3000,19
2022-04-06,PR,diesel_s10,440.6500,66
2022-04-06,PR,etanol,431.7400,79
2022-04-06,PR,gasolina,573.5000,79
2022-04-06,RJ,diesel_s10,553.7700,83
2022-04-06,RJ,etanol,611.0800,100
2022-04-06,RJ,gasolina,784.2400,100
2022-04-06,RN,diesel_s10,264.6400,38
2022-04-06,RN,etanol,246.9800,42
2022-04-06,RN,gasolina,308.8800,40
2022-04-06,RO,diesel_s10,122.3900,18
2022-04-06,RO,etanol,50.1400,8
2022-04-06,RO,gasolina,142.6600,19
2022-04-06,RR,diesel_s10,20.7000,3
2022-04-06,RR,etanol,12.1700,2
2022-04-06,RR,gasolina,21.1500,3
2022-04-06,RS,diesel_s10,685.6400,105
2022-04-06,RS,etanol,247.1300,39
2022-04-06,RS,gasolina,827.7900,120
2022-04-06,SC,diesel_s10,104.6300,16
2022-04-06,SC,etanol,84.3200,14
2022-04-06,SC,gasolina,140.5100,20
2022-04-06,SE,diesel_s10,14.2400,2
2022-04-06,SE,etanol,11.5800,2
2022-04-06,SE,gasolina,14.9800,2
2022-04-06,SP,diesel_s10,2408.3100,362
2022-04-06,SP,etanol,2251.2400,469
2022-04-06,SP,gasolina,3211.2000,465
2022-04-06,TO,diesel_s10,75.1000,11
2022-04-06,TO,etanol,65.2600,11
2022-04-06,TO,gasolina,90.3100,12
2022-04-07,AL,diesel_s10,89.7800,13
2022-04-07,AL,etanol,83.0700,15
2022-04-07,AL,gasolina,115.7400,16
2022-04-07,AM,diesel_s10,14.5800,2
2022-04-07,AM,gasolina,55.2700,7
2022-04-07,BA,diesel_s10,211.3700,31
2022-04-07,BA,etanol,194.0100,35
2022-04-07,BA,gasolina,245.9500,34
2022-04-07,CE,diesel_s10,139.9800,20
2022-04-07,CE,etanol,113.7500,19
2022-04-07,CE,gasolina,148.4700,20
2022-04-07,DF,diesel_s10,124.7200,18
2022-04-07,DF,etanol,129.6700,22
2022-04-07,DF,gasolina,164.2200,22
2022-04-07,ES,diesel_s10,12.7800,2
2022-04-07,ES,etanol,11.5800,2
2022-04-07,ES,gasolina,14.4700,2
2022-04-07,GO,diesel_s10,211.9000,31
2022-04-07,GO,etanol,181.8300,37
2022-04-07,GO,gasolina,269.6000,37
2022-04-07,MA,diesel_s10,83.7900,12
2022-04-07,MA,etanol,30.7900,5
2022-04-07,MA,gasolina,118.1900,16
2022-04-07,MG,diesel_s10,426.5600,62
2022-04-07,MG,etanol,435.0800,82
2022-04-07,MG,gasolina,626.1500,82
2022-04-07,MS,diesel_s10,137.0400,21
2022-04-07,MS,etanol,122.2600,24
2022-04-07,MS,gasolina,159.6700,23
2022-04-07,MT,diesel_s10,408.1300,58
2022-04-07,MT,etanol,311.2600,63
2022-04-07,MT,gasolina,450.0900,64
2022-04-07,PB,diesel_s10,27.3900,4
2022-04-07,PB,etanol,32.1400,6
2022-04-07,PB,gasolina,35.2700,5
2022-04-07,PE,diesel_s10,105.8000,16
2022-04-07,PE,etanol,92.3900,17
2022-04-07,PE,gasolina,123.0400,17
2022-04-07,PR,diesel_s10,119.8000,18
2022-04-07,PR,etanol,123.4700,24
2022-04-07,PR,gasolina,171.2900,24
2022-04-07,RJ,diesel_s10,166.1100,25
2022-04-07,RJ,etanol,231.1500,39
2022-04-07,RJ,gasolina,302.0900,39
2022-04-07,RN,diesel_s10,42.3200,6
2022-04-07,RN,etanol,35.7400,6
2022-04-07,RN,gasolina,46.4400,6
2022-04-07,RO,diesel_s10,130.8200,19
2022-04-07,RO,etanol,48.7000,8
2022-04-07,RO,gasolina,145.0200,20
2022-04-07,RS,diesel_s10,446.6100,69
2022-04-07,RS,etanol,132.4300,21
2022-04-07,RS,gasolina,582.4200,85
2022-04-07,SC,diesel_s10,397.1800,61
2022-04-07,SC,etanol,250.3500,42
2022-04-07,SC,gasolina,507.1800,73
2022-04-07,SP,diesel_s10,1132.0600,171
2022-04-07,SP,etanol,1145.7200,241
2022-04-07,SP,gasolina,1631.5800,240
2022-04-08,MG,diesel_s10,53.0100,8
2022-04-08,MG,etanol,42.1000,8
2022-04-08,MG,gasolina,45.2000,6
2022-04-08,PR,diesel_s10,32.8500,5
2022-04-08,PR,etanol,24.8000,5
2022-04-08,PR,gasolina,35.0800,5
2022-04-08,RJ,diesel_s10,94.0000,14
2022-04-08,RJ,etanol,111.9100,17
2022-04-08,RJ,gasolina,137.3600,17
2022-04-08,SC,diesel_s10,46.8900,7
2022-04-08,SC,etanol,35.2100,6
2022-04-08,SC,gasolina,47.6400,7
2022-04-08,SE,diesel_s10,33.3000,5
2022-04-08,SE,etanol,33.5800,6
2022-04-08,SE,gasolina,50.4000,7
2022-04-08,SP,diesel_s10,149.2600,22
2022-04-08,SP,etanol,112.2900,23
2022-04-08,SP,gasolina,160.3400,23
2022-04-11,AL,diesel_s10,215.8900,31
2022-04-11,AL,etanol,194.1600,36
2022-04-11,AL,gasolina,257.8700,36
2022-04-11,AM,diesel_s10,270.1400,40
2022-04-11,AM,etanol,172.2200,31
2022-04-11,AM,gasolina,403.6800,54
2022-04-11,AP,diesel_s10,6.5500,1
2022-04-11,AP,gasolina,19.0100,3
2022-04-11,BA,diesel_s10,349.7400,51
2022-04-11,BA,etanol,312.5900,56
2022-04-11,BA,gasolina,402.7200,55
2022-04-11,CE,diesel_s10,80.7100,11
2022-04-11,CE,etanol,67.6100,11
2022-04-11,CE,gasolina,78.5300,10
2022-04-11,DF,diesel_s10,62.9800,9
2022-04-11,DF,etanol,82.6400,14
2022-04-11,DF,gasolina,105.2600,14
2022-04-11,ES,diesel_s10,245.4300,38
2022-04-11,ES,etanol,197.1500,34
2022-04-11,ES,gasolina,283.5200,39
2022-04-11,GO,diesel_s10,429.3500,62
2022-04-11,GO,etanol,404.9500,80
2022-04-11,GO,gasolina,600.0400,80
2022-04-11,MA,diesel_s10,196.6900,28
2022-04-11,MA,etanol,144.6600,24
2022-04-11,MA,gasolina,250.4900,34
2022-04-11,MG,diesel_s10,784.4700,116
2022-04-11,MG,etanol,782.0900,148
2022-04-11,MG,gasolina,1108.4500,147
2022-04-11,MS,diesel_s10,95.7600,14
2022-04-11,MS,etanol,82.7200,15
2022-04-11,MS,gasolina,126.6700,17
2022-04-11,MT,diesel_s10,14.2800,2
2022-04-11,MT,etanol,10.3000,2
2022-04-11,MT,gasolina,14.5400,2
2022-04-11,PA,diesel_s10,195.4500,28
2022-04-11,PA,etanol,39.6300,6
2022-04-11,PA,gasolina,231.2500,31
2022-04-11,PB,diesel_s10,241.8800,36
2022-04-11,PB,etanol,195.1800,37
2022-04-11,PB,gasolina,272.8300,39
2022-04-11,PE,diesel_s10,319.1600,49
2022-04-11,PE,etanol,240.4100,44
2022-04-11,PE,gasolina,361.3600,50
2022-04-11,PI,diesel_s10,134.0400,19
2022-04-11,PI,etanol,89.3100,15
2022-04-11,PI,gasolina,165.1100,21
2022-04-11,PR,diesel_s10,393.0000,60
2022-04-11,PR,etanol,384.8900,73
2022-04-11,PR,gasolina,523.7200,73
2022-04-11,RJ,diesel_s10,556.5400,84
2022-04-11,RJ,etanol,681.0700,109
2022-04-11,RJ,gasolina,861.8500,110
2022-04-11,RO,diesel_s10,55.2200,8
2022-04-11,RO,etanol,12.7700,2
2022-04-11,RO,gasolina,65.5100,9
2022-04-11,RS,diesel_s10,683.2800,106
2022-04-11,RS,etanol,218.9600,35
2022-04-11,RS,gasolina,806.9200,119
2022-04-11,SC,diesel_s10,277.8100,42
2022-04-11,SC,etanol,140.6700,23
2022-04-11,SC,gasolina,316.9700,45
2022-04-11,SE,diesel_s10,121.7900,18
2022-04-11,SE,etanol,76.2800,13
2022-04-11,SE,gasolina,131.5000,18
2022-04-11,SP,diesel_s10,2135.1100,322
2022-04-11,SP,etanol,2022.3800,409
2022-04-11,SP,gasolina,2772.2900,403
2022-04-11,TO,diesel_s10,128.3900,19
2022-04-11,TO,etanol,100.9800,17
2022-04-11,TO,gasolina,158.5800,21
2022-04-12,AC,diesel_s10,146.7400,19
2022-04-12,AC,etanol,51.9900,8
2022-04-12,AC,gasolina,144.9000,19
2022-04-12,AL,diesel_s10,22.5300,3
2022-04-12,AL,etanol,19.1400,3
2022-04-12,AL,gasolina,23.9700,3
2022-04-12,AP,diesel_s10,40.4800,6
2022-04-12,AP,etanol,6.4500,1
2022-04-12,AP,gasolina,107.7700,17
2022-04-12,BA,diesel_s10,464.9100,69
2022-04-12,BA,etanol,398.1200,72
2022-04-12,BA,gasolina,510.1900,72
2022-04-12,CE,diesel_s10,28.6300,4
2022-04-12,CE,etanol,12.4300,2
2022-04-12,CE,gasolina,30.7000,4
2022-04-12,ES,diesel_s10,84.7200,13
2022-04-12,ES,etanol,59.4300,10
2022-04-12,ES,gasolina,147.6800,20
2022-04-12,GO,diesel_s10,249.8100,37
2022-04-12,GO,etanol,256.7100,50
2022-04-12,GO,gasolina,362.1900,49
2022-04-12,MA,diesel_s10,56.5800,8
2022-04-12,MA,etanol,18.3200,3
2022-04-12,MA,gasolina,62.8800,8
2022-04-12,MG,diesel_s10,685.6300,100
2022-04-12,MG,etanol,719.6100,133
2022-04-12,MG,gasolina,1001.2900,132
2022-04-12,MS,diesel_s10,120.9000,18
2022-04-12,MS,etanol,108.6500,20
2022-04-12,MS,gasolina,137.5300,19
2022-04-12,MT,diesel_s10,323.2200,46
2022-04-12,MT,etanol,254.0400,52
2022-04-12,MT,gasolina,361.6000,52
2022-04-12,PA,diesel_s10,304.8400,43
2022-04-12,PA,etanol,135.4600,22
2022-04-12,PA,gasolina,382.4800,51
2022-04-12,PB,diesel_s10,69.9200,10
2022-04-12,PB,etanol,39.1900,7
2022-04-12,PB,gasolina,74.3800,10
2022-04-12,PE,diesel_s10,239.6600,37
2022-04-12,PE,etanol,214.6100,39
2022-04-12,PE,gasolina,293.1900,41
2022-04-12,PI,diesel_s10,120.3000,17
2022-04-12,PI,etanol,107.1600,18
2022-04-12,PI,gasolina,154.8700,19
2022-04-12,PR,diesel_s10,493.9500,75
2022-04-12,PR,etanol,494.0200,91
2022-04-12,PR,gasolina,657.2000,92
2022-04-12,RJ,diesel_s10,332.9700,50
2022-04-12,RJ,etanol,368.4400,60
2022-04-12,RJ,gasolina,473.6900,61
2022-04-12,RN,diesel_s10,188.6600,27
2022-04-12,RN,etanol,153.7200,26
2022-04-12,RN,gasolina,207.5200,27
2022-04-12,RO,diesel_s10,95.6300,14
2022-04-12,RO,etanol,36.2400,6
2022-04-12,RO,gasolina,132.2900,18
2022-04-12,RR,diesel_s10,41.6100,6
2022-04-12,RR,etanol,6.4600,1
2022-04-12,RR,gasolina,42.2700,6
2022-04-12,RS,diesel_s10,324.5800,50
2022-04-12,RS,etanol,129.6200,21
2022-04-12,RS,gasolina,369.5800,54
2022-04-12,SC,diesel_s10,223.5600,34
2022-04-12,SC,etanol,177.2900,29
2022-04-12,SC,gasolina,261.8500,37
2022-04-12,SE,diesel_s10,141.1500,21
2022-04-12,SE,etanol,115.7600,20
2022-04-12,SE,gasolina,160.4000,22
2022-04-12,SP,diesel_s10,2105.4400,317
2022-04-12,SP,etanol,2003.4600,399
2022-04-12,SP,gasolina,2742.8000,396
2022-04-12,TO,diesel_s10,40.0300,6
2022-04-12,TO,etanol,23.7800,4
2022-04-12,TO,gasolina,44.7200,6
2022-04-13,AC,diesel_s10,125.9200,17
2022-04-13,AC,etanol,66.7800,11
2022-04-13,AC,gasolina,127.3800,17
2022-04-13,AL,diesel_s10,41.0300,6
2022-04-13,AL,etanol,44.7100,8
2022-04-13,AL,gasolina,58.4200,8
2022-04-13,AM,diesel_s10,44.1600,6
2022-04-13,AM,gasolina,54.0700,7
2022-04-13,AP,diesel_s10,6.5500,1
2022-04-13,AP,gasolina,25.1800,4
2022-04-13,BA,diesel_s10,501.6300,73
2022-04-13,BA,etanol,480.6700,86
2022-04-13,BA,gasolina,609.7200,85
2022-04-13,CE,diesel_s10,888.7600,127
2022-04-13,CE,etanol,708.2400,118
2022-04-13,CE,gasolina,977.7300,130
2022-04-13,DF,diesel_s10,137.5600,20
2022-04-13,DF,etanol,148.5800,25
2022-04-13,DF,gasolina,191.4500,25
2022-04-13,ES,diesel_s10,143.4800,22
2022-04-13,ES,etanol,127.8700,22
2022-04-13,ES,gasolina,199.2300,27
2022-04-13,GO,diesel_s10,191.2200,28
2022-04-13,GO,etanol,160.6500,31
2022-04-13,GO,gasolina,230.9600,31
2022-04-13,MA,diesel_s10,241.7300,35
2022-04-13,MA,etanol,136.5300,23
2022-04-13,MA,gasolina,268.1200,37
2022-04-13,MG,diesel_s10,550.6100,81
2022-04-13,MG,etanol,606.0500,111
2022-04-13,MG,gasolina,851.0100,112
2022-04-13,MS,diesel_s10,74.4600,11
2022-04-13,MS,etanol,70.1500,13
2022-04-13,MS,gasolina,94.1500,13
2022-04-13,MT,diesel_s10,251.3700,36
2022-04-13,MT,etanol,209.2200,43
2022-04-13,MT,gasolina,296.6200,43
2022-04-13,PA,diesel_s10,125.9800,18
2022-04-13,PA,etanol,42.7000,7
2022-04-13,PA,gasolina,146.6800,20
2022-04-13,PB,diesel_s10,70.1900,10
2022-04-13,PB,etanol,65.9700,12
2022-04-13,PB,gasolina,78.8400,11
2022-04-13,PE,diesel_s10,474.3300,72
2022-04-13,PE,etanol,427.5700,76
2022-04-13,PE,gasolina,534.2100,73
2022-04-13,PI,diesel_s10,185.9600,26
2022-04-13,PI,etanol,112.8100,19
2022-04-13,PI,gasolina,227.3600,28
2022-04-13,PR,diesel_s10,711.1800,106
2022-04-13,PR,etanol,700.1600,127
2022-04-13,PR,gasolina,897.7400,124
2022-04-13,RJ,diesel_s10,284.4800,43
2022-04-13,RJ,etanol,317.5700,51
2022-04-13,RJ,gasolina,428.3400,55
2022-04-13,RN,diesel_s10,124.4700,18
2022-04-13,RN,etanol,117.9900,20
2022-04-13,RN,gasolina,145.8100,19
2022-04-13,RO,diesel_s10,118.5100,17
2022-04-13,RO,etanol,60.6000,10
2022-04-13,RO,gasolina,147.6000,20
2022-04-13,RR,diesel_s10,48.2800,7
2022-04-13,RR,etanol,6.2200,1
2022-04-13,RR,gasolina,49.4200,7
2022-04-13,RS,diesel_s10,708.8600,107
2022-04-13,RS,etanol,180.3400,28
2022-04-13,RS,gasolina,932.1000,133
2022-04-13,SC,diesel_s10,191.2900,29
2022-04-13,SC,etanol,146.0100,24
2022-04-13,SC,gasolina,253.3200,36
2022-04-13,SE,diesel_s10,13.5300,2
2022-04-13,SE,etanol,5.9900,1
2022-04-13,SE,gasolina,14.5400,2
2022-04-13,SP,diesel_s10,2109.2000,317
2022-04-13,SP,etanol,2007.4100,395
2022-04-13,SP,gasolina,2702.8300,389
2022-04-13,TO,diesel_s10,107.0000,16
2022-04-13,TO,etanol,93.1400,16
2022-04-13,TO,gasolina,118.9600,16
2022-04-14,AC,diesel_s10,14.5800,2
2022-04-14,AC,etanol,6.2500,1
2022-04-14,AC,gasolina,22.3400,3
2022-04-14,AL,diesel_s10,48.7300,7
2022-04-14,AL,etanol,48.8100,9
2022-04-14,AL,gasolina,73.4000,10
2022-04-14,BA,diesel_s10,355.9100,51
2022-04-14,BA,etanol,326.9300,57
2022-04-14,BA,gasolina,404.1900,56
2022-04-14,CE,diesel_s10,376.0700,54
2022-04-14,CE,etanol,304.2300,51
2022-04-14,CE,gasolina,399.2500,54
2022-04-14,ES,diesel_s10,27.3600,4
2022-04-14,ES,etanol,24.7100,4
2022-04-14,ES,gasolina,30.1900,4
2022-04-14,GO,diesel_s10,280.9300,41
2022-04-14,GO,etanol,267.8800,50
2022-04-14,GO,gasolina,388.8100,51
2022-04-14,MA,diesel_s10,328.7700,48
2022-04-14,MA,etanol,183.1000,31
2022-04-14,MA,gasolina,356.0200,50
2022-04-14,MG,diesel_s10,686.4400,101
2022-04-14,MG,etanol,700.6000,128
2022-04-14,MG,gasolina,958.9700,126
2022-04-14,MS,diesel_s10,210.5700,32
2022-04-14,MS,etanol,196.2000,37
2022-04-14,MS,gasolina,249.8800,36
2022-04-14,MT,diesel_s10,203.9500,28
2022-04-14,MT,etanol,156.4800,30
2022-04-14,MT,gasolina,225.1400,31
2022-04-14,PA,diesel_s10,69.3600,10
2022-04-14,PA,etanol,35.9100,6
2022-04-14,PA,gasolina,79.2900,11
2022-04-14,PB,diesel_s10,19.8800,3
2022-04-14,PB,etanol,16.0600,3
2022-04-14,PB,gasolina,20.9100,3
2022-04-14,PE,diesel_s10,64.4500,10
2022-04-14,PE,etanol,54.9800,10
2022-04-14,PE,gasolina,70.8200,10
2022-04-14,PR,diesel_s10,74.3200,11
2022-04-14,PR,etanol,77.2100,14
2022-04-14,PR,gasolina,102.0800,14
2022-04-14,RJ,diesel_s10,420.3800,63
2022-04-14,RJ,etanol,468.4500,74
2022-04-14,RJ,gasolina,600.8700,76
2022-04-14,RN,diesel_s10,77.0900,11
2022-04-14,RN,etanol,82.6400,14
2022-04-14,RN,gasolina,84.4300,11
2022-04-14,RO,diesel_s10,158.9900,23
2022-04-14,RO,etanol,82.6300,13
2022-04-14,RO,gasolina,181.2500,24
2022-04-14,RS,diesel_s10,277.3400,43
2022-04-14,RS,etanol,148.9200,23
2022-04-14,RS,gasolina,343.5400,50
2022-04-14,SC,diesel_s10,517.6000,79
2022-04-14,SC,etanol,356.7500,59
2022-04-14,SC,gasolina,682.5900,99
2022-04-14,SE,diesel_s10,14.2800,2
2022-04-14,SE,etanol,11.8700,2
2022-04-14,SE,gasolina,15.1800,2
2022-04-14,SP,diesel_s10,1498.8200,224
2022-04-14,SP,etanol,1614.3600,315
2022-04-14,SP,gasolina,2163.0400,315
2022-04-14,TO,diesel_s10,6.6900,1
2022-04-14,TO,etanol,5.9900,1
2022-04-14,TO,gasolina,7.5300,1
2022-04-15,CE,diesel_s10,7.1900,1
2022-04-15,CE,etanol,5.9900,1
2022-04-15,CE,gasolina,7.2900,1
2022-04-15,ES,diesel_s10,66.8000,10
2022-04-15,ES,etanol,42.6300,7
2022-04-15,ES,gasolina,99.1500,13
2022-04-15,MG,diesel_s10,7.1600,1
2022-04-15,MG,etanol,5.8900,1
2022-04-15,MG,gasolina,7.8900,1
2022-04-15,PR,diesel_s10,13.4500,2
2022-04-15,PR,etanol,10.9300,2
2022-04-15,PR,gasolina,14.5500,2
2022-04-15,SP,diesel_s10,97.8700,15
2022-04-15,SP,etanol,102.0600,20
2022-04-15,SP,gasolina,135.1000,20
2022-04-18,AL,diesel_s10,188.9600,27
2022-04-18,AL,etanol,173.7300,32
2022-04-18,AL,gasolina,224.3000,31
2022-04-18,AM,diesel_s10,263.8800,39
2022-04-18,AM,etanol,188.5900,34
2022-04-18,AM,gasolina,381.8600,51
2022-04-18,AP,gasolina,6.2500,1
2022-04-18,BA,diesel_s10,346.2400,49
2022-04-18,BA,etanol,332.1300,57
2022-04-18,BA,gasolina,412.2200,56
2022-04-18,CE,diesel_s10,609.5600,87
2022-04-18,CE,etanol,518.4000,86
2022-04-18,CE,gasolina,657.6900,88
2022-04-18,DF,diesel_s10,88.5600,13
2022-04-18,DF,etanol,83.3800,14
2022-04-18,DF,gasolina,105.2600,14
2022-04-18,ES,diesel_s10,189.5200,29
2022-04-18,ES,etanol,123.2300,20
2022-04-18,ES,gasolina,262.7200,35
2022-04-18,GO,diesel_s10,446.1400,65
2022-04-18,GO,etanol,450.5600,83
2022-04-18,GO,gasolina,618.6100,82
2022-04-18,MA,diesel_s10,49.3400,7
2022-04-18,MA,etanol,18.7900,3
2022-04-18,MA,gasolina,78.2400,10
2022-04-18,MG,diesel_s10,814.5900,120
2022-04-18,MG,etanol,845.0200,152
2022-04-18,MG,gasolina,1148.7300,151
2022-04-18,MS,diesel_s10,225.7800,34
2022-04-18,MS,etanol,239.3100,43
2022-04-18,MS,gasolina,314.7800,44
2022-04-18,MT,diesel_s10,152.4800,22
2022-04-18,MT,etanol,126.9700,25
2022-04-18,MT,gasolina,173.7900,25
2022-04-18,PA,diesel_s10,205.5400,30
2022-04-18,PA,etanol,38.9800,6
2022-04-18,PA,gasolina,246.9800,33
2022-04-18,PB,diesel_s10,272.9800,40
2022-04-18,PB,etanol,210.9600,39
2022-04-18,PB,gasolina,298.3400,42
2022-04-18,PE,diesel_s10,432.1500,66
2022-04-18,PE,etanol,348.5100,62
2022-04-18,PE,gasolina,505.6700,69
2022-04-18,PI,diesel_s10,127.7800,18
2022-04-18,PI,etanol,77.3700,13
2022-04-18,PI,gasolina,152.5100,19
2022-04-18,PR,diesel_s10,272.0200,41
2022-04-18,PR,etanol,258.1300,47
2022-04-18,PR,gasolina,343.7600,48
2022-04-18,RJ,diesel_s10,648.0200,97
2022-04-18,RJ,etanol,797.6000,122
2022-04-18,RJ,gasolina,968.8800,123
2022-04-18,RO,diesel_s10,95.7300,14
2022-04-18,RO,etanol,43.1000,7
2022-04-18,RO,gasolina,120.2100,16
2022-04-18,RS,diesel_s10,555.4100,85
2022-04-18,RS,etanol,197.2400,30
2022-04-18,RS,gasolina,613.3600,87
2022-04-18,SC,diesel_s10,316.7300,48
2022-04-18,SC,etanol,187.5600,30
2022-04-18,SC,gasolina,355.1100,50
2022-04-18,SP,diesel_s10,2565.7200,387
2022-04-18,SP,etanol,2579.1100,492
2022-04-18,SP,gasolina,3354.4100,486
2022-04-18,TO,diesel_s10,219.8200,33
2022-04-18,TO,etanol,167.9400,28
2022-04-18,TO,gasolina,261.1700,35
2022-04-19,AC,diesel_s10,23.9200,3
2022-04-19,AC,etanol,6.5800,1
2022-04-19,AC,gasolina,23.3100,3
2022-04-19,AL,diesel_s10,96.9300,14
2022-04-19,AL,etanol,78.3900,14
2022-04-19,AL,gasolina,94.7700,13
2022-04-19,AM,diesel_s10,51.5100,7
2022-04-19,AM,gasolina,53.9100,7
2022-04-19,AP,diesel_s10,60.1800,9
2022-04-19,AP,etanol,6.4500,1
2022-04-19,AP,gasolina,133.8500,21
2022-04-19,BA,diesel_s10,733.8800,105
2022-04-19,BA,etanol,673.1900,115
2022-04-19,BA,gasolina,864.3900,119
2022-04-19,CE,diesel_s10,74.4400,11
2022-04-19,CE,etanol,64.0600,11
2022-04-19,CE,gasolina,88.2800,12
2022-04-19,DF,diesel_s10,132.0000,19
2022-04-19,DF,etanol,146.7800,24
2022-04-19,DF,gasolina,185.3700,24
2022-04-19,ES,diesel_s10,160.1200,24
2022-04-19,ES,etanol,128.3700,21
2022-04-19,ES,gasolina,235.4800,31
2022-04-19,GO,diesel_s10,330.3400,48
2022-04-19,GO,etanol,346.6100,64
2022-04-19,GO,gasolina,494.2400,65
2022-04-19,MA,diesel_s10,269.8000,39
2022-04-19,MA,etanol,138.1300,23
2022-04-19,MA,gasolina,338.0200,46
2022-04-19,MG,diesel_s10,827.3700,122
2022-04-19,MG,etanol,903.1500,160
2022-04-19,MG,gasolina,1246.2700,163
2022-04-19,MS,diesel_s10,148.7200,22
2022-04-19,MS,etanol,140.6100,25
2022-04-19,MS,gasolina,182.2200,25
2022-04-19,MT,diesel_s10,260.1900,37
2022-04-19,MT,etanol,220.6800,43
2022-04-19,MT,gasolina,300.6200,43
2022-04-19,PA,diesel_s10,346.3000,49
2022-04-19,PA,etanol,187.3100,30
2022-04-19,PA,gasolina,357.5900,48
2022-04-19,PB,diesel_s10,60.2100,9
2022-04-19,PB,etanol,63.6800,12
2022-04-19,PB,gasolina,83.7700,12
2022-04-19,PE,diesel_s10,246.4300,38
2022-04-19,PE,etanol,217.0200,39
2022-04-19,PE,gasolina,278.5000,39
2022-04-19,PI,diesel_s10,92.1900,13
2022-04-19,PI,etanol,47.2100,8
2022-04-19,PI,gasolina,117.0200,15
2022-04-19,PR,diesel_s10,493.4400,74
2022-04-19,PR,etanol,517.8700,92
2022-04-19,PR,gasolina,649.0600,91
2022-04-19,RJ,diesel_s10,456.2900,68
2022-04-19,RJ,etanol,592.8100,90
2022-04-19,RJ,gasolina,707.6400,90
2022-04-19,RN,diesel_s10,28.3600,4
2022-04-19,RN,etanol,35.9400,6
2022-04-19,RN,gasolina,30.7600,4
2022-04-19,RO,diesel_s10,119.8000,17
2022-04-19,RO,etanol,56.5600,9
2022-04-19,RO,gasolina,178.7700,24
2022-04-19,RR,diesel_s10,20.9300,3
2022-04-19,RR,etanol,6.4600,1
2022-04-19,RR,gasolina,21.2300,3
2022-04-19,RS,diesel_s10,403.1900,61
2022-04-19,RS,etanol,191.6500,29
2022-04-19,RS,gasolina,484.5200,69
2022-04-19,SC,diesel_s10,270.5200,41
2022-04-19,SC,etanol,201.0600,32
2022-04-19,SC,gasolina,356.8600,49
2022-04-19,SE,diesel_s10,200.5400,30
2022-04-19,SE,etanol,153.4000,26
2022-04-19,SE,gasolina,226.4500,31
2022-04-19,SP,diesel_s10,2386.0700,357
2022-04-19,SP,etanol,2356.9700,440
2022-04-19,SP,gasolina,3022.0800,432
2022-04-20,AC,diesel_s10,55.8200,7
2022-04-20,AC,etanol,21.4500,3
2022-04-20,AC,gasolina,54.3900,7
2022-04-20,AL,diesel_s10,74.7800,11
2022-04-20,AL,etanol,65.8500,12
2022-04-20,AL,gasolina,93.8900,13
2022-04-20,AP,gasolina,12.4400,2
2022-04-20,BA,diesel_s10,425.0900,60
2022-04-20,BA,etanol,436.1200,73
2022-04-20,BA,gasolina,511.1900,69
2022-04-20,CE,diesel_s10,560.5500,80
2022-04-20,CE,etanol,447.3500,74
2022-04-20,CE,gasolina,613.0200,81
2022-04-20,DF,diesel_s10,54.8700,8
2022-04-20,DF,etanol,57.7400,9
2022-04-20,DF,gasolina,71.0500,9
2022-04-20,ES,diesel_s10,152.5500,23
2022-04-20,ES,etanol,130.9400,21
2022-04-20,ES,gasolina,164.5400,22
2022-04-20,GO,diesel_s10,150.5800,22
2022-04-20,GO,etanol,125.3200,23
2022-04-20,GO,gasolina,176.0500,23
2022-04-20,MA,diesel_s10,451.8600,66
2022-04-20,MA,etanol,248.9800,42
2022-04-20,MA,gasolina,476.1000,67
2022-04-20,MG,diesel_s10,889.2100,130
2022-04-20,MG,etanol,993.7100,174
2022-04-20,MG,gasolina,1337.6200,175
2022-04-20,MS,diesel_s10,85.8200,13
2022-04-20,MS,etanol,101.5800,18
2022-04-20,MS,gasolina,128.4400,18
2022-04-20,MT,diesel_s10,107.3000,15
2022-04-20,MT,etanol,84.2100,16
2022-04-20,MT,gasolina,115.5900,16
2022-04-20,PA,diesel_s10,206.0500,29
2022-04-20,PA,etanol,73.9800,12
2022-04-20,PA,gasolina,268.8700,36
2022-04-20,PB,diesel_s10,42.8400,6
2022-04-20,PB,etanol,27.6300,5
2022-04-20,PB,gasolina,43.5600,6
2022-04-20,PE,diesel_s10,280.1200,43
2022-04-20,PE,etanol,236.4500,42
2022-04-20,PE,gasolina,315.2600,44
2022-04-20,PI,diesel_s10,212.6600,30
2022-04-20,PI,etanol,174.4400,29
2022-04-20,PI,gasolina,270.0700,33
2022-04-20,PR,diesel_s10,681.4600,102
2022-04-20,PR,etanol,759.1300,132
2022-04-20,PR,gasolina,953.1800,131
2022-04-20,RJ,diesel_s10,509.1300,77
2022-04-20,RJ,etanol,617.9500,95
2022-04-20,RJ,gasolina,748.5800,96
2022-04-20,RN,diesel_s10,367.7800,53
2022-04-20,RN,etanol,304.5300,51
2022-04-20,RN,gasolina,420.5300,55
2022-04-20,RO,diesel_s10,101.7100,15
2022-04-20,RO,etanol,37.6600,6
2022-04-20,RO,gasolina,111.8600,15
2022-04-20,RR,diesel_s10,69.7700,10
2022-04-20,RR,etanol,31.2300,5
2022-04-20,RR,gasolina,70.5100,10
2022-04-20,RS,diesel_s10,528.9300,81
2022-04-20,RS,etanol,166.4200,25
2022-04-20,RS,gasolina,665.1800,95
2022-04-20,SC,diesel_s10,588.5900,90
2022-04-20,SC,etanol,434.5500,69
2022-04-20,SC,gasolina,825.0600,115
2022-04-20,SE,diesel_s10,52.2500,8
2022-04-20,SE,etanol,34.1400,6
2022-04-20,SE,gasolina,64.4100,9
2022-04-20,SP,diesel_s10,2611.6500,391
2022-04-20,SP,etanol,2801.7700,524
2022-04-20,SP,gasolina,3607.7300,520
2022-04-20,TO,diesel_s10,53.5100,8
2022-04-20,TO,etanol,47.3800,8
2022-04-20,TO,gasolina,60.0400,8
2022-04-21,AC,diesel_s10,199.2500,27
2022-04-21,AC,etanol,121.1900,20
2022-04-21,AC,gasolina,217.0900,29
2022-04-21,BA,diesel_s10,302.0000,43
2022-04-21,BA,etanol,265.0600,45
2022-04-21,BA,gasolina,336.6900,46
2022-04-21,CE,diesel_s10,70.2400,10
2022-04-21,CE,etanol,53.3700,9
2022-04-21,CE,gasolina,65.7200,9
2022-04-21,ES,diesel_s10,63.9400,10
2022-04-21,ES,etanol,61.1000,10
2022-04-21,ES,gasolina,104.5500,14
2022-04-21,GO,diesel_s10,114.1700,17
2022-04-21,GO,etanol,136.3400,25
2022-04-21,GO,gasolina,192.4000,25
2022-04-21,MG,diesel_s10,14.1300,2
2022-04-21,MG,etanol,23.0800,4
2022-04-21,MG,gasolina,30.3900,4
2022-04-21,MT,diesel_s10,63.8700,9
2022-04-21,MT,etanol,37.4500,7
2022-04-21,MT,gasolina,64.5800,9
2022-04-21,PB,diesel_s10,20.4700,3
2022-04-21,PB,etanol,16.0700,3
2022-04-21,PB,gasolina,20.9700,3
2022-04-21,PE,diesel_s10,112.4000,17
2022-04-21,PE,etanol,107.9500,19
2022-04-21,PE,gasolina,129.7800,18
2022-04-21,PR,diesel_s10,265.7700,40
2022-04-21,PR,etanol,319.0100,54
2022-04-21,PR,gasolina,397.1200,54
2022-04-21,RJ,diesel_s10,19.0100,3
2022-04-21,RJ,etanol,13.4600,2
2022-04-21,RJ,gasolina,24.3200,3
2022-04-21,RO,diesel_s10,27.6200,4
2022-04-21,RO,etanol,24.1600,4
2022-04-21,RO,gasolina,36.2300,5
2022-04-21,RS,diesel_s10,358.9500,57
2022-04-21,RS,etanol,108.2000,17
2022-04-21,RS,gasolina,456.4100,68
2022-04-21,SE,diesel_s10,28.1600,4
2022-04-21,SE,etanol,23.9500,4
2022-04-21,SE,gasolina,30.3600,4
2022-04-21,SP,diesel_s10,252.1400,38
2022-04-21,SP,etanol,330.5500,62
2022-04-21,SP,gasolina,434.1200,63
2022-04-22,CE,diesel_s10,86.3700,12
2022-04-22,CE,etanol,56.2900,9
2022-04-22,CE,gasolina,89.6500,12
2022-04-22,ES,gasolina,7.8400,1
2022-04-22,GO,diesel_s10,62.4300,9
2022-04-22,GO,etanol,56.8800,10
2022-04-22,GO,gasolina,75.9000,10
2022-04-22,MG,diesel_s10,6.6900,1
2022-04-22,MG,etanol,17.1300,3
2022-04-22,MG,gasolina,22.8300,3
2022-04-22,MT,diesel_s10,313.2000,44
2022-04-22,MT,etanol,248.4300,48
2022-04-22,MT,gasolina,349.5900,49
2022-04-22,PI,diesel_s10,7.1900,1
2022-04-22,PI,etanol,5.9900,1
2022-04-22,PI,gasolina,8.2800,1
2022-04-22,PR,diesel_s10,117.1700,18
2022-04-22,PR,etanol,121.1200,22
2022-04-22,PR,gasolina,125.5700,18
2022-04-22,RJ,diesel_s10,12.9400,2
2022-04-22,RJ,etanol,18.7600,3
2022-04-22,RJ,gasolina,23.7000,3
2022-04-22,RS,diesel_s10,124.1800,19
2022-04-22,RS,etanol,52.6100,8
2022-04-22,RS,gasolina,219.7000,32
2022-04-22,SP,diesel_s10,6.9900,1
2022-04-22,SP,etanol,10.9800,2
2022-04-22,SP,gasolina,14.3800,2
2022-04-25,AL,diesel_s10,54.8300,8
2022-04-25,AL,etanol,45.2200,8
2022-04-25,AL,gasolina,57.1100,8
2022-04-25,AM,diesel_s10,183.5800,28
2022-04-25,AM,etanol,154.7800,28
2022-04-25,AM,gasolina,240.5100,33
2022-04-25,AP,diesel_s10,47.3900,7
2022-04-25,AP,etanol,6.4200,1
2022-04-25,AP,gasolina,135.6700,21
2022-04-25,BA,diesel_s10,464.9900,65
2022-04-25,BA,etanol,417.8200,71
2022-04-25,BA,gasolina,532.3700,73
2022-04-25,CE,diesel_s10,80.5800,11
2022-04-25,CE,etanol,61.4500,10
2022-04-25,CE,gasolina,78.5100,10
2022-04-25,DF,diesel_s10,213.2200,31
2022-04-25,DF,etanol,270.7800,42
2022-04-25,DF,gasolina,318.7700,42
2022-04-25,ES,diesel_s10,25.6200,4
2022-04-25,ES,etanol,70.9600,12
2022-04-25,ES,gasolina,89.7500,12
2022-04-25,GO,diesel_s10,511.1600,74
2022-04-25,GO,etanol,550.9300,99
2022-04-25,GO,gasolina,742.3600,98
2022-04-25,MA,diesel_s10,147.7800,21
2022-04-25,MA,etanol,67.6800,11
2022-04-25,MA,gasolina,160.8900,21
2022-04-25,MG,diesel_s10,812.0200,119
2022-04-25,MG,etanol,859.8200,149
2022-04-25,MG,gasolina,1128.2200,147
2022-04-25,MS,diesel_s10,212.7100,32
2022-04-25,MS,etanol,193.6100,34
2022-04-25,MS,gasolina,244.2700,34
2022-04-25,MT,diesel_s10,77.9400,11
2022-04-25,MT,etanol,60.7200,12
2022-04-25,MT,gasolina,85.5100,12
2022-04-25,PA,diesel_s10,293.8600,42
2022-04-25,PA,etanol,125.0000,19
2022-04-25,PA,gasolina,341.2400,46
2022-04-25,PB,diesel_s10,228.7500,34
2022-04-25,PB,etanol,172.0300,32
2022-04-25,PB,gasolina,238.1400,34
2022-04-25,PE,diesel_s10,207.1700,32
2022-04-25,PE,etanol,163.5400,29
2022-04-25,PE,gasolina,227.4500,32
2022-04-25,PI,diesel_s10,114.7400,16
2022-04-25,PI,etanol,77.0100,13
2022-04-25,PI,gasolina,137.7100,17
2022-04-25,PR,diesel_s10,420.5500,63
2022-04-25,PR,etanol,432.1300,75
2022-04-25,PR,gasolina,540.9400,75
2022-04-25,RJ,diesel_s10,656.8300,99
2022-04-25,RJ,etanol,803.5600,120
2022-04-25,RJ,gasolina,947.9900,121
2022-04-25,RN,diesel_s10,131.1300,19
2022-04-25,RN,etanol,136.6700,22
2022-04-25,RN,gasolina,160.2000,21
2022-04-25,RO,diesel_s10,29.0100,4
2022-04-25,RO,etanol,13.6400,2
2022-04-25,RO,gasolina,30.0900,4
2022-04-25,RS,diesel_s10,437.0100,67
2022-04-25,RS,etanol,168.8100,25
2022-04-25,RS,gasolina,494.8900,70
2022-04-25,SC,diesel_s10,285.0200,43
2022-04-25,SC,etanol,168.7900,26
2022-04-25,SC,gasolina,324.5800,45
2022-04-25,SE,diesel_s10,60.6300,9
2022-04-25,SE,etanol,48.1000,8
2022-04-25,SE,gasolina,66.7700,9
2022-04-25,SP,diesel_s10,2882.4200,434
2022-04-25,SP,etanol,2973.1000,555
2022-04-25,SP,gasolina,3840.4700,551
2022-04-25,TO,diesel_s10,127.9100,19
2022-04-25,TO,etanol,98.4200,16
2022-04-25,TO,gasolina,150.3500,20
2022-04-26,AC,diesel_s10,185.0800,25
2022-04-26,AC,etanol,97.2800,16
2022-04-26,AC,gasolina,202.8300,27
2022-04-26,AL,diesel_s10,131.3400,19
2022-04-26,AL,etanol,137.8200,25
2022-04-26,AL,gasolina,178.3000,25
2022-04-26,AM,diesel_s10,73.4500,10
2022-04-26,AM,etanol,12.2900,2
2022-04-26,AM,gasolina,148.6400,19
2022-04-26,AP,gasolina,19.1700,3
2022-04-26,BA,diesel_s10,455.6100,63
2022-04-26,BA,etanol,436.3700,73
2022-04-26,BA,gasolina,534.9600,73
2022-04-26,CE,diesel_s10,583.4700,84
2022-04-26,CE,etanol,505.6400,83
2022-04-26,CE,gasolina,644.6300,87
2022-04-26,ES,diesel_s10,224.8400,34
2022-04-26,ES,etanol,191.6900,30
2022-04-26,ES,gasolina,311.3100,41
2022-04-26,GO,diesel_s10,138.0000,20
2022-04-26,GO,etanol,147.1800,27
2022-04-26,GO,gasolina,211.7500,28
2022-04-26,MA,diesel_s10,158.9200,23
2022-04-26,MA,etanol,96.9400,16
2022-04-26,MA,gasolina,190.8000,26
2022-04-26,MG,diesel_s10,600.1800,88
2022-04-26,MG,etanol,682.9800,118
2022-04-26,MG,gasolina,924.4700,120
2022-04-26,MS,diesel_s10,54.7700,8
2022-04-26,MS,etanol,47.4900,8
2022-04-26,MS,gasolina,52.9300,7
2022-04-26,MT,diesel_s10,230.4100,33
2022-04-26,MT,etanol,192.0800,38
2022-04-26,MT,gasolina,267.1200,38
2022-04-26,PA,diesel_s10,131.2200,19
2022-04-26,PA,etanol,79.5900,13
2022-04-26,PA,gasolina,145.9000,20
2022-04-26,PB,diesel_s10,13.5800,2
2022-04-26,PB,etanol,10.6800,2
2022-04-26,PB,gasolina,13.9800,2
2022-04-26,PE,diesel_s10,319.7700,49
2022-04-26,PE,etanol,269.3800,47
2022-04-26,PE,gasolina,370.5500,51
2022-04-26,PI,diesel_s10,157.6100,22
2022-04-26,PI,etanol,107.6300,18
2022-04-26,PI,gasolina,194.0700,24
2022-04-26,PR,diesel_s10,659.6100,100
2022-04-26,PR,etanol,694.5700,120
2022-04-26,PR,gasolina,873.3000,120
2022-04-26,RJ,diesel_s10,559.7500,84
2022-04-26,RJ,etanol,686.3400,103
2022-04-26,RJ,gasolina,809.1900,103
2022-04-26,RN,diesel_s10,218.8500,31
2022-04-26,RN,etanol,195.7300,32
2022-04-26,RN,gasolina,221.7000,29
2022-04-26,RO,diesel_s10,185.5200,27
2022-04-26,RO,etanol,89.2700,15
2022-04-26,RO,gasolina,234.9800,32
2022-04-26,RR,diesel_s10,27.6400,4
2022-04-26,RR,etanol,6.2200,1
2022-04-26,RR,gasolina,28.2300,4
2022-04-26,RS,diesel_s10,317.7100,49
2022-04-26,RS,etanol,163.0200,24
2022-04-26,RS,gasolina,414.3200,59
2022-04-26,SC,diesel_s10,98.7700,15
2022-04-26,SC,etanol,71.3600,11
2022-04-26,SC,gasolina,107.8900,15
2022-04-26,SE,diesel_s10,52.3400,8
2022-04-26,SE,etanol,12.0000,2
2022-04-26,SE,gasolina,57.6300,8
2022-04-26,SP,diesel_s10,1625.8800,245
2022-04-26,SP,etanol,1752.0700,329
2022-04-26,SP,gasolina,2293.7700,329
2022-04-26,TO,diesel_s10,38.7200,6
2022-04-26,TO,etanol,24.3800,4
2022-04-26,TO,gasolina,44.4300,6
2022-04-27,AC,diesel_s10,94.1700,12
2022-04-27,AC,etanol,47.9100,7
2022-04-27,AC,gasolina,92.4700,12
2022-04-27,AL,diesel_s10,126.3600,18
2022-04-27,AL,etanol,103.7500,18
2022-04-27,AL,gasolina,133.7000,18
2022-04-27,AM,diesel_s10,29.4400,4
2022-04-27,AM,gasolina,53.8300,7
2022-04-27,BA,diesel_s10,561.8100,78
2022-04-27,BA,etanol,555.0800,93
2022-04-27,BA,gasolina,675.3200,92
2022-04-27,CE,diesel_s10,238.1800,34
2022-04-27,CE,etanol,181.7700,30
2022-04-27,CE,gasolina,253.3200,34
2022-04-27,DF,diesel_s10,13.9800,2
2022-04-27,DF,etanol,32.4400,5
2022-04-27,DF,gasolina,37.4500,5
2022-04-27,ES,diesel_s10,189.6300,29
2022-04-27,ES,etanol,160.7900,25
2022-04-27,ES,gasolina,251.6800,33
2022-04-27,GO,diesel_s10,121.4000,18
2022-04-27,GO,etanol,116.8200,22
2022-04-27,GO,gasolina,168.1300,22
2022-04-27,MA,diesel_s10,95.6900,14
2022-04-27,MA,etanol,43.5900,7
2022-04-27,MA,gasolina,115.9300,16
2022-04-27,MG,diesel_s10,614.8000,91
2022-04-27,MG,etanol,771.5800,134
2022-04-27,MG,gasolina,1006.8700,132
2022-04-27,MS,diesel_s10,174.4200,26
2022-04-27,MS,etanol,158.6400,28
2022-04-27,MS,gasolina,192.9500,27
2022-04-27,MT,diesel_s10,209.5500,30
2022-04-27,MT,etanol,159.3900,32
2022-04-27,MT,gasolina,215.7600,31
2022-04-27,PA,diesel_s10,201.9500,28
2022-04-27,PA,etanol,45.0900,7
2022-04-27,PA,gasolina,260.6700,34
2022-04-27,PB,diesel_s10,133.4200,19
2022-04-27,PB,etanol,107.5400,19
2022-04-27,PB,gasolina,144.5500,20
2022-04-27,PE,diesel_s10,383.2900,59
2022-04-27,PE,etanol,367.5700,64
2022-04-27,PE,gasolina,441.6400,62
2022-04-27,PI,diesel_s10,91.8700,13
2022-04-27,PI,etanol,73.7800,12
2022-04-27,PI,gasolina,133.2500,17
2022-04-27,PR,diesel_s10,571.2400,86
2022-04-27,PR,etanol,609.0200,105
2022-04-27,PR,gasolina,762.3800,105
2022-04-27,RJ,diesel_s10,161.9800,24
2022-04-27,RJ,etanol,187.3900,28
2022-04-27,RJ,gasolina,224.7100,28
2022-04-27,RN,diesel_s10,68.7200,10
2022-04-27,RN,etanol,49.4900,8
2022-04-27,RN,gasolina,75.5000,10
2022-04-27,RO,diesel_s10,55.8700,8
2022-04-27,RO,etanol,31.9000,5
2022-04-27,RO,gasolina,69.1900,9
2022-04-27,RR,diesel_s10,62.3800,9
2022-04-27,RR,etanol,18.6700,3
2022-04-27,RR,gasolina,63.4200,9
2022-04-27,RS,diesel_s10,621.2600,95
2022-04-27,RS,etanol,211.4900,32
2022-04-27,RS,gasolina,811.4000,115
2022-04-27,SC,diesel_s10,237.2100,36
2022-04-27,SC,etanol,200.4400,31
2022-04-27,SC,gasolina,330.8500,45
2022-04-27,SE,diesel_s10,129.9800,19
2022-04-27,SE,etanol,121.0100,20
2022-04-27,SE,gasolina,147.7900,20
2022-04-27,SP,diesel_s10,1808.6900,271
2022-04-27,SP,etanol,1779.2200,332
2022-04-27,SP,gasolina,2288.8700,327
2022-04-27,TO,diesel_s10,72.8400,11
2022-04-27,TO,etanol,53.2400,9
2022-04-27,TO,gasolina,81.8200,11
2022-04-28,AL,diesel_s10,40.6400,6
2022-04-28,AL,etanol,39.9000,7
2022-04-28,AL,gasolina,58.3300,8
2022-04-28,AM,diesel_s10,40.4300,6
2022-04-28,AM,etanol,33.2900,6
2022-04-28,AM,gasolina,50.2900,7
2022-04-28,BA,diesel_s10,348.3500,49
2022-04-28,BA,etanol,301.6400,51
2022-04-28,BA,gasolina,373.8900,51
2022-04-28,CE,diesel_s10,397.2900,57
2022-04-28,CE,etanol,327.9500,53
2022-04-28,CE,gasolina,439.3800,59
2022-04-28,ES,diesel_s10,110.6000,17
2022-04-28,ES,etanol,99.6900,16
2022-04-28,ES,gasolina,141.8200,19
2022-04-28,GO,diesel_s10,244.1900,36
2022-04-28,GO,etanol,255.2500,47
2022-04-28,GO,gasolina,347.9600,46
2022-04-28,MA,diesel_s10,374.1400,55
2022-04-28,MA,etanol,199.6000,33
2022-04-28,MA,gasolina,396.5100,56
2022-04-28,MG,diesel_s10,700.5200,104
2022-04-28,MG,etanol,746.7400,130
2022-04-28,MG,gasolina,986.8200,129
2022-04-28,MS,diesel_s10,66.0100,10
2022-04-28,MS,etanol,92.5300,16
2022-04-28,MS,gasolina,132.0200,18
2022-04-28,MT,diesel_s10,174.5600,25
2022-04-28,MT,etanol,159.3000,33
2022-04-28,MT,gasolina,226.1300,33
2022-04-28,PA,diesel_s10,47.2600,7
2022-04-28,PA,etanol,25.4300,4
2022-04-28,PA,gasolina,50.6600,7
2022-04-28,PB,diesel_s10,33.5500,5
2022-04-28,PB,etanol,37.6200,7
2022-04-28,PB,gasolina,48.8300,7
2022-04-28,PE,diesel_s10,240.4200,36
2022-04-28,PE,etanol,213.4700,36
2022-04-28,PE,gasolina,266.5900,36
2022-04-28,PI,diesel_s10,66.7200,9
2022-04-28,PI,etanol,56.1600,9
2022-04-28,PI,gasolina,81.9700,10
2022-04-28,PR,diesel_s10,165.2300,25
2022-04-28,PR,etanol,182.5100,32
2022-04-28,PR,gasolina,223.1400,31
2022-04-28,RJ,diesel_s10,265.9900,40
2022-04-28,RJ,etanol,345.7600,52
2022-04-28,RJ,gasolina,428.4300,54
2022-04-28,RO,diesel_s10,81.8600,12
2022-04-28,RO,etanol,32.2100,5
2022-04-28,RO,gasolina,89.8400,12
2022-04-28,RS,diesel_s10,594.8700,93
2022-04-28,RS,etanol,187.9900,28
2022-04-28,RS,gasolina,750.9700,109
2022-04-28,SC,diesel_s10,466.2300,71
2022-04-28,SC,etanol,312.5600,49
2022-04-28,SC,gasolina,596.1500,83
2022-04-28,SE,diesel_s10,39.6300,6
2022-04-28,SE,etanol,29.9800,5
2022-04-28,SE,gasolina,43.1900,6
2022-04-28,SP,diesel_s10,1359.0100,205
2022-04-28,SP,etanol,1589.3700,301
2022-04-28,SP,gasolina,2069.7600,300
2022-04-29,GO,diesel_s10,68.2300,10
2022-04-29,GO,etanol,58.8000,11
2022-04-29,GO,gasolina,83.2200,11
2022-04-29,RJ,diesel_s10,59.6100,9
2022-04-29,RJ,etanol,84.1700,13
2022-04-29,RJ,gasolina,96.2200,12
2022-04-29,SC,diesel_s10,52.4000,8
2022-04-29,SC,etanol,58.4300,9
2022-04-29,SC,gasolina,72.5400,10
2022-04-29,SP,diesel_s10,100.4400,15
2022-04-29,SP,etanol,92.2500,18
2022-04-29,SP,gasolina,125.8400,18
2022-05-02,AC,diesel_s10,58.9500,8
2022-05-02,AC,etanol,30.2300,5
2022-05-02,AC,gasolina,60.2700,8
2022-05-02,AL,diesel_s10,172.5100,26
2022-05-02,AL,etanol,170.1300,31
2022-05-02,AL,gasolina,223.8300,32
2022-05-02,AM,diesel_s10,255.8200,38
2022-05-02,AM,etanol,167.1300,30
2022-05-02,AM,gasolina,355.7300,48
2022-05-02,AP,diesel_s10,47.2700,7
2022-05-02,AP,etanol,6.5000,1
2022-05-02,AP,gasolina,78.4700,12
2022-05-02,BA,diesel_s10,531.9700,69
2022-05-02,BA,etanol,490.2700,80
2022-05-02,BA,gasolina,617.8100,80
2022-05-02,CE,diesel_s10,311.1400,44
2022-05-02,CE,etanol,257.9600,40
2022-05-02,CE,gasolina,334.0900,43
2022-05-02,ES,diesel_s10,263.2900,40
2022-05-02,ES,etanol,186.6000,29
2022-05-02,ES,gasolina,335.9200,44
2022-05-02,GO,diesel_s10,545.7100,79
2022-05-02,GO,etanol,494.1900,90
2022-05-02,GO,gasolina,677.3100,90
2022-05-02,MA,diesel_s10,145.6800,21
2022-05-02,MA,etanol,109.6700,18
2022-05-02,MA,gasolina,175.8400,24
2022-05-02,MG,diesel_s10,676.6300,100
2022-05-02,MG,etanol,746.8900,130
2022-05-02,MG,gasolina,987.2300,129
2022-05-02,MS,diesel_s10,47.6600,7
2022-05-02,MS,etanol,41.4200,7
2022-05-02,MS,gasolina,52.8500,7
2022-05-02,MT,diesel_s10,77.0900,11
2022-05-02,MT,etanol,68.9000,14
2022-05-02,MT,gasolina,97.6800,14
2022-05-02,PA,diesel_s10,252.2400,36
2022-05-02,PA,etanol,77.8000,12
2022-05-02,PA,gasolina,296.5300,40
2022-05-02,PB,diesel_s10,216.0900,32
2022-05-02,PB,etanol,184.9900,34
2022-05-02,PB,gasolina,252.4400,36
2022-05-02,PE,diesel_s10,523.7500,80
2022-05-02,PE,etanol,454.7300,77
2022-05-02,PE,gasolina,610.9100,84
2022-05-02,PI,diesel_s10,131.1400,18
2022-05-02,PI,etanol,93.9900,15
2022-05-02,PI,gasolina,146.2600,18
2022-05-02,PR,diesel_s10,231.7300,35
2022-05-02,PR,etanol,251.8000,44
2022-05-02,PR,gasolina,324.7200,45
2022-05-02,RJ,diesel_s10,819.3500,122
2022-05-02,RJ,etanol,1053.0300,157
2022-05-02,RJ,gasolina,1241.0300,157
2022-05-02,RN,diesel_s10,7.1900,1
2022-05-02,RN,etanol,12.5800,2
2022-05-02,RN,gasolina,7.5900,1
2022-05-02,RO,diesel_s10,70.0900,10
2022-05-02,RO,etanol,42.9600,7
2022-05-02,RO,gasolina,81.0800,11
2022-05-02,RS,diesel_s10,393.1600,60
2022-05-02,RS,etanol,123.7200,18
2022-05-02,RS,gasolina,457.7000,64
2022-05-02,SC,diesel_s10,269.9100,41
2022-05-02,SC,etanol,182.7900,28
2022-05-02,SC,gasolina,310.1100,43
2022-05-02,SE,diesel_s10,54.3900,8
2022-05-02,SE,etanol,49.1200,8
2022-05-02,SE,gasolina,58.8200,8
2022-05-02,SP,diesel_s10,2565.2300,388
2022-05-02,SP,etanol,2599.7200,498
2022-05-02,SP,gasolina,3399.5300,489
2022-05-02,TO,diesel_s10,186.2400,28
2022-05-02,TO,etanol,149.6000,24
2022-05-02,TO,gasolina,223.5100,30
2022-05-03,AC,diesel_s10,82.0900,11
2022-05-03,AC,etanol,36.7800,6
2022-05-03,AC,gasolina,91.0300,12
2022-05-03,AL,diesel_s10,52.8700,7
2022-05-03,AL,etanol,45.3100,7
2022-05-03,AL,gasolina,55.9700,7
2022-05-03,AP,diesel_s10,39.9000,6
2022-05-03,AP,etanol,6.3900,1
2022-05-03,AP,gasolina,96.7200,15
2022-05-03,BA,diesel_s10,579.9900,75
2022-05-03,BA,etanol,494.8200,81
2022-05-03,BA,gasolina,639.4700,84
2022-05-03,CE,diesel_s10,93.1200,13
2022-05-03,CE,etanol,63.4800,10
2022-05-03,CE,gasolina,100.8700,13
2022-05-03,ES,diesel_s10,177.4800,27
2022-05-03,ES,etanol,143.8000,23
2022-05-03,ES,gasolina,247.4700,33
2022-05-03,GO,diesel_s10,156.4100,23
2022-05-03,GO,etanol,235.2100,44
2022-05-03,GO,gasolina,325.9700,43
2022-05-03,MA,diesel_s10,35.5900,5
2022-05-03,MA,etanol,12.4800,2
2022-05-03,MA,gasolina,54.3100,7
2022-05-03,MG,diesel_s10,754.7600,112
2022-05-03,MG,etanol,802.0900,144
2022-05-03,MG,gasolina,1074.1000,142
2022-05-03,MS,diesel_s10,129.3000,19
2022-05-03,MS,etanol,133.8600,23
2022-05-03,MS,gasolina,169.5100,23
2022-05-03,MT,diesel_s10,442.1200,62
2022-05-03,MT,etanol,338.3000,66
2022-05-03,MT,gasolina,478.4300,67
2022-05-03,PA,diesel_s10,260.2700,37
2022-05-03,PA,etanol,115.1200,18
2022-05-03,PA,gasolina,276.4000,37
2022-05-03,PB,diesel_s10,140.1300,20
2022-05-03,PB,etanol,108.1500,19
2022-05-03,PB,gasolina,158.9800,22
2022-05-03,PE,diesel_s10,234.6400,36
2022-05-03,PE,etanol,228.1600,39
2022-05-03,PE,gasolina,270.0900,38
2022-05-03,PI,diesel_s10,51.1500,7
2022-05-03,PI,etanol,30.9500,5
2022-05-03,PI,gasolina,63.7500,8
2022-05-03,PR,diesel_s10,596.4600,90
2022-05-03,PR,etanol,610.5500,107
2022-05-03,PR,gasolina,778.9500,108
2022-05-03,RJ,diesel_s10,422.2300,64
2022-05-03,RJ,etanol,519.1700,79
2022-05-03,RJ,gasolina,646.1800,83
2022-05-03,RN,diesel_s10,325.8500,47
2022-05-03,RN,etanol,272.9800,44
2022-05-03,RN,gasolina,380.4700,50
2022-05-03,RO,diesel_s10,139.0700,20
2022-05-03,RO,etanol,68.5600,11
2022-05-03,RO,gasolina,190.2900,26
2022-05-03,RR,diesel_s10,34.5500,5
2022-05-03,RR,gasolina,35.2800,5
2022-05-03,RS,diesel_s10,428.1600,65
2022-05-03,RS,etanol,162.2100,24
2022-05-03,RS,gasolina,568.6000,81
2022-05-03,SC,diesel_s10,119.0200,18
2022-05-03,SC,etanol,73.5700,11
2022-05-03,SC,gasolina,137.3400,19
2022-05-03,SE,diesel_s10,154.6100,23
2022-05-03,SE,etanol,109.6400,18
2022-05-03,SE,gasolina,182.5200,25
2022-05-03,SP,diesel_s10,1901.1300,287
2022-05-03,SP,etanol,1881.4000,362
2022-05-03,SP,gasolina,2528.1900,363
2022-05-03,TO,diesel_s10,6.5900,1
2022-05-03,TO,etanol,5.9600,1
2022-05-03,TO,gasolina,7.4500,1
2022-05-04,AC,diesel_s10,79.7600,10
2022-05-04,AC,etanol,28.0300,4
2022-05-04,AC,gasolina,77.7000,10
2022-05-04,AL,diesel_s10,82.6800,12
2022-05-04,AL,etanol,88.8400,15
2022-05-04,AL,gasolina,116.6600,16
2022-05-04,AM,diesel_s10,78.8900,11
2022-05-04,AM,etanol,16.8300,3
2022-05-04,AM,gasolina,130.6700,17
2022-05-04,AP,diesel_s10,6.5500,1
2022-05-04,AP,gasolina,19.4300,3
2022-05-04,BA,diesel_s10,461.7100,60
2022-05-04,BA,etanol,428.0700,71
2022-05-04,BA,gasolina,506.1600,68
2022-05-04,CE,diesel_s10,732.5800,104
2022-05-04,CE,etanol,706.6900,108
2022-05-04,CE,gasolina,859.1300,112
2022-05-04,DF,diesel_s10,231.7700,34
2022-05-04,DF,etanol,254.2900,40
2022-05-04,DF,gasolina,307.1200,40
2022-05-04,ES,diesel_s10,46.3300,7
2022-05-04,ES,etanol,39.0000,6
2022-05-04,ES,gasolina,68.4100,9
2022-05-04,GO,diesel_s10,134.1900,20
2022-05-04,GO,etanol,143.5000,27
2022-05-04,GO,gasolina,204.4700,27
2022-05-04,MA,diesel_s10,276.0700,40
2022-05-04,MA,etanol,171.3600,28
2022-05-04,MA,gasolina,290.6600,41
2022-05-04,MG,diesel_s10,649.9500,96
2022-05-04,MG,etanol,712.1900,125
2022-05-04,MG,gasolina,972.7900,127
2022-05-04,MS,diesel_s10,254.9800,38
2022-05-04,MS,etanol,260.2900,46
2022-05-04,MS,gasolina,337.6700,47
2022-05-04,MT,diesel_s10,83.4000,12
2022-05-04,MT,etanol,85.8700,18
2022-05-04,MT,gasolina,122.7700,18
2022-05-04,PA,diesel_s10,282.7300,40
2022-05-04,PA,etanol,89.7400,14
2022-05-04,PA,gasolina,354.6200,47
2022-05-04,PB,diesel_s10,13.9700,2
2022-05-04,PB,etanol,11.5800,2
2022-05-04,PB,gasolina,14.3800,2
2022-05-04,PE,diesel_s10,287.9500,44
2022-05-04,PE,etanol,282.9800,48
2022-05-04,PE,gasolina,342.2600,48
2022-05-04,PI,diesel_s10,91.2800,13
2022-05-04,PI,etanol,42.0900,7
2022-05-04,PI,gasolina,108.7600,14
2022-05-04,PR,diesel_s10,864.3700,129
2022-05-04,PR,etanol,863.6500,151
2022-05-04,PR,gasolina,1090.6500,150
2022-05-04,RJ,diesel_s10,355.3800,52
2022-05-04,RJ,etanol,393.7200,57
2022-05-04,RJ,gasolina,466.4700,58
2022-05-04,RN,diesel_s10,70.4400,10
2022-05-04,RN,etanol,67.9000,11
2022-05-04,RN,gasolina,67.5900,9
2022-05-04,RO,diesel_s10,123.8400,18
2022-05-04,RO,etanol,57.4300,9
2022-05-04,RO,gasolina,149.9400,20
2022-05-04,RR,diesel_s10,55.3300,8
2022-05-04,RR,etanol,12.4900,2
2022-05-04,RR,gasolina,56.3500,8
2022-05-04,RS,diesel_s10,489.7600,76
2022-05-04,RS,etanol,181.4400,27
2022-05-04,RS,gasolina,636.8200,92
2022-05-04,SC,diesel_s10,72.3300,11
2022-05-04,SC,etanol,52.5800,8
2022-05-04,SC,gasolina,85.1200,12
2022-05-04,SE,diesel_s10,75.1400,11
2022-05-04,SE,etanol,66.6000,11
2022-05-04,SE,gasolina,80.6700,11
2022-05-04,SP,diesel_s10,1466.3500,221
2022-05-04,SP,etanol,1406.3500,272
2022-05-04,SP,gasolina,1865.1000,269
2022-05-04,TO,diesel_s10,54.0700,8
2022-05-04,TO,etanol,50.5000,8
2022-05-04,TO,gasolina,59.9500,8
2022-05-05,AC,diesel_s10,58.6900,8
2022-05-05,AC,etanol,55.5300,9
2022-05-05,AC,gasolina,67.8200,9
2022-05-05,AL,diesel_s10,20.4700,3
2022-05-05,AL,etanol,28.6100,5
2022-05-05,AL,gasolina,36.4500,5
2022-05-05,BA,diesel_s10,262.0100,34
2022-05-05,BA,etanol,234.8300,39
2022-05-05,BA,gasolina,287.2300,38
2022-05-05,CE,diesel_s10,134.6000,19
2022-05-05,CE,etanol,118.8700,18
2022-05-05,CE,gasolina,144.5400,19
2022-05-05,DF,diesel_s10,20.4700,3
2022-05-05,DF,etanol,43.6200,7
2022-05-05,DF,gasolina,54.3600,7
2022-05-05,ES,diesel_s10,163.0200,25
2022-05-05,ES,etanol,145.9700,23
2022-05-05,ES,gasolina,186.6500,25
2022-05-05,GO,diesel_s10,196.8700,29
2022-05-05,GO,etanol,189.4600,35
2022-05-05,GO,gasolina,266.4400,35
2022-05-05,MA,diesel_s10,152.0100,22
2022-05-05,MA,etanol,97.9400,16
2022-05-05,MA,gasolina,155.2500,22
2022-05-05,MG,diesel_s10,559.2400,82
2022-05-05,MG,etanol,661.2400,116
2022-05-05,MG,gasolina,888.3600,116
2022-05-05,MS,diesel_s10,39.5800,6
2022-05-05,MS,etanol,55.1800,10
2022-05-05,MS,gasolina,70.3500,10
2022-05-05,MT,diesel_s10,151.8400,22
2022-05-05,MT,etanol,116.5100,24
2022-05-05,MT,gasolina,166.6400,24
2022-05-05,PA,diesel_s10,7.6900,1
2022-05-05,PA,etanol,13.4400,2
2022-05-05,PA,gasolina,15.9800,2
2022-05-05,PB,diesel_s10,20.2700,3
2022-05-05,PB,etanol,17.5500,3
2022-05-05,PB,gasolina,21.5500,3
2022-05-05,PE,diesel_s10,26.0400,4
2022-05-05,PE,etanol,23.2900,4
2022-05-05,PE,gasolina,21.4600,3
2022-05-05,PI,diesel_s10,166.6100,23
2022-05-05,PI,etanol,138.0000,22
2022-05-05,PI,gasolina,205.0700,25
2022-05-05,PR,diesel_s10,230.9900,35
2022-05-05,PR,etanol,221.1400,40
2022-05-05,PR,gasolina,273.6000,38
2022-05-05,RJ,diesel_s10,342.1800,52
2022-05-05,RJ,etanol,432.2200,67
2022-05-05,RJ,gasolina,530.8000,68
2022-05-05,RS,diesel_s10,614.6300,96
2022-05-05,RS,etanol,207.9200,31
2022-05-05,RS,gasolina,746.4200,108
2022-05-05,SC,diesel_s10,622.2300,95
2022-05-05,SC,etanol,410.1400,64
2022-05-05,SC,gasolina,833.8700,116
2022-05-05,SP,diesel_s10,1313.0900,197
2022-05-05,SP,etanol,1482.1400,289
2022-05-05,SP,gasolina,1981.5100,286
2022-05-06,CE,diesel_s10,77.7800,11
2022-05-06,CE,etanol,66.9500,11
2022-05-06,CE,gasolina,79.1200,11
2022-05-06,PI,diesel_s10,22.1500,3
2022-05-06,PI,etanol,19.2100,3
2022-05-06,PI,gasolina,24.7100,3
2022-05-06,RJ,diesel_s10,13.3800,2
2022-05-06,RJ,etanol,20.6700,3
2022-05-06,RJ,gasolina,24.6600,3
2022-05-06,RS,diesel_s10,26.2000,4
2022-05-06,RS,etanol,19.6500,3
2022-05-06,RS,gasolina,28.7100,4
2022-05-06,SC,diesel_s10,26.8200,4
2022-05-06,SC,etanol,32.2600,5
2022-05-06,SC,gasolina,37.3000,5
2022-05-06,SP,diesel_s10,53.6000,8
2022-05-06,SP,etanol,40.9800,8
2022-05-06,SP,gasolina,56.9100,8
2022-05-09,AL,diesel_s10,267.6600,39
2022-05-09,AL,etanol,228.9600,39
2022-05-09,AL,gasolina,279.7400,39
2022-05-09,AM,diesel_s10,269.3800,40
2022-05-09,AM,etanol,184.6300,33
2022-05-09,AM,gasolina,362.7900,49
2022-05-09,AP,diesel_s10,6.8500,1
2022-05-09,AP,gasolina,13.1300,2
2022-05-09,BA,diesel_s10,707.9700,91
2022-05-09,BA,etanol,636.7000,105
2022-05-09,BA,gasolina,823.3500,105
2022-05-09,CE,diesel_s10,224.8900,31
2022-05-09,CE,etanol,157.7100,25
2022-05-09,CE,gasolina,230.3000,30
2022-05-09,ES,diesel_s10,143.7400,22
2022-05-09,ES,etanol,101.8800,16
2022-05-09,ES,gasolina,186.4800,25
2022-05-09,GO,diesel_s10,219.9300,32
2022-05-09,GO,etanol,232.0500,43
2022-05-09,GO,gasolina,321.5600,42
2022-05-09,MA,diesel_s10,77.5500,11
2022-05-09,MA,etanol,48.4600,8
2022-05-09,MA,gasolina,96.9400,13
2022-05-09,MG,diesel_s10,680.9800,101
2022-05-09,MG,etanol,661.7100,118
2022-05-09,MG,gasolina,897.2900,118
2022-05-09,MS,diesel_s10,128.2900,19
2022-05-09,MS,etanol,121.7100,21
2022-05-09,MS,gasolina,160.4700,22
2022-05-09,MT,diesel_s10,195.2600,28
2022-05-09,MT,etanol,148.8700,30
2022-05-09,MT,gasolina,210.3200,30
2022-05-09,PA,diesel_s10,251.9700,36
2022-05-09,PA,etanol,121.3100,19
2022-05-09,PA,gasolina,300.1200,41
2022-05-09,PB,diesel_s10,229.0600,34
2022-05-09,PB,etanol,183.0300,33
2022-05-09,PB,gasolina,247.6300,35
2022-05-09,PE,diesel_s10,456.9200,70
2022-05-09,PE,etanol,392.2300,67
2022-05-09,PE,gasolina,503.8600,71
2022-05-09,PI,diesel_s10,227.8600,32
2022-05-09,PI,etanol,159.8700,26
2022-05-09,PI,gasolina,272.0600,34
2022-05-09,PR,diesel_s10,159.3400,24
2022-05-09,PR,etanol,167.0900,30
2022-05-09,PR,gasolina,223.0200,31
2022-05-09,RJ,diesel_s10,515.6300,77
2022-05-09,RJ,etanol,638.4900,96
2022-05-09,RJ,gasolina,757.2000,96
2022-05-09,RO,diesel_s10,6.7700,1
2022-05-09,RO,etanol,6.0900,1
2022-05-09,RO,gasolina,7.1900,1
2022-05-09,RS,diesel_s10,427.7300,65
2022-05-09,RS,etanol,166.7800,25
2022-05-09,RS,gasolina,481.1000,68
2022-05-09,SC,diesel_s10,286.2900,43
2022-05-09,SC,etanol,213.6900,33
2022-05-09,SC,gasolina,336.2400,47
2022-05-09,SE,diesel_s10,6.6500,1
2022-05-09,SE,gasolina,7.2000,1
2022-05-09,SP,diesel_s10,2960.2800,446
2022-05-09,SP,etanol,2830.2300,561
2022-05-09,SP,gasolina,3836.4000,553
2022-05-09,TO,diesel_s10,110.0500,16
2022-05-09,TO,etanol,80.9500,13
2022-05-09,TO,gasolina,134.6200,18
2022-05-10,AC,diesel_s10,119.6300,16
2022-05-10,AC,etanol,54.7100,9
2022-05-10,AC,gasolina,120.8300,16
2022-05-10,AL,diesel_s10,40.6300,6
2022-05-10,AL,etanol,41.5100,7
2022-05-10,AL,gasolina,58.2700,8
2022-05-10,AP,diesel_s10,34.4200,5
2022-05-10,AP,etanol,13.3800,2
2022-05-10,AP,gasolina,39.6800,6
2022-05-10,BA,diesel_s10,632.1200,82
2022-05-10,BA,etanol,558.8900,91
2022-05-10,BA,gasolina,707.9400,90
2022-05-10,CE,diesel_s10,450.3700,62
2022-05-10,CE,etanol,401.4700,61
2022-05-10,CE,gasolina,475.2700,62
2022-05-10,ES,diesel_s10,279.1000,41
2022-05-10,ES,etanol,192.9000,30
2022-05-10,ES,gasolina,342.6900,45
2022-05-10,GO,diesel_s10,335.5400,48
2022-05-10,GO,etanol,291.0000,55
2022-05-10,GO,gasolina,417.9100,55
2022-05-10,MA,diesel_s10,222.3100,31
2022-05-10,MA,etanol,109.0800,18
2022-05-10,MA,gasolina,242.0700,33
2022-05-10,MG,diesel_s10,842.6300,119
2022-05-10,MG,etanol,889.6200,160
2022-05-10,MG,gasolina,1224.7100,161
2022-05-10,MS,diesel_s10,42.5200,6
2022-05-10,MS,etanol,34.2500,6
2022-05-10,MS,gasolina,45.2000,6
2022-05-10,MT,diesel_s10,428.6900,59
2022-05-10,MT,etanol,333.4300,66
2022-05-10,MT,gasolina,469.8500,66
2022-05-10,PA,diesel_s10,301.1500,41
2022-05-10,PA,etanol,150.0300,23
2022-05-10,PA,gasolina,313.2800,42
2022-05-10,PB,diesel_s10,42.8600,6
2022-05-10,PB,etanol,28.5000,5
2022-05-10,PB,gasolina,43.5000,6
2022-05-10,PE,diesel_s10,359.1100,53
2022-05-10,PE,etanol,289.2400,49
2022-05-10,PE,gasolina,398.7500,55
2022-05-10,PI,diesel_s10,58.8800,8
2022-05-10,PI,etanol,31.1400,5
2022-05-10,PI,gasolina,65.1100,8
2022-05-10,PR,diesel_s10,428.2600,63
2022-05-10,PR,etanol,382.7900,71
2022-05-10,PR,gasolina,505.8300,71
2022-05-10,RJ,diesel_s10,584.8700,85
2022-05-10,RJ,etanol,660.1900,99
2022-05-10,RJ,gasolina,787.7900,99
2022-05-10,RO,diesel_s10,134.0400,19
2022-05-10,RO,etanol,55.6700,9
2022-05-10,RO,gasolina,163.0300,22
2022-05-10,RR,diesel_s10,13.7600,2
2022-05-10,RR,gasolina,14.0800,2
2022-05-10,RS,diesel_s10,385.7300,58
2022-05-10,RS,etanol,154.6400,23
2022-05-10,RS,gasolina,450.5000,65
2022-05-10,SC,diesel_s10,247.6700,37
2022-05-10,SC,etanol,148.1100,23
2022-05-10,SC,gasolina,276.2600,39
2022-05-10,SE,diesel_s10,121.9900,18
2022-05-10,SE,etanol,85.7500,14
2022-05-10,SE,gasolina,139.2300,19
2022-05-10,SP,diesel_s10,1599.3900,234
2022-05-10,SP,etanol,1623.9700,320
2022-05-10,SP,gasolina,2198.8200,317
2022-05-10,TO,diesel_s10,61.7400,9
2022-05-10,TO,etanol,50.4500,8
2022-05-10,TO,gasolina,66.8400,9
2022-05-11,AC,diesel_s10,108.0800,14
2022-05-11,AC,etanol,42.6900,7
2022-05-11,AC,gasolina,114.2500,15
2022-05-11,AL,diesel_s10,64.2200,9
2022-05-11,AL,etanol,65.4200,11
2022-05-11,AL,gasolina,79.9800,11
2022-05-11,AM,diesel_s10,67.1100,9
2022-05-11,AM,gasolina,109.1600,14
2022-05-11,AP,diesel_s10,42.4400,6
2022-05-11,AP,etanol,6.5000,1
2022-05-11,AP,gasolina,123.7300,19
2022-05-11,BA,diesel_s10,400.6200,52
2022-05-11,BA,etanol,365.0800,59
2022-05-11,BA,gasolina,441.1900,56
2022-05-11,CE,diesel_s10,601.7200,81
2022-05-11,CE,etanol,504.5300,77
2022-05-11,CE,gasolina,634.4900,82
2022-05-11,DF,diesel_s10,262.9800,37
2022-05-11,DF,etanol,288.8300,47
2022-05-11,DF,gasolina,358.3700,47
2022-05-11,ES,diesel_s10,115.7100,17
2022-05-11,ES,etanol,93.7400,15
2022-05-11,ES,gasolina,135.2300,18
2022-05-11,GO,diesel_s10,321.4600,45
2022-05-11,GO,etanol,306.4000,58
2022-05-11,GO,gasolina,443.4300,58
2022-05-11,MA,diesel_s10,419.6800,58
2022-05-11,MA,etanol,199.1800,33
2022-05-11,MA,gasolina,440.5800,62
2022-05-11,MG,diesel_s10,871.9700,123
2022-05-11,MG,etanol,963.0400,176
2022-05-11,MG,gasolina,1317.5300,174
2022-05-11,MS,diesel_s10,299.9400,43
2022-05-11,MS,etanol,277.9500,50
2022-05-11,MS,gasolina,380.8100,53
2022-05-11,MT,diesel_s10,59.9300,8
2022-05-11,MT,etanol,42.5900,8
2022-05-11,MT,gasolina,59.4600,8
2022-05-11,PA,diesel_s10,245.7000,33
2022-05-11,PA,etanol,24.7700,4
2022-05-11,PA,gasolina,314.4200,41
2022-05-11,PB,diesel_s10,102.0300,14
2022-05-11,PB,etanol,87.3400,15
2022-05-11,PB,gasolina,102.6100,14
2022-05-11,PE,diesel_s10,368.6600,53
2022-05-11,PE,etanol,349.4300,58
2022-05-11,PE,gasolina,423.1500,58
2022-05-11,PI,diesel_s10,81.7900,11
2022-05-11,PI,etanol,67.1600,11
2022-05-11,PI,gasolina,138.3000,17
2022-05-11,PR,diesel_s10,631.4800,91
2022-05-11,PR,etanol,637.1700,112
2022-05-11,PR,gasolina,807.2900,111
2022-05-11,RJ,diesel_s10,456.7700,66
2022-05-11,RJ,etanol,537.9600,84
2022-05-11,RJ,gasolina,648.9000,84
2022-05-11,RN,diesel_s10,333.2500,46
2022-05-11,RN,etanol,312.3800,50
2022-05-11,RN,gasolina,372.3000,49
2022-05-11,RO,diesel_s10,106.8300,15
2022-05-11,RO,etanol,60.7600,10
2022-05-11,RO,gasolina,126.3200,18
2022-05-11,RR,diesel_s10,72.7400,10
2022-05-11,RR,etanol,18.3400,3
2022-05-11,RR,gasolina,70.5000,10
2022-05-11,RS,diesel_s10,810.6900,118
2022-05-11,RS,etanol,290.5300,43
2022-05-11,RS,gasolina,984.1800,140
2022-05-11,SC,diesel_s10,284.4000,42
2022-05-11,SC,etanol,221.6000,35
2022-05-11,SC,gasolina,361.4100,50
2022-05-11,SE,diesel_s10,172.7100,24
2022-05-11,SE,etanol,141.1500,23
2022-05-11,SE,gasolina,180.3800,24
2022-05-11,SP,diesel_s10,2342.9200,338
2022-05-11,SP,etanol,2226.6300,443
2022-05-11,SP,gasolina,3046.8000,439
2022-05-11,TO,diesel_s10,49.8900,7
2022-05-11,TO,etanol,36.9900,6
2022-05-11,TO,gasolina,52.4200,7
2022-05-12,AC,diesel_s10,67.0000,8
2022-05-12,AC,etanol,28.1000,4
2022-05-12,AC,gasolina,63.7600,8
2022-05-12,AL,diesel_s10,13.8800,2
2022-05-12,AL,etanol,11.6800,2
2022-05-12,AL,gasolina,14.3900,2
2022-05-12,AP,gasolina,19.2700,3
2022-05-12,BA,diesel_s10,247.8000,33
2022-05-12,BA,etanol,206.5100,35
2022-05-12,BA,gasolina,252.3100,33
2022-05-12,CE,diesel_s10,164.7800,22
2022-05-12,CE,etanol,137.1100,21
2022-05-12,CE,gasolina,167.1700,22
2022-05-12,ES,diesel_s10,135.2800,20
2022-05-12,ES,etanol,138.5400,23
2022-05-12,ES,gasolina,192.3000,26
2022-05-12,GO,diesel_s10,242.7900,34
2022-05-12,GO,etanol,202.2700,39
2022-05-12,GO,gasolina,288.8700,38
2022-05-12,MA,diesel_s10,43.3300,6
2022-05-12,MA,etanol,18.0600,3
2022-05-12,MA,gasolina,50.8500,7
2022-05-12,MG,diesel_s10,358.2700,50
2022-05-12,MG,etanol,359.2400,64
2022-05-12,MG,gasolina,492.4700,64
2022-05-12,MS,diesel_s10,41.7100,6
2022-05-12,MS,etanol,39.4400,7
2022-05-12,MS,gasolina,42.4900,6
2022-05-12,MT,diesel_s10,335.1400,46
2022-05-12,MT,etanol,248.5700,52
2022-05-12,MT,gasolina,366.7000,53
2022-05-12,PA,diesel_s10,15.3600,2
2022-05-12,PA,gasolina,23.0900,3
2022-05-12,PB,diesel_s10,49.7800,7
2022-05-12,PB,etanol,40.5800,7
2022-05-12,PB,gasolina,49.8600,7
2022-05-12,PI,diesel_s10,60.6000,8
2022-05-12,PI,etanol,42.5100,7
2022-05-12,PI,gasolina,65.3600,8
2022-05-12,PR,diesel_s10,453.7900,65
2022-05-12,PR,etanol,458.8600,82
2022-05-12,PR,gasolina,590.6000,81
2022-05-12,RJ,diesel_s10,390.9700,56
2022-05-12,RJ,etanol,414.6700,64
2022-05-12,RJ,gasolina,517.3800,66
2022-05-12,RN,diesel_s10,74.3400,10
2022-05-12,RN,etanol,75.3600,12
2022-05-12,RN,gasolina,67.3500,9
2022-05-12,RO,diesel_s10,116.5500,16
2022-05-12,RO,etanol,39.8400,6
2022-05-12,RO,gasolina,127.3800,17
2022-05-12,RR,diesel_s10,7.2500,1
2022-05-12,RR,gasolina,7.0400,1
2022-05-12,RS,diesel_s10,485.8500,72
2022-05-12,RS,etanol,166.8600,25
2022-05-12,RS,gasolina,555.3000,81
2022-05-12,SC,diesel_s10,314.0100,45
2022-05-12,SC,etanol,218.3200,34
2022-05-12,SC,gasolina,432.8600,59
2022-05-12,SP,diesel_s10,1107.7300,159
2022-05-12,SP,etanol,1104.6600,220
2022-05-12,SP,gasolina,1521.9600,220
2022-05-13,MG,diesel_s10,7.2900,1
2022-05-13,MG,etanol,5.7900,1
2022-05-13,MG,gasolina,7.5900,1
2022-05-13,RJ,diesel_s10,28.0800,4
2022-05-13,RJ,etanol,20.8200,3
2022-05-13,RJ,gasolina,32.8400,4
2022-05-13,SC,diesel_s10,89.4800,13
2022-05-13,SC,etanol,31.6400,5
2022-05-13,SC,gasolina,107.5300,15
2022-05-13,SP,diesel_s10,64.4700,9
2022-05-13,SP,etanol,54.1800,11
2022-05-13,SP,gasolina,77.5200,11
2022-05-16,AC,diesel_s10,135.5900,18
2022-05-16,AC,etanol,66.9500,11
2022-05-16,AC,gasolina,143.2000,19
2022-05-16,AL,diesel_s10,252.9200,35
2022-05-16,AL,etanol,251.1300,43
2022-05-16,AL,gasolina,320.8000,44
2022-05-16,AM,diesel_s10,275.9300,39
2022-05-16,AM,etanol,200.0300,36
2022-05-16,AM,gasolina,363.1100,49
2022-05-16,AP,diesel_s10,35.5200,5
2022-05-16,AP,etanol,6.3900,1
2022-05-16,AP,gasolina,52.6800,8
2022-05-16,BA,diesel_s10,610.4900,79
2022-05-16,BA,etanol,580.8000,94
2022-05-16,BA,gasolina,740.2700,93
2022-05-16,CE,diesel_s10,785.1500,105
2022-05-16,CE,etanol,669.3200,103
2022-05-16,CE,gasolina,808.3400,106
2022-05-16,ES,diesel_s10,179.2800,26
2022-05-16,ES,etanol,122.3700,19
2022-05-16,ES,gasolina,228.2100,30
2022-05-16,GO,diesel_s10,673.0500,93
2022-05-16,GO,etanol,591.9900,113
2022-05-16,GO,gasolina,841.7700,110
2022-05-16,MA,diesel_s10,103.5500,14
2022-05-16,MA,etanol,66.4700,11
2022-05-16,MA,gasolina,134.2600,18
2022-05-16,MG,diesel_s10,546.1500,77
2022-05-16,MG,etanol,554.9000,101
2022-05-16,MG,gasolina,752.3900,99
2022-05-16,MS,diesel_s10,42.9400,6
2022-05-16,MS,etanol,29.6900,5
2022-05-16,MS,gasolina,46.6900,6
2022-05-16,MT,diesel_s10,224.7700,31
2022-05-16,MT,etanol,174.7600,38
2022-05-16,MT,gasolina,260.0300,38
2022-05-16,PA,diesel_s10,191.8700,26
2022-05-16,PA,etanol,88.3300,14
2022-05-16,PA,gasolina,275.1700,37
2022-05-16,PB,diesel_s10,227.9800,32
2022-05-16,PB,etanol,173.4200,30
2022-05-16,PB,gasolina,230.9100,32
2022-05-16,PE,diesel_s10,343.6600,50
2022-05-16,PE,etanol,277.6400,47
2022-05-16,PE,gasolina,364.3900,51
2022-05-16,PI,diesel_s10,156.7400,21
2022-05-16,PI,etanol,109.2800,18
2022-05-16,PI,gasolina,190.5200,24
2022-05-16,PR,diesel_s10,215.6400,31
2022-05-16,PR,etanol,184.2400,33
2022-05-16,PR,gasolina,237.3500,33
2022-05-16,RJ,diesel_s10,551.0800,79
2022-05-16,RJ,etanol,597.7000,92
2022-05-16,RJ,gasolina,731.9200,93
2022-05-16,RN,diesel_s10,159.3800,22
2022-05-16,RN,etanol,112.5700,18
2022-05-16,RN,gasolina,166.2100,22
2022-05-16,RO,diesel_s10,35.2500,5
2022-05-16,RO,etanol,24.6300,4
2022-05-16,RO,gasolina,49.2600,7
2022-05-16,RS,diesel_s10,612.6700,90
2022-05-16,RS,etanol,241.1700,36
2022-05-16,RS,gasolina,696.2500,100
2022-05-16,SC,diesel_s10,292.5100,42
2022-05-16,SC,etanol,162.5400,25
2022-05-16,SC,gasolina,329.4000,46
2022-05-16,SE,diesel_s10,194.1200,27
2022-05-16,SE,etanol,166.6600,27
2022-05-16,SE,gasolina,200.3800,27
2022-05-16,SP,diesel_s10,2791.7500,403
2022-05-16,SP,etanol,2405.9200,489
2022-05-16,SP,gasolina,3347.5400,485
2022-05-16,TO,diesel_s10,65.6500,9
2022-05-16,TO,etanol,55.1900,9
2022-05-16,TO,gasolina,82.3300,11
2022-05-17,AC,diesel_s10,23.0000,3
2022-05-17,AC,etanol,24.9100,4
2022-05-17,AC,gasolina,30.4300,4
2022-05-17,AM,diesel_s10,46.5400,6
2022-05-17,AM,gasolina,53.8300,7
2022-05-17,AP,diesel_s10,49.6500,7
2022-05-17,AP,etanol,6.5000,1
2022-05-17,AP,gasolina,142.7500,22
2022-05-17,BA,diesel_s10,433.0100,59
2022-05-17,BA,etanol,394.8400,66
2022-05-17,BA,gasolina,525.2000,69
2022-05-17,CE,diesel_s10,37.5700,5
2022-05-17,CE,etanol,33.0600,5
2022-05-17,CE,gasolina,39.6100,5
2022-05-17,DF,diesel_s10,126.3100,18
2022-05-17,DF,etanol,133.7900,22
2022-05-17,DF,gasolina,169.0300,22
2022-05-17,ES,diesel_s10,205.2500,30
2022-05-17,ES,etanol,156.2200,25
2022-05-17,ES,gasolina,229.8800,31
2022-05-17,GO,diesel_s10,109.2000,15
2022-05-17,GO,etanol,113.7100,22
2022-05-17,GO,gasolina,153.3300,20
2022-05-17,MA,diesel_s10,195.2500,27
2022-05-17,MA,etanol,98.1400,16
2022-05-17,MA,gasolina,218.9100,30
2022-05-17,MG,diesel_s10,806.9100,114
2022-05-17,MG,etanol,888.7900,162
2022-05-17,MG,gasolina,1218.9100,161
2022-05-17,MS,diesel_s10,232.6100,33
2022-05-17,MS,etanol,227.8600,41
2022-05-17,MS,gasolina,315.9800,44
2022-05-17,MT,diesel_s10,73.7900,10
2022-05-17,MT,etanol,65.8800,13
2022-05-17,MT,gasolina,92.0600,13
2022-05-17,PA,diesel_s10,313.9600,43
2022-05-17,PA,etanol,117.9000,18
2022-05-17,PA,gasolina,334.0400,45
2022-05-17,PB,diesel_s10,92.8700,13
2022-05-17,PB,etanol,94.0800,17
2022-05-17,PB,gasolina,120.0700,17
2022-05-17,PE,diesel_s10,265.3000,38
2022-05-17,PE,etanol,246.9800,41
2022-05-17,PE,gasolina,305.6400,42
2022-05-17,PI,diesel_s10,196.8200,26
2022-05-17,PI,etanol,135.0500,22
2022-05-17,PI,gasolina,234.2000,29
2022-05-17,PR,diesel_s10,753.3600,108
2022-05-17,PR,etanol,725.9700,132
2022-05-17,PR,gasolina,951.3000,132
2022-05-17,RJ,diesel_s10,921.9900,132
2022-05-17,RJ,etanol,1052.6400,163
2022-05-17,RJ,gasolina,1279.7800,164
2022-05-17,RN,diesel_s10,29.7900,4
2022-05-17,RN,etanol,31.7200,5
2022-05-17,RN,gasolina,29.9400,4
2022-05-17,RO,diesel_s10,152.4500,21
2022-05-17,RO,etanol,42.4300,7
2022-05-17,RO,gasolina,167.7900,23
2022-05-17,RR,diesel_s10,51.1000,7
2022-05-17,RR,etanol,12.7200,2
2022-05-17,RR,gasolina,49.4600,7
2022-05-17,RS,diesel_s10,265.8500,38
2022-05-17,RS,etanol,81.8600,12
2022-05-17,RS,gasolina,290.3500,40
2022-05-17,SC,diesel_s10,130.2400,19
2022-05-17,SC,etanol,57.0400,9
2022-05-17,SC,gasolina,135.4500,19
2022-05-17,SE,diesel_s10,77.0700,11
2022-05-17,SE,etanol,24.4300,4
2022-05-17,SE,gasolina,79.7300,11
2022-05-17,SP,diesel_s10,1872.1700,268
2022-05-17,SP,etanol,1838.9900,373
2022-05-17,SP,gasolina,2533.4200,366
2022-05-17,TO,diesel_s10,105.5200,15
2022-05-17,TO,etanol,74.1900,12
2022-05-17,TO,gasolina,110.9700,15
2022-05-18,AC,diesel_s10,130.2700,16
2022-05-18,AC,etanol,52.3600,8
2022-05-18,AC,gasolina,125.2200,16
2022-05-18,AL,diesel_s10,56.1800,8
2022-05-18,AL,etanol,45.6400,8
2022-05-18,AL,gasolina,56.3100,8
2022-05-18,AM,diesel_s10,23.0700,3
2022-05-18,AM,gasolina,55.2700,7
2022-05-18,BA,diesel_s10,686.4500,91
2022-05-18,BA,etanol,642.7200,107
2022-05-18,BA,gasolina,789.0700,102
2022-05-18,CE,diesel_s10,433.4000,58
2022-05-18,CE,etanol,371.2700,58
2022-05-18,CE,gasolina,468.9100,62
2022-05-18,ES,diesel_s10,135.4100,20
2022-05-18,ES,etanol,115.3100,19
2022-05-18,ES,gasolina,184.6600,25
2022-05-18,GO,diesel_s10,205.5400,29
2022-05-18,GO,etanol,192.8600,38
2022-05-18,GO,gasolina,273.5800,36
2022-05-18,MA,diesel_s10,99.4000,14
2022-05-18,MA,etanol,78.9100,13
2022-05-18,MA,gasolina,122.0400,17
2022-05-18,MG,diesel_s10,960.6700,136
2022-05-18,MG,etanol,936.6300,175
2022-05-18,MG,gasolina,1323.1600,175
2022-05-18,MS,diesel_s10,71.7600,10
2022-05-18,MS,etanol,55.8100,10
2022-05-18,MS,gasolina,74.6800,10
2022-05-18,MT,diesel_s10,270.0600,37
2022-05-18,MT,etanol,190.8000,39
2022-05-18,MT,gasolina,283.4000,40
2022-05-18,PA,diesel_s10,231.0500,31
2022-05-18,PA,etanol,120.0700,18
2022-05-18,PA,gasolina,283.2600,37
2022-05-18,PB,diesel_s10,87.2100,12
2022-05-18,PB,etanol,74.3400,13
2022-05-18,PB,gasolina,92.5100,13
2022-05-18,PE,diesel_s10,549.3100,79
2022-05-18,PE,etanol,438.7700,74
2022-05-18,PE,gasolina,595.9000,82
2022-05-18,PI,diesel_s10,15.3900,2
2022-05-18,PI,etanol,12.9600,2
2022-05-18,PI,gasolina,24.4000,3
2022-05-18,PR,diesel_s10,756.9500,108
2022-05-18,PR,etanol,747.7200,133
2022-05-18,PR,gasolina,965.1600,132
2022-05-18,RJ,diesel_s10,437.5400,62
2022-05-18,RJ,etanol,493.6800,77
2022-05-18,RJ,gasolina,607.2900,77
2022-05-18,RN,diesel_s10,177.5200,24
2022-05-18,RN,etanol,167.1800,27
2022-05-18,RN,gasolina,188.6500,25
2022-05-18,RO,diesel_s10,146.4900,20
2022-05-18,RO,etanol,76.9100,12
2022-05-18,RO,gasolina,170.4100,23
2022-05-18,RR,diesel_s10,43.5600,6
2022-05-18,RR,etanol,12.2100,2
2022-05-18,RR,gasolina,42.3200,6
2022-05-18,RS,diesel_s10,578.9900,85
2022-05-18,RS,etanol,160.6300,24
2022-05-18,RS,gasolina,680.3100,98
2022-05-18,SC,diesel_s10,129.9000,19
2022-05-18,SC,etanol,77.3600,12
2022-05-18,SC,gasolina,149.4700,21
2022-05-18,SE,diesel_s10,21.1600,3
2022-05-18,SE,etanol,18.3700,3
2022-05-18,SE,gasolina,21.6600,3
2022-05-18,SP,diesel_s10,2093.4600,299
2022-05-18,SP,etanol,2026.9600,405
2022-05-18,SP,gasolina,2816.7700,404
2022-05-18,TO,diesel_s10,42.5500,6
2022-05-18,TO,etanol,42.3700,7
2022-05-18,TO,gasolina,52.3800,7
2022-05-19,AL,diesel_s10,43.0500,6
2022-05-19,AL,etanol,41.6900,7
2022-05-19,AL,gasolina,58.2700,8
2022-05-19,BA,diesel_s10,270.9900,36
2022-05-19,BA,etanol,227.3600,38
2022-05-19,BA,gasolina,297.8200,38
2022-05-19,CE,diesel_s10,139.2100,19
2022-05-19,CE,etanol,123.9400,20
2022-05-19,CE,gasolina,141.3500,19
2022-05-19,DF,diesel_s10,142.8200,20
2022-05-19,DF,etanol,152.0200,25
2022-05-19,DF,gasolina,193.0300,25
2022-05-19,ES,diesel_s10,128.8800,19
2022-05-19,ES,etanol,117.6600,19
2022-05-19,ES,gasolina,172.0400,23
2022-05-19,GO,diesel_s10,191.6700,27
2022-05-19,GO,etanol,177.5700,35
2022-05-19,GO,gasolina,266.0300,35
2022-05-19,MA,diesel_s10,334.6900,47
2022-05-19,MA,etanol,173.4900,29
2022-05-19,MA,gasolina,337.4000,48
2022-05-19,MG,diesel_s10,573.1300,80
2022-05-19,MG,etanol,565.2400,103
2022-05-19,MG,gasolina,770.2000,101
2022-05-19,MS,diesel_s10,27.6600,4
2022-05-19,MS,etanol,26.8100,5
2022-05-19,MS,gasolina,34.2800,5
2022-05-19,MT,diesel_s10,314.0200,42
2022-05-19,MT,etanol,229.4200,47
2022-05-19,MT,gasolina,334.1700,47
2022-05-19,PA,diesel_s10,69.3800,9
2022-05-19,PA,gasolina,84.9100,11
2022-05-19,PE,diesel_s10,7.1900,1
2022-05-19,PE,etanol,5.8900,1
2022-05-19,PE,gasolina,7.5900,1
2022-05-19,PI,diesel_s10,89.8700,12
2022-05-19,PI,etanol,67.0100,11
2022-05-19,PI,gasolina,97.6000,12
2022-05-19,PR,diesel_s10,243.7000,35
2022-05-19,PR,etanol,220.3500,42
2022-05-19,PR,gasolina,291.9200,41
2022-05-19,RJ,diesel_s10,176.6000,25
2022-05-19,RJ,etanol,195.7400,30
2022-05-19,RJ,gasolina,244.4400,31
2022-05-19,RN,diesel_s10,44.2500,6
2022-05-19,RN,etanol,43.6900,7
2022-05-19,RN,gasolina,44.8800,6
2022-05-19,RO,diesel_s10,102.8300,14
2022-05-19,RO,etanol,47.2600,7
2022-05-19,RO,gasolina,121.3200,16
2022-05-19,RS,diesel_s10,484.9200,72
2022-05-19,RS,etanol,156.1900,24
2022-05-19,RS,gasolina,600.5200,88
2022-05-19,SC,diesel_s10,661.1500,96
2022-05-19,SC,etanol,462.1900,72
2022-05-19,SC,gasolina,823.5400,114
2022-05-19,SE,diesel_s10,21.1500,3
2022-05-19,SE,etanol,17.9900,3
2022-05-19,SE,gasolina,21.6000,3
2022-05-19,SP,diesel_s10,1387.1500,200
2022-05-19,SP,etanol,1327.4600,269
2022-05-19,SP,gasolina,1848.6500,269
2022-05-20,CE,diesel_s10,67.9600,9
2022-05-20,CE,etanol,36.9500,6
2022-05-20,CE,gasolina,68.7900,9
2022-05-20,MA,diesel_s10,7.3900,1
2022-05-20,MA,gasolina,7.9900,1
2022-05-20,RJ,diesel_s10,41.6000,6
2022-05-20,RJ,etanol,41.7400,6
2022-05-20,RJ,gasolina,49.5000,6
2022-05-20,RS,diesel_s10,60.1400,9
2022-05-20,RS,etanol,12.9800,2
2022-05-20,RS,gasolina,102.5400,15
2022-05-20,SC,diesel_s10,20.1700,3
2022-05-20,SC,gasolina,19.9500,3
2022-05-20,SP,diesel_s10,56.1500,8
2022-05-20,SP,etanol,44.2500,9
2022-05-20,SP,gasolina,63.1500,9
2022-05-23,AL,diesel_s10,252.6800,35
2022-05-23,AL,etanol,229.3200,39
2022-05-23,AL,gasolina,277.1100,38
2022-05-23,AM,diesel_s10,293.0700,41
2022-05-23,AM,etanol,177.7700,32
2022-05-23,AM,gasolina,372.6600,50
2022-05-23,AP,diesel_s10,42.5500,6
2022-05-23,AP,etanol,6.5000,1
2022-05-23,AP,gasolina,149.1900,23
2022-05-23,BA,diesel_s10,759.8300,102
2022-05-23,BA,etanol,688.7500,114
2022-05-23,BA,gasolina,870.0600,112
2022-05-23,CE,diesel_s10,169.5400,22
2022-05-23,CE,etanol,139.4400,21
2022-05-23,CE,gasolina,189.7300,24
2022-05-23,DF,diesel_s10,91.0100,13
2022-05-23,DF,etanol,82.3600,14
2022-05-23,DF,gasolina,101.6400,14
2022-05-23,ES,diesel_s10,68.1600,10
2022-05-23,ES,etanol,24.5200,4
2022-05-23,ES,gasolina,82.7100,11
2022-05-23,GO,diesel_s10,397.5400,55
2022-05-23,GO,etanol,370.6800,70
2022-05-23,GO,gasolina,547.1600,71
2022-05-23,MA,diesel_s10,125.0100,17
2022-05-23,MA,etanol,61.6100,10
2022-05-23,MA,gasolina,151.1400,20
2022-05-23,MG,diesel_s10,1262.6200,179
2022-05-23,MG,etanol,1175.2400,220
2022-05-23,MG,gasolina,1654.0000,219
2022-05-23,MS,diesel_s10,128.9000,18
2022-05-23,MS,etanol,128.6900,22
2022-05-23,MS,gasolina,180.2600,24
2022-05-23,MT,diesel_s10,60.2000,8
2022-05-23,MT,etanol,49.7100,10
2022-05-23,MT,gasolina,72.6800,10
2022-05-23,PA,diesel_s10,225.7300,31
2022-05-23,PA,etanol,47.6500,7
2022-05-23,PA,gasolina,256.2700,34
2022-05-23,PB,diesel_s10,170.2800,24
2022-05-23,PB,etanol,121.7800,22
2022-05-23,PB,gasolina,169.1800,24
2022-05-23,PE,diesel_s10,390.3000,56
2022-05-23,PE,etanol,307.4300,51
2022-05-23,PE,gasolina,418.7900,57
2022-05-23,PI,diesel_s10,159.5000,21
2022-05-23,PI,etanol,104.2000,17
2022-05-23,PI,gasolina,185.5400,23
2022-05-23,PR,diesel_s10,225.2700,32
2022-05-23,PR,etanol,230.1300,41
2022-05-23,PR,gasolina,296.4700,41
2022-05-23,RJ,diesel_s10,601.3700,86
2022-05-23,RJ,etanol,677.6800,105
2022-05-23,RJ,gasolina,831.2900,106
2022-05-23,RN,diesel_s10,159.3800,22
2022-05-23,RN,etanol,131.9700,21
2022-05-23,RN,gasolina,173.9700,23
2022-05-23,RO,diesel_s10,7.4500,1
2022-05-23,RO,gasolina,7.4200,1
2022-05-23,RS,diesel_s10,671.9600,99
2022-05-23,RS,etanol,242.8400,36
2022-05-23,RS,gasolina,758.3300,109
2022-05-23,SC,diesel_s10,276.6300,40
2022-05-23,SC,etanol,196.1500,31
2022-05-23,SC,gasolina,325.3000,46
2022-05-23,SE,diesel_s10,43.0400,6
2022-05-23,SE,etanol,37.0400,6
2022-05-23,SE,gasolina,44.8600,6
2022-05-23,SP,diesel_s10,2841.2700,409
2022-05-23,SP,etanol,2565.7400,524
2022-05-23,SP,gasolina,3588.6400,519
2022-05-23,TO,diesel_s10,87.1700,12
2022-05-23,TO,etanol,73.0500,12
2022-05-23,TO,gasolina,104.8600,14
2022-05-24,AC,diesel_s10,146.2200,19
2022-05-24,AC,etanol,79.9600,13
2022-05-24,AC,gasolina,158.5800,21
2022-05-24,AM,diesel_s10,7.9000,1
2022-05-24,AM,gasolina,7.6900,1
2022-05-24,AP,diesel_s10,35.6400,5
2022-05-24,AP,gasolina,46.1900,7
2022-05-24,BA,diesel_s10,507.2900,71
2022-05-24,BA,etanol,448.8600,77
2022-05-24,BA,gasolina,589.6800,79
2022-05-24,CE,diesel_s10,550.1600,74
2022-05-24,CE,etanol,458.8800,72
2022-05-24,CE,gasolina,540.3100,72
2022-05-24,DF,diesel_s10,6.9400,1
2022-05-24,DF,etanol,5.9300,1
2022-05-24,DF,gasolina,7.4400,1
2022-05-24,ES,diesel_s10,273.3100,40
2022-05-24,ES,etanol,208.1000,33
2022-05-24,ES,gasolina,327.1200,44
2022-05-24,GO,diesel_s10,331.9400,46
2022-05-24,GO,etanol,306.6600,59
2022-05-24,GO,gasolina,439.2500,57
2022-05-24,MA,diesel_s10,169.1500,23
2022-05-24,MA,etanol,90.2500,15
2022-05-24,MA,gasolina,185.3900,25
2022-05-24,MG,diesel_s10,880.2300,125
2022-05-24,MG,etanol,914.7100,170
2022-05-24,MG,gasolina,1280.1900,170
2022-05-24,MS,diesel_s10,195.0200,28
2022-05-24,MS,etanol,169.2600,32
2022-05-24,MS,gasolina,224.3800,32
2022-05-24,MT,diesel_s10,420.8800,57
2022-05-24,MT,etanol,318.5300,66
2022-05-24,MT,gasolina,462.0600,66
2022-05-24,PA,diesel_s10,310.0500,42
2022-05-24,PA,etanol,132.9400,21
2022-05-24,PA,gasolina,356.3200,48
2022-05-24,PB,diesel_s10,107.9200,15
2022-05-24,PB,etanol,81.8900,14
2022-05-24,PB,gasolina,108.8800,15
2022-05-24,PE,diesel_s10,303.8500,44
2022-05-24,PE,etanol,260.1200,44
2022-05-24,PE,gasolina,336.6900,47
2022-05-24,PI,diesel_s10,175.8000,24
2022-05-24,PI,etanol,101.9500,17
2022-05-24,PI,gasolina,205.0800,26
2022-05-24,PR,diesel_s10,841.9700,121
2022-05-24,PR,etanol,783.5900,143
2022-05-24,PR,gasolina,1028.0200,142
2022-05-24,RJ,diesel_s10,722.9200,103
2022-05-24,RJ,etanol,831.6300,129
2022-05-24,RJ,gasolina,1008.0300,128
2022-05-24,RO,diesel_s10,191.1400,26
2022-05-24,RO,etanol,83.0300,13
2022-05-24,RO,gasolina,208.7900,28
2022-05-24,RR,diesel_s10,72.6100,10
2022-05-24,RR,etanol,5.9900,1
2022-05-24,RR,gasolina,70.5800,10
2022-05-24,RS,diesel_s10,640.5600,93
2022-05-24,RS,etanol,210.5000,31
2022-05-24,RS,gasolina,751.2000,106
2022-05-24,SC,diesel_s10,339.2800,49
2022-05-24,SC,etanol,228.7200,36
2022-05-24,SC,gasolina,377.9300,52
2022-05-24,SE,diesel_s10,219.6300,31
2022-05-24,SE,etanol,147.0000,24
2022-05-24,SE,gasolina,226.9200,31
2022-05-24,SP,diesel_s10,2123.9400,305
2022-05-24,SP,etanol,2036.5400,417
2022-05-24,SP,gasolina,2849.9500,412
2022-05-24,TO,diesel_s10,42.6000,6
2022-05-24,TO,etanol,24.2800,4
2022-05-24,TO,gasolina,44.7800,6
2022-05-25,AC,diesel_s10,58.6200,7
2022-05-25,AC,etanol,13.8000,2
2022-05-25,AC,gasolina,55.7900,7
2022-05-25,AM,diesel_s10,7.6900,1
2022-05-25,AM,gasolina,55.2700,7
2022-05-25,BA,diesel_s10,717.7000,97
2022-05-25,BA,etanol,647.1700,108
2022-05-25,BA,gasolina,854.9300,110
2022-05-25,CE,diesel_s10,660.3100,89
2022-05-25,CE,etanol,551.2500,87
2022-05-25,CE,gasolina,708.8600,95
2022-05-25,DF,diesel_s10,170.7500,24
2022-05-25,DF,etanol,191.5700,32
2022-05-25,DF,gasolina,233.9400,32
2022-05-25,ES,diesel_s10,264.7500,39
2022-05-25,ES,etanol,211.6700,34
2022-05-25,ES,gasolina,324.3400,44
2022-05-25,GO,diesel_s10,326.1100,46
2022-05-25,GO,etanol,319.6600,63
2022-05-25,GO,gasolina,471.0900,62
2022-05-25,MA,diesel_s10,158.4900,22
2022-05-25,MA,etanol,61.3600,10
2022-05-25,MA,gasolina,173.9300,24
2022-05-25,MG,diesel_s10,430.7700,61
2022-05-25,MG,etanol,496.3300,90
2022-05-25,MG,gasolina,675.4000,89
2022-05-25,MS,diesel_s10,99.3100,14
2022-05-25,MS,etanol,108.8800,20
2022-05-25,MS,gasolina,144.4200,20
2022-05-25,MT,diesel_s10,303.8100,42
2022-05-25,MT,etanol,234.1600,49
2022-05-25,MT,gasolina,340.7700,49
2022-05-25,PA,diesel_s10,246.2400,33
2022-05-25,PA,etanol,95.9100,15
2022-05-25,PA,gasolina,276.1000,37
2022-05-25,PB,diesel_s10,99.8300,14
2022-05-25,PB,etanol,92.0300,16
2022-05-25,PB,gasolina,106.3900,15
2022-05-25,PE,diesel_s10,233.8700,34
2022-05-25,PE,etanol,196.5900,33
2022-05-25,PE,gasolina,234.7800,32
2022-05-25,PI,gasolina,7.7000,1
2022-05-25,PR,diesel_s10,494.7100,71
2022-05-25,PR,etanol,486.5000,88
2022-05-25,PR,gasolina,630.1100,87
2022-05-25,RJ,diesel_s10,534.3900,77
2022-05-25,RJ,etanol,550.7100,87
2022-05-25,RJ,gasolina,693.9500,89
2022-05-25,RN,diesel_s10,243.5900,33
2022-05-25,RN,etanol,238.5600,38
2022-05-25,RN,gasolina,272.3600,36
2022-05-25,RO,diesel_s10,91.9900,13
2022-05-25,RO,etanol,54.8800,9
2022-05-25,RO,gasolina,107.6200,15
2022-05-25,RR,diesel_s10,22.1800,3
2022-05-25,RR,etanol,6.3600,1
2022-05-25,RR,gasolina,21.1300,3
2022-05-25,RS,diesel_s10,777.1800,115
2022-05-25,RS,etanol,255.4200,39
2022-05-25,RS,gasolina,936.8200,137
2022-05-25,SC,diesel_s10,589.8500,86
2022-05-25,SC,etanol,366.4900,58
2022-05-25,SC,gasolina,742.8500,104
2022-05-25,SP,diesel_s10,2198.8700,317
2022-05-25,SP,etanol,1925.0400,392
2022-05-25,SP,gasolina,2683.6600,388
2022-05-25,TO,diesel_s10,91.3100,13
2022-05-25,TO,etanol,86.1100,14
2022-05-25,TO,gasolina,103.9600,14
2022-05-26,AC,diesel_s10,86.6800,11
2022-05-26,AC,etanol,38.6000,6
2022-05-26,AC,gasolina,84.0100,11
2022-05-26,AL,diesel_s10,129.7100,18
2022-05-26,AL,etanol,112.9900,19
2022-05-26,AL,gasolina,153.9700,21
2022-05-26,BA,diesel_s10,124.5300,17
2022-05-26,BA,etanol,126.9500,21
2022-05-26,BA,gasolina,135.1800,17
2022-05-26,CE,diesel_s10,116.9100,16
2022-05-26,CE,etanol,80.7500,13
2022-05-26,CE,gasolina,120.3600,16
2022-05-26,ES,diesel_s10,94.3900,14
2022-05-26,ES,etanol,91.1400,15
2022-05-26,ES,gasolina,124.7900,17
2022-05-26,GO,diesel_s10,113.0200,16
2022-05-26,GO,etanol,97.8900,20
2022-05-26,GO,gasolina,156.4900,21
2022-05-26,MA,diesel_s10,323.2100,46
2022-05-26,MA,etanol,208.2400,35
2022-05-26,MA,gasolina,325.9600,47
2022-05-26,MG,diesel_s10,378.1500,53
2022-05-26,MG,etanol,379.9300,70
2022-05-26,MG,gasolina,530.8900,70
2022-05-26,MS,diesel_s10,62.4900,9
2022-05-26,MS,etanol,63.8700,12
2022-05-26,MS,gasolina,76.8200,11
2022-05-26,MT,diesel_s10,64.3800,9
2022-05-26,MT,etanol,47.6600,10
2022-05-26,MT,gasolina,70.1700,10
2022-05-26,PA,diesel_s10,52.7600,7
2022-05-26,PA,etanol,12.6600,2
2022-05-26,PA,gasolina,54.6100,7
2022-05-26,PB,diesel_s10,65.0700,9
2022-05-26,PB,etanol,46.7400,8
2022-05-26,PB,gasolina,57.2100,8
2022-05-26,PE,diesel_s10,281.7500,41
2022-05-26,PE,etanol,280.0500,48
2022-05-26,PE,gasolina,336.7800,48
2022-05-26,PI,diesel_s10,100.2200,13
2022-05-26,PI,etanol,93.6700,15
2022-05-26,PI,gasolina,130.4100,16
2022-05-26,PR,diesel_s10,367.2000,53
2022-05-26,PR,etanol,370.0600,69
2022-05-26,PR,gasolina,490.8000,69
2022-05-26,RJ,diesel_s10,241.0200,34
2022-05-26,RJ,etanol,255.0500,39
2022-05-26,RJ,gasolina,316.2300,40
2022-05-26,RN,diesel_s10,7.3900,1
2022-05-26,RN,etanol,6.3900,1
2022-05-26,RN,gasolina,7.5900,1
2022-05-26,RO,diesel_s10,107.4100,15
2022-05-26,RO,etanol,56.9900,9
2022-05-26,RO,gasolina,124.7800,17
2022-05-26,RS,diesel_s10,48.7300,7
2022-05-26,RS,etanol,13.5800,2
2022-05-26,RS,gasolina,55.4200,8
2022-05-26,SC,diesel_s10,152.8600,22
2022-05-26,SC,etanol,109.0500,17
2022-05-26,SC,gasolina,176.8500,24
2022-05-26,SE,diesel_s10,54.9400,8
2022-05-26,SE,etanol,42.6400,7
2022-05-26,SE,gasolina,58.4100,8
2022-05-26,SP,diesel_s10,1109.1100,159
2022-05-26,SP,etanol,1020.8800,210
2022-05-26,SP,gasolina,1457.5100,211
2022-05-27,CE,diesel_s10,7.4900,1
2022-05-27,CE,etanol,6.4500,1
2022-05-27,CE,gasolina,7.8900,1
2022-05-27,MG,diesel_s10,29.5300,4
2022-05-27,MG,etanol,35.8200,6
2022-05-27,MG,gasolina,48.1800,6
2022-05-27,PI,diesel_s10,15.2800,2
2022-05-27,PI,etanol,12.3300,2
2022-05-27,PI,gasolina,16.2300,2
2022-05-27,RJ,diesel_s10,13.4400,2
2022-05-27,RJ,etanol,19.8700,3
2022-05-27,RJ,gasolina,24.2000,3
2022-05-30,AL,diesel_s10,55.0300,7
2022-05-30,AL,etanol,46.8600,7
2022-05-30,AL,gasolina,55.9700,7
2022-05-30,AM,diesel_s10,213.0100,30
2022-05-30,AM,etanol,127.5800,23
2022-05-30,AM,gasolina,275.2900,37
2022-05-30,BA,diesel_s10,797.4400,111
2022-05-30,BA,etanol,793.8800,131
2022-05-30,BA,gasolina,1000.6600,129
2022-05-30,CE,diesel_s10,249.6700,33
2022-05-30,CE,etanol,184.8200,28
2022-05-30,CE,gasolina,249.1000,32
2022-05-30,DF,diesel_s10,6.9400,1
2022-05-30,DF,etanol,5.8900,1
2022-05-30,DF,gasolina,7.1900,1
2022-05-30,ES,diesel_s10,116.7800,17
2022-05-30,ES,etanol,61.6500,10
2022-05-30,ES,gasolina,133.7200,18
2022-05-30,GO,diesel_s10,523.9700,73
2022-05-30,GO,etanol,476.4400,92
2022-05-30,GO,gasolina,674.6300,89
2022-05-30,MA,diesel_s10,218.9900,30
2022-05-30,MA,etanol,110.2200,18
2022-05-30,MA,gasolina,238.4100,32
2022-05-30,MG,diesel_s10,905.8400,129
2022-05-30,MG,etanol,907.5700,174
2022-05-30,MG,gasolina,1291.8300,172
2022-05-30,MS,diesel_s10,90.6100,13
2022-05-30,MS,etanol,89.7700,16
2022-05-30,MS,gasolina,116.6900,16
2022-05-30,MT,diesel_s10,188.6100,26
2022-05-30,MT,etanol,153.9800,31
2022-05-30,MT,gasolina,216.7900,31
2022-05-30,PA,diesel_s10,246.9600,34
2022-05-30,PA,etanol,45.2300,7
2022-05-30,PA,gasolina,269.1000,36
2022-05-30,PB,diesel_s10,249.8300,35
2022-05-30,PB,etanol,185.2900,33
2022-05-30,PB,gasolina,255.9600,36
2022-05-30,PE,diesel_s10,419.0700,61
2022-05-30,PE,etanol,356.3000,60
2022-05-30,PE,gasolina,443.8800,62
2022-05-30,PI,diesel_s10,149.1000,20
2022-05-30,PI,etanol,85.7000,14
2022-05-30,PI,gasolina,173.1400,22
2022-05-30,PR,diesel_s10,339.1500,48
2022-05-30,PR,etanol,293.4100,53
2022-05-30,PR,gasolina,385.0000,53
2022-05-30,RJ,diesel_s10,601.1300,86
2022-05-30,RJ,etanol,735.6300,116
2022-05-30,RJ,gasolina,906.8200,116
2022-05-30,RN,diesel_s10,115.6600,16
2022-05-30,RN,etanol,112.0900,18
2022-05-30,RN,gasolina,136.1500,18
2022-05-30,RO,diesel_s10,101.8100,14
2022-05-30,RO,etanol,62.4700,10
2022-05-30,RO,gasolina,117.1000,16
2022-05-30,RS,diesel_s10,434.5600,63
2022-05-30,RS,etanol,175.7900,26
2022-05-30,RS,gasolina,493.3700,70
2022-05-30,SC,diesel_s10,295.4300,43
2022-05-30,SC,etanol,171.0500,27
2022-05-30,SC,gasolina,320.7700,46
2022-05-30,SE,diesel_s10,14.4800,2
2022-05-30,SE,etanol,12.3800,2
2022-05-30,SE,gasolina,15.1800,2
2022-05-30,SP,diesel_s10,2413.3100,348
2022-05-30,SP,etanol,2135.6000,443
2022-05-30,SP,gasolina,3050.8300,441
2022-05-30,TO,diesel_s10,135.5300,19
2022-05-30,TO,etanol,107.8800,18
2022-05-30,TO,gasolina,156.4700,21
2022-05-31,AL,diesel_s10,296.4500,42
2022-05-31,AL,etanol,245.5300,42
2022-05-31,AL,gasolina,306.9000,43
2022-05-31,AM,diesel_s10,75.9400,11
2022-05-31,AM,etanol,65.4600,12
2022-05-31,AM,gasolina,94.1800,13
2022-05-31,AP,diesel_s10,56.6300,8
2022-05-31,AP,etanol,6.5000,1
2022-05-31,AP,gasolina,136.4700,21
2022-05-31,BA,diesel_s10,572.7000,81
2022-05-31,BA,etanol,520.8100,89
2022-05-31,BA,gasolina,686.1000,91
2022-05-31,CE,diesel_s10,189.8600,25
2022-05-31,CE,etanol,142.0800,22
2022-05-31,CE,gasolina,183.8000,24
2022-05-31,DF,diesel_s10,35.2300,5
2022-05-31,DF,etanol,46.9200,8
2022-05-31,DF,gasolina,57.8300,8
2022-05-31,ES,diesel_s10,237.2400,35
2022-05-31,ES,etanol,185.0900,30
2022-05-31,ES,gasolina,270.4700,37
2022-05-31,GO,diesel_s10,303.6800,43
2022-05-31,GO,etanol,262.1700,52
2022-05-31,GO,gasolina,386.7300,52
2022-05-31,MA,diesel_s10,51.2600,7
2022-05-31,MA,etanol,30.6800,5
2022-05-31,MA,gasolina,66.1200,9
2022-05-31,MG,diesel_s10,808.4600,115
2022-05-31,MG,etanol,770.1900,143
2022-05-31,MG,gasolina,1105.6800,146
2022-05-31,MS,diesel_s10,282.9700,41
2022-05-31,MS,etanol,251.6200,48
2022-05-31,MS,gasolina,329.8500,47
2022-05-31,MT,diesel_s10,375.9500,52
2022-05-31,MT,etanol,278.2600,57
2022-05-31,MT,gasolina,407.8500,58
2022-05-31,PA,diesel_s10,308.4100,42
2022-05-31,PA,etanol,148.4800,23
2022-05-31,PA,gasolina,361.4900,48
2022-05-31,PB,diesel_s10,21.8700,3
2022-05-31,PB,etanol,23.1600,4
2022-05-31,PB,gasolina,21.6700,3
2022-05-31,PE,diesel_s10,493.1300,71
2022-05-31,PE,etanol,408.1400,68
2022-05-31,PE,gasolina,545.1800,75
2022-05-31,PI,diesel_s10,46.1000,6
2022-05-31,PI,etanol,36.1600,6
2022-05-31,PI,gasolina,55.7900,7
2022-05-31,PR,diesel_s10,567.9100,82
2022-05-31,PR,etanol,522.5500,97
2022-05-31,PR,gasolina,690.9200,96
2022-05-31,RJ,diesel_s10,616.1400,88
2022-05-31,RJ,etanol,652.0400,102
2022-05-31,RJ,gasolina,806.7200,103
2022-05-31,RN,diesel_s10,227.8500,31
2022-05-31,RN,etanol,197.0200,32
2022-05-31,RN,gasolina,238.9800,32
2022-05-31,RO,diesel_s10,137.4700,19
2022-05-31,RO,etanol,48.9800,8
2022-05-31,RO,gasolina,168.5300,23
2022-05-31,RR,diesel_s10,50.8800,7
2022-05-31,RR,etanol,6.3600,1
2022-05-31,RR,gasolina,56.4600,8
2022-05-31,RS,diesel_s10,670.0100,97
2022-05-31,RS,etanol,275.8900,41
2022-05-31,RS,gasolina,741.8900,105
2022-05-31,SC,diesel_s10,220.2900,32
2022-05-31,SC,etanol,133.4400,21
2022-05-31,SC,gasolina,270.4400,38
2022-05-31,SE,diesel_s10,200.8300,29
2022-05-31,SE,etanol,140.1400,23
2022-05-31,SE,gasolina,211.7000,29
2022-05-31,SP,diesel_s10,2135.6500,310
2022-05-31,SP,etanol,1922.7500,405
2022-05-31,SP,gasolina,2767.4600,404
2022-05-31,TO,etanol,6.1900,1
2022-05-31,TO,gasolina,7.3900,1
2022-06-01,AC,diesel_s10,189.3500,24
2022-06-01,AC,etanol,74.9200,12
2022-06-01,AC,gasolina,183.9000,24
2022-06-01,AM,diesel_s10,69.0200,9
2022-06-01,AM,gasolina,109.3600,14
2022-06-01,BA,diesel_s10,548.0500,77
2022-06-01,BA,etanol,545.3700,93
2022-06-01,BA,gasolina,698.4000,92
2022-06-01,CE,diesel_s10,878.8600,120
2022-06-01,CE,etanol,719.0400,115
2022-06-01,CE,gasolina,910.0500,124
2022-06-01,DF,diesel_s10,219.5100,31
2022-06-01,DF,etanol,227.8400,38
2022-06-01,DF,gasolina,275.7700,38
2022-06-01,ES,diesel_s10,167.3100,25
2022-06-01,ES,etanol,157.8600,26
2022-06-01,ES,gasolina,259.0500,35
2022-06-01,GO,diesel_s10,287.7100,41
2022-06-01,GO,etanol,235.3800,48
2022-06-01,GO,gasolina,357.9100,48
2022-06-01,MA,diesel_s10,233.8100,33
2022-06-01,MA,etanol,117.8200,20
2022-06-01,MA,gasolina,239.8000,34
2022-06-01,MG,diesel_s10,529.8200,75
2022-06-01,MG,etanol,555.3700,104
2022-06-01,MG,gasolina,784.8800,104
2022-06-01,MS,diesel_s10,120.5700,17
2022-06-01,MS,etanol,121.6900,22
2022-06-01,MS,gasolina,179.5100,24
2022-06-01,MT,diesel_s10,80.3600,11
2022-06-01,MT,etanol,55.1700,11
2022-06-01,MT,gasolina,77.1500,11
2022-06-01,PA,diesel_s10,164.2200,22
2022-06-01,PA,etanol,57.7200,9
2022-06-01,PA,gasolina,194.0600,26
2022-06-01,PB,diesel_s10,115.5800,16
2022-06-01,PB,etanol,82.4100,14
2022-06-01,PB,gasolina,114.3700,16
2022-06-01,PE,diesel_s10,171.8300,25
2022-06-01,PE,etanol,138.2000,23
2022-06-01,PE,gasolina,193.3500,26
2022-06-01,PI,diesel_s10,165.6700,22
2022-06-01,PI,etanol,125.2100,20
2022-06-01,PI,gasolina,219.6600,27
2022-06-01,PR,diesel_s10,814.2300,118
2022-06-01,PR,etanol,765.0500,143
2022-06-01,PR,gasolina,1001.5100,140
2022-06-01,RJ,diesel_s10,403.4600,58
2022-06-01,RJ,etanol,518.1500,83
2022-06-01,RJ,gasolina,641.7500,83
2022-06-01,RN,diesel_s10,59.5300,8
2022-06-01,RN,etanol,57.3300,9
2022-06-01,RN,gasolina,52.1800,7
2022-06-01,RO,diesel_s10,100.7400,14
2022-06-01,RO,etanol,31.7300,5
2022-06-01,RO,gasolina,102.7300,14
2022-06-01,RR,diesel_s10,36.5800,5
2022-06-01,RR,etanol,18.7100,3
2022-06-01,RR,gasolina,35.1900,5
2022-06-01,RS,diesel_s10,612.2000,90
2022-06-01,RS,etanol,212.9700,32
2022-06-01,RS,gasolina,764.7100,110
2022-06-01,SC,diesel_s10,237.9300,35
2022-06-01,SC,etanol,188.2700,30
2022-06-01,SC,gasolina,302.6200,43
2022-06-01,SE,diesel_s10,41.5000,6
2022-06-01,SE,etanol,30.8500,5
2022-06-01,SE,gasolina,44.1200,6
2022-06-01,SP,diesel_s10,2383.9000,342
2022-06-01,SP,etanol,2137.5900,448
2022-06-01,SP,gasolina,3051.0200,441
2022-06-01,TO,diesel_s10,104.4600,15
2022-06-01,TO,etanol,87.3700,14
2022-06-01,TO,gasolina,111.3000,15
2022-06-02,AC,diesel_s10,94.4300,12
2022-06-02,AC,etanol,51.2200,8
2022-06-02,AC,gasolina,106.6200,14
2022-06-02,AL,diesel_s10,50.1100,7
2022-06-02,AL,etanol,59.6300,10
2022-06-02,AL,gasolina,72.9000,10
2022-06-02,AM,diesel_s10,48.8600,7
2022-06-02,AM,etanol,38.6900,7
2022-06-02,AM,gasolina,63.1600,9
2022-06-02,AP,diesel_s10,28.0200,4
2022-06-02,AP,etanol,6.3900,1
2022-06-02,AP,gasolina,32.8200,5
2022-06-02,BA,diesel_s10,115.6800,16
2022-06-02,BA,etanol,98.8100,17
2022-06-02,BA,gasolina,116.8600,15
2022-06-02,CE,diesel_s10,223.0400,31
2022-06-02,CE,etanol,190.1200,31
2022-06-02,CE,gasolina,229.6600,32
2022-06-02,ES,diesel_s10,120.5000,18
2022-06-02,ES,etanol,122.3500,20
2022-06-02,ES,gasolina,167.7300,23
2022-06-02,GO,diesel_s10,111.4000,16
2022-06-02,GO,etanol,92.3100,19
2022-06-02,GO,gasolina,135.7600,19
2022-06-02,MA,diesel_s10,362.3800,51
2022-06-02,MA,etanol,173.8400,29
2022-06-02,MA,gasolina,370.8800,52
2022-06-02,MG,diesel_s10,612.3200,86
2022-06-02,MG,etanol,596.5600,112
2022-06-02,MG,gasolina,818.1000,108
2022-06-02,MS,diesel_s10,7.0600,1
2022-06-02,MS,etanol,5.5800,1
2022-06-02,MT,diesel_s10,392.7500,53
2022-06-02,MT,etanol,294.7700,59
2022-06-02,MT,gasolina,419.8400,59
2022-06-02,PA,diesel_s10,119.2500,16
2022-06-02,PA,etanol,49.5000,8
2022-06-02,PA,gasolina,141.3300,19
2022-06-02,PB,diesel_s10,56.7900,8
2022-06-02,PB,etanol,46.1300,8
2022-06-02,PB,gasolina,56.5100,8
2022-06-02,PE,diesel_s10,130.5300,19
2022-06-02,PE,etanol,128.6300,22
2022-06-02,PE,gasolina,154.8100,22
2022-06-02,PI,diesel_s10,81.6100,11
2022-06-02,PI,etanol,54.3600,9
2022-06-02,PI,gasolina,96.5400,12
2022-06-02,PR,diesel_s10,284.1100,41
2022-06-02,PR,etanol,230.0000,43
2022-06-02,PR,gasolina,314.6400,43
2022-06-02,RJ,diesel_s10,376.1600,54
2022-06-02,RJ,etanol,408.9000,65
2022-06-02,RJ,gasolina,506.1400,65
2022-06-02,RN,diesel_s10,14.7800,2
2022-06-02,RN,etanol,12.4800,2
2022-06-02,RN,gasolina,14.9500,2
2022-06-02,RO,diesel_s10,44.2800,6
2022-06-02,RO,etanol,18.9300,3
2022-06-02,RO,gasolina,46.4900,6
2022-06-02,RS,diesel_s10,387.4800,59
2022-06-02,RS,etanol,112.7900,18
2022-06-02,RS,gasolina,495.4700,75
2022-06-02,SC,diesel_s10,341.5000,49
2022-06-02,SC,etanol,205.8200,32
2022-06-02,SC,gasolina,462.0500,63
2022-06-02,SE,diesel_s10,53.5400,8
2022-06-02,SE,etanol,42.3100,7
2022-06-02,SE,gasolina,58.0300,8
2022-06-02,SP,diesel_s10,1268.3100,183
2022-06-02,SP,etanol,1160.6200,249
2022-06-02,SP,gasolina,1697.0700,247
2022-06-03,GO,diesel_s10,34.6200,5
2022-06-03,GO,etanol,33.3600,7
2022-06-03,GO,gasolina,51.9500,7
2022-06-03,PR,diesel_s10,33.6600,5
2022-06-03,PR,etanol,39.2200,7
2022-06-03,PR,gasolina,51.1000,7
2022-06-03,RJ,diesel_s10,42.0200,6
2022-06-03,RJ,etanol,46.5300,7
2022-06-03,RJ,gasolina,64.6800,8
2022-06-03,SC,diesel_s10,28.0200,4
2022-06-03,SC,etanol,18.8500,3
2022-06-03,SC,gasolina,37.3900,5
2022-06-06,AL,diesel_s10,196.9400,27
2022-06-06,AL,etanol,179.3500,30
2022-06-06,AL,gasolina,215.1000,29
2022-06-06,AM,diesel_s10,232.2700,33
2022-06-06,AM,etanol,164.8400,30
2022-06-06,AM,gasolina,323.3800,45
2022-06-06,AP,diesel_s10,49.4200,7
2022-06-06,AP,etanol,6.5000,1
2022-06-06,AP,gasolina,136.4400,21
2022-06-06,BA,diesel_s10,635.0600,87
2022-06-06,BA,etanol,644.2400,103
2022-06-06,BA,gasolina,828.3400,104
2022-06-06,CE,diesel_s10,113.8400,15
2022-06-06,CE,etanol,58.1600,9
2022-06-06,CE,gasolina,116.5700,15
2022-06-06,ES,diesel_s10,222.4200,33
2022-06-06,ES,etanol,160.2100,26
2022-06-06,ES,gasolina,285.6300,39
2022-06-06,GO,diesel_s10,585.5000,83
2022-06-06,GO,etanol,539.9100,106
2022-06-06,GO,gasolina,792.1100,105
2022-06-06,MA,diesel_s10,219.8700,30
2022-06-06,MA,etanol,98.7700,16
2022-06-06,MA,gasolina,240.0000,32
2022-06-06,MG,diesel_s10,534.1300,76
2022-06-06,MG,etanol,546.3300,103
2022-06-06,MG,gasolina,797.1300,105
2022-06-06,MS,diesel_s10,127.1800,18
2022-06-06,MS,etanol,142.6600,25
2022-06-06,MS,gasolina,208.0000,28
2022-06-06,MT,diesel_s10,290.4700,40
2022-06-06,MT,etanol,219.7100,45
2022-06-06,MT,gasolina,313.8500,45
2022-06-06,PA,diesel_s10,98.5300,14
2022-06-06,PA,etanol,49.3300,8
2022-06-06,PA,gasolina,100.3100,14
2022-06-06,PB,diesel_s10,221.4000,31
2022-06-06,PB,etanol,162.7700,29
2022-06-06,PB,gasolina,220.8300,31
2022-06-06,PE,diesel_s10,332.8200,48
2022-06-06,PE,etanol,249.6900,41
2022-06-06,PE,gasolina,363.0500,49
2022-06-06,PI,diesel_s10,72.2800,10
2022-06-06,PI,etanol,47.8700,8
2022-06-06,PI,gasolina,100.2300,13
2022-06-06,PR,diesel_s10,343.2500,50
2022-06-06,PR,etanol,322.4500,60
2022-06-06,PR,gasolina,429.2300,60
2022-06-06,RJ,diesel_s10,657.5500,94
2022-06-06,RJ,etanol,741.1600,119
2022-06-06,RJ,gasolina,917.5200,118
2022-06-06,RN,diesel_s10,116.4500,16
2022-06-06,RN,etanol,107.4100,17
2022-06-06,RN,gasolina,129.0600,17
2022-06-06,RO,diesel_s10,64.5200,9
2022-06-06,RO,etanol,19.4400,3
2022-06-06,RO,gasolina,57.6800,8
2022-06-06,RS,diesel_s10,333.8800,50
2022-06-06,RS,etanol,118.8000,18
2022-06-06,RS,gasolina,418.6300,61
2022-06-06,SC,diesel_s10,412.5400,60
2022-06-06,SC,etanol,245.1200,39
2022-06-06,SC,gasolina,448.1000,64
2022-06-06,SE,diesel_s10,26.6400,4
2022-06-06,SE,etanol,12.2500,2
2022-06-06,SE,gasolina,28.8500,4
2022-06-06,SP,diesel_s10,2865.1000,415
2022-06-06,SP,etanol,2578.6800,551
2022-06-06,SP,gasolina,3786.3900,552
2022-06-06,TO,diesel_s10,92.5100,13
2022-06-06,TO,etanol,48.1500,8
2022-06-06,TO,gasolina,96.8200,13
2022-06-07,AC,diesel_s10,77.2400,10
2022-06-07,AC,etanol,36.4400,6
2022-06-07,AC,gasolina,75.0100,10
2022-06-07,AM,diesel_s10,53.6400,7
2022-06-07,AM,gasolina,53.8300,7
2022-06-07,AP,diesel_s10,35.1100,5
2022-06-07,AP,etanol,6.3900,1
2022-06-07,AP,gasolina,52.2500,8
2022-06-07,BA,diesel_s10,537.1400,74
2022-06-07,BA,etanol,501.3500,80
2022-06-07,BA,gasolina,633.1100,80
2022-06-07,CE,diesel_s10,888.6800,121
2022-06-07,CE,etanol,746.8400,118
2022-06-07,CE,gasolina,916.8800,123
2022-06-07,ES,diesel_s10,175.3900,26
2022-06-07,ES,etanol,134.1100,22
2022-06-07,ES,gasolina,189.7100,26
2022-06-07,GO,diesel_s10,164.2700,23
2022-06-07,GO,etanol,137.7600,27
2022-06-07,GO,gasolina,212.1000,28
2022-06-07,MA,diesel_s10,79.1300,11
2022-06-07,MA,etanol,41.8300,7
2022-06-07,MA,gasolina,77.9300,11
2022-06-07,MG,diesel_s10,1064.7400,152
2022-06-07,MG,etanol,1038.3100,200
2022-06-07,MG,gasolina,1501.3000,200
2022-06-07,MS,diesel_s10,112.1100,16
2022-06-07,MS,etanol,100.6000,19
2022-06-07,MS,gasolina,136.5700,19
2022-06-07,MT,diesel_s10,257.9300,34
2022-06-07,MT,etanol,202.8300,40
2022-06-07,MT,gasolina,291.1300,40
2022-06-07,PA,diesel_s10,407.3700,56
2022-06-07,PA,etanol,152.2300,24
2022-06-07,PA,gasolina,466.4600,63
2022-06-07,PB,diesel_s10,14.0800,2
2022-06-07,PB,etanol,5.7900,1
2022-06-07,PB,gasolina,13.9800,2
2022-06-07,PE,diesel_s10,275.5200,40
2022-06-07,PE,etanol,255.0000,43
2022-06-07,PE,gasolina,311.2800,43
2022-06-07,PI,diesel_s10,119.7400,16
2022-06-07,PI,etanol,77.3500,13
2022-06-07,PI,gasolina,128.2000,16
2022-06-07,PR,diesel_s10,499.3300,72
2022-06-07,PR,etanol,442.0700,83
2022-06-07,PR,gasolina,588.4500,82
2022-06-07,RJ,diesel_s10,726.7200,104
2022-06-07,RJ,etanol,806.9300,128
2022-06-07,RJ,gasolina,1014.3100,129
2022-06-07,RN,diesel_s10,271.6000,37
2022-06-07,RN,etanol,240.8800,39
2022-06-07,RN,gasolina,280.9700,38
2022-06-07,RO,diesel_s10,130.7900,18
2022-06-07,RO,etanol,79.2400,13
2022-06-07,RO,gasolina,160.2600,22
2022-06-07,RR,diesel_s10,50.7700,7
2022-06-07,RR,etanol,6.1000,1
2022-06-07,RR,gasolina,49.3200,7
2022-06-07,RS,diesel_s10,754.4700,110
2022-06-07,RS,etanol,252.7300,38
2022-06-07,RS,gasolina,833.4200,120
2022-06-07,SC,diesel_s10,254.7700,37
2022-06-07,SC,etanol,126.7600,20
2022-06-07,SC,gasolina,274.7800,39
2022-06-07,SE,diesel_s10,122.5600,18
2022-06-07,SE,etanol,73.3000,12
2022-06-07,SE,gasolina,138.4600,19
2022-06-07,SP,diesel_s10,1648.8600,239
2022-06-07,SP,etanol,1523.1800,325
2022-06-07,SP,gasolina,2206.7900,321
2022-06-07,TO,diesel_s10,55.0100,8
2022-06-07,TO,etanol,54.8000,9
2022-06-07,TO,gasolina,73.9200,10
2022-06-08,AC,diesel_s10,222.1300,28
2022-06-08,AC,etanol,107.8900,17
2022-06-08,AC,gasolina,222.7200,29
2022-06-08,AL,diesel_s10,171.8100,24
2022-06-08,AL,etanol,166.5100,28
2022-06-08,AL,gasolina,213.8000,29
2022-06-08,AM,diesel_s10,98.8600,14
2022-06-08,AM,etanol,76.7000,14
2022-06-08,AM,gasolina,171.1700,23
2022-06-08,BA,diesel_s10,536.6400,72
2022-06-08,BA,etanol,508.8100,81
2022-06-08,BA,gasolina,633.7100,79
2022-06-08,CE,diesel_s10,219.5700,30
2022-06-08,CE,etanol,189.1300,30
2022-06-08,CE,gasolina,220.6400,30
2022-06-08,DF,diesel_s10,245.8000,35
2022-06-08,DF,etanol,278.2800,47
2022-06-08,DF,gasolina,363.2800,47
2022-06-08,ES,diesel_s10,73.4500,11
2022-06-08,ES,etanol,58.0200,10
2022-06-08,ES,gasolina,113.4800,16
2022-06-08,GO,diesel_s10,218.1700,31
2022-06-08,GO,etanol,208.4800,42
2022-06-08,GO,gasolina,302.3500,40
2022-06-08,MA,diesel_s10,51.4500,7
2022-06-08,MA,etanol,18.1800,3
2022-06-08,MA,gasolina,58.8200,8
2022-06-08,MG,diesel_s10,664.3200,95
2022-06-08,MG,etanol,654.6400,129
2022-06-08,MG,gasolina,947.1600,127
2022-06-08,MS,diesel_s10,49.7700,7
2022-06-08,MS,etanol,37.9400,7
2022-06-08,MS,gasolina,44.4900,6
2022-06-08,MT,diesel_s10,164.3700,23
2022-06-08,MT,etanol,120.3200,25
2022-06-08,MT,gasolina,174.9800,25
2022-06-08,PA,diesel_s10,246.9900,33
2022-06-08,PA,etanol,64.9500,10
2022-06-08,PA,gasolina,302.9600,40
2022-06-08,PB,diesel_s10,122.6200,17
2022-06-08,PB,etanol,93.4800,16
2022-06-08,PB,gasolina,128.7200,18
2022-06-08,PE,diesel_s10,436.6000,64
2022-06-08,PE,etanol,389.1400,66
2022-06-08,PE,gasolina,502.8400,68
2022-06-08,PI,diesel_s10,120.4900,16
2022-06-08,PI,etanol,76.3400,13
2022-06-08,PI,gasolina,167.9900,21
2022-06-08,PR,diesel_s10,806.9200,116
2022-06-08,PR,etanol,783.0100,147
2022-06-08,PR,gasolina,1051.8100,145
2022-06-08,RJ,diesel_s10,492.6900,71
2022-06-08,RJ,etanol,511.4000,83
2022-06-08,RJ,gasolina,656.5300,85
2022-06-08,RN,diesel_s10,30.1000,4
2022-06-08,RN,etanol,31.7100,5
2022-06-08,RN,gasolina,29.4900,4
2022-06-08,RO,diesel_s10,278.9200,38
2022-06-08,RO,etanol,111.3700,17
2022-06-08,RO,gasolina,292.0200,39
2022-06-08,RR,diesel_s10,43.4000,6
2022-06-08,RR,etanol,11.9800,2
2022-06-08,RR,gasolina,42.2400,6
2022-06-08,RS,diesel_s10,836.0700,123
2022-06-08,RS,etanol,296.6200,45
2022-06-08,RS,gasolina,972.6100,139
2022-06-08,SC,diesel_s10,453.7700,66
2022-06-08,SC,etanol,340.7800,55
2022-06-08,SC,gasolina,610.9600,85
2022-06-08,SE,diesel_s10,145.4400,21
2022-06-08,SE,etanol,127.6400,21
2022-06-08,SE,gasolina,153.5000,21
2022-06-08,SP,diesel_s10,1897.4200,274
2022-06-08,SP,etanol,1722.5900,370
2022-06-08,SP,gasolina,2485.9300,362
2022-06-08,TO,diesel_s10,103.7800,15
2022-06-08,TO,etanol,85.3600,14
2022-06-08,TO,gasolina,111.1200,15
2022-06-09,BA,diesel_s10,430.1700,57
2022-06-09,BA,etanol,386.8600,64
2022-06-09,BA,gasolina,495.4000,62
2022-06-09,CE,diesel_s10,301.6200,41
2022-06-09,CE,etanol,227.6000,37
2022-06-09,CE,gasolina,310.9900,42
2022-06-09,ES,diesel_s10,47.0100,7
2022-06-09,ES,etanol,30.1200,5
2022-06-09,ES,gasolina,74.4100,10
2022-06-09,GO,diesel_s10,251.3400,36
2022-06-09,GO,etanol,218.8900,45
2022-06-09,GO,gasolina,343.4300,46
2022-06-09,MA,diesel_s10,478.6600,68
2022-06-09,MA,etanol,309.8000,52
2022-06-09,MA,gasolina,515.0700,73
2022-06-09,MG,diesel_s10,740.3200,105
2022-06-09,MG,etanol,665.2400,129
2022-06-09,MG,gasolina,953.3700,127
2022-06-09,MS,diesel_s10,210.8500,31
2022-06-09,MS,etanol,175.1900,35
2022-06-09,MS,gasolina,234.6700,34
2022-06-09,MT,diesel_s10,302.3500,42
2022-06-09,MT,etanol,236.4000,49
2022-06-09,MT,gasolina,339.1300,49
2022-06-09,PB,diesel_s10,63.6500,9
2022-06-09,PB,etanol,62.3300,11
2022-06-09,PB,gasolina,84.0700,12
2022-06-09,PE,diesel_s10,34.4100,5
2022-06-09,PE,etanol,29.6200,5
2022-06-09,PE,gasolina,37.4600,5
2022-06-09,PI,diesel_s10,133.9700,18
2022-06-09,PI,etanol,93.8200,16
2022-06-09,PI,gasolina,143.2200,18
2022-06-09,PR,diesel_s10,118.0500,17
2022-06-09,PR,etanol,122.6200,24
2022-06-09,PR,gasolina,172.3100,24
2022-06-09,RJ,diesel_s10,215.7600,31
2022-06-09,RJ,etanol,237.1100,38
2022-06-09,RJ,gasolina,294.7300,38
2022-06-09,RO,diesel_s10,7.3200,1
2022-06-09,RO,etanol,6.6400,1
2022-06-09,RO,gasolina,7.5200,1
2022-06-09,RS,diesel_s10,204.4200,30
2022-06-09,RS,etanol,60.2100,9
2022-06-09,RS,gasolina,281.7400,41
2022-06-09,SC,diesel_s10,146.3100,21
2022-06-09,SC,etanol,75.8700,12
2022-06-09,SC,gasolina,182.2100,25
2022-06-09,SE,diesel_s10,6.9900,1
2022-06-09,SE,etanol,5.9900,1
2022-06-09,SE,gasolina,7.4900,1
2022-06-09,SP,diesel_s10,1596.6500,231
2022-06-09,SP,etanol,1364.9100,302
2022-06-09,SP,gasolina,2006.6300,293
2022-06-10,RJ,diesel_s10,42.0200,6
2022-06-10,RJ,etanol,46.6300,7
2022-06-10,RJ,gasolina,56.6500,7
2022-06-10,SC,diesel_s10,21.2300,3
2022-06-10,SC,etanol,19.3700,3
2022-06-10,SC,gasolina,29.1900,4
2022-06-13,AL,diesel_s10,209.8700,29
2022-06-13,AL,etanol,184.2200,31
2022-06-13,AL,gasolina,229.1700,31
2022-06-13,AM,diesel_s10,226.0700,32
2022-06-13,AM,etanol,138.1800,25
2022-06-13,AM,gasolina,282.8900,38
2022-06-13,AP,diesel_s10,35.1600,5
2022-06-13,AP,gasolina,103.0400,16
2022-06-13,BA,diesel_s10,433.5400,55
2022-06-13,BA,etanol,409.5300,66
2022-06-13,BA,gasolina,525.7300,65
2022-06-13,CE,diesel_s10,251.6700,33
2022-06-13,CE,etanol,199.2200,30
2022-06-13,CE,gasolina,256.5400,33
2022-06-13,ES,diesel_s10,141.2400,21
2022-06-13,ES,etanol,132.9600,23
2022-06-13,ES,gasolina,211.1400,29
2022-06-13,GO,diesel_s10,495.7700,70
2022-06-13,GO,etanol,416.1600,82
2022-06-13,GO,gasolina,613.9400,81
2022-06-13,MA,diesel_s10,139.2100,19
2022-06-13,MA,etanol,74.3600,12
2022-06-13,MA,gasolina,162.9400,22
2022-06-13,MG,diesel_s10,973.0800,139
2022-06-13,MG,etanol,949.4700,187
2022-06-13,MG,gasolina,1387.7400,185
2022-06-13,MS,diesel_s10,132.5700,19
2022-06-13,MS,etanol,121.9700,22
2022-06-13,MS,gasolina,160.8800,22
2022-06-13,MT,diesel_s10,56.8800,8
2022-06-13,MT,etanol,46.7000,10
2022-06-13,MT,gasolina,69.0000,10
2022-06-13,PA,diesel_s10,201.2700,28
2022-06-13,PA,etanol,40.7700,6
2022-06-13,PA,gasolina,237.4800,31
2022-06-13,PB,diesel_s10,148.3700,21
2022-06-13,PB,etanol,115.9700,21
2022-06-13,PB,gasolina,153.9000,22
2022-06-13,PE,diesel_s10,370.3700,55
2022-06-13,PE,etanol,317.2900,54
2022-06-13,PE,gasolina,413.9100,57
2022-06-13,PI,diesel_s10,86.3800,12
2022-06-13,PI,etanol,35.3500,6
2022-06-13,PI,gasolina,108.1300,14
2022-06-13,PR,diesel_s10,424.4700,61
2022-06-13,PR,etanol,338.6200,65
2022-06-13,PR,gasolina,473.7900,66
2022-06-13,RJ,diesel_s10,592.4900,84
2022-06-13,RJ,etanol,599.3300,97
2022-06-13,RJ,gasolina,789.6900,101
2022-06-13,RN,diesel_s10,115.9600,16
2022-06-13,RN,etanol,86.7200,14
2022-06-13,RN,gasolina,121.1100,16
2022-06-13,RO,diesel_s10,108.0700,15
2022-06-13,RO,etanol,43.1900,7
2022-06-13,RO,gasolina,117.0900,16
2022-06-13,RS,diesel_s10,583.1000,85
2022-06-13,RS,etanol,151.0000,23
2022-06-13,RS,gasolina,597.6000,85
2022-06-13,SC,diesel_s10,347.8100,51
2022-06-13,SC,etanol,167.6100,27
2022-06-13,SC,gasolina,378.0400,55
2022-06-13,SE,diesel_s10,53.0900,8
2022-06-13,SE,etanol,5.9800,1
2022-06-13,SE,gasolina,57.7400,8
2022-06-13,SP,diesel_s10,3285.7500,477
2022-06-13,SP,etanol,2745.4300,597
2022-06-13,SP,gasolina,4077.8400,595
2022-06-13,TO,diesel_s10,64.2300,9
2022-06-13,TO,etanol,53.4700,9
2022-06-13,TO,gasolina,81.9700,11
2022-06-14,AC,diesel_s10,84.6000,11
2022-06-14,AC,etanol,36.7900,6
2022-06-14,AC,gasolina,83.1000,11
2022-06-14,AL,diesel_s10,56.5700,8
2022-06-14,AL,etanol,47.0000,8
2022-06-14,AL,gasolina,57.5300,8
2022-06-14,AM,diesel_s10,45.6400,6
2022-06-14,AM,gasolina,53.8300,7
2022-06-14,AP,diesel_s10,7.0900,1
2022-06-14,AP,gasolina,38.5000,6
2022-06-14,BA,diesel_s10,783.8800,99
2022-06-14,BA,etanol,676.4400,110
2022-06-14,BA,gasolina,914.4300,114
2022-06-14,CE,diesel_s10,859.8900,118
2022-06-14,CE,etanol,753.1600,121
2022-06-14,CE,gasolina,913.2700,124
2022-06-14,DF,diesel_s10,117.0500,17
2022-06-14,DF,etanol,126.7900,22
2022-06-14,DF,gasolina,165.1400,22
2022-06-14,ES,diesel_s10,6.7900,1
2022-06-14,ES,etanol,6.4900,1
2022-06-14,ES,gasolina,7.5700,1
2022-06-14,GO,diesel_s10,279.6300,40
2022-06-14,GO,etanol,254.4800,52
2022-06-14,GO,gasolina,403.2400,54
2022-06-14,MA,diesel_s10,109.3800,15
2022-06-14,MA,etanol,54.5500,9
2022-06-14,MA,gasolina,124.5900,17
2022-06-14,MG,diesel_s10,573.0500,81
2022-06-14,MG,etanol,538.2200,103
2022-06-14,MG,gasolina,773.9400,102
2022-06-14,MS,diesel_s10,36.0100,5
2022-06-14,MS,etanol,41.0500,8
2022-06-14,MS,gasolina,58.2400,8
2022-06-14,MT,diesel_s10,373.5700,52
2022-06-14,MT,etanol,268.8300,58
2022-06-14,MT,gasolina,409.5900,59
2022-06-14,PA,diesel_s10,382.9000,53
2022-06-14,PA,etanol,169.4200,27
2022-06-14,PA,gasolina,399.1800,55
2022-06-14,PB,diesel_s10,135.7500,19
2022-06-14,PB,etanol,109.6400,19
2022-06-14,PB,gasolina,150.6500,21
2022-06-14,PE,diesel_s10,390.2600,57
2022-06-14,PE,etanol,337.1200,57
2022-06-14,PE,gasolina,414.8800,57
2022-06-14,PI,diesel_s10,67.1100,9
2022-06-14,PI,etanol,46.7800,8
2022-06-14,PI,gasolina,79.3800,10
2022-06-14,PR,diesel_s10,739.8000,107
2022-06-14,PR,etanol,638.7700,124
2022-06-14,PR,gasolina,882.8800,124
2022-06-14,RJ,diesel_s10,970.8000,140
2022-06-14,RJ,etanol,1047.4200,171
2022-06-14,RJ,gasolina,1319.0900,170
2022-06-14,RN,diesel_s10,176.3000,24
2022-06-14,RN,etanol,158.5300,26
2022-06-14,RN,gasolina,175.3700,24
2022-06-14,RO,diesel_s10,241.1600,33
2022-06-14,RO,etanol,97.2700,15
2022-06-14,RO,gasolina,240.7700,33
2022-06-14,RR,diesel_s10,51.0000,7
2022-06-14,RR,etanol,18.7100,3
2022-06-14,RR,gasolina,49.2400,7
2022-06-14,RS,diesel_s10,539.9900,78
2022-06-14,RS,etanol,178.1500,26
2022-06-14,RS,gasolina,638.7100,90
2022-06-14,SC,diesel_s10,256.1000,37
2022-06-14,SC,etanol,162.8100,26
2022-06-14,SC,gasolina,294.7200,42
2022-06-14,SE,diesel_s10,33.2700,5
2022-06-14,SE,etanol,23.8600,4
2022-06-14,SE,gasolina,36.3700,5
2022-06-14,SP,diesel_s10,2918.4000,423
2022-06-14,SP,etanol,2544.4100,561
2022-06-14,SP,gasolina,3826.0100,559
2022-06-14,TO,diesel_s10,69.0000,10
2022-06-14,TO,etanol,58.9000,10
2022-06-14,TO,gasolina,73.9000,10
2022-06-15,AC,diesel_s10,199.5800,25
2022-06-15,AC,etanol,88.7900,14
2022-06-15,AC,gasolina,200.0800,26
2022-06-15,AL,diesel_s10,79.5600,11
2022-06-15,AL,etanol,71.2600,12
2022-06-15,AL,gasolina,88.8900,12
2022-06-15,AM,diesel_s10,134.9600,19
2022-06-15,AM,etanol,104.7200,19
2022-06-15,AM,gasolina,220.4500,30
2022-06-15,AP,diesel_s10,34.6300,5
2022-06-15,AP,etanol,6.3800,1
2022-06-15,AP,gasolina,45.4500,7
2022-06-15,BA,diesel_s10,827.1100,103
2022-06-15,BA,etanol,748.3600,121
2022-06-15,BA,gasolina,974.2500,121
2022-06-15,CE,diesel_s10,204.2300,28
2022-06-15,CE,etanol,156.8400,25
2022-06-15,CE,gasolina,207.9100,28
2022-06-15,DF,diesel_s10,142.6400,20
2022-06-15,DF,etanol,147.8300,25
2022-06-15,DF,gasolina,188.4500,25
2022-06-15,ES,diesel_s10,155.9700,23
2022-06-15,ES,etanol,99.3200,16
2022-06-15,ES,gasolina,207.6400,28
2022-06-15,GO,diesel_s10,62.5700,9
2022-06-15,GO,etanol,79.6400,16
2022-06-15,GO,gasolina,117.8000,16
2022-06-15,MA,diesel_s10,511.7300,73
2022-06-15,MA,etanol,307.3600,52
2022-06-15,MA,gasolina,526.2800,75
2022-06-15,MG,diesel_s10,1049.6100,150
2022-06-15,MG,etanol,975.8300,195
2022-06-15,MG,gasolina,1451.5800,195
2022-06-15,MS,diesel_s10,289.4400,42
2022-06-15,MS,etanol,269.9600,53
2022-06-15,MS,gasolina,381.4100,54
2022-06-15,MT,diesel_s10,397.4000,54
2022-06-15,MT,etanol,298.5500,64
2022-06-15,MT,gasolina,450.0300,64
2022-06-15,PA,diesel_s10,195.7700,26
2022-06-15,PA,etanol,46.1500,7
2022-06-15,PA,gasolina,217.9900,29
2022-06-15,PB,diesel_s10,80.3100,11
2022-06-15,PB,etanol,76.0000,13
2022-06-15,PB,gasolina,93.3000,13
2022-06-15,PE,diesel_s10,150.0900,22
2022-06-15,PE,etanol,101.9200,17
2022-06-15,PE,gasolina,177.7900,23
2022-06-15,PI,diesel_s10,294.5700,40
2022-06-15,PI,etanol,196.5600,34
2022-06-15,PI,gasolina,348.0600,44
2022-06-15,PR,diesel_s10,620.5300,90
2022-06-15,PR,etanol,593.3300,111
2022-06-15,PR,gasolina,784.4800,109
2022-06-15,RJ,diesel_s10,450.7900,64
2022-06-15,RJ,etanol,453.4000,74
2022-06-15,RJ,gasolina,583.7800,75
2022-06-15,RN,diesel_s10,124.9200,17
2022-06-15,RN,etanol,105.8200,17
2022-06-15,RN,gasolina,125.8800,17
2022-06-15,RO,diesel_s10,36.8300,5
2022-06-15,RO,etanol,25.6500,4
2022-06-15,RO,gasolina,36.1500,5
2022-06-15,RR,diesel_s10,43.8800,6
2022-06-15,RR,etanol,12.7200,2
2022-06-15,RR,gasolina,42.2000,6
2022-06-15,RS,diesel_s10,392.7300,57
2022-06-15,RS,etanol,166.9300,25
2022-06-15,RS,gasolina,407.0000,58
2022-06-15,SC,diesel_s10,266.5500,39
2022-06-15,SC,etanol,160.9800,26
2022-06-15,SC,gasolina,272.3500,39
2022-06-15,SE,diesel_s10,62.5300,9
2022-06-15,SE,etanol,60.8200,10
2022-06-15,SE,gasolina,80.0900,11
2022-06-15,SP,diesel_s10,1604.6600,231
2022-06-15,SP,etanol,1377.4100,305
2022-06-15,SP,gasolina,2032.7000,298
2022-06-15,TO,diesel_s10,146.6400,21
2022-06-15,TO,etanol,109.3600,18
2022-06-15,TO,gasolina,157.2800,21
2022-06-16,AL,diesel_s10,43.5000,6
2022-06-16,AL,etanol,41.6900,7
2022-06-16,AL,gasolina,59.7900,8
2022-06-16,BA,diesel_s10,255.8000,33
2022-06-16,BA,etanol,216.5200,36
2022-06-16,BA,gasolina,283.3400,35
2022-06-16,CE,diesel_s10,231.8800,31
2022-06-16,CE,etanol,150.0300,24
2022-06-16,CE,gasolina,229.1700,30
2022-06-16,ES,diesel_s10,249.6900,37
2022-06-16,ES,etanol,214.2400,36
2022-06-16,ES,gasolina,288.6900,40
2022-06-16,GO,diesel_s10,250.5300,36
2022-06-16,GO,etanol,222.0100,46
2022-06-16,GO,gasolina,335.3500,46
2022-06-16,MA,diesel_s10,57.7900,8
2022-06-16,MA,etanol,36.3900,6
2022-06-16,MA,gasolina,72.7500,10
2022-06-16,MG,diesel_s10,276.6400,39
2022-06-16,MG,etanol,242.3100,47
2022-06-16,MG,gasolina,356.1400,47
2022-06-16,MS,diesel_s10,28.3300,4
2022-06-16,MS,etanol,22.2200,4
2022-06-16,MS,gasolina,22.3400,3
2022-06-16,MT,diesel_s10,183.0100,25
2022-06-16,MT,etanol,121.2100,25
2022-06-16,MT,gasolina,175.4600,25
2022-06-16,PA,diesel_s10,7.7700,1
2022-06-16,PA,gasolina,15.6800,2
2022-06-16,PB,diesel_s10,49.2400,7
2022-06-16,PB,etanol,34.4400,6
2022-06-16,PB,gasolina,49.4200,7
2022-06-16,PE,diesel_s10,343.2600,49
2022-06-16,PE,etanol,306.4200,51
2022-06-16,PE,gasolina,395.9500,52
2022-06-16,PR,diesel_s10,285.1600,41
2022-06-16,PR,etanol,274.5700,51
2022-06-16,PR,gasolina,365.0400,50
2022-06-16,RJ,diesel_s10,104.9400,15
2022-06-16,RJ,etanol,98.3600,16
2022-06-16,RJ,gasolina,130.8800,17
2022-06-16,RO,gasolina,15.0200,2
2022-06-16,RS,diesel_s10,494.0400,75
2022-06-16,RS,etanol,130.6500,21
2022-06-16,RS,gasolina,579.4600,87
2022-06-16,SC,diesel_s10,256.8400,37
2022-06-16,SC,etanol,215.6800,35
2022-06-16,SC,gasolina,421.7400,58
2022-06-16,SE,diesel_s10,144.6600,21
2022-06-16,SE,etanol,126.0800,21
2022-06-16,SE,gasolina,152.8500,21
2022-06-16,SP,diesel_s10,524.1800,76
2022-06-16,SP,etanol,503.6200,109
2022-06-16,SP,gasolina,753.4800,110
2022-06-16,TO,diesel_s10,13.8000,2
2022-06-16,TO,etanol,12.0000,2
2022-06-16,TO,gasolina,14.6400,2
2022-06-17,GO,diesel_s10,45.3400,6
2022-06-17,GO,etanol,38.6100,7
2022-06-17,GO,gasolina,47.2200,6
2022-06-17,MG,diesel_s10,14.1700,2
2022-06-17,MG,etanol,20.0300,4
2022-06-17,MG,gasolina,29.7300,4
2022-06-17,PA,diesel_s10,28.8000,4
2022-06-17,PA,etanol,16.7700,3
2022-06-17,PA,gasolina,28.1100,4
2022-06-17,RJ,diesel_s10,118.7800,17
2022-06-17,RJ,etanol,133.6300,21
2022-06-17,RJ,gasolina,165.4200,21
2022-06-17,RS,diesel_s10,201.2700,30
2022-06-17,RS,etanol,83.8700,13
2022-06-17,RS,gasolina,264.0700,39
2022-06-17,SC,diesel_s10,207.9000,30
2022-06-17,SC,etanol,147.0600,24
2022-06-17,SC,gasolina,244.9300,34
2022-06-20,AL,diesel_s10,205.5200,27
2022-06-20,AL,etanol,189.5300,33
2022-06-20,AL,gasolina,250.1000,34
2022-06-20,AM,diesel_s10,305.0200,39
2022-06-20,AM,etanol,156.1100,28
2022-06-20,AM,gasolina,348.5600,46
2022-06-20,BA,diesel_s10,755.8500,92
2022-06-20,BA,etanol,661.5900,108
2022-06-20,BA,gasolina,860.9300,107
2022-06-20,CE,diesel_s10,174.9800,21
2022-06-20,CE,etanol,117.8400,18
2022-06-20,CE,gasolina,169.0600,21
2022-06-20,ES,diesel_s10,165.3700,22
2022-06-20,ES,etanol,137.1600,23
2022-06-20,ES,gasolina,227.1400,30
2022-06-20,GO,diesel_s10,589.4800,76
2022-06-20,GO,etanol,503.0300,99
2022-06-20,GO,gasolina,755.0800,98
2022-06-20,MA,diesel_s10,254.2300,32
2022-06-20,MA,etanol,122.3900,20
2022-06-20,MA,gasolina,310.0300,40
2022-06-20,MG,diesel_s10,939.7100,122
2022-06-20,MG,etanol,816.4300,159
2022-06-20,MG,gasolina,1215.8200,158
2022-06-20,MS,diesel_s10,134.2900,18
2022-06-20,MS,etanol,115.3700,21
2022-06-20,MS,gasolina,162.5700,22
2022-06-20,MT,diesel_s10,108.6500,14
2022-06-20,MT,etanol,76.3200,17
2022-06-20,MT,gasolina,119.4900,17
2022-06-20,PA,diesel_s10,449.4000,57
2022-06-20,PA,etanol,185.7800,29
2022-06-20,PA,gasolina,504.3500,66
2022-06-20,PB,diesel_s10,137.5400,18
2022-06-20,PB,etanol,101.0500,18
2022-06-20,PB,gasolina,130.0200,18
2022-06-20,PE,diesel_s10,291.4300,39
2022-06-20,PE,etanol,214.1800,36
2022-06-20,PE,gasolina,302.5400,40
2022-06-20,PI,diesel_s10,107.2400,14
2022-06-20,PI,etanol,53.1700,9
2022-06-20,PI,gasolina,117.1400,15
2022-06-20,PR,diesel_s10,433.7400,58
2022-06-20,PR,etanol,355.5800,69
2022-06-20,PR,gasolina,486.1300,67
2022-06-20,RJ,diesel_s10,1035.1200,138
2022-06-20,RJ,etanol,1001.0400,166
2022-06-20,RJ,gasolina,1295.4700,166
2022-06-20,RO,diesel_s10,91.2900,12
2022-06-20,RO,etanol,60.9700,10
2022-06-20,RO,gasolina,118.5200,16
2022-06-20,RS,diesel_s10,876.7000,114
2022-06-20,RS,etanol,301.3500,45
2022-06-20,RS,gasolina,887.7400,121
2022-06-20,SC,diesel_s10,514.2100,68
2022-06-20,SC,etanol,286.6000,46
2022-06-20,SC,gasolina,531.6500,74
2022-06-20,SP,diesel_s10,2468.6000,328
2022-06-20,SP,etanol,1907.5700,421
2022-06-20,SP,gasolina,2913.8400,418
2022-06-20,TO,diesel_s10,112.5100,15
2022-06-20,TO,etanol,77.7500,13
2022-06-20,TO,gasolina,129.0300,17
2022-06-21,AC,diesel_s10,174.8200,21
2022-06-21,AC,etanol,91.9800,15
2022-06-21,AC,gasolina,169.9500,22
2022-06-21,AL,diesel_s10,91.4200,11
2022-06-21,AL,etanol,70.4400,11
2022-06-21,AL,gasolina,87.6900,11
2022-06-21,AM,diesel_s10,53.2300,7
2022-06-21,AM,etanol,32.9700,6
2022-06-21,AM,gasolina,58.1600,8
2022-06-21,AP,diesel_s10,30.5400,4
2022-06-21,AP,etanol,6.3900,1
2022-06-21,AP,gasolina,39.7700,6
2022-06-21,BA,diesel_s10,867.6900,107
2022-06-21,BA,etanol,750.7300,123
2022-06-21,BA,gasolina,974.4800,122
2022-06-21,CE,diesel_s10,418.6100,53
2022-06-21,CE,etanol,334.8800,53
2022-06-21,CE,gasolina,443.1500,56
2022-06-21,ES,diesel_s10,301.0800,40
2022-06-21,ES,etanol,196.5700,33
2022-06-21,ES,gasolina,324.6000,43
2022-06-21,GO,diesel_s10,91.3200,12
2022-06-21,GO,etanol,95.6600,20
2022-06-21,GO,gasolina,138.7600,19
2022-06-21,MA,diesel_s10,118.3100,15
2022-06-21,MA,etanol,60.7600,10
2022-06-21,MA,gasolina,121.9700,16
2022-06-21,MG,diesel_s10,791.9800,103
2022-06-21,MG,etanol,655.6200,132
2022-06-21,MG,gasolina,1024.0900,134
2022-06-21,MS,diesel_s10,214.8300,29
2022-06-21,MS,etanol,166.1100,33
2022-06-21,MS,gasolina,254.4500,35
2022-06-21,MT,diesel_s10,394.7100,50
2022-06-21,MT,etanol,270.9800,60
2022-06-21,MT,gasolina,430.7900,61
2022-06-21,PA,diesel_s10,242.1400,31
2022-06-21,PA,etanol,80.1100,13
2022-06-21,PA,gasolina,239.3100,32
2022-06-21,PB,diesel_s10,282.0900,37
2022-06-21,PB,etanol,190.5600,33
2022-06-21,PB,gasolina,279.2900,38
2022-06-21,PE,diesel_s10,480.5200,64
2022-06-21,PE,etanol,398.4300,67
2022-06-21,PE,gasolina,531.9800,71
2022-06-21,PI,diesel_s10,101.5300,13
2022-06-21,PI,etanol,58.3500,10
2022-06-21,PI,gasolina,112.0600,14
2022-06-21,PR,diesel_s10,664.1200,87
2022-06-21,PR,etanol,521.5500,104
2022-06-21,PR,gasolina,745.9700,103
2022-06-21,RJ,diesel_s10,861.9600,113
2022-06-21,RJ,etanol,875.8400,144
2022-06-21,RJ,gasolina,1132.0100,144
2022-06-21,RN,diesel_s10,158.1600,20
2022-06-21,RN,etanol,118.5500,19
2022-06-21,RN,gasolina,156.0100,20
2022-06-21,RO,diesel_s10,282.2300,35
2022-06-21,RO,etanol,83.9800,13
2022-06-21,RO,gasolina,291.9100,38
2022-06-21,RR,diesel_s10,39.6500,5
2022-06-21,RR,etanol,6.1000,1
2022-06-21,RR,gasolina,36.2000,5
2022-06-21,RS,diesel_s10,346.7200,46
2022-06-21,RS,etanol,93.8000,14
2022-06-21,RS,gasolina,348.2800,48
2022-06-21,SC,diesel_s10,213.9500,29
2022-06-21,SC,etanol,96.1000,16
2022-06-21,SC,gasolina,225.5900,32
2022-06-21,SE,diesel_s10,90.1000,12
2022-06-21,SE,etanol,36.8000,6
2022-06-21,SE,gasolina,88.8300,12
2022-06-21,SP,diesel_s10,1746.2900,230
2022-06-21,SP,etanol,1420.0700,310
2022-06-21,SP,gasolina,2167.5600,308
2022-06-21,TO,diesel_s10,23.1300,3
2022-06-21,TO,etanol,17.4600,3
2022-06-21,TO,gasolina,22.5800,3
2022-06-22,AC,diesel_s10,131.7000,15
2022-06-22,AC,etanol,47.3000,7
2022-06-22,AC,gasolina,120.0200,15
2022-06-22,AL,diesel_s10,70.3300,9
2022-06-22,AL,etanol,59.6100,10
2022-06-22,AL,gasolina,83.5400,11
2022-06-22,AM,diesel_s10,101.9800,13
2022-06-22,AM,etanol,82.6100,15
2022-06-22,AM,gasolina,176.1600,23
2022-06-22,AP,diesel_s10,54.4800,7
2022-06-22,AP,etanol,6.5000,1
2022-06-22,AP,gasolina,143.8700,22
2022-06-22,BA,diesel_s10,625.1800,76
2022-06-22,BA,etanol,527.9800,86
2022-06-22,BA,gasolina,688.7900,85
2022-06-22,CE,diesel_s10,838.3100,105
2022-06-22,CE,etanol,642.7100,101
2022-06-22,CE,gasolina,852.7700,108
2022-06-22,DF,diesel_s10,293.9300,38
2022-06-22,DF,etanol,276.5800,47
2022-06-22,DF,gasolina,358.4800,47
2022-06-22,ES,diesel_s10,112.3000,15
2022-06-22,ES,etanol,93.9500,16
2022-06-22,ES,gasolina,142.8700,19
2022-06-22,GO,diesel_s10,401.1000,52
2022-06-22,GO,etanol,310.3400,64
2022-06-22,GO,gasolina,471.7700,63
2022-06-22,MG,diesel_s10,657.7900,85
2022-06-22,MG,etanol,649.5600,129
2022-06-22,MG,gasolina,997.2100,130
2022-06-22,MS,diesel_s10,105.3000,14
2022-06-22,MS,etanol,87.5800,17
2022-06-22,MS,gasolina,123.6700,17
2022-06-22,MT,diesel_s10,370.9500,46
2022-06-22,MT,etanol,221.3000,49
2022-06-22,MT,gasolina,354.5300,49
2022-06-22,PA,diesel_s10,147.4900,18
2022-06-22,PA,etanol,27.1300,4
2022-06-22,PA,gasolina,163.6400,21
2022-06-22,PB,diesel_s10,31.2600,4
2022-06-22,PB,etanol,34.7100,6
2022-06-22,PB,gasolina,36.2100,5
2022-06-22,PE,diesel_s10,520.2300,69
2022-06-22,PE,etanol,412.4500,69
2022-06-22,PE,gasolina,532.4200,70
2022-06-22,PI,diesel_s10,146.8900,19
2022-06-22,PI,etanol,91.9000,16
2022-06-22,PI,gasolina,182.3700,23
2022-06-22,PR,diesel_s10,504.0800,67
2022-06-22,PR,etanol,457.2200,85
2022-06-22,PR,gasolina,629.3300,85
2022-06-22,RJ,diesel_s10,242.0800,32
2022-06-22,RJ,etanol,216.1300,35
2022-06-22,RJ,gasolina,285.3200,36
2022-06-22,RN,diesel_s10,302.0700,37
2022-06-22,RN,etanol,249.5700,39
2022-06-22,RN,gasolina,300.6100,38
2022-06-22,RO,diesel_s10,31.7200,4
2022-06-22,RO,etanol,12.9200,2
2022-06-22,RO,gasolina,29.1200,4
2022-06-22,RR,diesel_s10,63.2700,8
2022-06-22,RR,etanol,11.9800,2
2022-06-22,RR,gasolina,57.6800,8
2022-06-22,RS,diesel_s10,558.1900,75
2022-06-22,RS,etanol,147.0700,23
2022-06-22,RS,gasolina,617.0100,88
2022-06-22,SC,diesel_s10,380.0400,50
2022-06-22,SC,etanol,266.9100,44
2022-06-22,SC,gasolina,501.7400,69
2022-06-22,SE,diesel_s10,167.4600,22
2022-06-22,SE,etanol,132.2500,22
2022-06-22,SE,gasolina,176.9600,24
2022-06-22,SP,diesel_s10,2852.0500,376
2022-06-22,SP,etanol,2230.3500,496
2022-06-22,SP,gasolina,3423.4300,495
2022-06-22,TO,diesel_s10,61.2300,8
2022-06-22,TO,etanol,53.8200,9
2022-06-22,TO,gasolina,68.5700,9
2022-06-23,AC,diesel_s10,8.2800,1
2022-06-23,AC,etanol,5.8700,1
2022-06-23,AC,gasolina,7.3900,1
2022-06-23,AL,diesel_s10,31.7200,4
2022-06-23,AL,etanol,23.8000,4
2022-06-23,AL,gasolina,30.5500,4
2022-06-23,BA,diesel_s10,156.8000,19
2022-06-23,BA,etanol,115.2200,18
2022-06-23,BA,gasolina,155.7900,19
2022-06-23,CE,diesel_s10,167.3500,21
2022-06-23,CE,etanol,118.6400,19
2022-06-23,CE,gasolina,172.6100,22
2022-06-23,ES,diesel_s10,44.9400,6
2022-06-23,ES,etanol,35.4500,6
2022-06-23,ES,gasolina,59.8700,8
2022-06-23,GO,diesel_s10,136.1100,18
2022-06-23,GO,etanol,100.4900,21
2022-06-23,GO,gasolina,153.4600,21
2022-06-23,MA,diesel_s10,472.6800,61
2022-06-23,MA,etanol,253.5000,43
2022-06-23,MA,gasolina,465.2800,64
2022-06-23,MG,diesel_s10,806.2200,104
2022-06-23,MG,etanol,619.9800,124
2022-06-23,MG,gasolina,932.0800,122
2022-06-23,MS,diesel_s10,81.4500,11
2022-06-23,MS,etanol,67.7400,14
2022-06-23,MS,gasolina,97.8600,14
2022-06-23,MT,diesel_s10,197.7800,25
2022-06-23,MT,etanol,127.4700,27
2022-06-23,MT,gasolina,189.1000,27
2022-06-23,PA,diesel_s10,75.0200,9
2022-06-23,PA,gasolina,87.0900,11
2022-06-23,PB,diesel_s10,15.7300,2
2022-06-23,PB,etanol,11.2600,2
2022-06-23,PB,gasolina,14.3600,2
2022-06-23,PE,diesel_s10,7.3900,1
2022-06-23,PE,etanol,5.7800,1
2022-06-23,PE,gasolina,7.2900,1
2022-06-23,PI,diesel_s10,103.4400,13
2022-06-23,PI,etanol,74.4800,13
2022-06-23,PI,gasolina,111.5300,14
2022-06-23,PR,diesel_s10,486.6500,64
2022-06-23,PR,etanol,456.6400,86
2022-06-23,PR,gasolina,622.0800,84
2022-06-23,RJ,diesel_s10,274.2200,36
2022-06-23,RJ,etanol,293.2700,48
2022-06-23,RJ,gasolina,379.6900,48
2022-06-23,RO,diesel_s10,95.7500,12
2022-06-23,RO,etanol,65.3900,10
2022-06-23,RO,gasolina,90.5400,12
2022-06-23,RS,diesel_s10,407.2800,56
2022-06-23,RS,etanol,124.4800,20
2022-06-23,RS,gasolina,470.6300,69
2022-06-23,SC,diesel_s10,357.8500,47
2022-06-23,SC,etanol,259.4000,43
2022-06-23,SC,gasolina,401.0900,55
2022-06-23,SE,diesel_s10,58.8300,8
2022-06-23,SE,etanol,41.7900,7
2022-06-23,SE,gasolina,65.9200,9
2022-06-23,SP,diesel_s10,1462.4400,192
2022-06-23,SP,etanol,1217.6500,270
2022-06-23,SP,gasolina,1857.8500,266
2022-06-23,TO,diesel_s10,7.3900,1
2022-06-23,TO,etanol,5.9900,1
2022-06-23,TO,gasolina,7.4900,1
2022-06-24,GO,diesel_s10,7.6500,1
2022-06-24,GO,etanol,4.9500,1
2022-06-24,GO,gasolina,7.6900,1
2022-06-24,MG,diesel_s10,60.7900,8
2022-06-24,MG,etanol,40.1500,8
2022-06-24,MG,gasolina,59.9800,8
2022-06-24,PI,diesel_s10,15.6700,2
2022-06-24,PI,etanol,11.3700,2
2022-06-24,PI,gasolina,15.7600,2
2022-06-24,RJ,diesel_s10,15.6800,2
2022-06-24,RJ,etanol,25.5600,4
2022-06-24,RJ,gasolina,33.1600,4
2022-06-24,RS,diesel_s10,150.6200,20
2022-06-24,RS,etanol,45.6300,7
2022-06-24,RS,gasolina,245.0100,35
2022-06-24,SC,diesel_s10,120.7500,16
2022-06-24,SC,etanol,65.5500,11
2022-06-24,SC,gasolina,132.3600,18
2022-06-24,SP,diesel_s10,7.4900,1
2022-06-24,SP,etanol,4.4900,1
2022-06-24,SP,gasolina,7.2000,1
2022-06-27,AC,diesel_s10,100.5900,12
2022-06-27,AC,etanol,42.3100,7
2022-06-27,AC,gasolina,92.9900,12
2022-06-27,AL,diesel_s10,276.4700,35
2022-06-27,AL,etanol,230.9700,39
2022-06-27,AL,gasolina,284.9300,38
2022-06-27,AM,diesel_s10,243.6400,31
2022-06-27,AM,etanol,133.2900,24
2022-06-27,AM,gasolina,287.9000,38
2022-06-27,AP,gasolina,6.2800,1
2022-06-27,BA,diesel_s10,811.7500,99
2022-06-27,BA,etanol,658.8900,107
2022-06-27,BA,gasolina,855.3200,106
2022-06-27,CE,diesel_s10,507.8700,64
2022-06-27,CE,etanol,372.7100,60
2022-06-27,CE,gasolina,534.7600,69
2022-06-27,ES,diesel_s10,37.5300,5
2022-06-27,ES,etanol,17.0700,3
2022-06-27,ES,gasolina,44.3000,6
2022-06-27,GO,diesel_s10,469.1400,60
2022-06-27,GO,etanol,368.7600,75
2022-06-27,GO,gasolina,559.0600,75
2022-06-27,MA,diesel_s10,152.4200,19
2022-06-27,MA,etanol,73.5200,12
2022-06-27,MA,gasolina,162.5400,21
2022-06-27,MG,diesel_s10,1132.9500,147
2022-06-27,MG,etanol,986.7000,198
2022-06-27,MG,gasolina,1514.6200,200
2022-06-27,MS,diesel_s10,144.2800,19
2022-06-27,MS,etanol,113.2100,21
2022-06-27,MS,gasolina,161.6400,22
2022-06-27,MT,diesel_s10,226.6400,29
2022-06-27,MT,etanol,141.9600,34
2022-06-27,MT,gasolina,234.5900,34
2022-06-27,PA,diesel_s10,319.2100,40
2022-06-27,PA,etanol,128.2900,21
2022-06-27,PA,gasolina,335.4200,45
2022-06-27,PB,diesel_s10,261.7100,34
2022-06-27,PB,etanol,186.1200,33
2022-06-27,PB,gasolina,251.7100,35
2022-06-27,PE,diesel_s10,484.5800,65
2022-06-27,PE,etanol,354.2300,60
2022-06-27,PE,gasolina,493.2400,66
2022-06-27,PI,diesel_s10,93.9900,12
2022-06-27,PI,etanol,35.4300,6
2022-06-27,PI,gasolina,109.5600,14
2022-06-27,PR,diesel_s10,520.1500,68
2022-06-27,PR,etanol,408.8900,81
2022-06-27,PR,gasolina,577.9100,81
2022-06-27,RJ,diesel_s10,471.4700,63
2022-06-27,RJ,etanol,478.0200,82
2022-06-27,RJ,gasolina,622.0100,81
2022-06-27,RN,diesel_s10,125.9200,16
2022-06-27,RN,etanol,105.6000,17
2022-06-27,RN,gasolina,132.0800,17
2022-06-27,RO,diesel_s10,71.4200,9
2022-06-27,RO,etanol,49.0900,8
2022-06-27,RO,gasolina,79.9800,11
2022-06-27,RS,diesel_s10,608.8600,81
2022-06-27,RS,etanol,205.0400,32
2022-06-27,RS,gasolina,645.1100,91
2022-06-27,SC,diesel_s10,461.6000,61
2022-06-27,SC,etanol,253.7600,43
2022-06-27,SC,gasolina,440.6200,63
2022-06-27,SE,diesel_s10,31.1600,4
2022-06-27,SE,etanol,24.4600,4
2022-06-27,SE,gasolina,29.3600,4
2022-06-27,SP,diesel_s10,2652.1100,349
2022-06-27,SP,etanol,1978.0700,441
2022-06-27,SP,gasolina,3021.5700,439
2022-06-27,TO,diesel_s10,77.2000,10
2022-06-27,TO,etanol,53.2700,9
2022-06-27,TO,gasolina,84.4800,11
2022-06-28,AC,diesel_s10,134.2000,16
2022-06-28,AC,etanol,48.2100,8
2022-06-28,AC,gasolina,121.2800,16
2022-06-28,AM,diesel_s10,53.2000,7
2022-06-28,AM,etanol,38.5600,7
2022-06-28,AM,gasolina,65.6900,9
2022-06-28,AP,diesel_s10,7.7100,1
2022-06-28,AP,gasolina,6.4500,1
2022-06-28,BA,diesel_s10,507.2500,63
2022-06-28,BA,etanol,429.5000,71
2022-06-28,BA,gasolina,593.1200,75
2022-06-28,CE,diesel_s10,205.8200,25
2022-06-28,CE,etanol,166.3500,25
2022-06-28,CE,gasolina,200.7300,25
2022-06-28,DF,diesel_s10,193.9900,25
2022-06-28,DF,etanol,173.0500,30
2022-06-28,DF,gasolina,218.7600,30
2022-06-28,ES,diesel_s10,369.6300,49
2022-06-28,ES,etanol,274.7000,47
2022-06-28,ES,gasolina,435.0800,59
2022-06-28,GO,diesel_s10,374.3100,49
2022-06-28,GO,etanol,269.9600,59
2022-06-28,GO,gasolina,420.5700,59
2022-06-28,MA,diesel_s10,271.7100,35
2022-06-28,MA,etanol,136.8600,23
2022-06-28,MA,gasolina,286.8200,39
2022-06-28,MG,diesel_s10,706.2600,92
2022-06-28,MG,etanol,604.9500,122
2022-06-28,MG,gasolina,904.1100,121
2022-06-28,MS,diesel_s10,166.2100,22
2022-06-28,MS,etanol,119.4500,25
2022-06-28,MS,gasolina,164.4100,24
2022-06-28,MT,diesel_s10,150.9900,19
2022-06-28,MT,etanol,112.0000,24
2022-06-28,MT,gasolina,172.2600,24
2022-06-28,PA,diesel_s10,237.6100,30
2022-06-28,PA,etanol,86.7100,13
2022-06-28,PA,gasolina,245.8100,33
2022-06-28,PB,diesel_s10,167.7200,21
2022-06-28,PB,etanol,118.0800,20
2022-06-28,PB,gasolina,163.3900,22
2022-06-28,PE,diesel_s10,268.2400,36
2022-06-28,PE,etanol,224.7400,38
2022-06-28,PE,gasolina,276.0200,38
2022-06-28,PI,diesel_s10,64.3900,8
2022-06-28,PI,etanol,41.4200,7
2022-06-28,PI,gasolina,53.9100,7
2022-06-28,PR,diesel_s10,762.1100,101
2022-06-28,PR,etanol,619.1700,120
2022-06-28,PR,gasolina,841.2900,120
2022-06-28,RJ,diesel_s10,805.5600,107
2022-06-28,RJ,etanol,745.8100,127
2022-06-28,RJ,gasolina,988.8600,129
2022-06-28,RN,diesel_s10,330.1800,41
2022-06-28,RN,etanol,277.8700,44
2022-06-28,RN,gasolina,317.3100,42
2022-06-28,RO,diesel_s10,226.4700,28
2022-06-28,RO,etanol,62.5200,10
2022-06-28,RO,gasolina,238.5100,32
2022-06-28,RR,diesel_s10,31.5500,4
2022-06-28,RR,gasolina,28.0300,4
2022-06-28,RS,diesel_s10,410.5600,54
2022-06-28,RS,etanol,132.7500,21
2022-06-28,RS,gasolina,406.7500,58
2022-06-28,SC,diesel_s10,517.3400,69
2022-06-28,SC,etanol,303.4900,51
2022-06-28,SC,gasolina,530.4500,78
2022-06-28,SE,diesel_s10,73.4600,10
2022-06-28,SE,etanol,24.0600,4
2022-06-28,SE,gasolina,72.2000,10
2022-06-28,SP,diesel_s10,1952.9000,257
2022-06-28,SP,etanol,1503.7500,346
2022-06-28,SP,gasolina,2302.3500,342
2022-06-28,TO,diesel_s10,76.1600,10
2022-06-28,TO,etanol,41.1600,7
2022-06-28,TO,gasolina,75.3400,10
2022-06-29,AL,diesel_s10,95.2400,12
2022-06-29,AL,etanol,75.8600,13
2022-06-29,AL,gasolina,95.9900,13
2022-06-29,AM,diesel_s10,94.3300,12
2022-06-29,AM,etanol,70.6400,13
2022-06-29,AM,gasolina,166.5700,22
2022-06-29,AP,diesel_s10,77.2500,10
2022-06-29,AP,etanol,6.5000,1
2022-06-29,AP,gasolina,154.9000,25
2022-06-29,BA,diesel_s10,778.8800,96
2022-06-29,BA,etanol,698.9700,115
2022-06-29,BA,gasolina,850.3200,107
2022-06-29,CE,diesel_s10,676.9100,84
2022-06-29,CE,etanol,480.4300,77
2022-06-29,CE,gasolina,637.0100,84
2022-06-29,DF,diesel_s10,105.1600,14
2022-06-29,DF,etanol,94.5700,17
2022-06-29,DF,gasolina,120.1100,17
2022-06-29,ES,diesel_s10,171.3700,23
2022-06-29,ES,etanol,103.5500,18
2022-06-29,ES,gasolina,216.4000,30
2022-06-29,GO,diesel_s10,311.8500,41
2022-06-29,GO,etanol,239.2200,51
2022-06-29,GO,gasolina,348.0700,50
2022-06-29,MA,diesel_s10,55.0800,7
2022-06-29,MA,etanol,18.4900,3
2022-06-29,MA,gasolina,67.9500,9
2022-06-29,MG,diesel_s10,701.6000,91
2022-06-29,MG,etanol,628.8400,129
2022-06-29,MG,gasolina,949.1000,129
2022-06-29,MS,diesel_s10,129.1800,17
2022-06-29,MS,etanol,106.4000,21
2022-06-29,MS,gasolina,157.6600,22
2022-06-29,MT,diesel_s10,162.6200,21
2022-06-29,MT,etanol,95.0800,23
2022-06-29,MT,gasolina,156.1700,23
2022-06-29,PA,diesel_s10,196.6700,24
2022-06-29,PA,etanol,20.7900,3
2022-06-29,PA,gasolina,222.9900,28
2022-06-29,PE,diesel_s10,471.0000,63
2022-06-29,PE,etanol,350.4400,60
2022-06-29,PE,gasolina,487.4400,67
2022-06-29,PI,diesel_s10,63.0600,8
2022-06-29,PI,etanol,45.5200,8
2022-06-29,PI,gasolina,76.7900,10
2022-06-29,PR,diesel_s10,456.6200,60
2022-06-29,PR,etanol,327.1200,67
2022-06-29,PR,gasolina,440.9600,65
2022-06-29,RJ,diesel_s10,572.7200,75
2022-06-29,RJ,etanol,521.8400,87
2022-06-29,RJ,gasolina,681.8600,88
2022-06-29,RO,diesel_s10,172.8400,22
2022-06-29,RO,etanol,95.7100,15
2022-06-29,RO,gasolina,171.1000,24
2022-06-29,RR,diesel_s10,71.8000,9
2022-06-29,RR,etanol,6.3600,1
2022-06-29,RR,gasolina,62.6400,9
2022-06-29,RS,diesel_s10,575.9900,76
2022-06-29,RS,etanol,178.3800,27
2022-06-29,RS,gasolina,610.3400,88
2022-06-29,SC,diesel_s10,300.9600,39
2022-06-29,SC,etanol,200.3400,34
2022-06-29,SC,gasolina,397.7900,58
2022-06-29,SE,diesel_s10,217.8200,29
2022-06-29,SE,etanol,169.9800,29
2022-06-29,SE,gasolina,214.2600,30
2022-06-29,SP,diesel_s10,2649.8400,350
2022-06-29,SP,etanol,2061.7300,472
2022-06-29,SP,gasolina,3070.0600,465
2022-06-29,TO,diesel_s10,54.2300,7
2022-06-29,TO,etanol,40.4900,7
2022-06-29,TO,gasolina,50.6400,7
2022-06-30,AC,diesel_s10,89.7500,10
2022-06-30,AC,etanol,27.6100,4
2022-06-30,AC,gasolina,75.9700,10
2022-06-30,AL,diesel_s10,46.6600,6
2022-06-30,AL,etanol,41.9400,7
2022-06-30,AL,gasolina,52.9700,7
2022-06-30,BA,diesel_s10,244.8700,31
2022-06-30,BA,etanol,190.0900,33
2022-06-30,BA,gasolina,273.1600,36
2022-06-30,CE,diesel_s10,225.0600,29
2022-06-30,CE,etanol,180.6900,30
2022-06-30,CE,gasolina,223.5700,31
2022-06-30,ES,diesel_s10,60.9300,8
2022-06-30,ES,etanol,21.9700,4
2022-06-30,ES,gasolina,73.6400,10
2022-06-30,GO,diesel_s10,92.2500,12
2022-06-30,GO,etanol,68.8300,15
2022-06-30,GO,gasolina,108.9700,16
2022-06-30,MA,diesel_s10,423.7800,55
2022-06-30,MA,etanol,249.2700,42
2022-06-30,MA,gasolina,395.6200,56
2022-06-30,MG,diesel_s10,640.6200,83
2022-06-30,MG,etanol,516.7600,107
2022-06-30,MG,gasolina,773.8900,105
2022-06-30,MS,diesel_s10,103.3300,14
2022-06-30,MS,etanol,88.5000,19
2022-06-30,MS,gasolina,125.3400,19
2022-06-30,MT,diesel_s10,554.2300,69
2022-06-30,MT,etanol,333.5000,78
2022-06-30,MT,gasolina,540.1400,79
2022-06-30,PA,diesel_s10,109.7400,14
2022-06-30,PA,etanol,73.3500,12
2022-06-30,PA,gasolina,162.5000,22
2022-06-30,PB,diesel_s10,39.1500,5
2022-06-30,PB,etanol,29.0800,5
2022-06-30,PB,gasolina,34.8100,5
2022-06-30,PE,diesel_s10,133.2500,17
2022-06-30,PE,etanol,106.4700,17
2022-06-30,PE,gasolina,126.8400,17
2022-06-30,PI,diesel_s10,178.0000,23
2022-06-30,PI,etanol,117.1900,21
2022-06-30,PI,gasolina,184.1500,24
2022-06-30,PR,diesel_s10,423.8900,57
2022-06-30,PR,etanol,392.8400,80
2022-06-30,PR,gasolina,526.1800,79
2022-06-30,RJ,diesel_s10,402.3500,53
2022-06-30,RJ,etanol,384.1300,66
2022-06-30,RJ,gasolina,512.7200,67
2022-06-30,RO,diesel_s10,48.4600,6
2022-06-30,RO,etanol,18.8300,3
2022-06-30,RO,gasolina,44.4200,6
2022-06-30,RS,diesel_s10,698.3200,95
2022-06-30,RS,etanol,220.6900,36
2022-06-30,RS,gasolina,751.6400,114
2022-06-30,SC,diesel_s10,189.1400,25
2022-06-30,SC,etanol,106.6100,18
2022-06-30,SC,gasolina,172.1900,26
2022-06-30,SP,diesel_s10,1501.6100,198
2022-06-30,SP,etanol,1185.3100,274
2022-06-30,SP,gasolina,1756.5800,272
2022-06-30,TO,diesel_s10,60.1500,8
2022-06-30,TO,etanol,41.4500,7
2022-06-30,TO,gasolina,60.7400,8
2022-07-01,ES,diesel_s10,7.6900,1
2022-07-01,ES,etanol,5.9900,1
2022-07-01,ES,gasolina,14.7700,2
2022-07-01,GO,diesel_s10,30.3400,4
2022-07-01,GO,etanol,17.1900,4
2022-07-01,GO,gasolina,25.3600,4
2022-07-01,PI,diesel_s10,53.3800,7
2022-07-01,PI,etanol,33.3800,6
2022-07-01,PI,gasolina,53.6200,7
2022-07-01,RJ,diesel_s10,38.4300,5
2022-07-01,RJ,etanol,39.0000,6
2022-07-01,RJ,gasolina,46.3000,6
2022-07-01,SC,diesel_s10,15.2000,2
2022-07-01,SC,etanol,11.3800,2
2022-07-01,SC,gasolina,12.7200,2
2022-07-01,SP,diesel_s10,29.7600,4
2022-07-01,SP,etanol,17.1600,4
2022-07-01,SP,gasolina,26.5600,4
2022-07-04,AL,diesel_s10,213.8700,27
2022-07-04,AL,etanol,169.8200,29
2022-07-04,AL,gasolina,222.6200,31
2022-07-04,AM,diesel_s10,233.1400,30
2022-07-04,AM,etanol,135.6400,25
2022-07-04,AM,gasolina,265.3700,37
2022-07-04,AP,gasolina,22.9300,4
2022-07-04,BA,diesel_s10,574.3800,73
2022-07-04,BA,etanol,467.4400,79
2022-07-04,BA,gasolina,628.2500,83
2022-07-04,CE,diesel_s10,127.9600,15
2022-07-04,CE,etanol,91.9200,14
2022-07-04,CE,gasolina,115.0700,15
2022-07-04,ES,diesel_s10,14.9800,2
2022-07-04,ES,etanol,5.9900,1
2022-07-04,ES,gasolina,13.9800,2
2022-07-04,GO,diesel_s10,557.3000,72
2022-07-04,GO,etanol,403.0500,89
2022-07-04,GO,gasolina,553.2600,88
2022-07-04,MA,diesel_s10,308.4190,39
2022-07-04,MA,etanol,145.6300,24
2022-07-04,MA,gasolina,324.6300,44
2022-07-04,MG,diesel_s10,1169.1160,153
2022-07-04,MG,etanol,950.8960,199
2022-07-04,MG,gasolina,1400.3320,200
2022-07-04,MS,diesel_s10,52.5500,7
2022-07-04,MS,etanol,36.2000,7
2022-07-04,MS,gasolina,48.0600,7
2022-07-04,PA,diesel_s10,453.2500,58
2022-07-04,PA,etanol,168.8900,28
2022-07-04,PA,gasolina,403.2410,59
2022-07-04,PB,diesel_s10,246.4600,32
2022-07-04,PB,etanol,183.0800,33
2022-07-04,PB,gasolina,237.4900,35
2022-07-04,PE,diesel_s10,495.9600,66
2022-07-04,PE,etanol,345.8100,58
2022-07-04,PE,gasolina,487.9400,69
2022-07-04,PI,diesel_s10,125.0100,16
2022-07-04,PI,etanol,57.3600,10
2022-07-04,PI,gasolina,131.3900,18
2022-07-04,PR,diesel_s10,443.8600,58
2022-07-04,PR,etanol,342.4200,71
2022-07-04,PR,gasolina,451.9500,69
2022-07-04,RJ,diesel_s10,853.0790,113
2022-07-04,RJ,etanol,770.7880,140
2022-07-04,RJ,gasolina,945.3200,139
2022-07-04,RN,diesel_s10,39.9500,5
2022-07-04,RN,etanol,31.6000,5
2022-07-04,RN,gasolina,42.4300,6
2022-07-04,RO,diesel_s10,85.8700,11
2022-07-04,RO,etanol,24.1600,4
2022-07-04,RO,gasolina,87.4200,13
2022-07-04,RS,diesel_s10,708.7600,94
2022-07-04,RS,etanol,186.7100,30
2022-07-04,RS,gasolina,756.8100,115
2022-07-04,SC,diesel_s10,393.3840,52
2022-07-04,SC,etanol,186.4950,33
2022-07-04,SC,gasolina,331.7160,52
2022-07-04,SE,diesel_s10,127.9300,17
2022-07-04,SE,etanol,71.5700,12
2022-07-04,SE,gasolina,123.6000,18
2022-07-04,SP,diesel_s10,4158.5500,550
2022-07-04,SP,etanol,3037.2200,712
2022-07-04,SP,gasolina,4352.5800,704
2022-07-04,TO,diesel_s10,84.4300,11
2022-07-04,TO,etanol,64.5300,11
2022-07-04,TO,gasolina,95.7300,13
2022-07-05,AC,diesel_s10,140.5300,17
2022-07-05,AC,etanol,59.1900,10
2022-07-05,AC,gasolina,117.8000,17
2022-07-05,AL,diesel_s10,69.3600,9
2022-07-05,AL,etanol,51.8100,9
2022-07-05,AL,gasolina,61.4200,9
2022-07-05,AM,diesel_s10,50.7200,6
2022-07-05,AM,gasolina,79.9000,10
2022-07-05,AP,diesel_s10,23.3400,3
2022-07-05,AP,etanol,6.5000,1
2022-07-05,AP,gasolina,45.3200,8
2022-07-05,BA,diesel_s10,790.7500,101
2022-07-05,BA,etanol,636.3400,111
2022-07-05,BA,gasolina,805.9000,110
2022-07-05,CE,diesel_s10,751.8000,95
2022-07-05,CE,etanol,577.6300,96
2022-07-05,CE,gasolina,672.7800,98
2022-07-05,ES,diesel_s10,136.5900,18
2022-07-05,ES,etanol,103.3300,17
2022-07-05,ES,gasolina,146.9800,22
2022-07-05,GO,diesel_s10,29.8600,4
2022-07-05,GO,etanol,37.3100,9
2022-07-05,GO,gasolina,53.6000,9
2022-07-05,MA,diesel_s10,77.0800,10
2022-07-05,MA,etanol,30.9300,5
2022-07-05,MA,gasolina,77.8500,11
2022-07-05,MG,diesel_s10,494.4160,64
2022-07-05,MG,etanol,375.4340,79
2022-07-05,MG,gasolina,505.4850,75
2022-07-05,MS,diesel_s10,166.6100,22
2022-07-05,MS,etanol,131.4800,27
2022-07-05,MS,gasolina,177.6600,27
2022-07-05,MT,diesel_s10,425.8400,54
2022-07-05,MT,etanol,264.1500,62
2022-07-05,MT,gasolina,404.6200,62
2022-07-05,PA,diesel_s10,273.4800,34
2022-07-05,PA,etanol,103.2100,16
2022-07-05,PA,gasolina,278.3200,39
2022-07-05,PB,diesel_s10,118.6200,15
2022-07-05,PB,etanol,83.6200,14
2022-07-05,PB,gasolina,94.6400,14
2022-07-05,PE,diesel_s10,305.8400,41
2022-07-05,PE,etanol,249.2700,43
2022-07-05,PE,gasolina,315.6500,46
2022-07-05,PI,diesel_s10,177.8300,23
2022-07-05,PI,etanol,127.0500,23
2022-07-05,PI,gasolina,205.7100,28
2022-07-05,PR,diesel_s10,664.7600,88
2022-07-05,PR,etanol,475.7500,100
2022-07-05,PR,gasolina,643.4400,101
2022-07-05,RJ,diesel_s10,1049.5490,139
2022-07-05,RJ,etanol,869.1700,163
2022-07-05,RJ,gasolina,1112.1800,170
2022-07-05,RN,diesel_s10,190.5100,24
2022-07-05,RN,etanol,160.4800,26
2022-07-05,RN,gasolina,171.3000,24
2022-07-05,RO,diesel_s10,223.5470,28
2022-07-05,RO,etanol,79.9200,13
2022-07-05,RO,gasolina,213.9070,32
2022-07-05,RR,diesel_s10,31.8200,4
2022-07-05,RR,gasolina,27.1900,4
2022-07-05,RS,diesel_s10,685.3400,91
2022-07-05,RS,etanol,263.2100,41
2022-07-05,RS,gasolina,699.9900,108
2022-07-05,SC,diesel_s10,304.2050,40
2022-07-05,SC,etanol,163.2670,28
2022-07-05,SC,gasolina,280.5940,44
2022-07-05,SE,diesel_s10,149.7200,20
2022-07-05,SE,etanol,99.5500,17
2022-07-05,SE,gasolina,134.7700,20
2022-07-05,SP,diesel_s10,1491.2200,197
2022-07-05,SP,etanol,1065.7790,257
2022-07-05,SP,gasolina,1522.5200,251
2022-07-05,TO,diesel_s10,106.0800,14
2022-07-05,TO,etanol,63.0600,11
2022-07-05,TO,gasolina,96.2600,14
2022-07-06,AC,diesel_s10,33.1600,4
2022-07-06,AC,etanol,23.6900,4
2022-07-06,AC,gasolina,35.0400,5
2022-07-06,AL,diesel_s10,77.6600,10
2022-07-06,AL,etanol,66.2500,12
2022-07-06,AL,gasolina,73.9600,11
2022-07-06,AM,diesel_s10,138.7800,18
2022-07-06,AM,etanol,97.4700,18
2022-07-06,AM,gasolina,174.3000,25
2022-07-06,AP,gasolina,21.6800,4
2022-07-06,BA,diesel_s10,771.9100,98
2022-07-06,BA,etanol,675.7200,118
2022-07-06,BA,gasolina,842.1500,117
2022-07-06,CE,diesel_s10,570.2300,72
2022-07-06,CE,etanol,436.7600,71
2022-07-06,CE,gasolina,507.5900,74
2022-07-06,DF,diesel_s10,283.4700,37
2022-07-06,DF,etanol,250.6700,46
2022-07-06,DF,gasolina,294.6000,47
2022-07-06,ES,diesel_s10,103.5600,14
2022-07-06,ES,etanol,67.9890,13
2022-07-06,ES,gasolina,117.4400,19
2022-07-06,GO,diesel_s10,397.4000,52
2022-07-06,GO,etanol,249.4700,58
2022-07-06,GO,gasolina,369.2680,61
2022-07-06,MA,diesel_s10,77.1900,10
2022-07-06,MA,etanol,23.5600,4
2022-07-06,MA,gasolina,74.9500,11
2022-07-06,MG,diesel_s10,866.8530,113
2022-07-06,MG,etanol,781.0560,169
2022-07-06,MG,gasolina,1071.3760,167
2022-07-06,MS,diesel_s10,173.6100,23
2022-07-06,MS,etanol,154.1100,32
2022-07-06,MS,gasolina,206.1800,32
2022-07-06,MT,diesel_s10,413.1890,53
2022-07-06,MT,etanol,235.2700,59
2022-07-06,MT,gasolina,372.4300,59
2022-07-06,PA,diesel_s10,197.7400,24
2022-07-06,PA,etanol,33.1500,5
2022-07-06,PA,gasolina,211.6200,29
2022-07-06,PB,diesel_s10,61.1200,8
2022-07-06,PB,etanol,44.0900,8
2022-07-06,PB,gasolina,56.7900,9
2022-07-06,PE,diesel_s10,350.0600,47
2022-07-06,PE,etanol,257.9600,44
2022-07-06,PE,gasolina,338.4600,50
2022-07-06,PI,diesel_s10,70.4400,9
2022-07-06,PI,etanol,27.5100,5
2022-07-06,PI,gasolina,69.7400,10
2022-07-06,PR,diesel_s10,601.7700,80
2022-07-06,PR,etanol,475.4300,99
2022-07-06,PR,gasolina,606.0900,97
2022-07-06,RJ,diesel_s10,224.8700,29
2022-07-06,RJ,etanol,183.3700,34
2022-07-06,RJ,gasolina,218.8600,34
2022-07-06,RN,diesel_s10,230.9800,29
2022-07-06,RN,etanol,180.8500,30
2022-07-06,RN,gasolina,202.0800,29
2022-07-06,RO,diesel_s10,47.2300,6
2022-07-06,RO,etanol,18.5400,3
2022-07-06,RO,gasolina,38.8500,6
2022-07-06,RR,diesel_s10,71.6800,9
2022-07-06,RR,etanol,18.3500,3
2022-07-06,RR,gasolina,61.5600,9
2022-07-06,RS,diesel_s10,871.2100,117
2022-07-06,RS,etanol,227.0290,37
2022-07-06,RS,gasolina,809.0090,130
2022-07-06,SC,diesel_s10,420.9930,56
2022-07-06,SC,etanol,289.1910,50
2022-07-06,SC,gasolina,500.1390,80
2022-07-06,SE,diesel_s10,28.7500,4
2022-07-06,SE,etanol,34.6700,6
2022-07-06,SE,gasolina,40.1000,6
2022-07-06,SP,diesel_s10,1785.5900,236
2022-07-06,SP,etanol,1384.4900,333
2022-07-06,SP,gasolina,1948.1200,328
2022-07-07,AC,diesel_s10,122.1000,14
2022-07-07,AC,etanol,45.0800,7
2022-07-07,AC,gasolina,102.6200,14
2022-07-07,AL,diesel_s10,46.7900,6
2022-07-07,AL,etanol,41.7500,7
2022-07-07,AL,gasolina,53.3100,8
2022-07-07,AP,diesel_s10,38.4800,5
2022-07-07,AP,gasolina,43.0900,8
2022-07-07,BA,diesel_s10,64.8900,8
2022-07-07,BA,etanol,47.0000,8
2022-07-07,BA,gasolina,67.2100,9
2022-07-07,CE,diesel_s10,94.6100,12
2022-07-07,CE,etanol,59.4100,10
2022-07-07,CE,gasolina,84.1100,12
2022-07-07,ES,diesel_s10,215.8800,29
2022-07-07,ES,etanol,141.4900,27
2022-07-07,ES,gasolina,203.7600,34
2022-07-07,GO,diesel_s10,287.9600,38
2022-07-07,GO,etanol,192.7280,46
2022-07-07,GO,gasolina,278.2280,47
2022-07-07,MA,diesel_s10,414.3200,54
2022-07-07,MA,etanol,218.1190,38
2022-07-07,MA,gasolina,361.2400,55
2022-07-07,MG,diesel_s10,631.7700,82
2022-07-07,MG,etanol,537.4760,113
2022-07-07,MG,gasolina,699.5780,111
2022-07-07,MS,diesel_s10,117.8100,16
2022-07-07,MS,etanol,90.9900,20
2022-07-07,MS,gasolina,107.8400,18
2022-07-07,MT,diesel_s10,169.7700,22
2022-07-07,MT,etanol,100.0600,26
2022-07-07,MT,gasolina,156.4600,26
2022-07-07,PB,diesel_s10,30.7600,4
2022-07-07,PB,etanol,28.2200,5
2022-07-07,PB,gasolina,31.2100,5
2022-07-07,PE,diesel_s10,133.6800,18
2022-07-07,PE,etanol,108.9100,19
2022-07-07,PE,gasolina,127.5800,19
2022-07-07,PI,diesel_s10,82.9800,11
2022-07-07,PI,etanol,59.2500,11
2022-07-07,PI,gasolina,85.1400,12
2022-07-07,PR,diesel_s10,347.6500,46
2022-07-07,PR,etanol,286.2700,58
2022-07-07,PR,gasolina,342.1200,57
2022-07-07,RJ,diesel_s10,231.3300,30
2022-07-07,RJ,etanol,182.7700,35
2022-07-07,RJ,gasolina,220.9100,35
2022-07-07,RO,diesel_s10,141.0800,18
2022-07-07,RO,etanol,70.4100,11
2022-07-07,RO,gasolina,122.1900,19
2022-07-07,RS,diesel_s10,46.1400,6
2022-07-07,RS,etanol,6.0900,1
2022-07-07,RS,gasolina,40.3600,6
2022-07-07,SC,diesel_s10,399.7500,53
2022-07-07,SC,etanol,234.5800,41
2022-07-07,SC,gasolina,371.1600,60
2022-07-07,SP,diesel_s10,1128.4200,149
2022-07-07,SP,etanol,826.8100,198
2022-07-07,SP,gasolina,1194.5700,200
2022-07-07,TO,diesel_s10,59.2100,8
2022-07-07,TO,etanol,39.8800,7
2022-07-07,TO,gasolina,55.1800,8
2022-07-08,BA,diesel_s10,71.0800,9
2022-07-08,BA,etanol,49.2300,9
2022-07-08,BA,gasolina,60.0700,9
2022-07-08,ES,diesel_s10,37.6100,5
2022-07-08,ES,etanol,5.6900,1
2022-07-08,ES,gasolina,37.7400,6
2022-07-08,GO,diesel_s10,7.4900,1
2022-07-08,GO,etanol,4.0900,1
2022-07-08,GO,gasolina,5.7900,1
2022-07-08,MA,diesel_s10,15.8100,2
2022-07-08,MA,etanol,6.1000,1
2022-07-08,MA,gasolina,14.5900,2
2022-07-08,SC,diesel_s10,66.1520,9
2022-07-08,SC,etanol,16.1970,3
2022-07-08,SC,gasolina,56.2500,10
2022-07-08,SP,diesel_s10,75.4000,10
2022-07-08,SP,etanol,51.8100,13
2022-07-08,SP,gasolina,77.9200,13
2022-07-11,AL,diesel_s10,293.7500,38
2022-07-11,AL,etanol,251.3200,45
2022-07-11,AL,gasolina,285.7000,46
2022-07-11,AM,diesel_s10,262.6700,34
2022-07-11,AM,etanol,139.4900,26
2022-07-11,AM,gasolina,268.2400,40
2022-07-11,AP,gasolina,10.3600,2
2022-07-11,BA,diesel_s10,651.7700,85
2022-07-11,BA,etanol,574.8300,103
2022-07-11,BA,gasolina,667.3900,102
2022-07-11,CE,diesel_s10,158.3400,19
2022-07-11,CE,etanol,110.4100,17
2022-07-11,CE,gasolina,127.7800,18
2022-07-11,ES,diesel_s10,200.9490,27
2022-07-11,ES,etanol,139.7080,27
2022-07-11,ES,gasolina,197.2280,33
2022-07-11,GO,diesel_s10,714.0600,93
2022-07-11,GO,etanol,476.9900,108
2022-07-11,GO,gasolina,637.2500,107
2022-07-11,MA,diesel_s10,315.4400,40
2022-07-11,MA,etanol,139.8300,23
2022-07-11,MA,gasolina,310.4400,44
2022-07-11,MG,diesel_s10,1180.7660,155
2022-07-11,MG,etanol,875.5320,190
2022-07-11,MG,gasolina,1150.9500,192
2022-07-11,MS,diesel_s10,100.9200,13
2022-07-11,MS,etanol,65.8500,13
2022-07-11,MS,gasolina,105.8500,17
2022-07-11,MT,diesel_s10,270.9700,35
2022-07-11,MT,etanol,165.8900,42
2022-07-11,MT,gasolina,259.4700,43
2022-07-11,PA,diesel_s10,251.9400,32
2022-07-11,PA,etanol,81.6100,14
2022-07-11,PA,gasolina,201.7400,33
2022-07-11,PB,diesel_s10,201.2700,26
2022-07-11,PB,etanol,150.7300,27
2022-07-11,PB,gasolina,169.8400,28
2022-07-11,PE,diesel_s10,473.8780,64
2022-07-11,PE,etanol,342.0400,59
2022-07-11,PE,gasolina,436.1900,65
2022-07-11,PI,diesel_s10,167.5400,22
2022-07-11,PI,etanol,99.4400,18
2022-07-11,PI,gasolina,173.9500,25
2022-07-11,PR,diesel_s10,428.5300,57
2022-07-11,PR,etanol,316.1000,68
2022-07-11,PR,gasolina,403.4300,68
2022-07-11,RJ,diesel_s10,664.5800,88
2022-07-11,RJ,etanol,557.4900,110
2022-07-11,RJ,gasolina,677.5600,111
2022-07-11,RN,diesel_s10,70.6800,9
2022-07-11,RN,etanol,49.4600,8
2022-07-11,RN,gasolina,59.4100,9
2022-07-11,RO,diesel_s10,55.1400,7
2022-07-11,RO,etanol,18.2300,3
2022-07-11,RO,gasolina,46.8300,7
2022-07-11,RS,diesel_s10,473.0400,63
2022-07-11,RS,etanol,122.4200,20
2022-07-11,RS,gasolina,416.9500,69
2022-07-11,SC,diesel_s10,725.9910,97
2022-07-11,SC,etanol,351.3020,63
2022-07-11,SC,gasolina,597.3740,102
2022-07-11,SE,diesel_s10,236.3200,32
2022-07-11,SE,etanol,171.6900,31
2022-07-11,SE,gasolina,203.2900,33
2022-07-11,SP,diesel_s10,2418.0980,320
2022-07-11,SP,etanol,1762.8500,425
2022-07-11,SP,gasolina,2455.4980,416
2022-07-11,TO,diesel_s10,98.9700,13
2022-07-11,TO,etanol,74.3000,13
2022-07-11,TO,gasolina,106.0300,16
2022-07-12,AC,diesel_s10,158.8870,19
2022-07-12,AC,etanol,74.6000,13
2022-07-12,AC,gasolina,130.7100,20
2022-07-12,AL,diesel_s10,7.3900,1
2022-07-12,AL,etanol,5.2900,1
2022-07-12,AL,gasolina,6.3900,1
2022-07-12,AM,diesel_s10,95.9200,12
2022-07-12,AM,etanol,32.1400,6
2022-07-12,AM,gasolina,89.4900,13
2022-07-12,AP,diesel_s10,54.4000,7
2022-07-12,AP,etanol,6.0100,1
2022-07-12,AP,gasolina,111.0800,21
2022-07-12,BA,diesel_s10,642.4200,86
2022-07-12,BA,etanol,500.3900,92
2022-07-12,BA,gasolina,594.7300,93
2022-07-12,CE,diesel_s10,847.8000,108
2022-07-12,CE,etanol,646.4600,109
2022-07-12,CE,gasolina,725.2400,111
2022-07-12,DF,diesel_s10,45.2400,6
2022-07-12,DF,etanol,45.6000,9
2022-07-12,DF,gasolina,52.6800,9
2022-07-12,ES,diesel_s10,351.0220,47
2022-07-12,ES,etanol,216.9920,41
2022-07-12,ES,gasolina,336.0100,55
2022-07-12,GO,diesel_s10,336.4900,44
2022-07-12,GO,etanol,218.3200,52
2022-07-12,GO,gasolina,307.2600,53
2022-07-12,MA,diesel_s10,15.5900,2
2022-07-12,MA,etanol,6.1000,1
2022-07-12,MA,gasolina,28.0200,4
2022-07-12,MG,diesel_s10,659.5220,86
2022-07-12,MG,etanol,515.9090,112
2022-07-12,MG,gasolina,648.6320,109
2022-07-12,MS,diesel_s10,193.9100,26
2022-07-12,MS,etanol,131.9400,29
2022-07-12,MS,gasolina,163.6300,29
2022-07-12,MT,diesel_s10,316.9600,41
2022-07-12,MT,etanol,182.3300,47
2022-07-12,MT,gasolina,283.3000,47
2022-07-12,PA,diesel_s10,292.3600,37
2022-07-12,PA,etanol,98.0690,16
2022-07-12,PA,gasolina,251.6800,39
2022-07-12,PB,diesel_s10,91.0800,12
2022-07-12,PB,etanol,59.7200,11
2022-07-12,PB,gasolina,77.9100,13
2022-07-12,PE,diesel_s10,316.9200,42
2022-07-12,PE,etanol,242.0300,41
2022-07-12,PE,gasolina,300.8400,45
2022-07-12,PI,diesel_s10,259.3000,34
2022-07-12,PI,etanol,162.0100,30
2022-07-12,PI,gasolina,260.2500,38
2022-07-12,PR,diesel_s10,911.0600,121
2022-07-12,PR,etanol,663.2200,139
2022-07-12,PR,gasolina,810.5790,138
2022-07-12,RJ,diesel_s10,729.7290,96
2022-07-12,RJ,etanol,553.7000,108
2022-07-12,RJ,gasolina,681.4300,110
2022-07-12,RN,diesel_s10,234.4900,30
2022-07-12,RN,etanol,163.9800,28
2022-07-12,RN,gasolina,206.4300,31
2022-07-12,RO,diesel_s10,314.6970,40
2022-07-12,RO,etanol,101.8300,17
2022-07-12,RO,gasolina,271.8070,44
2022-07-12,RR,diesel_s10,23.6300,3
2022-07-12,RR,etanol,5.4900,1
2022-07-12,RR,gasolina,19.4100,3
2022-07-12,RS,diesel_s10,614.8600,82
2022-07-12,RS,etanol,200.2000,33
2022-07-12,RS,gasolina,527.1800,88
2022-07-12,SC,diesel_s10,157.7100,21
2022-07-12,SC,etanol,95.1000,17
2022-07-12,SC,gasolina,123.0400,21
2022-07-12,SE,diesel_s10,72.9900,10
2022-07-12,SE,etanol,22.1100,4
2022-07-12,SE,gasolina,60.9000,10
2022-07-12,SP,diesel_s10,1720.3790,227
2022-07-12,SP,etanol,1194.0100,289
2022-07-12,SP,gasolina,1693.9300,286
2022-07-12,TO,diesel_s10,89.5900,12
2022-07-12,TO,etanol,47.8000,9
2022-07-12,TO,gasolina,74.0400,12
2022-07-13,AC,diesel_s10,142.2800,17
2022-07-13,AC,etanol,40.0300,7
2022-07-13,AC,gasolina,110.1700,17
2022-07-13,AL,diesel_s10,30.5600,4
2022-07-13,AL,etanol,27.7200,5
2022-07-13,AL,gasolina,32.1000,5
2022-07-13,AM,diesel_s10,102.2500,13
2022-07-13,AM,etanol,54.4400,10
2022-07-13,AM,gasolina,137.9680,20
2022-07-13,AP,diesel_s10,7.6200,1
2022-07-13,AP,gasolina,5.3800,1
2022-07-13,BA,diesel_s10,596.8600,78
2022-07-13,BA,etanol,503.5400,92
2022-07-13,BA,gasolina,562.7100,88
2022-07-13,CE,diesel_s10,289.9700,37
2022-07-13,CE,etanol,206.4000,34
2022-07-13,CE,gasolina,269.0700,40
2022-07-13,DF,diesel_s10,243.6300,32
2022-07-13,DF,etanol,196.6900,38
2022-07-13,DF,gasolina,224.4700,38
2022-07-13,ES,diesel_s10,44.3900,6
2022-07-13,ES,etanol,31.8000,6
2022-07-13,ES,gasolina,42.7890,7
2022-07-13,GO,diesel_s10,101.1670,13
2022-07-13,GO,etanol,74.5000,17
2022-07-13,GO,gasolina,106.1800,18
2022-07-13,MA,diesel_s10,145.2090,19
2022-07-13,MA,etanol,61.2800,11
2022-07-13,MA,gasolina,133.5100,20
2022-07-13,MG,diesel_s10,883.7300,116
2022-07-13,MG,etanol,749.5000,164
2022-07-13,MG,gasolina,947.4080,161
2022-07-13,MS,diesel_s10,134.7700,18
2022-07-13,MS,etanol,106.2500,23
2022-07-13,MS,gasolina,128.9900,23
2022-07-13,MT,diesel_s10,56.5100,7
2022-07-13,MT,etanol,30.4700,7
2022-07-13,MT,gasolina,43.7900,7
2022-07-13,PA,diesel_s10,203.0000,25
2022-07-13,PA,etanol,39.7000,6
2022-07-13,PA,gasolina,180.3400,27
2022-07-13,PB,diesel_s10,114.0300,15
2022-07-13,PB,etanol,66.7700,12
2022-07-13,PB,gasolina,89.9700,15
2022-07-13,PE,diesel_s10,297.3000,40
2022-07-13,PE,etanol,215.2980,37
2022-07-13,PE,gasolina,274.4400,41
2022-07-13,PI,diesel_s10,39.6100,5
2022-07-13,PI,etanol,11.3800,2
2022-07-13,PI,gasolina,34.2500,5
2022-07-13,PR,diesel_s10,564.6800,75
2022-07-13,PR,etanol,453.3900,96
2022-07-13,PR,gasolina,562.4400,96
2022-07-13,RJ,diesel_s10,529.4900,69
2022-07-13,RJ,etanol,415.0100,83
2022-07-13,RJ,gasolina,502.0700,83
2022-07-13,RN,diesel_s10,119.7400,15
2022-07-13,RN,etanol,130.2200,22
2022-07-13,RN,gasolina,111.2400,17
2022-07-13,RO,diesel_s10,62.7100,8
2022-07-13,RO,etanol,46.3300,8
2022-07-13,RO,gasolina,58.6700,10
2022-07-13,RR,diesel_s10,79.7900,10
2022-07-13,RR,etanol,11.0800,2
2022-07-13,RR,gasolina,62.7200,10
2022-07-13,RS,diesel_s10,520.4700,69
2022-07-13,RS,etanol,167.7390,28
2022-07-13,RS,gasolina,468.9400,77
2022-07-13,SC,diesel_s10,89.7600,12
2022-07-13,SC,etanol,38.5100,7
2022-07-13,SC,gasolina,95.2700,16
2022-07-13,SE,diesel_s10,7.7900,1
2022-07-13,SE,etanol,5.3900,1
2022-07-13,SE,gasolina,6.0900,1
2022-07-13,SP,diesel_s10,3463.6200,459
2022-07-13,SP,etanol,2580.0600,626
2022-07-13,SP,gasolina,3611.1500,620
2022-07-14,AL,diesel_s10,54.0900,7
2022-07-14,AL,etanol,28.5100,5
2022-07-14,AL,gasolina,44.5400,7
2022-07-14,BA,diesel_s10,307.5700,40
2022-07-14,BA,etanol,233.8000,43
2022-07-14,BA,gasolina,282.9400,44
2022-07-14,CE,diesel_s10,250.9900,32
2022-07-14,CE,etanol,193.5300,31
2022-07-14,CE,gasolina,215.0600,33
2022-07-14,ES,diesel_s10,68.2800,9
2022-07-14,ES,etanol,22.8600,4
2022-07-14,ES,gasolina,55.7900,9
2022-07-14,GO,diesel_s10,165.2900,22
2022-07-14,GO,etanol,114.6980,28
2022-07-14,GO,gasolina,159.5580,28
2022-07-14,MA,diesel_s10,367.5900,48
2022-07-14,MA,etanol,209.6890,37
2022-07-14,MA,gasolina,320.5900,50
2022-07-14,MG,diesel_s10,564.7300,73
2022-07-14,MG,etanol,428.9100,92
2022-07-14,MG,gasolina,532.2890,89
2022-07-14,MS,diesel_s10,95.2300,13
2022-07-14,MS,etanol,81.2300,18
2022-07-14,MS,gasolina,98.6700,18
2022-07-14,MT,diesel_s10,451.2400,57
2022-07-14,MT,etanol,253.5400,63
2022-07-14,MT,gasolina,378.4300,63
2022-07-14,PA,diesel_s10,140.6300,18
2022-07-14,PA,etanol,69.6200,12
2022-07-14,PA,gasolina,144.3900,24
2022-07-14,PB,diesel_s10,37.7500,5
2022-07-14,PB,etanol,37.8800,7
2022-07-14,PB,gasolina,41.2200,7
2022-07-14,PE,diesel_s10,201.0680,27
2022-07-14,PE,etanol,173.3400,30
2022-07-14,PE,gasolina,217.9500,33
2022-07-14,PR,diesel_s10,258.6340,34
2022-07-14,PR,etanol,208.0000,45
2022-07-14,PR,gasolina,260.4100,44
2022-07-14,RJ,diesel_s10,374.1000,50
2022-07-14,RJ,etanol,289.9400,59
2022-07-14,RJ,gasolina,361.8600,61
2022-07-14,RO,diesel_s10,62.3000,8
2022-07-14,RO,etanol,36.1400,6
2022-07-14,RO,gasolina,53.7000,9
2022-07-14,RS,diesel_s10,359.4000,49
2022-07-14,RS,etanol,96.1100,17
2022-07-14,RS,gasolina,334.6200,57
2022-07-14,SC,diesel_s10,304.0960,40
2022-07-14,SC,etanol,209.6490,38
2022-07-14,SC,gasolina,383.2070,64
2022-07-14,SP,diesel_s10,1149.4500,153
2022-07-14,SP,etanol,754.5700,184
2022-07-14,SP,gasolina,1084.8900,186
2022-07-14,TO,diesel_s10,58.6500,8
2022-07-14,TO,etanol,38.4300,7
2022-07-14,TO,gasolina,51.4300,8
2022-07-15,PA,diesel_s10,7.3900,1
2022-07-15,PA,etanol,5.1900,1
2022-07-15,PA,gasolina,5.6500,1
2022-07-15,RJ,diesel_s10,38.2300,5
2022-07-15,RJ,etanol,44.7200,8
2022-07-15,RJ,gasolina,52.7200,8
2022-07-15,RS,diesel_s10,145.6600,20
2022-07-15,RS,etanol,45.1200,8
2022-07-15,RS,gasolina,165.4500,28
2022-07-15,SC,diesel_s10,31.4600,4
2022-07-15,SC,etanol,16.7400,3
2022-07-15,SC,gasolina,35.7700,6
2022-07-18,AC,diesel_s10,24.2500,3
2022-07-18,AC,etanol,16.9400,3
2022-07-18,AC,gasolina,18.2700,3
2022-07-18,AL,diesel_s10,217.7500,29
2022-07-18,AL,etanol,179.8500,34
2022-07-18,AL,gasolina,192.3300,32
2022-07-18,AM,diesel_s10,325.4300,42
2022-07-18,AM,etanol,165.3500,32
2022-07-18,AM,gasolina,316.0400,51
2022-07-18,AP,diesel_s10,7.6200,1
2022-07-18,AP,gasolina,5.3800,1
2022-07-18,BA,diesel_s10,468.7100,62
2022-07-18,BA,etanol,390.9300,73
2022-07-18,BA,gasolina,461.0700,74
2022-07-18,CE,diesel_s10,99.6600,12
2022-07-18,CE,etanol,76.0700,12
2022-07-18,CE,gasolina,73.1900,11
2022-07-18,ES,diesel_s10,245.1390,33
2022-07-18,ES,etanol,184.5660,37
2022-07-18,ES,gasolina,242.4850,41
2022-07-18,GO,diesel_s10,483.8400,63
2022-07-18,GO,etanol,341.8000,78
2022-07-18,GO,gasolina,436.6300,75
2022-07-18,MA,diesel_s10,339.0590,43
2022-07-18,MA,etanol,136.4070,23
2022-07-18,MA,gasolina,321.7050,47
2022-07-18,MG,diesel_s10,692.9700,91
2022-07-18,MG,etanol,538.8100,119
2022-07-18,MG,gasolina,680.7000,117
2022-07-18,MS,diesel_s10,166.7700,22
2022-07-18,MS,etanol,125.2100,26
2022-07-18,MS,gasolina,178.9700,30
2022-07-18,MT,diesel_s10,255.8900,33
2022-07-18,MT,etanol,160.4800,42
2022-07-18,MT,gasolina,249.9700,43
2022-07-18,PA,diesel_s10,405.9900,52
2022-07-18,PA,etanol,156.1300,27
2022-07-18,PA,gasolina,333.9300,55
2022-07-18,PB,diesel_s10,153.0100,20
2022-07-18,PB,etanol,94.1000,18
2022-07-18,PB,gasolina,117.1800,20
2022-07-18,PE,diesel_s10,401.7400,54
2022-07-18,PE,etanol,274.2400,47
2022-07-18,PE,gasolina,364.9600,55
2022-07-18,PI,diesel_s10,53.0700,7
2022-07-18,PI,etanol,27.8100,5
2022-07-18,PI,gasolina,58.1900,9
2022-07-18,PR,diesel_s10,487.9800,64
2022-07-18,PR,etanol,349.0600,75
2022-07-18,PR,gasolina,436.9800,74
2022-07-18,RJ,diesel_s10,451.5600,60
2022-07-18,RJ,etanol,366.0400,74
2022-07-18,RJ,gasolina,445.2100,74
2022-07-18,RN,diesel_s10,62.6900,8
2022-07-18,RN,etanol,35.9200,6
2022-07-18,RN,gasolina,51.1900,8
2022-07-18,RO,diesel_s10,77.3900,10
2022-07-18,RO,etanol,23.2200,4
2022-07-18,RO,gasolina,56.7900,10
2022-07-18,RS,diesel_s10,505.2200,67
2022-07-18,RS,etanol,175.2100,29
2022-07-18,RS,gasolina,416.0600,70
2022-07-18,SC,diesel_s10,396.8830,53
2022-07-18,SC,etanol,204.7030,38
2022-07-18,SC,gasolina,326.6300,56
2022-07-18,SP,diesel_s10,3447.3500,458
2022-07-18,SP,etanol,2390.9900,584
2022-07-18,SP,gasolina,3318.6600,575
2022-07-18,TO,diesel_s10,111.6700,15
2022-07-18,TO,etanol,70.2200,13
2022-07-18,TO,gasolina,106.4100,17
2022-07-19,AC,diesel_s10,160.4000,20
2022-07-19,AC,etanol,54.8800,10
2022-07-19,AC,gasolina,119.7600,20
2022-07-19,AL,diesel_s10,41.9100,5
2022-07-19,AL,etanol,32.7700,5
2022-07-19,AL,gasolina,34.3700,5
2022-07-19,AM,diesel_s10,33.5400,4
2022-07-19,AM,gasolina,27.9200,4
2022-07-19,AP,diesel_s10,15.7200,2
2022-07-19,AP,etanol,6.0100,1
2022-07-19,AP,gasolina,16.4600,3
2022-07-19,BA,diesel_s10,758.6900,101
2022-07-19,BA,etanol,570.5100,105
2022-07-19,BA,gasolina,669.7100,106
2022-07-19,CE,diesel_s10,551.4700,71
2022-07-19,CE,etanol,397.4800,70
2022-07-19,CE,gasolina,451.7800,74
2022-07-19,ES,diesel_s10,231.7960,31
2022-07-19,ES,etanol,131.4170,24
2022-07-19,ES,gasolina,202.8460,33
2022-07-19,GO,diesel_s10,39.4400,5
2022-07-19,GO,etanol,21.4500,5
2022-07-19,GO,gasolina,28.1200,5
2022-07-19,MA,diesel_s10,218.8000,29
2022-07-19,MA,etanol,110.8700,20
2022-07-19,MA,gasolina,183.1300,30
2022-07-19,MG,diesel_s10,1281.9640,169
2022-07-19,MG,etanol,961.9810,213
2022-07-19,MG,gasolina,1234.7810,213
2022-07-19,MS,diesel_s10,74.9900,10
2022-07-19,MS,etanol,49.9700,11
2022-07-19,MS,gasolina,62.5900,11
2022-07-19,MT,diesel_s10,369.3400,48
2022-07-19,MT,etanol,201.8100,53
2022-07-19,MT,gasolina,310.2800,53
2022-07-19,PA,diesel_s10,214.6800,27
2022-07-19,PA,etanol,70.3600,12
2022-07-19,PA,gasolina,204.6800,34
2022-07-19,PB,diesel_s10,121.8800,16
2022-07-19,PB,etanol,69.8100,13
2022-07-19,PB,gasolina,93.9100,16
2022-07-19,PE,diesel_s10,273.0600,37
2022-07-19,PE,etanol,215.8700,38
2022-07-19,PE,gasolina,249.0600,40
2022-07-19,PI,diesel_s10,86.5000,11
2022-07-19,PI,etanol,36.8400,7
2022-07-19,PI,gasolina,74.9700,12
2022-07-19,PR,diesel_s10,655.2600,87
2022-07-19,PR,etanol,471.4400,104
2022-07-19,PR,gasolina,603.0100,104
2022-07-19,RJ,diesel_s10,769.1200,102
2022-07-19,RJ,etanol,693.1200,138
2022-07-19,RJ,gasolina,850.5700,140
2022-07-19,RN,diesel_s10,196.4300,25
2022-07-19,RN,etanol,159.2900,27
2022-07-19,RN,gasolina,164.1800,26
2022-07-19,RO,diesel_s10,219.1170,28
2022-07-19,RO,etanol,58.9000,10
2022-07-19,RO,gasolina,181.3770,30
2022-07-19,RR,diesel_s10,63.2100,8
2022-07-19,RR,etanol,16.6700,3
2022-07-19,RR,gasolina,50.0100,8
2022-07-19,RS,diesel_s10,398.0500,53
2022-07-19,RS,etanol,122.7890,20
2022-07-19,RS,gasolina,328.1200,56
2022-07-19,SC,diesel_s10,323.4140,44
2022-07-19,SC,etanol,152.3370,28
2022-07-19,SC,gasolina,271.9470,48
2022-07-19,SE,diesel_s10,247.3800,34
2022-07-19,SE,etanol,149.6200,29
2022-07-19,SE,gasolina,213.7000,37
2022-07-19,SP,diesel_s10,1593.8200,211
2022-07-19,SP,etanol,1138.3800,282
2022-07-19,SP,gasolina,1621.6600,280
2022-07-19,TO,diesel_s10,45.0000,6
2022-07-19,TO,etanol,30.1000,6
2022-07-19,TO,gasolina,36.1000,6
2022-07-20,AC,diesel_s10,127.0500,15
2022-07-20,AC,etanol,56.7100,10
2022-07-20,AC,gasolina,105.5000,16
2022-07-20,AL,diesel_s10,141.7500,19
2022-07-20,AL,etanol,106.8200,21
2022-07-20,AL,gasolina,123.7000,21
2022-07-20,AM,diesel_s10,77.0600,10
2022-07-20,AM,etanol,49.7500,10
2022-07-20,AM,gasolina,118.7280,18
2022-07-20,AP,diesel_s10,53.7900,7
2022-07-20,AP,etanol,5.6900,1
2022-07-20,AP,gasolina,125.7600,24
2022-07-20,BA,diesel_s10,763.7500,101
2022-07-20,BA,etanol,626.7500,119
2022-07-20,BA,gasolina,690.2900,113
2022-07-20,CE,diesel_s10,461.5500,59
2022-07-20,CE,etanol,341.8800,58
2022-07-20,CE,gasolina,384.4300,61
2022-07-20,DF,diesel_s10,303.4700,40
2022-07-20,DF,etanol,230.1100,47
2022-07-20,DF,gasolina,264.0000,47
2022-07-20,ES,diesel_s10,52.6670,7
2022-07-20,ES,etanol,19.7870,4
2022-07-20,ES,gasolina,54.8870,9
2022-07-20,GO,diesel_s10,615.1700,81
2022-07-20,GO,etanol,394.4500,95
2022-07-20,GO,gasolina,534.5900,94
2022-07-20,MA,diesel_s10,306.3200,40
2022-07-20,MA,etanol,126.4600,23
2022-07-20,MA,gasolina,236.6900,39
2022-07-20,MG,diesel_s10,935.8620,123
2022-07-20,MG,etanol,802.7450,177
2022-07-20,MG,gasolina,1002.1480,173
2022-07-20,MS,diesel_s10,127.9800,17
2022-07-20,MS,etanol,104.4700,23
2022-07-20,MS,gasolina,128.9000,23
2022-07-20,MT,diesel_s10,47.8200,6
2022-07-20,MT,etanol,21.2100,5
2022-07-20,MT,gasolina,37.5800,6
2022-07-20,PA,diesel_s10,225.7200,28
2022-07-20,PA,etanol,54.2300,9
2022-07-20,PA,gasolina,203.4100,31
2022-07-20,PB,diesel_s10,83.6900,11
2022-07-20,PB,etanol,72.3000,13
2022-07-20,PB,gasolina,65.7400,11
2022-07-20,PE,diesel_s10,596.6780,81
2022-07-20,PE,etanol,453.7400,81
2022-07-20,PE,gasolina,506.8100,83
2022-07-20,PI,diesel_s10,311.2800,41
2022-07-20,PI,etanol,188.2800,37
2022-07-20,PI,gasolina,284.7780,46
2022-07-20,PR,diesel_s10,754.5200,102
2022-07-20,PR,etanol,576.3900,123
2022-07-20,PR,gasolina,710.1100,123
2022-07-20,RJ,diesel_s10,504.9600,66
2022-07-20,RJ,etanol,415.4300,82
2022-07-20,RJ,gasolina,502.2980,83
2022-07-20,RN,diesel_s10,188.4100,24
2022-07-20,RN,etanol,153.4300,27
2022-07-20,RN,gasolina,152.7800,24
2022-07-20,RO,diesel_s10,156.4000,20
2022-07-20,RO,etanol,63.7400,11
2022-07-20,RO,gasolina,135.5200,22
2022-07-20,RR,diesel_s10,39.6800,5
2022-07-20,RR,etanol,17.0700,3
2022-07-20,RR,gasolina,31.2500,5
2022-07-20,RS,diesel_s10,872.6500,116
2022-07-20,RS,etanol,266.3900,45
2022-07-20,RS,gasolina,847.1100,145
2022-07-20,SC,diesel_s10,355.7700,47
2022-07-20,SC,etanol,148.1600,27
2022-07-20,SC,gasolina,294.0700,50
2022-07-20,SE,diesel_s10,49.4900,7
2022-07-20,SE,etanol,36.2100,7
2022-07-20,SE,gasolina,45.8300,8
2022-07-20,SP,diesel_s10,2705.7500,359
2022-07-20,SP,etanol,1996.8600,495
2022-07-20,SP,gasolina,2832.7180,494
2022-07-20,TO,diesel_s10,88.2600,12
2022-07-20,TO,etanol,58.7900,11
2022-07-20,TO,gasolina,74.0800,12
2022-07-21,BA,diesel_s10,240.8330,32
2022-07-21,BA,etanol,159.7000,31
2022-07-21,BA,gasolina,200.1400,33
2022-07-21,CE,diesel_s10,383.9000,50
2022-07-21,CE,etanol,271.1000,49
2022-07-21,CE,gasolina,316.4100,52
2022-07-21,ES,diesel_s10,102.0100,14
2022-07-21,ES,etanol,77.9800,16
2022-07-21,ES,gasolina,112.1600,19
2022-07-21,GO,diesel_s10,216.3910,29
2022-07-21,GO,etanol,152.0990,37
2022-07-21,GO,gasolina,214.3090,38
2022-07-21,MA,diesel_s10,91.4500,12
2022-07-21,MA,etanol,44.1900,8
2022-07-21,MA,gasolina,73.0800,12
2022-07-21,MG,diesel_s10,327.0400,42
2022-07-21,MG,etanol,233.0300,51
2022-07-21,MG,gasolina,307.3200,52
2022-07-21,MS,diesel_s10,160.7200,22
2022-07-21,MS,etanol,105.5200,24
2022-07-21,MS,gasolina,124.2700,23
2022-07-21,MT,diesel_s10,411.3300,52
2022-07-21,MT,etanol,222.7900,55
2022-07-21,MT,gasolina,325.1100,55
2022-07-21,PA,diesel_s10,39.1000,5
2022-07-21,PA,gasolina,29.6100,5
2022-07-21,PB,diesel_s10,81.8200,11
2022-07-21,PB,etanol,65.7700,13
2022-07-21,PB,gasolina,73.9900,13
2022-07-21,PE,diesel_s10,14.5800,2
2022-07-21,PE,etanol,11.1800,2
2022-07-21,PE,gasolina,11.9800,2
2022-07-21,PR,diesel_s10,262.7700,35
2022-07-21,PR,etanol,239.5200,50
2022-07-21,PR,gasolina,284.8000,50
2022-07-21,RJ,diesel_s10,587.3000,78
2022-07-21,RJ,etanol,447.9200,91
2022-07-21,RJ,gasolina,557.3600,94
2022-07-21,RO,diesel_s10,62.2100,8
2022-07-21,RO,etanol,34.9000,6
2022-07-21,RO,gasolina,52.2200,9
2022-07-21,RS,diesel_s10,504.8400,70
2022-07-21,RS,etanol,150.9000,28
2022-07-21,RS,gasolina,491.5600,87
2022-07-21,SC,diesel_s10,399.7900,53
2022-07-21,SC,etanol,281.5540,52
2022-07-21,SC,gasolina,456.3480,77
2022-07-21,SP,diesel_s10,1005.4900,134
2022-07-21,SP,etanol,737.7000,185
2022-07-21,SP,gasolina,1051.8700,185
2022-07-21,TO,diesel_s10,14.6400,2
2022-07-21,TO,etanol,10.9900,2
2022-07-21,TO,gasolina,12.8200,2
2022-07-22,GO,diesel_s10,53.5100,7
2022-07-22,GO,etanol,27.8300,7
2022-07-22,GO,gasolina,39.2300,7
2022-07-22,SC,diesel_s10,52.4300,7
2022-07-22,SC,etanol,37.0100,7
2022-07-22,SC,gasolina,59.3600,10
2022-07-25,AC,diesel_s10,94.8500,12
2022-07-25,AC,etanol,30.9600,6
2022-07-25,AC,gasolina,71.6500,12
2022-07-25,AL,diesel_s10,161.3200,21
2022-07-25,AL,etanol,131.8500,25
2022-07-25,AL,gasolina,160.5600,27
2022-07-25,AM,diesel_s10,284.3600,37
2022-07-25,AM,etanol,163.0000,33
2022-07-25,AM,gasolina,273.3200,46
2022-07-25,AP,diesel_s10,46.4300,6
2022-07-25,AP,etanol,5.9600,1
2022-07-25,AP,gasolina,68.7900,13
2022-07-25,BA,diesel_s10,583.1600,77
2022-07-25,BA,etanol,462.5400,88
2022-07-25,BA,gasolina,532.9400,88
2022-07-25,CE,diesel_s10,780.3700,100
2022-07-25,CE,etanol,555.8500,99
2022-07-25,CE,gasolina,613.4900,101
2022-07-25,ES,diesel_s10,148.8200,20
2022-07-25,ES,etanol,103.1200,21
2022-07-25,ES,gasolina,145.9600,25
2022-07-25,GO,diesel_s10,500.0000,66
2022-07-25,GO,etanol,316.6600,75
2022-07-25,GO,gasolina,420.7200,75
2022-07-25,MA,diesel_s10,282.0700,36
2022-07-25,MA,etanol,138.4700,24
2022-07-25,MA,gasolina,253.3200,41
2022-07-25,MG,diesel_s10,1080.8540,143
2022-07-25,MG,etanol,793.2030,181
2022-07-25,MG,gasolina,1036.7830,182
2022-07-25,MS,diesel_s10,119.6300,16
2022-07-25,MS,etanol,99.1600,21
2022-07-25,MS,gasolina,137.2000,24
2022-07-25,MT,diesel_s10,192.8000,25
2022-07-25,MT,etanol,131.2500,33
2022-07-25,MT,gasolina,193.0500,33
2022-07-25,PA,diesel_s10,307.3100,39
2022-07-25,PA,etanol,89.7400,16
2022-07-25,PA,gasolina,261.2500,43
2022-07-25,PB,diesel_s10,255.6900,34
2022-07-25,PB,etanol,163.7500,32
2022-07-25,PB,gasolina,200.3700,35
2022-07-25,PE,diesel_s10,480.6180,66
2022-07-25,PE,etanol,370.1080,67
2022-07-25,PE,gasolina,417.8100,71
2022-07-25,PI,diesel_s10,180.0400,24
2022-07-25,PI,etanol,106.5100,21
2022-07-25,PI,gasolina,150.1390,25
2022-07-25,PR,diesel_s10,432.1200,58
2022-07-25,PR,etanol,295.2100,65
2022-07-25,PR,gasolina,378.8600,66
2022-07-25,RJ,diesel_s10,526.0600,69
2022-07-25,RJ,etanol,440.9900,87
2022-07-25,RJ,gasolina,517.9000,86
2022-07-25,RN,diesel_s10,243.0700,31
2022-07-25,RN,etanol,172.9000,30
2022-07-25,RN,gasolina,194.7300,31
2022-07-25,RO,diesel_s10,115.8900,15
2022-07-25,RO,etanol,27.3500,5
2022-07-25,RO,gasolina,94.3100,16
2022-07-25,RS,diesel_s10,752.0190,100
2022-07-25,RS,etanol,217.8300,37
2022-07-25,RS,gasolina,582.4600,101
2022-07-25,SC,diesel_s10,588.6590,79
2022-07-25,SC,etanol,289.9990,56
2022-07-25,SC,gasolina,462.3210,81
2022-07-25,SE,diesel_s10,190.5700,26
2022-07-25,SE,etanol,125.1000,25
2022-07-25,SE,gasolina,139.7880,25
2022-07-25,SP,diesel_s10,3106.6000,414
2022-07-25,SP,etanol,2157.7500,542
2022-07-25,SP,gasolina,3035.3190,537
2022-07-25,TO,diesel_s10,186.3200,25
2022-07-25,TO,etanol,115.5100,22
2022-07-25,TO,gasolina,163.3800,27
2022-07-26,AC,diesel_s10,48.5000,6
2022-07-26,AC,etanol,16.1700,3
2022-07-26,AC,gasolina,35.7600,6
2022-07-26,AL,diesel_s10,109.0300,14
2022-07-26,AL,etanol,80.4200,15
2022-07-26,AL,gasolina,96.0700,16
2022-07-26,AM,diesel_s10,32.9300,4
2022-07-26,AM,etanol,4.8900,1
2022-07-26,AM,gasolina,26.7500,4
2022-07-26,AP,diesel_s10,53.8700,7
2022-07-26,AP,etanol,5.6900,1
2022-07-26,AP,gasolina,82.4980,16
2022-07-26,BA,diesel_s10,659.5400,90
2022-07-26,BA,etanol,513.6700,101
2022-07-26,BA,gasolina,624.6000,104
2022-07-26,CE,diesel_s10,360.1100,47
2022-07-26,CE,etanol,251.2500,45
2022-07-26,CE,gasolina,284.9000,47
2022-07-26,DF,diesel_s10,272.2390,36
2022-07-26,DF,etanol,197.0700,40
2022-07-26,DF,gasolina,236.4100,40
2022-07-26,ES,diesel_s10,139.5600,19
2022-07-26,ES,etanol,90.0500,18
2022-07-26,ES,gasolina,140.7900,24
2022-07-26,GO,diesel_s10,420.6500,55
2022-07-26,GO,etanol,310.7200,74
2022-07-26,GO,gasolina,408.9100,72
2022-07-26,MA,diesel_s10,45.0000,6
2022-07-26,MA,etanol,27.3300,5
2022-07-26,MA,gasolina,42.3300,7
2022-07-26,MG,diesel_s10,782.3700,103
2022-07-26,MG,etanol,582.9100,136
2022-07-26,MG,gasolina,754.9200,134
2022-07-26,MS,diesel_s10,103.7400,14
2022-07-26,MS,etanol,70.4900,16
2022-07-26,MS,gasolina,86.8880,16
2022-07-26,MT,diesel_s10,340.6200,44
2022-07-26,MT,etanol,187.5300,47
2022-07-26,MT,gasolina,276.9400,48
2022-07-26,PA,diesel_s10,351.2400,45
2022-07-26,PA,etanol,92.0000,16
2022-07-26,PA,gasolina,284.2600,48
2022-07-26,PB,diesel_s10,83.3100,11
2022-07-26,PB,etanol,70.9000,13
2022-07-26,PB,gasolina,71.1300,12
2022-07-26,PE,diesel_s10,174.3600,24
2022-07-26,PE,etanol,123.8400,23
2022-07-26,PE,gasolina,126.9100,22
2022-07-26,PI,diesel_s10,273.2500,36
2022-07-26,PI,etanol,138.1100,28
2022-07-26,PI,gasolina,224.9080,38
2022-07-26,PR,diesel_s10,735.2500,99
2022-07-26,PR,etanol,538.6600,119
2022-07-26,PR,gasolina,673.8990,119
2022-07-26,RJ,diesel_s10,1096.5200,146
2022-07-26,RJ,etanol,898.5700,184
2022-07-26,RJ,gasolina,1099.4000,187
2022-07-26,RO,diesel_s10,130.8780,17
2022-07-26,RO,etanol,32.9400,6
2022-07-26,RO,gasolina,108.0980,19
2022-07-26,RR,diesel_s10,47.3600,6
2022-07-26,RR,etanol,5.5900,1
2022-07-26,RR,gasolina,35.7000,6
2022-07-26,RS,diesel_s10,261.3700,35
2022-07-26,RS,etanol,75.5700,13
2022-07-26,RS,gasolina,219.4400,39
2022-07-26,SC,diesel_s10,241.3680,33
2022-07-26,SC,etanol,115.0180,21
2022-07-26,SC,gasolina,212.5820,38
2022-07-26,SE,diesel_s10,77.3600,11
2022-07-26,SE,etanol,21.3400,4
2022-07-26,SE,gasolina,61.2500,11
2022-07-26,SP,diesel_s10,1657.3300,222
2022-07-26,SP,etanol,1162.0600,295
2022-07-26,SP,gasolina,1622.8400,290
2022-07-26,TO,diesel_s10,80.3600,11
2022-07-26,TO,etanol,55.9100,11
2022-07-26,TO,gasolina,71.6600,12
2022-07-27,AC,diesel_s10,89.0300,11
2022-07-27,AC,etanol,41.1400,8
2022-07-27,AC,gasolina,65.8900,11
2022-07-27,AL,diesel_s10,104.0800,14
2022-07-27,AL,etanol,76.4800,15
2022-07-27,AL,gasolina,93.3200,16
2022-07-27,AM,diesel_s10,116.4000,15
2022-07-27,AM,etanol,58.1500,12
2022-07-27,AM,gasolina,146.4070,23
2022-07-27,BA,diesel_s10,831.7200,110
2022-07-27,BA,etanol,619.9600,121
2022-07-27,BA,gasolina,709.0700,118
2022-07-27,CE,diesel_s10,267.2700,35
2022-07-27,CE,etanol,197.2000,35
2022-07-27,CE,gasolina,225.8100,37
2022-07-27,DF,diesel_s10,29.8500,4
2022-07-27,DF,etanol,33.7100,7
2022-07-27,DF,gasolina,41.2900,7
2022-07-27,ES,diesel_s10,223.5900,30
2022-07-27,ES,etanol,151.0600,30
2022-07-27,ES,gasolina,211.4000,36
2022-07-27,GO,diesel_s10,227.2800,30
2022-07-27,GO,etanol,143.7400,35
2022-07-27,GO,gasolina,188.4400,34
2022-07-27,MA,diesel_s10,94.8000,12
2022-07-27,MA,etanol,17.7500,3
2022-07-27,MA,gasolina,79.1170,13
2022-07-27,MG,diesel_s10,863.3140,114
2022-07-27,MG,etanol,720.3600,173
2022-07-27,MG,gasolina,952.5130,171
2022-07-27,MS,diesel_s10,123.6100,16
2022-07-27,MS,etanol,104.3900,22
2022-07-27,MS,gasolina,120.6900,21
2022-07-27,MT,diesel_s10,252.9900,33
2022-07-27,MT,etanol,154.5700,40
2022-07-27,MT,gasolina,226.0300,40
2022-07-27,PA,diesel_s10,157.6800,20
2022-07-27,PA,etanol,40.2900,7
2022-07-27,PA,gasolina,139.3400,23
2022-07-27,PB,diesel_s10,67.8900,9
2022-07-27,PB,etanol,43.5100,8
2022-07-27,PB,gasolina,52.1000,9
2022-07-27,PE,diesel_s10,562.3700,76
2022-07-27,PE,etanol,405.3800,73
2022-07-27,PE,gasolina,503.1200,84
2022-07-27,PI,diesel_s10,23.3100,3
2022-07-27,PI,gasolina,29.8800,5
2022-07-27,PR,diesel_s10,641.8600,86
2022-07-27,PR,etanol,499.7200,111
2022-07-27,PR,gasolina,613.3200,109
2022-07-27,RJ,diesel_s10,449.3800,60
2022-07-27,RJ,etanol,359.0000,75
2022-07-27,RJ,gasolina,437.3000,76
2022-07-27,RN,diesel_s10,178.7600,23
2022-07-27,RN,etanol,150.9800,27
2022-07-27,RN,gasolina,154.3700,25
2022-07-27,RO,diesel_s10,180.9080,23
2022-07-27,RO,etanol,79.8000,14
2022-07-27,RO,gasolina,166.3290,28
2022-07-27,RR,diesel_s10,55.2000,7
2022-07-27,RR,etanol,11.0800,2
2022-07-27,RR,gasolina,41.6500,7
2022-07-27,RS,diesel_s10,1130.0600,154
2022-07-27,RS,etanol,293.5000,53
2022-07-27,RS,gasolina,1028.3400,183
2022-07-27,SC,diesel_s10,251.8040,33
2022-07-27,SC,etanol,184.1480,35
2022-07-27,SC,gasolina,307.7080,53
2022-07-27,SE,diesel_s10,48.6700,7
2022-07-27,SE,etanol,35.3790,7
2022-07-27,SE,gasolina,38.4600,7
2022-07-27,SP,diesel_s10,2463.1200,327
2022-07-27,SP,etanol,1693.6980,430
2022-07-27,SP,gasolina,2386.5890,427
2022-07-28,AC,diesel_s10,87.8800,10
2022-07-28,AC,etanol,17.8300,3
2022-07-28,AC,gasolina,68.1200,10
2022-07-28,AM,diesel_s10,8.2900,1
2022-07-28,AM,gasolina,6.9990,1
2022-07-28,BA,diesel_s10,68.6400,9
2022-07-28,BA,etanol,56.3800,10
2022-07-28,BA,gasolina,56.7600,9
2022-07-28,CE,diesel_s10,115.7400,15
2022-07-28,CE,etanol,78.2200,14
2022-07-28,CE,gasolina,95.4900,16
2022-07-28,ES,diesel_s10,66.4700,9
2022-07-28,ES,etanol,44.1700,9
2022-07-28,ES,gasolina,57.4300,10
2022-07-28,GO,diesel_s10,281.0680,37
2022-07-28,GO,etanol,189.8690,44
2022-07-28,GO,gasolina,250.1890,44
2022-07-28,MA,diesel_s10,300.1600,40
2022-07-28,MA,etanol,148.8700,29
2022-07-28,MA,gasolina,229.2100,41
2022-07-28,MG,diesel_s10,437.3000,57
2022-07-28,MG,etanol,314.6100,71
2022-07-28,MG,gasolina,394.5600,68
2022-07-28,MS,diesel_s10,165.9800,23
2022-07-28,MS,etanol,116.3500,27
2022-07-28,MS,gasolina,141.5200,27
2022-07-28,MT,diesel_s10,237.8600,30
2022-07-28,MT,etanol,126.1200,31
2022-07-28,MT,gasolina,181.8700,31
2022-07-28,PA,diesel_s10,53.7800,7
2022-07-28,PA,etanol,20.9300,4
2022-07-28,PA,gasolina,57.9100,10
2022-07-28,PB,diesel_s10,37.0500,5
2022-07-28,PB,etanol,35.0300,7
2022-07-28,PB,gasolina,39.6400,7
2022-07-28,PE,diesel_s10,44.3500,6
2022-07-28,PE,etanol,28.3800,5
2022-07-28,PE,gasolina,36.5300,6
2022-07-28,PR,diesel_s10,314.0500,42
2022-07-28,PR,etanol,227.5500,51
2022-07-28,PR,gasolina,287.0000,51
2022-07-28,RJ,diesel_s10,288.3400,38
2022-07-28,RJ,etanol,215.1000,44
2022-07-28,RJ,gasolina,267.4880,46
2022-07-28,RO,diesel_s10,62.3000,8
2022-07-28,RO,etanol,34.0900,6
2022-07-28,RO,gasolina,50.0700,9
2022-07-28,RS,diesel_s10,132.9200,18
2022-07-28,RS,etanol,34.7000,6
2022-07-28,RS,gasolina,152.2790,27
2022-07-28,SC,diesel_s10,312.5100,42
2022-07-28,SC,etanol,132.9090,26
2022-07-28,SC,gasolina,263.6490,47
2022-07-28,SP,diesel_s10,1608.1000,214
2022-07-28,SP,etanol,1060.1200,274
2022-07-28,SP,gasolina,1539.2300,273
2022-07-29,BA,diesel_s10,28.4500,4
2022-07-29,BA,etanol,29.6700,6
2022-07-29,BA,gasolina,29.9700,5
2022-07-29,MA,diesel_s10,45.3000,6
2022-07-29,MA,etanol,15.6300,3
2022-07-29,MA,gasolina,34.3600,6
2022-07-29,MG,diesel_s10,7.1900,1
2022-07-29,MG,etanol,3.9900,1
2022-07-29,MG,gasolina,5.3800,1
2022-07-29,MT,diesel_s10,8.8700,1
2022-07-29,MT,etanol,8.2400,2
2022-07-29,MT,gasolina,12.2400,2
2022-07-29,RS,diesel_s10,51.3700,7
2022-07-29,RS,etanol,16.0700,3
2022-07-29,RS,gasolina,50.2700,9
2022-07-29,SP,diesel_s10,22.9100,3
2022-07-29,SP,etanol,11.2600,3
2022-07-29,SP,gasolina,16.8200,3
2022-08-01,AL,diesel_s10,400.7400,53
2022-08-01,AL,etanol,310.8100,60
2022-08-01,AL,gasolina,345.7100,59
2022-08-01,AM,diesel_s10,252.5300,33
2022-08-01,AM,etanol,136.5100,28
2022-08-01,AM,gasolina,236.3200,40
2022-08-01,AP,diesel_s10,31.2300,4
2022-08-01,AP,gasolina,31.0200,6
2022-08-01,BA,diesel_s10,684.3900,92
2022-08-01,BA,etanol,528.6300,105
2022-08-01,BA,gasolina,626.1700,106
2022-08-01,CE,diesel_s10,560.0600,72
2022-08-01,CE,etanol,393.3700,71
2022-08-01,CE,gasolina,442.4300,74
2022-08-01,ES,diesel_s10,172.3000,23
2022-08-01,ES,etanol,93.6290,19
2022-08-01,ES,gasolina,138.8490,24
2022-08-01,GO,diesel_s10,519.2300,68
2022-08-01,GO,etanol,348.6700,81
2022-08-01,GO,gasolina,441.6700,78
2022-08-01,MA,diesel_s10,132.1700,17
2022-08-01,MA,etanol,88.4400,16
2022-08-01,MA,gasolina,110.8700,19
2022-08-01,MG,diesel_s10,998.2450,133
2022-08-01,MG,etanol,732.7720,173
2022-08-01,MG,gasolina,961.1220,173
2022-08-01,MS,diesel_s10,68.0800,9
2022-08-01,MS,etanol,43.5400,9
2022-08-01,MS,gasolina,51.9400,9
2022-08-01,MT,diesel_s10,291.7700,38
2022-08-01,MT,etanol,169.0300,44
2022-08-01,MT,gasolina,248.7400,44
2022-08-01,PA,diesel_s10,304.0200,39
2022-08-01,PA,etanol,109.4000,20
2022-08-01,PA,gasolina,230.6400,40
2022-08-01,PB,diesel_s10,199.6800,27
2022-08-01,PB,etanol,144.5300,29
2022-08-01,PB,gasolina,167.1100,30
2022-08-01,PE,diesel_s10,445.8580,61
2022-08-01,PE,etanol,316.2600,58
2022-08-01,PE,gasolina,370.8100,63
2022-08-01,PR,diesel_s10,763.0100,103
2022-08-01,PR,etanol,542.1400,124
2022-08-01,PR,gasolina,679.8900,123
2022-08-01,RJ,diesel_s10,512.8900,68
2022-08-01,RJ,etanol,382.7300,79
2022-08-01,RJ,gasolina,451.6400,78
2022-08-01,RN,diesel_s10,202.7100,26
2022-08-01,RN,etanol,143.0800,25
2022-08-01,RN,gasolina,158.8300,26
2022-08-01,RO,diesel_s10,76.5400,10
2022-08-01,RO,etanol,20.6200,4
2022-08-01,RO,gasolina,65.2400,12
2022-08-01,RS,diesel_s10,496.9800,67
2022-08-01,RS,etanol,164.4400,29
2022-08-01,RS,gasolina,392.4100,70
2022-08-01,SC,diesel_s10,683.9040,92
2022-08-01,SC,etanol,338.4250,67
2022-08-01,SC,gasolina,562.2920,99
2022-08-01,SE,diesel_s10,69.6900,10
2022-08-01,SE,etanol,20.3000,4
2022-08-01,SE,gasolina,54.1800,10
2022-08-01,SP,diesel_s10,3489.2380,467
2022-08-01,SP,etanol,2289.5590,585
2022-08-01,SP,gasolina,3176.7640,574
2022-08-01,TO,diesel_s10,112.5700,15
2022-08-01,TO,etanol,75.5300,15
2022-08-01,TO,gasolina,100.0900,17
2022-08-02,AC,diesel_s10,120.1000,15
2022-08-02,AC,etanol,51.5800,10
2022-08-02,AC,gasolina,99.8500,17
2022-08-02,AM,diesel_s10,103.0400,13
2022-08-02,AM,etanol,35.3700,7
2022-08-02,AM,gasolina,100.6200,16
2022-08-02,AP,diesel_s10,53.8700,7
2022-08-02,AP,etanol,5.9600,1
2022-08-02,AP,gasolina,66.3300,13
2022-08-02,BA,diesel_s10,610.4200,83
2022-08-02,BA,etanol,473.6200,93
2022-08-02,BA,gasolina,533.3500,90
2022-08-02,CE,diesel_s10,496.5300,65
2022-08-02,CE,etanol,346.7800,65
2022-08-02,CE,gasolina,381.1200,66
2022-08-02,DF,diesel_s10,159.7300,21
2022-08-02,DF,etanol,117.1300,24
2022-08-02,DF,gasolina,134.8900,24
2022-08-02,ES,diesel_s10,297.3240,40
2022-08-02,ES,etanol,173.2650,35
2022-08-02,ES,gasolina,254.3530,44
2022-08-02,GO,diesel_s10,149.6000,20
2022-08-02,GO,etanol,125.3900,30
2022-08-02,GO,gasolina,163.7800,30
2022-08-02,MA,diesel_s10,157.6700,20
2022-08-02,MA,etanol,27.6700,5
2022-08-02,MA,gasolina,144.7500,24
2022-08-02,MG,diesel_s10,1035.1600,136
2022-08-02,MG,etanol,721.2400,173
2022-08-02,MG,gasolina,941.7200,170
2022-08-02,MS,diesel_s10,111.9000,15
2022-08-02,MS,etanol,72.2700,16
2022-08-02,MS,gasolina,88.7000,16
2022-08-02,MT,diesel_s10,254.7600,33
2022-08-02,MT,etanol,143.2800,37
2022-08-02,MT,gasolina,210.8200,37
2022-08-02,PA,diesel_s10,289.7400,37
2022-08-02,PA,etanol,64.3100,11
2022-08-02,PA,gasolina,262.9500,44
2022-08-02,PB,diesel_s10,143.0600,19
2022-08-02,PB,etanol,85.8100,16
2022-08-02,PB,gasolina,102.8000,18
2022-08-02,PE,diesel_s10,226.7100,31
2022-08-02,PE,etanol,176.0580,33
2022-08-02,PE,gasolina,193.3300,34
2022-08-02,PI,diesel_s10,205.4100,27
2022-08-02,PI,etanol,100.4300,20
2022-08-02,PI,gasolina,169.0000,29
2022-08-02,PR,diesel_s10,399.9200,54
2022-08-02,PR,etanol,318.4000,72
2022-08-02,PR,gasolina,396.2500,71
2022-08-02,RJ,diesel_s10,1230.3900,165
2022-08-02,RJ,etanol,973.8700,200
2022-08-02,RJ,gasolina,1190.4700,206
2022-08-02,RN,diesel_s10,178.2900,23
2022-08-02,RN,etanol,133.9400,24
2022-08-02,RN,gasolina,130.7100,22
2022-08-02,RO,diesel_s10,211.0880,27
2022-08-02,RO,etanol,77.7800,14
2022-08-02,RO,gasolina,179.4270,31
2022-08-02,RR,diesel_s10,31.5000,4
2022-08-02,RR,gasolina,23.3700,4
2022-08-02,RS,diesel_s10,644.3500,86
2022-08-02,RS,etanol,209.2000,37
2022-08-02,RS,gasolina,585.5000,105
2022-08-02,SC,diesel_s10,142.8840,20
2022-08-02,SC,etanol,82.4210,16
2022-08-02,SC,gasolina,128.8180,24
2022-08-02,SE,diesel_s10,221.5300,31
2022-08-02,SE,etanol,149.0500,30
2022-08-02,SE,gasolina,170.3100,31
2022-08-02,SP,diesel_s10,2257.3300,302
2022-08-02,SP,etanol,1581.3000,406
2022-08-02,SP,gasolina,2202.3600,401
2022-08-02,TO,diesel_s10,138.8100,19
2022-08-02,TO,etanol,77.9800,15
2022-08-02,TO,gasolina,113.0400,19
2022-08-03,AM,diesel_s10,94.1900,12
2022-08-03,AM,etanol,57.9400,12
2022-08-03,AM,gasolina,121.2780,20
2022-08-03,AP,diesel_s10,22.8000,3
2022-08-03,AP,gasolina,49.9700,10
2022-08-03,BA,diesel_s10,582.4900,79
2022-08-03,BA,etanol,464.4000,93
2022-08-03,BA,gasolina,550.3900,94
2022-08-03,CE,diesel_s10,282.0900,37
2022-08-03,CE,etanol,191.8600,35
2022-08-03,CE,gasolina,218.8100,37
2022-08-03,DF,diesel_s10,139.2700,19
2022-08-03,DF,etanol,109.4600,23
2022-08-03,DF,gasolina,128.6300,23
2022-08-03,ES,diesel_s10,161.7690,22
2022-08-03,ES,etanol,94.8390,20
2022-08-03,ES,gasolina,170.6190,30
2022-08-03,GO,diesel_s10,325.2600,43
2022-08-03,GO,etanol,180.3100,45
2022-08-03,GO,gasolina,241.0700,45
2022-08-03,MA,diesel_s10,91.4200,12
2022-08-03,MA,etanol,41.3300,7
2022-08-03,MA,gasolina,78.7900,13
2022-08-03,MG,diesel_s10,747.0740,99
2022-08-03,MG,etanol,576.1270,138
2022-08-03,MG,gasolina,757.6580,137
2022-08-03,MS,diesel_s10,195.0400,26
2022-08-03,MS,etanol,142.2700,32
2022-08-03,MS,gasolina,187.7500,34
2022-08-03,MT,diesel_s10,162.2500,21
2022-08-03,MT,etanol,82.2900,22
2022-08-03,MT,gasolina,124.6400,22
2022-08-03,PA,diesel_s10,244.7900,31
2022-08-03,PA,etanol,43.8700,8
2022-08-03,PA,gasolina,201.6200,34
2022-08-03,PB,diesel_s10,37.3500,5
2022-08-03,PB,etanol,24.6300,5
2022-08-03,PB,gasolina,27.9300,5
2022-08-03,PE,diesel_s10,523.7900,72
2022-08-03,PE,etanol,359.2780,67
2022-08-03,PE,gasolina,426.8400,74
2022-08-03,PI,diesel_s10,180.6600,24
2022-08-03,PI,etanol,101.1000,21
2022-08-03,PI,gasolina,156.6100,27
2022-08-03,PR,diesel_s10,478.3500,65
2022-08-03,PR,etanol,353.8100,79
2022-08-03,PR,gasolina,434.5200,78
2022-08-03,RJ,diesel_s10,523.9980,69
2022-08-03,RJ,etanol,362.2900,75
2022-08-03,RJ,gasolina,432.6280,75
2022-08-03,RN,diesel_s10,53.5300,7
2022-08-03,RN,etanol,53.3900,10
2022-08-03,RN,gasolina,46.0000,8
2022-08-03,RO,diesel_s10,108.5090,14
2022-08-03,RO,etanol,31.0300,6
2022-08-03,RO,gasolina,83.0990,14
2022-08-03,RR,diesel_s10,71.0600,9
2022-08-03,RR,etanol,16.5300,3
2022-08-03,RR,gasolina,52.5600,9
2022-08-03,RS,diesel_s10,200.6000,27
2022-08-03,RS,etanol,45.3200,8
2022-08-03,RS,gasolina,170.5800,31
2022-08-03,SC,diesel_s10,231.1710,31
2022-08-03,SC,etanol,65.9390,12
2022-08-03,SC,gasolina,190.3850,34
2022-08-03,SE,diesel_s10,6.9400,1
2022-08-03,SE,etanol,4.9800,1
2022-08-03,SE,gasolina,5.4900,1
2022-08-03,SP,diesel_s10,1781.7800,237
2022-08-03,SP,etanol,1315.0200,337
2022-08-03,SP,gasolina,1835.9800,336
2022-08-04,AC,diesel_s10,175.8600,21
2022-08-04,AC,etanol,53.9600,10
2022-08-04,AC,gasolina,133.4100,21
2022-08-04,BA,diesel_s10,295.7300,41
2022-08-04,BA,etanol,190.2600,40
2022-08-04,BA,gasolina,227.6600,39
2022-08-04,CE,diesel_s10,156.6800,21
2022-08-04,CE,etanol,100.6600,19
2022-08-04,CE,gasolina,120.5400,21
2022-08-04,ES,diesel_s10,59.0700,8
2022-08-04,ES,etanol,33.6400,7
2022-08-04,ES,gasolina,56.8400,10
2022-08-04,GO,diesel_s10,360.9200,48
2022-08-04,GO,etanol,249.6080,62
2022-08-04,GO,gasolina,343.2280,63
2022-08-04,MA,diesel_s10,478.8800,64
2022-08-04,MA,etanol,235.5900,47
2022-08-04,MA,gasolina,365.9400,67
2022-08-04,MG,diesel_s10,490.1700,65
2022-08-04,MG,etanol,336.0300,80
2022-08-04,MG,gasolina,423.8900,76
2022-08-04,MS,diesel_s10,122.5700,17
2022-08-04,MS,etanol,77.5200,19
2022-08-04,MS,gasolina,92.7600,18
2022-08-04,MT,diesel_s10,276.2700,36
2022-08-04,MT,etanol,151.9400,42
2022-08-04,MT,gasolina,233.8300,43
2022-08-04,PA,diesel_s10,31.3800,4
2022-08-04,PA,etanol,27.8600,5
2022-08-04,PA,gasolina,41.1800,7
2022-08-04,PB,diesel_s10,59.6700,8
2022-08-04,PB,etanol,44.6200,9
2022-08-04,PB,gasolina,50.1500,9
2022-08-04,PE,diesel_s10,95.4900,13
2022-08-04,PE,etanol,64.8400,13
2022-08-04,PE,gasolina,85.4400,15
2022-08-04,PI,diesel_s10,74.0900,10
2022-08-04,PI,etanol,47.5000,10
2022-08-04,PI,gasolina,68.2900,12
2022-08-04,PR,diesel_s10,486.1000,66
2022-08-04,PR,etanol,341.3700,76
2022-08-04,PR,gasolina,424.3000,76
2022-08-04,RJ,diesel_s10,250.8700,33
2022-08-04,RJ,etanol,180.9300,38
2022-08-04,RJ,gasolina,219.8600,39
2022-08-04,RO,diesel_s10,100.7390,13
2022-08-04,RO,etanol,56.7400,10
2022-08-04,RO,gasolina,75.5200,13
2022-08-04,RS,diesel_s10,727.7100,101
2022-08-04,RS,etanol,164.1190,31
2022-08-04,RS,gasolina,680.3040,127
2022-08-04,SC,diesel_s10,455.2990,61
2022-08-04,SC,etanol,262.6860,52
2022-08-04,SC,gasolina,460.4720,83
2022-08-04,SE,diesel_s10,14.5800,2
2022-08-04,SE,etanol,9.9800,2
2022-08-04,SE,gasolina,10.9800,2
2022-08-04,SP,diesel_s10,1067.8300,143
2022-08-04,SP,etanol,793.9500,206
2022-08-04,SP,gasolina,1117.4500,203
2022-08-04,TO,diesel_s10,57.7000,8
2022-08-04,TO,etanol,36.0400,7
2022-08-04,TO,gasolina,47.1800,8
2022-08-05,CE,diesel_s10,39.6500,5
2022-08-05,CE,etanol,21.7600,4
2022-08-05,CE,gasolina,30.1500,5
2022-08-05,ES,diesel_s10,14.5980,2
2022-08-05,ES,etanol,9.4480,2
2022-08-05,ES,gasolina,11.1480,2
2022-08-05,MG,diesel_s10,7.5900,1
2022-08-05,MG,etanol,4.2900,1
2022-08-05,MG,gasolina,5.4300,1
2022-08-05,PR,diesel_s10,22.2800,3
2022-08-05,PR,etanol,12.8200,3
2022-08-05,PR,gasolina,17.3200,3
2022-08-05,RS,diesel_s10,7.6600,1
2022-08-05,RS,etanol,5.9400,1
2022-08-05,RS,gasolina,11.7800,2
2022-08-05,SC,diesel_s10,7.5500,1
2022-08-05,SC,gasolina,5.8400,1
2022-08-05,SP,diesel_s10,23.0500,3
2022-08-05,SP,etanol,11.3000,3
2022-08-05,SP,gasolina,16.9400,3
2022-08-08,AC,diesel_s10,102.5800,13
2022-08-08,AC,etanol,29.8600,6
2022-08-08,AC,gasolina,76.3100,13
2022-08-08,AL,diesel_s10,239.6700,33
2022-08-08,AL,etanol,180.1700,36
2022-08-08,AL,gasolina,195.3900,35
2022-08-08,AM,diesel_s10,282.1200,37
2022-08-08,AM,etanol,155.2400,32
2022-08-08,AM,gasolina,262.7400,46
2022-08-08,AP,gasolina,4.9300,1
2022-08-08,BA,diesel_s10,507.6400,69
2022-08-08,BA,etanol,414.2100,82
2022-08-08,BA,gasolina,479.4100,82
2022-08-08,CE,diesel_s10,496.2000,65
2022-08-08,CE,etanol,341.5000,63
2022-08-08,CE,gasolina,379.6600,65
2022-08-08,ES,diesel_s10,204.5450,28
2022-08-08,ES,etanol,105.8950,22
2022-08-08,ES,gasolina,175.5150,31
2022-08-08,GO,diesel_s10,599.5400,80
2022-08-08,GO,etanol,377.7800,91
2022-08-08,GO,gasolina,483.7000,89
2022-08-08,MA,diesel_s10,293.8500,38
2022-08-08,MA,etanol,108.0700,20
2022-08-08,MA,gasolina,247.8700,42
2022-08-08,MG,diesel_s10,821.1540,111
2022-08-08,MG,etanol,632.9310,151
2022-08-08,MG,gasolina,837.4010,151
2022-08-08,MS,diesel_s10,75.6600,10
2022-08-08,MS,etanol,61.6500,13
2022-08-08,MS,gasolina,94.1700,16
2022-08-08,MT,diesel_s10,128.6200,17
2022-08-08,MT,etanol,82.1100,22
2022-08-08,MT,gasolina,122.7600,22
2022-08-08,PA,diesel_s10,232.1900,30
2022-08-08,PA,etanol,51.8600,10
2022-08-08,PA,gasolina,190.9200,34
2022-08-08,PB,diesel_s10,285.4200,39
2022-08-08,PB,etanol,205.2800,41
2022-08-08,PB,gasolina,239.5900,43
2022-08-08,PE,diesel_s10,443.0480,62
2022-08-08,PE,etanol,299.6800,58
2022-08-08,PE,gasolina,349.1700,62
2022-08-08,PI,diesel_s10,51.3800,7
2022-08-08,PI,etanol,33.9800,7
2022-08-08,PI,gasolina,45.6900,8
2022-08-08,PR,diesel_s10,550.3300,76
2022-08-08,PR,etanol,362.9800,84
2022-08-08,PR,gasolina,462.4200,84
2022-08-08,RJ,diesel_s10,700.7700,94
2022-08-08,RJ,etanol,583.6500,120
2022-08-08,RJ,gasolina,685.8000,119
2022-08-08,RN,diesel_s10,169.1200,22
2022-08-08,RN,etanol,94.8900,17
2022-08-08,RN,gasolina,132.3200,22
2022-08-08,RS,diesel_s10,700.2000,95
2022-08-08,RS,etanol,202.8200,35
2022-08-08,RS,gasolina,529.4400,95
2022-08-08,SC,diesel_s10,512.0070,70
2022-08-08,SC,etanol,243.1390,48
2022-08-08,SC,gasolina,394.5630,71
2022-08-08,SP,diesel_s10,1703.6200,232
2022-08-08,SP,etanol,1184.1300,307
2022-08-08,SP,gasolina,1647.3400,306
2022-08-08,TO,diesel_s10,132.7700,18
2022-08-08,TO,etanol,85.8000,17
2022-08-08,TO,gasolina,117.5300,20
2022-08-09,AL,diesel_s10,25.3500,3
2022-08-09,AL,etanol,17.9400,3
2022-08-09,AL,gasolina,19.5600,3
2022-08-09,AM,diesel_s10,94.5900,12
2022-08-09,AM,etanol,33.3200,7
2022-08-09,AM,gasolina,85.1000,14
2022-08-09,AP,diesel_s10,45.3200,6
2022-08-09,AP,gasolina,105.0800,21
2022-08-09,BA,diesel_s10,562.6800,80
2022-08-09,BA,etanol,442.0000,91
2022-08-09,BA,gasolina,521.2500,91
2022-08-09,CE,diesel_s10,83.0900,11
2022-08-09,CE,etanol,55.3200,10
2022-08-09,CE,gasolina,65.3200,11
2022-08-09,DF,diesel_s10,208.5200,28
2022-08-09,DF,etanol,157.8600,33
2022-08-09,DF,gasolina,179.9800,33
2022-08-09,ES,diesel_s10,246.7600,34
2022-08-09,ES,etanol,156.6070,32
2022-08-09,ES,gasolina,216.8870,38
2022-08-09,GO,diesel_s10,216.6900,29
2022-08-09,GO,etanol,132.5100,32
2022-08-09,GO,gasolina,176.4800,32
2022-08-09,MA,diesel_s10,7.1900,1
2022-08-09,MA,gasolina,5.8800,1
2022-08-09,MG,diesel_s10,743.8590,99
2022-08-09,MG,etanol,512.9980,124
2022-08-09,MG,gasolina,684.2980,124
2022-08-09,MS,diesel_s10,88.4300,12
2022-08-09,MS,etanol,60.9800,14
2022-08-09,MS,gasolina,80.0500,15
2022-08-09,MT,diesel_s10,77.5300,10
2022-08-09,MT,etanol,42.8500,11
2022-08-09,MT,gasolina,62.8800,11
2022-08-09,PA,diesel_s10,347.0200,45
2022-08-09,PA,etanol,121.1000,22
2022-08-09,PA,gasolina,305.3100,52
2022-08-09,PB,diesel_s10,74.4700,10
2022-08-09,PB,etanol,59.0700,12
2022-08-09,PB,gasolina,66.9700,12
2022-08-09,PE,diesel_s10,340.1200,48
2022-08-09,PE,etanol,266.6880,51
2022-08-09,PE,gasolina,304.2000,54
2022-08-09,PI,diesel_s10,172.4300,23
2022-08-09,PI,etanol,74.6100,15
2022-08-09,PI,gasolina,138.6900,24
2022-08-09,PR,diesel_s10,350.0900,48
2022-08-09,PR,etanol,219.5400,52
2022-08-09,PR,gasolina,279.2600,51
2022-08-09,RJ,diesel_s10,860.7900,116
2022-08-09,RJ,etanol,667.7700,139
2022-08-09,RJ,gasolina,804.0000,141
2022-08-09,RN,diesel_s10,78.9700,10
2022-08-09,RN,etanol,63.8100,12
2022-08-09,RN,gasolina,55.8800,10
2022-08-09,RO,diesel_s10,238.0980,31
2022-08-09,RO,etanol,55.4700,10
2022-08-09,RO,gasolina,198.9870,35
2022-08-09,RR,diesel_s10,30.7500,4
2022-08-09,RR,etanol,5.4900,1
2022-08-09,RR,gasolina,23.3600,4
2022-08-09,RS,diesel_s10,435.3900,59
2022-08-09,RS,etanol,140.8900,24
2022-08-09,RS,gasolina,338.7900,60
2022-08-09,SC,diesel_s10,162.4640,23
2022-08-09,SC,etanol,68.7100,13
2022-08-09,SC,gasolina,129.0860,24
2022-08-09,SE,diesel_s10,110.3700,16
2022-08-09,SE,etanol,45.0400,9
2022-08-09,SE,gasolina,85.3300,16
2022-08-09,SP,diesel_s10,2737.0800,372
2022-08-09,SP,etanol,1831.1580,476
2022-08-09,SP,gasolina,2524.9280,467
2022-08-09,TO,diesel_s10,21.8700,3
2022-08-09,TO,etanol,13.9000,3
2022-08-09,TO,gasolina,16.8700,3
2022-08-10,AC,diesel_s10,125.8000,16
2022-08-10,AC,etanol,50.2700,10
2022-08-10,AC,gasolina,92.6300,16
2022-08-10,AL,diesel_s10,118.7900,16
2022-08-10,AL,etanol,94.4700,19
2022-08-10,AL,gasolina,119.8800,21
2022-08-10,AM,diesel_s10,63.2800,8
2022-08-10,AM,etanol,28.7100,6
2022-08-10,AM,gasolina,87.3690,14
2022-08-10,AP,diesel_s10,22.9200,3
2022-08-10,AP,gasolina,20.5700,4
2022-08-10,BA,diesel_s10,715.8300,100
2022-08-10,BA,etanol,558.9100,115
2022-08-10,BA,gasolina,635.5400,111
2022-08-10,CE,diesel_s10,956.0100,128
2022-08-10,CE,etanol,627.4800,121
2022-08-10,CE,gasolina,741.6900,132
2022-08-10,DF,diesel_s10,64.7500,9
2022-08-10,DF,etanol,64.0300,14
2022-08-10,DF,gasolina,74.5200,14
2022-08-10,ES,diesel_s10,168.1370,23
2022-08-10,ES,etanol,115.8470,25
2022-08-10,ES,gasolina,156.0460,28
2022-08-10,GO,diesel_s10,460.8400,62
2022-08-10,GO,etanol,329.7700,85
2022-08-10,GO,gasolina,442.0400,84
2022-08-10,MA,diesel_s10,39.1700,5
2022-08-10,MA,etanol,5.7000,1
2022-08-10,MA,gasolina,35.5200,6
2022-08-10,MG,diesel_s10,956.9930,130
2022-08-10,MG,etanol,749.3410,188
2022-08-10,MG,gasolina,1002.3570,187
2022-08-10,MS,diesel_s10,297.4700,41
2022-08-10,MS,etanol,193.7200,46
2022-08-10,MS,gasolina,238.5000,45
2022-08-10,MT,diesel_s10,334.0200,44
2022-08-10,MT,etanol,184.4800,50
2022-08-10,MT,gasolina,281.0800,51
2022-08-10,PA,diesel_s10,190.2300,24
2022-08-10,PA,etanol,21.5400,4
2022-08-10,PA,gasolina,176.7200,29
2022-08-10,PB,diesel_s10,60.8200,8
2022-08-10,PB,etanol,38.0900,7
2022-08-10,PB,gasolina,45.1300,8
2022-08-10,PE,diesel_s10,380.6600,53
2022-08-10,PE,etanol,242.4600,47
2022-08-10,PE,gasolina,318.3000,56
2022-08-10,PI,diesel_s10,119.8200,16
2022-08-10,PI,etanol,56.4300,12
2022-08-10,PI,gasolina,108.8600,19
2022-08-10,PR,diesel_s10,542.2100,76
2022-08-10,PR,etanol,421.1100,96
2022-08-10,PR,gasolina,531.4600,97
2022-08-10,RJ,diesel_s10,214.1100,29
2022-08-10,RJ,etanol,175.1400,37
2022-08-10,RJ,gasolina,209.2600,37
2022-08-10,RN,diesel_s10,187.9200,25
2022-08-10,RN,etanol,143.7700,28
2022-08-10,RN,gasolina,139.3500,25
2022-08-10,RO,diesel_s10,159.7900,21
2022-08-10,RO,etanol,68.1300,13
2022-08-10,RO,gasolina,128.1200,23
2022-08-10,RR,diesel_s10,69.2100,9
2022-08-10,RR,gasolina,52.5600,9
2022-08-10,RS,diesel_s10,640.8590,90
2022-08-10,RS,etanol,163.9500,31
2022-08-10,RS,gasolina,571.0000,107
2022-08-10,SC,diesel_s10,148.5320,21
2022-08-10,SC,etanol,58.2550,11
2022-08-10,SC,gasolina,167.2360,30
2022-08-10,SE,diesel_s10,28.9800,4
2022-08-10,SE,etanol,14.9600,3
2022-08-10,SE,gasolina,21.4000,4
2022-08-10,SP,diesel_s10,2630.7370,359
2022-08-10,SP,etanol,1889.2100,492
2022-08-10,SP,gasolina,2619.7100,485
2022-08-10,TO,diesel_s10,42.2100,6
2022-08-10,TO,etanol,24.7700,5
2022-08-10,TO,gasolina,34.5200,6
2022-08-11,AC,diesel_s10,86.6400,10
2022-08-11,AC,etanol,23.5900,4
2022-08-11,AC,gasolina,67.3600,10
2022-08-11,AP,gasolina,4.9300,1
2022-08-11,BA,diesel_s10,216.1700,30
2022-08-11,BA,etanol,152.9200,32
2022-08-11,BA,gasolina,171.2500,30
2022-08-11,CE,diesel_s10,7.1700,1
2022-08-11,CE,etanol,4.9000,1
2022-08-11,CE,gasolina,5.4900,1
2022-08-11,ES,diesel_s10,7.4700,1
2022-08-11,ES,gasolina,5.7700,1
2022-08-11,GO,diesel_s10,117.3400,16
2022-08-11,GO,etanol,72.9700,19
2022-08-11,GO,gasolina,97.9300,19
2022-08-11,MA,diesel_s10,472.2800,65
2022-08-11,MA,etanol,231.2200,47
2022-08-11,MA,gasolina,351.1400,66
2022-08-11,MG,diesel_s10,482.9200,65
2022-08-11,MG,etanol,329.1400,78
2022-08-11,MG,gasolina,433.6700,77
2022-08-11,MS,diesel_s10,64.7400,9
2022-08-11,MS,etanol,44.9200,11
2022-08-11,MS,gasolina,57.0900,11
2022-08-11,MT,diesel_s10,451.8700,60
2022-08-11,MT,etanol,242.6300,66
2022-08-11,MT,gasolina,358.0700,66
2022-08-11,PA,diesel_s10,67.2100,9
2022-08-11,PA,etanol,36.2000,7
2022-08-11,PA,gasolina,53.9390,10
2022-08-11,PE,diesel_s10,70.7600,10
2022-08-11,PE,etanol,67.1900,13
2022-08-11,PE,gasolina,72.0600,13
2022-08-11,PI,diesel_s10,116.3900,16
2022-08-11,PI,etanol,74.6800,16
2022-08-11,PI,gasolina,89.3500,16
2022-08-11,PR,diesel_s10,637.9500,89
2022-08-11,PR,etanol,510.4000,117
2022-08-11,PR,gasolina,639.6800,116
2022-08-11,RJ,diesel_s10,284.4000,39
2022-08-11,RJ,etanol,206.3890,44
2022-08-11,RJ,gasolina,258.1300,47
2022-08-11,RO,diesel_s10,106.5200,14
2022-08-11,RO,etanol,59.4900,11
2022-08-11,RO,gasolina,87.3500,15
2022-08-11,RS,diesel_s10,475.0300,68
2022-08-11,RS,etanol,122.0590,24
2022-08-11,RS,gasolina,431.7900,83
2022-08-11,SC,diesel_s10,435.1600,60
2022-08-11,SC,etanol,181.8090,36
2022-08-11,SC,gasolina,430.5280,77
2022-08-11,SE,diesel_s10,171.6700,25
2022-08-11,SE,etanol,117.5400,24
2022-08-11,SE,gasolina,127.4300,24
2022-08-11,SP,diesel_s10,1529.8900,208
2022-08-11,SP,etanol,1025.9900,267
2022-08-11,SP,gasolina,1423.4500,263
2022-08-11,TO,diesel_s10,56.1800,8
2022-08-11,TO,etanol,33.5000,7
2022-08-11,TO,gasolina,47.3600,8
2022-08-12,GO,diesel_s10,29.8600,4
2022-08-12,GO,etanol,15.3600,4
2022-08-12,GO,gasolina,20.2900,4
2022-08-12,MG,diesel_s10,35.8600,5
2022-08-12,MG,etanol,24.0100,6
2022-08-12,MG,gasolina,31.6400,6
2022-08-12,MT,diesel_s10,65.6900,8
2022-08-12,MT,etanol,32.6300,8
2022-08-12,MT,gasolina,47.9900,8
2022-08-12,RJ,diesel_s10,130.3200,18
2022-08-12,RJ,etanol,100.9600,22
2022-08-12,RJ,gasolina,121.9400,22
2022-08-12,RS,diesel_s10,21.4700,3
2022-08-12,RS,gasolina,17.2800,3
2022-08-12,SC,diesel_s10,49.9300,7
2022-08-12,SC,etanol,80.2990,16
2022-08-12,SC,gasolina,198.1480,33
2022-08-12,SP,diesel_s10,66.6900,9
2022-08-12,SP,etanol,40.5700,11
2022-08-12,SP,gasolina,59.4600,11
2022-08-15,AL,diesel_s10,274.4300,38
2022-08-15,AL,etanol,201.7900,40
2022-08-15,AL,gasolina,231.7900,41
2022-08-15,AM,diesel_s10,212.3300,28
2022-08-15,AM,etanol,115.4200,24
2022-08-15,AM,gasolina,200.7300,35
2022-08-15,BA,diesel_s10,476.1000,68
2022-08-15,BA,etanol,383.9100,80
2022-08-15,BA,gasolina,440.3900,79
2022-08-15,CE,diesel_s10,221.3200,29
2022-08-15,CE,etanol,148.9800,27
2022-08-15,CE,gasolina,164.6200,28
2022-08-15,DF,diesel_s10,58.3000,8
2022-08-15,DF,etanol,50.9700,11
2022-08-15,DF,gasolina,59.1700,11
2022-08-15,ES,diesel_s10,178.9200,25
2022-08-15,ES,etanol,109.5100,23
2022-08-15,ES,gasolina,160.9390,29
2022-08-15,GO,diesel_s10,436.0700,60
2022-08-15,GO,etanol,280.6700,69
2022-08-15,GO,gasolina,360.0600,67
2022-08-15,MA,diesel_s10,248.8000,33
2022-08-15,MA,etanol,77.9900,15
2022-08-15,MA,gasolina,216.1500,37
2022-08-15,MG,diesel_s10,779.2000,107
2022-08-15,MG,etanol,583.0600,142
2022-08-15,MG,gasolina,785.1500,143
2022-08-15,MS,diesel_s10,58.6000,8
2022-08-15,MS,etanol,51.0080,11
2022-08-15,MS,gasolina,82.0500,14
2022-08-15,MT,diesel_s10,126.0000,17
2022-08-15,MT,etanol,82.4800,22
2022-08-15,MT,gasolina,121.7700,22
2022-08-15,PA,diesel_s10,387.9300,51
2022-08-15,PA,etanol,113.4000,21
2022-08-15,PA,gasolina,291.8800,53
2022-08-15,PB,diesel_s10,205.2600,29
2022-08-15,PB,etanol,139.3500,29
2022-08-15,PB,gasolina,171.1200,31
2022-08-15,PE,diesel_s10,304.2300,44
2022-08-15,PE,etanol,206.1500,41
2022-08-15,PE,gasolina,248.5100,45
2022-08-15,PI,diesel_s10,95.1700,13
2022-08-15,PI,etanol,46.3800,9
2022-08-15,PI,gasolina,79.7100,14
2022-08-15,PR,diesel_s10,561.9000,79
2022-08-15,PR,etanol,378.4100,93
2022-08-15,PR,gasolina,491.6900,92
2022-08-15,RJ,diesel_s10,811.7300,111
2022-08-15,RJ,etanol,630.0800,133
2022-08-15,RJ,gasolina,755.8800,135
2022-08-15,RN,diesel_s10,338.1700,45
2022-08-15,RN,etanol,244.4900,47
2022-08-15,RN,gasolina,265.1200,47
2022-08-15,RO,diesel_s10,45.5600,6
2022-08-15,RO,etanol,4.9900,1
2022-08-15,RO,gasolina,42.5200,8
2022-08-15,RS,diesel_s10,544.8300,77
2022-08-15,RS,etanol,147.9900,27
2022-08-15,RS,gasolina,429.4300,80
2022-08-15,SC,diesel_s10,658.1200,92
2022-08-15,SC,etanol,342.8560,68
2022-08-15,SC,gasolina,557.9320,100
2022-08-15,SE,diesel_s10,19.8400,3
2022-08-15,SE,etanol,14.9400,3
2022-08-15,SE,gasolina,15.9700,3
2022-08-15,SP,diesel_s10,2975.3900,412
2022-08-15,SP,etanol,1989.0900,522
2022-08-15,SP,gasolina,2765.6900,517
2022-08-15,TO,diesel_s10,108.4000,15
2022-08-15,TO,etanol,68.4000,14
2022-08-15,TO,gasolina,101.4000,17
2022-08-16,AC,diesel_s10,108.9200,14
2022-08-16,AC,etanol,49.7400,10
2022-08-16,AC,gasolina,87.3900,15
2022-08-16,AM,diesel_s10,117.2400,16
2022-08-16,AM,etanol,80.2900,17
2022-08-16,AM,gasolina,109.9400,20
2022-08-16,AP,diesel_s10,44.3400,6
2022-08-16,AP,gasolina,99.4500,20
2022-08-16,BA,diesel_s10,476.6500,69
2022-08-16,BA,etanol,359.6200,75
2022-08-16,BA,gasolina,424.4100,75
2022-08-16,CE,diesel_s10,703.5200,97
2022-08-16,CE,etanol,498.7000,98
2022-08-16,CE,gasolina,544.5800,100
2022-08-16,ES,diesel_s10,179.8810,25
2022-08-16,ES,etanol,124.5990,26
2022-08-16,ES,gasolina,156.6380,28
2022-08-16,GO,diesel_s10,239.4400,33
2022-08-16,GO,etanol,170.9600,44
2022-08-16,GO,gasolina,233.3500,44
2022-08-16,MA,diesel_s10,37.9000,5
2022-08-16,MA,etanol,25.4400,5
2022-08-16,MA,gasolina,28.2600,5
2022-08-16,MG,diesel_s10,624.3340,86
2022-08-16,MG,etanol,437.6430,109
2022-08-16,MG,gasolina,589.6930,109
2022-08-16,MS,diesel_s10,152.2300,21
2022-08-16,MS,etanol,116.6200,27
2022-08-16,MS,gasolina,146.6200,27
2022-08-16,MT,diesel_s10,149.5500,20
2022-08-16,MT,etanol,86.0400,23
2022-08-16,MT,gasolina,127.8100,23
2022-08-16,PA,diesel_s10,90.3200,12
2022-08-16,PA,etanol,23.4300,4
2022-08-16,PA,gasolina,86.7200,14
2022-08-16,PB,diesel_s10,99.5600,14
2022-08-16,PB,etanol,67.9900,13
2022-08-16,PB,gasolina,72.1900,13
2022-08-16,PE,diesel_s10,307.6700,44
2022-08-16,PE,etanol,203.8800,41
2022-08-16,PE,gasolina,246.8580,45
2022-08-16,PR,diesel_s10,394.1800,56
2022-08-16,PR,etanol,284.2100,67
2022-08-16,PR,gasolina,370.6200,68
2022-08-16,RJ,diesel_s10,776.7000,108
2022-08-16,RJ,etanol,565.6800,120
2022-08-16,RJ,gasolina,696.6900,124
2022-08-16,RN,diesel_s10,91.4600,12
2022-08-16,RN,etanol,64.8900,13
2022-08-16,RN,gasolina,59.3000,11
2022-08-16,RO,diesel_s10,51.4500,7
2022-08-16,RO,etanol,19.8400,4
2022-08-16,RO,gasolina,41.8900,8
2022-08-16,RR,diesel_s10,53.6300,7
2022-08-16,RR,etanol,21.9200,4
2022-08-16,RR,gasolina,40.8800,7
2022-08-16,RS,diesel_s10,522.7100,73
2022-08-16,RS,etanol,204.5300,37
2022-08-16,RS,gasolina,424.7800,78
2022-08-16,SC,diesel_s10,241.2410,35
2022-08-16,SC,etanol,99.4500,20
2022-08-16,SC,gasolina,195.5910,37
2022-08-16,SE,diesel_s10,93.1100,14
2022-08-16,SE,etanol,34.4300,7
2022-08-16,SE,gasolina,72.5300,14
2022-08-16,SP,diesel_s10,1721.8300,240
2022-08-16,SP,etanol,1176.1100,310
2022-08-16,SP,gasolina,1626.9000,305
2022-08-16,TO,diesel_s10,88.7000,13
2022-08-16,TO,etanol,56.9000,12
2022-08-16,TO,gasolina,73.0200,13
2022-08-17,AC,diesel_s10,70.4400,9
2022-08-17,AC,etanol,20.4600,4
2022-08-17,AC,gasolina,51.3200,9
2022-08-17,AL,diesel_s10,59.3500,8
2022-08-17,AL,etanol,46.6400,9
2022-08-17,AL,gasolina,57.5900,10
2022-08-17,AM,diesel_s10,120.5200,15
2022-08-17,AM,etanol,23.3400,5
2022-08-17,AM,gasolina,126.8900,20
2022-08-17,AP,diesel_s10,44.6700,6
2022-08-17,AP,gasolina,44.9300,9
2022-08-17,BA,diesel_s10,662.6100,95
2022-08-17,BA,etanol,524.4590,111
2022-08-17,BA,gasolina,617.7900,111
2022-08-17,CE,diesel_s10,549.3800,76
2022-08-17,CE,etanol,360.0900,71
2022-08-17,CE,gasolina,437.1800,79
2022-08-17,DF,diesel_s10,134.2500,19
2022-08-17,DF,etanol,104.3900,23
2022-08-17,DF,gasolina,127.1800,23
2022-08-17,ES,diesel_s10,219.4500,31
2022-08-17,ES,etanol,120.0300,25
2022-08-17,ES,gasolina,214.7500,38
2022-08-17,GO,diesel_s10,406.0700,57
2022-08-17,GO,etanol,255.9390,67
2022-08-17,GO,gasolina,336.7800,65
2022-08-17,MA,diesel_s10,20.8500,3
2022-08-17,MA,etanol,14.5000,3
2022-08-17,MA,gasolina,16.0600,3
2022-08-17,MG,diesel_s10,924.6970,129
2022-08-17,MG,etanol,703.3260,175
2022-08-17,MG,gasolina,928.9070,174
2022-08-17,MS,diesel_s10,246.7900,35
2022-08-17,MS,etanol,177.4500,44
2022-08-17,MS,gasolina,218.3300,43
2022-08-17,MT,diesel_s10,278.1600,38
2022-08-17,MT,etanol,147.8800,41
2022-08-17,MT,gasolina,219.6700,41
2022-08-17,PA,diesel_s10,205.8500,27
2022-08-17,PA,etanol,25.8000,5
2022-08-17,PA,gasolina,161.1300,27
2022-08-17,PB,diesel_s10,58.3800,8
2022-08-17,PB,etanol,41.6000,8
2022-08-17,PB,gasolina,49.6100,9
2022-08-17,PE,diesel_s10,416.3500,60
2022-08-17,PE,etanol,305.9000,61
2022-08-17,PE,gasolina,354.1300,65
2022-08-17,PI,diesel_s10,210.8600,29
2022-08-17,PI,etanol,102.0700,22
2022-08-17,PI,gasolina,186.2600,33
2022-08-17,PR,diesel_s10,734.8800,106
2022-08-17,PR,etanol,531.5400,123
2022-08-17,PR,gasolina,661.5600,121
2022-08-17,RJ,diesel_s10,354.0740,49
2022-08-17,RJ,etanol,323.5490,70
2022-08-17,RJ,gasolina,384.2700,70
2022-08-17,RO,diesel_s10,219.0180,29
2022-08-17,RO,etanol,82.6100,15
2022-08-17,RO,gasolina,183.8170,33
2022-08-17,RR,diesel_s10,45.9500,6
2022-08-17,RR,etanol,11.3000,2
2022-08-17,RR,gasolina,35.1000,6
2022-08-17,RS,diesel_s10,394.6900,55
2022-08-17,RS,etanol,136.1000,24
2022-08-17,RS,gasolina,329.2800,60
2022-08-17,SC,diesel_s10,255.3470,36
2022-08-17,SC,etanol,204.6390,42
2022-08-17,SC,gasolina,331.0760,61
2022-08-17,SE,diesel_s10,186.6800,28
2022-08-17,SE,etanol,131.5500,27
2022-08-17,SE,gasolina,143.8200,28
2022-08-17,SP,diesel_s10,2258.1980,317
2022-08-17,SP,etanol,1634.7880,432
2022-08-17,SP,gasolina,2239.5300,430
2022-08-17,TO,diesel_s10,34.5900,5
2022-08-17,TO,etanol,15.2700,3
2022-08-17,TO,gasolina,28.4800,5
2022-08-18,AC,diesel_s10,123.1000,15
2022-08-18,AC,etanol,42.9400,8
2022-08-18,AC,gasolina,94.7200,15
2022-08-18,BA,diesel_s10,340.6300,50
2022-08-18,BA,etanol,236.8100,50
2022-08-18,BA,gasolina,270.0000,48
2022-08-18,DF,diesel_s10,81.0600,11
2022-08-18,DF,etanol,59.9300,13
2022-08-18,DF,gasolina,69.2100,13
2022-08-18,ES,diesel_s10,34.7100,5
2022-08-18,ES,etanol,18.3500,4
2022-08-18,ES,gasolina,28.1100,5
2022-08-18,GO,diesel_s10,191.7000,27
2022-08-18,GO,etanol,117.1400,31
2022-08-18,GO,gasolina,158.0400,31
2022-08-18,MA,diesel_s10,468.2500,66
2022-08-18,MA,etanol,199.1800,41
2022-08-18,MA,gasolina,352.7100,68
2022-08-18,MG,diesel_s10,700.4890,98
2022-08-18,MG,etanol,497.1300,126
2022-08-18,MG,gasolina,658.8030,123
2022-08-18,MS,diesel_s10,7.1900,1
2022-08-18,MS,etanol,4.4900,1
2022-08-18,MS,gasolina,5.6900,1
2022-08-18,MT,diesel_s10,380.5900,52
2022-08-18,MT,etanol,218.0100,60
2022-08-18,MT,gasolina,314.4300,60
2022-08-18,PA,diesel_s10,51.9200,7
2022-08-18,PA,etanol,15.1700,3
2022-08-18,PA,gasolina,55.6400,10
2022-08-18,PB,diesel_s10,57.3000,8
2022-08-18,PB,etanol,46.4400,10
2022-08-18,PB,gasolina,49.0700,9
2022-08-18,PE,diesel_s10,106.1800,15
2022-08-18,PE,etanol,91.0200,17
2022-08-18,PE,gasolina,98.0900,17
2022-08-18,PI,diesel_s10,112.8300,16
2022-08-18,PI,etanol,86.0700,19
2022-08-18,PI,gasolina,115.3900,21
2022-08-18,PR,diesel_s10,414.2700,59
2022-08-18,PR,etanol,320.5900,73
2022-08-18,PR,gasolina,396.8500,73
2022-08-18,RJ,diesel_s10,317.2600,44
2022-08-18,RJ,etanol,233.6000,49
2022-08-18,RJ,gasolina,273.0990,49
2022-08-18,RO,diesel_s10,103.4600,14
2022-08-18,RO,etanol,59.8000,11
2022-08-18,RO,gasolina,85.2600,15
2022-08-18,RS,diesel_s10,516.5700,76
2022-08-18,RS,etanol,127.1300,25
2022-08-18,RS,gasolina,491.0800,97
2022-08-18,SC,diesel_s10,168.3400,24
2022-08-18,SC,etanol,86.4600,17
2022-08-18,SC,gasolina,147.8600,27
2022-08-18,SP,diesel_s10,1260.7400,177
2022-08-18,SP,etanol,946.8700,256
2022-08-18,SP,gasolina,1329.7000,254
2022-08-18,TO,diesel_s10,13.7400,2
2022-08-18,TO,etanol,5.3700,1
2022-08-18,TO,gasolina,11.8400,2
2022-08-19,ES,diesel_s10,7.1900,1
2022-08-19,ES,gasolina,5.5900,1
2022-08-19,GO,diesel_s10,76.0100,11
2022-08-19,GO,etanol,45.0500,12
2022-08-19,GO,gasolina,61.5100,12
2022-08-19,MG,diesel_s10,6.9900,1
2022-08-19,MG,etanol,4.3900,1
2022-08-19,MG,gasolina,5.4900,1
2022-08-19,RS,diesel_s10,6.9000,1
2022-08-19,RS,gasolina,4.9700,1
2022-08-19,SC,diesel_s10,35.5500,5
2022-08-19,SC,etanol,34.5300,7
2022-08-19,SC,gasolina,45.8000,8
2022-08-19,SP,diesel_s10,98.6200,14
2022-08-19,SP,etanol,66.5900,18
2022-08-19,SP,gasolina,93.5600,18
2022-08-22,AL,diesel_s10,155.6600,22
2022-08-22,AL,etanol,133.3600,27
2022-08-22,AL,gasolina,146.6700,27
2022-08-22,AM,diesel_s10,265.3600,36
2022-08-22,AM,etanol,151.5200,32
2022-08-22,AM,gasolina,245.2800,44
2022-08-22,AP,diesel_s10,7.2200,1
2022-08-22,AP,gasolina,4.9200,1
2022-08-22,BA,diesel_s10,607.3600,88
2022-08-22,BA,etanol,470.4800,98
2022-08-22,BA,gasolina,539.8400,98
2022-08-22,CE,diesel_s10,457.2500,63
2022-08-22,CE,etanol,304.9700,56
2022-08-22,CE,gasolina,358.3900,63
2022-08-22,DF,diesel_s10,83.8000,12
2022-08-22,DF,etanol,62.1900,15
2022-08-22,DF,gasolina,74.8600,15
2022-08-22,ES,diesel_s10,102.2500,15
2022-08-22,ES,etanol,61.3400,13
2022-08-22,ES,gasolina,86.3000,16
2022-08-22,GO,diesel_s10,440.4200,62
2022-08-22,GO,etanol,260.8200,69
2022-08-22,GO,gasolina,349.4600,68
2022-08-22,MA,diesel_s10,133.5700,18
2022-08-22,MA,etanol,60.3400,12
2022-08-22,MA,gasolina,112.0100,20
2022-08-22,MG,diesel_s10,902.1900,128
2022-08-22,MG,etanol,669.3000,167
2022-08-22,MG,gasolina,890.5200,166
2022-08-22,MS,diesel_s10,106.0800,15
2022-08-22,MS,etanol,77.7000,18
2022-08-22,MS,gasolina,94.1800,18
2022-08-22,MT,diesel_s10,145.8400,20
2022-08-22,MT,etanol,102.5000,28
2022-08-22,MT,gasolina,150.6500,28
2022-08-22,PA,diesel_s10,351.1300,47
2022-08-22,PA,etanol,125.1800,24
2022-08-22,PA,gasolina,271.3500,50
2022-08-22,PB,diesel_s10,270.4900,39
2022-08-22,PB,etanol,177.4100,38
2022-08-22,PB,gasolina,215.0100,40
2022-08-22,PE,diesel_s10,448.7600,66
2022-08-22,PE,etanol,323.4000,65
2022-08-22,PE,gasolina,368.3600,68
2022-08-22,PI,diesel_s10,122.1500,17
2022-08-22,PI,etanol,58.1900,12
2022-08-22,PI,gasolina,104.7600,19
2022-08-22,PR,diesel_s10,478.7300,68
2022-08-22,PR,etanol,312.0900,77
2022-08-22,PR,gasolina,413.4700,78
2022-08-22,RJ,diesel_s10,513.0200,72
2022-08-22,RJ,etanol,430.0000,91
2022-08-22,RJ,gasolina,512.7100,92
2022-08-22,RN,diesel_s10,52.8000,7
2022-08-22,RN,etanol,25.9500,5
2022-08-22,RN,gasolina,39.3300,7
2022-08-22,RO,diesel_s10,44.3300,6
2022-08-22,RO,etanol,30.1200,6
2022-08-22,RO,gasolina,40.8200,8
2022-08-22,RS,diesel_s10,764.2100,109
2022-08-22,RS,etanol,189.3000,35
2022-08-22,RS,gasolina,599.3400,114
2022-08-22,SC,diesel_s10,492.6200,70
2022-08-22,SC,etanol,259.7100,53
2022-08-22,SC,gasolina,394.6700,74
2022-08-22,SP,diesel_s10,3178.2500,450
2022-08-22,SP,etanol,2184.1100,593
2022-08-22,SP,gasolina,3019.9400,585
2022-08-22,TO,diesel_s10,104.9800,15
2022-08-22,TO,etanol,68.2600,14
2022-08-22,TO,gasolina,96.1300,17
2022-08-23,AC,diesel_s10,84.6900,10
2022-08-23,AC,etanol,23.0600,4
2022-08-23,AC,gasolina,65.8100,10
2022-08-23,AL,diesel_s10,77.7900,11
2022-08-23,AL,etanol,55.6600,11
2022-08-23,AL,gasolina,60.8300,11
2022-08-23,AM,diesel_s10,42.1400,6
2022-08-23,AM,etanol,32.0700,7
2022-08-23,AM,gasolina,38.3900,7
2022-08-23,AP,diesel_s10,43.7700,6
2022-08-23,AP,gasolina,106.0200,22
2022-08-23,BA,diesel_s10,403.7500,60
2022-08-23,BA,etanol,302.4600,66
2022-08-23,BA,gasolina,360.7400,66
2022-08-23,CE,diesel_s10,119.6300,17
2022-08-23,CE,etanol,87.8000,17
2022-08-23,CE,gasolina,90.8600,17
2022-08-23,DF,diesel_s10,163.3000,23
2022-08-23,DF,etanol,119.2800,28
2022-08-23,DF,gasolina,141.6800,28
2022-08-23,ES,diesel_s10,252.5900,36
2022-08-23,ES,etanol,174.6600,37
2022-08-23,ES,gasolina,228.0100,42
2022-08-23,GO,diesel_s10,267.2400,38
2022-08-23,GO,etanol,181.4200,48
2022-08-23,GO,gasolina,251.3400,48
2022-08-23,MA,diesel_s10,64.5300,9
2022-08-23,MA,etanol,40.2800,8
2022-08-23,MA,gasolina,59.5600,11
2022-08-23,MG,diesel_s10,902.8300,128
2022-08-23,MG,etanol,618.8700,161
2022-08-23,MG,gasolina,840.1200,162
2022-08-23,MS,diesel_s10,86.8200,12
2022-08-23,MS,etanol,65.3100,15
2022-08-23,MS,gasolina,100.4700,18
2022-08-23,MT,diesel_s10,320.3100,44
2022-08-23,MT,etanol,171.7200,49
2022-08-23,MT,gasolina,253.6000,49
2022-08-23,PA,diesel_s10,207.5300,28
2022-08-23,PA,etanol,41.2000,7
2022-08-23,PA,gasolina,167.5300,29
2022-08-23,PB,diesel_s10,56.3400,8
2022-08-23,PB,etanol,38.4100,8
2022-08-23,PB,gasolina,49.3100,9
2022-08-23,PE,diesel_s10,300.3300,44
2022-08-23,PE,etanol,211.3100,43
2022-08-23,PE,gasolina,243.9000,46
2022-08-23,PI,diesel_s10,168.1300,24
2022-08-23,PI,etanol,90.1000,20
2022-08-23,PI,gasolina,135.9100,25
2022-08-23,PR,diesel_s10,490.1300,71
2022-08-23,PR,etanol,335.3500,83
2022-08-23,PR,gasolina,436.0200,83
2022-08-23,RJ,diesel_s10,766.9600,107
2022-08-23,RJ,etanol,592.6300,127
2022-08-23,RJ,gasolina,710.5900,129
2022-08-23,RN,diesel_s10,252.3400,35
2022-08-23,RN,etanol,156.7700,32
2022-08-23,RN,gasolina,183.2800,34
2022-08-23,RO,diesel_s10,202.4570,27
2022-08-23,RO,etanol,55.1900,10
2022-08-23,RO,gasolina,159.8870,29
2022-08-23,RR,diesel_s10,30.6800,4
2022-08-23,RR,etanol,5.3900,1
2022-08-23,RR,gasolina,22.8400,4
2022-08-23,RS,diesel_s10,988.7600,144
2022-08-23,RS,etanol,285.4000,55
2022-08-23,RS,gasolina,846.8900,166
2022-08-23,SC,diesel_s10,218.6700,32
2022-08-23,SC,etanol,114.4000,24
2022-08-23,SC,gasolina,194.2600,37
2022-08-23,SE,diesel_s10,65.4900,10
2022-08-23,SE,etanol,19.2600,4
2022-08-23,SE,gasolina,49.9400,10
2022-08-23,SP,diesel_s10,1625.0800,231
2022-08-23,SP,etanol,1040.7300,286
2022-08-23,SP,gasolina,1429.2000,279
2022-08-23,TO,diesel_s10,114.0000,17
2022-08-23,TO,etanol,66.5300,14
2022-08-23,TO,gasolina,92.6900,17
2022-08-24,AC,diesel_s10,162.1600,21
2022-08-24,AC,etanol,69.4900,14
2022-08-24,AC,gasolina,118.4300,21
2022-08-24,AL,diesel_s10,77.0600,11
2022-08-24,AL,etanol,57.8800,12
2022-08-24,AL,gasolina,65.7100,12
2022-08-24,AM,diesel_s10,92.6300,12
2022-08-24,AM,etanol,27.6500,6
2022-08-24,AM,gasolina,79.0100,13
2022-08-24,AP,diesel_s10,29.2500,4
2022-08-24,AP,gasolina,29.4500,6
2022-08-24,BA,diesel_s10,485.0300,69
2022-08-24,BA,etanol,395.4300,86
2022-08-24,BA,gasolina,458.2700,84
2022-08-24,CE,diesel_s10,608.0200,86
2022-08-24,CE,etanol,398.9300,82
2022-08-24,CE,gasolina,471.8000,88
2022-08-24,DF,diesel_s10,21.5700,3
2022-08-24,DF,etanol,16.6100,4
2022-08-24,DF,gasolina,19.9000,4
2022-08-24,ES,diesel_s10,181.9600,26
2022-08-24,ES,etanol,87.8200,19
2022-08-24,ES,gasolina,174.1900,31
2022-08-24,GO,diesel_s10,301.2400,43
2022-08-24,GO,etanol,206.8000,57
2022-08-24,GO,gasolina,277.3500,55
2022-08-24,MA,diesel_s10,79.4000,11
2022-08-24,MA,etanol,20.4300,4
2022-08-24,MA,gasolina,65.8700,12
2022-08-24,MG,diesel_s10,916.5800,129
2022-08-24,MG,etanol,634.9200,167
2022-08-24,MG,gasolina,852.2600,165
2022-08-24,MS,diesel_s10,104.0000,15
2022-08-24,MS,etanol,64.1000,16
2022-08-24,MS,gasolina,77.1100,15
2022-08-24,MT,diesel_s10,95.2800,12
2022-08-24,MT,etanol,51.8300,13
2022-08-24,MT,gasolina,75.5300,13
2022-08-24,PA,diesel_s10,177.5100,23
2022-08-24,PA,etanol,26.2600,5
2022-08-24,PA,gasolina,154.1500,26
2022-08-24,PB,diesel_s10,78.2900,11
2022-08-24,PB,etanol,43.4300,9
2022-08-24,PB,gasolina,59.7000,11
2022-08-24,PE,diesel_s10,318.7800,47
2022-08-24,PE,etanol,211.3200,44
2022-08-24,PE,gasolina,257.8000,48
2022-08-24,PI,diesel_s10,163.3700,23
2022-08-24,PI,etanol,91.6600,20
2022-08-24,PI,gasolina,131.8300,24
2022-08-24,PR,diesel_s10,339.3000,50
2022-08-24,PR,etanol,213.6400,54
2022-08-24,PR,gasolina,268.2000,52
2022-08-24,RJ,diesel_s10,513.0000,72
2022-08-24,RJ,etanol,439.8000,96
2022-08-24,RJ,gasolina,519.0600,95
2022-08-24,RN,diesel_s10,126.8700,17
2022-08-24,RN,etanol,107.0900,22
2022-08-24,RN,gasolina,88.5700,17
2022-08-24,RO,diesel_s10,151.4700,21
2022-08-24,RO,etanol,47.3300,9
2022-08-24,RO,gasolina,128.3400,23
2022-08-24,RR,diesel_s10,68.7500,9
2022-08-24,RR,etanol,5.3900,1
2022-08-24,RR,gasolina,51.3900,9
2022-08-24,RS,diesel_s10,194.6000,28
2022-08-24,RS,etanol,52.9300,10
2022-08-24,RS,gasolina,162.6300,31
2022-08-24,SC,diesel_s10,213.9400,31
2022-08-24,SC,etanol,66.3100,13
2022-08-24,SC,gasolina,168.0200,32
2022-08-24,SE,diesel_s10,185.1000,28
2022-08-24,SE,etanol,126.9300,27
2022-08-24,SE,gasolina,139.1900,28
2022-08-24,SP,diesel_s10,2605.5600,372
2022-08-24,SP,etanol,1682.6200,463
2022-08-24,SP,gasolina,2327.9200,455
2022-08-24,TO,diesel_s10,6.6300,1
2022-08-24,TO,etanol,4.5900,1
2022-08-24,TO,gasolina,5.4900,1
2022-08-25,AC,diesel_s10,60.7700,8
2022-08-25,AC,etanol,24.3900,5
2022-08-25,AC,gasolina,45.1300,8
2022-08-25,AL,diesel_s10,43.3700,6
2022-08-25,AL,etanol,40.4400,8
2022-08-25,AL,gasolina,45.2200,8
2022-08-25,AM,diesel_s10,33.7600,4
2022-08-25,AM,gasolina,47.3400,7
2022-08-25,BA,diesel_s10,450.1200,66
2022-08-25,BA,etanol,310.9400,69
2022-08-25,BA,gasolina,376.1100,69
2022-08-25,CE,diesel_s10,339.1600,48
2022-08-25,CE,etanol,227.2300,47
2022-08-25,CE,gasolina,255.0600,49
2022-08-25,ES,diesel_s10,75.5400,11
2022-08-25,ES,etanol,45.0300,10
2022-08-25,ES,gasolina,97.2900,18
2022-08-25,GO,diesel_s10,233.8500,33
2022-08-25,GO,etanol,150.2600,41
2022-08-25,GO,gasolina,207.1300,41
2022-08-25,MA,diesel_s10,435.2200,62
2022-08-25,MA,etanol,205.4000,43
2022-08-25,MA,gasolina,330.5000,65
2022-08-25,MG,diesel_s10,307.2200,43
2022-08-25,MG,etanol,206.3400,53
2022-08-25,MG,gasolina,274.4600,51
2022-08-25,MS,diesel_s10,158.9500,23
2022-08-25,MS,etanol,104.5400,27
2022-08-25,MS,gasolina,133.8600,27
2022-08-25,MT,diesel_s10,435.1600,60
2022-08-25,MT,etanol,227.9500,65
2022-08-25,MT,gasolina,332.8800,65
2022-08-25,PA,diesel_s10,88.6500,12
2022-08-25,PA,etanol,41.0400,8
2022-08-25,PA,gasolina,93.9600,17
2022-08-25,PB,diesel_s10,20.7200,3
2022-08-25,PB,etanol,13.0700,3
2022-08-25,PB,gasolina,16.0900,3
2022-08-25,PE,diesel_s10,131.6000,19
2022-08-25,PE,etanol,102.6400,21
2022-08-25,PE,gasolina,122.4300,23
2022-08-25,PR,diesel_s10,388.0500,57
2022-08-25,PR,etanol,265.9700,65
2022-08-25,PR,gasolina,332.1900,63
2022-08-25,RJ,diesel_s10,345.1300,49
2022-08-25,RJ,etanol,271.4500,60
2022-08-25,RJ,gasolina,331.0300,62
2022-08-25,RO,diesel_s10,65.9200,9
2022-08-25,RO,etanol,48.3700,9
2022-08-25,RO,gasolina,46.9800,9
2022-08-25,RS,diesel_s10,167.4800,24
2022-08-25,RS,etanol,51.8900,10
2022-08-25,RS,gasolina,173.3900,33
2022-08-25,SC,diesel_s10,510.1800,73
2022-08-25,SC,etanol,313.8200,65
2022-08-25,SC,gasolina,562.5800,105
2022-08-25,SE,diesel_s10,44.7500,7
2022-08-25,SE,etanol,28.9700,6
2022-08-25,SE,gasolina,29.4000,6
2022-08-25,SP,diesel_s10,894.4900,128
2022-08-25,SP,etanol,674.6900,189
2022-08-25,SP,gasolina,962.5290,190
2022-08-26,PA,diesel_s10,42.3300,6
2022-08-26,PA,etanol,19.5600,4
2022-08-26,PA,gasolina,24.8500,5
2022-08-26,RJ,diesel_s10,41.7000,6
2022-08-26,RJ,etanol,34.5300,7
2022-08-26,RJ,gasolina,45.9200,8
2022-08-26,SP,diesel_s10,198.4500,28
2022-08-26,SP,etanol,146.2000,40
2022-08-26,SP,gasolina,206.8800,40
2022-08-29,AL,diesel_s10,186.9200,27
2022-08-29,AL,etanol,135.0500,28
2022-08-29,AL,gasolina,149.4300,28
2022-08-29,AM,diesel_s10,270.5900,37
2022-08-29,AM,etanol,149.9300,32
2022-08-29,AM,gasolina,243.6200,44
2022-08-29,BA,diesel_s10,491.4800,69
2022-08-29,BA,etanol,353.5300,78
2022-08-29,BA,gasolina,425.5200,78
2022-08-29,CE,diesel_s10,659.6800,93
2022-08-29,CE,etanol,438.4600,88
2022-08-29,CE,gasolina,496.7300,93
2022-08-29,ES,diesel_s10,118.1200,17
2022-08-29,ES,etanol,51.8900,11
2022-08-29,ES,gasolina,104.5600,20
2022-08-29,GO,diesel_s10,665.8600,95
2022-08-29,GO,etanol,399.6000,110
2022-08-29,GO,gasolina,555.4100,110
2022-08-29,MA,diesel_s10,166.8100,23
2022-08-29,MA,etanol,78.7100,16
2022-08-29,MA,gasolina,136.2700,25
2022-08-29,MG,diesel_s10,855.1100,122
2022-08-29,MG,etanol,636.9000,164
2022-08-29,MG,gasolina,857.1400,163
2022-08-29,MS,diesel_s10,92.5500,13
2022-08-29,MS,etanol,56.2300,13
2022-08-29,MS,gasolina,71.2100,13
2022-08-29,MT,diesel_s10,178.2000,25
2022-08-29,MT,etanol,99.5700,30
2022-08-29,MT,gasolina,151.2000,30
2022-08-29,PA,diesel_s10,530.6600,72
2022-08-29,PA,etanol,150.6000,30
2022-08-29,PA,gasolina,396.9900,75
2022-08-29,PB,diesel_s10,323.1100,47
2022-08-29,PB,etanol,212.0300,47
2022-08-29,PB,gasolina,258.9100,49
2022-08-29,PE,diesel_s10,310.9300,46
2022-08-29,PE,etanol,189.4700,39
2022-08-29,PE,gasolina,247.5300,47
2022-08-29,PI,diesel_s10,63.2000,9
2022-08-29,PI,etanol,39.3400,8
2022-08-29,PI,gasolina,60.3500,11
2022-08-29,PR,diesel_s10,315.0800,46
2022-08-29,PR,etanol,202.1700,50
2022-08-29,PR,gasolina,267.5200,51
2022-08-29,RJ,diesel_s10,292.6700,41
2022-08-29,RJ,etanol,251.1800,54
2022-08-29,RJ,gasolina,307.4200,55
2022-08-29,RN,diesel_s10,332.1000,46
2022-08-29,RN,etanol,225.3200,47
2022-08-29,RN,gasolina,251.0600,47
2022-08-29,RO,diesel_s10,127.0980,17
2022-08-29,RO,etanol,21.1200,4
2022-08-29,RO,gasolina,92.5280,17
2022-08-29,RS,diesel_s10,602.0800,87
2022-08-29,RS,etanol,190.8400,36
2022-08-29,RS,gasolina,448.0200,88
2022-08-29,SC,diesel_s10,431.8300,62
2022-08-29,SC,etanol,166.1600,35
2022-08-29,SC,gasolina,329.8600,63
2022-08-29,SE,diesel_s10,218.3000,33
2022-08-29,SE,etanol,121.0600,26
2022-08-29,SE,gasolina,161.8900,33
2022-08-29,SP,diesel_s10,2483.9400,355
2022-08-29,SP,etanol,1579.3600,446
2022-08-29,SP,gasolina,2242.4700,441
2022-08-29,TO,diesel_s10,96.7500,14
2022-08-29,TO,etanol,65.5300,14
2022-08-29,TO,gasolina,88.4500,16
2022-08-30,AC,diesel_s10,183.8900,24
2022-08-30,AC,etanol,77.5800,16
2022-08-30,AC,gasolina,133.6400,24
2022-08-30,AL,diesel_s10,23.2500,3
2022-08-30,AL,etanol,17.9400,3
2022-08-30,AL,gasolina,18.8700,3
2022-08-30,AM,diesel_s10,99.2200,13
2022-08-30,AM,etanol,40.7000,9
2022-08-30,AM,gasolina,95.3900,16
2022-08-30,AP,diesel_s10,50.7000,7
2022-08-30,AP,etanol,5.3500,1
2022-08-30,AP,gasolina,115.6800,24
2022-08-30,BA,diesel_s10,432.1700,60
2022-08-30,BA,etanol,324.6800,72
2022-08-30,BA,gasolina,390.3400,72
2022-08-30,CE,diesel_s10,466.3900,66
2022-08-30,CE,etanol,305.9800,62
2022-08-30,CE,gasolina,345.8600,66
2022-08-30,ES,diesel_s10,55.1900,8
2022-08-30,ES,etanol,37.0000,8
2022-08-30,ES,gasolina,53.7400,10
2022-08-30,GO,diesel_s10,166.8700,24
2022-08-30,GO,etanol,116.5500,33
2022-08-30,GO,gasolina,160.4700,32
2022-08-30,MA,diesel_s10,307.3700,44
2022-08-30,MA,etanol,148.6300,31
2022-08-30,MA,gasolina,231.9700,45
2022-08-30,MG,diesel_s10,731.2800,104
2022-08-30,MG,etanol,486.8000,132
2022-08-30,MG,gasolina,672.6500,132
2022-08-30,MS,diesel_s10,148.6800,21
2022-08-30,MS,etanol,110.8400,28
2022-08-30,MS,gasolina,137.6300,27
2022-08-30,MT,diesel_s10,234.1000,32
2022-08-30,MT,etanol,140.6700,38
2022-08-30,MT,gasolina,204.6700,38
2022-08-30,PA,diesel_s10,115.7100,15
2022-08-30,PA,etanol,51.9500,10
2022-08-30,PA,gasolina,104.3800,18
2022-08-30,PB,diesel_s10,34.6500,5
2022-08-30,PB,etanol,30.6300,7
2022-08-30,PB,gasolina,32.0500,6
2022-08-30,PE,diesel_s10,406.7900,60
2022-08-30,PE,etanol,268.1000,57
2022-08-30,PE,gasolina,320.8800,62
2022-08-30,PI,diesel_s10,157.2700,22
2022-08-30,PI,etanol,68.7400,15
2022-08-30,PI,gasolina,125.4700,23
2022-08-30,PR,diesel_s10,738.9900,108
2022-08-30,PR,etanol,514.6700,129
2022-08-30,PR,gasolina,665.7200,128
2022-08-30,RJ,diesel_s10,1167.4900,166
2022-08-30,RJ,etanol,876.0500,195
2022-08-30,RJ,gasolina,1079.1300,201
2022-08-30,RO,diesel_s10,80.6500,11
2022-08-30,RO,etanol,49.1800,10
2022-08-30,RO,gasolina,78.1490,15
2022-08-30,RR,diesel_s10,22.7900,3
2022-08-30,RR,gasolina,17.0700,3
2022-08-30,RS,diesel_s10,378.1700,54
2022-08-30,RS,etanol,133.0200,25
2022-08-30,RS,gasolina,304.2300,58
2022-08-30,SC,diesel_s10,342.9500,50
2022-08-30,SC,etanol,190.8600,40
2022-08-30,SC,gasolina,286.3200,55
2022-08-30,SE,diesel_s10,12.8000,2
2022-08-30,SE,etanol,9.0800,2
2022-08-30,SE,gasolina,9.8000,2
2022-08-30,SP,diesel_s10,2141.5500,306
2022-08-30,SP,etanol,1487.7700,418
2022-08-30,SP,gasolina,2104.2200,415
2022-08-30,TO,diesel_s10,40.5400,6
2022-08-30,TO,etanol,28.5100,6
2022-08-30,TO,gasolina,33.4200,6
2022-08-31,AC,diesel_s10,59.2800,7
2022-08-31,AC,etanol,11.4800,2
2022-08-31,AC,gasolina,45.9700,7
2022-08-31,AL,diesel_s10,54.3300,8
2022-08-31,AL,etanol,36.1300,8
2022-08-31,AL,gasolina,41.2500,8
2022-08-31,AM,diesel_s10,35.7500,5
2022-08-31,AM,etanol,23.0500,5
2022-08-31,AM,gasolina,48.0000,8
2022-08-31,AP,diesel_s10,29.2800,4
2022-08-31,AP,gasolina,24.7300,5
2022-08-31,BA,diesel_s10,819.4500,113
2022-08-31,BA,etanol,580.5000,129
2022-08-31,BA,gasolina,683.7900,127
2022-08-31,CE,diesel_s10,268.5700,38
2022-08-31,CE,etanol,166.3800,34
2022-08-31,CE,gasolina,215.4500,40
2022-08-31,DF,diesel_s10,273.6800,39
2022-08-31,DF,etanol,189.0000,47
2022-08-31,DF,gasolina,245.6400,47
2022-08-31,ES,diesel_s10,138.5600,20
2022-08-31,ES,etanol,70.8900,15
2022-08-31,ES,gasolina,126.4900,23
2022-08-31,GO,diesel_s10,279.8400,40
2022-08-31,GO,etanol,186.6500,51
2022-08-31,GO,gasolina,263.2700,51
2022-08-31,MA,diesel_s10,65.5800,9
2022-08-31,MA,etanol,15.5700,3
2022-08-31,MA,gasolina,55.6000,10
2022-08-31,MG,diesel_s10,702.9900,99
2022-08-31,MG,etanol,523.9000,140
2022-08-31,MG,gasolina,710.0000,139
2022-08-31,MS,diesel_s10,186.4600,27
2022-08-31,MS,etanol,124.0900,32
2022-08-31,MS,gasolina,181.7000,35
2022-08-31,MT,diesel_s10,275.5700,38
2022-08-31,MT,etanol,133.4300,39
2022-08-31,MT,gasolina,200.0800,39
2022-08-31,PA,diesel_s10,184.3200,25
2022-08-31,PA,etanol,56.5900,10
2022-08-31,PA,gasolina,170.6700,29
2022-08-31,PB,diesel_s10,49.9200,7
2022-08-31,PB,etanol,23.6400,5
2022-08-31,PB,gasolina,27.2800,5
2022-08-31,PE,diesel_s10,434.6500,64
2022-08-31,PE,etanol,310.2900,67
2022-08-31,PE,gasolina,353.7400,68
2022-08-31,PI,diesel_s10,90.2400,13
2022-08-31,PI,etanol,48.7800,11
2022-08-31,PI,gasolina,79.8200,15
2022-08-31,PR,diesel_s10,742.5800,109
2022-08-31,PR,etanol,527.3400,135
2022-08-31,PR,gasolina,689.1900,132
2022-08-31,RJ,diesel_s10,502.6800,72
2022-08-31,RJ,etanol,396.9100,91
2022-08-31,RJ,gasolina,482.1300,92
2022-08-31,RN,diesel_s10,74.9800,10
2022-08-31,RN,etanol,59.5900,12
2022-08-31,RN,gasolina,51.2200,10
2022-08-31,RO,diesel_s10,164.7500,23
2022-08-31,RO,etanol,51.8600,10
2022-08-31,RO,gasolina,137.4700,25
2022-08-31,RR,diesel_s10,76.0900,10
2022-08-31,RR,etanol,32.4100,6
2022-08-31,RR,gasolina,56.9000,10
2022-08-31,RS,diesel_s10,580.4600,83
2022-08-31,RS,etanol,187.1900,35
2022-08-31,RS,gasolina,535.1500,103
2022-08-31,SC,diesel_s10,159.1300,23
2022-08-31,SC,etanol,69.2300,14
2022-08-31,SC,gasolina,138.6500,27
2022-08-31,SE,diesel_s10,19.5700,3
2022-08-31,SE,etanol,9.2600,2
2022-08-31,SE,gasolina,14.7600,3
2022-08-31,SP,diesel_s10,2292.6600,330
2022-08-31,SP,etanol,1459.9700,423
2022-08-31,SP,gasolina,2092.7400,419
2022-08-31,TO,diesel_s10,40.2000,6
2022-08-31,TO,etanol,15.1700,3
2022-08-31,TO,gasolina,32.5400,6
2022-09-01,AC,diesel_s10,56.1600,7
2022-09-01,AC,etanol,31.1200,6
2022-09-01,AC,gasolina,47.7500,8
2022-09-01,AL,diesel_s10,127.7500,18
2022-09-01,AL,etanol,93.0800,19
2022-09-01,AL,gasolina,114.3300,21
2022-09-01,AM,diesel_s10,23.5900,3
2022-09-01,AM,gasolina,26.7600,4
2022-09-01,BA,diesel_s10,272.0000,38
2022-09-01,BA,etanol,175.2100,39
2022-09-01,BA,gasolina,214.8700,39
2022-09-01,CE,diesel_s10,121.1600,17
2022-09-01,CE,etanol,81.5900,16
2022-09-01,CE,gasolina,92.4500,17
2022-09-01,ES,diesel_s10,255.5800,37
2022-09-01,ES,etanol,175.5500,40
2022-09-01,ES,gasolina,226.5800,43
2022-09-01,GO,diesel_s10,173.2500,25
2022-09-01,GO,etanol,104.4500,30
2022-09-01,GO,gasolina,151.2500,30
2022-09-01,MA,diesel_s10,339.1500,49
2022-09-01,MA,etanol,138.5500,30
2022-09-01,MA,gasolina,252.6300,50
2022-09-01,MG,diesel_s10,684.1000,97
2022-09-01,MG,etanol,464.1300,126
2022-09-01,MG,gasolina,652.1000,125
2022-09-01,MS,diesel_s10,54.7400,8
2022-09-01,MS,etanol,44.8400,12
2022-09-01,MS,gasolina,59.2200,12
2022-09-01,MT,diesel_s10,248.5200,35
2022-09-01,MT,etanol,135.3500,43
2022-09-01,MT,gasolina,213.3500,43
2022-09-01,PA,diesel_s10,15.5900,2
2022-09-01,PA,etanol,5.1900,1
2022-09-01,PA,gasolina,16.2400,3
2022-09-01,PE,diesel_s10,20.6700,3
2022-09-01,PE,etanol,15.1700,3
2022-09-01,PE,gasolina,16.5300,3
2022-09-01,PI,diesel_s10,102.4500,15
2022-09-01,PI,etanol,75.5100,17
2022-09-01,PI,gasolina,99.9400,19
2022-09-01,PR,diesel_s10,82.7200,12
2022-09-01,PR,etanol,47.8800,13
2022-09-01,PR,gasolina,65.3800,13
2022-09-01,RJ,diesel_s10,246.1400,35
2022-09-01,RJ,etanol,181.4500,41
2022-09-01,RJ,gasolina,218.1700,41
2022-09-01,RO,diesel_s10,58.4900,8
2022-09-01,RO,etanol,42.5900,8
2022-09-01,RO,gasolina,46.8400,9
2022-09-01,RS,diesel_s10,583.6500,88
2022-09-01,RS,etanol,124.1300,26
2022-09-01,RS,gasolina,507.5200,105
2022-09-01,SC,diesel_s10,461.1700,66
2022-09-01,SC,etanol,257.6700,55
2022-09-01,SC,gasolina,490.3200,93
2022-09-01,SE,diesel_s10,45.2700,7
2022-09-01,SE,etanol,28.1800,6
2022-09-01,SE,gasolina,34.3900,7
2022-09-01,SP,diesel_s10,1419.3300,203
2022-09-01,SP,etanol,896.5300,260
2022-09-01,SP,gasolina,1314.2500,260
2022-09-01,TO,diesel_s10,53.0300,8
2022-09-01,TO,etanol,32.5100,7
2022-09-01,TO,gasolina,43.8100,8
2022-09-02,ES,diesel_s10,68.0400,10
2022-09-02,ES,etanol,41.1100,9
2022-09-02,ES,gasolina,51.5200,10
2022-09-02,RJ,diesel_s10,20.7700,3
2022-09-02,RJ,etanol,14.9700,3
2022-09-02,RJ,gasolina,17.3700,3
2022-09-02,SC,diesel_s10,6.8900,1
2022-09-02,SC,etanol,4.9900,1
2022-09-02,SC,gasolina,10.7300,2
2022-09-02,SP,diesel_s10,76.2100,11
2022-09-02,SP,etanol,52.9200,16
2022-09-02,SP,gasolina,76.4800,16
2022-09-05,AC,diesel_s10,184.3300,24
2022-09-05,AC,etanol,72.0300,15
2022-09-05,AC,gasolina,132.9100,24
2022-09-05,AL,diesel_s10,332.4000,47
2022-09-05,AL,etanol,250.1800,51
2022-09-05,AL,gasolina,282.0200,52
2022-09-05,AM,diesel_s10,304.1700,41
2022-09-05,AM,etanol,124.5500,28
2022-09-05,AM,gasolina,251.1300,45
2022-09-05,AP,diesel_s10,51.5600,7
2022-09-05,AP,etanol,5.3500,1
2022-09-05,AP,gasolina,112.7600,24
2022-09-05,BA,diesel_s10,818.2800,113
2022-09-05,BA,etanol,593.3300,131
2022-09-05,BA,gasolina,707.6700,130
2022-09-05,CE,diesel_s10,1047.3300,148
2022-09-05,CE,etanol,690.2300,142
2022-09-05,CE,gasolina,776.1000,150
2022-09-05,ES,diesel_s10,103.3300,15
2022-09-05,ES,etanol,52.1000,12
2022-09-05,ES,gasolina,92.8200,18
2022-09-05,GO,diesel_s10,477.7600,68
2022-09-05,GO,etanol,294.4200,80
2022-09-05,GO,gasolina,404.8200,78
2022-09-05,MA,diesel_s10,158.9700,22
2022-09-05,MA,etanol,69.2400,14
2022-09-05,MA,gasolina,148.4400,27
2022-09-05,MG,diesel_s10,1279.7000,183
2022-09-05,MG,etanol,847.1200,238
2022-09-05,MG,gasolina,1188.6600,236
2022-09-05,MS,diesel_s10,167.7500,24
2022-09-05,MS,etanol,116.5700,30
2022-09-05,MS,gasolina,167.9900,33
2022-09-05,MT,diesel_s10,342.1000,48
2022-09-05,MT,etanol,169.3000,55
2022-09-05,MT,gasolina,280.5100,56
2022-09-05,PA,diesel_s10,323.5700,44
2022-09-05,PA,etanol,67.4500,13
2022-09-05,PA,gasolina,237.4000,45
2022-09-05,PB,diesel_s10,335.7600,49
2022-09-05,PB,etanol,185.6500,44
2022-09-05,PB,gasolina,250.5200,49
2022-09-05,PE,diesel_s10,283.9400,42
2022-09-05,PE,etanol,167.0200,35
2022-09-05,PE,gasolina,225.7900,43
2022-09-05,PI,diesel_s10,148.5800,21
2022-09-05,PI,etanol,65.9700,14
2022-09-05,PI,gasolina,139.8000,26
2022-09-05,PR,diesel_s10,766.1000,112
2022-09-05,PR,etanol,462.2300,125
2022-09-05,PR,gasolina,620.9200,124
2022-09-05,RJ,diesel_s10,802.7600,114
2022-09-05,RJ,etanol,599.6000,134
2022-09-05,RJ,gasolina,736.0300,136
2022-09-05,RN,diesel_s10,291.3100,41
2022-09-05,RN,etanol,216.5300,46
2022-09-05,RN,gasolina,218.8200,43
2022-09-05,RO,diesel_s10,140.2580,19
2022-09-05,RO,etanol,45.9700,9
2022-09-05,RO,gasolina,105.1580,20
2022-09-05,RS,diesel_s10,757.8600,109
2022-09-05,RS,etanol,204.4400,39
2022-09-05,RS,gasolina,596.6300,118
2022-09-05,SC,diesel_s10,600.2200,87
2022-09-05,SC,etanol,314.0500,67
2022-09-05,SC,gasolina,473.6900,93
2022-09-05,SE,diesel_s10,220.2800,33
2022-09-05,SE,etanol,121.3400,27
2022-09-05,SE,gasolina,166.2400,34
2022-09-05,SP,diesel_s10,3954.8290,568
2022-09-05,SP,etanol,2487.6990,737
2022-09-05,SP,gasolina,3592.5590,722
2022-09-05,TO,diesel_s10,110.2600,16
2022-09-05,TO,etanol,68.9200,15
2022-09-05,TO,gasolina,98.1800,18
2022-09-06,AC,diesel_s10,38.0100,5
2022-09-06,AC,etanol,14.2100,3
2022-09-06,AC,gasolina,27.9600,5
2022-09-06,AL,diesel_s10,53.9300,8
2022-09-06,AL,etanol,35.2700,8
2022-09-06,AL,gasolina,40.4300,8
2022-09-06,AM,diesel_s10,27.6500,4
2022-09-06,AM,etanol,21.3700,5
2022-09-06,AM,gasolina,26.2300,5
2022-09-06,AP,diesel_s10,21.8600,3
2022-09-06,AP,etanol,5.3500,1
2022-09-06,AP,gasolina,24.2300,5
2022-09-06,BA,diesel_s10,786.0500,110
2022-09-06,BA,etanol,489.8500,112
2022-09-06,BA,gasolina,621.3400,114
2022-09-06,CE,diesel_s10,173.0000,24
2022-09-06,CE,etanol,90.4600,18
2022-09-06,CE,gasolina,135.1700,25
2022-09-06,DF,diesel_s10,21.3700,3
2022-09-06,DF,etanol,16.1600,4
2022-09-06,DF,gasolina,19.5900,4
2022-09-06,ES,diesel_s10,249.6100,36
2022-09-06,ES,etanol,117.3700,27
2022-09-06,ES,gasolina,207.2900,40
2022-09-06,GO,diesel_s10,82.2100,12
2022-09-06,GO,etanol,60.9100,18
2022-09-06,GO,gasolina,93.6900,19
2022-09-06,MA,diesel_s10,286.5700,42
2022-09-06,MA,etanol,140.0200,31
2022-09-06,MA,gasolina,204.6200,43
2022-09-06,MG,diesel_s10,641.8300,91
2022-09-06,MG,etanol,388.0600,108
2022-09-06,MG,gasolina,549.8000,109
2022-09-06,MS,diesel_s10,90.6200,13
2022-09-06,MS,etanol,58.4500,16
2022-09-06,MS,gasolina,78.0400,16
2022-09-06,MT,diesel_s10,507.5200,71
2022-09-06,MT,etanol,256.6500,81
2022-09-06,MT,gasolina,402.9800,81
2022-09-06,PA,diesel_s10,214.6000,29
2022-09-06,PA,etanol,40.0100,7
2022-09-06,PA,gasolina,192.4100,33
2022-09-06,PB,diesel_s10,75.5900,11
2022-09-06,PB,etanol,53.6400,13
2022-09-06,PB,gasolina,65.9700,13
2022-09-06,PE,diesel_s10,363.7800,54
2022-09-06,PE,etanol,210.8200,46
2022-09-06,PE,gasolina,272.4400,53
2022-09-06,PI,diesel_s10,133.9800,19
2022-09-06,PI,etanol,64.9300,15
2022-09-06,PI,gasolina,109.8400,21
2022-09-06,PR,diesel_s10,641.9400,95
2022-09-06,PR,etanol,440.4700,115
2022-09-06,PR,gasolina,586.7200,115
2022-09-06,RJ,diesel_s10,615.7200,88
2022-09-06,RJ,etanol,424.6500,100
2022-09-06,RJ,gasolina,528.9900,102
2022-09-06,RN,diesel_s10,94.2000,13
2022-09-06,RN,etanol,52.6300,11
2022-09-06,RN,gasolina,68.7500,13
2022-09-06,RO,diesel_s10,51.5000,7
2022-09-06,RO,etanol,24.8300,5
2022-09-06,RO,gasolina,39.9900,8
2022-09-06,RR,diesel_s10,68.2200,9
2022-09-06,RR,etanol,20.9800,4
2022-09-06,RR,gasolina,49.6800,9
2022-09-06,RS,diesel_s10,478.3800,68
2022-09-06,RS,etanol,174.9200,33
2022-09-06,RS,gasolina,362.7500,70
2022-09-06,SC,diesel_s10,269.4390,39
2022-09-06,SC,etanol,92.1800,19
2022-09-06,SC,gasolina,219.0590,42
2022-09-06,SE,diesel_s10,13.1100,2
2022-09-06,SE,etanol,4.4900,1
2022-09-06,SE,gasolina,9.8600,2
2022-09-06,SP,diesel_s10,2967.2900,427
2022-09-06,SP,etanol,1850.9600,550
2022-09-06,SP,gasolina,2675.5100,546
2022-09-06,TO,diesel_s10,59.8200,9
2022-09-06,TO,etanol,36.9300,8
2022-09-06,TO,gasolina,53.8000,10
2022-09-07,AM,diesel_s10,34.6500,5
2022-09-07,AM,etanol,31.1100,7
2022-09-07,AM,gasolina,36.7500,7
2022-09-07,BA,diesel_s10,418.9300,58
2022-09-07,BA,etanol,301.1100,68
2022-09-07,BA,gasolina,367.4900,67
2022-09-07,CE,diesel_s10,214.7500,31
2022-09-07,CE,etanol,130.3400,28
2022-09-07,CE,gasolina,157.2900,31
2022-09-07,DF,diesel_s10,130.4600,19
2022-09-07,DF,etanol,91.6800,25
2022-09-07,DF,gasolina,120.3400,25
2022-09-07,ES,diesel_s10,66.9600,10
2022-09-07,ES,etanol,60.4300,14
2022-09-07,ES,gasolina,75.0600,15
2022-09-07,GO,diesel_s10,443.8900,64
2022-09-07,GO,etanol,253.9500,79
2022-09-07,GO,gasolina,374.4900,79
2022-09-07,MA,diesel_s10,6.6300,1
2022-09-07,MA,etanol,4.5300,1
2022-09-07,MA,gasolina,4.5600,1
2022-09-07,MG,diesel_s10,300.2000,42
2022-09-07,MG,etanol,201.7100,54
2022-09-07,MG,gasolina,276.9700,54
2022-09-07,MS,diesel_s10,139.5600,20
2022-09-07,MS,etanol,87.1400,22
2022-09-07,MS,gasolina,112.4400,22
2022-09-07,MT,diesel_s10,67.8200,9
2022-09-07,MT,etanol,31.4700,9
2022-09-07,MT,gasolina,49.6400,9
2022-09-07,PA,diesel_s10,221.7700,30
2022-09-07,PA,etanol,142.5300,29
2022-09-07,PA,gasolina,172.6000,34
2022-09-07,PE,diesel_s10,13.2800,2
2022-09-07,PE,etanol,4.9900,1
2022-09-07,PE,gasolina,11.5800,2
2022-09-07,PI,diesel_s10,26.8600,4
2022-09-07,PI,etanol,12.5900,3
2022-09-07,PI,gasolina,20.6300,4
2022-09-07,PR,diesel_s10,188.4600,28
2022-09-07,PR,etanol,128.6800,35
2022-09-07,PR,gasolina,177.2900,35
2022-09-07,RJ,diesel_s10,340.2400,49
2022-09-07,RJ,etanol,262.1500,63
2022-09-07,RJ,gasolina,319.1000,63
2022-09-07,RR,diesel_s10,30.0900,4
2022-09-07,RR,gasolina,21.9800,4
2022-09-07,RS,diesel_s10,254.8400,37
2022-09-07,RS,etanol,70.9400,14
2022-09-07,RS,gasolina,252.2400,51
2022-09-07,SC,diesel_s10,148.4600,22
2022-09-07,SC,etanol,41.7300,9
2022-09-07,SC,gasolina,107.1800,22
2022-09-07,SE,diesel_s10,13.7800,2
2022-09-07,SE,etanol,9.3400,2
2022-09-07,SE,gasolina,9.7600,2
2022-09-07,SP,diesel_s10,444.7400,65
2022-09-07,SP,etanol,339.6600,103
2022-09-07,SP,gasolina,479.8000,102
2022-09-07,TO,diesel_s10,53.1200,8
2022-09-07,TO,etanol,32.1500,7
2022-09-07,TO,gasolina,42.9900,8
2022-09-08,AC,diesel_s10,84.8000,10
2022-09-08,AC,etanol,22.4600,4
2022-09-08,AC,gasolina,64.5200,10
2022-09-08,AM,diesel_s10,90.8100,12
2022-09-08,AM,etanol,32.3500,7
2022-09-08,AM,gasolina,93.0400,16
2022-09-08,BA,diesel_s10,109.2500,15
2022-09-08,BA,etanol,68.7300,16
2022-09-08,BA,gasolina,72.1200,13
2022-09-08,CE,diesel_s10,53.6800,8
2022-09-08,CE,etanol,37.2200,8
2022-09-08,CE,gasolina,39.0400,8
2022-09-08,DF,diesel_s10,90.3000,13
2022-09-08,DF,etanol,67.6500,18
2022-09-08,DF,gasolina,86.6900,18
2022-09-08,ES,diesel_s10,176.8300,26
2022-09-08,ES,etanol,101.7900,24
2022-09-08,ES,gasolina,142.4200,28
2022-09-08,GO,diesel_s10,278.5600,40
2022-09-08,GO,etanol,143.0200,44
2022-09-08,GO,gasolina,210.1700,44
2022-09-08,MA,diesel_s10,253.1100,36
2022-09-08,MA,etanol,80.4600,17
2022-09-08,MA,gasolina,185.7500,37
2022-09-08,MG,diesel_s10,684.9500,97
2022-09-08,MG,etanol,438.9000,122
2022-09-08,MG,gasolina,599.9300,119
2022-09-08,MS,diesel_s10,116.5400,17
2022-09-08,MS,etanol,62.6100,17
2022-09-08,MS,gasolina,82.6000,17
2022-09-08,PA,diesel_s10,40.1500,5
2022-09-08,PA,gasolina,39.9000,7
2022-09-08,PE,diesel_s10,87.4000,13
2022-09-08,PE,etanol,60.1000,13
2022-09-08,PE,gasolina,64.3200,13
2022-09-08,PI,diesel_s10,109.3900,16
2022-09-08,PI,etanol,63.3800,15
2022-09-08,PI,gasolina,82.5500,16
2022-09-08,PR,diesel_s10,315.1800,46
2022-09-08,PR,etanol,235.7200,60
2022-09-08,PR,gasolina,313.1500,60
2022-09-08,RJ,diesel_s10,120.5400,17
2022-09-08,RJ,etanol,109.4800,25
2022-09-08,RJ,gasolina,131.1900,25
2022-09-08,RO,diesel_s10,290.1700,40
2022-09-08,RO,etanol,127.9000,25
2022-09-08,RO,gasolina,236.1590,45
2022-09-08,RS,diesel_s10,636.9500,96
2022-09-08,RS,etanol,154.4800,32
2022-09-08,RS,gasolina,548.0200,116
2022-09-08,SC,diesel_s10,293.1300,42
2022-09-08,SC,etanol,178.3300,39
2022-09-08,SC,gasolina,306.1200,62
2022-09-08,SP,diesel_s10,514.7400,74
2022-09-08,SP,etanol,351.2000,110
2022-09-08,SP,gasolina,505.1700,106
2022-09-09,ES,diesel_s10,20.8700,3
2022-09-09,ES,etanol,9.3800,2
2022-09-09,ES,gasolina,15.8700,3
2022-09-09,MA,diesel_s10,40.9600,6
2022-09-09,MA,etanol,18.8700,4
2022-09-09,MA,gasolina,29.4800,6
2022-09-09,MG,diesel_s10,70.0400,10
2022-09-09,MG,etanol,42.5000,11
2022-09-09,MG,gasolina,57.7100,11
2022-09-09,MT,diesel_s10,79.2400,10
2022-09-09,MT,etanol,35.6400,10
2022-09-09,MT,gasolina,55.5900,10
2022-09-09,PA,diesel_s10,42.1300,6
2022-09-09,PA,etanol,18.2510,4
2022-09-09,PA,gasolina,28.8200,6
2022-09-09,PE,diesel_s10,59.9100,9
2022-09-09,PE,etanol,43.3200,10
2022-09-09,PE,gasolina,48.7100,10
2022-09-09,RJ,diesel_s10,56.1400,8
2022-09-09,RJ,etanol,43.1600,10
2022-09-09,RJ,gasolina,50.7600,10
2022-09-09,RS,diesel_s10,6.6900,1
2022-09-09,RS,etanol,5.3900,1
2022-09-09,RS,gasolina,10.4200,2
2022-09-09,SC,diesel_s10,95.7400,14
2022-09-09,SC,etanol,59.7700,13
2022-09-09,SC,gasolina,93.2700,18
2022-09-09,SE,diesel_s10,45.4800,7
2022-09-09,SE,etanol,27.9900,6
2022-09-09,SE,gasolina,28.6500,6
2022-09-09,SP,diesel_s10,301.5800,43
2022-09-09,SP,etanol,247.0400,73
2022-09-09,SP,gasolina,359.9800,74
2022-09-12,AL,diesel_s10,254.3200,36
2022-09-12,AL,etanol,207.5700,44
2022-09-12,AL,gasolina,226.7300,43
2022-09-12,AM,diesel_s10,324.8200,45
2022-09-12,AM,etanol,189.3700,43
2022-09-12,AM,gasolina,296.7400,56
2022-09-12,BA,diesel_s10,1248.6800,175
2022-09-12,BA,etanol,875.2600,203
2022-09-12,BA,gasolina,1080.5700,198
2022-09-12,CE,diesel_s10,1089.3700,154
2022-09-12,CE,etanol,684.1700,146
2022-09-12,CE,gasolina,788.4700,155
2022-09-12,ES,diesel_s10,162.3400,24
2022-09-12,ES,etanol,88.1700,21
2022-09-12,ES,gasolina,136.6700,27
2022-09-12,GO,diesel_s10,601.3800,87
2022-09-12,GO,etanol,354.0500,110
2022-09-12,GO,gasolina,516.2800,108
2022-09-12,MA,diesel_s10,328.8000,46
2022-09-12,MA,etanol,96.4300,20
2022-09-12,MA,gasolina,266.7700,50
2022-09-12,MG,diesel_s10,1438.4300,206
2022-09-12,MG,etanol,931.4100,270
2022-09-12,MG,gasolina,1348.5400,272
2022-09-12,MS,diesel_s10,300.6800,43
2022-09-12,MS,etanol,185.4600,48
2022-09-12,MS,gasolina,249.4400,49
2022-09-12,MT,diesel_s10,418.9300,59
2022-09-12,MT,etanol,200.5500,68
2022-09-12,MT,gasolina,335.1100,68
2022-09-12,PA,diesel_s10,586.0000,79
2022-09-12,PA,etanol,179.3200,37
2022-09-12,PA,gasolina,460.0700,88
2022-09-12,PB,diesel_s10,256.6100,38
2022-09-12,PB,etanol,157.1000,39
2022-09-12,PB,gasolina,205.7200,41
2022-09-12,PE,diesel_s10,436.9200,65
2022-09-12,PE,etanol,267.3200,59
2022-09-12,PE,gasolina,344.9000,67
2022-09-12,PI,diesel_s10,224.1300,32
2022-09-12,PI,etanol,123.3000,28
2022-09-12,PI,gasolina,195.9500,38
2022-09-12,PR,diesel_s10,702.8200,103
2022-09-12,PR,etanol,440.7200,120
2022-09-12,PR,gasolina,585.6700,118
2022-09-12,RJ,diesel_s10,975.8100,140
2022-09-12,RJ,etanol,775.5000,182
2022-09-12,RJ,gasolina,939.1200,182
2022-09-12,RN,diesel_s10,227.0700,32
2022-09-12,RN,etanol,151.6000,32
2022-09-12,RN,gasolina,167.9500,33
2022-09-12,RO,diesel_s10,317.0260,43
2022-09-12,RO,etanol,103.5000,20
2022-09-12,RO,gasolina,249.6850,48
2022-09-12,RR,diesel_s10,52.6700,7
2022-09-12,RR,etanol,15.1500,3
2022-09-12,RR,gasolina,37.8600,7
2022-09-12,RS,diesel_s10,1053.4800,153
2022-09-12,RS,etanol,303.8200,61
2022-09-12,RS,gasolina,905.0800,184
2022-09-12,SC,diesel_s10,246.2100,35
2022-09-12,SC,etanol,107.6400,23
2022-09-12,SC,gasolina,184.4400,36
2022-09-12,SE,diesel_s10,290.5800,44
2022-09-12,SE,etanol,167.6400,38
2022-09-12,SE,gasolina,213.2100,44
2022-09-12,SP,diesel_s10,5042.6000,727
2022-09-12,SP,etanol,3079.5100,944
2022-09-12,SP,gasolina,4522.6900,934
2022-09-12,TO,diesel_s10,131.3600,19
2022-09-12,TO,etanol,82.9600,18
2022-09-12,TO,gasolina,113.4100,21
2022-09-13,AC,diesel_s10,82.6900,10
2022-09-13,AC,etanol,22.2600,4
2022-09-13,AC,gasolina,63.6600,10
2022-09-13,AL,diesel_s10,96.2900,14
2022-09-13,AL,etanol,67.7600,15
2022-09-13,AL,gasolina,83.3100,16
2022-09-13,AM,diesel_s10,83.7800,11
2022-09-13,AM,etanol,17.0700,4
2022-09-13,AM,gasolina,67.1100,11
2022-09-13,BA,diesel_s10,721.5500,101
2022-09-13,BA,etanol,461.4300,107
2022-09-13,BA,gasolina,567.5900,103
2022-09-13,CE,diesel_s10,127.2300,18
2022-09-13,CE,etanol,83.0000,16
2022-09-13,CE,gasolina,94.0800,18
2022-09-13,DF,diesel_s10,249.2100,36
2022-09-13,DF,etanol,174.3100,47
2022-09-13,DF,gasolina,228.6500,47
2022-09-13,ES,diesel_s10,337.7100,49
2022-09-13,ES,etanol,195.1000,46
2022-09-13,ES,gasolina,280.2100,56
2022-09-13,GO,diesel_s10,540.6600,78
2022-09-13,GO,etanol,296.7000,87
2022-09-13,GO,gasolina,439.8200,89
2022-09-13,MA,diesel_s10,480.7900,70
2022-09-13,MA,etanol,211.8400,47
2022-09-13,MA,gasolina,340.2200,71
2022-09-13,MG,diesel_s10,1082.6900,154
2022-09-13,MG,etanol,681.9900,193
2022-09-13,MG,gasolina,964.7400,193
2022-09-13,MS,diesel_s10,226.4200,33
2022-09-13,MS,etanol,141.8500,39
2022-09-13,MS,gasolina,182.3200,38
2022-09-13,MT,diesel_s10,422.4900,59
2022-09-13,MT,etanol,215.0000,69
2022-09-13,MT,gasolina,341.2500,69
2022-09-13,PA,diesel_s10,248.6200,34
2022-09-13,PA,etanol,79.4500,16
2022-09-13,PA,gasolina,190.3980,35
2022-09-13,PB,diesel_s10,145.0100,21
2022-09-13,PB,etanol,78.8200,18
2022-09-13,PB,gasolina,118.6200,23
2022-09-13,PE,diesel_s10,400.3580,60
2022-09-13,PE,etanol,214.9300,50
2022-09-13,PE,gasolina,292.6100,59
2022-09-13,PI,diesel_s10,193.6100,28
2022-09-13,PI,etanol,93.2900,23
2022-09-13,PI,gasolina,153.0200,30
2022-09-13,PR,diesel_s10,750.6500,111
2022-09-13,PR,etanol,490.4400,135
2022-09-13,PR,gasolina,671.8800,135
2022-09-13,RJ,diesel_s10,907.3800,129
2022-09-13,RJ,etanol,630.1200,150
2022-09-13,RJ,gasolina,784.6800,153
2022-09-13,RN,diesel_s10,169.8200,24
2022-09-13,RN,etanol,109.4300,26
2022-09-13,RN,gasolina,119.3500,24
2022-09-13,RO,diesel_s10,135.5800,19
2022-09-13,RO,etanol,48.9800,10
2022-09-13,RO,gasolina,116.6400,23
2022-09-13,RR,diesel_s10,44.1600,6
2022-09-13,RR,etanol,5.3900,1
2022-09-13,RR,gasolina,32.4200,6
2022-09-13,RS,diesel_s10,1083.7190,159
2022-09-13,RS,etanol,309.0700,62
2022-09-13,RS,gasolina,868.0100,178
2022-09-13,SC,diesel_s10,818.3700,119
2022-09-13,SC,etanol,457.0390,98
2022-09-13,SC,gasolina,754.6560,151
2022-09-13,SP,diesel_s10,2326.8400,337
2022-09-13,SP,etanol,1496.2100,460
2022-09-13,SP,gasolina,2188.3670,455
2022-09-13,TO,diesel_s10,93.0000,14
2022-09-13,TO,etanol,51.1900,11
2022-09-13,TO,gasolina,74.4600,14
2022-09-25,RS,gasolina,4.5800,1
2022-09-26,AL,diesel_s10,46.7000,7
2022-09-26,AL,etanol,70.5600,18
2022-09-26,AL,gasolina,86.6600,18
2022-09-26,AM,diesel_s10,6.7900,1
2022-09-26,AM,etanol,3.9900,1
2022-09-26,AM,gasolina,5.1900,1
2022-09-26,CE,diesel_s10,74.7900,11
2022-09-26,CE,etanol,59.7700,15
2022-09-26,CE,gasolina,70.7600,15
2022-09-26,DF,diesel_s10,6.4400,1
2022-09-26,DF,etanol,17.7800,5
2022-09-26,DF,gasolina,25.1500,5
2022-09-26,ES,diesel_s10,55.5100,8
2022-09-26,ES,etanol,38.1600,9
2022-09-26,ES,gasolina,58.3400,12
2022-09-26,MA,diesel_s10,58.9100,9
2022-09-26,MA,etanol,20.4400,5
2022-09-26,MA,gasolina,39.7600,9
2022-09-26,MG,diesel_s10,94.8400,14
2022-09-26,MG,etanol,67.4900,20
2022-09-26,MG,gasolina,94.6000,20
2022-09-26,MS,diesel_s10,53.3100,8
2022-09-26,MS,etanol,30.2400,9
2022-09-26,MS,gasolina,41.9700,9
2022-09-26,MT,diesel_s10,27.1800,4
2022-09-26,MT,etanol,25.1700,9
2022-09-26,MT,gasolina,43.3900,9
2022-09-26,PA,diesel_s10,41.8000,6
2022-09-26,PA,etanol,26.6900,6
2022-09-26,PA,gasolina,69.1400,15
2022-09-26,PB,diesel_s10,66.2000,10
2022-09-26,PB,etanol,64.2700,19
2022-09-26,PB,gasolina,92.8100,19
2022-09-26,PE,diesel_s10,54.9100,8
2022-09-26,PE,etanol,46.0800,12
2022-09-26,PE,gasolina,57.5400,12
2022-09-26,RJ,diesel_s10,148.3800,22
2022-09-26,RJ,etanol,218.4000,55
2022-09-26,RJ,gasolina,273.8700,56
2022-09-26,RN,diesel_s10,41.3700,6
2022-09-26,RN,etanol,31.5100,8
2022-09-26,RN,gasolina,48.0100,10
2022-09-26,RO,diesel_s10,90.3500,13
2022-09-26,RO,etanol,18.0800,4
2022-09-26,RO,gasolina,86.2600,18
2022-09-26,SC,diesel_s10,69.2000,10
2022-09-26,SC,etanol,44.4000,10
2022-09-26,SC,gasolina,81.7400,17
2022-09-26,SP,diesel_s10,542.0700,81
2022-09-26,SP,etanol,493.6300,154
2022-09-26,SP,gasolina,722.3000,154
2022-09-26,TO,diesel_s10,53.9700,8
2022-09-26,TO,etanol,33.5400,8
2022-09-26,TO,gasolina,46.5300,9
2022-09-27,CE,diesel_s10,6.5700,1
2022-09-27,CE,etanol,4.2700,1
2022-09-27,CE,gasolina,4.6700,1
2022-09-27,DF,diesel_s10,83.0800,12
2022-09-27,DF,etanol,69.8600,19
2022-09-27,DF,gasolina,96.0800,19
2022-09-27,GO,diesel_s10,177.7200,26
2022-09-27,GO,etanol,97.8200,29
2022-09-27,GO,gasolina,144.4600,29
2022-09-27,MA,diesel_s10,40.0100,6
2022-09-27,MA,etanol,11.9700,3
2022-09-27,MA,gasolina,27.7100,6
2022-09-27,MG,diesel_s10,33.8300,5
2022-09-27,MG,etanol,69.9500,21
2022-09-27,MG,gasolina,98.8100,21
2022-09-27,MT,diesel_s10,33.5900,5
2022-09-27,MT,etanol,16.8700,6
2022-09-27,MT,gasolina,28.7600,6
2022-09-27,PE,diesel_s10,78.6800,12
2022-09-27,PE,etanol,54.7700,15
2022-09-27,PE,gasolina,65.2000,14
2022-09-27,PI,diesel_s10,59.5500,9
2022-09-27,PI,etanol,38.7800,10
2022-09-27,PI,gasolina,54.2700,11
2022-09-27,PR,diesel_s10,118.1100,18
2022-09-27,PR,etanol,82.1100,21
2022-09-27,PR,gasolina,104.4400,21
2022-09-27,RJ,diesel_s10,33.0000,5
2022-09-27,RJ,etanol,99.4300,24
2022-09-27,RJ,gasolina,134.0700,27
2022-09-27,RN,diesel_s10,34.4500,5
2022-09-27,RN,etanol,19.9500,5
2022-09-27,RN,gasolina,25.4500,5
2022-09-27,RS,diesel_s10,91.3800,14
2022-09-27,RS,etanol,76.9000,17
2022-09-27,RS,gasolina,140.8700,30
2022-09-27,SP,diesel_s10,208.2300,31
2022-09-27,SP,etanol,143.4500,44
2022-09-27,SP,gasolina,210.6500,44
2022-09-27,TO,diesel_s10,12.8800,2
2022-09-27,TO,etanol,7.6800,2
2022-09-27,TO,gasolina,9.6800,2
2022-09-28,AM,diesel_s10,226.2600,34
2022-09-28,AM,etanol,131.9100,33
2022-09-28,AM,gasolina,195.6900,38
2022-09-28,AP,diesel_s10,35.4300,5
2022-09-28,AP,gasolina,76.4100,17
2022-09-28,BA,diesel_s10,61.1700,9
2022-09-28,BA,etanol,54.8000,15
2022-09-28,BA,gasolina,77.5100,15
2022-09-28,CE,diesel_s10,136.0700,20
2022-09-28,CE,etanol,127.0500,31
2022-09-28,CE,gasolina,151.6600,32
2022-09-28,DF,diesel_s10,13.3000,2
2022-09-28,DF,etanol,34.7000,10
2022-09-28,DF,gasolina,49.8800,10
2022-09-28,GO,diesel_s10,26.8000,4
2022-09-28,GO,etanol,19.1300,6
2022-09-28,GO,gasolina,28.5200,6
2022-09-28,MT,diesel_s10,6.5500,1
2022-09-28,MT,etanol,8.6900,3
2022-09-28,MT,gasolina,14.0700,3
2022-09-28,PA,diesel_s10,13.2100,2
2022-09-28,PA,etanol,8.1800,2
2022-09-28,PA,gasolina,22.6300,5
2022-09-28,PI,diesel_s10,124.7200,19
2022-09-28,PI,etanol,65.8500,17
2022-09-28,PI,gasolina,93.2000,19
2022-09-28,PR,diesel_s10,155.5000,23
2022-09-28,PR,etanol,128.8200,33
2022-09-28,PR,gasolina,164.5400,33
2022-09-28,RN,diesel_s10,14.6800,2
2022-09-28,RN,etanol,17.9600,4
2022-09-28,RN,gasolina,16.4700,3
2022-09-28,SP,diesel_s10,39.5000,6
2022-09-28,SP,etanol,35.3800,11
2022-09-28,SP,gasolina,50.6200,11
2022-09-28,TO,diesel_s10,19.5700,3
2022-09-28,TO,etanol,12.1800,3
2022-09-28,TO,gasolina,15.2700,3
2022-09-29,AM,diesel_s10,6.5900,1
2022-09-29,AM,etanol,3.9900,1
2022-09-29,AM,gasolina,5.1500,1
2022-09-29,BA,diesel_s10,13.2400,2
2022-09-29,BA,etanol,6.9400,2
2022-09-29,BA,gasolina,9.9400,2
2022-09-29,GO,diesel_s10,35.5700,5
2022-09-29,GO,etanol,19.8300,6
2022-09-29,GO,gasolina,29.2300,6
2022-09-29,PR,diesel_s10,6.1700,1
2022-09-29,PR,etanol,3.8000,1
2022-09-29,PR,gasolina,4.9000,1
2022-09-29,SE,diesel_s10,39.0100,6
2022-09-29,SE,etanol,75.7800,19
2022-09-29,SE,gasolina,95.5000,20
2022-09-30,AC,diesel_s10,7.3400,1
2022-09-30,AC,etanol,4.3900,1
2022-09-30,AC,gasolina,5.3900,1
2022-09-30,RR,diesel_s10,107.0700,15
2022-09-30,RR,etanol,25.6600,5
2022-09-30,RR,gasolina,91.6400,17
2022-10-03,AL,diesel_s10,39.1900,6
2022-10-03,AL,etanol,65.8900,18
2022-10-03,AL,gasolina,86.5300,18
2022-10-03,AM,diesel_s10,93.0600,14
2022-10-03,AM,etanol,63.8200,16
2022-10-03,AM,gasolina,92.6600,18
2022-10-03,CE,diesel_s10,87.4700,13
2022-10-03,CE,etanol,82.6200,21
2022-10-03,CE,gasolina,93.3600,20
2022-10-03,DF,diesel_s10,135.4200,20
2022-10-03,DF,etanol,105.3200,30
2022-10-03,DF,gasolina,149.8600,30
2022-10-03,GO,diesel_s10,6.5900,1
2022-10-03,GO,etanol,6.5800,2
2022-10-03,GO,gasolina,9.8800,2
2022-10-03,MA,diesel_s10,130.9700,20
2022-10-03,MA,etanol,53.3300,13
2022-10-03,MA,gasolina,94.9100,21
2022-10-03,MG,diesel_s10,86.6900,13
2022-10-03,MG,etanol,67.3800,20
2022-10-03,MG,gasolina,94.2300,20
2022-10-03,MS,diesel_s10,52.4700,8
2022-10-03,MS,etanol,23.6100,7
2022-10-03,MS,gasolina,37.4000,8
2022-10-03,MT,diesel_s10,47.1400,7
2022-10-03,MT,etanol,26.6600,9
2022-10-03,MT,gasolina,43.1700,9
2022-10-03,PA,diesel_s10,100.4000,15
2022-10-03,PA,etanol,87.9900,20
2022-10-03,PA,gasolina,151.7200,33
2022-10-03,PB,diesel_s10,52.4200,8
2022-10-03,PB,etanol,63.6700,19
2022-10-03,PB,gasolina,91.8500,19
2022-10-03,PE,diesel_s10,40.4800,6
2022-10-03,PE,etanol,43.7800,12
2022-10-03,PE,gasolina,57.0700,12
2022-10-03,PI,diesel_s10,117.7700,18
2022-10-03,PI,etanol,53.5800,14
2022-10-03,PI,gasolina,87.3000,18
2022-10-03,RJ,diesel_s10,141.2200,21
2022-10-03,RJ,etanol,203.6600,51
2022-10-03,RJ,gasolina,264.0200,54
2022-10-03,RN,diesel_s10,57.2800,8
2022-10-03,RN,etanol,48.3500,11
2022-10-03,RN,gasolina,70.5400,13
2022-10-03,RO,diesel_s10,47.5900,7
2022-10-03,RO,etanol,8.9000,2
2022-10-03,RO,gasolina,52.4100,11
2022-10-03,RS,diesel_s10,128.1700,20
2022-10-03,RS,etanol,77.7400,17
2022-10-03,RS,gasolina,168.1100,36
2022-10-03,SC,diesel_s10,81.4700,12
2022-10-03,SC,etanol,57.5200,13
2022-10-03,SC,gasolina,81.4100,17
2022-10-03,SP,diesel_s10,613.9800,93
2022-10-03,SP,etanol,574.3700,176
2022-10-03,SP,gasolina,827.7900,176
2022-10-04,AM,diesel_s10,133.9000,20
2022-10-04,AM,etanol,99.9300,25
2022-10-04,AM,gasolina,133.9300,26
2022-10-04,CE,diesel_s10,116.0600,17
2022-10-04,CE,etanol,107.2300,26
2022-10-04,CE,gasolina,123.2200,26
2022-10-04,DF,diesel_s10,46.0100,7
2022-10-04,DF,etanol,56.1800,16
2022-10-04,DF,gasolina,79.6000,16
2022-10-04,ES,diesel_s10,55.4700,8
2022-10-04,ES,etanol,37.8600,9
2022-10-04,ES,gasolina,57.4800,12
2022-10-04,MA,diesel_s10,6.5300,1
2022-10-04,MA,etanol,3.9800,1
2022-10-04,MA,gasolina,4.4900,1
2022-10-04,MG,diesel_s10,33.3500,5
2022-10-04,MG,etanol,67.0900,20
2022-10-04,MG,gasolina,93.7400,20
2022-10-04,MS,diesel_s10,90.7800,14
2022-10-04,MS,etanol,47.5400,14
2022-10-04,MS,gasolina,69.8700,15
2022-10-04,MT,diesel_s10,6.9900,1
2022-10-04,MT,etanol,5.9600,2
2022-10-04,MT,gasolina,9.5400,2
2022-10-04,PE,diesel_s10,78.3400,12
2022-10-04,PE,etanol,53.9700,15
2022-10-04,PE,gasolina,69.3500,15
2022-10-04,PI,diesel_s10,13.4400,2
2022-10-04,PI,etanol,8.1500,2
2022-10-04,PI,gasolina,9.7400,2
2022-10-04,PR,diesel_s10,104.7500,16
2022-10-04,PR,etanol,70.1500,18
2022-10-04,PR,gasolina,89.4700,18
2022-10-04,RJ,diesel_s10,58.8500,9
2022-10-04,RJ,etanol,115.6400,28
2022-10-04,RJ,gasolina,142.9900,29
2022-10-04,RN,diesel_s10,28.3600,4
2022-10-04,RN,etanol,23.0800,5
2022-10-04,RN,gasolina,27.0100,5
2022-10-04,RO,diesel_s10,49.0700,7
2022-10-04,RO,etanol,9.1800,2
2022-10-04,RO,gasolina,33.9300,7
2022-10-04,SP,diesel_s10,96.8700,15
2022-10-04,SP,etanol,64.6700,20
2022-10-04,SP,gasolina,92.6700,20
2022-10-04,TO,diesel_s10,61.0900,9
2022-10-04,TO,etanol,38.2300,9
2022-10-04,TO,gasolina,56.7800,11
2022-10-05,AC,diesel_s10,30.2700,4
2022-10-05,AC,etanol,8.4800,2
2022-10-05,AC,gasolina,21.1000,4
2022-10-05,AM,diesel_s10,26.6600,4
2022-10-05,AM,etanol,19.9500,5
2022-10-05,AM,gasolina,25.7500,5
2022-10-05,BA,diesel_s10,34.4300,5
2022-10-05,BA,etanol,43.3300,12
2022-10-05,BA,gasolina,60.4200,12
2022-10-05,DF,diesel_s10,6.4900,1
2022-10-05,DF,etanol,14.8300,4
2022-10-05,DF,gasolina,20.1600,4
2022-10-05,GO,diesel_s10,231.5900,34
2022-10-05,GO,etanol,129.9400,40
2022-10-05,GO,gasolina,197.7100,41
2022-10-05,MT,diesel_s10,13.5600,2
2022-10-05,MT,etanol,23.8600,8
2022-10-05,MT,gasolina,39.1900,8
2022-10-05,PA,diesel_s10,6.8900,1
2022-10-05,PA,etanol,8.2800,2
2022-10-05,PA,gasolina,9.3800,2
2022-10-05,PI,diesel_s10,64.7000,10
2022-10-05,PI,etanol,37.8400,10
2022-10-05,PI,gasolina,48.2500,10
2022-10-05,PR,diesel_s10,159.8800,24
2022-10-05,PR,etanol,136.2500,35
2022-10-05,PR,gasolina,173.9200,35
2022-10-05,RN,diesel_s10,7.0900,1
2022-10-05,RN,etanol,4.4000,1
2022-10-05,RN,gasolina,5.4500,1
2022-10-05,SP,diesel_s10,59.9000,9
2022-10-05,SP,etanol,42.9700,13
2022-10-05,SP,gasolina,60.6800,13
2022-10-05,TO,diesel_s10,12.9800,2
2022-10-05,TO,etanol,16.8600,4
2022-10-05,TO,gasolina,20.2600,4
2022-10-06,AP,diesel_s10,55.9500,8
2022-10-06,AP,etanol,4.9900,1
2022-10-06,AP,gasolina,77.0400,17
2022-10-06,BA,diesel_s10,20.3600,3
2022-10-06,BA,etanol,16.0200,4
2022-10-06,BA,gasolina,20.3400,4
2022-10-06,PI,diesel_s10,6.4500,1
2022-10-06,PI,etanol,3.6800,1
2022-10-06,PI,gasolina,4.7300,1
2022-10-06,PR,diesel_s10,12.3400,2
2022-10-06,PR,etanol,7.6000,2
2022-10-06,PR,gasolina,9.8400,2
2022-10-06,SE,diesel_s10,39.0500,6
2022-10-06,SE,etanol,70.2500,18
2022-10-06,SE,gasolina,95.3200,20
2022-10-07,RR,diesel_s10,119.8200,17
2022-10-07,RR,etanol,20.2700,4
2022-10-07,RR,gasolina,90.2800,17
2022-10-10,AC,diesel_s10,29.2600,4
2022-10-10,AC,etanol,16.9600,4
2022-10-10,AC,gasolina,20.9100,4
2022-10-10,AL,diesel_s10,39.0900,6
2022-10-10,AL,etanol,64.4600,18
2022-10-10,AL,gasolina,86.5100,18
2022-10-10,DF,diesel_s10,39.3300,6
2022-10-10,DF,etanol,36.0400,10
2022-10-10,DF,gasolina,50.7500,10
2022-10-10,ES,diesel_s10,137.0800,21
2022-10-10,ES,etanol,72.3700,18
2022-10-10,ES,gasolina,124.3000,26
2022-10-10,GO,diesel_s10,113.9100,18
2022-10-10,GO,etanol,77.6700,25
2022-10-10,GO,gasolina,120.6100,26
2022-10-10,MA,diesel_s10,19.4800,3
2022-10-10,MA,etanol,8.1900,2
2022-10-10,MA,gasolina,13.4600,3
2022-10-10,MG,diesel_s10,244.2100,37
2022-10-10,MG,etanol,226.9300,64
2022-10-10,MG,gasolina,310.6700,64
2022-10-10,MS,diesel_s10,145.2500,22
2022-10-10,MS,etanol,81.1800,23
2022-10-10,MS,gasolina,111.6400,24
2022-10-10,MT,diesel_s10,33.8900,5
2022-10-10,MT,etanol,39.1100,13
2022-10-10,MT,gasolina,63.2700,13
2022-10-10,PA,diesel_s10,42.8000,6
2022-10-10,PA,etanol,61.1000,14
2022-10-10,PA,gasolina,110.0500,24
2022-10-10,PB,diesel_s10,71.3600,11
2022-10-10,PB,etanol,56.1000,17
2022-10-10,PB,gasolina,85.7200,18
2022-10-10,PI,diesel_s10,59.6200,9
2022-10-10,PI,etanol,30.4300,8
2022-10-10,PI,gasolina,43.2700,9
2022-10-10,PR,diesel_s10,52.3700,8
2022-10-10,PR,etanol,47.1500,13
2022-10-10,PR,gasolina,64.9000,13
2022-10-10,RJ,diesel_s10,351.4500,53
2022-10-10,RJ,etanol,390.0700,97
2022-10-10,RJ,gasolina,500.6400,102
2022-10-10,RN,diesel_s10,64.2100,9
2022-10-10,RN,etanol,39.7400,9
2022-10-10,RN,gasolina,54.4300,10
2022-10-10,RO,diesel_s10,89.5500,13
2022-10-10,RO,etanol,26.5700,6
2022-10-10,RO,gasolina,86.7400,18
2022-10-10,RS,diesel_s10,116.3900,18
2022-10-10,RS,etanol,37.7600,8
2022-10-10,RS,gasolina,118.7500,25
2022-10-10,SC,diesel_s10,93.1500,14
2022-10-10,SC,etanol,54.4300,13
2022-10-10,SC,gasolina,93.0200,19
2022-10-10,SE,diesel_s10,13.5800,2
2022-10-10,SE,etanol,25.4100,7
2022-10-10,SE,gasolina,38.1200,8
2022-10-10,SP,diesel_s10,851.5200,129
2022-10-10,SP,etanol,761.9200,228
2022-10-10,SP,gasolina,1083.4900,229
2022-10-10,TO,diesel_s10,66.7600,10
2022-10-10,TO,etanol,42.0900,10
2022-10-10,TO,gasolina,56.0900,11
2022-10-11,AC,diesel_s10,51.9800,7
2022-10-11,AC,etanol,16.8600,4
2022-10-11,AC,gasolina,37.7200,7
2022-10-11,AM,diesel_s10,53.3100,8
2022-10-11,AM,etanol,31.9000,8
2022-10-11,AM,gasolina,51.4600,10
2022-10-11,CE,diesel_s10,220.5500,33
2022-10-11,CE,etanol,160.1000,40
2022-10-11,CE,gasolina,203.7800,41
2022-10-11,DF,diesel_s10,58.7100,9
2022-10-11,DF,etanol,60.2400,17
2022-10-11,DF,gasolina,86.3600,17
2022-10-11,ES,diesel_s10,67.4600,10
2022-10-11,ES,etanol,36.5300,9
2022-10-11,ES,gasolina,67.2600,14
2022-10-11,GO,diesel_s10,48.2400,7
2022-10-11,GO,etanol,29.0900,9
2022-10-11,GO,gasolina,42.3100,9
2022-10-11,MA,diesel_s10,167.8100,25
2022-10-11,MA,etanol,71.3500,17
2022-10-11,MA,gasolina,132.8400,28
2022-10-11,MG,diesel_s10,191.2300,29
2022-10-11,MG,etanol,157.2300,45
2022-10-11,MG,gasolina,216.4900,45
2022-10-11,MS,etanol,3.5900,1
2022-10-11,MS,gasolina,4.7900,1
2022-10-11,MT,diesel_s10,67.3900,10
2022-10-11,MT,etanol,44.3700,15
2022-10-11,MT,gasolina,72.1900,15
2022-10-11,PA,diesel_s10,67.0900,10
2022-10-11,PA,etanol,35.7400,9
2022-10-11,PA,gasolina,62.5700,14
2022-10-11,PB,diesel_s10,83.8300,13
2022-10-11,PB,etanol,53.3800,16
2022-10-11,PB,gasolina,77.8800,16
2022-10-11,PE,diesel_s10,116.7000,18
2022-10-11,PE,etanol,92.1400,26
2022-10-11,PE,gasolina,118.3000,25
2022-10-11,PI,diesel_s10,13.3800,2
2022-10-11,PI,etanol,8.3700,2
2022-10-11,PI,gasolina,9.8700,2
2022-10-11,PR,diesel_s10,155.3000,24
2022-10-11,PR,etanol,103.7200,28
2022-10-11,PR,gasolina,139.1700,28
2022-10-11,RJ,diesel_s10,84.6900,13
2022-10-11,RJ,etanol,133.1000,33
2022-10-11,RJ,gasolina,160.4400,33
2022-10-11,RN,etanol,4.4500,1
2022-10-11,RN,gasolina,5.4500,1
2022-10-11,RS,diesel_s10,64.4400,10
2022-10-11,RS,etanol,31.7200,6
2022-10-11,RS,gasolina,81.7700,17
2022-10-11,SC,diesel_s10,38.9100,6
2022-10-11,SC,etanol,25.3400,6
2022-10-11,SC,gasolina,46.7300,10
2022-10-11,SP,diesel_s10,658.5700,99
2022-10-11,SP,etanol,495.3100,147
2022-10-11,SP,gasolina,710.1400,151
2022-10-12,AM,diesel_s10,79.4800,12
2022-10-12,AM,etanol,55.8300,14
2022-10-12,AM,gasolina,77.1700,15
2022-10-12,GO,diesel_s10,170.3800,25
2022-10-12,GO,etanol,109.6600,34
2022-10-12,GO,gasolina,157.8400,33
2022-10-12,MA,diesel_s10,27.8500,4
2022-10-12,MA,etanol,13.6400,3
2022-10-12,MA,gasolina,29.5600,6
2022-10-12,MG,diesel_s10,54.2000,8
2022-10-12,MG,etanol,32.3600,9
2022-10-12,MG,gasolina,44.1800,9
2022-10-12,MS,diesel_s10,52.5500,8
2022-10-12,MS,etanol,34.9100,10
2022-10-12,MS,gasolina,46.5000,10
2022-10-12,PB,etanol,3.2500,1
2022-10-12,PB,gasolina,4.7600,1
2022-10-12,PI,diesel_s10,87.4300,13
2022-10-12,PI,etanol,58.8900,15
2022-10-12,PI,gasolina,79.1300,16
2022-10-12,PR,diesel_s10,172.9000,26
2022-10-12,PR,etanol,134.1200,35
2022-10-12,PR,gasolina,173.7000,35
2022-10-12,RJ,diesel_s10,26.9400,4
2022-10-12,RJ,etanol,24.2800,6
2022-10-12,RJ,gasolina,29.5800,6
2022-10-12,RN,diesel_s10,14.2800,2
2022-10-12,RN,etanol,9.0900,2
2022-10-12,RN,gasolina,16.3500,3
2022-10-12,RS,diesel_s10,85.1100,13
2022-10-12,RS,etanol,49.5400,11
2022-10-12,RS,gasolina,137.2300,29
2022-10-12,SC,diesel_s10,54.3800,8
2022-10-12,SC,etanol,31.4900,7
2022-10-12,SC,gasolina,63.9900,13
2022-10-12,SP,diesel_s10,402.4400,61
2022-10-12,SP,etanol,340.7400,101
2022-10-12,SP,gasolina,484.6900,103
2022-10-12,TO,diesel_s10,19.7600,3
2022-10-12,TO,etanol,12.3000,3
2022-10-12,TO,gasolina,15.8000,3
2022-10-13,AM,diesel_s10,99.9500,15
2022-10-13,AM,etanol,63.6200,16
2022-10-13,AM,gasolina,87.5000,17
2022-10-13,AP,diesel_s10,41.3900,6
2022-10-13,AP,gasolina,76.1600,17
2022-10-13,CE,diesel_s10,139.4000,20
2022-10-13,CE,etanol,129.5900,31
2022-10-13,CE,gasolina,159.1300,32
2022-10-13,DF,diesel_s10,54.3200,8
2022-10-13,DF,etanol,71.9100,20
2022-10-13,DF,gasolina,114.9300,23
2022-10-13,ES,diesel_s10,33.4900,5
2022-10-13,ES,etanol,11.9700,3
2022-10-13,ES,gasolina,40.3100,8
2022-10-13,GO,diesel_s10,13.2800,2
2022-10-13,GO,etanol,6.5600,2
2022-10-13,GO,gasolina,9.2800,2
2022-10-13,MA,diesel_s10,6.5800,1
2022-10-13,MA,etanol,4.4900,1
2022-10-13,MA,gasolina,9.5700,2
2022-10-13,MG,diesel_s10,165.5700,25
2022-10-13,MG,etanol,127.7400,36
2022-10-13,MG,gasolina,178.0600,37
2022-10-13,MS,etanol,6.8400,2
2022-10-13,MS,gasolina,9.3300,2
2022-10-13,MT,etanol,3.1900,1
2022-10-13,MT,gasolina,4.9900,1
2022-10-13,PA,diesel_s10,39.4400,6
2022-10-13,PA,etanol,16.0600,4
2022-10-13,PA,gasolina,42.0900,9
2022-10-13,PE,diesel_s10,101.9600,16
2022-10-13,PE,etanol,66.9100,19
2022-10-13,PE,gasolina,90.9400,19
2022-10-13,PI,diesel_s10,20.0400,3
2022-10-13,PI,etanol,11.8600,3
2022-10-13,PI,gasolina,14.9700,3
2022-10-13,PR,diesel_s10,93.6900,14
2022-10-13,PR,etanol,88.6500,23
2022-10-13,PR,gasolina,114.8000,23
2022-10-13,RJ,diesel_s10,78.3700,12
2022-10-13,RJ,etanol,98.9000,24
2022-10-13,RJ,gasolina,118.8700,24
2022-10-13,RN,diesel_s10,28.5600,4
2022-10-13,RN,etanol,21.9800,5
2022-10-13,RN,gasolina,27.1900,5
2022-10-13,RS,diesel_s10,427.8500,66
2022-10-13,RS,etanol,167.6800,37
2022-10-13,RS,gasolina,442.6400,95
2022-10-13,SC,diesel_s10,178.9200,27
2022-10-13,SC,etanol,116.6000,27
2022-10-13,SC,gasolina,193.9000,40
2022-10-13,SE,diesel_s10,26.2900,4
2022-10-13,SE,etanol,46.2800,12
2022-10-13,SE,gasolina,61.6800,12
2022-10-13,SP,diesel_s10,223.3200,34
2022-10-13,SP,etanol,171.6700,50
2022-10-13,SP,gasolina,241.7400,51
2022-10-14,BA,diesel_s10,63.1300,9
2022-10-14,BA,etanol,74.4900,19
2022-10-14,BA,gasolina,105.6900,19
2022-10-14,MA,diesel_s10,79.3900,12
2022-10-14,MA,etanol,36.9600,9
2022-10-14,MA,gasolina,65.4200,14
2022-10-14,MT,diesel_s10,33.7500,5
2022-10-14,MT,etanol,18.3400,6
2022-10-14,MT,gasolina,28.9600,6
2022-10-14,PA,diesel_s10,7.1500,1
2022-10-14,PA,etanol,13.2700,3
2022-10-14,PA,gasolina,19.1200,4
2022-10-14,PE,diesel_s10,40.3000,6
2022-10-14,PE,etanol,35.6800,10
2022-10-14,PE,gasolina,49.2600,10
2022-10-14,PR,diesel_s10,12.6800,2
2022-10-14,PR,etanol,11.1400,3
2022-10-14,PR,gasolina,14.9800,3
2022-10-14,RS,diesel_s10,68.7000,11
2022-10-14,RS,etanol,16.5600,4
2022-10-14,RS,gasolina,52.7800,12
2022-10-14,SP,diesel_s10,92.9600,14
2022-10-14,SP,etanol,76.7000,22
2022-10-14,SP,gasolina,103.2900,22
2022-10-15,PR,diesel_s10,6.5900,1
2022-10-15,PR,etanol,3.8600,1
2022-10-15,PR,gasolina,4.9700,1
2022-10-16,ES,diesel_s10,58.5100,9
2022-10-16,ES,etanol,38.2500,9
2022-10-16,ES,gasolina,52.4400,11
2022-10-16,SC,diesel_s10,32.5600,5
2022-10-16,SC,etanol,16.6200,4
2022-10-16,SC,gasolina,23.4300,5
2022-10-17,AL,diesel_s10,46.2200,7
2022-10-17,AL,etanol,64.8400,18
2022-10-17,AL,gasolina,91.0300,18
2022-10-17,AM,diesel_s10,47.4800,7
2022-10-17,AM,etanol,27.8100,7
2022-10-17,AM,gasolina,46.3100,9
2022-10-17,DF,diesel_s10,40.0500,6
2022-10-17,DF,etanol,36.5500,10
2022-10-17,DF,gasolina,48.9800,10
2022-10-17,ES,diesel_s10,204.9900,31
2022-10-17,ES,etanol,121.0100,30
2022-10-17,ES,gasolina,190.7900,40
2022-10-17,GO,diesel_s10,107.9600,16
2022-10-17,GO,etanol,62.9300,19
2022-10-17,GO,gasolina,95.3400,20
2022-10-17,MA,diesel_s10,47.1600,7
2022-10-17,MA,etanol,20.7500,5
2022-10-17,MA,gasolina,33.7200,7
2022-10-17,MG,diesel_s10,170.2600,26
2022-10-17,MG,etanol,137.3000,39
2022-10-17,MG,gasolina,181.0400,38
2022-10-17,MS,diesel_s10,133.1500,20
2022-10-17,MS,etanol,79.6400,22
2022-10-17,MS,gasolina,107.6500,23
2022-10-17,MT,diesel_s10,47.9200,7
2022-10-17,MT,etanol,31.2400,10
2022-10-17,MT,gasolina,48.5800,10
2022-10-17,PA,diesel_s10,35.5900,5
2022-10-17,PA,etanol,29.7200,7
2022-10-17,PA,gasolina,74.6600,16
2022-10-17,PB,diesel_s10,57.9600,9
2022-10-17,PB,etanol,59.2700,18
2022-10-17,PB,gasolina,86.1800,18
2022-10-17,PI,diesel_s10,62.2400,9
2022-10-17,PI,etanol,31.5400,8
2022-10-17,PI,gasolina,45.1100,9
2022-10-17,PR,diesel_s10,238.2500,36
2022-10-17,PR,etanol,175.9100,47
2022-10-17,PR,gasolina,236.2300,47
2022-10-17,RJ,diesel_s10,362.2900,55
2022-10-17,RJ,etanol,425.4000,104
2022-10-17,RJ,gasolina,548.3100,111
2022-10-17,RN,diesel_s10,63.1900,9
2022-10-17,RN,etanol,48.3100,11
2022-10-17,RN,gasolina,60.1200,11
2022-10-17,RO,diesel_s10,90.3900,13
2022-10-17,RO,etanol,17.9700,4
2022-10-17,RO,gasolina,96.6800,19
2022-10-17,RR,diesel_s10,42.1400,6
2022-10-17,RR,etanol,4.7900,1
2022-10-17,RR,gasolina,36.7500,7
2022-10-17,RS,diesel_s10,157.3600,24
2022-10-17,RS,etanol,65.1900,15
2022-10-17,RS,gasolina,206.3100,44
2022-10-17,SC,diesel_s10,121.7700,18
2022-10-17,SC,etanol,74.0900,17
2022-10-17,SC,gasolina,147.9900,31
2022-10-17,SP,diesel_s10,1151.7100,174
2022-10-17,SP,etanol,1043.1800,303
2022-10-17,SP,gasolina,1448.3000,304
2022-10-17,TO,diesel_s10,32.6200,5
2022-10-17,TO,etanol,16.1500,4
2022-10-17,TO,gasolina,26.1600,5
2022-10-18,AC,diesel_s10,7.5900,1
2022-10-18,AC,etanol,3.9900,1
2022-10-18,AC,gasolina,5.2900,1
2022-10-18,AM,diesel_s10,94.3600,14
2022-10-18,AM,etanol,66.8700,17
2022-10-18,AM,gasolina,92.6600,18
2022-10-18,AP,diesel_s10,28.3200,4
2022-10-18,AP,gasolina,77.1300,17
2022-10-18,CE,diesel_s10,197.2200,28
2022-10-18,CE,etanol,173.6000,43
2022-10-18,CE,gasolina,212.9900,43
2022-10-18,DF,diesel_s10,134.2600,20
2022-10-18,DF,etanol,128.2700,35
2022-10-18,DF,gasolina,173.3200,35
2022-10-18,GO,diesel_s10,192.0000,29
2022-10-18,GO,etanol,120.6200,37
2022-10-18,GO,gasolina,178.3200,38
2022-10-18,MA,diesel_s10,92.4000,14
2022-10-18,MA,etanol,33.0600,8
2022-10-18,MA,gasolina,65.5400,14
2022-10-18,MG,diesel_s10,300.5300,45
2022-10-18,MG,etanol,254.3200,71
2022-10-18,MG,gasolina,343.5900,71
2022-10-18,MS,diesel_s10,45.7200,7
2022-10-18,MS,etanol,24.4900,7
2022-10-18,MS,gasolina,32.4900,7
2022-10-18,MT,diesel_s10,88.2400,13
2022-10-18,MT,etanol,52.4700,17
2022-10-18,MT,gasolina,83.2100,17
2022-10-18,PA,diesel_s10,60.2900,9
2022-10-18,PA,etanol,30.9200,8
2022-10-18,PA,gasolina,59.1300,13
2022-10-18,PE,diesel_s10,141.9100,22
2022-10-18,PE,etanol,93.5700,26
2022-10-18,PE,gasolina,125.0900,26
2022-10-18,PR,diesel_s10,86.8800,13
2022-10-18,PR,etanol,52.3900,14
2022-10-18,PR,gasolina,73.8400,15
2022-10-18,RJ,diesel_s10,73.3500,11
2022-10-18,RJ,etanol,154.0600,37
2022-10-18,RJ,gasolina,181.4700,37
2022-10-18,RN,diesel_s10,35.1700,5
2022-10-18,RN,etanol,32.5700,8
2022-10-18,RN,gasolina,49.0200,9
2022-10-18,RR,diesel_s10,63.6300,9
2022-10-18,RR,etanol,9.6400,2
2022-10-18,RR,gasolina,52.5000,10
2022-10-18,RS,diesel_s10,78.5800,12
2022-10-18,RS,etanol,36.5200,8
2022-10-18,RS,gasolina,136.0100,29
2022-10-18,SC,diesel_s10,58.8800,9
2022-10-18,SC,etanol,50.6900,11
2022-10-18,SC,gasolina,83.1900,17
2022-10-18,SE,diesel_s10,6.8900,1
2022-10-18,SE,etanol,14.8200,4
2022-10-18,SE,gasolina,20.3600,4
2022-10-18,SP,diesel_s10,497.9800,75
2022-10-18,SP,etanol,384.0400,110
2022-10-18,SP,gasolina,525.5500,110
2022-10-18,TO,diesel_s10,12.9800,2
2022-10-18,TO,etanol,12.8700,3
2022-10-18,TO,gasolina,15.3700,3
2022-10-19,AC,diesel_s10,52.3900,7
2022-10-19,AC,etanol,16.7600,4
2022-10-19,AC,gasolina,37.2800,7
2022-10-19,AM,diesel_s10,74.0900,11
2022-10-19,AM,etanol,46.8800,12
2022-10-19,AM,gasolina,72.0900,14
2022-10-19,BA,diesel_s10,31.4800,4
2022-10-19,BA,etanol,42.7200,11
2022-10-19,BA,gasolina,61.2200,11
2022-10-19,CE,diesel_s10,83.2100,12
2022-10-19,CE,etanol,49.2100,13
2022-10-19,CE,gasolina,68.2800,14
2022-10-19,DF,diesel_s10,12.8700,2
2022-10-19,DF,etanol,21.5400,6
2022-10-19,DF,gasolina,34.7800,7
2022-10-19,ES,diesel_s10,12.9800,2
2022-10-19,ES,etanol,12.5100,3
2022-10-19,ES,gasolina,14.4500,3
2022-10-19,GO,diesel_s10,19.9700,3
2022-10-19,GO,etanol,13.1600,4
2022-10-19,GO,gasolina,19.1600,4
2022-10-19,MA,diesel_s10,56.4200,8
2022-10-19,MA,etanol,22.6200,5
2022-10-19,MA,gasolina,45.5000,9
2022-10-19,MG,diesel_s10,138.7200,21
2022-10-19,MG,etanol,125.3500,35
2022-10-19,MG,gasolina,169.5700,35
2022-10-19,MS,diesel_s10,39.0200,6
2022-10-19,MS,etanol,24.4400,7
2022-10-19,MS,gasolina,37.1400,8
2022-10-19,MT,diesel_s10,20.6500,3
2022-10-19,MT,etanol,28.6500,9
2022-10-19,MT,gasolina,44.5600,9
2022-10-19,PA,diesel_s10,20.4700,3
2022-10-19,PA,etanol,4.0900,1
2022-10-19,PA,gasolina,13.9400,3
2022-10-19,PB,diesel_s10,96.6700,15
2022-10-19,PB,etanol,53.0700,16
2022-10-19,PB,gasolina,82.3500,17
2022-10-19,PE,diesel_s10,52.6800,8
2022-10-19,PE,etanol,31.2700,9
2022-10-19,PE,gasolina,49.1100,10
2022-10-19,PI,diesel_s10,89.6500,13
2022-10-19,PI,etanol,43.3600,11
2022-10-19,PI,gasolina,66.5500,13
2022-10-19,PR,diesel_s10,190.7100,29
2022-10-19,PR,etanol,186.3800,48
2022-10-19,PR,gasolina,245.0600,49
2022-10-19,RJ,diesel_s10,71.5100,11
2022-10-19,RJ,etanol,92.0800,22
2022-10-19,RJ,gasolina,108.5800,22
2022-10-19,RN,diesel_s10,41.8500,6
2022-10-19,RN,etanol,29.4800,7
2022-10-19,RN,gasolina,38.0800,7
2022-10-19,RR,gasolina,10.5000,2
2022-10-19,RS,diesel_s10,430.3600,68
2022-10-19,RS,etanol,165.2800,36
2022-10-19,RS,gasolina,419.2300,89
2022-10-19,SC,diesel_s10,221.4700,34
2022-10-19,SC,etanol,128.3600,29
2022-10-19,SC,gasolina,234.0800,48
2022-10-19,SP,diesel_s10,601.1900,91
2022-10-19,SP,etanol,544.6200,156
2022-10-19,SP,gasolina,767.7000,161
2022-10-19,TO,diesel_s10,34.4300,5
2022-10-19,TO,etanol,21.6800,5
2022-10-19,TO,gasolina,31.8700,6
2022-10-20,AC,diesel_s10,22.4200,3
2022-10-20,AC,etanol,8.5800,2
2022-10-20,AC,gasolina,15.8700,3
2022-10-20,BA,diesel_s10,60.6600,8
2022-10-20,BA,etanol,43.6900,11
2022-10-20,BA,gasolina,49.7100,9
2022-10-20,CE,diesel_s10,89.7900,13
2022-10-20,CE,etanol,68.2500,16
2022-10-20,CE,gasolina,78.7300,16
2022-10-20,ES,diesel_s10,27.0600,4
2022-10-20,ES,etanol,12.7300,3
2022-10-20,ES,gasolina,39.9100,8
2022-10-20,GO,diesel_s10,86.5800,13
2022-10-20,GO,etanol,60.1300,18
2022-10-20,GO,gasolina,86.0300,18
2022-10-20,MA,diesel_s10,36.8000,5
2022-10-20,MA,etanol,13.6000,3
2022-10-20,MA,gasolina,35.4500,7
2022-10-20,MG,diesel_s10,328.1900,49
2022-10-20,MG,etanol,199.9400,56
2022-10-20,MG,gasolina,271.1100,56
2022-10-20,PA,diesel_s10,40.5900,6
2022-10-20,PA,etanol,16.3600,4
2022-10-20,PA,gasolina,42.5500,9
2022-10-20,PE,diesel_s10,73.4100,11
2022-10-20,PE,etanol,84.6800,24
2022-10-20,PE,gasolina,113.4200,23
2022-10-20,PI,diesel_s10,27.7500,4
2022-10-20,PI,etanol,23.9100,6
2022-10-20,PI,gasolina,30.8500,6
2022-10-20,PR,diesel_s10,12.8600,2
2022-10-20,PR,etanol,7.7500,2
2022-10-20,PR,gasolina,9.9600,2
2022-10-20,RJ,diesel_s10,19.6300,3
2022-10-20,RJ,etanol,12.8700,3
2022-10-20,RJ,gasolina,15.2700,3
2022-10-20,RN,diesel_s10,27.3100,4
2022-10-20,RN,etanol,20.2900,5
2022-10-20,RN,gasolina,27.2600,5
2022-10-20,RS,diesel_s10,25.2300,4
2022-10-20,RS,etanol,8.3800,2
2022-10-20,RS,gasolina,22.9600,5
2022-10-20,SC,diesel_s10,50.2700,8
2022-10-20,SC,etanol,30.1000,7
2022-10-20,SC,gasolina,53.0600,11
2022-10-20,SE,diesel_s10,7.3900,1
2022-10-20,SE,etanol,47.5700,13
2022-10-20,SE,gasolina,70.6900,14
2022-10-20,SP,diesel_s10,505.7200,76
2022-10-20,SP,etanol,356.0900,100
2022-10-20,SP,gasolina,482.9700,101
2022-10-21,PE,diesel_s10,32.1100,5
2022-10-21,PE,etanol,17.2500,5
2022-10-21,PE,gasolina,24.5700,5
2022-10-21,RN,diesel_s10,6.9500,1
2022-10-21,RN,etanol,3.8700,1
2022-10-21,RN,gasolina,5.4900,1
2022-10-21,RS,diesel_s10,6.2900,1
2022-10-21,RS,etanol,4.2900,1
2022-10-21,RS,gasolina,9.1800,2
2022-10-21,SP,diesel_s10,93.9000,14
2022-10-21,SP,etanol,76.1400,21
2022-10-21,SP,gasolina,104.3100,21
2022-10-24,AL,diesel_s10,46.6200,7
2022-10-24,AL,etanol,64.8700,18
2022-10-24,AL,gasolina,88.7800,18
2022-10-24,AM,diesel_s10,34.2000,5
2022-10-24,AM,etanol,23.2200,6
2022-10-24,AM,gasolina,41.1600,8
2022-10-24,CE,diesel_s10,168.8700,24
2022-10-24,CE,etanol,135.7400,34
2022-10-24,CE,gasolina,163.0800,33
2022-10-24,DF,diesel_s10,53.0900,8
2022-10-24,DF,etanol,48.8200,13
2022-10-24,DF,gasolina,66.3200,13
2022-10-24,ES,diesel_s10,152.2800,23
2022-10-24,ES,etanol,98.3000,24
2022-10-24,ES,gasolina,150.7700,31
2022-10-24,GO,diesel_s10,26.9100,4
2022-10-24,GO,etanol,13.7400,4
2022-10-24,GO,gasolina,18.9600,4
2022-10-24,MA,diesel_s10,112.7300,17
2022-10-24,MA,etanol,42.3000,10
2022-10-24,MA,gasolina,79.9300,17
2022-10-24,MG,diesel_s10,474.7900,72
2022-10-24,MG,etanol,349.5600,96
2022-10-24,MG,gasolina,461.6900,95
2022-10-24,MS,diesel_s10,80.9200,12
2022-10-24,MS,etanol,52.5600,14
2022-10-24,MS,gasolina,67.3300,14
2022-10-24,MT,diesel_s10,27.1800,4
2022-10-24,MT,etanol,30.5400,9
2022-10-24,MT,gasolina,44.8100,9
2022-10-24,PA,diesel_s10,48.1600,7
2022-10-24,PA,etanol,26.6300,6
2022-10-24,PA,gasolina,83.4500,18
2022-10-24,PB,diesel_s10,84.2700,13
2022-10-24,PB,etanol,72.6300,22
2022-10-24,PB,gasolina,109.8400,23
2022-10-24,PI,diesel_s10,103.9000,15
2022-10-24,PI,etanol,63.7000,16
2022-10-24,PI,gasolina,87.6900,17
2022-10-24,PR,diesel_s10,144.9300,22
2022-10-24,PR,etanol,134.8200,35
2022-10-24,PR,gasolina,177.4300,35
2022-10-24,RJ,diesel_s10,369.5200,56
2022-10-24,RJ,etanol,408.6700,96
2022-10-24,RJ,gasolina,504.8100,101
2022-10-24,RN,diesel_s10,76.2100,11
2022-10-24,RN,etanol,44.7200,11
2022-10-24,RN,gasolina,59.8800,11
2022-10-24,RO,diesel_s10,134.0600,19
2022-10-24,RO,etanol,27.8800,6
2022-10-24,RO,gasolina,105.2600,21
2022-10-24,RR,diesel_s10,27.8800,4
2022-10-24,RR,etanol,4.7900,1
2022-10-24,RR,gasolina,21.0000,4
2022-10-24,RS,diesel_s10,237.7800,37
2022-10-24,RS,etanol,93.6900,21
2022-10-24,RS,gasolina,312.2200,67
2022-10-24,SC,diesel_s10,161.7700,24
2022-10-24,SC,etanol,108.1700,24
2022-10-24,SC,gasolina,203.7700,42
2022-10-24,SP,diesel_s10,1175.9800,178
2022-10-24,SP,etanol,1017.3300,286
2022-10-24,SP,gasolina,1398.4900,289
2022-10-25,AC,diesel_s10,37.5400,5
2022-10-25,AC,etanol,16.8600,4
2022-10-25,AC,gasolina,26.5200,5
2022-10-25,AM,diesel_s10,79.9800,12
2022-10-25,AM,etanol,53.4600,14
2022-10-25,AM,gasolina,77.1800,15
2022-10-25,CE,diesel_s10,152.2700,22
2022-10-25,CE,etanol,123.6300,30
2022-10-25,CE,gasolina,152.6300,31
2022-10-25,DF,diesel_s10,121.8200,18
2022-10-25,DF,etanol,132.4800,35
2022-10-25,DF,gasolina,181.4400,36
2022-10-25,ES,diesel_s10,64.2000,10
2022-10-25,ES,etanol,49.1300,12
2022-10-25,ES,gasolina,76.9200,16
2022-10-25,GO,diesel_s10,271.2500,41
2022-10-25,GO,etanol,198.3000,58
2022-10-25,GO,gasolina,266.1900,56
2022-10-25,MA,diesel_s10,48.1000,7
2022-10-25,MA,etanol,26.1900,6
2022-10-25,MA,gasolina,44.3100,9
2022-10-25,MG,diesel_s10,337.8800,51
2022-10-25,MG,etanol,327.7900,90
2022-10-25,MG,gasolina,440.0200,90
2022-10-25,MS,diesel_s10,52.2300,8
2022-10-25,MS,etanol,35.7000,10
2022-10-25,MS,gasolina,42.0000,9
2022-10-25,MT,diesel_s10,40.4900,6
2022-10-25,MT,etanol,26.2800,8
2022-10-25,MT,gasolina,39.2000,8
2022-10-25,PA,diesel_s10,60.3800,9
2022-10-25,PA,etanol,27.3300,7
2022-10-25,PA,gasolina,59.1300,13
2022-10-25,PE,diesel_s10,153.6600,23
2022-10-25,PE,etanol,91.5300,24
2022-10-25,PE,gasolina,128.1000,25
2022-10-25,PI,diesel_s10,20.0700,3
2022-10-25,PI,etanol,11.7400,3
2022-10-25,PI,gasolina,10.1800,2
2022-10-25,PR,diesel_s10,243.0900,37
2022-10-25,PR,etanol,169.1800,45
2022-10-25,PR,gasolina,219.0700,45
2022-10-25,RJ,diesel_s10,184.0500,28
2022-10-25,RJ,etanol,278.4700,65
2022-10-25,RJ,gasolina,346.5600,69
2022-10-25,RN,diesel_s10,85.1600,12
2022-10-25,RN,etanol,90.3600,21
2022-10-25,RN,gasolina,118.4200,22
2022-10-25,RR,diesel_s10,28.1800,4
2022-10-25,RR,etanol,4.8500,1
2022-10-25,RR,gasolina,26.2500,5
2022-10-25,RS,diesel_s10,376.6400,58
2022-10-25,RS,etanol,156.6400,34
2022-10-25,RS,gasolina,402.9100,85
2022-10-25,SC,diesel_s10,300.1600,46
2022-10-25,SC,etanol,142.5700,32
2022-10-25,SC,gasolina,271.5900,56
2022-10-25,SE,diesel_s10,13.9900,2
2022-10-25,SE,etanol,40.6100,11
2022-10-25,SE,gasolina,60.4600,12
2022-10-25,SP,diesel_s10,1120.3100,168
2022-10-25,SP,etanol,917.0900,256
2022-10-25,SP,gasolina,1248.5200,257
2022-10-25,TO,diesel_s10,87.2200,13
2022-10-25,TO,etanol,45.5900,11
2022-10-25,TO,gasolina,67.1300,13
2022-10-26,AC,diesel_s10,52.2900,7
2022-10-26,AC,etanol,12.5600,3
2022-10-26,AC,gasolina,37.1000,7
2022-10-26,AM,diesel_s10,86.6700,13
2022-10-26,AM,etanol,61.6000,16
2022-10-26,AM,gasolina,87.4500,17
2022-10-26,AP,diesel_s10,42.4400,6
2022-10-26,AP,gasolina,32.4600,7
2022-10-26,BA,diesel_s10,86.7200,12
2022-10-26,BA,etanol,77.9400,20
2022-10-26,BA,gasolina,108.2700,20
2022-10-26,CE,diesel_s10,69.9200,10
2022-10-26,CE,etanol,47.9100,12
2022-10-26,CE,gasolina,64.4600,13
2022-10-26,DF,diesel_s10,6.5500,1
2022-10-26,DF,etanol,3.5900,1
2022-10-26,DF,gasolina,4.8900,1
2022-10-26,ES,diesel_s10,40.1600,6
2022-10-26,ES,etanol,21.4500,5
2022-10-26,ES,gasolina,60.5200,12
2022-10-26,GO,diesel_s10,111.9000,17
2022-10-26,GO,etanol,85.7100,25
2022-10-26,GO,gasolina,121.6200,25
2022-10-26,MA,diesel_s10,49.6000,7
2022-10-26,MA,etanol,27.2700,6
2022-10-26,MA,gasolina,35.7700,7
2022-10-26,MG,diesel_s10,155.0900,23
2022-10-26,MG,etanol,142.7800,39
2022-10-26,MG,gasolina,193.6100,40
2022-10-26,MS,diesel_s10,78.5700,12
2022-10-26,MS,etanol,42.4300,12
2022-10-26,MS,gasolina,60.7900,13
2022-10-26,MT,diesel_s10,87.9500,13
2022-10-26,MT,etanol,50.8800,16
2022-10-26,MT,gasolina,83.1500,17
2022-10-26,PA,etanol,4.1600,1
2022-10-26,PA,gasolina,4.6300,1
2022-10-26,PB,etanol,3.2500,1
2022-10-26,PB,gasolina,4.7600,1
2022-10-26,PE,diesel_s10,64.7600,10
2022-10-26,PE,etanol,42.9000,12
2022-10-26,PE,gasolina,62.3700,13
2022-10-26,PI,diesel_s10,54.4500,8
2022-10-26,PI,etanol,35.2900,9
2022-10-26,PI,gasolina,45.0600,9
2022-10-26,PR,diesel_s10,213.8200,32
2022-10-26,PR,etanol,183.1900,48
2022-10-26,PR,gasolina,227.3600,46
2022-10-26,RJ,diesel_s10,153.2200,23
2022-10-26,RJ,etanol,159.1700,38
2022-10-26,RJ,gasolina,196.4000,39
2022-10-26,RN,diesel_s10,34.3100,5
2022-10-26,RN,etanol,28.8700,7
2022-10-26,RN,gasolina,38.1600,7
2022-10-26,RO,diesel_s10,43.9400,6
2022-10-26,RO,etanol,14.2100,3
2022-10-26,RO,gasolina,30.4900,6
2022-10-26,RR,diesel_s10,58.2200,8
2022-10-26,RR,etanol,10.2800,2
2022-10-26,RR,gasolina,42.0000,8
2022-10-26,RS,diesel_s10,304.6300,47
2022-10-26,RS,etanol,100.2500,21
2022-10-26,RS,gasolina,259.4300,54
2022-10-26,SC,diesel_s10,161.5400,25
2022-10-26,SC,etanol,78.9700,18
2022-10-26,SC,gasolina,156.3200,32
2022-10-26,SE,diesel_s10,20.8300,3
2022-10-26,SE,etanol,19.7800,5
2022-10-26,SE,gasolina,25.3800,5
2022-10-26,SP,diesel_s10,979.4600,148
2022-10-26,SP,etanol,769.7400,214
2022-10-26,SP,gasolina,1056.7800,220
2022-10-26,TO,diesel_s10,47.5300,7
2022-10-26,TO,etanol,29.6900,7
2022-10-26,TO,gasolina,42.2500,8
2022-10-27,AP,diesel_s10,13.9800,2
2022-10-27,AP,gasolina,45.6600,10
2022-10-27,BA,diesel_s10,83.8000,12
2022-10-27,BA,etanol,46.9000,12
2022-10-27,BA,gasolina,62.8500,12
2022-10-27,CE,diesel_s10,89.6100,13
2022-10-27,CE,etanol,57.0700,13
2022-10-27,CE,gasolina,82.5100,16
2022-10-27,ES,diesel_s10,77.1100,12
2022-10-27,ES,etanol,32.2100,8
2022-10-27,ES,gasolina,67.2900,14
2022-10-27,GO,diesel_s10,67.0600,10
2022-10-27,GO,etanol,58.1200,17
2022-10-27,GO,gasolina,81.0600,17
2022-10-27,MA,diesel_s10,40.8600,6
2022-10-27,MA,etanol,12.9700,3
2022-10-27,MA,gasolina,34.2100,7
2022-10-27,MG,diesel_s10,282.4400,42
2022-10-27,MG,etanol,220.4900,60
2022-10-27,MG,gasolina,304.9500,62
2022-10-27,PA,diesel_s10,158.1600,22
2022-10-27,PA,etanol,68.9200,15
2022-10-27,PA,gasolina,157.0500,30
2022-10-27,PB,diesel_s10,90.0000,14
2022-10-27,PB,etanol,53.3600,16
2022-10-27,PB,gasolina,77.3700,16
2022-10-27,PE,diesel_s10,13.2800,2
2022-10-27,PE,etanol,17.7500,5
2022-10-27,PE,gasolina,24.4300,5
2022-10-27,PR,diesel_s10,19.7200,3
2022-10-27,PR,etanol,15.6600,4
2022-10-27,PR,gasolina,19.9600,4
2022-10-27,RJ,diesel_s10,105.8400,16
2022-10-27,RJ,etanol,88.0300,20
2022-10-27,RJ,gasolina,104.5600,20
2022-10-27,RN,diesel_s10,6.5200,1
2022-10-27,RN,etanol,8.4600,2
2022-10-27,RN,gasolina,9.9400,2
2022-10-27,RO,diesel_s10,14.6000,2
2022-10-27,RO,gasolina,10.2400,2
2022-10-27,RS,diesel_s10,72.8100,11
2022-10-27,RS,etanol,25.8500,5
2022-10-27,RS,gasolina,73.3500,15
2022-10-27,SC,diesel_s10,20.5500,3
2022-10-27,SC,etanol,17.4600,4
2022-10-27,SC,gasolina,35.5900,7
2022-10-27,SP,diesel_s10,385.0700,58
2022-10-27,SP,etanol,281.3800,78
2022-10-27,SP,gasolina,390.9700,79
2022-10-27,TO,diesel_s10,52.4400,8
2022-10-27,TO,etanol,31.2200,7
2022-10-27,TO,gasolina,57.3400,11
2022-10-28,BA,diesel_s10,65.4300,9
2022-10-28,BA,etanol,49.5800,13
2022-10-28,BA,gasolina,70.0200,13
2022-10-28,ES,diesel_s10,6.9900,1
2022-10-28,ES,gasolina,5.0900,1
2022-10-28,MA,diesel_s10,32.6000,5
2022-10-28,MA,etanol,8.5800,2
2022-10-28,MA,gasolina,27.6700,6
2022-10-28,MG,diesel_s10,136.1200,21
2022-10-28,MG,etanol,86.7900,24
2022-10-28,MG,gasolina,120.2900,25
2022-10-28,PE,diesel_s10,92.2100,14
2022-10-28,PE,etanol,60.1600,17
2022-10-28,PE,gasolina,78.1000,16
2022-10-28,PR,diesel_s10,19.7200,3
2022-10-28,PR,etanol,23.5000,6
2022-10-28,PR,gasolina,24.8100,5
2022-10-28,RS,diesel_s10,52.1500,8
2022-10-28,RS,etanol,15.9100,3
2022-10-28,RS,gasolina,61.4900,13
2022-10-28,SC,diesel_s10,13.2000,2
2022-10-28,SC,etanol,13.7000,3
2022-10-28,SC,gasolina,15.2700,3
2022-10-28,SP,diesel_s10,363.8300,55
2022-10-28,SP,etanol,271.5600,76
2022-10-28,SP,gasolina,365.2000,76
2022-10-31,AC,diesel_s10,74.9500,10
2022-10-31,AC,etanol,25.2400,6
2022-10-31,AC,gasolina,52.8300,10
2022-10-31,AL,diesel_s10,53.2900,8
2022-10-31,AL,etanol,62.4600,17
2022-10-31,AL,gasolina,88.8100,18
2022-10-31,AM,diesel_s10,27.4600,4
2022-10-31,AM,etanol,19.0900,5
2022-10-31,AM,gasolina,25.5800,5
2022-10-31,BA,diesel_s10,20.8100,3
2022-10-31,BA,etanol,13.8400,4
2022-10-31,BA,gasolina,21.4400,4
2022-10-31,CE,diesel_s10,97.8100,14
2022-10-31,CE,etanol,90.0600,23
2022-10-31,CE,gasolina,108.4200,22
2022-10-31,DF,diesel_s10,12.9800,2
2022-10-31,DF,etanol,27.2000,7
2022-10-31,DF,gasolina,34.8300,7
2022-10-31,ES,diesel_s10,279.1600,43
2022-10-31,ES,etanol,173.0800,42
2022-10-31,ES,gasolina,289.1900,60
2022-10-31,MA,diesel_s10,7.0900,1
2022-10-31,MA,gasolina,5.5900,1
2022-10-31,MG,diesel_s10,423.5500,64
2022-10-31,MG,etanol,359.2700,99
2022-10-31,MG,gasolina,478.3800,98
2022-10-31,MS,diesel_s10,113.9200,17
2022-10-31,MS,etanol,67.6200,18
2022-10-31,MS,gasolina,93.6800,19
2022-10-31,MT,diesel_s10,96.9300,14
2022-10-31,MT,etanol,57.0600,17
2022-10-31,MT,gasolina,84.5500,17
2022-10-31,PA,diesel_s10,41.5000,6
2022-10-31,PA,etanol,30.3800,7
2022-10-31,PA,gasolina,88.5800,19
2022-10-31,PB,diesel_s10,187.5900,29
2022-10-31,PB,etanol,132.2400,40
2022-10-31,PB,gasolina,192.0800,40
2022-10-31,PE,diesel_s10,34.6000,5
2022-10-31,PE,etanol,19.4500,5
2022-10-31,PE,gasolina,26.9200,5
2022-10-31,PI,diesel_s10,89.3200,13
2022-10-31,PI,etanol,50.8200,13
2022-10-31,PI,gasolina,69.9000,14
2022-10-31,PR,diesel_s10,231.8000,35
2022-10-31,PR,etanol,179.8300,48
2022-10-31,PR,gasolina,233.2300,47
2022-10-31,RJ,diesel_s10,376.2900,57
2022-10-31,RJ,etanol,353.4500,83
2022-10-31,RJ,gasolina,453.5000,90
2022-10-31,RN,diesel_s10,14.0800,2
2022-10-31,RN,etanol,13.3200,3
2022-10-31,RN,gasolina,16.1200,3
2022-10-31,RO,diesel_s10,90.1600,13
2022-10-31,RO,etanol,22.8700,5
2022-10-31,RO,gasolina,89.8000,18
2022-10-31,RR,diesel_s10,42.4900,6
2022-10-31,RR,etanol,9.6400,2
2022-10-31,RR,gasolina,31.5000,6
2022-10-31,RS,diesel_s10,52.3800,8
2022-10-31,RS,etanol,27.8000,6
2022-10-31,RS,gasolina,72.2700,15
2022-10-31,SC,diesel_s10,159.5000,24
2022-10-31,SC,etanol,114.6800,26
2022-10-31,SC,gasolina,198.5400,41
2022-10-31,SP,diesel_s10,1100.4900,166
2022-10-31,SP,etanol,992.6100,278
2022-10-31,SP,gasolina,1378.9800,283
2022-10-31,TO,diesel_s10,39.3000,6
2022-10-31,TO,etanol,26.3000,6
2022-10-31,TO,gasolina,51.6000,10
2022-11-01,AM,diesel_s10,73.9900,11
2022-11-01,AM,etanol,49.4300,13
2022-11-01,AM,gasolina,71.2100,14
2022-11-01,BA,diesel_s10,6.9400,1
2022-11-01,BA,etanol,3.4300,1
2022-11-01,BA,gasolina,5.3300,1
2022-11-01,CE,diesel_s10,127.9600,18
2022-11-01,CE,etanol,116.9700,28
2022-11-01,CE,gasolina,134.7600,27
2022-11-01,DF,diesel_s10,75.4600,11
2022-11-01,DF,etanol,80.9200,20
2022-11-01,DF,gasolina,106.3000,20
2022-11-01,ES,diesel_s10,67.2300,10
2022-11-01,ES,etanol,34.5300,8
2022-11-01,ES,gasolina,55.9700,11
2022-11-01,GO,diesel_s10,27.3100,4
2022-11-01,GO,etanol,17.0000,5
2022-11-01,GO,gasolina,23.5500,5
2022-11-01,MA,diesel_s10,110.5200,16
2022-11-01,MA,etanol,38.1200,8
2022-11-01,MA,gasolina,84.0900,16
2022-11-01,MG,diesel_s10,171.1200,26
2022-11-01,MG,etanol,181.5600,49
2022-11-01,MG,gasolina,238.9900,49
2022-11-01,MS,diesel_s10,12.8800,2
2022-11-01,MS,etanol,7.0800,2
2022-11-01,MS,gasolina,9.3800,2
2022-11-01,MT,diesel_s10,101.4800,15
2022-11-01,MT,etanol,54.2300,17
2022-11-01,MT,gasolina,83.3900,17
2022-11-01,PA,diesel_s10,73.3500,11
2022-11-01,PA,etanol,28.1100,7
2022-11-01,PA,gasolina,60.1600,13
2022-11-01,PE,diesel_s10,108.6000,17
2022-11-01,PE,etanol,58.2800,16
2022-11-01,PE,gasolina,81.0600,17
2022-11-01,PI,diesel_s10,33.7800,5
2022-11-01,PI,etanol,19.9900,5
2022-11-01,PI,gasolina,25.3100,5
2022-11-01,PR,diesel_s10,181.4200,27
2022-11-01,PR,etanol,145.9200,36
2022-11-01,PR,gasolina,180.9900,35
2022-11-01,RJ,diesel_s10,238.2400,36
2022-11-01,RJ,etanol,297.7900,69
2022-11-01,RJ,gasolina,351.9700,70
2022-11-01,RN,diesel_s10,56.8200,8
2022-11-01,RN,etanol,41.8700,10
2022-11-01,RN,gasolina,49.2700,9
2022-11-01,RR,diesel_s10,64.6900,9
2022-11-01,RR,etanol,4.7900,1
2022-11-01,RR,gasolina,47.2500,9
2022-11-01,RS,diesel_s10,301.2000,46
2022-11-01,RS,etanol,97.0600,20
2022-11-01,RS,gasolina,347.0000,70
2022-11-01,SC,diesel_s10,177.0600,27
2022-11-01,SC,etanol,93.5700,21
2022-11-01,SC,gasolina,205.2900,42
2022-11-01,SP,diesel_s10,782.0700,118
2022-11-01,SP,etanol,576.7300,158
2022-11-01,SP,gasolina,782.0200,160
2022-11-01,TO,diesel_s10,19.6700,3
2022-11-01,TO,etanol,17.3500,4
2022-11-01,TO,gasolina,21.1200,4
2022-11-02,AC,diesel_s10,7.4400,1
2022-11-02,AC,etanol,8.3700,2
2022-11-02,AC,gasolina,10.5100,2
2022-11-02,AL,diesel_s10,54.1800,8
2022-11-02,AL,etanol,37.3000,10
2022-11-02,AL,gasolina,58.1400,11
2022-11-02,AM,diesel_s10,87.4300,13
2022-11-02,AM,etanol,53.0900,14
2022-11-02,AM,gasolina,87.1000,17
2022-11-02,BA,diesel_s10,122.4100,17
2022-11-02,BA,etanol,74.8600,19
2022-11-02,BA,gasolina,102.2800,19
2022-11-02,DF,diesel_s10,34.1500,5
2022-11-02,DF,etanol,36.0500,9
2022-11-02,DF,gasolina,48.5500,9
2022-11-02,ES,diesel_s10,6.3400,1
2022-11-02,ES,etanol,4.2900,1
2022-11-02,ES,gasolina,10.1900,2
2022-11-02,GO,diesel_s10,6.6900,1
2022-11-02,GO,etanol,3.7600,1
2022-11-02,GO,gasolina,5.1500,1
2022-11-02,MA,diesel_s10,57.4700,8
2022-11-02,MA,etanol,31.7300,7
2022-11-02,MA,gasolina,50.2400,10
2022-11-02,MG,diesel_s10,92.5300,14
2022-11-02,MG,etanol,82.9100,22
2022-11-02,MG,gasolina,108.1600,22
2022-11-02,MS,diesel_s10,85.0400,13
2022-11-02,MS,etanol,53.8700,15
2022-11-02,MS,gasolina,75.8300,16
2022-11-02,PE,diesel_s10,69.1200,10
2022-11-02,PE,etanol,35.8600,9
2022-11-02,PE,gasolina,54.5000,10
2022-11-02,PI,diesel_s10,61.8800,9
2022-11-02,PI,etanol,35.0200,9
2022-11-02,PI,gasolina,49.8400,10
2022-11-02,PR,diesel_s10,59.6100,9
2022-11-02,PR,etanol,34.3700,9
2022-11-02,PR,gasolina,44.9600,9
2022-11-02,RJ,diesel_s10,85.8100,13
2022-11-02,RJ,etanol,107.6700,25
2022-11-02,RJ,gasolina,145.3900,29
2022-11-02,RN,diesel_s10,70.0000,10
2022-11-02,RN,etanol,39.6000,10
2022-11-02,RN,gasolina,54.5000,10
2022-11-02,RR,gasolina,10.5400,2
2022-11-02,RS,diesel_s10,235.3600,37
2022-11-02,RS,etanol,81.1800,18
2022-11-02,RS,gasolina,232.2500,48
2022-11-02,SC,diesel_s10,79.2100,12
2022-11-02,SC,etanol,44.8900,10
2022-11-02,SC,gasolina,84.4300,17
2022-11-02,SE,diesel_s10,34.8000,5
2022-11-02,SE,etanol,62.0400,17
2022-11-02,SE,gasolina,85.7200,17
2022-11-02,SP,diesel_s10,479.9400,73
2022-11-02,SP,etanol,458.1000,125
2022-11-02,SP,gasolina,618.8000,127
2022-11-02,TO,diesel_s10,114.6200,17
2022-11-02,TO,etanol,73.6600,17
2022-11-02,TO,gasolina,95.4100,18
2022-11-03,BA,diesel_s10,64.1900,9
2022-11-03,BA,etanol,39.0800,10
2022-11-03,BA,gasolina,54.7700,10
2022-11-03,CE,diesel_s10,20.5100,3
2022-11-03,CE,etanol,13.3500,3
2022-11-03,CE,gasolina,20.7400,4
2022-11-03,DF,diesel_s10,54.1500,8
2022-11-03,DF,etanol,55.8500,14
2022-11-03,DF,gasolina,63.3200,12
2022-11-03,GO,diesel_s10,119.6900,18
2022-11-03,GO,etanol,71.2300,20
2022-11-03,GO,gasolina,96.9900,20
2022-11-03,MA,diesel_s10,161.6300,24
2022-11-03,MA,etanol,55.6400,13
2022-11-03,MA,gasolina,139.8900,29
2022-11-03,MG,diesel_s10,340.4900,50
2022-11-03,MG,etanol,240.0800,63
2022-11-03,MG,gasolina,324.5000,65
2022-11-03,MT,diesel_s10,6.8100,1
2022-11-03,MT,etanol,3.3900,1
2022-11-03,MT,gasolina,5.0900,1
2022-11-03,PA,diesel_s10,167.8800,23
2022-11-03,PA,etanol,69.6300,15
2022-11-03,PA,gasolina,148.5200,28
2022-11-03,PE,diesel_s10,19.7700,3
2022-11-03,PE,etanol,17.6200,5
2022-11-03,PE,gasolina,29.4800,6
2022-11-03,PR,diesel_s10,198.3200,30
2022-11-03,PR,etanol,185.4800,42
2022-11-03,PR,gasolina,228.0800,42
2022-11-03,RJ,diesel_s10,86.7700,13
2022-11-03,RJ,etanol,90.1100,21
2022-11-03,RJ,gasolina,105.9200,21
2022-11-03,RN,diesel_s10,49.2700,7
2022-11-03,RN,etanol,57.6200,14
2022-11-03,RN,gasolina,76.1200,14
2022-11-03,RS,diesel_s10,141.1800,22
2022-11-03,RS,etanol,59.8300,13
2022-11-03,RS,gasolina,157.3100,32
2022-11-03,SC,diesel_s10,123.6600,19
2022-11-03,SC,etanol,92.5600,20
2022-11-03,SC,gasolina,133.6100,27
2022-11-03,SP,diesel_s10,835.2300,125
2022-11-03,SP,etanol,704.0700,188
2022-11-03,SP,gasolina,916.0400,186
2022-11-06,RJ,etanol,9.0000,2
2022-11-06,RJ,gasolina,9.9800,2
2022-11-07,AC,diesel_s10,52.4000,7
2022-11-07,AC,etanol,25.4400,6
2022-11-07,AC,gasolina,47.6300,9
2022-11-07,AL,diesel_s10,47.8300,7
2022-11-07,AL,etanol,46.1800,12
2022-11-07,AL,gasolina,68.2700,13
2022-11-07,AM,diesel_s10,81.5700,12
2022-11-07,AM,etanol,45.5800,12
2022-11-07,AM,gasolina,71.6600,14
2022-11-07,BA,diesel_s10,21.1700,3
2022-11-07,BA,etanol,15.8400,4
2022-11-07,BA,gasolina,22.3200,4
2022-11-07,CE,diesel_s10,92.7400,13
2022-11-07,CE,etanol,75.0400,19
2022-11-07,CE,gasolina,94.4100,19
2022-11-07,DF,diesel_s10,34.0100,5
2022-11-07,DF,etanol,70.9600,18
2022-11-07,DF,gasolina,99.0300,19
2022-11-07,ES,diesel_s10,139.0100,21
2022-11-07,ES,etanol,91.4500,22
2022-11-07,ES,gasolina,155.3800,32
2022-11-07,MA,diesel_s10,68.4800,10
2022-11-07,MA,etanol,24.8700,5
2022-11-07,MA,gasolina,51.2700,10
2022-11-07,MG,diesel_s10,624.5100,94
2022-11-07,MG,etanol,470.6300,125
2022-11-07,MG,gasolina,607.3600,123
2022-11-07,MS,diesel_s10,74.6200,11
2022-11-07,MS,etanol,51.0600,13
2022-11-07,MS,gasolina,55.2300,11
2022-11-07,MT,diesel_s10,13.8800,2
2022-11-07,MT,etanol,27.9300,8
2022-11-07,MT,gasolina,39.9900,8
2022-11-07,PA,diesel_s10,69.6900,10
2022-11-07,PA,etanol,35.6500,8
2022-11-07,PA,gasolina,110.2300,23
2022-11-07,PB,diesel_s10,84.5600,13
2022-11-07,PB,etanol,76.6900,23
2022-11-07,PB,gasolina,114.8400,24
2022-11-07,PE,diesel_s10,33.6000,5
2022-11-07,PE,etanol,35.7300,10
2022-11-07,PE,gasolina,49.2200,10
2022-11-07,PI,diesel_s10,91.4200,13
2022-11-07,PI,etanol,68.5000,17
2022-11-07,PI,gasolina,88.1300,17
2022-11-07,PR,diesel_s10,299.5100,45
2022-11-07,PR,etanol,246.9100,62
2022-11-07,PR,gasolina,304.4200,59
2022-11-07,RJ,diesel_s10,331.8400,50
2022-11-07,RJ,etanol,311.9800,72
2022-11-07,RJ,gasolina,391.4500,78
2022-11-07,RN,diesel_s10,48.8700,7
2022-11-07,RN,etanol,39.7600,10
2022-11-07,RN,gasolina,59.6300,11
2022-11-07,RO,diesel_s10,82.3100,12
2022-11-07,RO,etanol,18.3800,4
2022-11-07,RO,gasolina,89.7300,18
2022-11-07,RR,diesel_s10,64.0800,9
2022-11-07,RR,gasolina,47.2500,9
2022-11-07,RS,diesel_s10,217.3000,33
2022-11-07,RS,etanol,47.4600,10
2022-11-07,RS,gasolina,206.8400,42
2022-11-07,SC,diesel_s10,306.8100,46
2022-11-07,SC,etanol,197.3000,44
2022-11-07,SC,gasolina,380.6900,77
2022-11-07,SP,diesel_s10,1237.3900,186
2022-11-07,SP,etanol,1150.6300,312
2022-11-07,SP,gasolina,1525.4800,311
2022-11-07,TO,diesel_s10,40.0000,6
2022-11-07,TO,etanol,20.7400,5
2022-11-07,TO,gasolina,31.7400,6
2022-11-08,AC,diesel_s10,14.9200,2
2022-11-08,AC,etanol,4.1900,1
2022-11-08,AC,gasolina,10.5400,2
2022-11-08,AL,diesel_s10,13.2800,2
2022-11-08,AL,etanol,7.1800,2
2022-11-08,AL,gasolina,10.5400,2
2022-11-08,AM,diesel_s10,94.1600,14
2022-11-08,AM,etanol,56.1300,15
2022-11-08,AM,gasolina,80.3300,16
2022-11-08,BA,diesel_s10,137.0100,19
2022-11-08,BA,etanol,107.5500,27
2022-11-08,BA,gasolina,150.7200,27
2022-11-08,CE,diesel_s10,208.1600,30
2022-11-08,CE,etanol,134.3200,34
2022-11-08,CE,gasolina,173.6000,35
2022-11-08,DF,diesel_s10,13.2400,2
2022-11-08,DF,etanol,19.8000,5
2022-11-08,DF,gasolina,25.9600,5
2022-11-08,ES,diesel_s10,137.0900,21
2022-11-08,ES,etanol,71.6900,17
2022-11-08,ES,gasolina,118.2000,24
2022-11-08,GO,diesel_s10,162.9400,24
2022-11-08,GO,etanol,125.2900,33
2022-11-08,GO,gasolina,166.5300,32
2022-11-08,MA,diesel_s10,34.9300,5
2022-11-08,MA,etanol,13.5700,3
2022-11-08,MA,gasolina,26.1900,5
2022-11-08,MG,diesel_s10,411.9300,62
2022-11-08,MG,etanol,381.6100,100
2022-11-08,MG,gasolina,484.0100,98
2022-11-08,MS,diesel_s10,19.6800,3
2022-11-08,MS,etanol,14.1500,4
2022-11-08,MS,gasolina,19.2400,4
2022-11-08,MT,diesel_s10,47.4100,7
2022-11-08,MT,etanol,34.7800,10
2022-11-08,MT,gasolina,49.7800,10
2022-11-08,PA,diesel_s10,147.2800,21
2022-11-08,PA,etanol,53.2000,12
2022-11-08,PA,gasolina,118.6200,24
2022-11-08,PB,diesel_s10,97.4800,15
2022-11-08,PB,etanol,53.6500,16
2022-11-08,PB,gasolina,77.7000,16
2022-11-08,PE,diesel_s10,175.7400,26
2022-11-08,PE,etanol,91.7600,24
2022-11-08,PE,gasolina,135.4000,26
2022-11-08,PI,diesel_s10,14.1800,2
2022-11-08,PI,etanol,8.6800,2
2022-11-08,PI,gasolina,10.5600,2
2022-11-08,PR,diesel_s10,329.5700,50
2022-11-08,PR,etanol,319.9300,77
2022-11-08,PR,gasolina,406.0200,78
2022-11-08,RJ,diesel_s10,321.8800,49
2022-11-08,RJ,etanol,468.1300,108
2022-11-08,RJ,gasolina,554.2200,110
2022-11-08,RN,diesel_s10,91.9300,13
2022-11-08,RN,etanol,57.9200,14
2022-11-08,RN,gasolina,76.3000,14
2022-11-08,RO,diesel_s10,14.2100,2
2022-11-08,RO,gasolina,5.9000,1
2022-11-08,RR,diesel_s10,36.2200,5
2022-11-08,RR,etanol,4.7900,1
2022-11-08,RR,gasolina,26.2500,5
2022-11-08,RS,diesel_s10,472.6100,73
2022-11-08,RS,etanol,157.5000,33
2022-11-08,RS,gasolina,425.1600,87
2022-11-08,SC,diesel_s10,77.2200,12
2022-11-08,SC,etanol,35.9300,8
2022-11-08,SC,gasolina,69.1100,14
2022-11-08,SP,diesel_s10,1236.3600,187
2022-11-08,SP,etanol,1082.7600,290
2022-11-08,SP,gasolina,1435.9000,293
2022-11-09,AC,diesel_s10,22.5200,3
2022-11-09,AC,etanol,12.9200,3
2022-11-09,AC,gasolina,15.9400,3
2022-11-09,AM,diesel_s10,53.8800,8
2022-11-09,AM,etanol,33.6500,9
2022-11-09,AM,gasolina,49.8600,10
2022-11-09,AP,diesel_s10,70.9700,10
2022-11-09,AP,etanol,10.4300,2
2022-11-09,AP,gasolina,79.4600,17
2022-11-09,BA,diesel_s10,6.8800,1
2022-11-09,BA,etanol,7.8800,2
2022-11-09,BA,gasolina,11.0800,2
2022-11-09,CE,diesel_s10,126.4900,18
2022-11-09,CE,etanol,94.9500,24
2022-11-09,CE,gasolina,142.6900,28
2022-11-09,DF,diesel_s10,89.2000,13
2022-11-09,DF,etanol,102.8300,26
2022-11-09,DF,gasolina,135.0600,26
2022-11-09,ES,diesel_s10,71.3400,11
2022-11-09,ES,etanol,46.5500,11
2022-11-09,ES,gasolina,68.0200,14
2022-11-09,GO,diesel_s10,239.8500,36
2022-11-09,GO,etanol,164.3000,45
2022-11-09,GO,gasolina,228.9500,46
2022-11-09,MA,diesel_s10,229.3300,33
2022-11-09,MA,etanol,80.3200,18
2022-11-09,MA,gasolina,188.1900,37
2022-11-09,MG,diesel_s10,247.7500,37
2022-11-09,MG,etanol,196.9000,52
2022-11-09,MG,gasolina,257.4100,52
2022-11-09,MS,diesel_s10,118.4900,18
2022-11-09,MS,etanol,65.7800,18
2022-11-09,MS,gasolina,91.0500,19
2022-11-09,MT,diesel_s10,87.9500,13
2022-11-09,MT,etanol,54.8100,16
2022-11-09,MT,gasolina,79.9000,16
2022-11-09,PA,diesel_s10,21.9500,3
2022-11-09,PA,etanol,9.4400,2
2022-11-09,PA,gasolina,10.4800,2
2022-11-09,PE,diesel_s10,51.2200,8
2022-11-09,PE,etanol,28.3900,8
2022-11-09,PE,gasolina,38.5500,8
2022-11-09,PI,diesel_s10,110.2900,16
2022-11-09,PI,etanol,76.8700,19
2022-11-09,PI,gasolina,99.4900,19
2022-11-09,PR,diesel_s10,202.2000,31
2022-11-09,PR,etanol,162.1200,40
2022-11-09,PR,gasolina,199.8400,39
2022-11-09,RJ,diesel_s10,87.4600,13
2022-11-09,RJ,etanol,128.7500,29
2022-11-09,RJ,gasolina,153.6100,30
2022-11-09,RN,diesel_s10,63.0900,9
2022-11-09,RN,etanol,48.5400,12
2022-11-09,RN,gasolina,64.8100,12
2022-11-09,RO,diesel_s10,110.0100,15
2022-11-09,RO,etanol,19.7100,4
2022-11-09,RO,gasolina,78.7600,15
2022-11-09,RR,diesel_s10,14.0100,2
2022-11-09,RR,gasolina,15.7900,3
2022-11-09,RS,diesel_s10,208.1600,32
2022-11-09,RS,etanol,90.2400,19
2022-11-09,RS,gasolina,274.9900,56
2022-11-09,SC,diesel_s10,129.5700,20
2022-11-09,SC,etanol,56.5000,13
2022-11-09,SC,gasolina,109.1900,22
2022-11-09,SE,diesel_s10,27.2900,4
2022-11-09,SE,etanol,57.5300,16
2022-11-09,SE,gasolina,85.5300,17
2022-11-09,SP,diesel_s10,935.0100,141
2022-11-09,SP,etanol,757.5000,200
2022-11-09,SP,gasolina,1003.9500,204
2022-11-09,TO,diesel_s10,53.9600,8
2022-11-09,TO,etanol,25.8100,6
2022-11-09,TO,gasolina,42.3300,8
2022-11-10,AL,diesel_s10,66.4600,10
2022-11-10,AL,etanol,65.8500,18
2022-11-10,AL,gasolina,91.2700,18
2022-11-10,BA,diesel_s10,69.1500,10
2022-11-10,BA,etanol,41.7900,10
2022-11-10,BA,gasolina,56.5500,10
2022-11-10,CE,diesel_s10,50.0200,7
2022-11-10,CE,etanol,30.3900,6
2022-11-10,CE,gasolina,42.3700,8
2022-11-10,ES,diesel_s10,25.8100,4
2022-11-10,ES,etanol,8.6800,2
2022-11-10,ES,gasolina,20.7600,4
2022-11-10,GO,diesel_s10,119.3100,18
2022-11-10,GO,etanol,92.7200,24
2022-11-10,GO,gasolina,125.0800,24
2022-11-10,MA,diesel_s10,27.2600,4
2022-11-10,MA,etanol,22.5800,5
2022-11-10,MA,gasolina,24.7600,5
2022-11-10,MG,diesel_s10,108.7600,16
2022-11-10,MG,etanol,97.4400,24
2022-11-10,MG,gasolina,139.8200,27
2022-11-10,MT,diesel_s10,85.2700,12
2022-11-10,MT,etanol,57.9200,16
2022-11-10,MT,gasolina,82.1000,16
2022-11-10,PA,diesel_s10,41.4200,6
2022-11-10,PA,etanol,21.8400,5
2022-11-10,PA,gasolina,43.8600,9
2022-11-10,PE,diesel_s10,13.5800,2
2022-11-10,PE,etanol,17.9700,5
2022-11-10,PE,gasolina,24.5100,5
2022-11-10,PR,diesel_s10,72.0300,11
2022-11-10,PR,etanol,56.1000,13
2022-11-10,PR,gasolina,68.9000,13
2022-11-10,RJ,diesel_s10,92.2200,14
2022-11-10,RJ,etanol,90.3600,20
2022-11-10,RJ,gasolina,106.5000,20
2022-11-10,RN,diesel_s10,34.1100,5
2022-11-10,RN,etanol,33.8600,8
2022-11-10,RN,gasolina,43.8700,8
2022-11-10,RS,diesel_s10,144.5900,23
2022-11-10,RS,etanol,40.9800,9
2022-11-10,RS,gasolina,174.5400,36
2022-11-10,SC,diesel_s10,32.4100,5
2022-11-10,SC,etanol,38.4900,8
2022-11-10,SC,gasolina,66.9000,13
2022-11-10,SP,diesel_s10,570.6300,85
2022-11-10,SP,etanol,460.2100,122
2022-11-10,SP,gasolina,608.2000,124
2022-11-10,TO,diesel_s10,33.2700,5
2022-11-10,TO,etanol,17.7500,4
2022-11-10,TO,gasolina,32.5700,6
2022-11-11,BA,diesel_s10,70.4200,10
2022-11-11,BA,etanol,43.1800,11
2022-11-11,BA,gasolina,60.8000,11
2022-11-11,MA,diesel_s10,13.3800,2
2022-11-11,MA,gasolina,9.5400,2
2022-11-11,MG,diesel_s10,12.8600,2
2022-11-11,MG,etanol,11.6100,3
2022-11-11,MG,gasolina,20.1200,4
2022-11-11,PE,diesel_s10,19.4200,3
2022-11-11,PE,etanol,14.3100,4
2022-11-11,PE,gasolina,19.3800,4
2022-11-11,SP,diesel_s10,38.7800,6
2022-11-11,SP,etanol,26.0300,7
2022-11-11,SP,gasolina,33.7500,7
2022-11-11,TO,etanol,4.2900,1
2022-11-11,TO,gasolina,5.3900,1
2022-11-14,AL,diesel_s10,33.0000,5
2022-11-14,AL,etanol,63.1500,17
2022-11-14,AL,gasolina,81.5400,16
2022-11-14,AM,diesel_s10,67.9000,10
2022-11-14,AM,etanol,48.4400,13
2022-11-14,AM,gasolina,64.4500,13
2022-11-14,BA,diesel_s10,28.0000,4
2022-11-14,BA,etanol,19.6800,5
2022-11-14,BA,gasolina,33.0700,6
2022-11-14,CE,diesel_s10,207.3900,29
2022-11-14,CE,etanol,163.3700,41
2022-11-14,CE,gasolina,210.3300,42
2022-11-14,DF,diesel_s10,34.4400,5
2022-11-14,DF,etanol,23.7900,6
2022-11-14,DF,gasolina,30.5800,6
2022-11-14,ES,diesel_s10,220.4500,34
2022-11-14,ES,etanol,140.8500,33
2022-11-14,ES,gasolina,235.3300,47
2022-11-14,GO,diesel_s10,195.1500,29
2022-11-14,GO,etanol,143.8200,38
2022-11-14,GO,gasolina,199.5900,39
2022-11-14,MA,diesel_s10,223.0900,32
2022-11-14,MA,etanol,84.5300,19
2022-11-14,MA,gasolina,181.5000,36
2022-11-14,MG,diesel_s10,342.9000,52
2022-11-14,MG,etanol,303.4900,79
2022-11-14,MG,gasolina,384.1900,78
2022-11-14,MS,diesel_s10,80.8100,12
2022-11-14,MS,etanol,50.5400,13
2022-11-14,MS,gasolina,69.3500,14
2022-11-14,MT,diesel_s10,47.6100,7
2022-11-14,MT,etanol,31.1100,9
2022-11-14,MT,gasolina,45.0500,9
2022-11-14,PA,diesel_s10,56.8400,8
2022-11-14,PA,etanol,36.1100,8
2022-11-14,PA,gasolina,92.7100,19
2022-11-14,PB,diesel_s10,110.6900,17
2022-11-14,PB,etanol,76.2400,22
2022-11-14,PB,gasolina,114.9600,24
2022-11-14,PE,diesel_s10,78.4100,12
2022-11-14,PE,etanol,49.7100,14
2022-11-14,PE,gasolina,62.3500,13
2022-11-14,PI,diesel_s10,112.9600,16
2022-11-14,PI,etanol,68.4300,17
2022-11-14,PI,gasolina,93.7100,18
2022-11-14,PR,diesel_s10,160.2500,24
2022-11-14,PR,etanol,147.0300,37
2022-11-14,PR,gasolina,185.5900,37
2022-11-14,RJ,diesel_s10,357.3900,54
2022-11-14,RJ,etanol,403.2200,92
2022-11-14,RJ,gasolina,477.5800,95
2022-11-14,RN,diesel_s10,21.0600,3
2022-11-14,RN,etanol,24.7300,6
2022-11-14,RN,gasolina,32.4600,6
2022-11-14,RO,diesel_s10,111.1000,16
2022-11-14,RO,etanol,26.8600,6
2022-11-14,RO,gasolina,87.9700,17
2022-11-14,RR,diesel_s10,79.2900,11
2022-11-14,RR,etanol,14.6300,3
2022-11-14,RR,gasolina,57.7500,11
2022-11-14,RS,diesel_s10,188.0700,29
2022-11-14,RS,etanol,60.6800,13
2022-11-14,RS,gasolina,202.2100,41
2022-11-14,SC,diesel_s10,324.7200,49
2022-11-14,SC,etanol,174.4300,38
2022-11-14,SC,gasolina,346.1300,67
2022-11-14,SP,diesel_s10,1650.0700,250
2022-11-14,SP,etanol,1463.9700,389
2022-11-14,SP,gasolina,1901.2300,387
2022-11-15,AC,diesel_s10,60.2000,8
2022-11-15,AC,etanol,25.6800,6
2022-11-15,AC,gasolina,48.2400,9
2022-11-15,AL,diesel_s10,74.4800,11
2022-11-15,AL,etanol,52.5800,14
2022-11-15,AL,gasolina,78.2500,15
2022-11-15,AM,diesel_s10,93.3600,14
2022-11-15,AM,etanol,52.0700,14
2022-11-15,AM,gasolina,84.2300,17
2022-11-15,AP,diesel_s10,49.9400,7
2022-11-15,AP,gasolina,79.6400,17
2022-11-15,BA,diesel_s10,113.7600,17
2022-11-15,BA,etanol,71.3100,18
2022-11-15,BA,gasolina,105.6600,19
2022-11-15,DF,diesel_s10,47.3500,7
2022-11-15,DF,etanol,69.9500,18
2022-11-15,DF,gasolina,91.2500,18
2022-11-15,GO,diesel_s10,138.8700,21
2022-11-15,GO,etanol,93.4500,26
2022-11-15,GO,gasolina,128.5000,26
2022-11-15,MA,diesel_s10,64.4000,9
2022-11-15,MA,etanol,20.3900,4
2022-11-15,MA,gasolina,50.5200,9
2022-11-15,MG,diesel_s10,377.9200,57
2022-11-15,MG,etanol,336.8700,86
2022-11-15,MG,gasolina,419.9600,85
2022-11-15,PI,diesel_s10,89.9200,13
2022-11-15,PI,etanol,52.4900,13
2022-11-15,PI,gasolina,73.3000,14
2022-11-15,PR,diesel_s10,203.1000,31
2022-11-15,PR,etanol,149.4600,38
2022-11-15,PR,gasolina,179.9500,36
2022-11-15,RJ,diesel_s10,187.8500,28
2022-11-15,RJ,etanol,229.5300,50
2022-11-15,RJ,gasolina,269.7900,52
2022-11-15,RN,diesel_s10,70.3300,10
2022-11-15,RN,etanol,48.0700,12
2022-11-15,RN,gasolina,76.2400,14
2022-11-15,RR,diesel_s10,34.2400,5
2022-11-15,RR,etanol,4.7900,1
2022-11-15,RR,gasolina,26.2500,5
2022-11-15,RS,diesel_s10,272.2700,42
2022-11-15,RS,etanol,95.1900,20
2022-11-15,RS,gasolina,263.6300,53
2022-11-15,SC,diesel_s10,46.3900,7
2022-11-15,SC,etanol,37.7600,8
2022-11-15,SC,gasolina,77.3700,15
2022-11-15,SE,diesel_s10,13.7800,2
2022-11-15,SE,etanol,28.6600,8
2022-11-15,SE,gasolina,39.7100,8
2022-11-15,SP,diesel_s10,499.7100,75
2022-11-15,SP,etanol,419.2500,110
2022-11-15,SP,gasolina,568.5400,114
2022-11-16,AC,diesel_s10,37.7700,5
2022-11-16,AC,etanol,17.2400,4
2022-11-16,AC,gasolina,27.2500,5
2022-11-16,AL,diesel_s10,13.6800,2
2022-11-16,AL,etanol,7.9400,2
2022-11-16,AL,gasolina,9.9800,2
2022-11-16,AM,diesel_s10,46.9900,7
2022-11-16,AM,etanol,33.2500,9
2022-11-16,AM,gasolina,49.5400,10
2022-11-16,BA,diesel_s10,34.0900,5
2022-11-16,BA,etanol,33.7200,8
2022-11-16,BA,gasolina,51.4200,9
2022-11-16,CE,diesel_s10,146.3600,21
2022-11-16,CE,etanol,105.4300,26
2022-11-16,CE,gasolina,129.8800,26
2022-11-16,DF,diesel_s10,74.4800,11
2022-11-16,DF,etanol,91.5900,23
2022-11-16,DF,gasolina,121.7900,24
2022-11-16,ES,diesel_s10,27.1600,4
2022-11-16,ES,etanol,12.4700,3
2022-11-16,ES,gasolina,26.3200,5
2022-11-16,GO,diesel_s10,165.4100,25
2022-11-16,GO,etanol,126.8400,33
2022-11-16,GO,gasolina,172.1600,33
2022-11-16,MA,diesel_s10,75.1500,11
2022-11-16,MA,etanol,36.0000,8
2022-11-16,MA,gasolina,59.5900,12
2022-11-16,MG,diesel_s10,215.3700,32
2022-11-16,MG,etanol,189.6000,48
2022-11-16,MG,gasolina,246.3900,48
2022-11-16,MS,diesel_s10,27.4600,4
2022-11-16,MS,etanol,19.4600,5
2022-11-16,MS,gasolina,31.5100,6
2022-11-16,MT,diesel_s10,21.0000,3
2022-11-16,MT,etanol,31.1100,9
2022-11-16,MT,gasolina,44.9300,9
2022-11-16,PA,etanol,4.2900,1
2022-11-16,PA,gasolina,4.8900,1
2022-11-16,PB,diesel_s10,97.6600,15
2022-11-16,PB,etanol,53.8600,16
2022-11-16,PB,gasolina,77.5300,16
2022-11-16,PE,diesel_s10,227.3500,34
2022-11-16,PE,etanol,128.1500,33
2022-11-16,PE,gasolina,187.6500,36
2022-11-16,PI,diesel_s10,41.3400,6
2022-11-16,PI,etanol,28.1400,7
2022-11-16,PI,gasolina,36.4300,7
2022-11-16,PR,diesel_s10,362.9300,55
2022-11-16,PR,etanol,342.6900,80
2022-11-16,PR,gasolina,435.9200,82
2022-11-16,RJ,diesel_s10,105.5100,16
2022-11-16,RJ,etanol,122.5300,28
2022-11-16,RJ,gasolina,162.1600,32
2022-11-16,RN,diesel_s10,62.4100,9
2022-11-16,RN,etanol,44.7300,11
2022-11-16,RN,gasolina,65.4900,12
2022-11-16,RO,diesel_s10,110.3600,15
2022-11-16,RO,etanol,24.2300,5
2022-11-16,RO,gasolina,83.7800,16
2022-11-16,RR,gasolina,5.2900,1
2022-11-16,RS,diesel_s10,502.8200,77
2022-11-16,RS,etanol,206.1300,42
2022-11-16,RS,gasolina,538.7800,108
2022-11-16,SC,diesel_s10,217.0600,33
2022-11-16,SC,etanol,141.7000,31
2022-11-16,SC,gasolina,269.2400,52
2022-11-16,SP,diesel_s10,1047.5800,158
2022-11-16,SP,etanol,945.2600,251
2022-11-16,SP,gasolina,1231.2900,253
2022-11-16,TO,diesel_s10,114.4200,17
2022-11-16,TO,etanol,56.4200,13
2022-11-16,TO,gasolina,96.4900,18
2022-11-17,BA,diesel_s10,132.7500,19
2022-11-17,BA,etanol,113.7600,28
2022-11-17,BA,gasolina,157.5200,28
2022-11-17,CE,diesel_s10,76.1700,11
2022-11-17,CE,etanol,57.9800,13
2022-11-17,CE,gasolina,78.9200,15
2022-11-17,DF,etanol,7.7900,2
2022-11-17,DF,gasolina,10.1400,2
2022-11-17,ES,diesel_s10,26.8100,4
2022-11-17,ES,etanol,17.0100,4
2022-11-17,ES,gasolina,40.8300,8
2022-11-17,GO,diesel_s10,100.0200,15
2022-11-17,GO,etanol,76.4800,20
2022-11-17,GO,gasolina,101.9000,20
2022-11-17,MA,diesel_s10,19.9600,3
2022-11-17,MA,etanol,8.7700,2
2022-11-17,MA,gasolina,14.0200,3
2022-11-17,MG,diesel_s10,314.0700,47
2022-11-17,MG,etanol,261.9400,66
2022-11-17,MG,gasolina,333.2000,66
2022-11-17,MS,diesel_s10,131.4600,20
2022-11-17,MS,etanol,78.2600,21
2022-11-17,MS,gasolina,105.2500,22
2022-11-17,MT,diesel_s10,75.7300,11
2022-11-17,MT,etanol,52.9400,15
2022-11-17,MT,gasolina,79.6500,16
2022-11-17,PA,diesel_s10,109.4100,16
2022-11-17,PA,etanol,51.1200,12
2022-11-17,PA,gasolina,112.2800,23
2022-11-17,PE,diesel_s10,6.5900,1
2022-11-17,PE,etanol,10.8700,3
2022-11-17,PE,gasolina,14.6400,3
2022-11-17,PR,diesel_s10,124.7400,19
2022-11-17,PR,etanol,96.6500,23
2022-11-17,PR,gasolina,113.1700,22
2022-11-17,RJ,diesel_s10,148.5000,23
2022-11-17,RJ,etanol,196.0800,45
2022-11-17,RJ,gasolina,232.0600,46
2022-11-17,RN,diesel_s10,13.6800,2
2022-11-17,RN,etanol,17.1200,4
2022-11-17,RN,gasolina,21.8400,4
2022-11-17,RO,diesel_s10,36.5700,5
2022-11-17,RO,etanol,5.1700,1
2022-11-17,RO,gasolina,26.0300,5
2022-11-17,RS,diesel_s10,32.3600,5
2022-11-17,RS,etanol,4.9400,1
2022-11-17,RS,gasolina,33.7900,7
2022-11-17,SE,diesel_s10,20.5700,3
2022-11-17,SE,etanol,28.3300,8
2022-11-17,SE,gasolina,44.2700,9
2022-11-17,SP,diesel_s10,714.4200,107
2022-11-17,SP,etanol,592.0000,155
2022-11-17,SP,gasolina,787.7600,159
2022-11-17,TO,diesel_s10,26.5900,4
2022-11-17,TO,etanol,22.2100,5
2022-11-17,TO,gasolina,38.3500,7
2022-11-18,BA,diesel_s10,60.8800,9
2022-11-18,BA,etanol,35.4600,9
2022-11-18,BA,gasolina,49.8600,9
2022-11-18,CE,diesel_s10,20.5300,3
2022-11-18,CE,etanol,15.5300,4
2022-11-18,CE,gasolina,19.6800,4
2022-11-18,ES,diesel_s10,70.9000,11
2022-11-18,ES,etanol,51.5900,12
2022-11-18,ES,gasolina,69.5400,14
2022-11-18,MA,diesel_s10,33.4000,5
2022-11-18,MA,etanol,8.5700,2
2022-11-18,MA,gasolina,28.9600,6
2022-11-18,MG,diesel_s10,188.8000,28
2022-11-18,MG,etanol,144.0200,39
2022-11-18,MG,gasolina,193.6500,39
2022-11-18,PA,diesel_s10,70.8800,10
2022-11-18,PA,etanol,37.3000,8
2022-11-18,PA,gasolina,66.7500,13
2022-11-18,PE,diesel_s10,51.9500,8
2022-11-18,PE,etanol,32.8300,9
2022-11-18,PE,gasolina,48.4500,10
2022-11-18,PR,diesel_s10,59.0100,9
2022-11-18,PR,etanol,80.0000,18
2022-11-18,PR,gasolina,98.0600,18
2022-11-18,RJ,diesel_s10,27.4400,4
2022-11-18,RJ,etanol,39.3300,9
2022-11-18,RJ,gasolina,50.9900,10
2022-11-18,RN,etanol,3.9800,1
2022-11-18,RN,gasolina,5.3800,1
2022-11-18,RS,diesel_s10,147.3000,23
2022-11-18,RS,etanol,51.4900,11
2022-11-18,RS,gasolina,168.4100,34
2022-11-18,SP,diesel_s10,441.8500,66
2022-11-18,SP,etanol,318.1400,84
2022-11-18,SP,gasolina,420.7500,86
2022-11-21,AL,diesel_s10,34.2500,5
2022-11-21,AL,etanol,57.5300,15
2022-11-21,AL,gasolina,72.2100,14
2022-11-21,AM,diesel_s10,74.0900,11
2022-11-21,AM,etanol,55.6500,15
2022-11-21,AM,gasolina,64.3600,13
2022-11-21,BA,diesel_s10,21.3900,3
2022-11-21,BA,etanol,27.7300,7
2022-11-21,BA,gasolina,38.9000,7
2022-11-21,CE,diesel_s10,127.6800,18
2022-11-21,CE,etanol,116.8200,29
2022-11-21,CE,gasolina,145.9900,29
2022-11-21,ES,diesel_s10,6.8900,1
2022-11-21,ES,etanol,13.6700,3
2022-11-21,ES,gasolina,15.9900,3
2022-11-21,GO,diesel_s10,93.2400,14
2022-11-21,GO,etanol,72.1800,19
2022-11-21,GO,gasolina,97.5800,19
2022-11-21,MA,diesel_s10,21.6700,3
2022-11-21,MA,etanol,13.4700,3
2022-11-21,MA,gasolina,14.9700,3
2022-11-21,MG,diesel_s10,619.7900,93
2022-11-21,MG,etanol,523.6600,134
2022-11-21,MG,gasolina,657.9000,132
2022-11-21,MS,diesel_s10,60.3800,9
2022-11-21,MS,etanol,42.9400,11
2022-11-21,MS,gasolina,59.5500,12
2022-11-21,MT,diesel_s10,20.5300,3
2022-11-21,MT,etanol,24.5500,7
2022-11-21,MT,gasolina,35.1000,7
2022-11-21,PA,diesel_s10,79.0900,11
2022-11-21,PA,etanol,50.3400,11
2022-11-21,PA,gasolina,104.0300,21
2022-11-21,PB,diesel_s10,84.2400,13
2022-11-21,PB,etanol,84.9000,24
2022-11-21,PB,gasolina,115.0200,24
2022-11-21,PE,diesel_s10,32.9600,5
2022-11-21,PE,etanol,21.5400,6
2022-11-21,PE,gasolina,30.9600,6
2022-11-21,PI,diesel_s10,36.9500,5
2022-11-21,PI,etanol,32.5200,8
2022-11-21,PI,gasolina,42.2200,8
2022-11-21,PR,diesel_s10,210.3700,32
2022-11-21,PR,etanol,235.2300,55
2022-11-21,PR,gasolina,286.2400,54
2022-11-21,RJ,diesel_s10,371.9300,56
2022-11-21,RJ,etanol,422.6800,94
2022-11-21,RJ,gasolina,514.9300,101
2022-11-21,RN,diesel_s10,50.1600,7
2022-11-21,RN,etanol,61.4200,15
2022-11-21,RN,gasolina,76.2400,14
2022-11-21,RO,diesel_s10,124.8800,18
2022-11-21,RO,etanol,22.3700,5
2022-11-21,RO,gasolina,131.0400,25
2022-11-21,RR,diesel_s10,64.0600,9
2022-11-21,RR,etanol,4.8500,1
2022-11-21,RR,gasolina,47.2500,9
2022-11-21,RS,diesel_s10,447.9800,70
2022-11-21,RS,etanol,131.1100,28
2022-11-21,RS,gasolina,393.8500,81
2022-11-21,SC,diesel_s10,310.6800,47
2022-11-21,SC,etanol,209.8800,46
2022-11-21,SC,gasolina,415.4000,80
2022-11-21,SP,diesel_s10,1663.2600,251
2022-11-21,SP,etanol,1496.6500,398
2022-11-21,SP,gasolina,1952.3000,397
2022-11-21,TO,diesel_s10,33.7100,5
2022-11-21,TO,etanol,21.6300,5
2022-11-21,TO,gasolina,37.0600,7
2022-11-22,AC,diesel_s10,52.4400,7
2022-11-22,AC,etanol,21.1000,5
2022-11-22,AC,gasolina,43.0900,8
2022-11-22,AL,diesel_s10,74.4700,11
2022-11-22,AL,etanol,50.0700,13
2022-11-22,AL,gasolina,78.3100,15
2022-11-22,AM,diesel_s10,113.3300,17
2022-11-22,AM,etanol,67.4500,18
2022-11-22,AM,gasolina,93.9700,19
2022-11-22,BA,diesel_s10,159.4600,24
2022-11-22,BA,etanol,104.0600,26
2022-11-22,BA,gasolina,142.5600,26
2022-11-22,CE,diesel_s10,207.6300,30
2022-11-22,CE,etanol,137.7500,33
2022-11-22,CE,gasolina,191.1700,38
2022-11-22,ES,diesel_s10,196.4500,30
2022-11-22,ES,etanol,116.9600,27
2022-11-22,ES,gasolina,189.1000,38
2022-11-22,GO,diesel_s10,278.7400,42
2022-11-22,GO,etanol,202.3300,54
2022-11-22,GO,gasolina,277.9100,55
2022-11-22,MA,diesel_s10,256.7700,38
2022-11-22,MA,etanol,115.4100,26
2022-11-22,MA,gasolina,191.5000,39
2022-11-22,MG,diesel_s10,310.2600,47
2022-11-22,MG,etanol,292.4900,76
2022-11-22,MG,gasolina,361.3900,73
2022-11-22,MS,diesel_s10,51.8600,8
2022-11-22,MS,etanol,48.7900,13
2022-11-22,MS,gasolina,71.6000,15
2022-11-22,MT,diesel_s10,40.4600,6
2022-11-22,MT,etanol,35.0600,10
2022-11-22,MT,gasolina,49.8700,10
2022-11-22,PA,diesel_s10,69.7100,10
2022-11-22,PA,etanol,38.8500,9
2022-11-22,PA,gasolina,57.6300,12
2022-11-22,PE,diesel_s10,214.8000,32
2022-11-22,PE,etanol,120.7100,30
2022-11-22,PE,gasolina,169.8700,32
2022-11-22,PI,diesel_s10,83.4000,12
2022-11-22,PI,etanol,48.2900,12
2022-11-22,PI,gasolina,72.3700,14
2022-11-22,PR,diesel_s10,283.5800,43
2022-11-22,PR,etanol,220.4200,55
2022-11-22,PR,gasolina,273.3800,54
2022-11-22,RJ,diesel_s10,205.9700,31
2022-11-22,RJ,etanol,216.7800,48
2022-11-22,RJ,gasolina,255.0300,50
2022-11-22,RN,diesel_s10,34.7200,5
2022-11-22,RN,etanol,52.7700,13
2022-11-22,RN,gasolina,75.8200,14
2022-11-22,RO,diesel_s10,51.9100,7
2022-11-22,RO,etanol,15.0100,3
2022-11-22,RO,gasolina,37.5600,7
2022-11-22,RR,diesel_s10,35.3400,5
2022-11-22,RR,etanol,4.7900,1
2022-11-22,RR,gasolina,26.2500,5
2022-11-22,RS,diesel_s10,158.8400,24
2022-11-22,RS,etanol,60.5500,12
2022-11-22,RS,gasolina,215.8500,43
2022-11-22,SC,diesel_s10,142.9200,22
2022-11-22,SC,etanol,57.9500,13
2022-11-22,SC,gasolina,173.3100,34
2022-11-22,SP,diesel_s10,898.5200,135
2022-11-22,SP,etanol,800.2900,212
2022-11-22,SP,gasolina,1060.8900,216
2022-11-23,AC,diesel_s10,44.9700,6
2022-11-23,AC,etanol,17.2600,4
2022-11-23,AC,gasolina,32.3900,6
2022-11-23,AM,diesel_s10,26.8400,4
2022-11-23,AM,etanol,22.4400,6
2022-11-23,AM,gasolina,29.5400,6
2022-11-23,BA,diesel_s10,105.5400,15
2022-11-23,BA,etanol,81.4000,20
2022-11-23,BA,gasolina,109.6000,20
2022-11-23,CE,diesel_s10,128.0800,18
2022-11-23,CE,etanol,97.8000,24
2022-11-23,CE,gasolina,130.2200,26
2022-11-23,DF,diesel_s10,55.6600,8
2022-11-23,DF,etanol,65.5000,16
2022-11-23,DF,gasolina,84.3300,16
2022-11-23,ES,diesel_s10,96.7800,15
2022-11-23,ES,etanol,60.5200,14
2022-11-23,ES,gasolina,99.6800,20
2022-11-23,GO,diesel_s10,148.3700,22
2022-11-23,GO,etanol,105.0300,28
2022-11-23,GO,gasolina,141.2900,28
2022-11-23,MA,diesel_s10,42.5300,6
2022-11-23,MA,etanol,6.1000,1
2022-11-23,MA,gasolina,32.2300,6
2022-11-23,MG,diesel_s10,126.4600,19
2022-11-23,MG,etanol,109.2000,27
2022-11-23,MG,gasolina,146.8900,29
2022-11-23,MT,diesel_s10,101.6900,15
2022-11-23,MT,etanol,63.6200,17
2022-11-23,MT,gasolina,87.4400,17
2022-11-23,PA,diesel_s10,7.2200,1
2022-11-23,PA,etanol,9.1800,2
2022-11-23,PA,gasolina,16.0400,3
2022-11-23,PE,diesel_s10,58.9800,9
2022-11-23,PE,etanol,36.1800,10
2022-11-23,PE,gasolina,42.9700,9
2022-11-23,PI,diesel_s10,137.5300,20
2022-11-23,PI,etanol,66.4100,17
2022-11-23,PI,gasolina,113.1800,22
2022-11-23,PR,diesel_s10,290.4100,44
2022-11-23,PR,etanol,222.0000,54
2022-11-23,PR,gasolina,267.7900,52
2022-11-23,RJ,diesel_s10,183.8900,28
2022-11-23,RJ,etanol,239.2300,54
2022-11-23,RJ,gasolina,276.1500,54
2022-11-23,RN,diesel_s10,20.6300,3
2022-11-23,RN,etanol,12.2200,3
2022-11-23,RN,gasolina,16.3700,3
2022-11-23,RO,diesel_s10,7.0400,1
2022-11-23,RO,gasolina,5.0900,1
2022-11-23,RR,diesel_s10,15.1400,2
2022-11-23,RR,etanol,4.9900,1
2022-11-23,RR,gasolina,15.7900,3
2022-11-23,RS,diesel_s10,365.7600,56
2022-11-23,RS,etanol,111.8800,24
2022-11-23,RS,gasolina,456.6300,92
2022-11-23,SC,diesel_s10,116.8600,18
2022-11-23,SC,etanol,68.7900,15
2022-11-23,SC,gasolina,100.4600,20
2022-11-23,SE,diesel_s10,27.0600,4
2022-11-23,SE,etanol,45.6400,13
2022-11-23,SE,gasolina,72.7400,15
2022-11-23,SP,diesel_s10,1050.7700,158
2022-11-23,SP,etanol,915.3100,241
2022-11-23,SP,gasolina,1220.5900,247
2022-11-23,TO,diesel_s10,41.0400,6
2022-11-23,TO,etanol,30.1900,7
2022-11-23,TO,gasolina,36.9300,7
2022-11-24,AP,diesel_s10,42.7400,6
2022-11-24,AP,gasolina,79.2400,17
2022-11-24,BA,diesel_s10,107.0100,16
2022-11-24,BA,etanol,80.3700,20
2022-11-24,BA,gasolina,113.9000,21
2022-11-24,DF,diesel_s10,80.5900,12
2022-11-24,DF,etanol,86.0700,22
2022-11-24,DF,gasolina,112.6400,22
2022-11-24,GO,diesel_s10,80.2100,12
2022-11-24,GO,etanol,62.1000,16
2022-11-24,GO,gasolina,82.9800,16
2022-11-24,MA,diesel_s10,14.0800,2
2022-11-24,MA,etanol,4.6500,1
2022-11-24,MA,gasolina,16.5700,3
2022-11-24,MG,diesel_s10,262.4200,39
2022-11-24,MG,etanol,199.2300,52
2022-11-24,MG,gasolina,272.1600,54
2022-11-24,MS,diesel_s10,19.2200,3
2022-11-24,MS,etanol,11.0500,3
2022-11-24,MS,gasolina,23.6000,5
2022-11-24,MT,diesel_s10,146.9300,21
2022-11-24,MT,etanol,96.1900,26
2022-11-24,MT,gasolina,130.2800,25
2022-11-24,PA,diesel_s10,153.2900,22
2022-11-24,PA,etanol,50.9400,11
2022-11-24,PA,gasolina,134.6000,27
2022-11-24,PB,diesel_s10,91.5400,14
2022-11-24,PB,etanol,55.7800,16
2022-11-24,PB,gasolina,76.8300,16
2022-11-24,PE,diesel_s10,65.0200,10
2022-11-24,PE,etanol,44.3000,12
2022-11-24,PE,gasolina,63.0500,13
2022-11-24,PI,diesel_s10,20.2700,3
2022-11-24,PI,etanol,3.8500,1
2022-11-24,PI,gasolina,15.2200,3
2022-11-24,PR,diesel_s10,231.5500,35
2022-11-24,PR,etanol,164.8000,38
2022-11-24,PR,gasolina,208.0200,39
2022-11-24,RJ,diesel_s10,165.6200,25
2022-11-24,RJ,etanol,183.5400,42
2022-11-24,RJ,gasolina,212.3000,42
2022-11-24,RN,diesel_s10,26.9900,4
2022-11-24,RN,etanol,16.1600,4
2022-11-24,RN,gasolina,21.5700,4
2022-11-24,RO,diesel_s10,7.3300,1
2022-11-24,RO,etanol,4.7500,1
2022-11-24,RO,gasolina,10.5900,2
2022-11-24,RS,diesel_s10,85.7900,13
2022-11-24,RS,etanol,24.9900,5
2022-11-24,RS,gasolina,92.9800,19
2022-11-24,SC,diesel_s10,59.4400,9
2022-11-24,SC,etanol,32.3000,7
2022-11-24,SC,gasolina,52.0600,10
2022-11-24,SP,diesel_s10,513.6800,77
2022-11-24,SP,etanol,410.3700,107
2022-11-24,SP,gasolina,541.3000,109
2022-11-24,TO,diesel_s10,53.0800,8
2022-11-24,TO,etanol,26.8400,6
2022-11-24,TO,gasolina,59.8600,11
2022-11-25,DF,etanol,4.0900,1
2022-11-25,DF,gasolina,5.3900,1
2022-11-25,ES,diesel_s10,32.0800,5
2022-11-25,ES,etanol,13.4500,3
2022-11-25,ES,gasolina,26.3100,5
2022-11-25,MA,diesel_s10,79.1400,11
2022-11-25,MA,etanol,36.4800,8
2022-11-25,MA,gasolina,65.1100,13
2022-11-25,MG,diesel_s10,33.2600,5
2022-11-25,MG,etanol,34.5800,9
2022-11-25,MG,gasolina,44.4000,9
2022-11-25,MS,etanol,7.5700,2
2022-11-25,MS,gasolina,9.6800,2
2022-11-25,PR,diesel_s10,71.9600,11
2022-11-25,PR,etanol,75.7100,17
2022-11-25,PR,gasolina,92.7100,17
2022-11-25,RN,diesel_s10,34.5000,5
2022-11-25,RN,etanol,26.3700,6
2022-11-25,RN,gasolina,32.5900,6
2022-11-25,RS,diesel_s10,27.1100,4
2022-11-25,RS,etanol,4.9400,1
2022-11-25,RS,gasolina,20.5300,4
2022-11-25,SP,diesel_s10,21.3400,3
2022-11-25,SP,etanol,23.4000,6
2022-11-25,SP,gasolina,29.9800,6
2022-11-28,AM,diesel_s10,87.3700,13
2022-11-28,AM,etanol,52.4400,14
2022-11-28,AM,gasolina,79.6300,17
2022-11-28,BA,diesel_s10,19.4500,3
2022-11-28,BA,etanol,12.7100,3
2022-11-28,BA,gasolina,21.3900,4
2022-11-28,CE,diesel_s10,55.8400,8
2022-11-28,CE,etanol,55.3600,14
2022-11-28,CE,gasolina,69.2500,14
2022-11-28,DF,etanol,16.1000,4
2022-11-28,DF,gasolina,20.6300,4
2022-11-28,ES,diesel_s10,58.6900,9
2022-11-28,ES,etanol,26.0400,6
2022-11-28,ES,gasolina,57.1700,11
2022-11-28,GO,diesel_s10,87.1400,13
2022-11-28,GO,etanol,58.6400,16
2022-11-28,GO,gasolina,83.9300,17
2022-11-28,MA,diesel_s10,73.3200,11
2022-11-28,MA,etanol,43.3300,10
2022-11-28,MA,gasolina,63.0900,13
2022-11-28,MG,diesel_s10,520.6400,78
2022-11-28,MG,etanol,409.0000,106
2022-11-28,MG,gasolina,520.3400,105
2022-11-28,MS,diesel_s10,73.6400,11
2022-11-28,MS,etanol,47.2900,12
2022-11-28,MS,gasolina,73.6500,15
2022-11-28,MT,diesel_s10,82.3100,12
2022-11-28,MT,etanol,58.9700,16
2022-11-28,MT,gasolina,81.5600,16
2022-11-28,PA,diesel_s10,81.7100,12
2022-11-28,PA,etanol,45.3200,10
2022-11-28,PA,gasolina,115.0300,24
2022-11-28,PB,diesel_s10,103.9800,16
2022-11-28,PB,etanol,86.6100,24
2022-11-28,PB,gasolina,115.0000,24
2022-11-28,PE,diesel_s10,78.7600,12
2022-11-28,PE,etanol,51.9100,14
2022-11-28,PE,gasolina,67.9000,14
2022-11-28,PI,diesel_s10,99.5200,14
2022-11-28,PI,etanol,68.2200,17
2022-11-28,PI,gasolina,93.6200,18
2022-11-28,PR,diesel_s10,120.7900,18
2022-11-28,PR,etanol,110.0600,26
2022-11-28,PR,gasolina,137.1300,26
2022-11-28,RJ,diesel_s10,425.0500,64
2022-11-28,RJ,etanol,412.3800,92
2022-11-28,RJ,gasolina,488.5100,96
2022-11-28,RN,diesel_s10,83.7900,12
2022-11-28,RN,etanol,77.7200,19
2022-11-28,RN,gasolina,113.9700,21
2022-11-28,RO,diesel_s10,102.8000,15
2022-11-28,RO,etanol,13.2800,3
2022-11-28,RO,gasolina,102.4300,20
2022-11-28,RR,diesel_s10,63.9600,9
2022-11-28,RR,etanol,9.6400,2
2022-11-28,RR,gasolina,47.2500,9
2022-11-28,RS,diesel_s10,195.7000,30
2022-11-28,RS,etanol,53.7300,11
2022-11-28,RS,gasolina,201.8100,41
2022-11-28,SC,diesel_s10,246.5700,38
2022-11-28,SC,etanol,141.1200,31
2022-11-28,SC,gasolina,298.5900,58
2022-11-28,SP,diesel_s10,1497.1700,225
2022-11-28,SP,etanol,1408.8800,372
2022-11-28,SP,gasolina,1861.0200,376
2022-11-28,TO,diesel_s10,53.1300,8
2022-11-28,TO,etanol,33.7800,8
2022-11-28,TO,gasolina,47.7000,9
2022-11-29,AC,diesel_s10,52.2300,7
2022-11-29,AC,etanol,21.4000,5
2022-11-29,AC,gasolina,43.1800,8
2022-11-29,AM,diesel_s10,93.4600,14
2022-11-29,AM,etanol,52.3700,14
2022-11-29,AM,gasolina,69.8000,15
2022-11-29,BA,diesel_s10,200.4200,30
2022-11-29,BA,etanol,134.1300,34
2022-11-29,BA,gasolina,188.8500,35
2022-11-29,CE,diesel_s10,141.5500,20
2022-11-29,CE,etanol,129.6900,32
2022-11-29,CE,gasolina,160.2000,32
2022-11-29,DF,diesel_s10,95.2500,14
2022-11-29,DF,etanol,113.4300,28
2022-11-29,DF,gasolina,145.7000,29
2022-11-29,GO,diesel_s10,163.8800,24
2022-11-29,GO,etanol,100.2200,27
2022-11-29,GO,gasolina,134.4500,27
2022-11-29,MA,diesel_s10,72.7400,11
2022-11-29,MA,etanol,17.1300,4
2022-11-29,MA,gasolina,52.4700,11
2022-11-29,MG,diesel_s10,543.1800,82
2022-11-29,MG,etanol,462.9400,120
2022-11-29,MG,gasolina,602.3400,122
2022-11-29,MT,diesel_s10,130.7800,19
2022-11-29,MT,etanol,91.4400,25
2022-11-29,MT,gasolina,127.9900,25
2022-11-29,PA,diesel_s10,66.9500,10
2022-11-29,PA,etanol,34.5200,8
2022-11-29,PA,gasolina,61.4000,13
2022-11-29,PE,diesel_s10,189.4000,29
2022-11-29,PE,etanol,134.0400,36
2022-11-29,PE,gasolina,180.5000,37
2022-11-29,PI,diesel_s10,75.4000,11
2022-11-29,PI,etanol,37.5800,9
2022-11-29,PI,gasolina,62.6900,12
2022-11-29,PR,diesel_s10,323.0600,49
2022-11-29,PR,etanol,272.5900,66
2022-11-29,PR,gasolina,342.7100,66
2022-11-29,RJ,diesel_s10,242.1000,37
2022-11-29,RJ,etanol,369.0400,82
2022-11-29,RJ,gasolina,416.8300,82
2022-11-29,RN,diesel_s10,35.4800,5
2022-11-29,RN,etanol,38.9200,9
2022-11-29,RN,gasolina,48.9500,9
2022-11-29,RO,diesel_s10,42.8600,6
2022-11-29,RO,etanol,9.8600,2
2022-11-29,RO,gasolina,31.5200,6
2022-11-29,RR,diesel_s10,36.2200,5
2022-11-29,RR,etanol,4.9900,1
2022-11-29,RR,gasolina,26.2500,5
2022-11-29,RS,diesel_s10,508.9800,78
2022-11-29,RS,etanol,168.1600,34
2022-11-29,RS,gasolina,543.7600,110
2022-11-29,SC,diesel_s10,193.4000,29
2022-11-29,SC,etanol,124.0700,27
2022-11-29,SC,gasolina,267.9500,52
2022-11-29,SP,diesel_s10,741.2300,111
2022-11-29,SP,etanol,679.9000,179
2022-11-29,SP,gasolina,884.2400,180
2022-11-29,TO,diesel_s10,53.6300,8
2022-11-29,TO,etanol,29.8000,7
2022-11-29,TO,gasolina,42.1400,8
2022-11-30,AC,diesel_s10,37.6100,5
2022-11-30,AC,etanol,13.0200,3
2022-11-30,AC,gasolina,26.8800,5
2022-11-30,AL,diesel_s10,88.8900,13
2022-11-30,AL,etanol,57.1800,15
2022-11-30,AL,gasolina,77.9200,15
2022-11-30,AM,diesel_s10,26.6600,4
2022-11-30,AM,etanol,25.6300,7
2022-11-30,AM,gasolina,32.1100,7
2022-11-30,AP,diesel_s10,78.7600,11
2022-11-30,AP,etanol,5.2400,1
2022-11-30,AP,gasolina,94.1600,20
2022-11-30,BA,diesel_s10,6.9700,1
2022-11-30,BA,etanol,8.1800,2
2022-11-30,BA,gasolina,10.7800,2
2022-11-30,CE,diesel_s10,236.1800,34
2022-11-30,CE,etanol,140.1300,34
2022-11-30,CE,gasolina,196.6500,39
2022-11-30,DF,diesel_s10,20.6600,3
2022-11-30,DF,etanol,19.8400,5
2022-11-30,DF,gasolina,24.4600,5
2022-11-30,ES,diesel_s10,6.8900,1
2022-11-30,ES,etanol,4.7900,1
2022-11-30,ES,gasolina,5.2900,1
2022-11-30,GO,diesel_s10,138.9900,21
2022-11-30,GO,etanol,101.1200,27
2022-11-30,GO,gasolina,135.8000,27
2022-11-30,MA,diesel_s10,205.8800,30
2022-11-30,MA,etanol,89.5900,20
2022-11-30,MA,gasolina,162.9500,32
2022-11-30,MG,diesel_s10,269.7800,40
2022-11-30,MG,etanol,248.8200,64
2022-11-30,MG,gasolina,315.2800,63
2022-11-30,MT,diesel_s10,96.0800,14
2022-11-30,MT,etanol,70.6000,19
2022-11-30,MT,gasolina,97.2500,19
2022-11-30,PA,diesel_s10,120.3200,17
2022-11-30,PA,etanol,53.6100,11
2022-11-30,PA,gasolina,127.2500,25
2022-11-30,PB,diesel_s10,91.9800,14
2022-11-30,PB,etanol,56.4600,16
2022-11-30,PB,gasolina,76.9900,16
2022-11-30,PE,diesel_s10,104.6800,15
2022-11-30,PE,etanol,60.4600,14
2022-11-30,PE,gasolina,87.0400,15
2022-11-30,PI,diesel_s10,123.2200,18
2022-11-30,PI,etanol,68.4000,16
2022-11-30,PI,gasolina,105.7600,20
2022-11-30,PR,diesel_s10,486.9000,74
2022-11-30,PR,etanol,415.9700,101
2022-11-30,PR,gasolina,500.7800,97
2022-11-30,RJ,diesel_s10,220.2600,33
2022-11-30,RJ,etanol,236.2500,53
2022-11-30,RJ,gasolina,292.2000,57
2022-11-30,RN,diesel_s10,41.4300,6
2022-11-30,RN,etanol,32.5800,8
2022-11-30,RN,gasolina,43.3800,8
2022-11-30,RO,diesel_s10,37.1000,5
2022-11-30,RO,etanol,10.3200,2
2022-11-30,RO,gasolina,31.7600,6
2022-11-30,RR,diesel_s10,14.0100,2
2022-11-30,RR,gasolina,15.7900,3
2022-11-30,RS,diesel_s10,430.6200,67
2022-11-30,RS,etanol,160.2100,35
2022-11-30,RS,gasolina,457.3100,94
2022-11-30,SC,diesel_s10,151.0800,23
2022-11-30,SC,etanol,85.4500,19
2022-11-30,SC,gasolina,170.2000,33
2022-11-30,SP,diesel_s10,1441.8400,218
2022-11-30,SP,etanol,1190.0600,317
2022-11-30,SP,gasolina,1557.7400,319
2022-11-30,TO,diesel_s10,39.3900,6
2022-11-30,TO,etanol,35.2800,8
2022-11-30,TO,gasolina,59.1700,11
2022-12-01,AP,diesel_s10,14.2000,2
2022-12-01,AP,gasolina,9.5100,2
2022-12-01,BA,diesel_s10,86.5400,13
2022-12-01,BA,etanol,60.2300,15
2022-12-01,BA,gasolina,80.4600,15
2022-12-01,CE,diesel_s10,13.5800,2
2022-12-01,CE,etanol,7.9800,2
2022-12-01,CE,gasolina,15.5100,3
2022-12-01,DF,diesel_s10,40.5800,6
2022-12-01,DF,etanol,43.9800,11
2022-12-01,DF,gasolina,60.5700,12
2022-12-01,GO,diesel_s10,86.2800,13
2022-12-01,GO,etanol,64.7700,17
2022-12-01,GO,gasolina,84.9500,17
2022-12-01,MA,diesel_s10,78.5200,11
2022-12-01,MA,etanol,31.5300,7
2022-12-01,MA,gasolina,66.2500,13
2022-12-01,MG,diesel_s10,134.5400,20
2022-12-01,MG,etanol,124.7100,32
2022-12-01,MG,gasolina,167.2600,33
2022-12-01,MS,diesel_s10,123.3700,19
2022-12-01,MS,etanol,62.9100,17
2022-12-01,MS,gasolina,104.3100,22
2022-12-01,MT,diesel_s10,28.5800,4
2022-12-01,MT,etanol,25.9900,7
2022-12-01,MT,gasolina,36.2700,7
2022-12-01,PA,diesel_s10,97.4100,14
2022-12-01,PA,etanol,27.6400,6
2022-12-01,PA,gasolina,88.3400,18
2022-12-01,PE,diesel_s10,98.2400,15
2022-12-01,PE,etanol,63.8200,17
2022-12-01,PE,gasolina,91.5100,18
2022-12-01,PR,diesel_s10,151.2400,23
2022-12-01,PR,etanol,135.2500,32
2022-12-01,PR,gasolina,168.3300,32
2022-12-01,RN,diesel_s10,6.9900,1
2022-12-01,RN,etanol,8.9500,2
2022-12-01,RN,gasolina,10.8500,2
2022-12-01,RO,diesel_s10,51.1500,7
2022-12-01,RO,etanol,14.5400,3
2022-12-01,RO,gasolina,36.6500,7
2022-12-01,RS,diesel_s10,49.4000,7
2022-12-01,RS,etanol,31.2200,6
2022-12-01,RS,gasolina,53.3000,10
2022-12-01,SE,diesel_s10,33.1600,5
2022-12-01,SE,etanol,56.5000,16
2022-12-01,SE,gasolina,81.7200,17
2022-12-01,SP,diesel_s10,515.4500,77
2022-12-01,SP,etanol,393.1500,103
2022-12-01,SP,gasolina,538.0400,108
2022-12-02,SP,diesel_s10,111.0600,17
2022-12-02,SP,etanol,78.1100,21
2022-12-02,SP,gasolina,101.9500,21
2022-12-05,AC,diesel_s10,14.9700,2
2022-12-05,AC,etanol,8.5800,2
2022-12-05,AC,gasolina,16.1600,3
2022-12-05,AM,diesel_s10,89.0300,13
2022-12-05,AM,etanol,51.1100,13
2022-12-05,AM,gasolina,97.5900,19
2022-12-05,BA,diesel_s10,99.0100,15
2022-12-05,BA,etanol,73.6700,18
2022-12-05,BA,gasolina,99.9300,18
2022-12-05,CE,diesel_s10,119.6400,17
2022-12-05,CE,etanol,94.5500,23
2022-12-05,CE,gasolina,122.5600,24
2022-12-05,DF,diesel_s10,20.6700,3
2022-12-05,DF,etanol,20.3900,5
2022-12-05,DF,gasolina,24.0700,5
2022-12-05,ES,diesel_s10,221.9600,34
2022-12-05,ES,etanol,145.2700,34
2022-12-05,ES,gasolina,220.9000,44
2022-12-05,GO,diesel_s10,94.9800,14
2022-12-05,GO,etanol,60.1400,16
2022-12-05,GO,gasolina,80.4900,16
2022-12-05,MA,diesel_s10,94.4500,14
2022-12-05,MA,etanol,39.0800,9
2022-12-05,MA,gasolina,73.2900,15
2022-12-05,MG,diesel_s10,323.8600,49
2022-12-05,MG,etanol,307.7600,80
2022-12-05,MG,gasolina,391.1300,80
2022-12-05,MS,diesel_s10,73.4700,11
2022-12-05,MS,etanol,50.8800,13
2022-12-05,MS,gasolina,72.7200,15
2022-12-05,MT,diesel_s10,123.0000,18
2022-12-05,MT,etanol,95.7800,26
2022-12-05,MT,gasolina,128.6700,25
2022-12-05,PA,diesel_s10,145.5000,21
2022-12-05,PA,etanol,42.3200,9
2022-12-05,PA,gasolina,159.8500,33
2022-12-05,PB,diesel_s10,91.4600,14
2022-12-05,PB,etanol,87.6900,24
2022-12-05,PB,gasolina,114.5800,24
2022-12-05,PE,diesel_s10,60.4600,9
2022-12-05,PE,etanol,56.4800,15
2022-12-05,PE,gasolina,71.1700,14
2022-12-05,PI,diesel_s10,92.1500,13
2022-12-05,PI,etanol,61.0100,15
2022-12-05,PI,gasolina,89.2000,17
2022-12-05,PR,diesel_s10,162.0500,25
2022-12-05,PR,etanol,132.4000,32
2022-12-05,PR,gasolina,161.1900,31
2022-12-05,RJ,diesel_s10,269.7700,41
2022-12-05,RJ,etanol,335.4600,74
2022-12-05,RJ,gasolina,410.1400,79
2022-12-05,RN,diesel_s10,14.0500,2
2022-12-05,RN,etanol,16.5900,4
2022-12-05,RN,gasolina,16.4300,3
2022-12-05,RO,diesel_s10,125.3100,18
2022-12-05,RO,etanol,27.5300,6
2022-12-05,RO,gasolina,123.7000,24
2022-12-05,RR,diesel_s10,35.3300,5
2022-12-05,RR,etanol,9.6400,2
2022-12-05,RR,gasolina,26.2500,5
2022-12-05,RS,diesel_s10,212.3400,32
2022-12-05,RS,etanol,57.3600,12
2022-12-05,RS,gasolina,183.1600,36
2022-12-05,SC,diesel_s10,120.9400,18
2022-12-05,SC,etanol,85.4700,19
2022-12-05,SC,gasolina,190.2300,37
2022-12-05,SP,diesel_s10,1141.6700,172
2022-12-05,SP,etanol,1042.7500,277
2022-12-05,SP,gasolina,1381.5700,282
2022-12-05,TO,diesel_s10,84.7300,13
2022-12-05,TO,etanol,55.8800,13
2022-12-05,TO,gasolina,83.8700,16
2022-12-06,AC,diesel_s10,29.7100,4
2022-12-06,AC,etanol,17.4100,4
2022-12-06,AC,gasolina,26.9900,5
2022-12-06,AM,diesel_s10,80.9800,12
2022-12-06,AM,etanol,46.7000,12
2022-12-06,AM,gasolina,68.0500,13
2022-12-06,BA,diesel_s10,97.8200,16
2022-12-06,BA,etanol,77.4700,20
2022-12-06,BA,gasolina,103.6300,20
2022-12-06,CE,diesel_s10,193.6500,28
2022-12-06,CE,etanol,132.0800,32
2022-12-06,CE,gasolina,166.3700,33
2022-12-06,DF,diesel_s10,20.6700,3
2022-12-06,DF,etanol,15.6900,4
2022-12-06,DF,gasolina,19.9400,4
2022-12-06,ES,diesel_s10,45.4100,7
2022-12-06,ES,etanol,22.0400,5
2022-12-06,ES,gasolina,42.1200,8
2022-12-06,GO,diesel_s10,45.0500,7
2022-12-06,GO,etanol,49.2700,13
2022-12-06,GO,gasolina,67.1700,13
2022-12-06,MA,diesel_s10,87.2100,13
2022-12-06,MA,etanol,25.9400,6
2022-12-06,MA,gasolina,58.2600,12
2022-12-06,MG,diesel_s10,447.8300,68
2022-12-06,MG,etanol,374.4300,98
2022-12-06,MG,gasolina,465.7800,95
2022-12-06,MT,diesel_s10,186.9400,27
2022-12-06,MT,etanol,118.2100,32
2022-12-06,MT,gasolina,163.2500,32
2022-12-06,PA,diesel_s10,109.1200,16
2022-12-06,PA,etanol,54.1900,12
2022-12-06,PA,gasolina,105.8600,22
2022-12-06,PB,diesel_s10,91.6500,14
2022-12-06,PB,etanol,56.4400,16
2022-12-06,PB,gasolina,76.8400,16
2022-12-06,PE,diesel_s10,158.7500,24
2022-12-06,PE,etanol,91.8400,24
2022-12-06,PE,gasolina,123.7300,25
2022-12-06,PI,diesel_s10,109.3300,16
2022-12-06,PI,etanol,50.7200,12
2022-12-06,PI,gasolina,89.3200,17
2022-12-06,PR,diesel_s10,358.5700,54
2022-12-06,PR,etanol,314.1500,77
2022-12-06,PR,gasolina,385.1600,75
2022-12-06,RJ,diesel_s10,282.6200,43
2022-12-06,RJ,etanol,351.6200,79
2022-12-06,RJ,gasolina,418.2600,83
2022-12-06,RN,diesel_s10,78.8500,11
2022-12-06,RN,etanol,63.1200,15
2022-12-06,RN,gasolina,87.1500,16
2022-12-06,RO,diesel_s10,71.4300,10
2022-12-06,RO,etanol,14.4300,3
2022-12-06,RO,gasolina,58.8400,11
2022-12-06,RR,diesel_s10,42.7100,6
2022-12-06,RR,gasolina,31.5000,6
2022-12-06,RS,diesel_s10,385.6600,59
2022-12-06,RS,etanol,140.9400,30
2022-12-06,RS,gasolina,401.2900,82
2022-12-06,SC,diesel_s10,340.1000,52
2022-12-06,SC,etanol,147.3000,32
2022-12-06,SC,gasolina,364.3500,72
2022-12-06,SP,diesel_s10,969.6600,146
2022-12-06,SP,etanol,807.9600,215
2022-12-06,SP,gasolina,1054.8100,213
2022-12-06,TO,diesel_s10,40.9400,6
2022-12-06,TO,etanol,30.9000,7
2022-12-06,TO,gasolina,37.3200,7
2022-12-07,AC,diesel_s10,38.3700,5
2022-12-07,AC,etanol,4.4800,1
2022-12-07,AC,gasolina,27.4300,5
2022-12-07,AL,diesel_s10,68.0600,10
2022-12-07,AL,etanol,57.2800,15
2022-12-07,AL,gasolina,77.6600,15
2022-12-07,AM,diesel_s10,34.1500,5
2022-12-07,AM,etanol,27.4300,7
2022-12-07,AM,gasolina,42.3000,8
2022-12-07,AP,diesel_s10,41.9500,6
2022-12-07,AP,gasolina,77.7600,17
2022-12-07,BA,diesel_s10,101.0100,15
2022-12-07,BA,etanol,88.2200,22
2022-12-07,BA,gasolina,116.0500,22
2022-12-07,CE,diesel_s10,134.3300,19
2022-12-07,CE,etanol,115.8600,28
2022-12-07,CE,gasolina,143.3400,29
2022-12-07,DF,diesel_s10,34.0500,5
2022-12-07,DF,etanol,58.0400,14
2022-12-07,DF,gasolina,73.5000,14
2022-12-07,ES,diesel_s10,124.7300,19
2022-12-07,ES,etanol,73.0700,17
2022-12-07,ES,gasolina,146.7500,29
2022-12-07,GO,diesel_s10,353.0900,53
2022-12-07,GO,etanol,233.1100,63
2022-12-07,GO,gasolina,328.1400,66
2022-12-07,MA,diesel_s10,99.6600,14
2022-12-07,MA,etanol,54.1700,12
2022-12-07,MA,gasolina,85.0500,17
2022-12-07,MG,diesel_s10,132.8200,20
2022-12-07,MG,etanol,113.6200,29
2022-12-07,MG,gasolina,146.0300,29
2022-12-07,MT,diesel_s10,20.8700,3
2022-12-07,MT,etanol,26.0700,7
2022-12-07,MT,gasolina,35.3100,7
2022-12-07,PA,etanol,13.0300,3
2022-12-07,PA,gasolina,14.5500,3
2022-12-07,PE,diesel_s10,257.7800,39
2022-12-07,PE,etanol,154.2500,41
2022-12-07,PE,gasolina,232.1100,46
2022-12-07,PI,diesel_s10,88.9600,13
2022-12-07,PI,etanol,63.1700,15
2022-12-07,PI,gasolina,86.3700,16
2022-12-07,PR,diesel_s10,442.3900,67
2022-12-07,PR,etanol,377.4000,91
2022-12-07,PR,gasolina,471.7200,91
2022-12-07,RJ,diesel_s10,332.2600,50
2022-12-07,RJ,etanol,359.7800,80
2022-12-07,RJ,gasolina,415.7500,81
2022-12-07,RN,diesel_s10,54.6200,8
2022-12-07,RN,etanol,40.5300,10
2022-12-07,RN,gasolina,54.4200,10
2022-12-07,RO,diesel_s10,95.8200,13
2022-12-07,RO,etanol,14.4600,3
2022-12-07,RO,gasolina,74.7500,14
2022-12-07,RR,diesel_s10,36.2800,5
2022-12-07,RR,etanol,9.7800,2
2022-12-07,RR,gasolina,31.5000,6
2022-12-07,RS,diesel_s10,484.8800,74
2022-12-07,RS,etanol,150.3900,31
2022-12-07,RS,gasolina,501.1700,102
2022-12-07,SC,diesel_s10,209.2000,32
2022-12-07,SC,etanol,109.1100,24
2022-12-07,SC,gasolina,196.4200,38
2022-12-07,SE,diesel_s10,19.9500,3
2022-12-07,SE,etanol,50.4200,14
2022-12-07,SE,gasolina,81.3400,17
2022-12-07,SP,diesel_s10,1356.2200,205
2022-12-07,SP,etanol,1178.9400,314
2022-12-07,SP,gasolina,1561.6000,320
2022-12-07,TO,diesel_s10,39.6000,6
2022-12-07,TO,etanol,22.1100,5
2022-12-07,TO,gasolina,48.2000,9
2022-12-08,BA,diesel_s10,18.6200,3
2022-12-08,BA,etanol,15.4600,4
2022-12-08,BA,gasolina,20.6600,4
2022-12-08,CE,diesel_s10,54.2000,8
2022-12-08,CE,etanol,24.8800,6
2022-12-08,CE,gasolina,46.0800,9
2022-12-08,DF,diesel_s10,60.4500,9
2022-12-08,DF,etanol,47.7000,12
2022-12-08,DF,gasolina,58.2100,12
2022-12-08,GO,diesel_s10,19.4600,3
2022-12-08,GO,etanol,10.8600,3
2022-12-08,GO,gasolina,14.6600,3
2022-12-08,MA,diesel_s10,146.7900,22
2022-12-08,MA,etanol,62.5900,14
2022-12-08,MA,gasolina,120.7900,24
2022-12-08,MG,diesel_s10,426.1900,64
2022-12-08,MG,etanol,341.9700,90
2022-12-08,MG,gasolina,451.0000,91
2022-12-08,MS,diesel_s10,116.6300,18
2022-12-08,MS,etanol,70.9400,19
2022-12-08,MS,gasolina,108.2700,23
2022-12-08,PA,diesel_s10,41.8700,6
2022-12-08,PA,etanol,18.8400,4
2022-12-08,PA,gasolina,61.8600,12
2022-12-08,PE,diesel_s10,39.2600,6
2022-12-08,PE,etanol,17.4800,4
2022-12-08,PE,gasolina,37.6100,7
2022-12-08,PR,diesel_s10,77.5900,12
2022-12-08,PR,etanol,52.8000,14
2022-12-08,PR,gasolina,77.0200,16
2022-12-08,RS,diesel_s10,56.9400,9
2022-12-08,RS,etanol,27.6900,6
2022-12-08,RS,gasolina,96.4000,20
2022-12-08,SC,diesel_s10,25.9700,4
2022-12-08,SC,etanol,12.9700,3
2022-12-08,SC,gasolina,19.9100,4
2022-12-08,SP,diesel_s10,858.2400,130
2022-12-08,SP,etanol,643.2900,169
2022-12-08,SP,gasolina,837.5600,171
2022-12-09,BA,diesel_s10,146.4600,23
2022-12-09,BA,etanol,116.5800,30
2022-12-09,BA,gasolina,160.8900,31
2022-12-09,CE,diesel_s10,13.5400,2
2022-12-09,CE,etanol,7.9400,2
2022-12-09,CE,gasolina,9.5800,2
2022-12-09,DF,diesel_s10,27.2600,4
2022-12-09,DF,etanol,52.1300,13
2022-12-09,DF,gasolina,73.8500,15
2022-12-09,ES,diesel_s10,13.9800,2
2022-12-09,ES,etanol,9.0800,2
2022-12-09,ES,gasolina,10.5800,2
2022-12-09,MG,diesel_s10,46.8200,7
2022-12-09,MG,etanol,39.1500,10
2022-12-09,MG,gasolina,49.3500,10
2022-12-09,PA,diesel_s10,27.5400,4
2022-12-09,PA,etanol,13.8200,3
2022-12-09,PA,gasolina,14.9100,3
2022-12-09,PR,diesel_s10,45.1500,7
2022-12-09,PR,etanol,79.3200,18
2022-12-09,PR,gasolina,89.9900,17
2022-12-09,RS,diesel_s10,32.7600,5
2022-12-09,RS,etanol,5.2800,1
2022-12-09,RS,gasolina,48.6600,10
2022-12-09,SP,diesel_s10,188.5100,29
2022-12-09,SP,etanol,153.8300,41
2022-12-09,SP,gasolina,195.8800,41
2022-12-12,AM,diesel_s10,94.2600,14
2022-12-12,AM,etanol,61.0800,16
2022-12-12,AM,gasolina,89.4500,19
2022-12-12,BA,diesel_s10,12.2400,2
2022-12-12,BA,etanol,12.0200,3
2022-12-12,BA,gasolina,15.6300,3
2022-12-12,CE,diesel_s10,125.4500,18
2022-12-12,CE,etanol,138.0100,33
2022-12-12,CE,gasolina,168.6600,33
2022-12-12,DF,diesel_s10,79.0900,12
2022-12-12,DF,etanol,98.6300,25
2022-12-12,DF,gasolina,124.8200,26
2022-12-12,ES,diesel_s10,238.0600,37
2022-12-12,ES,etanol,158.4500,37
2022-12-12,ES,gasolina,240.7900,48
2022-12-12,GO,diesel_s10,190.5200,30
2022-12-12,GO,etanol,151.4500,40
2022-12-12,GO,gasolina,193.8200,38
2022-12-12,MA,diesel_s10,113.9300,17
2022-12-12,MA,etanol,34.4300,8
2022-12-12,MA,gasolina,82.2100,17
2022-12-12,MG,diesel_s10,533.1100,82
2022-12-12,MG,etanol,415.8700,110
2022-12-12,MG,gasolina,529.6700,109
2022-12-12,MS,diesel_s10,65.3100,10
2022-12-12,MS,etanol,39.8500,10
2022-12-12,MS,gasolina,61.9300,13
2022-12-12,MT,diesel_s10,74.1000,11
2022-12-12,MT,etanol,55.4900,15
2022-12-12,MT,gasolina,76.6500,15
2022-12-12,PA,diesel_s10,90.7400,13
2022-12-12,PA,etanol,51.4500,11
2022-12-12,PA,gasolina,124.1700,26
2022-12-12,PB,diesel_s10,111.7900,17
2022-12-12,PB,etanol,87.9600,24
2022-12-12,PB,gasolina,124.3400,26
2022-12-12,PE,diesel_s10,71.8300,11
2022-12-12,PE,etanol,52.7500,14
2022-12-12,PE,gasolina,68.4900,14
2022-12-12,PI,diesel_s10,91.8800,13
2022-12-12,PI,etanol,65.5100,16
2022-12-12,PI,gasolina,94.0400,18
2022-12-12,PR,diesel_s10,168.1300,26
2022-12-12,PR,etanol,154.7900,37
2022-12-12,PR,gasolina,190.9300,37
2022-12-12,RJ,diesel_s10,416.3200,64
2022-12-12,RJ,etanol,457.6200,102
2022-12-12,RJ,gasolina,557.7000,109
2022-12-12,RN,diesel_s10,56.4000,8
2022-12-12,RN,etanol,45.7600,11
2022-12-12,RN,gasolina,64.5700,12
2022-12-12,RO,diesel_s10,137.7900,20
2022-12-12,RO,etanol,36.7200,8
2022-12-12,RO,gasolina,133.2000,26
2022-12-12,RR,diesel_s10,79.4400,11
2022-12-12,RR,etanol,14.6300,3
2022-12-12,RR,gasolina,57.7500,11
2022-12-12,RS,diesel_s10,320.0100,50
2022-12-12,RS,etanol,126.9500,27
2022-12-12,RS,gasolina,322.7800,67
2022-12-12,SC,diesel_s10,255.3900,39
2022-12-12,SC,etanol,153.0200,34
2022-12-12,SC,gasolina,290.5900,57
2022-12-12,SE,diesel_s10,13.5800,2
2022-12-12,SE,etanol,21.9400,6
2022-12-12,SE,gasolina,33.4500,7
2022-12-12,SP,diesel_s10,1434.9200,220
2022-12-12,SP,etanol,1369.1400,367
2022-12-12,SP,gasolina,1797.3400,369
2022-12-12,TO,diesel_s10,77.3700,12
2022-12-12,TO,etanol,46.5100,11
2022-12-12,TO,gasolina,67.4200,13
2022-12-13,AC,diesel_s10,29.8500,4
2022-12-13,AC,etanol,8.6800,2
2022-12-13,AC,gasolina,21.5800,4
2022-12-13,AM,diesel_s10,39.9400,6
2022-12-13,AM,etanol,30.3000,8
2022-12-13,AM,gasolina,36.5800,8
2022-12-13,BA,diesel_s10,134.4000,22
2022-12-13,BA,etanol,120.9100,30
2022-12-13,BA,gasolina,153.3900,30
2022-12-13,CE,diesel_s10,125.9600,18
2022-12-13,CE,etanol,109.1500,26
2022-12-13,CE,gasolina,128.8200,26
2022-12-13,DF,diesel_s10,96.4000,14
2022-12-13,DF,etanol,88.5300,22
2022-12-13,DF,gasolina,114.7700,24
2022-12-13,ES,diesel_s10,81.9100,13
2022-12-13,ES,etanol,44.6800,10
2022-12-13,ES,gasolina,84.5500,16
2022-12-13,GO,diesel_s10,57.0500,9
2022-12-13,GO,etanol,48.3200,13
2022-12-13,GO,gasolina,63.6500,13
2022-12-13,MA,diesel_s10,141.1700,21
2022-12-13,MA,etanol,74.4800,17
2022-12-13,MA,gasolina,134.1100,28
2022-12-13,MG,diesel_s10,383.7900,60
2022-12-13,MG,etanol,334.7300,87
2022-12-13,MG,gasolina,430.5900,88
2022-12-13,MS,diesel_s10,37.7300,6
2022-12-13,MS,etanol,18.6400,5
2022-12-13,MS,gasolina,37.5500,8
2022-12-13,MT,diesel_s10,102.0600,15
2022-12-13,MT,etanol,70.7200,19
2022-12-13,MT,gasolina,95.7800,19
2022-12-13,PA,diesel_s10,107.2800,16
2022-12-13,PA,etanol,63.3500,14
2022-12-13,PA,gasolina,123.8500,26
2022-12-13,PB,diesel_s10,13.6800,2
2022-12-13,PB,etanol,3.9500,1
2022-12-13,PB,gasolina,14.9200,3
2022-12-13,PE,diesel_s10,277.2000,43
2022-12-13,PE,etanol,161.7500,42
2022-12-13,PE,gasolina,235.7500,48
2022-12-13,PI,diesel_s10,80.7700,12
2022-12-13,PI,etanol,51.2400,12
2022-12-13,PI,gasolina,69.5800,13
2022-12-13,PR,diesel_s10,479.1300,74
2022-12-13,PR,etanol,381.8000,94
2022-12-13,PR,gasolina,476.5300,94
2022-12-13,RJ,diesel_s10,264.5500,40
2022-12-13,RJ,etanol,337.5200,74
2022-12-13,RJ,gasolina,390.7000,76
2022-12-13,RN,diesel_s10,82.2300,12
2022-12-13,RN,etanol,68.4600,16
2022-12-13,RN,gasolina,84.3900,16
2022-12-13,RO,diesel_s10,49.6200,7
2022-12-13,RO,etanol,10.3200,2
2022-12-13,RO,gasolina,31.2200,6
2022-12-13,RR,diesel_s10,41.9900,6
2022-12-13,RR,etanol,4.7900,1
2022-12-13,RR,gasolina,31.5000,6
2022-12-13,RS,diesel_s10,466.4400,73
2022-12-13,RS,etanol,193.1600,40
2022-12-13,RS,gasolina,479.9300,97
2022-12-13,SC,diesel_s10,133.8800,21
2022-12-13,SC,etanol,37.1800,8
2022-12-13,SC,gasolina,129.6800,26
2022-12-13,SP,diesel_s10,602.3000,93
2022-12-13,SP,etanol,541.2400,144
2022-12-13,SP,gasolina,700.6000,145
2022-12-13,TO,diesel_s10,59.5700,9
2022-12-13,TO,etanol,43.0700,10
2022-12-13,TO,gasolina,62.8400,12
2022-12-14,AC,diesel_s10,45.1600,6
2022-12-14,AC,etanol,21.5500,5
2022-12-14,AC,gasolina,37.5400,7
2022-12-14,AM,diesel_s10,59.9100,9
2022-12-14,AM,etanol,37.3000,10
2022-12-14,AM,gasolina,59.7300,13
2022-12-14,AP,diesel_s10,27.7800,4
2022-12-14,AP,etanol,4.9300,1
2022-12-14,AP,gasolina,76.3100,17
2022-12-14,BA,diesel_s10,63.8600,10
2022-12-14,BA,etanol,44.3300,11
2022-12-14,BA,gasolina,63.0900,12
2022-12-14,CE,diesel_s10,225.0800,33
2022-12-14,CE,etanol,148.7800,36
2022-12-14,CE,gasolina,187.5500,38
2022-12-14,ES,diesel_s10,39.4700,6
2022-12-14,ES,etanol,17.0200,4
2022-12-14,ES,gasolina,39.0300,8
2022-12-14,GO,diesel_s10,249.2400,39
2022-12-14,GO,etanol,187.2900,51
2022-12-14,GO,gasolina,262.2700,54
2022-12-14,MA,diesel_s10,120.3500,18
2022-12-14,MA,etanol,58.5400,13
2022-12-14,MA,gasolina,94.2600,19
2022-12-14,MG,diesel_s10,237.6400,37
2022-12-14,MG,etanol,197.1200,51
2022-12-14,MG,gasolina,265.0600,53
2022-12-14,MS,diesel_s10,57.9800,9
2022-12-14,MS,etanol,33.9000,9
2022-12-14,MS,gasolina,48.2700,10
2022-12-14,MT,diesel_s10,172.4700,26
2022-12-14,MT,etanol,122.8900,34
2022-12-14,MT,gasolina,163.9800,33
2022-12-14,PA,diesel_s10,56.9800,8
2022-12-14,PA,etanol,19.0200,4
2022-12-14,PA,gasolina,59.4600,11
2022-12-14,PB,diesel_s10,6.6900,1
2022-12-14,PB,etanol,3.8400,1
2022-12-14,PB,gasolina,4.9700,1
2022-12-14,PE,diesel_s10,31.8600,5
2022-12-14,PE,etanol,30.1100,8
2022-12-14,PE,gasolina,39.4000,8
2022-12-14,PI,diesel_s10,54.2600,8
2022-12-14,PI,etanol,37.5900,9
2022-12-14,PI,gasolina,52.8600,10
2022-12-14,PR,diesel_s10,359.5100,56
2022-12-14,PR,etanol,369.9500,89
2022-12-14,PR,gasolina,462.2100,90
2022-12-14,RJ,diesel_s10,181.3000,28
2022-12-14,RJ,etanol,203.6300,46
2022-12-14,RJ,gasolina,234.6100,47
2022-12-14,RN,diesel_s10,54.0800,8
2022-12-14,RN,etanol,52.1100,13
2022-12-14,RN,gasolina,74.5700,14
2022-12-14,RO,diesel_s10,70.8200,10
2022-12-14,RO,etanol,14.6700,3
2022-12-14,RO,gasolina,80.2700,15
2022-12-14,RS,diesel_s10,329.2000,52
2022-12-14,RS,etanol,117.9400,25
2022-12-14,RS,gasolina,416.5600,86
2022-12-14,SC,diesel_s10,151.9000,24
2022-12-14,SC,etanol,79.0000,18
2022-12-14,SC,gasolina,165.8500,32
2022-12-14,SE,diesel_s10,25.2900,4
2022-12-14,SE,etanol,35.5700,10
2022-12-14,SE,gasolina,47.0900,10
2022-12-14,SP,diesel_s10,1129.4000,175
2022-12-14,SP,etanol,944.3100,254
2022-12-14,SP,gasolina,1248.1000,258
2022-12-14,TO,diesel_s10,25.5100,4
2022-12-14,TO,etanol,17.8200,4
2022-12-14,TO,gasolina,26.5800,5
2022-12-15,AC,diesel_s10,7.4400,1
2022-12-15,AC,etanol,4.2900,1
2022-12-15,AC,gasolina,5.3600,1
2022-12-15,AL,diesel_s10,132.9400,20
2022-12-15,AL,etanol,125.8300,33
2022-12-15,AL,gasolina,162.9300,33
2022-12-15,AM,diesel_s10,7.5000,1
2022-12-15,AM,gasolina,23.9600,4
2022-12-15,BA,diesel_s10,11.2500,2
2022-12-15,BA,etanol,11.8700,3
2022-12-15,BA,gasolina,14.8700,3
2022-12-15,CE,diesel_s10,13.8800,2
2022-12-15,CE,etanol,8.4300,2
2022-12-15,CE,gasolina,10.2300,2
2022-12-15,GO,etanol,7.2600,2
2022-12-15,GO,gasolina,9.6600,2
2022-12-15,MA,diesel_s10,6.4900,1
2022-12-15,MA,etanol,4.3900,1
2022-12-15,MA,gasolina,4.8900,1
2022-12-15,MG,diesel_s10,292.4600,45
2022-12-15,MG,etanol,251.0400,67
2022-12-15,MG,gasolina,325.2400,67
2022-12-15,MS,diesel_s10,12.6200,2
2022-12-15,MS,etanol,7.3500,2
2022-12-15,MS,gasolina,9.5100,2
2022-12-15,PA,diesel_s10,88.3400,13
2022-12-15,PA,etanol,36.0100,8
2022-12-15,PA,gasolina,93.3800,19
2022-12-15,PB,diesel_s10,89.6400,14
2022-12-15,PB,etanol,58.6700,16
2022-12-15,PB,gasolina,75.2300,16
2022-12-15,PE,diesel_s10,137.8000,21
2022-12-15,PE,etanol,78.9700,20
2022-12-15,PE,gasolina,117.4800,22
2022-12-15,PI,diesel_s10,54.0300,8
2022-12-15,PI,etanol,16.6400,4
2022-12-15,PI,gasolina,46.0500,9
2022-12-15,PR,diesel_s10,31.9500,5
2022-12-15,PR,etanol,26.2300,7
2022-12-15,PR,gasolina,33.1300,7
2022-12-15,RJ,diesel_s10,50.6200,8
2022-12-15,RJ,etanol,76.7700,18
2022-12-15,RJ,gasolina,88.2100,18
2022-12-15,RN,diesel_s10,6.5200,1
2022-12-15,RN,etanol,3.9000,1
2022-12-15,RN,gasolina,5.2000,1
2022-12-15,RS,diesel_s10,91.5600,14
2022-12-15,RS,etanol,19.9900,4
2022-12-15,RS,gasolina,68.0500,14
2022-12-15,SC,diesel_s10,96.4800,15
2022-12-15,SC,etanol,110.7600,24
2022-12-15,SC,gasolina,158.2600,31
2022-12-15,SP,diesel_s10,1103.4900,173
2022-12-15,SP,etanol,850.0700,228
2022-12-15,SP,gasolina,1110.7400,230
2022-12-16,BA,diesel_s10,41.9200,7
2022-12-16,BA,etanol,67.9400,17
2022-12-16,BA,gasolina,84.8800,17
2022-12-16,GO,diesel_s10,12.9800,2
2022-12-16,GO,etanol,7.2800,2
2022-12-16,GO,gasolina,9.5800,2
2022-12-16,PR,diesel_s10,37.6400,6
2022-12-16,PR,etanol,35.2600,8
2022-12-16,PR,gasolina,41.7200,8
2022-12-16,SP,diesel_s10,24.9600,4
2022-12-16,SP,etanol,14.3800,4
2022-12-16,SP,gasolina,18.5500,4
2022-12-19,AC,diesel_s10,37.2400,5
2022-12-19,AC,etanol,17.3100,4
2022-12-19,AC,gasolina,37.6500,7
2022-12-19,AL,diesel_s10,72.9100,11
2022-12-19,AL,etanol,57.6800,15
2022-12-19,AL,gasolina,74.7800,15
2022-12-19,AM,diesel_s10,137.3300,20
2022-12-19,AM,etanol,59.9700,16
2022-12-19,AM,gasolina,111.8600,23
2022-12-19,BA,etanol,3.9500,1
2022-12-19,BA,gasolina,5.1800,1
2022-12-19,CE,diesel_s10,13.2200,2
2022-12-19,CE,etanol,7.9600,2
2022-12-19,CE,gasolina,10.1000,2
2022-12-19,DF,diesel_s10,34.1100,5
2022-12-19,DF,etanol,28.3800,7
2022-12-19,DF,gasolina,36.2300,7
2022-12-19,ES,diesel_s10,45.9200,7
2022-12-19,ES,etanol,30.1700,7
2022-12-19,ES,gasolina,64.7100,13
2022-12-19,GO,diesel_s10,45.1300,7
2022-12-19,GO,etanol,51.6400,14
2022-12-19,GO,gasolina,67.8200,14
2022-12-19,MA,diesel_s10,162.7600,25
2022-12-19,MA,etanol,78.0600,18
2022-12-19,MA,gasolina,126.5600,27
2022-12-19,MG,diesel_s10,420.3200,66
2022-12-19,MG,etanol,357.5100,94
2022-12-19,MG,gasolina,441.6300,91
2022-12-19,MS,diesel_s10,45.0100,7
2022-12-19,MS,etanol,26.9200,7
2022-12-19,MS,gasolina,42.2100,9
2022-12-19,MT,diesel_s10,64.7900,10
2022-12-19,MT,etanol,50.6100,14
2022-12-19,MT,gasolina,69.2500,14
2022-12-19,PA,diesel_s10,124.4800,18
2022-12-19,PA,etanol,51.4400,11
2022-12-19,PA,gasolina,147.9600,31
2022-12-19,PB,diesel_s10,84.1700,13
2022-12-19,PB,etanol,92.1700,25
2022-12-19,PB,gasolina,118.9900,25
2022-12-19,PE,diesel_s10,104.1900,16
2022-12-19,PE,etanol,74.4000,19
2022-12-19,PE,gasolina,115.3200,23
2022-12-19,PI,diesel_s10,104.2700,15
2022-12-19,PI,etanol,66.0400,16
2022-12-19,PI,gasolina,92.5100,18
2022-12-19,PR,diesel_s10,124.6900,20
2022-12-19,PR,etanol,119.8900,29
2022-12-19,PR,gasolina,142.7500,28
2022-12-19,RJ,diesel_s10,290.6800,45
2022-12-19,RJ,etanol,391.8700,86
2022-12-19,RJ,gasolina,467.7800,91
2022-12-19,RN,diesel_s10,26.4600,4
2022-12-19,RN,etanol,36.8100,9
2022-12-19,RN,gasolina,37.1100,7
2022-12-19,RO,diesel_s10,180.5700,26
2022-12-19,RO,etanol,33.4700,7
2022-12-19,RO,gasolina,148.9300,29
2022-12-19,RR,diesel_s10,21.6400,3
2022-12-19,RR,gasolina,15.7500,3
2022-12-19,RS,diesel_s10,256.6300,40
2022-12-19,RS,etanol,89.1700,18
2022-12-19,RS,gasolina,300.3600,60
2022-12-19,SC,diesel_s10,176.3800,28
2022-12-19,SC,etanol,92.8200,20
2022-12-19,SC,gasolina,223.4500,45
2022-12-19,SP,diesel_s10,1425.0400,223
2022-12-19,SP,etanol,1385.1100,373
2022-12-19,SP,gasolina,1792.7500,370
2022-12-19,TO,diesel_s10,95.2800,15
2022-12-19,TO,etanol,50.7800,12
2022-12-19,TO,gasolina,77.2100,15
2022-12-20,AC,gasolina,5.3000,1
2022-12-20,AL,diesel_s10,45.5700,7
2022-12-20,AL,etanol,72.5800,19
2022-12-20,AL,gasolina,87.3100,18
2022-12-20,AM,diesel_s10,79.4800,12
2022-12-20,AM,etanol,42.1100,11
2022-12-20,AM,gasolina,59.4900,13
2022-12-20,AP,diesel_s10,34.7400,5
2022-12-20,AP,gasolina,76.1900,17
2022-12-20,BA,diesel_s10,196.4400,31
2022-12-20,BA,etanol,175.5400,44
2022-12-20,BA,gasolina,221.7200,44
2022-12-20,CE,diesel_s10,418.2300,62
2022-12-20,CE,etanol,286.1200,70
2022-12-20,CE,gasolina,355.0300,72
2022-12-20,DF,diesel_s10,6.2900,1
2022-12-20,DF,etanol,15.5400,4
2022-12-20,DF,gasolina,20.5900,4
2022-12-20,ES,diesel_s10,131.5100,21
2022-12-20,ES,etanol,85.9000,20
2022-12-20,ES,gasolina,130.0700,26
2022-12-20,GO,diesel_s10,6.4900,1
2022-12-20,GO,etanol,3.9500,1
2022-12-20,GO,gasolina,5.1500,1
2022-12-20,MA,diesel_s10,25.7200,4
2022-12-20,MA,etanol,12.6600,3
2022-12-20,MA,gasolina,23.4100,5
2022-12-20,MG,diesel_s10,394.4800,63
2022-12-20,MG,etanol,360.1600,95
2022-12-20,MG,gasolina,458.6300,95
2022-12-20,MT,diesel_s10,129.8200,20
2022-12-20,MT,etanol,88.8600,25
2022-12-20,MT,gasolina,122.7700,25
2022-12-20,PA,diesel_s10,112.1600,17
2022-12-20,PA,etanol,48.4400,11
2022-12-20,PA,gasolina,100.6300,21
2022-12-20,PE,diesel_s10,258.3000,41
2022-12-20,PE,etanol,156.6400,40
2022-12-20,PE,gasolina,212.2700,43
2022-12-20,PI,diesel_s10,53.7800,8
2022-12-20,PI,etanol,37.5700,9
2022-12-20,PI,gasolina,46.4900,9
2022-12-20,PR,diesel_s10,281.1300,44
2022-12-20,PR,etanol,233.5400,59
2022-12-20,PR,gasolina,294.2600,59
2022-12-20,RJ,diesel_s10,343.8600,54
2022-12-20,RJ,etanol,435.7500,97
2022-12-20,RJ,gasolina,496.6900,98
2022-12-20,RN,diesel_s10,124.3300,18
2022-12-20,RN,etanol,114.0400,27
2022-12-20,RN,gasolina,138.5600,26
2022-12-20,RO,diesel_s10,69.0400,10
2022-12-20,RO,etanol,14.3700,3
2022-12-20,RO,gasolina,63.5600,12
2022-12-20,RR,diesel_s10,92.8500,13
2022-12-20,RR,etanol,14.6300,3
2022-12-20,RR,gasolina,73.5400,14
2022-12-20,RS,diesel_s10,541.4000,86
2022-12-20,RS,etanol,209.1400,44
2022-12-20,RS,gasolina,502.4700,105
2022-12-20,SC,diesel_s10,119.7600,19
2022-12-20,SC,etanol,58.3100,13
2022-12-20,SC,gasolina,150.9200,30
2022-12-20,SE,diesel_s10,20.7900,3
2022-12-20,SE,etanol,30.1200,8
2022-12-20,SE,gasolina,44.8900,9
2022-12-20,SP,diesel_s10,1149.9400,180
2022-12-20,SP,etanol,961.5200,261
2022-12-20,SP,gasolina,1288.6100,265
2022-12-20,TO,diesel_s10,47.1500,7
2022-12-20,TO,etanol,26.5100,6
2022-12-20,TO,gasolina,41.7200,8
2022-12-21,AC,diesel_s10,22.1800,3
2022-12-21,AC,etanol,16.8800,4
2022-12-21,AC,gasolina,21.0500,4
2022-12-21,AM,diesel_s10,39.4700,6
2022-12-21,AM,etanol,34.5900,9
2022-12-21,AM,gasolina,42.9700,9
2022-12-21,BA,diesel_s10,134.6000,21
2022-12-21,BA,etanol,120.9800,29
2022-12-21,BA,gasolina,159.0700,31
2022-12-21,CE,diesel_s10,166.4300,24
2022-12-21,CE,etanol,105.3300,25
2022-12-21,CE,gasolina,137.6500,27
2022-12-21,DF,diesel_s10,71.2300,11
2022-12-21,DF,etanol,90.7600,23
2022-12-21,DF,gasolina,113.1300,22
2022-12-21,ES,diesel_s10,43.9100,7
2022-12-21,ES,etanol,18.7600,4
2022-12-21,ES,gasolina,36.7700,7
2022-12-21,GO,diesel_s10,213.6900,34
2022-12-21,GO,etanol,156.0300,42
2022-12-21,GO,gasolina,207.4000,42
2022-12-21,MA,diesel_s10,145.1400,22
2022-12-21,MA,etanol,75.9900,17
2022-12-21,MA,gasolina,121.9200,25
2022-12-21,MG,diesel_s10,157.3000,25
2022-12-21,MG,etanol,151.4400,39
2022-12-21,MG,gasolina,199.7000,40
2022-12-21,MS,diesel_s10,33.1500,5
2022-12-21,MS,etanol,30.5300,8
2022-12-21,MS,gasolina,39.7700,8
2022-12-21,MT,diesel_s10,27.3100,4
2022-12-21,MT,etanol,35.9200,10
2022-12-21,MT,gasolina,49.1400,10
2022-12-21,PA,diesel_s10,20.1300,3
2022-12-21,PA,etanol,18.6200,4
2022-12-21,PA,gasolina,26.3600,5
2022-12-21,PB,diesel_s10,129.4400,20
2022-12-21,PB,etanol,66.9800,18
2022-12-21,PB,gasolina,95.1900,20
2022-12-21,PE,diesel_s10,126.3600,20
2022-12-21,PE,etanol,80.7900,21
2022-12-21,PE,gasolina,101.9100,21
2022-12-21,PI,diesel_s10,127.1200,19
2022-12-21,PI,etanol,66.0000,16
2022-12-21,PI,gasolina,96.3600,19
2022-12-21,PR,diesel_s10,388.5600,60
2022-12-21,PR,etanol,340.5400,78
2022-12-21,PR,gasolina,419.1700,79
2022-12-21,RJ,diesel_s10,187.9400,29
2022-12-21,RJ,etanol,215.8500,49
2022-12-21,RJ,gasolina,245.4400,49
2022-12-21,RN,diesel_s10,19.3600,3
2022-12-21,RN,etanol,11.6100,3
2022-12-21,RN,gasolina,15.7900,3
2022-12-21,RO,diesel_s10,41.8800,6
2022-12-21,RO,etanol,14.4600,3
2022-12-21,RO,gasolina,30.4800,6
2022-12-21,RS,diesel_s10,263.6300,42
2022-12-21,RS,etanol,106.8000,23
2022-12-21,RS,gasolina,320.8900,67
2022-12-21,SC,diesel_s10,249.3200,39
2022-12-21,SC,etanol,172.4700,38
2022-12-21,SC,gasolina,289.8600,57
2022-12-21,SE,diesel_s10,12.6500,2
2022-12-21,SE,etanol,26.1800,7
2022-12-21,SE,gasolina,39.3700,8
2022-12-21,SP,diesel_s10,1066.2200,165
2022-12-21,SP,etanol,994.6100,263
2022-12-21,SP,gasolina,1299.8900,268
2022-12-21,TO,diesel_s10,12.8800,2
2022-12-21,TO,etanol,30.6900,7
2022-12-21,TO,gasolina,47.2300,9
2022-12-22,BA,diesel_s10,113.2300,18
2022-12-22,BA,etanol,88.5700,22
2022-12-22,BA,gasolina,114.7700,22
2022-12-22,CE,diesel_s10,26.8600,4
2022-12-22,CE,etanol,8.4900,2
2022-12-22,CE,gasolina,25.3100,5
2022-12-22,DF,diesel_s10,58.0500,9
2022-12-22,DF,etanol,42.6500,11
2022-12-22,DF,gasolina,56.6900,11
2022-12-22,ES,diesel_s10,69.4100,11
2022-12-22,ES,etanol,54.5200,13
2022-12-22,ES,gasolina,78.2600,16
2022-12-22,GO,diesel_s10,18.7300,3
2022-12-22,GO,etanol,10.8300,3
2022-12-22,GO,gasolina,14.4300,3
2022-12-22,MG,diesel_s10,281.7500,44
2022-12-22,MG,etanol,215.5600,57
2022-12-22,MG,gasolina,282.3400,58
2022-12-22,MS,diesel_s10,24.5000,4
2022-12-22,MS,etanol,11.1600,3
2022-12-22,MS,gasolina,18.7700,4
2022-12-22,MT,diesel_s10,87.5400,13
2022-12-22,MT,etanol,66.2700,18
2022-12-22,MT,gasolina,85.9500,17
2022-12-22,PA,diesel_s10,74.4700,11
2022-12-22,PA,etanol,22.3600,5
2022-12-22,PA,gasolina,73.7000,15
2022-12-22,PE,diesel_s10,31.2200,5
2022-12-22,PE,etanol,18.8200,5
2022-12-22,PE,gasolina,32.9700,7
2022-12-22,PR,diesel_s10,155.5900,25
2022-12-22,PR,etanol,121.8400,32
2022-12-22,PR,gasolina,155.2500,32
2022-12-22,RJ,diesel_s10,31.9500,5
2022-12-22,RJ,etanol,51.4800,12
2022-12-22,RJ,gasolina,63.6100,13
2022-12-22,RS,diesel_s10,129.2200,20
2022-12-22,RS,etanol,43.6700,9
2022-12-22,RS,gasolina,119.5300,25
2022-12-22,SC,diesel_s10,89.4800,14
2022-12-22,SC,etanol,45.2000,10
2022-12-22,SC,gasolina,89.5200,17
2022-12-22,SP,diesel_s10,616.8700,97
2022-12-22,SP,etanol,488.8000,131
2022-12-22,SP,gasolina,645.2700,134
2022-12-23,DF,diesel_s10,6.2900,1
2022-12-23,DF,etanol,20.1100,5
2022-12-23,DF,gasolina,20.6000,4
2022-12-23,MG,diesel_s10,13.0300,2
2022-12-23,MG,etanol,30.7100,8
2022-12-23,MG,gasolina,38.5100,8
2022-12-23,RS,diesel_s10,60.4900,10
2022-12-23,RS,etanol,18.2600,4
2022-12-23,RS,gasolina,55.1500,12
2022-12-26,AL,diesel_s10,119.5500,18
2022-12-26,AL,etanol,127.1600,33
2022-12-26,AL,gasolina,159.5600,32
2022-12-26,AM,diesel_s10,92.9200,14
2022-12-26,AM,etanol,65.0600,17
2022-12-26,AM,gasolina,84.8100,18
2022-12-26,BA,diesel_s10,6.4700,1
2022-12-26,BA,etanol,11.8300,3
2022-12-26,BA,gasolina,15.5400,3
2022-12-26,ES,diesel_s10,188.7300,30
2022-12-26,ES,etanol,127.8700,30
2022-12-26,ES,gasolina,197.1300,40
2022-12-26,GO,diesel_s10,230.6700,37
2022-12-26,GO,etanol,191.5700,52
2022-12-26,GO,gasolina,260.1000,53
2022-12-26,MA,diesel_s10,6.2200,1
2022-12-26,MA,gasolina,5.0800,1
2022-12-26,MG,diesel_s10,460.5600,73
2022-12-26,MG,etanol,412.8600,107
2022-12-26,MG,gasolina,507.3600,104
2022-12-26,MS,diesel_s10,104.8700,16
2022-12-26,MS,etanol,78.0000,20
2022-12-26,MS,gasolina,101.0900,21
2022-12-26,MT,diesel_s10,93.5500,14
2022-12-26,MT,etanol,68.7300,19
2022-12-26,MT,gasolina,94.3700,19
2022-12-26,PA,diesel_s10,130.8200,19
2022-12-26,PA,etanol,56.9500,12
2022-12-26,PA,gasolina,150.6900,31
2022-12-26,PB,diesel_s10,185.8700,29
2022-12-26,PB,etanol,147.0600,40
2022-12-26,PB,gasolina,189.1900,40
2022-12-26,PE,diesel_s10,90.8200,14
2022-12-26,PE,etanol,77.9000,19
2022-12-26,PE,gasolina,101.7600,19
2022-12-26,PI,diesel_s10,39.0800,6
2022-12-26,PI,etanol,16.1000,4
2022-12-26,PI,gasolina,30.6700,6
2022-12-26,PR,diesel_s10,265.1700,42
2022-12-26,PR,etanol,288.3700,69
2022-12-26,PR,gasolina,343.6600,67
2022-12-26,RJ,diesel_s10,283.3600,44
2022-12-26,RJ,etanol,372.6700,84
2022-12-26,RJ,gasolina,427.5100,85
2022-12-26,RN,diesel_s10,59.4000,9
2022-12-26,RN,etanol,45.1800,11
2022-12-26,RN,gasolina,68.4800,13
2022-12-26,RO,diesel_s10,95.2100,14
2022-12-26,RO,etanol,23.1000,5
2022-12-26,RO,gasolina,75.7800,15
2022-12-26,RR,diesel_s10,63.5800,9
2022-12-26,RR,etanol,4.8500,1
2022-12-26,RR,gasolina,52.5000,10
2022-12-26,RS,diesel_s10,348.8900,55
2022-12-26,RS,etanol,109.9000,22
2022-12-26,RS,gasolina,350.6700,72
2022-12-26,SC,diesel_s10,279.7500,44
2022-12-26,SC,etanol,202.2000,45
2022-12-26,SC,gasolina,337.5500,67
2022-12-26,SP,diesel_s10,1671.7800,262
2022-12-26,SP,etanol,1485.8600,394
2022-12-26,SP,gasolina,1949.7500,402
2022-12-26,TO,diesel_s10,113.8900,18
2022-12-26,TO,etanol,81.1300,19
2022-12-26,TO,gasolina,112.6200,22
2022-12-27,AM,diesel_s10,92.9600,14
2022-12-27,AM,etanol,53.4800,14
2022-12-27,AM,gasolina,72.4500,16
2022-12-27,BA,diesel_s10,132.4500,21
2022-12-27,BA,etanol,119.7600,29
2022-12-27,BA,gasolina,155.5400,30
2022-12-27,CE,diesel_s10,103.8200,15
2022-12-27,CE,etanol,74.0100,16
2022-12-27,CE,gasolina,96.9500,18
2022-12-27,DF,diesel_s10,39.4000,6
2022-12-27,DF,etanol,37.1200,9
2022-12-27,DF,gasolina,47.4700,9
2022-12-27,ES,diesel_s10,93.2000,15
2022-12-27,ES,etanol,65.1000,15
2022-12-27,ES,gasolina,98.0400,20
2022-12-27,GO,diesel_s10,6.2900,1
2022-12-27,GO,etanol,3.6400,1
2022-12-27,GO,gasolina,4.7700,1
2022-12-27,MA,diesel_s10,128.6600,20
2022-12-27,MA,etanol,47.7600,11
2022-12-27,MA,gasolina,103.1200,22
2022-12-27,MG,diesel_s10,481.9300,77
2022-12-27,MG,etanol,411.8500,107
2022-12-27,MG,gasolina,530.2500,109
2022-12-27,MT,diesel_s10,86.8700,13
2022-12-27,MT,etanol,62.1000,17
2022-12-27,MT,gasolina,84.8900,17
2022-12-27,PA,diesel_s10,90.2200,14
2022-12-27,PA,etanol,52.2700,12
2022-12-27,PA,gasolina,111.3700,23
2022-12-27,PB,diesel_s10,19.7200,3
2022-12-27,PB,etanol,30.0200,8
2022-12-27,PB,gasolina,33.5900,7
2022-12-27,PE,diesel_s10,315.8200,51
2022-12-27,PE,etanol,194.6400,50
2022-12-27,PE,gasolina,278.2100,58
2022-12-27,PI,diesel_s10,202.1600,30
2022-12-27,PI,etanol,136.7000,33
2022-12-27,PI,gasolina,203.8500,40
2022-12-27,PR,diesel_s10,361.1600,56
2022-12-27,PR,etanol,344.0500,83
2022-12-27,PR,gasolina,424.0300,83
2022-12-27,RJ,diesel_s10,381.9600,60
2022-12-27,RJ,etanol,476.2100,105
2022-12-27,RJ,gasolina,543.8700,107
2022-12-27,RN,diesel_s10,143.6800,21
2022-12-27,RN,etanol,117.4400,28
2022-12-27,RN,gasolina,131.5100,25
2022-12-27,RO,diesel_s10,96.7700,14
2022-12-27,RO,etanol,33.2500,7
2022-12-27,RO,gasolina,83.8500,16
2022-12-27,RR,diesel_s10,29.1100,4
2022-12-27,RR,etanol,9.7800,2
2022-12-27,RR,gasolina,26.2500,5
2022-12-27,RS,diesel_s10,484.3200,78
2022-12-27,RS,etanol,166.2800,36
2022-12-27,RS,gasolina,444.8900,92
2022-12-27,SC,diesel_s10,203.1000,32
2022-12-27,SC,etanol,103.7500,23
2022-12-27,SC,gasolina,222.3800,43
2022-12-27,SP,diesel_s10,1272.4500,198
2022-12-27,SP,etanol,1076.1200,282
2022-12-27,SP,gasolina,1385.0500,282
2022-12-27,TO,diesel_s10,52.0700,8
2022-12-27,TO,etanol,26.5000,6
2022-12-27,TO,gasolina,51.5900,10
2022-12-28,AM,diesel_s10,19.7600,3
2022-12-28,AM,etanol,18.9500,5
2022-12-28,AM,gasolina,22.5100,5
2022-12-28,AP,diesel_s10,60.8700,9
2022-12-28,AP,etanol,4.9200,1
2022-12-28,AP,gasolina,76.1900,17
2022-12-28,BA,diesel_s10,130.8500,21
2022-12-28,BA,etanol,104.3700,26
2022-12-28,BA,gasolina,138.0400,27
2022-12-28,CE,diesel_s10,382.3600,56
2022-12-28,CE,etanol,264.5000,59
2022-12-28,CE,gasolina,331.2300,61
2022-12-28,DF,diesel_s10,77.2700,12
2022-12-28,DF,etanol,108.0000,26
2022-12-28,DF,gasolina,139.1800,26
2022-12-28,ES,diesel_s10,30.9500,5
2022-12-28,ES,etanol,12.7700,3
2022-12-28,ES,gasolina,31.1400,6
2022-12-28,GO,diesel_s10,152.0900,24
2022-12-28,GO,etanol,144.7200,37
2022-12-28,GO,gasolina,193.1600,38
2022-12-28,MA,diesel_s10,96.8800,15
2022-12-28,MA,etanol,53.3700,12
2022-12-28,MA,gasolina,86.8300,18
2022-12-28,MG,diesel_s10,255.8900,40
2022-12-28,MG,etanol,197.4200,52
2022-12-28,MG,gasolina,255.1500,52
2022-12-28,MT,diesel_s10,140.5400,22
2022-12-28,MT,etanol,109.6800,31
2022-12-28,MT,gasolina,145.7000,30
2022-12-28,PA,diesel_s10,74.6500,11
2022-12-28,PA,etanol,23.1100,5
2022-12-28,PA,gasolina,76.7300,15
2022-12-28,PB,diesel_s10,33.3500,5
2022-12-28,PB,etanol,11.9200,3
2022-12-28,PB,gasolina,34.0400,7
2022-12-28,PE,diesel_s10,31.0500,5
2022-12-28,PE,etanol,30.6800,8
2022-12-28,PE,gasolina,39.1400,8
2022-12-28,PI,diesel_s10,6.6900,1
2022-12-28,PI,etanol,4.1900,1
2022-12-28,PI,gasolina,5.1900,1
2022-12-28,PR,diesel_s10,210.8700,33
2022-12-28,PR,etanol,200.2500,49
2022-12-28,PR,gasolina,240.9500,48
2022-12-28,RJ,diesel_s10,241.9700,37
2022-12-28,RJ,etanol,236.1700,52
2022-12-28,RJ,gasolina,289.0800,56
2022-12-28,RN,diesel_s10,19.8300,3
2022-12-28,RN,etanol,16.8300,4
2022-12-28,RN,gasolina,20.8600,4
2022-12-28,RO,diesel_s10,41.4300,6
2022-12-28,RO,etanol,9.4800,2
2022-12-28,RO,gasolina,40.9600,8
2022-12-28,RR,diesel_s10,13.9400,2
2022-12-28,RR,gasolina,10.5000,2
2022-12-28,RS,diesel_s10,292.9200,46
2022-12-28,RS,etanol,86.7500,18
2022-12-28,RS,gasolina,363.1300,74
2022-12-28,SC,diesel_s10,176.6700,28
2022-12-28,SC,etanol,67.4800,15
2022-12-28,SC,gasolina,179.5600,35
2022-12-28,SE,diesel_s10,6.8900,1
2022-12-28,SE,etanol,15.2400,4
2022-12-28,SE,gasolina,24.4000,5
2022-12-28,SP,diesel_s10,755.3100,118
2022-12-28,SP,etanol,636.2000,167
2022-12-28,SP,gasolina,839.7200,172
2022-12-29,BA,diesel_s10,149.3700,24
2022-12-29,BA,etanol,131.6200,32
2022-12-29,BA,gasolina,162.9500,32
2022-12-29,CE,diesel_s10,174.5100,26
2022-12-29,CE,etanol,129.8800,29
2022-12-29,CE,gasolina,170.9500,31
2022-12-29,DF,diesel_s10,52.3400,8
2022-12-29,DF,etanol,60.9900,15
2022-12-29,DF,gasolina,79.6700,15
2022-12-29,GO,diesel_s10,109.4400,17
2022-12-29,GO,etanol,73.8700,19
2022-12-29,GO,gasolina,92.5100,18
2022-12-29,MA,diesel_s10,46.7500,7
2022-12-29,MA,etanol,26.0700,6
2022-12-29,MA,gasolina,47.1600,10
2022-12-29,MG,diesel_s10,205.1100,32
2022-12-29,MG,etanol,182.7500,46
2022-12-29,MG,gasolina,231.8600,46
2022-12-29,MS,diesel_s10,67.8200,11
2022-12-29,MS,etanol,60.4700,16
2022-12-29,MS,gasolina,80.1300,17
2022-12-29,PA,diesel_s10,68.0800,10
2022-12-29,PA,etanol,17.5600,4
2022-12-29,PA,gasolina,65.5300,13
2022-12-29,PE,diesel_s10,71.5500,11
2022-12-29,PE,etanol,67.8000,17
2022-12-29,PE,gasolina,89.1500,18
2022-12-29,PR,diesel_s10,69.7700,11
2022-12-29,PR,etanol,60.8400,15
2022-12-29,PR,gasolina,73.9600,15
2022-12-29,RJ,diesel_s10,126.1600,20
2022-12-29,RJ,etanol,130.1900,29
2022-12-29,RJ,gasolina,145.3600,29
2022-12-29,RO,diesel_s10,35.8600,5
2022-12-29,RO,etanol,9.9700,2
2022-12-29,RO,gasolina,25.4100,5
2022-12-29,RS,diesel_s10,89.3600,14
2022-12-29,RS,etanol,24.1500,5
2022-12-29,RS,gasolina,78.4300,16
2022-12-29,SC,diesel_s10,38.6200,6
2022-12-29,SC,etanol,19.0600,4
2022-12-29,SC,gasolina,40.0000,8
2022-12-29,SE,diesel_s10,25.2800,4
2022-12-29,SE,etanol,41.6400,11
2022-12-29,SE,gasolina,57.8700,12
2022-12-29,SP,diesel_s10,665.6400,106
2022-12-29,SP,etanol,584.5800,155
2022-12-29,SP,gasolina,759.3500,158
2022-12-30,RS,diesel_s10,6.2400,1
2022-12-30,RS,gasolina,4.8600,1
2022-12-30,SC,diesel_s10,37.4600,6
2022-12-30,SC,etanol,41.0100,9
2022-12-30,SC,gasolina,81.1000,16
2022-12-30,SP,diesel_s10,82.9600,13
2022-12-30,SP,etanol,60.2600,16
2022-12-30,SP,gasolina,81.8000,17
