data,uf,produto,soma,n
2018-01-01,RS,gasolina,4.3490,1
2018-01-01,SC,diesel_s10,3.4900,1
2018-01-01,SC,etanol,3.4700,1
2018-01-01,SC,gasolina,3.7500,1
2018-01-02,AC,diesel_s10,13.4500,3
2018-01-02,AC,gasolina,29.9000,6
2018-01-02,AL,diesel_s10,98.9760,29
2018-01-02,AL,etanol,113.6790,35
2018-01-02,AL,gasolina,153.5910,37
2018-01-02,AM,diesel_s10,76.2990,21
2018-01-02,AM,etanol,74.5800,23
2018-01-02,AM,gasolina,173.5840,43
2018-01-02,AP,diesel_s10,43.6000,10
2018-01-02,AP,etanol,3.7900,1
2018-01-02,AP,gasolina,60.4400,15
2018-01-02,BA,diesel_s10,476.7600,142
2018-01-02,BA,etanol,570.5810,187
2018-01-02,BA,gasolina,738.8850,186
2018-01-02,CE,diesel_s10,453.2380,130
2018-01-02,CE,etanol,417.1350,122
2018-01-02,CE,gasolina,571.2440,137
2018-01-02,GO,diesel_s10,155.0170,43
2018-01-02,GO,etanol,176.8440,58
2018-01-02,GO,gasolina,238.0770,55
2018-01-02,MA,diesel_s10,133.4060,40
2018-01-02,MA,etanol,62.5620,18
2018-01-02,MA,gasolina,180.4350,46
2018-01-02,MG,diesel_s10,511.0150,144
2018-01-02,MG,etanol,586.5330,192
2018-01-02,MG,gasolina,798.3210,183
2018-01-02,MS,diesel_s10,14.9930,4
2018-01-02,MS,etanol,12.7970,4
2018-01-02,MS,gasolina,12.0140,3
2018-01-02,MT,diesel_s10,29.1450,8
2018-01-02,MT,etanol,23.8090,9
2018-01-02,MT,gasolina,36.9290,9
2018-01-02,PA,diesel_s10,3.3990,1
2018-01-02,PA,gasolina,4.1690,1
2018-01-02,PB,diesel_s10,10.1500,3
2018-01-02,PB,etanol,9.7400,3
2018-01-02,PB,gasolina,11.3660,3
2018-01-02,PE,diesel_s10,120.7270,36
2018-01-02,PE,etanol,110.9140,35
2018-01-02,PE,gasolina,177.0920,42
2018-01-02,PI,diesel_s10,77.9690,22
2018-01-02,PI,etanol,48.4340,15
2018-01-02,PI,gasolina,93.0670,23
2018-01-02,PR,diesel_s10,418.7700,128
2018-01-02,PR,etanol,507.6200,169
2018-01-02,PR,gasolina,686.7300,165
2018-01-02,RJ,diesel_s10,345.4220,95
2018-01-02,RJ,etanol,436.0280,123
2018-01-02,RJ,gasolina,575.5260,125
2018-01-02,RO,diesel_s10,50.1240,14
2018-01-02,RO,etanol,30.4160,9
2018-01-02,RO,gasolina,74.6730,18
2018-01-02,RR,diesel_s10,24.9000,7
2018-01-02,RR,etanol,3.6000,1
2018-01-02,RR,gasolina,37.4390,9
2018-01-02,RS,diesel_s10,726.8730,216
2018-01-02,RS,etanol,549.6160,142
2018-01-02,RS,gasolina,1183.1740,274
2018-01-02,SC,diesel_s10,634.8570,190
2018-01-02,SC,etanol,531.3400,157
2018-01-02,SC,gasolina,903.3260,225
2018-01-02,SE,diesel_s10,27.3720,8
2018-01-02,SE,etanol,12.4960,4
2018-01-02,SE,gasolina,33.8920,8
2018-01-02,SP,diesel_s10,816.5890,240
2018-01-02,SP,etanol,888.5420,310
2018-01-02,SP,gasolina,1233.3730,308
2018-01-02,TO,diesel_s10,56.4910,17
2018-01-02,TO,etanol,52.9530,15
2018-01-02,TO,gasolina,74.9590,17
2018-01-03,AL,diesel_s10,23.3970,7
2018-01-03,AL,etanol,20.9800,6
2018-01-03,AL,gasolina,25.3270,6
2018-01-03,AM,diesel_s10,22.1800,6
2018-01-03,AM,etanol,6.1900,2
2018-01-03,AM,gasolina,73.0000,16
2018-01-03,BA,diesel_s10,228.7150,65
2018-01-03,BA,etanol,250.3010,78
2018-01-03,BA,gasolina,325.9760,77
2018-01-03,CE,diesel_s10,177.3780,51
2018-01-03,CE,etanol,158.7670,47
2018-01-03,CE,gasolina,212.3890,51
2018-01-03,DF,diesel_s10,81.2900,22
2018-01-03,DF,etanol,90.9350,27
2018-01-03,DF,gasolina,138.7910,33
2018-01-03,ES,diesel_s10,82.4090,24
2018-01-03,ES,etanol,43.6400,12
2018-01-03,ES,gasolina,113.0400,27
2018-01-03,GO,diesel_s10,203.2920,58
2018-01-03,GO,etanol,262.8810,90
2018-01-03,GO,gasolina,390.6460,89
2018-01-03,MA,diesel_s10,109.8030,34
2018-01-03,MA,etanol,46.0630,14
2018-01-03,MA,gasolina,160.6890,43
2018-01-03,MG,diesel_s10,698.6760,195
2018-01-03,MG,etanol,749.3620,244
2018-01-03,MG,gasolina,1082.4600,245
2018-01-03,MS,diesel_s10,55.2810,14
2018-01-03,MS,etanol,54.2030,16
2018-01-03,MS,gasolina,69.5520,16
2018-01-03,MT,diesel_s10,234.1520,62
2018-01-03,MT,etanol,205.4060,82
2018-01-03,MT,gasolina,348.0660,82
2018-01-03,PA,diesel_s10,164.7120,45
2018-01-03,PA,etanol,70.5520,19
2018-01-03,PA,gasolina,222.1930,50
2018-01-03,PE,diesel_s10,179.6460,55
2018-01-03,PE,etanol,148.6710,49
2018-01-03,PE,gasolina,226.3850,56
2018-01-03,PI,diesel_s10,17.5950,5
2018-01-03,PI,etanol,19.1940,6
2018-01-03,PI,gasolina,24.3540,6
2018-01-03,PR,diesel_s10,252.3030,76
2018-01-03,PR,etanol,305.0530,99
2018-01-03,PR,gasolina,411.6930,97
2018-01-03,RJ,diesel_s10,388.3470,105
2018-01-03,RJ,etanol,488.0130,134
2018-01-03,RJ,gasolina,645.8260,138
2018-01-03,RN,diesel_s10,165.1050,47
2018-01-03,RN,etanol,168.7460,52
2018-01-03,RN,gasolina,220.3440,54
2018-01-03,RO,diesel_s10,148.1090,40
2018-01-03,RO,etanol,54.3680,15
2018-01-03,RO,gasolina,194.8320,44
2018-01-03,RS,diesel_s10,199.1840,57
2018-01-03,RS,etanol,146.6160,37
2018-01-03,RS,gasolina,294.5020,66
2018-01-03,SC,diesel_s10,30.3150,9
2018-01-03,SC,etanol,20.3570,6
2018-01-03,SC,gasolina,44.2520,11
2018-01-03,SE,diesel_s10,39.1160,11
2018-01-03,SE,etanol,37.5790,12
2018-01-03,SE,gasolina,63.1770,15
2018-01-03,SP,diesel_s10,1842.8940,541
2018-01-03,SP,etanol,2076.0220,731
2018-01-03,SP,gasolina,2889.8170,716
2018-01-03,TO,diesel_s10,58.6590,17
2018-01-03,TO,etanol,50.0900,14
2018-01-03,TO,gasolina,82.6750,19
2018-01-04,AC,diesel_s10,82.5900,20
2018-01-04,AC,etanol,54.5900,15
2018-01-04,AC,gasolina,100.1600,21
2018-01-04,AL,diesel_s10,28.3850,8
2018-01-04,AL,etanol,26.1940,8
2018-01-04,AL,gasolina,33.7870,8
2018-01-04,BA,diesel_s10,78.7450,23
2018-01-04,BA,etanol,77.5990,25
2018-01-04,BA,gasolina,104.0350,25
2018-01-04,DF,diesel_s10,3.5790,1
2018-01-04,DF,etanol,3.3390,1
2018-01-04,DF,gasolina,4.1990,1
2018-01-04,ES,diesel_s10,192.0640,56
2018-01-04,ES,etanol,174.7750,51
2018-01-04,ES,gasolina,343.2380,84
2018-01-04,GO,diesel_s10,111.3790,31
2018-01-04,GO,etanol,213.9040,70
2018-01-04,GO,gasolina,289.6360,66
2018-01-04,MA,diesel_s10,57.2300,17
2018-01-04,MA,etanol,27.5540,8
2018-01-04,MA,gasolina,80.5290,20
2018-01-04,MG,diesel_s10,192.7680,54
2018-01-04,MG,etanol,348.4090,112
2018-01-04,MG,gasolina,502.4940,114
2018-01-04,MS,diesel_s10,173.2210,45
2018-01-04,MS,etanol,177.6040,54
2018-01-04,MS,gasolina,229.1520,55
2018-01-04,MT,diesel_s10,145.5190,38
2018-01-04,MT,etanol,117.4730,44
2018-01-04,MT,gasolina,182.0430,43
2018-01-04,PA,diesel_s10,173.6340,48
2018-01-04,PA,etanol,59.0150,16
2018-01-04,PA,gasolina,242.1050,55
2018-01-04,PB,diesel_s10,126.9360,38
2018-01-04,PB,etanol,148.0170,49
2018-01-04,PB,gasolina,195.3510,50
2018-01-04,PE,diesel_s10,232.2120,71
2018-01-04,PE,etanol,205.5470,69
2018-01-04,PE,gasolina,310.6930,78
2018-01-04,PI,diesel_s10,59.4240,17
2018-01-04,PI,etanol,29.8840,9
2018-01-04,PI,gasolina,70.1520,17
2018-01-04,PR,diesel_s10,234.8820,72
2018-01-04,PR,etanol,266.7500,89
2018-01-04,PR,gasolina,356.7790,87
2018-01-04,RJ,diesel_s10,285.7910,78
2018-01-04,RJ,etanol,378.6350,106
2018-01-04,RJ,gasolina,501.9280,109
2018-01-04,RO,diesel_s10,7.2490,2
2018-01-04,RO,etanol,6.7490,2
2018-01-04,RO,gasolina,7.9980,2
2018-01-04,RS,diesel_s10,9.9580,3
2018-01-04,RS,etanol,7.8980,2
2018-01-04,RS,gasolina,21.8050,5
2018-01-04,SC,diesel_s10,3.2990,1
2018-01-04,SC,etanol,3.1490,1
2018-01-04,SC,gasolina,7.7080,2
2018-01-04,SE,diesel_s10,41.1230,12
2018-01-04,SE,etanol,19.2170,6
2018-01-04,SE,gasolina,48.4330,12
2018-01-04,SP,diesel_s10,1407.3140,413
2018-01-04,SP,etanol,1569.8750,557
2018-01-04,SP,gasolina,2198.8360,550
2018-01-04,TO,diesel_s10,9.5200,3
2018-01-04,TO,etanol,13.6280,4
2018-01-04,TO,gasolina,16.5780,4
2018-01-05,BA,diesel_s10,44.4050,13
2018-01-05,BA,etanol,44.0050,14
2018-01-05,BA,gasolina,60.3780,15
2018-01-05,MG,diesel_s10,52.5800,15
2018-01-05,MG,etanol,70.4820,22
2018-01-05,MG,gasolina,101.8620,23
2018-01-05,PI,diesel_s10,27.5290,8
2018-01-05,PI,etanol,16.5800,5
2018-01-05,PI,gasolina,37.5600,9
2018-01-05,PR,diesel_s10,3.3900,1
2018-01-05,PR,etanol,6.0300,2
2018-01-05,PR,gasolina,8.4300,2
2018-01-05,RJ,diesel_s10,55.6210,15
2018-01-05,RJ,etanol,59.9290,16
2018-01-05,RJ,gasolina,76.0910,16
2018-01-05,RS,diesel_s10,17.1120,5
2018-01-05,RS,etanol,19.7090,5
2018-01-05,RS,gasolina,30.4510,7
2018-01-05,SC,diesel_s10,10.1350,3
2018-01-05,SC,etanol,10.5660,3
2018-01-05,SC,gasolina,12.2960,3
2018-01-05,SP,diesel_s10,40.8680,12
2018-01-05,SP,etanol,42.1250,15
2018-01-05,SP,gasolina,58.9750,15
2018-01-05,TO,diesel_s10,10.0200,3
2018-01-05,TO,etanol,6.9500,2
2018-01-05,TO,gasolina,12.7100,3
2018-01-08,AP,gasolina,3.9900,1
2018-01-08,BA,diesel_s10,23.1000,7
2018-01-08,BA,etanol,41.2690,14
2018-01-08,BA,gasolina,54.2090,14
2018-01-08,MA,diesel_s10,32.2010,10
2018-01-08,MA,etanol,6.3900,2
2018-01-08,MA,gasolina,44.0210,12
2018-01-08,MG,diesel_s10,78.0020,22
2018-01-08,MG,etanol,111.1610,36
2018-01-08,MG,gasolina,154.2580,36
2018-01-08,PI,diesel_s10,84.7260,24
2018-01-08,PI,etanol,74.1270,23
2018-01-08,PI,gasolina,101.9250,25
2018-01-08,PR,diesel_s10,3.3300,1
2018-01-08,PR,etanol,3.0900,1
2018-01-08,PR,gasolina,4.2900,1
2018-01-08,RO,diesel_s10,14.3380,4
2018-01-08,RO,etanol,3.1900,1
2018-01-08,RO,gasolina,21.0280,5
2018-01-08,RS,diesel_s10,74.8890,22
2018-01-08,RS,etanol,58.7930,15
2018-01-08,RS,gasolina,143.8920,33
2018-01-08,SC,diesel_s10,67.4540,19
2018-01-08,SC,etanol,71.6170,20
2018-01-08,SC,gasolina,92.0510,22
2018-01-08,SE,diesel_s10,3.6990,1
2018-01-08,SE,etanol,3.1990,1
2018-01-08,SE,gasolina,4.2990,1
2018-01-08,SP,diesel_s10,259.0320,76
2018-01-08,SP,etanol,333.8830,117
2018-01-08,SP,gasolina,466.9950,117
2018-01-09,AC,diesel_s10,13.4500,3
2018-01-09,AC,gasolina,29.9000,6
2018-01-09,AL,diesel_s10,103.7900,30
2018-01-09,AL,etanol,127.6430,39
2018-01-09,AL,gasolina,186.0310,44
2018-01-09,AM,diesel_s10,122.6390,34
2018-01-09,AM,etanol,112.3580,34
2018-01-09,AM,gasolina,186.4560,43
2018-01-09,AP,diesel_s10,8.7000,2
2018-01-09,AP,gasolina,19.8100,5
2018-01-09,BA,diesel_s10,492.8470,145
2018-01-09,BA,etanol,601.0380,195
2018-01-09,BA,gasolina,785.9480,195
2018-01-09,CE,diesel_s10,623.5570,175
2018-01-09,CE,etanol,579.0550,167
2018-01-09,CE,gasolina,797.4820,184
2018-01-09,GO,diesel_s10,166.7240,46
2018-01-09,GO,etanol,185.6380,60
2018-01-09,GO,gasolina,260.3570,59
2018-01-09,MA,diesel_s10,152.9690,46
2018-01-09,MA,etanol,59.6130,17
2018-01-09,MA,gasolina,211.1230,54
2018-01-09,MG,diesel_s10,485.7270,136
2018-01-09,MG,etanol,580.7190,188
2018-01-09,MG,gasolina,791.9800,180
2018-01-09,MS,diesel_s10,14.9930,4
2018-01-09,MS,etanol,12.7970,4
2018-01-09,MS,gasolina,12.0230,3
2018-01-09,MT,diesel_s10,25.6550,7
2018-01-09,MT,etanol,21.4990,8
2018-01-09,MT,gasolina,33.3490,8
2018-01-09,PA,diesel_s10,3.4990,1
2018-01-09,PA,gasolina,4.1890,1
2018-01-09,PE,diesel_s10,111.6890,33
2018-01-09,PE,etanol,101.7940,32
2018-01-09,PE,gasolina,165.6220,39
2018-01-09,PI,diesel_s10,59.8150,17
2018-01-09,PI,etanol,38.4690,12
2018-01-09,PI,gasolina,73.3730,18
2018-01-09,PR,diesel_s10,385.7120,118
2018-01-09,PR,etanol,486.0660,160
2018-01-09,PR,gasolina,653.3960,156
2018-01-09,RJ,diesel_s10,318.8540,88
2018-01-09,RJ,etanol,397.9820,113
2018-01-09,RJ,gasolina,542.0590,118
2018-01-09,RN,diesel_s10,86.6590,24
2018-01-09,RN,etanol,74.7420,23
2018-01-09,RN,gasolina,104.6160,25
2018-01-09,RR,diesel_s10,46.2800,13
2018-01-09,RR,etanol,14.1800,4
2018-01-09,RR,gasolina,54.2500,13
2018-01-09,RS,diesel_s10,633.2770,187
2018-01-09,RS,etanol,462.4130,119
2018-01-09,RS,gasolina,985.5930,227
2018-01-09,SC,diesel_s10,552.6160,166
2018-01-09,SC,etanol,455.7680,134
2018-01-09,SC,gasolina,780.7480,196
2018-01-09,SE,diesel_s10,88.2720,25
2018-01-09,SE,etanol,57.8860,18
2018-01-09,SE,gasolina,118.2150,28
2018-01-09,SP,diesel_s10,1033.5900,302
2018-01-09,SP,etanol,1120.5620,392
2018-01-09,SP,gasolina,1560.1790,390
2018-01-09,TO,diesel_s10,36.7940,11
2018-01-09,TO,etanol,32.4260,9
2018-01-09,TO,gasolina,48.3440,11
2018-01-10,AL,diesel_s10,50.8420,15
2018-01-10,AL,etanol,47.2250,14
2018-01-10,AL,gasolina,59.1140,14
2018-01-10,AM,diesel_s10,36.3300,10
2018-01-10,AM,etanol,22.6000,7
2018-01-10,AM,gasolina,107.8000,24
2018-01-10,AP,diesel_s10,45.6740,11
2018-01-10,AP,etanol,9.9840,3
2018-01-10,AP,gasolina,62.1320,15
2018-01-10,BA,diesel_s10,304.6130,87
2018-01-10,BA,etanol,321.9720,101
2018-01-10,BA,gasolina,426.8190,101
2018-01-10,CE,diesel_s10,102.7190,29
2018-01-10,CE,etanol,98.7830,29
2018-01-10,CE,gasolina,127.8440,30
2018-01-10,DF,diesel_s10,137.8580,37
2018-01-10,DF,etanol,133.7930,39
2018-01-10,DF,gasolina,196.1200,47
2018-01-10,ES,diesel_s10,217.1830,63
2018-01-10,ES,etanol,131.9710,37
2018-01-10,ES,gasolina,306.5910,73
2018-01-10,GO,diesel_s10,384.3540,108
2018-01-10,GO,etanol,520.9340,174
2018-01-10,GO,gasolina,752.2370,171
2018-01-10,MA,diesel_s10,151.7660,46
2018-01-10,MA,etanol,64.6760,19
2018-01-10,MA,gasolina,204.8750,53
2018-01-10,MG,diesel_s10,776.3150,216
2018-01-10,MG,etanol,1002.8030,320
2018-01-10,MG,gasolina,1450.4390,323
2018-01-10,MS,diesel_s10,136.9210,35
2018-01-10,MS,etanol,130.2850,38
2018-01-10,MS,gasolina,169.1400,39
2018-01-10,MT,diesel_s10,190.4570,49
2018-01-10,MT,etanol,152.3290,56
2018-01-10,MT,gasolina,238.9290,55
2018-01-10,PA,diesel_s10,351.7950,97
2018-01-10,PA,etanol,139.4450,38
2018-01-10,PA,gasolina,474.0340,108
2018-01-10,PB,diesel_s10,101.2300,30
2018-01-10,PB,etanol,105.2520,34
2018-01-10,PB,gasolina,137.3120,35
2018-01-10,PE,diesel_s10,360.7390,110
2018-01-10,PE,etanol,299.6000,99
2018-01-10,PE,gasolina,459.2010,114
2018-01-10,PI,diesel_s10,52.3350,15
2018-01-10,PI,etanol,26.3360,8
2018-01-10,PI,gasolina,65.9440,16
2018-01-10,PR,diesel_s10,468.7900,142
2018-01-10,PR,etanol,563.8200,185
2018-01-10,PR,gasolina,759.2670,182
2018-01-10,RJ,diesel_s10,372.0370,101
2018-01-10,RJ,etanol,519.0420,143
2018-01-10,RJ,gasolina,694.2630,149
2018-01-10,RN,diesel_s10,116.6620,33
2018-01-10,RN,etanol,106.9550,33
2018-01-10,RN,gasolina,147.7810,36
2018-01-10,RO,diesel_s10,199.6310,54
2018-01-10,RO,etanol,91.9840,26
2018-01-10,RO,gasolina,271.9390,62
2018-01-10,RS,diesel_s10,243.9690,70
2018-01-10,RS,etanol,186.9290,47
2018-01-10,RS,gasolina,404.2310,91
2018-01-10,SC,diesel_s10,79.5460,23
2018-01-10,SC,etanol,62.1370,18
2018-01-10,SC,gasolina,110.2090,27
2018-01-10,SE,diesel_s10,41.1230,12
2018-01-10,SE,etanol,19.2170,6
2018-01-10,SE,gasolina,48.4330,12
2018-01-10,SP,diesel_s10,2576.2250,754
2018-01-10,SP,etanol,2889.9150,1015
2018-01-10,SP,gasolina,4026.4550,994
2018-01-10,TO,diesel_s10,98.1850,29
2018-01-10,TO,etanol,92.2250,26
2018-01-10,TO,gasolina,140.0980,32
2018-01-11,AC,diesel_s10,115.4500,28
2018-01-11,AC,etanol,76.3900,21
2018-01-11,AC,gasolina,137.2200,29
2018-01-11,AM,diesel_s10,3.8500,1
2018-01-11,AM,gasolina,18.5200,4
2018-01-11,AP,diesel_s10,4.3000,1
2018-01-11,AP,gasolina,4.2900,1
2018-01-11,BA,diesel_s10,54.6650,16
2018-01-11,BA,etanol,56.8540,18
2018-01-11,BA,gasolina,77.1470,19
2018-01-11,CE,diesel_s10,10.5300,3
2018-01-11,CE,etanol,10.1700,3
2018-01-11,CE,gasolina,16.8690,4
2018-01-11,ES,diesel_s10,88.2620,26
2018-01-11,ES,etanol,97.9940,29
2018-01-11,ES,gasolina,176.0640,44
2018-01-11,MA,diesel_s10,12.9560,4
2018-01-11,MA,etanol,6.7880,2
2018-01-11,MA,gasolina,14.8560,4
2018-01-11,MG,diesel_s10,98.3810,28
2018-01-11,MG,etanol,121.5370,38
2018-01-11,MG,gasolina,176.5030,40
2018-01-11,MS,diesel_s10,148.8220,38
2018-01-11,MS,etanol,139.0160,44
2018-01-11,MS,gasolina,178.3270,44
2018-01-11,MT,diesel_s10,241.9850,65
2018-01-11,MT,etanol,228.2470,92
2018-01-11,MT,gasolina,384.5460,92
2018-01-11,PA,diesel_s10,10.6200,3
2018-01-11,PA,gasolina,8.4000,2
2018-01-11,PB,diesel_s10,56.9920,17
2018-01-11,PB,etanol,70.5290,24
2018-01-11,PB,gasolina,98.0230,25
2018-01-11,PE,diesel_s10,99.5160,30
2018-01-11,PE,etanol,91.1470,31
2018-01-11,PE,gasolina,126.8460,32
2018-01-11,PI,diesel_s10,27.6690,8
2018-01-11,PI,etanol,13.4300,4
2018-01-11,PI,gasolina,33.6500,8
2018-01-11,PR,diesel_s10,56.2370,17
2018-01-11,PR,etanol,71.1330,24
2018-01-11,PR,gasolina,99.8010,24
2018-01-11,RJ,diesel_s10,393.0170,106
2018-01-11,RJ,etanol,510.0980,141
2018-01-11,RJ,gasolina,669.2970,144
2018-01-11,RO,diesel_s10,14.8500,4
2018-01-11,RO,etanol,13.6080,4
2018-01-11,RO,gasolina,25.5570,6
2018-01-11,RS,diesel_s10,31.1070,9
2018-01-11,RS,etanol,27.8380,7
2018-01-11,RS,gasolina,57.0100,13
2018-01-11,SC,diesel_s10,23.4430,7
2018-01-11,SC,etanol,20.8540,6
2018-01-11,SC,gasolina,28.4060,7
2018-01-11,SP,diesel_s10,326.7210,96
2018-01-11,SP,etanol,391.7100,140
2018-01-11,SP,gasolina,552.6180,140
2018-01-11,TO,diesel_s10,10.0290,3
2018-01-11,TO,etanol,10.6090,3
2018-01-11,TO,gasolina,12.9370,3
2018-01-15,AC,diesel_s10,13.4500,3
2018-01-15,AC,gasolina,29.9300,6
2018-01-15,AL,diesel_s10,34.8300,10
2018-01-15,AL,etanol,59.4060,18
2018-01-15,AL,gasolina,89.4610,21
2018-01-15,AM,diesel_s10,15.6800,4
2018-01-15,AM,gasolina,56.6500,12
2018-01-15,AP,diesel_s10,54.9770,13
2018-01-15,AP,etanol,6.8870,2
2018-01-15,AP,gasolina,81.5250,20
2018-01-15,BA,diesel_s10,91.1480,25
2018-01-15,BA,etanol,75.6380,22
2018-01-15,BA,gasolina,112.9820,26
2018-01-15,CE,diesel_s10,529.2380,148
2018-01-15,CE,etanol,511.7700,146
2018-01-15,CE,gasolina,654.6880,150
2018-01-15,ES,diesel_s10,120.6780,35
2018-01-15,ES,etanol,58.6200,16
2018-01-15,ES,gasolina,170.7890,40
2018-01-15,MA,diesel_s10,95.9550,28
2018-01-15,MA,etanol,53.4310,15
2018-01-15,MA,gasolina,125.0140,31
2018-01-15,MG,diesel_s10,758.4280,211
2018-01-15,MG,etanol,863.7440,274
2018-01-15,MG,gasolina,1205.4120,271
2018-01-15,MS,diesel_s10,151.2540,39
2018-01-15,MS,etanol,147.7520,43
2018-01-15,MS,gasolina,185.3730,43
2018-01-15,MT,diesel_s10,109.0450,28
2018-01-15,MT,etanol,92.3460,34
2018-01-15,MT,gasolina,145.7360,33
2018-01-15,PA,diesel_s10,228.6520,63
2018-01-15,PA,etanol,116.6030,32
2018-01-15,PA,gasolina,298.0840,69
2018-01-15,PB,diesel_s10,58.1440,17
2018-01-15,PB,etanol,59.8190,19
2018-01-15,PB,gasolina,75.8220,19
2018-01-15,PE,diesel_s10,123.4590,37
2018-01-15,PE,etanol,92.5160,29
2018-01-15,PE,gasolina,161.6360,39
2018-01-15,PI,diesel_s10,49.0620,14
2018-01-15,PI,etanol,29.3930,9
2018-01-15,PI,gasolina,57.3810,14
2018-01-15,PR,diesel_s10,361.2370,109
2018-01-15,PR,etanol,444.0960,145
2018-01-15,PR,gasolina,608.4980,144
2018-01-15,RJ,diesel_s10,276.3620,75
2018-01-15,RJ,etanol,307.9400,85
2018-01-15,RJ,gasolina,411.8520,88
2018-01-15,RO,diesel_s10,139.5110,38
2018-01-15,RO,etanol,65.3430,19
2018-01-15,RO,gasolina,171.7550,40
2018-01-15,RS,diesel_s10,695.6670,206
2018-01-15,RS,etanol,506.2150,130
2018-01-15,RS,gasolina,1156.3020,267
2018-01-15,SC,diesel_s10,662.6230,197
2018-01-15,SC,etanol,575.9320,168
2018-01-15,SC,gasolina,919.7080,228
2018-01-15,SE,diesel_s10,40.9930,12
2018-01-15,SE,etanol,19.2170,6
2018-01-15,SE,gasolina,48.4830,12
2018-01-15,SP,diesel_s10,1124.3690,331
2018-01-15,SP,etanol,1283.2950,448
2018-01-15,SP,gasolina,1779.4310,446
2018-01-15,TO,diesel_s10,122.6580,36
2018-01-15,TO,etanol,106.8850,30
2018-01-15,TO,gasolina,171.9370,39
2018-01-16,AL,diesel_s10,113.2870,33
2018-01-16,AL,etanol,105.3770,32
2018-01-16,AL,gasolina,147.2310,35
2018-01-16,AM,diesel_s10,150.5480,42
2018-01-16,AM,etanol,130.8820,39
2018-01-16,AM,gasolina,252.4790,58
2018-01-16,BA,diesel_s10,689.6190,202
2018-01-16,BA,etanol,803.0220,260
2018-01-16,BA,gasolina,1034.3520,255
2018-01-16,CE,diesel_s10,146.9150,40
2018-01-16,CE,etanol,120.4860,35
2018-01-16,CE,gasolina,198.9850,45
2018-01-16,ES,diesel_s10,20.5100,6
2018-01-16,ES,etanol,11.0400,3
2018-01-16,ES,gasolina,29.9700,7
2018-01-16,GO,diesel_s10,169.6170,47
2018-01-16,GO,etanol,259.3620,85
2018-01-16,GO,gasolina,361.3110,82
2018-01-16,MA,diesel_s10,36.8910,11
2018-01-16,MA,etanol,17.0080,5
2018-01-16,MA,gasolina,42.7810,11
2018-01-16,MG,diesel_s10,171.3260,48
2018-01-16,MG,etanol,216.4290,69
2018-01-16,MG,gasolina,311.9020,70
2018-01-16,MS,diesel_s10,3.6990,1
2018-01-16,MS,etanol,3.2490,1
2018-01-16,MS,gasolina,3.9890,1
2018-01-16,MT,diesel_s10,103.6290,27
2018-01-16,MT,etanol,87.0920,32
2018-01-16,MT,gasolina,137.1730,32
2018-01-16,PA,diesel_s10,55.2890,15
2018-01-16,PA,etanol,22.6300,6
2018-01-16,PA,gasolina,54.3880,12
2018-01-16,PE,diesel_s10,166.6750,50
2018-01-16,PE,etanol,135.5190,44
2018-01-16,PE,gasolina,212.9890,52
2018-01-16,PI,diesel_s10,87.9570,25
2018-01-16,PI,etanol,67.6600,21
2018-01-16,PI,gasolina,109.2460,27
2018-01-16,PR,diesel_s10,134.9360,41
2018-01-16,PR,etanol,147.4640,48
2018-01-16,PR,gasolina,202.3030,48
2018-01-16,RJ,diesel_s10,355.5580,96
2018-01-16,RJ,etanol,516.6760,143
2018-01-16,RJ,gasolina,677.0210,146
2018-01-16,RR,diesel_s10,24.9600,7
2018-01-16,RR,etanol,10.6800,3
2018-01-16,RR,gasolina,29.1900,7
2018-01-16,RS,diesel_s10,35.2040,10
2018-01-16,RS,etanol,28.2370,7
2018-01-16,RS,gasolina,54.5480,12
2018-01-16,SC,diesel_s10,3.2900,1
2018-01-16,SC,etanol,3.3870,1
2018-01-16,SC,gasolina,7.5960,2
2018-01-16,SP,diesel_s10,375.9500,110
2018-01-16,SP,etanol,432.0400,151
2018-01-16,SP,gasolina,603.8370,150
2018-01-16,TO,diesel_s10,3.3700,1
2018-01-16,TO,gasolina,4.3700,1
2018-01-17,AM,diesel_s10,3.5000,1
2018-01-17,AM,etanol,3.3900,1
2018-01-17,AM,gasolina,4.2900,1
2018-01-17,BA,diesel_s10,105.3600,30
2018-01-17,BA,etanol,137.4930,43
2018-01-17,BA,gasolina,178.1260,43
2018-01-17,CE,diesel_s10,75.2760,21
2018-01-17,CE,etanol,57.8760,17
2018-01-17,CE,gasolina,91.1850,21
2018-01-17,DF,diesel_s10,122.1430,33
2018-01-17,DF,etanol,134.0200,39
2018-01-17,DF,gasolina,190.8470,46
2018-01-17,ES,diesel_s10,146.6500,43
2018-01-17,ES,etanol,154.4980,45
2018-01-17,ES,gasolina,277.5660,69
2018-01-17,GO,diesel_s10,280.8890,79
2018-01-17,GO,etanol,327.2550,108
2018-01-17,GO,gasolina,466.6460,105
2018-01-17,MA,diesel_s10,185.3330,56
2018-01-17,MA,etanol,78.3730,23
2018-01-17,MA,gasolina,266.7010,69
2018-01-17,MG,diesel_s10,521.3730,145
2018-01-17,MG,etanol,722.2600,228
2018-01-17,MG,gasolina,1020.1070,226
2018-01-17,MS,diesel_s10,132.9160,35
2018-01-17,MS,etanol,140.3070,43
2018-01-17,MS,gasolina,174.8430,43
2018-01-17,MT,diesel_s10,233.6350,63
2018-01-17,MT,etanol,221.6600,89
2018-01-17,MT,gasolina,371.9270,89
2018-01-17,PA,diesel_s10,72.6130,20
2018-01-17,PA,etanol,19.1600,5
2018-01-17,PA,gasolina,107.4620,24
2018-01-17,PB,diesel_s10,91.6330,27
2018-01-17,PB,etanol,121.3730,40
2018-01-17,PB,gasolina,163.5140,41
2018-01-17,PE,diesel_s10,236.3090,72
2018-01-17,PE,etanol,217.5860,74
2018-01-17,PE,gasolina,314.7630,80
2018-01-17,PI,diesel_s10,81.1320,23
2018-01-17,PI,etanol,56.7800,17
2018-01-17,PI,gasolina,100.7110,24
2018-01-17,PR,diesel_s10,416.3110,127
2018-01-17,PR,etanol,534.3460,174
2018-01-17,PR,gasolina,701.0860,169
2018-01-17,RJ,diesel_s10,290.6480,79
2018-01-17,RJ,etanol,409.8290,113
2018-01-17,RJ,gasolina,550.8400,118
2018-01-17,RN,diesel_s10,200.4820,55
2018-01-17,RN,etanol,196.6990,60
2018-01-17,RN,gasolina,263.9250,63
2018-01-17,RO,diesel_s10,96.6870,26
2018-01-17,RO,etanol,40.0780,11
2018-01-17,RO,gasolina,134.5530,30
2018-01-17,RR,diesel_s10,17.7600,5
2018-01-17,RR,gasolina,25.0890,6
2018-01-17,RS,diesel_s10,150.5060,43
2018-01-17,RS,etanol,136.6070,34
2018-01-17,RS,gasolina,237.3700,53
2018-01-17,SC,diesel_s10,47.2460,14
2018-01-17,SC,etanol,45.3380,13
2018-01-17,SC,gasolina,69.2130,17
2018-01-17,SE,diesel_s10,53.8990,15
2018-01-17,SE,etanol,52.9510,16
2018-01-17,SE,gasolina,88.8330,21
2018-01-17,SP,diesel_s10,2357.4440,687
2018-01-17,SP,etanol,2733.8800,946
2018-01-17,SP,gasolina,3816.2650,937
2018-01-17,TO,diesel_s10,17.0780,5
2018-01-17,TO,etanol,14.3380,4
2018-01-17,TO,gasolina,21.7370,5
2018-01-18,AC,diesel_s10,111.4500,27
2018-01-18,AC,etanol,69.3100,19
2018-01-18,AC,gasolina,136.0400,29
2018-01-18,BA,diesel_s10,10.0490,3
2018-01-18,BA,etanol,13.2790,4
2018-01-18,BA,gasolina,21.0680,5
2018-01-18,DF,diesel_s10,3.6590,1
2018-01-18,DF,etanol,3.3990,1
2018-01-18,DF,gasolina,4.1990,1
2018-01-18,ES,etanol,3.7900,1
2018-01-18,ES,gasolina,4.3500,1
2018-01-18,GO,diesel_s10,65.2670,18
2018-01-18,GO,etanol,122.9590,41
2018-01-18,GO,gasolina,168.3770,39
2018-01-18,MA,diesel_s10,32.3600,10
2018-01-18,MA,etanol,6.6080,2
2018-01-18,MA,gasolina,37.3800,10
2018-01-18,MG,diesel_s10,25.7670,7
2018-01-18,MG,etanol,28.5060,9
2018-01-18,MG,gasolina,40.0440,9
2018-01-18,MT,diesel_s10,3.7990,1
2018-01-18,MT,etanol,2.3790,1
2018-01-18,MT,gasolina,4.1990,1
2018-01-18,PA,gasolina,4.9900,1
2018-01-18,PE,diesel_s10,28.5660,8
2018-01-18,PE,etanol,39.9780,12
2018-01-18,PE,gasolina,58.4520,13
2018-01-18,PI,diesel_s10,7.0790,2
2018-01-18,PI,etanol,6.5690,2
2018-01-18,PI,gasolina,8.3190,2
2018-01-18,PR,diesel_s10,9.7780,3
2018-01-18,PR,etanol,15.3090,5
2018-01-18,PR,gasolina,20.8680,5
2018-01-18,RJ,diesel_s10,156.5270,43
2018-01-18,RJ,etanol,215.5340,60
2018-01-18,RJ,gasolina,275.7840,60
2018-01-18,RO,diesel_s10,3.6890,1
2018-01-18,RO,gasolina,4.3690,1
2018-01-18,RS,diesel_s10,99.4670,28
2018-01-18,RS,etanol,73.4010,18
2018-01-18,RS,gasolina,143.9910,32
2018-01-18,SC,etanol,2.9900,1
2018-01-18,SC,gasolina,12.1200,3
2018-01-18,SE,diesel_s10,24.5530,7
2018-01-18,SE,etanol,23.4430,7
2018-01-18,SE,gasolina,33.8220,8
2018-01-18,SP,diesel_s10,318.6960,93
2018-01-18,SP,etanol,332.3020,116
2018-01-18,SP,gasolina,463.9530,115
2018-01-18,TO,diesel_s10,3.3900,1
2018-01-18,TO,gasolina,4.3800,1
2018-01-22,AC,diesel_s10,13.4500,3
2018-01-22,AC,gasolina,29.9300,6
2018-01-22,AL,diesel_s10,113.8500,33
2018-01-22,AL,etanol,102.1260,31
2018-01-22,AL,gasolina,147.0890,35
2018-01-22,AM,diesel_s10,46.6400,12
2018-01-22,AM,etanol,17.8600,5
2018-01-22,AM,gasolina,124.2900,27
2018-01-22,AP,diesel_s10,24.2600,6
2018-01-22,AP,gasolina,31.7990,8
2018-01-22,BA,diesel_s10,550.8840,158
2018-01-22,BA,etanol,594.4780,186
2018-01-22,BA,gasolina,783.0460,187
2018-01-22,CE,diesel_s10,340.6280,94
2018-01-22,CE,etanol,306.4240,88
2018-01-22,CE,gasolina,447.7310,102
2018-01-22,ES,diesel_s10,222.7810,65
2018-01-22,ES,etanol,181.3610,52
2018-01-22,ES,gasolina,373.3270,91
2018-01-22,GO,diesel_s10,230.9450,65
2018-01-22,GO,etanol,309.1860,103
2018-01-22,GO,gasolina,445.1100,100
2018-01-22,MA,diesel_s10,119.6800,35
2018-01-22,MA,etanol,59.9610,17
2018-01-22,MA,gasolina,152.8700,38
2018-01-22,MG,diesel_s10,1004.6380,280
2018-01-22,MG,etanol,1149.5040,363
2018-01-22,MG,gasolina,1621.9070,364
2018-01-22,MS,diesel_s10,143.8570,37
2018-01-22,MS,etanol,144.5540,42
2018-01-22,MS,gasolina,181.0950,42
2018-01-22,MT,diesel_s10,179.5080,46
2018-01-22,MT,etanol,149.9200,54
2018-01-22,MT,gasolina,232.7120,53
2018-01-22,PA,diesel_s10,206.8820,56
2018-01-22,PA,etanol,81.9940,22
2018-01-22,PA,gasolina,255.1130,57
2018-01-22,PB,diesel_s10,58.4050,17
2018-01-22,PB,etanol,59.8100,19
2018-01-22,PB,gasolina,75.9230,19
2018-01-22,PE,diesel_s10,289.7530,87
2018-01-22,PE,etanol,231.4750,74
2018-01-22,PE,gasolina,374.6030,91
2018-01-22,PI,diesel_s10,48.9040,14
2018-01-22,PI,etanol,35.8640,11
2018-01-22,PI,gasolina,61.9220,15
2018-01-22,PR,diesel_s10,490.6900,148
2018-01-22,PR,etanol,587.2660,190
2018-01-22,PR,gasolina,799.8640,189
2018-01-22,RJ,diesel_s10,389.8030,106
2018-01-22,RJ,etanol,483.4250,133
2018-01-22,RJ,gasolina,640.3030,137
2018-01-22,RO,diesel_s10,99.8920,27
2018-01-22,RO,etanol,59.6380,17
2018-01-22,RO,gasolina,133.0470,31
2018-01-22,RS,diesel_s10,747.6710,220
2018-01-22,RS,etanol,560.0350,143
2018-01-22,RS,gasolina,1219.7100,280
2018-01-22,SC,diesel_s10,630.5670,188
2018-01-22,SC,etanol,526.6540,153
2018-01-22,SC,gasolina,869.9340,217
2018-01-22,SE,diesel_s10,109.7660,31
2018-01-22,SE,etanol,79.5170,24
2018-01-22,SE,gasolina,134.4560,32
2018-01-22,SP,diesel_s10,1322.0120,389
2018-01-22,SP,etanol,1514.0350,526
2018-01-22,SP,gasolina,2101.8420,524
2018-01-22,TO,diesel_s10,129.5080,38
2018-01-22,TO,etanol,110.7840,31
2018-01-22,TO,gasolina,176.2370,40
2018-01-23,AM,diesel_s10,100.2490,28
2018-01-23,AM,etanol,101.2580,30
2018-01-23,AM,gasolina,189.1090,44
2018-01-23,AP,diesel_s10,34.3470,8
2018-01-23,AP,etanol,6.8870,2
2018-01-23,AP,gasolina,44.9150,11
2018-01-23,BA,diesel_s10,245.9620,72
2018-01-23,BA,etanol,317.7420,101
2018-01-23,BA,gasolina,408.7700,101
2018-01-23,CE,diesel_s10,395.8580,112
2018-01-23,CE,etanol,374.8460,109
2018-01-23,CE,gasolina,501.7890,115
2018-01-23,DF,diesel_s10,112.8730,30
2018-01-23,DF,etanol,124.1140,36
2018-01-23,DF,gasolina,194.9300,47
2018-01-23,ES,diesel_s10,59.0260,17
2018-01-23,ES,etanol,64.4840,18
2018-01-23,ES,gasolina,103.1270,25
2018-01-23,GO,diesel_s10,214.9680,60
2018-01-23,GO,etanol,277.4310,90
2018-01-23,GO,gasolina,384.3320,87
2018-01-23,MA,diesel_s10,94.4300,28
2018-01-23,MA,etanol,48.4400,14
2018-01-23,MA,gasolina,135.6960,34
2018-01-23,MG,diesel_s10,428.8630,119
2018-01-23,MG,etanol,531.5310,167
2018-01-23,MG,gasolina,746.9250,166
2018-01-23,MS,diesel_s10,7.9590,2
2018-01-23,MS,etanol,6.8890,2
2018-01-23,MS,gasolina,8.6990,2
2018-01-23,MT,diesel_s10,69.2300,19
2018-01-23,MT,etanol,72.8310,29
2018-01-23,MT,gasolina,120.3540,29
2018-01-23,PA,diesel_s10,149.1380,42
2018-01-23,PA,etanol,68.5690,19
2018-01-23,PA,gasolina,200.2760,47
2018-01-23,PB,diesel_s10,101.9370,30
2018-01-23,PB,etanol,121.1500,40
2018-01-23,PB,gasolina,163.6810,41
2018-01-23,PE,diesel_s10,242.0530,74
2018-01-23,PE,etanol,219.0550,75
2018-01-23,PE,gasolina,313.4060,80
2018-01-23,PI,diesel_s10,167.7590,48
2018-01-23,PI,etanol,126.3780,39
2018-01-23,PI,gasolina,212.7360,52
2018-01-23,PR,diesel_s10,438.4390,134
2018-01-23,PR,etanol,554.8410,180
2018-01-23,PR,gasolina,726.4380,175
2018-01-23,RJ,diesel_s10,443.8340,120
2018-01-23,RJ,etanol,629.5130,172
2018-01-23,RJ,gasolina,832.3300,178
2018-01-23,RN,diesel_s10,202.1810,56
2018-01-23,RN,etanol,181.4310,56
2018-01-23,RN,gasolina,267.8360,64
2018-01-23,RO,diesel_s10,125.3200,34
2018-01-23,RO,etanol,64.1330,18
2018-01-23,RO,gasolina,172.2520,39
2018-01-23,RR,diesel_s10,42.5400,12
2018-01-23,RR,etanol,7.0400,2
2018-01-23,RR,gasolina,53.1200,13
2018-01-23,RS,diesel_s10,156.8040,45
2018-01-23,RS,etanol,134.9380,33
2018-01-23,RS,gasolina,241.6040,54
2018-01-23,SC,diesel_s10,89.6320,26
2018-01-23,SC,etanol,81.1560,23
2018-01-23,SC,gasolina,123.9810,30
2018-01-23,SE,diesel_s10,3.3500,1
2018-01-23,SE,gasolina,3.9790,1
2018-01-23,SP,diesel_s10,2000.9840,583
2018-01-23,SP,etanol,2350.9990,810
2018-01-23,SP,gasolina,3268.7470,799
2018-01-23,TO,diesel_s10,20.7780,6
2018-01-23,TO,etanol,17.9880,5
2018-01-23,TO,gasolina,26.3370,6
2018-01-24,AC,diesel_s10,111.4000,27
2018-01-24,AC,etanol,65.5700,18
2018-01-24,AC,gasolina,135.4900,29
2018-01-24,AL,diesel_s10,31.4420,9
2018-01-24,AL,etanol,65.7530,20
2018-01-24,AL,gasolina,97.5190,23
2018-01-24,AP,diesel_s10,4.3500,1
2018-01-24,AP,gasolina,4.1400,1
2018-01-24,BA,diesel_s10,91.8390,27
2018-01-24,BA,etanol,133.5680,40
2018-01-24,BA,gasolina,180.7730,42
2018-01-24,ES,etanol,3.7900,1
2018-01-24,ES,gasolina,4.3500,1
2018-01-24,GO,diesel_s10,61.5660,17
2018-01-24,GO,etanol,123.0360,41
2018-01-24,GO,gasolina,168.3060,39
2018-01-24,MA,diesel_s10,137.7090,43
2018-01-24,MA,etanol,26.0340,8
2018-01-24,MA,gasolina,184.0240,49
2018-01-24,MG,diesel_s10,58.5860,16
2018-01-24,MG,etanol,156.1140,49
2018-01-24,MG,gasolina,227.2170,49
2018-01-24,MS,diesel_s10,114.4670,30
2018-01-24,MS,etanol,138.7890,43
2018-01-24,MS,gasolina,174.9950,43
2018-01-24,MT,diesel_s10,202.3060,54
2018-01-24,MT,etanol,180.7390,73
2018-01-24,MT,gasolina,305.1160,73
2018-01-24,PA,gasolina,4.9900,1
2018-01-24,PE,diesel_s10,28.5660,8
2018-01-24,PE,etanol,40.9020,12
2018-01-24,PE,gasolina,58.8620,13
2018-01-24,PI,diesel_s10,3.4800,1
2018-01-24,PI,etanol,3.3200,1
2018-01-24,PI,gasolina,4.2300,1
2018-01-24,PR,diesel_s10,3.3900,1
2018-01-24,PR,etanol,9.3200,3
2018-01-24,PR,gasolina,12.7700,3
2018-01-24,RJ,diesel_s10,272.7350,75
2018-01-24,RJ,etanol,330.8440,92
2018-01-24,RJ,gasolina,445.2150,97
2018-01-24,RO,diesel_s10,3.6890,1
2018-01-24,RO,gasolina,4.3690,1
2018-01-24,RS,diesel_s10,84.5150,24
2018-01-24,RS,etanol,77.8400,19
2018-01-24,RS,gasolina,130.6420,29
2018-01-24,SC,etanol,2.9900,1
2018-01-24,SC,gasolina,12.1200,3
2018-01-24,SE,diesel_s10,28.0020,8
2018-01-24,SE,etanol,20.2440,6
2018-01-24,SE,gasolina,33.9220,8
2018-01-24,SP,diesel_s10,854.3020,249
2018-01-24,SP,etanol,932.2670,326
2018-01-24,SP,gasolina,1300.3230,325
2018-01-29,AC,diesel_s10,4.4700,1
2018-01-29,AC,gasolina,5.1500,1
2018-01-29,AM,diesel_s10,95.2290,27
2018-01-29,AM,etanol,100.7940,30
2018-01-29,AM,gasolina,180.4430,42
2018-01-29,AP,diesel_s10,62.9570,15
2018-01-29,AP,etanol,6.8870,2
2018-01-29,AP,gasolina,80.9340,20
2018-01-29,BA,diesel_s10,106.0370,30
2018-01-29,BA,etanol,112.4610,35
2018-01-29,BA,gasolina,164.5880,39
2018-01-29,CE,gasolina,4.2500,1
2018-01-29,ES,diesel_s10,101.1190,29
2018-01-29,ES,etanol,59.5900,16
2018-01-29,ES,gasolina,140.4180,33
2018-01-29,GO,etanol,3.1900,1
2018-01-29,GO,gasolina,4.6300,1
2018-01-29,MA,diesel_s10,92.6950,27
2018-01-29,MA,etanol,53.9020,15
2018-01-29,MA,gasolina,125.3130,31
2018-01-29,MG,diesel_s10,484.4010,136
2018-01-29,MG,etanol,554.2170,174
2018-01-29,MG,gasolina,769.3030,173
2018-01-29,MS,diesel_s10,120.4260,31
2018-01-29,MS,etanol,119.8040,36
2018-01-29,MS,gasolina,149.0230,35
2018-01-29,MT,diesel_s10,64.6160,17
2018-01-29,MT,etanol,56.9410,21
2018-01-29,MT,gasolina,89.1720,21
2018-01-29,PA,diesel_s10,67.3010,19
2018-01-29,PA,etanol,22.5990,6
2018-01-29,PA,gasolina,95.1600,22
2018-01-29,PB,diesel_s10,58.6580,17
2018-01-29,PB,etanol,59.1830,19
2018-01-29,PB,gasolina,76.7780,19
2018-01-29,PE,diesel_s10,47.5370,14
2018-01-29,PE,etanol,42.5780,13
2018-01-29,PE,gasolina,63.0760,15
2018-01-29,PI,diesel_s10,87.7690,25
2018-01-29,PI,etanol,64.5710,20
2018-01-29,PI,gasolina,104.5870,26
2018-01-29,PR,diesel_s10,324.9160,98
2018-01-29,PR,etanol,413.5520,133
2018-01-29,PR,gasolina,541.5720,129
2018-01-29,RJ,diesel_s10,94.9220,26
2018-01-29,RJ,etanol,136.8250,37
2018-01-29,RJ,gasolina,178.6340,38
2018-01-29,RO,diesel_s10,98.9240,27
2018-01-29,RO,etanol,69.5930,20
2018-01-29,RO,gasolina,145.6500,34
2018-01-29,RS,diesel_s10,478.7680,140
2018-01-29,RS,etanol,414.0270,104
2018-01-29,RS,gasolina,790.4790,180
2018-01-29,SC,diesel_s10,495.3410,146
2018-01-29,SC,etanol,425.3970,122
2018-01-29,SC,gasolina,690.7520,171
2018-01-29,SE,diesel_s10,24.5230,7
2018-01-29,SE,etanol,6.4980,2
2018-01-29,SE,gasolina,29.3340,7
2018-01-29,SP,diesel_s10,716.5760,209
2018-01-29,SP,etanol,854.2670,293
2018-01-29,SP,gasolina,1172.1320,290
2018-01-29,TO,diesel_s10,63.5800,18
2018-01-29,TO,etanol,53.8910,15
2018-01-29,TO,gasolina,89.1940,20
2018-01-30,AC,diesel_s10,22.0590,5
2018-01-30,AC,etanol,3.6800,1
2018-01-30,AC,gasolina,24.5980,5
2018-01-30,AL,diesel_s10,108.0520,31
2018-01-30,AL,etanol,106.0070,32
2018-01-30,AL,gasolina,139.6430,33
2018-01-30,AM,diesel_s10,15.6800,4
2018-01-30,AM,gasolina,56.6500,12
2018-01-30,BA,diesel_s10,470.8820,137
2018-01-30,BA,etanol,605.2140,185
2018-01-30,BA,gasolina,787.8230,185
2018-01-30,CE,diesel_s10,22.5100,6
2018-01-30,CE,etanol,34.2180,10
2018-01-30,CE,gasolina,45.3390,10
2018-01-30,GO,diesel_s10,140.1570,39
2018-01-30,GO,etanol,247.7120,81
2018-01-30,GO,gasolina,343.4490,78
2018-01-30,MA,diesel_s10,33.0240,10
2018-01-30,MA,etanol,3.4500,1
2018-01-30,MA,gasolina,43.1440,11
2018-01-30,MG,diesel_s10,404.8720,112
2018-01-30,MG,etanol,489.6550,153
2018-01-30,MG,gasolina,688.4340,152
2018-01-30,MS,diesel_s10,108.9870,28
2018-01-30,MS,etanol,109.2160,32
2018-01-30,MS,gasolina,140.5210,33
2018-01-30,MT,diesel_s10,40.7570,11
2018-01-30,MT,etanol,31.8580,12
2018-01-30,MT,gasolina,50.7020,12
2018-01-30,PA,diesel_s10,107.2110,29
2018-01-30,PA,etanol,47.2040,13
2018-01-30,PA,gasolina,149.4680,34
2018-01-30,PB,diesel_s10,6.8980,2
2018-01-30,PB,etanol,10.0080,3
2018-01-30,PB,gasolina,16.7580,4
2018-01-30,PE,diesel_s10,307.9320,91
2018-01-30,PE,etanol,263.3150,83
2018-01-30,PE,gasolina,424.6760,100
2018-01-30,PI,diesel_s10,42.2390,12
2018-01-30,PI,etanol,42.4370,13
2018-01-30,PI,gasolina,56.3580,14
2018-01-30,PR,diesel_s10,189.5130,58
2018-01-30,PR,etanol,222.6490,72
2018-01-30,PR,gasolina,302.2590,72
2018-01-30,RJ,diesel_s10,546.7410,148
2018-01-30,RJ,etanol,733.5790,200
2018-01-30,RJ,gasolina,964.1030,207
2018-01-30,RN,diesel_s10,51.5850,14
2018-01-30,RN,etanol,62.8580,19
2018-01-30,RN,gasolina,85.3440,20
2018-01-30,RO,diesel_s10,96.3510,26
2018-01-30,RO,etanol,44.1450,12
2018-01-30,RO,gasolina,133.9090,30
2018-01-30,RR,diesel_s10,31.9300,9
2018-01-30,RR,etanol,3.4900,1
2018-01-30,RR,gasolina,40.9890,10
2018-01-30,RS,diesel_s10,191.8160,55
2018-01-30,RS,etanol,129.4420,32
2018-01-30,RS,gasolina,263.4460,59
2018-01-30,SC,diesel_s10,27.0260,8
2018-01-30,SC,etanol,21.1670,6
2018-01-30,SC,gasolina,40.6540,10
2018-01-30,SP,diesel_s10,710.5000,206
2018-01-30,SP,etanol,825.5370,284
2018-01-30,SP,gasolina,1141.9410,283
2018-01-30,TO,diesel_s10,64.3320,19
2018-01-30,TO,etanol,61.0450,17
2018-01-30,TO,gasolina,87.2540,20
2018-01-31,AC,gasolina,5.1100,1
2018-01-31,AL,diesel_s10,56.6290,16
2018-01-31,AL,etanol,82.2030,24
2018-01-31,AL,gasolina,104.9600,24
2018-01-31,AM,diesel_s10,30.7300,8
2018-01-31,AM,etanol,18.0600,5
2018-01-31,AM,gasolina,67.5400,15
2018-01-31,BA,diesel_s10,181.1280,51
2018-01-31,BA,etanol,177.4900,53
2018-01-31,BA,gasolina,255.4930,59
2018-01-31,CE,diesel_s10,646.6340,181
2018-01-31,CE,etanol,612.7650,177
2018-01-31,CE,gasolina,850.6320,197
2018-01-31,DF,diesel_s10,107.5030,29
2018-01-31,DF,etanol,139.5540,40
2018-01-31,DF,gasolina,191.0350,45
2018-01-31,ES,diesel_s10,37.1300,11
2018-01-31,ES,etanol,14.9300,4
2018-01-31,ES,gasolina,59.9100,14
2018-01-31,GO,diesel_s10,287.9650,80
2018-01-31,GO,etanol,356.2350,119
2018-01-31,GO,gasolina,514.4830,116
2018-01-31,MA,diesel_s10,171.5190,52
2018-01-31,MA,etanol,57.9000,17
2018-01-31,MA,gasolina,234.2370,62
2018-01-31,MG,diesel_s10,377.7630,104
2018-01-31,MG,etanol,444.6940,138
2018-01-31,MG,gasolina,630.3220,139
2018-01-31,MS,diesel_s10,23.1690,6
2018-01-31,MS,etanol,19.3310,6
2018-01-31,MS,gasolina,24.7830,6
2018-01-31,MT,diesel_s10,302.8000,80
2018-01-31,MT,etanol,285.9440,112
2018-01-31,MT,gasolina,469.4170,111
2018-01-31,PA,diesel_s10,167.6060,46
2018-01-31,PA,etanol,78.1100,21
2018-01-31,PA,gasolina,201.0500,46
2018-01-31,PB,diesel_s10,70.9800,21
2018-01-31,PB,etanol,71.5410,24
2018-01-31,PB,gasolina,95.1940,24
2018-01-31,PE,diesel_s10,208.1460,62
2018-01-31,PE,etanol,193.0330,63
2018-01-31,PE,gasolina,283.1440,68
2018-01-31,PI,diesel_s10,92.8530,26
2018-01-31,PI,etanol,57.6140,17
2018-01-31,PI,gasolina,119.5370,28
2018-01-31,PR,diesel_s10,329.0320,100
2018-01-31,PR,etanol,399.2520,130
2018-01-31,PR,gasolina,544.3420,131
2018-01-31,RJ,diesel_s10,300.4410,81
2018-01-31,RJ,etanol,381.2570,103
2018-01-31,RJ,gasolina,509.0610,108
2018-01-31,RN,diesel_s10,18.1890,5
2018-01-31,RN,etanol,13.1600,4
2018-01-31,RN,gasolina,21.2600,5
2018-01-31,RO,diesel_s10,33.7660,9
2018-01-31,RO,etanol,3.4900,1
2018-01-31,RO,gasolina,34.2750,8
2018-01-31,RR,diesel_s10,10.7800,3
2018-01-31,RR,etanol,7.0800,2
2018-01-31,RR,gasolina,12.2300,3
2018-01-31,RS,diesel_s10,306.0900,90
2018-01-31,RS,etanol,216.2520,54
2018-01-31,RS,gasolina,460.6720,106
2018-01-31,SC,diesel_s10,191.7630,58
2018-01-31,SC,etanol,152.4900,44
2018-01-31,SC,gasolina,265.7330,67
2018-01-31,SE,diesel_s10,51.7500,15
2018-01-31,SE,etanol,32.9450,10
2018-01-31,SE,gasolina,62.4500,15
2018-01-31,SP,diesel_s10,1766.5330,514
2018-01-31,SP,etanol,1963.0090,679
2018-01-31,SP,gasolina,2710.8270,668
2018-01-31,TO,diesel_s10,20.4770,6
2018-01-31,TO,etanol,17.9970,5
2018-01-31,TO,gasolina,26.2360,6
2018-02-01,AC,diesel_s10,107.4170,26
2018-02-01,AC,etanol,69.4380,19
2018-02-01,AC,gasolina,131.5970,28
2018-02-01,AM,diesel_s10,6.9800,2
2018-02-01,AM,etanol,6.7800,2
2018-02-01,AM,gasolina,8.5700,2
2018-02-01,BA,diesel_s10,116.7300,34
2018-02-01,BA,etanol,162.2970,49
2018-02-01,BA,gasolina,207.9060,49
2018-02-01,CE,diesel_s10,35.5380,10
2018-02-01,CE,etanol,33.9400,10
2018-02-01,CE,gasolina,43.1290,10
2018-02-01,DF,diesel_s10,7.3880,2
2018-02-01,DF,etanol,7.2680,2
2018-02-01,DF,gasolina,8.5980,2
2018-02-01,ES,diesel_s10,160.2610,47
2018-02-01,ES,etanol,144.2520,40
2018-02-01,ES,gasolina,279.9590,70
2018-02-01,GO,diesel_s10,47.1050,13
2018-02-01,GO,etanol,98.8710,32
2018-02-01,GO,gasolina,140.6220,32
2018-02-01,MA,diesel_s10,54.5450,16
2018-02-01,MA,etanol,31.2220,9
2018-02-01,MA,gasolina,68.3950,17
2018-02-01,MG,diesel_s10,188.7760,53
2018-02-01,MG,etanol,364.3980,115
2018-02-01,MG,gasolina,513.4480,115
2018-02-01,MS,diesel_s10,34.2640,9
2018-02-01,MS,etanol,41.9600,13
2018-02-01,MS,gasolina,53.3000,13
2018-02-01,MT,diesel_s10,42.9110,11
2018-02-01,MT,etanol,31.0620,11
2018-02-01,MT,gasolina,48.5950,11
2018-02-01,PA,diesel_s10,14.9500,4
2018-02-01,PA,etanol,3.7500,1
2018-02-01,PA,gasolina,18.8090,4
2018-02-01,PB,diesel_s10,30.4280,9
2018-02-01,PB,etanol,36.2600,12
2018-02-01,PB,gasolina,51.4300,13
2018-02-01,PE,diesel_s10,3.3900,1
2018-02-01,PE,etanol,2.9990,1
2018-02-01,PE,gasolina,4.3300,1
2018-02-01,PR,diesel_s10,94.5790,28
2018-02-01,PR,etanol,117.9020,37
2018-02-01,PR,gasolina,155.1090,36
2018-02-01,RJ,diesel_s10,162.8720,44
2018-02-01,RJ,etanol,212.0580,58
2018-02-01,RJ,gasolina,274.8630,59
2018-02-01,RN,diesel_s10,135.3070,37
2018-02-01,RN,etanol,125.1800,38
2018-02-01,RN,gasolina,161.1330,38
2018-02-01,RS,diesel_s10,50.2590,14
2018-02-01,RS,etanol,50.1040,12
2018-02-01,RS,gasolina,86.3520,19
2018-02-01,SC,diesel_s10,3.3990,1
2018-02-01,SC,etanol,7.3580,2
2018-02-01,SC,gasolina,7.7980,2
2018-02-01,SE,diesel_s10,50.6780,14
2018-02-01,SE,etanol,57.3170,17
2018-02-01,SE,gasolina,80.5920,19
2018-02-01,SP,diesel_s10,1033.0060,303
2018-02-01,SP,etanol,1183.6280,408
2018-02-01,SP,gasolina,1637.6050,403
2018-02-05,AC,diesel_s10,4.4700,1
2018-02-05,AC,gasolina,5.1500,1
2018-02-05,AP,gasolina,8.0000,2
2018-02-05,BA,diesel_s10,102.6890,29
2018-02-05,BA,etanol,106.5030,33
2018-02-05,BA,gasolina,156.1610,37
2018-02-05,CE,gasolina,4.2500,1
2018-02-05,ES,diesel_s10,97.6290,28
2018-02-05,ES,etanol,55.8000,15
2018-02-05,ES,gasolina,135.8780,32
2018-02-05,GO,etanol,3.1900,1
2018-02-05,GO,gasolina,4.6300,1
2018-02-05,MA,diesel_s10,92.3760,27
2018-02-05,MA,etanol,50.4440,14
2018-02-05,MA,gasolina,120.7340,30
2018-02-05,MG,diesel_s10,471.0300,132
2018-02-05,MG,etanol,539.6290,168
2018-02-05,MG,gasolina,747.1870,167
2018-02-05,MS,diesel_s10,162.3430,42
2018-02-05,MS,etanol,161.9870,49
2018-02-05,MS,gasolina,205.5490,49
2018-02-05,MT,diesel_s10,64.6160,17
2018-02-05,MT,etanol,56.9410,21
2018-02-05,MT,gasolina,89.1720,21
2018-02-05,PA,diesel_s10,63.5120,18
2018-02-05,PA,etanol,18.9000,5
2018-02-05,PA,gasolina,90.9210,21
2018-02-05,PB,diesel_s10,48.4790,14
2018-02-05,PB,etanol,49.8140,16
2018-02-05,PB,gasolina,64.7300,16
2018-02-05,PE,diesel_s10,47.4780,14
2018-02-05,PE,etanol,42.4090,13
2018-02-05,PE,gasolina,63.1260,15
2018-02-05,PI,diesel_s10,35.5510,10
2018-02-05,PI,etanol,26.6820,8
2018-02-05,PI,gasolina,48.7590,12
2018-02-05,PR,diesel_s10,260.3900,79
2018-02-05,PR,etanol,337.1020,109
2018-02-05,PR,gasolina,439.2520,105
2018-02-05,RJ,diesel_s10,91.5030,25
2018-02-05,RJ,etanol,132.9760,36
2018-02-05,RJ,gasolina,174.2950,37
2018-02-05,RO,diesel_s10,26.1700,7
2018-02-05,RO,etanol,7.8000,2
2018-02-05,RO,gasolina,31.4700,7
2018-02-05,RS,diesel_s10,402.5340,117
2018-02-05,RS,etanol,333.9760,83
2018-02-05,RS,gasolina,608.7200,138
2018-02-05,SC,diesel_s10,383.6550,114
2018-02-05,SC,etanol,320.0830,92
2018-02-05,SC,gasolina,540.1100,135
2018-02-05,SE,diesel_s10,24.5230,7
2018-02-05,SE,etanol,6.8490,2
2018-02-05,SE,gasolina,29.3140,7
2018-02-05,SP,diesel_s10,537.9970,157
2018-02-05,SP,etanol,626.5400,214
2018-02-05,SP,gasolina,854.5520,211
2018-02-05,TO,diesel_s10,30.0540,8
2018-02-05,TO,etanol,21.7850,6
2018-02-05,TO,gasolina,44.7200,10
2018-02-06,AC,diesel_s10,17.9690,4
2018-02-06,AC,gasolina,19.8180,4
2018-02-06,AL,diesel_s10,154.1930,44
2018-02-06,AL,etanol,188.8710,56
2018-02-06,AL,gasolina,244.9070,57
2018-02-06,AM,diesel_s10,19.5300,5
2018-02-06,AM,gasolina,84.6200,18
2018-02-06,AP,diesel_s10,57.8400,13
2018-02-06,AP,etanol,3.7900,1
2018-02-06,AP,gasolina,76.6100,19
2018-02-06,BA,diesel_s10,517.5620,151
2018-02-06,BA,etanol,641.2940,198
2018-02-06,BA,gasolina,841.0780,200
2018-02-06,CE,diesel_s10,115.3320,32
2018-02-06,CE,etanol,113.0520,33
2018-02-06,CE,gasolina,159.7500,37
2018-02-06,DF,diesel_s10,3.9990,1
2018-02-06,DF,etanol,3.8990,1
2018-02-06,DF,gasolina,4.2990,1
2018-02-06,ES,diesel_s10,3.4900,1
2018-02-06,ES,etanol,3.7900,1
2018-02-06,ES,gasolina,4.2900,1
2018-02-06,GO,diesel_s10,111.7770,31
2018-02-06,GO,etanol,197.4220,64
2018-02-06,GO,gasolina,270.0960,61
2018-02-06,MA,diesel_s10,79.5800,24
2018-02-06,MA,etanol,20.5050,6
2018-02-06,MA,gasolina,111.0570,29
2018-02-06,MG,diesel_s10,468.3770,130
2018-02-06,MG,etanol,584.7440,182
2018-02-06,MG,gasolina,826.1930,183
2018-02-06,MS,diesel_s10,85.4790,22
2018-02-06,MS,etanol,90.3210,26
2018-02-06,MS,gasolina,112.0460,26
2018-02-06,MT,diesel_s10,29.2940,8
2018-02-06,MT,etanol,24.3870,9
2018-02-06,MT,gasolina,37.9970,9
2018-02-06,PA,diesel_s10,178.0660,49
2018-02-06,PA,etanol,99.9630,28
2018-02-06,PA,gasolina,234.7120,55
2018-02-06,PB,diesel_s10,17.0770,5
2018-02-06,PB,etanol,19.5080,6
2018-02-06,PB,gasolina,28.8150,7
2018-02-06,PE,diesel_s10,342.3430,101
2018-02-06,PE,etanol,305.6940,97
2018-02-06,PE,gasolina,476.0780,112
2018-02-06,PI,diesel_s10,85.4580,24
2018-02-06,PI,etanol,70.5990,21
2018-02-06,PI,gasolina,102.1550,25
2018-02-06,PR,diesel_s10,474.3390,145
2018-02-06,PR,etanol,568.0420,184
2018-02-06,PR,gasolina,759.3110,183
2018-02-06,RJ,diesel_s10,248.8750,67
2018-02-06,RJ,etanol,334.2060,90
2018-02-06,RJ,gasolina,439.1390,93
2018-02-06,RN,diesel_s10,47.8560,13
2018-02-06,RN,etanol,56.0690,17
2018-02-06,RN,gasolina,76.8450,18
2018-02-06,RO,diesel_s10,96.5050,26
2018-02-06,RO,etanol,47.5450,13
2018-02-06,RO,gasolina,130.0130,29
2018-02-06,RR,diesel_s10,39.1800,11
2018-02-06,RR,etanol,3.6000,1
2018-02-06,RR,gasolina,44.9590,11
2018-02-06,RS,diesel_s10,244.0070,71
2018-02-06,RS,etanol,185.4010,46
2018-02-06,RS,gasolina,403.5910,91
2018-02-06,SC,diesel_s10,30.6850,9
2018-02-06,SC,etanol,24.8860,7
2018-02-06,SC,gasolina,44.8930,11
2018-02-06,SE,diesel_s10,72.3120,20
2018-02-06,SE,etanol,61.5960,18
2018-02-06,SE,gasolina,88.2400,21
2018-02-06,SP,diesel_s10,795.4350,232
2018-02-06,SP,etanol,918.7100,317
2018-02-06,SP,gasolina,1271.1890,317
2018-02-06,TO,diesel_s10,77.9530,23
2018-02-06,TO,etanol,72.0520,20
2018-02-06,TO,gasolina,105.2680,24
2018-02-07,AC,diesel_s10,61.8100,15
2018-02-07,AC,etanol,51.1200,14
2018-02-07,AC,gasolina,75.4400,16
2018-02-07,AM,diesel_s10,107.0090,30
2018-02-07,AM,etanol,101.1000,30
2018-02-07,AM,gasolina,227.9360,53
2018-02-07,AP,diesel_s10,8.7000,2
2018-02-07,AP,gasolina,12.0490,3
2018-02-07,BA,diesel_s10,222.8750,63
2018-02-07,BA,etanol,261.7370,77
2018-02-07,BA,gasolina,358.9730,82
2018-02-07,CE,diesel_s10,557.9690,157
2018-02-07,CE,etanol,522.8020,152
2018-02-07,CE,gasolina,706.5290,168
2018-02-07,DF,gasolina,4.3990,1
2018-02-07,ES,diesel_s10,37.1300,11
2018-02-07,ES,etanol,14.9300,4
2018-02-07,ES,gasolina,59.9100,14
2018-02-07,GO,diesel_s10,309.6770,87
2018-02-07,GO,etanol,410.1100,137
2018-02-07,GO,gasolina,587.0450,133
2018-02-07,MA,diesel_s10,107.1940,32
2018-02-07,MA,etanol,44.6530,13
2018-02-07,MA,gasolina,145.1900,38
2018-02-07,MG,diesel_s10,486.6440,134
2018-02-07,MG,etanol,675.0550,212
2018-02-07,MG,gasolina,966.6410,215
2018-02-07,MS,diesel_s10,38.2330,10
2018-02-07,MS,etanol,38.6090,12
2018-02-07,MS,gasolina,49.4260,12
2018-02-07,MT,diesel_s10,131.0500,34
2018-02-07,MT,etanol,115.2360,43
2018-02-07,MT,gasolina,182.8180,42
2018-02-07,PA,diesel_s10,101.2290,27
2018-02-07,PA,etanol,42.6380,11
2018-02-07,PA,gasolina,120.8990,26
2018-02-07,PB,diesel_s10,61.0120,18
2018-02-07,PB,etanol,71.2170,24
2018-02-07,PB,gasolina,95.2610,24
2018-02-07,PE,diesel_s10,160.1430,48
2018-02-07,PE,etanol,153.7460,50
2018-02-07,PE,gasolina,224.2810,55
2018-02-07,PI,diesel_s10,103.7000,29
2018-02-07,PI,etanol,68.5810,20
2018-02-07,PI,gasolina,132.9030,31
2018-02-07,PR,diesel_s10,111.8500,34
2018-02-07,PR,etanol,140.4700,45
2018-02-07,PR,gasolina,185.8790,44
2018-02-07,RJ,diesel_s10,731.8290,198
2018-02-07,RJ,etanol,927.5130,252
2018-02-07,RJ,gasolina,1228.6260,263
2018-02-07,RN,diesel_s10,100.3590,28
2018-02-07,RN,etanol,98.0500,30
2018-02-07,RN,gasolina,134.7130,32
2018-02-07,RO,diesel_s10,110.7520,30
2018-02-07,RO,etanol,65.7350,19
2018-02-07,RO,gasolina,148.6080,35
2018-02-07,RR,diesel_s10,7.1000,2
2018-02-07,RR,gasolina,8.1000,2
2018-02-07,RS,diesel_s10,301.4770,89
2018-02-07,RS,etanol,215.4140,54
2018-02-07,RS,gasolina,467.7810,108
2018-02-07,SC,diesel_s10,292.8270,87
2018-02-07,SC,etanol,253.9280,72
2018-02-07,SC,gasolina,406.9530,101
2018-02-07,SE,diesel_s10,41.0430,12
2018-02-07,SE,etanol,29.7550,9
2018-02-07,SE,gasolina,49.5030,12
2018-02-07,SP,diesel_s10,1818.8940,530
2018-02-07,SP,etanol,1993.1990,688
2018-02-07,SP,gasolina,2769.7550,680
2018-02-07,TO,diesel_s10,40.0670,12
2018-02-07,TO,etanol,36.1070,10
2018-02-07,TO,gasolina,52.9040,12
2018-02-08,AC,diesel_s10,49.2300,12
2018-02-08,AC,etanol,21.7200,6
2018-02-08,AC,gasolina,64.8200,14
2018-02-08,BA,diesel_s10,36.8220,10
2018-02-08,BA,etanol,46.3990,13
2018-02-08,BA,gasolina,58.1190,13
2018-02-08,CE,diesel_s10,46.0360,13
2018-02-08,CE,etanol,44.2880,13
2018-02-08,CE,gasolina,54.7140,13
2018-02-08,DF,diesel_s10,116.4900,31
2018-02-08,DF,etanol,119.3350,34
2018-02-08,DF,gasolina,192.3380,45
2018-02-08,ES,diesel_s10,134.4330,39
2018-02-08,ES,etanol,171.7940,49
2018-02-08,ES,gasolina,279.5130,70
2018-02-08,GO,diesel_s10,54.2830,15
2018-02-08,GO,etanol,98.8100,32
2018-02-08,GO,gasolina,140.5100,32
2018-02-08,MA,diesel_s10,71.0800,21
2018-02-08,MA,etanol,38.4200,11
2018-02-08,MA,gasolina,94.9280,24
2018-02-08,MG,diesel_s10,35.8840,10
2018-02-08,MG,etanol,56.7620,18
2018-02-08,MG,gasolina,86.3310,19
2018-02-08,MT,diesel_s10,240.9970,64
2018-02-08,MT,etanol,209.2500,83
2018-02-08,MT,gasolina,348.9840,83
2018-02-08,PA,diesel_s10,14.9500,4
2018-02-08,PA,etanol,3.7500,1
2018-02-08,PA,gasolina,18.8090,4
2018-02-08,PB,diesel_s10,30.3680,9
2018-02-08,PB,etanol,36.2600,12
2018-02-08,PB,gasolina,51.4300,13
2018-02-08,PE,diesel_s10,6.7390,2
2018-02-08,PE,etanol,6.0980,2
2018-02-08,PE,gasolina,8.3290,2
2018-02-08,PR,diesel_s10,87.6990,26
2018-02-08,PR,etanol,108.6420,34
2018-02-08,PR,gasolina,142.7090,33
2018-02-08,RJ,diesel_s10,54.3910,15
2018-02-08,RJ,etanol,65.2280,18
2018-02-08,RJ,gasolina,82.9460,18
2018-02-08,RN,diesel_s10,43.6780,12
2018-02-08,RN,etanol,39.6450,12
2018-02-08,RN,gasolina,50.7370,12
2018-02-08,RS,diesel_s10,78.2260,22
2018-02-08,RS,etanol,57.4730,14
2018-02-08,RS,gasolina,121.1250,27
2018-02-08,SC,diesel_s10,6.9980,2
2018-02-08,SC,etanol,7.3580,2
2018-02-08,SC,gasolina,12.1970,3
2018-02-08,SP,diesel_s10,1049.3850,307
2018-02-08,SP,etanol,1283.1140,444
2018-02-08,SP,gasolina,1765.5200,438
2018-02-12,AL,diesel_s10,104.7800,30
2018-02-12,AL,etanol,97.8990,29
2018-02-12,AL,gasolina,131.0960,31
2018-02-12,AP,diesel_s10,57.9900,13
2018-02-12,AP,etanol,3.7900,1
2018-02-12,AP,gasolina,76.6100,19
2018-02-12,BA,diesel_s10,513.7310,150
2018-02-12,BA,etanol,669.0510,203
2018-02-12,BA,gasolina,867.0220,204
2018-02-12,CE,diesel_s10,21.4880,6
2018-02-12,CE,etanol,20.5800,6
2018-02-12,CE,gasolina,34.3190,8
2018-02-12,MA,diesel_s10,54.7310,16
2018-02-12,MA,etanol,21.7190,6
2018-02-12,MA,gasolina,64.1280,16
2018-02-12,MG,diesel_s10,263.5200,73
2018-02-12,MG,etanol,326.6660,100
2018-02-12,MG,gasolina,443.2670,98
2018-02-12,MS,diesel_s10,22.6270,6
2018-02-12,MS,etanol,20.8570,6
2018-02-12,MS,gasolina,25.7870,6
2018-02-12,MT,diesel_s10,61.1270,16
2018-02-12,MT,etanol,50.5910,18
2018-02-12,MT,gasolina,82.0920,19
2018-02-12,PA,diesel_s10,4.2800,1
2018-02-12,PA,gasolina,5.0400,1
2018-02-12,PB,diesel_s10,41.0470,12
2018-02-12,PB,etanol,41.2210,13
2018-02-12,PB,gasolina,52.1960,13
2018-02-12,PE,diesel_s10,67.4020,20
2018-02-12,PE,etanol,55.8030,17
2018-02-12,PE,gasolina,93.2790,22
2018-02-12,PR,diesel_s10,233.6070,70
2018-02-12,PR,etanol,272.2450,86
2018-02-12,PR,gasolina,364.1530,86
2018-02-12,RJ,diesel_s10,151.6240,42
2018-02-12,RJ,etanol,207.4310,56
2018-02-12,RJ,gasolina,272.7200,58
2018-02-12,RO,diesel_s10,76.9250,21
2018-02-12,RO,etanol,58.9330,17
2018-02-12,RO,gasolina,118.7710,28
2018-02-12,RS,diesel_s10,640.8680,189
2018-02-12,RS,etanol,490.6250,123
2018-02-12,RS,gasolina,1041.6990,240
2018-02-12,SC,diesel_s10,623.1710,185
2018-02-12,SC,etanol,496.3460,141
2018-02-12,SC,gasolina,887.6160,222
2018-02-12,SE,diesel_s10,68.7640,19
2018-02-12,SE,etanol,61.9670,18
2018-02-12,SE,gasolina,88.0030,21
2018-02-12,SP,diesel_s10,925.3550,271
2018-02-12,SP,etanol,1046.7310,358
2018-02-12,SP,gasolina,1427.6290,353
2018-02-12,TO,diesel_s10,33.6060,10
2018-02-12,TO,etanol,32.4260,9
2018-02-12,TO,gasolina,44.6640,10
2018-02-13,BA,etanol,3.3000,1
2018-02-13,BA,gasolina,4.3000,1
2018-02-13,MA,diesel_s10,3.3490,1
2018-02-13,MA,gasolina,3.6390,1
2018-02-13,PE,diesel_s10,26.5760,8
2018-02-13,PE,etanol,16.4390,5
2018-02-13,PE,gasolina,32.7840,8
2018-02-13,PR,diesel_s10,6.6500,2
2018-02-13,PR,etanol,9.4900,3
2018-02-13,PR,gasolina,12.6100,3
2018-02-14,AC,diesel_s10,8.2100,2
2018-02-14,AC,etanol,7.3200,2
2018-02-14,AC,gasolina,9.5500,2
2018-02-14,AL,diesel_s10,10.3890,3
2018-02-14,AL,etanol,9.7900,3
2018-02-14,AL,gasolina,12.6800,3
2018-02-14,AM,diesel_s10,15.6800,4
2018-02-14,AM,gasolina,56.6500,12
2018-02-14,BA,diesel_s10,195.9970,56
2018-02-14,BA,etanol,200.4560,59
2018-02-14,BA,gasolina,272.4450,63
2018-02-14,ES,diesel_s10,60.6700,17
2018-02-14,ES,etanol,40.7400,11
2018-02-14,ES,gasolina,88.2590,21
2018-02-14,GO,diesel_s10,250.8800,70
2018-02-14,GO,etanol,315.8460,106
2018-02-14,GO,gasolina,461.6200,105
2018-02-14,MA,diesel_s10,93.6970,28
2018-02-14,MA,etanol,24.9960,7
2018-02-14,MA,gasolina,128.4550,33
2018-02-14,MG,diesel_s10,627.4110,175
2018-02-14,MG,etanol,763.2590,237
2018-02-14,MG,gasolina,1066.5760,238
2018-02-14,MS,diesel_s10,39.3920,10
2018-02-14,MS,etanol,35.7470,10
2018-02-14,MS,gasolina,43.2610,10
2018-02-14,PA,diesel_s10,79.3760,21
2018-02-14,PA,etanol,15.8300,4
2018-02-14,PA,gasolina,100.4160,22
2018-02-14,PE,diesel_s10,295.5070,88
2018-02-14,PE,etanol,261.5820,85
2018-02-14,PE,gasolina,375.7850,92
2018-02-14,PI,diesel_s10,35.6520,10
2018-02-14,PI,etanol,33.8910,10
2018-02-14,PI,gasolina,49.1490,12
2018-02-14,PR,diesel_s10,156.3830,48
2018-02-14,PR,etanol,190.5270,62
2018-02-14,PR,gasolina,252.8360,61
2018-02-14,RJ,diesel_s10,136.8970,37
2018-02-14,RJ,etanol,169.3390,46
2018-02-14,RJ,gasolina,226.6370,48
2018-02-14,RN,diesel_s10,76.4420,21
2018-02-14,RN,etanol,75.1710,23
2018-02-14,RN,gasolina,104.2970,25
2018-02-14,RO,diesel_s10,55.8930,15
2018-02-14,RO,etanol,18.8690,5
2018-02-14,RO,gasolina,62.6330,14
2018-02-14,RR,diesel_s10,42.4500,12
2018-02-14,RR,etanol,21.4200,6
2018-02-14,RR,gasolina,52.9700,13
2018-02-14,RS,diesel_s10,118.6420,34
2018-02-14,RS,etanol,81.1740,20
2018-02-14,RS,gasolina,179.1820,40
2018-02-14,SC,diesel_s10,54.1920,16
2018-02-14,SC,etanol,42.7610,12
2018-02-14,SC,gasolina,76.5990,19
2018-02-14,SE,diesel_s10,58.4650,17
2018-02-14,SE,etanol,29.9460,9
2018-02-14,SE,gasolina,69.7130,17
2018-02-14,SP,diesel_s10,426.3340,125
2018-02-14,SP,etanol,520.7770,179
2018-02-14,SP,gasolina,727.7830,180
2018-02-14,TO,diesel_s10,97.9830,28
2018-02-14,TO,etanol,76.9280,21
2018-02-14,TO,gasolina,132.3700,30
2018-02-15,AC,diesel_s10,125.1380,30
2018-02-15,AC,etanol,69.1300,19
2018-02-15,AC,gasolina,160.6180,34
2018-02-15,AL,diesel_s10,37.7230,11
2018-02-15,AL,etanol,74.4220,22
2018-02-15,AL,gasolina,105.1550,24
2018-02-15,AM,diesel_s10,28.3400,7
2018-02-15,AM,etanol,11.7900,3
2018-02-15,AM,gasolina,58.0800,12
2018-02-15,AP,diesel_s10,8.6400,2
2018-02-15,AP,gasolina,20.0490,5
2018-02-15,BA,diesel_s10,176.3690,49
2018-02-15,BA,etanol,205.9400,61
2018-02-15,BA,gasolina,273.6990,63
2018-02-15,CE,diesel_s10,690.9550,194
2018-02-15,CE,etanol,638.6040,186
2018-02-15,CE,gasolina,835.4560,199
2018-02-15,DF,diesel_s10,126.5170,34
2018-02-15,DF,etanol,133.0780,38
2018-02-15,DF,gasolina,200.8130,47
2018-02-15,ES,diesel_s10,234.4450,68
2018-02-15,ES,etanol,191.3380,53
2018-02-15,ES,gasolina,390.9270,96
2018-02-15,GO,diesel_s10,252.4480,70
2018-02-15,GO,etanol,391.5690,128
2018-02-15,GO,gasolina,529.6890,121
2018-02-15,MA,diesel_s10,168.6280,51
2018-02-15,MA,etanol,59.1870,17
2018-02-15,MA,gasolina,227.7930,59
2018-02-15,MG,diesel_s10,531.3940,147
2018-02-15,MG,etanol,691.1560,218
2018-02-15,MG,gasolina,993.5430,220
2018-02-15,MS,diesel_s10,97.9530,25
2018-02-15,MS,etanol,97.2400,28
2018-02-15,MS,gasolina,120.9720,28
2018-02-15,MT,diesel_s10,328.9680,87
2018-02-15,MT,etanol,319.2720,125
2018-02-15,MT,gasolina,528.2320,125
2018-02-15,PA,diesel_s10,280.3610,78
2018-02-15,PA,etanol,142.7400,39
2018-02-15,PA,gasolina,343.9780,80
2018-02-15,PB,diesel_s10,92.4100,27
2018-02-15,PB,etanol,117.7140,39
2018-02-15,PB,gasolina,160.4760,40
2018-02-15,PE,diesel_s10,191.1220,56
2018-02-15,PE,etanol,176.8020,55
2018-02-15,PE,gasolina,271.9260,64
2018-02-15,PI,diesel_s10,186.6160,52
2018-02-15,PI,etanol,119.9160,35
2018-02-15,PI,gasolina,235.1340,56
2018-02-15,PR,diesel_s10,392.9110,120
2018-02-15,PR,etanol,527.4240,171
2018-02-15,PR,gasolina,710.4900,171
2018-02-15,RJ,diesel_s10,652.4840,177
2018-02-15,RJ,etanol,938.0400,257
2018-02-15,RJ,gasolina,1210.7640,261
2018-02-15,RN,diesel_s10,127.1580,35
2018-02-15,RN,etanol,118.0340,36
2018-02-15,RN,gasolina,154.3330,37
2018-02-15,RO,diesel_s10,81.7110,22
2018-02-15,RO,etanol,40.5560,11
2018-02-15,RO,gasolina,111.3890,25
2018-02-15,RS,diesel_s10,246.6370,70
2018-02-15,RS,etanol,168.2590,40
2018-02-15,RS,gasolina,369.9400,82
2018-02-15,SC,diesel_s10,27.0230,8
2018-02-15,SC,etanol,28.5830,8
2018-02-15,SC,gasolina,44.8580,11
2018-02-15,SE,diesel_s10,10.3610,3
2018-02-15,SE,etanol,6.7490,2
2018-02-15,SE,gasolina,12.6110,3
2018-02-15,SP,diesel_s10,2796.1580,816
2018-02-15,SP,etanol,3154.9610,1090
2018-02-15,SP,gasolina,4349.7240,1073
2018-02-15,TO,diesel_s10,19.8590,6
2018-02-15,TO,etanol,21.2800,6
2018-02-15,TO,gasolina,25.9190,6
2018-02-16,AM,diesel_s10,116.5690,33
2018-02-16,AM,etanol,128.1440,38
2018-02-16,AM,gasolina,200.9560,47
2018-02-16,BA,diesel_s10,3.5990,1
2018-02-16,BA,etanol,3.4990,1
2018-02-16,BA,gasolina,13.7970,3
2018-02-16,CE,diesel_s10,26.1700,7
2018-02-16,CE,etanol,30.5780,9
2018-02-16,CE,gasolina,40.4890,9
2018-02-16,MA,diesel_s10,41.0200,12
2018-02-16,MA,etanol,24.4540,7
2018-02-16,MA,gasolina,53.0100,13
2018-02-16,MG,diesel_s10,57.7780,16
2018-02-16,MG,etanol,76.8120,23
2018-02-16,MG,gasolina,105.5770,23
2018-02-16,MS,diesel_s10,129.8230,34
2018-02-16,MS,etanol,139.9140,43
2018-02-16,MS,gasolina,177.0350,43
2018-02-16,MT,diesel_s10,42.3510,11
2018-02-16,MT,etanol,33.2190,12
2018-02-16,MT,gasolina,46.6900,11
2018-02-16,PA,diesel_s10,4.1000,1
2018-02-16,PA,gasolina,14.8900,3
2018-02-16,PB,diesel_s10,17.0080,5
2018-02-16,PB,etanol,18.1200,6
2018-02-16,PB,gasolina,27.5500,7
2018-02-16,PR,diesel_s10,130.4270,39
2018-02-16,PR,etanol,158.0170,51
2018-02-16,PR,gasolina,207.9860,49
2018-02-16,RJ,diesel_s10,121.3740,32
2018-02-16,RJ,etanol,145.9700,38
2018-02-16,RJ,gasolina,200.3620,42
2018-02-16,RO,diesel_s10,14.7800,4
2018-02-16,RO,etanol,3.7700,1
2018-02-16,RO,gasolina,18.2200,4
2018-02-16,RS,diesel_s10,3.1900,1
2018-02-16,RS,etanol,4.0280,1
2018-02-16,RS,gasolina,8.6280,2
2018-02-16,SP,diesel_s10,60.9030,18
2018-02-16,SP,etanol,97.6060,34
2018-02-16,SP,gasolina,135.1660,34
2018-02-19,AL,diesel_s10,97.8030,28
2018-02-19,AL,etanol,91.6000,27
2018-02-19,AL,gasolina,122.8690,29
2018-02-19,BA,diesel_s10,310.0970,90
2018-02-19,BA,etanol,365.8830,112
2018-02-19,BA,gasolina,475.3680,113
2018-02-19,CE,diesel_s10,148.2690,42
2018-02-19,CE,etanol,147.8550,43
2018-02-19,CE,gasolina,181.8170,44
2018-02-19,MA,diesel_s10,41.4450,12
2018-02-19,MA,etanol,21.7190,6
2018-02-19,MA,gasolina,48.6620,12
2018-02-19,MG,diesel_s10,322.5860,90
2018-02-19,MG,etanol,402.3790,124
2018-02-19,MG,gasolina,547.3510,122
2018-02-19,MS,diesel_s10,22.6180,6
2018-02-19,MS,etanol,20.8570,6
2018-02-19,MS,gasolina,25.6870,6
2018-02-19,MT,diesel_s10,61.1270,16
2018-02-19,MT,etanol,50.5910,18
2018-02-19,MT,gasolina,82.0920,19
2018-02-19,PA,diesel_s10,4.2800,1
2018-02-19,PA,gasolina,5.0400,1
2018-02-19,PB,diesel_s10,34.2580,10
2018-02-19,PB,etanol,34.7220,11
2018-02-19,PB,gasolina,44.0970,11
2018-02-19,PE,diesel_s10,93.9780,28
2018-02-19,PE,etanol,72.2420,22
2018-02-19,PE,gasolina,126.0530,30
2018-02-19,PI,diesel_s10,85.9470,24
2018-02-19,PI,etanol,71.1800,21
2018-02-19,PI,gasolina,101.9860,25
2018-02-19,PR,diesel_s10,283.4060,85
2018-02-19,PR,etanol,331.8230,106
2018-02-19,PR,gasolina,452.5330,107
2018-02-19,RJ,diesel_s10,144.7260,40
2018-02-19,RJ,etanol,200.2330,54
2018-02-19,RJ,gasolina,263.5420,56
2018-02-19,RR,diesel_s10,17.7500,5
2018-02-19,RR,etanol,3.6000,1
2018-02-19,RR,gasolina,20.3900,5
2018-02-19,RS,diesel_s10,594.3940,175
2018-02-19,RS,etanol,453.6360,113
2018-02-19,RS,gasolina,963.8000,222
2018-02-19,SC,diesel_s10,532.5190,159
2018-02-19,SC,etanol,418.2640,119
2018-02-19,SC,gasolina,771.9190,195
2018-02-19,SP,diesel_s10,838.6500,247
2018-02-19,SP,etanol,959.7550,329
2018-02-19,SP,gasolina,1306.6310,324
2018-02-20,AL,diesel_s10,17.5350,5
2018-02-20,AL,etanol,17.1190,5
2018-02-20,AL,gasolina,20.9570,5
2018-02-20,AM,diesel_s10,15.6800,4
2018-02-20,AM,gasolina,61.4400,13
2018-02-20,AP,diesel_s10,52.9800,12
2018-02-20,AP,gasolina,71.2700,18
2018-02-20,BA,diesel_s10,159.6270,45
2018-02-20,BA,etanol,165.9500,49
2018-02-20,BA,gasolina,227.5700,53
2018-02-20,CE,diesel_s10,102.4800,29
2018-02-20,CE,etanol,95.4840,28
2018-02-20,CE,gasolina,122.8590,30
2018-02-20,ES,diesel_s10,57.1200,16
2018-02-20,ES,etanol,25.8300,7
2018-02-20,ES,gasolina,83.9900,20
2018-02-20,GO,diesel_s10,62.5990,17
2018-02-20,GO,etanol,108.0020,34
2018-02-20,GO,gasolina,147.4210,33
2018-02-20,MA,diesel_s10,58.4380,17
2018-02-20,MA,etanol,32.2550,9
2018-02-20,MA,gasolina,79.7090,20
2018-02-20,MG,diesel_s10,554.1990,154
2018-02-20,MG,etanol,638.0720,197
2018-02-20,MG,gasolina,895.8920,198
2018-02-20,MS,diesel_s10,43.0730,11
2018-02-20,MS,etanol,39.0490,11
2018-02-20,MS,gasolina,47.2420,11
2018-02-20,MT,diesel_s10,3.6990,1
2018-02-20,MT,etanol,2.4790,1
2018-02-20,MT,gasolina,4.1790,1
2018-02-20,PA,diesel_s10,90.1770,24
2018-02-20,PA,etanol,26.8890,7
2018-02-20,PA,gasolina,113.4160,25
2018-02-20,PB,diesel_s10,6.9890,2
2018-02-20,PB,etanol,6.0790,2
2018-02-20,PB,gasolina,11.9890,3
2018-02-20,PE,diesel_s10,185.1740,55
2018-02-20,PE,etanol,157.5820,51
2018-02-20,PE,gasolina,232.1870,57
2018-02-20,PI,diesel_s10,43.0590,12
2018-02-20,PI,etanol,34.0900,10
2018-02-20,PI,gasolina,49.1180,12
2018-02-20,PR,diesel_s10,222.2040,68
2018-02-20,PR,etanol,256.2400,83
2018-02-20,PR,gasolina,344.3710,83
2018-02-20,RJ,diesel_s10,166.6910,45
2018-02-20,RJ,etanol,195.5950,53
2018-02-20,RJ,gasolina,264.7200,56
2018-02-20,RN,diesel_s10,72.7430,20
2018-02-20,RN,etanol,71.7720,22
2018-02-20,RN,gasolina,100.0770,24
2018-02-20,RO,diesel_s10,143.8070,39
2018-02-20,RO,etanol,85.2610,24
2018-02-20,RO,gasolina,194.5810,45
2018-02-20,RR,diesel_s10,17.6600,5
2018-02-20,RR,etanol,3.4900,1
2018-02-20,RR,gasolina,24.4200,6
2018-02-20,RS,diesel_s10,155.9630,45
2018-02-20,RS,etanol,125.6540,31
2018-02-20,RS,gasolina,253.1990,57
2018-02-20,SC,diesel_s10,114.4630,33
2018-02-20,SC,etanol,97.5890,27
2018-02-20,SC,gasolina,154.9610,38
2018-02-20,SE,diesel_s10,58.4650,17
2018-02-20,SE,etanol,29.9460,9
2018-02-20,SE,gasolina,69.8250,17
2018-02-20,SP,diesel_s10,227.3650,66
2018-02-20,SP,etanol,284.3180,96
2018-02-20,SP,gasolina,393.7330,97
2018-02-20,TO,diesel_s10,134.8700,39
2018-02-20,TO,etanol,105.4860,29
2018-02-20,TO,gasolina,176.9450,40
2018-02-21,AC,diesel_s10,22.1080,5
2018-02-21,AC,gasolina,35.0080,7
2018-02-21,AL,diesel_s10,41.6270,12
2018-02-21,AL,etanol,71.5960,21
2018-02-21,AL,gasolina,100.3790,23
2018-02-21,AM,diesel_s10,158.4280,44
2018-02-21,AM,etanol,130.9380,38
2018-02-21,AM,gasolina,237.7600,54
2018-02-21,AP,diesel_s10,13.2400,3
2018-02-21,AP,gasolina,24.0390,6
2018-02-21,BA,diesel_s10,384.8200,111
2018-02-21,BA,etanol,547.5570,163
2018-02-21,BA,gasolina,720.2070,166
2018-02-21,CE,diesel_s10,327.5070,91
2018-02-21,CE,etanol,289.3340,84
2018-02-21,CE,gasolina,405.4800,94
2018-02-21,DF,diesel_s10,137.6930,37
2018-02-21,DF,etanol,130.2690,37
2018-02-21,DF,gasolina,200.0950,47
2018-02-21,ES,diesel_s10,140.6710,41
2018-02-21,ES,etanol,97.9840,27
2018-02-21,ES,gasolina,223.2550,53
2018-02-21,GO,diesel_s10,412.8390,116
2018-02-21,GO,etanol,596.2910,199
2018-02-21,GO,gasolina,849.9510,194
2018-02-21,MA,diesel_s10,214.7040,65
2018-02-21,MA,etanol,69.3160,20
2018-02-21,MA,gasolina,290.5170,76
2018-02-21,MG,diesel_s10,561.7540,156
2018-02-21,MG,etanol,734.2060,232
2018-02-21,MG,gasolina,1049.8910,235
2018-02-21,MS,diesel_s10,204.4470,53
2018-02-21,MS,etanol,235.8720,70
2018-02-21,MS,gasolina,293.4620,70
2018-02-21,MT,diesel_s10,146.1160,38
2018-02-21,MT,etanol,140.3080,52
2018-02-21,MT,gasolina,224.8810,52
2018-02-21,PA,diesel_s10,270.2580,75
2018-02-21,PA,etanol,143.4700,39
2018-02-21,PA,gasolina,330.8780,77
2018-02-21,PB,diesel_s10,42.2760,12
2018-02-21,PB,etanol,49.9560,16
2018-02-21,PB,gasolina,65.5460,16
2018-02-21,PE,diesel_s10,291.9530,86
2018-02-21,PE,etanol,278.7790,88
2018-02-21,PE,gasolina,413.4700,99
2018-02-21,PI,diesel_s10,100.5900,28
2018-02-21,PI,etanol,62.2330,18
2018-02-21,PI,gasolina,132.5190,31
2018-02-21,PR,diesel_s10,338.4490,104
2018-02-21,PR,etanol,472.1590,153
2018-02-21,PR,gasolina,628.0230,152
2018-02-21,RJ,diesel_s10,674.8420,182
2018-02-21,RJ,etanol,903.3760,244
2018-02-21,RJ,gasolina,1161.1960,248
2018-02-21,RN,diesel_s10,118.8910,33
2018-02-21,RN,etanol,118.4820,36
2018-02-21,RN,gasolina,154.0220,37
2018-02-21,RO,diesel_s10,78.0120,21
2018-02-21,RO,etanol,40.5560,11
2018-02-21,RO,gasolina,106.9900,24
2018-02-21,RR,diesel_s10,7.1000,2
2018-02-21,RR,gasolina,8.1500,2
2018-02-21,RS,diesel_s10,214.0900,61
2018-02-21,RS,etanol,142.6150,34
2018-02-21,RS,gasolina,314.2830,70
2018-02-21,SC,diesel_s10,56.9940,17
2018-02-21,SC,etanol,50.1610,14
2018-02-21,SC,gasolina,76.2920,19
2018-02-21,SE,diesel_s10,82.2750,23
2018-02-21,SE,etanol,78.4920,23
2018-02-21,SE,gasolina,95.6440,23
2018-02-21,SP,diesel_s10,2468.8070,722
2018-02-21,SP,etanol,2862.3740,991
2018-02-21,SP,gasolina,3939.8450,972
2018-02-21,TO,diesel_s10,19.8590,6
2018-02-21,TO,etanol,21.2800,6
2018-02-21,TO,gasolina,25.9190,6
2018-02-22,AC,diesel_s10,115.6000,28
2018-02-22,AC,etanol,80.0300,22
2018-02-22,AC,gasolina,137.9000,29
2018-02-22,AM,diesel_s10,6.9000,2
2018-02-22,AM,etanol,6.5800,2
2018-02-22,AM,gasolina,16.5700,4
2018-02-22,BA,diesel_s10,3.5990,1
2018-02-22,BA,etanol,3.4990,1
2018-02-22,BA,gasolina,13.7970,3
2018-02-22,CE,diesel_s10,160.9060,45
2018-02-22,CE,etanol,155.1160,45
2018-02-22,CE,gasolina,201.9460,48
2018-02-22,ES,diesel_s10,93.6680,27
2018-02-22,ES,etanol,99.0400,28
2018-02-22,ES,gasolina,174.0700,44
2018-02-22,GO,diesel_s10,3.4500,1
2018-02-22,GO,etanol,2.8990,1
2018-02-22,GO,gasolina,4.4990,1
2018-02-22,MA,diesel_s10,44.3190,13
2018-02-22,MA,etanol,24.4540,7
2018-02-22,MA,gasolina,56.7090,14
2018-02-22,MG,diesel_s10,65.6470,18
2018-02-22,MG,etanol,86.0600,26
2018-02-22,MG,gasolina,118.7640,26
2018-02-22,MT,diesel_s10,235.7620,63
2018-02-22,MT,etanol,211.2100,84
2018-02-22,MT,gasolina,345.2390,83
2018-02-22,PA,diesel_s10,4.1000,1
2018-02-22,PA,gasolina,14.9500,3
2018-02-22,PB,diesel_s10,70.8240,21
2018-02-22,PB,etanol,82.9000,28
2018-02-22,PB,gasolina,118.2600,30
2018-02-22,PR,diesel_s10,76.8480,23
2018-02-22,PR,etanol,97.5290,31
2018-02-22,PR,gasolina,123.9990,29
2018-02-22,RJ,diesel_s10,148.9960,40
2018-02-22,RJ,etanol,172.5970,46
2018-02-22,RJ,gasolina,241.7640,51
2018-02-22,RN,etanol,3.2500,1
2018-02-22,RN,gasolina,4.2200,1
2018-02-22,RO,diesel_s10,7.4800,2
2018-02-22,RO,gasolina,9.1400,2
2018-02-22,RS,diesel_s10,51.8360,15
2018-02-22,RS,etanol,41.4230,10
2018-02-22,RS,gasolina,63.9990,15
2018-02-22,SP,diesel_s10,619.5980,180
2018-02-22,SP,etanol,701.5760,243
2018-02-22,SP,gasolina,977.7900,244
2018-02-26,AC,diesel_s10,26.6070,6
2018-02-26,AC,gasolina,35.0170,7
2018-02-26,AM,diesel_s10,3.8000,1
2018-02-26,AM,gasolina,22.0000,5
2018-02-26,AP,diesel_s10,73.8400,17
2018-02-26,AP,etanol,3.7900,1
2018-02-26,AP,gasolina,95.3090,24
2018-02-26,BA,diesel_s10,60.3660,17
2018-02-26,BA,etanol,53.1960,16
2018-02-26,BA,gasolina,81.1590,19
2018-02-26,CE,diesel_s10,89.9630,25
2018-02-26,CE,etanol,68.5360,20
2018-02-26,CE,gasolina,109.8160,25
2018-02-26,ES,diesel_s10,81.0100,23
2018-02-26,ES,etanol,55.3000,15
2018-02-26,ES,gasolina,121.0790,29
2018-02-26,GO,diesel_s10,3.7400,1
2018-02-26,GO,etanol,3.1900,1
2018-02-26,GO,gasolina,4.5900,1
2018-02-26,MA,diesel_s10,132.6890,39
2018-02-26,MA,etanol,68.8830,19
2018-02-26,MA,gasolina,183.4930,46
2018-02-26,MG,diesel_s10,688.8000,192
2018-02-26,MG,etanol,786.1800,243
2018-02-26,MG,gasolina,1086.6610,242
2018-02-26,MS,diesel_s10,111.6220,29
2018-02-26,MS,etanol,111.5630,32
2018-02-26,MS,gasolina,144.4200,34
2018-02-26,MT,diesel_s10,90.1010,24
2018-02-26,MT,etanol,84.4740,31
2018-02-26,MT,gasolina,130.7980,31
2018-02-26,PA,diesel_s10,126.8790,35
2018-02-26,PA,etanol,44.0530,12
2018-02-26,PA,gasolina,159.5530,37
2018-02-26,PB,diesel_s10,58.9480,17
2018-02-26,PB,etanol,59.4120,19
2018-02-26,PB,gasolina,76.8950,19
2018-02-26,PE,diesel_s10,137.1990,41
2018-02-26,PE,etanol,90.5870,28
2018-02-26,PE,gasolina,181.7800,43
2018-02-26,PI,diesel_s10,82.1220,23
2018-02-26,PI,etanol,64.5630,19
2018-02-26,PI,gasolina,97.8270,24
2018-02-26,PR,diesel_s10,479.1220,146
2018-02-26,PR,etanol,605.8700,195
2018-02-26,PR,gasolina,812.1580,194
2018-02-26,RJ,diesel_s10,186.8530,51
2018-02-26,RJ,etanol,216.7540,59
2018-02-26,RJ,gasolina,286.8820,61
2018-02-26,RO,diesel_s10,106.6350,29
2018-02-26,RO,etanol,67.1140,19
2018-02-26,RO,gasolina,146.0010,34
2018-02-26,RS,diesel_s10,840.6130,246
2018-02-26,RS,etanol,637.8500,158
2018-02-26,RS,gasolina,1348.4810,309
2018-02-26,SC,diesel_s10,610.6120,181
2018-02-26,SC,etanol,505.4320,143
2018-02-26,SC,gasolina,877.4500,222
2018-02-26,SP,diesel_s10,385.5610,113
2018-02-26,SP,etanol,439.6330,151
2018-02-26,SP,gasolina,604.2580,150
2018-02-26,TO,diesel_s10,134.3950,39
2018-02-26,TO,etanol,105.7140,29
2018-02-26,TO,gasolina,176.6760,40
2018-02-27,AC,diesel_s10,120.0440,29
2018-02-27,AC,etanol,77.0160,21
2018-02-27,AC,gasolina,138.3940,29
2018-02-27,AL,diesel_s10,84.3660,24
2018-02-27,AL,etanol,89.1640,26
2018-02-27,AL,gasolina,113.1900,27
2018-02-27,AM,diesel_s10,32.0500,8
2018-02-27,AM,etanol,7.9400,2
2018-02-27,AM,gasolina,83.1200,17
2018-02-27,BA,diesel_s10,545.3310,158
2018-02-27,BA,etanol,660.2470,200
2018-02-27,BA,gasolina,871.8020,204
2018-02-27,CE,diesel_s10,478.7020,136
2018-02-27,CE,etanol,460.8670,135
2018-02-27,CE,gasolina,572.9020,141
2018-02-27,ES,diesel_s10,17.1600,5
2018-02-27,ES,etanol,14.9700,4
2018-02-27,ES,gasolina,29.3700,7
2018-02-27,GO,diesel_s10,141.9630,40
2018-02-27,GO,etanol,189.4830,63
2018-02-27,GO,gasolina,265.1090,61
2018-02-27,MA,diesel_s10,13.5270,4
2018-02-27,MA,etanol,7.0680,2
2018-02-27,MA,gasolina,16.0870,4
2018-02-27,MG,diesel_s10,266.7880,74
2018-02-27,MG,etanol,303.2760,92
2018-02-27,MG,gasolina,425.7580,93
2018-02-27,MS,diesel_s10,43.8790,11
2018-02-27,MS,etanol,39.1310,11
2018-02-27,MS,gasolina,48.4610,11
2018-02-27,MT,diesel_s10,126.4510,32
2018-02-27,MT,etanol,103.8500,36
2018-02-27,MT,gasolina,156.2790,35
2018-02-27,PA,diesel_s10,66.5300,18
2018-02-27,PA,etanol,38.0870,10
2018-02-27,PA,gasolina,94.8520,21
2018-02-27,PB,diesel_s10,10.4970,3
2018-02-27,PB,etanol,13.6070,4
2018-02-27,PB,gasolina,16.8370,4
2018-02-27,PE,diesel_s10,45.9540,14
2018-02-27,PE,etanol,31.6080,10
2018-02-27,PE,gasolina,57.7140,14
2018-02-27,PI,diesel_s10,86.4060,24
2018-02-27,PI,etanol,55.2380,16
2018-02-27,PI,gasolina,110.1460,26
2018-02-27,PR,diesel_s10,104.6060,32
2018-02-27,PR,etanol,136.5630,44
2018-02-27,PR,gasolina,177.8130,43
2018-02-27,RJ,diesel_s10,249.4470,68
2018-02-27,RJ,etanol,342.7010,93
2018-02-27,RJ,gasolina,449.2200,96
2018-02-27,RN,diesel_s10,44.1430,12
2018-02-27,RN,etanol,40.0420,12
2018-02-27,RN,gasolina,50.2590,12
2018-02-27,RO,diesel_s10,96.5620,26
2018-02-27,RO,etanol,51.5050,14
2018-02-27,RO,gasolina,127.8090,29
2018-02-27,RR,diesel_s10,42.7800,12
2018-02-27,RR,etanol,10.7900,3
2018-02-27,RR,gasolina,49.0090,12
2018-02-27,RS,diesel_s10,109.1250,31
2018-02-27,RS,etanol,101.7260,25
2018-02-27,RS,gasolina,167.8490,38
2018-02-27,SC,diesel_s10,33.2420,10
2018-02-27,SC,etanol,36.1710,10
2018-02-27,SC,gasolina,48.0030,12
2018-02-27,SE,diesel_s10,40.7840,12
2018-02-27,SE,etanol,19.6590,6
2018-02-27,SE,gasolina,48.6840,12
2018-02-27,SP,diesel_s10,352.4430,103
2018-02-27,SP,etanol,392.8030,135
2018-02-27,SP,gasolina,540.1760,135
2018-02-28,AL,diesel_s10,63.0670,18
2018-02-28,AL,etanol,96.1220,28
2018-02-28,AL,gasolina,133.6340,31
2018-02-28,AM,diesel_s10,10.9500,3
2018-02-28,AM,etanol,10.4700,3
2018-02-28,AM,gasolina,26.2500,6
2018-02-28,BA,diesel_s10,245.3560,70
2018-02-28,BA,etanol,330.7740,97
2018-02-28,BA,gasolina,437.2610,101
2018-02-28,CE,diesel_s10,91.0050,25
2018-02-28,CE,etanol,96.0110,27
2018-02-28,CE,gasolina,129.1540,30
2018-02-28,ES,diesel_s10,187.7580,55
2018-02-28,ES,etanol,163.4670,46
2018-02-28,ES,gasolina,328.1810,81
2018-02-28,GO,diesel_s10,363.3080,101
2018-02-28,GO,etanol,515.4780,170
2018-02-28,GO,gasolina,724.9180,164
2018-02-28,MA,diesel_s10,88.2900,26
2018-02-28,MA,etanol,35.0250,10
2018-02-28,MA,gasolina,110.7710,28
2018-02-28,MG,diesel_s10,269.0120,75
2018-02-28,MG,etanol,361.0920,113
2018-02-28,MG,gasolina,500.8330,111
2018-02-28,MS,diesel_s10,138.0550,36
2018-02-28,MS,etanol,142.4070,43
2018-02-28,MS,gasolina,176.1060,43
2018-02-28,MT,diesel_s10,241.7170,65
2018-02-28,MT,etanol,218.9650,89
2018-02-28,MT,gasolina,368.2630,89
2018-02-28,PA,diesel_s10,177.1760,49
2018-02-28,PA,etanol,62.2710,17
2018-02-28,PA,gasolina,211.4860,49
2018-02-28,PB,diesel_s10,94.7360,28
2018-02-28,PB,etanol,108.0120,36
2018-02-28,PB,gasolina,145.7850,37
2018-02-28,PE,diesel_s10,246.1610,74
2018-02-28,PE,etanol,232.1570,75
2018-02-28,PE,gasolina,310.7160,78
2018-02-28,PI,diesel_s10,32.3910,9
2018-02-28,PI,etanol,27.0920,8
2018-02-28,PI,gasolina,36.7910,9
2018-02-28,PR,diesel_s10,147.8150,45
2018-02-28,PR,etanol,162.6330,53
2018-02-28,PR,gasolina,226.3750,54
2018-02-28,RJ,diesel_s10,430.8270,116
2018-02-28,RJ,etanol,583.3280,157
2018-02-28,RJ,gasolina,772.3970,165
2018-02-28,RN,diesel_s10,21.7200,6
2018-02-28,RN,etanol,19.9800,6
2018-02-28,RN,gasolina,20.4100,5
2018-02-28,RR,diesel_s10,3.6000,1
2018-02-28,RR,etanol,3.5900,1
2018-02-28,RR,gasolina,3.9900,1
2018-02-28,RS,diesel_s10,49.7300,14
2018-02-28,RS,etanol,28.7700,7
2018-02-28,RS,gasolina,71.1310,16
2018-02-28,SC,diesel_s10,33.5080,10
2018-02-28,SC,etanol,17.6950,5
2018-02-28,SC,gasolina,48.5330,12
2018-02-28,SE,diesel_s10,95.6760,27
2018-02-28,SE,etanol,75.8920,22
2018-02-28,SE,gasolina,120.2030,29
2018-02-28,SP,diesel_s10,2587.2050,758
2018-02-28,SP,etanol,2899.5510,1003
2018-02-28,SP,gasolina,3972.6530,982
2018-02-28,TO,diesel_s10,19.8590,6
2018-02-28,TO,etanol,21.6800,6
2018-02-28,TO,gasolina,25.9190,6
2018-03-01,AM,diesel_s10,103.6590,29
2018-03-01,AM,etanol,112.4380,33
2018-03-01,AM,gasolina,184.3970,43
2018-03-01,BA,diesel_s10,28.9030,8
2018-03-01,BA,etanol,28.5520,8
2018-03-01,BA,gasolina,45.9300,10
2018-03-01,CE,diesel_s10,65.2950,18
2018-03-01,CE,etanol,72.9220,21
2018-03-01,CE,gasolina,94.1950,22
2018-03-01,DF,diesel_s10,125.9420,34
2018-03-01,DF,etanol,138.0070,39
2018-03-01,DF,gasolina,199.6990,47
2018-03-01,MA,diesel_s10,119.1440,36
2018-03-01,MA,etanol,26.7740,8
2018-03-01,MA,gasolina,164.0990,44
2018-03-01,MG,diesel_s10,240.3130,67
2018-03-01,MG,etanol,403.8640,130
2018-03-01,MG,gasolina,571.4100,130
2018-03-01,PE,diesel_s10,141.2210,41
2018-03-01,PE,etanol,154.7360,48
2018-03-01,PE,gasolina,213.3340,51
2018-03-01,PI,diesel_s10,27.9400,8
2018-03-01,PI,etanol,21.0200,6
2018-03-01,PI,gasolina,38.5500,9
2018-03-01,PR,diesel_s10,193.4900,59
2018-03-01,PR,etanol,246.5010,80
2018-03-01,PR,gasolina,322.9180,79
2018-03-01,RJ,diesel_s10,238.8850,65
2018-03-01,RJ,etanol,331.0240,90
2018-03-01,RJ,gasolina,424.0890,91
2018-03-01,RN,diesel_s10,125.4380,35
2018-03-01,RN,etanol,133.9610,41
2018-03-01,RN,gasolina,186.1050,44
2018-03-01,RO,diesel_s10,29.5400,8
2018-03-01,RO,etanol,7.4700,2
2018-03-01,RO,gasolina,36.4800,8
2018-03-01,RS,diesel_s10,3.5490,1
2018-03-01,RS,gasolina,4.2690,1
2018-03-01,SC,diesel_s10,20.2070,6
2018-03-01,SC,etanol,10.6790,3
2018-03-01,SC,gasolina,23.5440,6
2018-03-01,SP,diesel_s10,885.0390,259
2018-03-01,SP,etanol,1068.6300,373
2018-03-01,SP,gasolina,1484.4450,371
2018-03-05,AC,diesel_s10,26.5980,6
2018-03-05,AC,gasolina,35.0080,7
2018-03-05,AM,diesel_s10,11.9700,3
2018-03-05,AM,gasolina,51.0600,11
2018-03-05,AP,diesel_s10,8.6400,2
2018-03-05,AP,gasolina,16.0990,4
2018-03-05,BA,diesel_s10,64.4840,18
2018-03-05,BA,etanol,63.9820,19
2018-03-05,BA,gasolina,94.6570,22
2018-03-05,CE,diesel_s10,202.8490,57
2018-03-05,CE,etanol,178.5540,52
2018-03-05,CE,gasolina,246.1450,59
2018-03-05,ES,diesel_s10,84.6000,24
2018-03-05,ES,etanol,52.0100,14
2018-03-05,ES,gasolina,125.7100,30
2018-03-05,GO,diesel_s10,3.7400,1
2018-03-05,GO,etanol,6.3600,2
2018-03-05,GO,gasolina,8.9600,2
2018-03-05,MA,diesel_s10,119.7740,35
2018-03-05,MA,etanol,65.8840,18
2018-03-05,MA,gasolina,161.1010,40
2018-03-05,MG,diesel_s10,762.1930,212
2018-03-05,MG,etanol,884.6080,273
2018-03-05,MG,gasolina,1227.2680,273
2018-03-05,MS,diesel_s10,111.9510,29
2018-03-05,MS,etanol,108.9830,31
2018-03-05,MS,gasolina,136.8810,32
2018-03-05,MT,diesel_s10,90.0910,24
2018-03-05,MT,etanol,81.9060,30
2018-03-05,MT,gasolina,126.5200,30
2018-03-05,PA,diesel_s10,207.7150,58
2018-03-05,PA,etanol,94.0130,26
2018-03-05,PA,gasolina,257.2300,61
2018-03-05,PB,diesel_s10,58.8790,17
2018-03-05,PB,etanol,59.6620,19
2018-03-05,PB,gasolina,76.7080,19
2018-03-05,PE,diesel_s10,133.2820,40
2018-03-05,PE,etanol,89.6920,28
2018-03-05,PE,gasolina,181.6210,43
2018-03-05,PI,diesel_s10,42.0520,12
2018-03-05,PI,etanol,34.0420,10
2018-03-05,PI,gasolina,53.5980,13
2018-03-05,PR,diesel_s10,439.3930,134
2018-03-05,PR,etanol,563.4090,181
2018-03-05,PR,gasolina,755.6490,180
2018-03-05,RJ,diesel_s10,250.9710,68
2018-03-05,RJ,etanol,287.9470,78
2018-03-05,RJ,gasolina,377.6250,80
2018-03-05,RO,diesel_s10,37.2190,10
2018-03-05,RO,etanol,15.2900,4
2018-03-05,RO,gasolina,44.9190,10
2018-03-05,RS,diesel_s10,741.9160,217
2018-03-05,RS,etanol,550.2260,136
2018-03-05,RS,gasolina,1129.8420,259
2018-03-05,SC,diesel_s10,504.9620,151
2018-03-05,SC,etanol,410.6390,116
2018-03-05,SC,gasolina,733.6960,187
2018-03-05,SP,diesel_s10,430.5820,126
2018-03-05,SP,etanol,504.0740,173
2018-03-05,SP,gasolina,692.7200,172
2018-03-05,TO,diesel_s10,101.1180,29
2018-03-05,TO,etanol,80.2970,22
2018-03-05,TO,gasolina,132.2310,30
2018-03-06,AL,diesel_s10,84.2140,24
2018-03-06,AL,etanol,85.9490,25
2018-03-06,AL,gasolina,113.5610,27
2018-03-06,AM,diesel_s10,23.8800,6
2018-03-06,AM,etanol,7.9400,2
2018-03-06,AM,gasolina,59.1000,12
2018-03-06,AP,diesel_s10,39.8300,9
2018-03-06,AP,gasolina,82.6590,21
2018-03-06,BA,diesel_s10,573.1870,166
2018-03-06,BA,etanol,731.8700,221
2018-03-06,BA,gasolina,972.4530,227
2018-03-06,CE,diesel_s10,389.6300,110
2018-03-06,CE,etanol,382.4330,111
2018-03-06,CE,gasolina,468.2670,114
2018-03-06,DF,diesel_s10,137.5420,37
2018-03-06,DF,etanol,131.9900,37
2018-03-06,DF,gasolina,199.4760,47
2018-03-06,ES,diesel_s10,17.1600,5
2018-03-06,ES,etanol,14.9790,4
2018-03-06,ES,gasolina,29.3700,7
2018-03-06,GO,diesel_s10,117.5400,33
2018-03-06,GO,etanol,142.4900,47
2018-03-06,GO,gasolina,202.1370,46
2018-03-06,MA,diesel_s10,108.7990,33
2018-03-06,MA,etanol,26.7950,8
2018-03-06,MA,gasolina,134.5770,36
2018-03-06,MG,diesel_s10,260.8220,73
2018-03-06,MG,etanol,310.1500,95
2018-03-06,MG,gasolina,435.0920,96
2018-03-06,MS,diesel_s10,47.6690,12
2018-03-06,MS,etanol,42.7710,12
2018-03-06,MS,gasolina,52.8500,12
2018-03-06,MT,diesel_s10,111.3850,28
2018-03-06,MT,etanol,91.2770,31
2018-03-06,MT,gasolina,135.5480,30
2018-03-06,PA,diesel_s10,69.9290,19
2018-03-06,PA,etanol,38.0870,10
2018-03-06,PA,gasolina,98.8810,22
2018-03-06,PB,diesel_s10,10.5880,3
2018-03-06,PB,etanol,13.6070,4
2018-03-06,PB,gasolina,16.8370,4
2018-03-06,PE,diesel_s10,73.0680,22
2018-03-06,PE,etanol,56.5670,18
2018-03-06,PE,gasolina,89.4880,22
2018-03-06,PI,diesel_s10,143.5710,40
2018-03-06,PI,etanol,106.5230,31
2018-03-06,PI,gasolina,180.1860,43
2018-03-06,PR,diesel_s10,244.1240,74
2018-03-06,PR,etanol,275.7300,89
2018-03-06,PR,gasolina,371.8000,89
2018-03-06,RJ,diesel_s10,364.9410,98
2018-03-06,RJ,etanol,488.8720,131
2018-03-06,RJ,gasolina,625.4700,133
2018-03-06,RN,diesel_s10,128.9800,35
2018-03-06,RN,etanol,129.2620,39
2018-03-06,RN,gasolina,163.9910,39
2018-03-06,RO,diesel_s10,89.0740,24
2018-03-06,RO,etanol,51.5140,14
2018-03-06,RO,gasolina,119.0000,27
2018-03-06,RR,diesel_s10,17.6100,5
2018-03-06,RR,etanol,7.3300,2
2018-03-06,RR,gasolina,20.1400,5
2018-03-06,RS,diesel_s10,97.5500,28
2018-03-06,RS,etanol,107.2670,26
2018-03-06,RS,gasolina,180.2540,41
2018-03-06,SC,diesel_s10,42.8590,13
2018-03-06,SC,etanol,42.8820,12
2018-03-06,SC,gasolina,55.4680,14
2018-03-06,SE,diesel_s10,40.7340,12
2018-03-06,SE,etanol,19.7590,6
2018-03-06,SE,gasolina,48.6140,12
2018-03-06,SP,diesel_s10,668.6840,196
2018-03-06,SP,etanol,737.1590,256
2018-03-06,SP,gasolina,1015.6640,256
2018-03-06,TO,diesel_s10,30.1980,9
2018-03-06,TO,etanol,29.0500,8
2018-03-06,TO,gasolina,40.1650,9
2018-03-07,AC,diesel_s10,115.8100,28
2018-03-07,AC,etanol,73.1400,20
2018-03-07,AC,gasolina,138.0700,29
2018-03-07,AL,diesel_s10,87.8990,25
2018-03-07,AL,etanol,110.5120,32
2018-03-07,AL,gasolina,137.4460,32
2018-03-07,AM,diesel_s10,98.6990,28
2018-03-07,AM,etanol,118.2130,35
2018-03-07,AM,gasolina,205.6040,48
2018-03-07,AP,diesel_s10,4.5900,1
2018-03-07,AP,etanol,6.8870,2
2018-03-07,AP,gasolina,8.5080,2
2018-03-07,BA,diesel_s10,144.7110,40
2018-03-07,BA,etanol,182.7080,53
2018-03-07,BA,gasolina,238.0770,55
2018-03-07,CE,diesel_s10,84.1770,23
2018-03-07,CE,etanol,85.8340,24
2018-03-07,CE,gasolina,116.8060,27
2018-03-07,ES,diesel_s10,98.9100,29
2018-03-07,ES,etanol,72.2530,20
2018-03-07,ES,gasolina,149.9300,36
2018-03-07,GO,diesel_s10,374.6790,105
2018-03-07,GO,etanol,560.3210,185
2018-03-07,GO,gasolina,797.2160,181
2018-03-07,MA,diesel_s10,98.3060,29
2018-03-07,MA,etanol,38.4630,11
2018-03-07,MA,gasolina,125.8770,32
2018-03-07,MG,diesel_s10,404.4470,113
2018-03-07,MG,etanol,516.8070,162
2018-03-07,MG,gasolina,730.3330,162
2018-03-07,MS,diesel_s10,140.9850,37
2018-03-07,MS,etanol,144.5370,43
2018-03-07,MS,gasolina,175.2570,43
2018-03-07,MT,diesel_s10,205.8780,55
2018-03-07,MT,etanol,200.7340,82
2018-03-07,MT,gasolina,339.2010,82
2018-03-07,PA,diesel_s10,89.4750,24
2018-03-07,PA,etanol,23.2300,6
2018-03-07,PA,gasolina,114.1650,25
2018-03-07,PB,diesel_s10,94.7860,28
2018-03-07,PB,etanol,105.1230,35
2018-03-07,PB,gasolina,141.9860,36
2018-03-07,PE,diesel_s10,283.4330,85
2018-03-07,PE,etanol,281.6820,91
2018-03-07,PE,gasolina,378.7870,95
2018-03-07,PI,diesel_s10,14.3460,4
2018-03-07,PI,etanol,13.5860,4
2018-03-07,PI,gasolina,16.3860,4
2018-03-07,PR,diesel_s10,184.9720,57
2018-03-07,PR,etanol,238.2560,78
2018-03-07,PR,gasolina,315.6150,78
2018-03-07,RJ,diesel_s10,448.0560,122
2018-03-07,RJ,etanol,559.1680,151
2018-03-07,RJ,gasolina,757.6890,162
2018-03-07,RN,diesel_s10,21.6700,6
2018-03-07,RN,etanol,19.7900,6
2018-03-07,RN,gasolina,24.6300,6
2018-03-07,RO,diesel_s10,7.4890,2
2018-03-07,RO,gasolina,8.5690,2
2018-03-07,RR,diesel_s10,24.9300,7
2018-03-07,RR,etanol,3.5900,1
2018-03-07,RR,gasolina,32.4080,8
2018-03-07,RS,diesel_s10,155.0050,45
2018-03-07,RS,etanol,127.2230,31
2018-03-07,RS,gasolina,256.9420,59
2018-03-07,SC,diesel_s10,78.3990,23
2018-03-07,SC,etanol,60.2970,17
2018-03-07,SC,gasolina,116.5840,29
2018-03-07,SE,diesel_s10,96.5190,27
2018-03-07,SE,etanol,79.9930,23
2018-03-07,SE,gasolina,119.4560,29
2018-03-07,SP,diesel_s10,2669.4410,784
2018-03-07,SP,etanol,3076.6390,1068
2018-03-07,SP,gasolina,4225.5870,1049
2018-03-07,TO,diesel_s10,23.1980,7
2018-03-07,TO,etanol,25.1290,7
2018-03-07,TO,gasolina,30.3080,7
2018-03-08,BA,diesel_s10,91.5960,27
2018-03-08,BA,etanol,97.8510,29
2018-03-08,BA,gasolina,131.6490,30
2018-03-08,CE,diesel_s10,54.4850,15
2018-03-08,CE,etanol,59.3430,17
2018-03-08,CE,gasolina,78.2830,18
2018-03-08,ES,diesel_s10,76.0120,22
2018-03-08,ES,etanol,111.6720,32
2018-03-08,ES,gasolina,174.3630,44
2018-03-08,MA,diesel_s10,36.3690,11
2018-03-08,MA,etanol,6.9680,2
2018-03-08,MA,gasolina,51.9460,14
2018-03-08,MG,diesel_s10,84.0330,23
2018-03-08,MG,etanol,141.2440,47
2018-03-08,MG,gasolina,207.7220,47
2018-03-08,MT,diesel_s10,36.6900,10
2018-03-08,MT,etanol,31.6790,13
2018-03-08,MT,gasolina,53.2320,13
2018-03-08,PA,diesel_s10,3.5600,1
2018-03-08,PA,gasolina,4.3800,1
2018-03-08,PE,diesel_s10,69.5280,20
2018-03-08,PE,etanol,83.4110,25
2018-03-08,PE,gasolina,111.7500,26
2018-03-08,PI,diesel_s10,24.4400,7
2018-03-08,PI,etanol,17.5200,5
2018-03-08,PI,gasolina,34.2800,8
2018-03-08,PR,diesel_s10,63.7700,19
2018-03-08,PR,etanol,80.0200,25
2018-03-08,PR,gasolina,107.6200,25
2018-03-08,RJ,diesel_s10,114.2790,31
2018-03-08,RJ,etanol,162.4990,44
2018-03-08,RJ,gasolina,210.3950,45
2018-03-08,RN,diesel_s10,43.6090,12
2018-03-08,RN,etanol,55.9490,17
2018-03-08,RN,gasolina,72.8370,17
2018-03-08,RO,diesel_s10,94.7240,26
2018-03-08,RO,etanol,62.7230,18
2018-03-08,RO,gasolina,137.1500,32
2018-03-08,RS,diesel_s10,10.0130,3
2018-03-08,RS,etanol,12.1390,3
2018-03-08,RS,gasolina,21.6520,5
2018-03-08,SC,diesel_s10,69.9690,20
2018-03-08,SC,etanol,58.1100,16
2018-03-08,SC,gasolina,88.8760,22
2018-03-08,SP,diesel_s10,386.8030,114
2018-03-08,SP,etanol,470.4580,164
2018-03-08,SP,gasolina,646.6830,160
2018-03-12,AC,diesel_s10,30.6980,7
2018-03-12,AC,gasolina,39.8780,8
2018-03-12,AM,diesel_s10,15.5900,4
2018-03-12,AM,gasolina,56.6500,12
2018-03-12,AP,diesel_s10,48.5700,11
2018-03-12,AP,etanol,3.7900,1
2018-03-12,AP,gasolina,82.8390,21
2018-03-12,BA,diesel_s10,165.1210,46
2018-03-12,BA,etanol,166.1160,49
2018-03-12,BA,gasolina,232.0340,54
2018-03-12,CE,diesel_s10,74.7920,21
2018-03-12,CE,etanol,70.1930,20
2018-03-12,CE,gasolina,90.7830,21
2018-03-12,ES,diesel_s10,106.9090,31
2018-03-12,ES,etanol,60.1300,16
2018-03-12,ES,gasolina,168.8690,40
2018-03-12,MA,diesel_s10,16.6070,5
2018-03-12,MA,etanol,3.3590,1
2018-03-12,MA,gasolina,27.3560,7
2018-03-12,MG,diesel_s10,270.1440,75
2018-03-12,MG,etanol,322.4600,100
2018-03-12,MG,gasolina,449.0860,99
2018-03-12,MS,diesel_s10,22.7160,6
2018-03-12,MS,etanol,21.3670,6
2018-03-12,MS,gasolina,25.7160,6
2018-03-12,PA,diesel_s10,51.2330,14
2018-03-12,PA,etanol,19.8660,5
2018-03-12,PA,gasolina,66.8100,15
2018-03-12,PB,diesel_s10,69.5750,20
2018-03-12,PB,etanol,73.7480,23
2018-03-12,PB,gasolina,93.6340,23
2018-03-12,PE,diesel_s10,69.3960,21
2018-03-12,PE,etanol,37.7610,12
2018-03-12,PE,gasolina,91.3570,22
2018-03-12,PI,diesel_s10,42.7090,12
2018-03-12,PI,etanol,40.7780,12
2018-03-12,PI,gasolina,52.9480,13
2018-03-12,PR,diesel_s10,170.2200,51
2018-03-12,PR,etanol,207.7620,65
2018-03-12,PR,gasolina,277.4590,65
2018-03-12,RJ,diesel_s10,91.0580,25
2018-03-12,RJ,etanol,125.6550,34
2018-03-12,RJ,gasolina,159.6560,34
2018-03-12,RO,diesel_s10,106.0250,29
2018-03-12,RO,etanol,69.7530,20
2018-03-12,RO,gasolina,150.7710,35
2018-03-12,RS,diesel_s10,720.5000,212
2018-03-12,RS,etanol,576.0010,143
2018-03-12,RS,gasolina,1185.0490,274
2018-03-12,SC,diesel_s10,642.9310,191
2018-03-12,SC,etanol,524.3990,148
2018-03-12,SC,gasolina,920.1760,233
2018-03-12,SE,diesel_s10,44.3620,13
2018-03-12,SE,etanol,30.3550,9
2018-03-12,SE,gasolina,52.7820,13
2018-03-12,SP,diesel_s10,619.1440,180
2018-03-12,SP,etanol,704.8260,239
2018-03-12,SP,gasolina,964.7470,238
2018-03-12,TO,diesel_s10,107.4020,31
2018-03-12,TO,etanol,95.2850,26
2018-03-12,TO,gasolina,141.7080,32
2018-03-13,AC,diesel_s10,28.9100,7
2018-03-13,AC,etanol,18.6300,5
2018-03-13,AC,gasolina,33.4800,7
2018-03-13,AL,diesel_s10,116.6180,33
2018-03-13,AL,etanol,139.8170,40
2018-03-13,AL,gasolina,179.2620,42
2018-03-13,AM,diesel_s10,28.1000,7
2018-03-13,AM,etanol,11.7900,3
2018-03-13,AM,gasolina,56.8800,12
2018-03-13,BA,diesel_s10,428.7580,125
2018-03-13,BA,etanol,550.6750,165
2018-03-13,BA,gasolina,735.6680,172
2018-03-13,CE,diesel_s10,237.0200,65
2018-03-13,CE,etanol,236.2140,67
2018-03-13,CE,gasolina,320.7170,73
2018-03-13,GO,diesel_s10,165.8470,46
2018-03-13,GO,etanol,228.1120,74
2018-03-13,GO,gasolina,309.2640,71
2018-03-13,MA,diesel_s10,45.3150,13
2018-03-13,MA,etanol,29.6790,8
2018-03-13,MA,gasolina,65.3110,16
2018-03-13,MG,diesel_s10,347.6180,96
2018-03-13,MG,etanol,436.9920,133
2018-03-13,MG,gasolina,633.7560,139
2018-03-13,MS,diesel_s10,35.2620,9
2018-03-13,MS,etanol,38.8410,11
2018-03-13,MS,gasolina,51.9520,12
2018-03-13,MT,diesel_s10,61.1330,16
2018-03-13,MT,etanol,54.9220,19
2018-03-13,MT,gasolina,82.8520,19
2018-03-13,PA,diesel_s10,104.6020,29
2018-03-13,PA,etanol,45.9190,12
2018-03-13,PA,gasolina,141.8800,32
2018-03-13,PB,diesel_s10,30.3350,9
2018-03-13,PB,etanol,29.8250,10
2018-03-13,PB,gasolina,39.1660,10
2018-03-13,PE,diesel_s10,246.6880,74
2018-03-13,PE,etanol,240.5640,76
2018-03-13,PE,gasolina,326.5610,82
2018-03-13,PI,diesel_s10,120.3600,34
2018-03-13,PI,etanol,92.2600,27
2018-03-13,PI,gasolina,149.9560,36
2018-03-13,PR,diesel_s10,116.3610,36
2018-03-13,PR,etanol,154.3710,50
2018-03-13,PR,gasolina,206.5010,50
2018-03-13,RJ,diesel_s10,336.7010,91
2018-03-13,RJ,etanol,456.7900,122
2018-03-13,RJ,gasolina,592.9460,126
2018-03-13,RN,diesel_s10,25.1690,7
2018-03-13,RN,etanol,20.2800,6
2018-03-13,RN,gasolina,21.3700,5
2018-03-13,RO,diesel_s10,52.2780,14
2018-03-13,RO,etanol,22.2790,6
2018-03-13,RO,gasolina,57.3370,13
2018-03-13,RR,diesel_s10,46.0900,13
2018-03-13,RR,etanol,14.4700,4
2018-03-13,RR,gasolina,52.3600,13
2018-03-13,RS,diesel_s10,107.2490,31
2018-03-13,RS,etanol,70.0730,17
2018-03-13,RS,gasolina,167.7730,38
2018-03-13,SC,diesel_s10,37.5580,11
2018-03-13,SC,etanol,21.5850,6
2018-03-13,SC,gasolina,49.4740,12
2018-03-13,SE,diesel_s10,24.1940,7
2018-03-13,SE,etanol,6.7400,2
2018-03-13,SE,gasolina,28.9370,7
2018-03-13,SP,diesel_s10,326.2900,96
2018-03-13,SP,etanol,406.0260,140
2018-03-13,SP,gasolina,565.8900,140
2018-03-13,TO,diesel_s10,27.0160,8
2018-03-13,TO,etanol,21.7670,6
2018-03-13,TO,gasolina,31.1280,7
2018-03-14,AC,diesel_s10,49.4380,12
2018-03-14,AC,etanol,33.1000,9
2018-03-14,AC,gasolina,61.6540,13
2018-03-14,AL,diesel_s10,19.9760,6
2018-03-14,AL,etanol,30.3730,9
2018-03-14,AL,gasolina,38.4120,9
2018-03-14,AM,diesel_s10,87.2290,25
2018-03-14,AM,etanol,107.6300,32
2018-03-14,AM,gasolina,200.6360,47
2018-03-14,AP,diesel_s10,8.6400,2
2018-03-14,AP,gasolina,20.0490,5
2018-03-14,BA,diesel_s10,94.4520,26
2018-03-14,BA,etanol,121.6930,35
2018-03-14,BA,gasolina,162.7920,37
2018-03-14,CE,diesel_s10,434.8290,121
2018-03-14,CE,etanol,402.4400,115
2018-03-14,CE,gasolina,530.6540,121
2018-03-14,DF,diesel_s10,122.4660,33
2018-03-14,DF,etanol,117.6560,33
2018-03-14,DF,gasolina,182.3620,43
2018-03-14,ES,diesel_s10,17.1600,5
2018-03-14,ES,etanol,14.9790,4
2018-03-14,ES,gasolina,29.3100,7
2018-03-14,GO,diesel_s10,350.7490,98
2018-03-14,GO,etanol,483.2040,159
2018-03-14,GO,gasolina,680.2310,154
2018-03-14,MA,diesel_s10,121.5450,36
2018-03-14,MA,etanol,61.5800,17
2018-03-14,MA,gasolina,165.2930,42
2018-03-14,MG,diesel_s10,717.6720,201
2018-03-14,MG,etanol,882.5900,279
2018-03-14,MG,gasolina,1236.2180,276
2018-03-14,MS,diesel_s10,216.1910,56
2018-03-14,MS,etanol,236.8400,69
2018-03-14,MS,gasolina,288.0740,69
2018-03-14,MT,diesel_s10,381.4980,101
2018-03-14,MT,etanol,354.7180,137
2018-03-14,MT,gasolina,570.7110,136
2018-03-14,PA,diesel_s10,188.5700,53
2018-03-14,PA,etanol,86.7760,24
2018-03-14,PA,gasolina,230.9810,55
2018-03-14,PB,diesel_s10,71.2570,21
2018-03-14,PB,etanol,78.7770,26
2018-03-14,PB,gasolina,106.0900,27
2018-03-14,PE,diesel_s10,146.6850,43
2018-03-14,PE,etanol,144.1190,44
2018-03-14,PE,gasolina,214.5970,51
2018-03-14,PI,diesel_s10,64.9830,18
2018-03-14,PI,etanol,35.2150,10
2018-03-14,PI,gasolina,82.2620,19
2018-03-14,PR,diesel_s10,535.0960,163
2018-03-14,PR,etanol,700.9500,226
2018-03-14,PR,gasolina,934.6910,225
2018-03-14,RJ,diesel_s10,584.6300,157
2018-03-14,RJ,etanol,791.9100,212
2018-03-14,RJ,gasolina,1028.1410,218
2018-03-14,RN,diesel_s10,167.5610,46
2018-03-14,RN,etanol,175.4690,53
2018-03-14,RN,gasolina,240.4400,57
2018-03-14,RO,diesel_s10,69.6120,19
2018-03-14,RO,etanol,33.9350,9
2018-03-14,RO,gasolina,102.1170,23
2018-03-14,RS,diesel_s10,98.6850,28
2018-03-14,RS,etanol,88.7230,21
2018-03-14,RS,gasolina,141.7640,32
2018-03-14,SC,diesel_s10,20.0570,6
2018-03-14,SC,etanol,22.2180,6
2018-03-14,SC,gasolina,28.1870,7
2018-03-14,SP,diesel_s10,2122.3460,624
2018-03-14,SP,etanol,2424.2150,845
2018-03-14,SP,gasolina,3334.8500,832
2018-03-14,TO,diesel_s10,19.8900,6
2018-03-14,TO,etanol,21.4800,6
2018-03-14,TO,gasolina,25.7500,6
2018-03-15,AC,diesel_s10,37.2700,9
2018-03-15,AC,etanol,21.8700,6
2018-03-15,AC,gasolina,42.4600,9
2018-03-15,AL,diesel_s10,24.5030,7
2018-03-15,AL,etanol,24.6050,7
2018-03-15,AL,gasolina,29.9140,7
2018-03-15,BA,diesel_s10,211.7430,62
2018-03-15,BA,etanol,248.8310,74
2018-03-15,BA,gasolina,302.3400,70
2018-03-15,CE,diesel_s10,3.6300,1
2018-03-15,CE,etanol,3.5500,1
2018-03-15,CE,gasolina,4.0990,1
2018-03-15,DF,diesel_s10,14.9770,4
2018-03-15,DF,etanol,14.4460,4
2018-03-15,DF,gasolina,16.7960,4
2018-03-15,ES,diesel_s10,163.9340,48
2018-03-15,ES,etanol,156.7540,44
2018-03-15,ES,gasolina,279.7330,70
2018-03-15,GO,diesel_s10,3.5900,1
2018-03-15,GO,etanol,2.9500,1
2018-03-15,GO,gasolina,4.4900,1
2018-03-15,MA,diesel_s10,162.3120,49
2018-03-15,MA,etanol,41.5020,12
2018-03-15,MA,gasolina,207.2990,55
2018-03-15,MG,diesel_s10,167.9400,47
2018-03-15,MG,etanol,213.9060,66
2018-03-15,MG,gasolina,281.7310,64
2018-03-15,PA,diesel_s10,29.4150,7
2018-03-15,PA,gasolina,48.6360,10
2018-03-15,PE,diesel_s10,96.6100,29
2018-03-15,PE,etanol,91.2160,29
2018-03-15,PE,gasolina,124.4080,31
2018-03-15,PR,diesel_s10,86.5890,27
2018-03-15,PR,etanol,95.0080,31
2018-03-15,PR,gasolina,128.1570,31
2018-03-15,RJ,diesel_s10,129.8490,36
2018-03-15,RJ,etanol,132.5180,36
2018-03-15,RJ,gasolina,190.2970,41
2018-03-15,RS,diesel_s10,63.2570,17
2018-03-15,RS,etanol,62.4740,14
2018-03-15,RS,gasolina,93.8450,20
2018-03-15,SE,diesel_s10,75.2040,21
2018-03-15,SE,etanol,74.9010,21
2018-03-15,SE,gasolina,81.6160,20
2018-03-15,SP,diesel_s10,1052.7780,307
2018-03-15,SP,etanol,1268.4830,436
2018-03-15,SP,gasolina,1772.0330,434
2018-03-19,AC,diesel_s10,26.5480,6
2018-03-19,AC,gasolina,34.9780,7
2018-03-19,AM,diesel_s10,19.5800,5
2018-03-19,AM,gasolina,85.4600,18
2018-03-19,AP,diesel_s10,26.5960,6
2018-03-19,AP,etanol,3.7900,1
2018-03-19,AP,gasolina,55.1700,14
2018-03-19,BA,diesel_s10,168.9300,47
2018-03-19,BA,etanol,163.7380,48
2018-03-19,BA,gasolina,228.3240,53
2018-03-19,CE,diesel_s10,28.8090,8
2018-03-19,CE,etanol,28.1270,8
2018-03-19,CE,gasolina,35.2380,8
2018-03-19,DF,diesel_s10,129.7240,35
2018-03-19,DF,etanol,138.4710,39
2018-03-19,DF,gasolina,196.8590,47
2018-03-19,ES,diesel_s10,110.3080,32
2018-03-19,ES,etanol,59.4300,16
2018-03-19,ES,gasolina,164.1990,39
2018-03-19,MA,diesel_s10,10.1090,3
2018-03-19,MA,gasolina,16.3190,4
2018-03-19,MG,diesel_s10,333.9800,93
2018-03-19,MG,etanol,416.6820,129
2018-03-19,MG,gasolina,586.7260,130
2018-03-19,MS,diesel_s10,14.9180,4
2018-03-19,MS,etanol,14.2780,4
2018-03-19,MS,gasolina,17.0980,4
2018-03-19,PA,diesel_s10,55.3810,15
2018-03-19,PA,etanol,19.8660,5
2018-03-19,PA,gasolina,71.6080,16
2018-03-19,PB,diesel_s10,69.5650,20
2018-03-19,PB,etanol,74.4880,23
2018-03-19,PB,gasolina,93.7320,23
2018-03-19,PE,diesel_s10,72.6060,22
2018-03-19,PE,etanol,37.7610,12
2018-03-19,PE,gasolina,95.7470,23
2018-03-19,PI,diesel_s10,39.1420,11
2018-03-19,PI,etanol,27.6740,8
2018-03-19,PI,gasolina,45.5320,11
2018-03-19,PR,diesel_s10,156.2080,47
2018-03-19,PR,etanol,201.6300,64
2018-03-19,PR,gasolina,267.0270,63
2018-03-19,RJ,diesel_s10,102.6180,28
2018-03-19,RJ,etanol,151.5610,41
2018-03-19,RJ,gasolina,192.7030,41
2018-03-19,RN,diesel_s10,3.6500,1
2018-03-19,RN,etanol,6.7400,2
2018-03-19,RN,gasolina,8.5400,2
2018-03-19,RO,diesel_s10,33.4690,9
2018-03-19,RO,etanol,18.8800,5
2018-03-19,RO,gasolina,40.2390,9
2018-03-19,RS,diesel_s10,646.1340,190
2018-03-19,RS,etanol,494.2500,122
2018-03-19,RS,gasolina,1009.3420,234
2018-03-19,SC,diesel_s10,638.3420,190
2018-03-19,SC,etanol,513.9000,145
2018-03-19,SC,gasolina,905.6590,230
2018-03-19,SE,diesel_s10,37.6140,11
2018-03-19,SE,etanol,26.9560,8
2018-03-19,SE,gasolina,44.6730,11
2018-03-19,SP,diesel_s10,799.8080,233
2018-03-19,SP,etanol,931.6690,318
2018-03-19,SP,gasolina,1272.5030,316
2018-03-19,TO,diesel_s10,103.8130,30
2018-03-19,TO,etanol,91.5960,25
2018-03-19,TO,gasolina,136.7990,31
2018-03-20,AC,diesel_s10,4.1500,1
2018-03-20,AC,gasolina,4.9000,1
2018-03-20,AL,diesel_s10,88.2350,25
2018-03-20,AL,etanol,86.8880,25
2018-03-20,AL,gasolina,114.9680,27
2018-03-20,AM,diesel_s10,128.8170,36
2018-03-20,AM,etanol,126.7750,37
2018-03-20,AM,gasolina,208.0070,48
2018-03-20,BA,diesel_s10,496.4160,146
2018-03-20,BA,etanol,628.5480,188
2018-03-20,BA,gasolina,844.4580,198
2018-03-20,CE,diesel_s10,646.7160,180
2018-03-20,CE,etanol,629.5790,178
2018-03-20,CE,gasolina,819.2980,187
2018-03-20,GO,diesel_s10,141.6600,39
2018-03-20,GO,etanol,183.7490,58
2018-03-20,GO,gasolina,243.9410,55
2018-03-20,MA,diesel_s10,52.2040,15
2018-03-20,MA,etanol,33.2480,9
2018-03-20,MA,gasolina,73.5100,18
2018-03-20,MG,diesel_s10,489.4900,136
2018-03-20,MG,etanol,627.7910,193
2018-03-20,MG,gasolina,892.4320,198
2018-03-20,MS,diesel_s10,50.3510,13
2018-03-20,MS,etanol,52.8610,15
2018-03-20,MS,gasolina,69.3200,16
2018-03-20,MT,diesel_s10,61.1640,16
2018-03-20,MT,etanol,54.9220,19
2018-03-20,MT,gasolina,82.8130,19
2018-03-20,PA,diesel_s10,181.5970,51
2018-03-20,PA,etanol,85.3290,23
2018-03-20,PA,gasolina,238.1760,56
2018-03-20,PB,diesel_s10,3.3900,1
2018-03-20,PB,etanol,2.9900,1
2018-03-20,PB,gasolina,3.9900,1
2018-03-20,PE,diesel_s10,203.0030,61
2018-03-20,PE,etanol,187.8470,59
2018-03-20,PE,gasolina,255.0610,64
2018-03-20,PI,diesel_s10,67.3700,19
2018-03-20,PI,etanol,55.8200,16
2018-03-20,PI,gasolina,92.8080,22
2018-03-20,PR,diesel_s10,290.8430,89
2018-03-20,PR,etanol,344.4630,111
2018-03-20,PR,gasolina,462.2730,111
2018-03-20,RJ,diesel_s10,307.1390,83
2018-03-20,RJ,etanol,433.0330,116
2018-03-20,RJ,gasolina,553.4200,118
2018-03-20,RN,diesel_s10,103.3820,29
2018-03-20,RN,etanol,98.6970,30
2018-03-20,RN,gasolina,130.2460,31
2018-03-20,RO,diesel_s10,48.5680,13
2018-03-20,RO,etanol,22.0290,6
2018-03-20,RO,gasolina,57.3270,13
2018-03-20,RR,diesel_s10,42.7000,12
2018-03-20,RR,etanol,10.7400,3
2018-03-20,RR,gasolina,48.6180,12
2018-03-20,RS,diesel_s10,126.7440,37
2018-03-20,RS,etanol,97.6480,24
2018-03-20,RS,gasolina,244.0640,55
2018-03-20,SC,diesel_s10,43.7550,13
2018-03-20,SC,etanol,25.1240,7
2018-03-20,SC,gasolina,57.4790,14
2018-03-20,SE,diesel_s10,92.8900,26
2018-03-20,SE,etanol,77.7840,22
2018-03-20,SE,gasolina,118.2900,29
2018-03-20,SP,diesel_s10,623.8960,184
2018-03-20,SP,etanol,717.4840,250
2018-03-20,SP,gasolina,996.1960,248
2018-03-20,TO,diesel_s10,30.7560,9
2018-03-20,TO,etanol,25.4710,7
2018-03-20,TO,gasolina,39.8970,9
2018-03-21,AC,diesel_s10,115.7300,28
2018-03-21,AC,etanol,74.3200,20
2018-03-21,AC,gasolina,138.5600,29
2018-03-21,AL,diesel_s10,34.6270,10
2018-03-21,AL,etanol,76.2850,22
2018-03-21,AL,gasolina,102.6430,24
2018-03-21,AM,diesel_s10,10.7000,3
2018-03-21,AM,etanol,6.5800,2
2018-03-21,AM,gasolina,20.8500,5
2018-03-21,AP,diesel_s10,8.6400,2
2018-03-21,AP,gasolina,19.9690,5
2018-03-21,BA,diesel_s10,122.0570,34
2018-03-21,BA,etanol,162.5630,47
2018-03-21,BA,gasolina,220.0330,50
2018-03-21,CE,diesel_s10,73.8580,20
2018-03-21,CE,etanol,49.1490,14
2018-03-21,CE,gasolina,89.8900,20
2018-03-21,ES,diesel_s10,20.4500,6
2018-03-21,ES,etanol,14.9790,4
2018-03-21,ES,gasolina,33.5000,8
2018-03-21,GO,diesel_s10,357.4380,101
2018-03-21,GO,etanol,535.6920,176
2018-03-21,GO,gasolina,755.3010,172
2018-03-21,MA,diesel_s10,205.0740,61
2018-03-21,MA,etanol,71.6490,20
2018-03-21,MA,gasolina,261.7270,68
2018-03-21,MG,diesel_s10,592.7090,166
2018-03-21,MG,etanol,736.6200,232
2018-03-21,MG,gasolina,1037.4400,230
2018-03-21,MS,diesel_s10,204.1570,53
2018-03-21,MS,etanol,230.2450,67
2018-03-21,MS,gasolina,279.1880,67
2018-03-21,MT,diesel_s10,377.5720,100
2018-03-21,MT,etanol,359.2010,137
2018-03-21,MT,gasolina,570.9160,136
2018-03-21,PA,diesel_s10,112.2350,31
2018-03-21,PA,etanol,43.7730,12
2018-03-21,PA,gasolina,139.5140,32
2018-03-21,PB,diesel_s10,101.4720,30
2018-03-21,PB,etanol,106.5140,35
2018-03-21,PB,gasolina,140.3830,36
2018-03-21,PE,diesel_s10,243.3250,72
2018-03-21,PE,etanol,245.2500,76
2018-03-21,PE,gasolina,337.9240,83
2018-03-21,PI,diesel_s10,118.1330,33
2018-03-21,PI,etanol,72.6620,21
2018-03-21,PI,gasolina,142.4160,34
2018-03-21,PR,diesel_s10,444.8770,136
2018-03-21,PR,etanol,574.9500,185
2018-03-21,PR,gasolina,758.6250,183
2018-03-21,RJ,diesel_s10,732.3820,198
2018-03-21,RJ,etanol,937.9860,251
2018-03-21,RJ,gasolina,1233.5340,262
2018-03-21,RN,diesel_s10,87.5740,24
2018-03-21,RN,etanol,86.7930,26
2018-03-21,RN,gasolina,118.4710,28
2018-03-21,RO,diesel_s10,65.9820,18
2018-03-21,RO,etanol,34.1550,9
2018-03-21,RO,gasolina,97.7070,22
2018-03-21,RR,diesel_s10,3.5500,1
2018-03-21,RR,gasolina,4.1000,1
2018-03-21,RS,diesel_s10,108.7020,31
2018-03-21,RS,etanol,63.4340,15
2018-03-21,RS,gasolina,158.9510,36
2018-03-21,SC,diesel_s10,16.7680,5
2018-03-21,SC,etanol,18.4190,5
2018-03-21,SC,gasolina,24.1880,6
2018-03-21,SE,diesel_s10,3.3690,1
2018-03-21,SE,etanol,3.4990,1
2018-03-21,SE,gasolina,4.0490,1
2018-03-21,SP,diesel_s10,1951.9800,573
2018-03-21,SP,etanol,2279.2790,794
2018-03-21,SP,gasolina,3134.7160,782
2018-03-21,TO,diesel_s10,19.8900,6
2018-03-21,TO,etanol,21.4800,6
2018-03-21,TO,gasolina,25.7600,6
2018-03-22,AL,diesel_s10,24.5030,7
2018-03-22,AL,etanol,24.7560,7
2018-03-22,AL,gasolina,29.9930,7
2018-03-22,AP,diesel_s10,30.4170,7
2018-03-22,AP,gasolina,35.4280,9
2018-03-22,BA,diesel_s10,111.4440,32
2018-03-22,BA,etanol,122.2220,36
2018-03-22,BA,gasolina,143.0190,33
2018-03-22,CE,diesel_s10,3.6300,1
2018-03-22,CE,etanol,3.5500,1
2018-03-22,CE,gasolina,4.0990,1
2018-03-22,ES,diesel_s10,136.6360,40
2018-03-22,ES,etanol,165.9780,47
2018-03-22,ES,gasolina,279.9850,70
2018-03-22,MA,diesel_s10,87.6250,26
2018-03-22,MA,etanol,35.4530,10
2018-03-22,MA,gasolina,115.2010,30
2018-03-22,MG,diesel_s10,64.9610,18
2018-03-22,MG,etanol,79.8830,24
2018-03-22,MG,gasolina,104.1440,23
2018-03-22,PA,diesel_s10,25.2160,6
2018-03-22,PA,gasolina,38.8170,8
2018-03-22,PE,diesel_s10,49.7310,15
2018-03-22,PE,etanol,48.2430,15
2018-03-22,PE,gasolina,64.6820,16
2018-03-22,PI,diesel_s10,3.4990,1
2018-03-22,PI,etanol,3.4990,1
2018-03-22,PI,gasolina,4.0990,1
2018-03-22,PR,diesel_s10,38.2600,12
2018-03-22,PR,etanol,43.9700,14
2018-03-22,PR,gasolina,58.9600,14
2018-03-22,RJ,diesel_s10,3.9490,1
2018-03-22,RJ,etanol,3.3990,1
2018-03-22,RJ,gasolina,4.4490,1
2018-03-22,RO,diesel_s10,79.6660,22
2018-03-22,RO,etanol,56.1240,16
2018-03-22,RO,gasolina,118.6410,28
2018-03-22,RS,diesel_s10,99.6920,28
2018-03-22,RS,etanol,89.5560,21
2018-03-22,RS,gasolina,173.8670,39
2018-03-22,SC,diesel_s10,6.9980,2
2018-03-22,SC,etanol,3.3990,1
2018-03-22,SC,gasolina,7.8390,2
2018-03-22,SP,diesel_s10,730.6690,214
2018-03-22,SP,etanol,875.3210,300
2018-03-22,SP,gasolina,1224.8560,298
2018-03-26,AL,diesel_s10,45.4910,13
2018-03-26,AL,etanol,62.6010,18
2018-03-26,AL,gasolina,103.3760,24
2018-03-26,AM,diesel_s10,11.7900,3
2018-03-26,AM,gasolina,34.6500,7
2018-03-26,AP,diesel_s10,62.0500,14
2018-03-26,AP,etanol,3.7900,1
2018-03-26,AP,gasolina,106.5890,27
2018-03-26,BA,diesel_s10,153.7590,43
2018-03-26,BA,etanol,154.4280,45
2018-03-26,BA,gasolina,224.7880,52
2018-03-26,CE,diesel_s10,55.8490,15
2018-03-26,CE,etanol,70.4450,20
2018-03-26,CE,gasolina,94.6380,21
2018-03-26,ES,diesel_s10,77.2880,22
2018-03-26,ES,etanol,45.0600,12
2018-03-26,ES,gasolina,115.1680,27
2018-03-26,MA,diesel_s10,85.9560,25
2018-03-26,MA,etanol,40.3370,11
2018-03-26,MA,gasolina,116.0900,29
2018-03-26,MG,diesel_s10,335.5270,94
2018-03-26,MG,etanol,408.1560,124
2018-03-26,MG,gasolina,554.8020,123
2018-03-26,MS,diesel_s10,53.8210,14
2018-03-26,MS,etanol,56.4220,16
2018-03-26,MS,gasolina,73.3620,17
2018-03-26,MT,diesel_s10,100.3720,26
2018-03-26,MT,etanol,97.2710,32
2018-03-26,MT,gasolina,138.2780,32
2018-03-26,PA,diesel_s10,86.4440,23
2018-03-26,PA,etanol,23.5000,6
2018-03-26,PA,gasolina,119.2340,26
2018-03-26,PB,diesel_s10,79.4940,23
2018-03-26,PB,etanol,73.8340,23
2018-03-26,PB,gasolina,92.2130,23
2018-03-26,PE,diesel_s10,265.9490,79
2018-03-26,PE,etanol,217.5010,66
2018-03-26,PE,gasolina,357.3460,85
2018-03-26,PI,diesel_s10,117.3270,33
2018-03-26,PI,etanol,91.8490,26
2018-03-26,PI,gasolina,147.8950,35
2018-03-26,PR,diesel_s10,273.3770,83
2018-03-26,PR,etanol,332.2530,106
2018-03-26,PR,gasolina,440.2120,105
2018-03-26,RJ,diesel_s10,319.9860,87
2018-03-26,RJ,etanol,428.0560,115
2018-03-26,RJ,gasolina,552.8170,118
2018-03-26,RO,diesel_s10,113.4250,31
2018-03-26,RO,etanol,82.8250,23
2018-03-26,RO,gasolina,164.6900,38
2018-03-26,RS,diesel_s10,742.3750,218
2018-03-26,RS,etanol,520.2400,129
2018-03-26,RS,gasolina,1222.1200,281
2018-03-26,SC,diesel_s10,647.0840,192
2018-03-26,SC,etanol,522.0010,147
2018-03-26,SC,gasolina,908.4360,230
2018-03-26,SE,diesel_s10,6.6200,2
2018-03-26,SE,etanol,6.5690,2
2018-03-26,SE,gasolina,7.8800,2
2018-03-26,SP,diesel_s10,770.7420,226
2018-03-26,SP,etanol,873.9910,299
2018-03-26,SP,gasolina,1194.0450,295
2018-03-26,TO,diesel_s10,107.4440,31
2018-03-26,TO,etanol,91.5610,25
2018-03-26,TO,gasolina,140.6090,32
2018-03-27,AC,diesel_s10,39.5880,9
2018-03-27,AC,etanol,4.2400,1
2018-03-27,AC,gasolina,49.5180,10
2018-03-27,AL,diesel_s10,81.0530,23
2018-03-27,AL,etanol,83.2830,24
2018-03-27,AL,gasolina,111.0650,26
2018-03-27,AM,diesel_s10,3.8000,1
2018-03-27,AM,gasolina,4.3800,1
2018-03-27,BA,diesel_s10,367.6090,107
2018-03-27,BA,etanol,426.6800,127
2018-03-27,BA,gasolina,564.0440,133
2018-03-27,CE,diesel_s10,522.4380,145
2018-03-27,CE,etanol,502.2270,140
2018-03-27,CE,gasolina,654.2230,150
2018-03-27,ES,diesel_s10,17.0600,5
2018-03-27,ES,etanol,14.8790,4
2018-03-27,ES,gasolina,29.3100,7
2018-03-27,GO,diesel_s10,131.6760,36
2018-03-27,GO,etanol,147.2970,46
2018-03-27,GO,gasolina,193.4030,44
2018-03-27,MA,diesel_s10,169.7420,51
2018-03-27,MA,etanol,43.5490,13
2018-03-27,MA,gasolina,226.1450,60
2018-03-27,MG,diesel_s10,415.7900,116
2018-03-27,MG,etanol,500.7590,154
2018-03-27,MG,gasolina,705.5750,155
2018-03-27,MS,diesel_s10,101.6710,26
2018-03-27,MS,etanol,96.0610,27
2018-03-27,MS,gasolina,116.6710,27
2018-03-27,MT,diesel_s10,32.6380,9
2018-03-27,MT,etanol,29.2590,10
2018-03-27,MT,gasolina,42.1980,10
2018-03-27,PA,diesel_s10,269.1190,75
2018-03-27,PA,etanol,122.0310,33
2018-03-27,PA,gasolina,330.4100,77
2018-03-27,PB,diesel_s10,3.3400,1
2018-03-27,PB,etanol,2.9900,1
2018-03-27,PB,gasolina,3.9200,1
2018-03-27,PE,diesel_s10,159.9770,48
2018-03-27,PE,etanol,161.3640,51
2018-03-27,PE,gasolina,196.4500,51
2018-03-27,PI,diesel_s10,118.8230,33
2018-03-27,PI,etanol,71.5370,20
2018-03-27,PI,gasolina,140.6730,33
2018-03-27,PR,diesel_s10,181.2130,55
2018-03-27,PR,etanol,230.1420,73
2018-03-27,PR,gasolina,307.4840,73
2018-03-27,RJ,diesel_s10,102.9030,28
2018-03-27,RJ,etanol,140.3400,38
2018-03-27,RJ,gasolina,174.5400,37
2018-03-27,RN,diesel_s10,91.3550,25
2018-03-27,RN,etanol,93.6950,28
2018-03-27,RN,gasolina,122.9860,29
2018-03-27,RO,diesel_s10,107.7370,29
2018-03-27,RO,etanol,45.9450,12
2018-03-27,RO,gasolina,141.2250,32
2018-03-27,RR,diesel_s10,31.6500,9
2018-03-27,RR,etanol,10.9200,3
2018-03-27,RR,gasolina,36.3100,9
2018-03-27,RS,diesel_s10,31.7930,9
2018-03-27,RS,etanol,24.5560,6
2018-03-27,RS,gasolina,49.8920,11
2018-03-27,SE,diesel_s10,48.2900,14
2018-03-27,SE,etanol,20.1880,6
2018-03-27,SE,gasolina,57.1030,14
2018-03-27,SP,diesel_s10,534.7540,158
2018-03-27,SP,etanol,644.7200,221
2018-03-27,SP,gasolina,882.4270,221
2018-03-27,TO,diesel_s10,46.6160,14
2018-03-27,TO,etanol,43.2070,12
2018-03-27,TO,gasolina,56.7070,13
2018-03-28,AC,diesel_s10,115.6900,28
2018-03-28,AC,etanol,81.6700,22
2018-03-28,AC,gasolina,138.5300,29
2018-03-28,AL,diesel_s10,28.1840,8
2018-03-28,AL,etanol,28.2040,8
2018-03-28,AL,gasolina,34.2940,8
2018-03-28,AM,diesel_s10,154.4560,43
2018-03-28,AM,etanol,158.3750,45
2018-03-28,AM,gasolina,275.4800,63
2018-03-28,BA,diesel_s10,327.1680,93
2018-03-28,BA,etanol,436.4870,127
2018-03-28,BA,gasolina,561.5530,129
2018-03-28,CE,diesel_s10,157.4760,44
2018-03-28,CE,etanol,150.9600,43
2018-03-28,CE,gasolina,203.9550,47
2018-03-28,ES,diesel_s10,203.3220,60
2018-03-28,ES,etanol,157.2270,44
2018-03-28,ES,gasolina,332.0730,83
2018-03-28,GO,diesel_s10,352.4350,99
2018-03-28,GO,etanol,588.3880,188
2018-03-28,GO,gasolina,803.7400,182
2018-03-28,MA,diesel_s10,100.5260,29
2018-03-28,MA,etanol,66.4890,18
2018-03-28,MA,gasolina,126.5180,31
2018-03-28,MG,diesel_s10,604.2340,167
2018-03-28,MG,etanol,800.0340,248
2018-03-28,MG,gasolina,1133.0430,250
2018-03-28,MS,diesel_s10,134.7470,36
2018-03-28,MS,etanol,146.5360,43
2018-03-28,MS,gasolina,173.0330,43
2018-03-28,MT,diesel_s10,265.0550,71
2018-03-28,MT,etanol,256.3950,95
2018-03-28,MT,gasolina,389.1310,94
2018-03-28,PA,diesel_s10,15.2290,4
2018-03-28,PA,etanol,11.9890,3
2018-03-28,PA,gasolina,22.0790,5
2018-03-28,PB,diesel_s10,74.1560,22
2018-03-28,PB,etanol,91.4720,30
2018-03-28,PB,gasolina,115.6020,30
2018-03-28,PE,diesel_s10,122.7720,37
2018-03-28,PE,etanol,129.4990,41
2018-03-28,PE,gasolina,171.1460,44
2018-03-28,PR,diesel_s10,375.4410,114
2018-03-28,PR,etanol,486.8840,157
2018-03-28,PR,gasolina,637.9830,154
2018-03-28,RJ,diesel_s10,514.5660,139
2018-03-28,RJ,etanol,662.6050,177
2018-03-28,RJ,gasolina,871.4950,185
2018-03-28,RN,diesel_s10,102.5570,28
2018-03-28,RN,etanol,103.0200,31
2018-03-28,RN,gasolina,131.1140,31
2018-03-28,RO,diesel_s10,3.6990,1
2018-03-28,RO,gasolina,4.4330,1
2018-03-28,RR,diesel_s10,14.2200,4
2018-03-28,RR,gasolina,16.2490,4
2018-03-28,RS,diesel_s10,216.1180,61
2018-03-28,RS,etanol,203.6100,48
2018-03-28,RS,gasolina,325.8660,72
2018-03-28,SC,diesel_s10,50.1920,15
2018-03-28,SC,etanol,47.3550,13
2018-03-28,SC,gasolina,74.8290,19
2018-03-28,SE,diesel_s10,82.0600,23
2018-03-28,SE,etanol,85.7410,24
2018-03-28,SE,gasolina,97.4130,24
2018-03-28,SP,diesel_s10,2073.7200,608
2018-03-28,SP,etanol,2469.0110,859
2018-03-28,SP,gasolina,3427.6050,853
2018-03-29,BA,diesel_s10,68.9170,21
2018-03-29,BA,etanol,75.6480,23
2018-03-29,BA,gasolina,92.5040,22
2018-03-29,DF,diesel_s10,129.7540,35
2018-03-29,DF,etanol,138.4520,39
2018-03-29,DF,gasolina,195.6300,47
2018-03-29,MG,diesel_s10,121.6810,34
2018-03-29,MG,etanol,165.0780,51
2018-03-29,MG,gasolina,249.0890,54
2018-03-29,MT,diesel_s10,72.2820,18
2018-03-29,MT,etanol,63.7610,20
2018-03-29,MT,gasolina,90.6700,20
2018-03-29,PA,diesel_s10,22.7600,6
2018-03-29,PA,etanol,4.1000,1
2018-03-29,PA,gasolina,36.8300,8
2018-03-29,PB,diesel_s10,13.4680,4
2018-03-29,PB,etanol,15.5500,5
2018-03-29,PB,gasolina,23.5500,6
2018-03-29,PE,diesel_s10,19.7260,6
2018-03-29,PE,etanol,15.5080,5
2018-03-29,PE,gasolina,23.9670,6
2018-03-29,PR,diesel_s10,110.3170,33
2018-03-29,PR,etanol,120.8960,38
2018-03-29,PR,gasolina,161.5550,38
2018-03-29,RJ,diesel_s10,229.3550,62
2018-03-29,RJ,etanol,287.8630,77
2018-03-29,RJ,gasolina,366.7720,78
2018-03-29,RO,diesel_s10,3.8500,1
2018-03-29,RO,etanol,3.8000,1
2018-03-29,RO,gasolina,4.7200,1
2018-03-29,SC,diesel_s10,3.2990,1
2018-03-29,SC,etanol,3.6900,1
2018-03-29,SC,gasolina,8.0980,2
2018-03-29,SP,diesel_s10,800.5590,233
2018-03-29,SP,etanol,815.9790,285
2018-03-29,SP,gasolina,1122.3510,274
2018-04-02,AM,diesel_s10,19.7700,5
2018-04-02,AM,gasolina,63.1500,13
2018-04-02,AP,diesel_s10,8.7000,2
2018-04-02,AP,gasolina,24.1200,6
2018-04-02,BA,diesel_s10,153.4590,43
2018-04-02,BA,etanol,144.7400,42
2018-04-02,BA,gasolina,212.5290,49
2018-04-02,CE,diesel_s10,59.4290,16
2018-04-02,CE,etanol,70.2850,20
2018-04-02,CE,gasolina,99.5980,22
2018-04-02,ES,diesel_s10,66.6590,19
2018-04-02,ES,etanol,41.3700,11
2018-04-02,ES,gasolina,102.4990,24
2018-04-02,MA,diesel_s10,89.4160,26
2018-04-02,MA,etanol,30.0990,8
2018-04-02,MA,gasolina,127.0770,32
2018-04-02,MG,diesel_s10,304.1490,85
2018-04-02,MG,etanol,369.1020,112
2018-04-02,MG,gasolina,502.4390,111
2018-04-02,MS,diesel_s10,46.0440,12
2018-04-02,MS,etanol,45.6350,13
2018-04-02,MS,gasolina,60.5050,14
2018-04-02,MT,diesel_s10,100.6140,26
2018-04-02,MT,etanol,99.7200,32
2018-04-02,MT,gasolina,138.3620,32
2018-04-02,PA,diesel_s10,77.7150,21
2018-04-02,PA,etanol,23.4500,6
2018-04-02,PA,gasolina,104.8040,23
2018-04-02,PB,diesel_s10,72.3640,21
2018-04-02,PB,etanol,67.3040,21
2018-04-02,PB,gasolina,84.2230,21
2018-04-02,PE,diesel_s10,245.9910,73
2018-04-02,PE,etanol,207.7510,63
2018-04-02,PE,gasolina,332.8080,79
2018-04-02,PI,diesel_s10,67.5970,19
2018-04-02,PI,etanol,46.6090,13
2018-04-02,PI,gasolina,84.8560,20
2018-04-02,PR,diesel_s10,284.3570,86
2018-04-02,PR,etanol,337.5140,107
2018-04-02,PR,gasolina,442.3540,105
2018-04-02,RJ,diesel_s10,249.8250,68
2018-04-02,RJ,etanol,339.9950,91
2018-04-02,RJ,gasolina,441.9190,94
2018-04-02,RO,diesel_s10,40.5900,11
2018-04-02,RO,etanol,19.4100,5
2018-04-02,RO,gasolina,49.3700,11
2018-04-02,RS,diesel_s10,643.4130,189
2018-04-02,RS,etanol,456.0200,112
2018-04-02,RS,gasolina,995.1900,229
2018-04-02,SC,diesel_s10,538.7510,161
2018-04-02,SC,etanol,421.4310,119
2018-04-02,SC,gasolina,751.5000,191
2018-04-02,SE,diesel_s10,6.6200,2
2018-04-02,SE,etanol,6.5690,2
2018-04-02,SE,gasolina,7.8800,2
2018-04-02,SP,diesel_s10,686.2020,201
2018-04-02,SP,etanol,763.5690,261
2018-04-02,SP,gasolina,1045.1220,258
2018-04-02,TO,diesel_s10,70.5680,20
2018-04-02,TO,etanol,58.8340,16
2018-04-02,TO,gasolina,91.5750,21
2018-04-03,AC,diesel_s10,39.5880,9
2018-04-03,AC,etanol,4.2400,1
2018-04-03,AC,gasolina,49.5180,10
2018-04-03,AL,diesel_s10,81.5640,23
2018-04-03,AL,etanol,84.4120,24
2018-04-03,AL,gasolina,112.2920,26
2018-04-03,AM,diesel_s10,3.8000,1
2018-04-03,AM,gasolina,4.3800,1
2018-04-03,BA,diesel_s10,375.6290,109
2018-04-03,BA,etanol,442.3730,131
2018-04-03,BA,gasolina,586.4950,138
2018-04-03,CE,diesel_s10,167.1810,46
2018-04-03,CE,etanol,152.8790,43
2018-04-03,CE,gasolina,218.4600,50
2018-04-03,ES,diesel_s10,24.1400,7
2018-04-03,ES,etanol,22.7590,6
2018-04-03,ES,gasolina,42.3200,10
2018-04-03,GO,diesel_s10,132.6450,36
2018-04-03,GO,etanol,149.4870,46
2018-04-03,GO,gasolina,199.7160,45
2018-04-03,MA,diesel_s10,63.1440,19
2018-04-03,MA,etanol,20.9760,6
2018-04-03,MA,gasolina,88.3810,23
2018-04-03,MG,diesel_s10,481.6840,134
2018-04-03,MG,etanol,581.8060,178
2018-04-03,MG,gasolina,820.0880,180
2018-04-03,MS,diesel_s10,253.5130,66
2018-04-03,MS,etanol,253.5950,73
2018-04-03,MS,gasolina,302.5040,73
2018-04-03,MT,diesel_s10,32.6270,9
2018-04-03,MT,etanol,29.9450,10
2018-04-03,MT,gasolina,42.3610,10
2018-04-03,PA,diesel_s10,284.6770,79
2018-04-03,PA,etanol,141.3380,38
2018-04-03,PA,gasolina,356.8350,83
2018-04-03,PB,diesel_s10,13.8700,4
2018-04-03,PB,etanol,15.9200,5
2018-04-03,PB,gasolina,20.1400,5
2018-04-03,PE,diesel_s10,112.9540,34
2018-04-03,PE,etanol,106.6610,34
2018-04-03,PE,gasolina,136.1670,35
2018-04-03,PI,diesel_s10,154.1150,43
2018-04-03,PI,etanol,103.8790,29
2018-04-03,PI,gasolina,187.6300,44
2018-04-03,PR,diesel_s10,184.7630,56
2018-04-03,PR,etanol,230.4220,73
2018-04-03,PR,gasolina,308.9320,73
2018-04-03,RJ,diesel_s10,358.9780,97
2018-04-03,RJ,etanol,537.8270,145
2018-04-03,RJ,gasolina,694.2020,148
2018-04-03,RN,diesel_s10,95.2540,26
2018-04-03,RN,etanol,93.9150,28
2018-04-03,RN,gasolina,127.2360,30
2018-04-03,RO,diesel_s10,108.0370,29
2018-04-03,RO,etanol,49.8260,13
2018-04-03,RO,gasolina,141.5550,32
2018-04-03,RR,diesel_s10,38.9900,11
2018-04-03,RR,etanol,7.2400,2
2018-04-03,RR,gasolina,44.4100,11
2018-04-03,RS,diesel_s10,90.8220,26
2018-04-03,RS,etanol,91.4230,22
2018-04-03,RS,gasolina,140.2880,31
2018-04-03,SC,diesel_s10,16.6320,5
2018-04-03,SC,etanol,14.5870,4
2018-04-03,SC,gasolina,20.2990,5
2018-04-03,SE,diesel_s10,48.2890,14
2018-04-03,SE,etanol,21.0370,6
2018-04-03,SE,gasolina,57.1120,14
2018-04-03,SP,diesel_s10,713.4470,210
2018-04-03,SP,etanol,886.8390,305
2018-04-03,SP,gasolina,1218.0570,305
2018-04-03,TO,diesel_s10,54.1240,16
2018-04-03,TO,etanol,50.7160,14
2018-04-03,TO,gasolina,66.0250,15
2018-04-04,AC,diesel_s10,115.8100,28
2018-04-04,AC,etanol,75.2600,20
2018-04-04,AC,gasolina,138.3800,29
2018-04-04,AL,diesel_s10,60.1380,17
2018-04-04,AL,etanol,105.8880,30
2018-04-04,AL,gasolina,139.6630,32
2018-04-04,AM,diesel_s10,131.7590,36
2018-04-04,AM,etanol,122.5080,34
2018-04-04,AM,gasolina,250.7980,56
2018-04-04,AP,diesel_s10,48.8800,11
2018-04-04,AP,gasolina,87.5480,22
2018-04-04,BA,diesel_s10,384.6390,110
2018-04-04,BA,etanol,502.3920,147
2018-04-04,BA,gasolina,642.9930,149
2018-04-04,CE,diesel_s10,508.9940,142
2018-04-04,CE,etanol,502.4060,141
2018-04-04,CE,gasolina,637.4150,146
2018-04-04,DF,diesel_s10,118.6160,32
2018-04-04,DF,etanol,132.1340,37
2018-04-04,DF,gasolina,193.0410,45
2018-04-04,ES,diesel_s10,108.5220,32
2018-04-04,ES,etanol,65.5050,18
2018-04-04,ES,gasolina,160.8610,39
2018-04-04,GO,diesel_s10,358.9880,101
2018-04-04,GO,etanol,590.4800,187
2018-04-04,GO,gasolina,814.6910,184
2018-04-04,MA,diesel_s10,133.5160,39
2018-04-04,MA,etanol,76.5370,21
2018-04-04,MA,gasolina,163.2800,41
2018-04-04,MG,diesel_s10,637.7180,176
2018-04-04,MG,etanol,849.2920,263
2018-04-04,MG,gasolina,1206.9850,265
2018-04-04,MT,diesel_s10,230.2270,62
2018-04-04,MT,etanol,267.2370,95
2018-04-04,MT,gasolina,384.8680,94
2018-04-04,PA,diesel_s10,11.6300,3
2018-04-04,PA,etanol,8.2900,2
2018-04-04,PA,gasolina,17.9800,4
2018-04-04,PB,diesel_s10,80.6660,24
2018-04-04,PB,etanol,82.0230,27
2018-04-04,PB,gasolina,107.2140,28
2018-04-04,PE,diesel_s10,186.4950,56
2018-04-04,PE,etanol,197.5760,62
2018-04-04,PE,gasolina,255.3780,66
2018-04-04,PI,diesel_s10,14.2170,4
2018-04-04,PI,etanol,10.7970,3
2018-04-04,PI,gasolina,16.8570,4
2018-04-04,PR,diesel_s10,393.6780,120
2018-04-04,PR,etanol,513.6220,166
2018-04-04,PR,gasolina,677.6990,164
2018-04-04,RJ,diesel_s10,415.7700,112
2018-04-04,RJ,etanol,494.1850,131
2018-04-04,RJ,gasolina,680.3540,143
2018-04-04,RN,diesel_s10,98.3580,27
2018-04-04,RN,etanol,109.5050,33
2018-04-04,RN,gasolina,131.1720,31
2018-04-04,RO,diesel_s10,54.6280,15
2018-04-04,RO,etanol,42.8750,12
2018-04-04,RO,gasolina,95.9940,23
2018-04-04,RR,diesel_s10,7.0400,2
2018-04-04,RR,gasolina,8.1590,2
2018-04-04,RS,diesel_s10,266.0890,76
2018-04-04,RS,etanol,253.7910,61
2018-04-04,RS,gasolina,458.6430,103
2018-04-04,SC,diesel_s10,140.7750,41
2018-04-04,SC,etanol,141.4860,39
2018-04-04,SC,gasolina,199.1020,49
2018-04-04,SE,diesel_s10,79.0830,22
2018-04-04,SE,etanol,75.2010,21
2018-04-04,SE,gasolina,101.2530,25
2018-04-04,SP,diesel_s10,2104.6440,617
2018-04-04,SP,etanol,2408.7360,840
2018-04-04,SP,gasolina,3364.0660,835
2018-04-04,TO,diesel_s10,16.8690,5
2018-04-04,TO,etanol,17.9890,5
2018-04-04,TO,gasolina,22.3280,5
2018-04-05,DF,diesel_s10,7.5380,2
2018-04-05,DF,etanol,7.2980,2
2018-04-05,DF,gasolina,8.2880,2
2018-04-05,ES,diesel_s10,84.8280,25
2018-04-05,ES,etanol,92.2620,26
2018-04-05,ES,gasolina,174.4670,44
2018-04-05,GO,diesel_s10,3.4900,1
2018-04-05,GO,etanol,3.0900,1
2018-04-05,GO,gasolina,4.1990,1
2018-04-05,MA,diesel_s10,76.6480,23
2018-04-05,MA,etanol,10.1180,3
2018-04-05,MA,gasolina,89.2760,24
2018-04-05,MG,diesel_s10,58.2520,16
2018-04-05,MG,etanol,81.8430,25
2018-04-05,MG,gasolina,127.8170,28
2018-04-05,MT,diesel_s10,72.3620,18
2018-04-05,MT,etanol,64.4010,20
2018-04-05,MT,gasolina,90.6700,20
2018-04-05,PA,diesel_s10,19.0800,5
2018-04-05,PA,etanol,4.1000,1
2018-04-05,PA,gasolina,32.4400,7
2018-04-05,PB,diesel_s10,13.5590,4
2018-04-05,PB,etanol,15.5500,5
2018-04-05,PB,gasolina,23.5500,6
2018-04-05,PE,diesel_s10,19.7660,6
2018-04-05,PE,etanol,15.9380,5
2018-04-05,PE,gasolina,23.9680,6
2018-04-05,PR,diesel_s10,87.4100,26
2018-04-05,PR,etanol,89.7590,28
2018-04-05,PR,gasolina,120.8790,28
2018-04-05,RJ,diesel_s10,99.5800,27
2018-04-05,RJ,etanol,129.4450,35
2018-04-05,RJ,gasolina,167.7540,36
2018-04-05,RO,diesel_s10,18.2880,5
2018-04-05,RO,etanol,10.8400,3
2018-04-05,RO,gasolina,25.6580,6
2018-04-05,RS,diesel_s10,3.4990,1
2018-04-05,RS,etanol,4.0090,1
2018-04-05,RS,gasolina,4.4970,1
2018-04-05,SC,diesel_s10,17.2860,5
2018-04-05,SC,etanol,14.3780,4
2018-04-05,SC,gasolina,23.6030,6
2018-04-05,SP,diesel_s10,697.4550,201
2018-04-05,SP,etanol,742.5550,257
2018-04-05,SP,gasolina,1027.6150,248
2018-04-05,TO,diesel_s10,13.4690,4
2018-04-05,TO,etanol,10.9390,3
2018-04-05,TO,gasolina,17.9270,4
2018-04-09,AC,diesel_s10,43.7590,10
2018-04-09,AC,etanol,8.0900,2
2018-04-09,AC,gasolina,49.3390,10
2018-04-09,AM,diesel_s10,6.9000,2
2018-04-09,AM,etanol,6.7800,2
2018-04-09,AM,gasolina,16.6400,4
2018-04-09,AP,diesel_s10,60.6770,14
2018-04-09,AP,gasolina,112.4870,28
2018-04-09,BA,diesel_s10,125.6850,34
2018-04-09,BA,etanol,120.7130,34
2018-04-09,BA,gasolina,168.9460,38
2018-04-09,CE,diesel_s10,3.5800,1
2018-04-09,CE,etanol,3.4890,1
2018-04-09,CE,gasolina,4.3800,1
2018-04-09,MA,diesel_s10,68.8790,20
2018-04-09,MA,etanol,44.6430,12
2018-04-09,MA,gasolina,98.2240,24
2018-04-09,MG,diesel_s10,378.4700,105
2018-04-09,MG,etanol,497.3080,152
2018-04-09,MG,gasolina,695.6900,152
2018-04-09,MS,diesel_s10,139.7570,36
2018-04-09,MS,etanol,128.4340,36
2018-04-09,MS,gasolina,155.3510,36
2018-04-09,MT,diesel_s10,39.7210,10
2018-04-09,MT,etanol,36.5690,11
2018-04-09,MT,gasolina,49.6690,11
2018-04-09,PA,diesel_s10,107.5230,29
2018-04-09,PA,etanol,31.1560,8
2018-04-09,PA,gasolina,129.3830,29
2018-04-09,PB,diesel_s10,14.1560,4
2018-04-09,PB,etanol,13.9160,4
2018-04-09,PB,gasolina,16.8460,4
2018-04-09,PE,diesel_s10,43.3360,13
2018-04-09,PE,etanol,33.2290,10
2018-04-09,PE,gasolina,60.4430,14
2018-04-09,PI,diesel_s10,78.2470,22
2018-04-09,PI,etanol,57.3690,16
2018-04-09,PI,gasolina,102.6870,24
2018-04-09,PR,diesel_s10,178.2610,53
2018-04-09,PR,etanol,223.1990,71
2018-04-09,PR,gasolina,299.4590,70
2018-04-09,RJ,diesel_s10,146.3240,40
2018-04-09,RJ,etanol,203.4890,54
2018-04-09,RJ,gasolina,264.8310,56
2018-04-09,RO,diesel_s10,73.2870,20
2018-04-09,RO,etanol,51.2570,14
2018-04-09,RO,gasolina,108.2640,26
2018-04-09,RS,diesel_s10,579.2400,170
2018-04-09,RS,etanol,449.9260,111
2018-04-09,RS,gasolina,990.5070,229
2018-04-09,SC,diesel_s10,525.5360,156
2018-04-09,SC,etanol,436.2360,122
2018-04-09,SC,gasolina,744.7050,188
2018-04-09,SE,diesel_s10,52.2150,15
2018-04-09,SE,etanol,24.9940,7
2018-04-09,SE,gasolina,61.4400,15
2018-04-09,SP,diesel_s10,508.9420,149
2018-04-09,SP,etanol,608.9510,211
2018-04-09,SP,gasolina,847.3090,211
2018-04-09,TO,diesel_s10,70.9510,21
2018-04-09,TO,etanol,69.9430,19
2018-04-09,TO,gasolina,91.9690,21
2018-04-10,AL,diesel_s10,145.9300,41
2018-04-10,AL,etanol,174.5710,48
2018-04-10,AL,gasolina,215.8830,50
2018-04-10,AM,diesel_s10,20.2500,5
2018-04-10,AM,etanol,3.8900,1
2018-04-10,AM,gasolina,56.9000,12
2018-04-10,BA,diesel_s10,542.1100,155
2018-04-10,BA,etanol,669.0280,197
2018-04-10,BA,gasolina,884.8710,207
2018-04-10,CE,diesel_s10,250.2130,69
2018-04-10,CE,etanol,246.5180,69
2018-04-10,CE,gasolina,332.3310,76
2018-04-10,DF,diesel_s10,29.4920,8
2018-04-10,DF,etanol,24.7450,7
2018-04-10,DF,gasolina,42.9510,10
2018-04-10,ES,diesel_s10,121.0300,35
2018-04-10,ES,etanol,70.8090,19
2018-04-10,ES,gasolina,201.3600,47
2018-04-10,GO,diesel_s10,48.5990,13
2018-04-10,GO,etanol,83.8240,25
2018-04-10,GO,gasolina,110.5860,24
2018-04-10,MA,diesel_s10,74.0500,21
2018-04-10,MA,etanol,44.6460,12
2018-04-10,MA,gasolina,93.5850,23
2018-04-10,MG,diesel_s10,505.3420,139
2018-04-10,MG,etanol,541.2490,164
2018-04-10,MG,gasolina,782.7530,171
2018-04-10,PA,diesel_s10,238.2360,66
2018-04-10,PA,etanol,111.6270,30
2018-04-10,PA,gasolina,307.8880,71
2018-04-10,PB,diesel_s10,89.0760,26
2018-04-10,PB,etanol,97.4170,31
2018-04-10,PB,gasolina,125.7290,32
2018-04-10,PE,diesel_s10,339.5030,101
2018-04-10,PE,etanol,306.5340,94
2018-04-10,PE,gasolina,450.6720,111
2018-04-10,PI,diesel_s10,75.1410,21
2018-04-10,PI,etanol,64.5820,18
2018-04-10,PI,gasolina,92.0780,22
2018-04-10,PR,diesel_s10,322.7330,97
2018-04-10,PR,etanol,367.0150,118
2018-04-10,PR,gasolina,496.9050,118
2018-04-10,RJ,diesel_s10,305.3810,83
2018-04-10,RJ,etanol,385.6010,104
2018-04-10,RJ,gasolina,525.6990,112
2018-04-10,RO,diesel_s10,138.2600,37
2018-04-10,RO,etanol,62.6160,16
2018-04-10,RO,gasolina,172.7290,39
2018-04-10,RR,diesel_s10,38.9800,11
2018-04-10,RR,etanol,14.4200,4
2018-04-10,RR,gasolina,48.5790,12
2018-04-10,RS,diesel_s10,114.6400,33
2018-04-10,RS,etanol,92.0150,22
2018-04-10,RS,gasolina,164.4940,37
2018-04-10,SC,diesel_s10,40.4920,12
2018-04-10,SC,etanol,28.1340,8
2018-04-10,SC,gasolina,55.3590,14
2018-04-10,SE,diesel_s10,16.7700,5
2018-04-10,SE,etanol,13.4790,4
2018-04-10,SE,gasolina,19.6800,5
2018-04-10,SP,diesel_s10,1150.6780,335
2018-04-10,SP,etanol,1289.5960,447
2018-04-10,SP,gasolina,1783.0160,445
2018-04-10,TO,diesel_s10,44.1940,13
2018-04-10,TO,etanol,43.4080,12
2018-04-10,TO,gasolina,56.9780,13
2018-04-11,AL,diesel_s10,28.7340,8
2018-04-11,AL,etanol,29.6660,8
2018-04-11,AL,gasolina,34.6740,8
2018-04-11,AM,diesel_s10,19.5900,5
2018-04-11,AM,gasolina,52.7700,11
2018-04-11,BA,diesel_s10,233.7430,68
2018-04-11,BA,etanol,295.0290,87
2018-04-11,BA,gasolina,386.6600,91
2018-04-11,CE,diesel_s10,461.3400,128
2018-04-11,CE,etanol,440.0280,123
2018-04-11,CE,gasolina,561.5780,128
2018-04-11,DF,etanol,3.3990,1
2018-04-11,DF,gasolina,8.7580,2
2018-04-11,GO,diesel_s10,265.1470,75
2018-04-11,GO,etanol,406.4270,131
2018-04-11,GO,gasolina,576.4040,131
2018-04-11,MA,diesel_s10,200.4630,60
2018-04-11,MA,etanol,48.1700,14
2018-04-11,MA,gasolina,251.0250,66
2018-04-11,MG,diesel_s10,387.5740,107
2018-04-11,MG,etanol,512.6340,158
2018-04-11,MG,gasolina,734.8880,160
2018-04-11,MS,diesel_s10,129.2770,34
2018-04-11,MS,etanol,174.2410,50
2018-04-11,MS,gasolina,208.0680,51
2018-04-11,MT,diesel_s10,230.7010,60
2018-04-11,MT,etanol,231.9610,73
2018-04-11,MT,gasolina,311.8360,72
2018-04-11,PA,diesel_s10,37.0580,10
2018-04-11,PA,etanol,8.5090,2
2018-04-11,PA,gasolina,59.3750,13
2018-04-11,PE,diesel_s10,163.4120,49
2018-04-11,PE,etanol,144.4020,45
2018-04-11,PE,gasolina,196.9150,50
2018-04-11,PI,diesel_s10,75.5800,21
2018-04-11,PI,etanol,43.5610,12
2018-04-11,PI,gasolina,94.9480,22
2018-04-11,PR,diesel_s10,112.3030,34
2018-04-11,PR,etanol,174.2950,55
2018-04-11,PR,gasolina,224.4050,53
2018-04-11,RJ,diesel_s10,577.8200,154
2018-04-11,RJ,etanol,763.1450,202
2018-04-11,RJ,gasolina,997.7400,210
2018-04-11,RN,diesel_s10,185.1250,51
2018-04-11,RN,etanol,197.7890,59
2018-04-11,RN,gasolina,260.2950,62
2018-04-11,RO,diesel_s10,22.5500,6
2018-04-11,RO,etanol,11.5100,3
2018-04-11,RO,gasolina,31.5800,7
2018-04-11,RR,diesel_s10,3.5390,1
2018-04-11,RR,etanol,3.8100,1
2018-04-11,RR,gasolina,4.0700,1
2018-04-11,RS,diesel_s10,172.6660,48
2018-04-11,RS,etanol,128.5530,30
2018-04-11,RS,gasolina,251.9740,55
2018-04-11,SC,diesel_s10,20.1470,6
2018-04-11,SC,etanol,26.0080,7
2018-04-11,SC,gasolina,31.9460,8
2018-04-11,SE,diesel_s10,68.7360,19
2018-04-11,SE,etanol,74.8820,21
2018-04-11,SE,gasolina,80.6870,20
2018-04-11,SP,diesel_s10,1949.2630,569
2018-04-11,SP,etanol,2168.9900,759
2018-04-11,SP,gasolina,3050.0300,747
2018-04-11,TO,diesel_s10,37.5520,10
2018-04-11,TO,etanol,26.3350,7
2018-04-11,TO,gasolina,49.0900,11
2018-04-12,AC,diesel_s10,103.4600,25
2018-04-12,AC,etanol,76.6300,19
2018-04-12,AC,gasolina,133.5500,28
2018-04-12,AM,diesel_s10,97.9490,27
2018-04-12,AM,etanol,123.4480,34
2018-04-12,AM,gasolina,197.3570,44
2018-04-12,CE,diesel_s10,41.6600,11
2018-04-12,CE,etanol,33.1290,9
2018-04-12,CE,gasolina,50.8600,11
2018-04-12,DF,diesel_s10,96.6640,26
2018-04-12,DF,etanol,111.3380,31
2018-04-12,DF,gasolina,150.6940,35
2018-04-12,ES,diesel_s10,160.9920,47
2018-04-12,ES,etanol,147.3570,41
2018-04-12,ES,gasolina,283.4340,70
2018-04-12,GO,diesel_s10,195.7010,54
2018-04-12,GO,etanol,247.4370,78
2018-04-12,GO,gasolina,312.3220,71
2018-04-12,MA,diesel_s10,23.2340,7
2018-04-12,MA,etanol,10.0270,3
2018-04-12,MA,gasolina,26.6530,7
2018-04-12,MG,diesel_s10,241.4550,68
2018-04-12,MG,etanol,321.7890,103
2018-04-12,MG,gasolina,435.2300,98
2018-04-12,MT,diesel_s10,190.3060,51
2018-04-12,MT,etanol,203.2330,72
2018-04-12,MT,gasolina,297.1770,73
2018-04-12,PA,diesel_s10,11.3980,3
2018-04-12,PA,etanol,7.6280,2
2018-04-12,PA,gasolina,17.4180,4
2018-04-12,PB,diesel_s10,67.0010,20
2018-04-12,PB,etanol,70.2250,23
2018-04-12,PB,gasolina,91.4760,24
2018-04-12,PE,diesel_s10,29.8250,9
2018-04-12,PE,etanol,38.7110,12
2018-04-12,PE,gasolina,46.4390,12
2018-04-12,PR,diesel_s10,310.1830,95
2018-04-12,PR,etanol,392.1700,128
2018-04-12,PR,gasolina,524.8540,128
2018-04-12,RJ,diesel_s10,92.1370,25
2018-04-12,RJ,etanol,143.1780,39
2018-04-12,RJ,gasolina,174.3300,37
2018-04-12,RS,diesel_s10,127.0550,37
2018-04-12,RS,etanol,78.2600,19
2018-04-12,RS,gasolina,189.7860,43
2018-04-12,SC,diesel_s10,128.5320,38
2018-04-12,SC,etanol,91.5640,26
2018-04-12,SC,gasolina,163.7930,42
2018-04-12,SP,diesel_s10,611.2600,179
2018-04-12,SP,etanol,696.5340,245
2018-04-12,SP,gasolina,981.5760,243
2018-04-16,AC,diesel_s10,39.6890,9
2018-04-16,AC,etanol,4.2400,1
2018-04-16,AC,gasolina,44.6690,9
2018-04-16,AM,diesel_s10,102.1190,28
2018-04-16,AM,etanol,115.3560,32
2018-04-16,AM,gasolina,224.9160,50
2018-04-16,AP,diesel_s10,8.8400,2
2018-04-16,AP,gasolina,12.4300,3
2018-04-16,BA,diesel_s10,129.5450,35
2018-04-16,BA,etanol,133.8530,38
2018-04-16,BA,gasolina,189.9220,43
2018-04-16,CE,diesel_s10,10.9100,3
2018-04-16,CE,etanol,14.0890,4
2018-04-16,CE,gasolina,22.5000,5
2018-04-16,DF,diesel_s10,45.3080,12
2018-04-16,DF,etanol,54.3660,15
2018-04-16,DF,gasolina,64.7690,15
2018-04-16,ES,diesel_s10,21.2500,6
2018-04-16,ES,etanol,18.9500,5
2018-04-16,ES,gasolina,34.3200,8
2018-04-16,MA,diesel_s10,106.1770,31
2018-04-16,MA,etanol,47.9510,13
2018-04-16,MA,gasolina,139.5520,35
2018-04-16,MG,diesel_s10,416.2030,115
2018-04-16,MG,etanol,548.6960,168
2018-04-16,MG,gasolina,768.5280,168
2018-04-16,MS,diesel_s10,132.2290,34
2018-04-16,MS,etanol,117.1300,33
2018-04-16,MS,gasolina,147.1230,34
2018-04-16,MT,diesel_s10,39.8120,10
2018-04-16,MT,etanol,39.3690,12
2018-04-16,MT,gasolina,53.2090,12
2018-04-16,PA,diesel_s10,132.8820,36
2018-04-16,PA,etanol,30.4650,8
2018-04-16,PA,gasolina,159.4820,36
2018-04-16,PB,diesel_s10,24.5440,7
2018-04-16,PB,etanol,26.5950,8
2018-04-16,PB,gasolina,32.4630,8
2018-04-16,PE,diesel_s10,50.3360,15
2018-04-16,PE,etanol,36.9080,11
2018-04-16,PE,gasolina,63.8050,15
2018-04-16,PI,diesel_s10,57.1820,16
2018-04-16,PI,etanol,32.0360,9
2018-04-16,PI,gasolina,74.0400,17
2018-04-16,PR,diesel_s10,195.5980,58
2018-04-16,PR,etanol,245.0660,79
2018-04-16,PR,gasolina,332.1970,78
2018-04-16,RJ,diesel_s10,460.1090,123
2018-04-16,RJ,etanol,597.2290,160
2018-04-16,RJ,gasolina,802.0610,170
2018-04-16,RN,diesel_s10,3.6300,1
2018-04-16,RN,etanol,3.3800,1
2018-04-16,RN,gasolina,4.1400,1
2018-04-16,RO,diesel_s10,14.9290,4
2018-04-16,RO,etanol,4.1400,1
2018-04-16,RO,gasolina,18.0690,4
2018-04-16,RS,diesel_s10,546.2890,159
2018-04-16,RS,etanol,434.9940,107
2018-04-16,RS,gasolina,898.8400,207
2018-04-16,SC,diesel_s10,479.6910,142
2018-04-16,SC,etanol,372.1300,104
2018-04-16,SC,gasolina,669.8820,170
2018-04-16,SE,diesel_s10,42.1380,12
2018-04-16,SE,etanol,14.3960,4
2018-04-16,SE,gasolina,49.4800,12
2018-04-16,SP,diesel_s10,511.1190,149
2018-04-16,SP,etanol,610.6400,214
2018-04-16,SP,gasolina,861.7840,214
2018-04-16,TO,diesel_s10,47.6020,14
2018-04-16,TO,etanol,44.8050,12
2018-04-16,TO,gasolina,60.9420,14
2018-04-17,AL,diesel_s10,89.3610,25
2018-04-17,AL,etanol,117.4750,32
2018-04-17,AL,gasolina,143.5530,33
2018-04-17,AM,diesel_s10,16.0700,4
2018-04-17,AM,etanol,3.8900,1
2018-04-17,AM,gasolina,23.7200,5
2018-04-17,AP,diesel_s10,58.4300,13
2018-04-17,AP,etanol,3.7900,1
2018-04-17,AP,gasolina,103.6200,25
2018-04-17,BA,diesel_s10,685.9730,197
2018-04-17,BA,etanol,842.9030,249
2018-04-17,BA,gasolina,1091.0160,258
2018-04-17,CE,diesel_s10,250.7270,69
2018-04-17,CE,etanol,247.3340,69
2018-04-17,CE,gasolina,318.6460,73
2018-04-17,DF,diesel_s10,92.7860,25
2018-04-17,DF,etanol,85.6770,24
2018-04-17,DF,gasolina,136.9250,32
2018-04-17,ES,diesel_s10,103.2400,30
2018-04-17,ES,etanol,55.7900,15
2018-04-17,ES,gasolina,166.9390,39
2018-04-17,GO,diesel_s10,49.1370,13
2018-04-17,GO,etanol,78.4350,24
2018-04-17,GO,gasolina,110.7360,24
2018-04-17,MA,diesel_s10,81.1880,23
2018-04-17,MA,etanol,44.2550,12
2018-04-17,MA,gasolina,101.1130,25
2018-04-17,MG,diesel_s10,609.1430,167
2018-04-17,MG,etanol,669.2620,206
2018-04-17,MG,gasolina,967.2660,213
2018-04-17,MS,diesel_s10,125.0960,33
2018-04-17,MS,etanol,149.4290,43
2018-04-17,MS,gasolina,173.5000,43
2018-04-17,PA,diesel_s10,226.0020,62
2018-04-17,PA,etanol,119.7530,32
2018-04-17,PA,gasolina,278.1950,64
2018-04-17,PB,diesel_s10,129.3240,38
2018-04-17,PB,etanol,152.2830,49
2018-04-17,PB,gasolina,202.5380,52
2018-04-17,PE,diesel_s10,273.7660,81
2018-04-17,PE,etanol,242.9290,74
2018-04-17,PE,gasolina,365.2700,88
2018-04-17,PI,diesel_s10,47.3180,13
2018-04-17,PI,etanol,41.4880,12
2018-04-17,PI,gasolina,54.1870,13
2018-04-17,PR,diesel_s10,399.9700,120
2018-04-17,PR,etanol,447.9810,147
2018-04-17,PR,gasolina,611.4890,146
2018-04-17,RJ,diesel_s10,379.2600,102
2018-04-17,RJ,etanol,472.9820,127
2018-04-17,RJ,gasolina,607.4010,129
2018-04-17,RN,diesel_s10,3.6900,1
2018-04-17,RN,etanol,3.4000,1
2018-04-17,RN,gasolina,4.2600,1
2018-04-17,RO,diesel_s10,116.4530,31
2018-04-17,RO,etanol,62.6360,16
2018-04-17,RO,gasolina,147.1380,33
2018-04-17,RR,diesel_s10,29.3900,8
2018-04-17,RR,etanol,11.0800,3
2018-04-17,RR,gasolina,38.5100,9
2018-04-17,RS,diesel_s10,148.9750,43
2018-04-17,RS,etanol,126.6690,31
2018-04-17,RS,gasolina,263.0730,60
2018-04-17,SC,diesel_s10,55.2370,16
2018-04-17,SC,etanol,53.5230,15
2018-04-17,SC,gasolina,91.7490,23
2018-04-17,SE,diesel_s10,87.3540,24
2018-04-17,SE,etanol,88.9900,25
2018-04-17,SE,gasolina,113.6790,28
2018-04-17,SP,diesel_s10,1282.7360,373
2018-04-17,SP,etanol,1415.6070,498
2018-04-17,SP,gasolina,1980.2190,495
2018-04-17,TO,diesel_s10,54.4020,16
2018-04-17,TO,etanol,61.4960,17
2018-04-17,TO,gasolina,83.7750,19
2018-04-18,AC,diesel_s10,61.9700,15
2018-04-18,AC,etanol,39.8900,10
2018-04-18,AC,gasolina,85.6300,18
2018-04-18,AL,diesel_s10,60.5070,17
2018-04-18,AL,etanol,86.4170,24
2018-04-18,AL,gasolina,104.6240,24
2018-04-18,AM,diesel_s10,19.5900,5
2018-04-18,AM,gasolina,53.6400,11
2018-04-18,AP,gasolina,3.8900,1
2018-04-18,BA,diesel_s10,99.5300,28
2018-04-18,BA,etanol,111.3670,32
2018-04-18,BA,gasolina,157.2790,36
2018-04-18,CE,diesel_s10,458.7100,127
2018-04-18,CE,etanol,440.7130,123
2018-04-18,CE,gasolina,551.2490,127
2018-04-18,GO,diesel_s10,279.7750,79
2018-04-18,GO,etanol,401.0550,136
2018-04-18,GO,gasolina,601.0960,137
2018-04-18,MA,diesel_s10,161.2660,48
2018-04-18,MA,etanol,44.8010,13
2018-04-18,MA,gasolina,209.6320,55
2018-04-18,MG,diesel_s10,409.3970,113
2018-04-18,MG,etanol,541.3820,168
2018-04-18,MG,gasolina,783.2880,170
2018-04-18,MS,diesel_s10,31.9820,8
2018-04-18,MS,etanol,36.3520,10
2018-04-18,MS,gasolina,44.2920,10
2018-04-18,MT,diesel_s10,426.3720,112
2018-04-18,MT,etanol,438.4080,146
2018-04-18,MT,gasolina,605.3950,145
2018-04-18,PA,diesel_s10,37.0580,10
2018-04-18,PA,etanol,8.5090,2
2018-04-18,PA,gasolina,59.3750,13
2018-04-18,PE,diesel_s10,183.6870,55
2018-04-18,PE,etanol,171.0130,54
2018-04-18,PE,gasolina,253.7860,62
2018-04-18,PI,diesel_s10,131.1950,36
2018-04-18,PI,etanol,90.9470,26
2018-04-18,PI,gasolina,161.9240,38
2018-04-18,PR,diesel_s10,155.3430,46
2018-04-18,PR,etanol,207.5900,66
2018-04-18,PR,gasolina,273.6530,64
2018-04-18,RJ,diesel_s10,200.4930,53
2018-04-18,RJ,etanol,242.7220,63
2018-04-18,RJ,gasolina,329.3930,68
2018-04-18,RN,diesel_s10,191.3330,52
2018-04-18,RN,etanol,199.1880,58
2018-04-18,RN,gasolina,252.5550,60
2018-04-18,RO,diesel_s10,102.9150,28
2018-04-18,RO,etanol,55.7660,15
2018-04-18,RO,gasolina,148.9010,35
2018-04-18,RR,diesel_s10,14.7700,4
2018-04-18,RR,etanol,3.5900,1
2018-04-18,RR,gasolina,17.0400,4
2018-04-18,RS,diesel_s10,162.7320,45
2018-04-18,RS,etanol,124.9110,29
2018-04-18,RS,gasolina,242.1500,53
2018-04-18,SC,diesel_s10,41.0300,12
2018-04-18,SC,etanol,47.7490,13
2018-04-18,SC,gasolina,56.2690,14
2018-04-18,SE,diesel_s10,3.5290,1
2018-04-18,SE,etanol,3.5590,1
2018-04-18,SE,gasolina,4.0990,1
2018-04-18,SP,diesel_s10,2112.1720,612
2018-04-18,SP,etanol,2339.4610,829
2018-04-18,SP,gasolina,3328.4330,816
2018-04-18,TO,diesel_s10,40.9720,11
2018-04-18,TO,etanol,33.8150,9
2018-04-18,TO,gasolina,53.6210,12
2018-04-19,AC,diesel_s10,45.4000,11
2018-04-19,AC,etanol,40.6000,10
2018-04-19,AC,gasolina,52.3400,11
2018-04-19,AL,etanol,3.5990,1
2018-04-19,AL,gasolina,4.3990,1
2018-04-19,AM,diesel_s10,10.7500,3
2018-04-19,AM,etanol,10.6900,3
2018-04-19,AM,gasolina,22.2790,5
2018-04-19,CE,diesel_s10,41.7400,11
2018-04-19,CE,etanol,33.8200,9
2018-04-19,CE,gasolina,50.9590,11
2018-04-19,ES,diesel_s10,157.7410,46
2018-04-19,ES,etanol,152.1940,42
2018-04-19,ES,gasolina,285.5880,70
2018-04-19,GO,diesel_s10,186.3320,51
2018-04-19,GO,etanol,228.0650,72
2018-04-19,GO,gasolina,299.4640,68
2018-04-19,MA,diesel_s10,16.7260,5
2018-04-19,MA,etanol,10.1270,3
2018-04-19,MA,gasolina,18.7950,5
2018-04-19,MG,diesel_s10,95.6570,27
2018-04-19,MG,etanol,112.1440,37
2018-04-19,MG,gasolina,142.9430,33
2018-04-19,PA,diesel_s10,11.6080,3
2018-04-19,PA,etanol,7.6280,2
2018-04-19,PA,gasolina,17.8580,4
2018-04-19,PE,diesel_s10,50.1590,15
2018-04-19,PE,etanol,66.9030,21
2018-04-19,PE,gasolina,88.6040,22
2018-04-19,PR,diesel_s10,202.6430,62
2018-04-19,PR,etanol,247.8340,82
2018-04-19,PR,gasolina,331.9860,82
2018-04-19,RJ,diesel_s10,129.8900,35
2018-04-19,RJ,etanol,189.2700,52
2018-04-19,RJ,gasolina,234.7730,50
2018-04-19,RS,diesel_s10,131.4440,38
2018-04-19,RS,etanol,78.3290,19
2018-04-19,RS,gasolina,194.3540,44
2018-04-19,SC,diesel_s10,139.3140,41
2018-04-19,SC,etanol,95.3630,27
2018-04-19,SC,gasolina,176.2430,45
2018-04-19,SP,diesel_s10,330.6570,96
2018-04-19,SP,etanol,346.5710,121
2018-04-19,SP,gasolina,489.3850,120
2018-04-23,AP,diesel_s10,49.5500,11
2018-04-23,AP,etanol,3.7900,1
2018-04-23,AP,gasolina,91.1300,22
2018-04-23,BA,diesel_s10,60.8880,16
2018-04-23,BA,etanol,79.1000,21
2018-04-23,BA,gasolina,102.9180,22
2018-04-23,GO,diesel_s10,80.8460,22
2018-04-23,GO,etanol,80.5760,26
2018-04-23,GO,gasolina,111.8440,26
2018-04-23,MA,diesel_s10,164.5150,49
2018-04-23,MA,etanol,45.0600,13
2018-04-23,MA,gasolina,206.4920,54
2018-04-23,MG,diesel_s10,97.9470,27
2018-04-23,MG,etanol,120.7380,38
2018-04-23,MG,gasolina,181.8050,40
2018-04-23,MS,diesel_s10,3.7990,1
2018-04-23,MS,etanol,3.4290,1
2018-04-23,PA,diesel_s10,21.0580,5
2018-04-23,PA,gasolina,29.2860,6
2018-04-23,PB,diesel_s10,3.3900,1
2018-04-23,PB,etanol,3.2400,1
2018-04-23,PB,gasolina,3.7600,1
2018-04-23,PE,diesel_s10,31.1550,9
2018-04-23,PE,etanol,13.6300,4
2018-04-23,PE,gasolina,45.0210,10
2018-04-23,PI,diesel_s10,113.7640,31
2018-04-23,PI,etanol,83.0690,24
2018-04-23,PI,gasolina,136.5510,32
2018-04-23,PR,diesel_s10,175.7150,52
2018-04-23,PR,etanol,229.3920,76
2018-04-23,PR,gasolina,319.7310,76
2018-04-23,RJ,diesel_s10,65.9230,18
2018-04-23,RJ,etanol,80.3790,22
2018-04-23,RJ,gasolina,107.8370,23
2018-04-23,RN,diesel_s10,81.1400,22
2018-04-23,RN,etanol,87.1220,25
2018-04-23,RN,gasolina,109.2470,26
2018-04-23,RO,diesel_s10,77.4070,21
2018-04-23,RO,etanol,51.7660,14
2018-04-23,RO,gasolina,113.1820,27
2018-04-23,RS,diesel_s10,695.7500,203
2018-04-23,RS,etanol,510.2040,125
2018-04-23,RS,gasolina,1131.5070,261
2018-04-23,SC,diesel_s10,554.2210,164
2018-04-23,SC,etanol,417.4310,118
2018-04-23,SC,gasolina,758.3720,194
2018-04-23,SP,diesel_s10,298.6400,86
2018-04-23,SP,etanol,289.7770,107
2018-04-23,SP,gasolina,432.8410,105
2018-04-23,TO,diesel_s10,58.6010,16
2018-04-23,TO,etanol,55.6630,15
2018-04-23,TO,gasolina,89.4280,20
2018-04-24,AC,diesel_s10,39.7490,9
2018-04-24,AC,etanol,4.4900,1
2018-04-24,AC,gasolina,49.5090,10
2018-04-24,AL,diesel_s10,82.8420,23
2018-04-24,AL,etanol,80.6700,22
2018-04-24,AL,gasolina,111.4900,26
2018-04-24,AM,diesel_s10,46.8700,12
2018-04-24,AM,etanol,11.6700,3
2018-04-24,AM,gasolina,128.1800,27
2018-04-24,AP,diesel_s10,8.8800,2
2018-04-24,AP,gasolina,8.2400,2
2018-04-24,BA,diesel_s10,566.5200,160
2018-04-24,BA,etanol,726.6400,217
2018-04-24,BA,gasolina,970.9010,230
2018-04-24,CE,diesel_s10,185.7260,50
2018-04-24,CE,etanol,164.0240,45
2018-04-24,CE,gasolina,229.1540,51
2018-04-24,DF,diesel_s10,7.5880,2
2018-04-24,DF,etanol,7.4780,2
2018-04-24,DF,gasolina,8.5980,2
2018-04-24,ES,diesel_s10,90.9200,26
2018-04-24,ES,etanol,48.3690,13
2018-04-24,ES,gasolina,142.5200,33
2018-04-24,GO,diesel_s10,71.4570,19
2018-04-24,GO,etanol,127.0040,41
2018-04-24,GO,gasolina,179.9960,40
2018-04-24,MA,diesel_s10,98.4660,28
2018-04-24,MA,etanol,60.1580,16
2018-04-24,MA,gasolina,126.7250,31
2018-04-24,MG,diesel_s10,649.1770,177
2018-04-24,MG,etanol,716.3870,224
2018-04-24,MG,gasolina,1018.0310,222
2018-04-24,MS,diesel_s10,138.3480,35
2018-04-24,MS,etanol,119.8750,34
2018-04-24,MS,gasolina,154.7590,36
2018-04-24,MT,diesel_s10,139.0800,36
2018-04-24,MT,etanol,130.2340,42
2018-04-24,MT,gasolina,176.2480,41
2018-04-24,PA,diesel_s10,249.2550,67
2018-04-24,PA,etanol,91.0960,24
2018-04-24,PA,gasolina,313.9070,71
2018-04-24,PB,diesel_s10,109.2380,32
2018-04-24,PB,etanol,124.7670,40
2018-04-24,PB,gasolina,164.6500,42
2018-04-24,PE,diesel_s10,316.4780,92
2018-04-24,PE,etanol,268.5430,81
2018-04-24,PE,gasolina,421.7090,99
2018-04-24,PI,diesel_s10,99.3130,27
2018-04-24,PI,etanol,74.1640,21
2018-04-24,PI,gasolina,122.3540,28
2018-04-24,PR,diesel_s10,170.4800,50
2018-04-24,PR,etanol,176.1370,59
2018-04-24,PR,gasolina,252.2880,60
2018-04-24,RJ,diesel_s10,536.2390,143
2018-04-24,RJ,etanol,733.9560,200
2018-04-24,RJ,gasolina,980.9400,208
2018-04-24,RN,diesel_s10,85.1160,23
2018-04-24,RN,etanol,97.6060,28
2018-04-24,RN,gasolina,127.8310,30
2018-04-24,RO,diesel_s10,95.4190,25
2018-04-24,RO,etanol,48.1250,12
2018-04-24,RO,gasolina,121.4250,27
2018-04-24,RR,diesel_s10,29.4100,8
2018-04-24,RR,etanol,11.0200,3
2018-04-24,RR,gasolina,34.2000,8
2018-04-24,RS,diesel_s10,111.3880,32
2018-04-24,RS,etanol,90.7960,22
2018-04-24,RS,gasolina,167.9390,38
2018-04-24,SC,diesel_s10,87.7960,25
2018-04-24,SC,etanol,78.9190,22
2018-04-24,SC,gasolina,131.1960,33
2018-04-24,SP,diesel_s10,1163.8350,335
2018-04-24,SP,etanol,1300.0420,471
2018-04-24,SP,gasolina,1878.7080,468
2018-04-24,TO,diesel_s10,20.3480,6
2018-04-24,TO,etanol,18.0300,5
2018-04-24,TO,gasolina,30.4780,7
2018-04-25,AC,diesel_s10,4.1200,1
2018-04-25,AC,etanol,3.9900,1
2018-04-25,AC,gasolina,4.7400,1
2018-04-25,AL,diesel_s10,39.8130,11
2018-04-25,AL,etanol,76.0060,21
2018-04-25,AL,gasolina,105.4290,24
2018-04-25,AP,diesel_s10,8.8400,2
2018-04-25,AP,gasolina,20.5700,5
2018-04-25,BA,diesel_s10,120.1850,32
2018-04-25,BA,etanol,110.5610,31
2018-04-25,BA,gasolina,152.2760,34
2018-04-25,CE,diesel_s10,505.5260,141
2018-04-25,CE,etanol,502.7330,141
2018-04-25,CE,gasolina,631.6920,147
2018-04-25,ES,diesel_s10,25.6500,7
2018-04-25,ES,etanol,29.8100,8
2018-04-25,ES,gasolina,56.1300,13
2018-04-25,GO,diesel_s10,346.3170,97
2018-04-25,GO,etanol,475.5020,164
2018-04-25,GO,gasolina,691.2430,158
2018-04-25,MA,diesel_s10,41.6620,12
2018-04-25,MA,etanol,6.9390,2
2018-04-25,MA,gasolina,60.1480,15
2018-04-25,MG,diesel_s10,441.4690,120
2018-04-25,MG,etanol,508.1400,163
2018-04-25,MG,gasolina,726.8770,159
2018-04-25,MS,diesel_s10,73.2150,19
2018-04-25,MS,etanol,73.6860,21
2018-04-25,MS,gasolina,96.5350,23
2018-04-25,MT,diesel_s10,335.6530,87
2018-04-25,MT,etanol,341.1230,114
2018-04-25,MT,gasolina,482.1760,115
2018-04-25,PA,diesel_s10,104.3370,29
2018-04-25,PA,etanol,64.0010,17
2018-04-25,PA,gasolina,121.9580,29
2018-04-25,PE,diesel_s10,167.3590,50
2018-04-25,PE,etanol,171.3420,54
2018-04-25,PE,gasolina,237.3810,57
2018-04-25,PI,diesel_s10,25.8680,7
2018-04-25,PI,etanol,7.2290,2
2018-04-25,PI,gasolina,35.0980,8
2018-04-25,PR,diesel_s10,375.7660,111
2018-04-25,PR,etanol,427.6650,145
2018-04-25,PR,gasolina,599.6760,144
2018-04-25,RJ,diesel_s10,128.3690,34
2018-04-25,RJ,etanol,160.0870,44
2018-04-25,RJ,gasolina,218.8850,46
2018-04-25,RN,diesel_s10,22.2290,6
2018-04-25,RN,etanol,21.0290,6
2018-04-25,RN,gasolina,25.4800,6
2018-04-25,RO,diesel_s10,37.5390,10
2018-04-25,RO,etanol,15.0600,4
2018-04-25,RO,gasolina,44.2690,10
2018-04-25,RR,diesel_s10,18.4700,5
2018-04-25,RR,etanol,7.6700,2
2018-04-25,RR,gasolina,21.2830,5
2018-04-25,RS,diesel_s10,163.6010,45
2018-04-25,RS,etanol,118.8150,28
2018-04-25,RS,gasolina,249.9260,54
2018-04-25,SC,diesel_s10,56.2600,16
2018-04-25,SC,etanol,46.3930,13
2018-04-25,SC,gasolina,98.0720,25
2018-04-25,SE,diesel_s10,42.0130,12
2018-04-25,SE,etanol,21.1780,6
2018-04-25,SE,gasolina,48.9730,12
2018-04-25,SP,diesel_s10,1432.8180,408
2018-04-25,SP,etanol,1451.7790,529
2018-04-25,SP,gasolina,2110.8540,516
2018-04-25,TO,diesel_s10,28.2930,8
2018-04-25,TO,etanol,21.8270,6
2018-04-25,TO,gasolina,30.9970,7
2018-04-26,AC,diesel_s10,112.6050,27
2018-04-26,AC,etanol,63.3980,16
2018-04-26,AC,gasolina,133.8770,28
2018-04-26,AL,diesel_s10,28.7440,8
2018-04-26,AL,etanol,28.3950,8
2018-04-26,AL,gasolina,34.5040,8
2018-04-26,AM,diesel_s10,102.3990,28
2018-04-26,AM,etanol,115.0860,32
2018-04-26,AM,gasolina,192.3250,43
2018-04-26,BA,diesel_s10,137.6720,40
2018-04-26,BA,etanol,172.1570,53
2018-04-26,BA,gasolina,215.3510,53
2018-04-26,CE,diesel_s10,55.9790,15
2018-04-26,CE,etanol,62.4500,17
2018-04-26,CE,gasolina,85.5490,19
2018-04-26,DF,diesel_s10,127.9670,34
2018-04-26,DF,etanol,128.2170,36
2018-04-26,DF,gasolina,191.7170,45
2018-04-26,ES,diesel_s10,170.5940,49
2018-04-26,ES,etanol,162.8590,45
2018-04-26,ES,gasolina,288.7780,70
2018-04-26,GO,diesel_s10,7.4890,2
2018-04-26,GO,etanol,8.8900,3
2018-04-26,GO,gasolina,13.0780,3
2018-04-26,MA,diesel_s10,66.9350,19
2018-04-26,MA,etanol,29.0430,8
2018-04-26,MA,gasolina,79.6320,20
2018-04-26,MG,diesel_s10,359.3310,98
2018-04-26,MG,etanol,469.3560,152
2018-04-26,MG,gasolina,701.3200,155
2018-04-26,MS,diesel_s10,79.9060,21
2018-04-26,MS,etanol,97.3220,28
2018-04-26,MS,gasolina,112.9860,28
2018-04-26,PA,diesel_s10,23.3180,6
2018-04-26,PA,etanol,4.0000,1
2018-04-26,PA,gasolina,42.7590,9
2018-04-26,PB,diesel_s10,52.6550,15
2018-04-26,PB,etanol,48.6770,15
2018-04-26,PB,gasolina,65.3440,16
2018-04-26,PE,diesel_s10,51.1830,15
2018-04-26,PE,etanol,60.9710,19
2018-04-26,PE,gasolina,87.9770,21
2018-04-26,PR,diesel_s10,255.6490,75
2018-04-26,PR,etanol,272.7760,92
2018-04-26,PR,gasolina,369.6510,88
2018-04-26,RJ,diesel_s10,374.9390,99
2018-04-26,RJ,etanol,500.0560,134
2018-04-26,RJ,gasolina,659.7300,138
2018-04-26,RO,diesel_s10,30.1000,8
2018-04-26,RO,etanol,7.5400,2
2018-04-26,RO,gasolina,36.2000,8
2018-04-26,RS,diesel_s10,25.9770,7
2018-04-26,RS,etanol,22.7340,5
2018-04-26,RS,gasolina,50.3330,11
2018-04-26,SC,diesel_s10,3.5900,1
2018-04-26,SC,etanol,3.0900,1
2018-04-26,SC,gasolina,3.9900,1
2018-04-26,SE,diesel_s10,94.5890,26
2018-04-26,SE,etanol,89.7480,25
2018-04-26,SE,gasolina,120.9380,29
2018-04-26,SP,diesel_s10,1428.5440,406
2018-04-26,SP,etanol,1495.6240,557
2018-04-26,SP,gasolina,2244.4190,554
2018-04-26,TO,diesel_s10,37.5580,11
2018-04-26,TO,etanol,33.9450,9
2018-04-26,TO,gasolina,47.8340,11
2018-04-30,AC,diesel_s10,39.7490,9
2018-04-30,AC,etanol,4.4900,1
2018-04-30,AC,gasolina,49.5090,10
2018-04-30,AL,diesel_s10,75.8260,21
2018-04-30,AL,etanol,76.8910,21
2018-04-30,AL,gasolina,102.9420,24
2018-04-30,AM,diesel_s10,34.7500,9
2018-04-30,AM,etanol,11.6700,3
2018-04-30,AM,gasolina,99.8000,21
2018-04-30,BA,diesel_s10,487.5310,135
2018-04-30,BA,etanol,581.5350,169
2018-04-30,BA,gasolina,786.6710,181
2018-04-30,CE,diesel_s10,167.7970,45
2018-04-30,CE,etanol,153.1350,42
2018-04-30,CE,gasolina,206.5670,46
2018-04-30,DF,diesel_s10,135.4250,36
2018-04-30,DF,etanol,126.6630,36
2018-04-30,DF,gasolina,194.4590,46
2018-04-30,ES,diesel_s10,84.0400,24
2018-04-30,ES,etanol,44.9790,12
2018-04-30,ES,gasolina,134.1000,31
2018-04-30,GO,diesel_s10,163.1760,43
2018-04-30,GO,etanol,204.0980,67
2018-04-30,GO,gasolina,298.7100,67
2018-04-30,MA,diesel_s10,123.3310,35
2018-04-30,MA,etanol,67.0320,18
2018-04-30,MA,gasolina,159.1590,39
2018-04-30,MG,diesel_s10,815.2540,222
2018-04-30,MG,etanol,938.8950,299
2018-04-30,MG,gasolina,1362.6620,300
2018-04-30,MS,diesel_s10,122.2410,31
2018-04-30,MS,etanol,105.2380,30
2018-04-30,MS,gasolina,137.7320,32
2018-04-30,MT,diesel_s10,79.9750,20
2018-04-30,MT,etanol,73.4530,22
2018-04-30,MT,gasolina,93.6270,21
2018-04-30,PA,diesel_s10,232.6610,62
2018-04-30,PA,etanol,87.7970,23
2018-04-30,PA,gasolina,290.0960,65
2018-04-30,PB,diesel_s10,58.3940,17
2018-04-30,PB,etanol,54.3140,17
2018-04-30,PB,gasolina,70.8610,18
2018-04-30,PE,diesel_s10,331.2740,96
2018-04-30,PE,etanol,268.6730,81
2018-04-30,PE,gasolina,432.8620,101
2018-04-30,PI,diesel_s10,62.4270,17
2018-04-30,PI,etanol,40.6670,11
2018-04-30,PI,gasolina,76.5370,17
2018-04-30,PR,diesel_s10,497.4840,146
2018-04-30,PR,etanol,564.9130,193
2018-04-30,PR,gasolina,803.7320,194
2018-04-30,RJ,diesel_s10,309.6860,83
2018-04-30,RJ,etanol,397.1730,109
2018-04-30,RJ,gasolina,533.0310,113
2018-04-30,RN,diesel_s10,70.3370,19
2018-04-30,RN,etanol,83.5470,24
2018-04-30,RN,gasolina,110.8620,26
2018-04-30,RO,diesel_s10,87.8590,23
2018-04-30,RO,etanol,44.4750,11
2018-04-30,RO,gasolina,112.5050,25
2018-04-30,RS,diesel_s10,654.5620,189
2018-04-30,RS,etanol,435.6770,107
2018-04-30,RS,gasolina,1010.9790,233
2018-04-30,SC,diesel_s10,626.1120,183
2018-04-30,SC,etanol,484.4030,137
2018-04-30,SC,gasolina,868.8770,222
2018-04-30,SP,diesel_s10,1170.7750,335
2018-04-30,SP,etanol,1258.6300,460
2018-04-30,SP,gasolina,1840.3480,455
2018-04-30,TO,diesel_s10,48.5330,13
2018-04-30,TO,etanol,40.9750,11
2018-04-30,TO,gasolina,66.5400,15
2018-05-01,AP,diesel_s10,8.8400,2
2018-05-01,AP,gasolina,20.5700,5
2018-05-01,BA,diesel_s10,190.3610,52
2018-05-01,BA,etanol,270.9600,81
2018-05-01,BA,gasolina,356.4330,85
2018-05-01,CE,diesel_s10,73.5090,20
2018-05-01,CE,etanol,72.1680,20
2018-05-01,CE,gasolina,100.0140,23
2018-05-01,ES,diesel_s10,25.6500,7
2018-05-01,ES,etanol,26.0300,7
2018-05-01,ES,gasolina,47.5700,11
2018-05-01,GO,diesel_s10,168.0890,46
2018-05-01,GO,etanol,270.8470,91
2018-05-01,GO,gasolina,385.0310,88
2018-05-01,MA,diesel_s10,39.2140,11
2018-05-01,MA,etanol,6.9390,2
2018-05-01,MA,gasolina,52.7900,13
2018-05-01,MG,diesel_s10,323.5740,87
2018-05-01,MG,etanol,376.9210,120
2018-05-01,MG,gasolina,556.3860,121
2018-05-01,MS,diesel_s10,20.3500,5
2018-05-01,MS,etanol,21.9000,6
2018-05-01,MS,gasolina,31.6900,7
2018-05-01,MT,diesel_s10,130.7020,33
2018-05-01,MT,etanol,134.2810,41
2018-05-01,MT,gasolina,182.5180,41
2018-05-01,PA,diesel_s10,26.0090,7
2018-05-01,PA,etanol,20.4200,5
2018-05-01,PA,gasolina,31.5400,7
2018-05-01,PE,diesel_s10,115.4980,34
2018-05-01,PE,etanol,106.5510,33
2018-05-01,PE,gasolina,150.1200,36
2018-05-01,PI,diesel_s10,26.0080,7
2018-05-01,PI,etanol,7.2290,2
2018-05-01,PI,gasolina,35.3780,8
2018-05-01,PR,diesel_s10,178.2690,53
2018-05-01,PR,etanol,213.9550,72
2018-05-01,PR,gasolina,301.3460,72
2018-05-01,RJ,diesel_s10,90.6100,24
2018-05-01,RJ,etanol,121.1090,33
2018-05-01,RJ,gasolina,162.5860,34
2018-05-01,RN,diesel_s10,18.5990,5
2018-05-01,RN,etanol,21.0290,6
2018-05-01,RN,gasolina,21.2500,5
2018-05-01,RO,diesel_s10,30.1990,8
2018-05-01,RO,etanol,7.6800,2
2018-05-01,RO,gasolina,35.7090,8
2018-05-01,RR,diesel_s10,18.3800,5
2018-05-01,RR,etanol,11.2800,3
2018-05-01,RR,gasolina,21.3800,5
2018-05-01,RS,diesel_s10,138.9840,38
2018-05-01,RS,etanol,106.3450,25
2018-05-01,RS,gasolina,222.4900,48
2018-05-01,SC,diesel_s10,63.1880,18
2018-05-01,SC,etanol,52.7820,15
2018-05-01,SC,gasolina,93.6740,24
2018-05-01,SE,diesel_s10,110.6950,30
2018-05-01,SE,etanol,82.0720,23
2018-05-01,SE,gasolina,130.1180,31
2018-05-01,SP,diesel_s10,1142.9660,323
2018-05-01,SP,etanol,1126.5360,413
2018-05-01,SP,gasolina,1640.2720,401
2018-05-01,TO,diesel_s10,24.8980,7
2018-05-01,TO,etanol,18.1780,5
2018-05-01,TO,gasolina,26.6080,6
2018-05-02,AL,diesel_s10,36.3830,10
2018-05-02,AL,etanol,32.1740,9
2018-05-02,AL,gasolina,43.0610,10
2018-05-02,AM,diesel_s10,7.9800,2
2018-05-02,AM,etanol,7.9800,2
2018-05-02,AM,gasolina,28.2200,6
2018-05-02,AP,diesel_s10,59.0900,13
2018-05-02,AP,etanol,3.7900,1
2018-05-02,AP,gasolina,99.0710,24
2018-05-02,BA,diesel_s10,205.6060,58
2018-05-02,BA,etanol,220.0740,67
2018-05-02,BA,gasolina,290.9320,69
2018-05-02,CE,diesel_s10,155.0300,42
2018-05-02,CE,etanol,145.0350,40
2018-05-02,CE,gasolina,207.5170,47
2018-05-02,ES,diesel_s10,168.5960,48
2018-05-02,ES,etanol,156.2570,43
2018-05-02,ES,gasolina,307.0070,74
2018-05-02,GO,diesel_s10,28.4450,8
2018-05-02,GO,etanol,52.5590,19
2018-05-02,GO,gasolina,80.5380,19
2018-05-02,MA,diesel_s10,90.4990,26
2018-05-02,MA,etanol,43.0530,12
2018-05-02,MA,gasolina,110.0260,28
2018-05-02,MG,diesel_s10,236.4530,64
2018-05-02,MG,etanol,254.4110,81
2018-05-02,MG,gasolina,380.0460,83
2018-05-02,MS,diesel_s10,84.3540,22
2018-05-02,MS,etanol,91.6120,26
2018-05-02,MS,gasolina,106.0300,26
2018-05-02,MT,etanol,2.5970,1
2018-05-02,MT,gasolina,3.6990,1
2018-05-02,PA,diesel_s10,68.0640,18
2018-05-02,PA,etanol,15.2390,4
2018-05-02,PA,gasolina,96.0040,21
2018-05-02,PB,diesel_s10,45.9380,13
2018-05-02,PB,etanol,50.4790,16
2018-05-02,PB,gasolina,68.7860,17
2018-05-02,PE,diesel_s10,131.4810,38
2018-05-02,PE,etanol,138.2740,43
2018-05-02,PE,gasolina,206.7870,49
2018-05-02,PI,diesel_s10,40.5000,11
2018-05-02,PI,etanol,34.2010,10
2018-05-02,PI,gasolina,51.5700,12
2018-05-02,PR,diesel_s10,251.2130,73
2018-05-02,PR,etanol,260.2920,87
2018-05-02,PR,gasolina,353.3340,83
2018-05-02,RJ,diesel_s10,389.9380,103
2018-05-02,RJ,etanol,484.1490,131
2018-05-02,RJ,gasolina,664.0090,139
2018-05-02,RN,diesel_s10,97.0380,26
2018-05-02,RN,etanol,105.9480,30
2018-05-02,RN,gasolina,123.8970,29
2018-05-02,RO,diesel_s10,118.6970,32
2018-05-02,RO,etanol,71.0460,19
2018-05-02,RO,gasolina,162.3320,38
2018-05-02,RR,diesel_s10,29.5200,8
2018-05-02,RR,etanol,3.6900,1
2018-05-02,RR,gasolina,29.8700,7
2018-05-02,RS,diesel_s10,133.5990,37
2018-05-02,RS,etanol,108.5000,26
2018-05-02,RS,gasolina,233.7010,53
2018-05-02,SC,diesel_s10,21.1910,6
2018-05-02,SC,etanol,17.6330,5
2018-05-02,SC,gasolina,24.5520,6
2018-05-02,SE,diesel_s10,28.6630,8
2018-05-02,SE,etanol,17.8550,5
2018-05-02,SE,gasolina,33.3330,8
2018-05-02,SP,diesel_s10,1077.7890,305
2018-05-02,SP,etanol,1151.9960,429
2018-05-02,SP,gasolina,1731.7220,427
2018-05-02,TO,diesel_s10,75.5530,22
2018-05-02,TO,etanol,70.4430,19
2018-05-02,TO,gasolina,106.6650,24
2018-05-03,AL,diesel_s10,47.1700,13
2018-05-03,AL,etanol,70.2530,20
2018-05-03,AL,gasolina,98.0900,23
2018-05-03,AM,diesel_s10,114.2670,31
2018-05-03,AM,etanol,130.4570,36
2018-05-03,AM,gasolina,193.0490,43
2018-05-03,BA,diesel_s10,10.6380,3
2018-05-03,BA,etanol,13.4170,4
2018-05-03,BA,gasolina,16.8680,4
2018-05-03,CE,diesel_s10,370.2180,101
2018-05-03,CE,etanol,358.5760,100
2018-05-03,CE,gasolina,442.8540,101
2018-05-03,GO,diesel_s10,157.1450,43
2018-05-03,GO,etanol,142.0830,54
2018-05-03,GO,gasolina,245.0900,56
2018-05-03,MA,diesel_s10,120.4840,36
2018-05-03,MA,etanol,20.0340,6
2018-05-03,MA,gasolina,152.8410,40
2018-05-03,MG,diesel_s10,160.9080,43
2018-05-03,MG,etanol,246.3720,80
2018-05-03,MG,gasolina,370.5420,80
2018-05-03,MS,diesel_s10,72.1770,19
2018-05-03,MS,etanol,80.2320,23
2018-05-03,MS,gasolina,92.2580,23
2018-05-03,MT,diesel_s10,244.4470,65
2018-05-03,MT,etanol,254.1720,92
2018-05-03,MT,gasolina,372.4640,92
2018-05-03,PA,diesel_s10,73.6450,20
2018-05-03,PA,etanol,47.4800,13
2018-05-03,PA,gasolina,87.4740,21
2018-05-03,PB,diesel_s10,87.5580,25
2018-05-03,PB,etanol,85.3350,27
2018-05-03,PB,gasolina,113.2230,28
2018-05-03,PE,diesel_s10,3.4990,1
2018-05-03,PE,etanol,3.1990,1
2018-05-03,PE,gasolina,4.2300,1
2018-05-03,PI,diesel_s10,110.8800,30
2018-05-03,PI,etanol,81.7760,24
2018-05-03,PI,gasolina,132.0490,31
2018-05-03,PR,diesel_s10,53.2890,15
2018-05-03,PR,etanol,56.0480,19
2018-05-03,PR,gasolina,83.2700,19
2018-05-03,RJ,diesel_s10,360.4520,95
2018-05-03,RJ,etanol,456.6490,126
2018-05-03,RJ,gasolina,618.9740,132
2018-05-03,RN,diesel_s10,3.8600,1
2018-05-03,RN,etanol,3.5900,1
2018-05-03,RN,gasolina,4.2800,1
2018-05-03,RO,diesel_s10,3.9640,1
2018-05-03,RO,gasolina,4.4740,1
2018-05-03,RS,diesel_s10,83.3230,23
2018-05-03,RS,etanol,56.9120,14
2018-05-03,RS,gasolina,128.7270,29
2018-05-03,SE,diesel_s10,3.6290,1
2018-05-03,SE,etanol,3.4850,1
2018-05-03,SE,gasolina,4.1500,1
2018-05-03,SP,diesel_s10,963.2800,272
2018-05-03,SP,etanol,935.1590,361
2018-05-03,SP,gasolina,1436.7300,360
2018-05-04,AC,diesel_s10,124.6900,29
2018-05-04,AC,etanol,77.6000,19
2018-05-04,AC,gasolina,141.2700,29
2018-05-04,DF,diesel_s10,3.7590,1
2018-05-04,DF,etanol,3.3590,1
2018-05-04,DF,gasolina,4.1790,1
2018-05-04,MG,etanol,3.2400,1
2018-05-04,MG,gasolina,4.6900,1
2018-05-04,MT,diesel_s10,7.8790,2
2018-05-04,MT,etanol,6.1790,2
2018-05-04,MT,gasolina,8.6790,2
2018-05-04,PA,diesel_s10,3.7390,1
2018-05-04,PA,gasolina,4.4190,1
2018-05-04,RS,diesel_s10,3.7400,1
2018-05-04,RS,gasolina,4.4600,1
2018-05-04,SE,diesel_s10,3.6690,1
2018-05-04,SE,gasolina,4.2890,1
2018-05-04,SP,etanol,2.5990,1
2018-05-04,SP,gasolina,3.9990,1
2018-05-07,AC,diesel_s10,39.8070,9
2018-05-07,AC,gasolina,49.5870,10
2018-05-07,AL,diesel_s10,14.8220,4
2018-05-07,AL,etanol,45.3650,13
2018-05-07,AL,gasolina,59.0950,14
2018-05-07,AM,diesel_s10,11.9990,3
2018-05-07,AM,gasolina,35.2500,7
2018-05-07,AP,diesel_s10,59.0900,13
2018-05-07,AP,etanol,3.7900,1
2018-05-07,AP,gasolina,99.0710,24
2018-05-07,BA,diesel_s10,122.2130,33
2018-05-07,BA,etanol,100.7340,29
2018-05-07,BA,gasolina,170.6510,38
2018-05-07,CE,diesel_s10,230.2420,60
2018-05-07,CE,etanol,222.7790,60
2018-05-07,CE,gasolina,304.6510,67
2018-05-07,ES,diesel_s10,86.6800,24
2018-05-07,ES,etanol,51.7500,14
2018-05-07,ES,gasolina,143.8600,33
2018-05-07,MA,diesel_s10,42.4960,12
2018-05-07,MA,etanol,22.5690,6
2018-05-07,MA,gasolina,65.5240,16
2018-05-07,MG,diesel_s10,269.8850,71
2018-05-07,MG,etanol,275.2800,90
2018-05-07,MG,gasolina,421.3640,90
2018-05-07,MS,diesel_s10,39.7650,10
2018-05-07,MS,etanol,42.2650,12
2018-05-07,MS,gasolina,61.9030,14
2018-05-07,PA,diesel_s10,114.4060,30
2018-05-07,PA,etanol,34.7450,9
2018-05-07,PA,gasolina,145.7020,32
2018-05-07,PB,diesel_s10,53.9040,15
2018-05-07,PB,etanol,48.1840,15
2018-05-07,PB,gasolina,61.2950,15
2018-05-07,PE,diesel_s10,125.0310,36
2018-05-07,PE,etanol,108.1910,34
2018-05-07,PE,gasolina,171.3730,41
2018-05-07,PI,diesel_s10,37.2250,10
2018-05-07,PI,etanol,28.1850,8
2018-05-07,PI,gasolina,47.9120,11
2018-05-07,PR,diesel_s10,261.1530,76
2018-05-07,PR,etanol,286.6200,99
2018-05-07,PR,gasolina,413.4210,99
2018-05-07,RJ,diesel_s10,67.8940,18
2018-05-07,RJ,etanol,85.9980,25
2018-05-07,RJ,gasolina,118.0640,25
2018-05-07,RO,diesel_s10,70.5050,19
2018-05-07,RO,etanol,51.9250,14
2018-05-07,RO,gasolina,101.1500,24
2018-05-07,RS,diesel_s10,542.5640,154
2018-05-07,RS,etanol,371.3370,91
2018-05-07,RS,gasolina,900.5910,205
2018-05-07,SC,diesel_s10,419.8770,122
2018-05-07,SC,etanol,325.3630,94
2018-05-07,SC,gasolina,584.0900,149
2018-05-07,SP,diesel_s10,422.7780,118
2018-05-07,SP,etanol,434.3140,163
2018-05-07,SP,gasolina,655.6060,164
2018-05-07,TO,diesel_s10,27.5250,8
2018-05-07,TO,etanol,25.5080,7
2018-05-07,TO,gasolina,45.5010,10
2018-05-08,AL,diesel_s10,22.5530,6
2018-05-08,AL,etanol,34.0320,10
2018-05-08,AL,gasolina,42.3810,10
2018-05-08,AM,diesel_s10,14.6300,4
2018-05-08,AM,etanol,7.7800,2
2018-05-08,AM,gasolina,36.1500,8
2018-05-08,BA,diesel_s10,77.7480,21
2018-05-08,BA,etanol,97.5970,29
2018-05-08,BA,gasolina,141.3560,32
2018-05-08,CE,diesel_s10,434.5070,115
2018-05-08,CE,etanol,400.5390,110
2018-05-08,CE,gasolina,534.0960,117
2018-05-08,ES,diesel_s10,24.7800,7
2018-05-08,ES,etanol,15.2500,4
2018-05-08,ES,gasolina,34.9200,8
2018-05-08,GO,diesel_s10,124.4610,33
2018-05-08,GO,etanol,185.6880,65
2018-05-08,GO,gasolina,267.7980,61
2018-05-08,MA,diesel_s10,188.6480,55
2018-05-08,MA,etanol,48.7280,14
2018-05-08,MA,gasolina,242.3910,62
2018-05-08,MG,diesel_s10,234.6320,63
2018-05-08,MG,etanol,279.2380,92
2018-05-08,MG,gasolina,418.1970,92
2018-05-08,MS,diesel_s10,39.2710,10
2018-05-08,MS,etanol,33.2810,10
2018-05-08,MS,gasolina,37.9970,9
2018-05-08,MT,diesel_s10,284.6250,74
2018-05-08,MT,etanol,265.5800,95
2018-05-08,MT,gasolina,390.2610,95
2018-05-08,PA,diesel_s10,90.3070,25
2018-05-08,PA,etanol,46.6720,13
2018-05-08,PA,gasolina,107.5770,26
2018-05-08,PB,diesel_s10,14.8100,4
2018-05-08,PB,etanol,19.0900,6
2018-05-08,PB,gasolina,25.6900,6
2018-05-08,PE,diesel_s10,58.8730,17
2018-05-08,PE,etanol,70.7100,22
2018-05-08,PE,gasolina,92.4900,22
2018-05-08,PI,diesel_s10,58.9240,16
2018-05-08,PI,etanol,47.6660,14
2018-05-08,PI,gasolina,67.5340,16
2018-05-08,PR,diesel_s10,251.9700,72
2018-05-08,PR,etanol,267.3290,91
2018-05-08,PR,gasolina,374.1590,88
2018-05-08,RJ,diesel_s10,164.0670,43
2018-05-08,RJ,etanol,195.2660,54
2018-05-08,RJ,gasolina,261.4700,55
2018-05-08,RN,diesel_s10,146.1730,39
2018-05-08,RN,etanol,154.1590,44
2018-05-08,RN,gasolina,203.4910,48
2018-05-08,RO,diesel_s10,30.3500,8
2018-05-08,RO,etanol,14.5300,4
2018-05-08,RO,gasolina,43.5000,10
2018-05-08,RR,diesel_s10,40.4500,11
2018-05-08,RR,etanol,7.4300,2
2018-05-08,RR,gasolina,46.9500,11
2018-05-08,RS,diesel_s10,272.7080,76
2018-05-08,RS,etanol,199.1220,48
2018-05-08,RS,gasolina,386.9800,88
2018-05-08,SC,diesel_s10,152.2060,43
2018-05-08,SC,etanol,128.2990,36
2018-05-08,SC,gasolina,211.4850,54
2018-05-08,SE,diesel_s10,43.2600,12
2018-05-08,SE,etanol,21.1460,6
2018-05-08,SE,gasolina,49.6030,12
2018-05-08,SP,diesel_s10,632.2240,178
2018-05-08,SP,etanol,652.3140,243
2018-05-08,SP,gasolina,969.9230,239
2018-05-08,TO,diesel_s10,38.8940,11
2018-05-08,TO,etanol,33.0870,9
2018-05-08,TO,gasolina,48.4850,11
2018-05-09,AC,diesel_s10,125.0000,29
2018-05-09,AC,etanol,81.2700,20
2018-05-09,AC,gasolina,141.3600,29
2018-05-09,AM,diesel_s10,123.5080,33
2018-05-09,AM,etanol,130.6080,36
2018-05-09,AM,gasolina,251.0600,55
2018-05-09,AP,diesel_s10,9.1880,2
2018-05-09,AP,gasolina,20.4150,5
2018-05-09,BA,diesel_s10,104.9000,27
2018-05-09,BA,etanol,119.0010,32
2018-05-09,BA,gasolina,147.2900,32
2018-05-09,CE,diesel_s10,126.7420,33
2018-05-09,CE,etanol,111.9110,31
2018-05-09,CE,gasolina,146.6510,32
2018-05-09,DF,diesel_s10,42.3970,11
2018-05-09,DF,etanol,43.5380,12
2018-05-09,DF,gasolina,55.4080,13
2018-05-09,ES,diesel_s10,10.9100,3
2018-05-09,ES,etanol,7.5890,2
2018-05-09,ES,gasolina,21.5300,5
2018-05-09,GO,diesel_s10,396.5960,106
2018-05-09,GO,etanol,463.5780,169
2018-05-09,GO,gasolina,725.7700,166
2018-05-09,MA,diesel_s10,58.9560,17
2018-05-09,MA,etanol,17.9360,5
2018-05-09,MA,gasolina,74.9450,19
2018-05-09,MG,diesel_s10,798.7740,213
2018-05-09,MG,etanol,898.6330,298
2018-05-09,MG,gasolina,1352.2480,298
2018-05-09,MS,diesel_s10,118.0110,31
2018-05-09,MS,etanol,149.6730,43
2018-05-09,MS,gasolina,178.1770,44
2018-05-09,MT,diesel_s10,140.0180,36
2018-05-09,MT,etanol,127.2930,44
2018-05-09,MT,gasolina,181.3330,43
2018-05-09,PA,diesel_s10,149.2670,39
2018-05-09,PA,etanol,56.8200,15
2018-05-09,PA,gasolina,188.9470,42
2018-05-09,PB,diesel_s10,3.6990,1
2018-05-09,PB,etanol,3.4990,1
2018-05-09,PB,gasolina,4.3990,1
2018-05-09,PE,diesel_s10,298.0420,84
2018-05-09,PE,etanol,253.5680,76
2018-05-09,PE,gasolina,382.5730,90
2018-05-09,PI,diesel_s10,100.3910,27
2018-05-09,PI,etanol,76.7930,22
2018-05-09,PI,gasolina,126.3990,29
2018-05-09,PR,diesel_s10,317.1100,92
2018-05-09,PR,etanol,355.5590,125
2018-05-09,PR,gasolina,514.7760,124
2018-05-09,RJ,diesel_s10,537.4010,140
2018-05-09,RJ,etanol,650.5890,183
2018-05-09,RJ,gasolina,882.0770,186
2018-05-09,RN,diesel_s10,48.9750,13
2018-05-09,RN,etanol,48.4110,14
2018-05-09,RN,gasolina,63.9740,15
2018-05-09,RO,diesel_s10,104.8190,27
2018-05-09,RO,etanol,52.5250,13
2018-05-09,RO,gasolina,130.6750,29
2018-05-09,RR,diesel_s10,7.3900,2
2018-05-09,RR,etanol,3.9800,1
2018-05-09,RR,gasolina,8.5730,2
2018-05-09,RS,diesel_s10,177.7350,48
2018-05-09,RS,etanol,132.2900,32
2018-05-09,RS,gasolina,250.6850,55
2018-05-09,SC,diesel_s10,118.1550,33
2018-05-09,SC,etanol,122.3260,34
2018-05-09,SC,gasolina,188.7810,47
2018-05-09,SE,diesel_s10,18.4150,5
2018-05-09,SE,etanol,14.2560,4
2018-05-09,SE,gasolina,21.1950,5
2018-05-09,SP,diesel_s10,2548.9400,710
2018-05-09,SP,etanol,2472.6830,941
2018-05-09,SP,gasolina,3791.9600,931
2018-05-09,TO,diesel_s10,87.5260,24
2018-05-09,TO,etanol,62.0420,17
2018-05-09,TO,gasolina,106.7360,24
2018-05-10,AL,diesel_s10,111.0250,30
2018-05-10,AL,etanol,108.9950,30
2018-05-10,AL,gasolina,142.3590,33
2018-05-10,BA,diesel_s10,620.3190,171
2018-05-10,BA,etanol,791.3400,228
2018-05-10,BA,gasolina,1035.5000,232
2018-05-10,DF,diesel_s10,95.2560,25
2018-05-10,DF,etanol,95.0640,27
2018-05-10,DF,gasolina,143.0340,34
2018-05-10,ES,diesel_s10,169.0530,48
2018-05-10,ES,etanol,167.5730,46
2018-05-10,ES,gasolina,293.0330,70
2018-05-10,MA,diesel_s10,69.0540,19
2018-05-10,MA,etanol,40.2000,11
2018-05-10,MA,gasolina,93.5340,23
2018-05-10,MG,diesel_s10,265.8610,71
2018-05-10,MG,etanol,296.6560,98
2018-05-10,MG,gasolina,449.7140,98
2018-05-10,MS,diesel_s10,70.0670,17
2018-05-10,MS,etanol,66.4980,19
2018-05-10,MS,gasolina,85.8900,20
2018-05-10,MT,diesel_s10,79.9290,19
2018-05-10,MT,etanol,65.2900,20
2018-05-10,MT,gasolina,93.8690,20
2018-05-10,PA,diesel_s10,50.2000,13
2018-05-10,PA,etanol,12.9700,3
2018-05-10,PA,gasolina,73.1900,16
2018-05-10,PB,diesel_s10,115.4540,33
2018-05-10,PB,etanol,118.7410,38
2018-05-10,PB,gasolina,164.5910,41
2018-05-10,PE,diesel_s10,109.3980,30
2018-05-10,PE,etanol,94.8630,27
2018-05-10,PE,gasolina,152.8470,34
2018-05-10,PI,diesel_s10,41.4890,11
2018-05-10,PI,etanol,18.5350,5
2018-05-10,PI,gasolina,53.6000,12
2018-05-10,PR,diesel_s10,147.9160,42
2018-05-10,PR,etanol,166.5520,58
2018-05-10,PR,gasolina,244.8160,57
2018-05-10,RJ,diesel_s10,426.2990,111
2018-05-10,RJ,etanol,507.8800,142
2018-05-10,RJ,gasolina,732.2490,154
2018-05-10,RO,diesel_s10,35.4780,9
2018-05-10,RO,etanol,12.1890,3
2018-05-10,RO,gasolina,40.6180,9
2018-05-10,RS,diesel_s10,53.6350,15
2018-05-10,RS,etanol,31.8330,8
2018-05-10,RS,gasolina,65.3370,15
2018-05-10,SC,diesel_s10,3.4990,1
2018-05-10,SC,gasolina,3.7490,1
2018-05-10,SE,diesel_s10,78.7540,21
2018-05-10,SE,etanol,68.8120,19
2018-05-10,SE,gasolina,97.8910,23
2018-05-10,SP,diesel_s10,857.8640,240
2018-05-10,SP,etanol,815.5630,313
2018-05-10,SP,gasolina,1255.9840,310
2018-05-14,AC,diesel_s10,39.9870,9
2018-05-14,AC,gasolina,49.5860,10
2018-05-14,AM,diesel_s10,16.0990,4
2018-05-14,AM,gasolina,54.8300,11
2018-05-14,BA,diesel_s10,269.6770,73
2018-05-14,BA,etanol,292.6680,84
2018-05-14,BA,gasolina,430.3200,95
2018-05-14,CE,diesel_s10,207.7850,54
2018-05-14,CE,etanol,185.8700,50
2018-05-14,CE,gasolina,273.7300,60
2018-05-14,DF,diesel_s10,66.1420,17
2018-05-14,DF,etanol,70.7130,20
2018-05-14,DF,gasolina,93.1000,22
2018-05-14,ES,diesel_s10,93.8000,26
2018-05-14,ES,etanol,47.6600,13
2018-05-14,ES,gasolina,148.7400,34
2018-05-14,MA,diesel_s10,40.8960,11
2018-05-14,MA,etanol,25.6680,7
2018-05-14,MA,gasolina,66.5430,16
2018-05-14,MG,diesel_s10,354.1170,93
2018-05-14,MG,etanol,352.2130,115
2018-05-14,MG,gasolina,541.2910,116
2018-05-14,MS,diesel_s10,51.9740,13
2018-05-14,MS,etanol,48.9640,14
2018-05-14,MS,gasolina,70.6200,16
2018-05-14,MT,diesel_s10,3.8800,1
2018-05-14,MT,etanol,5.7490,2
2018-05-14,MT,gasolina,8.6890,2
2018-05-14,PA,diesel_s10,145.5160,38
2018-05-14,PA,etanol,46.4050,12
2018-05-14,PA,gasolina,182.0150,40
2018-05-14,PB,diesel_s10,64.9240,18
2018-05-14,PB,etanol,57.7140,18
2018-05-14,PB,gasolina,73.5540,18
2018-05-14,PE,diesel_s10,93.5970,27
2018-05-14,PE,etanol,76.4190,24
2018-05-14,PE,gasolina,129.7310,31
2018-05-14,PI,diesel_s10,71.0980,19
2018-05-14,PI,etanol,45.3910,13
2018-05-14,PI,gasolina,95.6510,22
2018-05-14,PR,diesel_s10,287.4250,82
2018-05-14,PR,etanol,309.7510,107
2018-05-14,PR,gasolina,443.0980,105
2018-05-14,RJ,diesel_s10,106.6010,28
2018-05-14,RJ,etanol,133.4750,38
2018-05-14,RJ,gasolina,190.4610,40
2018-05-14,RO,diesel_s10,11.6940,3
2018-05-14,RO,etanol,3.7700,1
2018-05-14,RO,gasolina,13.4540,3
2018-05-14,RS,diesel_s10,513.8440,143
2018-05-14,RS,etanol,337.3110,83
2018-05-14,RS,gasolina,797.9230,179
2018-05-14,SC,diesel_s10,501.2050,143
2018-05-14,SC,etanol,396.9760,115
2018-05-14,SC,gasolina,685.4330,174
2018-05-14,SP,diesel_s10,583.0130,161
2018-05-14,SP,etanol,579.1280,219
2018-05-14,SP,gasolina,882.1140,219
2018-05-14,TO,diesel_s10,18.1320,5
2018-05-14,TO,etanol,17.9990,5
2018-05-14,TO,gasolina,26.4750,6
2018-05-15,AL,diesel_s10,52.8020,14
2018-05-15,AL,etanol,70.8160,20
2018-05-15,AL,gasolina,90.2000,21
2018-05-15,AM,diesel_s10,10.9800,3
2018-05-15,AM,etanol,7.7800,2
2018-05-15,AM,gasolina,36.1500,8
2018-05-15,AP,diesel_s10,40.8000,9
2018-05-15,AP,etanol,7.5800,2
2018-05-15,AP,gasolina,83.8500,20
2018-05-15,BA,diesel_s10,183.8420,50
2018-05-15,BA,etanol,263.4320,76
2018-05-15,BA,gasolina,361.4260,80
2018-05-15,CE,diesel_s10,540.8740,142
2018-05-15,CE,etanol,500.6980,139
2018-05-15,CE,gasolina,668.5260,146
2018-05-15,ES,diesel_s10,25.0800,7
2018-05-15,ES,etanol,15.2500,4
2018-05-15,ES,gasolina,30.6100,7
2018-05-15,GO,diesel_s10,114.2430,29
2018-05-15,GO,etanol,140.5630,49
2018-05-15,GO,gasolina,211.1920,47
2018-05-15,MA,diesel_s10,149.1800,43
2018-05-15,MA,etanol,38.8100,11
2018-05-15,MA,gasolina,203.9510,52
2018-05-15,MG,diesel_s10,285.0890,75
2018-05-15,MG,etanol,333.1910,113
2018-05-15,MG,gasolina,521.1330,115
2018-05-15,MS,diesel_s10,35.7810,9
2018-05-15,MS,etanol,30.3510,9
2018-05-15,MS,gasolina,38.3460,9
2018-05-15,MT,diesel_s10,79.5530,20
2018-05-15,MT,etanol,67.8110,22
2018-05-15,MT,gasolina,97.0420,22
2018-05-15,PA,diesel_s10,18.1790,5
2018-05-15,PA,etanol,6.9390,2
2018-05-15,PA,gasolina,25.4590,6
2018-05-15,PB,diesel_s10,14.8100,4
2018-05-15,PB,etanol,15.8500,5
2018-05-15,PB,gasolina,21.4000,5
2018-05-15,PE,diesel_s10,70.0300,20
2018-05-15,PE,etanol,80.7070,25
2018-05-15,PE,gasolina,105.4360,25
2018-05-15,PI,diesel_s10,96.9170,26
2018-05-15,PI,etanol,78.5770,23
2018-05-15,PI,gasolina,111.3150,26
2018-05-15,PR,diesel_s10,233.6180,66
2018-05-15,PR,etanol,240.3210,82
2018-05-15,PR,gasolina,342.2650,80
2018-05-15,RJ,diesel_s10,456.3120,117
2018-05-15,RJ,etanol,549.5570,156
2018-05-15,RJ,gasolina,779.7980,164
2018-05-15,RN,diesel_s10,60.6690,16
2018-05-15,RN,etanol,65.8200,19
2018-05-15,RN,gasolina,89.6170,21
2018-05-15,RO,diesel_s10,95.2260,25
2018-05-15,RO,etanol,56.0060,15
2018-05-15,RO,gasolina,142.2910,33
2018-05-15,RR,diesel_s10,42.9000,11
2018-05-15,RR,etanol,11.3800,3
2018-05-15,RR,gasolina,48.1300,11
2018-05-15,RS,diesel_s10,312.4370,86
2018-05-15,RS,etanol,221.4720,54
2018-05-15,RS,gasolina,469.8580,106
2018-05-15,SC,diesel_s10,134.9050,38
2018-05-15,SC,etanol,128.8910,36
2018-05-15,SC,gasolina,204.7900,52
2018-05-15,SE,diesel_s10,43.7600,12
2018-05-15,SE,etanol,21.0270,6
2018-05-15,SE,gasolina,49.8530,12
2018-05-15,SP,diesel_s10,718.5460,200
2018-05-15,SP,etanol,746.6850,281
2018-05-15,SP,gasolina,1128.1260,277
2018-05-15,TO,diesel_s10,62.7500,18
2018-05-15,TO,etanol,54.6960,15
2018-05-15,TO,gasolina,89.4960,20
2018-05-16,AC,diesel_s10,8.8000,2
2018-05-16,AC,etanol,8.1100,2
2018-05-16,AC,gasolina,9.7000,2
2018-05-16,AL,diesel_s10,15.3680,4
2018-05-16,AL,etanol,14.4380,4
2018-05-16,AL,gasolina,17.3380,4
2018-05-16,AM,diesel_s10,143.2380,37
2018-05-16,AM,etanol,127.6880,35
2018-05-16,AM,gasolina,230.5760,51
2018-05-16,AP,diesel_s10,23.4280,5
2018-05-16,AP,gasolina,37.1860,9
2018-05-16,BA,diesel_s10,119.2210,31
2018-05-16,BA,etanol,136.2130,37
2018-05-16,BA,gasolina,170.0220,37
2018-05-16,CE,diesel_s10,45.8150,12
2018-05-16,CE,etanol,43.8870,12
2018-05-16,CE,gasolina,46.6070,10
2018-05-16,DF,diesel_s10,64.4930,17
2018-05-16,DF,etanol,66.4300,19
2018-05-16,DF,gasolina,101.8140,24
2018-05-16,ES,diesel_s10,115.9500,32
2018-05-16,ES,etanol,92.3520,26
2018-05-16,ES,gasolina,204.7320,49
2018-05-16,GO,diesel_s10,454.7180,118
2018-05-16,GO,etanol,493.4670,183
2018-05-16,GO,gasolina,794.8410,182
2018-05-16,MA,diesel_s10,93.4020,27
2018-05-16,MA,etanol,30.8020,9
2018-05-16,MA,gasolina,116.9740,30
2018-05-16,MG,diesel_s10,727.6630,192
2018-05-16,MG,etanol,737.5300,247
2018-05-16,MG,gasolina,1129.4870,247
2018-05-16,MS,diesel_s10,140.5670,37
2018-05-16,MS,etanol,153.6770,44
2018-05-16,MS,gasolina,182.4550,45
2018-05-16,MT,diesel_s10,79.9410,20
2018-05-16,MT,etanol,71.0880,23
2018-05-16,MT,gasolina,95.6380,22
2018-05-16,PA,diesel_s10,203.7930,54
2018-05-16,PA,etanol,89.2330,24
2018-05-16,PA,gasolina,253.8740,58
2018-05-16,PB,diesel_s10,75.5120,21
2018-05-16,PB,etanol,77.7570,25
2018-05-16,PB,gasolina,101.9610,25
2018-05-16,PE,diesel_s10,332.5490,93
2018-05-16,PE,etanol,295.9570,89
2018-05-16,PE,gasolina,425.7670,100
2018-05-16,PI,diesel_s10,33.9780,9
2018-05-16,PI,etanol,25.7080,7
2018-05-16,PI,gasolina,41.2480,9
2018-05-16,PR,diesel_s10,399.0830,113
2018-05-16,PR,etanol,411.2570,145
2018-05-16,PR,gasolina,601.4970,143
2018-05-16,RJ,diesel_s10,333.5150,86
2018-05-16,RJ,etanol,374.6130,104
2018-05-16,RJ,gasolina,505.7240,105
2018-05-16,RN,diesel_s10,143.4990,37
2018-05-16,RN,etanol,140.8610,40
2018-05-16,RN,gasolina,184.9720,42
2018-05-16,RO,diesel_s10,101.6890,26
2018-05-16,RO,etanol,52.5250,13
2018-05-16,RO,gasolina,126.3040,28
2018-05-16,RR,diesel_s10,7.9000,2
2018-05-16,RR,gasolina,8.7000,2
2018-05-16,RS,diesel_s10,194.2600,52
2018-05-16,RS,etanol,123.9170,30
2018-05-16,RS,gasolina,260.9170,57
2018-05-16,SC,diesel_s10,78.2060,22
2018-05-16,SC,etanol,60.5810,17
2018-05-16,SC,gasolina,96.6440,24
2018-05-16,SE,diesel_s10,89.6550,23
2018-05-16,SE,etanol,86.9110,24
2018-05-16,SE,gasolina,105.6260,25
2018-05-16,SP,diesel_s10,2509.4630,691
2018-05-16,SP,etanol,2366.4010,905
2018-05-16,SP,gasolina,3654.4310,892
2018-05-16,TO,diesel_s10,70.0790,19
2018-05-16,TO,etanol,47.4440,13
2018-05-16,TO,gasolina,84.9000,19
2018-05-17,AC,diesel_s10,116.6500,27
2018-05-17,AC,etanol,73.3500,18
2018-05-17,AC,gasolina,131.4900,27
2018-05-17,AL,diesel_s10,111.8560,30
2018-05-17,AL,etanol,108.9950,30
2018-05-17,AL,gasolina,143.6020,33
2018-05-17,BA,diesel_s10,342.7410,93
2018-05-17,BA,etanol,413.3770,121
2018-05-17,BA,gasolina,549.4050,124
2018-05-17,DF,diesel_s10,3.9990,1
2018-05-17,DF,gasolina,4.3990,1
2018-05-17,ES,diesel_s10,71.7930,20
2018-05-17,ES,etanol,62.8340,17
2018-05-17,ES,gasolina,111.8120,26
2018-05-17,MA,diesel_s10,66.0750,18
2018-05-17,MA,etanol,33.1910,9
2018-05-17,MA,gasolina,90.7940,22
2018-05-17,MG,diesel_s10,244.9770,65
2018-05-17,MG,etanol,312.7540,104
2018-05-17,MG,gasolina,481.6490,105
2018-05-17,MS,diesel_s10,70.4410,17
2018-05-17,MS,etanol,59.5960,17
2018-05-17,MS,gasolina,78.1930,18
2018-05-17,MT,diesel_s10,330.8240,85
2018-05-17,MT,etanol,310.0620,112
2018-05-17,MT,gasolina,465.1260,112
2018-05-17,PA,diesel_s10,38.9190,10
2018-05-17,PA,etanol,4.5900,1
2018-05-17,PA,gasolina,55.4890,12
2018-05-17,PB,diesel_s10,35.7520,10
2018-05-17,PB,etanol,41.2910,13
2018-05-17,PB,gasolina,60.8720,15
2018-05-17,PE,diesel_s10,98.6520,27
2018-05-17,PE,etanol,88.1260,25
2018-05-17,PE,gasolina,139.9820,31
2018-05-17,PI,diesel_s10,38.3600,10
2018-05-17,PI,etanol,14.7960,4
2018-05-17,PI,gasolina,49.6520,11
2018-05-17,PR,diesel_s10,98.3790,28
2018-05-17,PR,etanol,115.2790,40
2018-05-17,PR,gasolina,167.1990,39
2018-05-17,RJ,diesel_s10,295.0270,76
2018-05-17,RJ,etanol,371.6170,104
2018-05-17,RJ,gasolina,529.9910,111
2018-05-17,RO,diesel_s10,31.5180,8
2018-05-17,RO,etanol,12.1890,3
2018-05-17,RO,gasolina,36.1080,8
2018-05-17,RS,diesel_s10,68.3210,19
2018-05-17,RS,etanol,28.0440,7
2018-05-17,RS,gasolina,96.5030,22
2018-05-17,SC,diesel_s10,3.4990,1
2018-05-17,SC,gasolina,3.7490,1
2018-05-17,SE,diesel_s10,7.4280,2
2018-05-17,SE,gasolina,8.6280,2
2018-05-17,SP,diesel_s10,714.2910,196
2018-05-17,SP,etanol,669.7870,257
2018-05-17,SP,gasolina,1043.3660,255
2018-05-21,AC,diesel_s10,43.6720,9
2018-05-21,AC,gasolina,48.5310,9
2018-05-21,AL,diesel_s10,27.8970,7
2018-05-21,AL,etanol,22.5750,6
2018-05-21,AL,gasolina,31.6400,7
2018-05-21,AM,diesel_s10,49.0400,12
2018-05-21,AM,etanol,19.9700,5
2018-05-21,AM,gasolina,111.8700,23
2018-05-21,AP,diesel_s10,55.8900,12
2018-05-21,AP,etanol,7.9800,2
2018-05-21,AP,gasolina,100.6000,24
2018-05-21,BA,diesel_s10,300.3290,77
2018-05-21,BA,etanol,296.0780,86
2018-05-21,BA,gasolina,423.1620,91
2018-05-21,CE,diesel_s10,75.0470,19
2018-05-21,CE,etanol,73.8760,20
2018-05-21,CE,gasolina,110.0450,24
2018-05-21,ES,diesel_s10,53.8400,14
2018-05-21,ES,etanol,47.8600,13
2018-05-21,ES,gasolina,86.2500,19
2018-05-21,MA,diesel_s10,31.0160,8
2018-05-21,MA,etanol,11.5070,3
2018-05-21,MA,gasolina,43.8920,10
2018-05-21,MG,diesel_s10,741.5840,187
2018-05-21,MG,etanol,729.5530,241
2018-05-21,MG,gasolina,1146.7750,242
2018-05-21,MS,diesel_s10,72.7030,17
2018-05-21,MS,etanol,62.7260,18
2018-05-21,MS,gasolina,81.1220,18
2018-05-21,MT,diesel_s10,159.9540,37
2018-05-21,MT,etanol,111.4220,39
2018-05-21,MT,gasolina,182.4910,39
2018-05-21,PA,diesel_s10,43.1600,11
2018-05-21,PA,etanol,15.7480,4
2018-05-21,PA,gasolina,54.9200,12
2018-05-21,PB,diesel_s10,29.3280,8
2018-05-21,PB,etanol,25.6970,8
2018-05-21,PB,gasolina,33.6170,8
2018-05-21,PE,diesel_s10,7.4690,2
2018-05-21,PE,etanol,6.7590,2
2018-05-21,PE,gasolina,8.7400,2
2018-05-21,PI,diesel_s10,43.5400,11
2018-05-21,PI,etanol,27.1920,8
2018-05-21,PI,gasolina,48.6070,11
2018-05-21,PR,diesel_s10,452.1530,122
2018-05-21,PR,etanol,482.7290,163
2018-05-21,PR,gasolina,709.6480,160
2018-05-21,RJ,diesel_s10,121.2810,31
2018-05-21,RJ,etanol,130.3240,37
2018-05-21,RJ,gasolina,189.5490,39
2018-05-21,RN,diesel_s10,8.0800,2
2018-05-21,RN,etanol,7.1800,2
2018-05-21,RN,gasolina,9.0490,2
2018-05-21,RO,diesel_s10,186.9690,47
2018-05-21,RO,etanol,85.7010,22
2018-05-21,RO,gasolina,254.4810,57
2018-05-21,RS,diesel_s10,409.0520,109
2018-05-21,RS,etanol,291.2850,71
2018-05-21,RS,gasolina,647.9060,142
2018-05-21,SC,diesel_s10,379.5120,102
2018-05-21,SC,etanol,288.2980,83
2018-05-21,SC,gasolina,536.5550,130
2018-05-21,SE,diesel_s10,19.2300,5
2018-05-21,SE,etanol,13.6400,4
2018-05-21,SE,gasolina,21.2400,5
2018-05-21,SP,diesel_s10,1297.0970,342
2018-05-21,SP,etanol,1217.0390,462
2018-05-21,SP,gasolina,1920.2020,459
2018-05-21,TO,diesel_s10,69.1070,18
2018-05-21,TO,etanol,47.7240,13
2018-05-21,TO,gasolina,92.9630,20
2018-05-22,BA,diesel_s10,87.3570,23
2018-05-22,BA,etanol,97.2660,29
2018-05-22,BA,gasolina,144.5260,32
2018-05-22,CE,diesel_s10,41.0190,10
2018-05-22,CE,etanol,26.5700,7
2018-05-22,CE,gasolina,48.0900,10
2018-05-22,GO,diesel_s10,150.3830,37
2018-05-22,GO,etanol,163.4100,57
2018-05-22,GO,gasolina,251.2830,55
2018-05-22,MA,diesel_s10,73.1280,19
2018-05-22,MA,etanol,21.7570,6
2018-05-22,MA,gasolina,90.0970,21
2018-05-22,MG,diesel_s10,64.0740,16
2018-05-22,MG,etanol,81.3410,27
2018-05-22,MG,gasolina,95.4200,20
2018-05-22,MT,diesel_s10,4.1990,1
2018-05-22,MT,etanol,8.1270,3
2018-05-22,MT,gasolina,13.4470,3
2018-05-22,PB,diesel_s10,11.5500,3
2018-05-22,PB,etanol,16.2480,5
2018-05-22,PB,gasolina,21.2480,5
2018-05-22,PE,diesel_s10,273.3700,73
2018-05-22,PE,etanol,240.4840,73
2018-05-22,PE,gasolina,354.6460,82
2018-05-22,PI,diesel_s10,3.9490,1
2018-05-22,PI,etanol,3.3990,1
2018-05-22,PI,gasolina,4.4490,1
2018-05-22,PR,diesel_s10,45.0490,12
2018-05-22,PR,etanol,40.6090,13
2018-05-22,PR,gasolina,59.7590,13
2018-05-22,RJ,diesel_s10,41.1730,10
2018-05-22,RJ,etanol,32.0930,9
2018-05-22,RJ,gasolina,51.1980,10
2018-05-22,RN,diesel_s10,117.4990,30
2018-05-22,RN,etanol,113.5940,32
2018-05-22,RN,gasolina,146.2800,33
2018-05-22,RR,diesel_s10,35.5000,9
2018-05-22,RR,etanol,3.7600,1
2018-05-22,RR,gasolina,39.1700,9
2018-05-22,RS,diesel_s10,301.2250,79
2018-05-22,RS,etanol,173.7230,43
2018-05-22,RS,gasolina,444.2360,95
2018-05-22,SC,diesel_s10,216.6250,58
2018-05-22,SC,etanol,170.9320,49
2018-05-22,SC,gasolina,276.7950,66
2018-05-22,SP,diesel_s10,143.1580,38
2018-05-22,SP,etanol,132.6720,50
2018-05-22,SP,gasolina,201.2560,48
2018-05-23,AC,diesel_s10,4.6500,1
2018-05-23,AC,gasolina,5.2090,1
2018-05-23,AL,diesel_s10,50.0460,13
2018-05-23,AL,etanol,81.6640,24
2018-05-23,AL,gasolina,102.9420,24
2018-05-23,AM,diesel_s10,4.1500,1
2018-05-23,AM,gasolina,19.3400,4
2018-05-23,BA,diesel_s10,53.0480,13
2018-05-23,BA,etanol,51.5200,14
2018-05-23,BA,gasolina,66.7280,14
2018-05-23,CE,diesel_s10,115.4880,29
2018-05-23,CE,etanol,115.2070,31
2018-05-23,CE,gasolina,153.4470,33
2018-05-23,DF,diesel_s10,132.6870,33
2018-05-23,DF,etanol,118.6650,34
2018-05-23,DF,gasolina,212.4900,47
2018-05-23,ES,diesel_s10,50.9900,13
2018-05-23,ES,etanol,14.8780,4
2018-05-23,ES,gasolina,63.6200,14
2018-05-23,GO,diesel_s10,355.0650,89
2018-05-23,GO,etanol,428.3390,151
2018-05-23,GO,gasolina,666.0550,145
2018-05-23,MA,diesel_s10,220.6900,57
2018-05-23,MA,etanol,72.1340,20
2018-05-23,MA,gasolina,279.4830,66
2018-05-23,MG,diesel_s10,284.0250,72
2018-05-23,MG,etanol,322.7700,108
2018-05-23,MG,gasolina,521.4770,111
2018-05-23,MS,diesel_s10,32.9980,8
2018-05-23,MS,etanol,34.6840,10
2018-05-23,MS,gasolina,49.2780,11
2018-05-23,MT,diesel_s10,142.2760,35
2018-05-23,MT,etanol,116.2740,47
2018-05-23,MT,gasolina,194.2350,47
2018-05-23,PA,diesel_s10,240.2980,61
2018-05-23,PA,etanol,121.6500,32
2018-05-23,PA,gasolina,291.5690,65
2018-05-23,PB,diesel_s10,15.8900,4
2018-05-23,PB,etanol,19.3700,6
2018-05-23,PB,gasolina,26.3800,6
2018-05-23,PE,diesel_s10,67.7020,18
2018-05-23,PE,etanol,38.0250,11
2018-05-23,PE,gasolina,86.3210,19
2018-05-23,PI,diesel_s10,194.5190,49
2018-05-23,PI,etanol,121.9050,35
2018-05-23,PI,gasolina,231.2270,51
2018-05-23,PR,diesel_s10,248.6740,68
2018-05-23,PR,etanol,191.6630,66
2018-05-23,PR,gasolina,278.7570,64
2018-05-23,RJ,diesel_s10,254.7200,63
2018-05-23,RJ,etanol,278.3990,77
2018-05-23,RJ,gasolina,421.7220,86
2018-05-23,RN,diesel_s10,90.6640,23
2018-05-23,RN,etanol,91.0390,26
2018-05-23,RN,gasolina,117.2280,26
2018-05-23,RO,diesel_s10,32.9600,8
2018-05-23,RO,etanol,11.7000,3
2018-05-23,RO,gasolina,37.7500,8
2018-05-23,RR,diesel_s10,15.9600,4
2018-05-23,RR,etanol,3.7600,1
2018-05-23,RR,gasolina,17.5600,4
2018-05-23,RS,diesel_s10,122.6430,31
2018-05-23,RS,etanol,62.9030,15
2018-05-23,RS,gasolina,170.2770,36
2018-05-23,SC,diesel_s10,106.4720,28
2018-05-23,SC,etanol,70.8850,20
2018-05-23,SC,gasolina,146.8780,34
2018-05-23,SE,diesel_s10,23.8640,6
2018-05-23,SE,etanol,3.6590,1
2018-05-23,SE,gasolina,26.7340,6
2018-05-23,SP,diesel_s10,1142.0280,298
2018-05-23,SP,etanol,1123.7470,420
2018-05-23,SP,gasolina,1784.3560,420
2018-05-23,TO,diesel_s10,42.4670,11
2018-05-23,TO,etanol,32.7470,9
2018-05-23,TO,gasolina,52.3780,11
2018-05-24,AL,diesel_s10,81.8340,21
2018-05-24,AL,etanol,78.3580,22
2018-05-24,AL,gasolina,115.7580,26
2018-05-24,AM,diesel_s10,15.0900,4
2018-05-24,AM,etanol,14.4600,4
2018-05-24,AM,gasolina,17.7600,4
2018-05-24,BA,diesel_s10,494.8480,130
2018-05-24,BA,etanol,631.4400,181
2018-05-24,BA,gasolina,846.3450,185
2018-05-24,CE,diesel_s10,586.6630,149
2018-05-24,CE,etanol,513.2440,142
2018-05-24,CE,gasolina,696.2280,151
2018-05-24,ES,diesel_s10,204.6070,55
2018-05-24,ES,etanol,146.7590,41
2018-05-24,ES,gasolina,354.0020,80
2018-05-24,GO,diesel_s10,62.3920,16
2018-05-24,GO,etanol,69.6470,26
2018-05-24,GO,gasolina,113.6640,25
2018-05-24,MA,diesel_s10,15.7580,4
2018-05-24,MA,etanol,11.2500,3
2018-05-24,MA,gasolina,21.5290,5
2018-05-24,MG,diesel_s10,379.1510,95
2018-05-24,MG,etanol,370.3970,123
2018-05-24,MG,gasolina,608.3930,127
2018-05-24,MS,diesel_s10,193.6070,48
2018-05-24,MS,etanol,170.6140,50
2018-05-24,MS,gasolina,204.9600,49
2018-05-24,MT,diesel_s10,118.0050,29
2018-05-24,MT,etanol,115.9780,46
2018-05-24,MT,gasolina,190.2500,46
2018-05-24,PA,diesel_s10,93.5840,23
2018-05-24,PA,etanol,30.7280,8
2018-05-24,PA,gasolina,128.2870,27
2018-05-24,PB,diesel_s10,117.2700,32
2018-05-24,PB,etanol,113.3850,36
2018-05-24,PB,gasolina,162.4250,39
2018-05-24,PE,diesel_s10,143.0330,38
2018-05-24,PE,etanol,141.5150,43
2018-05-24,PE,gasolina,198.9480,45
2018-05-24,PI,diesel_s10,19.7600,5
2018-05-24,PI,etanol,10.9900,3
2018-05-24,PI,gasolina,23.2180,5
2018-05-24,PR,diesel_s10,154.4350,42
2018-05-24,PR,etanol,161.1740,55
2018-05-24,PR,gasolina,220.5570,51
2018-05-24,RJ,diesel_s10,600.9500,150
2018-05-24,RJ,etanol,728.6740,209
2018-05-24,RJ,gasolina,1024.1520,212
2018-05-24,RO,diesel_s10,38.0580,9
2018-05-24,RO,etanol,16.3400,4
2018-05-24,RO,gasolina,32.1180,7
2018-05-24,RS,diesel_s10,253.6470,65
2018-05-24,RS,etanol,148.8540,36
2018-05-24,RS,gasolina,346.6420,74
2018-05-24,SC,diesel_s10,53.6060,14
2018-05-24,SC,etanol,39.1800,11
2018-05-24,SC,gasolina,63.9420,15
2018-05-24,SE,diesel_s10,98.9920,25
2018-05-24,SE,etanol,86.4640,24
2018-05-24,SE,gasolina,119.8570,27
2018-05-24,SP,diesel_s10,1518.9070,397
2018-05-24,SP,etanol,1383.8110,517
2018-05-24,SP,gasolina,2158.0240,504
2018-05-24,TO,diesel_s10,18.6890,5
2018-05-24,TO,etanol,14.4500,4
2018-05-24,TO,gasolina,32.1480,7
2018-05-25,AC,diesel_s10,135.3600,29
2018-05-25,AC,etanol,73.8300,18
2018-05-25,AC,gasolina,144.9200,29
2018-05-25,AM,diesel_s10,103.9190,27
2018-05-25,AM,etanol,112.2690,31
2018-05-25,AM,gasolina,175.1460,39
2018-05-25,AP,diesel_s10,9.6880,2
2018-05-25,AP,gasolina,21.5560,5
2018-05-25,BA,diesel_s10,22.7480,6
2018-05-25,BA,etanol,27.9780,8
2018-05-25,BA,gasolina,40.8270,9
2018-05-25,MA,diesel_s10,11.5880,3
2018-05-25,MA,gasolina,8.6990,2
2018-05-25,MG,diesel_s10,109.6460,28
2018-05-25,MG,etanol,164.7580,53
2018-05-25,MG,gasolina,263.5040,54
2018-05-25,MT,diesel_s10,75.8230,18
2018-05-25,MT,etanol,57.4720,20
2018-05-25,MT,gasolina,85.6330,19
2018-05-25,PA,diesel_s10,19.7610,5
2018-05-25,PA,etanol,3.9490,1
2018-05-25,PA,gasolina,33.3140,7
2018-05-25,PE,diesel_s10,94.3270,25
2018-05-25,PE,etanol,76.0620,21
2018-05-25,PE,gasolina,126.0050,27
2018-05-25,PR,diesel_s10,135.8450,37
2018-05-25,PR,etanol,125.7920,44
2018-05-25,PR,gasolina,190.2320,44
2018-05-25,RJ,diesel_s10,213.3220,53
2018-05-25,RJ,etanol,239.6240,69
2018-05-25,RJ,gasolina,337.2370,69
2018-05-25,RS,diesel_s10,39.1460,10
2018-05-25,RS,etanol,15.9770,4
2018-05-25,RS,gasolina,47.1540,10
2018-05-25,SP,diesel_s10,619.6780,166
2018-05-25,SP,etanol,507.0430,192
2018-05-25,SP,gasolina,782.9990,188
2018-05-25,TO,diesel_s10,26.8270,7
2018-05-25,TO,etanol,18.0270,5
2018-05-25,TO,gasolina,23.1280,5
2018-05-28,AC,diesel_s10,4.9500,1
2018-05-28,AC,gasolina,5.4000,1
2018-05-28,AM,diesel_s10,23.4200,6
2018-05-28,AM,etanol,36.0600,10
2018-05-28,AM,gasolina,98.1190,21
2018-05-28,CE,diesel_s10,32.9070,8
2018-05-28,CE,etanol,19.1280,5
2018-05-28,CE,gasolina,33.9260,7
2018-05-28,MA,diesel_s10,3.9500,1
2018-05-28,MG,diesel_s10,8.0790,2
2018-05-28,MS,diesel_s10,4.1390,1
2018-05-28,PA,diesel_s10,17.7060,4
2018-05-28,PA,gasolina,9.5790,2
2018-05-28,PB,diesel_s10,3.7690,1
2018-05-28,PB,etanol,3.9490,1
2018-05-28,PB,gasolina,8.9500,2
2018-05-28,PE,diesel_s10,7.9590,2
2018-05-28,PR,diesel_s10,18.8990,5
2018-05-28,PR,gasolina,4.3900,1
2018-05-28,RN,diesel_s10,11.9500,3
2018-05-28,RN,etanol,3.5400,1
2018-05-28,RN,gasolina,17.9200,4
2018-05-28,RO,diesel_s10,4.0400,1
2018-05-28,RO,gasolina,9.3100,2
2018-05-28,RS,diesel_s10,8.0500,2
2018-05-28,RS,etanol,3.7900,1
2018-05-28,RS,gasolina,9.8600,2
2018-05-28,SC,diesel_s10,7.9270,2
2018-05-28,SP,diesel_s10,34.8230,9
2018-05-28,SP,etanol,2.7990,1
2018-05-28,SP,gasolina,8.9280,2
2018-05-28,TO,diesel_s10,3.7300,1
2018-05-29,AL,diesel_s10,4.0690,1
2018-05-29,AL,etanol,3.7790,1
2018-05-29,AL,gasolina,13.6280,3
2018-05-29,AM,diesel_s10,58.9990,15
2018-05-29,AM,etanol,36.4200,10
2018-05-29,AM,gasolina,94.7880,20
2018-05-29,BA,diesel_s10,40.7480,10
2018-05-29,BA,etanol,7.1700,2
2018-05-29,BA,gasolina,27.6500,6
2018-05-29,CE,diesel_s10,8.0800,2
2018-05-29,CE,etanol,7.3800,2
2018-05-29,CE,gasolina,4.8900,1
2018-05-29,DF,diesel_s10,33.5210,8
2018-05-29,DF,etanol,3.9990,1
2018-05-29,DF,gasolina,4.8490,1
2018-05-29,ES,diesel_s10,19.1700,5
2018-05-29,ES,etanol,7.1800,2
2018-05-29,ES,gasolina,50.5390,11
2018-05-29,GO,diesel_s10,28.2460,7
2018-05-29,GO,etanol,5.6890,2
2018-05-29,GO,gasolina,19.0600,4
2018-05-29,MA,diesel_s10,19.8590,5
2018-05-29,MA,gasolina,35.7090,8
2018-05-29,MG,diesel_s10,35.4410,9
2018-05-29,MG,etanol,2.9490,1
2018-05-29,MG,gasolina,14.4880,3
2018-05-29,MS,diesel_s10,16.7680,4
2018-05-29,MS,etanol,3.7990,1
2018-05-29,MS,gasolina,9.4990,2
2018-05-29,MT,gasolina,4.9900,1
2018-05-29,PA,diesel_s10,19.9160,5
2018-05-29,PA,etanol,3.8990,1
2018-05-29,PA,gasolina,49.7320,11
2018-05-29,PE,diesel_s10,3.8490,1
2018-05-29,PI,diesel_s10,28.1170,7
2018-05-29,PI,etanol,3.4900,1
2018-05-29,PI,gasolina,14.2480,3
2018-05-29,PR,diesel_s10,41.0400,11
2018-05-29,PR,etanol,5.8310,2
2018-05-29,PR,gasolina,13.1880,3
2018-05-29,RJ,diesel_s10,3.7590,1
2018-05-29,RJ,etanol,3.3990,1
2018-05-29,RJ,gasolina,20.3870,4
2018-05-29,RN,diesel_s10,23.4500,6
2018-05-29,RN,etanol,10.4790,3
2018-05-29,RN,gasolina,27.3600,6
2018-05-29,RS,diesel_s10,65.3440,17
2018-05-29,RS,etanol,20.8670,5
2018-05-29,RS,gasolina,79.6580,17
2018-05-29,SC,diesel_s10,3.7890,1
2018-05-29,SE,diesel_s10,15.9700,4
2018-05-29,SE,etanol,7.2980,2
2018-05-29,SE,gasolina,18.1100,4
2018-05-29,SP,diesel_s10,69.4320,18
2018-05-29,SP,etanol,16.3650,6
2018-05-29,SP,gasolina,8.6280,2
2018-05-30,AC,diesel_s10,46.2670,10
2018-05-30,AC,etanol,20.0690,5
2018-05-30,AC,gasolina,49.7160,10
2018-05-30,AL,gasolina,13.9890,3
2018-05-30,AM,diesel_s10,8.5000,2
2018-05-30,AM,gasolina,21.0000,4
2018-05-30,AP,diesel_s10,9.6880,2
2018-05-30,BA,diesel_s10,30.2790,8
2018-05-30,BA,etanol,7.0100,2
2018-05-30,BA,gasolina,82.1360,18
2018-05-30,CE,diesel_s10,144.9080,36
2018-05-30,CE,etanol,80.5070,21
2018-05-30,CE,gasolina,184.1250,38
2018-05-30,ES,diesel_s10,4.0700,1
2018-05-30,MA,diesel_s10,3.8890,1
2018-05-30,MA,etanol,3.6490,1
2018-05-30,MA,gasolina,4.1990,1
2018-05-30,MG,diesel_s10,20.1780,5
2018-05-30,MG,etanol,12.8860,4
2018-05-30,MG,gasolina,58.9960,12
2018-05-30,MS,diesel_s10,21.0250,5
2018-05-30,MS,etanol,9.5700,3
2018-05-30,MS,gasolina,17.4870,4
2018-05-30,MT,diesel_s10,16.3460,4
2018-05-30,MT,etanol,16.1160,6
2018-05-30,MT,gasolina,60.4620,13
2018-05-30,PA,diesel_s10,39.6770,10
2018-05-30,PA,etanol,8.3800,2
2018-05-30,PA,gasolina,51.4380,11
2018-05-30,PB,diesel_s10,7.5580,2
2018-05-30,PB,etanol,3.0900,1
2018-05-30,PB,gasolina,4.2990,1
2018-05-30,PE,diesel_s10,11.2780,3
2018-05-30,PR,diesel_s10,11.3600,3
2018-05-30,PR,etanol,2.9990,1
2018-05-30,PR,gasolina,13.3900,3
2018-05-30,RJ,diesel_s10,89.4450,22
2018-05-30,RJ,etanol,89.4640,25
2018-05-30,RJ,gasolina,159.8850,32
2018-05-30,RN,diesel_s10,15.7080,4
2018-05-30,RN,etanol,3.7900,1
2018-05-30,RN,gasolina,27.4460,6
2018-05-30,RO,diesel_s10,15.8790,4
2018-05-30,RO,etanol,3.5990,1
2018-05-30,RO,gasolina,22.1380,5
2018-05-30,RR,diesel_s10,11.8900,3
2018-05-30,RR,gasolina,17.6800,4
2018-05-30,RS,diesel_s10,23.1450,6
2018-05-30,RS,etanol,12.4880,3
2018-05-30,RS,gasolina,33.0850,7
2018-05-30,SC,diesel_s10,3.3790,1
2018-05-30,SP,diesel_s10,88.3490,23
2018-05-30,SP,etanol,75.0910,27
2018-05-30,SP,gasolina,166.4320,38
2018-05-31,AM,diesel_s10,19.6190,5
2018-05-31,AM,etanol,10.9700,3
2018-05-31,AM,gasolina,32.5880,7
2018-05-31,AP,diesel_s10,4.8900,1
2018-05-31,AP,gasolina,8.8300,2
2018-05-31,BA,diesel_s10,18.9940,5
2018-05-31,BA,etanol,10.4490,3
2018-05-31,BA,gasolina,18.2990,4
2018-05-31,ES,diesel_s10,22.7230,6
2018-05-31,ES,etanol,18.3740,5
2018-05-31,ES,gasolina,49.6410,11
2018-05-31,GO,diesel_s10,43.5520,11
2018-05-31,GO,gasolina,4.6900,1
2018-05-31,MA,diesel_s10,27.3730,7
2018-05-31,MA,gasolina,16.8960,4
2018-05-31,MG,diesel_s10,3.8890,1
2018-05-31,MG,etanol,3.3590,1
2018-05-31,MG,gasolina,4.9590,1
2018-05-31,MT,diesel_s10,12.6370,3
2018-05-31,MT,etanol,5.4280,2
2018-05-31,MT,gasolina,8.9480,2
2018-05-31,PE,gasolina,4.5990,1
2018-05-31,PI,diesel_s10,23.5510,6
2018-05-31,PI,etanol,3.3990,1
2018-05-31,PI,gasolina,9.0980,2
2018-05-31,PR,diesel_s10,18.3580,5
2018-05-31,PR,etanol,24.3860,8
2018-05-31,PR,gasolina,36.4680,8
2018-05-31,RJ,diesel_s10,20.1660,5
2018-05-31,RJ,etanol,10.8960,3
2018-05-31,RJ,gasolina,20.6870,4
2018-05-31,RO,diesel_s10,12.1100,3
2018-05-31,RO,gasolina,13.4700,3
2018-05-31,RS,gasolina,9.1980,2
2018-05-31,SC,diesel_s10,15.4460,4
2018-05-31,SC,gasolina,34.6060,8
2018-05-31,SP,diesel_s10,191.5270,50
2018-05-31,SP,etanol,225.1040,79
2018-05-31,SP,gasolina,269.8830,60
2018-05-31,TO,gasolina,4.8000,1
2018-06-01,MT,diesel_s10,4.2190,1
2018-06-01,MT,etanol,2.7390,1
2018-06-04,AL,diesel_s10,23.9780,6
2018-06-04,AL,etanol,21.1190,6
2018-06-04,AL,gasolina,61.0060,13
2018-06-04,AM,diesel_s10,55.3440,15
2018-06-04,AM,etanol,51.6770,14
2018-06-04,AM,gasolina,88.6300,19
2018-06-04,AP,diesel_s10,8.6700,2
2018-06-04,AP,gasolina,21.6200,5
2018-06-04,BA,diesel_s10,223.2920,59
2018-06-04,BA,etanol,279.4100,80
2018-06-04,BA,gasolina,450.9800,96
2018-06-04,ES,diesel_s10,107.6100,31
2018-06-04,ES,etanol,47.7400,13
2018-06-04,ES,gasolina,212.9800,46
2018-06-04,MA,diesel_s10,28.8240,8
2018-06-04,MA,etanol,6.7080,2
2018-06-04,MA,gasolina,53.3460,12
2018-06-04,MG,diesel_s10,329.7210,89
2018-06-04,MG,etanol,307.8990,98
2018-06-04,MG,gasolina,606.5730,123
2018-06-04,MS,diesel_s10,152.5380,40
2018-06-04,MS,etanol,154.4120,46
2018-06-04,MS,gasolina,216.2440,49
2018-06-04,MT,diesel_s10,73.3450,19
2018-06-04,MT,etanol,57.6630,21
2018-06-04,MT,gasolina,92.5290,20
2018-06-04,PA,diesel_s10,17.4140,5
2018-06-04,PA,etanol,3.6290,1
2018-06-04,PA,gasolina,22.6350,5
2018-06-04,PE,diesel_s10,44.2510,12
2018-06-04,PE,etanol,48.3280,13
2018-06-04,PE,gasolina,63.6680,13
2018-06-04,PI,diesel_s10,66.1550,18
2018-06-04,PI,etanol,18.2370,5
2018-06-04,PI,gasolina,89.8830,19
2018-06-04,PR,diesel_s10,226.5080,66
2018-06-04,PR,etanol,292.8180,95
2018-06-04,PR,gasolina,390.1120,85
2018-06-04,RJ,diesel_s10,82.7590,22
2018-06-04,RJ,etanol,85.8530,24
2018-06-04,RJ,gasolina,175.1830,35
2018-06-04,RO,diesel_s10,26.0280,7
2018-06-04,RO,etanol,12.0390,3
2018-06-04,RO,gasolina,47.0170,10
2018-06-04,RR,diesel_s10,39.0800,10
2018-06-04,RR,etanol,7.5300,2
2018-06-04,RR,gasolina,47.6800,11
2018-06-04,RS,diesel_s10,328.6430,92
2018-06-04,RS,etanol,229.0860,56
2018-06-04,RS,gasolina,518.2390,108
2018-06-04,SC,diesel_s10,207.4040,60
2018-06-04,SC,etanol,177.5410,50
2018-06-04,SC,gasolina,374.6330,87
2018-06-04,SP,diesel_s10,500.7170,141
2018-06-04,SP,etanol,631.3700,219
2018-06-04,SP,gasolina,902.7270,203
2018-06-04,TO,diesel_s10,34.9850,10
2018-06-04,TO,etanol,3.7900,1
2018-06-04,TO,gasolina,52.6980,11
2018-06-05,AC,diesel_s10,154.8530,36
2018-06-05,AC,etanol,59.7600,15
2018-06-05,AC,gasolina,193.2620,38
2018-06-05,AL,diesel_s10,18.6870,5
2018-06-05,AL,etanol,22.4760,6
2018-06-05,AL,gasolina,32.4160,7
2018-06-05,AM,diesel_s10,109.6470,29
2018-06-05,AM,etanol,83.8590,23
2018-06-05,AM,gasolina,217.9870,45
2018-06-05,AP,diesel_s10,52.4680,13
2018-06-05,AP,etanol,3.7900,1
2018-06-05,AP,gasolina,100.0700,24
2018-06-05,BA,diesel_s10,96.5510,26
2018-06-05,BA,etanol,82.8280,24
2018-06-05,BA,gasolina,142.0700,30
2018-06-05,CE,diesel_s10,578.3120,160
2018-06-05,CE,etanol,562.6070,150
2018-06-05,CE,gasolina,759.0880,159
2018-06-05,GO,diesel_s10,175.6240,46
2018-06-05,GO,etanol,249.2850,82
2018-06-05,GO,gasolina,469.5510,97
2018-06-05,MA,diesel_s10,30.0690,8
2018-06-05,MA,etanol,22.5190,6
2018-06-05,MA,gasolina,49.4470,11
2018-06-05,MG,diesel_s10,279.3300,76
2018-06-05,MG,etanol,320.4760,101
2018-06-05,MG,gasolina,565.1890,114
2018-06-05,MS,diesel_s10,33.7510,9
2018-06-05,MS,etanol,39.6170,12
2018-06-05,MS,gasolina,52.0900,12
2018-06-05,MT,diesel_s10,16.1100,4
2018-06-05,MT,etanol,13.7300,5
2018-06-05,MT,gasolina,18.5800,4
2018-06-05,PA,diesel_s10,108.7300,29
2018-06-05,PA,etanol,45.4520,12
2018-06-05,PA,gasolina,142.2620,31
2018-06-05,PB,diesel_s10,47.5150,14
2018-06-05,PB,etanol,37.0750,11
2018-06-05,PB,gasolina,79.2640,18
2018-06-05,PE,diesel_s10,104.1160,29
2018-06-05,PE,etanol,89.6970,26
2018-06-05,PE,gasolina,169.9660,37
2018-06-05,PI,diesel_s10,92.8020,26
2018-06-05,PI,etanol,51.5280,15
2018-06-05,PI,gasolina,130.6410,28
2018-06-05,PR,diesel_s10,155.7480,46
2018-06-05,PR,etanol,232.4780,76
2018-06-05,PR,gasolina,335.0080,73
2018-06-05,RJ,diesel_s10,163.5660,45
2018-06-05,RJ,etanol,194.1050,54
2018-06-05,RJ,gasolina,324.7090,65
2018-06-05,RN,diesel_s10,109.9610,31
2018-06-05,RN,etanol,111.5910,31
2018-06-05,RN,gasolina,155.4610,34
2018-06-05,RO,diesel_s10,61.6990,17
2018-06-05,RO,etanol,14.9470,4
2018-06-05,RO,gasolina,105.6060,24
2018-06-05,RR,diesel_s10,7.0000,2
2018-06-05,RR,etanol,7.5200,2
2018-06-05,RR,gasolina,8.7000,2
2018-06-05,RS,diesel_s10,396.5290,116
2018-06-05,RS,etanol,221.4020,55
2018-06-05,RS,gasolina,662.7550,140
2018-06-05,SC,diesel_s10,240.8310,70
2018-06-05,SC,etanol,141.3630,40
2018-06-05,SC,gasolina,433.7640,100
2018-06-05,SP,diesel_s10,1056.3960,302
2018-06-05,SP,etanol,1277.6090,451
2018-06-05,SP,gasolina,1975.0810,449
2018-06-05,TO,diesel_s10,74.7410,21
2018-06-05,TO,etanol,58.5150,16
2018-06-05,TO,gasolina,107.9730,23
2018-06-06,AC,diesel_s10,4.2100,1
2018-06-06,AC,etanol,3.9900,1
2018-06-06,AC,gasolina,4.9700,1
2018-06-06,AL,diesel_s10,84.4880,22
2018-06-06,AL,etanol,113.4930,31
2018-06-06,AL,gasolina,169.7570,36
2018-06-06,AM,diesel_s10,3.7900,1
2018-06-06,AM,etanol,7.4400,2
2018-06-06,AM,gasolina,13.9990,3
2018-06-06,BA,diesel_s10,421.3630,118
2018-06-06,BA,etanol,421.1440,119
2018-06-06,BA,gasolina,771.1590,167
2018-06-06,CE,diesel_s10,192.6230,51
2018-06-06,CE,etanol,154.3080,41
2018-06-06,CE,gasolina,267.2750,56
2018-06-06,DF,diesel_s10,54.7880,14
2018-06-06,DF,etanol,71.5590,20
2018-06-06,DF,gasolina,155.0290,33
2018-06-06,GO,diesel_s10,147.9750,39
2018-06-06,GO,etanol,240.8240,81
2018-06-06,GO,gasolina,397.7020,83
2018-06-06,MA,diesel_s10,263.6710,74
2018-06-06,MA,etanol,91.4560,25
2018-06-06,MA,gasolina,374.9700,87
2018-06-06,MG,diesel_s10,404.7240,112
2018-06-06,MG,etanol,475.2840,152
2018-06-06,MG,gasolina,870.1540,177
2018-06-06,MS,diesel_s10,71.8900,18
2018-06-06,MS,etanol,48.3950,14
2018-06-06,MS,gasolina,100.4600,22
2018-06-06,MT,diesel_s10,332.9830,86
2018-06-06,MT,etanol,304.1380,113
2018-06-06,MT,gasolina,508.0060,110
2018-06-06,PA,diesel_s10,131.6410,36
2018-06-06,PA,etanol,40.2460,10
2018-06-06,PA,gasolina,184.8760,40
2018-06-06,PB,diesel_s10,101.1220,28
2018-06-06,PB,etanol,125.4650,38
2018-06-06,PB,gasolina,183.4220,42
2018-06-06,PE,diesel_s10,249.2610,71
2018-06-06,PE,etanol,265.7600,77
2018-06-06,PE,gasolina,418.7840,91
2018-06-06,PI,diesel_s10,69.1020,19
2018-06-06,PI,etanol,40.6390,12
2018-06-06,PI,gasolina,91.3760,20
2018-06-06,PR,diesel_s10,199.7790,59
2018-06-06,PR,etanol,230.4830,76
2018-06-06,PR,gasolina,358.4830,80
2018-06-06,RJ,diesel_s10,655.6010,175
2018-06-06,RJ,etanol,853.7270,234
2018-06-06,RJ,gasolina,1372.6710,273
2018-06-06,RN,diesel_s10,86.2380,24
2018-06-06,RN,etanol,82.1760,23
2018-06-06,RN,gasolina,125.9160,28
2018-06-06,RO,diesel_s10,114.6280,31
2018-06-06,RO,etanol,43.4000,11
2018-06-06,RO,gasolina,140.2880,30
2018-06-06,RS,diesel_s10,164.0920,46
2018-06-06,RS,etanol,89.5670,21
2018-06-06,RS,gasolina,264.1190,54
2018-06-06,SC,diesel_s10,71.5670,21
2018-06-06,SC,etanol,31.7870,9
2018-06-06,SC,gasolina,103.7340,24
2018-06-06,SE,diesel_s10,110.7440,31
2018-06-06,SE,etanol,91.1640,25
2018-06-06,SE,gasolina,141.5630,32
2018-06-06,SP,diesel_s10,1339.6330,385
2018-06-06,SP,etanol,1693.3860,598
2018-06-06,SP,gasolina,2585.3830,583
2018-06-07,AM,gasolina,4.9500,1
2018-06-07,BA,diesel_s10,92.7380,25
2018-06-07,BA,etanol,90.1570,24
2018-06-07,BA,gasolina,155.6430,32
2018-06-07,CE,diesel_s10,7.1400,2
2018-06-07,CE,etanol,3.6900,1
2018-06-07,CE,gasolina,9.2100,2
2018-06-07,DF,diesel_s10,3.6990,1
2018-06-07,DF,etanol,6.9980,2
2018-06-07,DF,gasolina,9.5780,2
2018-06-07,ES,diesel_s10,139.1390,40
2018-06-07,ES,etanol,144.5070,41
2018-06-07,ES,gasolina,315.6010,70
2018-06-07,GO,diesel_s10,113.2590,31
2018-06-07,GO,etanol,142.1620,48
2018-06-07,GO,gasolina,234.0650,48
2018-06-07,MA,diesel_s10,10.5970,3
2018-06-07,MA,etanol,3.5990,1
2018-06-07,MA,gasolina,17.1960,4
2018-06-07,MG,diesel_s10,194.8080,53
2018-06-07,MG,etanol,275.7450,89
2018-06-07,MG,gasolina,444.6700,91
2018-06-07,MS,diesel_s10,3.5590,1
2018-06-07,MS,etanol,3.3990,1
2018-06-07,MS,gasolina,4.3990,1
2018-06-07,MT,diesel_s10,46.9820,12
2018-06-07,MT,etanol,34.0420,11
2018-06-07,MT,gasolina,56.2510,12
2018-06-07,PA,diesel_s10,104.7620,28
2018-06-07,PA,etanol,44.6400,12
2018-06-07,PA,gasolina,151.8990,32
2018-06-07,PB,diesel_s10,3.6700,1
2018-06-07,PB,etanol,3.2490,1
2018-06-07,PB,gasolina,4.3900,1
2018-06-07,PE,diesel_s10,127.7460,37
2018-06-07,PE,etanol,112.8780,33
2018-06-07,PE,gasolina,202.9220,45
2018-06-07,PR,diesel_s10,276.8810,83
2018-06-07,PR,etanol,307.9170,101
2018-06-07,PR,gasolina,455.1100,101
2018-06-07,RJ,diesel_s10,115.1580,31
2018-06-07,RJ,etanol,118.6820,33
2018-06-07,RJ,gasolina,206.7690,41
2018-06-07,RS,diesel_s10,108.8430,31
2018-06-07,RS,etanol,64.3190,15
2018-06-07,RS,gasolina,193.3660,40
2018-06-07,SC,diesel_s10,118.2170,35
2018-06-07,SC,etanol,48.9260,14
2018-06-07,SC,gasolina,162.1270,38
2018-06-07,SE,diesel_s10,17.0290,5
2018-06-07,SE,etanol,10.5000,3
2018-06-07,SE,gasolina,21.5900,5
2018-06-07,SP,diesel_s10,806.2820,231
2018-06-07,SP,etanol,958.5490,341
2018-06-07,SP,gasolina,1437.1590,325
2018-06-07,TO,diesel_s10,27.1550,8
2018-06-07,TO,etanol,25.1960,7
2018-06-07,TO,gasolina,47.7940,10
2018-06-11,AL,diesel_s10,67.0370,18
2018-06-11,AL,etanol,90.9970,25
2018-06-11,AL,gasolina,167.8860,36
2018-06-11,AM,diesel_s10,24.9900,7
2018-06-11,AM,etanol,32.8190,9
2018-06-11,AM,gasolina,45.7400,10
2018-06-11,AP,diesel_s10,42.6500,10
2018-06-11,AP,gasolina,73.7790,18
2018-06-11,BA,diesel_s10,336.9590,95
2018-06-11,BA,etanol,415.3120,119
2018-06-11,BA,gasolina,587.1090,126
2018-06-11,CE,diesel_s10,10.4100,3
2018-06-11,CE,etanol,11.3700,3
2018-06-11,CE,gasolina,14.3500,3
2018-06-11,DF,diesel_s10,123.3330,34
2018-06-11,DF,etanol,133.9020,38
2018-06-11,DF,gasolina,221.1560,47
2018-06-11,ES,diesel_s10,114.5700,33
2018-06-11,ES,etanol,47.9600,13
2018-06-11,ES,gasolina,208.1500,45
2018-06-11,MA,diesel_s10,38.8530,11
2018-06-11,MA,etanol,10.5890,3
2018-06-11,MA,gasolina,57.2760,13
2018-06-11,MG,diesel_s10,430.2010,118
2018-06-11,MG,etanol,454.2400,145
2018-06-11,MG,gasolina,794.2550,162
2018-06-11,MS,diesel_s10,140.2150,37
2018-06-11,MS,etanol,148.0070,44
2018-06-11,MS,gasolina,207.6290,47
2018-06-11,MT,diesel_s10,73.0940,19
2018-06-11,MT,etanol,60.3230,22
2018-06-11,MT,gasolina,101.7780,22
2018-06-11,PA,diesel_s10,85.7570,24
2018-06-11,PA,etanol,39.3890,11
2018-06-11,PA,gasolina,110.0810,25
2018-06-11,PE,diesel_s10,44.2510,12
2018-06-11,PE,etanol,48.3280,13
2018-06-11,PE,gasolina,63.6680,13
2018-06-11,PI,diesel_s10,86.6990,24
2018-06-11,PI,etanol,53.0380,15
2018-06-11,PI,gasolina,130.0630,28
2018-06-11,PR,diesel_s10,328.9970,97
2018-06-11,PR,etanol,385.7910,127
2018-06-11,PR,gasolina,554.8700,122
2018-06-11,RJ,diesel_s10,98.7380,27
2018-06-11,RJ,etanol,109.6310,31
2018-06-11,RJ,gasolina,175.4930,35
2018-06-11,RO,diesel_s10,99.3520,27
2018-06-11,RO,etanol,48.2470,13
2018-06-11,RO,gasolina,140.5910,32
2018-06-11,RS,diesel_s10,301.0950,86
2018-06-11,RS,etanol,213.6160,52
2018-06-11,RS,gasolina,534.5130,112
2018-06-11,SC,diesel_s10,196.4800,58
2018-06-11,SC,etanol,210.0050,59
2018-06-11,SC,gasolina,359.5000,84
2018-06-11,SP,diesel_s10,702.6470,204
2018-06-11,SP,etanol,857.5900,304
2018-06-11,SP,gasolina,1307.2230,300
2018-06-11,TO,diesel_s10,62.1100,18
2018-06-11,TO,etanol,43.6850,12
2018-06-11,TO,gasolina,100.6530,21
2018-06-12,AC,diesel_s10,158.5760,37
2018-06-12,AC,etanol,67.8600,17
2018-06-12,AC,gasolina,193.0830,38
2018-06-12,AL,diesel_s10,18.6870,5
2018-06-12,AL,etanol,22.4360,6
2018-06-12,AL,gasolina,32.4160,7
2018-06-12,AM,diesel_s10,100.9500,27
2018-06-12,AM,etanol,81.3600,22
2018-06-12,AM,gasolina,244.3190,51
2018-06-12,AP,diesel_s10,13.1100,3
2018-06-12,AP,etanol,3.8590,1
2018-06-12,AP,gasolina,24.2200,6
2018-06-12,BA,diesel_s10,110.8780,30
2018-06-12,BA,etanol,122.5650,35
2018-06-12,BA,gasolina,170.7820,36
2018-06-12,CE,diesel_s10,534.5040,152
2018-06-12,CE,etanol,551.6510,146
2018-06-12,CE,gasolina,741.1000,156
2018-06-12,ES,diesel_s10,3.4300,1
2018-06-12,ES,gasolina,9.1400,2
2018-06-12,GO,diesel_s10,246.0900,66
2018-06-12,GO,etanol,322.3490,108
2018-06-12,GO,gasolina,546.2190,114
2018-06-12,MA,diesel_s10,30.0190,8
2018-06-12,MA,etanol,18.7190,5
2018-06-12,MA,gasolina,53.8570,12
2018-06-12,MG,diesel_s10,350.0810,97
2018-06-12,MG,etanol,487.7980,156
2018-06-12,MG,gasolina,786.0910,160
2018-06-12,MS,diesel_s10,41.0580,11
2018-06-12,MS,etanol,56.2050,17
2018-06-12,MS,gasolina,69.4060,16
2018-06-12,MT,diesel_s10,16.1110,4
2018-06-12,MT,etanol,13.7390,5
2018-06-12,MT,gasolina,23.3630,5
2018-06-12,PA,diesel_s10,35.0450,9
2018-06-12,PA,etanol,8.5490,2
2018-06-12,PA,gasolina,49.5060,10
2018-06-12,PB,diesel_s10,47.3730,14
2018-06-12,PB,etanol,40.3750,12
2018-06-12,PB,gasolina,83.5340,19
2018-06-12,PE,diesel_s10,109.0450,31
2018-06-12,PE,etanol,92.9260,27
2018-06-12,PE,gasolina,168.6750,37
2018-06-12,PI,diesel_s10,49.1750,14
2018-06-12,PI,etanol,28.5370,8
2018-06-12,PI,gasolina,70.6950,15
2018-06-12,PR,diesel_s10,337.3350,102
2018-06-12,PR,etanol,436.4810,144
2018-06-12,PR,gasolina,644.1990,143
2018-06-12,RJ,diesel_s10,343.2620,95
2018-06-12,RJ,etanol,435.6510,122
2018-06-12,RJ,gasolina,704.3960,142
2018-06-12,RN,diesel_s10,190.7490,53
2018-06-12,RN,etanol,211.1210,58
2018-06-12,RN,gasolina,273.5110,60
2018-06-12,RO,diesel_s10,11.0790,3
2018-06-12,RO,etanol,7.5090,2
2018-06-12,RO,gasolina,13.3490,3
2018-06-12,RR,diesel_s10,31.6000,9
2018-06-12,RR,etanol,15.1100,4
2018-06-12,RR,gasolina,43.5200,10
2018-06-12,RS,diesel_s10,383.7400,112
2018-06-12,RS,etanol,242.7280,60
2018-06-12,RS,gasolina,636.2000,135
2018-06-12,SC,diesel_s10,264.5230,78
2018-06-12,SC,etanol,171.1200,49
2018-06-12,SC,gasolina,446.2830,103
2018-06-12,SE,diesel_s10,10.3690,3
2018-06-12,SE,etanol,10.9690,3
2018-06-12,SE,gasolina,12.9450,3
2018-06-12,SP,diesel_s10,968.7910,282
2018-06-12,SP,etanol,1142.5110,407
2018-06-12,SP,gasolina,1777.8810,408
2018-06-12,TO,diesel_s10,71.1610,20
2018-06-12,TO,etanol,65.4640,18
2018-06-12,TO,gasolina,112.7910,24
2018-06-13,AL,diesel_s10,49.9430,13
2018-06-13,AL,etanol,41.0650,11
2018-06-13,AL,gasolina,56.7010,12
2018-06-13,AM,diesel_s10,10.6590,3
2018-06-13,AM,etanol,18.3190,5
2018-06-13,AM,gasolina,23.3190,5
2018-06-13,AP,diesel_s10,17.4600,4
2018-06-13,AP,gasolina,20.9300,5
2018-06-13,BA,diesel_s10,318.7380,91
2018-06-13,BA,etanol,450.8720,128
2018-06-13,BA,gasolina,636.4200,138
2018-06-13,CE,diesel_s10,192.2240,51
2018-06-13,CE,etanol,162.2780,43
2018-06-13,CE,gasolina,272.2050,57
2018-06-13,GO,diesel_s10,215.4830,59
2018-06-13,GO,etanol,341.3490,115
2018-06-13,GO,gasolina,556.4210,115
2018-06-13,MA,diesel_s10,177.9650,50
2018-06-13,MA,etanol,76.5480,21
2018-06-13,MA,gasolina,247.3600,57
2018-06-13,MG,diesel_s10,516.6280,143
2018-06-13,MG,etanol,632.6630,201
2018-06-13,MG,gasolina,1049.8450,214
2018-06-13,MS,diesel_s10,72.8580,19
2018-06-13,MS,etanol,55.2920,16
2018-06-13,MS,gasolina,104.7770,23
2018-06-13,MT,diesel_s10,330.1390,86
2018-06-13,MT,etanol,313.2370,117
2018-06-13,MT,gasolina,541.0350,116
2018-06-13,PA,diesel_s10,145.9270,40
2018-06-13,PA,etanol,47.9950,12
2018-06-13,PA,gasolina,198.3440,43
2018-06-13,PB,diesel_s10,60.7910,17
2018-06-13,PB,etanol,60.7600,18
2018-06-13,PB,gasolina,93.1750,21
2018-06-13,PE,diesel_s10,194.6550,56
2018-06-13,PE,etanol,189.7670,55
2018-06-13,PE,gasolina,307.0800,67
2018-06-13,PI,diesel_s10,83.9970,24
2018-06-13,PI,etanol,67.1410,20
2018-06-13,PI,gasolina,107.8570,24
2018-06-13,PR,diesel_s10,122.5840,37
2018-06-13,PR,etanol,148.5210,49
2018-06-13,PR,gasolina,229.6000,51
2018-06-13,RJ,diesel_s10,399.4480,108
2018-06-13,RJ,etanol,522.8280,143
2018-06-13,RJ,gasolina,824.6080,164
2018-06-13,RN,diesel_s10,3.5300,1
2018-06-13,RN,etanol,3.5800,1
2018-06-13,RN,gasolina,4.4700,1
2018-06-13,RO,diesel_s10,118.1180,32
2018-06-13,RO,etanol,47.3490,12
2018-06-13,RO,gasolina,140.5280,30
2018-06-13,RR,diesel_s10,10.7110,3
2018-06-13,RR,etanol,7.6260,2
2018-06-13,RR,gasolina,13.1370,3
2018-06-13,RS,diesel_s10,229.2010,65
2018-06-13,RS,etanol,150.0790,36
2018-06-13,RS,gasolina,373.4400,77
2018-06-13,SC,diesel_s10,74.4780,22
2018-06-13,SC,etanol,53.0850,15
2018-06-13,SC,gasolina,111.6630,26
2018-06-13,SE,diesel_s10,89.1240,25
2018-06-13,SE,etanol,63.5750,17
2018-06-13,SE,gasolina,123.6370,28
2018-06-13,SP,diesel_s10,1581.0800,461
2018-06-13,SP,etanol,1835.5420,657
2018-06-13,SP,gasolina,2834.0540,645
2018-06-14,AM,gasolina,9.4700,2
2018-06-14,BA,diesel_s10,88.2890,24
2018-06-14,BA,etanol,101.0160,27
2018-06-14,BA,gasolina,150.6030,31
2018-06-14,CE,diesel_s10,7.1400,2
2018-06-14,CE,etanol,3.6900,1
2018-06-14,CE,gasolina,9.2100,2
2018-06-14,ES,diesel_s10,146.6530,43
2018-06-14,ES,etanol,159.9700,45
2018-06-14,ES,gasolina,313.2180,70
2018-06-14,MA,diesel_s10,110.3690,32
2018-06-14,MA,etanol,17.6370,5
2018-06-14,MA,gasolina,145.1160,35
2018-06-14,MG,diesel_s10,55.0100,15
2018-06-14,MG,etanol,50.3580,17
2018-06-14,MG,gasolina,83.9260,17
2018-06-14,MS,gasolina,4.5900,1
2018-06-14,MT,diesel_s10,47.0000,12
2018-06-14,MT,etanol,37.1820,12
2018-06-14,MT,gasolina,61.0400,13
2018-06-14,PA,diesel_s10,100.8630,27
2018-06-14,PA,etanol,41.2410,11
2018-06-14,PA,gasolina,147.2880,31
2018-06-14,PB,diesel_s10,54.5510,16
2018-06-14,PB,etanol,66.6470,20
2018-06-14,PB,gasolina,94.8880,22
2018-06-14,PE,diesel_s10,196.6690,57
2018-06-14,PE,etanol,191.7210,56
2018-06-14,PE,gasolina,326.4030,72
2018-06-14,PR,diesel_s10,109.6680,33
2018-06-14,PR,etanol,126.4550,41
2018-06-14,PR,gasolina,190.3550,42
2018-06-14,RJ,diesel_s10,208.2350,57
2018-06-14,RJ,etanol,238.0680,66
2018-06-14,RJ,gasolina,376.2800,75
2018-06-14,RS,diesel_s10,111.9540,32
2018-06-14,RS,etanol,60.0190,14
2018-06-14,RS,gasolina,192.8430,40
2018-06-14,SC,diesel_s10,118.4560,35
2018-06-14,SC,etanol,51.8350,15
2018-06-14,SC,gasolina,162.3550,38
2018-06-14,SE,diesel_s10,17.0290,5
2018-06-14,SE,etanol,10.5000,3
2018-06-14,SE,gasolina,21.5900,5
2018-06-14,SP,diesel_s10,687.0830,198
2018-06-14,SP,etanol,767.1910,273
2018-06-14,SP,gasolina,1169.1820,263
2018-06-18,AC,diesel_s10,36.1940,8
2018-06-18,AC,gasolina,48.5930,9
2018-06-18,AL,diesel_s10,70.2350,19
2018-06-18,AL,etanol,62.8390,17
2018-06-18,AL,gasolina,107.6030,23
2018-06-18,AM,diesel_s10,37.8200,10
2018-06-18,AM,etanol,11.9700,3
2018-06-18,AM,gasolina,114.6500,23
2018-06-18,BA,diesel_s10,187.0560,52
2018-06-18,BA,etanol,245.5360,69
2018-06-18,BA,gasolina,340.4980,72
2018-06-18,CE,diesel_s10,35.9180,10
2018-06-18,CE,etanol,25.9200,7
2018-06-18,CE,gasolina,32.7490,7
2018-06-18,DF,diesel_s10,106.2120,29
2018-06-18,DF,etanol,141.4170,40
2018-06-18,DF,gasolina,213.6180,46
2018-06-18,ES,diesel_s10,115.1490,34
2018-06-18,ES,etanol,47.6100,13
2018-06-18,ES,gasolina,208.9900,45
2018-06-18,MA,diesel_s10,98.3460,28
2018-06-18,MA,etanol,36.0160,10
2018-06-18,MA,gasolina,128.4060,31
2018-06-18,MG,diesel_s10,354.4130,99
2018-06-18,MG,etanol,480.9830,153
2018-06-18,MG,gasolina,746.6100,153
2018-06-18,MS,diesel_s10,115.6490,31
2018-06-18,MS,etanol,105.2480,30
2018-06-18,MS,gasolina,150.5820,33
2018-06-18,MT,diesel_s10,40.7500,10
2018-06-18,MT,etanol,35.0610,12
2018-06-18,MT,gasolina,59.2890,12
2018-06-18,PA,diesel_s10,93.5470,25
2018-06-18,PA,etanol,27.8490,7
2018-06-18,PA,gasolina,133.0460,28
2018-06-18,PB,diesel_s10,17.8400,5
2018-06-18,PB,etanol,13.6400,4
2018-06-18,PB,gasolina,26.6800,6
2018-06-18,PI,diesel_s10,70.0790,20
2018-06-18,PI,etanol,44.9010,13
2018-06-18,PI,gasolina,96.8180,21
2018-06-18,PR,diesel_s10,625.0340,188
2018-06-18,PR,etanol,706.3510,233
2018-06-18,PR,gasolina,1042.8090,231
2018-06-18,RJ,diesel_s10,211.5170,59
2018-06-18,RJ,etanol,277.1540,77
2018-06-18,RJ,gasolina,397.2390,80
2018-06-18,RO,diesel_s10,87.8970,24
2018-06-18,RO,etanol,44.7270,12
2018-06-18,RO,gasolina,111.9270,25
2018-06-18,RS,diesel_s10,454.3510,133
2018-06-18,RS,etanol,274.4460,68
2018-06-18,RS,gasolina,746.9140,158
2018-06-18,SC,diesel_s10,219.3780,65
2018-06-18,SC,etanol,189.9310,54
2018-06-18,SC,gasolina,373.2630,88
2018-06-18,SP,diesel_s10,664.7150,197
2018-06-18,SP,etanol,777.7380,280
2018-06-18,SP,gasolina,1215.3820,280
2018-06-18,TO,diesel_s10,66.5870,19
2018-06-18,TO,etanol,43.7940,12
2018-06-18,TO,gasolina,95.8490,20
2018-06-19,AC,diesel_s10,121.6680,29
2018-06-19,AC,etanol,64.0100,16
2018-06-19,AC,gasolina,149.6580,30
2018-06-19,AL,diesel_s10,51.8280,14
2018-06-19,AL,etanol,90.8940,25
2018-06-19,AL,gasolina,124.8440,27
2018-06-19,AP,diesel_s10,8.4290,2
2018-06-19,AP,gasolina,17.4080,4
2018-06-19,BA,diesel_s10,475.7180,136
2018-06-19,BA,etanol,632.3540,181
2018-06-19,BA,gasolina,879.8010,190
2018-06-19,CE,diesel_s10,239.9170,66
2018-06-19,CE,etanol,195.6110,52
2018-06-19,CE,gasolina,357.4150,76
2018-06-19,ES,diesel_s10,7.0500,2
2018-06-19,ES,gasolina,9.2700,2
2018-06-19,GO,diesel_s10,37.7200,10
2018-06-19,GO,etanol,28.9690,10
2018-06-19,GO,gasolina,47.8990,10
2018-06-19,MA,diesel_s10,94.1380,27
2018-06-19,MA,etanol,46.3800,13
2018-06-19,MA,gasolina,140.4460,32
2018-06-19,MG,diesel_s10,456.4470,128
2018-06-19,MG,etanol,531.5700,171
2018-06-19,MG,gasolina,849.8080,175
2018-06-19,MS,diesel_s10,135.9990,38
2018-06-19,MS,etanol,147.4630,45
2018-06-19,MS,gasolina,188.9930,44
2018-06-19,MT,diesel_s10,74.7420,20
2018-06-19,MT,etanol,51.7830,19
2018-06-19,MT,gasolina,87.7730,19
2018-06-19,PA,diesel_s10,225.9730,63
2018-06-19,PA,etanol,104.3580,28
2018-06-19,PA,gasolina,294.8120,65
2018-06-19,PB,diesel_s10,48.2640,14
2018-06-19,PB,etanol,45.3350,13
2018-06-19,PB,gasolina,75.8540,17
2018-06-19,PE,diesel_s10,189.9230,56
2018-06-19,PE,etanol,186.6570,54
2018-06-19,PE,gasolina,288.5930,64
2018-06-19,PI,diesel_s10,131.9190,37
2018-06-19,PI,etanol,100.5590,29
2018-06-19,PI,gasolina,173.6410,38
2018-06-19,PR,diesel_s10,151.8650,46
2018-06-19,PR,etanol,174.0550,58
2018-06-19,PR,gasolina,248.9150,56
2018-06-19,RJ,diesel_s10,433.7170,120
2018-06-19,RJ,etanol,553.1300,152
2018-06-19,RJ,gasolina,861.6850,172
2018-06-19,RN,diesel_s10,172.8670,49
2018-06-19,RN,etanol,193.5230,53
2018-06-19,RN,gasolina,250.8510,55
2018-06-19,RO,diesel_s10,69.6920,19
2018-06-19,RO,etanol,20.0180,5
2018-06-19,RO,gasolina,84.3430,18
2018-06-19,RS,diesel_s10,111.1890,32
2018-06-19,RS,etanol,56.9010,14
2018-06-19,RS,gasolina,167.9050,35
2018-06-19,SC,diesel_s10,51.2090,15
2018-06-19,SC,etanol,28.6720,8
2018-06-19,SC,gasolina,75.1150,18
2018-06-19,SE,diesel_s10,38.4260,11
2018-06-19,SE,etanol,18.8750,5
2018-06-19,SE,gasolina,48.7380,11
2018-06-19,SP,diesel_s10,659.8810,195
2018-06-19,SP,etanol,716.8360,261
2018-06-19,SP,gasolina,1124.0580,260
2018-06-19,TO,diesel_s10,52.5960,15
2018-06-19,TO,etanol,46.3870,13
2018-06-19,TO,gasolina,73.8540,16
2018-06-20,AL,diesel_s10,25.5240,7
2018-06-20,AL,etanol,29.5750,8
2018-06-20,AL,gasolina,37.4860,8
2018-06-20,AM,diesel_s10,116.8740,33
2018-06-20,AM,etanol,123.9040,34
2018-06-20,AM,gasolina,201.0240,46
2018-06-20,AP,diesel_s10,60.1600,14
2018-06-20,AP,etanol,3.8590,1
2018-06-20,AP,gasolina,97.2200,24
2018-06-20,BA,diesel_s10,195.7170,57
2018-06-20,BA,etanol,210.3390,61
2018-06-20,BA,gasolina,306.7950,67
2018-06-20,CE,diesel_s10,451.9860,131
2018-06-20,CE,etanol,464.7840,124
2018-06-20,CE,gasolina,625.1460,134
2018-06-20,GO,diesel_s10,441.0310,121
2018-06-20,GO,etanol,641.2560,218
2018-06-20,GO,gasolina,1013.6330,213
2018-06-20,MA,diesel_s10,163.2310,46
2018-06-20,MA,etanol,65.3910,18
2018-06-20,MA,gasolina,235.2960,54
2018-06-20,MG,diesel_s10,586.1120,163
2018-06-20,MG,etanol,699.9340,228
2018-06-20,MG,gasolina,1085.1990,223
2018-06-20,MS,diesel_s10,22.0480,6
2018-06-20,MS,etanol,27.2460,8
2018-06-20,MS,gasolina,49.2560,11
2018-06-20,MT,diesel_s10,297.0140,78
2018-06-20,MT,etanol,268.1130,100
2018-06-20,MT,gasolina,465.0100,100
2018-06-20,PA,diesel_s10,47.5690,13
2018-06-20,PA,etanol,13.0700,3
2018-06-20,PA,gasolina,59.8490,13
2018-06-20,PB,diesel_s10,41.5710,12
2018-06-20,PB,etanol,44.1740,13
2018-06-20,PB,gasolina,64.6530,15
2018-06-20,PE,diesel_s10,277.6730,82
2018-06-20,PE,etanol,283.1510,82
2018-06-20,PE,gasolina,425.6960,94
2018-06-20,PI,diesel_s10,28.8170,8
2018-06-20,PI,etanol,21.2670,6
2018-06-20,PI,gasolina,36.8170,8
2018-06-20,PR,diesel_s10,179.8090,55
2018-06-20,PR,etanol,213.6850,70
2018-06-20,PR,gasolina,309.9640,69
2018-06-20,RJ,diesel_s10,388.4390,107
2018-06-20,RJ,etanol,515.4640,144
2018-06-20,RJ,gasolina,751.9580,151
2018-06-20,RN,diesel_s10,24.5680,7
2018-06-20,RN,etanol,24.6980,7
2018-06-20,RN,gasolina,31.3370,7
2018-06-20,RO,diesel_s10,89.9270,24
2018-06-20,RO,etanol,31.4480,8
2018-06-20,RO,gasolina,109.7640,24
2018-06-20,RR,diesel_s10,42.9400,12
2018-06-20,RR,etanol,19.0100,5
2018-06-20,RR,gasolina,56.0700,13
2018-06-20,RS,diesel_s10,336.4090,97
2018-06-20,RS,etanol,212.0610,51
2018-06-20,RS,gasolina,564.0960,119
2018-06-20,SC,diesel_s10,306.1860,92
2018-06-20,SC,etanol,240.2210,69
2018-06-20,SC,gasolina,458.7070,109
2018-06-20,SE,diesel_s10,77.9340,22
2018-06-20,SE,etanol,86.0490,23
2018-06-20,SE,gasolina,114.2350,26
2018-06-20,SP,diesel_s10,2068.3720,610
2018-06-20,SP,etanol,2303.6740,832
2018-06-20,SP,gasolina,3604.6500,827
2018-06-20,TO,diesel_s10,27.1550,8
2018-06-20,TO,etanol,25.1960,7
2018-06-20,TO,gasolina,47.7940,10
2018-06-21,AP,diesel_s10,4.3900,1
2018-06-21,AP,gasolina,4.0800,1
2018-06-21,BA,diesel_s10,17.1860,5
2018-06-21,BA,etanol,20.8850,6
2018-06-21,BA,gasolina,23.9160,5
2018-06-21,ES,diesel_s10,168.0750,49
2018-06-21,ES,etanol,151.2290,43
2018-06-21,ES,gasolina,312.5730,70
2018-06-21,GO,diesel_s10,6.9400,2
2018-06-21,GO,etanol,17.3080,6
2018-06-21,GO,gasolina,28.7080,6
2018-06-21,MA,diesel_s10,6.9980,2
2018-06-21,MA,etanol,3.4990,1
2018-06-21,MA,gasolina,8.3890,2
2018-06-21,MG,diesel_s10,58.3780,16
2018-06-21,MG,etanol,75.1190,23
2018-06-21,MG,gasolina,118.6150,24
2018-06-21,MT,diesel_s10,75.4080,20
2018-06-21,MT,etanol,72.6360,27
2018-06-21,MT,gasolina,119.6660,26
2018-06-21,PA,diesel_s10,11.5400,3
2018-06-21,PA,etanol,4.0000,1
2018-06-21,PA,gasolina,34.7290,7
2018-06-21,PB,diesel_s10,67.2570,20
2018-06-21,PB,etanol,77.3360,23
2018-06-21,PB,gasolina,103.0410,24
2018-06-21,PE,diesel_s10,88.3650,26
2018-06-21,PE,etanol,65.3520,19
2018-06-21,PE,gasolina,135.4330,30
2018-06-21,PR,diesel_s10,27.3200,8
2018-06-21,PR,etanol,29.0590,10
2018-06-21,PR,gasolina,44.5980,10
2018-06-21,RJ,diesel_s10,56.3140,16
2018-06-21,RJ,etanol,68.8510,19
2018-06-21,RJ,gasolina,94.4000,19
2018-06-21,RS,diesel_s10,130.8900,38
2018-06-21,RS,etanol,108.1030,26
2018-06-21,RS,gasolina,244.6420,52
2018-06-21,SC,diesel_s10,92.8890,28
2018-06-21,SC,etanol,78.4850,22
2018-06-21,SC,gasolina,156.6890,37
2018-06-21,SP,diesel_s10,745.1160,217
2018-06-21,SP,etanol,799.4570,290
2018-06-21,SP,gasolina,1236.7350,279
2018-06-25,AC,diesel_s10,35.7840,8
2018-06-25,AC,gasolina,48.5930,9
2018-06-25,AL,diesel_s10,69.9150,19
2018-06-25,AL,etanol,62.7390,17
2018-06-25,AL,gasolina,107.2570,23
2018-06-25,AM,diesel_s10,33.6500,9
2018-06-25,AM,etanol,18.8100,5
2018-06-25,AM,gasolina,126.9100,26
2018-06-25,AP,diesel_s10,33.4860,8
2018-06-25,AP,gasolina,52.0330,13
2018-06-25,BA,diesel_s10,346.5860,99
2018-06-25,BA,etanol,518.3240,149
2018-06-25,BA,gasolina,693.1520,152
2018-06-25,CE,diesel_s10,148.0660,42
2018-06-25,CE,etanol,150.0590,40
2018-06-25,CE,gasolina,186.5410,40
2018-06-25,DF,diesel_s10,122.8690,34
2018-06-25,DF,etanol,136.0190,39
2018-06-25,DF,gasolina,208.3730,47
2018-06-25,ES,diesel_s10,114.6280,34
2018-06-25,ES,etanol,65.8690,18
2018-06-25,ES,gasolina,208.0580,45
2018-06-25,MA,diesel_s10,25.5960,7
2018-06-25,MA,etanol,18.1380,5
2018-06-25,MA,gasolina,33.9060,8
2018-06-25,MG,diesel_s10,428.9490,121
2018-06-25,MG,etanol,606.3340,195
2018-06-25,MG,gasolina,944.1380,195
2018-06-25,MS,diesel_s10,110.8910,30
2018-06-25,MS,etanol,110.4750,32
2018-06-25,MS,gasolina,162.5990,36
2018-06-25,MT,diesel_s10,40.7400,10
2018-06-25,MT,etanol,35.0910,12
2018-06-25,MT,gasolina,59.2890,12
2018-06-25,PA,diesel_s10,157.5540,43
2018-06-25,PA,etanol,50.2450,13
2018-06-25,PA,gasolina,212.4260,46
2018-06-25,PB,diesel_s10,88.1470,26
2018-06-25,PB,etanol,98.1040,29
2018-06-25,PB,gasolina,132.9420,31
2018-06-25,PE,diesel_s10,3.3990,1
2018-06-25,PE,etanol,3.3490,1
2018-06-25,PE,gasolina,4.4890,1
2018-06-25,PI,diesel_s10,63.4120,18
2018-06-25,PI,etanol,41.6730,12
2018-06-25,PI,gasolina,92.8120,20
2018-06-25,PR,diesel_s10,609.6780,185
2018-06-25,PR,etanol,721.4440,240
2018-06-25,PR,gasolina,1069.5750,239
2018-06-25,RJ,diesel_s10,333.7280,93
2018-06-25,RJ,etanol,419.0660,117
2018-06-25,RJ,gasolina,598.6630,121
2018-06-25,RN,etanol,3.4290,1
2018-06-25,RN,gasolina,4.6700,1
2018-06-25,RO,diesel_s10,81.1160,22
2018-06-25,RO,etanol,44.7160,12
2018-06-25,RO,gasolina,120.5650,27
2018-06-25,RS,diesel_s10,549.2100,161
2018-06-25,RS,etanol,344.0490,85
2018-06-25,RS,gasolina,931.7000,198
2018-06-25,SC,diesel_s10,215.4070,64
2018-06-25,SC,etanol,172.8150,49
2018-06-25,SC,gasolina,341.5190,81
2018-06-25,SE,diesel_s10,68.2150,19
2018-06-25,SE,etanol,67.8860,18
2018-06-25,SE,gasolina,88.0450,20
2018-06-25,SP,diesel_s10,1239.6480,369
2018-06-25,SP,etanol,1407.6290,520
2018-06-25,SP,gasolina,2217.9490,519
2018-06-25,TO,diesel_s10,93.6240,27
2018-06-25,TO,etanol,72.9520,20
2018-06-25,TO,gasolina,134.0070,28
2018-06-26,AC,diesel_s10,4.4990,1
2018-06-26,AC,gasolina,5.4590,1
2018-06-26,AL,diesel_s10,70.2460,19
2018-06-26,AL,etanol,94.5800,26
2018-06-26,AL,gasolina,123.8780,27
2018-06-26,AP,diesel_s10,30.4990,7
2018-06-26,AP,gasolina,57.5870,14
2018-06-26,BA,diesel_s10,312.8960,88
2018-06-26,BA,etanol,358.4130,102
2018-06-26,BA,gasolina,517.9000,110
2018-06-26,CE,diesel_s10,410.4630,116
2018-06-26,CE,etanol,369.8840,98
2018-06-26,CE,gasolina,590.8200,126
2018-06-26,ES,diesel_s10,7.0500,2
2018-06-26,ES,gasolina,9.2700,2
2018-06-26,GO,diesel_s10,38.0600,10
2018-06-26,GO,etanol,29.2690,10
2018-06-26,GO,gasolina,48.3790,10
2018-06-26,MA,diesel_s10,76.6720,22
2018-06-26,MA,etanol,46.3800,13
2018-06-26,MA,gasolina,119.8400,27
2018-06-26,MG,diesel_s10,371.7980,104
2018-06-26,MG,etanol,429.3570,138
2018-06-26,MG,gasolina,684.8540,141
2018-06-26,MS,diesel_s10,17.8610,5
2018-06-26,MS,etanol,16.6490,5
2018-06-26,MS,gasolina,17.6660,4
2018-06-26,MT,diesel_s10,93.2300,25
2018-06-26,MT,etanol,75.0700,28
2018-06-26,MT,gasolina,128.9600,28
2018-06-26,PA,diesel_s10,160.9030,45
2018-06-26,PA,etanol,78.6520,21
2018-06-26,PA,gasolina,214.3520,47
2018-06-26,PB,diesel_s10,48.2640,14
2018-06-26,PB,etanol,45.5950,13
2018-06-26,PB,gasolina,75.8540,17
2018-06-26,PE,diesel_s10,186.5150,55
2018-06-26,PE,etanol,183.0590,53
2018-06-26,PE,gasolina,283.7260,63
2018-06-26,PI,diesel_s10,92.6990,26
2018-06-26,PI,etanol,76.1900,22
2018-06-26,PI,gasolina,126.9670,28
2018-06-26,PR,diesel_s10,154.2660,47
2018-06-26,PR,etanol,166.7460,56
2018-06-26,PR,gasolina,239.5630,54
2018-06-26,RJ,diesel_s10,312.0650,87
2018-06-26,RJ,etanol,399.9930,110
2018-06-26,RJ,gasolina,584.0850,117
2018-06-26,RN,diesel_s10,80.9450,23
2018-06-26,RN,etanol,95.0400,26
2018-06-26,RN,gasolina,124.1000,27
2018-06-26,RO,diesel_s10,77.0930,21
2018-06-26,RO,etanol,31.1770,8
2018-06-26,RO,gasolina,97.4420,21
2018-06-26,RR,diesel_s10,38.6300,11
2018-06-26,RR,etanol,15.5800,4
2018-06-26,RR,gasolina,47.7500,11
2018-06-26,RS,diesel_s10,97.7320,28
2018-06-26,RS,etanol,76.0180,19
2018-06-26,RS,gasolina,167.9740,35
2018-06-26,SC,diesel_s10,71.6300,21
2018-06-26,SC,etanol,55.6560,15
2018-06-26,SC,gasolina,109.2290,26
2018-06-26,SE,diesel_s10,38.4560,11
2018-06-26,SE,etanol,18.8750,5
2018-06-26,SE,gasolina,48.6980,11
2018-06-26,SP,diesel_s10,486.7640,144
2018-06-26,SP,etanol,549.8660,202
2018-06-26,SP,gasolina,862.7950,201
2018-06-26,TO,diesel_s10,55.5250,16
2018-06-26,TO,etanol,49.6360,14
2018-06-26,TO,gasolina,78.6530,17
2018-06-27,AC,diesel_s10,117.3700,28
2018-06-27,AC,etanol,67.9900,17
2018-06-27,AC,gasolina,144.2900,29
2018-06-27,AL,diesel_s10,21.8470,6
2018-06-27,AL,etanol,25.9760,7
2018-06-27,AL,gasolina,32.9470,7
2018-06-27,AM,diesel_s10,10.7600,3
2018-06-27,AM,etanol,11.1300,3
2018-06-27,AM,gasolina,21.7900,5
2018-06-27,AP,gasolina,3.9900,1
2018-06-27,BA,diesel_s10,154.9500,45
2018-06-27,BA,etanol,176.4880,51
2018-06-27,BA,gasolina,242.5460,53
2018-06-27,CE,diesel_s10,35.0870,10
2018-06-27,CE,etanol,34.5690,9
2018-06-27,CE,gasolina,51.7580,11
2018-06-27,ES,diesel_s10,3.2900,1
2018-06-27,ES,gasolina,4.5700,1
2018-06-27,GO,diesel_s10,440.0210,121
2018-06-27,GO,etanol,576.0990,197
2018-06-27,GO,gasolina,908.7580,192
2018-06-27,MA,diesel_s10,262.6740,75
2018-06-27,MA,etanol,79.3310,22
2018-06-27,MA,gasolina,354.6790,83
2018-06-27,MG,diesel_s10,603.6860,168
2018-06-27,MG,etanol,742.1720,242
2018-06-27,MG,gasolina,1150.0230,237
2018-06-27,MS,diesel_s10,18.5400,5
2018-06-27,MS,etanol,24.2300,7
2018-06-27,MS,gasolina,40.8750,9
2018-06-27,MT,diesel_s10,312.5150,82
2018-06-27,MT,etanol,299.6010,112
2018-06-27,MT,gasolina,519.4530,112
2018-06-27,PA,diesel_s10,47.4690,13
2018-06-27,PA,etanol,13.0700,3
2018-06-27,PA,gasolina,59.8490,13
2018-06-27,PB,diesel_s10,41.5710,12
2018-06-27,PB,etanol,40.7250,12
2018-06-27,PB,gasolina,60.1630,14
2018-06-27,PE,diesel_s10,288.2630,85
2018-06-27,PE,etanol,294.0740,85
2018-06-27,PE,gasolina,429.3290,95
2018-06-27,PI,diesel_s10,67.1960,19
2018-06-27,PI,etanol,54.3480,16
2018-06-27,PI,gasolina,84.5250,19
2018-06-27,PR,diesel_s10,166.0890,51
2018-06-27,PR,etanol,195.2040,64
2018-06-27,PR,gasolina,281.7210,63
2018-06-27,RJ,diesel_s10,333.2150,92
2018-06-27,RJ,etanol,438.8850,123
2018-06-27,RJ,gasolina,641.7190,129
2018-06-27,RN,diesel_s10,108.3640,30
2018-06-27,RN,etanol,117.0350,32
2018-06-27,RN,gasolina,152.6290,34
2018-06-27,RO,diesel_s10,73.3270,20
2018-06-27,RO,etanol,31.2490,8
2018-06-27,RO,gasolina,92.1570,20
2018-06-27,RR,diesel_s10,3.4900,1
2018-06-27,RR,etanol,3.7900,1
2018-06-27,RR,gasolina,8.4400,2
2018-06-27,RS,diesel_s10,317.3000,92
2018-06-27,RS,etanol,232.4920,56
2018-06-27,RS,gasolina,519.6970,110
2018-06-27,SC,diesel_s10,305.2630,92
2018-06-27,SC,etanol,244.3800,70
2018-06-27,SC,gasolina,447.2850,107
2018-06-27,SE,diesel_s10,20.2590,6
2018-06-27,SE,etanol,18.0030,5
2018-06-27,SE,gasolina,25.6600,6
2018-06-27,SP,diesel_s10,1750.3100,515
2018-06-27,SP,etanol,1927.9900,702
2018-06-27,SP,gasolina,3023.0250,693
2018-06-28,AL,diesel_s10,3.5900,1
2018-06-28,AL,etanol,3.5900,1
2018-06-28,AL,gasolina,4.5300,1
2018-06-28,AM,diesel_s10,84.3190,24
2018-06-28,AM,etanol,110.2460,31
2018-06-28,AM,gasolina,158.4560,38
2018-06-28,AP,diesel_s10,4.2300,1
2018-06-28,AP,gasolina,3.9500,1
2018-06-28,BA,diesel_s10,47.1240,14
2018-06-28,BA,etanol,57.5540,17
2018-06-28,BA,gasolina,77.9760,17
2018-06-28,CE,diesel_s10,134.9990,39
2018-06-28,CE,etanol,144.6730,38
2018-06-28,CE,gasolina,182.8320,39
2018-06-28,ES,diesel_s10,150.2580,44
2018-06-28,ES,etanol,140.3180,40
2018-06-28,ES,gasolina,307.3070,69
2018-06-28,GO,diesel_s10,45.8560,13
2018-06-28,GO,etanol,73.8120,27
2018-06-28,GO,gasolina,124.8420,27
2018-06-28,MA,diesel_s10,3.4990,1
2018-06-28,MA,gasolina,4.0990,1
2018-06-28,MG,diesel_s10,3.4990,1
2018-06-28,MG,etanol,5.5800,2
2018-06-28,MG,gasolina,9.2800,2
2018-06-28,MS,diesel_s10,125.3710,35
2018-06-28,MS,etanol,127.7360,39
2018-06-28,MS,gasolina,168.0860,39
2018-06-28,MT,diesel_s10,22.9660,6
2018-06-28,MT,etanol,17.9020,6
2018-06-28,MT,gasolina,23.0460,5
2018-06-28,PA,diesel_s10,11.5400,3
2018-06-28,PA,etanol,4.0000,1
2018-06-28,PA,gasolina,34.7290,7
2018-06-28,PE,diesel_s10,88.4420,26
2018-06-28,PE,etanol,65.5590,19
2018-06-28,PE,gasolina,130.5300,29
2018-06-28,PR,diesel_s10,24.0700,7
2018-06-28,PR,etanol,26.3690,9
2018-06-28,PR,gasolina,40.3080,9
2018-06-28,RJ,diesel_s10,122.6370,34
2018-06-28,RJ,etanol,185.6330,52
2018-06-28,RJ,gasolina,254.3310,52
2018-06-28,RS,diesel_s10,62.1560,18
2018-06-28,RS,etanol,58.4850,14
2018-06-28,RS,gasolina,99.8020,21
2018-06-28,SC,diesel_s10,95.8270,29
2018-06-28,SC,etanol,74.4640,21
2018-06-28,SC,gasolina,155.3900,37
2018-06-28,SP,diesel_s10,624.2030,182
2018-06-28,SP,etanol,653.6430,239
2018-06-28,SP,gasolina,1014.3070,230
2018-07-02,AL,diesel_s10,7.0690,2
2018-07-02,AL,etanol,7.3800,2
2018-07-02,AL,gasolina,9.2100,2
2018-07-02,AM,diesel_s10,7.2600,2
2018-07-02,AM,etanol,7.6800,2
2018-07-02,AM,gasolina,8.8800,2
2018-07-02,AP,diesel_s10,55.3110,13
2018-07-02,AP,etanol,4.4590,1
2018-07-02,AP,gasolina,91.7610,23
2018-07-02,BA,diesel_s10,57.5490,16
2018-07-02,BA,etanol,56.5470,16
2018-07-02,BA,gasolina,80.3800,17
2018-07-02,ES,diesel_s10,83.6890,25
2018-07-02,ES,etanol,50.4490,14
2018-07-02,ES,gasolina,143.3180,31
2018-07-02,MA,diesel_s10,167.3640,48
2018-07-02,MA,etanol,34.9230,10
2018-07-02,MA,gasolina,219.6610,53
2018-07-02,MG,diesel_s10,562.7180,157
2018-07-02,MG,etanol,615.5920,200
2018-07-02,MG,gasolina,970.8770,201
2018-07-02,MS,diesel_s10,21.6760,6
2018-07-02,MS,etanol,20.2060,6
2018-07-02,MS,gasolina,26.7710,6
2018-07-02,PA,diesel_s10,55.5960,15
2018-07-02,PA,etanol,11.1480,3
2018-07-02,PA,gasolina,81.3450,17
2018-07-02,PE,diesel_s10,28.0920,8
2018-07-02,PE,etanol,37.0310,10
2018-07-02,PE,gasolina,49.0000,10
2018-07-02,PI,diesel_s10,32.1450,9
2018-07-02,PI,etanol,21.0160,6
2018-07-02,PI,gasolina,45.7930,10
2018-07-02,PR,diesel_s10,312.8360,95
2018-07-02,PR,etanol,366.3620,122
2018-07-02,PR,gasolina,539.0610,121
2018-07-02,RJ,diesel_s10,274.9250,78
2018-07-02,RJ,etanol,387.9190,111
2018-07-02,RJ,gasolina,541.0240,111
2018-07-02,RO,diesel_s10,29.5290,8
2018-07-02,RO,etanol,21.5670,6
2018-07-02,RO,gasolina,43.4370,10
2018-07-02,RS,diesel_s10,668.4010,196
2018-07-02,RS,etanol,439.8190,108
2018-07-02,RS,gasolina,1111.8680,235
2018-07-02,SC,diesel_s10,555.7660,167
2018-07-02,SC,etanol,475.5340,136
2018-07-02,SC,gasolina,844.9760,203
2018-07-02,SP,diesel_s10,850.1600,252
2018-07-02,SP,etanol,899.8530,335
2018-07-02,SP,gasolina,1429.3230,332
2018-07-02,TO,diesel_s10,37.5650,11
2018-07-02,TO,etanol,37.1060,10
2018-07-02,TO,gasolina,51.6220,11
2018-07-03,AC,diesel_s10,40.3830,9
2018-07-03,AC,gasolina,54.2010,10
2018-07-03,AL,diesel_s10,99.3820,27
2018-07-03,AL,etanol,100.6860,27
2018-07-03,AL,gasolina,140.9370,30
2018-07-03,AM,diesel_s10,44.9200,12
2018-07-03,AM,gasolina,119.5300,24
2018-07-03,BA,diesel_s10,497.1100,143
2018-07-03,BA,etanol,604.0820,175
2018-07-03,BA,gasolina,830.5150,180
2018-07-03,CE,diesel_s10,89.8490,25
2018-07-03,CE,etanol,81.8000,22
2018-07-03,CE,gasolina,129.8550,28
2018-07-03,DF,diesel_s10,21.7370,6
2018-07-03,DF,etanol,20.7840,6
2018-07-03,DF,gasolina,26.9940,6
2018-07-03,ES,diesel_s10,20.3400,6
2018-07-03,ES,etanol,7.5480,2
2018-07-03,ES,gasolina,31.4100,7
2018-07-03,GO,diesel_s10,110.4080,30
2018-07-03,GO,etanol,164.4420,57
2018-07-03,GO,gasolina,266.8440,57
2018-07-03,MA,diesel_s10,81.5360,23
2018-07-03,MA,etanol,48.5540,13
2018-07-03,MA,gasolina,111.1860,25
2018-07-03,MG,diesel_s10,145.0230,41
2018-07-03,MG,etanol,177.6510,58
2018-07-03,MG,gasolina,252.7800,52
2018-07-03,MS,diesel_s10,62.9320,17
2018-07-03,MS,etanol,61.9430,18
2018-07-03,MS,gasolina,90.5220,20
2018-07-03,MT,diesel_s10,118.2990,31
2018-07-03,MT,etanol,89.5750,32
2018-07-03,MT,gasolina,150.3350,32
2018-07-03,PA,diesel_s10,80.4460,22
2018-07-03,PA,etanol,38.1450,10
2018-07-03,PA,gasolina,106.4760,23
2018-07-03,PB,diesel_s10,61.4280,18
2018-07-03,PB,etanol,59.8540,17
2018-07-03,PB,gasolina,87.8390,20
2018-07-03,PE,diesel_s10,168.2560,50
2018-07-03,PE,etanol,149.9930,44
2018-07-03,PE,gasolina,238.2920,53
2018-07-03,PI,diesel_s10,126.8710,36
2018-07-03,PI,etanol,106.7550,31
2018-07-03,PI,gasolina,168.5010,37
2018-07-03,PR,diesel_s10,105.9790,32
2018-07-03,PR,etanol,107.4620,37
2018-07-03,PR,gasolina,153.6390,35
2018-07-03,RJ,diesel_s10,325.1440,90
2018-07-03,RJ,etanol,415.4380,115
2018-07-03,RJ,gasolina,583.0620,117
2018-07-03,RN,diesel_s10,20.9880,6
2018-07-03,RN,etanol,21.1680,6
2018-07-03,RN,gasolina,22.1990,5
2018-07-03,RO,diesel_s10,40.7070,11
2018-07-03,RO,etanol,23.2490,6
2018-07-03,RO,gasolina,50.3150,11
2018-07-03,RR,diesel_s10,38.1700,11
2018-07-03,RR,etanol,18.9000,5
2018-07-03,RR,gasolina,46.1600,11
2018-07-03,RS,diesel_s10,102.0450,29
2018-07-03,RS,etanol,79.9030,19
2018-07-03,RS,gasolina,147.1170,30
2018-07-03,SC,diesel_s10,30.7740,9
2018-07-03,SC,etanol,29.0970,8
2018-07-03,SC,gasolina,50.5520,12
2018-07-03,SE,diesel_s10,57.6360,16
2018-07-03,SE,etanol,60.6560,16
2018-07-03,SE,gasolina,71.8740,16
2018-07-03,SP,diesel_s10,365.4040,108
2018-07-03,SP,etanol,382.2730,143
2018-07-03,SP,gasolina,602.9310,142
2018-07-03,TO,diesel_s10,30.8470,9
2018-07-03,TO,etanol,32.8880,9
2018-07-03,TO,gasolina,47.8540,10
2018-07-04,AM,diesel_s10,101.6890,29
2018-07-04,AM,etanol,131.2250,37
2018-07-04,AM,gasolina,179.1170,44
2018-07-04,AP,diesel_s10,8.4200,2
2018-07-04,AP,gasolina,21.2770,5
2018-07-04,BA,diesel_s10,321.1250,93
2018-07-04,BA,etanol,458.4010,130
2018-07-04,BA,gasolina,607.4520,132
2018-07-04,CE,diesel_s10,643.5570,183
2018-07-04,CE,etanol,662.7200,177
2018-07-04,CE,gasolina,877.6980,189
2018-07-04,DF,diesel_s10,104.6350,29
2018-07-04,DF,etanol,126.5320,37
2018-07-04,DF,gasolina,187.7900,41
2018-07-04,ES,diesel_s10,27.6800,8
2018-07-04,ES,etanol,14.6600,4
2018-07-04,ES,gasolina,41.3900,9
2018-07-04,GO,diesel_s10,339.5120,94
2018-07-04,GO,etanol,443.3130,153
2018-07-04,GO,gasolina,705.8620,149
2018-07-04,MA,diesel_s10,80.9330,23
2018-07-04,MA,etanol,43.1460,12
2018-07-04,MA,gasolina,120.3670,27
2018-07-04,MG,diesel_s10,691.0030,192
2018-07-04,MG,etanol,926.0060,305
2018-07-04,MG,gasolina,1475.5350,307
2018-07-04,MS,diesel_s10,195.3240,54
2018-07-04,MS,etanol,204.0010,62
2018-07-04,MS,gasolina,273.2170,63
2018-07-04,MT,diesel_s10,135.9140,35
2018-07-04,MT,etanol,112.0990,40
2018-07-04,MT,gasolina,181.5390,39
2018-07-04,PA,diesel_s10,168.4420,47
2018-07-04,PA,etanol,56.5040,15
2018-07-04,PA,gasolina,252.0810,55
2018-07-04,PB,diesel_s10,17.8300,5
2018-07-04,PB,etanol,20.3200,6
2018-07-04,PB,gasolina,26.5500,6
2018-07-04,PE,diesel_s10,234.5180,70
2018-07-04,PE,etanol,217.6070,64
2018-07-04,PE,gasolina,327.3610,74
2018-07-04,PI,diesel_s10,68.4880,19
2018-07-04,PI,etanol,43.1220,12
2018-07-04,PI,gasolina,97.3780,21
2018-07-04,PR,diesel_s10,460.1800,140
2018-07-04,PR,etanol,522.0280,178
2018-07-04,PR,gasolina,779.9930,177
2018-07-04,RJ,diesel_s10,462.4880,129
2018-07-04,RJ,etanol,556.8270,156
2018-07-04,RJ,gasolina,839.8430,168
2018-07-04,RN,diesel_s10,170.4710,48
2018-07-04,RN,etanol,196.4320,54
2018-07-04,RN,gasolina,255.7030,57
2018-07-04,RO,diesel_s10,120.0690,33
2018-07-04,RO,etanol,48.2790,12
2018-07-04,RO,gasolina,158.6810,34
2018-07-04,RR,diesel_s10,6.9700,2
2018-07-04,RR,etanol,3.9000,1
2018-07-04,RR,gasolina,8.4700,2
2018-07-04,RS,diesel_s10,148.8340,43
2018-07-04,RS,etanol,129.6260,32
2018-07-04,RS,gasolina,265.1040,55
2018-07-04,SC,diesel_s10,94.6470,28
2018-07-04,SC,etanol,68.5550,19
2018-07-04,SC,gasolina,154.3020,36
2018-07-04,SE,diesel_s10,72.9330,21
2018-07-04,SE,etanol,52.0080,14
2018-07-04,SE,gasolina,92.5060,21
2018-07-04,SP,diesel_s10,2750.9380,811
2018-07-04,SP,etanol,2815.0740,1070
2018-07-04,SP,gasolina,4528.7330,1051
2018-07-04,TO,diesel_s10,70.6210,20
2018-07-04,TO,etanol,65.8640,18
2018-07-04,TO,gasolina,97.8510,21
2018-07-05,AC,diesel_s10,121.3170,29
2018-07-05,AC,etanol,64.2080,16
2018-07-05,AC,gasolina,143.6050,29
2018-07-05,AL,diesel_s10,32.6720,9
2018-07-05,AL,etanol,78.4730,21
2018-07-05,AL,gasolina,113.5050,24
2018-07-05,AP,diesel_s10,4.4900,1
2018-07-05,AP,gasolina,4.4700,1
2018-07-05,BA,diesel_s10,19.1420,5
2018-07-05,BA,etanol,19.0860,5
2018-07-05,BA,gasolina,27.9750,6
2018-07-05,CE,diesel_s10,6.9780,2
2018-07-05,CE,gasolina,9.3800,2
2018-07-05,ES,diesel_s10,168.9460,50
2018-07-05,ES,etanol,158.2570,45
2018-07-05,ES,gasolina,310.9620,70
2018-07-05,GO,diesel_s10,48.0450,13
2018-07-05,GO,etanol,67.4650,23
2018-07-05,GO,gasolina,105.0930,22
2018-07-05,MA,diesel_s10,52.3100,15
2018-07-05,MA,etanol,14.3460,4
2018-07-05,MA,gasolina,70.8500,16
2018-07-05,MG,diesel_s10,41.9880,12
2018-07-05,MG,etanol,50.1360,16
2018-07-05,MG,gasolina,81.5970,17
2018-07-05,MT,diesel_s10,197.8530,53
2018-07-05,MT,etanol,225.3550,87
2018-07-05,MT,gasolina,399.1840,87
2018-07-05,PA,diesel_s10,72.6670,20
2018-07-05,PA,etanol,20.2900,5
2018-07-05,PA,gasolina,92.1170,20
2018-07-05,PB,diesel_s10,87.4030,26
2018-07-05,PB,etanol,114.2020,34
2018-07-05,PB,gasolina,157.5270,37
2018-07-05,PE,diesel_s10,155.0930,46
2018-07-05,PE,etanol,150.8100,44
2018-07-05,PE,gasolina,218.3410,49
2018-07-05,PR,diesel_s10,96.3960,29
2018-07-05,PR,etanol,97.9990,34
2018-07-05,PR,gasolina,150.8710,34
2018-07-05,RJ,diesel_s10,53.3540,15
2018-07-05,RJ,etanol,68.4300,20
2018-07-05,RJ,gasolina,98.0040,20
2018-07-05,RO,diesel_s10,39.9470,11
2018-07-05,RO,etanol,21.7670,6
2018-07-05,RO,gasolina,57.0960,13
2018-07-05,RS,diesel_s10,136.7360,39
2018-07-05,RS,etanol,113.8400,27
2018-07-05,RS,gasolina,208.5410,43
2018-07-05,SP,diesel_s10,265.7150,79
2018-07-05,SP,etanol,294.8150,112
2018-07-05,SP,gasolina,478.3420,112
2018-07-05,TO,diesel_s10,10.7170,3
2018-07-05,TO,etanol,3.6990,1
2018-07-05,TO,gasolina,19.1460,4
2018-07-09,AL,diesel_s10,7.0690,2
2018-07-09,AL,etanol,7.3800,2
2018-07-09,AL,gasolina,9.2100,2
2018-07-09,BA,diesel_s10,58.0580,16
2018-07-09,BA,etanol,53.1870,15
2018-07-09,BA,gasolina,76.3000,16
2018-07-09,ES,diesel_s10,73.7790,22
2018-07-09,ES,etanol,54.2390,15
2018-07-09,ES,gasolina,129.6190,28
2018-07-09,MA,diesel_s10,20.8740,6
2018-07-09,MA,etanol,3.4590,1
2018-07-09,MA,gasolina,24.6440,6
2018-07-09,MG,diesel_s10,512.8880,143
2018-07-09,MG,etanol,559.1540,183
2018-07-09,MG,gasolina,887.2070,184
2018-07-09,MS,diesel_s10,18.1270,5
2018-07-09,MS,etanol,16.8580,5
2018-07-09,MS,gasolina,22.2830,5
2018-07-09,PA,diesel_s10,51.4270,14
2018-07-09,PA,etanol,11.1480,3
2018-07-09,PA,gasolina,76.4850,16
2018-07-09,PE,diesel_s10,28.5720,8
2018-07-09,PE,etanol,37.0310,10
2018-07-09,PE,gasolina,48.7000,10
2018-07-09,PI,diesel_s10,109.7360,31
2018-07-09,PI,etanol,81.8690,24
2018-07-09,PI,gasolina,144.3970,32
2018-07-09,PR,diesel_s10,335.9460,102
2018-07-09,PR,etanol,381.0970,130
2018-07-09,PR,gasolina,571.4510,129
2018-07-09,RJ,diesel_s10,197.0630,56
2018-07-09,RJ,etanol,294.5010,85
2018-07-09,RJ,gasolina,418.4070,86
2018-07-09,RS,diesel_s10,554.0480,163
2018-07-09,RS,etanol,365.7600,90
2018-07-09,RS,gasolina,905.8600,191
2018-07-09,SC,diesel_s10,501.7290,151
2018-07-09,SC,etanol,423.9080,122
2018-07-09,SC,gasolina,763.6180,184
2018-07-09,SP,diesel_s10,740.4820,220
2018-07-09,SP,etanol,777.9030,289
2018-07-09,SP,gasolina,1230.5360,286
2018-07-09,TO,diesel_s10,37.5650,11
2018-07-09,TO,etanol,37.1060,10
2018-07-09,TO,gasolina,52.2450,11
2018-07-10,AC,diesel_s10,158.0540,37
2018-07-10,AC,etanol,67.8900,17
2018-07-10,AC,gasolina,198.5210,39
2018-07-10,AL,diesel_s10,164.2050,45
2018-07-10,AL,etanol,185.5450,50
2018-07-10,AL,gasolina,253.6530,54
2018-07-10,AM,diesel_s10,122.6070,34
2018-07-10,AM,etanol,114.0500,32
2018-07-10,AM,gasolina,292.8010,67
2018-07-10,BA,diesel_s10,691.4170,200
2018-07-10,BA,etanol,914.0250,262
2018-07-10,BA,gasolina,1246.1890,271
2018-07-10,CE,diesel_s10,524.3580,151
2018-07-10,CE,etanol,523.3880,140
2018-07-10,CE,gasolina,718.6510,156
2018-07-10,DF,diesel_s10,130.5450,36
2018-07-10,DF,etanol,131.0730,38
2018-07-10,DF,gasolina,215.9270,47
2018-07-10,ES,diesel_s10,30.4900,9
2018-07-10,ES,etanol,15.1380,4
2018-07-10,ES,gasolina,45.5600,10
2018-07-10,GO,diesel_s10,99.7100,27
2018-07-10,GO,etanol,123.9790,42
2018-07-10,GO,gasolina,190.4400,40
2018-07-10,MA,diesel_s10,88.7660,25
2018-07-10,MA,etanol,55.3520,15
2018-07-10,MA,gasolina,120.4360,27
2018-07-10,MG,diesel_s10,382.1590,108
2018-07-10,MG,etanol,495.9290,163
2018-07-10,MG,gasolina,750.5660,156
2018-07-10,MS,diesel_s10,76.9900,21
2018-07-10,MS,etanol,78.2310,23
2018-07-10,MS,gasolina,107.4770,24
2018-07-10,MT,diesel_s10,337.1810,89
2018-07-10,MT,etanol,287.2120,108
2018-07-10,MT,gasolina,500.1860,108
2018-07-10,PA,diesel_s10,157.6330,44
2018-07-10,PA,etanol,71.2790,19
2018-07-10,PA,gasolina,203.1090,45
2018-07-10,PB,diesel_s10,111.7090,33
2018-07-10,PB,etanol,137.1400,40
2018-07-10,PB,gasolina,185.2620,43
2018-07-10,PE,diesel_s10,168.2580,50
2018-07-10,PE,etanol,153.4720,45
2018-07-10,PE,gasolina,238.2820,53
2018-07-10,PI,diesel_s10,77.4560,22
2018-07-10,PI,etanol,52.5720,15
2018-07-10,PI,gasolina,101.6100,22
2018-07-10,PR,diesel_s10,332.2710,101
2018-07-10,PR,etanol,349.3530,122
2018-07-10,PR,gasolina,518.2840,119
2018-07-10,RJ,diesel_s10,441.6690,124
2018-07-10,RJ,etanol,597.4020,171
2018-07-10,RJ,gasolina,852.2370,173
2018-07-10,RN,diesel_s10,107.6480,30
2018-07-10,RN,etanol,128.1580,35
2018-07-10,RN,gasolina,147.5490,33
2018-07-10,RO,diesel_s10,124.0020,34
2018-07-10,RO,etanol,56.4360,15
2018-07-10,RO,gasolina,168.2510,37
2018-07-10,RR,diesel_s10,38.3300,11
2018-07-10,RR,etanol,11.6500,3
2018-07-10,RR,gasolina,46.2100,11
2018-07-10,RS,diesel_s10,168.1880,48
2018-07-10,RS,etanol,130.8380,32
2018-07-10,RS,gasolina,253.1440,52
2018-07-10,SC,diesel_s10,81.7920,24
2018-07-10,SC,etanol,81.9740,23
2018-07-10,SC,gasolina,133.3310,32
2018-07-10,SE,diesel_s10,64.7470,18
2018-07-10,SE,etanol,68.5260,18
2018-07-10,SE,gasolina,89.5940,20
2018-07-10,SP,diesel_s10,1326.4190,393
2018-07-10,SP,etanol,1422.7990,549
2018-07-10,SP,gasolina,2327.2730,548
2018-07-10,TO,diesel_s10,10.6580,3
2018-07-10,TO,etanol,7.4900,2
2018-07-10,TO,gasolina,13.9880,3
2018-07-11,AM,diesel_s10,7.1800,2
2018-07-11,AM,etanol,7.1000,2
2018-07-11,AM,gasolina,13.0500,3
2018-07-11,AP,diesel_s10,64.2450,15
2018-07-11,AP,etanol,3.8500,1
2018-07-11,AP,gasolina,117.6550,29
2018-07-11,BA,diesel_s10,115.6290,32
2018-07-11,BA,etanol,148.2570,41
2018-07-11,BA,gasolina,208.1840,43
2018-07-11,CE,diesel_s10,205.6720,57
2018-07-11,CE,etanol,190.4040,51
2018-07-11,CE,gasolina,289.6650,62
2018-07-11,ES,diesel_s10,27.6800,8
2018-07-11,ES,etanol,14.6630,4
2018-07-11,ES,gasolina,41.4000,9
2018-07-11,GO,diesel_s10,388.7890,108
2018-07-11,GO,etanol,481.2940,168
2018-07-11,GO,gasolina,781.6680,166
2018-07-11,MA,diesel_s10,220.6130,63
2018-07-11,MA,etanol,64.2600,18
2018-07-11,MA,gasolina,291.9170,68
2018-07-11,MG,diesel_s10,479.5890,133
2018-07-11,MG,etanol,564.2070,182
2018-07-11,MG,gasolina,895.3290,184
2018-07-11,MS,diesel_s10,62.7250,17
2018-07-11,MS,etanol,60.9290,18
2018-07-11,MS,gasolina,85.3420,19
2018-07-11,MT,diesel_s10,173.4730,45
2018-07-11,MT,etanol,140.0270,51
2018-07-11,MT,gasolina,232.1400,50
2018-07-11,PA,diesel_s10,102.9490,28
2018-07-11,PA,etanol,30.4580,8
2018-07-11,PA,gasolina,170.0120,36
2018-07-11,PB,diesel_s10,21.1380,6
2018-07-11,PB,etanol,23.9900,7
2018-07-11,PB,gasolina,30.9190,7
2018-07-11,PE,diesel_s10,195.4760,58
2018-07-11,PE,etanol,172.0770,50
2018-07-11,PE,gasolina,254.5130,57
2018-07-11,PI,diesel_s10,40.0840,11
2018-07-11,PI,etanol,29.4660,8
2018-07-11,PI,gasolina,61.3240,13
2018-07-11,PR,diesel_s10,258.3180,78
2018-07-11,PR,etanol,296.9760,101
2018-07-11,PR,gasolina,446.0380,100
2018-07-11,RJ,diesel_s10,373.9430,104
2018-07-11,RJ,etanol,473.2250,133
2018-07-11,RJ,gasolina,700.1830,140
2018-07-11,RN,diesel_s10,92.5740,26
2018-07-11,RN,etanol,98.7320,27
2018-07-11,RN,gasolina,132.2390,29
2018-07-11,RO,diesel_s10,120.3790,33
2018-07-11,RO,etanol,36.3690,9
2018-07-11,RO,gasolina,153.8110,33
2018-07-11,RR,diesel_s10,3.4800,1
2018-07-11,RR,gasolina,8.4700,2
2018-07-11,RS,diesel_s10,231.0280,67
2018-07-11,RS,etanol,173.6900,43
2018-07-11,RS,gasolina,420.4820,87
2018-07-11,SC,diesel_s10,91.3250,27
2018-07-11,SC,etanol,68.4140,19
2018-07-11,SC,gasolina,150.1060,35
2018-07-11,SE,diesel_s10,51.7590,15
2018-07-11,SE,etanol,29.5730,8
2018-07-11,SE,gasolina,66.2790,15
2018-07-11,SP,diesel_s10,1969.8590,580
2018-07-11,SP,etanol,1966.3040,749
2018-07-11,SP,gasolina,3174.8350,732
2018-07-11,TO,diesel_s10,91.2360,26
2018-07-11,TO,etanol,79.9310,22
2018-07-11,TO,gasolina,131.6490,28
2018-07-12,BA,diesel_s10,19.1420,5
2018-07-12,BA,etanol,19.0860,5
2018-07-12,BA,gasolina,28.1750,6
2018-07-12,CE,diesel_s10,3.5390,1
2018-07-12,CE,gasolina,4.6900,1
2018-07-12,ES,diesel_s10,165.8350,49
2018-07-12,ES,etanol,166.4050,47
2018-07-12,ES,gasolina,311.2290,70
2018-07-12,GO,diesel_s10,47.9330,13
2018-07-12,GO,etanol,67.2810,23
2018-07-12,GO,gasolina,104.8190,22
2018-07-12,MA,diesel_s10,66.0970,19
2018-07-12,MA,etanol,17.9360,5
2018-07-12,MA,gasolina,87.6680,20
2018-07-12,MG,diesel_s10,38.6660,11
2018-07-12,MG,etanol,40.0370,13
2018-07-12,MG,gasolina,67.0000,14
2018-07-12,PA,diesel_s10,65.4380,18
2018-07-12,PA,etanol,16.1800,4
2018-07-12,PA,gasolina,82.8580,18
2018-07-12,PB,diesel_s10,37.1450,11
2018-07-12,PB,etanol,37.2660,11
2018-07-12,PB,gasolina,56.8140,13
2018-07-12,PE,diesel_s10,174.2690,52
2018-07-12,PE,etanol,199.8060,59
2018-07-12,PE,gasolina,290.5460,66
2018-07-12,PR,diesel_s10,56.4950,17
2018-07-12,PR,etanol,58.0570,20
2018-07-12,PR,gasolina,89.2320,20
2018-07-12,RJ,diesel_s10,53.0440,15
2018-07-12,RJ,etanol,68.7490,20
2018-07-12,RJ,gasolina,97.6900,20
2018-07-12,RS,diesel_s10,102.2670,29
2018-07-12,RS,etanol,76.6660,18
2018-07-12,RS,gasolina,161.5080,33
2018-07-12,SE,diesel_s10,6.9980,2
2018-07-12,SE,etanol,7.5580,2
2018-07-12,SE,gasolina,8.9470,2
2018-07-12,SP,diesel_s10,185.0220,55
2018-07-12,SP,etanol,191.9210,74
2018-07-12,SP,gasolina,314.4800,74
2018-07-12,TO,diesel_s10,10.7170,3
2018-07-12,TO,etanol,3.6990,1
2018-07-12,TO,gasolina,19.1460,4
2018-07-13,AM,gasolina,4.8900,1
2018-07-13,MG,diesel_s10,66.5790,19
2018-07-13,MG,etanol,120.9240,38
2018-07-13,MG,gasolina,188.5450,38
2018-07-13,MS,diesel_s10,130.2890,37
2018-07-13,MS,etanol,127.7150,40
2018-07-13,MS,gasolina,167.2300,40
2018-07-16,AC,diesel_s10,40.3250,9
2018-07-16,AC,gasolina,54.1630,10
2018-07-16,AL,diesel_s10,76.2940,21
2018-07-16,AL,etanol,77.3380,21
2018-07-16,AL,gasolina,111.6180,24
2018-07-16,AM,diesel_s10,60.9700,17
2018-07-16,AM,etanol,42.2680,12
2018-07-16,AM,gasolina,123.2880,27
2018-07-16,AP,diesel_s10,25.6180,6
2018-07-16,AP,gasolina,52.7470,13
2018-07-16,BA,diesel_s10,632.9030,181
2018-07-16,BA,etanol,831.3470,235
2018-07-16,BA,gasolina,1135.6800,241
2018-07-16,CE,diesel_s10,194.3390,55
2018-07-16,CE,etanol,153.1710,41
2018-07-16,CE,gasolina,263.7730,57
2018-07-16,DF,diesel_s10,118.4520,33
2018-07-16,DF,etanol,128.6630,38
2018-07-16,DF,gasolina,211.0960,46
2018-07-16,ES,diesel_s10,128.6290,38
2018-07-16,ES,etanol,87.7080,24
2018-07-16,ES,gasolina,216.5180,47
2018-07-16,MA,diesel_s10,56.5900,16
2018-07-16,MA,etanol,25.2560,7
2018-07-16,MA,gasolina,89.9780,20
2018-07-16,MG,diesel_s10,662.1420,186
2018-07-16,MG,etanol,774.8570,257
2018-07-16,MG,gasolina,1243.3800,259
2018-07-16,MS,diesel_s10,135.0820,37
2018-07-16,MS,etanol,139.0050,41
2018-07-16,MS,gasolina,184.9360,41
2018-07-16,MT,diesel_s10,156.5270,41
2018-07-16,MT,etanol,116.6450,43
2018-07-16,MT,gasolina,198.9390,43
2018-07-16,PA,diesel_s10,95.4900,26
2018-07-16,PA,etanol,27.6040,7
2018-07-16,PA,gasolina,127.2680,27
2018-07-16,PB,diesel_s10,24.7050,7
2018-07-16,PB,etanol,18.4260,5
2018-07-16,PB,gasolina,32.5440,7
2018-07-16,PE,diesel_s10,58.8970,17
2018-07-16,PE,etanol,65.5660,18
2018-07-16,PE,gasolina,95.0300,20
2018-07-16,PI,diesel_s10,113.8430,32
2018-07-16,PI,etanol,85.5870,25
2018-07-16,PI,gasolina,148.9450,33
2018-07-16,PR,diesel_s10,456.5500,139
2018-07-16,PR,etanol,512.2970,178
2018-07-16,PR,gasolina,765.4880,174
2018-07-16,RJ,diesel_s10,415.5080,117
2018-07-16,RJ,etanol,508.9940,149
2018-07-16,RJ,gasolina,778.3980,158
2018-07-16,RN,diesel_s10,7.1790,2
2018-07-16,RN,etanol,7.4890,2
2018-07-16,RN,gasolina,8.9390,2
2018-07-16,RO,diesel_s10,62.5650,17
2018-07-16,RO,etanol,36.4480,9
2018-07-16,RO,gasolina,94.4510,20
2018-07-16,RS,diesel_s10,240.5690,70
2018-07-16,RS,etanol,195.0080,48
2018-07-16,RS,gasolina,391.2840,82
2018-07-16,SC,diesel_s10,147.2230,43
2018-07-16,SC,etanol,133.2360,37
2018-07-16,SC,gasolina,220.5970,51
2018-07-16,SE,diesel_s10,17.6440,5
2018-07-16,SE,etanol,3.7590,1
2018-07-16,SE,gasolina,22.6120,5
2018-07-16,SP,diesel_s10,1358.0890,404
2018-07-16,SP,etanol,1441.3340,556
2018-07-16,SP,gasolina,2352.9610,552
2018-07-16,TO,diesel_s10,66.8370,19
2018-07-16,TO,etanol,54.8250,15
2018-07-16,TO,gasolina,100.1450,21
2018-07-17,AL,diesel_s10,42.3610,12
2018-07-17,AL,etanol,71.7870,20
2018-07-17,AL,gasolina,98.2520,21
2018-07-17,AM,diesel_s10,51.1900,14
2018-07-17,AM,etanol,36.9090,10
2018-07-17,AM,gasolina,87.1790,19
2018-07-17,AP,diesel_s10,29.9470,7
2018-07-17,AP,etanol,3.8500,1
2018-07-17,AP,gasolina,60.3980,15
2018-07-17,BA,diesel_s10,172.7620,50
2018-07-17,BA,etanol,214.2680,63
2018-07-17,BA,gasolina,313.0280,68
2018-07-17,CE,diesel_s10,545.4880,156
2018-07-17,CE,etanol,576.9980,154
2018-07-17,CE,gasolina,739.5630,161
2018-07-17,GO,diesel_s10,333.3540,92
2018-07-17,GO,etanol,367.9600,127
2018-07-17,GO,gasolina,600.1270,126
2018-07-17,MA,diesel_s10,156.0130,45
2018-07-17,MA,etanol,83.6150,23
2018-07-17,MA,gasolina,212.4720,49
2018-07-17,MG,diesel_s10,530.1820,147
2018-07-17,MG,etanol,619.4240,204
2018-07-17,MG,gasolina,963.0780,198
2018-07-17,MS,diesel_s10,14.0880,4
2018-07-17,MS,etanol,13.0570,4
2018-07-17,MS,gasolina,12.9590,3
2018-07-17,MT,diesel_s10,7.6580,2
2018-07-17,MT,etanol,8.5070,3
2018-07-17,MT,gasolina,13.8770,3
2018-07-17,PA,diesel_s10,184.7580,51
2018-07-17,PA,etanol,72.8290,20
2018-07-17,PA,gasolina,266.2120,58
2018-07-17,PB,diesel_s10,17.7200,5
2018-07-17,PB,etanol,20.5600,6
2018-07-17,PB,gasolina,26.9100,6
2018-07-17,PE,diesel_s10,192.3380,57
2018-07-17,PE,etanol,177.9410,52
2018-07-17,PE,gasolina,276.5080,62
2018-07-17,PI,diesel_s10,80.8040,23
2018-07-17,PI,etanol,51.9480,15
2018-07-17,PI,gasolina,110.8440,24
2018-07-17,PR,diesel_s10,245.2520,75
2018-07-17,PR,etanol,288.0940,101
2018-07-17,PR,gasolina,441.9560,100
2018-07-17,RJ,diesel_s10,243.8480,69
2018-07-17,RJ,etanol,337.1040,97
2018-07-17,RJ,gasolina,485.0260,98
2018-07-17,RN,diesel_s10,84.9650,24
2018-07-17,RN,etanol,91.1160,25
2018-07-17,RN,gasolina,127.7370,28
2018-07-17,RO,diesel_s10,102.1330,28
2018-07-17,RO,etanol,39.9900,10
2018-07-17,RO,gasolina,115.8200,25
2018-07-17,RR,diesel_s10,38.6500,11
2018-07-17,RR,etanol,11.4200,3
2018-07-17,RR,gasolina,46.5200,11
2018-07-17,RS,diesel_s10,609.0050,178
2018-07-17,RS,etanol,411.0250,101
2018-07-17,RS,gasolina,1052.8010,221
2018-07-17,SC,diesel_s10,467.8380,141
2018-07-17,SC,etanol,365.0340,106
2018-07-17,SC,gasolina,728.8880,175
2018-07-17,SE,diesel_s10,27.7420,8
2018-07-17,SE,etanol,22.1700,6
2018-07-17,SE,gasolina,35.7640,8
2018-07-17,SP,diesel_s10,709.4760,209
2018-07-17,SP,etanol,656.0760,254
2018-07-17,SP,gasolina,1086.8320,253
2018-07-17,TO,diesel_s10,82.9720,24
2018-07-17,TO,etanol,80.3010,22
2018-07-17,TO,gasolina,116.7460,25
2018-07-18,AL,diesel_s10,40.0770,11
2018-07-18,AL,etanol,44.9330,12
2018-07-18,AL,gasolina,56.8570,12
2018-07-18,AM,diesel_s10,63.1090,18
2018-07-18,AM,etanol,81.5660,23
2018-07-18,AM,gasolina,108.8450,25
2018-07-18,AP,diesel_s10,4.4900,1
2018-07-18,AP,gasolina,4.4700,1
2018-07-18,BA,diesel_s10,73.2580,21
2018-07-18,BA,etanol,84.9140,24
2018-07-18,BA,gasolina,120.1850,26
2018-07-18,DF,etanol,3.3500,1
2018-07-18,DF,gasolina,4.6900,1
2018-07-18,GO,diesel_s10,151.8980,42
2018-07-18,GO,etanol,269.3360,93
2018-07-18,GO,gasolina,431.8900,91
2018-07-18,MA,diesel_s10,146.8090,42
2018-07-18,MA,etanol,53.8020,15
2018-07-18,MA,gasolina,208.1050,48
2018-07-18,MG,diesel_s10,258.2260,73
2018-07-18,MG,etanol,286.5430,93
2018-07-18,MG,gasolina,452.7150,93
2018-07-18,MS,diesel_s10,137.7200,39
2018-07-18,MS,etanol,134.7540,43
2018-07-18,MS,gasolina,173.8140,42
2018-07-18,MT,diesel_s10,249.0800,66
2018-07-18,MT,etanol,236.2720,89
2018-07-18,MT,gasolina,406.3590,88
2018-07-18,PA,diesel_s10,76.5370,21
2018-07-18,PA,etanol,31.9890,8
2018-07-18,PA,gasolina,102.9560,22
2018-07-18,PB,diesel_s10,109.7440,33
2018-07-18,PB,etanol,124.5090,37
2018-07-18,PB,gasolina,167.3760,39
2018-07-18,PE,diesel_s10,224.8380,67
2018-07-18,PE,etanol,232.1610,68
2018-07-18,PE,gasolina,346.4860,78
2018-07-18,PI,diesel_s10,28.8460,8
2018-07-18,PI,etanol,18.2950,5
2018-07-18,PI,gasolina,47.1150,10
2018-07-18,PR,diesel_s10,195.6250,59
2018-07-18,PR,etanol,205.1980,72
2018-07-18,PR,gasolina,312.0600,71
2018-07-18,RJ,diesel_s10,265.9830,74
2018-07-18,RJ,etanol,330.1130,94
2018-07-18,RJ,gasolina,502.1560,100
2018-07-18,RN,diesel_s10,31.9090,9
2018-07-18,RN,etanol,28.6680,8
2018-07-18,RN,gasolina,35.4590,8
2018-07-18,RO,diesel_s10,72.8440,20
2018-07-18,RO,etanol,36.9060,10
2018-07-18,RO,gasolina,117.4540,26
2018-07-18,RR,diesel_s10,6.9300,2
2018-07-18,RR,etanol,3.6900,1
2018-07-18,RR,gasolina,8.3800,2
2018-07-18,RS,diesel_s10,150.2710,44
2018-07-18,RS,etanol,105.1190,26
2018-07-18,RS,gasolina,245.1670,51
2018-07-18,SC,diesel_s10,72.8130,22
2018-07-18,SC,etanol,71.8350,21
2018-07-18,SC,gasolina,102.8510,25
2018-07-18,SE,diesel_s10,77.4260,22
2018-07-18,SE,etanol,81.4220,22
2018-07-18,SE,gasolina,106.7160,24
2018-07-18,SP,diesel_s10,1960.4810,578
2018-07-18,SP,etanol,1974.4290,770
2018-07-18,SP,gasolina,3259.5020,751
2018-07-19,AC,diesel_s10,121.9330,29
2018-07-19,AC,etanol,71.9400,18
2018-07-19,AC,gasolina,144.2100,29
2018-07-19,ES,diesel_s10,169.8080,50
2018-07-19,ES,etanol,144.6910,41
2018-07-19,ES,gasolina,310.2450,70
2018-07-19,GO,diesel_s10,24.9080,7
2018-07-19,GO,etanol,36.4750,14
2018-07-19,GO,gasolina,62.6430,14
2018-07-19,MA,diesel_s10,17.4950,5
2018-07-19,MA,etanol,3.5990,1
2018-07-19,MA,gasolina,21.2950,5
2018-07-19,MG,diesel_s10,61.4730,17
2018-07-19,MG,etanol,79.4950,24
2018-07-19,MG,gasolina,118.5940,24
2018-07-19,MT,diesel_s10,72.4940,19
2018-07-19,MT,etanol,62.1030,24
2018-07-19,MT,gasolina,110.4450,24
2018-07-19,PA,diesel_s10,29.2990,8
2018-07-19,PA,etanol,11.2800,3
2018-07-19,PA,gasolina,37.2190,8
2018-07-19,PB,diesel_s10,37.1220,11
2018-07-19,PB,etanol,34.4170,10
2018-07-19,PB,gasolina,47.4850,11
2018-07-19,PE,diesel_s10,87.9700,26
2018-07-19,PE,etanol,88.6750,26
2018-07-19,PE,gasolina,125.4850,29
2018-07-19,PR,diesel_s10,53.1500,16
2018-07-19,PR,etanol,54.9900,20
2018-07-19,PR,gasolina,88.7600,20
2018-07-19,RJ,diesel_s10,185.4840,52
2018-07-19,RJ,etanol,221.0300,64
2018-07-19,RJ,gasolina,321.1410,65
2018-07-19,RN,diesel_s10,78.7900,22
2018-07-19,RN,etanol,92.3050,25
2018-07-19,RN,gasolina,111.3730,25
2018-07-19,RS,diesel_s10,29.2300,8
2018-07-19,RS,etanol,26.6300,6
2018-07-19,RS,gasolina,44.6280,9
2018-07-19,SC,diesel_s10,3.3990,1
2018-07-19,SC,etanol,3.3990,1
2018-07-19,SC,gasolina,4.2900,1
2018-07-19,SP,diesel_s10,235.4790,70
2018-07-19,SP,etanol,221.5150,85
2018-07-19,SP,gasolina,364.8640,85
2018-07-23,AC,diesel_s10,35.7850,8
2018-07-23,AC,gasolina,48.7630,9
2018-07-23,AL,diesel_s10,100.8920,28
2018-07-23,AL,etanol,127.5900,35
2018-07-23,AL,gasolina,191.0650,41
2018-07-23,AM,diesel_s10,40.9100,11
2018-07-23,AM,etanol,7.1000,2
2018-07-23,AM,gasolina,131.8800,27
2018-07-23,AP,diesel_s10,8.6300,2
2018-07-23,AP,gasolina,20.7590,5
2018-07-23,BA,diesel_s10,540.8390,154
2018-07-23,BA,etanol,613.9840,176
2018-07-23,BA,gasolina,837.7390,179
2018-07-23,CE,diesel_s10,146.4910,41
2018-07-23,CE,etanol,107.7090,29
2018-07-23,CE,gasolina,199.5670,43
2018-07-23,ES,diesel_s10,125.1190,37
2018-07-23,ES,etanol,91.3880,25
2018-07-23,ES,gasolina,212.1270,46
2018-07-23,MA,diesel_s10,56.4400,16
2018-07-23,MA,etanol,25.2560,7
2018-07-23,MA,gasolina,89.8670,20
2018-07-23,MG,diesel_s10,698.2930,196
2018-07-23,MG,etanol,801.6850,266
2018-07-23,MG,gasolina,1283.2560,267
2018-07-23,MS,diesel_s10,127.8320,35
2018-07-23,MS,etanol,131.0620,39
2018-07-23,MS,gasolina,179.8480,40
2018-07-23,MT,diesel_s10,152.4480,40
2018-07-23,MT,etanol,118.6350,44
2018-07-23,MT,gasolina,203.1170,44
2018-07-23,PA,diesel_s10,153.1520,42
2018-07-23,PA,etanol,52.8180,14
2018-07-23,PA,gasolina,193.9150,42
2018-07-23,PB,diesel_s10,28.1850,8
2018-07-23,PB,etanol,25.3650,7
2018-07-23,PB,gasolina,40.8330,9
2018-07-23,PE,diesel_s10,62.4070,18
2018-07-23,PE,etanol,69.0760,19
2018-07-23,PE,gasolina,99.8870,21
2018-07-23,PI,diesel_s10,81.7040,23
2018-07-23,PI,etanol,51.2370,15
2018-07-23,PI,gasolina,104.2430,23
2018-07-23,PR,diesel_s10,448.9950,136
2018-07-23,PR,etanol,474.2390,166
2018-07-23,PR,gasolina,719.6060,162
2018-07-23,RJ,diesel_s10,220.7500,62
2018-07-23,RJ,etanol,255.4130,74
2018-07-23,RJ,gasolina,401.2410,81
2018-07-23,RN,diesel_s10,7.1780,2
2018-07-23,RN,etanol,7.3980,2
2018-07-23,RN,gasolina,8.8800,2
2018-07-23,RO,diesel_s10,65.9640,18
2018-07-23,RO,etanol,40.4560,10
2018-07-23,RO,gasolina,99.0590,21
2018-07-23,RS,diesel_s10,247.7720,72
2018-07-23,RS,etanol,186.0300,46
2018-07-23,RS,gasolina,405.8660,85
2018-07-23,SC,diesel_s10,84.6560,25
2018-07-23,SC,etanol,72.3590,20
2018-07-23,SC,gasolina,121.5480,28
2018-07-23,SE,diesel_s10,17.6440,5
2018-07-23,SE,etanol,3.7590,1
2018-07-23,SE,gasolina,22.6140,5
2018-07-23,SP,diesel_s10,1002.6770,297
2018-07-23,SP,etanol,1083.2800,419
2018-07-23,SP,gasolina,1770.4350,416
2018-07-23,TO,diesel_s10,49.2120,14
2018-07-23,TO,etanol,40.2480,11
2018-07-23,TO,gasolina,70.7720,15
2018-07-24,AC,diesel_s10,4.5400,1
2018-07-24,AC,gasolina,5.4000,1
2018-07-24,AL,etanol,3.7900,1
2018-07-24,AL,gasolina,4.6890,1
2018-07-24,AM,diesel_s10,119.0180,34
2018-07-24,AM,etanol,120.5490,34
2018-07-24,AM,gasolina,201.6900,43
2018-07-24,BA,diesel_s10,99.9620,28
2018-07-24,BA,etanol,125.6620,36
2018-07-24,BA,gasolina,193.5820,41
2018-07-24,CE,diesel_s10,589.8120,168
2018-07-24,CE,etanol,627.1240,168
2018-07-24,CE,gasolina,795.4510,175
2018-07-24,DF,diesel_s10,112.0490,31
2018-07-24,DF,etanol,112.9990,34
2018-07-24,DF,gasolina,191.0710,42
2018-07-24,ES,gasolina,4.5100,1
2018-07-24,GO,diesel_s10,227.2370,62
2018-07-24,GO,etanol,253.2870,89
2018-07-24,GO,gasolina,407.4820,87
2018-07-24,MA,diesel_s10,138.9260,40
2018-07-24,MA,etanol,65.4680,18
2018-07-24,MA,gasolina,199.1930,46
2018-07-24,MG,diesel_s10,695.4650,194
2018-07-24,MG,etanol,839.6610,275
2018-07-24,MG,gasolina,1300.2360,268
2018-07-24,MS,diesel_s10,14.0880,4
2018-07-24,MS,etanol,13.0570,4
2018-07-24,MS,gasolina,12.9590,3
2018-07-24,MT,diesel_s10,3.7190,1
2018-07-24,MT,etanol,5.7380,2
2018-07-24,MT,gasolina,9.2080,2
2018-07-24,PA,diesel_s10,137.3380,38
2018-07-24,PA,etanol,47.3170,13
2018-07-24,PA,gasolina,202.7750,44
2018-07-24,PB,diesel_s10,20.8390,6
2018-07-24,PB,etanol,23.6690,7
2018-07-24,PB,gasolina,30.9090,7
2018-07-24,PE,diesel_s10,189.0060,56
2018-07-24,PE,etanol,174.7190,51
2018-07-24,PE,gasolina,271.6160,61
2018-07-24,PI,diesel_s10,112.9310,32
2018-07-24,PI,etanol,85.5650,25
2018-07-24,PI,gasolina,155.1740,34
2018-07-24,PR,diesel_s10,365.8440,112
2018-07-24,PR,etanol,411.2590,148
2018-07-24,PR,gasolina,637.8700,147
2018-07-24,RJ,diesel_s10,229.9720,65
2018-07-24,RJ,etanol,328.5580,95
2018-07-24,RJ,gasolina,469.9660,95
2018-07-24,RN,diesel_s10,81.4060,23
2018-07-24,RN,etanol,87.1470,24
2018-07-24,RN,gasolina,123.3670,27
2018-07-24,RO,diesel_s10,109.4710,30
2018-07-24,RO,etanol,53.8280,14
2018-07-24,RO,gasolina,143.2660,31
2018-07-24,RR,diesel_s10,38.1900,11
2018-07-24,RR,etanol,11.5600,3
2018-07-24,RR,gasolina,46.2400,11
2018-07-24,RS,diesel_s10,505.6340,148
2018-07-24,RS,etanol,331.4780,82
2018-07-24,RS,gasolina,841.7980,177
2018-07-24,SC,diesel_s10,525.1440,158
2018-07-24,SC,etanol,437.1830,127
2018-07-24,SC,gasolina,823.7040,198
2018-07-24,SE,diesel_s10,92.4670,26
2018-07-24,SE,etanol,82.5690,22
2018-07-24,SE,gasolina,121.2760,27
2018-07-24,SP,diesel_s10,1000.4530,297
2018-07-24,SP,etanol,967.1160,383
2018-07-24,SP,gasolina,1630.4630,380
2018-07-24,TO,diesel_s10,82.9600,24
2018-07-24,TO,etanol,80.3000,22
2018-07-24,TO,gasolina,116.9740,25
2018-07-25,AL,diesel_s10,43.5450,12
2018-07-25,AL,etanol,56.2780,15
2018-07-25,AL,gasolina,70.9720,15
2018-07-25,AP,diesel_s10,60.0050,14
2018-07-25,AP,etanol,3.8500,1
2018-07-25,AP,gasolina,97.1560,24
2018-07-25,BA,diesel_s10,269.5550,79
2018-07-25,BA,etanol,396.8650,111
2018-07-25,BA,gasolina,538.1250,114
2018-07-25,DF,diesel_s10,17.9960,5
2018-07-25,DF,etanol,9.9680,3
2018-07-25,DF,gasolina,23.0260,5
2018-07-25,GO,diesel_s10,321.8750,90
2018-07-25,GO,etanol,417.9050,145
2018-07-25,GO,gasolina,684.2470,144
2018-07-25,MA,diesel_s10,163.8950,47
2018-07-25,MA,etanol,64.1100,18
2018-07-25,MA,gasolina,220.1010,51
2018-07-25,MG,diesel_s10,103.5940,29
2018-07-25,MG,etanol,111.6470,38
2018-07-25,MG,gasolina,182.7450,38
2018-07-25,MS,diesel_s10,144.6950,41
2018-07-25,MS,etanol,133.6760,43
2018-07-25,MS,gasolina,177.1060,43
2018-07-25,MT,diesel_s10,254.6020,67
2018-07-25,MT,etanol,248.4040,94
2018-07-25,MT,gasolina,429.0250,93
2018-07-25,PA,diesel_s10,72.9070,20
2018-07-25,PA,etanol,27.7990,7
2018-07-25,PA,gasolina,98.3660,21
2018-07-25,PB,diesel_s10,113.3380,34
2018-07-25,PB,etanol,122.2590,36
2018-07-25,PB,gasolina,163.3240,38
2018-07-25,PE,diesel_s10,266.6670,79
2018-07-25,PE,etanol,266.5790,78
2018-07-25,PE,gasolina,387.3780,88
2018-07-25,PI,diesel_s10,28.8460,8
2018-07-25,PI,etanol,18.2950,5
2018-07-25,PI,gasolina,47.1150,10
2018-07-25,PR,diesel_s10,141.8550,43
2018-07-25,PR,etanol,153.5170,54
2018-07-25,PR,gasolina,234.4890,54
2018-07-25,RJ,diesel_s10,435.4920,121
2018-07-25,RJ,etanol,511.9450,148
2018-07-25,RJ,gasolina,767.6810,154
2018-07-25,RN,diesel_s10,101.4550,29
2018-07-25,RN,etanol,114.6710,32
2018-07-25,RN,gasolina,142.8900,33
2018-07-25,RO,diesel_s10,58.1050,16
2018-07-25,RO,etanol,33.1660,9
2018-07-25,RO,gasolina,90.7370,20
2018-07-25,RR,diesel_s10,7.0300,2
2018-07-25,RR,etanol,3.6900,1
2018-07-25,RR,gasolina,8.4800,2
2018-07-25,RS,diesel_s10,251.8010,74
2018-07-25,RS,etanol,195.6050,49
2018-07-25,RS,gasolina,443.0400,93
2018-07-25,SC,diesel_s10,72.8210,22
2018-07-25,SC,etanol,71.8350,21
2018-07-25,SC,gasolina,103.0490,25
2018-07-25,SE,diesel_s10,16.6600,5
2018-07-25,SE,etanol,10.8800,3
2018-07-25,SE,gasolina,21.4460,5
2018-07-25,SP,diesel_s10,2031.3640,600
2018-07-25,SP,etanol,1987.3110,780
2018-07-25,SP,gasolina,3297.2720,765
2018-07-26,AC,diesel_s10,121.7800,29
2018-07-26,AC,etanol,67.7800,17
2018-07-26,AC,gasolina,144.0400,29
2018-07-26,ES,diesel_s10,162.8750,48
2018-07-26,ES,etanol,155.7180,44
2018-07-26,ES,gasolina,311.2750,70
2018-07-26,MA,diesel_s10,13.8460,4
2018-07-26,MA,etanol,6.9890,2
2018-07-26,MA,gasolina,20.7950,5
2018-07-26,MG,etanol,2.7980,1
2018-07-26,MG,gasolina,4.5980,1
2018-07-26,MS,diesel_s10,3.6290,1
2018-07-26,MS,gasolina,4.4390,1
2018-07-26,MT,diesel_s10,52.4650,14
2018-07-26,MT,etanol,50.8180,20
2018-07-26,MT,gasolina,91.6780,20
2018-07-26,PA,diesel_s10,29.2990,8
2018-07-26,PA,etanol,14.9900,4
2018-07-26,PA,gasolina,37.2190,8
2018-07-26,PB,diesel_s10,30.1330,9
2018-07-26,PB,etanol,27.6280,8
2018-07-26,PB,gasolina,39.0960,9
2018-07-26,PE,diesel_s10,53.8790,16
2018-07-26,PE,etanol,57.9190,17
2018-07-26,PE,gasolina,82.5470,19
2018-07-26,PR,diesel_s10,6.4100,2
2018-07-26,PR,etanol,5.3800,2
2018-07-26,PR,gasolina,8.5800,2
2018-07-26,RJ,diesel_s10,240.1520,67
2018-07-26,RJ,etanol,305.6380,89
2018-07-26,RJ,gasolina,447.4600,91
2018-07-26,RS,diesel_s10,25.5660,7
2018-07-26,RS,etanol,22.0820,5
2018-07-26,RS,gasolina,39.6490,8
2018-07-26,SC,diesel_s10,3.3990,1
2018-07-26,SC,etanol,3.3990,1
2018-07-26,SC,gasolina,4.2990,1
2018-07-26,SP,diesel_s10,231.3760,69
2018-07-26,SP,etanol,218.0570,83
2018-07-26,SP,gasolina,358.1580,83
2018-07-26,TO,diesel_s10,17.2560,5
2018-07-26,TO,etanol,17.9260,5
2018-07-26,TO,gasolina,28.8680,6
2018-07-30,AC,diesel_s10,40.3250,9
2018-07-30,AC,gasolina,54.1630,10
2018-07-30,AL,diesel_s10,32.0500,9
2018-07-30,AL,etanol,43.4860,12
2018-07-30,AL,gasolina,75.2530,16
2018-07-30,AM,diesel_s10,11.5300,3
2018-07-30,AM,gasolina,36.4500,7
2018-07-30,AP,diesel_s10,76.8290,18
2018-07-30,AP,etanol,3.8500,1
2018-07-30,AP,gasolina,114.9680,29
2018-07-30,BA,diesel_s10,119.1420,33
2018-07-30,BA,etanol,107.6290,31
2018-07-30,BA,gasolina,172.5260,36
2018-07-30,ES,diesel_s10,107.6390,32
2018-07-30,ES,etanol,65.7990,18
2018-07-30,ES,gasolina,175.3590,38
2018-07-30,GO,diesel_s10,153.9670,42
2018-07-30,GO,etanol,126.0280,44
2018-07-30,GO,gasolina,202.5770,43
2018-07-30,MA,diesel_s10,137.1460,39
2018-07-30,MA,etanol,87.7760,24
2018-07-30,MA,gasolina,192.8090,43
2018-07-30,MG,diesel_s10,379.6330,107
2018-07-30,MG,etanol,441.2930,148
2018-07-30,MG,gasolina,705.1390,146
2018-07-30,MS,diesel_s10,35.3030,10
2018-07-30,MS,etanol,33.0140,10
2018-07-30,MS,gasolina,39.7100,9
2018-07-30,PA,diesel_s10,105.5790,29
2018-07-30,PA,etanol,43.7460,12
2018-07-30,PA,gasolina,143.0060,31
2018-07-30,PB,diesel_s10,24.7050,7
2018-07-30,PB,etanol,18.5760,5
2018-07-30,PB,gasolina,32.5440,7
2018-07-30,PE,diesel_s10,179.2260,53
2018-07-30,PE,etanol,183.7950,54
2018-07-30,PE,gasolina,267.1550,61
2018-07-30,PI,diesel_s10,24.7730,7
2018-07-30,PI,etanol,23.7930,7
2018-07-30,PI,gasolina,35.0230,8
2018-07-30,PR,diesel_s10,294.2720,90
2018-07-30,PR,etanol,318.6540,115
2018-07-30,PR,gasolina,499.8560,114
2018-07-30,RJ,diesel_s10,171.7280,48
2018-07-30,RJ,etanol,228.8070,66
2018-07-30,RJ,gasolina,332.7820,67
2018-07-30,RO,diesel_s10,7.5780,2
2018-07-30,RO,gasolina,9.3080,2
2018-07-30,RS,diesel_s10,404.9980,117
2018-07-30,RS,etanol,305.4260,75
2018-07-30,RS,gasolina,717.9440,150
2018-07-30,SC,diesel_s10,228.0720,69
2018-07-30,SC,etanol,208.5640,62
2018-07-30,SC,gasolina,373.8200,90
2018-07-30,SE,diesel_s10,17.6440,5
2018-07-30,SE,etanol,3.7590,1
2018-07-30,SE,gasolina,22.6140,5
2018-07-30,SP,diesel_s10,557.5260,165
2018-07-30,SP,etanol,569.1110,222
2018-07-30,SP,gasolina,947.0250,220
2018-07-30,TO,diesel_s10,97.7820,28
2018-07-30,TO,etanol,77.1880,21
2018-07-30,TO,gasolina,137.3930,29
2018-07-31,AM,diesel_s10,37.0800,10
2018-07-31,AM,etanol,7.5400,2
2018-07-31,AM,gasolina,94.7700,20
2018-07-31,BA,diesel_s10,167.3670,48
2018-07-31,BA,etanol,196.1000,56
2018-07-31,BA,gasolina,287.6740,61
2018-07-31,CE,diesel_s10,242.7960,68
2018-07-31,CE,etanol,219.9680,59
2018-07-31,CE,gasolina,336.6800,73
2018-07-31,GO,diesel_s10,184.9700,51
2018-07-31,GO,etanol,186.9790,65
2018-07-31,GO,gasolina,297.9470,63
2018-07-31,MA,diesel_s10,3.6990,1
2018-07-31,MA,gasolina,4.4990,1
2018-07-31,MG,diesel_s10,468.0720,130
2018-07-31,MG,etanol,542.5210,182
2018-07-31,MG,gasolina,896.2360,186
2018-07-31,MS,diesel_s10,68.5670,19
2018-07-31,MS,etanol,65.1940,20
2018-07-31,MS,gasolina,88.2540,20
2018-07-31,MT,diesel_s10,152.8200,40
2018-07-31,MT,etanol,118.1380,44
2018-07-31,MT,gasolina,203.4750,44
2018-07-31,PA,diesel_s10,205.1020,56
2018-07-31,PA,etanol,62.8770,16
2018-07-31,PA,gasolina,287.0360,61
2018-07-31,PE,diesel_s10,117.4310,34
2018-07-31,PE,etanol,112.6560,32
2018-07-31,PE,gasolina,173.9900,38
2018-07-31,PI,diesel_s10,174.0900,49
2018-07-31,PI,etanol,108.3960,31
2018-07-31,PI,gasolina,229.2840,50
2018-07-31,PR,diesel_s10,92.9300,28
2018-07-31,PR,etanol,89.0600,32
2018-07-31,PR,gasolina,136.4300,31
2018-07-31,RJ,diesel_s10,253.1550,72
2018-07-31,RJ,etanol,312.6320,93
2018-07-31,RJ,gasolina,461.6480,94
2018-07-31,RN,diesel_s10,39.4150,11
2018-07-31,RN,etanol,43.3070,12
2018-07-31,RN,gasolina,47.8060,11
2018-07-31,RO,diesel_s10,135.3810,37
2018-07-31,RO,etanol,68.5830,18
2018-07-31,RO,gasolina,183.0510,40
2018-07-31,RR,diesel_s10,41.9000,12
2018-07-31,RR,etanol,19.0400,5
2018-07-31,RR,gasolina,50.4700,12
2018-07-31,RS,diesel_s10,196.5630,57
2018-07-31,RS,etanol,169.4140,42
2018-07-31,RS,gasolina,325.4850,68
2018-07-31,SC,diesel_s10,309.1170,92
2018-07-31,SC,etanol,261.4620,75
2018-07-31,SC,gasolina,438.0480,105
2018-07-31,SE,diesel_s10,102.8580,29
2018-07-31,SE,etanol,89.4080,24
2018-07-31,SE,gasolina,134.1370,30
2018-07-31,SP,diesel_s10,508.6320,151
2018-07-31,SP,etanol,580.2940,228
2018-07-31,SP,gasolina,971.6630,230
2018-07-31,TO,diesel_s10,20.4900,6
2018-07-31,TO,etanol,21.4000,6
2018-07-31,TO,gasolina,26.5270,6
2018-08-01,AC,diesel_s10,117.5000,28
2018-08-01,AC,etanol,76.5300,19
2018-08-01,AC,gasolina,143.9800,29
2018-08-01,AL,diesel_s10,122.9440,34
2018-08-01,AL,etanol,135.3810,37
2018-08-01,AL,gasolina,192.0880,41
2018-08-01,AM,diesel_s10,109.0460,31
2018-08-01,AM,etanol,124.2250,35
2018-08-01,AM,gasolina,206.2900,44
2018-08-01,BA,diesel_s10,589.0680,170
2018-08-01,BA,etanol,807.7760,229
2018-08-01,BA,gasolina,1088.0160,232
2018-08-01,CE,diesel_s10,491.7230,142
2018-08-01,CE,etanol,498.1150,134
2018-08-01,CE,gasolina,650.2650,145
2018-08-01,DF,diesel_s10,118.5990,33
2018-08-01,DF,etanol,126.8260,39
2018-08-01,DF,gasolina,210.6680,47
2018-08-01,ES,diesel_s10,27.8800,8
2018-08-01,ES,etanol,14.6600,4
2018-08-01,ES,gasolina,41.6100,9
2018-08-01,GO,diesel_s10,113.3650,32
2018-08-01,GO,etanol,148.8350,54
2018-08-01,GO,gasolina,248.1750,54
2018-08-01,MA,diesel_s10,62.7090,18
2018-08-01,MA,etanol,14.8800,4
2018-08-01,MA,gasolina,83.5390,19
2018-08-01,MG,diesel_s10,577.4550,162
2018-08-01,MG,etanol,643.1890,219
2018-08-01,MG,gasolina,1027.7320,215
2018-08-01,MS,diesel_s10,47.8610,13
2018-08-01,MS,etanol,57.9720,17
2018-08-01,MS,gasolina,85.5350,19
2018-08-01,MT,diesel_s10,335.5850,89
2018-08-01,MT,etanol,303.7240,116
2018-08-01,MT,gasolina,529.4590,115
2018-08-01,PA,diesel_s10,78.1430,22
2018-08-01,PA,etanol,43.5210,12
2018-08-01,PA,gasolina,96.6830,22
2018-08-01,PB,diesel_s10,137.0860,41
2018-08-01,PB,etanol,159.0700,47
2018-08-01,PB,gasolina,216.0410,50
2018-08-01,PE,diesel_s10,186.7820,56
2018-08-01,PE,etanol,165.1120,49
2018-08-01,PE,gasolina,262.7830,61
2018-08-01,PI,diesel_s10,31.8420,9
2018-08-01,PI,etanol,23.6930,7
2018-08-01,PI,gasolina,39.5820,9
2018-08-01,PR,diesel_s10,433.3790,131
2018-08-01,PR,etanol,483.3990,174
2018-08-01,PR,gasolina,752.1010,172
2018-08-01,RJ,diesel_s10,586.0900,164
2018-08-01,RJ,etanol,735.1920,218
2018-08-01,RJ,gasolina,1108.2000,225
2018-08-01,RN,diesel_s10,167.2760,47
2018-08-01,RN,etanol,178.5000,49
2018-08-01,RN,gasolina,225.6470,50
2018-08-01,RO,diesel_s10,108.8920,30
2018-08-01,RO,etanol,56.0980,14
2018-08-01,RO,gasolina,139.3790,30
2018-08-01,RR,diesel_s10,3.5970,1
2018-08-01,RR,etanol,3.9300,1
2018-08-01,RR,gasolina,4.3000,1
2018-08-01,RS,diesel_s10,392.2650,116
2018-08-01,RS,etanol,243.8690,61
2018-08-01,RS,gasolina,627.3460,134
2018-08-01,SC,diesel_s10,143.2470,43
2018-08-01,SC,etanol,111.8400,32
2018-08-01,SC,gasolina,211.6680,50
2018-08-01,SE,diesel_s10,3.6390,1
2018-08-01,SE,etanol,7.5290,2
2018-08-01,SE,gasolina,8.7680,2
2018-08-01,SP,diesel_s10,2583.7240,767
2018-08-01,SP,etanol,2511.1320,1005
2018-08-01,SP,gasolina,4239.3250,991
2018-08-01,TO,diesel_s10,6.8400,2
2018-08-01,TO,etanol,7.3490,2
2018-08-01,TO,gasolina,9.6290,2
2018-08-02,ES,diesel_s10,175.7360,52
2018-08-02,ES,etanol,179.6250,51
2018-08-02,ES,gasolina,311.3620,70
2018-08-02,GO,diesel_s10,168.6870,48
2018-08-02,GO,etanol,192.0470,68
2018-08-02,GO,gasolina,318.2950,68
2018-08-02,MA,diesel_s10,186.1480,55
2018-08-02,MA,etanol,45.4210,13
2018-08-02,MA,gasolina,247.7350,59
2018-08-02,MG,diesel_s10,75.7570,21
2018-08-02,MG,etanol,94.8660,31
2018-08-02,MG,gasolina,152.3730,31
2018-08-02,MS,diesel_s10,112.6500,32
2018-08-02,MS,etanol,122.2500,40
2018-08-02,MS,gasolina,163.4000,40
2018-08-02,PB,diesel_s10,17.0410,5
2018-08-02,PB,etanol,20.4080,6
2018-08-02,PB,gasolina,25.2170,6
2018-08-02,PE,diesel_s10,97.0750,29
2018-08-02,PE,etanol,88.8080,26
2018-08-02,PE,gasolina,134.0060,30
2018-08-02,PR,diesel_s10,121.7310,38
2018-08-02,PR,etanol,133.1430,50
2018-08-02,PR,gasolina,207.7850,50
2018-08-02,RJ,diesel_s10,87.6550,25
2018-08-02,RJ,etanol,94.0680,29
2018-08-02,RJ,gasolina,146.5650,30
2018-08-02,RS,diesel_s10,34.4900,10
2018-08-02,RS,etanol,23.8830,6
2018-08-02,RS,gasolina,52.4090,11
2018-08-02,SC,diesel_s10,16.6960,5
2018-08-02,SC,etanol,13.4680,4
2018-08-02,SC,gasolina,28.6450,7
2018-08-02,SP,diesel_s10,527.3770,155
2018-08-02,SP,etanol,517.7180,206
2018-08-02,SP,gasolina,855.0760,198
2018-08-02,TO,diesel_s10,24.1060,7
2018-08-02,TO,etanol,24.6560,7
2018-08-02,TO,gasolina,38.2470,8
2018-08-06,AC,diesel_s10,40.3250,9
2018-08-06,AC,gasolina,54.1630,10
2018-08-06,AL,diesel_s10,10.6060,3
2018-08-06,AL,etanol,28.7750,8
2018-08-06,AL,gasolina,37.4280,8
2018-08-06,AM,diesel_s10,26.4500,7
2018-08-06,AM,etanol,3.7900,1
2018-08-06,AM,gasolina,83.8300,17
2018-08-06,AP,diesel_s10,8.4900,2
2018-08-06,AP,gasolina,20.2390,5
2018-08-06,BA,diesel_s10,119.2660,33
2018-08-06,BA,etanol,111.2690,32
2018-08-06,BA,gasolina,177.1870,37
2018-08-06,CE,diesel_s10,50.3740,14
2018-08-06,CE,etanol,40.9370,11
2018-08-06,CE,gasolina,65.2060,14
2018-08-06,DF,diesel_s10,3.5990,1
2018-08-06,DF,gasolina,4.3890,1
2018-08-06,ES,diesel_s10,97.0990,29
2018-08-06,ES,etanol,69.3890,19
2018-08-06,ES,gasolina,175.2890,38
2018-08-06,GO,diesel_s10,164.5060,45
2018-08-06,GO,etanol,137.0670,48
2018-08-06,GO,gasolina,220.5060,47
2018-08-06,MA,diesel_s10,175.2450,50
2018-08-06,MA,etanol,87.4760,24
2018-08-06,MA,gasolina,243.5460,55
2018-08-06,MG,diesel_s10,412.7970,116
2018-08-06,MG,etanol,502.7240,169
2018-08-06,MG,gasolina,815.7300,169
2018-08-06,MS,diesel_s10,42.6520,12
2018-08-06,MS,etanol,36.3940,11
2018-08-06,MS,gasolina,48.7790,11
2018-08-06,MT,diesel_s10,7.0920,2
2018-08-06,MT,etanol,2.4290,1
2018-08-06,MT,gasolina,4.3190,1
2018-08-06,PA,diesel_s10,138.8460,38
2018-08-06,PA,etanol,51.2660,14
2018-08-06,PA,gasolina,190.3420,41
2018-08-06,PB,diesel_s10,28.0850,8
2018-08-06,PB,etanol,25.6740,7
2018-08-06,PB,gasolina,41.1420,9
2018-08-06,PE,diesel_s10,141.2980,42
2018-08-06,PE,etanol,136.3750,40
2018-08-06,PE,gasolina,207.2130,47
2018-08-06,PI,diesel_s10,91.7970,26
2018-08-06,PI,etanol,67.7110,20
2018-08-06,PI,gasolina,121.1080,27
2018-08-06,PR,diesel_s10,248.1320,76
2018-08-06,PR,etanol,262.5760,94
2018-08-06,PR,gasolina,406.0000,92
2018-08-06,RJ,diesel_s10,175.4370,49
2018-08-06,RJ,etanol,233.6020,68
2018-08-06,RJ,gasolina,342.5540,69
2018-08-06,RO,diesel_s10,18.3780,5
2018-08-06,RO,etanol,7.9790,2
2018-08-06,RO,gasolina,23.2380,5
2018-08-06,RS,diesel_s10,316.0220,91
2018-08-06,RS,etanol,240.8520,59
2018-08-06,RS,gasolina,537.7310,112
2018-08-06,SC,diesel_s10,224.8350,68
2018-08-06,SC,etanol,195.3440,58
2018-08-06,SC,gasolina,355.1010,86
2018-08-06,SE,diesel_s10,17.6440,5
2018-08-06,SE,etanol,3.7590,1
2018-08-06,SE,gasolina,22.6140,5
2018-08-06,SP,diesel_s10,641.3420,190
2018-08-06,SP,etanol,670.2600,267
2018-08-06,SP,gasolina,1132.6510,266
2018-08-06,TO,diesel_s10,105.9430,30
2018-08-06,TO,etanol,91.8870,25
2018-08-06,TO,gasolina,152.5130,32
2018-08-07,AL,diesel_s10,6.9380,2
2018-08-07,AL,etanol,17.8050,5
2018-08-07,AL,gasolina,28.0050,6
2018-08-07,AM,diesel_s10,10.9700,3
2018-08-07,AM,etanol,3.5500,1
2018-08-07,AM,gasolina,47.4700,10
2018-08-07,AP,diesel_s10,38.0400,9
2018-08-07,AP,gasolina,85.7300,22
2018-08-07,BA,diesel_s10,167.7090,48
2018-08-07,BA,etanol,195.1340,56
2018-08-07,BA,gasolina,286.5290,61
2018-08-07,CE,diesel_s10,222.5760,62
2018-08-07,CE,etanol,200.9270,54
2018-08-07,CE,gasolina,304.1760,66
2018-08-07,GO,diesel_s10,185.2500,51
2018-08-07,GO,etanol,180.6910,63
2018-08-07,GO,gasolina,287.8890,61
2018-08-07,MA,diesel_s10,10.7880,3
2018-08-07,MA,etanol,3.4900,1
2018-08-07,MA,gasolina,12.7780,3
2018-08-07,MG,diesel_s10,403.2960,112
2018-08-07,MG,etanol,448.6610,151
2018-08-07,MG,gasolina,743.5850,154
2018-08-07,MS,diesel_s10,61.3020,17
2018-08-07,MS,etanol,58.8690,18
2018-08-07,MS,gasolina,79.6770,18
2018-08-07,MT,diesel_s10,149.1800,39
2018-08-07,MT,etanol,115.2380,43
2018-08-07,MT,gasolina,198.9850,43
2018-08-07,PA,diesel_s10,171.5550,47
2018-08-07,PA,etanol,55.4670,14
2018-08-07,PA,gasolina,239.4880,51
2018-08-07,PE,diesel_s10,117.0820,34
2018-08-07,PE,etanol,112.4770,32
2018-08-07,PE,gasolina,173.3620,38
2018-08-07,PI,diesel_s10,99.5270,28
2018-08-07,PI,etanol,63.6780,18
2018-08-07,PI,gasolina,144.2830,31
2018-08-07,PR,diesel_s10,175.3970,53
2018-08-07,PR,etanol,158.1850,59
2018-08-07,PR,gasolina,248.0350,58
2018-08-07,RJ,diesel_s10,442.1180,124
2018-08-07,RJ,etanol,571.8560,170
2018-08-07,RJ,gasolina,846.0360,172
2018-08-07,RN,diesel_s10,39.4150,11
2018-08-07,RN,etanol,43.3070,12
2018-08-07,RN,gasolina,47.8060,11
2018-08-07,RO,diesel_s10,135.6910,37
2018-08-07,RO,etanol,70.8320,19
2018-08-07,RO,gasolina,182.4390,40
2018-08-07,RR,diesel_s10,35.3300,10
2018-08-07,RR,etanol,11.5100,3
2018-08-07,RR,gasolina,42.1500,10
2018-08-07,RS,diesel_s10,192.3220,56
2018-08-07,RS,etanol,155.2010,39
2018-08-07,RS,gasolina,319.2200,67
2018-08-07,SC,diesel_s10,294.3400,88
2018-08-07,SC,etanol,265.7320,77
2018-08-07,SC,gasolina,455.6610,110
2018-08-07,SE,diesel_s10,37.6640,11
2018-08-07,SE,etanol,29.3930,8
2018-08-07,SE,gasolina,48.3350,11
2018-08-07,SP,diesel_s10,511.4430,152
2018-08-07,SP,etanol,533.7260,210
2018-08-07,SP,gasolina,895.5950,212
2018-08-07,TO,diesel_s10,41.0150,12
2018-08-07,TO,etanol,46.1250,13
2018-08-07,TO,gasolina,65.4460,14
2018-08-08,AC,diesel_s10,117.2570,28
2018-08-08,AC,etanol,76.2680,19
2018-08-08,AC,gasolina,143.4150,29
2018-08-08,AL,diesel_s10,133.6040,37
2018-08-08,AL,etanol,139.6450,38
2018-08-08,AL,gasolina,196.6400,42
2018-08-08,AM,diesel_s10,120.2270,34
2018-08-08,AM,etanol,137.0280,39
2018-08-08,AM,gasolina,205.9280,44
2018-08-08,AP,diesel_s10,8.3400,2
2018-08-08,AP,gasolina,7.8700,2
2018-08-08,BA,diesel_s10,629.8050,182
2018-08-08,BA,etanol,817.5560,233
2018-08-08,BA,gasolina,1088.4400,233
2018-08-08,CE,diesel_s10,462.4060,133
2018-08-08,CE,etanol,480.0140,130
2018-08-08,CE,gasolina,611.7230,137
2018-08-08,DF,diesel_s10,111.7230,31
2018-08-08,DF,etanol,131.5070,41
2018-08-08,DF,gasolina,203.0160,46
2018-08-08,ES,diesel_s10,122.0090,36
2018-08-08,ES,etanol,109.2730,31
2018-08-08,ES,gasolina,235.5560,53
2018-08-08,GO,diesel_s10,236.9590,67
2018-08-08,GO,etanol,282.2670,101
2018-08-08,GO,gasolina,471.6190,101
2018-08-08,MA,diesel_s10,138.9650,40
2018-08-08,MA,etanol,32.3250,9
2018-08-08,MA,gasolina,193.3530,45
2018-08-08,MG,diesel_s10,619.9110,173
2018-08-08,MG,etanol,736.5780,254
2018-08-08,MG,gasolina,1183.8520,249
2018-08-08,MS,diesel_s10,159.8660,45
2018-08-08,MS,etanol,183.2360,58
2018-08-08,MS,gasolina,247.7740,59
2018-08-08,MT,diesel_s10,265.7270,70
2018-08-08,MT,etanol,248.4050,95
2018-08-08,MT,gasolina,433.4210,94
2018-08-08,PA,diesel_s10,75.3980,21
2018-08-08,PA,etanol,50.7490,14
2018-08-08,PA,gasolina,97.1930,22
2018-08-08,PB,diesel_s10,143.8810,43
2018-08-08,PB,etanol,154.4330,46
2018-08-08,PB,gasolina,212.0210,49
2018-08-08,PE,diesel_s10,254.3660,76
2018-08-08,PE,etanol,246.3640,73
2018-08-08,PE,gasolina,360.4180,84
2018-08-08,PI,diesel_s10,31.6110,9
2018-08-08,PI,etanol,29.9310,9
2018-08-08,PI,gasolina,39.7810,9
2018-08-08,PR,diesel_s10,540.9060,164
2018-08-08,PR,etanol,598.3500,219
2018-08-08,PR,gasolina,934.6360,216
2018-08-08,RJ,diesel_s10,332.3850,93
2018-08-08,RJ,etanol,402.8700,119
2018-08-08,RJ,gasolina,641.0580,129
2018-08-08,RN,diesel_s10,158.6020,45
2018-08-08,RN,etanol,176.3210,49
2018-08-08,RN,gasolina,222.9110,49
2018-08-08,RO,diesel_s10,98.0720,27
2018-08-08,RO,etanol,48.1280,12
2018-08-08,RO,gasolina,130.2090,28
2018-08-08,RR,diesel_s10,10.4370,3
2018-08-08,RR,etanol,3.7100,1
2018-08-08,RR,gasolina,12.6200,3
2018-08-08,RS,diesel_s10,491.0350,145
2018-08-08,RS,etanol,313.5800,79
2018-08-08,RS,gasolina,798.3080,171
2018-08-08,SC,diesel_s10,143.4170,43
2018-08-08,SC,etanol,108.1590,31
2018-08-08,SC,gasolina,206.3220,49
2018-08-08,SE,diesel_s10,75.2270,21
2018-08-08,SE,etanol,73.2140,20
2018-08-08,SE,gasolina,96.2740,21
2018-08-08,SP,diesel_s10,2475.9620,734
2018-08-08,SP,etanol,2367.3140,958
2018-08-08,SP,gasolina,4042.0650,946
2018-08-09,ES,diesel_s10,67.9540,20
2018-08-09,ES,etanol,68.8510,19
2018-08-09,ES,gasolina,117.6990,26
2018-08-09,GO,diesel_s10,37.9140,11
2018-08-09,GO,etanol,53.2460,19
2018-08-09,GO,gasolina,86.0460,19
2018-08-09,MA,diesel_s10,61.2450,18
2018-08-09,MA,etanol,28.1350,8
2018-08-09,MA,gasolina,80.3140,19
2018-08-09,MG,diesel_s10,18.4900,5
2018-08-09,MG,etanol,21.7290,7
2018-08-09,MG,gasolina,34.2470,7
2018-08-09,MT,diesel_s10,55.9020,15
2018-08-09,MT,etanol,50.5650,20
2018-08-09,MT,gasolina,91.5120,20
2018-08-09,PB,diesel_s10,13.7080,4
2018-08-09,PB,etanol,16.9680,5
2018-08-09,PB,gasolina,20.8670,5
2018-08-09,PE,diesel_s10,70.1910,21
2018-08-09,PE,etanol,62.2160,18
2018-08-09,PE,gasolina,94.3420,21
2018-08-09,RJ,diesel_s10,127.2790,36
2018-08-09,RJ,etanol,158.0740,47
2018-08-09,RJ,gasolina,234.6520,48
2018-08-09,RS,diesel_s10,41.2500,12
2018-08-09,RS,etanol,35.7220,9
2018-08-09,RS,gasolina,61.7690,13
2018-08-09,SC,diesel_s10,19.3360,6
2018-08-09,SC,etanol,13.2680,4
2018-08-09,SC,gasolina,28.0860,7
2018-08-09,SP,diesel_s10,559.9750,163
2018-08-09,SP,etanol,567.0310,225
2018-08-09,SP,gasolina,929.1140,216
2018-08-13,AM,diesel_s10,11.5300,3
2018-08-13,AM,gasolina,36.4500,7
2018-08-13,AP,diesel_s10,54.8700,13
2018-08-13,AP,gasolina,113.7490,29
2018-08-13,BA,diesel_s10,167.6550,47
2018-08-13,BA,etanol,173.8920,49
2018-08-13,BA,gasolina,250.4500,52
2018-08-13,ES,diesel_s10,131.8590,39
2018-08-13,ES,etanol,94.3090,26
2018-08-13,ES,gasolina,230.5770,50
2018-08-13,GO,diesel_s10,91.0050,25
2018-08-13,GO,etanol,86.1470,32
2018-08-13,GO,gasolina,144.6830,32
2018-08-13,MA,diesel_s10,83.7170,24
2018-08-13,MA,etanol,55.2920,15
2018-08-13,MA,gasolina,126.7070,28
2018-08-13,MG,diesel_s10,418.6680,118
2018-08-13,MG,etanol,433.5670,149
2018-08-13,MG,gasolina,731.7980,153
2018-08-13,MS,diesel_s10,79.9460,22
2018-08-13,MS,etanol,80.0930,24
2018-08-13,MS,gasolina,112.4060,25
2018-08-13,MT,diesel_s10,74.2950,19
2018-08-13,MT,etanol,55.2840,21
2018-08-13,MT,gasolina,97.2320,21
2018-08-13,PA,diesel_s10,99.2250,28
2018-08-13,PA,etanol,34.7550,10
2018-08-13,PA,gasolina,129.6030,29
2018-08-13,PB,diesel_s10,24.7050,7
2018-08-13,PB,etanol,18.5760,5
2018-08-13,PB,gasolina,32.5440,7
2018-08-13,PE,diesel_s10,63.8140,19
2018-08-13,PE,etanol,59.0950,17
2018-08-13,PE,gasolina,85.6140,19
2018-08-13,PI,diesel_s10,78.1450,22
2018-08-13,PI,etanol,48.7170,14
2018-08-13,PI,gasolina,109.3800,24
2018-08-13,PR,diesel_s10,243.4830,74
2018-08-13,PR,etanol,256.6690,93
2018-08-13,PR,gasolina,398.3410,91
2018-08-13,RJ,diesel_s10,229.1230,65
2018-08-13,RJ,etanol,272.3810,82
2018-08-13,RJ,gasolina,404.9130,83
2018-08-13,RO,diesel_s10,149.5800,41
2018-08-13,RO,etanol,80.7940,21
2018-08-13,RO,gasolina,219.8860,48
2018-08-13,RS,diesel_s10,466.2920,137
2018-08-13,RS,etanol,314.5320,81
2018-08-13,RS,gasolina,785.7530,170
2018-08-13,SC,diesel_s10,243.7850,74
2018-08-13,SC,etanol,161.9730,48
2018-08-13,SC,gasolina,356.7090,86
2018-08-13,SE,diesel_s10,38.4890,11
2018-08-13,SE,etanol,32.9580,9
2018-08-13,SE,gasolina,49.3090,11
2018-08-13,SP,diesel_s10,743.5520,220
2018-08-13,SP,etanol,765.8410,306
2018-08-13,SP,gasolina,1289.9900,304
2018-08-13,TO,diesel_s10,35.9200,10
2018-08-13,TO,etanol,22.3860,6
2018-08-13,TO,gasolina,52.4100,11
2018-08-14,AC,diesel_s10,35.8260,8
2018-08-14,AC,gasolina,48.9540,9
2018-08-14,AL,diesel_s10,73.7740,20
2018-08-14,AL,etanol,76.7070,21
2018-08-14,AL,gasolina,102.9590,22
2018-08-14,AM,diesel_s10,100.7280,29
2018-08-14,AM,etanol,67.2000,19
2018-08-14,AM,gasolina,214.4740,46
2018-08-14,BA,diesel_s10,159.0260,44
2018-08-14,BA,etanol,192.2330,54
2018-08-14,BA,gasolina,283.2200,60
2018-08-14,CE,diesel_s10,151.1270,42
2018-08-14,CE,etanol,138.2750,37
2018-08-14,CE,gasolina,200.1540,43
2018-08-14,DF,diesel_s10,3.5890,1
2018-08-14,DF,etanol,3.2590,1
2018-08-14,DF,gasolina,4.7990,1
2018-08-14,GO,diesel_s10,266.7110,74
2018-08-14,GO,etanol,259.5070,91
2018-08-14,GO,gasolina,414.8330,89
2018-08-14,MA,diesel_s10,94.3140,27
2018-08-14,MA,etanol,49.9530,14
2018-08-14,MA,gasolina,123.7230,28
2018-08-14,MG,diesel_s10,519.8260,144
2018-08-14,MG,etanol,600.8060,206
2018-08-14,MG,gasolina,961.6040,200
2018-08-14,MS,diesel_s10,50.2530,14
2018-08-14,MS,etanol,49.0760,15
2018-08-14,MS,gasolina,70.3160,16
2018-08-14,MT,diesel_s10,120.8950,32
2018-08-14,MT,etanol,97.5320,36
2018-08-14,MT,gasolina,161.3450,35
2018-08-14,PA,diesel_s10,187.1160,51
2018-08-14,PA,etanol,82.8780,22
2018-08-14,PA,gasolina,244.8070,53
2018-08-14,PB,diesel_s10,124.2270,37
2018-08-14,PB,etanol,138.0140,41
2018-08-14,PB,gasolina,195.5230,45
2018-08-14,PE,diesel_s10,236.0830,70
2018-08-14,PE,etanol,196.3190,58
2018-08-14,PE,gasolina,326.0820,73
2018-08-14,PI,diesel_s10,144.2920,41
2018-08-14,PI,etanol,95.2160,28
2018-08-14,PI,gasolina,185.2450,41
2018-08-14,PR,diesel_s10,227.7840,69
2018-08-14,PR,etanol,230.5160,84
2018-08-14,PR,gasolina,361.7430,83
2018-08-14,RJ,diesel_s10,229.4010,64
2018-08-14,RJ,etanol,260.1710,75
2018-08-14,RJ,gasolina,402.5770,80
2018-08-14,RN,diesel_s10,114.9930,32
2018-08-14,RN,etanol,120.2600,33
2018-08-14,RN,gasolina,158.0350,35
2018-08-14,RO,diesel_s10,66.3540,18
2018-08-14,RO,etanol,23.5590,6
2018-08-14,RO,gasolina,68.8630,15
2018-08-14,RR,diesel_s10,34.9200,10
2018-08-14,RR,etanol,15.1100,4
2018-08-14,RR,gasolina,41.9700,10
2018-08-14,RS,diesel_s10,148.0720,42
2018-08-14,RS,etanol,133.0800,33
2018-08-14,RS,gasolina,267.3570,55
2018-08-14,SC,diesel_s10,182.3380,54
2018-08-14,SC,etanol,210.8160,62
2018-08-14,SC,gasolina,315.3580,75
2018-08-14,SE,diesel_s10,17.6440,5
2018-08-14,SE,etanol,7.3580,2
2018-08-14,SE,gasolina,26.6920,6
2018-08-14,SP,diesel_s10,714.0480,213
2018-08-14,SP,etanol,694.7620,284
2018-08-14,SP,gasolina,1181.9940,283
2018-08-14,TO,diesel_s10,83.2740,24
2018-08-14,TO,etanol,79.9400,22
2018-08-14,TO,gasolina,117.9890,25
2018-08-15,AC,diesel_s10,117.7690,28
2018-08-15,AC,etanol,79.7000,20
2018-08-15,AC,gasolina,149.0290,30
2018-08-15,AL,diesel_s10,96.1700,27
2018-08-15,AL,etanol,119.6580,33
2018-08-15,AL,gasolina,158.7610,34
2018-08-15,AM,diesel_s10,29.7400,8
2018-08-15,AM,etanol,7.5800,2
2018-08-15,AM,gasolina,86.0950,18
2018-08-15,BA,diesel_s10,450.1550,130
2018-08-15,BA,etanol,564.8090,165
2018-08-15,BA,gasolina,781.0650,169
2018-08-15,CE,diesel_s10,562.1020,162
2018-08-15,CE,etanol,543.4040,151
2018-08-15,CE,gasolina,729.0800,166
2018-08-15,DF,diesel_s10,129.5690,36
2018-08-15,DF,etanol,126.9740,40
2018-08-15,DF,gasolina,203.5370,46
2018-08-15,GO,diesel_s10,272.3610,77
2018-08-15,GO,etanol,311.2780,111
2018-08-15,GO,gasolina,517.1260,110
2018-08-15,MA,diesel_s10,165.4500,49
2018-08-15,MA,etanol,31.4320,9
2018-08-15,MA,gasolina,222.6690,53
2018-08-15,MG,diesel_s10,236.0800,66
2018-08-15,MG,etanol,269.0490,92
2018-08-15,MG,gasolina,445.6490,92
2018-08-15,MS,diesel_s10,161.1560,46
2018-08-15,MS,etanol,143.3100,47
2018-08-15,MS,gasolina,186.8970,46
2018-08-15,MT,diesel_s10,86.8740,23
2018-08-15,MT,etanol,80.3180,31
2018-08-15,MT,gasolina,143.5680,31
2018-08-15,PA,diesel_s10,94.6530,26
2018-08-15,PA,etanol,24.6700,6
2018-08-15,PA,gasolina,151.8150,32
2018-08-15,PB,diesel_s10,26.9760,8
2018-08-15,PB,etanol,36.3030,11
2018-08-15,PB,gasolina,46.4100,11
2018-08-15,PE,diesel_s10,286.0290,85
2018-08-15,PE,etanol,317.6810,94
2018-08-15,PE,gasolina,420.3220,98
2018-08-15,PI,diesel_s10,7.0280,2
2018-08-15,PI,etanol,6.6980,2
2018-08-15,PI,gasolina,4.3490,1
2018-08-15,PR,diesel_s10,301.2140,92
2018-08-15,PR,etanol,319.2530,119
2018-08-15,PR,gasolina,502.3130,115
2018-08-15,RJ,diesel_s10,299.6710,85
2018-08-15,RJ,etanol,390.6420,119
2018-08-15,RJ,gasolina,604.8070,124
2018-08-15,RN,diesel_s10,31.9860,9
2018-08-15,RN,etanol,33.0070,9
2018-08-15,RN,gasolina,49.6490,11
2018-08-15,RO,diesel_s10,25.4900,7
2018-08-15,RO,etanol,15.8000,4
2018-08-15,RO,gasolina,37.4790,8
2018-08-15,RR,diesel_s10,10.5600,3
2018-08-15,RR,gasolina,12.5800,3
2018-08-15,RS,diesel_s10,370.7880,109
2018-08-15,RS,etanol,219.7730,56
2018-08-15,RS,gasolina,595.0350,127
2018-08-15,SC,diesel_s10,277.3310,83
2018-08-15,SC,etanol,187.3440,56
2018-08-15,SC,gasolina,366.0840,91
2018-08-15,SE,diesel_s10,63.3580,18
2018-08-15,SE,etanol,61.7490,17
2018-08-15,SE,gasolina,85.8080,19
2018-08-15,SP,diesel_s10,2245.2920,661
2018-08-15,SP,etanol,2112.9210,868
2018-08-15,SP,gasolina,3647.5160,853
2018-08-15,TO,diesel_s10,34.1240,10
2018-08-15,TO,etanol,32.5340,9
2018-08-15,TO,gasolina,47.7950,10
2018-08-16,BA,diesel_s10,120.1680,36
2018-08-16,BA,etanol,167.7120,51
2018-08-16,BA,gasolina,229.8030,51
2018-08-16,CE,diesel_s10,24.3650,7
2018-08-16,CE,etanol,33.1340,9
2018-08-16,CE,gasolina,40.6360,9
2018-08-16,ES,diesel_s10,161.0030,48
2018-08-16,ES,etanol,163.7260,47
2018-08-16,ES,gasolina,296.8540,67
2018-08-16,MA,diesel_s10,37.7390,11
2018-08-16,MA,gasolina,55.6880,13
2018-08-16,MG,diesel_s10,374.9280,106
2018-08-16,MG,etanol,373.3710,134
2018-08-16,MG,gasolina,629.2430,134
2018-08-16,MT,diesel_s10,179.3150,48
2018-08-16,MT,etanol,179.3600,72
2018-08-16,MT,gasolina,328.9000,72
2018-08-16,PR,diesel_s10,197.6100,61
2018-08-16,PR,etanol,194.2870,75
2018-08-16,PR,gasolina,311.1150,75
2018-08-16,RJ,diesel_s10,334.6300,94
2018-08-16,RJ,etanol,421.1920,131
2018-08-16,RJ,gasolina,647.0170,133
2018-08-16,RN,diesel_s10,52.8490,15
2018-08-16,RN,etanol,57.2890,16
2018-08-16,RN,gasolina,78.7990,17
2018-08-16,RS,diesel_s10,37.1950,11
2018-08-16,RS,etanol,36.2650,9
2018-08-16,RS,gasolina,51.7960,11
2018-08-16,SE,diesel_s10,3.5890,1
2018-08-16,SE,etanol,3.7990,1
2018-08-16,SE,gasolina,4.6990,1
2018-08-16,SP,diesel_s10,533.5630,159
2018-08-16,SP,etanol,494.8830,207
2018-08-16,SP,gasolina,872.7340,206
2018-08-20,AL,diesel_s10,41.7580,12
2018-08-20,AL,etanol,68.9170,20
2018-08-20,AL,gasolina,91.9760,20
2018-08-20,AM,diesel_s10,22.7000,6
2018-08-20,AM,etanol,3.7900,1
2018-08-20,AM,gasolina,74.4400,15
2018-08-20,AP,diesel_s10,12.6400,3
2018-08-20,AP,gasolina,31.6290,8
2018-08-20,BA,diesel_s10,174.9850,49
2018-08-20,BA,etanol,180.3940,51
2018-08-20,BA,gasolina,264.5000,55
2018-08-20,CE,diesel_s10,32.4790,9
2018-08-20,CE,etanol,33.4390,9
2018-08-20,CE,gasolina,41.6680,9
2018-08-20,ES,diesel_s10,131.8890,39
2018-08-20,ES,etanol,86.8990,24
2018-08-20,ES,gasolina,221.6980,48
2018-08-20,GO,diesel_s10,94.6950,26
2018-08-20,GO,etanol,91.8570,34
2018-08-20,GO,gasolina,154.0920,34
2018-08-20,MA,diesel_s10,52.2310,15
2018-08-20,MA,etanol,30.2850,8
2018-08-20,MA,gasolina,85.5300,19
2018-08-20,MG,diesel_s10,477.3410,134
2018-08-20,MG,etanol,520.4210,179
2018-08-20,MG,gasolina,879.5150,184
2018-08-20,MS,diesel_s10,221.1530,62
2018-08-20,MS,etanol,202.0480,64
2018-08-20,MS,gasolina,280.7220,66
2018-08-20,MT,diesel_s10,74.3150,19
2018-08-20,MT,etanol,55.5970,21
2018-08-20,MT,gasolina,97.2320,21
2018-08-20,PA,diesel_s10,137.0310,38
2018-08-20,PA,etanol,38.9460,11
2018-08-20,PA,gasolina,182.4220,40
2018-08-20,PB,diesel_s10,27.9740,8
2018-08-20,PB,etanol,21.7650,6
2018-08-20,PB,gasolina,36.7230,8
2018-08-20,PE,diesel_s10,67.2220,20
2018-08-20,PE,etanol,62.3840,18
2018-08-20,PE,gasolina,90.3530,20
2018-08-20,PI,diesel_s10,85.0950,24
2018-08-20,PI,etanol,59.0570,17
2018-08-20,PI,gasolina,119.1200,26
2018-08-20,PR,diesel_s10,384.4370,116
2018-08-20,PR,etanol,384.6610,142
2018-08-20,PR,gasolina,605.6250,138
2018-08-20,RJ,diesel_s10,257.5680,73
2018-08-20,RJ,etanol,310.6360,94
2018-08-20,RJ,gasolina,463.5130,95
2018-08-20,RN,diesel_s10,3.5290,1
2018-08-20,RN,etanol,3.5900,1
2018-08-20,RN,gasolina,4.4900,1
2018-08-20,RO,diesel_s10,76.4660,21
2018-08-20,RO,etanol,52.2850,13
2018-08-20,RO,gasolina,112.2120,24
2018-08-20,RR,diesel_s10,3.4400,1
2018-08-20,RR,gasolina,4.1900,1
2018-08-20,RS,diesel_s10,486.7780,143
2018-08-20,RS,etanol,319.9190,83
2018-08-20,RS,gasolina,796.6510,173
2018-08-20,SC,diesel_s10,278.6920,84
2018-08-20,SC,etanol,199.9410,59
2018-08-20,SC,gasolina,402.8330,97
2018-08-20,SE,diesel_s10,20.5640,6
2018-08-20,SE,etanol,14.5240,4
2018-08-20,SE,gasolina,26.5940,6
2018-08-20,SP,diesel_s10,806.9310,239
2018-08-20,SP,etanol,792.7030,317
2018-08-20,SP,gasolina,1337.7520,315
2018-08-20,TO,diesel_s10,49.7210,14
2018-08-20,TO,etanol,36.5670,10
2018-08-20,TO,gasolina,70.3700,15
2018-08-21,AC,diesel_s10,35.8360,8
2018-08-21,AC,gasolina,48.9540,9
2018-08-21,AL,diesel_s10,80.4200,22
2018-08-21,AL,etanol,83.0740,23
2018-08-21,AL,gasolina,112.4580,24
2018-08-21,AM,diesel_s10,7.0300,2
2018-08-21,AM,etanol,7.0400,2
2018-08-21,AM,gasolina,13.3800,3
2018-08-21,BA,diesel_s10,232.0510,66
2018-08-21,BA,etanol,263.5460,77
2018-08-21,BA,gasolina,376.9820,82
2018-08-21,CE,diesel_s10,137.0590,38
2018-08-21,CE,etanol,123.3650,33
2018-08-21,CE,gasolina,181.4930,39
2018-08-21,GO,diesel_s10,263.0320,73
2018-08-21,GO,etanol,256.0790,90
2018-08-21,GO,gasolina,409.4820,88
2018-08-21,MA,diesel_s10,136.0620,39
2018-08-21,MA,etanol,71.0980,20
2018-08-21,MA,gasolina,181.7690,41
2018-08-21,MG,diesel_s10,448.1570,124
2018-08-21,MG,etanol,504.1520,172
2018-08-21,MG,gasolina,802.3000,166
2018-08-21,MS,diesel_s10,53.3800,15
2018-08-21,MS,etanol,54.6030,17
2018-08-21,MS,gasolina,73.1030,17
2018-08-21,MT,diesel_s10,120.6530,32
2018-08-21,MT,etanol,96.9410,36
2018-08-21,MT,gasolina,161.3030,35
2018-08-21,PA,diesel_s10,86.9960,23
2018-08-21,PA,etanol,27.4390,7
2018-08-21,PA,gasolina,115.1740,24
2018-08-21,PB,diesel_s10,80.9750,24
2018-08-21,PB,etanol,82.0140,24
2018-08-21,PB,gasolina,124.3320,28
2018-08-21,PE,diesel_s10,315.3590,94
2018-08-21,PE,etanol,299.5280,90
2018-08-21,PE,gasolina,453.4340,104
2018-08-21,PI,diesel_s10,122.3960,35
2018-08-21,PI,etanol,87.0090,26
2018-08-21,PI,gasolina,161.4730,36
2018-08-21,PR,diesel_s10,228.1710,69
2018-08-21,PR,etanol,229.3050,84
2018-08-21,PR,gasolina,362.3320,83
2018-08-21,RJ,diesel_s10,236.4930,66
2018-08-21,RJ,etanol,258.2240,75
2018-08-21,RJ,gasolina,401.8170,80
2018-08-21,RN,diesel_s10,24.7190,7
2018-08-21,RN,etanol,28.3970,8
2018-08-21,RN,gasolina,31.3160,7
2018-08-21,RO,diesel_s10,135.6980,37
2018-08-21,RO,etanol,62.5740,17
2018-08-21,RO,gasolina,185.8570,41
2018-08-21,RR,diesel_s10,41.6400,12
2018-08-21,RR,etanol,11.5100,3
2018-08-21,RR,gasolina,50.3100,12
2018-08-21,RS,diesel_s10,158.2110,45
2018-08-21,RS,etanol,137.3770,34
2018-08-21,RS,gasolina,275.8330,57
2018-08-21,SC,diesel_s10,182.5580,54
2018-08-21,SC,etanol,185.2960,54
2018-08-21,SC,gasolina,271.0120,65
2018-08-21,SE,diesel_s10,17.5940,5
2018-08-21,SE,etanol,3.7590,1
2018-08-21,SE,gasolina,22.3730,5
2018-08-21,SP,diesel_s10,594.8960,177
2018-08-21,SP,etanol,574.0630,238
2018-08-21,SP,gasolina,993.4220,237
2018-08-21,TO,diesel_s10,69.9850,20
2018-08-21,TO,etanol,65.6010,18
2018-08-21,TO,gasolina,100.2090,21
2018-08-22,AC,diesel_s10,4.4990,1
2018-08-22,AC,gasolina,5.4590,1
2018-08-22,AL,diesel_s10,39.3120,11
2018-08-22,AL,etanol,44.0430,12
2018-08-22,AL,gasolina,56.2040,12
2018-08-22,AM,diesel_s10,11.1100,3
2018-08-22,AM,etanol,3.7900,1
2018-08-22,AM,gasolina,48.2690,10
2018-08-22,AP,diesel_s10,46.8100,11
2018-08-22,AP,gasolina,81.8000,21
2018-08-22,BA,diesel_s10,534.5260,155
2018-08-22,BA,etanol,650.1910,193
2018-08-22,BA,gasolina,902.3690,197
2018-08-22,CE,diesel_s10,550.9230,158
2018-08-22,CE,etanol,541.1890,150
2018-08-22,CE,gasolina,712.3630,162
2018-08-22,DF,diesel_s10,110.7830,31
2018-08-22,DF,etanol,122.4430,39
2018-08-22,DF,gasolina,207.3450,47
2018-08-22,ES,diesel_s10,93.3330,28
2018-08-22,ES,etanol,90.5040,26
2018-08-22,ES,gasolina,193.2600,44
2018-08-22,GO,diesel_s10,240.9120,68
2018-08-22,GO,etanol,267.7870,94
2018-08-22,GO,gasolina,446.1110,94
2018-08-22,MA,diesel_s10,131.8510,39
2018-08-22,MA,etanol,38.5300,11
2018-08-22,MA,gasolina,177.2310,42
2018-08-22,MG,diesel_s10,420.8970,118
2018-08-22,MG,etanol,490.3570,175
2018-08-22,MG,gasolina,815.3560,171
2018-08-22,MS,diesel_s10,21.1750,6
2018-08-22,MS,etanol,18.9150,6
2018-08-22,MS,gasolina,21.0960,5
2018-08-22,MT,diesel_s10,236.7160,63
2018-08-22,MT,etanol,210.2670,83
2018-08-22,MT,gasolina,381.5960,83
2018-08-22,PA,diesel_s10,87.0430,24
2018-08-22,PA,etanol,24.6700,6
2018-08-22,PA,gasolina,137.9540,29
2018-08-22,PB,diesel_s10,77.0360,23
2018-08-22,PB,etanol,89.1220,27
2018-08-22,PB,gasolina,113.5720,27
2018-08-22,PE,diesel_s10,188.6870,56
2018-08-22,PE,etanol,212.2900,63
2018-08-22,PE,gasolina,285.0760,66
2018-08-22,PI,diesel_s10,13.9370,4
2018-08-22,PI,etanol,9.8970,3
2018-08-22,PI,gasolina,17.3870,4
2018-08-22,PR,diesel_s10,363.7540,112
2018-08-22,PR,etanol,382.6830,145
2018-08-22,PR,gasolina,603.5080,142
2018-08-22,RJ,diesel_s10,417.7720,118
2018-08-22,RJ,etanol,541.0340,168
2018-08-22,RJ,gasolina,813.4860,168
2018-08-22,RN,diesel_s10,109.2840,31
2018-08-22,RN,etanol,126.0190,35
2018-08-22,RN,gasolina,160.2640,36
2018-08-22,RO,diesel_s10,25.4900,7
2018-08-22,RO,etanol,15.4600,4
2018-08-22,RO,gasolina,37.4190,8
2018-08-22,RS,diesel_s10,389.1230,114
2018-08-22,RS,etanol,239.2360,61
2018-08-22,RS,gasolina,613.5720,131
2018-08-22,SC,diesel_s10,273.9030,82
2018-08-22,SC,etanol,183.5390,55
2018-08-22,SC,gasolina,360.2680,90
2018-08-22,SE,diesel_s10,88.4060,25
2018-08-22,SE,etanol,75.0420,21
2018-08-22,SE,gasolina,115.2350,26
2018-08-22,SP,diesel_s10,1947.5370,572
2018-08-22,SP,etanol,1779.1770,734
2018-08-22,SP,gasolina,3086.8860,718
2018-08-22,TO,diesel_s10,34.2060,10
2018-08-22,TO,etanol,31.6480,9
2018-08-22,TO,gasolina,47.8420,10
2018-08-23,AC,diesel_s10,109.0200,26
2018-08-23,AC,etanol,79.5200,20
2018-08-23,AC,gasolina,144.0200,29
2018-08-23,AM,diesel_s10,95.0580,27
2018-08-23,AM,etanol,102.7400,29
2018-08-23,AM,gasolina,201.2570,43
2018-08-23,CE,diesel_s10,24.3650,7
2018-08-23,CE,etanol,29.4350,8
2018-08-23,CE,gasolina,35.9660,8
2018-08-23,ES,diesel_s10,64.6880,19
2018-08-23,ES,etanol,57.9450,16
2018-08-23,ES,gasolina,112.9280,25
2018-08-23,GO,diesel_s10,35.0050,10
2018-08-23,GO,etanol,40.7960,16
2018-08-23,GO,gasolina,70.9220,16
2018-08-23,MA,diesel_s10,62.0320,18
2018-08-23,MA,etanol,3.4990,1
2018-08-23,MA,gasolina,85.8810,20
2018-08-23,MG,diesel_s10,152.4950,43
2018-08-23,MG,etanol,155.3840,55
2018-08-23,MG,gasolina,259.7710,55
2018-08-23,MT,diesel_s10,48.2390,13
2018-08-23,MT,etanol,49.0420,20
2018-08-23,MT,gasolina,90.6390,20
2018-08-23,PA,diesel_s10,74.2350,21
2018-08-23,PA,etanol,39.7610,11
2018-08-23,PA,gasolina,92.7660,21
2018-08-23,RJ,diesel_s10,211.3830,60
2018-08-23,RJ,etanol,241.0390,75
2018-08-23,RJ,gasolina,381.8950,78
2018-08-23,RN,diesel_s10,52.8300,15
2018-08-23,RN,etanol,57.1490,16
2018-08-23,RN,gasolina,78.7790,17
2018-08-23,RS,diesel_s10,6.4280,2
2018-08-23,RS,gasolina,8.9180,2
2018-08-23,SP,diesel_s10,975.9060,292
2018-08-23,SP,etanol,894.2520,376
2018-08-23,SP,gasolina,1553.0900,373
2018-08-27,AL,diesel_s10,3.4990,1
2018-08-27,AL,etanol,3.6490,1
2018-08-27,AL,gasolina,4.5990,1
2018-08-27,AP,diesel_s10,63.6800,15
2018-08-27,AP,gasolina,113.7000,29
2018-08-27,BA,diesel_s10,210.5040,59
2018-08-27,BA,etanol,222.1000,63
2018-08-27,BA,gasolina,324.8970,68
2018-08-27,CE,diesel_s10,57.3640,16
2018-08-27,CE,etanol,58.1260,16
2018-08-27,CE,gasolina,77.7050,17
2018-08-27,ES,diesel_s10,100.1790,30
2018-08-27,ES,etanol,74.5890,21
2018-08-27,ES,gasolina,176.2780,38
2018-08-27,GO,diesel_s10,256.8480,71
2018-08-27,GO,etanol,259.4740,92
2018-08-27,GO,gasolina,423.5810,91
2018-08-27,MA,diesel_s10,77.5470,22
2018-08-27,MA,etanol,55.3710,15
2018-08-27,MA,gasolina,108.5970,24
2018-08-27,MG,diesel_s10,725.9940,204
2018-08-27,MG,etanol,765.4740,268
2018-08-27,MG,gasolina,1279.1010,267
2018-08-27,MS,diesel_s10,79.6810,22
2018-08-27,MS,etanol,75.9480,23
2018-08-27,MS,gasolina,107.7770,24
2018-08-27,MT,diesel_s10,42.3620,11
2018-08-27,MT,etanol,36.8210,13
2018-08-27,MT,gasolina,55.7100,12
2018-08-27,PA,diesel_s10,76.7210,21
2018-08-27,PA,etanol,19.6670,5
2018-08-27,PA,gasolina,104.2800,22
2018-08-27,PB,diesel_s10,42.5350,12
2018-08-27,PB,etanol,39.3050,11
2018-08-27,PB,gasolina,59.1340,13
2018-08-27,PE,diesel_s10,147.6490,44
2018-08-27,PE,etanol,162.0730,48
2018-08-27,PE,gasolina,220.4190,51
2018-08-27,PI,diesel_s10,65.8210,19
2018-08-27,PI,etanol,41.1720,12
2018-08-27,PI,gasolina,86.6500,19
2018-08-27,PR,diesel_s10,449.2930,137
2018-08-27,PR,etanol,464.8730,175
2018-08-27,PR,gasolina,745.1620,173
2018-08-27,RJ,diesel_s10,235.3020,67
2018-08-27,RJ,etanol,273.0510,84
2018-08-27,RJ,gasolina,423.8660,87
2018-08-27,RO,diesel_s10,33.5970,9
2018-08-27,RO,etanol,15.6900,4
2018-08-27,RO,gasolina,32.7360,7
2018-08-27,RS,diesel_s10,733.2170,216
2018-08-27,RS,etanol,470.9750,122
2018-08-27,RS,gasolina,1215.6150,262
2018-08-27,SC,diesel_s10,433.0560,130
2018-08-27,SC,etanol,301.1690,90
2018-08-27,SC,gasolina,601.9670,146
2018-08-27,SE,diesel_s10,55.0890,16
2018-08-27,SE,etanol,32.3970,9
2018-08-27,SE,gasolina,70.1670,16
2018-08-27,SP,diesel_s10,717.0970,213
2018-08-27,SP,etanol,744.2510,308
2018-08-27,SP,gasolina,1284.7360,306
2018-08-27,TO,diesel_s10,35.9200,10
2018-08-27,TO,etanol,21.9950,6
2018-08-27,TO,gasolina,52.4100,11
2018-08-28,AC,diesel_s10,40.3410,9
2018-08-28,AC,gasolina,54.4130,10
2018-08-28,AL,diesel_s10,49.3770,14
2018-08-28,AL,etanol,77.0790,22
2018-08-28,AL,gasolina,111.2340,24
2018-08-28,AM,diesel_s10,44.2100,12
2018-08-28,AM,etanol,18.4100,5
2018-08-28,AM,gasolina,104.2080,22
2018-08-28,BA,diesel_s10,10.7920,3
2018-08-28,BA,etanol,10.4970,3
2018-08-28,BA,gasolina,13.6470,3
2018-08-28,CE,diesel_s10,302.1350,85
2018-08-28,CE,etanol,269.7120,73
2018-08-28,CE,gasolina,408.2760,90
2018-08-28,DF,diesel_s10,3.4470,1
2018-08-28,DF,etanol,3.0000,1
2018-08-28,DF,gasolina,4.3390,1
2018-08-28,ES,diesel_s10,3.4300,1
2018-08-28,ES,gasolina,4.6500,1
2018-08-28,GO,diesel_s10,83.1960,23
2018-08-28,GO,etanol,73.0490,26
2018-08-28,GO,gasolina,118.6140,25
2018-08-28,MA,diesel_s10,279.4240,81
2018-08-28,MA,etanol,63.3080,18
2018-08-28,MA,gasolina,360.7750,84
2018-08-28,MG,diesel_s10,305.1530,85
2018-08-28,MG,etanol,359.5990,126
2018-08-28,MG,gasolina,597.7970,125
2018-08-28,MS,diesel_s10,139.0300,39
2018-08-28,MS,etanol,125.3520,40
2018-08-28,MS,gasolina,167.3550,40
2018-08-28,MT,diesel_s10,59.5760,15
2018-08-28,MT,etanol,44.0880,16
2018-08-28,MT,gasolina,77.1680,16
2018-08-28,PA,diesel_s10,75.6240,21
2018-08-28,PA,etanol,35.5290,10
2018-08-28,PA,gasolina,101.5050,22
2018-08-28,PB,diesel_s10,36.7230,11
2018-08-28,PB,etanol,41.1050,12
2018-08-28,PB,gasolina,59.4760,13
2018-08-28,PE,diesel_s10,105.2300,31
2018-08-28,PE,etanol,112.9150,33
2018-08-28,PE,gasolina,163.0790,37
2018-08-28,PI,diesel_s10,77.2140,22
2018-08-28,PI,etanol,56.2750,17
2018-08-28,PI,gasolina,102.5310,23
2018-08-28,PR,diesel_s10,72.6880,22
2018-08-28,PR,etanol,72.5720,26
2018-08-28,PR,gasolina,102.8680,23
2018-08-28,RJ,diesel_s10,211.0210,60
2018-08-28,RJ,etanol,253.9990,78
2018-08-28,RJ,gasolina,388.6370,79
2018-08-28,RN,diesel_s10,167.4460,47
2018-08-28,RN,etanol,190.2160,53
2018-08-28,RN,gasolina,249.8360,55
2018-08-28,RO,diesel_s10,72.6370,20
2018-08-28,RO,etanol,39.4790,10
2018-08-28,RO,gasolina,103.7340,22
2018-08-28,RR,diesel_s10,31.4070,9
2018-08-28,RR,etanol,10.7900,3
2018-08-28,RR,gasolina,42.0160,10
2018-08-28,RS,diesel_s10,150.9750,44
2018-08-28,RS,etanol,97.1590,24
2018-08-28,RS,gasolina,247.9040,52
2018-08-28,SC,diesel_s10,288.5520,86
2018-08-28,SC,etanol,256.3170,76
2018-08-28,SC,gasolina,437.5030,106
2018-08-28,SP,diesel_s10,383.5560,114
2018-08-28,SP,etanol,375.5000,152
2018-08-28,SP,gasolina,645.7050,151
2018-08-28,TO,diesel_s10,52.7160,15
2018-08-28,TO,etanol,49.8650,14
2018-08-28,TO,gasolina,75.2350,16
2018-08-29,AL,diesel_s10,65.9290,18
2018-08-29,AL,etanol,73.5100,20
2018-08-29,AL,gasolina,94.4510,20
2018-08-29,AM,diesel_s10,124.4060,35
2018-08-29,AM,etanol,129.2760,37
2018-08-29,AM,gasolina,228.9690,48
2018-08-29,BA,diesel_s10,240.2030,68
2018-08-29,BA,etanol,302.4330,88
2018-08-29,BA,gasolina,429.8930,92
2018-08-29,CE,diesel_s10,374.2380,108
2018-08-29,CE,etanol,370.0920,102
2018-08-29,CE,gasolina,462.6520,106
2018-08-29,ES,diesel_s10,24.4500,7
2018-08-29,ES,etanol,14.5600,4
2018-08-29,ES,gasolina,37.0500,8
2018-08-29,GO,diesel_s10,283.2900,80
2018-08-29,GO,etanol,322.1890,116
2018-08-29,GO,gasolina,535.3920,115
2018-08-29,MA,diesel_s10,48.4090,14
2018-08-29,MA,etanol,24.8060,7
2018-08-29,MA,gasolina,60.5680,14
2018-08-29,MG,diesel_s10,255.6710,71
2018-08-29,MG,etanol,309.5590,107
2018-08-29,MG,gasolina,513.3050,106
2018-08-29,MS,diesel_s10,29.4710,8
2018-08-29,MS,etanol,29.4750,9
2018-08-29,MS,gasolina,43.7250,10
2018-08-29,MT,diesel_s10,139.0430,37
2018-08-29,MT,etanol,115.9480,46
2018-08-29,MT,gasolina,211.3200,46
2018-08-29,PA,diesel_s10,143.6170,38
2018-08-29,PA,etanol,47.3870,12
2018-08-29,PA,gasolina,204.3170,42
2018-08-29,PE,diesel_s10,155.9200,46
2018-08-29,PE,etanol,133.5560,39
2018-08-29,PE,gasolina,215.8140,48
2018-08-29,PI,diesel_s10,81.5650,23
2018-08-29,PI,etanol,54.8650,16
2018-08-29,PI,gasolina,109.3820,24
2018-08-29,PR,diesel_s10,275.4980,83
2018-08-29,PR,etanol,294.1770,107
2018-08-29,PR,gasolina,464.7760,104
2018-08-29,RJ,diesel_s10,306.8780,86
2018-08-29,RJ,etanol,368.2090,113
2018-08-29,RJ,gasolina,593.6190,120
2018-08-29,RN,diesel_s10,3.5390,1
2018-08-29,RN,etanol,3.5600,1
2018-08-29,RN,gasolina,4.4990,1
2018-08-29,RO,diesel_s10,32.3870,9
2018-08-29,RO,etanol,11.8780,3
2018-08-29,RO,gasolina,36.7680,8
2018-08-29,RR,diesel_s10,10.5690,3
2018-08-29,RR,etanol,3.6900,1
2018-08-29,RR,gasolina,12.6890,3
2018-08-29,RS,diesel_s10,90.3510,26
2018-08-29,RS,etanol,71.6150,18
2018-08-29,RS,gasolina,153.7750,32
2018-08-29,SC,diesel_s10,3.3000,1
2018-08-29,SC,gasolina,3.8900,1
2018-08-29,SP,diesel_s10,2083.0610,615
2018-08-29,SP,etanol,1975.2750,809
2018-08-29,SP,gasolina,3417.9760,800
2018-08-29,TO,diesel_s10,64.8770,19
2018-08-29,TO,etanol,54.0390,15
2018-08-29,TO,gasolina,86.1300,18
2018-08-30,AC,diesel_s10,112.8400,27
2018-08-30,AC,etanol,74.9200,19
2018-08-30,AC,gasolina,143.4000,29
2018-08-30,AL,diesel_s10,28.5840,8
2018-08-30,AL,etanol,37.8440,11
2018-08-30,AL,gasolina,54.5340,12
2018-08-30,BA,diesel_s10,447.7010,131
2018-08-30,BA,etanol,526.7260,165
2018-08-30,BA,gasolina,773.4130,173
2018-08-30,CE,diesel_s10,13.8880,4
2018-08-30,CE,etanol,14.8690,4
2018-08-30,CE,gasolina,17.3000,4
2018-08-30,DF,diesel_s10,107.4160,30
2018-08-30,DF,etanol,126.3390,41
2018-08-30,DF,gasolina,202.6770,46
2018-08-30,ES,diesel_s10,177.4540,53
2018-08-30,ES,etanol,176.0560,50
2018-08-30,ES,gasolina,310.9500,70
2018-08-30,MG,diesel_s10,234.9670,66
2018-08-30,MG,etanol,237.4550,82
2018-08-30,MG,gasolina,407.1050,84
2018-08-30,MS,diesel_s10,49.1610,14
2018-08-30,MS,etanol,45.1720,15
2018-08-30,MS,gasolina,62.1720,15
2018-08-30,MT,diesel_s10,235.6690,63
2018-08-30,MT,etanol,211.9190,85
2018-08-30,MT,gasolina,389.3120,85
2018-08-30,PA,diesel_s10,88.7240,25
2018-08-30,PA,etanol,36.5500,10
2018-08-30,PA,gasolina,126.2480,28
2018-08-30,PB,diesel_s10,104.2340,31
2018-08-30,PB,etanol,115.5420,35
2018-08-30,PB,gasolina,154.8970,37
2018-08-30,PE,diesel_s10,131.5400,40
2018-08-30,PE,etanol,154.0750,48
2018-08-30,PE,gasolina,220.1180,53
2018-08-30,PR,diesel_s10,151.2110,47
2018-08-30,PR,etanol,160.4410,62
2018-08-30,PR,gasolina,267.3080,63
2018-08-30,RJ,diesel_s10,344.8280,96
2018-08-30,RJ,etanol,440.0840,137
2018-08-30,RJ,gasolina,665.5730,137
2018-08-30,RN,diesel_s10,24.5590,7
2018-08-30,RN,etanol,24.7180,7
2018-08-30,RN,gasolina,26.7490,6
2018-08-30,RO,diesel_s10,98.0310,27
2018-08-30,RO,etanol,70.0130,19
2018-08-30,RO,gasolina,154.3810,34
2018-08-30,RS,diesel_s10,52.2130,15
2018-08-30,RS,etanol,52.8440,14
2018-08-30,RS,gasolina,82.2620,17
2018-08-30,SE,diesel_s10,68.1020,19
2018-08-30,SE,etanol,71.1560,20
2018-08-30,SE,gasolina,96.6200,21
2018-08-30,SP,diesel_s10,1039.1870,306
2018-08-30,SP,etanol,954.6200,393
2018-08-30,SP,gasolina,1640.0540,382
2018-09-03,AL,diesel_s10,3.4990,1
2018-09-03,AL,etanol,3.6490,1
2018-09-03,AL,gasolina,4.5990,1
2018-09-03,AM,diesel_s10,3.7300,1
2018-09-03,AM,gasolina,23.8300,5
2018-09-03,AP,diesel_s10,8.5900,2
2018-09-03,AP,gasolina,20.7890,5
2018-09-03,BA,diesel_s10,300.6870,82
2018-09-03,BA,etanol,298.0300,87
2018-09-03,BA,gasolina,441.5190,93
2018-09-03,CE,diesel_s10,96.5060,27
2018-09-03,CE,etanol,95.2030,26
2018-09-03,CE,gasolina,127.8210,28
2018-09-03,ES,diesel_s10,103.1690,30
2018-09-03,ES,etanol,68.5090,19
2018-09-03,ES,gasolina,173.3980,37
2018-09-03,GO,diesel_s10,269.4510,72
2018-09-03,GO,etanol,265.8170,93
2018-09-03,GO,gasolina,433.1560,92
2018-09-03,MA,diesel_s10,84.7270,23
2018-09-03,MA,etanol,54.9910,15
2018-09-03,MA,gasolina,114.4160,25
2018-09-03,MG,diesel_s10,775.4610,214
2018-09-03,MG,etanol,815.9160,281
2018-09-03,MG,gasolina,1350.8130,280
2018-09-03,MS,diesel_s10,82.1500,22
2018-09-03,MS,etanol,76.3380,23
2018-09-03,MS,gasolina,108.8580,24
2018-09-03,MT,diesel_s10,46.1400,12
2018-09-03,MT,etanol,36.7310,13
2018-09-03,MT,gasolina,55.7100,12
2018-09-03,PA,diesel_s10,85.0790,23
2018-09-03,PA,etanol,15.9780,4
2018-09-03,PA,gasolina,114.2110,24
2018-09-03,PB,diesel_s10,47.0940,13
2018-09-03,PB,etanol,42.5050,12
2018-09-03,PB,gasolina,63.9340,14
2018-09-03,PE,diesel_s10,154.3380,45
2018-09-03,PE,etanol,165.2150,49
2018-09-03,PE,gasolina,223.0970,51
2018-09-03,PI,diesel_s10,100.3720,27
2018-09-03,PI,etanol,74.7430,22
2018-09-03,PI,gasolina,134.7010,29
2018-09-03,PR,diesel_s10,663.5030,197
2018-09-03,PR,etanol,679.2170,254
2018-09-03,PR,gasolina,1086.4870,250
2018-09-03,RJ,diesel_s10,295.2460,83
2018-09-03,RJ,etanol,346.1340,107
2018-09-03,RJ,gasolina,527.0090,108
2018-09-03,RN,diesel_s10,18.1780,5
2018-09-03,RN,etanol,18.0700,5
2018-09-03,RN,gasolina,18.7790,4
2018-09-03,RO,diesel_s10,100.8840,27
2018-09-03,RO,etanol,51.8770,14
2018-09-03,RO,gasolina,138.1220,30
2018-09-03,RS,diesel_s10,672.9320,193
2018-09-03,RS,etanol,432.4530,112
2018-09-03,RS,gasolina,1095.3280,234
2018-09-03,SC,diesel_s10,437.9820,128
2018-09-03,SC,etanol,304.8280,91
2018-09-03,SC,gasolina,601.0640,144
2018-09-03,SE,diesel_s10,57.3870,16
2018-09-03,SE,etanol,28.2160,8
2018-09-03,SE,gasolina,71.5060,16
2018-09-03,SP,diesel_s10,731.8980,212
2018-09-03,SP,etanol,751.4480,303
2018-09-03,SP,gasolina,1283.7180,301
2018-09-03,TO,diesel_s10,49.7210,14
2018-09-03,TO,etanol,36.5360,10
2018-09-03,TO,gasolina,70.0980,15
2018-09-04,AC,diesel_s10,40.3410,9
2018-09-04,AC,gasolina,54.4130,10
2018-09-04,AL,diesel_s10,55.7760,15
2018-09-04,AL,etanol,76.0050,22
2018-09-04,AL,gasolina,123.7690,26
2018-09-04,AM,diesel_s10,37.2500,10
2018-09-04,AM,etanol,14.6200,4
2018-09-04,AM,gasolina,75.8200,16
2018-09-04,AP,diesel_s10,61.9290,14
2018-09-04,AP,etanol,3.7900,1
2018-09-04,AP,gasolina,95.7390,23
2018-09-04,BA,diesel_s10,10.9270,3
2018-09-04,BA,etanol,10.6880,3
2018-09-04,BA,gasolina,14.2070,3
2018-09-04,CE,diesel_s10,654.0850,176
2018-09-04,CE,etanol,593.8960,164
2018-09-04,CE,gasolina,835.9000,183
2018-09-04,ES,diesel_s10,7.1300,2
2018-09-04,ES,gasolina,9.4400,2
2018-09-04,GO,diesel_s10,114.1600,31
2018-09-04,GO,etanol,110.8870,40
2018-09-04,GO,gasolina,183.6510,39
2018-09-04,MA,diesel_s10,124.2980,35
2018-09-04,MA,etanol,38.7840,11
2018-09-04,MA,gasolina,167.8890,38
2018-09-04,MG,diesel_s10,216.6160,59
2018-09-04,MG,etanol,212.3460,73
2018-09-04,MG,gasolina,354.6360,73
2018-09-04,MS,diesel_s10,44.6850,12
2018-09-04,MS,etanol,40.3270,12
2018-09-04,MS,gasolina,53.8310,12
2018-09-04,MT,diesel_s10,65.8460,16
2018-09-04,MT,etanol,45.0680,16
2018-09-04,MT,gasolina,77.8480,16
2018-09-04,PA,diesel_s10,73.8150,20
2018-09-04,PA,etanol,35.7290,10
2018-09-04,PA,gasolina,102.4880,22
2018-09-04,PB,diesel_s10,36.7230,11
2018-09-04,PB,etanol,41.1050,12
2018-09-04,PB,gasolina,59.4760,13
2018-09-04,PE,diesel_s10,107.2700,31
2018-09-04,PE,etanol,113.2350,33
2018-09-04,PE,gasolina,163.9520,37
2018-09-04,PI,diesel_s10,67.9100,18
2018-09-04,PI,etanol,40.4920,12
2018-09-04,PI,gasolina,83.2990,18
2018-09-04,PR,diesel_s10,122.6980,35
2018-09-04,PR,etanol,112.0630,40
2018-09-04,PR,gasolina,170.8780,38
2018-09-04,RJ,diesel_s10,143.2040,40
2018-09-04,RJ,etanol,161.9420,48
2018-09-04,RJ,gasolina,235.2160,47
2018-09-04,RN,diesel_s10,78.1380,22
2018-09-04,RN,etanol,86.1720,24
2018-09-04,RN,gasolina,118.7170,26
2018-09-04,RO,diesel_s10,93.0600,25
2018-09-04,RO,etanol,53.9560,14
2018-09-04,RO,gasolina,127.3540,27
2018-09-04,RR,diesel_s10,41.7300,11
2018-09-04,RR,etanol,7.5600,2
2018-09-04,RR,gasolina,48.1200,11
2018-09-04,RS,diesel_s10,243.1690,68
2018-09-04,RS,etanol,140.6760,35
2018-09-04,RS,gasolina,374.2920,78
2018-09-04,SC,diesel_s10,269.8400,79
2018-09-04,SC,etanol,231.3750,69
2018-09-04,SC,gasolina,439.0580,105
2018-09-04,SE,diesel_s10,11.5090,3
2018-09-04,SE,etanol,10.7390,3
2018-09-04,SE,gasolina,13.9690,3
2018-09-04,SP,diesel_s10,392.9720,114
2018-09-04,SP,etanol,367.4310,147
2018-09-04,SP,gasolina,625.7530,146
2018-09-04,TO,diesel_s10,36.9080,10
2018-09-04,TO,etanol,28.6180,8
2018-09-04,TO,gasolina,48.5670,10
2018-09-05,AL,diesel_s10,63.3770,17
2018-09-05,AL,etanol,66.0710,18
2018-09-05,AL,gasolina,85.2920,18
2018-09-05,AM,diesel_s10,117.0000,31
2018-09-05,AM,etanol,116.7290,33
2018-09-05,AM,gasolina,238.2200,50
2018-09-05,AP,diesel_s10,4.3500,1
2018-09-05,AP,gasolina,4.1900,1
2018-09-05,BA,diesel_s10,430.8850,118
2018-09-05,BA,etanol,566.9570,172
2018-09-05,BA,gasolina,805.7050,175
2018-09-05,CE,diesel_s10,36.3260,10
2018-09-05,CE,etanol,14.7590,4
2018-09-05,CE,gasolina,37.0760,8
2018-09-05,ES,diesel_s10,25.2200,7
2018-09-05,ES,etanol,14.6600,4
2018-09-05,ES,gasolina,37.9500,8
2018-09-05,GO,diesel_s10,248.3760,68
2018-09-05,GO,etanol,286.6220,101
2018-09-05,GO,gasolina,471.4360,100
2018-09-05,MA,diesel_s10,110.8020,32
2018-09-05,MA,etanol,38.9020,11
2018-09-05,MA,gasolina,141.6400,33
2018-09-05,MG,diesel_s10,452.0710,120
2018-09-05,MG,etanol,503.9880,171
2018-09-05,MG,gasolina,833.0010,170
2018-09-05,MS,diesel_s10,29.8010,8
2018-09-05,MS,etanol,29.5750,9
2018-09-05,MS,gasolina,43.5250,10
2018-09-05,MT,diesel_s10,85.0710,22
2018-09-05,MT,etanol,62.7000,24
2018-09-05,MT,gasolina,112.7120,24
2018-09-05,PA,diesel_s10,213.4160,56
2018-09-05,PA,etanol,91.5270,24
2018-09-05,PA,gasolina,290.6730,61
2018-09-05,PB,diesel_s10,74.7820,22
2018-09-05,PB,etanol,74.4830,23
2018-09-05,PB,gasolina,102.4040,24
2018-09-05,PE,diesel_s10,263.3010,75
2018-09-05,PE,etanol,238.6540,71
2018-09-05,PE,gasolina,348.6310,79
2018-09-05,PI,diesel_s10,67.7370,18
2018-09-05,PI,etanol,45.1870,13
2018-09-05,PI,gasolina,88.8440,19
2018-09-05,PR,diesel_s10,191.8930,56
2018-09-05,PR,etanol,210.4310,74
2018-09-05,PR,gasolina,326.9610,72
2018-09-05,RJ,diesel_s10,381.3920,104
2018-09-05,RJ,etanol,476.9720,144
2018-09-05,RJ,gasolina,765.7360,153
2018-09-05,RN,diesel_s10,78.1360,21
2018-09-05,RN,etanol,85.5320,24
2018-09-05,RN,gasolina,113.4670,24
2018-09-05,RO,diesel_s10,29.0880,8
2018-09-05,RO,etanol,15.4280,4
2018-09-05,RO,gasolina,32.0190,7
2018-09-05,RR,diesel_s10,7.9100,2
2018-09-05,RR,gasolina,8.8000,2
2018-09-05,RS,diesel_s10,127.6890,35
2018-09-05,RS,etanol,109.4830,28
2018-09-05,RS,gasolina,214.6220,44
2018-09-05,SC,diesel_s10,10.5980,3
2018-09-05,SC,etanol,6.9980,2
2018-09-05,SC,gasolina,12.3880,3
2018-09-05,SE,diesel_s10,62.0780,16
2018-09-05,SE,etanol,49.8820,14
2018-09-05,SE,gasolina,85.0380,18
2018-09-05,SP,diesel_s10,2426.3610,691
2018-09-05,SP,etanol,2271.8570,910
2018-09-05,SP,gasolina,3905.7700,901
2018-09-05,TO,diesel_s10,38.5840,11
2018-09-05,TO,etanol,29.5550,8
2018-09-05,TO,gasolina,48.4960,10
2018-09-06,AC,diesel_s10,124.4000,29
2018-09-06,AC,etanol,67.9100,17
2018-09-06,AC,gasolina,145.2990,29
2018-09-06,AL,diesel_s10,28.5840,8
2018-09-06,AL,etanol,37.8440,11
2018-09-06,AL,gasolina,54.5340,12
2018-09-06,BA,diesel_s10,201.1200,56
2018-09-06,BA,etanol,206.7360,62
2018-09-06,BA,gasolina,300.4380,65
2018-09-06,DF,diesel_s10,119.7170,31
2018-09-06,DF,etanol,134.8080,42
2018-09-06,DF,gasolina,221.7740,47
2018-09-06,ES,diesel_s10,176.2160,50
2018-09-06,ES,etanol,169.8760,48
2018-09-06,ES,gasolina,318.7060,70
2018-09-06,MA,diesel_s10,86.3660,25
2018-09-06,MA,etanol,6.9800,2
2018-09-06,MA,gasolina,110.4560,26
2018-09-06,MG,diesel_s10,137.1590,36
2018-09-06,MG,etanol,161.6170,56
2018-09-06,MG,gasolina,275.9980,57
2018-09-06,MS,diesel_s10,146.7900,39
2018-09-06,MS,etanol,127.7320,41
2018-09-06,MS,gasolina,181.3280,43
2018-09-06,MT,diesel_s10,268.5630,71
2018-09-06,MT,etanol,262.8900,106
2018-09-06,MT,gasolina,484.7730,106
2018-09-06,PA,diesel_s10,14.5400,4
2018-09-06,PA,gasolina,32.9080,7
2018-09-06,PB,diesel_s10,33.8540,10
2018-09-06,PB,etanol,36.9060,11
2018-09-06,PB,gasolina,51.0240,12
2018-09-06,PE,diesel_s10,67.7150,20
2018-09-06,PE,etanol,56.0990,17
2018-09-06,PE,gasolina,90.3870,21
2018-09-06,PR,diesel_s10,3.3900,1
2018-09-06,PR,etanol,10.2300,4
2018-09-06,PR,gasolina,17.5600,4
2018-09-06,RJ,diesel_s10,294.4270,80
2018-09-06,RJ,etanol,363.2500,111
2018-09-06,RJ,gasolina,546.5350,111
2018-09-06,RN,diesel_s10,24.7590,7
2018-09-06,RN,etanol,24.7180,7
2018-09-06,RN,gasolina,26.8590,6
2018-09-06,RO,diesel_s10,18.3680,5
2018-09-06,RO,etanol,16.1690,4
2018-09-06,RO,gasolina,24.0390,5
2018-09-06,RS,diesel_s10,21.6270,6
2018-09-06,RS,etanol,26.7610,7
2018-09-06,RS,gasolina,34.3700,7
2018-09-06,SP,diesel_s10,856.7520,242
2018-09-06,SP,etanol,758.5020,302
2018-09-06,SP,gasolina,1270.6570,292
2018-09-06,TO,diesel_s10,28.3670,8
2018-09-06,TO,etanol,27.8970,8
2018-09-06,TO,gasolina,48.8580,10
2018-09-10,AL,diesel_s10,3.8600,1
2018-09-10,AL,etanol,3.2980,1
2018-09-10,AL,gasolina,4.7540,1
2018-09-10,AM,diesel_s10,15.8600,4
2018-09-10,AM,etanol,7.0400,2
2018-09-10,AM,gasolina,42.6700,9
2018-09-10,AP,diesel_s10,79.4640,18
2018-09-10,AP,etanol,3.7900,1
2018-09-10,AP,gasolina,121.8380,29
2018-09-10,BA,diesel_s10,77.2420,20
2018-09-10,BA,etanol,71.3730,20
2018-09-10,BA,gasolina,113.4240,23
2018-09-10,CE,diesel_s10,27.3690,7
2018-09-10,CE,etanol,18.6480,5
2018-09-10,CE,gasolina,39.4890,8
2018-09-10,GO,diesel_s10,180.9080,47
2018-09-10,GO,etanol,176.9050,60
2018-09-10,GO,gasolina,282.4020,58
2018-09-10,MA,diesel_s10,30.5480,8
2018-09-10,MA,etanol,11.5990,3
2018-09-10,MA,gasolina,37.5760,8
2018-09-10,MG,diesel_s10,297.3040,78
2018-09-10,MG,etanol,322.4400,106
2018-09-10,MG,gasolina,528.1560,106
2018-09-10,MS,diesel_s10,65.6350,17
2018-09-10,MS,etanol,56.8310,17
2018-09-10,MS,gasolina,82.0600,18
2018-09-10,MT,diesel_s10,39.4770,10
2018-09-10,MT,etanol,29.5000,11
2018-09-10,MT,gasolina,51.7170,11
2018-09-10,PA,diesel_s10,132.4320,34
2018-09-10,PA,etanol,40.4260,11
2018-09-10,PA,gasolina,187.7080,39
2018-09-10,PE,diesel_s10,24.7080,7
2018-09-10,PE,etanol,22.6880,7
2018-09-10,PE,gasolina,34.7180,8
2018-09-10,PI,diesel_s10,30.5320,8
2018-09-10,PI,etanol,27.1920,8
2018-09-10,PI,gasolina,41.3710,9
2018-09-10,PR,diesel_s10,185.2090,52
2018-09-10,PR,etanol,188.2810,66
2018-09-10,PR,gasolina,290.9040,64
2018-09-10,RJ,diesel_s10,107.1440,29
2018-09-10,RJ,etanol,123.3780,38
2018-09-10,RJ,gasolina,199.7560,40
2018-09-10,RO,diesel_s10,50.6390,13
2018-09-10,RO,etanol,33.0750,8
2018-09-10,RO,gasolina,67.4240,14
2018-09-10,RS,diesel_s10,545.9830,149
2018-09-10,RS,etanol,360.7730,93
2018-09-10,RS,gasolina,851.6470,178
2018-09-10,SC,diesel_s10,420.0790,116
2018-09-10,SC,etanol,295.7900,86
2018-09-10,SC,gasolina,591.6490,137
2018-09-10,SE,diesel_s10,18.4100,5
2018-09-10,SE,etanol,6.9000,2
2018-09-10,SE,gasolina,22.0900,5
2018-09-10,SP,diesel_s10,745.6200,206
2018-09-10,SP,etanol,720.9220,275
2018-09-10,SP,gasolina,1200.8880,274
2018-09-10,TO,diesel_s10,14.6080,4
2018-09-10,TO,etanol,14.6980,4
2018-09-10,TO,gasolina,19.5580,4
2018-09-11,AC,diesel_s10,42.3880,9
2018-09-11,AC,gasolina,56.7060,10
2018-09-11,AM,diesel_s10,32.4700,8
2018-09-11,AM,etanol,11.9300,3
2018-09-11,AM,gasolina,59.5000,12
2018-09-11,BA,diesel_s10,80.6750,21
2018-09-11,BA,etanol,100.4780,27
2018-09-11,BA,gasolina,141.0910,28
2018-09-11,CE,diesel_s10,198.9100,52
2018-09-11,CE,etanol,181.1290,49
2018-09-11,CE,gasolina,265.7940,56
2018-09-11,ES,diesel_s10,82.8890,23
2018-09-11,ES,etanol,43.6890,12
2018-09-11,ES,gasolina,130.1790,27
2018-09-11,GO,diesel_s10,305.1870,81
2018-09-11,GO,etanol,298.6250,103
2018-09-11,GO,gasolina,497.3110,103
2018-09-11,MA,diesel_s10,33.7790,9
2018-09-11,MA,etanol,10.6490,3
2018-09-11,MA,gasolina,55.5980,12
2018-09-11,MG,diesel_s10,368.3220,96
2018-09-11,MG,etanol,380.4780,127
2018-09-11,MG,gasolina,631.8510,127
2018-09-11,MS,diesel_s10,96.6830,25
2018-09-11,MS,etanol,87.6970,26
2018-09-11,MS,gasolina,128.2020,28
2018-09-11,MT,diesel_s10,39.6800,9
2018-09-11,MT,etanol,30.6900,10
2018-09-11,MT,gasolina,51.0300,10
2018-09-11,PA,diesel_s10,11.9400,3
2018-09-11,PA,etanol,4.6500,1
2018-09-11,PA,gasolina,20.3600,4
2018-09-11,PB,diesel_s10,19.2900,5
2018-09-11,PB,etanol,20.1700,6
2018-09-11,PB,gasolina,27.9800,6
2018-09-11,PE,diesel_s10,179.7170,49
2018-09-11,PE,etanol,164.5610,50
2018-09-11,PE,gasolina,237.7060,54
2018-09-11,PI,diesel_s10,83.8390,22
2018-09-11,PI,etanol,59.8470,17
2018-09-11,PI,gasolina,107.2380,23
2018-09-11,PR,diesel_s10,294.6170,83
2018-09-11,PR,etanol,321.5910,113
2018-09-11,PR,gasolina,497.2210,110
2018-09-11,RJ,diesel_s10,148.7330,39
2018-09-11,RJ,etanol,160.8780,47
2018-09-11,RJ,gasolina,244.9170,48
2018-09-11,RN,diesel_s10,64.5780,17
2018-09-11,RN,etanol,68.2780,19
2018-09-11,RN,gasolina,93.6230,20
2018-09-11,RO,diesel_s10,36.0870,9
2018-09-11,RO,etanol,15.7400,4
2018-09-11,RO,gasolina,33.3570,7
2018-09-11,RR,diesel_s10,37.9700,10
2018-09-11,RR,etanol,7.4500,2
2018-09-11,RR,gasolina,43.7800,10
2018-09-11,RS,diesel_s10,43.5240,12
2018-09-11,RS,etanol,31.9630,8
2018-09-11,RS,gasolina,73.3840,15
2018-09-11,SC,diesel_s10,177.4190,50
2018-09-11,SC,etanol,141.3750,42
2018-09-11,SC,gasolina,247.3580,58
2018-09-11,SP,diesel_s10,652.6730,179
2018-09-11,SP,etanol,585.2880,221
2018-09-11,SP,gasolina,976.2560,219
2018-09-11,TO,diesel_s10,25.5860,7
2018-09-11,TO,etanol,22.1470,6
2018-09-11,TO,gasolina,34.6670,7
2018-09-12,AL,diesel_s10,158.0990,41
2018-09-12,AL,etanol,181.4660,51
2018-09-12,AL,gasolina,263.6710,55
2018-09-12,AM,diesel_s10,13.0500,3
2018-09-12,AM,gasolina,36.6500,7
2018-09-12,BA,diesel_s10,726.3410,194
2018-09-12,BA,etanol,875.1620,253
2018-09-12,BA,gasolina,1192.9720,250
2018-09-12,CE,diesel_s10,212.1340,56
2018-09-12,CE,etanol,185.3530,51
2018-09-12,CE,gasolina,253.3220,54
2018-09-12,DF,diesel_s10,3.9990,1
2018-09-12,DF,etanol,6.3980,2
2018-09-12,DF,gasolina,9.3980,2
2018-09-12,ES,diesel_s10,37.2600,10
2018-09-12,ES,etanol,25.0200,7
2018-09-12,ES,gasolina,62.6600,13
2018-09-12,GO,diesel_s10,163.7210,42
2018-09-12,GO,etanol,179.2840,61
2018-09-12,GO,gasolina,299.6650,61
2018-09-12,MA,diesel_s10,291.1880,82
2018-09-12,MA,etanol,97.7410,27
2018-09-12,MA,gasolina,380.6580,87
2018-09-12,MG,diesel_s10,611.8940,160
2018-09-12,MG,etanol,621.7440,202
2018-09-12,MG,gasolina,993.0560,199
2018-09-12,MT,diesel_s10,319.7100,81
2018-09-12,MT,etanol,274.5120,104
2018-09-12,MT,gasolina,480.7350,103
2018-09-12,PA,diesel_s10,152.0180,39
2018-09-12,PA,etanol,65.0490,17
2018-09-12,PA,gasolina,190.1340,40
2018-09-12,PB,diesel_s10,69.7960,19
2018-09-12,PB,etanol,61.3370,18
2018-09-12,PB,gasolina,94.8830,21
2018-09-12,PE,diesel_s10,182.4290,49
2018-09-12,PE,etanol,172.3950,51
2018-09-12,PE,gasolina,267.1120,58
2018-09-12,PI,diesel_s10,99.5610,26
2018-09-12,PI,etanol,61.6940,18
2018-09-12,PI,gasolina,116.4210,25
2018-09-12,PR,diesel_s10,366.4970,101
2018-09-12,PR,etanol,357.1440,121
2018-09-12,PR,gasolina,541.2190,116
2018-09-12,RJ,diesel_s10,354.0320,94
2018-09-12,RJ,etanol,420.0330,122
2018-09-12,RJ,gasolina,637.7910,126
2018-09-12,RN,diesel_s10,95.1780,25
2018-09-12,RN,etanol,93.8740,26
2018-09-12,RN,gasolina,126.7030,27
2018-09-12,RO,diesel_s10,90.3370,23
2018-09-12,RO,etanol,39.3980,10
2018-09-12,RO,gasolina,106.4870,22
2018-09-12,RR,diesel_s10,11.5400,3
2018-09-12,RR,etanol,3.7100,1
2018-09-12,RR,gasolina,13.1400,3
2018-09-12,RS,diesel_s10,384.3100,102
2018-09-12,RS,etanol,245.3010,61
2018-09-12,RS,gasolina,582.7840,118
2018-09-12,SC,diesel_s10,122.2990,34
2018-09-12,SC,etanol,74.8960,22
2018-09-12,SC,gasolina,161.0690,37
2018-09-12,SE,diesel_s10,114.2790,30
2018-09-12,SE,etanol,90.4220,26
2018-09-12,SE,gasolina,151.8900,32
2018-09-12,SP,diesel_s10,1722.9580,472
2018-09-12,SP,etanol,1618.3800,614
2018-09-12,SP,gasolina,2675.8800,599
2018-09-12,TO,diesel_s10,96.7660,25
2018-09-12,TO,etanol,73.6870,20
2018-09-12,TO,gasolina,144.4080,29
2018-09-13,AC,diesel_s10,117.9000,27
2018-09-13,AC,etanol,75.4500,19
2018-09-13,AC,gasolina,146.0300,29
2018-09-13,AM,diesel_s10,137.4950,36
2018-09-13,AM,etanol,117.1530,33
2018-09-13,AM,gasolina,201.8290,43
2018-09-13,BA,diesel_s10,96.2170,24
2018-09-13,BA,etanol,90.8390,25
2018-09-13,BA,gasolina,146.2020,29
2018-09-13,CE,diesel_s10,373.6810,99
2018-09-13,CE,etanol,352.6850,98
2018-09-13,CE,gasolina,460.7060,99
2018-09-13,DF,diesel_s10,113.1530,29
2018-09-13,DF,etanol,127.2100,39
2018-09-13,DF,gasolina,213.9600,45
2018-09-13,ES,diesel_s10,208.4080,57
2018-09-13,ES,etanol,166.2880,47
2018-09-13,ES,gasolina,358.5480,77
2018-09-13,GO,diesel_s10,26.6770,7
2018-09-13,GO,etanol,28.8480,10
2018-09-13,GO,gasolina,42.8510,9
2018-09-13,MA,diesel_s10,44.6120,12
2018-09-13,MA,etanol,21.4080,6
2018-09-13,MA,gasolina,58.3430,13
2018-09-13,MG,diesel_s10,406.0810,107
2018-09-13,MG,etanol,446.2780,151
2018-09-13,MG,gasolina,731.0910,149
2018-09-13,MS,diesel_s10,151.3180,40
2018-09-13,MS,etanol,135.7730,43
2018-09-13,MS,gasolina,183.4760,43
2018-09-13,MT,diesel_s10,126.3390,31
2018-09-13,MT,etanol,101.0760,34
2018-09-13,MT,gasolina,164.7840,34
2018-09-13,PA,diesel_s10,101.9460,26
2018-09-13,PA,etanol,42.2090,11
2018-09-13,PA,gasolina,151.0520,31
2018-09-13,PB,diesel_s10,124.0970,35
2018-09-13,PB,etanol,105.5910,32
2018-09-13,PB,gasolina,161.9300,36
2018-09-13,PE,diesel_s10,241.5330,66
2018-09-13,PE,etanol,193.7080,57
2018-09-13,PE,gasolina,316.4230,70
2018-09-13,PI,diesel_s10,26.5400,7
2018-09-13,PI,etanol,15.0200,4
2018-09-13,PI,gasolina,39.5080,8
2018-09-13,PR,diesel_s10,207.0460,59
2018-09-13,PR,etanol,211.4670,75
2018-09-13,PR,gasolina,328.6480,75
2018-09-13,RJ,diesel_s10,553.1200,148
2018-09-13,RJ,etanol,674.6720,203
2018-09-13,RJ,gasolina,1019.8540,204
2018-09-13,RN,diesel_s10,53.1890,14
2018-09-13,RN,etanol,53.6580,15
2018-09-13,RN,gasolina,75.4270,16
2018-09-13,RO,diesel_s10,84.1240,22
2018-09-13,RO,etanol,54.9600,15
2018-09-13,RO,gasolina,130.3250,28
2018-09-13,RS,diesel_s10,155.7710,43
2018-09-13,RS,etanol,54.4530,14
2018-09-13,RS,gasolina,245.1850,52
2018-09-13,SC,diesel_s10,50.8540,14
2018-09-13,SC,etanol,54.1230,16
2018-09-13,SC,gasolina,85.0050,20
2018-09-13,SP,diesel_s10,1580.9250,435
2018-09-13,SP,etanol,1449.6150,552
2018-09-13,SP,gasolina,2429.0180,549
2018-09-13,TO,diesel_s10,21.7700,6
2018-09-13,TO,etanol,21.7300,6
2018-09-13,TO,gasolina,27.9100,6
2018-09-17,AL,diesel_s10,64.1870,17
2018-09-17,AL,etanol,76.2830,22
2018-09-17,AL,gasolina,109.3720,23
2018-09-17,AM,diesel_s10,15.9200,4
2018-09-17,AM,etanol,7.0400,2
2018-09-17,AM,gasolina,42.9600,9
2018-09-17,AP,diesel_s10,4.3500,1
2018-09-17,AP,gasolina,16.7600,4
2018-09-17,BA,diesel_s10,128.5040,34
2018-09-17,BA,etanol,146.0720,41
2018-09-17,BA,gasolina,220.8530,45
2018-09-17,CE,diesel_s10,106.8780,28
2018-09-17,CE,etanol,86.8670,24
2018-09-17,CE,gasolina,137.6440,29
2018-09-17,DF,diesel_s10,117.2210,30
2018-09-17,DF,etanol,131.1210,40
2018-09-17,DF,gasolina,218.9050,46
2018-09-17,GO,diesel_s10,166.2170,43
2018-09-17,GO,etanol,160.4160,54
2018-09-17,GO,gasolina,254.1950,52
2018-09-17,MA,diesel_s10,33.9970,9
2018-09-17,MA,etanol,11.5990,3
2018-09-17,MA,gasolina,42.1630,9
2018-09-17,MG,diesel_s10,279.0290,73
2018-09-17,MG,etanol,295.3710,96
2018-09-17,MG,gasolina,480.2280,96
2018-09-17,MS,diesel_s10,65.5640,17
2018-09-17,MS,etanol,57.1220,17
2018-09-17,MS,gasolina,82.1980,18
2018-09-17,MT,diesel_s10,39.7370,10
2018-09-17,MT,etanol,30.8530,11
2018-09-17,MT,gasolina,52.2260,11
2018-09-17,PA,diesel_s10,133.1650,34
2018-09-17,PA,etanol,40.7940,11
2018-09-17,PA,gasolina,183.9590,38
2018-09-17,PE,diesel_s10,24.6790,7
2018-09-17,PE,etanol,22.5790,7
2018-09-17,PE,gasolina,34.6180,8
2018-09-17,PI,diesel_s10,37.9820,10
2018-09-17,PI,etanol,30.4330,9
2018-09-17,PI,gasolina,51.9510,11
2018-09-17,PR,diesel_s10,262.7350,73
2018-09-17,PR,etanol,260.8650,91
2018-09-17,PR,gasolina,398.4200,87
2018-09-17,RJ,diesel_s10,152.4700,41
2018-09-17,RJ,etanol,161.5250,49
2018-09-17,RJ,gasolina,266.5320,53
2018-09-17,RO,diesel_s10,50.6390,13
2018-09-17,RO,etanol,33.2850,8
2018-09-17,RO,gasolina,67.5440,14
2018-09-17,RS,diesel_s10,428.9690,117
2018-09-17,RS,etanol,289.8320,74
2018-09-17,RS,gasolina,682.1210,141
2018-09-17,SC,diesel_s10,358.2540,99
2018-09-17,SC,etanol,227.0160,66
2018-09-17,SC,gasolina,478.3120,110
2018-09-17,SE,diesel_s10,18.4500,5
2018-09-17,SE,etanol,10.4000,3
2018-09-17,SE,gasolina,22.7400,5
2018-09-17,SP,diesel_s10,818.0980,226
2018-09-17,SP,etanol,769.7320,290
2018-09-17,SP,gasolina,1274.2440,289
2018-09-17,TO,diesel_s10,47.9840,13
2018-09-17,TO,etanol,43.7650,12
2018-09-17,TO,gasolina,64.1630,13
2018-09-18,AC,diesel_s10,42.6980,9
2018-09-18,AC,gasolina,56.6970,10
2018-09-18,AL,diesel_s10,3.8990,1
2018-09-18,AL,etanol,3.3990,1
2018-09-18,AL,gasolina,4.7500,1
2018-09-18,AM,diesel_s10,32.4700,8
2018-09-18,AM,etanol,11.9300,3
2018-09-18,AM,gasolina,59.5700,12
2018-09-18,AP,diesel_s10,75.0790,17
2018-09-18,AP,etanol,3.8900,1
2018-09-18,AP,gasolina,101.9490,24
2018-09-18,BA,diesel_s10,252.3970,67
2018-09-18,BA,etanol,340.8410,93
2018-09-18,BA,gasolina,461.2610,94
2018-09-18,CE,diesel_s10,339.0270,89
2018-09-18,CE,etanol,319.6830,87
2018-09-18,CE,gasolina,434.0140,92
2018-09-18,DF,diesel_s10,3.7990,1
2018-09-18,DF,etanol,3.1990,1
2018-09-18,DF,gasolina,4.6990,1
2018-09-18,ES,diesel_s10,82.9390,23
2018-09-18,ES,etanol,43.8890,12
2018-09-18,ES,gasolina,130.2190,27
2018-09-18,GO,diesel_s10,126.8740,33
2018-09-18,GO,etanol,125.6700,43
2018-09-18,GO,gasolina,206.8730,43
2018-09-18,MA,diesel_s10,178.4870,51
2018-09-18,MA,etanol,24.6450,7
2018-09-18,MA,gasolina,244.0620,56
2018-09-18,MG,diesel_s10,445.0130,116
2018-09-18,MG,etanol,518.9200,172
2018-09-18,MG,gasolina,852.8330,172
2018-09-18,MS,diesel_s10,251.2670,66
2018-09-18,MS,etanol,226.1420,69
2018-09-18,MS,gasolina,314.6720,71
2018-09-18,MT,diesel_s10,39.8400,9
2018-09-18,MT,etanol,30.6900,10
2018-09-18,MT,gasolina,51.0300,10
2018-09-18,PA,diesel_s10,11.9400,3
2018-09-18,PA,etanol,4.6500,1
2018-09-18,PA,gasolina,20.3600,4
2018-09-18,PB,diesel_s10,30.0470,8
2018-09-18,PB,etanol,29.7670,9
2018-09-18,PB,gasolina,41.4570,9
2018-09-18,PE,diesel_s10,142.6310,39
2018-09-18,PE,etanol,131.1510,40
2018-09-18,PE,gasolina,194.6890,44
2018-09-18,PI,diesel_s10,95.3740,25
2018-09-18,PI,etanol,62.4550,18
2018-09-18,PI,gasolina,123.1140,26
2018-09-18,PR,diesel_s10,449.8050,127
2018-09-18,PR,etanol,489.1820,170
2018-09-18,PR,gasolina,753.1420,167
2018-09-18,RJ,diesel_s10,208.1890,55
2018-09-18,RJ,etanol,237.8560,70
2018-09-18,RJ,gasolina,360.0860,71
2018-09-18,RN,diesel_s10,7.6400,2
2018-09-18,RN,etanol,7.2400,2
2018-09-18,RN,gasolina,9.4200,2
2018-09-18,RO,diesel_s10,113.5910,29
2018-09-18,RO,etanol,71.2820,19
2018-09-18,RO,gasolina,160.4550,34
2018-09-18,RR,diesel_s10,41.6400,11
2018-09-18,RR,etanol,11.3100,3
2018-09-18,RR,gasolina,48.9300,11
2018-09-18,RS,diesel_s10,132.8200,36
2018-09-18,RS,etanol,109.2520,28
2018-09-18,RS,gasolina,255.9810,53
2018-09-18,SC,diesel_s10,224.9260,63
2018-09-18,SC,etanol,179.8500,53
2018-09-18,SC,gasolina,314.5530,73
2018-09-18,SP,diesel_s10,821.6090,225
2018-09-18,SP,etanol,758.7920,286
2018-09-18,SP,gasolina,1259.8410,284
2018-09-18,TO,diesel_s10,29.4550,8
2018-09-18,TO,etanol,26.0860,7
2018-09-18,TO,gasolina,39.8770,8
2018-09-19,AL,diesel_s10,124.1240,32
2018-09-19,AL,etanol,104.1120,29
2018-09-19,AL,gasolina,158.1750,33
2018-09-19,AM,diesel_s10,13.0500,3
2018-09-19,AM,etanol,3.4500,1
2018-09-19,AM,gasolina,41.3400,8
2018-09-19,AP,diesel_s10,4.4400,1
2018-09-19,AP,gasolina,4.5800,1
2018-09-19,BA,diesel_s10,510.5670,136
2018-09-19,BA,etanol,560.1320,166
2018-09-19,BA,gasolina,771.5540,163
2018-09-19,CE,diesel_s10,175.9340,46
2018-09-19,CE,etanol,156.4820,43
2018-09-19,CE,gasolina,212.0670,45
2018-09-19,ES,diesel_s10,37.2600,10
2018-09-19,ES,etanol,25.2200,7
2018-09-19,ES,gasolina,62.8600,13
2018-09-19,GO,diesel_s10,354.8220,93
2018-09-19,GO,etanol,373.7450,127
2018-09-19,GO,gasolina,624.9880,127
2018-09-19,MA,diesel_s10,151.5100,41
2018-09-19,MA,etanol,76.9060,21
2018-09-19,MA,gasolina,194.0600,43
2018-09-19,MG,diesel_s10,794.0720,207
2018-09-19,MG,etanol,831.8970,272
2018-09-19,MG,gasolina,1335.0150,267
2018-09-19,MT,diesel_s10,251.1190,63
2018-09-19,MT,etanol,229.5680,84
2018-09-19,MT,gasolina,393.1870,83
2018-09-19,PA,diesel_s10,156.3500,40
2018-09-19,PA,etanol,61.2910,16
2018-09-19,PA,gasolina,197.4260,41
2018-09-19,PB,diesel_s10,70.4550,19
2018-09-19,PB,etanol,58.0680,17
2018-09-19,PB,gasolina,91.0740,20
2018-09-19,PE,diesel_s10,222.4400,60
2018-09-19,PE,etanol,205.2810,61
2018-09-19,PE,gasolina,312.0520,68
2018-09-19,PI,diesel_s10,80.6780,21
2018-09-19,PI,etanol,51.4890,15
2018-09-19,PI,gasolina,95.5770,20
2018-09-19,PR,diesel_s10,257.3220,71
2018-09-19,PR,etanol,270.7730,90
2018-09-19,PR,gasolina,413.1480,88
2018-09-19,RJ,diesel_s10,403.7810,107
2018-09-19,RJ,etanol,498.4680,144
2018-09-19,RJ,gasolina,743.8580,147
2018-09-19,RN,diesel_s10,152.8310,40
2018-09-19,RN,etanol,150.6540,42
2018-09-19,RN,gasolina,204.8620,43
2018-09-19,RO,diesel_s10,90.2870,23
2018-09-19,RO,etanol,39.7080,10
2018-09-19,RO,gasolina,111.6860,23
2018-09-19,RR,diesel_s10,8.0000,2
2018-09-19,RR,gasolina,9.3500,2
2018-09-19,RS,diesel_s10,388.3910,103
2018-09-19,RS,etanol,262.1020,65
2018-09-19,RS,gasolina,590.0290,119
2018-09-19,SC,diesel_s10,156.0700,43
2018-09-19,SC,etanol,99.7390,29
2018-09-19,SC,gasolina,214.3570,49
2018-09-19,SE,diesel_s10,114.5320,30
2018-09-19,SE,etanol,81.8680,23
2018-09-19,SE,gasolina,154.6360,32
2018-09-19,SP,diesel_s10,1687.0620,462
2018-09-19,SP,etanol,1632.1760,612
2018-09-19,SP,gasolina,2686.4080,596
2018-09-19,TO,diesel_s10,67.2310,17
2018-09-19,TO,etanol,44.8620,12
2018-09-19,TO,gasolina,94.7290,19
2018-09-20,AC,diesel_s10,125.9700,28
2018-09-20,AC,etanol,76.6500,19
2018-09-20,AC,gasolina,146.8300,29
2018-09-20,AM,diesel_s10,100.7560,27
2018-09-20,AM,etanol,121.9550,35
2018-09-20,AM,gasolina,199.0460,42
2018-09-20,BA,diesel_s10,96.2170,24
2018-09-20,BA,etanol,91.0390,25
2018-09-20,BA,gasolina,146.2620,29
2018-09-20,CE,diesel_s10,186.8140,50
2018-09-20,CE,etanol,182.4650,51
2018-09-20,CE,gasolina,237.0450,51
2018-09-20,ES,diesel_s10,228.8200,63
2018-09-20,ES,etanol,174.3330,49
2018-09-20,ES,gasolina,361.1470,77
2018-09-20,GO,diesel_s10,26.6770,7
2018-09-20,GO,etanol,28.8480,10
2018-09-20,GO,gasolina,42.8510,9
2018-09-20,MA,diesel_s10,45.5010,12
2018-09-20,MA,etanol,18.0260,5
2018-09-20,MA,gasolina,54.8010,12
2018-09-20,MG,diesel_s10,123.3180,33
2018-09-20,MG,etanol,138.6480,46
2018-09-20,MG,gasolina,217.3390,44
2018-09-20,MT,diesel_s10,181.6880,45
2018-09-20,MT,etanol,155.4210,54
2018-09-20,MT,gasolina,259.0740,54
2018-09-20,PA,diesel_s10,101.6360,26
2018-09-20,PA,etanol,42.2090,11
2018-09-20,PA,gasolina,151.6230,31
2018-09-20,PB,diesel_s10,119.3760,33
2018-09-20,PB,etanol,102.2200,31
2018-09-20,PB,gasolina,155.0800,34
2018-09-20,PE,diesel_s10,245.3120,67
2018-09-20,PE,etanol,197.3560,58
2018-09-20,PE,gasolina,317.0790,70
2018-09-20,PI,diesel_s10,26.5400,7
2018-09-20,PI,etanol,15.0200,4
2018-09-20,PI,gasolina,39.5080,8
2018-09-20,PR,diesel_s10,64.2230,18
2018-09-20,PR,etanol,65.7190,23
2018-09-20,PR,gasolina,102.1500,23
2018-09-20,RJ,diesel_s10,432.0100,115
2018-09-20,RJ,etanol,491.5390,146
2018-09-20,RJ,gasolina,745.3640,148
2018-09-20,RN,diesel_s10,53.1790,14
2018-09-20,RN,etanol,53.6580,15
2018-09-20,RN,gasolina,75.4270,16
2018-09-20,RS,diesel_s10,153.1040,42
2018-09-20,RS,etanol,54.7530,14
2018-09-20,RS,gasolina,236.5010,50
2018-09-20,SC,diesel_s10,50.9280,14
2018-09-20,SC,etanol,54.4990,16
2018-09-20,SC,gasolina,85.3930,20
2018-09-20,SP,diesel_s10,1318.9030,364
2018-09-20,SP,etanol,1248.9640,475
2018-09-20,SP,gasolina,2079.5490,470
2018-09-20,TO,diesel_s10,21.7700,6
2018-09-20,TO,etanol,21.7300,6
2018-09-20,TO,gasolina,28.3000,6
2018-09-24,AL,diesel_s10,50.6290,13
2018-09-24,AL,etanol,38.6030,11
2018-09-24,AL,gasolina,62.1510,13
2018-09-24,AM,diesel_s10,4.1300,1
2018-09-24,AM,gasolina,5.1000,1
2018-09-24,AP,diesel_s10,13.1800,3
2018-09-24,AP,gasolina,21.9190,5
2018-09-24,BA,diesel_s10,266.6820,71
2018-09-24,BA,etanol,284.2250,82
2018-09-24,BA,gasolina,377.0030,78
2018-09-24,ES,diesel_s10,30.1100,8
2018-09-24,ES,etanol,15.2500,4
2018-09-24,ES,gasolina,43.9100,9
2018-09-24,GO,diesel_s10,54.9730,14
2018-09-24,GO,etanol,54.3230,18
2018-09-24,GO,gasolina,89.5730,18
2018-09-24,MA,diesel_s10,178.3650,50
2018-09-24,MA,etanol,44.4810,12
2018-09-24,MA,gasolina,226.0350,51
2018-09-24,MG,diesel_s10,387.5770,102
2018-09-24,MG,etanol,412.9790,132
2018-09-24,MG,gasolina,679.6540,135
2018-09-24,MS,diesel_s10,120.7450,31
2018-09-24,MS,etanol,113.4430,33
2018-09-24,MS,gasolina,167.4460,36
2018-09-24,MT,diesel_s10,125.1120,31
2018-09-24,MT,etanol,95.9160,33
2018-09-24,MT,gasolina,159.2070,33
2018-09-24,PA,diesel_s10,111.0630,29
2018-09-24,PA,etanol,39.9420,11
2018-09-24,PA,gasolina,137.0670,29
2018-09-24,PB,diesel_s10,26.8240,7
2018-09-24,PB,etanol,18.2870,5
2018-09-24,PB,gasolina,33.7750,7
2018-09-24,PE,diesel_s10,25.7260,7
2018-09-24,PE,etanol,20.5970,6
2018-09-24,PE,gasolina,32.4680,7
2018-09-24,PI,diesel_s10,77.2050,20
2018-09-24,PI,etanol,71.3520,21
2018-09-24,PI,gasolina,109.1810,23
2018-09-24,PR,diesel_s10,173.3440,48
2018-09-24,PR,etanol,181.2390,60
2018-09-24,PR,gasolina,268.0130,57
2018-09-24,RJ,diesel_s10,123.2750,33
2018-09-24,RJ,etanol,160.4560,48
2018-09-24,RJ,gasolina,257.0440,51
2018-09-24,RN,diesel_s10,23.2100,6
2018-09-24,RN,etanol,21.7480,6
2018-09-24,RN,gasolina,23.4780,5
2018-09-24,RO,diesel_s10,43.5650,11
2018-09-24,RO,etanol,12.3680,3
2018-09-24,RO,gasolina,43.6750,9
2018-09-24,RS,diesel_s10,141.9870,38
2018-09-24,RS,etanol,108.3050,27
2018-09-24,RS,gasolina,246.4370,50
2018-09-24,SC,diesel_s10,18.1530,5
2018-09-24,SC,etanol,6.7880,2
2018-09-24,SC,gasolina,21.6760,5
2018-09-24,SE,diesel_s10,18.8680,5
2018-09-24,SE,etanol,3.4990,1
2018-09-24,SE,gasolina,23.4980,5
2018-09-24,SP,diesel_s10,965.1770,266
2018-09-24,SP,etanol,1021.8830,376
2018-09-24,SP,gasolina,1668.7590,373
2018-09-24,TO,diesel_s10,26.2060,7
2018-09-24,TO,etanol,26.1460,7
2018-09-24,TO,gasolina,36.2490,7
2018-09-25,AC,diesel_s10,42.9980,9
2018-09-25,AC,gasolina,56.9970,10
2018-09-25,AM,diesel_s10,33.8100,8
2018-09-25,AM,etanol,7.9400,2
2018-09-25,AM,gasolina,126.8000,25
2018-09-25,AP,diesel_s10,66.0990,15
2018-09-25,AP,etanol,3.8900,1
2018-09-25,AP,gasolina,93.1290,22
2018-09-25,BA,diesel_s10,204.9810,54
2018-09-25,BA,etanol,220.3130,64
2018-09-25,BA,gasolina,318.5200,65
2018-09-25,CE,diesel_s10,85.7180,22
2018-09-25,CE,etanol,66.6570,18
2018-09-25,CE,gasolina,96.8390,20
2018-09-25,ES,diesel_s10,36.7800,10
2018-09-25,ES,etanol,28.5100,8
2018-09-25,ES,gasolina,64.6890,13
2018-09-25,GO,diesel_s10,120.9740,32
2018-09-25,GO,etanol,129.7610,44
2018-09-25,GO,gasolina,216.9610,44
2018-09-25,MA,diesel_s10,106.0960,28
2018-09-25,MA,etanol,40.0730,11
2018-09-25,MA,gasolina,135.6280,29
2018-09-25,MG,diesel_s10,569.4740,149
2018-09-25,MG,etanol,619.6830,202
2018-09-25,MG,gasolina,998.7050,200
2018-09-25,MT,diesel_s10,42.4230,10
2018-09-25,MT,etanol,31.5740,10
2018-09-25,MT,gasolina,50.3720,10
2018-09-25,PA,diesel_s10,68.5940,17
2018-09-25,PA,etanol,15.6300,4
2018-09-25,PA,gasolina,92.4520,18
2018-09-25,PE,diesel_s10,289.7880,79
2018-09-25,PE,etanol,270.0010,83
2018-09-25,PE,gasolina,404.0770,88
2018-09-25,PI,diesel_s10,95.8230,25
2018-09-25,PI,etanol,62.4960,18
2018-09-25,PI,gasolina,115.4040,24
2018-09-25,PR,diesel_s10,351.9240,98
2018-09-25,PR,etanol,382.7820,131
2018-09-25,PR,gasolina,592.7720,129
2018-09-25,RJ,diesel_s10,115.5900,31
2018-09-25,RJ,etanol,153.5240,46
2018-09-25,RJ,gasolina,230.2290,46
2018-09-25,RN,diesel_s10,46.0190,12
2018-09-25,RN,etanol,46.8380,13
2018-09-25,RN,gasolina,56.3580,12
2018-09-25,RO,diesel_s10,27.9090,7
2018-09-25,RO,etanol,16.5300,4
2018-09-25,RO,gasolina,28.8680,6
2018-09-25,RR,diesel_s10,35.6700,9
2018-09-25,RR,etanol,3.7900,1
2018-09-25,RR,gasolina,42.0800,9
2018-09-25,RS,diesel_s10,627.9660,170
2018-09-25,RS,etanol,407.6780,103
2018-09-25,RS,gasolina,1017.2070,209
2018-09-25,SC,diesel_s10,683.3950,189
2018-09-25,SC,etanol,524.9040,153
2018-09-25,SC,gasolina,1020.4660,235
2018-09-25,SE,diesel_s10,40.6400,11
2018-09-25,SE,etanol,28.0260,8
2018-09-25,SE,gasolina,51.7840,11
2018-09-25,SP,diesel_s10,333.3470,92
2018-09-25,SP,etanol,357.7430,132
2018-09-25,SP,gasolina,596.0130,133
2018-09-25,TO,diesel_s10,141.2620,37
2018-09-25,TO,etanol,115.3050,31
2018-09-25,TO,gasolina,194.5220,39
2018-09-26,AL,diesel_s10,88.8830,23
2018-09-26,AL,etanol,103.0660,30
2018-09-26,AL,gasolina,152.1210,31
2018-09-26,AM,diesel_s10,7.4800,2
2018-09-26,AM,etanol,7.0400,2
2018-09-26,AM,gasolina,13.3800,3
2018-09-26,AP,diesel_s10,4.6900,1
2018-09-26,AP,gasolina,4.5700,1
2018-09-26,BA,diesel_s10,428.3940,113
2018-09-26,BA,etanol,553.6230,154
2018-09-26,BA,gasolina,790.7530,161
2018-09-26,CE,diesel_s10,271.3830,70
2018-09-26,CE,etanol,237.1330,64
2018-09-26,CE,gasolina,368.1640,77
2018-09-26,DF,diesel_s10,125.6150,32
2018-09-26,DF,etanol,135.4950,41
2018-09-26,DF,gasolina,223.4760,46
2018-09-26,ES,diesel_s10,53.5990,15
2018-09-26,ES,etanol,26.4090,7
2018-09-26,ES,gasolina,87.7890,18
2018-09-26,GO,diesel_s10,315.8400,82
2018-09-26,GO,etanol,320.4300,108
2018-09-26,GO,gasolina,523.5090,106
2018-09-26,MA,diesel_s10,109.9560,30
2018-09-26,MA,etanol,43.5240,12
2018-09-26,MA,gasolina,142.4530,32
2018-09-26,MG,diesel_s10,423.8280,111
2018-09-26,MG,etanol,441.1210,145
2018-09-26,MG,gasolina,717.6260,144
2018-09-26,MS,diesel_s10,37.9020,10
2018-09-26,MS,etanol,32.9600,10
2018-09-26,MS,gasolina,45.6140,10
2018-09-26,MT,diesel_s10,50.2430,12
2018-09-26,MT,etanol,40.4340,13
2018-09-26,MT,gasolina,58.7030,12
2018-09-26,PA,diesel_s10,140.7760,35
2018-09-26,PA,etanol,57.1860,14
2018-09-26,PA,gasolina,194.8250,39
2018-09-26,PB,diesel_s10,190.0760,52
2018-09-26,PB,etanol,180.6660,55
2018-09-26,PB,gasolina,256.2380,56
2018-09-26,PE,diesel_s10,252.3400,69
2018-09-26,PE,etanol,226.8020,67
2018-09-26,PE,gasolina,342.9930,75
2018-09-26,PI,diesel_s10,27.0890,7
2018-09-26,PI,etanol,7.3200,2
2018-09-26,PI,gasolina,34.3980,7
2018-09-26,PR,diesel_s10,399.1320,112
2018-09-26,PR,etanol,377.2840,129
2018-09-26,PR,gasolina,576.7600,127
2018-09-26,RJ,diesel_s10,630.0310,166
2018-09-26,RJ,etanol,713.4290,208
2018-09-26,RJ,gasolina,1074.4230,211
2018-09-26,RN,diesel_s10,11.4790,3
2018-09-26,RN,etanol,14.3400,4
2018-09-26,RN,gasolina,18.8800,4
2018-09-26,RO,diesel_s10,183.4700,47
2018-09-26,RO,etanol,101.7890,26
2018-09-26,RO,gasolina,269.4100,56
2018-09-26,RR,diesel_s10,15.5500,4
2018-09-26,RR,etanol,3.6500,1
2018-09-26,RR,gasolina,18.4900,4
2018-09-26,RS,diesel_s10,278.7080,75
2018-09-26,RS,etanol,188.2600,47
2018-09-26,RS,gasolina,418.9580,85
2018-09-26,SC,diesel_s10,36.0210,10
2018-09-26,SC,etanol,24.4190,7
2018-09-26,SC,gasolina,52.1900,12
2018-09-26,SE,diesel_s10,3.7690,1
2018-09-26,SE,etanol,3.6590,1
2018-09-26,SE,gasolina,4.8990,1
2018-09-26,SP,diesel_s10,2285.4330,625
2018-09-26,SP,etanol,2145.8210,798
2018-09-26,SP,gasolina,3525.2750,778
2018-09-27,AC,diesel_s10,126.7100,28
2018-09-27,AC,etanol,76.8100,19
2018-09-27,AC,gasolina,153.3100,29
2018-09-27,AL,diesel_s10,46.0590,12
2018-09-27,AL,etanol,45.9040,13
2018-09-27,AL,gasolina,61.9140,13
2018-09-27,AM,diesel_s10,92.9780,25
2018-09-27,AM,etanol,115.5100,33
2018-09-27,AM,gasolina,199.3530,42
2018-09-27,BA,diesel_s10,87.0020,23
2018-09-27,BA,etanol,90.6500,26
2018-09-27,BA,gasolina,135.4300,28
2018-09-27,CE,diesel_s10,457.2130,119
2018-09-27,CE,etanol,427.1010,118
2018-09-27,CE,gasolina,574.4330,121
2018-09-27,ES,diesel_s10,188.4860,51
2018-09-27,ES,etanol,166.3580,46
2018-09-27,ES,gasolina,364.0130,77
2018-09-27,GO,diesel_s10,206.5760,53
2018-09-27,GO,etanol,190.7010,64
2018-09-27,GO,gasolina,310.1670,63
2018-09-27,MA,diesel_s10,21.2650,6
2018-09-27,MA,etanol,3.4990,1
2018-09-27,MA,gasolina,30.5640,7
2018-09-27,MG,diesel_s10,308.3780,80
2018-09-27,MG,etanol,314.3750,104
2018-09-27,MG,gasolina,515.4250,102
2018-09-27,MS,diesel_s10,158.9110,42
2018-09-27,MS,etanol,138.5040,43
2018-09-27,MS,gasolina,186.2360,43
2018-09-27,MT,diesel_s10,304.4260,76
2018-09-27,MT,etanol,285.1890,103
2018-09-27,MT,gasolina,490.8390,103
2018-09-27,PA,diesel_s10,97.4600,25
2018-09-27,PA,etanol,37.6130,10
2018-09-27,PA,gasolina,133.8950,28
2018-09-27,PE,diesel_s10,67.4890,18
2018-09-27,PE,etanol,55.2170,15
2018-09-27,PE,gasolina,94.8670,19
2018-09-27,PI,diesel_s10,47.0550,12
2018-09-27,PI,etanol,22.4670,6
2018-09-27,PI,gasolina,58.4860,12
2018-09-27,PR,diesel_s10,166.3500,46
2018-09-27,PR,etanol,160.7150,55
2018-09-27,PR,gasolina,247.3770,53
2018-09-27,RJ,diesel_s10,315.8690,84
2018-09-27,RJ,etanol,372.0630,108
2018-09-27,RJ,gasolina,568.5650,112
2018-09-27,RN,diesel_s10,135.3270,35
2018-09-27,RN,etanol,143.8790,40
2018-09-27,RN,gasolina,188.8160,40
2018-09-27,RS,diesel_s10,56.0520,15
2018-09-27,RS,etanol,60.7420,15
2018-09-27,RS,gasolina,96.1980,19
2018-09-27,SE,diesel_s10,69.6410,18
2018-09-27,SE,etanol,69.4000,20
2018-09-27,SE,gasolina,97.6700,20
2018-09-27,SP,diesel_s10,995.8010,272
2018-09-27,SP,etanol,953.6600,357
2018-09-27,SP,gasolina,1593.3600,355
2018-10-01,AC,diesel_s10,125.6670,28
2018-10-01,AC,etanol,76.8990,19
2018-10-01,AC,gasolina,153.2060,29
2018-10-01,AL,diesel_s10,104.5620,27
2018-10-01,AL,etanol,106.5640,31
2018-10-01,AL,gasolina,173.9680,36
2018-10-01,AM,diesel_s10,4.1300,1
2018-10-01,AM,gasolina,5.1000,1
2018-10-01,AP,diesel_s10,9.0800,2
2018-10-01,AP,gasolina,17.7290,4
2018-10-01,BA,diesel_s10,332.9080,89
2018-10-01,BA,etanol,340.6160,99
2018-10-01,BA,gasolina,473.4350,98
2018-10-01,CE,diesel_s10,7.9290,2
2018-10-01,CE,etanol,7.3590,2
2018-10-01,CE,gasolina,9.6790,2
2018-10-01,DF,diesel_s10,125.6550,32
2018-10-01,DF,etanol,142.5240,43
2018-10-01,DF,gasolina,229.3960,47
2018-10-01,ES,diesel_s10,48.6100,13
2018-10-01,ES,etanol,26.0800,7
2018-10-01,ES,gasolina,72.9600,15
2018-10-01,GO,diesel_s10,93.1080,24
2018-10-01,GO,etanol,95.4210,32
2018-10-01,GO,gasolina,158.6210,32
2018-10-01,MA,diesel_s10,85.0830,23
2018-10-01,MA,etanol,40.9730,11
2018-10-01,MA,gasolina,111.4230,24
2018-10-01,MG,diesel_s10,509.7260,134
2018-10-01,MG,etanol,600.1040,195
2018-10-01,MG,gasolina,981.3940,197
2018-10-01,MS,diesel_s10,234.0010,61
2018-10-01,MS,etanol,209.4200,63
2018-10-01,MS,gasolina,296.5990,66
2018-10-01,MT,diesel_s10,121.1530,30
2018-10-01,MT,etanol,95.6670,33
2018-10-01,MT,gasolina,158.9580,33
2018-10-01,PA,diesel_s10,122.6700,32
2018-10-01,PA,etanol,32.1160,9
2018-10-01,PA,gasolina,152.1680,32
2018-10-01,PB,diesel_s10,26.8840,7
2018-10-01,PB,etanol,18.4270,5
2018-10-01,PB,gasolina,33.7750,7
2018-10-01,PE,diesel_s10,25.7360,7
2018-10-01,PE,etanol,20.5970,6
2018-10-01,PE,gasolina,32.5470,7
2018-10-01,PI,diesel_s10,46.0110,12
2018-10-01,PI,etanol,37.5620,11
2018-10-01,PI,gasolina,61.4320,13
2018-10-01,PR,diesel_s10,460.3250,128
2018-10-01,PR,etanol,468.6970,160
2018-10-01,PR,gasolina,715.6730,156
2018-10-01,RJ,diesel_s10,130.9490,35
2018-10-01,RJ,etanol,170.4090,51
2018-10-01,RJ,gasolina,272.1860,54
2018-10-01,RN,diesel_s10,23.3000,6
2018-10-01,RN,etanol,18.1080,5
2018-10-01,RN,gasolina,23.5590,5
2018-10-01,RO,diesel_s10,47.3150,12
2018-10-01,RO,etanol,16.3670,4
2018-10-01,RO,gasolina,48.5650,10
2018-10-01,RR,diesel_s10,7.9810,2
2018-10-01,RR,etanol,3.7840,1
2018-10-01,RR,gasolina,9.2960,2
2018-10-01,RS,diesel_s10,69.0680,18
2018-10-01,RS,etanol,46.1370,11
2018-10-01,RS,gasolina,102.0670,20
2018-10-01,SC,diesel_s10,89.0290,24
2018-10-01,SC,etanol,83.5740,24
2018-10-01,SC,gasolina,135.1810,31
2018-10-01,SE,diesel_s10,61.8220,16
2018-10-01,SE,etanol,45.8980,13
2018-10-01,SE,gasolina,82.5150,17
2018-10-01,SP,diesel_s10,1188.4540,327
2018-10-01,SP,etanol,1257.1810,464
2018-10-01,SP,gasolina,2066.2160,462
2018-10-01,TO,diesel_s10,22.3170,6
2018-10-01,TO,etanol,22.5070,6
2018-10-01,TO,gasolina,31.0800,6
2018-10-02,AC,diesel_s10,43.1480,9
2018-10-02,AC,gasolina,57.0470,10
2018-10-02,AL,diesel_s10,3.9990,1
2018-10-02,AL,etanol,3.5900,1
2018-10-02,AL,gasolina,4.7800,1
2018-10-02,AM,diesel_s10,33.8100,8
2018-10-02,AM,etanol,7.9400,2
2018-10-02,AM,gasolina,122.1500,24
2018-10-02,AP,diesel_s10,59.7190,13
2018-10-02,AP,gasolina,91.2990,21
2018-10-02,BA,diesel_s10,147.2750,38
2018-10-02,BA,etanol,157.4540,45
2018-10-02,BA,gasolina,222.4930,45
2018-10-02,CE,diesel_s10,549.8530,142
2018-10-02,CE,etanol,489.1490,135
2018-10-02,CE,gasolina,669.2670,141
2018-10-02,ES,diesel_s10,21.8500,6
2018-10-02,ES,etanol,17.5500,5
2018-10-02,ES,gasolina,39.8900,8
2018-10-02,GO,diesel_s10,152.3290,40
2018-10-02,GO,etanol,147.5900,50
2018-10-02,GO,gasolina,246.8410,50
2018-10-02,MA,diesel_s10,113.2330,30
2018-10-02,MA,etanol,40.0730,11
2018-10-02,MA,gasolina,144.0360,31
2018-10-02,MG,diesel_s10,509.8370,133
2018-10-02,MG,etanol,525.1570,170
2018-10-02,MG,gasolina,845.3610,168
2018-10-02,MS,diesel_s10,42.6820,11
2018-10-02,MS,etanol,39.2830,12
2018-10-02,MS,gasolina,52.7630,12
2018-10-02,MT,diesel_s10,117.7110,29
2018-10-02,MT,etanol,104.3260,36
2018-10-02,MT,gasolina,174.2400,36
2018-10-02,PA,diesel_s10,52.5750,13
2018-10-02,PA,etanol,15.6300,4
2018-10-02,PA,gasolina,72.2120,14
2018-10-02,PB,diesel_s10,72.5410,20
2018-10-02,PB,etanol,72.8300,23
2018-10-02,PB,gasolina,107.2090,24
2018-10-02,PE,diesel_s10,194.6260,53
2018-10-02,PE,etanol,179.3800,55
2018-10-02,PE,gasolina,271.9690,59
2018-10-02,PI,diesel_s10,96.4130,25
2018-10-02,PI,etanol,61.8160,18
2018-10-02,PI,gasolina,123.1530,26
2018-10-02,PR,diesel_s10,275.7490,77
2018-10-02,PR,etanol,314.8920,108
2018-10-02,PR,gasolina,487.5640,107
2018-10-02,RJ,diesel_s10,274.8270,73
2018-10-02,RJ,etanol,358.4530,105
2018-10-02,RJ,gasolina,520.7750,103
2018-10-02,RN,diesel_s10,65.6280,17
2018-10-02,RN,etanol,61.3480,17
2018-10-02,RN,gasolina,80.3750,17
2018-10-02,RO,diesel_s10,27.9090,7
2018-10-02,RO,etanol,16.5300,4
2018-10-02,RO,gasolina,28.8680,6
2018-10-02,RR,diesel_s10,31.2500,8
2018-10-02,RR,etanol,11.9600,3
2018-10-02,RR,gasolina,37.3700,8
2018-10-02,RS,diesel_s10,676.3050,182
2018-10-02,RS,etanol,448.0420,113
2018-10-02,RS,gasolina,1110.3540,227
2018-10-02,SC,diesel_s10,619.0400,171
2018-10-02,SC,etanol,438.1250,128
2018-10-02,SC,gasolina,905.8860,208
2018-10-02,SE,diesel_s10,40.8700,11
2018-10-02,SE,etanol,27.9260,8
2018-10-02,SE,gasolina,51.8340,11
2018-10-02,SP,diesel_s10,493.8720,135
2018-10-02,SP,etanol,505.9850,187
2018-10-02,SP,gasolina,840.7880,188
2018-10-02,TO,diesel_s10,141.9530,37
2018-10-02,TO,etanol,115.3750,31
2018-10-02,TO,gasolina,194.9720,39
2018-10-03,AL,diesel_s10,28.2700,7
2018-10-03,AL,etanol,22.6010,6
2018-10-03,AL,gasolina,36.0610,7
2018-10-03,AM,diesel_s10,137.2650,36
2018-10-03,AM,etanol,119.6270,34
2018-10-03,AM,gasolina,215.0240,46
2018-10-03,AP,diesel_s10,4.5400,1
2018-10-03,AP,gasolina,12.8300,3
2018-10-03,BA,diesel_s10,452.8900,118
2018-10-03,BA,etanol,564.6750,156
2018-10-03,BA,gasolina,785.9920,160
2018-10-03,CE,diesel_s10,190.6500,49
2018-10-03,CE,etanol,171.6560,46
2018-10-03,CE,gasolina,264.6290,55
2018-10-03,ES,diesel_s10,53.9890,15
2018-10-03,ES,etanol,26.4090,7
2018-10-03,ES,gasolina,87.8890,18
2018-10-03,GO,diesel_s10,271.8070,70
2018-10-03,GO,etanol,267.2820,90
2018-10-03,GO,gasolina,435.3820,88
2018-10-03,MA,diesel_s10,180.5150,51
2018-10-03,MA,etanol,43.8820,12
2018-10-03,MA,gasolina,232.7390,53
2018-10-03,MG,diesel_s10,384.1350,100
2018-10-03,MG,etanol,389.3680,128
2018-10-03,MG,gasolina,633.3840,127
2018-10-03,MS,diesel_s10,41.9010,11
2018-10-03,MS,etanol,36.3190,11
2018-10-03,MS,gasolina,50.1130,11
2018-10-03,MT,diesel_s10,245.1850,61
2018-10-03,MT,etanol,229.3820,80
2018-10-03,MT,gasolina,376.6100,79
2018-10-03,PA,diesel_s10,214.0440,54
2018-10-03,PA,etanol,93.8590,24
2018-10-03,PA,gasolina,291.5990,60
2018-10-03,PB,diesel_s10,110.5070,30
2018-10-03,PB,etanol,103.7370,31
2018-10-03,PB,gasolina,149.0700,32
2018-10-03,PE,diesel_s10,349.3940,95
2018-10-03,PE,etanol,310.2700,93
2018-10-03,PE,gasolina,476.1020,104
2018-10-03,PI,diesel_s10,62.2210,16
2018-10-03,PI,etanol,31.1950,9
2018-10-03,PI,gasolina,71.9630,15
2018-10-03,PR,diesel_s10,227.6580,63
2018-10-03,PR,etanol,213.1970,71
2018-10-03,PR,gasolina,326.6060,70
2018-10-03,RJ,diesel_s10,611.3330,161
2018-10-03,RJ,etanol,701.6820,203
2018-10-03,RJ,gasolina,1050.9890,206
2018-10-03,RN,diesel_s10,74.3940,19
2018-10-03,RN,etanol,87.3960,24
2018-10-03,RN,gasolina,115.7100,24
2018-10-03,RO,diesel_s10,181.0080,46
2018-10-03,RO,etanol,98.3800,25
2018-10-03,RO,gasolina,265.0100,55
2018-10-03,RR,diesel_s10,11.7190,3
2018-10-03,RR,gasolina,13.9090,3
2018-10-03,RS,diesel_s10,353.8620,94
2018-10-03,RS,etanol,252.6120,63
2018-10-03,RS,gasolina,537.3160,108
2018-10-03,SC,diesel_s10,35.9410,10
2018-10-03,SC,etanol,31.0370,9
2018-10-03,SC,gasolina,56.3290,13
2018-10-03,SE,diesel_s10,31.2720,8
2018-10-03,SE,etanol,20.9850,6
2018-10-03,SE,gasolina,44.2880,9
2018-10-03,SP,diesel_s10,2059.8720,560
2018-10-03,SP,etanol,1931.7890,716
2018-10-03,SP,gasolina,3173.4090,696
2018-10-03,TO,diesel_s10,3.8890,1
2018-10-03,TO,etanol,3.6390,1
2018-10-03,TO,gasolina,5.1690,1
2018-10-04,AL,diesel_s10,46.1290,12
2018-10-04,AL,etanol,45.9040,13
2018-10-04,AL,gasolina,61.9140,13
2018-10-04,BA,diesel_s10,87.1210,23
2018-10-04,BA,etanol,90.6500,26
2018-10-04,BA,gasolina,135.4300,28
2018-10-04,CE,diesel_s10,73.8670,19
2018-10-04,CE,etanol,65.4070,18
2018-10-04,CE,gasolina,94.6860,20
2018-10-04,ES,diesel_s10,226.3250,62
2018-10-04,ES,etanol,175.0750,49
2018-10-04,ES,gasolina,357.7330,76
2018-10-04,GO,diesel_s10,202.8060,52
2018-10-04,GO,etanol,184.6310,62
2018-10-04,GO,gasolina,305.3540,62
2018-10-04,MA,diesel_s10,31.3620,9
2018-10-04,MA,gasolina,39.3120,9
2018-10-04,MG,diesel_s10,242.2780,62
2018-10-04,MG,etanol,268.9890,90
2018-10-04,MG,gasolina,433.6090,86
2018-10-04,MT,diesel_s10,40.1190,9
2018-10-04,MT,etanol,32.1700,10
2018-10-04,MT,gasolina,51.6290,10
2018-10-04,PA,diesel_s10,20.8800,5
2018-10-04,PA,etanol,4.1500,1
2018-10-04,PA,gasolina,40.5190,8
2018-10-04,PE,diesel_s10,64.3290,17
2018-10-04,PE,etanol,55.2170,15
2018-10-04,PE,gasolina,89.9870,18
2018-10-04,PI,diesel_s10,47.0550,12
2018-10-04,PI,etanol,22.4670,6
2018-10-04,PI,gasolina,58.4860,12
2018-10-04,PR,diesel_s10,94.2670,26
2018-10-04,PR,etanol,101.1280,34
2018-10-04,PR,gasolina,155.4000,33
2018-10-04,RJ,diesel_s10,144.0950,38
2018-10-04,RJ,etanol,185.6690,53
2018-10-04,RJ,gasolina,275.4100,54
2018-10-04,RN,diesel_s10,57.8300,15
2018-10-04,RN,etanol,57.1500,16
2018-10-04,RN,gasolina,75.6800,16
2018-10-04,RS,diesel_s10,15.3970,4
2018-10-04,RS,etanol,20.6420,5
2018-10-04,RS,gasolina,40.6860,8
2018-10-04,SP,diesel_s10,832.6520,227
2018-10-04,SP,etanol,789.5480,295
2018-10-04,SP,gasolina,1308.5430,293
2018-10-08,AC,diesel_s10,33.6490,7
2018-10-08,AC,gasolina,40.2090,7
2018-10-08,AL,diesel_s10,23.2710,6
2018-10-08,AL,etanol,25.2280,7
2018-10-08,AL,gasolina,33.6080,7
2018-10-08,AM,diesel_s10,13.3500,3
2018-10-08,AM,gasolina,36.7500,7
2018-10-08,AP,diesel_s10,73.5990,16
2018-10-08,AP,gasolina,117.6980,27
2018-10-08,BA,diesel_s10,327.5990,85
2018-10-08,BA,etanol,318.1650,91
2018-10-08,BA,gasolina,455.0840,93
2018-10-08,ES,diesel_s10,42.2100,11
2018-10-08,ES,etanol,26.2900,7
2018-10-08,ES,gasolina,66.2800,13
2018-10-08,GO,diesel_s10,23.6250,6
2018-10-08,GO,etanol,18.2260,6
2018-10-08,GO,gasolina,29.2560,6
2018-10-08,MA,diesel_s10,42.6900,12
2018-10-08,MA,etanol,3.7700,1
2018-10-08,MA,gasolina,57.8590,13
2018-10-08,MG,diesel_s10,517.0880,133
2018-10-08,MG,etanol,528.1880,172
2018-10-08,MG,gasolina,870.3660,173
2018-10-08,MS,diesel_s10,58.7620,15
2018-10-08,MS,etanol,51.8320,15
2018-10-08,MS,gasolina,74.7000,16
2018-10-08,PA,diesel_s10,72.5990,19
2018-10-08,PA,etanol,25.2080,7
2018-10-08,PA,gasolina,94.2920,20
2018-10-08,PB,diesel_s10,38.4850,10
2018-10-08,PB,etanol,38.5550,11
2018-10-08,PB,gasolina,61.8030,13
2018-10-08,PE,diesel_s10,45.2940,12
2018-10-08,PE,etanol,39.8340,11
2018-10-08,PE,gasolina,63.1260,13
2018-10-08,PI,diesel_s10,51.2780,13
2018-10-08,PI,etanol,44.1380,13
2018-10-08,PI,gasolina,65.7370,14
2018-10-08,PR,diesel_s10,252.1060,70
2018-10-08,PR,etanol,285.4090,98
2018-10-08,PR,gasolina,440.9350,97
2018-10-08,RJ,diesel_s10,131.6000,35
2018-10-08,RJ,etanol,154.9530,45
2018-10-08,RJ,gasolina,228.8750,45
2018-10-08,RO,diesel_s10,78.8740,20
2018-10-08,RO,etanol,52.3020,14
2018-10-08,RO,gasolina,132.8270,28
2018-10-08,RS,diesel_s10,311.0300,83
2018-10-08,RS,etanol,187.3050,47
2018-10-08,RS,gasolina,493.9200,100
2018-10-08,SC,diesel_s10,173.1990,47
2018-10-08,SC,etanol,119.0110,34
2018-10-08,SC,gasolina,234.8300,53
2018-10-08,SE,diesel_s10,37.7370,10
2018-10-08,SE,etanol,17.4900,5
2018-10-08,SE,gasolina,46.6890,10
2018-10-08,SP,diesel_s10,197.0470,53
2018-10-08,SP,etanol,205.5720,74
2018-10-08,SP,gasolina,337.5290,74
2018-10-08,TO,diesel_s10,68.2010,17
2018-10-08,TO,etanol,48.9620,13
2018-10-08,TO,gasolina,96.1680,19
2018-10-09,AM,diesel_s10,40.3700,10
2018-10-09,AM,etanol,10.9900,3
2018-10-09,AM,gasolina,74.2200,15
2018-10-09,BA,diesel_s10,59.9460,15
2018-10-09,BA,etanol,71.2230,20
2018-10-09,BA,gasolina,110.6420,22
2018-10-09,CE,diesel_s10,80.8220,21
2018-10-09,CE,etanol,76.4340,21
2018-10-09,CE,gasolina,99.4440,21
2018-10-09,ES,diesel_s10,48.7500,13
2018-10-09,ES,etanol,29.9100,8
2018-10-09,ES,gasolina,78.0400,16
2018-10-09,GO,diesel_s10,78.3300,20
2018-10-09,GO,etanol,91.8250,31
2018-10-09,GO,gasolina,153.7440,31
2018-10-09,MA,diesel_s10,265.7550,73
2018-10-09,MA,etanol,75.5760,21
2018-10-09,MA,gasolina,334.8120,75
2018-10-09,MG,diesel_s10,305.3840,79
2018-10-09,MG,etanol,312.5070,99
2018-10-09,MG,gasolina,479.0230,95
2018-10-09,MT,diesel_s10,43.2130,10
2018-10-09,MT,etanol,31.9930,10
2018-10-09,MT,gasolina,50.7320,10
2018-10-09,PA,diesel_s10,73.1470,18
2018-10-09,PA,etanol,15.8500,4
2018-10-09,PA,gasolina,95.6670,19
2018-10-09,PB,diesel_s10,11.0290,3
2018-10-09,PB,etanol,9.5480,3
2018-10-09,PB,gasolina,13.5790,3
2018-10-09,PE,diesel_s10,194.0430,52
2018-10-09,PE,etanol,165.8680,49
2018-10-09,PE,gasolina,248.3070,53
2018-10-09,PI,diesel_s10,7.8890,2
2018-10-09,PI,etanol,6.6980,2
2018-10-09,PI,gasolina,14.0880,3
2018-10-09,PR,diesel_s10,224.5770,62
2018-10-09,PR,etanol,230.5100,76
2018-10-09,PR,gasolina,344.6700,74
2018-10-09,RJ,diesel_s10,246.4940,65
2018-10-09,RJ,etanol,295.3300,86
2018-10-09,RJ,gasolina,455.4700,89
2018-10-09,RN,diesel_s10,122.1960,32
2018-10-09,RN,etanol,131.5710,37
2018-10-09,RN,gasolina,176.5320,37
2018-10-09,RO,diesel_s10,73.1740,18
2018-10-09,RO,etanol,25.5700,6
2018-10-09,RO,gasolina,73.2450,15
2018-10-09,RR,diesel_s10,47.1700,12
2018-10-09,RR,etanol,11.9800,3
2018-10-09,RR,gasolina,55.9600,12
2018-10-09,RS,diesel_s10,95.7890,25
2018-10-09,RS,etanol,101.1840,25
2018-10-09,RS,gasolina,182.4330,36
2018-10-09,SC,diesel_s10,280.7490,77
2018-10-09,SC,etanol,259.5560,75
2018-10-09,SC,gasolina,457.9490,106
2018-10-09,SP,diesel_s10,830.2100,224
2018-10-09,SP,etanol,835.4570,300
2018-10-09,SP,gasolina,1353.5020,298
2018-10-09,TO,diesel_s10,63.9240,17
2018-10-09,TO,etanol,59.9130,16
2018-10-09,TO,gasolina,84.1840,17
2018-10-10,AL,diesel_s10,105.5520,27
2018-10-10,AL,etanol,138.2470,40
2018-10-10,AL,gasolina,213.7180,44
2018-10-10,AM,diesel_s10,8.5000,2
2018-10-10,AM,gasolina,29.5800,6
2018-10-10,AP,diesel_s10,4.6900,1
2018-10-10,AP,gasolina,4.2400,1
2018-10-10,BA,diesel_s10,371.3370,97
2018-10-10,BA,etanol,404.9200,116
2018-10-10,BA,gasolina,562.3580,115
2018-10-10,CE,diesel_s10,721.9130,186
2018-10-10,CE,etanol,636.3360,174
2018-10-10,CE,gasolina,915.1240,191
2018-10-10,DF,diesel_s10,122.3350,31
2018-10-10,DF,etanol,139.9740,42
2018-10-10,DF,gasolina,228.1050,47
2018-10-10,ES,diesel_s10,51.3790,14
2018-10-10,ES,etanol,22.8090,6
2018-10-10,ES,gasolina,86.3190,18
2018-10-10,GO,diesel_s10,416.0100,106
2018-10-10,GO,etanol,414.8340,138
2018-10-10,GO,gasolina,682.8700,137
2018-10-10,MA,diesel_s10,59.9100,16
2018-10-10,MA,etanol,33.6450,9
2018-10-10,MA,gasolina,85.2010,18
2018-10-10,MG,diesel_s10,776.0490,201
2018-10-10,MG,etanol,841.8370,277
2018-10-10,MG,gasolina,1376.0330,277
2018-10-10,MS,diesel_s10,105.7240,27
2018-10-10,MS,etanol,95.8520,28
2018-10-10,MS,gasolina,139.3240,30
2018-10-10,MT,diesel_s10,322.7960,78
2018-10-10,MT,etanol,265.1240,89
2018-10-10,MT,gasolina,428.3390,88
2018-10-10,PA,diesel_s10,197.1020,49
2018-10-10,PA,etanol,94.6930,24
2018-10-10,PA,gasolina,272.4970,55
2018-10-10,PB,diesel_s10,77.4570,21
2018-10-10,PB,etanol,61.8590,19
2018-10-10,PB,gasolina,102.2120,22
2018-10-10,PE,diesel_s10,85.3660,23
2018-10-10,PE,etanol,84.1380,26
2018-10-10,PE,gasolina,119.4980,26
2018-10-10,PI,diesel_s10,184.8220,47
2018-10-10,PI,etanol,103.8380,30
2018-10-10,PI,gasolina,226.3720,47
2018-10-10,PR,diesel_s10,349.2870,95
2018-10-10,PR,etanol,380.9410,124
2018-10-10,PR,gasolina,567.0760,119
2018-10-10,RJ,diesel_s10,624.8610,163
2018-10-10,RJ,etanol,726.9630,208
2018-10-10,RJ,gasolina,1101.7310,215
2018-10-10,RN,diesel_s10,3.7990,1
2018-10-10,RN,etanol,3.4990,1
2018-10-10,RN,gasolina,4.7300,1
2018-10-10,RO,diesel_s10,40.1050,10
2018-10-10,RO,etanol,25.2230,6
2018-10-10,RO,gasolina,68.8570,14
2018-10-10,RR,diesel_s10,3.9500,1
2018-10-10,RR,etanol,3.7900,1
2018-10-10,RR,gasolina,4.6900,1
2018-10-10,RS,diesel_s10,628.7170,166
2018-10-10,RS,etanol,408.7950,101
2018-10-10,RS,gasolina,1023.8490,205
2018-10-10,SC,diesel_s10,208.7160,57
2018-10-10,SC,etanol,134.7920,39
2018-10-10,SC,gasolina,298.2530,68
2018-10-10,SE,diesel_s10,22.9750,6
2018-10-10,SE,etanol,17.2360,5
2018-10-10,SE,gasolina,29.3350,6
2018-10-10,SP,diesel_s10,2546.0540,683
2018-10-10,SP,etanol,2487.5140,902
2018-10-10,SP,gasolina,4032.3110,886
2018-10-10,TO,diesel_s10,34.3960,9
2018-10-10,TO,etanol,34.0470,9
2018-10-10,TO,gasolina,51.8270,10
2018-10-11,AC,diesel_s10,130.7700,29
2018-10-11,AC,etanol,68.6800,17
2018-10-11,AC,gasolina,153.5900,29
2018-10-11,AL,diesel_s10,23.3860,6
2018-10-11,AL,etanol,20.2860,6
2018-10-11,AL,gasolina,28.7770,6
2018-10-11,AM,diesel_s10,108.2290,28
2018-10-11,AM,etanol,117.5280,33
2018-10-11,AM,gasolina,201.6110,41
2018-10-11,BA,diesel_s10,242.8300,64
2018-10-11,BA,etanol,350.3920,98
2018-10-11,BA,gasolina,497.7970,102
2018-10-11,CE,diesel_s10,23.2000,6
2018-10-11,CE,etanol,18.1300,5
2018-10-11,CE,gasolina,28.6270,6
2018-10-11,ES,diesel_s10,185.0670,50
2018-10-11,ES,etanol,166.0260,46
2018-10-11,ES,gasolina,330.7670,70
2018-10-11,GO,diesel_s10,183.4040,47
2018-10-11,GO,etanol,173.3890,58
2018-10-11,GO,gasolina,274.2470,56
2018-10-11,MA,diesel_s10,41.3600,11
2018-10-11,MA,etanol,21.5460,6
2018-10-11,MA,gasolina,54.9200,12
2018-10-11,MG,diesel_s10,93.3670,24
2018-10-11,MG,etanol,115.9780,36
2018-10-11,MG,gasolina,185.4840,36
2018-10-11,MS,diesel_s10,151.9010,40
2018-10-11,MS,etanol,138.7010,43
2018-10-11,MS,gasolina,186.2820,43
2018-10-11,MT,diesel_s10,162.4380,41
2018-10-11,MT,etanol,168.3470,60
2018-10-11,MT,gasolina,286.0420,60
2018-10-11,PA,diesel_s10,71.6410,18
2018-10-11,PA,etanol,30.2960,8
2018-10-11,PA,gasolina,95.8950,20
2018-10-11,PB,diesel_s10,84.5910,23
2018-10-11,PB,etanol,77.3230,25
2018-10-11,PB,gasolina,112.5900,25
2018-10-11,PE,diesel_s10,312.5670,84
2018-10-11,PE,etanol,280.7400,84
2018-10-11,PE,gasolina,455.7430,98
2018-10-11,PI,diesel_s10,7.6600,2
2018-10-11,PI,etanol,3.8500,1
2018-10-11,PI,gasolina,9.9690,2
2018-10-11,PR,diesel_s10,227.8730,63
2018-10-11,PR,etanol,225.9820,77
2018-10-11,PR,gasolina,340.6740,76
2018-10-11,RJ,diesel_s10,198.1760,52
2018-10-11,RJ,etanol,244.0610,71
2018-10-11,RJ,gasolina,364.9380,72
2018-10-11,RN,diesel_s10,88.0260,23
2018-10-11,RN,etanol,85.8430,24
2018-10-11,RN,gasolina,108.2370,23
2018-10-11,RO,diesel_s10,56.2300,14
2018-10-11,RO,etanol,29.3500,7
2018-10-11,RO,gasolina,69.9390,14
2018-10-11,RS,diesel_s10,77.2180,20
2018-10-11,RS,etanol,44.5130,11
2018-10-11,RS,gasolina,110.1770,22
2018-10-11,SC,diesel_s10,90.5330,25
2018-10-11,SC,etanol,65.8780,19
2018-10-11,SC,gasolina,109.4330,25
2018-10-11,SE,diesel_s10,73.9130,19
2018-10-11,SE,etanol,72.8480,21
2018-10-11,SE,gasolina,102.6830,21
2018-10-11,SP,diesel_s10,1141.1140,307
2018-10-11,SP,etanol,1069.7950,389
2018-10-11,SP,gasolina,1749.3300,385
2018-10-15,AC,diesel_s10,43.1190,9
2018-10-15,AC,gasolina,56.9180,10
2018-10-15,AL,diesel_s10,73.5080,19
2018-10-15,AL,etanol,104.2140,30
2018-10-15,AL,gasolina,155.2300,32
2018-10-15,AM,diesel_s10,25.5600,6
2018-10-15,AM,etanol,7.9800,2
2018-10-15,AM,gasolina,87.6000,17
2018-10-15,AP,diesel_s10,9.3400,2
2018-10-15,AP,gasolina,13.3000,3
2018-10-15,BA,diesel_s10,331.9680,86
2018-10-15,BA,etanol,321.5720,92
2018-10-15,BA,gasolina,459.7030,94
2018-10-15,CE,diesel_s10,42.9880,11
2018-10-15,CE,etanol,33.4570,9
2018-10-15,CE,gasolina,58.2290,12
2018-10-15,ES,diesel_s10,45.1400,12
2018-10-15,ES,etanol,32.8100,9
2018-10-15,ES,gasolina,74.0100,15
2018-10-15,GO,diesel_s10,19.7860,5
2018-10-15,GO,etanol,18.2960,6
2018-10-15,GO,gasolina,29.3460,6
2018-10-15,MA,diesel_s10,25.4350,7
2018-10-15,MA,etanol,3.7700,1
2018-10-15,MA,gasolina,36.2240,8
2018-10-15,MG,diesel_s10,671.8030,173
2018-10-15,MG,etanol,746.7700,242
2018-10-15,MG,gasolina,1217.6020,244
2018-10-15,MS,diesel_s10,58.7620,15
2018-10-15,MS,etanol,51.8320,15
2018-10-15,MS,gasolina,74.8600,16
2018-10-15,MT,diesel_s10,4.1490,1
2018-10-15,MT,etanol,3.1900,1
2018-10-15,MT,gasolina,4.8990,1
2018-10-15,PA,diesel_s10,73.2050,19
2018-10-15,PA,etanol,25.3080,7
2018-10-15,PA,gasolina,94.6110,20
2018-10-15,PB,diesel_s10,38.4850,10
2018-10-15,PB,etanol,38.5550,11
2018-10-15,PB,gasolina,61.8030,13
2018-10-15,PE,diesel_s10,45.2940,12
2018-10-15,PE,etanol,39.8340,11
2018-10-15,PE,gasolina,63.1260,13
2018-10-15,PI,diesel_s10,35.6120,9
2018-10-15,PI,etanol,30.5420,9
2018-10-15,PI,gasolina,47.6910,10
2018-10-15,PR,diesel_s10,253.1630,70
2018-10-15,PR,etanol,295.4950,101
2018-10-15,PR,gasolina,449.7750,99
2018-10-15,RJ,diesel_s10,120.8420,32
2018-10-15,RJ,etanol,140.0140,40
2018-10-15,RJ,gasolina,205.0970,40
2018-10-15,RO,diesel_s10,82.8640,21
2018-10-15,RO,etanol,52.3020,14
2018-10-15,RO,gasolina,132.8080,28
2018-10-15,RS,diesel_s10,228.1610,61
2018-10-15,RS,etanol,124.2040,31
2018-10-15,RS,gasolina,342.7140,69
2018-10-15,SC,diesel_s10,194.8730,53
2018-10-15,SC,etanol,137.0370,39
2018-10-15,SC,gasolina,290.8860,66
2018-10-15,SE,diesel_s10,37.7370,10
2018-10-15,SE,etanol,17.4900,5
2018-10-15,SE,gasolina,46.6890,10
2018-10-15,SP,diesel_s10,673.8410,183
2018-10-15,SP,etanol,751.4990,273
2018-10-15,SP,gasolina,1228.2980,273
2018-10-15,TO,diesel_s10,64.4120,16
2018-10-15,TO,etanol,44.9220,12
2018-10-15,TO,gasolina,90.9480,18
2018-10-16,AM,diesel_s10,15.6800,4
2018-10-16,AM,etanol,10.9900,3
2018-10-16,AM,gasolina,23.5200,5
2018-10-16,AP,gasolina,4.6790,1
2018-10-16,BA,diesel_s10,59.8460,15
2018-10-16,BA,etanol,71.0630,20
2018-10-16,BA,gasolina,110.5920,22
2018-10-16,CE,diesel_s10,543.0290,140
2018-10-16,CE,etanol,497.6420,137
2018-10-16,CE,gasolina,666.0140,140
2018-10-16,ES,diesel_s10,48.7500,13
2018-10-16,ES,etanol,30.2400,8
2018-10-16,ES,gasolina,78.1400,16
2018-10-16,GO,diesel_s10,124.7120,32
2018-10-16,GO,etanol,127.0470,43
2018-10-16,GO,gasolina,211.7450,43
2018-10-16,MA,diesel_s10,139.9940,37
2018-10-16,MA,etanol,62.1700,17
2018-10-16,MA,gasolina,170.7900,37
2018-10-16,MG,diesel_s10,271.1720,70
2018-10-16,MG,etanol,278.2480,87
2018-10-16,MG,gasolina,418.4650,83
2018-10-16,MT,diesel_s10,43.2130,10
2018-10-16,MT,etanol,31.9430,10
2018-10-16,MT,gasolina,50.7320,10
2018-10-16,PA,diesel_s10,72.7170,18
2018-10-16,PA,etanol,15.8500,4
2018-10-16,PA,gasolina,95.1870,19
2018-10-16,PB,diesel_s10,11.0290,3
2018-10-16,PB,etanol,9.5480,3
2018-10-16,PB,gasolina,13.5790,3
2018-10-16,PE,diesel_s10,194.2830,52
2018-10-16,PE,etanol,165.8980,49
2018-10-16,PE,gasolina,248.4960,53
2018-10-16,PI,diesel_s10,78.9440,20
2018-10-16,PI,etanol,57.7540,17
2018-10-16,PI,gasolina,95.5740,20
2018-10-16,PR,diesel_s10,210.6190,58
2018-10-16,PR,etanol,216.2820,71
2018-10-16,PR,gasolina,320.5140,69
2018-10-16,RJ,diesel_s10,465.7730,123
2018-10-16,RJ,etanol,596.7390,173
2018-10-16,RJ,gasolina,900.4190,178
2018-10-16,RN,diesel_s10,109.7900,28
2018-10-16,RN,etanol,109.7680,31
2018-10-16,RN,gasolina,146.9020,31
2018-10-16,RO,diesel_s10,73.2750,18
2018-10-16,RO,etanol,25.5700,6
2018-10-16,RO,gasolina,73.2150,15
2018-10-16,RR,diesel_s10,43.3100,11
2018-10-16,RR,etanol,4.1000,1
2018-10-16,RR,gasolina,50.5200,11
2018-10-16,RS,diesel_s10,111.0400,29
2018-10-16,RS,etanol,101.1450,25
2018-10-16,RS,gasolina,186.9630,37
2018-10-16,SC,diesel_s10,262.1050,72
2018-10-16,SC,etanol,221.1540,64
2018-10-16,SC,gasolina,401.9080,93
2018-10-16,SP,diesel_s10,885.0790,239
2018-10-16,SP,etanol,871.5800,311
2018-10-16,SP,gasolina,1403.8430,309
2018-10-16,TO,diesel_s10,63.9240,17
2018-10-16,TO,etanol,59.9130,16
2018-10-16,TO,gasolina,84.1840,17
2018-10-17,AC,diesel_s10,130.7900,29
2018-10-17,AC,etanol,72.6700,18
2018-10-17,AC,gasolina,153.5900,29
2018-10-17,AL,diesel_s10,59.2840,15
2018-10-17,AL,etanol,53.6420,15
2018-10-17,AL,gasolina,88.8350,18
2018-10-17,AM,diesel_s10,8.5000,2
2018-10-17,AM,gasolina,29.5800,6
2018-10-17,AP,diesel_s10,69.1690,15
2018-10-17,AP,gasolina,103.6390,24
2018-10-17,BA,diesel_s10,292.9340,76
2018-10-17,BA,etanol,328.0700,93
2018-10-17,BA,gasolina,450.9230,92
2018-10-17,CE,diesel_s10,223.7630,57
2018-10-17,CE,etanol,186.6880,50
2018-10-17,CE,gasolina,301.6970,62
2018-10-17,DF,diesel_s10,130.0740,33
2018-10-17,DF,etanol,141.0030,42
2018-10-17,DF,gasolina,226.6520,47
2018-10-17,ES,diesel_s10,43.9190,12
2018-10-17,ES,etanol,15.0290,4
2018-10-17,ES,gasolina,76.9390,16
2018-10-17,GO,diesel_s10,420.8590,107
2018-10-17,GO,etanol,428.7040,138
2018-10-17,GO,gasolina,683.3600,137
2018-10-17,MA,diesel_s10,81.6540,22
2018-10-17,MA,etanol,37.1140,10
2018-10-17,MA,gasolina,120.0530,26
2018-10-17,MG,diesel_s10,615.5230,159
2018-10-17,MG,etanol,675.8990,219
2018-10-17,MG,gasolina,1087.0340,216
2018-10-17,MS,diesel_s10,105.7750,27
2018-10-17,MS,etanol,96.0020,28
2018-10-17,MS,gasolina,139.0550,30
2018-10-17,MT,diesel_s10,477.6520,117
2018-10-17,MT,etanol,431.4440,148
2018-10-17,MT,gasolina,715.0810,148
2018-10-17,PA,diesel_s10,166.6260,41
2018-10-17,PA,etanol,72.9160,18
2018-10-17,PA,gasolina,235.4910,47
2018-10-17,PB,diesel_s10,155.6480,42
2018-10-17,PB,etanol,135.2330,43
2018-10-17,PB,gasolina,210.0810,46
2018-10-17,PE,diesel_s10,156.0210,42
2018-10-17,PE,etanol,153.9010,48
2018-10-17,PE,gasolina,222.5800,49
2018-10-17,PI,diesel_s10,130.2770,33
2018-10-17,PI,etanol,66.4680,19
2018-10-17,PI,gasolina,166.1460,34
2018-10-17,PR,diesel_s10,522.0250,144
2018-10-17,PR,etanol,565.2260,184
2018-10-17,PR,gasolina,837.8050,180
2018-10-17,RJ,diesel_s10,252.7890,66
2018-10-17,RJ,etanol,279.8160,79
2018-10-17,RJ,gasolina,416.6320,81
2018-10-17,RN,diesel_s10,7.9980,2
2018-10-17,RN,etanol,7.0980,2
2018-10-17,RN,gasolina,9.5790,2
2018-10-17,RO,diesel_s10,40.2240,10
2018-10-17,RO,etanol,25.1980,6
2018-10-17,RO,gasolina,68.8960,14
2018-10-17,RR,diesel_s10,8.0400,2
2018-10-17,RR,etanol,3.8950,1
2018-10-17,RR,gasolina,9.2600,2
2018-10-17,RS,diesel_s10,688.6030,182
2018-10-17,RS,etanol,465.9960,115
2018-10-17,RS,gasolina,1134.2760,228
2018-10-17,SC,diesel_s10,208.9220,57
2018-10-17,SC,etanol,135.2860,39
2018-10-17,SC,gasolina,298.5930,68
2018-10-17,SE,diesel_s10,22.9750,6
2018-10-17,SE,etanol,17.2360,5
2018-10-17,SE,gasolina,29.3350,6
2018-10-17,SP,diesel_s10,2372.8420,636
2018-10-17,SP,etanol,2260.3130,813
2018-10-17,SP,gasolina,3648.3050,797
2018-10-17,TO,diesel_s10,38.6270,10
2018-10-17,TO,etanol,38.0980,10
2018-10-17,TO,gasolina,56.7580,11
2018-10-18,AL,diesel_s10,23.3860,6
2018-10-18,AL,etanol,20.2860,6
2018-10-18,AL,gasolina,28.7770,6
2018-10-18,AM,diesel_s10,116.9450,30
2018-10-18,AM,etanol,108.1740,30
2018-10-18,AM,gasolina,214.3780,43
2018-10-18,BA,diesel_s10,367.7320,97
2018-10-18,BA,etanol,428.7130,122
2018-10-18,BA,gasolina,603.8820,124
2018-10-18,CE,diesel_s10,15.7100,4
2018-10-18,CE,etanol,11.1300,3
2018-10-18,CE,gasolina,19.2970,4
2018-10-18,ES,diesel_s10,206.9320,56
2018-10-18,ES,etanol,162.8540,45
2018-10-18,ES,gasolina,331.1980,70
2018-10-18,GO,diesel_s10,145.1010,37
2018-10-18,GO,etanol,139.1530,46
2018-10-18,GO,gasolina,216.5570,44
2018-10-18,MA,diesel_s10,159.0970,44
2018-10-18,MA,etanol,32.0430,9
2018-10-18,MA,gasolina,203.3370,46
2018-10-18,MG,diesel_s10,93.3670,24
2018-10-18,MG,etanol,113.2960,35
2018-10-18,MG,gasolina,180.4120,35
2018-10-18,MS,diesel_s10,141.3700,37
2018-10-18,MS,etanol,140.2910,43
2018-10-18,MS,gasolina,187.4910,43
2018-10-18,PA,diesel_s10,102.9170,26
2018-10-18,PA,etanol,52.6730,14
2018-10-18,PA,gasolina,133.8990,28
2018-10-18,PB,diesel_s10,3.7800,1
2018-10-18,PB,etanol,3.1900,1
2018-10-18,PB,gasolina,4.6900,1
2018-10-18,PE,diesel_s10,237.9530,64
2018-10-18,PE,etanol,209.1950,62
2018-10-18,PE,gasolina,350.1040,75
2018-10-18,PI,diesel_s10,7.7500,2
2018-10-18,PI,etanol,3.8500,1
2018-10-18,PI,gasolina,9.9690,2
2018-10-18,PR,diesel_s10,60.3990,16
2018-10-18,PR,etanol,54.7490,18
2018-10-18,PR,gasolina,81.9990,17
2018-10-18,RJ,diesel_s10,340.1760,89
2018-10-18,RJ,etanol,419.9430,120
2018-10-18,RJ,gasolina,621.9150,122
2018-10-18,RN,diesel_s10,104.5850,27
2018-10-18,RN,etanol,103.5210,29
2018-10-18,RN,gasolina,137.0130,29
2018-10-18,RO,diesel_s10,56.1100,14
2018-10-18,RO,etanol,29.3500,7
2018-10-18,RO,gasolina,69.9390,14
2018-10-18,RS,diesel_s10,99.9930,26
2018-10-18,RS,etanol,78.0580,19
2018-10-18,RS,gasolina,145.4710,29
2018-10-18,SC,diesel_s10,90.5840,25
2018-10-18,SC,etanol,65.8090,19
2018-10-18,SC,gasolina,109.5330,25
2018-10-18,SE,diesel_s10,74.8530,19
2018-10-18,SE,etanol,62.8130,18
2018-10-18,SE,gasolina,103.3810,21
2018-10-18,SP,diesel_s10,809.6610,216
2018-10-18,SP,etanol,747.9930,268
2018-10-18,SP,gasolina,1215.8770,266
2018-10-22,AC,diesel_s10,43.1190,9
2018-10-22,AC,gasolina,56.9180,10
2018-10-22,AL,diesel_s10,66.1910,17
2018-10-22,AL,etanol,78.5150,23
2018-10-22,AL,gasolina,116.9620,24
2018-10-22,AM,diesel_s10,25.3800,6
2018-10-22,AM,etanol,7.2400,2
2018-10-22,AM,gasolina,51.0500,10
2018-10-22,AP,diesel_s10,59.8500,13
2018-10-22,AP,etanol,4.2400,1
2018-10-22,AP,gasolina,90.8590,21
2018-10-22,BA,diesel_s10,336.3030,87
2018-10-22,BA,etanol,405.1480,114
2018-10-22,BA,gasolina,581.5340,118
2018-10-22,ES,diesel_s10,109.5400,29
2018-10-22,ES,etanol,72.8500,19
2018-10-22,ES,gasolina,177.0800,36
2018-10-22,GO,diesel_s10,76.7040,19
2018-10-22,GO,etanol,86.3330,27
2018-10-22,GO,gasolina,135.2860,27
2018-10-22,MA,diesel_s10,100.8830,26
2018-10-22,MA,etanol,63.5900,17
2018-10-22,MA,gasolina,132.5580,28
2018-10-22,MG,diesel_s10,694.3420,178
2018-10-22,MG,etanol,725.4050,226
2018-10-22,MG,gasolina,1132.8990,224
2018-10-22,MS,diesel_s10,105.1420,27
2018-10-22,MS,etanol,96.3990,28
2018-10-22,MS,gasolina,128.5880,28
2018-10-22,MT,diesel_s10,84.9440,19
2018-10-22,MT,etanol,64.6130,20
2018-10-22,MT,gasolina,102.7110,20
2018-10-22,PA,diesel_s10,177.5350,44
2018-10-22,PA,etanol,56.6140,14
2018-10-22,PA,gasolina,249.3130,50
2018-10-22,PE,diesel_s10,148.5520,39
2018-10-22,PE,etanol,116.3360,33
2018-10-22,PE,gasolina,210.4570,43
2018-10-22,PI,diesel_s10,66.9150,17
2018-10-22,PI,etanol,39.4660,11
2018-10-22,PI,gasolina,88.6430,18
2018-10-22,PR,diesel_s10,175.6660,48
2018-10-22,PR,etanol,213.9320,69
2018-10-22,PR,gasolina,291.0870,62
2018-10-22,RJ,diesel_s10,213.8540,57
2018-10-22,RJ,etanol,256.8740,74
2018-10-22,RJ,gasolina,391.2920,77
2018-10-22,RO,diesel_s10,97.1930,24
2018-10-22,RO,etanol,58.9280,14
2018-10-22,RO,gasolina,128.3630,26
2018-10-22,RS,diesel_s10,311.9960,81
2018-10-22,RS,etanol,213.2160,52
2018-10-22,RS,gasolina,480.9910,95
2018-10-22,SC,diesel_s10,232.0100,63
2018-10-22,SC,etanol,162.0420,46
2018-10-22,SC,gasolina,318.0750,72
2018-10-22,SE,diesel_s10,42.1830,11
2018-10-22,SE,etanol,20.7550,6
2018-10-22,SE,gasolina,53.1910,11
2018-10-22,SP,diesel_s10,866.1390,232
2018-10-22,SP,etanol,934.2090,326
2018-10-22,SP,gasolina,1485.2690,326
2018-10-22,TO,diesel_s10,110.7240,28
2018-10-22,TO,etanol,88.4360,23
2018-10-22,TO,gasolina,151.6820,30
2018-10-23,AM,diesel_s10,33.0700,8
2018-10-23,AM,etanol,3.9900,1
2018-10-23,AM,gasolina,60.7480,12
2018-10-23,AP,diesel_s10,13.8990,3
2018-10-23,AP,gasolina,22.1090,5
2018-10-23,BA,diesel_s10,42.3280,11
2018-10-23,BA,etanol,42.5520,12
2018-10-23,BA,gasolina,63.6910,13
2018-10-23,CE,diesel_s10,402.4960,102
2018-10-23,CE,etanol,353.7630,96
2018-10-23,CE,gasolina,512.3860,107
2018-10-23,ES,diesel_s10,32.5890,9
2018-10-23,ES,etanol,11.2790,3
2018-10-23,ES,gasolina,53.3090,11
2018-10-23,GO,diesel_s10,225.9650,57
2018-10-23,GO,etanol,223.0130,71
2018-10-23,GO,gasolina,350.4810,70
2018-10-23,MA,diesel_s10,107.2100,28
2018-10-23,MA,etanol,51.1830,14
2018-10-23,MA,gasolina,141.0210,30
2018-10-23,MG,diesel_s10,583.1580,151
2018-10-23,MG,etanol,641.5530,204
2018-10-23,MG,gasolina,1021.1690,204
2018-10-23,MS,diesel_s10,39.6180,10
2018-10-23,MS,etanol,31.6750,9
2018-10-23,MS,gasolina,45.7710,10
2018-10-23,MT,diesel_s10,171.1170,41
2018-10-23,MT,etanol,140.2710,46
2018-10-23,MT,gasolina,219.5000,45
2018-10-23,PA,diesel_s10,68.5450,17
2018-10-23,PA,etanol,23.0190,6
2018-10-23,PA,gasolina,88.6290,18
2018-10-23,PB,diesel_s10,101.9200,27
2018-10-23,PB,etanol,94.0550,29
2018-10-23,PB,gasolina,147.5890,32
2018-10-23,PE,diesel_s10,152.5510,41
2018-10-23,PE,etanol,157.6620,49
2018-10-23,PE,gasolina,230.4860,51
2018-10-23,PI,diesel_s10,158.2470,40
2018-10-23,PI,etanol,98.6510,29
2018-10-23,PI,gasolina,201.3710,42
2018-10-23,PR,diesel_s10,416.0480,114
2018-10-23,PR,etanol,446.6340,144
2018-10-23,PR,gasolina,664.2080,142
2018-10-23,RJ,diesel_s10,204.3820,54
2018-10-23,RJ,etanol,213.8290,61
2018-10-23,RJ,gasolina,316.9180,62
2018-10-23,RN,diesel_s10,91.9940,23
2018-10-23,RN,etanol,100.5880,28
2018-10-23,RN,gasolina,133.7230,28
2018-10-23,RO,diesel_s10,119.6730,30
2018-10-23,RO,etanol,62.6010,16
2018-10-23,RO,gasolina,176.1220,37
2018-10-23,RR,diesel_s10,39.5100,10
2018-10-23,RR,etanol,16.0100,4
2018-10-23,RR,gasolina,50.3900,11
2018-10-23,RS,diesel_s10,290.2150,77
2018-10-23,RS,etanol,156.0020,38
2018-10-23,RS,gasolina,476.8010,96
2018-10-23,SC,diesel_s10,367.5520,100
2018-10-23,SC,etanol,341.0650,98
2018-10-23,SC,gasolina,581.3150,133
2018-10-23,SE,diesel_s10,18.5190,5
2018-10-23,SE,etanol,14.0000,4
2018-10-23,SE,gasolina,22.9900,5
2018-10-23,SP,diesel_s10,881.6720,239
2018-10-23,SP,etanol,882.4900,314
2018-10-23,SP,gasolina,1399.1870,310
2018-10-24,AL,diesel_s10,123.4570,31
2018-10-24,AL,etanol,111.0570,31
2018-10-24,AL,gasolina,167.3180,34
2018-10-24,AM,diesel_s10,8.5000,2
2018-10-24,AM,gasolina,29.5800,6
2018-10-24,AP,diesel_s10,4.6900,1
2018-10-24,AP,gasolina,8.4800,2
2018-10-24,BA,diesel_s10,501.6460,130
2018-10-24,BA,etanol,571.0730,164
2018-10-24,BA,gasolina,841.4190,172
2018-10-24,CE,diesel_s10,32.2370,8
2018-10-24,CE,etanol,33.9050,9
2018-10-24,CE,gasolina,49.4470,10
2018-10-24,DF,diesel_s10,8.1980,2
2018-10-24,DF,etanol,6.9260,2
2018-10-24,DF,gasolina,9.6460,2
2018-10-24,GO,diesel_s10,362.5350,93
2018-10-24,GO,etanol,397.4050,125
2018-10-24,GO,gasolina,610.9560,123
2018-10-24,MA,diesel_s10,196.0550,55
2018-10-24,MA,etanol,42.1380,12
2018-10-24,MA,gasolina,249.2230,57
2018-10-24,MG,diesel_s10,153.2220,39
2018-10-24,MG,etanol,198.7990,62
2018-10-24,MG,gasolina,312.9940,62
2018-10-24,MS,diesel_s10,152.9570,40
2018-10-24,MS,etanol,162.5040,49
2018-10-24,MS,gasolina,218.5880,50
2018-10-24,MT,diesel_s10,199.6230,50
2018-10-24,MT,etanol,184.3430,65
2018-10-24,MT,gasolina,310.5430,65
2018-10-24,PA,diesel_s10,129.4990,33
2018-10-24,PA,etanol,58.9340,16
2018-10-24,PA,gasolina,160.4180,34
2018-10-24,PB,diesel_s10,59.1640,16
2018-10-24,PB,etanol,52.6620,17
2018-10-24,PB,gasolina,81.0350,18
2018-10-24,PE,diesel_s10,111.4950,30
2018-10-24,PE,etanol,105.9200,33
2018-10-24,PE,gasolina,147.9200,33
2018-10-24,PI,diesel_s10,23.6450,6
2018-10-24,PI,etanol,20.3850,6
2018-10-24,PI,gasolina,28.6350,6
2018-10-24,PR,diesel_s10,150.3100,41
2018-10-24,PR,etanol,167.3960,56
2018-10-24,PR,gasolina,258.5170,56
2018-10-24,RJ,diesel_s10,392.1040,103
2018-10-24,RJ,etanol,463.2080,132
2018-10-24,RJ,gasolina,679.1000,133
2018-10-24,RN,diesel_s10,126.1340,32
2018-10-24,RN,etanol,110.8310,31
2018-10-24,RN,gasolina,165.6700,35
2018-10-24,RO,diesel_s10,31.9900,8
2018-10-24,RO,etanol,12.8900,3
2018-10-24,RO,gasolina,39.8600,8
2018-10-24,RR,diesel_s10,7.9300,2
2018-10-24,RR,etanol,4.0000,1
2018-10-24,RR,gasolina,9.1500,2
2018-10-24,RS,diesel_s10,317.1030,84
2018-10-24,RS,etanol,220.9370,54
2018-10-24,RS,gasolina,497.5240,102
2018-10-24,SC,diesel_s10,91.9510,25
2018-10-24,SC,etanol,57.1870,16
2018-10-24,SC,gasolina,110.6900,25
2018-10-24,SP,diesel_s10,1969.2670,529
2018-10-24,SP,etanol,1980.7660,704
2018-10-24,SP,gasolina,3191.0660,698
2018-10-24,TO,diesel_s10,53.1560,14
2018-10-24,TO,etanol,59.8450,16
2018-10-24,TO,gasolina,80.7450,16
2018-10-25,AC,diesel_s10,126.0200,28
2018-10-25,AC,etanol,68.1700,17
2018-10-25,AC,gasolina,153.5200,29
2018-10-25,AM,diesel_s10,109.0280,28
2018-10-25,AM,etanol,123.4250,34
2018-10-25,AM,gasolina,204.3670,42
2018-10-25,BA,diesel_s10,103.6280,28
2018-10-25,BA,etanol,109.4820,32
2018-10-25,BA,gasolina,150.0740,31
2018-10-25,CE,diesel_s10,390.2620,101
2018-10-25,CE,etanol,361.5580,100
2018-10-25,CE,gasolina,479.8730,101
2018-10-25,DF,diesel_s10,122.3510,31
2018-10-25,DF,etanol,135.6910,40
2018-10-25,DF,gasolina,218.2000,45
2018-10-25,ES,diesel_s10,188.3200,51
2018-10-25,ES,etanol,174.1330,48
2018-10-25,ES,gasolina,330.0000,70
2018-10-25,GO,diesel_s10,38.9490,10
2018-10-25,GO,etanol,34.3240,11
2018-10-25,GO,gasolina,54.6940,11
2018-10-25,MA,diesel_s10,3.8000,1
2018-10-25,MA,etanol,3.7700,1
2018-10-25,MA,gasolina,9.4800,2
2018-10-25,MG,diesel_s10,282.6780,73
2018-10-25,MG,etanol,280.8190,91
2018-10-25,MG,gasolina,456.4450,91
2018-10-25,MT,diesel_s10,84.2240,21
2018-10-25,MT,etanol,79.3940,28
2018-10-25,MT,gasolina,133.0970,28
2018-10-25,PA,diesel_s10,43.8000,11
2018-10-25,PA,etanol,16.7700,4
2018-10-25,PA,gasolina,58.3700,12
2018-10-25,PB,diesel_s10,44.3100,12
2018-10-25,PB,etanol,43.5850,13
2018-10-25,PB,gasolina,61.7600,13
2018-10-25,PE,diesel_s10,215.1590,58
2018-10-25,PE,etanol,177.2220,52
2018-10-25,PE,gasolina,283.9240,61
2018-10-25,PR,diesel_s10,282.2650,78
2018-10-25,PR,etanol,308.9080,103
2018-10-25,PR,gasolina,457.9210,102
2018-10-25,RJ,diesel_s10,443.9540,115
2018-10-25,RJ,etanol,537.4190,149
2018-10-25,RJ,gasolina,767.1230,149
2018-10-25,RS,diesel_s10,216.1470,57
2018-10-25,RS,etanol,155.3750,38
2018-10-25,RS,gasolina,340.9350,69
2018-10-25,SC,diesel_s10,77.2120,21
2018-10-25,SC,etanol,53.2180,15
2018-10-25,SC,gasolina,99.6090,23
2018-10-25,SE,diesel_s10,73.4710,19
2018-10-25,SE,etanol,72.5660,21
2018-10-25,SE,gasolina,103.1490,21
2018-10-25,SP,diesel_s10,972.3880,259
2018-10-25,SP,etanol,905.5590,320
2018-10-25,SP,gasolina,1407.9480,307
2018-10-29,AC,diesel_s10,43.2690,9
2018-10-29,AC,gasolina,57.0080,10
2018-10-29,AM,diesel_s10,25.4800,6
2018-10-29,AM,etanol,7.0400,2
2018-10-29,AM,gasolina,51.0500,10
2018-10-29,AP,diesel_s10,41.3090,9
2018-10-29,AP,gasolina,60.0580,14
2018-10-29,BA,diesel_s10,230.4300,59
2018-10-29,BA,etanol,238.4270,67
2018-10-29,BA,gasolina,342.6010,69
2018-10-29,CE,diesel_s10,7.8890,2
2018-10-29,CE,etanol,7.2780,2
2018-10-29,CE,gasolina,9.4980,2
2018-10-29,ES,diesel_s10,105.6900,28
2018-10-29,ES,etanol,69.0400,18
2018-10-29,ES,gasolina,176.4000,36
2018-10-29,GO,diesel_s10,64.5050,16
2018-10-29,GO,etanol,73.3950,23
2018-10-29,GO,gasolina,115.0290,23
2018-10-29,MA,diesel_s10,100.8830,26
2018-10-29,MA,etanol,63.6200,17
2018-10-29,MA,gasolina,132.6080,28
2018-10-29,MG,diesel_s10,775.3830,199
2018-10-29,MG,etanol,858.6220,269
2018-10-29,MG,gasolina,1335.6670,266
2018-10-29,MS,diesel_s10,105.4980,27
2018-10-29,MS,etanol,93.7850,27
2018-10-29,MS,gasolina,123.9470,27
2018-10-29,MT,diesel_s10,93.4130,21
2018-10-29,MT,etanol,73.7910,23
2018-10-29,MT,gasolina,117.5090,23
2018-10-29,PA,diesel_s10,177.3830,44
2018-10-29,PA,etanol,52.7760,13
2018-10-29,PA,gasolina,244.3740,49
2018-10-29,PE,diesel_s10,144.5020,38
2018-10-29,PE,etanol,112.2170,32
2018-10-29,PE,gasolina,205.2070,42
2018-10-29,PI,diesel_s10,181.7180,46
2018-10-29,PI,etanol,123.3130,36
2018-10-29,PI,gasolina,238.4190,50
2018-10-29,PR,diesel_s10,264.9040,72
2018-10-29,PR,etanol,286.1990,93
2018-10-29,PR,gasolina,395.9630,85
2018-10-29,RJ,diesel_s10,210.0260,56
2018-10-29,RJ,etanol,258.8240,74
2018-10-29,RJ,gasolina,389.5450,77
2018-10-29,RO,diesel_s10,101.1030,25
2018-10-29,RO,etanol,66.8170,16
2018-10-29,RO,gasolina,137.6530,28
2018-10-29,RS,diesel_s10,367.9130,96
2018-10-29,RS,etanol,261.6250,64
2018-10-29,RS,gasolina,586.6050,117
2018-10-29,SC,diesel_s10,232.2830,63
2018-10-29,SC,etanol,156.0320,44
2018-10-29,SC,gasolina,313.0100,71
2018-10-29,SE,diesel_s10,38.4340,10
2018-10-29,SE,etanol,17.2560,5
2018-10-29,SE,gasolina,48.3420,10
2018-10-29,SP,diesel_s10,833.0630,223
2018-10-29,SP,etanol,898.4730,314
2018-10-29,SP,gasolina,1430.3140,315
2018-10-29,TO,diesel_s10,109.8530,28
2018-10-29,TO,etanol,88.6650,23
2018-10-29,TO,gasolina,151.6910,30
2018-10-30,AL,diesel_s10,53.6730,14
2018-10-30,AL,etanol,80.0470,24
2018-10-30,AL,gasolina,116.5900,24
2018-10-30,AM,diesel_s10,33.0700,8
2018-10-30,AM,etanol,3.9900,1
2018-10-30,AM,gasolina,60.7480,12
2018-10-30,AP,diesel_s10,41.4600,9
2018-10-30,AP,gasolina,59.2300,14
2018-10-30,BA,diesel_s10,270.2690,71
2018-10-30,BA,etanol,317.2050,93
2018-10-30,BA,gasolina,453.9610,94
2018-10-30,CE,diesel_s10,781.2540,202
2018-10-30,CE,etanol,712.1290,195
2018-10-30,CE,gasolina,979.3650,207
2018-10-30,ES,diesel_s10,32.5890,9
2018-10-30,ES,etanol,11.2790,3
2018-10-30,ES,gasolina,53.3090,11
2018-10-30,GO,diesel_s10,280.1500,71
2018-10-30,GO,etanol,284.0240,90
2018-10-30,GO,gasolina,444.3020,89
2018-10-30,MA,diesel_s10,285.6210,77
2018-10-30,MA,etanol,55.1420,15
2018-10-30,MA,gasolina,359.9420,79
2018-10-30,MG,diesel_s10,645.6130,167
2018-10-30,MG,etanol,674.5790,213
2018-10-30,MG,gasolina,1069.1870,213
2018-10-30,MS,diesel_s10,152.3270,40
2018-10-30,MS,etanol,173.3210,52
2018-10-30,MS,gasolina,237.0280,54
2018-10-30,MT,diesel_s10,191.0500,46
2018-10-30,MT,etanol,159.6210,53
2018-10-30,MT,gasolina,252.2800,52
2018-10-30,PA,diesel_s10,139.0430,35
2018-10-30,PA,etanol,60.2430,16
2018-10-30,PA,gasolina,181.9350,38
2018-10-30,PB,diesel_s10,68.7580,18
2018-10-30,PB,etanol,60.6610,18
2018-10-30,PB,gasolina,93.6590,20
2018-10-30,PE,diesel_s10,133.9770,36
2018-10-30,PE,etanol,136.1190,42
2018-10-30,PE,gasolina,199.4590,44
2018-10-30,PI,diesel_s10,59.3830,15
2018-10-30,PI,etanol,27.7750,8
2018-10-30,PI,gasolina,73.0060,15
2018-10-30,PR,diesel_s10,516.5120,143
2018-10-30,PR,etanol,577.7500,189
2018-10-30,PR,gasolina,852.5870,187
2018-10-30,RJ,diesel_s10,231.1690,61
2018-10-30,RJ,etanol,281.3330,80
2018-10-30,RJ,gasolina,411.8520,81
2018-10-30,RN,diesel_s10,94.6430,25
2018-10-30,RN,etanol,89.8020,26
2018-10-30,RN,gasolina,120.7450,26
2018-10-30,RO,diesel_s10,119.5730,30
2018-10-30,RO,etanol,62.4510,16
2018-10-30,RO,gasolina,170.4510,36
2018-10-30,RR,diesel_s10,51.0600,13
2018-10-30,RR,etanol,4.1000,1
2018-10-30,RR,gasolina,59.4000,13
2018-10-30,RS,diesel_s10,294.5090,78
2018-10-30,RS,etanol,170.0960,41
2018-10-30,RS,gasolina,446.2610,90
2018-10-30,SC,diesel_s10,356.8400,97
2018-10-30,SC,etanol,344.5200,99
2018-10-30,SC,gasolina,584.2380,134
2018-10-30,SE,diesel_s10,97.5250,25
2018-10-30,SE,etanol,76.7070,22
2018-10-30,SE,gasolina,124.6640,26
2018-10-30,SP,diesel_s10,879.6610,238
2018-10-30,SP,etanol,900.5460,320
2018-10-30,SP,gasolina,1434.5140,315
2018-10-31,AL,diesel_s10,123.5970,31
2018-10-31,AL,etanol,110.4370,31
2018-10-31,AL,gasolina,167.4890,34
2018-10-31,AM,diesel_s10,8.5000,2
2018-10-31,AM,gasolina,29.8500,6
2018-10-31,BA,diesel_s10,441.9740,114
2018-10-31,BA,etanol,468.4300,134
2018-10-31,BA,gasolina,688.6910,141
2018-10-31,CE,diesel_s10,28.1160,7
2018-10-31,CE,etanol,33.9650,9
2018-10-31,CE,gasolina,44.1360,9
2018-10-31,GO,diesel_s10,251.5770,64
2018-10-31,GO,etanol,271.7570,85
2018-10-31,GO,gasolina,414.7290,83
2018-10-31,MA,diesel_s10,28.4920,8
2018-10-31,MA,etanol,3.4990,1
2018-10-31,MA,gasolina,35.0920,8
2018-10-31,MG,diesel_s10,239.5070,61
2018-10-31,MG,etanol,273.1360,88
2018-10-31,MG,gasolina,435.1000,87
2018-10-31,MS,diesel_s10,19.8500,5
2018-10-31,MS,etanol,21.2300,6
2018-10-31,MS,gasolina,38.3600,8
2018-10-31,PA,diesel_s10,55.3020,14
2018-10-31,PA,etanol,25.3090,7
2018-10-31,PA,gasolina,67.2250,14
2018-10-31,PB,diesel_s10,18.7160,5
2018-10-31,PB,etanol,19.4260,6
2018-10-31,PB,gasolina,27.1660,6
2018-10-31,PE,diesel_s10,137.7380,37
2018-10-31,PE,etanol,131.1170,41
2018-10-31,PE,gasolina,185.0970,41
2018-10-31,PI,diesel_s10,3.8590,1
2018-10-31,PI,etanol,3.3990,1
2018-10-31,PI,gasolina,4.6390,1
2018-10-31,PR,diesel_s10,171.1400,47
2018-10-31,PR,etanol,182.4060,61
2018-10-31,PR,gasolina,279.5570,61
2018-10-31,RJ,diesel_s10,279.7300,73
2018-10-31,RJ,etanol,334.5070,95
2018-10-31,RJ,gasolina,492.2540,96
2018-10-31,RN,diesel_s10,129.9740,33
2018-10-31,RN,etanol,110.8310,31
2018-10-31,RN,gasolina,165.6300,35
2018-10-31,RO,diesel_s10,27.9200,7
2018-10-31,RO,etanol,8.5900,2
2018-10-31,RO,gasolina,34.9000,7
2018-10-31,RS,diesel_s10,266.9270,71
2018-10-31,RS,etanol,170.5840,42
2018-10-31,RS,gasolina,421.6970,87
2018-10-31,SC,diesel_s10,91.9400,25
2018-10-31,SC,etanol,57.5570,16
2018-10-31,SC,gasolina,110.7190,25
2018-10-31,SE,diesel_s10,3.7490,1
2018-10-31,SE,etanol,3.4990,1
2018-10-31,SE,gasolina,4.7990,1
2018-10-31,SP,diesel_s10,1595.8090,429
2018-10-31,SP,etanol,1606.9800,570
2018-10-31,SP,gasolina,2583.3830,565
2018-10-31,TO,diesel_s10,22.6700,6
2018-10-31,TO,etanol,22.0800,6
2018-10-31,TO,gasolina,28.9000,6
2018-11-01,AC,diesel_s10,125.9000,28
2018-11-01,AC,etanol,68.1880,17
2018-11-01,AC,gasolina,153.3500,29
2018-11-01,AM,diesel_s10,118.3540,31
2018-11-01,AM,etanol,110.9020,31
2018-11-01,AM,gasolina,214.2640,43
2018-11-01,BA,diesel_s10,95.9230,26
2018-11-01,BA,etanol,101.1420,30
2018-11-01,BA,gasolina,150.0530,31
2018-11-01,DF,diesel_s10,126.9390,32
2018-11-01,DF,etanol,142.3930,42
2018-11-01,DF,gasolina,226.5160,47
2018-11-01,ES,diesel_s10,193.5070,52
2018-11-01,ES,etanol,174.4830,48
2018-11-01,ES,gasolina,328.8170,70
2018-11-01,GO,diesel_s10,112.1070,29
2018-11-01,GO,etanol,109.2480,36
2018-11-01,GO,gasolina,175.5280,36
2018-11-01,MA,diesel_s10,7.4990,2
2018-11-01,MA,etanol,3.7700,1
2018-11-01,MA,gasolina,14.0790,3
2018-11-01,MG,diesel_s10,38.6730,10
2018-11-01,MG,etanol,41.0280,13
2018-11-01,MG,gasolina,64.5790,13
2018-11-01,MT,diesel_s10,244.7640,61
2018-11-01,MT,etanol,235.7150,83
2018-11-01,MT,gasolina,396.3260,83
2018-11-01,PA,diesel_s10,47.4900,12
2018-11-01,PA,etanol,16.7700,4
2018-11-01,PA,gasolina,62.8600,13
2018-11-01,PB,diesel_s10,125.8240,34
2018-11-01,PB,etanol,113.5560,36
2018-11-01,PB,gasolina,169.3480,37
2018-11-01,PE,diesel_s10,215.1670,58
2018-11-01,PE,etanol,176.6820,52
2018-11-01,PE,gasolina,283.6810,61
2018-11-01,PI,diesel_s10,3.9490,1
2018-11-01,PR,diesel_s10,88.3800,24
2018-11-01,PR,etanol,97.1940,32
2018-11-01,PR,gasolina,141.8840,31
2018-11-01,RJ,diesel_s10,485.2850,126
2018-11-01,RJ,etanol,598.2050,166
2018-11-01,RJ,gasolina,856.1650,166
2018-11-01,RS,diesel_s10,212.1060,56
2018-11-01,RS,etanol,151.2880,37
2018-11-01,RS,gasolina,333.5440,68
2018-11-01,SC,diesel_s10,77.2820,21
2018-11-01,SC,etanol,53.2680,15
2018-11-01,SC,gasolina,99.5090,23
2018-11-01,SP,diesel_s10,1344.7680,360
2018-11-01,SP,etanol,1287.2200,459
2018-11-01,SP,gasolina,2015.0820,446
2018-11-01,TO,diesel_s10,38.3750,10
2018-11-01,TO,etanol,27.0680,7
2018-11-01,TO,gasolina,51.3090,10
2018-11-05,AC,diesel_s10,43.3500,9
2018-11-05,AC,gasolina,57.3900,10
2018-11-05,AL,diesel_s10,95.9430,24
2018-11-05,AL,etanol,85.2880,24
2018-11-05,AL,gasolina,132.6160,27
2018-11-05,AM,diesel_s10,21.0500,5
2018-11-05,AM,gasolina,34.8100,7
2018-11-05,AP,diesel_s10,8.9390,2
2018-11-05,AP,gasolina,21.3880,5
2018-11-05,BA,diesel_s10,464.8650,121
2018-11-05,BA,etanol,505.9440,146
2018-11-05,BA,gasolina,695.2470,144
2018-11-05,ES,diesel_s10,77.8990,21
2018-11-05,ES,etanol,28.5800,8
2018-11-05,ES,gasolina,130.4790,27
2018-11-05,GO,diesel_s10,78.3270,20
2018-11-05,GO,etanol,82.1530,26
2018-11-05,GO,gasolina,128.5530,26
2018-11-05,MA,diesel_s10,65.0750,17
2018-11-05,MA,etanol,30.6770,8
2018-11-05,MA,gasolina,87.5480,19
2018-11-05,MG,diesel_s10,741.3890,192
2018-11-05,MG,etanol,786.7400,245
2018-11-05,MG,gasolina,1224.3370,245
2018-11-05,MS,diesel_s10,80.5770,21
2018-11-05,MS,etanol,76.3230,22
2018-11-05,MS,gasolina,105.8380,23
2018-11-05,MT,diesel_s10,38.5990,9
2018-11-05,MT,etanol,32.4830,10
2018-11-05,MT,gasolina,50.6630,10
2018-11-05,PA,diesel_s10,22.8800,6
2018-11-05,PA,etanol,7.3980,2
2018-11-05,PA,gasolina,32.7060,7
2018-11-05,PE,diesel_s10,37.0250,10
2018-11-05,PE,etanol,31.0460,9
2018-11-05,PE,gasolina,46.8270,10
2018-11-05,PI,diesel_s10,130.7770,33
2018-11-05,PI,etanol,82.8920,24
2018-11-05,PI,gasolina,168.7450,35
2018-11-05,PR,diesel_s10,209.4210,58
2018-11-05,PR,etanol,237.7070,76
2018-11-05,PR,gasolina,329.9250,72
2018-11-05,RJ,diesel_s10,199.0060,53
2018-11-05,RJ,etanol,211.2240,61
2018-11-05,RJ,gasolina,318.9730,63
2018-11-05,RO,diesel_s10,52.1600,13
2018-11-05,RO,etanol,17.3200,4
2018-11-05,RO,gasolina,64.5280,13
2018-11-05,RS,diesel_s10,638.4380,170
2018-11-05,RS,etanol,382.0200,94
2018-11-05,RS,gasolina,991.2330,203
2018-11-05,SC,diesel_s10,210.3600,57
2018-11-05,SC,etanol,162.0950,46
2018-11-05,SC,gasolina,295.3080,68
2018-11-05,SE,diesel_s10,29.5860,8
2018-11-05,SE,etanol,14.1960,4
2018-11-05,SE,gasolina,36.7380,8
2018-11-05,SP,diesel_s10,888.0770,239
2018-11-05,SP,etanol,971.9900,343
2018-11-05,SP,gasolina,1535.5950,343
2018-11-05,TO,diesel_s10,93.1260,24
2018-11-05,TO,etanol,74.3020,20
2018-11-05,TO,gasolina,124.3150,25
2018-11-06,AL,diesel_s10,23.3380,6
2018-11-06,AL,etanol,20.3650,6
2018-11-06,AL,gasolina,28.8440,6
2018-11-06,BA,diesel_s10,141.9760,37
2018-11-06,BA,etanol,159.2600,45
2018-11-06,BA,gasolina,230.9860,47
2018-11-06,CE,diesel_s10,120.6910,31
2018-11-06,CE,etanol,103.1230,28
2018-11-06,CE,gasolina,181.0400,38
2018-11-06,GO,diesel_s10,109.8020,28
2018-11-06,GO,etanol,111.8590,37
2018-11-06,GO,gasolina,181.2930,37
2018-11-06,MA,diesel_s10,117.1940,32
2018-11-06,MA,etanol,22.2870,6
2018-11-06,MA,gasolina,145.4830,33
2018-11-06,MG,diesel_s10,298.4150,78
2018-11-06,MG,etanol,308.6250,99
2018-11-06,MG,gasolina,487.4940,98
2018-11-06,PA,diesel_s10,43.1680,11
2018-11-06,PA,etanol,4.4900,1
2018-11-06,PA,gasolina,57.0900,12
2018-11-06,PE,diesel_s10,266.2860,72
2018-11-06,PE,etanol,235.7640,72
2018-11-06,PE,gasolina,343.3730,76
2018-11-06,PI,diesel_s10,86.3790,22
2018-11-06,PI,etanol,67.9910,20
2018-11-06,PI,gasolina,103.8920,22
2018-11-06,PR,diesel_s10,86.5300,24
2018-11-06,PR,etanol,92.3000,31
2018-11-06,PR,gasolina,140.2300,31
2018-11-06,RJ,diesel_s10,44.3380,12
2018-11-06,RJ,etanol,52.9790,15
2018-11-06,RJ,gasolina,75.4100,15
2018-11-06,RO,diesel_s10,36.9360,9
2018-11-06,RO,etanol,16.1580,4
2018-11-06,RO,gasolina,34.0750,7
2018-11-06,RR,diesel_s10,34.8690,9
2018-11-06,RR,etanol,7.6800,2
2018-11-06,RR,gasolina,45.1490,10
2018-11-06,RS,diesel_s10,261.0350,69
2018-11-06,RS,etanol,218.6160,53
2018-11-06,RS,gasolina,426.0620,87
2018-11-06,SC,diesel_s10,418.7360,115
2018-11-06,SC,etanol,349.3620,99
2018-11-06,SC,gasolina,634.0740,146
2018-11-06,SP,diesel_s10,262.5550,72
2018-11-06,SP,etanol,254.3490,90
2018-11-06,SP,gasolina,399.3740,88
2018-11-06,TO,diesel_s10,34.2140,9
2018-11-06,TO,etanol,37.7350,10
2018-11-06,TO,gasolina,50.2030,10
2018-11-07,AC,diesel_s10,125.3700,28
2018-11-07,AC,etanol,72.4900,18
2018-11-07,AC,gasolina,150.0800,29
2018-11-07,AL,diesel_s10,54.0700,14
2018-11-07,AL,etanol,77.4310,23
2018-11-07,AL,gasolina,116.5750,24
2018-11-07,AM,diesel_s10,12.0800,3
2018-11-07,AM,etanol,7.2400,2
2018-11-07,AM,gasolina,45.0700,9
2018-11-07,AP,diesel_s10,73.6190,16
2018-11-07,AP,gasolina,101.4190,24
2018-11-07,BA,diesel_s10,197.0210,53
2018-11-07,BA,etanol,285.4800,87
2018-11-07,BA,gasolina,413.6230,87
2018-11-07,CE,diesel_s10,182.2780,46
2018-11-07,CE,etanol,125.8080,34
2018-11-07,CE,gasolina,231.6820,48
2018-11-07,DF,diesel_s10,51.1290,13
2018-11-07,DF,etanol,54.2850,16
2018-11-07,DF,gasolina,81.0640,17
2018-11-07,ES,diesel_s10,26.2900,7
2018-11-07,ES,etanol,15.5200,4
2018-11-07,ES,gasolina,30.9000,7
2018-11-07,GO,diesel_s10,261.9980,68
2018-11-07,GO,etanol,273.5580,91
2018-11-07,GO,gasolina,445.9520,92
2018-11-07,MA,diesel_s10,178.4200,48
2018-11-07,MA,etanol,62.3860,17
2018-11-07,MA,gasolina,225.4540,50
2018-11-07,MG,diesel_s10,588.4610,153
2018-11-07,MG,etanol,606.6250,194
2018-11-07,MG,gasolina,957.4600,194
2018-11-07,MS,diesel_s10,78.0470,20
2018-11-07,MS,etanol,74.3820,21
2018-11-07,MS,gasolina,97.9550,22
2018-11-07,MT,diesel_s10,437.0990,107
2018-11-07,MT,etanol,397.5680,137
2018-11-07,MT,gasolina,661.1970,137
2018-11-07,PA,diesel_s10,221.7390,57
2018-11-07,PA,etanol,89.2600,24
2018-11-07,PA,gasolina,289.7800,61
2018-11-07,PB,diesel_s10,50.5460,13
2018-11-07,PB,etanol,38.2070,11
2018-11-07,PB,gasolina,62.2940,13
2018-11-07,PE,diesel_s10,102.2610,28
2018-11-07,PE,etanol,76.6200,24
2018-11-07,PE,gasolina,150.5990,33
2018-11-07,PI,diesel_s10,30.9500,8
2018-11-07,PI,etanol,11.4400,3
2018-11-07,PI,gasolina,40.1290,8
2018-11-07,PR,diesel_s10,445.5090,123
2018-11-07,PR,etanol,487.8770,162
2018-11-07,PR,gasolina,708.7810,156
2018-11-07,RJ,diesel_s10,597.1670,157
2018-11-07,RJ,etanol,782.8740,222
2018-11-07,RJ,gasolina,1147.6720,227
2018-11-07,RN,diesel_s10,150.2440,39
2018-11-07,RN,etanol,143.6820,41
2018-11-07,RN,gasolina,206.7190,45
2018-11-07,RO,diesel_s10,84.2010,21
2018-11-07,RO,etanol,54.4240,13
2018-11-07,RO,gasolina,112.2620,23
2018-11-07,RR,diesel_s10,7.8400,2
2018-11-07,RR,etanol,11.7900,3
2018-11-07,RR,gasolina,13.5500,3
2018-11-07,RS,diesel_s10,147.2100,39
2018-11-07,RS,etanol,134.5840,32
2018-11-07,RS,gasolina,216.7730,44
2018-11-07,SC,diesel_s10,47.4370,13
2018-11-07,SC,etanol,25.2570,7
2018-11-07,SC,gasolina,67.2150,15
2018-11-07,SE,diesel_s10,69.9010,18
2018-11-07,SE,etanol,72.3860,21
2018-11-07,SE,gasolina,100.6080,21
2018-11-07,SP,diesel_s10,2174.0160,587
2018-11-07,SP,etanol,2114.9280,757
2018-11-07,SP,gasolina,3352.6510,744
2018-11-07,TO,diesel_s10,40.9530,11
2018-11-07,TO,etanol,39.0940,10
2018-11-07,TO,gasolina,54.8550,11
2018-11-08,AM,diesel_s10,130.0570,33
2018-11-08,AM,etanol,124.3080,34
2018-11-08,AM,gasolina,280.1760,56
2018-11-08,BA,diesel_s10,181.9300,49
2018-11-08,BA,etanol,182.2390,54
2018-11-08,BA,gasolina,273.9300,57
2018-11-08,CE,diesel_s10,495.8930,131
2018-11-08,CE,etanol,440.2020,125
2018-11-08,CE,gasolina,614.0830,132
2018-11-08,DF,diesel_s10,93.9320,24
2018-11-08,DF,etanol,87.0070,26
2018-11-08,DF,gasolina,134.3630,29
2018-11-08,ES,diesel_s10,227.4340,61
2018-11-08,ES,etanol,177.9380,49
2018-11-08,ES,gasolina,388.5380,83
2018-11-08,GO,diesel_s10,236.1700,61
2018-11-08,GO,etanol,247.5450,79
2018-11-08,GO,gasolina,379.5430,78
2018-11-08,MA,diesel_s10,75.7310,20
2018-11-08,MA,etanol,32.6620,9
2018-11-08,MA,gasolina,95.6030,21
2018-11-08,MG,diesel_s10,138.5380,36
2018-11-08,MG,etanol,168.7690,54
2018-11-08,MG,gasolina,265.1790,54
2018-11-08,MS,diesel_s10,132.2090,35
2018-11-08,MS,etanol,134.9260,41
2018-11-08,MS,gasolina,184.2150,43
2018-11-08,MT,diesel_s10,47.0040,11
2018-11-08,MT,etanol,41.8010,13
2018-11-08,MT,gasolina,58.0900,12
2018-11-08,PA,diesel_s10,144.0930,35
2018-11-08,PA,etanol,63.7070,16
2018-11-08,PA,gasolina,185.0410,37
2018-11-08,PB,diesel_s10,174.1470,47
2018-11-08,PB,etanol,147.5710,47
2018-11-08,PB,gasolina,227.2500,50
2018-11-08,PE,diesel_s10,235.6240,63
2018-11-08,PE,etanol,214.2590,63
2018-11-08,PE,gasolina,344.4200,73
2018-11-08,PR,diesel_s10,261.8280,73
2018-11-08,PR,etanol,308.3430,103
2018-11-08,PR,gasolina,453.9200,102
2018-11-08,RJ,diesel_s10,350.0810,92
2018-11-08,RJ,etanol,392.0300,110
2018-11-08,RJ,gasolina,566.8280,111
2018-11-08,RN,diesel_s10,61.8240,16
2018-11-08,RN,etanol,60.4190,17
2018-11-08,RN,gasolina,78.9480,17
2018-11-08,RO,diesel_s10,82.7040,21
2018-11-08,RO,etanol,44.9310,12
2018-11-08,RO,gasolina,129.8940,28
2018-11-08,RS,diesel_s10,75.0960,20
2018-11-08,RS,etanol,52.6890,13
2018-11-08,RS,gasolina,140.5120,29
2018-11-08,SC,diesel_s10,74.3100,21
2018-11-08,SC,etanol,45.8480,13
2018-11-08,SC,gasolina,102.0870,24
2018-11-08,SE,diesel_s10,40.9430,11
2018-11-08,SE,etanol,31.1350,9
2018-11-08,SE,gasolina,51.5280,11
2018-11-08,SP,diesel_s10,1342.3570,364
2018-11-08,SP,etanol,1334.0970,474
2018-11-08,SP,gasolina,2112.6160,470
2018-11-12,AC,diesel_s10,43.3500,9
2018-11-12,AC,gasolina,56.5700,10
2018-11-12,AL,diesel_s10,95.7710,24
2018-11-12,AL,etanol,85.2160,24
2018-11-12,AL,gasolina,132.3990,27
2018-11-12,AM,diesel_s10,38.0000,9
2018-11-12,AM,etanol,3.9900,1
2018-11-12,AM,gasolina,70.6400,14
2018-11-12,AP,diesel_s10,64.2480,14
2018-11-12,AP,gasolina,111.3470,27
2018-11-12,BA,diesel_s10,466.5300,122
2018-11-12,BA,etanol,508.6670,147
2018-11-12,BA,gasolina,691.3230,144
2018-11-12,CE,diesel_s10,207.5010,53
2018-11-12,CE,etanol,177.1950,49
2018-11-12,CE,gasolina,254.7280,54
2018-11-12,ES,diesel_s10,77.4780,21
2018-11-12,ES,etanol,32.5300,9
2018-11-12,ES,gasolina,129.7290,27
2018-11-12,GO,diesel_s10,227.1040,59
2018-11-12,GO,etanol,265.4460,89
2018-11-12,GO,gasolina,423.0000,88
2018-11-12,MA,diesel_s10,54.1270,14
2018-11-12,MA,etanol,34.5070,9
2018-11-12,MA,gasolina,83.4810,18
2018-11-12,MG,diesel_s10,792.5360,206
2018-11-12,MG,etanol,854.8840,268
2018-11-12,MG,gasolina,1318.2100,266
2018-11-12,MS,diesel_s10,99.2520,26
2018-11-12,MS,etanol,93.3890,27
2018-11-12,MS,gasolina,127.2240,28
2018-11-12,MT,diesel_s10,47.0080,11
2018-11-12,MT,etanol,38.7020,12
2018-11-12,MT,gasolina,60.2320,12
2018-11-12,PA,diesel_s10,47.2890,12
2018-11-12,PA,etanol,14.9580,4
2018-11-12,PA,gasolina,67.1140,14
2018-11-12,PB,diesel_s10,3.9690,1
2018-11-12,PB,etanol,3.1990,1
2018-11-12,PB,gasolina,4.4990,1
2018-11-12,PE,diesel_s10,37.0250,10
2018-11-12,PE,etanol,31.0460,9
2018-11-12,PE,gasolina,46.8270,10
2018-11-12,PI,diesel_s10,148.1330,38
2018-11-12,PI,etanol,94.4580,28
2018-11-12,PI,gasolina,183.6320,39
2018-11-12,PR,diesel_s10,341.3770,95
2018-11-12,PR,etanol,339.3460,111
2018-11-12,PR,gasolina,480.4540,107
2018-11-12,RJ,diesel_s10,277.0830,74
2018-11-12,RJ,etanol,306.2730,88
2018-11-12,RJ,gasolina,448.9280,89
2018-11-12,RO,diesel_s10,60.0100,15
2018-11-12,RO,etanol,29.9100,7
2018-11-12,RO,gasolina,73.7280,15
2018-11-12,RS,diesel_s10,584.0460,156
2018-11-12,RS,etanol,383.8840,94
2018-11-12,RS,gasolina,931.8650,192
2018-11-12,SC,diesel_s10,280.5620,76
2018-11-12,SC,etanol,233.8240,66
2018-11-12,SC,gasolina,413.6270,96
2018-11-12,SE,diesel_s10,115.2490,30
2018-11-12,SE,etanol,89.7410,26
2018-11-12,SE,gasolina,147.0020,31
2018-11-12,SP,diesel_s10,1265.8230,344
2018-11-12,SP,etanol,1327.4510,475
2018-11-12,SP,gasolina,2082.1200,474
2018-11-12,TO,diesel_s10,92.9350,24
2018-11-12,TO,etanol,74.6710,20
2018-11-12,TO,gasolina,124.3440,25
2018-11-13,AC,diesel_s10,129.9400,29
2018-11-13,AC,etanol,72.6700,18
2018-11-13,AC,gasolina,148.2600,29
2018-11-13,AL,diesel_s10,69.5160,18
2018-11-13,AL,etanol,97.4640,29
2018-11-13,AL,gasolina,137.5310,29
2018-11-13,AM,diesel_s10,12.2800,3
2018-11-13,AM,etanol,7.3800,2
2018-11-13,AM,gasolina,30.2100,6
2018-11-13,BA,diesel_s10,438.4910,118
2018-11-13,BA,etanol,501.0710,151
2018-11-13,BA,gasolina,738.5450,156
2018-11-13,CE,diesel_s10,579.1920,149
2018-11-13,CE,etanol,482.3530,133
2018-11-13,CE,gasolina,726.0210,154
2018-11-13,DF,diesel_s10,130.1980,33
2018-11-13,DF,etanol,142.0510,42
2018-11-13,DF,gasolina,211.1190,46
2018-11-13,ES,diesel_s10,25.7800,7
2018-11-13,ES,etanol,15.6000,4
2018-11-13,ES,gasolina,31.1300,7
2018-11-13,GO,diesel_s10,215.4680,55
2018-11-13,GO,etanol,217.8680,71
2018-11-13,GO,gasolina,345.9090,71
2018-11-13,MA,diesel_s10,314.7990,85
2018-11-13,MA,etanol,88.2640,24
2018-11-13,MA,gasolina,396.2330,88
2018-11-13,MG,diesel_s10,816.4020,213
2018-11-13,MG,etanol,865.7440,278
2018-11-13,MG,gasolina,1358.7740,277
2018-11-13,MS,diesel_s10,189.5260,50
2018-11-13,MS,etanol,194.5510,58
2018-11-13,MS,gasolina,251.6200,59
2018-11-13,MT,diesel_s10,369.6900,91
2018-11-13,MT,etanol,335.7180,116
2018-11-13,MT,gasolina,557.4990,116
2018-11-13,PA,diesel_s10,255.5270,66
2018-11-13,PA,etanol,94.4190,25
2018-11-13,PA,gasolina,335.8390,71
2018-11-13,PB,diesel_s10,132.3350,35
2018-11-13,PB,etanol,107.5580,34
2018-11-13,PB,gasolina,169.4540,37
2018-11-13,PE,diesel_s10,453.6740,123
2018-11-13,PE,etanol,391.7920,121
2018-11-13,PE,gasolina,612.4300,136
2018-11-13,PI,diesel_s10,76.7780,20
2018-11-13,PI,etanol,50.3070,15
2018-11-13,PI,gasolina,103.5960,22
2018-11-13,PR,diesel_s10,477.1940,133
2018-11-13,PR,etanol,530.0940,178
2018-11-13,PR,gasolina,784.3430,175
2018-11-13,RJ,diesel_s10,349.1580,92
2018-11-13,RJ,etanol,443.7480,125
2018-11-13,RJ,gasolina,648.2260,128
2018-11-13,RN,diesel_s10,54.1960,14
2018-11-13,RN,etanol,56.0280,16
2018-11-13,RN,gasolina,82.5300,18
2018-11-13,RO,diesel_s10,108.6170,27
2018-11-13,RO,etanol,70.5820,17
2018-11-13,RO,gasolina,136.5380,28
2018-11-13,RR,diesel_s10,50.1300,13
2018-11-13,RR,etanol,7.8000,2
2018-11-13,RR,gasolina,56.8100,13
2018-11-13,RS,diesel_s10,425.0960,113
2018-11-13,RS,etanol,343.8430,83
2018-11-13,RS,gasolina,692.7050,142
2018-11-13,SC,diesel_s10,405.4380,111
2018-11-13,SC,etanol,301.0030,85
2018-11-13,SC,gasolina,573.1750,132
2018-11-13,SP,diesel_s10,2305.0490,626
2018-11-13,SP,etanol,2296.9030,828
2018-11-13,SP,gasolina,3619.5630,809
2018-11-13,TO,diesel_s10,77.8670,21
2018-11-13,TO,etanol,77.0690,20
2018-11-13,TO,gasolina,103.9700,21
2018-11-14,AM,diesel_s10,29.3400,7
2018-11-14,AM,etanol,7.9800,2
2018-11-14,AM,gasolina,46.0000,9
2018-11-14,AP,diesel_s10,4.4500,1
2018-11-14,AP,gasolina,8.0400,2
2018-11-14,BA,diesel_s10,103.1060,27
2018-11-14,BA,etanol,108.4800,31
2018-11-14,BA,gasolina,169.1620,35
2018-11-14,CE,diesel_s10,35.5690,9
2018-11-14,CE,etanol,25.3990,7
2018-11-14,CE,gasolina,47.7590,10
2018-11-14,DF,etanol,3.1590,1
2018-11-14,DF,gasolina,4.4890,1
2018-11-14,ES,diesel_s10,231.2630,62
2018-11-14,ES,etanol,208.1460,57
2018-11-14,ES,gasolina,383.7420,82
2018-11-14,GO,diesel_s10,216.5090,56
2018-11-14,GO,etanol,224.9270,72
2018-11-14,GO,gasolina,338.3550,70
2018-11-14,MA,diesel_s10,61.2350,16
2018-11-14,MA,etanol,32.6620,9
2018-11-14,MA,gasolina,78.4070,17
2018-11-14,MG,diesel_s10,130.8960,34
2018-11-14,MG,etanol,141.4530,45
2018-11-14,MG,gasolina,221.5230,45
2018-11-14,MT,diesel_s10,101.3390,25
2018-11-14,MT,etanol,94.1610,32
2018-11-14,MT,gasolina,147.5840,31
2018-11-14,PA,diesel_s10,127.6440,31
2018-11-14,PA,etanol,55.8670,14
2018-11-14,PA,gasolina,159.9530,32
2018-11-14,PB,diesel_s10,89.1780,24
2018-11-14,PB,etanol,74.0590,23
2018-11-14,PB,gasolina,114.9630,25
2018-11-14,PE,diesel_s10,157.3800,42
2018-11-14,PE,etanol,136.3350,39
2018-11-14,PE,gasolina,224.6090,47
2018-11-14,PI,diesel_s10,15.5880,4
2018-11-14,PI,etanol,7.3900,2
2018-11-14,PI,gasolina,19.6380,4
2018-11-14,PR,diesel_s10,126.1570,35
2018-11-14,PR,etanol,133.7650,44
2018-11-14,PR,gasolina,194.2320,42
2018-11-14,RJ,diesel_s10,194.9070,51
2018-11-14,RJ,etanol,226.5550,63
2018-11-14,RJ,gasolina,324.1310,63
2018-11-14,RN,diesel_s10,158.9110,41
2018-11-14,RN,etanol,148.7750,43
2018-11-14,RN,gasolina,204.9520,45
2018-11-14,RO,diesel_s10,90.9330,23
2018-11-14,RO,etanol,44.9820,12
2018-11-14,RO,gasolina,133.6590,29
2018-11-14,RS,diesel_s10,90.3750,24
2018-11-14,RS,etanol,48.9190,12
2018-11-14,RS,gasolina,139.5130,29
2018-11-14,SC,diesel_s10,78.1590,22
2018-11-14,SC,etanol,49.6470,14
2018-11-14,SC,gasolina,106.2560,25
2018-11-14,SE,diesel_s10,33.0640,9
2018-11-14,SE,etanol,24.1460,7
2018-11-14,SE,gasolina,41.5350,9
2018-11-14,SP,diesel_s10,975.4820,266
2018-11-14,SP,etanol,935.3910,333
2018-11-14,SP,gasolina,1480.2450,332
2018-11-16,AM,diesel_s10,131.2050,34
2018-11-16,AM,etanol,135.0060,37
2018-11-16,AM,gasolina,214.0980,43
2018-11-16,BA,etanol,3.4500,1
2018-11-16,BA,gasolina,4.5700,1
2018-11-16,GO,diesel_s10,3.8090,1
2018-11-16,GO,etanol,6.1590,2
2018-11-16,GO,gasolina,9.7590,2
2018-11-16,MG,diesel_s10,3.6690,1
2018-11-16,MG,etanol,6.5470,2
2018-11-16,MG,gasolina,4.9400,1
2018-11-16,PI,diesel_s10,3.7900,1
2018-11-16,PI,gasolina,4.7300,1
2018-11-16,PR,diesel_s10,119.1070,34
2018-11-16,PR,etanol,124.2470,42
2018-11-16,PR,gasolina,180.9470,42
2018-11-16,RJ,diesel_s10,375.6880,100
2018-11-16,RJ,etanol,479.0920,136
2018-11-16,RJ,gasolina,681.6530,137
2018-11-16,SP,diesel_s10,79.9580,22
2018-11-16,SP,etanol,75.6720,28
2018-11-16,SP,gasolina,120.3820,28
2018-11-19,AL,diesel_s10,19.4600,5
2018-11-19,AL,etanol,21.3680,6
2018-11-19,AL,gasolina,28.5380,6
2018-11-19,AP,diesel_s10,73.4790,16
2018-11-19,AP,etanol,3.9900,1
2018-11-19,AP,gasolina,98.0290,24
2018-11-19,BA,diesel_s10,55.5300,15
2018-11-19,BA,etanol,58.2100,17
2018-11-19,BA,gasolina,88.9110,19
2018-11-19,DF,diesel_s10,11.6380,3
2018-11-19,DF,etanol,6.4690,2
2018-11-19,DF,gasolina,8.8890,2
2018-11-19,MG,etanol,3.2890,1
2018-11-19,MG,gasolina,4.8980,1
2018-11-19,MT,diesel_s10,3.9990,1
2018-11-19,MT,etanol,5.5280,2
2018-11-19,MT,gasolina,9.3180,2
2018-11-19,PI,diesel_s10,15.4170,4
2018-11-19,PI,etanol,13.4260,4
2018-11-19,PI,gasolina,22.8760,5
2018-11-19,PR,diesel_s10,282.2210,79
2018-11-19,PR,etanol,294.6110,99
2018-11-19,PR,gasolina,437.7500,98
2018-11-19,RJ,diesel_s10,161.9970,43
2018-11-19,RJ,etanol,195.5180,56
2018-11-19,RJ,gasolina,282.0460,56
2018-11-19,RS,diesel_s10,559.7460,151
2018-11-19,RS,etanol,430.4630,107
2018-11-19,RS,gasolina,990.4810,209
2018-11-19,SC,diesel_s10,458.5610,125
2018-11-19,SC,etanol,330.2610,92
2018-11-19,SC,gasolina,615.3710,142
2018-11-19,SP,diesel_s10,1186.1850,325
2018-11-19,SP,etanol,1180.1320,424
2018-11-19,SP,gasolina,1848.8300,423
2018-11-20,AL,diesel_s10,19.5280,5
2018-11-20,AL,etanol,20.2250,6
2018-11-20,AL,gasolina,28.2770,6
2018-11-20,BA,diesel_s10,98.3950,26
2018-11-20,BA,etanol,115.9010,34
2018-11-20,BA,gasolina,155.4280,33
2018-11-20,CE,diesel_s10,318.2470,81
2018-11-20,CE,etanol,255.1420,70
2018-11-20,CE,gasolina,394.7570,84
2018-11-20,GO,diesel_s10,88.9230,23
2018-11-20,GO,etanol,96.6820,32
2018-11-20,GO,gasolina,147.0390,31
2018-11-20,MA,diesel_s10,47.5470,13
2018-11-20,MA,etanol,14.0960,4
2018-11-20,MA,gasolina,60.7360,14
2018-11-20,MG,diesel_s10,114.8400,30
2018-11-20,MG,etanol,138.7990,44
2018-11-20,MG,gasolina,216.7800,44
2018-11-20,MS,diesel_s10,46.0140,12
2018-11-20,MS,etanol,45.8250,13
2018-11-20,MS,gasolina,64.4940,14
2018-11-20,PA,diesel_s10,100.6890,26
2018-11-20,PA,etanol,51.5100,14
2018-11-20,PA,gasolina,128.2100,28
2018-11-20,PB,diesel_s10,42.2120,11
2018-11-20,PB,etanol,36.8040,11
2018-11-20,PB,gasolina,60.4620,13
2018-11-20,PE,diesel_s10,86.7280,24
2018-11-20,PE,etanol,80.1890,26
2018-11-20,PE,gasolina,117.1510,27
2018-11-20,PI,diesel_s10,19.1050,5
2018-11-20,PI,etanol,16.7850,5
2018-11-20,PI,gasolina,18.1860,4
2018-11-20,PR,diesel_s10,67.9340,19
2018-11-20,PR,etanol,59.9840,20
2018-11-20,PR,gasolina,93.8540,21
2018-11-20,RJ,diesel_s10,21.0840,6
2018-11-20,RJ,etanol,31.1610,9
2018-11-20,RJ,gasolina,43.8810,9
2018-11-20,RN,diesel_s10,39.1680,10
2018-11-20,RN,etanol,38.1370,11
2018-11-20,RN,gasolina,54.1470,12
2018-11-20,RR,diesel_s10,26.7600,7
2018-11-20,RR,etanol,11.9800,3
2018-11-20,RR,gasolina,30.3900,7
2018-11-20,RS,diesel_s10,85.9580,23
2018-11-20,RS,etanol,47.8780,12
2018-11-20,RS,gasolina,127.5030,27
2018-11-20,SC,diesel_s10,66.8020,18
2018-11-20,SC,etanol,74.0520,21
2018-11-20,SC,gasolina,117.8910,28
2018-11-20,SP,diesel_s10,7.4950,2
2018-11-20,SP,etanol,5.6950,2
2018-11-20,SP,gasolina,8.6950,2
2018-11-20,TO,diesel_s10,33.7870,9
2018-11-20,TO,etanol,30.5380,8
2018-11-20,TO,gasolina,48.7250,10
2018-11-21,AL,diesel_s10,54.3490,14
2018-11-21,AL,etanol,80.8100,24
2018-11-21,AL,gasolina,119.0490,25
2018-11-21,AM,diesel_s10,4.5000,1
2018-11-21,AM,gasolina,5.5000,1
2018-11-21,AP,diesel_s10,8.9390,2
2018-11-21,AP,gasolina,16.1700,4
2018-11-21,BA,diesel_s10,218.0930,59
2018-11-21,BA,etanol,240.7400,72
2018-11-21,BA,gasolina,348.6690,74
2018-11-21,CE,diesel_s10,126.6380,32
2018-11-21,CE,etanol,83.4650,23
2018-11-21,CE,gasolina,164.8700,35
2018-11-21,DF,diesel_s10,133.5410,34
2018-11-21,DF,etanol,131.0810,39
2018-11-21,DF,gasolina,194.5460,43
2018-11-21,ES,diesel_s10,35.8890,10
2018-11-21,ES,etanol,11.0690,3
2018-11-21,ES,gasolina,51.1990,11
2018-11-21,GO,diesel_s10,268.5840,70
2018-11-21,GO,etanol,340.4740,112
2018-11-21,GO,gasolina,520.5150,111
2018-11-21,MA,diesel_s10,205.1440,55
2018-11-21,MA,etanol,60.5520,16
2018-11-21,MA,gasolina,259.4340,58
2018-11-21,MG,diesel_s10,325.7020,85
2018-11-21,MG,etanol,366.0090,118
2018-11-21,MG,gasolina,583.3220,120
2018-11-21,MS,diesel_s10,7.3480,2
2018-11-21,MS,etanol,6.7680,2
2018-11-21,MS,gasolina,8.3190,2
2018-11-21,MT,diesel_s10,270.8510,68
2018-11-21,MT,etanol,256.3620,91
2018-11-21,MT,gasolina,429.4910,91
2018-11-21,PA,diesel_s10,71.8750,19
2018-11-21,PA,etanol,29.2580,8
2018-11-21,PA,gasolina,87.4480,19
2018-11-21,PE,diesel_s10,338.8280,93
2018-11-21,PE,etanol,271.6110,83
2018-11-21,PE,gasolina,448.5960,99
2018-11-21,PI,diesel_s10,145.0610,38
2018-11-21,PI,etanol,97.5970,29
2018-11-21,PI,gasolina,180.9500,39
2018-11-21,PR,diesel_s10,181.4010,51
2018-11-21,PR,etanol,188.8800,63
2018-11-21,PR,gasolina,267.5900,61
2018-11-21,RJ,diesel_s10,178.6400,48
2018-11-21,RJ,etanol,243.2680,70
2018-11-21,RJ,gasolina,345.4030,70
2018-11-21,RN,diesel_s10,94.0770,24
2018-11-21,RN,etanol,85.9210,25
2018-11-21,RN,gasolina,122.1360,27
2018-11-21,RO,diesel_s10,80.5410,20
2018-11-21,RO,etanol,54.3410,13
2018-11-21,RO,gasolina,105.2560,22
2018-11-21,RR,diesel_s10,22.2700,6
2018-11-21,RR,etanol,3.7700,1
2018-11-21,RR,gasolina,26.0000,6
2018-11-21,RS,diesel_s10,89.6060,24
2018-11-21,RS,etanol,52.8960,13
2018-11-21,RS,gasolina,123.6710,26
2018-11-21,SC,diesel_s10,29.3220,8
2018-11-21,SC,etanol,17.7660,5
2018-11-21,SC,gasolina,45.6890,11
2018-11-21,SE,diesel_s10,91.9650,24
2018-11-21,SE,etanol,75.3580,22
2018-11-21,SE,gasolina,121.4760,26
2018-11-21,SP,diesel_s10,1279.4570,350
2018-11-21,SP,etanol,1281.8720,471
2018-11-21,SP,gasolina,2003.6100,456
2018-11-21,TO,diesel_s10,58.7730,16
2018-11-21,TO,etanol,61.3360,16
2018-11-21,TO,gasolina,81.1880,17
2018-11-22,AC,diesel_s10,168.7400,37
2018-11-22,AC,etanol,60.6100,15
2018-11-22,AC,gasolina,200.8800,39
2018-11-22,AL,diesel_s10,29.0260,7
2018-11-22,AL,etanol,22.4990,6
2018-11-22,AL,gasolina,39.9290,8
2018-11-22,AM,diesel_s10,12.8900,3
2018-11-22,AM,etanol,7.1800,2
2018-11-22,AM,gasolina,42.7300,8
2018-11-22,AP,gasolina,3.8600,1
2018-11-22,BA,diesel_s10,192.8030,49
2018-11-22,BA,etanol,193.5190,53
2018-11-22,BA,gasolina,259.8130,53
2018-11-22,DF,diesel_s10,3.5400,1
2018-11-22,DF,etanol,3.2900,1
2018-11-22,DF,gasolina,4.3900,1
2018-11-22,ES,diesel_s10,271.2050,73
2018-11-22,ES,etanol,195.4270,53
2018-11-22,ES,gasolina,423.6960,92
2018-11-22,GO,diesel_s10,254.8210,66
2018-11-22,GO,etanol,254.5880,82
2018-11-22,GO,gasolina,382.5190,81
2018-11-22,MA,diesel_s10,108.8400,29
2018-11-22,MA,etanol,39.8950,11
2018-11-22,MA,gasolina,134.6710,30
2018-11-22,MG,diesel_s10,975.8890,256
2018-11-22,MG,etanol,1009.4340,326
2018-11-22,MG,gasolina,1566.8850,323
2018-11-22,MS,diesel_s10,107.7590,29
2018-11-22,MS,etanol,161.5830,49
2018-11-22,MS,gasolina,203.8280,48
2018-11-22,MT,diesel_s10,84.8440,19
2018-11-22,MT,etanol,64.4840,20
2018-11-22,MT,gasolina,99.5240,20
2018-11-22,PA,diesel_s10,191.0150,47
2018-11-22,PA,etanol,59.4340,15
2018-11-22,PA,gasolina,254.7100,52
2018-11-22,PB,diesel_s10,44.2080,12
2018-11-22,PB,etanol,45.1260,14
2018-11-22,PB,gasolina,64.9270,14
2018-11-22,PE,diesel_s10,158.4480,43
2018-11-22,PE,etanol,136.4320,43
2018-11-22,PE,gasolina,192.0750,44
2018-11-22,PI,diesel_s10,67.2940,17
2018-11-22,PI,etanol,24.4590,7
2018-11-22,PI,gasolina,81.7030,17
2018-11-22,PR,diesel_s10,277.8770,78
2018-11-22,PR,etanol,318.1620,107
2018-11-22,PR,gasolina,463.4830,104
2018-11-22,RJ,diesel_s10,281.6760,75
2018-11-22,RJ,etanol,302.7070,86
2018-11-22,RJ,gasolina,468.2170,93
2018-11-22,RN,diesel_s10,27.6300,7
2018-11-22,RN,etanol,10.4380,3
2018-11-22,RN,gasolina,26.8620,6
2018-11-22,RO,diesel_s10,90.9760,23
2018-11-22,RO,etanol,34.7800,8
2018-11-22,RO,gasolina,104.8530,22
2018-11-22,RS,diesel_s10,265.5280,70
2018-11-22,RS,etanol,199.5610,48
2018-11-22,RS,gasolina,401.8260,84
2018-11-22,SC,diesel_s10,175.2680,49
2018-11-22,SC,etanol,145.5650,42
2018-11-22,SC,gasolina,299.5750,72
2018-11-22,SE,diesel_s10,48.1020,13
2018-11-22,SE,etanol,27.8020,8
2018-11-22,SE,gasolina,59.4480,13
2018-11-22,SP,diesel_s10,1202.1150,330
2018-11-22,SP,etanol,1172.4700,425
2018-11-22,SP,gasolina,1851.8690,420
2018-11-23,AL,diesel_s10,43.3660,11
2018-11-23,AL,etanol,33.7750,10
2018-11-23,AL,gasolina,57.5820,12
2018-11-23,AM,diesel_s10,152.9440,39
2018-11-23,AM,etanol,138.5190,38
2018-11-23,AM,gasolina,296.5200,61
2018-11-23,BA,diesel_s10,380.2000,103
2018-11-23,BA,etanol,484.3670,149
2018-11-23,BA,gasolina,704.9510,153
2018-11-23,CE,diesel_s10,392.1860,101
2018-11-23,CE,etanol,360.1050,100
2018-11-23,CE,gasolina,464.4990,101
2018-11-23,ES,diesel_s10,37.6480,10
2018-11-23,ES,etanol,25.8700,7
2018-11-23,ES,gasolina,61.2200,13
2018-11-23,GO,diesel_s10,23.0240,6
2018-11-23,GO,etanol,21.6070,7
2018-11-23,GO,gasolina,33.8170,7
2018-11-23,MA,diesel_s10,72.5070,19
2018-11-23,MA,etanol,33.5320,9
2018-11-23,MA,gasolina,95.7130,21
2018-11-23,MG,diesel_s10,295.7160,78
2018-11-23,MG,etanol,322.7050,104
2018-11-23,MG,gasolina,493.7540,102
2018-11-23,MS,diesel_s10,85.2340,22
2018-11-23,MS,etanol,77.3200,22
2018-11-23,MS,gasolina,99.2950,23
2018-11-23,MT,diesel_s10,165.9660,40
2018-11-23,MT,etanol,139.9940,46
2018-11-23,MT,gasolina,216.4400,45
2018-11-23,PA,diesel_s10,62.7080,16
2018-11-23,PA,etanol,16.4900,4
2018-11-23,PA,gasolina,84.4880,18
2018-11-23,PB,diesel_s10,123.7420,33
2018-11-23,PB,etanol,111.1870,36
2018-11-23,PB,gasolina,160.3900,36
2018-11-23,PE,diesel_s10,79.4950,21
2018-11-23,PE,etanol,65.4260,18
2018-11-23,PE,gasolina,107.5480,22
2018-11-23,PR,diesel_s10,218.9040,62
2018-11-23,PR,etanol,244.9470,83
2018-11-23,PR,gasolina,365.1660,84
2018-11-23,RJ,diesel_s10,544.9260,143
2018-11-23,RJ,etanol,655.1080,186
2018-11-23,RJ,gasolina,929.4250,187
2018-11-23,RN,diesel_s10,58.1890,15
2018-11-23,RN,etanol,58.3150,17
2018-11-23,RN,gasolina,77.7500,17
2018-11-23,RO,diesel_s10,78.7030,20
2018-11-23,RO,etanol,41.6740,11
2018-11-23,RO,gasolina,126.1080,28
2018-11-23,RS,diesel_s10,51.1700,13
2018-11-23,RS,etanol,39.2650,9
2018-11-23,RS,gasolina,80.6700,16
2018-11-23,SP,diesel_s10,966.3120,264
2018-11-23,SP,etanol,926.0060,340
2018-11-23,SP,gasolina,1467.8650,340
2018-11-23,TO,diesel_s10,73.8680,19
2018-11-23,TO,etanol,57.2530,15
2018-11-23,TO,gasolina,92.2280,19
2018-11-26,AL,diesel_s10,23.4100,6
2018-11-26,AL,etanol,24.5280,7
2018-11-26,AL,gasolina,33.0390,7
2018-11-26,AM,diesel_s10,25.0700,6
2018-11-26,AM,gasolina,53.7700,11
2018-11-26,AP,diesel_s10,53.6490,12
2018-11-26,AP,gasolina,78.6390,20
2018-11-26,BA,diesel_s10,66.9610,18
2018-11-26,BA,etanol,78.4410,23
2018-11-26,BA,gasolina,112.4680,24
2018-11-26,CE,diesel_s10,59.2770,15
2018-11-26,CE,etanol,47.5880,13
2018-11-26,CE,gasolina,66.0180,14
2018-11-26,GO,diesel_s10,19.5490,5
2018-11-26,GO,etanol,15.8090,5
2018-11-26,GO,gasolina,23.9300,5
2018-11-26,MA,diesel_s10,3.4990,1
2018-11-26,MA,gasolina,3.9990,1
2018-11-26,MG,diesel_s10,52.4240,14
2018-11-26,MG,etanol,62.9830,20
2018-11-26,MG,gasolina,97.5470,20
2018-11-26,MS,diesel_s10,3.5990,1
2018-11-26,MS,etanol,3.5990,1
2018-11-26,MS,gasolina,9.1890,2
2018-11-26,MT,diesel_s10,11.8970,3
2018-11-26,MT,etanol,11.3640,4
2018-11-26,MT,gasolina,18.8240,4
2018-11-26,PA,diesel_s10,23.4140,6
2018-11-26,PA,etanol,26.1760,7
2018-11-26,PA,gasolina,37.0150,8
2018-11-26,PB,diesel_s10,3.9690,1
2018-11-26,PB,etanol,6.0980,2
2018-11-26,PB,gasolina,8.8890,2
2018-11-26,PE,diesel_s10,3.7000,1
2018-11-26,PE,etanol,3.1100,1
2018-11-26,PE,gasolina,4.4700,1
2018-11-26,PI,diesel_s10,74.1240,19
2018-11-26,PI,etanol,63.0740,19
2018-11-26,PI,gasolina,105.9710,23
2018-11-26,PR,diesel_s10,274.1700,77
2018-11-26,PR,etanol,304.9290,103
2018-11-26,PR,gasolina,451.1270,102
2018-11-26,RJ,diesel_s10,185.0310,49
2018-11-26,RJ,etanol,221.2580,63
2018-11-26,RJ,gasolina,317.3290,63
2018-11-26,RN,diesel_s10,15.7590,4
2018-11-26,RN,etanol,24.5490,7
2018-11-26,RN,gasolina,31.5900,7
2018-11-26,RO,diesel_s10,19.7500,5
2018-11-26,RO,etanol,15.1490,4
2018-11-26,RO,gasolina,32.5280,7
2018-11-26,RS,diesel_s10,607.0500,164
2018-11-26,RS,etanol,446.5900,111
2018-11-26,RS,gasolina,1003.5580,214
2018-11-26,SC,diesel_s10,559.0920,153
2018-11-26,SC,etanol,412.4340,116
2018-11-26,SC,gasolina,759.1670,179
2018-11-26,SP,diesel_s10,1212.6340,333
2018-11-26,SP,etanol,1212.5900,438
2018-11-26,SP,gasolina,1893.3120,437
2018-11-26,TO,diesel_s10,3.7200,1
2018-11-26,TO,gasolina,4.6990,1
2018-11-27,AL,diesel_s10,19.5280,5
2018-11-27,AL,etanol,20.2250,6
2018-11-27,AL,gasolina,28.3770,6
2018-11-27,AM,diesel_s10,50.6380,13
2018-11-27,AM,etanol,43.6350,12
2018-11-27,AM,gasolina,73.7160,16
2018-11-27,BA,diesel_s10,402.8780,109
2018-11-27,BA,etanol,457.1540,142
2018-11-27,BA,gasolina,642.0410,142
2018-11-27,CE,diesel_s10,600.0190,155
2018-11-27,CE,etanol,517.8530,145
2018-11-27,CE,gasolina,731.8550,158
2018-11-27,DF,diesel_s10,46.9370,12
2018-11-27,DF,etanol,50.4050,15
2018-11-27,DF,gasolina,74.5830,17
2018-11-27,GO,diesel_s10,118.7760,31
2018-11-27,GO,etanol,127.5070,43
2018-11-27,GO,gasolina,199.1990,43
2018-11-27,MA,diesel_s10,181.2500,50
2018-11-27,MA,etanol,14.2670,4
2018-11-27,MA,gasolina,211.4590,51
2018-11-27,MG,diesel_s10,147.8680,39
2018-11-27,MG,etanol,163.9030,53
2018-11-27,MG,gasolina,256.2110,53
2018-11-27,MS,diesel_s10,42.0350,11
2018-11-27,MS,etanol,42.2250,12
2018-11-27,MS,gasolina,59.7240,13
2018-11-27,MT,diesel_s10,3.8990,1
2018-11-27,MT,etanol,2.6990,1
2018-11-27,MT,gasolina,4.5990,1
2018-11-27,PA,diesel_s10,18.9640,5
2018-11-27,PA,gasolina,27.9480,6
2018-11-27,PB,diesel_s10,115.3960,31
2018-11-27,PB,etanol,102.2520,33
2018-11-27,PB,gasolina,160.5080,36
2018-11-27,PE,diesel_s10,72.3810,20
2018-11-27,PE,etanol,68.0930,22
2018-11-27,PE,gasolina,99.9250,23
2018-11-27,PI,diesel_s10,30.6040,8
2018-11-27,PI,etanol,23.0740,7
2018-11-27,PI,gasolina,41.2440,9
2018-11-27,PR,diesel_s10,288.7720,82
2018-11-27,PR,etanol,286.5720,99
2018-11-27,PR,gasolina,423.4130,99
2018-11-27,RJ,diesel_s10,21.0840,6
2018-11-27,RJ,etanol,31.0530,9
2018-11-27,RJ,gasolina,43.3530,9
2018-11-27,RN,diesel_s10,129.9640,33
2018-11-27,RN,etanol,117.0880,34
2018-11-27,RN,gasolina,164.7010,37
2018-11-27,RO,diesel_s10,4.1700,1
2018-11-27,RO,gasolina,4.2900,1
2018-11-27,RR,diesel_s10,37.4600,10
2018-11-27,RR,etanol,15.8700,4
2018-11-27,RR,gasolina,47.3000,11
2018-11-27,RS,diesel_s10,122.2620,33
2018-11-27,RS,etanol,76.7840,19
2018-11-27,RS,gasolina,178.6850,38
2018-11-27,SC,diesel_s10,10.9530,3
2018-11-27,SC,etanol,13.8720,4
2018-11-27,SC,gasolina,20.7580,5
2018-11-27,SE,diesel_s10,68.9750,18
2018-11-27,SE,etanol,67.3440,20
2018-11-27,SE,gasolina,97.7740,21
2018-11-27,SP,diesel_s10,552.0800,152
2018-11-27,SP,etanol,524.7500,199
2018-11-27,SP,gasolina,834.3300,199
2018-11-27,TO,diesel_s10,37.5050,10
2018-11-27,TO,etanol,33.2570,9
2018-11-27,TO,gasolina,48.5950,10
2018-11-28,AC,diesel_s10,47.8100,10
2018-11-28,AC,etanol,3.9700,1
2018-11-28,AC,gasolina,61.0700,11
2018-11-28,AL,diesel_s10,32.7260,8
2018-11-28,AL,etanol,26.0590,7
2018-11-28,AL,gasolina,39.9590,8
2018-11-28,AM,diesel_s10,13.5000,3
2018-11-28,AM,etanol,3.5900,1
2018-11-28,AM,gasolina,43.0400,8
2018-11-28,AP,diesel_s10,13.6290,3
2018-11-28,AP,gasolina,27.6390,7
2018-11-28,BA,diesel_s10,398.9270,105
2018-11-28,BA,etanol,420.5990,121
2018-11-28,BA,gasolina,588.3640,123
2018-11-28,CE,diesel_s10,171.9830,44
2018-11-28,CE,etanol,140.1900,39
2018-11-28,CE,gasolina,219.5430,47
2018-11-28,ES,diesel_s10,189.3110,51
2018-11-28,ES,etanol,112.7460,30
2018-11-28,ES,gasolina,274.7010,59
2018-11-28,GO,diesel_s10,487.6770,127
2018-11-28,GO,etanol,530.5350,176
2018-11-28,GO,gasolina,810.8090,175
2018-11-28,MA,diesel_s10,176.1110,47
2018-11-28,MA,etanol,93.1580,25
2018-11-28,MA,gasolina,226.8630,50
2018-11-28,MG,diesel_s10,926.3340,243
2018-11-28,MG,etanol,965.3320,310
2018-11-28,MG,gasolina,1505.7990,310
2018-11-28,MS,diesel_s10,164.7100,44
2018-11-28,MS,etanol,174.7170,53
2018-11-28,MS,gasolina,215.4230,51
2018-11-28,MT,diesel_s10,158.5380,38
2018-11-28,MT,etanol,140.7550,48
2018-11-28,MT,gasolina,227.4060,48
2018-11-28,PA,diesel_s10,305.6460,77
2018-11-28,PA,etanol,125.8920,33
2018-11-28,PA,gasolina,394.9950,83
2018-11-28,PB,diesel_s10,44.2080,12
2018-11-28,PB,etanol,45.1260,14
2018-11-28,PB,gasolina,64.9270,14
2018-11-28,PE,diesel_s10,497.2560,136
2018-11-28,PE,etanol,417.7530,130
2018-11-28,PE,gasolina,644.1160,145
2018-11-28,PI,diesel_s10,127.9440,33
2018-11-28,PI,etanol,68.3090,20
2018-11-28,PI,gasolina,156.0530,33
2018-11-28,PR,diesel_s10,387.0790,109
2018-11-28,PR,etanol,427.5840,143
2018-11-28,PR,gasolina,607.4570,138
2018-11-28,RJ,diesel_s10,405.2940,108
2018-11-28,RJ,etanol,487.0720,139
2018-11-28,RJ,gasolina,711.8270,143
2018-11-28,RN,diesel_s10,19.8200,5
2018-11-28,RN,etanol,10.4380,3
2018-11-28,RN,gasolina,17.9130,4
2018-11-28,RO,diesel_s10,163.8540,41
2018-11-28,RO,etanol,89.1210,21
2018-11-28,RO,gasolina,200.4090,42
2018-11-28,RR,diesel_s10,7.4700,2
2018-11-28,RR,etanol,3.9000,1
2018-11-28,RR,gasolina,8.5600,2
2018-11-28,RS,diesel_s10,304.9800,81
2018-11-28,RS,etanol,206.9120,50
2018-11-28,RS,gasolina,457.7620,96
2018-11-28,SC,diesel_s10,186.9070,52
2018-11-28,SC,etanol,138.5850,40
2018-11-28,SC,gasolina,286.0220,69
2018-11-28,SE,diesel_s10,66.1210,18
2018-11-28,SE,etanol,41.5810,12
2018-11-28,SE,gasolina,81.1380,18
2018-11-28,SP,diesel_s10,2448.2210,670
2018-11-28,SP,etanol,2433.9240,891
2018-11-28,SP,gasolina,3817.0300,871
2018-11-28,TO,diesel_s10,58.7730,16
2018-11-28,TO,etanol,61.3360,16
2018-11-28,TO,gasolina,80.9880,17
2018-11-29,AC,diesel_s10,120.8100,27
2018-11-29,AC,etanol,64.5700,16
2018-11-29,AC,gasolina,138.0700,28
2018-11-29,AL,diesel_s10,105.1130,27
2018-11-29,AL,etanol,106.2520,32
2018-11-29,AL,gasolina,166.5010,35
2018-11-29,AM,diesel_s10,96.8700,25
2018-11-29,AM,etanol,95.0970,26
2018-11-29,AM,gasolina,168.6970,36
2018-11-29,AP,gasolina,7.6200,2
2018-11-29,BA,diesel_s10,129.5180,34
2018-11-29,BA,etanol,148.2760,43
2018-11-29,BA,gasolina,207.0510,44
2018-11-29,DF,diesel_s10,82.4860,21
2018-11-29,DF,etanol,90.6180,27
2018-11-29,DF,gasolina,134.3170,30
2018-11-29,ES,diesel_s10,158.8690,43
2018-11-29,ES,etanol,151.9000,42
2018-11-29,ES,gasolina,260.2610,57
2018-11-29,GO,diesel_s10,26.6740,7
2018-11-29,GO,etanol,24.3570,8
2018-11-29,GO,gasolina,33.8170,7
2018-11-29,MA,diesel_s10,72.4570,19
2018-11-29,MA,etanol,37.3820,10
2018-11-29,MA,gasolina,95.6730,21
2018-11-29,MG,diesel_s10,596.7350,157
2018-11-29,MG,etanol,633.4740,209
2018-11-29,MG,gasolina,988.8080,207
2018-11-29,MS,diesel_s10,77.7270,20
2018-11-29,MS,etanol,70.5610,20
2018-11-29,MS,gasolina,90.5470,21
2018-11-29,MT,diesel_s10,347.1370,86
2018-11-29,MT,etanol,304.0940,107
2018-11-29,MT,gasolina,495.4920,106
2018-11-29,PA,diesel_s10,69.9060,18
2018-11-29,PA,etanol,19.9490,5
2018-11-29,PA,gasolina,92.8360,20
2018-11-29,PB,diesel_s10,37.8220,10
2018-11-29,PB,etanol,35.0760,11
2018-11-29,PB,gasolina,49.4880,11
2018-11-29,PE,diesel_s10,79.7760,21
2018-11-29,PE,etanol,65.4260,18
2018-11-29,PE,gasolina,107.4520,22
2018-11-29,PR,diesel_s10,93.5770,26
2018-11-29,PR,etanol,90.5350,30
2018-11-29,PR,gasolina,137.4840,30
2018-11-29,RJ,diesel_s10,596.0470,158
2018-11-29,RJ,etanol,703.6230,201
2018-11-29,RJ,gasolina,994.6320,202
2018-11-29,RN,diesel_s10,50.3690,13
2018-11-29,RN,etanol,48.0270,14
2018-11-29,RN,gasolina,64.2500,14
2018-11-29,RO,diesel_s10,63.0540,16
2018-11-29,RO,etanol,29.3940,8
2018-11-29,RO,gasolina,97.3400,22
2018-11-29,RS,diesel_s10,47.3510,12
2018-11-29,RS,etanol,39.2650,9
2018-11-29,RS,gasolina,70.7900,14
2018-11-29,SP,diesel_s10,365.2640,100
2018-11-29,SP,etanol,355.3400,134
2018-11-29,SP,gasolina,576.1060,134
2018-11-29,TO,diesel_s10,69.8690,18
2018-11-29,TO,etanol,57.2530,15
2018-11-29,TO,gasolina,87.0200,18
2018-12-03,AL,diesel_s10,75.2050,19
2018-12-03,AL,etanol,66.3530,19
2018-12-03,AL,gasolina,96.1190,20
2018-12-03,AM,diesel_s10,13.4500,3
2018-12-03,AM,gasolina,37.7500,7
2018-12-03,AP,diesel_s10,48.6180,11
2018-12-03,AP,gasolina,109.0080,28
2018-12-03,BA,diesel_s10,248.2680,66
2018-12-03,BA,etanol,264.7870,78
2018-12-03,BA,gasolina,363.5580,79
2018-12-03,CE,diesel_s10,179.6690,46
2018-12-03,CE,etanol,135.6810,38
2018-12-03,CE,gasolina,215.9410,47
2018-12-03,ES,diesel_s10,116.0580,32
2018-12-03,ES,etanol,77.3570,21
2018-12-03,ES,gasolina,186.9470,41
2018-12-03,GO,diesel_s10,143.3790,38
2018-12-03,GO,etanol,162.7070,53
2018-12-03,GO,gasolina,236.0520,52
2018-12-03,MA,diesel_s10,141.2740,38
2018-12-03,MA,etanol,64.0780,17
2018-12-03,MA,gasolina,179.6730,40
2018-12-03,MG,diesel_s10,1059.8290,283
2018-12-03,MG,etanol,1115.9390,362
2018-12-03,MG,gasolina,1714.1000,360
2018-12-03,MS,diesel_s10,45.1450,12
2018-12-03,MS,etanol,42.2440,12
2018-12-03,MS,gasolina,63.2040,14
2018-12-03,MT,diesel_s10,207.9910,49
2018-12-03,MT,etanol,165.0020,53
2018-12-03,MT,gasolina,247.3720,52
2018-12-03,PA,diesel_s10,196.5700,49
2018-12-03,PA,etanol,52.4950,13
2018-12-03,PA,gasolina,256.9340,54
2018-12-03,PB,diesel_s10,46.2140,12
2018-12-03,PB,etanol,34.2470,10
2018-12-03,PB,gasolina,60.0740,13
2018-12-03,PE,diesel_s10,83.7980,23
2018-12-03,PE,etanol,86.8350,26
2018-12-03,PE,gasolina,127.5350,28
2018-12-03,PI,diesel_s10,83.2960,22
2018-12-03,PI,etanol,64.1970,19
2018-12-03,PI,gasolina,109.8160,24
2018-12-03,PR,diesel_s10,468.3130,134
2018-12-03,PR,etanol,504.4700,173
2018-12-03,PR,gasolina,732.4180,171
2018-12-03,RJ,diesel_s10,446.3660,120
2018-12-03,RJ,etanol,536.0620,154
2018-12-03,RJ,gasolina,767.4800,156
2018-12-03,RO,diesel_s10,140.9120,36
2018-12-03,RO,etanol,88.1700,21
2018-12-03,RO,gasolina,168.8470,36
2018-12-03,RS,diesel_s10,513.6320,142
2018-12-03,RS,etanol,329.2190,82
2018-12-03,RS,gasolina,820.5340,179
2018-12-03,SC,diesel_s10,179.9520,51
2018-12-03,SC,etanol,133.8970,38
2018-12-03,SC,gasolina,242.1500,58
2018-12-03,SE,diesel_s10,50.6040,14
2018-12-03,SE,etanol,29.8910,9
2018-12-03,SE,gasolina,63.0640,14
2018-12-03,SP,diesel_s10,1172.0540,325
2018-12-03,SP,etanol,1156.7490,427
2018-12-03,SP,gasolina,1793.4470,424
2018-12-03,TO,diesel_s10,98.9790,27
2018-12-03,TO,etanol,83.3040,22
2018-12-03,TO,gasolina,129.3500,28
2018-12-04,AC,diesel_s10,167.8200,37
2018-12-04,AC,etanol,76.5200,19
2018-12-04,AC,gasolina,197.9190,39
2018-12-04,AM,diesel_s10,24.6800,6
2018-12-04,AM,etanol,7.3800,2
2018-12-04,AM,gasolina,48.6100,10
2018-12-04,AP,gasolina,3.9800,1
2018-12-04,BA,diesel_s10,422.7910,115
2018-12-04,BA,etanol,488.2030,152
2018-12-04,BA,gasolina,705.4670,160
2018-12-04,CE,diesel_s10,653.6950,167
2018-12-04,CE,etanol,569.4820,159
2018-12-04,CE,gasolina,764.7500,167
2018-12-04,ES,diesel_s10,14.6400,4
2018-12-04,ES,etanol,7.2800,2
2018-12-04,ES,gasolina,22.1000,5
2018-12-04,GO,diesel_s10,164.9330,44
2018-12-04,GO,etanol,165.0410,54
2018-12-04,GO,gasolina,244.3830,53
2018-12-04,MA,diesel_s10,88.4160,24
2018-12-04,MA,etanol,43.8760,12
2018-12-04,MA,gasolina,118.4250,27
2018-12-04,MG,diesel_s10,256.2910,70
2018-12-04,MG,etanol,279.6640,93
2018-12-04,MG,gasolina,435.4710,93
2018-12-04,MS,diesel_s10,195.0180,53
2018-12-04,MS,etanol,201.0870,61
2018-12-04,MS,gasolina,251.3540,61
2018-12-04,MT,diesel_s10,7.7890,2
2018-12-04,MT,etanol,8.5970,3
2018-12-04,MT,gasolina,13.4970,3
2018-12-04,PA,diesel_s10,112.4440,30
2018-12-04,PA,etanol,44.5870,12
2018-12-04,PA,gasolina,136.5690,30
2018-12-04,PB,diesel_s10,37.4990,10
2018-12-04,PB,etanol,39.8600,13
2018-12-04,PB,gasolina,57.4670,13
2018-12-04,PE,diesel_s10,141.1950,39
2018-12-04,PE,etanol,102.7350,32
2018-12-04,PE,gasolina,187.4850,42
2018-12-04,PI,diesel_s10,92.7290,24
2018-12-04,PI,etanol,63.9150,19
2018-12-04,PI,gasolina,116.3160,25
2018-12-04,PR,diesel_s10,120.6360,34
2018-12-04,PR,etanol,123.0520,41
2018-12-04,PR,gasolina,176.2430,40
2018-12-04,RJ,diesel_s10,44.2390,12
2018-12-04,RJ,etanol,52.5450,15
2018-12-04,RJ,gasolina,90.5940,18
2018-12-04,RN,diesel_s10,216.0930,56
2018-12-04,RN,etanol,205.6130,60
2018-12-04,RN,gasolina,274.4060,62
2018-12-04,RO,diesel_s10,31.0590,8
2018-12-04,RO,etanol,4.2900,1
2018-12-04,RO,gasolina,37.7300,8
2018-12-04,RR,diesel_s10,40.7380,11
2018-12-04,RR,etanol,11.8900,3
2018-12-04,RR,gasolina,50.5480,12
2018-12-04,RS,diesel_s10,80.6050,22
2018-12-04,RS,etanol,53.9030,13
2018-12-04,RS,gasolina,124.2180,26
2018-12-04,SC,diesel_s10,173.5270,49
2018-12-04,SC,etanol,114.7230,33
2018-12-04,SC,gasolina,242.4160,59
2018-12-04,SE,diesel_s10,17.7490,5
2018-12-04,SE,etanol,13.3970,4
2018-12-04,SE,gasolina,21.4400,5
2018-12-04,SP,diesel_s10,559.9930,157
2018-12-04,SP,etanol,594.3690,219
2018-12-04,SP,gasolina,911.8840,217
2018-12-04,TO,diesel_s10,30.9080,8
2018-12-04,TO,etanol,30.0480,8
2018-12-04,TO,gasolina,38.1770,8
2018-12-05,AL,diesel_s10,91.8490,24
2018-12-05,AL,etanol,115.3400,35
2018-12-05,AL,gasolina,173.6140,37
2018-12-05,AM,etanol,3.5900,1
2018-12-05,AM,gasolina,4.2500,1
2018-12-05,BA,diesel_s10,208.3950,57
2018-12-05,BA,etanol,232.3910,70
2018-12-05,BA,gasolina,300.5370,66
2018-12-05,CE,diesel_s10,7.8800,2
2018-12-05,CE,etanol,3.5900,1
2018-12-05,CE,gasolina,9.0300,2
2018-12-05,DF,diesel_s10,128.9230,33
2018-12-05,DF,etanol,147.2220,44
2018-12-05,DF,gasolina,202.4380,47
2018-12-05,GO,diesel_s10,343.8020,92
2018-12-05,GO,etanol,382.7140,125
2018-12-05,GO,gasolina,562.4370,124
2018-12-05,MA,diesel_s10,84.1820,23
2018-12-05,MA,etanol,22.0960,6
2018-12-05,MA,gasolina,109.5330,26
2018-12-05,MG,diesel_s10,253.4640,69
2018-12-05,MG,etanol,278.6730,98
2018-12-05,MG,gasolina,442.4900,98
2018-12-05,MS,diesel_s10,46.0170,12
2018-12-05,MS,etanol,42.4280,12
2018-12-05,MS,gasolina,50.9880,12
2018-12-05,MT,diesel_s10,50.7510,13
2018-12-05,MT,etanol,55.6370,21
2018-12-05,MT,gasolina,94.2770,21
2018-12-05,PA,diesel_s10,113.3880,29
2018-12-05,PA,etanol,75.2470,20
2018-12-05,PA,gasolina,141.9390,31
2018-12-05,PE,diesel_s10,172.8270,48
2018-12-05,PE,etanol,161.7980,52
2018-12-05,PE,gasolina,229.2770,54
2018-12-05,PI,diesel_s10,57.0810,15
2018-12-05,PI,etanol,29.9740,9
2018-12-05,PI,gasolina,68.2490,15
2018-12-05,PR,diesel_s10,195.6760,56
2018-12-05,PR,etanol,202.4660,69
2018-12-05,PR,gasolina,295.2970,68
2018-12-05,RJ,diesel_s10,391.2270,106
2018-12-05,RJ,etanol,499.5400,146
2018-12-05,RJ,gasolina,720.4910,149
2018-12-05,RO,diesel_s10,78.2830,20
2018-12-05,RO,etanol,33.2330,9
2018-12-05,RO,gasolina,123.2220,28
2018-12-05,RR,diesel_s10,3.5700,1
2018-12-05,RR,etanol,3.8900,1
2018-12-05,RR,gasolina,4.1700,1
2018-12-05,RS,diesel_s10,294.4030,81
2018-12-05,RS,etanol,202.2710,50
2018-12-05,RS,gasolina,470.9020,101
2018-12-05,SC,diesel_s10,297.5810,83
2018-12-05,SC,etanol,255.7940,74
2018-12-05,SC,gasolina,462.0560,113
2018-12-05,SE,diesel_s10,7.2880,2
2018-12-05,SE,etanol,6.4680,2
2018-12-05,SE,gasolina,8.9980,2
2018-12-05,SP,diesel_s10,1833.9280,513
2018-12-05,SP,etanol,1812.5210,686
2018-12-05,SP,gasolina,2872.5200,679
2018-12-06,AM,diesel_s10,134.1150,35
2018-12-06,AM,etanol,144.3280,40
2018-12-06,AM,gasolina,237.0330,54
2018-12-06,BA,diesel_s10,71.8010,20
2018-12-06,BA,etanol,86.5060,26
2018-12-06,BA,gasolina,107.8490,24
2018-12-06,ES,diesel_s10,206.5330,56
2018-12-06,ES,etanol,150.9570,42
2018-12-06,ES,gasolina,315.8020,70
2018-12-06,MA,diesel_s10,96.5660,27
2018-12-06,MA,etanol,20.5860,6
2018-12-06,MA,gasolina,123.9150,30
2018-12-06,MG,diesel_s10,109.8280,30
2018-12-06,MG,etanol,117.3050,39
2018-12-06,MG,gasolina,179.3220,39
2018-12-06,MT,diesel_s10,252.4640,64
2018-12-06,MT,etanol,222.3240,82
2018-12-06,MT,gasolina,373.1490,82
2018-12-06,PB,diesel_s10,109.5220,30
2018-12-06,PB,etanol,110.1560,36
2018-12-06,PB,gasolina,163.0880,37
2018-12-06,PE,diesel_s10,231.0560,66
2018-12-06,PE,etanol,192.6140,62
2018-12-06,PE,gasolina,294.7210,69
2018-12-06,PI,diesel_s10,7.3740,2
2018-12-06,PI,etanol,3.2550,1
2018-12-06,PI,gasolina,8.8940,2
2018-12-06,PR,diesel_s10,190.1560,55
2018-12-06,PR,etanol,251.0640,89
2018-12-06,PR,gasolina,368.6040,89
2018-12-06,RJ,diesel_s10,287.5860,78
2018-12-06,RJ,etanol,316.7460,93
2018-12-06,RJ,gasolina,453.4930,94
2018-12-06,RS,diesel_s10,175.9040,49
2018-12-06,RS,etanol,107.1430,27
2018-12-06,RS,gasolina,256.5300,57
2018-12-06,SC,diesel_s10,65.0340,19
2018-12-06,SC,etanol,49.2770,14
2018-12-06,SC,gasolina,92.8300,23
2018-12-06,SE,diesel_s10,69.6020,18
2018-12-06,SE,etanol,63.1010,19
2018-12-06,SE,gasolina,92.0800,20
2018-12-06,SP,diesel_s10,925.9180,262
2018-12-06,SP,etanol,873.1510,332
2018-12-06,SP,gasolina,1371.6220,328
2018-12-06,TO,diesel_s10,33.0860,9
2018-12-06,TO,etanol,37.4560,10
2018-12-06,TO,gasolina,46.4160,10
2018-12-10,AC,diesel_s10,4.4600,1
2018-12-10,AC,gasolina,4.8500,1
2018-12-10,AL,diesel_s10,78.6910,20
2018-12-10,AL,etanol,73.8580,21
2018-12-10,AL,gasolina,100.7480,21
2018-12-10,AM,diesel_s10,115.5290,30
2018-12-10,AM,etanol,120.7800,34
2018-12-10,AM,gasolina,220.8960,52
2018-12-10,AP,diesel_s10,49.1480,11
2018-12-10,AP,gasolina,82.0280,21
2018-12-10,BA,diesel_s10,332.5820,92
2018-12-10,BA,etanol,348.2360,106
2018-12-10,BA,gasolina,478.5230,107
2018-12-10,CE,diesel_s10,481.8940,126
2018-12-10,CE,etanol,418.4480,119
2018-12-10,CE,gasolina,583.2080,129
2018-12-10,ES,diesel_s10,115.4180,32
2018-12-10,ES,etanol,84.6370,23
2018-12-10,ES,gasolina,186.4370,41
2018-12-10,GO,diesel_s10,178.6040,48
2018-12-10,GO,etanol,192.9240,63
2018-12-10,GO,gasolina,280.5270,62
2018-12-10,MA,diesel_s10,125.6280,34
2018-12-10,MA,etanol,60.6600,16
2018-12-10,MA,gasolina,160.5770,36
2018-12-10,MG,diesel_s10,1046.2340,283
2018-12-10,MG,etanol,1096.2440,357
2018-12-10,MG,gasolina,1681.2730,355
2018-12-10,MS,diesel_s10,48.2750,13
2018-12-10,MS,etanol,45.6050,13
2018-12-10,MS,gasolina,71.6050,16
2018-12-10,MT,diesel_s10,186.7680,44
2018-12-10,MT,etanol,152.3130,49
2018-12-10,MT,gasolina,227.8740,48
2018-12-10,PA,diesel_s10,202.1480,51
2018-12-10,PA,etanol,63.7230,16
2018-12-10,PA,gasolina,264.0840,56
2018-12-10,PB,diesel_s10,46.2140,12
2018-12-10,PB,etanol,34.2470,10
2018-12-10,PB,gasolina,60.0690,13
2018-12-10,PE,diesel_s10,83.4990,23
2018-12-10,PE,etanol,86.9950,26
2018-12-10,PE,gasolina,127.1050,28
2018-12-10,PI,diesel_s10,79.3860,21
2018-12-10,PI,etanol,61.3180,18
2018-12-10,PI,gasolina,108.8850,24
2018-12-10,PR,diesel_s10,501.1230,145
2018-12-10,PR,etanol,549.0730,189
2018-12-10,PR,gasolina,789.0490,185
2018-12-10,RJ,diesel_s10,684.6760,186
2018-12-10,RJ,etanol,843.7940,246
2018-12-10,RJ,gasolina,1212.1600,249
2018-12-10,RN,diesel_s10,18.9580,5
2018-12-10,RN,etanol,13.5570,4
2018-12-10,RN,gasolina,17.5290,4
2018-12-10,RO,diesel_s10,210.2360,54
2018-12-10,RO,etanol,124.5820,31
2018-12-10,RO,gasolina,283.8710,63
2018-12-10,RR,diesel_s10,36.6300,10
2018-12-10,RR,etanol,11.9000,3
2018-12-10,RR,gasolina,41.4900,10
2018-12-10,RS,diesel_s10,547.2340,153
2018-12-10,RS,etanol,365.7160,91
2018-12-10,RS,gasolina,866.2850,190
2018-12-10,SC,diesel_s10,171.0480,49
2018-12-10,SC,etanol,125.5420,36
2018-12-10,SC,gasolina,232.3510,56
2018-12-10,SE,diesel_s10,121.5790,33
2018-12-10,SE,etanol,95.8860,29
2018-12-10,SE,gasolina,158.5560,35
2018-12-10,SP,diesel_s10,1207.7780,341
2018-12-10,SP,etanol,1183.2130,438
2018-12-10,SP,gasolina,1820.4900,434
2018-12-10,TO,diesel_s10,97.7780,27
2018-12-10,TO,etanol,83.2130,22
2018-12-10,TO,gasolina,128.7970,28
2018-12-11,AC,diesel_s10,42.9100,9
2018-12-11,AC,gasolina,55.2900,10
2018-12-11,AM,diesel_s10,24.6800,6
2018-12-11,AM,etanol,7.3800,2
2018-12-11,AM,gasolina,48.1800,10
2018-12-11,AP,diesel_s10,8.5000,2
2018-12-11,AP,gasolina,19.6400,5
2018-12-11,BA,diesel_s10,230.0780,61
2018-12-11,BA,etanol,216.4690,63
2018-12-11,BA,gasolina,325.6210,70
2018-12-11,CE,diesel_s10,331.1100,86
2018-12-11,CE,etanol,285.9250,80
2018-12-11,CE,gasolina,392.9180,86
2018-12-11,ES,diesel_s10,14.4090,4
2018-12-11,ES,etanol,7.2800,2
2018-12-11,ES,gasolina,22.1000,5
2018-12-11,GO,diesel_s10,149.5740,40
2018-12-11,GO,etanol,146.7930,48
2018-12-11,GO,gasolina,221.0350,48
2018-12-11,MA,diesel_s10,80.4690,22
2018-12-11,MA,etanol,40.3270,11
2018-12-11,MA,gasolina,104.7090,24
2018-12-11,MG,diesel_s10,214.1710,59
2018-12-11,MG,etanol,235.0040,78
2018-12-11,MG,gasolina,364.2870,78
2018-12-11,MS,diesel_s10,157.0080,43
2018-12-11,MS,etanol,188.2450,57
2018-12-11,MS,gasolina,242.6200,59
2018-12-11,MT,diesel_s10,7.8690,2
2018-12-11,MT,etanol,9.1680,3
2018-12-11,MT,gasolina,13.8480,3
2018-12-11,PA,diesel_s10,179.2070,47
2018-12-11,PA,etanol,88.1080,24
2018-12-11,PA,gasolina,217.5360,48
2018-12-11,PB,diesel_s10,106.4700,29
2018-12-11,PB,etanol,111.9420,37
2018-12-11,PB,gasolina,161.1950,37
2018-12-11,PE,diesel_s10,140.3050,39
2018-12-11,PE,etanol,102.6540,32
2018-12-11,PE,gasolina,186.7850,42
2018-12-11,PI,diesel_s10,58.4670,15
2018-12-11,PI,etanol,30.5550,9
2018-12-11,PI,gasolina,70.6700,15
2018-12-11,PR,diesel_s10,87.3460,25
2018-12-11,PR,etanol,84.2420,28
2018-12-11,PR,gasolina,118.8730,27
2018-12-11,RJ,diesel_s10,48.0290,13
2018-12-11,RJ,etanol,56.0970,16
2018-12-11,RJ,gasolina,95.4540,19
2018-12-11,RN,diesel_s10,106.6130,28
2018-12-11,RN,etanol,103.0730,30
2018-12-11,RN,gasolina,137.7360,31
2018-12-11,RO,diesel_s10,34.9090,9
2018-12-11,RO,etanol,8.6900,2
2018-12-11,RO,gasolina,42.6500,9
2018-12-11,RR,diesel_s10,11.2300,3
2018-12-11,RR,gasolina,12.4600,3
2018-12-11,RS,diesel_s10,147.4430,41
2018-12-11,RS,etanol,117.9150,29
2018-12-11,RS,gasolina,226.0750,48
2018-12-11,SC,diesel_s10,178.7470,51
2018-12-11,SC,etanol,118.0500,34
2018-12-11,SC,gasolina,246.1890,60
2018-12-11,SE,diesel_s10,17.7490,5
2018-12-11,SE,etanol,13.3970,4
2018-12-11,SE,gasolina,21.4400,5
2018-12-11,SP,diesel_s10,570.8890,164
2018-12-11,SP,etanol,620.0690,232
2018-12-11,SP,gasolina,949.8210,230
2018-12-11,TO,diesel_s10,66.3220,18
2018-12-11,TO,etanol,58.9630,16
2018-12-11,TO,gasolina,84.1510,18
2018-12-12,AL,diesel_s10,42.6720,11
2018-12-12,AL,etanol,34.2680,10
2018-12-12,AL,gasolina,61.6440,13
2018-12-12,AP,diesel_s10,8.9400,2
2018-12-12,AP,gasolina,12.4000,3
2018-12-12,BA,diesel_s10,369.7480,101
2018-12-12,BA,etanol,431.0080,135
2018-12-12,BA,gasolina,561.9720,130
2018-12-12,CE,diesel_s10,3.9900,1
2018-12-12,CE,etanol,3.5900,1
2018-12-12,CE,gasolina,4.6400,1
2018-12-12,GO,diesel_s10,291.9850,79
2018-12-12,GO,etanol,331.1710,105
2018-12-12,GO,gasolina,476.5030,104
2018-12-12,MA,diesel_s10,162.8590,46
2018-12-12,MA,etanol,32.6430,9
2018-12-12,MA,gasolina,205.7090,50
2018-12-12,MG,diesel_s10,289.4290,79
2018-12-12,MG,etanol,314.1340,110
2018-12-12,MG,gasolina,491.1940,109
2018-12-12,MS,diesel_s10,45.2770,12
2018-12-12,MS,etanol,42.1980,12
2018-12-12,MS,gasolina,50.9880,12
2018-12-12,MT,diesel_s10,176.8900,45
2018-12-12,MT,etanol,147.9940,56
2018-12-12,MT,gasolina,251.8910,56
2018-12-12,PA,diesel_s10,35.8280,9
2018-12-12,PA,etanol,23.4580,6
2018-12-12,PA,gasolina,48.4470,10
2018-12-12,PE,diesel_s10,142.8400,40
2018-12-12,PE,etanol,131.4860,42
2018-12-12,PE,gasolina,183.3060,43
2018-12-12,PI,diesel_s10,101.5390,27
2018-12-12,PI,etanol,75.9980,23
2018-12-12,PI,gasolina,120.3380,27
2018-12-12,PR,diesel_s10,394.6480,115
2018-12-12,PR,etanol,413.8920,143
2018-12-12,PR,gasolina,592.8600,141
2018-12-12,RJ,diesel_s10,164.2780,46
2018-12-12,RJ,etanol,235.1100,70
2018-12-12,RJ,gasolina,333.1540,70
2018-12-12,RS,diesel_s10,242.3880,67
2018-12-12,RS,etanol,176.9970,44
2018-12-12,RS,gasolina,374.3020,81
2018-12-12,SC,diesel_s10,248.1050,70
2018-12-12,SC,etanol,193.4340,56
2018-12-12,SC,gasolina,356.7410,87
2018-12-12,SE,diesel_s10,3.5990,1
2018-12-12,SE,etanol,3.1790,1
2018-12-12,SE,gasolina,4.4990,1
2018-12-12,SP,diesel_s10,1723.1420,486
2018-12-12,SP,etanol,1742.2220,662
2018-12-12,SP,gasolina,2775.6640,657
2018-12-13,AC,diesel_s10,119.9090,27
2018-12-13,AC,etanol,68.2800,17
2018-12-13,AC,gasolina,135.5190,28
2018-12-13,AL,diesel_s10,41.8290,11
2018-12-13,AL,etanol,75.4390,23
2018-12-13,AL,gasolina,106.4300,23
2018-12-13,AM,diesel_s10,16.4900,4
2018-12-13,AM,etanol,7.9400,2
2018-12-13,AM,gasolina,45.6800,10
2018-12-13,BA,diesel_s10,68.2110,19
2018-12-13,BA,etanol,83.5460,25
2018-12-13,BA,gasolina,103.6990,23
2018-12-13,DF,diesel_s10,141.6400,37
2018-12-13,DF,etanol,141.0620,43
2018-12-13,DF,gasolina,197.6760,47
2018-12-13,ES,diesel_s10,203.4610,57
2018-12-13,ES,etanol,162.0740,46
2018-12-13,ES,gasolina,313.5940,70
2018-12-13,GO,diesel_s10,46.8910,13
2018-12-13,GO,etanol,45.9470,16
2018-12-13,GO,gasolina,69.4360,16
2018-12-13,MA,diesel_s10,38.5220,11
2018-12-13,MA,etanol,20.2760,6
2018-12-13,MA,gasolina,53.2320,13
2018-12-13,MG,diesel_s10,127.2130,35
2018-12-13,MG,etanol,139.9160,47
2018-12-13,MG,gasolina,216.9150,47
2018-12-13,MT,diesel_s10,145.3340,37
2018-12-13,MT,etanol,135.7210,51
2018-12-13,MT,gasolina,230.0080,51
2018-12-13,PA,diesel_s10,3.8990,1
2018-12-13,PA,gasolina,4.4590,1
2018-12-13,PB,diesel_s10,43.7260,12
2018-12-13,PB,etanol,41.4190,13
2018-12-13,PB,gasolina,58.3730,13
2018-12-13,PE,diesel_s10,259.2410,74
2018-12-13,PE,etanol,225.4300,73
2018-12-13,PE,gasolina,339.2240,80
2018-12-13,PR,diesel_s10,20.9500,6
2018-12-13,PR,etanol,42.9900,15
2018-12-13,PR,gasolina,59.5600,14
2018-12-13,RJ,diesel_s10,208.2470,56
2018-12-13,RJ,etanol,255.0490,74
2018-12-13,RJ,gasolina,362.5140,75
2018-12-13,RN,diesel_s10,91.6870,24
2018-12-13,RN,etanol,83.8660,25
2018-12-13,RN,gasolina,111.8790,26
2018-12-13,RS,diesel_s10,130.9560,37
2018-12-13,RS,etanol,82.9370,21
2018-12-13,RS,gasolina,196.0000,44
2018-12-13,SC,diesel_s10,129.5430,36
2018-12-13,SC,etanol,107.7020,30
2018-12-13,SC,gasolina,203.2610,50
2018-12-13,SP,diesel_s10,916.3310,259
2018-12-13,SP,etanol,872.6150,332
2018-12-13,SP,gasolina,1363.8390,328
2018-12-17,AL,diesel_s10,19.0630,5
2018-12-17,AL,etanol,24.2370,7
2018-12-17,AL,gasolina,32.3680,7
2018-12-17,AM,diesel_s10,8.4990,2
2018-12-17,AM,gasolina,10.1500,2
2018-12-17,AP,diesel_s10,57.8390,13
2018-12-17,AP,gasolina,94.5890,24
2018-12-17,BA,diesel_s10,194.5320,53
2018-12-17,BA,etanol,232.3560,68
2018-12-17,BA,gasolina,321.7560,70
2018-12-17,CE,diesel_s10,42.0960,11
2018-12-17,CE,etanol,31.8990,9
2018-12-17,CE,gasolina,53.5660,12
2018-12-17,DF,gasolina,4.6890,1
2018-12-17,ES,diesel_s10,62.7100,18
2018-12-17,ES,etanol,22.3390,6
2018-12-17,ES,gasolina,101.2690,22
2018-12-17,GO,diesel_s10,92.3500,25
2018-12-17,GO,etanol,84.0610,27
2018-12-17,GO,gasolina,122.7170,27
2018-12-17,MA,diesel_s10,80.9620,22
2018-12-17,MA,etanol,48.7560,13
2018-12-17,MA,gasolina,100.8500,23
2018-12-17,MG,diesel_s10,336.9300,95
2018-12-17,MG,etanol,403.5310,131
2018-12-17,MG,gasolina,597.1420,127
2018-12-17,MS,diesel_s10,29.6280,8
2018-12-17,MS,etanol,28.1900,8
2018-12-17,MS,gasolina,35.3490,8
2018-12-17,MT,diesel_s10,84.6830,21
2018-12-17,MT,etanol,75.4930,25
2018-12-17,MT,gasolina,110.1180,24
2018-12-17,PA,diesel_s10,197.2230,51
2018-12-17,PA,etanol,80.5310,21
2018-12-17,PA,gasolina,258.4110,56
2018-12-17,PB,diesel_s10,22.0860,6
2018-12-17,PB,etanol,13.9870,4
2018-12-17,PB,gasolina,26.9860,6
2018-12-17,PE,diesel_s10,71.7460,20
2018-12-17,PE,etanol,72.3690,21
2018-12-17,PE,gasolina,101.3370,22
2018-12-17,PI,diesel_s10,37.4030,10
2018-12-17,PI,etanol,23.3430,7
2018-12-17,PI,gasolina,53.5700,12
2018-12-17,PR,diesel_s10,268.7140,81
2018-12-17,PR,etanol,352.3840,123
2018-12-17,PR,gasolina,507.8920,122
2018-12-17,RJ,diesel_s10,350.8710,98
2018-12-17,RJ,etanol,406.4460,120
2018-12-17,RJ,gasolina,590.3780,122
2018-12-17,RO,diesel_s10,46.4430,12
2018-12-17,RO,etanol,19.8770,5
2018-12-17,RO,gasolina,58.7310,13
2018-12-17,RS,diesel_s10,579.6360,163
2018-12-17,RS,etanol,408.1860,102
2018-12-17,RS,gasolina,893.0510,196
2018-12-17,SC,diesel_s10,333.2570,96
2018-12-17,SC,etanol,217.1730,62
2018-12-17,SC,gasolina,458.6560,112
2018-12-17,SE,diesel_s10,24.1460,7
2018-12-17,SE,etanol,10.2970,3
2018-12-17,SE,gasolina,30.5780,7
2018-12-17,SP,diesel_s10,1655.3450,478
2018-12-17,SP,etanol,1693.3780,632
2018-12-17,SP,gasolina,2595.3850,627
2018-12-17,TO,diesel_s10,78.7210,22
2018-12-17,TO,etanol,64.3210,17
2018-12-17,TO,gasolina,101.4180,22
2018-12-18,AC,diesel_s10,42.1200,9
2018-12-18,AC,gasolina,53.2900,10
2018-12-18,AL,diesel_s10,74.7110,19
2018-12-18,AL,etanol,56.0680,16
2018-12-18,AL,gasolina,91.6210,19
2018-12-18,AM,diesel_s10,36.0690,9
2018-12-18,AM,etanol,10.9700,3
2018-12-18,AM,gasolina,78.4000,16
2018-12-18,AP,diesel_s10,4.5900,1
2018-12-18,AP,gasolina,3.7700,1
2018-12-18,BA,diesel_s10,195.9460,54
2018-12-18,BA,etanol,202.6120,59
2018-12-18,BA,gasolina,289.5090,63
2018-12-18,CE,diesel_s10,190.4480,49
2018-12-18,CE,etanol,148.3600,41
2018-12-18,CE,gasolina,252.2520,55
2018-12-18,DF,diesel_s10,62.0450,16
2018-12-18,DF,etanol,73.5070,22
2018-12-18,DF,gasolina,99.5160,23
2018-12-18,ES,diesel_s10,67.0400,19
2018-12-18,ES,etanol,47.1990,13
2018-12-18,ES,gasolina,106.8200,24
2018-12-18,GO,diesel_s10,327.6970,90
2018-12-18,GO,etanol,339.7630,111
2018-12-18,GO,gasolina,491.4070,108
2018-12-18,MA,diesel_s10,113.9030,32
2018-12-18,MA,etanol,39.4100,11
2018-12-18,MA,gasolina,143.9020,34
2018-12-18,MG,diesel_s10,632.1560,175
2018-12-18,MG,etanol,720.7740,237
2018-12-18,MG,gasolina,1102.7130,235
2018-12-18,MS,diesel_s10,83.0900,23
2018-12-18,MS,etanol,78.6600,23
2018-12-18,MS,gasolina,105.0690,25
2018-12-18,MT,diesel_s10,67.2650,16
2018-12-18,MT,etanol,56.5750,18
2018-12-18,MT,gasolina,84.8560,18
2018-12-18,PA,diesel_s10,59.2500,15
2018-12-18,PA,etanol,15.7860,4
2018-12-18,PA,gasolina,70.2020,15
2018-12-18,PB,diesel_s10,80.8350,22
2018-12-18,PB,etanol,71.8810,23
2018-12-18,PB,gasolina,114.5050,26
2018-12-18,PE,diesel_s10,382.7660,109
2018-12-18,PE,etanol,330.3900,106
2018-12-18,PE,gasolina,486.5210,115
2018-12-18,PI,diesel_s10,135.9790,36
2018-12-18,PI,etanol,86.7500,26
2018-12-18,PI,gasolina,167.1150,37
2018-12-18,PR,diesel_s10,223.6480,66
2018-12-18,PR,etanol,251.0390,86
2018-12-18,PR,gasolina,354.0300,82
2018-12-18,RJ,diesel_s10,380.9440,105
2018-12-18,RJ,etanol,463.1010,136
2018-12-18,RJ,gasolina,688.3240,143
2018-12-18,RN,diesel_s10,60.3600,16
2018-12-18,RN,etanol,54.1480,16
2018-12-18,RN,gasolina,77.8490,18
2018-12-18,RO,diesel_s10,52.3490,14
2018-12-18,RO,etanol,25.7400,6
2018-12-18,RO,gasolina,65.2290,14
2018-12-18,RR,diesel_s10,31.9580,9
2018-12-18,RR,etanol,7.8000,2
2018-12-18,RR,gasolina,40.8480,10
2018-12-18,RS,diesel_s10,175.8760,49
2018-12-18,RS,etanol,151.0480,37
2018-12-18,RS,gasolina,267.7190,58
2018-12-18,SC,diesel_s10,164.4210,47
2018-12-18,SC,etanol,122.3100,35
2018-12-18,SC,gasolina,211.6530,52
2018-12-18,SE,diesel_s10,32.4220,9
2018-12-18,SE,etanol,26.1430,8
2018-12-18,SE,gasolina,40.4950,9
2018-12-18,SP,diesel_s10,297.5630,85
2018-12-18,SP,etanol,272.4550,100
2018-12-18,SP,gasolina,415.9070,100
2018-12-18,TO,diesel_s10,28.8180,8
2018-12-18,TO,etanol,29.3880,8
2018-12-18,TO,gasolina,38.0070,8
2018-12-19,AC,diesel_s10,4.4500,1
2018-12-19,AC,etanol,3.9990,1
2018-12-19,AC,gasolina,4.6900,1
2018-12-19,AL,diesel_s10,67.3210,18
2018-12-19,AL,etanol,94.3200,29
2018-12-19,AL,gasolina,134.4000,29
2018-12-19,AM,diesel_s10,24.6400,6
2018-12-19,AM,etanol,15.8800,4
2018-12-19,AM,gasolina,53.5400,12
2018-12-19,AP,diesel_s10,4.1590,1
2018-12-19,AP,gasolina,15.6500,4
2018-12-19,BA,diesel_s10,296.0250,84
2018-12-19,BA,etanol,333.9940,99
2018-12-19,BA,gasolina,458.2920,102
2018-12-19,CE,diesel_s10,489.9280,130
2018-12-19,CE,etanol,437.8270,124
2018-12-19,CE,gasolina,581.2780,132
2018-12-19,GO,diesel_s10,32.1640,9
2018-12-19,GO,etanol,42.6260,14
2018-12-19,GO,gasolina,62.6700,14
2018-12-19,MA,diesel_s10,210.9520,59
2018-12-19,MA,etanol,65.0180,18
2018-12-19,MA,gasolina,272.2910,65
2018-12-19,MG,diesel_s10,335.4090,93
2018-12-19,MG,etanol,379.3050,128
2018-12-19,MG,gasolina,587.4840,126
2018-12-19,MS,diesel_s10,43.9140,12
2018-12-19,MS,etanol,41.5980,12
2018-12-19,MS,gasolina,50.5410,12
2018-12-19,MT,diesel_s10,85.2240,21
2018-12-19,MT,etanol,69.2140,23
2018-12-19,MT,gasolina,107.7650,23
2018-12-19,PA,diesel_s10,104.7620,28
2018-12-19,PA,etanol,66.7420,18
2018-12-19,PA,gasolina,132.5780,30
2018-12-19,PB,diesel_s10,3.7990,1
2018-12-19,PB,etanol,3.6890,1
2018-12-19,PB,gasolina,4.6990,1
2018-12-19,PE,diesel_s10,47.7640,14
2018-12-19,PE,etanol,26.9840,8
2018-12-19,PE,gasolina,67.1170,15
2018-12-19,PI,diesel_s10,40.6710,11
2018-12-19,PI,etanol,39.9880,12
2018-12-19,PI,gasolina,61.4270,14
2018-12-19,PR,diesel_s10,232.1820,69
2018-12-19,PR,etanol,252.7780,87
2018-12-19,PR,gasolina,370.9810,86
2018-12-19,RJ,diesel_s10,172.0030,48
2018-12-19,RJ,etanol,231.8770,68
2018-12-19,RJ,gasolina,334.1720,69
2018-12-19,RN,diesel_s10,144.3260,39
2018-12-19,RN,etanol,144.8540,43
2018-12-19,RN,gasolina,195.9930,45
2018-12-19,RO,diesel_s10,84.8310,22
2018-12-19,RO,etanol,48.6710,13
2018-12-19,RO,gasolina,134.4330,31
2018-12-19,RR,diesel_s10,11.3800,3
2018-12-19,RR,etanol,3.9000,1
2018-12-19,RR,gasolina,12.2800,3
2018-12-19,RS,diesel_s10,198.1430,57
2018-12-19,RS,etanol,129.0230,32
2018-12-19,RS,gasolina,316.0830,70
2018-12-19,SC,diesel_s10,244.2500,69
2018-12-19,SC,etanol,216.7060,63
2018-12-19,SC,gasolina,334.0690,83
2018-12-19,SE,diesel_s10,87.5520,24
2018-12-19,SE,etanol,72.7410,22
2018-12-19,SE,gasolina,116.0780,26
2018-12-19,SP,diesel_s10,1709.3420,494
2018-12-19,SP,etanol,1705.5210,646
2018-12-19,SP,gasolina,2643.7920,630
2018-12-19,TO,diesel_s10,35.7340,10
2018-12-19,TO,etanol,29.0590,8
2018-12-19,TO,gasolina,45.9740,10
2018-12-20,AC,diesel_s10,119.8200,27
2018-12-20,AC,etanol,64.0500,16
2018-12-20,AC,gasolina,134.0900,28
2018-12-20,AM,diesel_s10,117.2290,31
2018-12-20,AM,etanol,124.8280,35
2018-12-20,AM,gasolina,172.2110,43
2018-12-20,BA,diesel_s10,219.5110,62
2018-12-20,BA,etanol,340.2600,98
2018-12-20,BA,gasolina,455.7180,101
2018-12-20,CE,diesel_s10,77.9370,21
2018-12-20,CE,etanol,68.8650,20
2018-12-20,CE,gasolina,91.1880,21
2018-12-20,DF,diesel_s10,65.6390,17
2018-12-20,DF,etanol,72.6640,22
2018-12-20,DF,gasolina,101.9130,23
2018-12-20,ES,diesel_s10,190.7910,54
2018-12-20,ES,etanol,165.9140,47
2018-12-20,ES,gasolina,309.5440,70
2018-12-20,GO,diesel_s10,200.3730,55
2018-12-20,GO,etanol,253.1610,82
2018-12-20,GO,gasolina,363.6480,81
2018-12-20,MA,etanol,3.4990,1
2018-12-20,MA,gasolina,4.0990,1
2018-12-20,MG,diesel_s10,263.6260,74
2018-12-20,MG,etanol,289.9780,97
2018-12-20,MG,gasolina,454.3660,99
2018-12-20,MS,diesel_s10,132.5760,37
2018-12-20,MS,etanol,140.9130,43
2018-12-20,MS,gasolina,175.7490,43
2018-12-20,MT,diesel_s10,283.6690,73
2018-12-20,MT,etanol,241.8370,93
2018-12-20,MT,gasolina,416.2930,93
2018-12-20,PA,diesel_s10,50.4730,13
2018-12-20,PA,etanol,19.4480,5
2018-12-20,PA,gasolina,71.4530,15
2018-12-20,PB,diesel_s10,80.2190,22
2018-12-20,PB,etanol,89.9330,30
2018-12-20,PB,gasolina,128.8490,30
2018-12-20,PE,diesel_s10,98.9490,28
2018-12-20,PE,etanol,116.6510,39
2018-12-20,PE,gasolina,159.4960,39
2018-12-20,PI,diesel_s10,3.7290,1
2018-12-20,PI,etanol,7.2500,2
2018-12-20,PI,gasolina,9.3490,2
2018-12-20,PR,diesel_s10,214.8850,65
2018-12-20,PR,etanol,224.2080,78
2018-12-20,PR,gasolina,315.7340,78
2018-12-20,RJ,diesel_s10,234.9050,64
2018-12-20,RJ,etanol,273.5580,81
2018-12-20,RJ,gasolina,398.3730,83
2018-12-20,RO,diesel_s10,46.4470,12
2018-12-20,RO,etanol,33.2630,8
2018-12-20,RO,gasolina,69.1860,15
2018-12-20,RS,diesel_s10,108.3910,31
2018-12-20,RS,etanol,47.3680,12
2018-12-20,RS,gasolina,174.0460,39
2018-12-20,SC,diesel_s10,7.1780,2
2018-12-20,SC,etanol,14.2810,4
2018-12-20,SC,gasolina,23.8240,6
2018-12-20,SP,diesel_s10,774.6170,223
2018-12-20,SP,etanol,751.9210,284
2018-12-20,SP,gasolina,1165.6820,280
2018-12-20,TO,diesel_s10,20.1480,6
2018-12-20,TO,etanol,14.6290,4
2018-12-20,TO,gasolina,26.0070,6
2018-12-24,MA,diesel_s10,3.4690,1
2018-12-24,MA,etanol,3.5490,1
2018-12-24,MA,gasolina,3.9990,1
2018-12-24,PI,diesel_s10,70.1330,19
2018-12-24,PI,etanol,59.4530,18
2018-12-24,PI,gasolina,91.9900,21
2018-12-24,PR,diesel_s10,46.1800,14
2018-12-24,PR,etanol,46.0700,16
2018-12-24,PR,gasolina,68.7100,16
2018-12-24,RS,diesel_s10,38.4590,11
2018-12-24,RS,etanol,52.7270,13
2018-12-24,RS,gasolina,82.1830,18
2018-12-24,SC,diesel_s10,68.8340,19
2018-12-24,SC,etanol,57.3190,16
2018-12-24,SC,gasolina,100.7710,25
2018-12-24,SP,diesel_s10,75.3210,22
2018-12-24,SP,etanol,113.5250,43
2018-12-24,SP,gasolina,176.2420,43
2018-12-25,ES,diesel_s10,112.1200,32
2018-12-25,ES,etanol,110.7910,32
2018-12-25,ES,gasolina,192.0520,44
2018-12-25,GO,diesel_s10,21.3180,6
2018-12-25,GO,etanol,34.3580,11
2018-12-25,GO,gasolina,49.8970,11
2018-12-25,RR,diesel_s10,39.9600,11
2018-12-25,RR,etanol,7.8000,2
2018-12-25,RR,gasolina,48.7300,12
2018-12-25,SC,diesel_s10,28.8630,8
2018-12-25,SC,etanol,24.5830,7
2018-12-25,SC,gasolina,41.1900,10
2018-12-25,SP,diesel_s10,3.3470,1
2018-12-25,SP,etanol,2.5970,1
2018-12-25,SP,gasolina,4.0870,1
2018-12-26,AL,diesel_s10,18.8080,5
2018-12-26,AL,etanol,24.0970,7
2018-12-26,AL,gasolina,32.2580,7
2018-12-26,AM,diesel_s10,40.9500,10
2018-12-26,AM,gasolina,77.4300,17
2018-12-26,AP,diesel_s10,53.1400,12
2018-12-26,AP,gasolina,94.3600,24
2018-12-26,BA,diesel_s10,208.0100,57
2018-12-26,BA,etanol,249.7610,73
2018-12-26,BA,gasolina,344.4900,75
2018-12-26,CE,diesel_s10,97.1780,25
2018-12-26,CE,etanol,76.3260,21
2018-12-26,CE,gasolina,119.2130,26
2018-12-26,DF,diesel_s10,135.7970,36
2018-12-26,DF,etanol,144.5390,44
2018-12-26,DF,gasolina,204.9760,47
2018-12-26,ES,diesel_s10,77.0590,22
2018-12-26,ES,etanol,45.0580,12
2018-12-26,ES,gasolina,119.5880,26
2018-12-26,GO,diesel_s10,262.9630,73
2018-12-26,GO,etanol,302.6350,99
2018-12-26,GO,gasolina,439.6500,98
2018-12-26,MA,diesel_s10,109.6530,30
2018-12-26,MA,etanol,62.6830,17
2018-12-26,MA,gasolina,135.4220,31
2018-12-26,MG,diesel_s10,681.6820,191
2018-12-26,MG,etanol,777.3670,255
2018-12-26,MG,gasolina,1188.0400,254
2018-12-26,MS,diesel_s10,58.7080,16
2018-12-26,MS,etanol,55.8660,16
2018-12-26,MS,gasolina,72.7800,17
2018-12-26,MT,diesel_s10,112.9300,28
2018-12-26,MT,etanol,96.5130,32
2018-12-26,MT,gasolina,142.9340,31
2018-12-26,PA,diesel_s10,210.3580,54
2018-12-26,PA,etanol,72.4450,19
2018-12-26,PA,gasolina,267.6930,58
2018-12-26,PB,diesel_s10,29.6150,8
2018-12-26,PB,etanol,20.2760,6
2018-12-26,PB,gasolina,35.6540,8
2018-12-26,PE,diesel_s10,143.4880,40
2018-12-26,PE,etanol,171.9750,54
2018-12-26,PE,gasolina,237.4340,55
2018-12-26,PI,diesel_s10,96.1400,26
2018-12-26,PI,etanol,66.1630,20
2018-12-26,PI,gasolina,115.9990,26
2018-12-26,PR,diesel_s10,454.8820,137
2018-12-26,PR,etanol,548.9980,192
2018-12-26,PR,gasolina,783.7340,190
2018-12-26,RJ,diesel_s10,350.0370,97
2018-12-26,RJ,etanol,409.1840,120
2018-12-26,RJ,gasolina,585.0680,121
2018-12-26,RN,diesel_s10,91.9100,24
2018-12-26,RN,etanol,91.8030,28
2018-12-26,RN,gasolina,119.7250,28
2018-12-26,RO,diesel_s10,138.0460,36
2018-12-26,RO,etanol,77.1490,20
2018-12-26,RO,gasolina,202.0670,46
2018-12-26,RR,diesel_s10,3.4500,1
2018-12-26,RR,gasolina,4.0500,1
2018-12-26,RS,diesel_s10,572.8420,162
2018-12-26,RS,etanol,370.2400,92
2018-12-26,RS,gasolina,875.4190,193
2018-12-26,SC,diesel_s10,347.9180,101
2018-12-26,SC,etanol,237.6860,68
2018-12-26,SC,gasolina,486.5240,119
2018-12-26,SE,diesel_s10,104.7830,29
2018-12-26,SE,etanol,81.9430,25
2018-12-26,SE,gasolina,128.0080,29
2018-12-26,SP,diesel_s10,1653.8210,478
2018-12-26,SP,etanol,1675.7270,628
2018-12-26,SP,gasolina,2596.7210,624
2018-12-26,TO,diesel_s10,118.2780,33
2018-12-26,TO,etanol,104.8380,28
2018-12-26,TO,gasolina,156.4350,34
2018-12-27,AC,diesel_s10,166.2700,37
2018-12-27,AC,etanol,72.1200,18
2018-12-27,AC,gasolina,191.4400,39
2018-12-27,AL,diesel_s10,141.3970,37
2018-12-27,AL,etanol,155.1390,46
2018-12-27,AL,gasolina,227.5320,49
2018-12-27,AM,diesel_s10,140.3430,37
2018-12-27,AM,etanol,153.2570,43
2018-12-27,AM,gasolina,222.1750,54
2018-12-27,AP,diesel_s10,8.7400,2
2018-12-27,AP,gasolina,19.4200,5
2018-12-27,BA,diesel_s10,704.6420,199
2018-12-27,BA,etanol,825.0950,242
2018-12-27,BA,gasolina,1114.0560,247
2018-12-27,CE,diesel_s10,717.4430,188
2018-12-27,CE,etanol,617.7210,175
2018-12-27,CE,gasolina,868.6500,194
2018-12-27,ES,diesel_s10,56.7000,16
2018-12-27,ES,etanol,40.1200,11
2018-12-27,ES,gasolina,93.7900,21
2018-12-27,GO,diesel_s10,308.6660,85
2018-12-27,GO,etanol,318.6610,104
2018-12-27,GO,gasolina,463.2710,102
2018-12-27,MA,diesel_s10,296.9230,83
2018-12-27,MA,etanol,86.8830,24
2018-12-27,MA,gasolina,380.7590,91
2018-12-27,MG,diesel_s10,860.9010,239
2018-12-27,MG,etanol,972.6270,323
2018-12-27,MG,gasolina,1493.9950,320
2018-12-27,MS,diesel_s10,230.2210,64
2018-12-27,MS,etanol,230.0680,69
2018-12-27,MS,gasolina,284.7570,69
2018-12-27,MT,diesel_s10,413.3710,104
2018-12-27,MT,etanol,345.7440,127
2018-12-27,MT,gasolina,577.5140,127
2018-12-27,PA,diesel_s10,169.6790,45
2018-12-27,PA,etanol,78.5370,21
2018-12-27,PA,gasolina,209.4280,47
2018-12-27,PB,diesel_s10,145.8900,40
2018-12-27,PB,etanol,144.4610,47
2018-12-27,PB,gasolina,216.8990,50
2018-12-27,PE,diesel_s10,426.3380,122
2018-12-27,PE,etanol,353.5840,113
2018-12-27,PE,gasolina,548.8980,129
2018-12-27,PI,diesel_s10,64.8970,17
2018-12-27,PI,etanol,27.5180,8
2018-12-27,PI,gasolina,74.6950,16
2018-12-27,PR,diesel_s10,378.5780,112
2018-12-27,PR,etanol,420.7250,144
2018-12-27,PR,gasolina,604.4220,140
2018-12-27,RJ,diesel_s10,636.7230,174
2018-12-27,RJ,etanol,813.2320,237
2018-12-27,RJ,gasolina,1158.2270,240
2018-12-27,RN,diesel_s10,108.8690,29
2018-12-27,RN,etanol,108.2840,32
2018-12-27,RN,gasolina,148.7080,34
2018-12-27,RO,diesel_s10,49.5390,13
2018-12-27,RO,etanol,16.9300,4
2018-12-27,RO,gasolina,55.4790,12
2018-12-27,RS,diesel_s10,331.5570,94
2018-12-27,RS,etanol,251.7220,62
2018-12-27,RS,gasolina,517.6760,114
2018-12-27,SC,diesel_s10,291.1460,84
2018-12-27,SC,etanol,250.6030,73
2018-12-27,SC,gasolina,394.5360,98
2018-12-27,SE,diesel_s10,46.4720,13
2018-12-27,SE,etanol,36.2410,11
2018-12-27,SE,gasolina,57.4260,13
2018-12-27,SP,diesel_s10,2107.8060,609
2018-12-27,SP,etanol,2095.9660,787
2018-12-27,SP,gasolina,3217.6950,774
2018-12-27,TO,diesel_s10,23.7480,7
2018-12-27,TO,etanol,25.4880,7
2018-12-27,TO,gasolina,31.7170,7
2018-12-28,BA,diesel_s10,41.2330,11
2018-12-28,BA,etanol,45.6320,13
2018-12-28,BA,gasolina,61.4120,13
2018-12-28,ES,diesel_s10,78.4790,22
2018-12-28,ES,etanol,53.9430,15
2018-12-28,ES,gasolina,117.0700,26
2018-12-28,GO,diesel_s10,35.7270,10
2018-12-28,GO,etanol,62.9260,20
2018-12-28,GO,gasolina,90.7130,20
2018-12-28,MG,diesel_s10,48.7160,14
2018-12-28,MG,etanol,42.1170,14
2018-12-28,MG,gasolina,73.8930,16
2018-12-28,MS,diesel_s10,3.5280,1
2018-12-28,MS,etanol,3.2880,1
2018-12-28,MS,gasolina,4.0880,1
2018-12-28,MT,diesel_s10,4.0790,1
2018-12-28,MT,etanol,2.9990,1
2018-12-28,MT,gasolina,4.7990,1
2018-12-28,PA,diesel_s10,35.1970,9
2018-12-28,PA,etanol,12.0400,3
2018-12-28,PA,gasolina,48.6970,10
2018-12-28,PB,diesel_s10,11.0480,3
2018-12-28,PB,etanol,15.2860,5
2018-12-28,PB,gasolina,21.8480,5
2018-12-28,PE,diesel_s10,24.6570,7
2018-12-28,PE,etanol,22.4670,7
2018-12-28,PE,gasolina,30.1060,7
2018-12-28,PI,diesel_s10,3.7290,1
2018-12-28,PI,etanol,7.2500,2
2018-12-28,PI,gasolina,9.3490,2
2018-12-28,PR,diesel_s10,76.2590,23
2018-12-28,PR,etanol,71.5750,24
2018-12-28,PR,gasolina,96.4590,23
2018-12-28,RJ,diesel_s10,159.0320,44
2018-12-28,RJ,etanol,190.1640,56
2018-12-28,RJ,gasolina,274.9560,57
2018-12-28,RO,diesel_s10,42.7490,11
2018-12-28,RO,etanol,33.2630,8
2018-12-28,RO,gasolina,64.6560,14
2018-12-28,RS,diesel_s10,104.7110,30
2018-12-28,RS,etanol,43.4090,11
2018-12-28,RS,gasolina,169.5070,38
2018-12-28,SC,diesel_s10,3.4790,1
2018-12-28,SC,etanol,3.4840,1
2018-12-28,SC,gasolina,3.8790,1
2018-12-28,SP,diesel_s10,549.9460,158
2018-12-28,SP,etanol,536.4820,203
2018-12-28,SP,gasolina,837.7070,199
2018-12-28,TO,diesel_s10,16.7380,5
2018-12-28,TO,etanol,10.8390,3
2018-12-28,TO,gasolina,21.7070,5
