data,uf,produto,soma,n
2006-01-02,AC,etanol,14.1100,7
2006-01-02,AC,gasolina,19.8600,7
2006-01-02,AL,etanol,17.9100,10
2006-01-02,AL,gasolina,29.9600,11
2006-01-02,AM,etanol,3.8400,2
2006-01-02,AM,gasolina,49.5300,18
2006-01-02,BA,etanol,253.1110,151
2006-01-02,BA,gasolina,437.7060,176
2006-01-02,CE,etanol,49.3910,28
2006-01-02,CE,gasolina,81.6840,31
2006-01-02,DF,etanol,185.7540,102
2006-01-02,DF,gasolina,265.4060,103
2006-01-02,ES,etanol,34.8580,20
2006-01-02,ES,gasolina,49.0780,20
2006-01-02,GO,etanol,178.8130,110
2006-01-02,GO,gasolina,287.0590,113
2006-01-02,MA,etanol,65.2690,34
2006-01-02,MA,gasolina,200.9540,76
2006-01-02,MG,etanol,661.4800,366
2006-01-02,MG,gasolina,945.9370,377
2006-01-02,MS,etanol,2.0200,1
2006-01-02,MS,gasolina,3.1500,1
2006-01-02,MT,etanol,96.3270,50
2006-01-02,MT,gasolina,146.7870,50
2006-01-02,PA,etanol,75.4750,34
2006-01-02,PA,gasolina,218.4680,78
2006-01-02,PB,etanol,21.9780,13
2006-01-02,PB,gasolina,35.0280,14
2006-01-02,PE,etanol,340.0290,209
2006-01-02,PE,gasolina,561.8650,227
2006-01-02,PI,etanol,71.4500,37
2006-01-02,PI,gasolina,105.9800,43
2006-01-02,PR,etanol,394.7050,230
2006-01-02,PR,gasolina,562.5050,229
2006-01-02,RJ,etanol,149.1270,85
2006-01-02,RJ,gasolina,228.3540,91
2006-01-02,RN,etanol,66.3390,40
2006-01-02,RN,gasolina,115.6640,47
2006-01-02,RS,etanol,128.1070,58
2006-01-02,RS,gasolina,178.6090,65
2006-01-02,SC,etanol,174.5120,99
2006-01-02,SC,gasolina,255.0060,99
2006-01-02,SE,etanol,7.3400,4
2006-01-02,SE,gasolina,10.0800,4
2006-01-02,SP,etanol,226.3230,148
2006-01-02,SP,gasolina,360.4700,147
2006-01-03,AC,etanol,47.1500,23
2006-01-03,AC,gasolina,93.3200,32
2006-01-03,AL,etanol,59.1490,35
2006-01-03,AL,gasolina,92.2660,35
2006-01-03,AM,etanol,203.3200,104
2006-01-03,AM,gasolina,469.1790,177
2006-01-03,AP,etanol,12.5900,6
2006-01-03,AP,gasolina,134.1830,52
2006-01-03,BA,etanol,443.9210,251
2006-01-03,BA,gasolina,741.6860,285
2006-01-03,CE,etanol,610.7900,367
2006-01-03,CE,gasolina,1078.2100,424
2006-01-03,DF,etanol,135.9660,75
2006-01-03,DF,gasolina,193.6950,75
2006-01-03,ES,etanol,268.7510,149
2006-01-03,ES,gasolina,388.0940,151
2006-01-03,GO,etanol,407.4470,244
2006-01-03,GO,gasolina,635.8870,248
2006-01-03,MA,etanol,23.4480,12
2006-01-03,MA,gasolina,41.7770,16
2006-01-03,MG,etanol,1224.5130,683
2006-01-03,MG,gasolina,1690.2440,704
2006-01-03,MS,etanol,114.2420,60
2006-01-03,MS,gasolina,168.4080,62
2006-01-03,MT,etanol,215.4860,110
2006-01-03,MT,gasolina,317.4430,110
2006-01-03,PA,etanol,160.1500,76
2006-01-03,PA,gasolina,420.1810,159
2006-01-03,PE,etanol,405.1360,253
2006-01-03,PE,gasolina,666.3990,270
2006-01-03,PI,etanol,64.2290,34
2006-01-03,PI,gasolina,99.1990,41
2006-01-03,PR,etanol,456.3350,260
2006-01-03,PR,gasolina,658.1520,265
2006-01-03,RJ,etanol,745.1920,411
2006-01-03,RJ,gasolina,1100.7350,427
2006-01-03,RN,etanol,9.0200,5
2006-01-03,RN,gasolina,14.7800,6
2006-01-03,RO,etanol,63.1090,31
2006-01-03,RO,gasolina,89.3320,31
2006-01-03,RR,etanol,23.9800,12
2006-01-03,RR,gasolina,142.4300,50
2006-01-03,RS,etanol,444.6460,199
2006-01-03,RS,gasolina,652.8310,235
2006-01-03,SC,etanol,144.3190,81
2006-01-03,SC,gasolina,208.7090,81
2006-01-03,SP,etanol,1632.9660,1116
2006-01-03,SP,gasolina,2671.6920,1115
2006-01-03,TO,etanol,29.6900,17
2006-01-03,TO,gasolina,45.9800,17
2006-01-04,AC,etanol,13.3700,6
2006-01-04,AC,gasolina,35.9100,12
2006-01-04,AL,etanol,217.4220,124
2006-01-04,AL,gasolina,347.7430,127
2006-01-04,AM,etanol,31.2920,16
2006-01-04,AM,gasolina,60.5290,23
2006-01-04,BA,etanol,225.9220,136
2006-01-04,BA,gasolina,389.5820,158
2006-01-04,CE,etanol,1.7500,1
2006-01-04,CE,gasolina,2.6800,1
2006-01-04,DF,etanol,39.8670,22
2006-01-04,DF,gasolina,56.8560,22
2006-01-04,ES,etanol,150.6040,80
2006-01-04,ES,gasolina,213.0400,81
2006-01-04,GO,etanol,205.0130,127
2006-01-04,GO,gasolina,319.6280,128
2006-01-04,MA,etanol,106.1730,59
2006-01-04,MA,gasolina,273.3760,106
2006-01-04,MG,etanol,653.9180,341
2006-01-04,MG,gasolina,884.1700,350
2006-01-04,MS,etanol,217.6730,113
2006-01-04,MS,gasolina,315.3990,116
2006-01-04,MT,etanol,64.8610,33
2006-01-04,MT,gasolina,94.3560,33
2006-01-04,PA,etanol,10.9400,5
2006-01-04,PA,gasolina,55.9140,21
2006-01-04,PB,etanol,245.7380,148
2006-01-04,PB,gasolina,432.7380,173
2006-01-04,PE,etanol,1.5500,1
2006-01-04,PE,gasolina,4.8400,2
2006-01-04,PI,etanol,67.0500,34
2006-01-04,PI,gasolina,88.7010,35
2006-01-04,PR,etanol,423.5560,243
2006-01-04,PR,gasolina,605.1740,244
2006-01-04,RJ,etanol,664.8820,364
2006-01-04,RJ,gasolina,997.2720,387
2006-01-04,RN,etanol,187.6660,115
2006-01-04,RN,gasolina,320.8260,128
2006-01-04,RO,etanol,53.4660,27
2006-01-04,RO,gasolina,78.5800,28
2006-01-04,RR,gasolina,14.4200,5
2006-01-04,RS,etanol,730.2080,330
2006-01-04,RS,gasolina,1038.6980,375
2006-01-04,SC,etanol,606.1260,341
2006-01-04,SC,gasolina,892.7460,348
2006-01-04,SE,etanol,137.5330,74
2006-01-04,SE,gasolina,227.2250,91
2006-01-04,SP,etanol,3218.2520,2155
2006-01-04,SP,gasolina,5220.2950,2169
2006-01-04,TO,etanol,75.2070,43
2006-01-04,TO,gasolina,116.9760,44
2006-01-05,ES,etanol,5.4200,3
2006-01-05,ES,gasolina,7.9700,3
2006-01-05,PR,etanol,5.6490,3
2006-01-05,PR,gasolina,7.4590,3
2006-01-05,RO,etanol,38.0100,20
2006-01-05,RO,gasolina,76.9890,29
2006-01-05,RS,etanol,6.7600,3
2006-01-05,RS,gasolina,8.0600,3
2006-01-05,SP,etanol,171.1680,119
2006-01-05,SP,gasolina,280.6940,119
2006-01-09,AL,etanol,22.1280,12
2006-01-09,AL,gasolina,34.8360,13
2006-01-09,AM,etanol,75.2390,38
2006-01-09,AM,gasolina,255.5270,95
2006-01-09,AP,gasolina,2.5900,1
2006-01-09,BA,etanol,271.5290,148
2006-01-09,BA,gasolina,441.7840,169
2006-01-09,CE,etanol,372.2240,205
2006-01-09,CE,gasolina,607.0420,236
2006-01-09,DF,etanol,245.9000,128
2006-01-09,DF,gasolina,340.2880,130
2006-01-09,ES,etanol,34.6020,18
2006-01-09,ES,gasolina,44.9240,17
2006-01-09,GO,etanol,143.8810,86
2006-01-09,GO,gasolina,218.8900,86
2006-01-09,MA,etanol,45.7800,23
2006-01-09,MA,gasolina,107.8290,40
2006-01-09,MG,etanol,1069.0060,553
2006-01-09,MG,gasolina,1440.0420,569
2006-01-09,MS,etanol,14.2960,7
2006-01-09,MS,gasolina,21.8270,8
2006-01-09,MT,etanol,293.3570,151
2006-01-09,MT,gasolina,423.7820,148
2006-01-09,PA,etanol,53.0000,24
2006-01-09,PA,gasolina,189.0890,66
2006-01-09,PB,etanol,31.0060,17
2006-01-09,PB,gasolina,62.2960,24
2006-01-09,PE,etanol,497.0440,303
2006-01-09,PE,gasolina,825.4490,329
2006-01-09,PI,etanol,74.2700,38
2006-01-09,PI,gasolina,104.6310,43
2006-01-09,PR,etanol,425.7130,237
2006-01-09,PR,gasolina,587.8960,236
2006-01-09,RJ,etanol,305.7010,161
2006-01-09,RJ,gasolina,435.4710,170
2006-01-09,RN,etanol,81.6570,45
2006-01-09,RN,gasolina,133.3540,53
2006-01-09,RO,etanol,28.0760,14
2006-01-09,RO,gasolina,56.0000,20
2006-01-09,RR,etanol,3.8800,2
2006-01-09,RR,gasolina,5.1900,2
2006-01-09,RS,etanol,217.7250,96
2006-01-09,RS,gasolina,310.2460,113
2006-01-09,SC,etanol,337.8340,174
2006-01-09,SC,gasolina,452.8420,173
2006-01-09,SE,etanol,9.9490,5
2006-01-09,SE,gasolina,12.7150,5
2006-01-09,SP,etanol,933.1090,608
2006-01-09,SP,gasolina,1474.8140,610
2006-01-10,AC,etanol,78.3080,38
2006-01-10,AC,gasolina,148.8800,51
2006-01-10,AL,etanol,201.4530,114
2006-01-10,AL,gasolina,309.9230,114
2006-01-10,AM,etanol,157.3560,78
2006-01-10,AM,gasolina,301.0950,115
2006-01-10,AP,etanol,18.9180,9
2006-01-10,AP,gasolina,133.0800,51
2006-01-10,BA,etanol,381.4680,211
2006-01-10,BA,gasolina,634.1330,243
2006-01-10,CE,etanol,258.7500,145
2006-01-10,CE,gasolina,423.6880,167
2006-01-10,DF,etanol,201.4710,104
2006-01-10,DF,gasolina,273.8380,104
2006-01-10,ES,etanol,404.9420,213
2006-01-10,ES,gasolina,568.5730,217
2006-01-10,GO,etanol,581.2570,340
2006-01-10,GO,gasolina,875.8940,345
2006-01-10,MA,etanol,118.5180,63
2006-01-10,MA,gasolina,390.0470,149
2006-01-10,MG,etanol,1549.9850,800
2006-01-10,MG,gasolina,2038.9370,820
2006-01-10,MS,etanol,162.3210,81
2006-01-10,MS,gasolina,231.2310,83
2006-01-10,MT,etanol,206.1050,103
2006-01-10,MT,gasolina,302.8500,104
2006-01-10,PA,etanol,119.1570,53
2006-01-10,PA,gasolina,286.2270,105
2006-01-10,PB,etanol,119.2170,65
2006-01-10,PB,gasolina,182.4160,71
2006-01-10,PE,etanol,315.0550,180
2006-01-10,PE,gasolina,482.2800,189
2006-01-10,PI,etanol,126.7190,64
2006-01-10,PI,gasolina,178.5390,72
2006-01-10,PR,etanol,575.7460,313
2006-01-10,PR,gasolina,783.2500,314
2006-01-10,RJ,etanol,1182.4600,633
2006-01-10,RJ,gasolina,1741.7080,674
2006-01-10,RN,etanol,47.0870,28
2006-01-10,RN,gasolina,88.1890,35
2006-01-10,RO,etanol,124.1590,61
2006-01-10,RO,gasolina,210.4580,76
2006-01-10,RR,etanol,14.6000,7
2006-01-10,RR,gasolina,140.1600,49
2006-01-10,RS,etanol,751.5920,328
2006-01-10,RS,gasolina,1050.8840,379
2006-01-10,SC,etanol,278.8980,145
2006-01-10,SC,gasolina,375.8260,145
2006-01-10,SE,etanol,55.0150,29
2006-01-10,SE,gasolina,88.1530,35
2006-01-10,SP,etanol,2148.2120,1375
2006-01-10,SP,gasolina,3411.9750,1392
2006-01-10,TO,etanol,43.5700,23
2006-01-10,TO,gasolina,66.0090,24
2006-01-11,AL,etanol,84.9680,47
2006-01-11,AL,gasolina,136.7420,50
2006-01-11,AM,etanol,3.9600,2
2006-01-11,AM,gasolina,5.1700,2
2006-01-11,BA,etanol,266.0240,149
2006-01-11,BA,gasolina,446.1420,173
2006-01-11,ES,etanol,44.3400,23
2006-01-11,ES,gasolina,63.8500,24
2006-01-11,GO,etanol,1.6500,1
2006-01-11,GO,gasolina,2.5400,1
2006-01-11,MA,etanol,12.8700,7
2006-01-11,MA,gasolina,17.9800,7
2006-01-11,MG,etanol,84.5120,42
2006-01-11,MG,gasolina,131.2580,51
2006-01-11,MS,etanol,179.0610,95
2006-01-11,MS,gasolina,254.5730,95
2006-01-11,PA,etanol,90.2060,42
2006-01-11,PA,gasolina,224.8930,87
2006-01-11,PB,etanol,116.2110,68
2006-01-11,PB,gasolina,190.9500,76
2006-01-11,PE,gasolina,2.4100,1
2006-01-11,PI,etanol,19.2100,10
2006-01-11,PI,gasolina,25.8400,11
2006-01-11,PR,etanol,152.0800,84
2006-01-11,PR,gasolina,216.7900,87
2006-01-11,RJ,etanol,118.9950,64
2006-01-11,RJ,gasolina,179.5350,70
2006-01-11,RN,etanol,154.7800,87
2006-01-11,RN,gasolina,241.3710,94
2006-01-11,RO,etanol,20.7290,10
2006-01-11,RO,gasolina,28.5300,10
2006-01-11,RS,etanol,323.0630,142
2006-01-11,RS,gasolina,458.2830,167
2006-01-11,SC,etanol,89.7980,47
2006-01-11,SC,gasolina,128.4400,50
2006-01-11,SE,etanol,83.7070,44
2006-01-11,SE,gasolina,135.4140,54
2006-01-11,SP,etanol,1255.5420,831
2006-01-11,SP,gasolina,1994.2330,836
2006-01-11,TO,etanol,70.9290,39
2006-01-11,TO,gasolina,103.7490,39
2006-01-12,AL,etanol,1.8500,1
2006-01-12,AL,gasolina,2.7500,1
2006-01-12,BA,etanol,26.8120,14
2006-01-12,BA,gasolina,42.8450,16
2006-01-12,ES,etanol,5.8200,3
2006-01-12,ES,gasolina,7.9100,3
2006-01-12,GO,etanol,67.8080,41
2006-01-12,GO,gasolina,107.1960,43
2006-01-12,PB,etanol,18.7890,10
2006-01-12,PB,gasolina,28.8180,11
2006-01-12,PR,etanol,106.3440,59
2006-01-12,PR,gasolina,156.1000,62
2006-01-12,RJ,etanol,7.9900,4
2006-01-12,RJ,gasolina,10.5490,4
2006-01-12,RS,etanol,54.7380,24
2006-01-12,RS,gasolina,85.8350,31
2006-01-12,SC,etanol,125.9160,64
2006-01-12,SC,gasolina,170.9090,66
2006-01-12,SP,etanol,961.0230,629
2006-01-12,SP,gasolina,1512.7350,631
2006-01-16,AL,etanol,9.9200,5
2006-01-16,AL,gasolina,16.4600,6
2006-01-16,AM,etanol,62.5390,31
2006-01-16,AM,gasolina,203.1290,76
2006-01-16,AP,etanol,21.0180,10
2006-01-16,AP,gasolina,118.7950,46
2006-01-16,BA,etanol,311.7830,171
2006-01-16,BA,gasolina,506.5640,194
2006-01-16,CE,etanol,124.7200,66
2006-01-16,CE,gasolina,205.9620,77
2006-01-16,DF,etanol,231.2620,121
2006-01-16,DF,gasolina,313.8620,121
2006-01-16,ES,etanol,187.7340,97
2006-01-16,ES,gasolina,257.3920,98
2006-01-16,GO,etanol,29.2480,16
2006-01-16,GO,gasolina,41.8760,16
2006-01-16,MA,etanol,48.1600,24
2006-01-16,MA,gasolina,111.2350,42
2006-01-16,MG,etanol,896.3350,460
2006-01-16,MG,gasolina,1209.7200,472
2006-01-16,MS,etanol,14.4350,7
2006-01-16,MS,gasolina,21.9360,8
2006-01-16,PA,etanol,92.9000,40
2006-01-16,PA,gasolina,175.4840,63
2006-01-16,PB,etanol,34.7060,19
2006-01-16,PB,gasolina,59.7060,23
2006-01-16,PE,etanol,560.4920,336
2006-01-16,PE,gasolina,870.0440,362
2006-01-16,PI,etanol,47.1100,24
2006-01-16,PI,gasolina,78.9010,32
2006-01-16,PR,etanol,470.3620,260
2006-01-16,PR,gasolina,644.8860,259
2006-01-16,RJ,etanol,142.3090,75
2006-01-16,RJ,gasolina,208.2170,81
2006-01-16,RN,etanol,64.8170,36
2006-01-16,RN,gasolina,105.8890,42
2006-01-16,RR,etanol,25.4000,12
2006-01-16,RR,gasolina,125.4800,44
2006-01-16,RS,etanol,164.5600,71
2006-01-16,RS,gasolina,240.3910,85
2006-01-16,SC,etanol,251.3220,130
2006-01-16,SC,gasolina,338.6790,130
2006-01-16,SP,etanol,307.5230,192
2006-01-16,SP,gasolina,469.5600,190
2006-01-17,AC,gasolina,18.6400,6
2006-01-17,AL,etanol,57.3010,32
2006-01-17,AL,gasolina,85.3300,32
2006-01-17,AM,etanol,160.7250,78
2006-01-17,AM,gasolina,315.9740,120
2006-01-17,BA,etanol,387.2510,212
2006-01-17,BA,gasolina,622.5710,238
2006-01-17,CE,etanol,545.4890,303
2006-01-17,CE,gasolina,864.0030,342
2006-01-17,DF,etanol,166.5010,86
2006-01-17,DF,gasolina,229.2000,87
2006-01-17,ES,etanol,188.1870,99
2006-01-17,ES,gasolina,257.7840,100
2006-01-17,GO,etanol,431.7660,253
2006-01-17,GO,gasolina,659.2570,259
2006-01-17,MA,etanol,45.8770,24
2006-01-17,MA,gasolina,112.0270,43
2006-01-17,MG,etanol,963.5940,500
2006-01-17,MG,gasolina,1274.5230,515
2006-01-17,MS,etanol,165.4420,82
2006-01-17,MS,gasolina,237.3180,85
2006-01-17,MT,etanol,197.3100,97
2006-01-17,MT,gasolina,281.2820,96
2006-01-17,PA,etanol,56.9300,25
2006-01-17,PA,gasolina,234.1780,83
2006-01-17,PB,gasolina,5.1900,2
2006-01-17,PE,etanol,213.7910,124
2006-01-17,PE,gasolina,321.4910,128
2006-01-17,PI,etanol,90.9990,47
2006-01-17,PI,gasolina,123.3000,52
2006-01-17,PR,etanol,469.9820,260
2006-01-17,PR,gasolina,651.3890,262
2006-01-17,RJ,etanol,750.7300,390
2006-01-17,RJ,gasolina,1063.5120,412
2006-01-17,RN,etanol,27.3380,16
2006-01-17,RN,gasolina,43.8200,18
2006-01-17,RO,etanol,25.5890,12
2006-01-17,RO,gasolina,57.6680,20
2006-01-17,RR,gasolina,8.5900,3
2006-01-17,RS,etanol,418.5510,183
2006-01-17,RS,gasolina,559.9840,204
2006-01-17,SC,etanol,262.2000,132
2006-01-17,SC,gasolina,347.4350,133
2006-01-17,SE,etanol,8.1000,4
2006-01-17,SE,gasolina,10.2560,4
2006-01-17,SP,etanol,1325.4580,852
2006-01-17,SP,gasolina,2058.7600,851
2006-01-17,TO,etanol,46.1700,26
2006-01-17,TO,gasolina,69.9400,26
2006-01-18,AC,etanol,13.3700,6
2006-01-18,AC,gasolina,39.3400,13
2006-01-18,AL,etanol,40.9460,23
2006-01-18,AL,gasolina,64.0660,24
2006-01-18,AM,etanol,28.3700,14
2006-01-18,AM,gasolina,54.1180,21
2006-01-18,AP,gasolina,19.4100,7
2006-01-18,BA,etanol,206.8690,117
2006-01-18,BA,gasolina,350.3930,136
2006-01-18,CE,etanol,71.1930,40
2006-01-18,CE,gasolina,127.7330,50
2006-01-18,DF,etanol,43.9160,23
2006-01-18,DF,gasolina,60.4190,23
2006-01-18,ES,etanol,88.9130,48
2006-01-18,ES,gasolina,122.0980,48
2006-01-18,GO,etanol,343.2750,202
2006-01-18,GO,gasolina,515.0900,204
2006-01-18,MA,etanol,96.0670,51
2006-01-18,MA,gasolina,284.0600,109
2006-01-18,MG,etanol,757.0790,390
2006-01-18,MG,gasolina,992.7430,400
2006-01-18,MS,etanol,221.2000,112
2006-01-18,MS,gasolina,308.4400,112
2006-01-18,MT,etanol,116.1770,60
2006-01-18,MT,gasolina,167.8770,58
2006-01-18,PA,etanol,114.0840,53
2006-01-18,PA,gasolina,282.0850,109
2006-01-18,PB,etanol,228.5230,129
2006-01-18,PB,gasolina,369.0450,145
2006-01-18,PE,etanol,69.2880,35
2006-01-18,PE,gasolina,100.8280,36
2006-01-18,PI,etanol,62.6100,30
2006-01-18,PI,gasolina,91.4490,35
2006-01-18,PR,etanol,260.3360,142
2006-01-18,PR,gasolina,359.6980,145
2006-01-18,RJ,etanol,745.6670,394
2006-01-18,RJ,gasolina,1070.2510,413
2006-01-18,RN,etanol,195.5870,108
2006-01-18,RN,gasolina,304.5780,121
2006-01-18,RO,etanol,157.0880,77
2006-01-18,RO,gasolina,230.6910,83
2006-01-18,RR,gasolina,22.4900,8
2006-01-18,RS,etanol,701.9680,306
2006-01-18,RS,gasolina,1001.5360,365
2006-01-18,SC,etanol,411.7050,215
2006-01-18,SC,gasolina,563.5390,218
2006-01-18,SE,etanol,136.8970,72
2006-01-18,SE,gasolina,215.7870,86
2006-01-18,SP,etanol,1715.0310,1105
2006-01-18,SP,gasolina,2717.8570,1114
2006-01-18,TO,etanol,65.1700,34
2006-01-18,TO,gasolina,94.5790,35
2006-01-19,AC,etanol,65.3000,32
2006-01-19,AC,gasolina,93.4700,33
2006-01-19,AL,etanol,198.9390,111
2006-01-19,AL,gasolina,307.3320,112
2006-01-19,BA,etanol,76.1720,42
2006-01-19,BA,gasolina,143.0570,56
2006-01-19,ES,etanol,56.4370,29
2006-01-19,ES,gasolina,81.1810,30
2006-01-19,MG,etanol,93.2860,46
2006-01-19,MG,gasolina,117.7780,46
2006-01-19,PB,etanol,42.9990,23
2006-01-19,PB,gasolina,65.2580,25
2006-01-19,PR,etanol,101.3170,54
2006-01-19,PR,gasolina,144.6850,57
2006-01-19,RJ,etanol,17.8060,9
2006-01-19,RJ,gasolina,26.6920,10
2006-01-19,RS,etanol,186.7390,82
2006-01-19,RS,gasolina,245.3330,91
2006-01-19,SC,etanol,56.7530,28
2006-01-19,SC,gasolina,73.3720,28
2006-01-19,SP,etanol,2099.0850,1370
2006-01-19,SP,gasolina,3304.0900,1375
2006-01-23,AC,etanol,11.3700,5
2006-01-23,AC,gasolina,17.5800,6
2006-01-23,AL,etanol,20.9300,11
2006-01-23,AL,gasolina,32.8100,12
2006-01-23,AM,etanol,89.1810,44
2006-01-23,AM,gasolina,269.2400,102
2006-01-23,AP,etanol,18.9080,9
2006-01-23,AP,gasolina,103.4900,40
2006-01-23,BA,etanol,390.0030,213
2006-01-23,BA,gasolina,627.9900,239
2006-01-23,CE,etanol,142.6870,74
2006-01-23,CE,gasolina,246.1690,91
2006-01-23,DF,etanol,127.4590,66
2006-01-23,DF,gasolina,172.4670,66
2006-01-23,ES,etanol,158.2520,83
2006-01-23,ES,gasolina,215.6120,83
2006-01-23,GO,etanol,40.8440,22
2006-01-23,GO,gasolina,57.5170,22
2006-01-23,MA,etanol,42.8570,22
2006-01-23,MA,gasolina,133.2110,50
2006-01-23,MG,etanol,933.3060,483
2006-01-23,MG,gasolina,1285.9460,503
2006-01-23,MS,etanol,117.0770,59
2006-01-23,MS,gasolina,165.7960,60
2006-01-23,PA,etanol,85.3490,35
2006-01-23,PA,gasolina,218.2190,75
2006-01-23,PB,etanol,25.7980,14
2006-01-23,PB,gasolina,36.0180,14
2006-01-23,PE,etanol,657.3920,388
2006-01-23,PE,gasolina,1004.4970,413
2006-01-23,PI,etanol,78.4600,40
2006-01-23,PI,gasolina,123.4400,50
2006-01-23,PR,etanol,383.0160,215
2006-01-23,PR,gasolina,529.4760,215
2006-01-23,RJ,etanol,134.1940,72
2006-01-23,RJ,gasolina,202.5230,80
2006-01-23,RN,etanol,82.5070,45
2006-01-23,RN,gasolina,127.8130,51
2006-01-23,RO,etanol,54.5080,25
2006-01-23,RO,gasolina,74.9430,26
2006-01-23,RR,etanol,1.9900,1
2006-01-23,RR,gasolina,11.0900,4
2006-01-23,RS,etanol,161.4260,70
2006-01-23,RS,gasolina,201.2220,73
2006-01-23,SC,etanol,333.9730,173
2006-01-23,SC,gasolina,451.5690,173
2006-01-23,SP,etanol,267.1190,170
2006-01-23,SP,gasolina,418.3990,170
2006-01-24,AC,etanol,2.1900,1
2006-01-24,AC,gasolina,2.8400,1
2006-01-24,AL,etanol,15.7380,9
2006-01-24,AL,gasolina,23.6020,9
2006-01-24,AM,etanol,115.5200,56
2006-01-24,AM,gasolina,220.9820,84
2006-01-24,AP,etanol,2.1100,1
2006-01-24,AP,gasolina,18.2800,7
2006-01-24,BA,etanol,219.2460,122
2006-01-24,BA,gasolina,361.1810,140
2006-01-24,CE,etanol,520.9100,287
2006-01-24,CE,gasolina,852.2090,321
2006-01-24,DF,etanol,257.2010,133
2006-01-24,DF,gasolina,351.6190,134
2006-01-24,ES,etanol,210.7690,109
2006-01-24,ES,gasolina,294.8860,113
2006-01-24,GO,etanol,468.0030,268
2006-01-24,GO,gasolina,690.8500,271
2006-01-24,MA,etanol,31.4780,16
2006-01-24,MA,gasolina,60.4770,23
2006-01-24,MG,etanol,868.7060,450
2006-01-24,MG,gasolina,1134.7650,461
2006-01-24,MS,etanol,278.3010,139
2006-01-24,MS,gasolina,393.9120,142
2006-01-24,MT,etanol,149.2490,73
2006-01-24,MT,gasolina,210.4610,72
2006-01-24,PA,etanol,46.9730,21
2006-01-24,PA,gasolina,157.3330,57
2006-01-24,PB,etanol,158.1270,86
2006-01-24,PB,gasolina,250.4250,97
2006-01-24,PE,etanol,193.0810,109
2006-01-24,PE,gasolina,290.7010,116
2006-01-24,PI,etanol,27.4900,14
2006-01-24,PI,gasolina,48.7500,20
2006-01-24,PR,etanol,525.1640,292
2006-01-24,PR,gasolina,718.9130,291
2006-01-24,RJ,etanol,781.2250,414
2006-01-24,RJ,gasolina,1111.1350,439
2006-01-24,RN,etanol,43.1300,25
2006-01-24,RN,gasolina,70.2100,29
2006-01-24,RO,etanol,29.3390,14
2006-01-24,RO,gasolina,60.9790,21
2006-01-24,RR,etanol,2.1000,1
2006-01-24,RR,gasolina,2.6000,1
2006-01-24,RS,etanol,247.9750,109
2006-01-24,RS,gasolina,340.7860,125
2006-01-24,SC,etanol,290.1390,151
2006-01-24,SC,gasolina,401.0670,155
2006-01-24,SE,etanol,8.1300,4
2006-01-24,SE,gasolina,10.2460,4
2006-01-24,SP,etanol,1277.0640,814
2006-01-24,SP,gasolina,1993.1400,816
2006-01-24,TO,etanol,36.3300,19
2006-01-24,TO,gasolina,54.3000,20
2006-01-25,AC,etanol,51.5350,25
2006-01-25,AC,gasolina,101.8600,35
2006-01-25,AL,etanol,217.3020,121
2006-01-25,AL,gasolina,339.4470,124
2006-01-25,AM,etanol,49.0100,24
2006-01-25,AM,gasolina,80.1750,31
2006-01-25,AP,gasolina,13.7800,5
2006-01-25,BA,etanol,304.3410,170
2006-01-25,BA,gasolina,514.0600,201
2006-01-25,CE,etanol,76.8600,43
2006-01-25,CE,gasolina,142.9360,54
2006-01-25,DF,etanol,56.0750,29
2006-01-25,DF,gasolina,76.8550,29
2006-01-25,ES,etanol,70.3980,37
2006-01-25,ES,gasolina,94.7660,37
2006-01-25,GO,etanol,305.6260,181
2006-01-25,GO,gasolina,465.2490,184
2006-01-25,MA,etanol,28.9200,15
2006-01-25,MA,gasolina,73.4680,28
2006-01-25,MG,etanol,507.1140,254
2006-01-25,MG,gasolina,665.5890,260
2006-01-25,MS,etanol,26.5200,13
2006-01-25,MS,gasolina,36.5950,13
2006-01-25,MT,etanol,252.4170,126
2006-01-25,MT,gasolina,367.2700,125
2006-01-25,PA,etanol,130.7730,61
2006-01-25,PA,gasolina,309.5690,120
2006-01-25,PB,etanol,128.8170,74
2006-01-25,PB,gasolina,220.2770,87
2006-01-25,PI,etanol,103.2600,51
2006-01-25,PI,gasolina,128.6410,52
2006-01-25,PR,etanol,272.7490,149
2006-01-25,PR,gasolina,383.4940,154
2006-01-25,RJ,etanol,691.6850,356
2006-01-25,RJ,gasolina,983.9050,371
2006-01-25,RN,etanol,162.9330,90
2006-01-25,RN,gasolina,247.6810,99
2006-01-25,RO,etanol,28.3690,14
2006-01-25,RO,gasolina,44.9480,16
2006-01-25,RR,etanol,25.7000,12
2006-01-25,RR,gasolina,129.0500,45
2006-01-25,RS,etanol,837.3370,365
2006-01-25,RS,gasolina,1126.6120,415
2006-01-25,SC,etanol,330.4180,167
2006-01-25,SC,gasolina,437.3490,167
2006-01-25,SE,etanol,53.1320,28
2006-01-25,SE,gasolina,88.0520,35
2006-01-25,SP,etanol,1887.9270,1221
2006-01-25,SP,gasolina,2957.9200,1225
2006-01-25,TO,etanol,72.2500,38
2006-01-25,TO,gasolina,101.9450,38
2006-01-26,AC,gasolina,15.9000,5
2006-01-26,AL,etanol,58.0410,32
2006-01-26,AL,gasolina,85.5690,32
2006-01-26,BA,etanol,71.2060,38
2006-01-26,BA,gasolina,119.4080,45
2006-01-26,MA,etanol,107.8130,57
2006-01-26,MA,gasolina,267.3930,103
2006-01-26,MG,etanol,439.2030,231
2006-01-26,MG,gasolina,574.2850,237
2006-01-26,PB,etanol,3.7400,2
2006-01-26,PB,gasolina,5.2200,2
2006-01-26,PR,etanol,134.3270,73
2006-01-26,PR,gasolina,191.8720,76
2006-01-26,RJ,etanol,25.6540,13
2006-01-26,RJ,gasolina,39.9800,15
2006-01-26,RO,etanol,74.3700,37
2006-01-26,RO,gasolina,118.7300,45
2006-01-26,RR,gasolina,14.2000,5
2006-01-26,RS,etanol,269.1100,116
2006-01-26,RS,gasolina,414.4630,147
2006-01-26,SC,etanol,71.6310,36
2006-01-26,SC,gasolina,93.9920,36
2006-01-26,SE,etanol,82.0770,43
2006-01-26,SE,gasolina,132.6890,53
2006-01-26,SP,etanol,2088.3960,1360
2006-01-26,SP,gasolina,3283.4340,1363
2006-01-30,AM,etanol,68.6770,34
2006-01-30,AM,gasolina,266.0680,99
2006-01-30,AP,gasolina,10.4900,4
2006-01-30,BA,etanol,149.4380,83
2006-01-30,BA,gasolina,258.7590,101
2006-01-30,CE,etanol,259.3570,140
2006-01-30,CE,gasolina,431.3470,162
2006-01-30,DF,etanol,199.5800,104
2006-01-30,DF,gasolina,272.7920,105
2006-01-30,ES,etanol,175.1760,91
2006-01-30,ES,gasolina,239.5970,92
2006-01-30,MA,etanol,23.7060,12
2006-01-30,MA,gasolina,43.2100,16
2006-01-30,MG,etanol,812.1030,420
2006-01-30,MG,gasolina,1098.9960,431
2006-01-30,MS,etanol,114.7470,58
2006-01-30,MS,gasolina,159.6130,58
2006-01-30,MT,etanol,80.1670,42
2006-01-30,MT,gasolina,115.6670,40
2006-01-30,PA,etanol,48.2840,20
2006-01-30,PA,gasolina,128.8720,45
2006-01-30,PB,etanol,25.8180,14
2006-01-30,PB,gasolina,36.0280,14
2006-01-30,PE,etanol,611.9780,352
2006-01-30,PE,gasolina,982.7330,374
2006-01-30,PI,etanol,54.4400,28
2006-01-30,PI,gasolina,85.5600,36
2006-01-30,PR,etanol,431.1850,247
2006-01-30,PR,gasolina,601.1920,247
2006-01-30,RJ,etanol,260.9390,138
2006-01-30,RJ,gasolina,377.1430,148
2006-01-30,RN,etanol,7.4700,4
2006-01-30,RN,gasolina,10.1100,4
2006-01-30,RO,etanol,19.0690,9
2006-01-30,RO,gasolina,27.5980,10
2006-01-30,RR,etanol,1.9900,1
2006-01-30,RR,gasolina,2.5500,1
2006-01-30,RS,etanol,134.6760,60
2006-01-30,RS,gasolina,172.7380,66
2006-01-30,SC,etanol,162.8950,84
2006-01-30,SC,gasolina,222.4750,85
2006-01-30,SP,etanol,613.3810,392
2006-01-30,SP,gasolina,950.6620,390
2006-01-31,AC,etanol,9.1700,4
2006-01-31,AC,gasolina,18.1830,6
2006-01-31,AL,etanol,34.7980,19
2006-01-31,AL,gasolina,53.7360,20
2006-01-31,AM,etanol,32.7100,16
2006-01-31,AM,gasolina,66.9300,26
2006-01-31,AP,etanol,23.1480,11
2006-01-31,AP,gasolina,122.1200,47
2006-01-31,BA,etanol,389.2240,212
2006-01-31,BA,gasolina,620.0240,236
2006-01-31,CE,etanol,392.9420,215
2006-01-31,CE,gasolina,659.2960,248
2006-01-31,DF,etanol,145.3280,75
2006-01-31,DF,gasolina,195.2660,75
2006-01-31,ES,etanol,241.2920,127
2006-01-31,ES,gasolina,330.0800,130
2006-01-31,GO,etanol,503.7190,282
2006-01-31,GO,gasolina,720.5770,288
2006-01-31,MA,etanol,48.7990,24
2006-01-31,MA,gasolina,117.6750,44
2006-01-31,MG,etanol,1059.2200,556
2006-01-31,MG,gasolina,1409.1410,578
2006-01-31,MS,etanol,327.6220,164
2006-01-31,MS,gasolina,463.6970,167
2006-01-31,MT,etanol,170.8110,83
2006-01-31,MT,gasolina,245.6830,83
2006-01-31,PA,etanol,103.7350,46
2006-01-31,PA,gasolina,294.0480,107
2006-01-31,PE,etanol,259.1910,154
2006-01-31,PE,gasolina,426.0480,165
2006-01-31,PI,etanol,122.4900,63
2006-01-31,PI,gasolina,164.4710,69
2006-01-31,PR,etanol,558.0010,305
2006-01-31,PR,gasolina,770.0690,310
2006-01-31,RJ,etanol,571.1690,296
2006-01-31,RJ,gasolina,801.7010,310
2006-01-31,RN,etanol,76.7590,42
2006-01-31,RN,gasolina,119.5930,48
2006-01-31,RO,etanol,68.4090,31
2006-01-31,RO,gasolina,90.6490,31
2006-01-31,RR,etanol,2.0000,1
2006-01-31,RR,gasolina,28.1700,10
2006-01-31,RS,etanol,537.7780,230
2006-01-31,RS,gasolina,779.2550,283
2006-01-31,SC,etanol,373.8800,195
2006-01-31,SC,gasolina,505.4940,195
2006-01-31,SE,etanol,6.0800,3
2006-01-31,SE,gasolina,7.6960,3
2006-01-31,SP,etanol,1789.0860,1157
2006-01-31,SP,gasolina,2837.1110,1165
2006-01-31,TO,etanol,7.4400,4
2006-01-31,TO,gasolina,10.6400,4
2006-02-01,AC,etanol,61.4200,29
2006-02-01,AC,gasolina,100.4100,35
2006-02-01,AL,etanol,275.3510,153
2006-02-01,AL,gasolina,427.3100,157
2006-02-01,AM,etanol,129.2300,63
2006-02-01,AM,gasolina,210.9100,82
2006-02-01,AP,gasolina,5.1500,2
2006-02-01,BA,etanol,351.3980,198
2006-02-01,BA,gasolina,605.2310,236
2006-02-01,CE,etanol,75.1910,42
2006-02-01,CE,gasolina,140.2420,53
2006-02-01,DF,etanol,48.1580,25
2006-02-01,DF,gasolina,64.7780,25
2006-02-01,ES,etanol,104.3090,54
2006-02-01,ES,gasolina,143.1420,55
2006-02-01,GO,etanol,250.3200,144
2006-02-01,GO,gasolina,357.2570,143
2006-02-01,MA,etanol,142.6010,76
2006-02-01,MA,gasolina,355.6360,141
2006-02-01,MG,etanol,455.1630,231
2006-02-01,MG,gasolina,608.0520,240
2006-02-01,MT,etanol,144.3280,71
2006-02-01,MT,gasolina,206.7650,71
2006-02-01,PA,etanol,124.6700,56
2006-02-01,PA,gasolina,286.2070,109
2006-02-01,PB,etanol,257.4130,144
2006-02-01,PB,gasolina,418.0320,164
2006-02-01,PI,etanol,64.8090,31
2006-02-01,PI,gasolina,86.5490,33
2006-02-01,PR,etanol,230.2790,128
2006-02-01,PR,gasolina,324.7370,131
2006-02-01,RJ,etanol,782.7190,409
2006-02-01,RJ,gasolina,1091.8400,422
2006-02-01,RN,etanol,50.3200,29
2006-02-01,RN,gasolina,89.5800,35
2006-02-01,RO,etanol,40.3290,19
2006-02-01,RO,gasolina,73.3190,26
2006-02-01,RR,etanol,25.5000,12
2006-02-01,RR,gasolina,129.2260,45
2006-02-01,RS,etanol,684.5290,298
2006-02-01,RS,gasolina,913.5910,331
2006-02-01,SC,etanol,325.3320,167
2006-02-01,SC,gasolina,447.6400,173
2006-02-01,SE,etanol,135.3790,71
2006-02-01,SE,gasolina,223.2320,89
2006-02-01,SP,etanol,1613.8570,1034
2006-02-01,SP,gasolina,2519.7900,1039
2006-02-01,TO,etanol,42.3190,22
2006-02-01,TO,gasolina,59.0360,22
2006-02-02,AC,etanol,2.6100,1
2006-02-02,AC,gasolina,34.1500,11
2006-02-02,AM,etanol,18.7540,9
2006-02-02,AM,gasolina,23.1480,9
2006-02-02,BA,etanol,75.6940,43
2006-02-02,BA,gasolina,108.5120,42
2006-02-02,MG,etanol,339.1120,168
2006-02-02,MG,gasolina,445.7370,175
2006-02-02,PA,gasolina,12.2600,4
2006-02-02,PR,etanol,40.8810,22
2006-02-02,PR,gasolina,56.1230,22
2006-02-02,RJ,etanol,103.7170,53
2006-02-02,RJ,gasolina,151.7910,57
2006-02-02,RN,etanol,158.9910,88
2006-02-02,RN,gasolina,241.2300,94
2006-02-02,RO,etanol,74.4900,37
2006-02-02,RO,gasolina,115.3300,44
2006-02-02,RS,etanol,103.9850,46
2006-02-02,RS,gasolina,136.5230,51
2006-02-02,SC,etanol,146.9210,73
2006-02-02,SC,gasolina,197.5120,75
2006-02-02,SP,etanol,1502.7880,985
2006-02-02,SP,gasolina,2366.1440,992
2006-02-02,TO,etanol,36.8140,18
2006-02-02,TO,gasolina,51.3440,19
2006-02-03,RJ,etanol,3.8910,2
2006-02-03,RJ,gasolina,5.3680,2
2006-02-03,SP,etanol,12.2940,8
2006-02-03,SP,gasolina,19.1330,8
2006-02-06,AL,etanol,13.8580,8
2006-02-06,AL,gasolina,20.9880,8
2006-02-06,AM,etanol,50.8240,25
2006-02-06,AM,gasolina,169.2990,64
2006-02-06,AP,etanol,18.9480,9
2006-02-06,AP,gasolina,87.7700,34
2006-02-06,BA,etanol,273.2030,151
2006-02-06,BA,gasolina,452.2810,176
2006-02-06,CE,etanol,99.5400,54
2006-02-06,CE,gasolina,158.3440,59
2006-02-06,DF,etanol,138.8320,71
2006-02-06,DF,gasolina,187.4020,71
2006-02-06,ES,etanol,140.7430,74
2006-02-06,ES,gasolina,191.7590,75
2006-02-06,GO,etanol,300.1070,165
2006-02-06,GO,gasolina,428.4660,168
2006-02-06,MA,etanol,54.6140,27
2006-02-06,MA,gasolina,109.6790,41
2006-02-06,MG,etanol,763.3050,392
2006-02-06,MG,gasolina,1026.2130,401
2006-02-06,MS,etanol,38.4080,19
2006-02-06,MS,gasolina,52.9120,19
2006-02-06,MT,etanol,34.4300,18
2006-02-06,MT,gasolina,49.1500,17
2006-02-06,PA,etanol,49.1500,21
2006-02-06,PA,gasolina,111.5450,38
2006-02-06,PB,etanol,25.6680,14
2006-02-06,PB,gasolina,35.9180,14
2006-02-06,PE,etanol,603.6220,348
2006-02-06,PE,gasolina,981.9790,375
2006-02-06,PI,etanol,51.7000,25
2006-02-06,PI,gasolina,75.8900,29
2006-02-06,PR,etanol,363.5480,208
2006-02-06,PR,gasolina,505.8720,210
2006-02-06,RJ,etanol,188.0710,99
2006-02-06,RJ,gasolina,280.7760,110
2006-02-06,RN,etanol,84.3830,46
2006-02-06,RN,gasolina,130.3830,52
2006-02-06,RO,etanol,19.0880,9
2006-02-06,RO,gasolina,27.7410,10
2006-02-06,RR,etanol,2.0000,1
2006-02-06,RR,gasolina,2.5500,1
2006-02-06,RS,etanol,292.7660,128
2006-02-06,RS,gasolina,368.7730,136
2006-02-06,SC,etanol,260.9890,137
2006-02-06,SC,gasolina,356.6670,137
2006-02-06,SE,etanol,9.9800,5
2006-02-06,SE,gasolina,12.7760,5
2006-02-06,SP,etanol,415.6720,262
2006-02-06,SP,gasolina,651.0410,265
2006-02-07,AC,etanol,63.3600,29
2006-02-07,AC,gasolina,104.3700,36
2006-02-07,AL,etanol,69.4640,38
2006-02-07,AL,gasolina,104.4830,39
2006-02-07,AM,etanol,103.1790,50
2006-02-07,AM,gasolina,217.3840,82
2006-02-07,AP,etanol,4.2000,2
2006-02-07,AP,gasolina,30.9200,12
2006-02-07,BA,etanol,407.0340,220
2006-02-07,BA,gasolina,665.4450,253
2006-02-07,CE,etanol,152.1750,83
2006-02-07,CE,gasolina,242.6610,91
2006-02-07,DF,etanol,55.2890,28
2006-02-07,DF,gasolina,74.4090,28
2006-02-07,ES,etanol,246.8640,129
2006-02-07,ES,gasolina,333.2030,131
2006-02-07,GO,etanol,267.0750,145
2006-02-07,GO,gasolina,383.3440,149
2006-02-07,MA,etanol,52.9230,27
2006-02-07,MA,gasolina,152.2020,58
2006-02-07,MG,etanol,693.9000,354
2006-02-07,MG,gasolina,916.4090,367
2006-02-07,MS,etanol,234.1440,116
2006-02-07,MS,gasolina,325.8860,117
2006-02-07,MT,etanol,232.8610,115
2006-02-07,MT,gasolina,334.0170,114
2006-02-07,PA,etanol,41.2690,18
2006-02-07,PA,gasolina,200.9940,73
2006-02-07,PB,etanol,59.8480,32
2006-02-07,PB,gasolina,104.9170,40
2006-02-07,PE,etanol,95.5300,54
2006-02-07,PE,gasolina,136.8490,53
2006-02-07,PI,etanol,138.5880,66
2006-02-07,PI,gasolina,204.4000,78
2006-02-07,PR,etanol,649.1520,360
2006-02-07,PR,gasolina,894.8760,360
2006-02-07,RJ,etanol,737.4580,389
2006-02-07,RJ,gasolina,1026.2930,404
2006-02-07,RN,etanol,50.3700,29
2006-02-07,RN,gasolina,86.2400,34
2006-02-07,RO,etanol,41.0290,19
2006-02-07,RO,gasolina,53.4990,19
2006-02-07,RR,gasolina,14.0000,5
2006-02-07,RS,etanol,307.2210,132
2006-02-07,RS,gasolina,464.9930,168
2006-02-07,SC,etanol,363.5080,189
2006-02-07,SC,gasolina,486.7480,189
2006-02-07,SP,etanol,1509.4190,969
2006-02-07,SP,gasolina,2372.5820,974
2006-02-07,TO,etanol,29.2580,14
2006-02-07,TO,gasolina,38.6690,14
2006-02-08,AC,etanol,19.8900,9
2006-02-08,AC,gasolina,50.8030,17
2006-02-08,AL,etanol,133.4460,74
2006-02-08,AL,gasolina,205.7070,75
2006-02-08,AM,etanol,30.5300,15
2006-02-08,AM,gasolina,54.2100,21
2006-02-08,AP,gasolina,11.4400,4
2006-02-08,BA,etanol,138.2110,76
2006-02-08,BA,gasolina,217.5490,83
2006-02-08,CE,etanol,82.0810,45
2006-02-08,CE,gasolina,153.4160,58
2006-02-08,DF,etanol,29.6800,15
2006-02-08,DF,gasolina,39.9800,15
2006-02-08,ES,etanol,124.7850,64
2006-02-08,ES,gasolina,171.7220,65
2006-02-08,GO,etanol,31.1660,16
2006-02-08,GO,gasolina,42.3340,16
2006-02-08,MA,etanol,112.3760,58
2006-02-08,MA,gasolina,255.6970,100
2006-02-08,MG,etanol,1094.2280,556
2006-02-08,MG,gasolina,1418.5070,572
2006-02-08,MS,etanol,92.6560,46
2006-02-08,MS,gasolina,129.5490,47
2006-02-08,MT,etanol,41.5800,20
2006-02-08,MT,gasolina,59.2500,20
2006-02-08,PA,etanol,123.9960,54
2006-02-08,PA,gasolina,298.3760,112
2006-02-08,PB,etanol,159.9950,90
2006-02-08,PB,gasolina,258.6070,102
2006-02-08,PE,etanol,1.7400,1
2006-02-08,PE,gasolina,2.6500,1
2006-02-08,PI,etanol,81.9100,38
2006-02-08,PI,gasolina,102.6000,38
2006-02-08,PR,etanol,226.7540,125
2006-02-08,PR,gasolina,320.6540,129
2006-02-08,RJ,etanol,737.7710,380
2006-02-08,RJ,gasolina,1055.4470,401
2006-02-08,RO,etanol,113.8690,55
2006-02-08,RO,gasolina,189.3360,68
2006-02-08,RR,gasolina,8.5400,3
2006-02-08,RS,etanol,611.0330,266
2006-02-08,RS,gasolina,789.5520,286
2006-02-08,SC,etanol,351.6750,180
2006-02-08,SC,gasolina,480.8140,185
2006-02-08,SE,etanol,133.8780,70
2006-02-08,SE,gasolina,220.9530,88
2006-02-08,SP,etanol,2161.8150,1410
2006-02-08,SP,gasolina,3393.0840,1412
2006-02-08,TO,etanol,68.5710,35
2006-02-08,TO,gasolina,101.8600,38
2006-02-09,AL,etanol,10.4890,6
2006-02-09,AL,gasolina,18.4560,7
2006-02-09,BA,etanol,45.5930,25
2006-02-09,BA,gasolina,75.4270,29
2006-02-09,CE,etanol,94.0810,50
2006-02-09,CE,gasolina,186.6260,70
2006-02-09,GO,etanol,40.6250,21
2006-02-09,GO,gasolina,56.5690,21
2006-02-09,MG,etanol,130.1320,67
2006-02-09,MG,gasolina,178.9400,71
2006-02-09,MT,etanol,50.7900,25
2006-02-09,MT,gasolina,73.6100,25
2006-02-09,PA,etanol,33.6900,16
2006-02-09,PA,gasolina,79.5940,31
2006-02-09,PB,etanol,18.6600,10
2006-02-09,PB,gasolina,26.1800,10
2006-02-09,PE,etanol,1.6500,1
2006-02-09,PE,gasolina,2.5600,1
2006-02-09,RJ,etanol,23.8850,12
2006-02-09,RJ,gasolina,34.5590,13
2006-02-09,RN,etanol,111.5360,62
2006-02-09,RN,gasolina,169.3600,66
2006-02-09,RR,etanol,21.3050,10
2006-02-09,RR,gasolina,129.2000,45
2006-02-09,RS,etanol,234.8620,102
2006-02-09,RS,gasolina,315.1050,115
2006-02-09,SC,etanol,34.8500,17
2006-02-09,SC,gasolina,44.7090,17
2006-02-09,SE,gasolina,2.4600,1
2006-02-09,SP,etanol,1165.4410,755
2006-02-09,SP,gasolina,1837.5200,762
2006-02-09,TO,etanol,7.8300,4
2006-02-09,TO,gasolina,10.5090,4
2006-02-13,AL,etanol,14.2580,8
2006-02-13,AL,gasolina,23.8570,9
2006-02-13,AM,etanol,93.7700,46
2006-02-13,AM,gasolina,308.4080,116
2006-02-13,AP,gasolina,21.2700,8
2006-02-13,BA,etanol,175.7060,98
2006-02-13,BA,gasolina,285.7930,110
2006-02-13,CE,etanol,147.7130,79
2006-02-13,CE,gasolina,243.1960,91
2006-02-13,DF,etanol,134.4400,68
2006-02-13,DF,gasolina,180.4000,68
2006-02-13,ES,etanol,120.2170,63
2006-02-13,ES,gasolina,164.5260,64
2006-02-13,GO,etanol,145.1800,80
2006-02-13,GO,gasolina,200.4350,81
2006-02-13,MA,etanol,52.2090,26
2006-02-13,MA,gasolina,115.8580,43
2006-02-13,MG,etanol,1046.1590,534
2006-02-13,MG,gasolina,1406.9430,551
2006-02-13,MS,etanol,134.4020,66
2006-02-13,MS,gasolina,182.2550,66
2006-02-13,PA,etanol,58.2220,24
2006-02-13,PA,gasolina,185.7590,66
2006-02-13,PB,etanol,25.9280,14
2006-02-13,PB,gasolina,38.7330,15
2006-02-13,PE,etanol,606.6640,351
2006-02-13,PE,gasolina,975.4270,373
2006-02-13,PI,etanol,66.3100,31
2006-02-13,PI,gasolina,86.7800,33
2006-02-13,PR,etanol,448.3030,256
2006-02-13,PR,gasolina,630.8840,256
2006-02-13,RJ,etanol,225.8920,116
2006-02-13,RJ,gasolina,329.3560,128
2006-02-13,RN,etanol,82.3550,45
2006-02-13,RN,gasolina,127.4840,51
2006-02-13,RO,etanol,18.9580,9
2006-02-13,RO,gasolina,27.6920,10
2006-02-13,RR,etanol,3.9900,2
2006-02-13,RR,gasolina,5.1000,2
2006-02-13,RS,etanol,242.6070,104
2006-02-13,RS,gasolina,354.2240,127
2006-02-13,SC,etanol,166.0200,86
2006-02-13,SC,gasolina,222.2070,85
2006-02-13,SP,etanol,455.1190,291
2006-02-13,SP,gasolina,709.1300,292
2006-02-14,AC,etanol,4.3900,2
2006-02-14,AC,gasolina,12.2800,4
2006-02-14,AL,etanol,189.4080,105
2006-02-14,AL,gasolina,287.0740,106
2006-02-14,AM,etanol,32.8100,16
2006-02-14,AM,gasolina,64.5080,25
2006-02-14,BA,etanol,324.2020,174
2006-02-14,BA,gasolina,539.9480,205
2006-02-14,CE,etanol,176.2990,96
2006-02-14,CE,gasolina,289.8750,109
2006-02-14,DF,etanol,138.2850,70
2006-02-14,DF,gasolina,188.4310,71
2006-02-14,ES,etanol,203.9490,105
2006-02-14,ES,gasolina,280.7080,108
2006-02-14,GO,etanol,313.4560,169
2006-02-14,GO,gasolina,450.2370,177
2006-02-14,MA,etanol,32.3990,16
2006-02-14,MA,gasolina,76.8780,29
2006-02-14,MG,etanol,869.4320,442
2006-02-14,MG,gasolina,1132.2150,456
2006-02-14,MS,etanol,200.9190,98
2006-02-14,MS,gasolina,284.9070,102
2006-02-14,MT,etanol,253.6580,126
2006-02-14,MT,gasolina,365.4630,125
2006-02-14,PA,etanol,81.9890,35
2006-02-14,PA,gasolina,203.5240,73
2006-02-14,PB,etanol,5.4080,3
2006-02-14,PB,gasolina,13.1890,5
2006-02-14,PE,etanol,106.4350,58
2006-02-14,PE,gasolina,156.3740,60
2006-02-14,PI,etanol,99.7700,47
2006-02-14,PI,gasolina,150.1710,57
2006-02-14,PR,etanol,612.4780,336
2006-02-14,PR,gasolina,848.9480,340
2006-02-14,RJ,etanol,790.8380,412
2006-02-14,RJ,gasolina,1123.7850,437
2006-02-14,RO,etanol,46.6610,22
2006-02-14,RO,gasolina,76.1260,27
2006-02-14,RS,etanol,364.3490,157
2006-02-14,RS,gasolina,458.3340,166
2006-02-14,SC,etanol,394.3190,205
2006-02-14,SC,gasolina,529.0540,205
2006-02-14,SE,etanol,8.1000,4
2006-02-14,SE,gasolina,10.2460,4
2006-02-14,SP,etanol,882.4170,564
2006-02-14,SP,gasolina,1383.0050,561
2006-02-14,TO,etanol,3.7500,2
2006-02-14,TO,gasolina,5.3000,2
2006-02-15,AC,etanol,83.3400,38
2006-02-15,AC,gasolina,154.6730,53
2006-02-15,AL,etanol,15.1590,8
2006-02-15,AL,gasolina,22.0090,8
2006-02-15,AM,etanol,125.0890,61
2006-02-15,AM,gasolina,197.1230,77
2006-02-15,AP,etanol,21.0380,10
2006-02-15,AP,gasolina,111.2900,43
2006-02-15,BA,etanol,332.5450,182
2006-02-15,BA,gasolina,553.0680,213
2006-02-15,CE,etanol,126.2320,68
2006-02-15,CE,gasolina,239.9810,90
2006-02-15,ES,etanol,220.7020,116
2006-02-15,ES,gasolina,295.2640,117
2006-02-15,GO,etanol,222.4690,122
2006-02-15,GO,gasolina,302.3670,122
2006-02-15,MA,etanol,135.2100,69
2006-02-15,MA,gasolina,334.4140,127
2006-02-15,MG,etanol,825.4340,415
2006-02-15,MG,gasolina,1081.1110,436
2006-02-15,MT,etanol,48.6490,24
2006-02-15,MT,gasolina,70.4770,24
2006-02-15,PA,etanol,119.5450,53
2006-02-15,PA,gasolina,313.1760,119
2006-02-15,PB,etanol,263.1150,144
2006-02-15,PB,gasolina,406.7910,158
2006-02-15,PE,gasolina,2.5690,1
2006-02-15,PI,etanol,39.0900,18
2006-02-15,PI,gasolina,49.2300,18
2006-02-15,PR,etanol,295.1160,162
2006-02-15,PR,gasolina,408.2930,163
2006-02-15,RJ,etanol,638.8680,330
2006-02-15,RJ,gasolina,903.1740,344
2006-02-15,RN,etanol,162.5940,91
2006-02-15,RN,gasolina,249.9030,98
2006-02-15,RO,etanol,142.3400,68
2006-02-15,RO,gasolina,210.9480,77
2006-02-15,RR,etanol,23.7900,11
2006-02-15,RR,gasolina,148.7570,52
2006-02-15,RS,etanol,928.7580,406
2006-02-15,RS,gasolina,1306.2770,478
2006-02-15,SC,etanol,394.1230,204
2006-02-15,SC,gasolina,553.6290,213
2006-02-15,SE,etanol,145.7780,76
2006-02-15,SE,gasolina,226.2560,90
2006-02-15,SP,etanol,3256.1670,2109
2006-02-15,SP,gasolina,5074.3680,2115
2006-02-15,TO,etanol,125.7200,63
2006-02-15,TO,gasolina,169.8390,63
2006-02-16,RS,etanol,22.2680,10
2006-02-16,RS,gasolina,26.4800,10
2006-02-16,SP,etanol,129.1760,84
2006-02-16,SP,gasolina,205.7670,84
2006-02-20,AL,etanol,35.2180,19
2006-02-20,AL,gasolina,54.0670,20
2006-02-20,AM,etanol,87.9300,43
2006-02-20,AM,gasolina,272.9080,104
2006-02-20,BA,etanol,233.1170,131
2006-02-20,BA,gasolina,363.6930,143
2006-02-20,CE,etanol,103.5620,56
2006-02-20,CE,gasolina,162.6570,61
2006-02-20,DF,etanol,199.0600,101
2006-02-20,DF,gasolina,268.3380,101
2006-02-20,ES,etanol,116.1280,60
2006-02-20,ES,gasolina,156.3550,61
2006-02-20,GO,etanol,71.5850,37
2006-02-20,GO,gasolina,103.1570,39
2006-02-20,MA,etanol,37.1440,18
2006-02-20,MA,gasolina,72.4760,27
2006-02-20,MG,etanol,871.9790,441
2006-02-20,MG,gasolina,1160.9030,456
2006-02-20,MS,etanol,69.5690,34
2006-02-20,MS,gasolina,96.5250,35
2006-02-20,PA,etanol,93.8300,40
2006-02-20,PA,gasolina,191.8890,69
2006-02-20,PB,etanol,25.9590,14
2006-02-20,PB,gasolina,35.9290,14
2006-02-20,PE,etanol,400.7970,232
2006-02-20,PE,gasolina,653.8920,250
2006-02-20,PI,etanol,51.0000,24
2006-02-20,PI,gasolina,68.7110,26
2006-02-20,PR,etanol,471.0010,267
2006-02-20,PR,gasolina,661.0840,268
2006-02-20,RJ,etanol,149.1620,78
2006-02-20,RJ,gasolina,205.7780,81
2006-02-20,RN,etanol,74.7650,41
2006-02-20,RN,gasolina,116.9940,47
2006-02-20,RO,etanol,16.7980,8
2006-02-20,RO,gasolina,24.8510,9
2006-02-20,RR,etanol,21.3300,10
2006-02-20,RR,gasolina,88.2290,31
2006-02-20,RS,etanol,99.6290,44
2006-02-20,RS,gasolina,122.9700,46
2006-02-20,SC,etanol,110.6660,57
2006-02-20,SC,gasolina,150.7500,57
2006-02-20,SP,etanol,782.6770,491
2006-02-20,SP,gasolina,1196.2680,489
2006-02-21,AC,etanol,39.6300,18
2006-02-21,AC,gasolina,54.2930,19
2006-02-21,AL,etanol,10.7600,6
2006-02-21,AL,gasolina,16.0800,6
2006-02-21,AM,etanol,121.6690,59
2006-02-21,AM,gasolina,226.7810,87
2006-02-21,AP,etanol,4.1690,2
2006-02-21,AP,gasolina,89.1480,34
2006-02-21,BA,etanol,331.2370,177
2006-02-21,BA,gasolina,520.6020,195
2006-02-21,CE,etanol,128.8960,70
2006-02-21,CE,gasolina,220.5900,83
2006-02-21,DF,etanol,49.7500,25
2006-02-21,DF,gasolina,66.6410,25
2006-02-21,ES,etanol,171.5010,89
2006-02-21,ES,gasolina,229.1110,90
2006-02-21,GO,etanol,255.9750,138
2006-02-21,GO,gasolina,363.4660,141
2006-02-21,MA,etanol,85.0120,43
2006-02-21,MA,gasolina,202.6480,76
2006-02-21,MG,etanol,641.2150,321
2006-02-21,MG,gasolina,831.2310,330
2006-02-21,MS,etanol,294.0380,143
2006-02-21,MS,gasolina,398.2160,143
2006-02-21,MT,etanol,162.9560,81
2006-02-21,MT,gasolina,238.1560,81
2006-02-21,PA,etanol,59.4380,25
2006-02-21,PA,gasolina,207.8590,73
2006-02-21,PB,etanol,7.3580,4
2006-02-21,PB,gasolina,26.2430,10
2006-02-21,PE,etanol,253.8230,141
2006-02-21,PE,gasolina,401.5490,152
2006-02-21,PI,etanol,86.8490,41
2006-02-21,PI,gasolina,128.5990,49
2006-02-21,PR,etanol,638.5350,351
2006-02-21,PR,gasolina,884.2070,355
2006-02-21,RJ,etanol,679.4680,353
2006-02-21,RJ,gasolina,976.5740,380
2006-02-21,RN,etanol,40.6100,23
2006-02-21,RN,gasolina,65.1800,27
2006-02-21,RO,etanol,162.7670,77
2006-02-21,RO,gasolina,254.0480,92
2006-02-21,RR,etanol,4.3000,2
2006-02-21,RR,gasolina,31.3700,11
2006-02-21,RS,etanol,509.6310,221
2006-02-21,RS,gasolina,687.7350,254
2006-02-21,SC,etanol,169.8640,89
2006-02-21,SC,gasolina,239.8440,93
2006-02-21,SP,etanol,1459.6140,917
2006-02-21,SP,gasolina,2236.7860,920
2006-02-21,TO,etanol,40.1000,19
2006-02-21,TO,gasolina,54.5600,20
2006-02-22,AC,etanol,48.2600,22
2006-02-22,AC,gasolina,112.5300,38
2006-02-22,AL,etanol,182.0250,100
2006-02-22,AL,gasolina,279.7410,103
2006-02-22,AM,etanol,36.3800,18
2006-02-22,AM,gasolina,61.3490,24
2006-02-22,AP,etanol,14.8690,7
2006-02-22,AP,gasolina,46.0500,18
2006-02-22,BA,etanol,293.0650,157
2006-02-22,BA,gasolina,480.9170,185
2006-02-22,CE,etanol,222.8040,118
2006-02-22,CE,gasolina,378.8150,142
2006-02-22,DF,etanol,5.9700,3
2006-02-22,DF,gasolina,8.0100,3
2006-02-22,ES,etanol,179.9600,93
2006-02-22,ES,gasolina,244.9200,95
2006-02-22,GO,etanol,370.7280,200
2006-02-22,GO,gasolina,508.9420,199
2006-02-22,MA,etanol,41.9790,21
2006-02-22,MA,gasolina,102.3020,39
2006-02-22,MG,etanol,1027.2840,520
2006-02-22,MG,gasolina,1315.4150,534
2006-02-22,MS,etanol,10.9600,5
2006-02-22,MS,gasolina,19.3300,7
2006-02-22,MT,etanol,246.9280,122
2006-02-22,MT,gasolina,354.3240,121
2006-02-22,PA,etanol,86.2530,38
2006-02-22,PA,gasolina,213.2930,82
2006-02-22,PB,etanol,250.9570,138
2006-02-22,PB,gasolina,389.7960,152
2006-02-22,PE,etanol,20.6000,12
2006-02-22,PE,gasolina,27.9300,11
2006-02-22,PI,etanol,77.7800,36
2006-02-22,PI,gasolina,99.9600,37
2006-02-22,PR,etanol,170.3130,94
2006-02-22,PR,gasolina,237.3480,95
2006-02-22,RJ,etanol,873.1500,452
2006-02-22,RJ,gasolina,1232.5240,474
2006-02-22,RN,etanol,114.8710,64
2006-02-22,RN,gasolina,176.0660,69
2006-02-22,RO,etanol,36.7890,17
2006-02-22,RO,gasolina,50.9790,18
2006-02-22,RR,gasolina,8.5570,3
2006-02-22,RS,etanol,758.8570,328
2006-02-22,RS,gasolina,1094.2870,393
2006-02-22,SC,etanol,465.6910,239
2006-02-22,SC,gasolina,627.4790,244
2006-02-22,SE,etanol,148.2470,76
2006-02-22,SE,gasolina,231.5970,92
2006-02-22,SP,etanol,2250.3570,1425
2006-02-22,SP,gasolina,3429.2550,1431
2006-02-22,TO,etanol,112.0260,56
2006-02-22,TO,gasolina,152.7470,57
2006-02-23,ES,etanol,9.7900,5
2006-02-23,ES,gasolina,13.4980,5
2006-02-23,GO,etanol,1.9500,1
2006-02-23,GO,gasolina,2.7300,1
2006-02-23,MG,etanol,75.3420,37
2006-02-23,MG,gasolina,96.4860,38
2006-02-23,PA,etanol,4.5700,2
2006-02-23,PA,gasolina,7.8100,3
2006-02-23,PB,etanol,29.9690,16
2006-02-23,PB,gasolina,44.4970,17
2006-02-23,PR,etanol,125.6280,67
2006-02-23,PR,gasolina,173.7600,69
2006-02-23,RJ,etanol,35.7890,18
2006-02-23,RJ,gasolina,48.0030,18
2006-02-23,RS,etanol,255.1130,113
2006-02-23,RS,gasolina,321.0200,120
2006-02-23,SC,etanol,222.9230,118
2006-02-23,SC,gasolina,323.3550,125
2006-02-23,SP,etanol,197.0780,120
2006-02-23,SP,gasolina,294.2840,120
2006-02-27,AP,gasolina,2.5800,1
2006-02-27,BA,etanol,245.8990,137
2006-02-27,BA,gasolina,406.6740,159
2006-02-27,DF,etanol,146.7930,74
2006-02-27,DF,gasolina,194.1610,74
2006-02-27,ES,etanol,15.8200,8
2006-02-27,ES,gasolina,24.0800,9
2006-02-27,GO,etanol,1.9900,1
2006-02-27,GO,gasolina,2.6700,1
2006-02-27,MG,etanol,234.5950,117
2006-02-27,MG,gasolina,317.5170,124
2006-02-27,MS,etanol,93.1540,45
2006-02-27,MS,gasolina,132.5230,48
2006-02-27,MT,etanol,23.3870,11
2006-02-27,MT,gasolina,37.0270,12
2006-02-27,PA,gasolina,8.8800,3
2006-02-27,PB,etanol,24.0880,13
2006-02-27,PB,gasolina,33.3580,13
2006-02-27,PE,etanol,589.3770,338
2006-02-27,PE,gasolina,945.0920,361
2006-02-27,PR,etanol,384.0300,205
2006-02-27,PR,gasolina,512.0930,205
2006-02-27,RJ,etanol,41.3750,21
2006-02-27,RJ,gasolina,57.8340,22
2006-02-27,RO,etanol,15.4200,7
2006-02-27,RO,gasolina,23.3100,8
2006-02-27,RS,etanol,428.6820,185
2006-02-27,RS,gasolina,540.8750,198
2006-02-27,SC,etanol,259.2010,133
2006-02-27,SC,gasolina,351.2220,134
2006-02-27,SP,etanol,1677.5170,993
2006-02-27,SP,gasolina,2439.9290,994
2006-03-01,AL,etanol,28.9690,15
2006-03-01,AL,gasolina,43.9290,16
2006-03-01,AM,etanol,83.4000,41
2006-03-01,AM,gasolina,274.4090,103
2006-03-01,AP,gasolina,25.1300,9
2006-03-01,BA,etanol,381.4590,201
2006-03-01,BA,gasolina,601.6170,226
2006-03-01,CE,etanol,96.5880,50
2006-03-01,CE,gasolina,178.2110,67
2006-03-01,DF,etanol,134.5580,65
2006-03-01,DF,gasolina,171.0280,65
2006-03-01,ES,etanol,48.5120,25
2006-03-01,ES,gasolina,63.4830,24
2006-03-01,GO,etanol,222.3140,113
2006-03-01,GO,gasolina,305.9170,120
2006-03-01,MA,etanol,47.1780,23
2006-03-01,MA,gasolina,91.3290,34
2006-03-01,MG,etanol,504.7960,249
2006-03-01,MG,gasolina,659.5780,261
2006-03-01,MS,etanol,265.7040,129
2006-03-01,MS,gasolina,354.5430,128
2006-03-01,MT,etanol,108.2500,54
2006-03-01,MT,gasolina,154.5300,53
2006-03-01,PA,etanol,77.2980,33
2006-03-01,PA,gasolina,266.6650,94
2006-03-01,PB,etanol,236.4320,129
2006-03-01,PB,gasolina,377.9150,146
2006-03-01,PE,etanol,7.0470,4
2006-03-01,PE,gasolina,10.4600,4
2006-03-01,PI,etanol,19.1200,9
2006-03-01,PI,gasolina,23.7000,9
2006-03-01,PR,etanol,476.5620,250
2006-03-01,PR,gasolina,636.6130,252
2006-03-01,RJ,etanol,272.8410,138
2006-03-01,RJ,gasolina,384.4490,151
2006-03-01,RN,etanol,52.2190,29
2006-03-01,RN,gasolina,79.7020,32
2006-03-01,RO,etanol,41.1290,19
2006-03-01,RO,gasolina,56.7620,20
2006-03-01,RR,etanol,4.0500,2
2006-03-01,RR,gasolina,42.0770,15
2006-03-01,RS,etanol,331.2800,141
2006-03-01,RS,gasolina,433.4560,160
2006-03-01,SC,etanol,138.3650,71
2006-03-01,SC,gasolina,184.8740,71
2006-03-01,SE,etanol,51.8800,26
2006-03-01,SE,gasolina,76.4160,30
2006-03-01,SP,etanol,582.2360,350
2006-03-01,SP,gasolina,851.0850,349
2006-03-02,AC,etanol,76.7600,35
2006-03-02,AC,gasolina,121.4500,42
2006-03-02,AL,etanol,205.0370,113
2006-03-02,AL,gasolina,308.5670,114
2006-03-02,AM,etanol,153.8000,75
2006-03-02,AM,gasolina,247.3320,97
2006-03-02,AP,etanol,18.9980,9
2006-03-02,AP,gasolina,105.0070,41
2006-03-02,BA,etanol,229.2300,122
2006-03-02,BA,gasolina,348.8360,132
2006-03-02,CE,etanol,354.4670,190
2006-03-02,CE,gasolina,583.0770,218
2006-03-02,ES,etanol,433.3360,213
2006-03-02,ES,gasolina,568.1510,218
2006-03-02,GO,etanol,479.6200,241
2006-03-02,GO,gasolina,623.0460,242
2006-03-02,MA,etanol,136.4320,68
2006-03-02,MA,gasolina,326.6440,123
2006-03-02,MG,etanol,1467.1310,715
2006-03-02,MG,gasolina,1871.0630,737
2006-03-02,MS,etanol,52.3310,25
2006-03-02,MS,gasolina,70.1970,25
2006-03-02,MT,etanol,287.5920,141
2006-03-02,MT,gasolina,407.3380,139
2006-03-02,PA,etanol,170.6640,73
2006-03-02,PA,gasolina,347.7770,130
2006-03-02,PB,etanol,36.8700,20
2006-03-02,PB,gasolina,51.7500,20
2006-03-02,PE,etanol,87.1670,45
2006-03-02,PE,gasolina,126.5360,46
2006-03-02,PI,etanol,196.2200,90
2006-03-02,PI,gasolina,280.2200,105
2006-03-02,PR,etanol,567.4110,290
2006-03-02,PR,gasolina,746.3440,291
2006-03-02,RJ,etanol,1360.6510,667
2006-03-02,RJ,gasolina,1835.0130,701
2006-03-02,RN,etanol,188.3630,104
2006-03-02,RN,gasolina,287.1070,114
2006-03-02,RO,etanol,71.8000,34
2006-03-02,RO,gasolina,116.1580,43
2006-03-02,RR,etanol,24.0000,11
2006-03-02,RR,gasolina,106.0300,37
2006-03-02,RS,etanol,746.0960,315
2006-03-02,RS,gasolina,1042.0690,379
2006-03-02,SC,etanol,434.8280,225
2006-03-02,SC,gasolina,579.5680,225
2006-03-02,SE,etanol,106.8340,54
2006-03-02,SE,gasolina,164.2610,65
2006-03-02,SP,etanol,1788.7620,1046
2006-03-02,SP,gasolina,2584.7260,1056
2006-03-02,TO,etanol,158.9750,76
2006-03-02,TO,gasolina,205.1160,76
2006-03-03,AC,etanol,9.1700,4
2006-03-03,AC,gasolina,36.4230,12
2006-03-03,AM,etanol,10.3600,5
2006-03-03,AM,gasolina,41.0680,16
2006-03-03,ES,etanol,1.8500,1
2006-03-03,ES,gasolina,2.5700,1
2006-03-03,MG,etanol,550.8080,267
2006-03-03,MG,gasolina,683.1910,275
2006-03-03,PE,etanol,32.8400,19
2006-03-03,PE,gasolina,47.3400,19
2006-03-03,PR,etanol,169.8160,84
2006-03-03,PR,gasolina,227.1640,88
2006-03-03,RJ,etanol,109.6960,55
2006-03-03,RJ,gasolina,154.9800,59
2006-03-03,RO,etanol,75.4300,35
2006-03-03,RO,gasolina,114.9130,41
2006-03-03,RS,etanol,257.9990,106
2006-03-03,RS,gasolina,360.8090,127
2006-03-03,SC,etanol,158.7280,78
2006-03-03,SC,gasolina,228.0010,88
2006-03-03,SP,etanol,1289.9400,730
2006-03-03,SP,gasolina,1829.5260,733
2006-03-06,AL,etanol,10.2200,5
2006-03-06,AL,gasolina,16.8500,6
2006-03-06,AM,etanol,106.3600,52
2006-03-06,AM,gasolina,320.2290,121
2006-03-06,AP,gasolina,8.2600,3
2006-03-06,BA,etanol,63.0720,34
2006-03-06,BA,gasolina,95.9450,36
2006-03-06,CE,etanol,124.6680,64
2006-03-06,CE,gasolina,194.3230,69
2006-03-06,DF,etanol,212.2160,99
2006-03-06,DF,gasolina,264.7830,99
2006-03-06,ES,etanol,101.8590,47
2006-03-06,ES,gasolina,132.0290,50
2006-03-06,MA,etanol,33.7780,16
2006-03-06,MA,gasolina,57.2790,21
2006-03-06,MG,etanol,641.5160,299
2006-03-06,MG,gasolina,810.0390,310
2006-03-06,MS,etanol,49.7040,23
2006-03-06,MS,gasolina,63.6560,23
2006-03-06,MT,etanol,4.8500,2
2006-03-06,MT,gasolina,9.6300,3
2006-03-06,PA,etanol,14.6820,6
2006-03-06,PA,gasolina,44.2480,15
2006-03-06,PB,etanol,105.4950,57
2006-03-06,PB,gasolina,151.1290,58
2006-03-06,PE,etanol,412.4660,229
2006-03-06,PE,gasolina,667.1240,256
2006-03-06,PI,etanol,11.3500,5
2006-03-06,PI,gasolina,16.4100,6
2006-03-06,PR,etanol,517.7410,253
2006-03-06,PR,gasolina,659.2900,252
2006-03-06,RJ,etanol,187.8950,88
2006-03-06,RJ,gasolina,244.4460,93
2006-03-06,RN,etanol,14.6070,8
2006-03-06,RN,gasolina,19.8180,8
2006-03-06,RR,etanol,4.0500,2
2006-03-06,RR,gasolina,5.0700,2
2006-03-06,RS,etanol,257.6580,105
2006-03-06,RS,gasolina,315.1920,115
2006-03-06,SC,etanol,129.5910,60
2006-03-06,SC,gasolina,162.2000,60
2006-03-06,SP,etanol,285.8500,159
2006-03-06,SP,gasolina,399.1550,158
2006-03-07,AC,etanol,11.8600,5
2006-03-07,AC,gasolina,14.8600,5
2006-03-07,AL,etanol,28.3690,15
2006-03-07,AL,gasolina,40.5980,15
2006-03-07,AM,etanol,135.9800,66
2006-03-07,AM,gasolina,233.1160,91
2006-03-07,AP,etanol,21.6380,10
2006-03-07,AP,gasolina,115.5900,45
2006-03-07,BA,etanol,396.3430,207
2006-03-07,BA,gasolina,649.1610,242
2006-03-07,CE,etanol,165.2560,87
2006-03-07,CE,gasolina,262.4750,97
2006-03-07,DF,etanol,75.2030,35
2006-03-07,DF,gasolina,93.2110,35
2006-03-07,ES,etanol,160.5190,74
2006-03-07,ES,gasolina,202.0570,75
2006-03-07,GO,etanol,489.3650,216
2006-03-07,GO,gasolina,603.1310,225
2006-03-07,MA,etanol,109.0440,53
2006-03-07,MA,gasolina,276.7720,103
2006-03-07,MG,etanol,1121.7510,519
2006-03-07,MG,gasolina,1384.3210,541
2006-03-07,MS,etanol,217.6800,100
2006-03-07,MS,gasolina,287.4990,102
2006-03-07,MT,etanol,153.3970,66
2006-03-07,MT,gasolina,199.3370,66
2006-03-07,PA,etanol,111.8320,45
2006-03-07,PA,gasolina,339.2650,118
2006-03-07,PB,etanol,135.3540,72
2006-03-07,PB,gasolina,224.3040,85
2006-03-07,PE,etanol,353.4800,191
2006-03-07,PE,gasolina,528.9670,199
2006-03-07,PI,etanol,116.8100,55
2006-03-07,PI,gasolina,182.5500,69
2006-03-07,PR,etanol,606.3760,294
2006-03-07,PR,gasolina,784.0400,299
2006-03-07,RJ,etanol,547.4690,259
2006-03-07,RJ,gasolina,735.7110,279
2006-03-07,RN,etanol,113.9780,61
2006-03-07,RN,gasolina,187.3030,72
2006-03-07,RO,etanol,56.9790,25
2006-03-07,RO,gasolina,91.1600,32
2006-03-07,RR,etanol,23.1500,11
2006-03-07,RR,gasolina,114.4700,40
2006-03-07,RS,etanol,410.2570,161
2006-03-07,RS,gasolina,507.3690,181
2006-03-07,SC,etanol,228.2200,108
2006-03-07,SC,gasolina,291.8790,109
2006-03-07,SP,etanol,1421.8870,776
2006-03-07,SP,gasolina,1993.0960,777
2006-03-08,AC,etanol,79.0900,34
2006-03-08,AC,gasolina,116.1700,40
2006-03-08,AL,etanol,196.8900,105
2006-03-08,AL,gasolina,300.3300,108
2006-03-08,AM,etanol,4.0600,2
2006-03-08,AM,gasolina,7.6500,3
2006-03-08,AP,gasolina,11.6000,4
2006-03-08,BA,etanol,386.2530,195
2006-03-08,BA,gasolina,602.0510,218
2006-03-08,CE,etanol,202.5140,106
2006-03-08,CE,gasolina,369.1780,136
2006-03-08,DF,etanol,10.5770,5
2006-03-08,DF,gasolina,13.0170,5
2006-03-08,ES,etanol,311.6860,145
2006-03-08,ES,gasolina,393.0080,147
2006-03-08,GO,etanol,336.1620,156
2006-03-08,GO,gasolina,402.4730,155
2006-03-08,MA,etanol,44.0330,21
2006-03-08,MA,gasolina,93.0280,35
2006-03-08,MG,etanol,1047.6580,489
2006-03-08,MG,gasolina,1265.9500,497
2006-03-08,MS,etanol,126.3230,58
2006-03-08,MS,gasolina,165.0590,59
2006-03-08,MT,etanol,101.7540,44
2006-03-08,MT,gasolina,135.1170,45
2006-03-08,PA,etanol,129.1540,54
2006-03-08,PA,gasolina,255.9900,97
2006-03-08,PB,etanol,60.0500,33
2006-03-08,PB,gasolina,95.1740,37
2006-03-08,PI,etanol,85.6100,38
2006-03-08,PI,gasolina,109.0200,40
2006-03-08,PR,etanol,424.9510,207
2006-03-08,PR,gasolina,544.5630,210
2006-03-08,RJ,etanol,1058.5250,498
2006-03-08,RJ,gasolina,1382.5030,524
2006-03-08,RN,etanol,116.7210,63
2006-03-08,RN,gasolina,173.0600,65
2006-03-08,RO,etanol,95.7170,43
2006-03-08,RO,gasolina,132.6290,46
2006-03-08,RR,etanol,6.2000,3
2006-03-08,RR,gasolina,37.2770,13
2006-03-08,RS,etanol,798.4810,317
2006-03-08,RS,gasolina,1078.9270,382
2006-03-08,SC,etanol,419.3520,203
2006-03-08,SC,gasolina,550.6520,210
2006-03-08,SE,etanol,107.5770,52
2006-03-08,SE,gasolina,167.5350,65
2006-03-08,SP,etanol,2705.7080,1511
2006-03-08,SP,gasolina,3799.2340,1518
2006-03-08,TO,etanol,150.5350,70
2006-03-08,TO,gasolina,195.7770,72
2006-03-09,AC,etanol,2.6500,1
2006-03-09,AC,gasolina,34.4300,11
2006-03-09,BA,etanol,9.2440,5
2006-03-09,BA,gasolina,13.2620,5
2006-03-09,ES,etanol,56.4250,26
2006-03-09,ES,gasolina,68.6350,26
2006-03-09,MG,etanol,126.2470,57
2006-03-09,MG,gasolina,164.4240,63
2006-03-09,MT,etanol,207.4790,86
2006-03-09,MT,gasolina,260.7700,86
2006-03-09,PA,etanol,12.4980,5
2006-03-09,PA,gasolina,17.1480,6
2006-03-09,PR,etanol,72.5650,36
2006-03-09,PR,gasolina,97.5000,37
2006-03-09,RJ,etanol,97.3150,44
2006-03-09,RJ,gasolina,126.6430,46
2006-03-09,RO,etanol,18.7600,8
2006-03-09,RO,gasolina,26.4800,10
2006-03-09,RS,etanol,212.1510,86
2006-03-09,RS,gasolina,302.2930,108
2006-03-09,SC,etanol,265.1360,134
2006-03-09,SC,gasolina,370.6200,141
2006-03-09,SE,etanol,47.0200,23
2006-03-09,SE,gasolina,74.6880,29
2006-03-09,SP,etanol,1151.6520,643
2006-03-09,SP,gasolina,1614.5200,644
2006-03-09,TO,etanol,8.9300,4
2006-03-09,TO,gasolina,11.4100,4
2006-03-13,AC,etanol,7.4600,3
2006-03-13,AC,gasolina,8.9600,3
2006-03-13,AL,etanol,10.2200,5
2006-03-13,AL,gasolina,16.8500,6
2006-03-13,AM,etanol,96.0800,47
2006-03-13,AM,gasolina,287.7900,109
2006-03-13,AP,gasolina,8.5900,3
2006-03-13,BA,etanol,99.5540,50
2006-03-13,BA,gasolina,161.8390,58
2006-03-13,CE,etanol,169.0010,86
2006-03-13,CE,gasolina,297.1450,108
2006-03-13,DF,etanol,221.3590,103
2006-03-13,DF,gasolina,274.7050,104
2006-03-13,ES,etanol,74.3200,34
2006-03-13,ES,gasolina,92.5900,34
2006-03-13,GO,etanol,27.8590,12
2006-03-13,GO,gasolina,37.8870,14
2006-03-13,MA,etanol,54.6400,25
2006-03-13,MA,gasolina,88.0500,32
2006-03-13,MG,etanol,804.8460,368
2006-03-13,MG,gasolina,1008.3690,386
2006-03-13,MS,etanol,47.5760,22
2006-03-13,MS,gasolina,61.0460,22
2006-03-13,MT,etanol,1.9200,1
2006-03-13,MT,gasolina,2.9590,1
2006-03-13,PA,etanol,97.8990,39
2006-03-13,PA,gasolina,292.3690,102
2006-03-13,PB,etanol,147.0970,80
2006-03-13,PB,gasolina,238.0000,92
2006-03-13,PE,etanol,303.5070,161
2006-03-13,PE,gasolina,465.5380,172
2006-03-13,PI,etanol,32.1200,15
2006-03-13,PI,gasolina,50.3790,19
2006-03-13,PR,etanol,533.8500,263
2006-03-13,PR,gasolina,682.9830,262
2006-03-13,RJ,etanol,249.1600,117
2006-03-13,RJ,gasolina,315.4330,122
2006-03-13,RN,etanol,89.3570,47
2006-03-13,RN,gasolina,141.5330,54
2006-03-13,RR,etanol,31.8400,15
2006-03-13,RR,gasolina,133.9080,47
2006-03-13,RS,etanol,235.0800,92
2006-03-13,RS,gasolina,270.4100,98
2006-03-13,SC,etanol,152.9520,71
2006-03-13,SC,gasolina,194.2530,72
2006-03-13,SE,etanol,1.9390,1
2006-03-13,SE,gasolina,2.5000,1
2006-03-13,SP,etanol,944.7920,514
2006-03-13,SP,gasolina,1312.6660,514
2006-03-14,AC,etanol,71.6800,30
2006-03-14,AC,gasolina,86.2400,30
2006-03-14,AL,etanol,29.2980,15
2006-03-14,AL,gasolina,40.9480,15
2006-03-14,AM,etanol,119.5500,58
2006-03-14,AM,gasolina,202.7260,79
2006-03-14,AP,etanol,16.2100,7
2006-03-14,AP,gasolina,112.2600,43
2006-03-14,BA,etanol,348.0240,183
2006-03-14,BA,gasolina,570.4170,214
2006-03-14,CE,etanol,302.0130,159
2006-03-14,CE,gasolina,485.4540,175
2006-03-14,DF,etanol,44.6480,21
2006-03-14,DF,gasolina,52.0960,21
2006-03-14,ES,etanol,429.6160,198
2006-03-14,ES,gasolina,534.6020,202
2006-03-14,GO,etanol,462.2900,207
2006-03-14,GO,gasolina,556.3920,211
2006-03-14,MA,etanol,111.3020,52
2006-03-14,MA,gasolina,289.7580,108
2006-03-14,MG,etanol,882.4670,403
2006-03-14,MG,gasolina,1073.0020,414
2006-03-14,MS,etanol,349.7830,158
2006-03-14,MS,gasolina,444.0000,158
2006-03-14,MT,etanol,186.5070,79
2006-03-14,MT,gasolina,254.6170,84
2006-03-14,PA,etanol,128.6210,53
2006-03-14,PA,gasolina,232.8520,86
2006-03-14,PB,etanol,98.2910,52
2006-03-14,PB,gasolina,143.7190,55
2006-03-14,PE,etanol,401.0710,218
2006-03-14,PE,gasolina,627.8670,235
2006-03-14,PI,etanol,62.2400,29
2006-03-14,PI,gasolina,89.6900,34
2006-03-14,PR,etanol,558.2360,273
2006-03-14,PR,gasolina,703.3560,271
2006-03-14,RJ,etanol,858.2220,394
2006-03-14,RJ,gasolina,1094.9390,414
2006-03-14,RN,etanol,53.0170,29
2006-03-14,RN,gasolina,86.8980,34
2006-03-14,RO,etanol,98.7800,42
2006-03-14,RO,gasolina,143.6690,49
2006-03-14,RR,gasolina,25.6700,9
2006-03-14,RS,etanol,411.5140,162
2006-03-14,RS,gasolina,528.7650,190
2006-03-14,SC,etanol,297.8970,141
2006-03-14,SC,gasolina,374.8850,140
2006-03-14,SE,etanol,8.8600,4
2006-03-14,SE,gasolina,10.4860,4
2006-03-14,SP,etanol,1936.6870,1065
2006-03-14,SP,gasolina,2696.6050,1067
2006-03-15,AC,etanol,12.4000,5
2006-03-15,AC,gasolina,64.7400,21
2006-03-15,AL,etanol,195.8670,103
2006-03-15,AL,gasolina,298.0430,106
2006-03-15,AM,etanol,33.0700,16
2006-03-15,AM,gasolina,69.1290,27
2006-03-15,AP,gasolina,11.6000,4
2006-03-15,BA,etanol,425.9730,217
2006-03-15,BA,gasolina,652.9810,238
2006-03-15,CE,etanol,33.4800,16
2006-03-15,CE,gasolina,54.3700,19
2006-03-15,DF,etanol,2.1500,1
2006-03-15,DF,gasolina,2.4500,1
2006-03-15,ES,etanol,144.3710,65
2006-03-15,ES,gasolina,179.2160,66
2006-03-15,GO,etanol,344.1960,156
2006-03-15,GO,gasolina,407.6500,158
2006-03-15,MA,etanol,59.2550,29
2006-03-15,MA,gasolina,145.5260,55
2006-03-15,MG,etanol,1208.1070,558
2006-03-15,MG,gasolina,1439.6040,572
2006-03-15,MT,etanol,17.0900,7
2006-03-15,MT,gasolina,21.3500,7
2006-03-15,PA,etanol,52.3180,21
2006-03-15,PA,gasolina,120.6270,44
2006-03-15,PB,etanol,51.6870,28
2006-03-15,PB,gasolina,80.9260,31
2006-03-15,PE,etanol,45.4990,24
2006-03-15,PE,gasolina,65.8600,24
2006-03-15,PI,etanol,128.1300,58
2006-03-15,PI,gasolina,166.3810,62
2006-03-15,PR,etanol,300.0270,145
2006-03-15,PR,gasolina,395.6970,151
2006-03-15,RJ,etanol,811.2770,376
2006-03-15,RJ,gasolina,1072.5150,403
2006-03-15,RN,etanol,116.5190,62
2006-03-15,RN,gasolina,173.7660,65
2006-03-15,RO,etanol,97.5770,45
2006-03-15,RO,gasolina,130.7360,48
2006-03-15,RS,etanol,680.0760,269
2006-03-15,RS,gasolina,918.9260,329
2006-03-15,SC,etanol,536.1170,258
2006-03-15,SC,gasolina,711.7570,269
2006-03-15,SE,etanol,144.3410,70
2006-03-15,SE,gasolina,229.1970,89
2006-03-15,SP,etanol,2523.2440,1403
2006-03-15,SP,gasolina,3530.0980,1411
2006-03-15,TO,etanol,165.2090,71
2006-03-15,TO,gasolina,203.3170,73
2006-03-16,AC,etanol,4.8200,2
2006-03-16,AC,gasolina,5.7600,2
2006-03-16,BA,etanol,4.0100,2
2006-03-16,BA,gasolina,5.5000,2
2006-03-16,DF,etanol,27.9090,13
2006-03-16,DF,gasolina,34.5390,13
2006-03-16,ES,etanol,2.1900,1
2006-03-16,ES,gasolina,2.7400,1
2006-03-16,MG,etanol,74.9470,34
2006-03-16,MG,gasolina,96.5040,36
2006-03-16,MT,etanol,272.9630,112
2006-03-16,MT,gasolina,342.9830,113
2006-03-16,PR,etanol,230.3910,110
2006-03-16,PR,gasolina,288.5330,111
2006-03-16,RJ,etanol,33.9860,15
2006-03-16,RJ,gasolina,46.4050,17
2006-03-16,RO,etanol,33.2600,15
2006-03-16,RO,gasolina,52.7200,20
2006-03-16,RS,etanol,359.8470,141
2006-03-16,RS,gasolina,472.2830,168
2006-03-16,SC,etanol,66.7140,31
2006-03-16,SC,gasolina,90.0880,33
2006-03-16,SP,etanol,495.0680,275
2006-03-16,SP,gasolina,703.7360,280
2006-03-20,AC,etanol,10.8600,4
2006-03-20,AC,gasolina,15.2600,5
2006-03-20,AL,etanol,10.2000,5
2006-03-20,AL,gasolina,16.8400,6
2006-03-20,AM,etanol,98.5080,45
2006-03-20,AM,gasolina,256.9190,98
2006-03-20,AP,gasolina,5.6900,2
2006-03-20,BA,etanol,164.6020,86
2006-03-20,BA,gasolina,269.1210,99
2006-03-20,CE,etanol,112.5490,57
2006-03-20,CE,gasolina,179.8020,64
2006-03-20,DF,etanol,131.0220,59
2006-03-20,DF,gasolina,145.7690,59
2006-03-20,ES,etanol,77.2290,35
2006-03-20,ES,gasolina,92.0890,34
2006-03-20,GO,etanol,129.0020,58
2006-03-20,GO,gasolina,153.2580,60
2006-03-20,MA,etanol,72.8590,33
2006-03-20,MA,gasolina,157.4330,57
2006-03-20,MG,etanol,897.5880,407
2006-03-20,MG,gasolina,1114.3920,428
2006-03-20,MS,etanol,6.6350,3
2006-03-20,MS,gasolina,8.3460,3
2006-03-20,PA,etanol,146.4410,59
2006-03-20,PA,gasolina,323.4100,115
2006-03-20,PB,etanol,36.6090,20
2006-03-20,PB,gasolina,69.3740,27
2006-03-20,PE,etanol,450.9650,236
2006-03-20,PE,gasolina,669.0560,247
2006-03-20,PI,etanol,21.3800,10
2006-03-20,PI,gasolina,28.7200,11
2006-03-20,PR,etanol,569.2090,282
2006-03-20,PR,gasolina,726.6110,282
2006-03-20,RJ,etanol,229.2980,106
2006-03-20,RJ,gasolina,288.1030,110
2006-03-20,RN,etanol,78.0470,41
2006-03-20,RN,gasolina,123.4730,47
2006-03-20,RR,etanol,34.4800,15
2006-03-20,RR,gasolina,122.5800,43
2006-03-20,RS,etanol,281.9680,111
2006-03-20,RS,gasolina,328.0990,121
2006-03-20,SC,etanol,78.2690,36
2006-03-20,SC,gasolina,98.8910,36
2006-03-20,SP,etanol,948.7830,525
2006-03-20,SP,gasolina,1325.8350,526
2006-03-21,AC,etanol,2.3900,1
2006-03-21,AC,gasolina,2.8800,1
2006-03-21,AL,etanol,134.8690,70
2006-03-21,AL,gasolina,200.1500,71
2006-03-21,AM,etanol,153.9290,68
2006-03-21,AM,gasolina,287.5250,109
2006-03-21,AP,etanol,15.8800,7
2006-03-21,AP,gasolina,116.8260,45
2006-03-21,BA,etanol,201.0360,105
2006-03-21,BA,gasolina,320.0190,119
2006-03-21,CE,etanol,343.6900,179
2006-03-21,CE,gasolina,568.3090,206
2006-03-21,DF,etanol,77.1780,35
2006-03-21,DF,gasolina,85.8840,35
2006-03-21,ES,etanol,176.4860,80
2006-03-21,ES,gasolina,218.1690,81
2006-03-21,GO,etanol,345.0670,152
2006-03-21,GO,gasolina,408.7290,158
2006-03-21,MA,etanol,134.5800,62
2006-03-21,MA,gasolina,307.9700,110
2006-03-21,MG,etanol,889.4980,399
2006-03-21,MG,gasolina,1051.8340,408
2006-03-21,MS,etanol,82.6410,37
2006-03-21,MS,gasolina,104.6760,37
2006-03-21,MT,etanol,38.4200,16
2006-03-21,MT,gasolina,51.4900,17
2006-03-21,PA,etanol,93.0650,38
2006-03-21,PA,gasolina,221.4840,80
2006-03-21,PB,etanol,115.8760,62
2006-03-21,PB,gasolina,179.0350,69
2006-03-21,PE,etanol,344.9540,178
2006-03-21,PE,gasolina,506.0590,186
2006-03-21,PI,etanol,94.9400,44
2006-03-21,PI,gasolina,123.4000,47
2006-03-21,PR,etanol,535.7330,264
2006-03-21,PR,gasolina,686.7130,266
2006-03-21,RJ,etanol,765.2310,350
2006-03-21,RJ,gasolina,987.0710,374
2006-03-21,RN,etanol,53.2570,29
2006-03-21,RN,gasolina,87.0580,34
2006-03-21,RO,etanol,93.6980,42
2006-03-21,RO,gasolina,153.9780,54
2006-03-21,RR,gasolina,37.0830,13
2006-03-21,RS,etanol,485.6810,188
2006-03-21,RS,gasolina,562.6730,203
2006-03-21,SC,etanol,461.4100,216
2006-03-21,SC,gasolina,572.3060,217
2006-03-21,SP,etanol,1209.2410,668
2006-03-21,SP,gasolina,1700.6530,669
2006-03-21,TO,etanol,22.2700,10
2006-03-21,TO,gasolina,30.2700,11
2006-03-22,AC,etanol,82.8000,34
2006-03-22,AC,gasolina,145.6300,49
2006-03-22,AL,etanol,92.3320,48
2006-03-22,AL,gasolina,141.7030,51
2006-03-22,AM,etanol,6.9400,3
2006-03-22,AM,gasolina,20.9300,8
2006-03-22,AP,gasolina,11.6000,4
2006-03-22,BA,etanol,494.2540,251
2006-03-22,BA,gasolina,776.8050,285
2006-03-22,CE,etanol,51.3410,26
2006-03-22,CE,gasolina,91.8700,33
2006-03-22,DF,etanol,2.1500,1
2006-03-22,DF,gasolina,2.6900,1
2006-03-22,ES,etanol,317.8630,144
2006-03-22,ES,gasolina,399.2430,150
2006-03-22,GO,etanol,335.3760,145
2006-03-22,GO,gasolina,388.6910,147
2006-03-22,MA,etanol,39.5600,18
2006-03-22,MA,gasolina,71.1170,26
2006-03-22,MG,etanol,1121.5460,508
2006-03-22,MG,gasolina,1320.5840,520
2006-03-22,MS,etanol,287.8910,129
2006-03-22,MS,gasolina,369.5900,132
2006-03-22,MT,etanol,289.6630,120
2006-03-22,MT,gasolina,375.3080,124
2006-03-22,PA,etanol,35.5220,14
2006-03-22,PA,gasolina,92.8800,34
2006-03-22,PB,etanol,142.6880,76
2006-03-22,PB,gasolina,210.7190,81
2006-03-22,PE,etanol,2.2000,1
2006-03-22,PE,gasolina,2.5600,1
2006-03-22,PI,etanol,111.3490,50
2006-03-22,PI,gasolina,149.2800,56
2006-03-22,PR,etanol,343.3650,165
2006-03-22,PR,gasolina,439.3380,170
2006-03-22,RJ,etanol,941.8050,437
2006-03-22,RJ,gasolina,1224.4600,462
2006-03-22,RN,etanol,131.0680,70
2006-03-22,RN,gasolina,191.6720,72
2006-03-22,RO,etanol,123.4290,55
2006-03-22,RO,gasolina,172.7200,63
2006-03-22,RS,etanol,585.2780,228
2006-03-22,RS,gasolina,827.8430,297
2006-03-22,SC,etanol,366.3210,173
2006-03-22,SC,gasolina,473.5500,177
2006-03-22,SE,etanol,46.7200,22
2006-03-22,SE,gasolina,65.6160,25
2006-03-22,SP,etanol,2653.9750,1468
2006-03-22,SP,gasolina,3707.6020,1479
2006-03-22,TO,etanol,145.7300,62
2006-03-22,TO,gasolina,176.0700,63
2006-03-23,AC,gasolina,3.1400,1
2006-03-23,MG,etanol,108.7280,48
2006-03-23,MG,gasolina,125.9480,48
2006-03-23,MT,etanol,148.6020,61
2006-03-23,MT,gasolina,188.0730,62
2006-03-23,PR,etanol,149.5860,72
2006-03-23,PR,gasolina,191.9770,73
2006-03-23,RJ,etanol,11.4470,5
2006-03-23,RJ,gasolina,16.5000,6
2006-03-23,RS,etanol,407.1450,161
2006-03-23,RS,gasolina,488.0430,179
2006-03-23,SC,etanol,183.0140,85
2006-03-23,SC,gasolina,233.5460,86
2006-03-23,SE,etanol,117.4790,57
2006-03-23,SE,gasolina,177.5900,69
2006-03-23,SP,etanol,1133.9000,627
2006-03-23,SP,gasolina,1580.3250,630
2006-03-27,AM,etanol,130.6980,57
2006-03-27,AM,gasolina,333.7250,125
2006-03-27,AP,gasolina,13.7700,5
2006-03-27,BA,etanol,79.2440,42
2006-03-27,BA,gasolina,141.0420,53
2006-03-27,CE,etanol,29.2070,15
2006-03-27,CE,gasolina,41.4070,15
2006-03-27,DF,etanol,82.4170,37
2006-03-27,DF,gasolina,91.3330,37
2006-03-27,ES,etanol,48.6100,22
2006-03-27,ES,gasolina,55.7300,21
2006-03-27,GO,etanol,193.0730,85
2006-03-27,GO,gasolina,225.2670,88
2006-03-27,MA,etanol,2.1500,1
2006-03-27,MA,gasolina,2.8000,1
2006-03-27,MG,etanol,728.9120,324
2006-03-27,MG,gasolina,879.9390,337
2006-03-27,MS,etanol,44.4970,20
2006-03-27,MS,gasolina,54.5650,20
2006-03-27,PA,etanol,88.0220,35
2006-03-27,PA,gasolina,198.3340,69
2006-03-27,PB,etanol,52.3370,28
2006-03-27,PB,gasolina,90.5110,35
2006-03-27,PE,etanol,368.7260,191
2006-03-27,PE,gasolina,508.9540,196
2006-03-27,PI,etanol,21.3000,10
2006-03-27,PI,gasolina,25.8600,10
2006-03-27,PR,etanol,668.9350,328
2006-03-27,PR,gasolina,850.5470,328
2006-03-27,RJ,etanol,115.4950,54
2006-03-27,RJ,gasolina,143.1630,55
2006-03-27,RR,etanol,40.9200,17
2006-03-27,RR,gasolina,122.6400,43
2006-03-27,RS,etanol,165.0940,64
2006-03-27,RS,gasolina,176.4910,65
2006-03-27,SC,etanol,108.0070,50
2006-03-27,SC,gasolina,135.6790,50
2006-03-27,SE,etanol,2.0300,1
2006-03-27,SE,gasolina,5.2000,2
2006-03-27,SP,etanol,643.5520,357
2006-03-27,SP,gasolina,889.0290,356
2006-03-28,AC,etanol,11.1610,4
2006-03-28,AC,gasolina,15.2600,5
2006-03-28,AL,etanol,39.7960,20
2006-03-28,AL,gasolina,60.6760,22
2006-03-28,AM,etanol,125.0890,54
2006-03-28,AM,gasolina,196.0040,75
2006-03-28,AP,etanol,4.4000,2
2006-03-28,AP,gasolina,106.6900,40
2006-03-28,BA,etanol,167.4700,83
2006-03-28,BA,gasolina,250.5690,90
2006-03-28,CE,etanol,458.0360,236
2006-03-28,CE,gasolina,762.3770,275
2006-03-28,DF,etanol,16.0190,7
2006-03-28,DF,gasolina,17.8190,7
2006-03-28,ES,etanol,234.2360,105
2006-03-28,ES,gasolina,296.1880,111
2006-03-28,GO,etanol,279.2560,122
2006-03-28,GO,gasolina,328.0150,128
2006-03-28,MA,etanol,224.1150,103
2006-03-28,MA,gasolina,491.8250,177
2006-03-28,MG,etanol,1185.9270,532
2006-03-28,MG,gasolina,1412.8010,553
2006-03-28,MS,etanol,151.4000,67
2006-03-28,MS,gasolina,194.4620,69
2006-03-28,MT,etanol,105.2980,43
2006-03-28,MT,gasolina,135.6080,44
2006-03-28,PA,etanol,79.9320,32
2006-03-28,PA,gasolina,239.8070,85
2006-03-28,PB,etanol,100.3770,54
2006-03-28,PB,gasolina,152.8680,60
2006-03-28,PE,etanol,406.3040,209
2006-03-28,PE,gasolina,596.4980,226
2006-03-28,PI,etanol,73.5900,34
2006-03-28,PI,gasolina,97.2700,37
2006-03-28,PR,etanol,585.4020,290
2006-03-28,PR,gasolina,747.0970,294
2006-03-28,RJ,etanol,265.8410,120
2006-03-28,RJ,gasolina,334.2670,126
2006-03-28,RN,etanol,109.0360,57
2006-03-28,RN,gasolina,170.8130,65
2006-03-28,RO,etanol,75.2460,33
2006-03-28,RO,gasolina,123.1790,43
2006-03-28,RR,gasolina,14.4400,5
2006-03-28,RS,etanol,627.5040,243
2006-03-28,RS,gasolina,762.9860,278
2006-03-28,SC,etanol,473.9190,221
2006-03-28,SC,gasolina,582.4520,218
2006-03-28,SP,etanol,2206.6820,1216
2006-03-28,SP,gasolina,3096.9040,1220
2006-03-28,TO,etanol,38.7300,17
2006-03-28,TO,gasolina,52.0200,19
2006-03-29,AC,etanol,82.7300,34
2006-03-29,AC,gasolina,151.6820,51
2006-03-29,AL,etanol,209.8270,106
2006-03-29,AL,gasolina,301.1260,107
2006-03-29,AM,etanol,18.1500,8
2006-03-29,AM,gasolina,39.2050,15
2006-03-29,BA,etanol,572.3960,293
2006-03-29,BA,gasolina,904.6140,336
2006-03-29,CE,etanol,23.2600,11
2006-03-29,CE,gasolina,37.0700,13
2006-03-29,DF,etanol,79.6800,35
2006-03-29,DF,gasolina,93.8620,36
2006-03-29,ES,etanol,154.5370,71
2006-03-29,ES,gasolina,190.7850,73
2006-03-29,GO,etanol,328.0530,142
2006-03-29,GO,gasolina,378.1720,144
2006-03-29,MA,etanol,29.0480,13
2006-03-29,MA,gasolina,46.5310,17
2006-03-29,MG,etanol,1012.5980,455
2006-03-29,MG,gasolina,1193.5910,468
2006-03-29,MS,etanol,205.0460,92
2006-03-29,MS,gasolina,258.6740,93
2006-03-29,MT,etanol,80.0490,34
2006-03-29,MT,gasolina,100.8180,34
2006-03-29,PA,etanol,82.4060,34
2006-03-29,PA,gasolina,161.1620,61
2006-03-29,PB,etanol,139.6510,75
2006-03-29,PB,gasolina,203.6800,81
2006-03-29,PE,etanol,12.8080,7
2006-03-29,PE,gasolina,25.1780,10
2006-03-29,PI,etanol,130.4090,59
2006-03-29,PI,gasolina,174.1300,66
2006-03-29,PR,etanol,232.5040,112
2006-03-29,PR,gasolina,312.3330,120
2006-03-29,RJ,etanol,1351.6210,622
2006-03-29,RJ,gasolina,1746.2580,662
2006-03-29,RN,etanol,155.8660,82
2006-03-29,RN,gasolina,234.7880,88
2006-03-29,RO,etanol,85.7120,38
2006-03-29,RO,gasolina,121.0630,44
2006-03-29,RS,etanol,671.3400,263
2006-03-29,RS,gasolina,868.3530,321
2006-03-29,SC,etanol,536.8550,251
2006-03-29,SC,gasolina,685.6540,256
2006-03-29,SE,etanol,161.4950,77
2006-03-29,SE,gasolina,240.4480,93
2006-03-29,SP,etanol,1957.8220,1094
2006-03-29,SP,gasolina,2723.9020,1092
2006-03-29,TO,etanol,123.9980,53
2006-03-29,TO,gasolina,153.9480,55
2006-03-30,AP,gasolina,11.8100,4
2006-03-30,BA,etanol,41.1290,22
2006-03-30,BA,gasolina,68.1470,26
2006-03-30,DF,etanol,125.5190,56
2006-03-30,DF,gasolina,142.3560,56
2006-03-30,ES,etanol,133.6570,59
2006-03-30,ES,gasolina,160.9080,59
2006-03-30,MG,etanol,120.2250,51
2006-03-30,MG,gasolina,137.1480,52
2006-03-30,MT,etanol,296.5810,123
2006-03-30,MT,gasolina,373.8540,124
2006-03-30,PR,etanol,118.5920,58
2006-03-30,PR,gasolina,150.1310,59
2006-03-30,RJ,etanol,202.9830,94
2006-03-30,RJ,gasolina,276.0270,103
2006-03-30,RO,etanol,63.8300,28
2006-03-30,RO,gasolina,95.7790,35
2006-03-30,RR,gasolina,22.6170,8
2006-03-30,RS,etanol,277.8380,108
2006-03-30,RS,gasolina,355.3810,127
2006-03-30,SP,etanol,984.6060,549
2006-03-30,SP,gasolina,1388.2190,552
2006-04-03,AC,etanol,11.1600,4
2006-04-03,AC,gasolina,15.4700,5
2006-04-03,AM,etanol,103.0800,45
2006-04-03,AM,gasolina,298.2390,111
2006-04-03,CE,etanol,205.9440,106
2006-04-03,CE,gasolina,327.1320,119
2006-04-03,DF,etanol,110.0760,47
2006-04-03,DF,gasolina,126.1430,47
2006-04-03,ES,etanol,111.1300,50
2006-04-03,ES,gasolina,136.2800,52
2006-04-03,GO,etanol,128.8290,59
2006-04-03,GO,gasolina,144.3770,60
2006-04-03,MA,etanol,17.6700,8
2006-04-03,MA,gasolina,30.6370,11
2006-04-03,MG,etanol,453.6860,200
2006-04-03,MG,gasolina,540.4170,207
2006-04-03,MS,etanol,35.3070,16
2006-04-03,MS,gasolina,43.2440,16
2006-04-03,MT,etanol,67.6090,28
2006-04-03,MT,gasolina,84.4990,28
2006-04-03,PA,etanol,64.9320,26
2006-04-03,PA,gasolina,162.0000,57
2006-04-03,PB,etanol,63.9780,33
2006-04-03,PB,gasolina,104.3410,40
2006-04-03,PE,etanol,260.3480,132
2006-04-03,PE,gasolina,352.9760,137
2006-04-03,PR,etanol,591.6320,295
2006-04-03,PR,gasolina,749.5950,294
2006-04-03,RJ,etanol,76.8710,36
2006-04-03,RJ,gasolina,97.1100,38
2006-04-03,RN,etanol,33.0590,17
2006-04-03,RN,gasolina,45.9190,18
2006-04-03,RR,etanol,30.9000,13
2006-04-03,RR,gasolina,102.9000,36
2006-04-03,RS,etanol,171.1550,67
2006-04-03,RS,gasolina,197.5600,72
2006-04-03,SC,etanol,139.6820,65
2006-04-03,SC,gasolina,178.4360,67
2006-04-03,SP,etanol,904.4040,504
2006-04-03,SP,gasolina,1283.0000,506
2006-04-04,AL,etanol,108.9580,54
2006-04-04,AL,gasolina,151.7470,55
2006-04-04,AM,etanol,121.8300,53
2006-04-04,AM,gasolina,194.3430,75
2006-04-04,AP,etanol,11.3000,5
2006-04-04,AP,gasolina,124.9500,46
2006-04-04,BA,etanol,131.2600,64
2006-04-04,BA,gasolina,200.2960,71
2006-04-04,CE,etanol,281.4870,143
2006-04-04,CE,gasolina,464.7820,167
2006-04-04,DF,etanol,46.6290,20
2006-04-04,DF,gasolina,59.0080,22
2006-04-04,ES,etanol,172.3890,76
2006-04-04,ES,gasolina,208.2470,77
2006-04-04,GO,etanol,314.8920,134
2006-04-04,GO,gasolina,371.9110,139
2006-04-04,MA,etanol,204.4370,94
2006-04-04,MA,gasolina,450.2530,162
2006-04-04,MG,etanol,1593.5240,715
2006-04-04,MG,gasolina,1872.7530,732
2006-04-04,MS,etanol,47.0660,21
2006-04-04,MS,gasolina,59.0210,21
2006-04-04,MT,etanol,72.7990,31
2006-04-04,MT,gasolina,85.9380,29
2006-04-04,PA,etanol,98.5280,39
2006-04-04,PA,gasolina,217.0880,75
2006-04-04,PB,etanol,90.2260,49
2006-04-04,PB,gasolina,143.7570,57
2006-04-04,PE,etanol,530.6110,276
2006-04-04,PE,gasolina,740.3950,292
2006-04-04,PI,etanol,47.8100,22
2006-04-04,PI,gasolina,81.9100,31
2006-04-04,PR,etanol,480.3690,241
2006-04-04,PR,gasolina,599.2960,240
2006-04-04,RJ,etanol,791.9640,362
2006-04-04,RJ,gasolina,997.2510,379
2006-04-04,RN,etanol,106.4670,54
2006-04-04,RN,gasolina,161.7180,62
2006-04-04,RO,etanol,137.3600,60
2006-04-04,RO,gasolina,195.5290,71
2006-04-04,RR,etanol,4.6700,2
2006-04-04,RR,gasolina,56.7370,20
2006-04-04,RS,etanol,387.4620,148
2006-04-04,RS,gasolina,479.9840,171
2006-04-04,SC,etanol,236.8050,110
2006-04-04,SC,gasolina,290.5550,110
2006-04-04,SP,etanol,1929.4860,1078
2006-04-04,SP,gasolina,2710.7670,1076
2006-04-04,TO,etanol,18.6400,8
2006-04-04,TO,gasolina,22.3000,8
2006-04-05,AC,etanol,68.0200,28
2006-04-05,AC,gasolina,83.3500,29
2006-04-05,AL,etanol,138.9640,69
2006-04-05,AL,gasolina,204.4650,72
2006-04-05,AM,etanol,46.6700,20
2006-04-05,AM,gasolina,75.6030,29
2006-04-05,BA,etanol,511.4050,259
2006-04-05,BA,gasolina,802.6470,296
2006-04-05,CE,etanol,17.2000,8
2006-04-05,CE,gasolina,23.3600,8
2006-04-05,DF,etanol,36.4440,16
2006-04-05,DF,gasolina,41.1820,16
2006-04-05,ES,etanol,177.0120,80
2006-04-05,ES,gasolina,213.2140,82
2006-04-05,GO,etanol,366.3490,160
2006-04-05,GO,gasolina,418.7650,163
2006-04-05,MA,etanol,24.4380,11
2006-04-05,MA,gasolina,54.7270,20
2006-04-05,MG,etanol,730.9730,329
2006-04-05,MG,gasolina,864.5440,345
2006-04-05,MS,etanol,280.0360,125
2006-04-05,MS,gasolina,352.8340,128
2006-04-05,MT,etanol,74.5780,31
2006-04-05,MT,gasolina,93.4980,31
2006-04-05,PA,etanol,128.4820,53
2006-04-05,PA,gasolina,258.3200,97
2006-04-05,PB,etanol,139.3710,75
2006-04-05,PB,gasolina,203.6610,81
2006-04-05,PI,etanol,168.5200,76
2006-04-05,PI,gasolina,202.9500,79
2006-04-05,PR,etanol,410.5170,199
2006-04-05,PR,gasolina,532.1710,206
2006-04-05,RJ,etanol,946.7900,438
2006-04-05,RJ,gasolina,1228.3250,464
2006-04-05,RN,etanol,128.3800,67
2006-04-05,RN,gasolina,186.4850,70
2006-04-05,RO,etanol,102.6070,45
2006-04-05,RO,gasolina,149.8930,53
2006-04-05,RS,etanol,712.4010,276
2006-04-05,RS,gasolina,957.6710,342
2006-04-05,SC,etanol,429.4790,200
2006-04-05,SC,gasolina,539.7480,201
2006-04-05,SE,etanol,149.9250,70
2006-04-05,SE,gasolina,216.3570,84
2006-04-05,SP,etanol,2523.5110,1423
2006-04-05,SP,gasolina,3574.1830,1429
2006-04-05,TO,etanol,140.2550,60
2006-04-05,TO,gasolina,174.8190,63
2006-04-06,AC,etanol,14.7800,6
2006-04-06,AC,gasolina,68.2300,22
2006-04-06,AP,etanol,4.4000,2
2006-04-06,AP,gasolina,11.8000,4
2006-04-06,BA,etanol,225.1830,119
2006-04-06,BA,gasolina,344.2310,131
2006-04-06,CE,etanol,5.9700,3
2006-04-06,CE,gasolina,11.2200,4
2006-04-06,DF,etanol,135.6280,59
2006-04-06,DF,gasolina,155.8890,59
2006-04-06,ES,etanol,107.3670,47
2006-04-06,ES,gasolina,129.9430,48
2006-04-06,GO,etanol,11.8600,5
2006-04-06,GO,gasolina,13.7680,5
2006-04-06,MG,etanol,281.1700,122
2006-04-06,MG,gasolina,334.8470,126
2006-04-06,MS,etanol,48.3790,21
2006-04-06,MS,gasolina,60.7150,21
2006-04-06,MT,etanol,274.1160,113
2006-04-06,MT,gasolina,346.3320,114
2006-04-06,PI,etanol,8.6200,4
2006-04-06,PI,gasolina,10.6500,4
2006-04-06,PR,etanol,114.9360,56
2006-04-06,PR,gasolina,151.9810,58
2006-04-06,RJ,etanol,137.9270,61
2006-04-06,RJ,gasolina,179.1320,65
2006-04-06,RS,etanol,429.2080,166
2006-04-06,RS,gasolina,511.0720,184
2006-04-06,SC,etanol,282.1100,132
2006-04-06,SC,gasolina,353.0190,131
2006-04-06,SE,etanol,12.5800,6
2006-04-06,SE,gasolina,18.6300,7
2006-04-06,SP,etanol,372.5750,208
2006-04-06,SP,gasolina,525.1170,208
2006-04-06,TO,etanol,4.8000,2
2006-04-06,TO,gasolina,8.4500,3
2006-04-10,AM,etanol,63.4990,28
2006-04-10,AM,gasolina,203.7590,77
2006-04-10,AP,gasolina,5.8000,2
2006-04-10,BA,etanol,5.9190,3
2006-04-10,BA,gasolina,8.0690,3
2006-04-10,CE,etanol,221.4840,111
2006-04-10,CE,gasolina,335.9390,121
2006-04-10,DF,etanol,241.8160,106
2006-04-10,DF,gasolina,282.0330,106
2006-04-10,ES,etanol,141.0990,62
2006-04-10,ES,gasolina,164.8180,62
2006-04-10,GO,etanol,112.4750,49
2006-04-10,GO,gasolina,137.8290,51
2006-04-10,MA,etanol,53.9790,25
2006-04-10,MA,gasolina,133.4730,49
2006-04-10,MG,etanol,446.2150,199
2006-04-10,MG,gasolina,542.2760,210
2006-04-10,MS,etanol,113.2490,50
2006-04-10,MS,gasolina,140.6310,51
2006-04-10,MT,etanol,18.8500,8
2006-04-10,MT,gasolina,23.7500,8
2006-04-10,PA,etanol,75.0330,30
2006-04-10,PA,gasolina,144.2250,50
2006-04-10,PB,etanol,75.6260,39
2006-04-10,PB,gasolina,115.0910,45
2006-04-10,PE,etanol,374.5100,186
2006-04-10,PE,gasolina,524.8320,194
2006-04-10,PI,etanol,45.6840,20
2006-04-10,PI,gasolina,52.9840,20
2006-04-10,PR,etanol,513.6950,259
2006-04-10,PR,gasolina,658.5670,260
2006-04-10,RJ,etanol,149.7620,69
2006-04-10,RJ,gasolina,191.6190,73
2006-04-10,RN,etanol,79.6050,40
2006-04-10,RN,gasolina,118.1510,45
2006-04-10,RO,etanol,21.1600,9
2006-04-10,RO,gasolina,27.3900,9
2006-04-10,RR,etanol,12.2000,5
2006-04-10,RR,gasolina,51.3900,18
2006-04-10,RS,etanol,69.6500,27
2006-04-10,RS,gasolina,82.8210,30
2006-04-10,SC,etanol,223.1970,102
2006-04-10,SC,gasolina,275.3090,103
2006-04-10,SP,etanol,752.2090,415
2006-04-10,SP,gasolina,1062.0280,414
2006-04-11,AC,etanol,13.6100,5
2006-04-11,AC,gasolina,18.3500,6
2006-04-11,AL,etanol,10.2000,5
2006-04-11,AL,gasolina,16.8400,6
2006-04-11,AM,etanol,171.7300,74
2006-04-11,AM,gasolina,286.8590,110
2006-04-11,AP,etanol,18.3100,8
2006-04-11,AP,gasolina,121.9600,45
2006-04-11,BA,etanol,106.1080,51
2006-04-11,BA,gasolina,168.8820,60
2006-04-11,CE,etanol,272.9120,137
2006-04-11,CE,gasolina,451.5390,164
2006-04-11,DF,etanol,57.3820,25
2006-04-11,DF,gasolina,66.8910,25
2006-04-11,ES,etanol,167.0110,72
2006-04-11,ES,gasolina,198.9080,74
2006-04-11,GO,etanol,330.6570,145
2006-04-11,GO,gasolina,404.4680,151
2006-04-11,MA,etanol,33.6300,15
2006-04-11,MA,gasolina,78.0670,28
2006-04-11,MG,etanol,1051.2940,473
2006-04-11,MG,gasolina,1239.2740,486
2006-04-11,MS,etanol,183.5660,82
2006-04-11,MS,gasolina,223.7090,82
2006-04-11,MT,etanol,22.8600,9
2006-04-11,MT,gasolina,32.3300,10
2006-04-11,PA,etanol,46.9600,19
2006-04-11,PA,gasolina,155.9290,54
2006-04-11,PB,etanol,36.8580,20
2006-04-11,PB,gasolina,51.1800,21
2006-04-11,PE,etanol,445.2390,226
2006-04-11,PE,gasolina,658.8100,238
2006-04-11,PI,etanol,64.4700,29
2006-04-11,PI,gasolina,98.0410,37
2006-04-11,PR,etanol,702.2020,358
2006-04-11,PR,gasolina,896.2170,357
2006-04-11,RJ,etanol,500.4150,228
2006-04-11,RJ,gasolina,643.8220,245
2006-04-11,RO,etanol,88.7460,39
2006-04-11,RO,gasolina,119.9490,43
2006-04-11,RR,etanol,35.1900,14
2006-04-11,RR,gasolina,95.9970,33
2006-04-11,RS,etanol,486.9340,188
2006-04-11,RS,gasolina,570.0200,205
2006-04-11,SC,etanol,233.8010,106
2006-04-11,SC,gasolina,279.3530,105
2006-04-11,SE,etanol,77.7120,36
2006-04-11,SE,gasolina,102.8540,40
2006-04-11,SP,etanol,1665.0350,947
2006-04-11,SP,gasolina,2380.4500,952
2006-04-12,AC,etanol,75.6400,31
2006-04-12,AC,gasolina,96.6900,33
2006-04-12,AL,etanol,244.7680,120
2006-04-12,AL,gasolina,341.8020,122
2006-04-12,AM,etanol,25.1800,11
2006-04-12,AM,gasolina,77.3550,28
2006-04-12,AP,etanol,2.1000,1
2006-04-12,AP,gasolina,2.6900,1
2006-04-12,BA,etanol,663.1630,337
2006-04-12,BA,gasolina,1049.6300,390
2006-04-12,CE,etanol,29.6600,14
2006-04-12,CE,gasolina,45.7200,16
2006-04-12,DF,etanol,18.3100,8
2006-04-12,DF,gasolina,21.4080,8
2006-04-12,ES,etanol,275.3870,120
2006-04-12,ES,gasolina,333.0730,126
2006-04-12,GO,etanol,372.5170,161
2006-04-12,GO,gasolina,441.9830,164
2006-04-12,MA,etanol,142.0770,65
2006-04-12,MA,gasolina,307.8920,110
2006-04-12,MG,etanol,1253.7480,553
2006-04-12,MG,gasolina,1467.6000,572
2006-04-12,MS,etanol,114.8880,50
2006-04-12,MS,gasolina,150.6500,53
2006-04-12,MT,etanol,373.4970,155
2006-04-12,MT,gasolina,461.7040,153
2006-04-12,PA,etanol,155.8150,63
2006-04-12,PA,gasolina,335.0810,125
2006-04-12,PB,etanol,183.1960,98
2006-04-12,PB,gasolina,278.0050,110
2006-04-12,PI,etanol,118.2100,51
2006-04-12,PI,gasolina,149.8250,56
2006-04-12,PR,etanol,145.5530,72
2006-04-12,PR,gasolina,198.5940,77
2006-04-12,RJ,etanol,1175.8510,539
2006-04-12,RJ,gasolina,1511.3720,569
2006-04-12,RN,etanol,192.4440,95
2006-04-12,RN,gasolina,275.8880,105
2006-04-12,RO,etanol,114.0690,49
2006-04-12,RO,gasolina,195.1010,71
2006-04-12,RR,gasolina,11.4200,4
2006-04-12,RS,etanol,1051.0970,405
2006-04-12,RS,gasolina,1380.2410,494
2006-04-12,SC,etanol,435.5300,201
2006-04-12,SC,gasolina,542.9850,203
2006-04-12,SE,etanol,73.2480,34
2006-04-12,SE,gasolina,121.9690,47
2006-04-12,SP,etanol,2989.5400,1697
2006-04-12,SP,gasolina,4245.0370,1694
2006-04-12,TO,etanol,154.1450,66
2006-04-12,TO,gasolina,191.9050,69
2006-04-13,AC,etanol,8.0300,3
2006-04-13,AC,gasolina,59.9200,19
2006-04-13,AL,etanol,2.0490,1
2006-04-13,AL,gasolina,2.8490,1
2006-04-13,AP,gasolina,11.8790,4
2006-04-13,BA,etanol,87.4930,46
2006-04-13,BA,gasolina,123.4040,47
2006-04-13,MA,etanol,6.7980,3
2006-04-13,MA,gasolina,14.0170,5
2006-04-13,MG,etanol,294.7640,130
2006-04-13,MG,gasolina,350.4220,135
2006-04-13,MT,etanol,79.2400,33
2006-04-13,MT,gasolina,99.3200,33
2006-04-13,PR,etanol,199.5830,96
2006-04-13,PR,gasolina,258.9200,99
2006-04-13,RJ,etanol,132.0810,60
2006-04-13,RJ,gasolina,166.4240,62
2006-04-13,RS,etanol,159.4480,61
2006-04-13,RS,gasolina,202.1090,72
2006-04-13,SC,etanol,238.2730,113
2006-04-13,SC,gasolina,309.7700,115
2006-04-13,SE,etanol,15.1700,7
2006-04-13,SE,gasolina,18.4760,7
2006-04-13,SP,etanol,297.8280,168
2006-04-13,SP,gasolina,422.2080,168
2006-04-17,AM,etanol,97.0090,43
2006-04-17,AM,gasolina,288.9580,109
2006-04-17,CE,etanol,167.9090,83
2006-04-17,CE,gasolina,241.8760,87
2006-04-17,DF,etanol,41.1490,18
2006-04-17,DF,gasolina,48.0460,18
2006-04-17,ES,etanol,22.6100,10
2006-04-17,ES,gasolina,29.9300,11
2006-04-17,GO,etanol,155.9290,71
2006-04-17,GO,gasolina,196.0420,73
2006-04-17,MG,etanol,648.0260,287
2006-04-17,MG,gasolina,772.4480,298
2006-04-17,MS,etanol,26.8690,12
2006-04-17,MS,gasolina,36.1050,13
2006-04-17,MT,etanol,68.3400,28
2006-04-17,MT,gasolina,89.3200,29
2006-04-17,PA,etanol,44.2190,18
2006-04-17,PA,gasolina,73.1270,27
2006-04-17,PB,etanol,65.5400,34
2006-04-17,PB,gasolina,102.0940,40
2006-04-17,PE,etanol,167.9870,85
2006-04-17,PE,gasolina,280.6780,103
2006-04-17,PR,etanol,527.2640,272
2006-04-17,PR,gasolina,694.1080,273
2006-04-17,RJ,etanol,53.0730,25
2006-04-17,RJ,gasolina,78.8470,31
2006-04-17,RR,etanol,57.9700,22
2006-04-17,RR,gasolina,124.1800,42
2006-04-17,RS,etanol,61.4000,24
2006-04-17,RS,gasolina,68.3410,25
2006-04-17,SC,etanol,165.1540,74
2006-04-17,SC,gasolina,202.7330,75
2006-04-17,SP,etanol,636.8150,361
2006-04-17,SP,gasolina,914.8670,362
2006-04-18,AC,etanol,89.4800,36
2006-04-18,AC,gasolina,118.4500,40
2006-04-18,AL,etanol,127.2870,62
2006-04-18,AL,gasolina,178.6490,63
2006-04-18,AM,etanol,129.5800,56
2006-04-18,AM,gasolina,222.5660,85
2006-04-18,AP,etanol,15.6900,7
2006-04-18,AP,gasolina,97.4400,36
2006-04-18,BA,etanol,112.2250,54
2006-04-18,BA,gasolina,186.4500,66
2006-04-18,CE,etanol,351.4290,174
2006-04-18,CE,gasolina,566.4040,205
2006-04-18,DF,etanol,106.8370,47
2006-04-18,DF,gasolina,133.8430,51
2006-04-18,ES,etanol,119.4860,51
2006-04-18,ES,gasolina,140.2540,52
2006-04-18,GO,etanol,228.8040,100
2006-04-18,GO,gasolina,276.0860,103
2006-04-18,MA,etanol,79.1070,36
2006-04-18,MA,gasolina,169.8120,62
2006-04-18,MG,etanol,1040.5220,463
2006-04-18,MG,gasolina,1218.4670,473
2006-04-18,MS,etanol,180.3270,80
2006-04-18,MS,gasolina,224.3960,80
2006-04-18,MT,etanol,213.5520,90
2006-04-18,MT,gasolina,261.6530,88
2006-04-18,PA,etanol,161.8420,65
2006-04-18,PA,gasolina,380.0210,136
2006-04-18,PB,etanol,86.6780,46
2006-04-18,PB,gasolina,137.3660,54
2006-04-18,PE,etanol,476.7780,237
2006-04-18,PE,gasolina,747.9620,273
2006-04-18,PI,etanol,13.9100,6
2006-04-18,PI,gasolina,16.4300,6
2006-04-18,PR,etanol,418.7620,215
2006-04-18,PR,gasolina,549.6910,218
2006-04-18,RJ,etanol,950.6370,435
2006-04-18,RJ,gasolina,1204.5010,455
2006-04-18,RN,etanol,60.5950,31
2006-04-18,RN,gasolina,89.1610,34
2006-04-18,RO,etanol,141.7570,59
2006-04-18,RO,gasolina,195.7290,69
2006-04-18,RR,etanol,2.6800,1
2006-04-18,RR,gasolina,23.5900,8
2006-04-18,RS,etanol,396.7440,154
2006-04-18,RS,gasolina,478.4730,173
2006-04-18,SC,etanol,415.5520,194
2006-04-18,SC,gasolina,519.6150,196
2006-04-18,SP,etanol,1739.0950,993
2006-04-18,SP,gasolina,2510.2300,996
2006-04-18,TO,etanol,16.4300,7
2006-04-18,TO,gasolina,19.2000,7
2006-04-19,AC,etanol,5.6000,2
2006-04-19,AC,gasolina,56.9600,18
2006-04-19,AL,etanol,123.6590,60
2006-04-19,AL,gasolina,172.0130,62
2006-04-19,AM,etanol,29.6800,13
2006-04-19,AM,gasolina,52.1050,20
2006-04-19,AP,etanol,4.7200,2
2006-04-19,AP,gasolina,44.8200,16
2006-04-19,BA,etanol,571.7200,287
2006-04-19,BA,gasolina,881.1220,325
2006-04-19,CE,etanol,16.6590,8
2006-04-19,CE,gasolina,30.6500,11
2006-04-19,DF,etanol,158.0510,69
2006-04-19,DF,gasolina,187.8080,70
2006-04-19,ES,etanol,420.3310,183
2006-04-19,ES,gasolina,499.0860,189
2006-04-19,GO,etanol,437.1300,188
2006-04-19,GO,gasolina,516.4610,191
2006-04-19,MA,etanol,166.0270,76
2006-04-19,MA,gasolina,372.1690,133
2006-04-19,MG,etanol,1238.4860,557
2006-04-19,MG,gasolina,1465.3500,578
2006-04-19,MS,etanol,207.1310,91
2006-04-19,MS,gasolina,262.0170,93
2006-04-19,MT,etanol,196.1700,82
2006-04-19,MT,gasolina,245.7900,82
2006-04-19,PA,etanol,63.1380,25
2006-04-19,PA,gasolina,133.9930,48
2006-04-19,PB,etanol,138.2580,74
2006-04-19,PB,gasolina,201.8570,81
2006-04-19,PE,etanol,91.7690,44
2006-04-19,PE,gasolina,130.6930,48
2006-04-19,PI,etanol,206.9000,90
2006-04-19,PI,gasolina,277.3000,104
2006-04-19,PR,etanol,384.4240,194
2006-04-19,PR,gasolina,490.0630,193
2006-04-19,RJ,etanol,908.5940,418
2006-04-19,RJ,gasolina,1180.8320,446
2006-04-19,RN,etanol,201.1780,99
2006-04-19,RN,gasolina,286.1940,109
2006-04-19,RO,etanol,94.9300,41
2006-04-19,RO,gasolina,149.8610,55
2006-04-19,RR,gasolina,14.2500,5
2006-04-19,RS,etanol,955.5940,367
2006-04-19,RS,gasolina,1266.6050,450
2006-04-19,SC,etanol,417.1580,191
2006-04-19,SC,gasolina,520.5740,194
2006-04-19,SE,etanol,142.6490,66
2006-04-19,SE,gasolina,201.4180,78
2006-04-19,SP,etanol,2930.0020,1688
2006-04-19,SP,gasolina,4243.9320,1696
2006-04-19,TO,etanol,134.6090,57
2006-04-19,TO,gasolina,167.3270,60
2006-04-20,BA,etanol,249.2920,128
2006-04-20,BA,gasolina,379.3380,143
2006-04-20,ES,etanol,17.0800,7
2006-04-20,ES,gasolina,22.5200,8
2006-04-20,MG,etanol,111.9320,47
2006-04-20,MG,gasolina,133.8460,51
2006-04-20,MT,etanol,9.6200,4
2006-04-20,MT,gasolina,11.8100,4
2006-04-20,PA,etanol,17.0000,7
2006-04-20,PA,gasolina,46.6600,17
2006-04-20,PI,etanol,9.2900,4
2006-04-20,PI,gasolina,13.1600,5
2006-04-20,PR,etanol,210.6470,104
2006-04-20,PR,gasolina,272.8370,105
2006-04-20,RJ,etanol,32.8910,15
2006-04-20,RJ,gasolina,45.7710,17
2006-04-20,RN,etanol,15.0900,7
2006-04-20,RN,gasolina,18.4800,7
2006-04-20,RS,etanol,354.3560,137
2006-04-20,RS,gasolina,433.2310,158
2006-04-20,SC,etanol,126.5160,58
2006-04-20,SC,gasolina,153.6650,58
2006-04-20,SE,etanol,25.1200,11
2006-04-20,SE,gasolina,31.7700,12
2006-04-20,SP,etanol,299.1350,175
2006-04-20,SP,gasolina,429.9210,174
2006-04-24,AM,etanol,113.3090,50
2006-04-24,AM,gasolina,260.7440,101
2006-04-24,CE,etanol,202.6090,99
2006-04-24,CE,gasolina,302.1750,110
2006-04-24,DF,etanol,80.3170,35
2006-04-24,DF,gasolina,93.8550,35
2006-04-24,ES,etanol,63.5390,28
2006-04-24,ES,gasolina,76.5550,28
2006-04-24,GO,etanol,1.9990,1
2006-04-24,GO,gasolina,2.6600,1
2006-04-24,MG,etanol,640.0430,282
2006-04-24,MG,gasolina,753.4370,291
2006-04-24,MT,etanol,22.8600,9
2006-04-24,MT,gasolina,32.3200,10
2006-04-24,PA,etanol,7.2520,3
2006-04-24,PA,gasolina,69.1900,24
2006-04-24,PB,etanol,47.7690,24
2006-04-24,PB,gasolina,61.4070,24
2006-04-24,PE,etanol,572.7620,286
2006-04-24,PE,gasolina,911.8220,334
2006-04-24,PI,etanol,46.4000,20
2006-04-24,PI,gasolina,54.6000,20
2006-04-24,PR,etanol,468.1030,243
2006-04-24,PR,gasolina,631.3580,243
2006-04-24,RJ,etanol,94.7830,45
2006-04-24,RJ,gasolina,120.1040,46
2006-04-24,RO,etanol,2.5100,1
2006-04-24,RO,gasolina,20.4900,7
2006-04-24,RR,etanol,55.2900,21
2006-04-24,RR,gasolina,127.1320,43
2006-04-24,RS,etanol,31.9590,12
2006-04-24,RS,gasolina,75.7700,27
2006-04-24,SC,etanol,129.3390,58
2006-04-24,SC,gasolina,157.6460,58
2006-04-24,SP,etanol,495.5510,288
2006-04-24,SP,gasolina,724.9980,288
2006-04-25,AC,etanol,8.3600,3
2006-04-25,AC,gasolina,15.4600,5
2006-04-25,AL,etanol,33.1990,16
2006-04-25,AL,gasolina,44.1070,16
2006-04-25,AM,etanol,140.7100,61
2006-04-25,AM,gasolina,301.6550,113
2006-04-25,AP,etanol,20.6100,9
2006-04-25,AP,gasolina,112.9100,42
2006-04-25,BA,etanol,174.8800,88
2006-04-25,BA,gasolina,280.7570,104
2006-04-25,CE,etanol,330.4980,161
2006-04-25,CE,gasolina,538.4750,194
2006-04-25,DF,etanol,147.9240,65
2006-04-25,DF,gasolina,183.7010,69
2006-04-25,ES,etanol,249.5530,108
2006-04-25,ES,gasolina,293.6120,111
2006-04-25,GO,etanol,278.9720,122
2006-04-25,GO,gasolina,337.3110,126
2006-04-25,MA,etanol,163.1680,74
2006-04-25,MA,gasolina,386.3190,138
2006-04-25,MG,etanol,836.9710,376
2006-04-25,MG,gasolina,1000.7940,387
2006-04-25,MS,etanol,44.1240,19
2006-04-25,MS,gasolina,54.1310,19
2006-04-25,MT,etanol,82.3290,35
2006-04-25,MT,gasolina,97.8680,33
2006-04-25,PA,etanol,55.4600,22
2006-04-25,PA,gasolina,159.7800,54
2006-04-25,PB,etanol,230.8680,122
2006-04-25,PB,gasolina,337.3070,135
2006-04-25,PE,etanol,186.3650,91
2006-04-25,PE,gasolina,265.3930,96
2006-04-25,PI,etanol,134.7300,58
2006-04-25,PI,gasolina,174.2800,64
2006-04-25,PR,etanol,403.7390,211
2006-04-25,PR,gasolina,549.9970,214
2006-04-25,RJ,etanol,603.6330,277
2006-04-25,RJ,gasolina,775.4180,295
2006-04-25,RN,etanol,79.1450,39
2006-04-25,RN,gasolina,112.9120,43
2006-04-25,RO,etanol,41.5000,17
2006-04-25,RO,gasolina,56.4620,20
2006-04-25,RR,gasolina,20.7970,7
2006-04-25,RS,etanol,138.6780,53
2006-04-25,RS,gasolina,157.7950,56
2006-04-25,SC,etanol,337.9770,156
2006-04-25,SC,gasolina,418.6170,158
2006-04-25,SE,etanol,37.3300,17
2006-04-25,SE,gasolina,63.1200,24
2006-04-25,SP,etanol,1814.4700,1072
2006-04-25,SP,gasolina,2700.9960,1073
2006-04-26,AC,etanol,82.2700,33
2006-04-26,AC,gasolina,150.3700,50
2006-04-26,AL,etanol,79.4500,39
2006-04-26,AL,gasolina,110.1650,40
2006-04-26,AM,gasolina,2.6500,1
2006-04-26,AP,gasolina,29.3300,10
2006-04-26,BA,etanol,400.1700,197
2006-04-26,BA,gasolina,634.5750,232
2006-04-26,DF,etanol,75.4470,33
2006-04-26,DF,gasolina,88.5340,33
2006-04-26,ES,etanol,214.2380,92
2006-04-26,ES,gasolina,250.5800,94
2006-04-26,GO,etanol,533.1570,235
2006-04-26,GO,gasolina,640.0120,238
2006-04-26,MA,etanol,68.3470,31
2006-04-26,MA,gasolina,130.5700,47
2006-04-26,MG,etanol,1193.3860,539
2006-04-26,MG,gasolina,1404.4350,557
2006-04-26,MS,etanol,286.2850,126
2006-04-26,MS,gasolina,371.6910,132
2006-04-26,MT,etanol,379.3330,162
2006-04-26,MT,gasolina,466.7510,162
2006-04-26,PA,etanol,193.1640,78
2006-04-26,PA,gasolina,392.4880,146
2006-04-26,PB,etanol,18.9890,10
2006-04-26,PB,gasolina,42.0940,16
2006-04-26,PI,etanol,52.3700,23
2006-04-26,PI,gasolina,84.0600,31
2006-04-26,PR,etanol,333.7340,174
2006-04-26,PR,gasolina,440.1780,172
2006-04-26,RJ,etanol,957.8630,440
2006-04-26,RJ,gasolina,1224.1810,461
2006-04-26,RN,etanol,196.5660,96
2006-04-26,RN,gasolina,277.2640,104
2006-04-26,RO,etanol,159.6310,67
2006-04-26,RO,gasolina,237.8690,86
2006-04-26,RR,gasolina,17.2800,6
2006-04-26,RS,etanol,732.9380,281
2006-04-26,RS,gasolina,961.5020,340
2006-04-26,SC,etanol,406.8770,189
2006-04-26,SC,gasolina,504.8790,188
2006-04-26,SE,etanol,121.8000,56
2006-04-26,SE,gasolina,164.4280,64
2006-04-26,SP,etanol,2361.1190,1396
2006-04-26,SP,gasolina,3495.1280,1399
2006-04-26,TO,etanol,157.0320,67
2006-04-26,TO,gasolina,192.1890,69
2006-04-27,AC,etanol,2.4000,1
2006-04-27,AC,gasolina,6.2500,2
2006-04-27,AL,etanol,144.8370,70
2006-04-27,AL,gasolina,204.4070,72
2006-04-27,BA,etanol,350.8010,180
2006-04-27,BA,gasolina,517.5580,194
2006-04-27,ES,etanol,61.8100,27
2006-04-27,ES,gasolina,71.8050,27
2006-04-27,GO,etanol,2.3590,1
2006-04-27,GO,gasolina,2.6900,1
2006-04-27,MA,etanol,7.1300,3
2006-04-27,MA,gasolina,14.3900,5
2006-04-27,MG,etanol,337.0560,147
2006-04-27,MG,gasolina,405.4450,156
2006-04-27,MS,etanol,60.2810,27
2006-04-27,MS,gasolina,74.9850,27
2006-04-27,PA,etanol,4.8800,2
2006-04-27,PA,gasolina,8.3500,3
2006-04-27,PI,etanol,2.2000,1
2006-04-27,PI,gasolina,2.6400,1
2006-04-27,PR,etanol,324.3100,164
2006-04-27,PR,gasolina,428.6930,166
2006-04-27,RJ,etanol,284.3840,130
2006-04-27,RJ,gasolina,369.8900,139
2006-04-27,RO,etanol,11.8000,5
2006-04-27,RO,gasolina,24.5480,9
2006-04-27,RS,etanol,862.1140,336
2006-04-27,RS,gasolina,1033.9900,377
2006-04-27,SC,etanol,253.7040,118
2006-04-27,SC,gasolina,311.7780,118
2006-04-27,SE,etanol,8.8800,4
2006-04-27,SE,gasolina,10.6460,4
2006-04-27,SP,etanol,784.2940,467
2006-04-27,SP,gasolina,1175.4920,469
2006-05-02,AC,etanol,22.9400,9
2006-05-02,AC,gasolina,61.2300,20
2006-05-02,AM,etanol,89.4590,39
2006-05-02,AM,gasolina,288.4980,109
2006-05-02,BA,etanol,62.8760,30
2006-05-02,BA,gasolina,97.7020,35
2006-05-02,CE,etanol,439.8930,211
2006-05-02,CE,gasolina,672.1380,243
2006-05-02,DF,etanol,257.0170,113
2006-05-02,DF,gasolina,308.3940,116
2006-05-02,ES,etanol,134.6590,58
2006-05-02,ES,gasolina,160.9000,59
2006-05-02,GO,etanol,133.6400,65
2006-05-02,GO,gasolina,170.7750,66
2006-05-02,MA,etanol,61.2050,28
2006-05-02,MA,gasolina,175.7420,63
2006-05-02,MG,etanol,886.2450,400
2006-05-02,MG,gasolina,1078.0770,416
2006-05-02,PA,etanol,99.4210,41
2006-05-02,PA,gasolina,246.0810,89
2006-05-02,PB,etanol,245.8490,126
2006-05-02,PB,gasolina,361.5250,141
2006-05-02,PE,etanol,478.1980,240
2006-05-02,PE,gasolina,795.4790,292
2006-05-02,PI,etanol,43.5300,19
2006-05-02,PI,gasolina,59.8110,22
2006-05-02,PR,etanol,425.7450,232
2006-05-02,PR,gasolina,601.6110,232
2006-05-02,RJ,etanol,389.7060,179
2006-05-02,RJ,gasolina,488.9550,183
2006-05-02,RR,etanol,55.2900,21
2006-05-02,RR,gasolina,142.0200,48
2006-05-02,RS,etanol,225.9420,89
2006-05-02,RS,gasolina,318.6780,116
2006-05-02,SC,etanol,126.6680,58
2006-05-02,SC,gasolina,155.6880,58
2006-05-02,SP,etanol,632.8760,396
2006-05-02,SP,gasolina,999.5730,397
2006-05-03,AC,etanol,65.2900,26
2006-05-03,AC,gasolina,108.2100,36
2006-05-03,AL,etanol,40.0880,19
2006-05-03,AL,gasolina,55.1980,20
2006-05-03,AM,etanol,42.9900,18
2006-05-03,AM,gasolina,102.6680,40
2006-05-03,AP,etanol,20.5200,9
2006-05-03,AP,gasolina,118.9500,44
2006-05-03,BA,etanol,362.0560,177
2006-05-03,BA,gasolina,531.1850,191
2006-05-03,CE,etanol,97.1180,47
2006-05-03,CE,gasolina,142.8970,52
2006-05-03,DF,etanol,47.9070,21
2006-05-03,DF,gasolina,55.6270,21
2006-05-03,ES,etanol,271.8250,117
2006-05-03,ES,gasolina,318.1100,119
2006-05-03,GO,etanol,404.3970,177
2006-05-03,GO,gasolina,489.9690,184
2006-05-03,MA,etanol,165.7500,75
2006-05-03,MA,gasolina,326.2480,116
2006-05-03,MG,etanol,784.8260,351
2006-05-03,MG,gasolina,926.1460,355
2006-05-03,MS,etanol,74.1740,32
2006-05-03,MS,gasolina,98.8620,35
2006-05-03,MT,etanol,154.0070,65
2006-05-03,MT,gasolina,188.1160,63
2006-05-03,PA,etanol,95.2500,38
2006-05-03,PA,gasolina,223.7480,79
2006-05-03,PB,etanol,40.2150,21
2006-05-03,PB,gasolina,58.6830,23
2006-05-03,PE,etanol,229.8390,111
2006-05-03,PE,gasolina,318.4590,117
2006-05-03,PI,etanol,168.5300,73
2006-05-03,PI,gasolina,238.8900,88
2006-05-03,PR,etanol,468.2050,254
2006-05-03,PR,gasolina,649.8090,253
2006-05-03,RJ,etanol,866.1240,405
2006-05-03,RJ,gasolina,1123.9280,428
2006-05-03,RN,etanol,101.0140,50
2006-05-03,RN,gasolina,155.7610,59
2006-05-03,RO,etanol,69.5020,29
2006-05-03,RO,gasolina,116.4980,41
2006-05-03,RR,gasolina,8.9000,3
2006-05-03,RS,etanol,439.4110,170
2006-05-03,RS,gasolina,547.8920,194
2006-05-03,SC,etanol,296.6600,141
2006-05-03,SC,gasolina,380.4960,143
2006-05-03,SE,etanol,151.0120,69
2006-05-03,SE,gasolina,212.9550,82
2006-05-03,SP,etanol,1785.3320,1128
2006-05-03,SP,gasolina,2818.5700,1128
2006-05-03,TO,etanol,44.2700,19
2006-05-03,TO,gasolina,53.0070,19
2006-05-04,AC,etanol,4.9000,2
2006-05-04,AC,gasolina,5.9000,2
2006-05-04,AL,etanol,214.9730,104
2006-05-04,AL,gasolina,300.7140,107
2006-05-04,AM,etanol,91.7000,40
2006-05-04,AM,gasolina,168.5240,66
2006-05-04,AP,gasolina,8.8200,3
2006-05-04,BA,etanol,474.3220,244
2006-05-04,BA,gasolina,750.2550,283
2006-05-04,CE,etanol,15.0100,7
2006-05-04,CE,gasolina,22.4200,8
2006-05-04,DF,etanol,4.5100,2
2006-05-04,DF,gasolina,5.2300,2
2006-05-04,ES,etanol,179.3110,79
2006-05-04,ES,gasolina,204.1900,79
2006-05-04,GO,etanol,234.1940,114
2006-05-04,GO,gasolina,301.2320,114
2006-05-04,MA,etanol,4.6900,2
2006-05-04,MA,gasolina,36.0300,13
2006-05-04,MG,etanol,1067.7370,491
2006-05-04,MG,gasolina,1291.2630,514
2006-05-04,MS,etanol,329.0040,147
2006-05-04,MS,gasolina,420.6530,150
2006-05-04,MT,etanol,54.4200,22
2006-05-04,MT,gasolina,71.3600,23
2006-05-04,PA,etanol,71.7070,28
2006-05-04,PA,gasolina,157.8500,58
2006-05-04,PB,etanol,18.3200,10
2006-05-04,PB,gasolina,24.9390,10
2006-05-04,PE,etanol,24.6890,12
2006-05-04,PE,gasolina,32.0190,12
2006-05-04,PI,etanol,4.6500,2
2006-05-04,PI,gasolina,5.4600,2
2006-05-04,PR,etanol,166.0560,90
2006-05-04,PR,gasolina,233.5730,91
2006-05-04,RJ,etanol,304.2600,143
2006-05-04,RJ,gasolina,393.6730,150
2006-05-04,RN,etanol,176.2880,86
2006-05-04,RN,gasolina,242.3930,91
2006-05-04,RO,etanol,131.9000,56
2006-05-04,RO,gasolina,220.6380,80
2006-05-04,RR,gasolina,14.2700,5
2006-05-04,RS,etanol,731.7750,285
2006-05-04,RS,gasolina,944.5060,341
2006-05-04,SC,etanol,408.8040,190
2006-05-04,SC,gasolina,508.0030,190
2006-05-04,SE,etanol,15.0440,7
2006-05-04,SE,gasolina,25.4240,10
2006-05-04,SP,etanol,1805.3560,1125
2006-05-04,SP,gasolina,2834.3590,1132
2006-05-04,TO,etanol,110.2180,47
2006-05-04,TO,gasolina,138.9070,50
2006-05-05,AL,etanol,2.0800,1
2006-05-05,AL,gasolina,2.7700,1
2006-05-05,AP,gasolina,14.5100,5
2006-05-05,BA,etanol,36.1980,19
2006-05-05,BA,gasolina,57.7860,22
2006-05-05,MA,etanol,2.2000,1
2006-05-05,MA,gasolina,5.3500,2
2006-05-05,MG,etanol,253.8210,113
2006-05-05,MG,gasolina,317.3620,123
2006-05-05,MT,etanol,260.0270,116
2006-05-05,MT,gasolina,320.3300,116
2006-05-05,PI,etanol,2.3200,1
2006-05-05,PI,gasolina,2.7300,1
2006-05-05,PR,etanol,411.7850,213
2006-05-05,PR,gasolina,561.1040,215
2006-05-05,RJ,etanol,354.0930,167
2006-05-05,RJ,gasolina,471.9870,179
2006-05-05,RO,etanol,4.7800,2
2006-05-05,RO,gasolina,5.4400,2
2006-05-05,RS,etanol,342.7540,132
2006-05-05,RS,gasolina,406.8460,146
2006-05-05,SC,etanol,269.5680,132
2006-05-05,SC,gasolina,346.3030,132
2006-05-05,SP,etanol,942.5400,582
2006-05-05,SP,gasolina,1468.3590,587
2006-05-08,AC,etanol,5.5600,2
2006-05-08,AC,gasolina,15.4700,5
2006-05-08,AM,etanol,97.5900,43
2006-05-08,AM,gasolina,314.4080,120
2006-05-08,BA,etanol,1.9000,1
2006-05-08,BA,gasolina,2.6500,1
2006-05-08,CE,etanol,308.7360,150
2006-05-08,CE,gasolina,452.6640,167
2006-05-08,DF,etanol,202.7830,100
2006-05-08,DF,gasolina,271.6240,103
2006-05-08,ES,etanol,151.2680,68
2006-05-08,ES,gasolina,183.8970,71
2006-05-08,GO,etanol,3.4800,2
2006-05-08,GO,gasolina,5.3400,2
2006-05-08,MA,etanol,21.8480,10
2006-05-08,MA,gasolina,83.0250,30
2006-05-08,MG,etanol,542.7990,251
2006-05-08,MG,gasolina,671.8450,258
2006-05-08,MS,etanol,18.1000,8
2006-05-08,MS,gasolina,22.8500,8
2006-05-08,MT,etanol,70.7500,31
2006-05-08,MT,gasolina,85.9390,29
2006-05-08,PA,etanol,7.1810,3
2006-05-08,PA,gasolina,27.9890,10
2006-05-08,PB,etanol,11.8700,6
2006-05-08,PB,gasolina,29.4440,11
2006-05-08,PE,etanol,452.5680,229
2006-05-08,PE,gasolina,629.4570,230
2006-05-08,PI,etanol,43.6000,19
2006-05-08,PI,gasolina,59.9700,23
2006-05-08,PR,etanol,401.2830,228
2006-05-08,PR,gasolina,594.2410,229
2006-05-08,RJ,etanol,30.5440,15
2006-05-08,RJ,gasolina,40.4160,15
2006-05-08,RR,etanol,46.9700,18
2006-05-08,RR,gasolina,126.9400,43
2006-05-08,RS,etanol,45.2770,18
2006-05-08,RS,gasolina,49.1420,18
2006-05-08,SC,etanol,75.4140,36
2006-05-08,SC,gasolina,98.7260,36
2006-05-08,SP,etanol,329.1160,216
2006-05-08,SP,gasolina,541.4310,217
2006-05-09,AC,etanol,3.1500,1
2006-05-09,AC,gasolina,44.0800,14
2006-05-09,AL,etanol,42.0890,20
2006-05-09,AL,gasolina,57.9880,21
2006-05-09,AM,etanol,116.9790,51
2006-05-09,AM,gasolina,192.9620,77
2006-05-09,AP,etanol,2.3000,1
2006-05-09,AP,gasolina,22.1600,8
2006-05-09,BA,etanol,146.2060,70
2006-05-09,BA,gasolina,225.7980,80
2006-05-09,CE,etanol,194.9170,93
2006-05-09,CE,gasolina,325.6690,117
2006-05-09,DF,etanol,72.7040,36
2006-05-09,DF,gasolina,94.9310,36
2006-05-09,ES,etanol,168.8980,76
2006-05-09,ES,gasolina,197.5730,75
2006-05-09,GO,etanol,195.4830,104
2006-05-09,GO,gasolina,290.7540,109
2006-05-09,MA,etanol,38.6700,17
2006-05-09,MA,gasolina,106.9600,38
2006-05-09,MG,etanol,875.4090,407
2006-05-09,MG,gasolina,1089.0200,419
2006-05-09,MS,etanol,62.9290,27
2006-05-09,MS,gasolina,76.5500,27
2006-05-09,MT,etanol,131.0570,55
2006-05-09,MT,gasolina,173.0070,57
2006-05-09,PA,etanol,106.9700,42
2006-05-09,PA,gasolina,254.0960,88
2006-05-09,PB,etanol,184.4520,95
2006-05-09,PB,gasolina,270.0570,105
2006-05-09,PE,etanol,294.8210,143
2006-05-09,PE,gasolina,427.6940,159
2006-05-09,PI,etanol,89.2500,39
2006-05-09,PI,gasolina,129.8200,49
2006-05-09,PR,etanol,505.5580,284
2006-05-09,PR,gasolina,736.2680,286
2006-05-09,RJ,etanol,727.4430,353
2006-05-09,RJ,gasolina,952.4200,367
2006-05-09,RN,etanol,90.1170,44
2006-05-09,RN,gasolina,128.7370,49
2006-05-09,RO,etanol,26.5440,11
2006-05-09,RO,gasolina,30.6530,11
2006-05-09,RR,gasolina,5.9800,2
2006-05-09,RS,etanol,239.1600,96
2006-05-09,RS,gasolina,330.4870,118
2006-05-09,SC,etanol,384.2270,186
2006-05-09,SC,gasolina,498.6090,187
2006-05-09,SE,etanol,8.8600,4
2006-05-09,SE,gasolina,10.6400,4
2006-05-09,SP,etanol,1487.5910,985
2006-05-09,SP,gasolina,2484.5560,988
2006-05-10,AL,etanol,206.6360,100
2006-05-10,AL,gasolina,286.4820,102
2006-05-10,AM,etanol,25.3300,11
2006-05-10,AM,gasolina,44.9100,18
2006-05-10,AP,etanol,18.2200,8
2006-05-10,AP,gasolina,99.4900,37
2006-05-10,BA,etanol,409.1230,204
2006-05-10,BA,gasolina,621.6550,228
2006-05-10,CE,etanol,18.4000,8
2006-05-10,CE,gasolina,23.3600,8
2006-05-10,ES,etanol,146.3140,65
2006-05-10,ES,gasolina,179.1410,66
2006-05-10,GO,etanol,481.4450,250
2006-05-10,GO,gasolina,664.4230,251
2006-05-10,MA,etanol,35.2470,16
2006-05-10,MA,gasolina,57.7670,21
2006-05-10,MG,etanol,989.5440,469
2006-05-10,MG,gasolina,1229.4190,490
2006-05-10,MS,etanol,303.1720,143
2006-05-10,MS,gasolina,422.4310,151
2006-05-10,MT,etanol,156.1440,78
2006-05-10,MT,gasolina,212.5580,80
2006-05-10,PA,etanol,132.0460,54
2006-05-10,PA,gasolina,299.8030,112
2006-05-10,PB,etanol,75.2960,39
2006-05-10,PB,gasolina,102.9520,41
2006-05-10,PE,etanol,18.9800,9
2006-05-10,PE,gasolina,24.0300,9
2006-05-10,PI,etanol,58.7400,25
2006-05-10,PI,gasolina,69.8400,26
2006-05-10,PR,etanol,151.9270,84
2006-05-10,PR,gasolina,223.5150,85
2006-05-10,RJ,etanol,568.4400,278
2006-05-10,RJ,gasolina,786.3390,298
2006-05-10,RN,etanol,178.0330,87
2006-05-10,RN,gasolina,259.0290,97
2006-05-10,RO,etanol,166.6540,71
2006-05-10,RO,gasolina,254.2970,92
2006-05-10,RR,gasolina,8.8760,3
2006-05-10,RS,etanol,275.6620,107
2006-05-10,RS,gasolina,362.9080,127
2006-05-10,SC,etanol,261.0110,131
2006-05-10,SC,gasolina,345.1620,133
2006-05-10,SE,etanol,109.0150,50
2006-05-10,SE,gasolina,152.7020,59
2006-05-10,SP,etanol,1507.0680,1005
2006-05-10,SP,gasolina,2518.5570,1008
2006-05-10,TO,etanol,154.3300,66
2006-05-10,TO,gasolina,191.9810,69
2006-05-11,AC,etanol,81.0700,33
2006-05-11,AC,gasolina,115.7700,39
2006-05-11,AL,etanol,10.5490,5
2006-05-11,AL,gasolina,14.2590,5
2006-05-11,AP,gasolina,20.6300,7
2006-05-11,BA,etanol,380.5960,196
2006-05-11,BA,gasolina,576.1700,219
2006-05-11,CE,etanol,19.5200,9
2006-05-11,CE,gasolina,30.6800,11
2006-05-11,ES,etanol,112.9000,49
2006-05-11,ES,gasolina,136.7010,51
2006-05-11,MA,etanol,137.1200,63
2006-05-11,MA,gasolina,294.9610,105
2006-05-11,MG,etanol,414.8360,193
2006-05-11,MG,gasolina,527.0470,204
2006-05-11,MT,etanol,73.3480,36
2006-05-11,MT,gasolina,99.9730,37
2006-05-11,PA,etanol,14.5900,6
2006-05-11,PA,gasolina,47.2300,17
2006-05-11,PB,etanol,23.6090,12
2006-05-11,PB,gasolina,38.0380,15
2006-05-11,PI,etanol,23.0190,10
2006-05-11,PI,gasolina,38.0790,14
2006-05-11,PR,etanol,320.3380,180
2006-05-11,PR,gasolina,464.7200,181
2006-05-11,RJ,etanol,524.7490,246
2006-05-11,RJ,gasolina,707.7830,261
2006-05-11,RN,etanol,6.4100,3
2006-05-11,RN,gasolina,7.9300,3
2006-05-11,RO,etanol,30.0400,13
2006-05-11,RO,gasolina,50.3170,18
2006-05-11,RR,gasolina,23.3300,8
2006-05-11,RS,etanol,1015.9020,401
2006-05-11,RS,gasolina,1275.0640,461
2006-05-11,SC,etanol,309.7550,153
2006-05-11,SC,gasolina,414.2910,156
2006-05-11,SE,etanol,57.2410,26
2006-05-11,SE,gasolina,80.3470,31
2006-05-11,SP,etanol,1558.6100,1032
2006-05-11,SP,gasolina,2575.3070,1037
2006-05-15,AC,etanol,9.8600,4
2006-05-15,AC,gasolina,15.4700,5
2006-05-15,AM,etanol,80.3600,36
2006-05-15,AM,gasolina,274.6880,103
2006-05-15,AP,gasolina,8.7000,3
2006-05-15,BA,etanol,2.0500,1
2006-05-15,BA,gasolina,2.7900,1
2006-05-15,CE,etanol,142.1130,69
2006-05-15,CE,gasolina,210.2050,80
2006-05-15,DF,etanol,126.7260,64
2006-05-15,DF,gasolina,165.0330,64
2006-05-15,ES,etanol,173.8270,82
2006-05-15,ES,gasolina,222.1860,85
2006-05-15,MA,etanol,4.9700,2
2006-05-15,MA,gasolina,8.9300,3
2006-05-15,MG,etanol,467.8180,222
2006-05-15,MG,gasolina,593.5370,228
2006-05-15,MT,etanol,76.4790,35
2006-05-15,MT,gasolina,97.8380,33
2006-05-15,PA,gasolina,17.0800,6
2006-05-15,PB,etanol,39.0400,19
2006-05-15,PB,gasolina,63.2110,24
2006-05-15,PE,etanol,428.4980,209
2006-05-15,PE,gasolina,587.1840,214
2006-05-15,PI,etanol,77.5790,34
2006-05-15,PI,gasolina,91.2480,36
2006-05-15,PR,etanol,354.1710,201
2006-05-15,PR,gasolina,521.6840,201
2006-05-15,RJ,etanol,134.2410,68
2006-05-15,RJ,gasolina,189.0200,72
2006-05-15,RR,etanol,41.0800,18
2006-05-15,RR,gasolina,127.1800,43
2006-05-15,RS,etanol,163.2920,67
2006-05-15,RS,gasolina,211.4300,77
2006-05-15,SC,etanol,56.7060,28
2006-05-15,SC,gasolina,76.5400,28
2006-05-15,SP,etanol,445.1830,303
2006-05-15,SP,gasolina,756.8330,303
2006-05-16,AC,etanol,3.1500,1
2006-05-16,AC,gasolina,57.3400,18
2006-05-16,AL,etanol,41.7430,20
2006-05-16,AL,gasolina,57.9880,21
2006-05-16,AM,etanol,91.5700,41
2006-05-16,AM,gasolina,174.3610,67
2006-05-16,AP,etanol,25.2000,11
2006-05-16,AP,gasolina,115.5900,43
2006-05-16,BA,etanol,101.2140,49
2006-05-16,BA,gasolina,157.2660,56
2006-05-16,CE,etanol,352.4490,171
2006-05-16,CE,gasolina,557.1970,205
2006-05-16,DF,etanol,117.3950,61
2006-05-16,DF,gasolina,164.0280,64
2006-05-16,ES,etanol,218.0370,102
2006-05-16,ES,gasolina,270.4940,104
2006-05-16,GO,etanol,208.2110,126
2006-05-16,GO,gasolina,331.5020,128
2006-05-16,MA,etanol,62.6760,28
2006-05-16,MA,gasolina,158.2110,57
2006-05-16,MG,etanol,706.6880,342
2006-05-16,MG,gasolina,914.3820,354
2006-05-16,MS,etanol,39.9490,19
2006-05-16,MS,gasolina,54.1890,19
2006-05-16,MT,etanol,4.3200,2
2006-05-16,MT,gasolina,5.9600,2
2006-05-16,PA,etanol,133.8460,54
2006-05-16,PA,gasolina,351.0550,126
2006-05-16,PB,etanol,87.8090,46
2006-05-16,PB,gasolina,125.9390,49
2006-05-16,PE,etanol,276.9520,135
2006-05-16,PE,gasolina,407.1250,151
2006-05-16,PI,etanol,72.6100,32
2006-05-16,PI,gasolina,101.7700,40
2006-05-16,PR,etanol,238.0700,145
2006-05-16,PR,gasolina,367.2350,144
2006-05-16,RJ,etanol,242.9190,124
2006-05-16,RJ,gasolina,334.3050,129
2006-05-16,RN,etanol,115.3270,56
2006-05-16,RN,gasolina,171.2600,65
2006-05-16,RO,etanol,103.3450,44
2006-05-16,RO,gasolina,153.9000,55
2006-05-16,RR,gasolina,5.9800,2
2006-05-16,RS,etanol,163.0900,69
2006-05-16,RS,gasolina,222.1640,81
2006-05-16,SC,etanol,16.0950,8
2006-05-16,SC,gasolina,22.0000,8
2006-05-16,SP,etanol,1505.5920,1039
2006-05-16,SP,gasolina,2616.2810,1040
2006-05-16,TO,etanol,49.9700,21
2006-05-16,TO,gasolina,61.1950,22
2006-05-17,AC,etanol,80.2200,33
2006-05-17,AC,gasolina,105.8200,36
2006-05-17,AL,etanol,150.3280,73
2006-05-17,AL,gasolina,210.1460,74
2006-05-17,AM,etanol,61.8300,28
2006-05-17,AM,gasolina,115.5750,44
2006-05-17,BA,etanol,494.9070,248
2006-05-17,BA,gasolina,749.7340,276
2006-05-17,CE,etanol,37.1600,17
2006-05-17,CE,gasolina,53.6600,19
2006-05-17,DF,etanol,22.1700,11
2006-05-17,DF,gasolina,26.5070,11
2006-05-17,ES,etanol,155.2980,71
2006-05-17,ES,gasolina,199.0320,73
2006-05-17,GO,etanol,424.6320,230
2006-05-17,GO,gasolina,635.8200,237
2006-05-17,MA,etanol,27.3600,12
2006-05-17,MA,gasolina,64.0900,23
2006-05-17,MG,etanol,1163.1390,574
2006-05-17,MG,gasolina,1494.8490,598
2006-05-17,MS,etanol,292.3220,143
2006-05-17,MS,gasolina,439.2890,157
2006-05-17,MT,etanol,175.5470,79
2006-05-17,MT,gasolina,240.5970,80
2006-05-17,PA,etanol,109.4700,44
2006-05-17,PA,gasolina,225.7450,83
2006-05-17,PB,etanol,178.7310,91
2006-05-17,PB,gasolina,255.7620,99
2006-05-17,PE,etanol,23.7890,12
2006-05-17,PE,gasolina,35.0100,13
2006-05-17,PI,etanol,49.9100,21
2006-05-17,PI,gasolina,68.4300,25
2006-05-17,PR,etanol,444.9440,263
2006-05-17,PR,gasolina,686.2610,266
2006-05-17,RJ,etanol,874.9250,442
2006-05-17,RJ,gasolina,1224.0950,466
2006-05-17,RN,etanol,162.1120,80
2006-05-17,RN,gasolina,224.1230,84
2006-05-17,RO,etanol,106.2800,45
2006-05-17,RO,gasolina,162.4570,60
2006-05-17,RR,gasolina,32.0800,11
2006-05-17,RS,etanol,595.2040,248
2006-05-17,RS,gasolina,769.8690,278
2006-05-17,SC,etanol,276.1720,141
2006-05-17,SC,gasolina,379.7460,142
2006-05-17,SE,etanol,50.2700,23
2006-05-17,SE,gasolina,78.8700,30
2006-05-17,SP,etanol,1812.1480,1263
2006-05-17,SP,gasolina,3150.7140,1270
2006-05-17,TO,etanol,107.7750,47
2006-05-17,TO,gasolina,130.2950,47
2006-05-18,AL,etanol,70.8340,34
2006-05-18,AL,gasolina,93.6400,34
2006-05-18,AM,etanol,2.4500,1
2006-05-18,AM,gasolina,2.8800,1
2006-05-18,AP,gasolina,20.6310,7
2006-05-18,BA,etanol,353.2290,183
2006-05-18,BA,gasolina,538.6410,204
2006-05-18,MA,etanol,143.4420,66
2006-05-18,MA,gasolina,300.6130,107
2006-05-18,MG,etanol,454.5620,220
2006-05-18,MG,gasolina,586.9640,224
2006-05-18,MS,etanol,18.4500,8
2006-05-18,MS,gasolina,27.8990,10
2006-05-18,MT,etanol,140.5860,71
2006-05-18,MT,gasolina,210.0200,71
2006-05-18,PA,etanol,7.1810,3
2006-05-18,PA,gasolina,16.5300,6
2006-05-18,PB,etanol,1.9800,1
2006-05-18,PB,gasolina,2.6500,1
2006-05-18,PE,etanol,18.5390,9
2006-05-18,PE,gasolina,23.8050,9
2006-05-18,PI,etanol,13.5500,6
2006-05-18,PI,gasolina,32.2500,12
2006-05-18,PR,etanol,304.5410,175
2006-05-18,PR,gasolina,451.7570,176
2006-05-18,RJ,etanol,538.1040,260
2006-05-18,RJ,gasolina,747.8990,278
2006-05-18,RO,etanol,15.0200,6
2006-05-18,RO,gasolina,19.1100,6
2006-05-18,RS,etanol,688.2310,282
2006-05-18,RS,gasolina,959.2650,342
2006-05-18,SC,etanol,674.4850,348
2006-05-18,SC,gasolina,913.4270,351
2006-05-18,SE,etanol,112.7730,52
2006-05-18,SE,gasolina,164.4900,64
2006-05-18,SP,etanol,931.1710,642
2006-05-18,SP,gasolina,1600.6780,647
2006-05-22,AC,etanol,9.8600,4
2006-05-22,AC,gasolina,15.4700,5
2006-05-22,AM,etanol,94.8300,43
2006-05-22,AM,gasolina,308.1060,116
2006-05-22,BA,etanol,6.1570,3
2006-05-22,BA,gasolina,8.3780,3
2006-05-22,CE,etanol,94.9670,47
2006-05-22,CE,gasolina,134.9130,52
2006-05-22,DF,etanol,121.6180,63
2006-05-22,DF,gasolina,165.2320,63
2006-05-22,ES,etanol,161.8970,79
2006-05-22,ES,gasolina,211.2300,82
2006-05-22,GO,etanol,1.6700,1
2006-05-22,GO,gasolina,2.7590,1
2006-05-22,MA,etanol,28.8990,13
2006-05-22,MA,gasolina,46.9630,17
2006-05-22,MG,etanol,493.5390,238
2006-05-22,MG,gasolina,643.1330,250
2006-05-22,MT,etanol,25.1800,12
2006-05-22,MT,gasolina,35.4900,12
2006-05-22,PA,etanol,17.5620,7
2006-05-22,PA,gasolina,50.1180,17
2006-05-22,PB,etanol,40.3990,20
2006-05-22,PB,gasolina,53.7310,21
2006-05-22,PE,etanol,551.1790,272
2006-05-22,PE,gasolina,787.2090,287
2006-05-22,PI,etanol,60.4500,27
2006-05-22,PI,gasolina,77.3000,31
2006-05-22,PR,etanol,219.1260,127
2006-05-22,PR,gasolina,327.4130,127
2006-05-22,RJ,etanol,117.8160,61
2006-05-22,RJ,gasolina,167.4820,64
2006-05-22,RN,etanol,57.6790,29
2006-05-22,RN,gasolina,83.1390,32
2006-05-22,RR,etanol,27.2800,12
2006-05-22,RR,gasolina,88.4600,30
2006-05-22,RS,etanol,390.8510,167
2006-05-22,RS,gasolina,596.6710,216
2006-05-22,SC,etanol,80.3400,42
2006-05-22,SC,gasolina,113.1020,42
2006-05-22,SP,etanol,409.1560,284
2006-05-22,SP,gasolina,725.7180,285
2006-05-23,AC,etanol,4.9000,2
2006-05-23,AC,gasolina,5.9000,2
2006-05-23,AL,etanol,41.5780,20
2006-05-23,AL,gasolina,57.9580,21
2006-05-23,AM,etanol,111.7200,51
2006-05-23,AM,gasolina,184.5660,71
2006-05-23,AP,etanol,2.3000,1
2006-05-23,AP,gasolina,27.5200,10
2006-05-23,BA,etanol,85.2430,41
2006-05-23,BA,gasolina,132.9210,47
2006-05-23,CE,etanol,398.0460,194
2006-05-23,CE,gasolina,607.2290,226
2006-05-23,DF,etanol,76.0490,39
2006-05-23,DF,gasolina,104.9550,41
2006-05-23,ES,etanol,113.9870,57
2006-05-23,ES,gasolina,149.6220,58
2006-05-23,GO,etanol,216.1460,130
2006-05-23,GO,gasolina,343.8040,132
2006-05-23,MA,etanol,162.0390,75
2006-05-23,MA,gasolina,380.4070,136
2006-05-23,MG,etanol,440.9420,214
2006-05-23,MG,gasolina,572.1250,220
2006-05-23,MS,etanol,66.0840,31
2006-05-23,MS,gasolina,93.1610,33
2006-05-23,MT,etanol,136.7070,61
2006-05-23,MT,gasolina,184.3960,61
2006-05-23,PA,etanol,46.0900,18
2006-05-23,PA,gasolina,116.4500,40
2006-05-23,PB,etanol,56.8590,29
2006-05-23,PB,gasolina,76.9870,30
2006-05-23,PE,etanol,213.0400,104
2006-05-23,PE,gasolina,329.0180,123
2006-05-23,PI,etanol,67.9700,30
2006-05-23,PI,gasolina,99.0800,39
2006-05-23,PR,etanol,571.2400,350
2006-05-23,PR,gasolina,887.3910,349
2006-05-23,RJ,etanol,584.2990,307
2006-05-23,RJ,gasolina,830.6840,321
2006-05-23,RN,etanol,23.3000,11
2006-05-23,RN,gasolina,34.2090,13
2006-05-23,RO,etanol,2.1000,1
2006-05-23,RO,gasolina,14.5000,5
2006-05-23,RR,etanol,16.4800,7
2006-05-23,RR,gasolina,38.7400,13
2006-05-23,RS,etanol,433.9590,188
2006-05-23,RS,gasolina,606.4780,220
2006-05-23,SC,etanol,459.8780,246
2006-05-23,SC,gasolina,638.4300,246
2006-05-23,SP,etanol,876.6540,623
2006-05-23,SP,gasolina,1563.2930,627
2006-05-23,TO,etanol,21.1500,10
2006-05-23,TO,gasolina,30.0700,11
2006-05-24,AC,etanol,71.7900,30
2006-05-24,AC,gasolina,107.2700,36
2006-05-24,AL,etanol,213.8310,104
2006-05-24,AL,gasolina,301.3240,107
2006-05-24,AM,etanol,39.8800,18
2006-05-24,AM,gasolina,67.8660,26
2006-05-24,AP,etanol,9.1000,4
2006-05-24,AP,gasolina,51.1000,19
2006-05-24,BA,etanol,545.5820,274
2006-05-24,BA,gasolina,827.8110,304
2006-05-24,CE,etanol,45.3560,22
2006-05-24,CE,gasolina,68.1100,25
2006-05-24,DF,etanol,64.0640,33
2006-05-24,DF,gasolina,87.6340,33
2006-05-24,ES,etanol,101.0280,50
2006-05-24,ES,gasolina,130.1130,49
2006-05-24,GO,etanol,388.6560,226
2006-05-24,GO,gasolina,612.8620,231
2006-05-24,MA,etanol,11.9290,5
2006-05-24,MA,gasolina,44.9560,16
2006-05-24,MG,etanol,1209.8860,612
2006-05-24,MG,gasolina,1565.7100,625
2006-05-24,MS,etanol,283.9710,141
2006-05-24,MS,gasolina,414.1680,148
2006-05-24,MT,etanol,254.7240,128
2006-05-24,MT,gasolina,382.0440,129
2006-05-24,PA,etanol,142.5000,58
2006-05-24,PA,gasolina,293.7660,111
2006-05-24,PB,etanol,190.8430,97
2006-05-24,PB,gasolina,275.2020,105
2006-05-24,PE,etanol,18.0070,9
2006-05-24,PE,gasolina,32.1600,12
2006-05-24,PI,etanol,63.2500,27
2006-05-24,PI,gasolina,78.2800,29
2006-05-24,PR,etanol,260.2260,163
2006-05-24,PR,gasolina,413.3750,165
2006-05-24,RJ,etanol,659.1400,340
2006-05-24,RJ,gasolina,952.3160,363
2006-05-24,RN,etanol,171.6860,85
2006-05-24,RN,gasolina,241.4340,92
2006-05-24,RO,etanol,131.3970,57
2006-05-24,RO,gasolina,178.2770,63
2006-05-24,RR,gasolina,23.8300,8
2006-05-24,RS,etanol,437.3750,192
2006-05-24,RS,gasolina,590.2710,212
2006-05-24,SC,etanol,266.6980,143
2006-05-24,SC,gasolina,373.8890,143
2006-05-24,SE,etanol,52.1970,24
2006-05-24,SE,gasolina,85.5440,33
2006-05-24,SP,etanol,1909.3530,1382
2006-05-24,SP,gasolina,3426.5830,1384
2006-05-24,TO,etanol,119.9080,53
2006-05-24,TO,gasolina,150.1450,54
2006-05-25,AC,etanol,8.1400,3
2006-05-25,AC,gasolina,49.9500,16
2006-05-25,AL,etanol,2.1000,1
2006-05-25,AL,gasolina,2.7800,1
2006-05-25,AP,etanol,11.6100,5
2006-05-25,AP,gasolina,66.2920,24
2006-05-25,BA,etanol,325.6860,171
2006-05-25,BA,gasolina,489.6730,188
2006-05-25,DF,etanol,9.6300,5
2006-05-25,DF,gasolina,13.1000,5
2006-05-25,ES,etanol,178.4300,83
2006-05-25,ES,gasolina,235.3520,88
2006-05-25,GO,gasolina,2.6800,1
2006-05-25,MA,etanol,31.5700,14
2006-05-25,MA,gasolina,64.8200,23
2006-05-25,MG,etanol,590.5910,296
2006-05-25,MG,gasolina,798.2190,310
2006-05-25,MS,etanol,4.0000,2
2006-05-25,MS,gasolina,16.5280,6
2006-05-25,MT,etanol,1.9300,1
2006-05-25,MT,gasolina,2.9500,1
2006-05-25,PA,etanol,44.8500,18
2006-05-25,PA,gasolina,155.9120,55
2006-05-25,PB,etanol,11.9500,6
2006-05-25,PB,gasolina,31.8330,12
2006-05-25,PI,etanol,15.9500,7
2006-05-25,PI,gasolina,35.0700,13
2006-05-25,PR,etanol,247.4380,147
2006-05-25,PR,gasolina,386.3030,149
2006-05-25,RJ,etanol,371.8540,181
2006-05-25,RJ,gasolina,525.6370,191
2006-05-25,RN,etanol,27.0490,13
2006-05-25,RN,gasolina,34.4990,13
2006-05-25,RO,etanol,82.3290,35
2006-05-25,RO,gasolina,139.2990,52
2006-05-25,RR,gasolina,14.2500,5
2006-05-25,RS,etanol,245.1560,102
2006-05-25,RS,gasolina,335.3900,119
2006-05-25,SC,etanol,144.7300,77
2006-05-25,SC,gasolina,205.9780,80
2006-05-25,SE,etanol,113.9110,53
2006-05-25,SE,gasolina,157.7170,61
2006-05-25,SP,etanol,1252.6510,905
2006-05-25,SP,gasolina,2245.5890,910
2006-05-29,AM,etanol,93.5400,43
2006-05-29,AM,gasolina,306.7770,116
2006-05-29,AP,gasolina,8.7000,3
2006-05-29,BA,etanol,6.1500,3
2006-05-29,BA,gasolina,8.3700,3
2006-05-29,CE,etanol,58.3170,29
2006-05-29,CE,gasolina,83.6060,32
2006-05-29,DF,etanol,194.3910,102
2006-05-29,DF,gasolina,272.4470,104
2006-05-29,ES,etanol,105.5830,53
2006-05-29,ES,gasolina,145.7620,57
2006-05-29,GO,etanol,1.7900,1
2006-05-29,GO,gasolina,2.6900,1
2006-05-29,MA,etanol,38.5100,18
2006-05-29,MA,gasolina,117.4640,43
2006-05-29,MG,etanol,440.0070,218
2006-05-29,MG,gasolina,588.4810,230
2006-05-29,PA,etanol,21.4520,9
2006-05-29,PA,gasolina,63.8900,23
2006-05-29,PB,etanol,67.8690,33
2006-05-29,PB,gasolina,100.8040,39
2006-05-29,PE,etanol,403.5420,199
2006-05-29,PE,gasolina,610.2400,223
2006-05-29,PI,etanol,56.5000,25
2006-05-29,PI,gasolina,73.1500,29
2006-05-29,PR,etanol,457.8230,282
2006-05-29,PR,gasolina,713.5590,282
2006-05-29,RJ,etanol,179.2380,96
2006-05-29,RJ,gasolina,267.1440,102
2006-05-29,RN,etanol,17.9490,9
2006-05-29,RN,gasolina,23.1120,9
2006-05-29,RR,etanol,46.2000,20
2006-05-29,RR,gasolina,127.1300,43
2006-05-29,RS,etanol,194.1080,89
2006-05-29,RS,gasolina,262.1220,97
2006-05-29,SC,etanol,107.5480,56
2006-05-29,SC,gasolina,151.5910,56
2006-05-29,SP,etanol,687.2820,509
2006-05-29,SP,gasolina,1263.8400,508
2006-05-30,AC,etanol,9.8600,4
2006-05-30,AC,gasolina,25.3700,8
2006-05-30,AL,etanol,20.0380,10
2006-05-30,AL,gasolina,27.2780,10
2006-05-30,AM,etanol,128.8200,59
2006-05-30,AM,gasolina,212.0920,82
2006-05-30,BA,etanol,165.4370,82
2006-05-30,BA,gasolina,243.9960,87
2006-05-30,CE,etanol,420.4100,209
2006-05-30,CE,gasolina,606.7420,231
2006-05-30,DF,etanol,38.7290,20
2006-05-30,DF,gasolina,52.1060,20
2006-05-30,ES,etanol,154.5880,77
2006-05-30,ES,gasolina,202.3160,79
2006-05-30,GO,etanol,48.5150,30
2006-05-30,GO,gasolina,86.7150,34
2006-05-30,MA,etanol,48.1280,21
2006-05-30,MA,gasolina,87.7080,31
2006-05-30,MG,etanol,722.6620,363
2006-05-30,MG,gasolina,958.5980,369
2006-05-30,MS,etanol,60.7090,29
2006-05-30,MS,gasolina,82.3140,29
2006-05-30,MT,etanol,119.9290,56
2006-05-30,MT,gasolina,161.3580,54
2006-05-30,PA,etanol,39.5700,15
2006-05-30,PA,gasolina,81.5380,27
2006-05-30,PB,etanol,74.9490,38
2006-05-30,PB,gasolina,106.0880,41
2006-05-30,PE,etanol,261.2810,128
2006-05-30,PE,gasolina,393.4030,147
2006-05-30,PI,etanol,78.1580,35
2006-05-30,PI,gasolina,114.0580,45
2006-05-30,PR,etanol,348.7290,216
2006-05-30,PR,gasolina,550.5380,217
2006-05-30,RJ,etanol,250.9850,137
2006-05-30,RJ,gasolina,363.8170,143
2006-05-30,RN,etanol,64.4900,32
2006-05-30,RN,gasolina,96.1580,37
2006-05-30,RO,etanol,110.7070,48
2006-05-30,RO,gasolina,200.4910,74
2006-05-30,RS,etanol,582.4260,257
2006-05-30,RS,gasolina,825.3590,300
2006-05-30,SC,etanol,140.9730,76
2006-05-30,SC,gasolina,194.9830,76
2006-05-30,SP,etanol,1082.1080,781
2006-05-30,SP,gasolina,1974.9110,784
2006-05-30,TO,etanol,43.3500,20
2006-05-30,TO,gasolina,55.7400,20
2006-05-31,AC,etanol,74.2400,31
2006-05-31,AC,gasolina,138.1300,46
2006-05-31,AL,etanol,81.7930,39
2006-05-31,AL,gasolina,110.5010,40
2006-05-31,AM,etanol,19.4900,9
2006-05-31,AM,gasolina,39.0050,15
2006-05-31,AP,gasolina,20.6260,7
2006-05-31,BA,etanol,376.9830,190
2006-05-31,BA,gasolina,612.4530,226
2006-05-31,CE,etanol,58.4110,26
2006-05-31,CE,gasolina,112.3560,40
2006-05-31,DF,etanol,24.6090,13
2006-05-31,DF,gasolina,34.5180,13
2006-05-31,ES,etanol,149.5870,72
2006-05-31,ES,gasolina,197.1050,74
2006-05-31,GO,etanol,423.9290,259
2006-05-31,GO,gasolina,668.6430,262
2006-05-31,MA,etanol,129.4620,60
2006-05-31,MA,gasolina,277.9520,99
2006-05-31,MG,etanol,963.6660,503
2006-05-31,MG,gasolina,1299.5230,520
2006-05-31,MS,etanol,119.0160,58
2006-05-31,MS,gasolina,172.8010,61
2006-05-31,MT,etanol,302.1680,148
2006-05-31,MT,gasolina,446.1580,150
2006-05-31,PA,etanol,143.8260,59
2006-05-31,PA,gasolina,311.8380,117
2006-05-31,PB,etanol,160.1030,81
2006-05-31,PB,gasolina,229.7020,88
2006-05-31,PE,etanol,109.8570,55
2006-05-31,PE,gasolina,157.3970,59
2006-05-31,PI,etanol,20.4100,9
2006-05-31,PI,gasolina,22.5300,9
2006-05-31,PR,etanol,304.8990,194
2006-05-31,PR,gasolina,492.3310,194
2006-05-31,RJ,etanol,850.6150,448
2006-05-31,RJ,gasolina,1270.1730,482
2006-05-31,RN,etanol,156.2490,77
2006-05-31,RN,gasolina,220.4160,83
2006-05-31,RO,etanol,93.2950,40
2006-05-31,RO,gasolina,120.2250,42
2006-05-31,RR,gasolina,26.4700,9
2006-05-31,RS,etanol,586.8020,255
2006-05-31,RS,gasolina,876.2830,312
2006-05-31,SC,etanol,565.9790,313
2006-05-31,SC,gasolina,814.5800,315
2006-05-31,SE,etanol,152.1890,71
2006-05-31,SE,gasolina,229.8320,89
2006-05-31,SP,etanol,1572.8540,1185
2006-05-31,SP,gasolina,2920.3760,1189
2006-05-31,TO,etanol,96.0680,43
2006-05-31,TO,gasolina,132.6240,48
2006-06-01,AC,etanol,7.2500,3
2006-06-01,AC,gasolina,11.7400,4
2006-06-01,AL,etanol,157.2260,77
2006-06-01,AL,gasolina,224.0240,79
2006-06-01,AP,etanol,22.8500,10
2006-06-01,AP,gasolina,112.5700,42
2006-06-01,BA,etanol,374.8340,197
2006-06-01,BA,gasolina,556.9760,212
2006-06-01,DF,etanol,9.6300,5
2006-06-01,DF,gasolina,13.1000,5
2006-06-01,ES,etanol,100.8830,49
2006-06-01,ES,gasolina,132.4260,48
2006-06-01,GO,etanol,108.2770,66
2006-06-01,GO,gasolina,177.2400,66
2006-06-01,MA,etanol,20.9000,9
2006-06-01,MA,gasolina,56.2700,20
2006-06-01,MG,etanol,442.3350,231
2006-06-01,MG,gasolina,608.5220,243
2006-06-01,MS,etanol,175.8810,91
2006-06-01,MS,gasolina,250.9490,91
2006-06-01,PA,etanol,42.3800,17
2006-06-01,PA,gasolina,156.4780,55
2006-06-01,PB,etanol,9.6300,5
2006-06-01,PB,gasolina,11.9590,5
2006-06-01,PI,etanol,54.1800,23
2006-06-01,PI,gasolina,79.7400,29
2006-06-01,PR,etanol,112.9490,72
2006-06-01,PR,gasolina,180.9520,72
2006-06-01,RJ,etanol,397.3680,204
2006-06-01,RJ,gasolina,565.3000,212
2006-06-01,RN,etanol,42.2020,21
2006-06-01,RN,gasolina,57.5600,22
2006-06-01,RO,etanol,9.8000,4
2006-06-01,RO,gasolina,12.0200,4
2006-06-01,RR,gasolina,8.9000,3
2006-06-01,RS,etanol,105.9350,46
2006-06-01,RS,gasolina,145.2260,52
2006-06-01,SC,etanol,131.0780,68
2006-06-01,SC,gasolina,184.7380,71
2006-06-01,SE,etanol,8.8600,4
2006-06-01,SE,gasolina,10.6400,4
2006-06-01,SP,etanol,928.0420,690
2006-06-01,SP,gasolina,1703.6900,699
2006-06-02,SP,etanol,32.1230,25
2006-06-02,SP,gasolina,59.7530,25
2006-06-05,AM,etanol,93.0300,43
2006-06-05,AM,gasolina,296.7380,113
2006-06-05,AP,gasolina,5.8000,2
2006-06-05,CE,etanol,324.5130,163
2006-06-05,CE,gasolina,493.2930,190
2006-06-05,DF,etanol,109.5830,58
2006-06-05,DF,gasolina,149.4860,58
2006-06-05,ES,etanol,120.0390,62
2006-06-05,ES,gasolina,165.7440,65
2006-06-05,MG,etanol,382.8680,192
2006-06-05,MG,gasolina,516.6360,203
2006-06-05,PA,etanol,45.5400,19
2006-06-05,PA,gasolina,123.8030,46
2006-06-05,PB,etanol,46.7200,23
2006-06-05,PB,gasolina,75.4470,29
2006-06-05,PE,etanol,410.9450,209
2006-06-05,PE,gasolina,557.8240,205
2006-06-05,PI,etanol,40.0300,18
2006-06-05,PI,gasolina,50.5700,20
2006-06-05,PR,etanol,411.3540,262
2006-06-05,PR,gasolina,652.8690,262
2006-06-05,RJ,etanol,213.8870,116
2006-06-05,RJ,gasolina,330.0760,128
2006-06-05,RR,etanol,43.1000,19
2006-06-05,RR,gasolina,127.0000,43
2006-06-05,RS,etanol,148.2720,66
2006-06-05,RS,gasolina,203.1530,74
2006-06-05,SC,etanol,183.7210,103
2006-06-05,SC,gasolina,270.3230,103
2006-06-05,SP,etanol,346.2300,255
2006-06-05,SP,gasolina,638.2990,256
2006-06-06,AC,etanol,82.6100,35
2006-06-06,AC,gasolina,108.8200,37
2006-06-06,AM,etanol,109.4200,51
2006-06-06,AM,gasolina,201.8990,80
2006-06-06,AP,gasolina,2.9000,1
2006-06-06,BA,etanol,111.7000,54
2006-06-06,BA,gasolina,165.4880,58
2006-06-06,CE,etanol,169.6690,81
2006-06-06,CE,gasolina,271.5350,97
2006-06-06,DF,etanol,89.3820,48
2006-06-06,DF,gasolina,124.6430,49
2006-06-06,ES,etanol,99.2100,49
2006-06-06,ES,gasolina,130.2930,50
2006-06-06,GO,etanol,146.3350,85
2006-06-06,GO,gasolina,231.0710,88
2006-06-06,MA,etanol,137.1350,63
2006-06-06,MA,gasolina,316.6050,114
2006-06-06,MG,etanol,528.2640,268
2006-06-06,MG,gasolina,712.0880,274
2006-06-06,MS,etanol,41.9350,21
2006-06-06,MS,gasolina,59.2950,21
2006-06-06,MT,etanol,162.0770,78
2006-06-06,MT,gasolina,226.3760,76
2006-06-06,PA,etanol,68.3620,27
2006-06-06,PA,gasolina,200.1360,70
2006-06-06,PB,etanol,164.3010,83
2006-06-06,PB,gasolina,238.6870,92
2006-06-06,PE,etanol,205.5050,99
2006-06-06,PE,gasolina,296.7980,110
2006-06-06,PI,etanol,93.2600,42
2006-06-06,PI,gasolina,122.9500,49
2006-06-06,PR,etanol,366.8490,238
2006-06-06,PR,gasolina,592.8200,238
2006-06-06,RJ,etanol,413.6220,222
2006-06-06,RJ,gasolina,596.4970,229
2006-06-06,RN,etanol,59.0800,30
2006-06-06,RN,gasolina,86.9900,34
2006-06-06,RO,etanol,81.5880,35
2006-06-06,RO,gasolina,104.0100,37
2006-06-06,RS,etanol,442.8060,195
2006-06-06,RS,gasolina,608.6090,218
2006-06-06,SC,etanol,166.9990,91
2006-06-06,SC,gasolina,245.7690,95
2006-06-06,SP,etanol,980.2190,724
2006-06-06,SP,gasolina,1802.3270,723
2006-06-06,TO,etanol,36.6200,18
2006-06-06,TO,gasolina,49.7400,18
2006-06-07,AC,etanol,4.9000,2
2006-06-07,AC,gasolina,24.9000,8
2006-06-07,AL,etanol,41.2260,20
2006-06-07,AL,gasolina,57.9640,21
2006-06-07,AM,etanol,30.2200,14
2006-06-07,AM,gasolina,50.0970,20
2006-06-07,AP,etanol,25.1500,11
2006-06-07,AP,gasolina,114.6500,43
2006-06-07,BA,etanol,414.2290,209
2006-06-07,BA,gasolina,632.5600,232
2006-06-07,CE,etanol,32.4400,15
2006-06-07,CE,gasolina,45.9700,16
2006-06-07,DF,etanol,55.8800,30
2006-06-07,DF,gasolina,76.4970,30
2006-06-07,ES,etanol,170.0250,84
2006-06-07,ES,gasolina,233.8540,87
2006-06-07,GO,etanol,408.3010,265
2006-06-07,GO,gasolina,681.3770,272
2006-06-07,MA,etanol,88.5190,40
2006-06-07,MA,gasolina,177.2730,63
2006-06-07,MG,etanol,1342.8570,710
2006-06-07,MG,gasolina,1815.1990,734
2006-06-07,MS,etanol,293.1190,150
2006-06-07,MS,gasolina,426.3670,153
2006-06-07,MT,etanol,244.3480,122
2006-06-07,MT,gasolina,366.2220,123
2006-06-07,PA,etanol,115.8450,47
2006-06-07,PA,gasolina,286.8000,105
2006-06-07,PB,etanol,83.9290,43
2006-06-07,PB,gasolina,129.1180,50
2006-06-07,PE,etanol,140.6410,71
2006-06-07,PE,gasolina,227.3810,85
2006-06-07,PI,etanol,30.4690,14
2006-06-07,PI,gasolina,56.4990,22
2006-06-07,PR,etanol,143.8530,93
2006-06-07,PR,gasolina,242.5790,95
2006-06-07,RJ,etanol,775.3850,417
2006-06-07,RJ,gasolina,1161.8130,443
2006-06-07,RN,etanol,192.4880,95
2006-06-07,RN,gasolina,267.7130,101
2006-06-07,RO,etanol,79.5800,36
2006-06-07,RO,gasolina,129.7280,47
2006-06-07,RR,gasolina,14.9200,5
2006-06-07,RS,etanol,761.2870,348
2006-06-07,RS,gasolina,1174.1120,426
2006-06-07,SC,etanol,395.0870,224
2006-06-07,SC,gasolina,581.4990,225
2006-06-07,SE,etanol,155.7140,73
2006-06-07,SE,gasolina,232.3520,90
2006-06-07,SP,etanol,2198.6500,1655
2006-06-07,SP,gasolina,4117.7390,1666
2006-06-07,TO,etanol,104.3300,47
2006-06-07,TO,gasolina,141.1160,51
2006-06-08,AC,gasolina,34.8100,11
2006-06-08,AL,etanol,197.2970,97
2006-06-08,AL,gasolina,275.8580,98
2006-06-08,AP,gasolina,20.6200,7
2006-06-08,BA,etanol,403.6930,213
2006-06-08,BA,gasolina,636.7240,244
2006-06-08,DF,etanol,114.5250,63
2006-06-08,DF,gasolina,153.7730,63
2006-06-08,ES,etanol,110.7200,55
2006-06-08,ES,gasolina,148.0880,56
2006-06-08,MA,etanol,13.7480,6
2006-06-08,MA,gasolina,39.1300,14
2006-06-08,MG,etanol,297.3400,150
2006-06-08,MG,gasolina,418.3500,158
2006-06-08,PA,gasolina,8.2440,3
2006-06-08,PB,etanol,9.6290,5
2006-06-08,PB,gasolina,12.0400,5
2006-06-08,PE,etanol,4.0800,2
2006-06-08,PE,gasolina,5.4000,2
2006-06-08,PI,etanol,42.4300,18
2006-06-08,PI,gasolina,58.1000,21
2006-06-08,PR,etanol,281.2120,180
2006-06-08,PR,gasolina,447.0220,180
2006-06-08,RJ,etanol,269.6230,137
2006-06-08,RJ,gasolina,399.8870,146
2006-06-08,RN,etanol,25.1290,12
2006-06-08,RN,gasolina,37.3570,14
2006-06-08,RO,etanol,70.0890,30
2006-06-08,RO,gasolina,118.1900,44
2006-06-08,RR,gasolina,23.1500,8
2006-06-08,RS,etanol,262.1540,120
2006-06-08,RS,gasolina,393.4090,143
2006-06-08,SC,etanol,148.8860,81
2006-06-08,SC,gasolina,218.8620,84
2006-06-08,SE,etanol,8.8000,4
2006-06-08,SE,gasolina,10.6400,4
2006-06-08,SP,etanol,810.0530,615
2006-06-08,SP,gasolina,1495.9510,618
2006-06-09,AL,etanol,14.5880,7
2006-06-09,AL,gasolina,19.2530,7
2006-06-12,AC,etanol,11.4900,5
2006-06-12,AC,gasolina,17.6000,6
2006-06-12,AL,etanol,16.2580,8
2006-06-12,AL,gasolina,22.6790,8
2006-06-12,AM,etanol,55.8590,26
2006-06-12,AM,gasolina,220.3780,84
2006-06-12,AP,etanol,7.0100,3
2006-06-12,AP,gasolina,34.6900,13
2006-06-12,BA,etanol,197.3240,104
2006-06-12,BA,gasolina,305.3000,116
2006-06-12,CE,etanol,308.6270,156
2006-06-12,CE,gasolina,473.5310,172
2006-06-12,DF,etanol,129.0330,71
2006-06-12,DF,gasolina,173.1280,71
2006-06-12,ES,etanol,133.5640,69
2006-06-12,ES,gasolina,183.8740,70
2006-06-12,MA,etanol,10.9500,5
2006-06-12,MA,gasolina,13.3300,5
2006-06-12,MG,etanol,579.8590,295
2006-06-12,MG,gasolina,799.2250,309
2006-06-12,MT,etanol,5.9700,3
2006-06-12,MT,gasolina,5.9790,2
2006-06-12,PA,etanol,22.0110,9
2006-06-12,PA,gasolina,67.3800,24
2006-06-12,PB,etanol,43.7100,22
2006-06-12,PB,gasolina,71.8340,28
2006-06-12,PE,etanol,446.6240,226
2006-06-12,PE,gasolina,745.4950,274
2006-06-12,PI,etanol,74.2700,34
2006-06-12,PI,gasolina,99.4200,40
2006-06-12,PR,etanol,397.6280,266
2006-06-12,PR,gasolina,647.9910,265
2006-06-12,RJ,etanol,64.3170,36
2006-06-12,RJ,gasolina,95.3650,37
2006-06-12,RN,etanol,182.3380,92
2006-06-12,RN,gasolina,255.5310,98
2006-06-12,RO,etanol,23.7500,11
2006-06-12,RO,gasolina,65.0890,25
2006-06-12,RR,etanol,49.9300,22
2006-06-12,RR,gasolina,126.7300,43
2006-06-12,RS,etanol,280.8410,133
2006-06-12,RS,gasolina,398.7260,147
2006-06-12,SC,etanol,107.3310,59
2006-06-12,SC,gasolina,156.9580,59
2006-06-12,SP,etanol,580.9690,439
2006-06-12,SP,gasolina,1091.9650,441
2006-06-13,AC,etanol,42.2100,18
2006-06-13,AC,gasolina,65.1400,22
2006-06-13,AL,etanol,63.1930,31
2006-06-13,AL,gasolina,88.1490,31
2006-06-13,AM,etanol,103.0800,49
2006-06-13,AM,gasolina,181.2480,74
2006-06-13,AP,etanol,13.6500,6
2006-06-13,AP,gasolina,73.8900,28
2006-06-13,BA,etanol,74.0700,38
2006-06-13,BA,gasolina,131.4840,49
2006-06-13,CE,etanol,187.6090,90
2006-06-13,CE,gasolina,306.8000,110
2006-06-13,DF,etanol,85.8900,47
2006-06-13,DF,gasolina,117.6090,49
2006-06-13,ES,etanol,176.2540,89
2006-06-13,ES,gasolina,242.9650,93
2006-06-13,GO,etanol,249.3140,157
2006-06-13,GO,gasolina,414.5310,163
2006-06-13,MA,etanol,66.3760,30
2006-06-13,MA,gasolina,174.0910,63
2006-06-13,MG,etanol,399.8530,204
2006-06-13,MG,gasolina,537.3220,205
2006-06-13,MS,etanol,57.6520,29
2006-06-13,MS,gasolina,83.1850,29
2006-06-13,MT,etanol,1.9200,1
2006-06-13,MT,gasolina,2.9500,1
2006-06-13,PA,etanol,23.2400,9
2006-06-13,PA,gasolina,115.5520,39
2006-06-13,PB,etanol,74.7800,38
2006-06-13,PB,gasolina,109.8590,43
2006-06-13,PE,etanol,158.8330,78
2006-06-13,PE,gasolina,221.6310,83
2006-06-13,PI,etanol,31.3400,14
2006-06-13,PI,gasolina,50.9400,20
2006-06-13,PR,etanol,228.4960,148
2006-06-13,PR,gasolina,368.5160,148
2006-06-13,RJ,etanol,393.6330,215
2006-06-13,RJ,gasolina,604.0470,234
2006-06-13,RN,gasolina,2.6400,1
2006-06-13,RO,etanol,50.0590,22
2006-06-13,RO,gasolina,92.4890,33
2006-06-13,RR,gasolina,14.9200,5
2006-06-13,RS,etanol,323.1640,148
2006-06-13,RS,gasolina,467.1590,169
2006-06-13,SC,etanol,269.2020,149
2006-06-13,SC,gasolina,391.9180,150
2006-06-13,SP,etanol,1151.1650,870
2006-06-13,SP,gasolina,2142.6380,872
2006-06-13,TO,etanol,20.1000,10
2006-06-13,TO,gasolina,29.7880,11
2006-06-14,AC,etanol,13.9400,6
2006-06-14,AC,gasolina,20.6800,7
2006-06-14,AL,etanol,86.0620,43
2006-06-14,AL,gasolina,123.6440,44
2006-06-14,AM,etanol,74.4400,35
2006-06-14,AM,gasolina,135.4540,55
2006-06-14,AP,etanol,4.4900,2
2006-06-14,AP,gasolina,13.1600,5
2006-06-14,BA,etanol,378.7100,195
2006-06-14,BA,gasolina,578.7880,216
2006-06-14,CE,etanol,38.9300,18
2006-06-14,CE,gasolina,60.0200,21
2006-06-14,DF,etanol,31.0680,17
2006-06-14,DF,gasolina,40.3090,17
2006-06-14,ES,etanol,95.4670,48
2006-06-14,ES,gasolina,129.5650,48
2006-06-14,GO,etanol,257.3500,164
2006-06-14,GO,gasolina,418.6970,165
2006-06-14,MA,etanol,121.9310,57
2006-06-14,MA,gasolina,254.6630,91
2006-06-14,MG,etanol,1019.4670,545
2006-06-14,MG,gasolina,1384.8330,563
2006-06-14,MS,etanol,95.8420,47
2006-06-14,MS,gasolina,132.5680,47
2006-06-14,MT,etanol,166.8690,79
2006-06-14,MT,gasolina,240.9370,80
2006-06-14,PA,etanol,141.9520,59
2006-06-14,PA,gasolina,284.1860,109
2006-06-14,PB,etanol,174.5170,88
2006-06-14,PB,gasolina,241.7610,95
2006-06-14,PE,etanol,119.6460,60
2006-06-14,PE,gasolina,168.8870,65
2006-06-14,PI,etanol,32.4090,15
2006-06-14,PI,gasolina,36.7290,15
2006-06-14,PR,etanol,422.0910,273
2006-06-14,PR,gasolina,696.2510,276
2006-06-14,RJ,etanol,1118.8360,610
2006-06-14,RJ,gasolina,1685.5490,643
2006-06-14,RN,etanol,78.9880,38
2006-06-14,RN,gasolina,113.7480,43
2006-06-14,RO,etanol,100.6680,44
2006-06-14,RO,gasolina,132.6810,48
2006-06-14,RR,gasolina,8.9000,3
2006-06-14,RS,etanol,647.3670,297
2006-06-14,RS,gasolina,968.3790,351
2006-06-14,SC,etanol,513.9610,296
2006-06-14,SC,gasolina,769.4270,301
2006-06-14,SE,etanol,51.0690,24
2006-06-14,SE,gasolina,78.8400,30
2006-06-14,SP,etanol,2140.2770,1618
2006-06-14,SP,gasolina,4017.1240,1629
2006-06-14,TO,etanol,114.2980,53
2006-06-14,TO,gasolina,158.3550,57
2006-06-16,AC,etanol,7.3500,3
2006-06-16,AC,gasolina,62.8600,20
2006-06-16,AL,etanol,94.0740,45
2006-06-16,AL,gasolina,127.2110,46
2006-06-16,AP,gasolina,20.6400,7
2006-06-16,BA,etanol,281.8260,142
2006-06-16,BA,gasolina,427.9890,156
2006-06-16,DF,etanol,59.8160,34
2006-06-16,DF,gasolina,81.3630,34
2006-06-16,ES,etanol,155.5460,78
2006-06-16,ES,gasolina,211.3120,80
2006-06-16,GO,etanol,51.5860,35
2006-06-16,GO,gasolina,88.7870,36
2006-06-16,MA,etanol,34.1100,15
2006-06-16,MA,gasolina,87.1580,31
2006-06-16,MG,etanol,536.5530,280
2006-06-16,MG,gasolina,742.4670,292
2006-06-16,MS,etanol,202.6240,108
2006-06-16,MS,gasolina,300.1700,109
2006-06-16,MT,etanol,242.9500,124
2006-06-16,MT,gasolina,366.3100,124
2006-06-16,PA,etanol,59.2700,23
2006-06-16,PA,gasolina,157.1680,55
2006-06-16,PB,etanol,19.2490,10
2006-06-16,PB,gasolina,24.9390,10
2006-06-16,PE,gasolina,2.6000,1
2006-06-16,PI,etanol,67.8900,29
2006-06-16,PI,gasolina,101.0400,37
2006-06-16,PR,etanol,121.8120,77
2006-06-16,PR,gasolina,196.6840,77
2006-06-16,RJ,etanol,61.0570,32
2006-06-16,RJ,gasolina,92.9630,34
2006-06-16,RN,etanol,15.0900,7
2006-06-16,RN,gasolina,18.4800,7
2006-06-16,RO,etanol,49.4590,21
2006-06-16,RO,gasolina,78.6490,29
2006-06-16,RR,gasolina,14.5500,5
2006-06-16,RS,etanol,364.2370,167
2006-06-16,RS,gasolina,555.0210,201
2006-06-16,SC,etanol,21.2650,11
2006-06-16,SC,gasolina,28.2370,11
2006-06-16,SE,etanol,110.7240,52
2006-06-16,SE,gasolina,161.4110,63
2006-06-16,SP,etanol,449.3310,330
2006-06-16,SP,gasolina,823.5680,331
2006-06-19,AC,etanol,30.6100,13
2006-06-19,AC,gasolina,41.9100,14
2006-06-19,AL,etanol,35.8370,18
2006-06-19,AL,gasolina,51.1040,18
2006-06-19,AM,etanol,107.2790,51
2006-06-19,AM,gasolina,323.4280,127
2006-06-19,AP,etanol,2.3100,1
2006-06-19,AP,gasolina,10.6900,4
2006-06-19,BA,etanol,141.2290,73
2006-06-19,BA,gasolina,233.4860,88
2006-06-19,CE,etanol,202.3570,103
2006-06-19,CE,gasolina,319.8980,116
2006-06-19,DF,etanol,83.3060,47
2006-06-19,DF,gasolina,110.5740,47
2006-06-19,ES,etanol,133.3160,69
2006-06-19,ES,gasolina,184.8020,71
2006-06-19,GO,etanol,1.6290,1
2006-06-19,GO,gasolina,2.6490,1
2006-06-19,MA,etanol,44.2800,20
2006-06-19,MA,gasolina,121.4340,44
2006-06-19,MG,etanol,444.5760,231
2006-06-19,MG,gasolina,622.0100,242
2006-06-19,MS,etanol,17.7840,9
2006-06-19,MS,gasolina,25.3490,9
2006-06-19,MT,etanol,43.4400,19
2006-06-19,MT,gasolina,62.6600,20
2006-06-19,PA,etanol,51.9290,21
2006-06-19,PA,gasolina,163.8530,58
2006-06-19,PB,etanol,16.1400,8
2006-06-19,PB,gasolina,37.1890,14
2006-06-19,PE,etanol,497.4250,252
2006-06-19,PE,gasolina,774.5040,304
2006-06-19,PI,etanol,62.1200,28
2006-06-19,PI,gasolina,83.0900,33
2006-06-19,PR,etanol,345.0330,225
2006-06-19,PR,gasolina,555.9140,224
2006-06-19,RJ,etanol,87.0260,49
2006-06-19,RJ,gasolina,138.0810,54
2006-06-19,RN,etanol,58.9090,30
2006-06-19,RN,gasolina,82.6320,33
2006-06-19,RO,etanol,12.6700,6
2006-06-19,RO,gasolina,26.7990,10
2006-06-19,RR,etanol,45.2700,20
2006-06-19,RR,gasolina,126.8600,43
2006-06-19,RS,etanol,143.6840,67
2006-06-19,RS,gasolina,203.3220,74
2006-06-19,SC,etanol,109.5380,60
2006-06-19,SC,gasolina,162.3650,61
2006-06-19,SP,etanol,376.5730,281
2006-06-19,SP,gasolina,698.4800,281
2006-06-20,AC,etanol,55.7200,24
2006-06-20,AC,gasolina,86.3400,29
2006-06-20,AL,etanol,119.3630,59
2006-06-20,AL,gasolina,168.6020,60
2006-06-20,AM,etanol,107.0500,51
2006-06-20,AM,gasolina,177.6350,70
2006-06-20,AP,etanol,22.8400,10
2006-06-20,AP,gasolina,109.6300,42
2006-06-20,BA,etanol,458.2650,236
2006-06-20,BA,gasolina,716.8610,267
2006-06-20,CE,etanol,286.6600,139
2006-06-20,CE,gasolina,471.7160,170
2006-06-20,DF,etanol,79.5610,45
2006-06-20,DF,gasolina,112.9230,47
2006-06-20,ES,etanol,175.2100,89
2006-06-20,ES,gasolina,236.1770,90
2006-06-20,GO,etanol,201.7490,128
2006-06-20,GO,gasolina,341.5500,134
2006-06-20,MA,etanol,52.1340,23
2006-06-20,MA,gasolina,90.0170,32
2006-06-20,MG,etanol,919.8110,480
2006-06-20,MG,gasolina,1270.3880,502
2006-06-20,MS,etanol,165.6540,83
2006-06-20,MS,gasolina,235.0820,83
2006-06-20,MT,etanol,314.8010,159
2006-06-20,MT,gasolina,464.7030,157
2006-06-20,PA,etanol,82.3870,33
2006-06-20,PA,gasolina,222.0060,80
2006-06-20,PB,etanol,136.7860,70
2006-06-20,PB,gasolina,187.2970,75
2006-06-20,PE,etanol,194.6740,96
2006-06-20,PE,gasolina,268.3750,103
2006-06-20,PI,etanol,88.1900,39
2006-06-20,PI,gasolina,120.9100,47
2006-06-20,PR,etanol,535.0960,354
2006-06-20,PR,gasolina,897.6750,355
2006-06-20,RJ,etanol,400.9350,220
2006-06-20,RJ,gasolina,602.9690,233
2006-06-20,RN,etanol,56.7200,27
2006-06-20,RN,gasolina,76.6700,29
2006-06-20,RO,etanol,118.9990,53
2006-06-20,RO,gasolina,172.7280,62
2006-06-20,RS,etanol,632.1770,300
2006-06-20,RS,gasolina,946.0190,346
2006-06-20,SC,etanol,326.6230,191
2006-06-20,SC,gasolina,484.0860,192
2006-06-20,SE,etanol,8.6100,4
2006-06-20,SE,gasolina,10.6400,4
2006-06-20,SP,etanol,1713.4590,1288
2006-06-20,SP,gasolina,3208.6020,1293
2006-06-20,TO,etanol,19.5700,10
2006-06-20,TO,gasolina,27.0900,10
2006-06-21,AC,gasolina,40.8000,13
2006-06-21,AL,etanol,103.2090,50
2006-06-21,AL,gasolina,141.9450,51
2006-06-21,AM,etanol,20.7000,10
2006-06-21,AM,gasolina,41.2470,16
2006-06-21,AP,gasolina,20.6450,7
2006-06-21,BA,etanol,299.4230,154
2006-06-21,BA,gasolina,472.5800,175
2006-06-21,CE,etanol,30.7500,14
2006-06-21,CE,gasolina,48.0900,17
2006-06-21,DF,etanol,77.2480,43
2006-06-21,DF,gasolina,98.4890,43
2006-06-21,ES,etanol,157.0830,78
2006-06-21,ES,gasolina,215.0810,79
2006-06-21,GO,etanol,353.8690,227
2006-06-21,GO,gasolina,584.3300,229
2006-06-21,MA,etanol,134.5420,63
2006-06-21,MA,gasolina,317.1800,114
2006-06-21,MG,etanol,968.0420,516
2006-06-21,MG,gasolina,1326.9690,533
2006-06-21,MS,etanol,171.4500,93
2006-06-21,MS,gasolina,257.7950,94
2006-06-21,MT,etanol,56.8280,29
2006-06-21,MT,gasolina,88.4630,30
2006-06-21,PA,etanol,106.1630,44
2006-06-21,PA,gasolina,230.8100,87
2006-06-21,PB,etanol,152.8580,77
2006-06-21,PB,gasolina,205.8570,82
2006-06-21,PE,etanol,25.6570,13
2006-06-21,PE,gasolina,37.0980,14
2006-06-21,PI,etanol,37.6300,17
2006-06-21,PI,gasolina,68.3100,27
2006-06-21,PR,etanol,301.9220,191
2006-06-21,PR,gasolina,503.1110,198
2006-06-21,RJ,etanol,938.6010,510
2006-06-21,RJ,gasolina,1393.1320,533
2006-06-21,RN,etanol,158.4270,80
2006-06-21,RN,gasolina,222.5200,87
2006-06-21,RO,etanol,81.4690,37
2006-06-21,RO,gasolina,140.6790,53
2006-06-21,RR,gasolina,38.3700,13
2006-06-21,RS,etanol,712.6290,331
2006-06-21,RS,gasolina,1111.7640,402
2006-06-21,SC,etanol,435.9890,247
2006-06-21,SC,gasolina,647.7430,251
2006-06-21,SE,etanol,42.6100,20
2006-06-21,SE,gasolina,68.1200,26
2006-06-21,SP,etanol,2102.6980,1598
2006-06-21,SP,gasolina,3954.3700,1611
2006-06-21,TO,etanol,116.5650,55
2006-06-21,TO,gasolina,161.3840,58
2006-06-22,BA,etanol,12.7800,7
2006-06-22,BA,gasolina,18.5900,7
2006-06-22,DF,etanol,109.4740,63
2006-06-22,DF,gasolina,147.1520,63
2006-06-22,ES,etanol,61.7760,32
2006-06-22,ES,gasolina,85.1960,33
2006-06-22,MG,etanol,173.6820,91
2006-06-22,MG,gasolina,243.1700,93
2006-06-22,PB,etanol,7.7700,4
2006-06-22,PB,gasolina,10.0290,4
2006-06-22,PI,etanol,13.9300,6
2006-06-22,PI,gasolina,16.0300,6
2006-06-22,PR,etanol,1.5700,1
2006-06-22,PR,gasolina,2.5700,1
2006-06-22,RJ,etanol,206.1140,112
2006-06-22,RJ,gasolina,331.0430,123
2006-06-22,RO,etanol,15.0500,6
2006-06-22,RO,gasolina,19.1800,6
2006-06-22,RS,etanol,98.3120,46
2006-06-22,RS,gasolina,133.9400,49
2006-06-22,SC,etanol,26.2220,15
2006-06-22,SC,gasolina,38.3900,15
2006-06-22,SE,etanol,103.5000,49
2006-06-22,SE,gasolina,156.2520,61
2006-06-22,SP,etanol,64.9360,49
2006-06-22,SP,gasolina,124.4560,50
2006-06-26,AL,etanol,11.8640,6
2006-06-26,AL,gasolina,19.3250,7
2006-06-26,AM,etanol,92.0190,44
2006-06-26,AM,gasolina,316.2780,120
2006-06-26,AP,etanol,9.0400,4
2006-06-26,AP,gasolina,63.2800,24
2006-06-26,BA,etanol,334.9000,175
2006-06-26,BA,gasolina,519.4670,196
2006-06-26,CE,etanol,214.1840,105
2006-06-26,CE,gasolina,360.1480,130
2006-06-26,DF,etanol,129.4500,75
2006-06-26,DF,gasolina,178.9690,76
2006-06-26,ES,etanol,127.6590,66
2006-06-26,ES,gasolina,172.3760,66
2006-06-26,GO,etanol,5.2400,3
2006-06-26,GO,gasolina,7.9000,3
2006-06-26,MA,etanol,6.3390,3
2006-06-26,MA,gasolina,16.2870,6
2006-06-26,MG,etanol,786.4270,410
2006-06-26,MG,gasolina,1113.5710,428
2006-06-26,MS,etanol,25.4680,13
2006-06-26,MS,gasolina,36.6780,13
2006-06-26,MT,etanol,45.3700,23
2006-06-26,MT,gasolina,68.2080,23
2006-06-26,PA,etanol,52.4810,22
2006-06-26,PA,gasolina,157.4190,58
2006-06-26,PB,etanol,72.2700,36
2006-06-26,PB,gasolina,108.3970,42
2006-06-26,PE,etanol,403.8190,203
2006-06-26,PE,gasolina,755.0420,276
2006-06-26,PI,etanol,69.7100,32
2006-06-26,PI,gasolina,101.4200,41
2006-06-26,PR,etanol,397.4400,260
2006-06-26,PR,gasolina,668.4020,263
2006-06-26,RJ,etanol,159.6910,89
2006-06-26,RJ,gasolina,238.7830,92
2006-06-26,RN,etanol,58.9990,30
2006-06-26,RN,gasolina,85.0780,33
2006-06-26,RO,etanol,35.1480,17
2006-06-26,RO,gasolina,84.8600,33
2006-06-26,RR,etanol,47.8500,21
2006-06-26,RR,gasolina,139.4100,47
2006-06-26,RS,etanol,389.9130,190
2006-06-26,RS,gasolina,584.6880,215
2006-06-26,SC,etanol,274.1920,157
2006-06-26,SC,gasolina,401.2020,156
2006-06-26,SP,etanol,935.4690,714
2006-06-26,SP,gasolina,1754.4940,716
2006-06-27,AC,etanol,35.4500,15
2006-06-27,AC,gasolina,108.0200,35
2006-06-27,AL,etanol,156.0370,77
2006-06-27,AL,gasolina,220.6240,78
2006-06-27,AM,etanol,78.5700,38
2006-06-27,AM,gasolina,139.6770,54
2006-06-27,AP,etanol,13.8200,6
2006-06-27,AP,gasolina,56.6100,22
2006-06-27,BA,etanol,314.5990,164
2006-06-27,BA,gasolina,471.2430,176
2006-06-27,CE,etanol,266.4750,133
2006-06-27,CE,gasolina,395.4890,143
2006-06-27,DF,etanol,54.4290,30
2006-06-27,DF,gasolina,71.6180,30
2006-06-27,ES,etanol,222.9020,115
2006-06-27,ES,gasolina,309.6600,118
2006-06-27,GO,etanol,121.3230,78
2006-06-27,GO,gasolina,205.0220,81
2006-06-27,MA,etanol,87.8660,39
2006-06-27,MA,gasolina,194.3040,70
2006-06-27,MG,etanol,643.6420,343
2006-06-27,MG,gasolina,878.9820,351
2006-06-27,MS,etanol,175.8300,91
2006-06-27,MS,gasolina,256.9830,92
2006-06-27,MT,etanol,134.6740,65
2006-06-27,MT,gasolina,195.6670,65
2006-06-27,PA,etanol,57.2000,22
2006-06-27,PA,gasolina,134.8690,45
2006-06-27,PB,etanol,166.3330,85
2006-06-27,PB,gasolina,230.0840,93
2006-06-27,PE,etanol,261.0100,130
2006-06-27,PE,gasolina,352.1530,134
2006-06-27,PI,etanol,91.2600,40
2006-06-27,PI,gasolina,120.9700,46
2006-06-27,PR,etanol,265.9560,173
2006-06-27,PR,gasolina,441.0250,172
2006-06-27,RJ,etanol,78.2630,45
2006-06-27,RJ,gasolina,121.9510,48
2006-06-27,RN,etanol,31.5790,16
2006-06-27,RN,gasolina,43.7790,17
2006-06-27,RO,etanol,32.9500,14
2006-06-27,RO,gasolina,62.9790,22
2006-06-27,RR,etanol,6.9000,3
2006-06-27,RR,gasolina,8.9500,3
2006-06-27,RS,etanol,231.0630,112
2006-06-27,RS,gasolina,402.9100,147
2006-06-27,SC,etanol,152.3840,87
2006-06-27,SC,gasolina,231.2660,90
2006-06-27,SP,etanol,1290.7400,979
2006-06-27,SP,gasolina,2422.1700,978
2006-06-27,TO,etanol,4.3600,2
2006-06-27,TO,gasolina,5.8000,2
2006-06-28,AC,etanol,48.2000,21
2006-06-28,AC,gasolina,67.3900,23
2006-06-28,AL,etanol,81.5640,39
2006-06-28,AL,gasolina,110.4910,40
2006-06-28,AM,etanol,58.6000,28
2006-06-28,AM,gasolina,100.9150,39
2006-06-28,AP,gasolina,20.6260,7
2006-06-28,BA,etanol,260.1090,131
2006-06-28,BA,gasolina,429.1570,157
2006-06-28,CE,etanol,36.3080,17
2006-06-28,CE,gasolina,62.3580,22
2006-06-28,DF,etanol,114.4170,65
2006-06-28,DF,gasolina,148.7960,65
2006-06-28,ES,etanol,80.1690,41
2006-06-28,ES,gasolina,108.1010,41
2006-06-28,GO,etanol,376.7030,245
2006-06-28,GO,gasolina,631.8330,250
2006-06-28,MA,etanol,134.6320,63
2006-06-28,MA,gasolina,319.8360,115
2006-06-28,MG,etanol,843.3930,450
2006-06-28,MG,gasolina,1151.1970,465
2006-06-28,MS,etanol,145.7460,78
2006-06-28,MS,gasolina,215.3950,78
2006-06-28,MT,etanol,226.6540,118
2006-06-28,MT,gasolina,344.8560,118
2006-06-28,PA,etanol,121.9710,52
2006-06-28,PA,gasolina,310.6110,117
2006-06-28,PB,etanol,73.2110,37
2006-06-28,PB,gasolina,100.8020,41
2006-06-28,PE,etanol,27.5970,14
2006-06-28,PE,gasolina,45.6690,17
2006-06-28,PI,etanol,28.4200,13
2006-06-28,PI,gasolina,34.3230,14
2006-06-28,PR,etanol,514.1170,332
2006-06-28,PR,gasolina,862.5120,339
2006-06-28,RJ,etanol,1140.8660,625
2006-06-28,RJ,gasolina,1733.9600,662
2006-06-28,RN,etanol,166.5400,82
2006-06-28,RN,gasolina,242.5410,92
2006-06-28,RO,etanol,126.8480,56
2006-06-28,RO,gasolina,166.2530,59
2006-06-28,RR,etanol,1.9500,1
2006-06-28,RR,gasolina,40.9600,14
2006-06-28,RS,etanol,811.7850,383
2006-06-28,RS,gasolina,1209.1650,439
2006-06-28,SC,etanol,392.2950,227
2006-06-28,SC,gasolina,583.2310,230
2006-06-28,SE,etanol,147.1310,70
2006-06-28,SE,gasolina,229.8010,89
2006-06-28,SP,etanol,1739.2370,1304
2006-06-28,SP,gasolina,3238.4600,1313
2006-06-28,TO,etanol,128.6260,63
2006-06-28,TO,gasolina,185.4370,67
2006-06-29,AL,etanol,12.1300,6
2006-06-29,AL,gasolina,16.8700,6
2006-06-29,BA,etanol,15.9390,8
2006-06-29,BA,gasolina,21.5670,8
2006-06-29,CE,etanol,17.4480,9
2006-06-29,CE,gasolina,24.6900,9
2006-06-29,DF,etanol,48.7850,28
2006-06-29,DF,gasolina,68.5430,29
2006-06-29,ES,etanol,120.2750,61
2006-06-29,ES,gasolina,170.5420,64
2006-06-29,GO,etanol,41.9300,26
2006-06-29,GO,gasolina,71.6600,26
2006-06-29,MA,gasolina,2.7600,1
2006-06-29,MG,etanol,269.4770,140
2006-06-29,MG,gasolina,359.4230,141
2006-06-29,MT,etanol,17.5200,9
2006-06-29,MT,gasolina,26.5600,9
2006-06-29,PI,etanol,15.8700,7
2006-06-29,PI,gasolina,34.5800,13
2006-06-29,RJ,etanol,310.5030,171
2006-06-29,RJ,gasolina,478.2030,184
2006-06-29,RN,etanol,10.2800,5
2006-06-29,RN,gasolina,13.3200,5
2006-06-29,RO,etanol,23.3770,11
2006-06-29,RO,gasolina,48.7270,19
2006-06-29,RS,etanol,123.4010,60
2006-06-29,RS,gasolina,205.4840,76
2006-06-29,SC,etanol,74.7110,42
2006-06-29,SC,gasolina,111.2870,42
2006-06-29,SE,etanol,8.6390,4
2006-06-29,SE,gasolina,10.6400,4
2006-06-29,SP,etanol,332.3220,253
2006-06-29,SP,gasolina,634.3590,257
2006-07-03,AC,etanol,23.5700,10
2006-07-03,AC,gasolina,32.3100,11
2006-07-03,AL,etanol,64.4210,32
2006-07-03,AL,gasolina,93.4440,33
2006-07-03,AM,etanol,85.1090,41
2006-07-03,AM,gasolina,284.5880,109
2006-07-03,AP,etanol,6.7500,3
2006-07-03,AP,gasolina,63.7200,25
2006-07-03,BA,etanol,245.9120,127
2006-07-03,BA,gasolina,394.1630,147
2006-07-03,CE,etanol,148.4680,72
2006-07-03,CE,gasolina,237.9880,85
2006-07-03,DF,etanol,118.1030,67
2006-07-03,DF,gasolina,157.6360,68
2006-07-03,ES,etanol,105.3130,55
2006-07-03,ES,gasolina,149.2420,58
2006-07-03,MA,etanol,36.4640,17
2006-07-03,MA,gasolina,71.8100,26
2006-07-03,MG,etanol,355.4520,187
2006-07-03,MG,gasolina,507.3640,195
2006-07-03,PA,etanol,45.4490,19
2006-07-03,PA,gasolina,121.6620,45
2006-07-03,PB,etanol,144.1570,72
2006-07-03,PB,gasolina,200.8770,80
2006-07-03,PE,etanol,451.1430,231
2006-07-03,PE,gasolina,702.9170,258
2006-07-03,PI,etanol,67.1300,30
2006-07-03,PI,gasolina,83.8900,33
2006-07-03,PR,etanol,311.3660,200
2006-07-03,PR,gasolina,516.8020,202
2006-07-03,RJ,etanol,103.3700,60
2006-07-03,RJ,gasolina,161.4650,65
2006-07-03,RN,etanol,60.8080,31
2006-07-03,RN,gasolina,87.2210,34
2006-07-03,RO,etanol,18.6500,9
2006-07-03,RO,gasolina,44.1300,17
2006-07-03,RR,etanol,52.1000,23
2006-07-03,RR,gasolina,150.9500,51
2006-07-03,RS,etanol,245.6260,122
2006-07-03,RS,gasolina,344.7190,130
2006-07-03,SC,etanol,184.1620,109
2006-07-03,SC,gasolina,274.6480,109
2006-07-03,SP,etanol,539.1950,411
2006-07-03,SP,gasolina,1017.3010,411
2006-07-04,AC,etanol,64.9100,28
2006-07-04,AC,gasolina,140.0200,46
2006-07-04,AL,etanol,41.2480,20
2006-07-04,AL,gasolina,57.9580,21
2006-07-04,AM,etanol,95.9700,47
2006-07-04,AM,gasolina,177.5070,68
2006-07-04,AP,etanol,17.6000,8
2006-07-04,AP,gasolina,49.3000,19
2006-07-04,BA,etanol,389.8370,201
2006-07-04,BA,gasolina,594.6420,220
2006-07-04,CE,etanol,350.3560,176
2006-07-04,CE,gasolina,552.9700,201
2006-07-04,DF,etanol,94.5130,54
2006-07-04,DF,gasolina,131.3000,55
2006-07-04,ES,etanol,268.7840,140
2006-07-04,ES,gasolina,366.5420,140
2006-07-04,GO,etanol,228.3580,143
2006-07-04,GO,gasolina,384.6750,149
2006-07-04,MA,etanol,174.5260,81
2006-07-04,MA,gasolina,392.9600,142
2006-07-04,MG,etanol,961.7250,506
2006-07-04,MG,gasolina,1328.3940,524
2006-07-04,MS,etanol,149.2340,76
2006-07-04,MS,gasolina,217.4510,77
2006-07-04,MT,etanol,105.5380,51
2006-07-04,MT,gasolina,157.3180,52
2006-07-04,PA,etanol,79.1600,32
2006-07-04,PA,gasolina,222.4380,78
2006-07-04,PB,etanol,150.4000,77
2006-07-04,PB,gasolina,213.2660,87
2006-07-04,PE,etanol,287.2640,143
2006-07-04,PE,gasolina,421.0880,159
2006-07-04,PI,etanol,112.4200,51
2006-07-04,PI,gasolina,155.3500,61
2006-07-04,PR,etanol,608.5340,397
2006-07-04,PR,gasolina,1019.2010,400
2006-07-04,RJ,etanol,338.2030,188
2006-07-04,RJ,gasolina,496.9950,191
2006-07-04,RN,etanol,29.3800,14
2006-07-04,RN,gasolina,39.5300,15
2006-07-04,RO,etanol,46.5380,21
2006-07-04,RO,gasolina,80.8130,29
2006-07-04,RR,gasolina,14.9200,5
2006-07-04,RS,etanol,546.1950,264
2006-07-04,RS,gasolina,859.1300,312
2006-07-04,SC,etanol,202.0510,118
2006-07-04,SC,gasolina,300.4440,118
2006-07-04,SP,etanol,1472.3760,1110
2006-07-04,SP,gasolina,2759.7190,1118
2006-07-04,TO,etanol,71.6180,36
2006-07-04,TO,gasolina,102.1880,37
2006-07-05,AL,etanol,152.9900,75
2006-07-05,AL,gasolina,210.0180,75
2006-07-05,AM,etanol,44.2790,21
2006-07-05,AM,gasolina,95.6660,36
2006-07-05,AP,gasolina,5.8000,2
2006-07-05,BA,etanol,281.9890,146
2006-07-05,BA,gasolina,446.8110,167
2006-07-05,CE,etanol,35.1580,18
2006-07-05,CE,gasolina,60.2550,22
2006-07-05,DF,etanol,59.6770,33
2006-07-05,DF,gasolina,82.6240,34
2006-07-05,ES,etanol,143.5210,72
2006-07-05,ES,gasolina,200.1620,74
2006-07-05,GO,etanol,326.4970,207
2006-07-05,GO,gasolina,538.2860,207
2006-07-05,MA,etanol,13.9990,6
2006-07-05,MA,gasolina,37.0730,13
2006-07-05,MG,etanol,917.2260,492
2006-07-05,MG,gasolina,1284.9410,515
2006-07-05,MS,etanol,190.1670,104
2006-07-05,MS,gasolina,287.8400,105
2006-07-05,MT,etanol,305.2240,157
2006-07-05,MT,gasolina,457.5800,155
2006-07-05,PA,etanol,73.1870,31
2006-07-05,PA,gasolina,194.7250,73
2006-07-05,PB,etanol,17.4580,9
2006-07-05,PB,gasolina,21.9380,9
2006-07-05,PE,etanol,52.9100,26
2006-07-05,PE,gasolina,73.1800,27
2006-07-05,PI,etanol,52.1600,24
2006-07-05,PI,gasolina,61.6300,25
2006-07-05,PR,etanol,260.5360,169
2006-07-05,PR,gasolina,432.0670,171
2006-07-05,RJ,etanol,1049.0150,577
2006-07-05,RJ,gasolina,1590.1490,610
2006-07-05,RN,etanol,151.9100,77
2006-07-05,RN,gasolina,220.3560,84
2006-07-05,RO,etanol,135.6690,62
2006-07-05,RO,gasolina,210.3650,78
2006-07-05,RR,gasolina,8.9000,3
2006-07-05,RS,etanol,700.6550,332
2006-07-05,RS,gasolina,1091.4040,396
2006-07-05,SC,etanol,473.6700,271
2006-07-05,SC,gasolina,706.6500,275
2006-07-05,SE,etanol,129.8370,62
2006-07-05,SE,gasolina,192.5510,75
2006-07-05,SP,etanol,1923.3090,1434
2006-07-05,SP,gasolina,3541.1150,1437
2006-07-05,TO,etanol,59.1200,29
2006-07-05,TO,gasolina,86.2600,31
2006-07-06,AC,gasolina,3.3000,1
2006-07-06,AP,gasolina,20.2710,7
2006-07-06,BA,etanol,2.0490,1
2006-07-06,BA,gasolina,2.8390,1
2006-07-06,CE,etanol,23.6270,11
2006-07-06,CE,gasolina,34.3490,12
2006-07-06,DF,etanol,3.5300,2
2006-07-06,DF,gasolina,4.6490,2
2006-07-06,MA,etanol,4.8900,2
2006-07-06,MA,gasolina,33.3400,12
2006-07-06,MG,etanol,276.6930,143
2006-07-06,MG,gasolina,371.1120,142
2006-07-06,PA,etanol,50.5680,21
2006-07-06,PA,gasolina,129.0050,49
2006-07-06,PI,etanol,2.3200,1
2006-07-06,PI,gasolina,2.5920,1
2006-07-06,PR,etanol,9.0560,6
2006-07-06,PR,gasolina,17.3950,7
2006-07-06,RJ,etanol,127.2730,68
2006-07-06,RJ,gasolina,205.9460,75
2006-07-06,RN,etanol,29.2690,14
2006-07-06,RN,gasolina,42.0200,16
2006-07-06,RO,etanol,14.8400,6
2006-07-06,RO,gasolina,19.1400,6
2006-07-06,RR,gasolina,14.5500,5
2006-07-06,RS,etanol,28.6680,14
2006-07-06,RS,gasolina,45.3620,17
2006-07-06,SC,etanol,5.4700,3
2006-07-06,SC,gasolina,7.9300,3
2006-07-06,SE,etanol,29.7500,14
2006-07-06,SE,gasolina,44.9800,17
2006-07-06,SP,etanol,430.1600,326
2006-07-06,SP,gasolina,825.0800,332
2006-07-10,AC,etanol,9.8600,4
2006-07-10,AC,gasolina,38.3700,12
2006-07-10,AL,etanol,22.3340,11
2006-07-10,AL,gasolina,33.2150,12
2006-07-10,AM,etanol,90.8500,44
2006-07-10,AM,gasolina,316.8980,120
2006-07-10,AP,etanol,8.9000,4
2006-07-10,AP,gasolina,43.3500,17
2006-07-10,BA,etanol,223.7400,114
2006-07-10,BA,gasolina,352.1080,129
2006-07-10,CE,etanol,104.0090,48
2006-07-10,CE,gasolina,183.6930,66
2006-07-10,DF,etanol,97.8110,53
2006-07-10,DF,gasolina,137.0330,53
2006-07-10,ES,etanol,204.3220,106
2006-07-10,ES,gasolina,283.7250,109
2006-07-10,GO,etanol,1.5400,1
2006-07-10,GO,gasolina,2.7200,1
2006-07-10,MA,etanol,83.0350,38
2006-07-10,MA,gasolina,186.9610,67
2006-07-10,MG,etanol,419.3780,220
2006-07-10,MG,gasolina,598.5710,230
2006-07-10,PA,etanol,20.6300,8
2006-07-10,PA,gasolina,95.6980,32
2006-07-10,PB,etanol,160.3070,81
2006-07-10,PB,gasolina,223.8000,90
2006-07-10,PE,etanol,520.7310,267
2006-07-10,PE,gasolina,834.5330,306
2006-07-10,PI,etanol,63.0300,29
2006-07-10,PI,gasolina,84.2000,34
2006-07-10,PR,etanol,483.2480,316
2006-07-10,PR,gasolina,802.0400,318
2006-07-10,RJ,etanol,75.3690,44
2006-07-10,RJ,gasolina,116.0290,46
2006-07-10,RN,etanol,60.8080,31
2006-07-10,RN,gasolina,83.8910,34
2006-07-10,RO,etanol,30.5890,15
2006-07-10,RO,gasolina,62.5500,25
2006-07-10,RR,etanol,52.1000,23
2006-07-10,RR,gasolina,150.9500,51
2006-07-10,RS,etanol,213.2880,104
2006-07-10,RS,gasolina,310.7620,115
2006-07-10,SC,etanol,199.1550,118
2006-07-10,SC,gasolina,299.4520,119
2006-07-10,SP,etanol,542.0130,407
2006-07-10,SP,gasolina,1007.5760,407
2006-07-11,AC,etanol,4.9000,2
2006-07-11,AC,gasolina,9.0800,3
2006-07-11,AL,etanol,61.0790,30
2006-07-11,AL,gasolina,87.2930,31
2006-07-11,AM,etanol,111.2780,55
2006-07-11,AM,gasolina,193.9450,75
2006-07-11,AP,etanol,15.4500,7
2006-07-11,AP,gasolina,71.6200,28
2006-07-11,BA,etanol,528.0400,275
2006-07-11,BA,gasolina,800.8930,299
2006-07-11,CE,etanol,365.8200,183
2006-07-11,CE,gasolina,556.9820,201
2006-07-11,DF,etanol,97.3930,53
2006-07-11,DF,gasolina,139.4770,54
2006-07-11,ES,etanol,277.6410,144
2006-07-11,ES,gasolina,377.6960,145
2006-07-11,GO,etanol,199.4940,127
2006-07-11,GO,gasolina,335.7970,131
2006-07-11,MA,etanol,124.3760,58
2006-07-11,MA,gasolina,293.6220,107
2006-07-11,MG,etanol,713.0490,378
2006-07-11,MG,gasolina,992.9880,390
2006-07-11,MS,etanol,132.5760,68
2006-07-11,MS,gasolina,192.0240,68
2006-07-11,MT,etanol,182.4680,95
2006-07-11,MT,gasolina,280.5190,95
2006-07-11,PA,etanol,103.3400,44
2006-07-11,PA,gasolina,294.1240,108
2006-07-11,PB,etanol,58.8200,30
2006-07-11,PB,gasolina,89.0380,36
2006-07-11,PE,etanol,264.6100,130
2006-07-11,PE,gasolina,359.2290,134
2006-07-11,PI,etanol,116.2800,53
2006-07-11,PI,gasolina,209.7200,82
2006-07-11,PR,etanol,373.3540,242
2006-07-11,PR,gasolina,608.6140,242
2006-07-11,RJ,etanol,918.5370,514
2006-07-11,RJ,gasolina,1375.1300,529
2006-07-11,RN,etanol,15.0100,7
2006-07-11,RN,gasolina,18.4700,7
2006-07-11,RO,etanol,94.1040,43
2006-07-11,RO,gasolina,156.1320,56
2006-07-11,RR,gasolina,8.9000,3
2006-07-11,RS,etanol,607.2750,292
2006-07-11,RS,gasolina,912.4460,332
2006-07-11,SC,etanol,281.4730,164
2006-07-11,SC,gasolina,419.7910,165
2006-07-11,SP,etanol,971.4380,715
2006-07-11,SP,gasolina,1775.6350,719
2006-07-11,TO,etanol,36.7510,19
2006-07-11,TO,gasolina,52.4300,19
2006-07-12,AC,etanol,38.9100,17
2006-07-12,AC,gasolina,81.4400,27
2006-07-12,AL,etanol,173.8350,85
2006-07-12,AL,gasolina,241.1710,86
2006-07-12,AM,etanol,24.3590,12
2006-07-12,AM,gasolina,49.2270,19
2006-07-12,AP,gasolina,2.4800,1
2006-07-12,BA,etanol,224.9950,118
2006-07-12,BA,gasolina,368.3430,140
2006-07-12,CE,etanol,82.9400,42
2006-07-12,CE,gasolina,129.9800,47
2006-07-12,DF,etanol,77.7930,42
2006-07-12,DF,gasolina,108.5640,42
2006-07-12,ES,etanol,72.9330,36
2006-07-12,ES,gasolina,101.9630,37
2006-07-12,GO,etanol,359.4590,229
2006-07-12,GO,gasolina,604.5630,231
2006-07-12,MA,etanol,8.7600,4
2006-07-12,MA,gasolina,36.1300,13
2006-07-12,MG,etanol,1049.5650,568
2006-07-12,MG,gasolina,1445.3700,582
2006-07-12,MS,etanol,180.2940,99
2006-07-12,MS,gasolina,272.7350,100
2006-07-12,MT,etanol,190.7330,98
2006-07-12,MT,gasolina,284.2810,96
2006-07-12,PA,etanol,124.8950,52
2006-07-12,PA,gasolina,274.8430,104
2006-07-12,PB,etanol,85.0290,43
2006-07-12,PB,gasolina,113.5730,47
2006-07-12,PE,etanol,1.8800,1
2006-07-12,PE,gasolina,2.5300,1
2006-07-12,PI,etanol,6.5500,3
2006-07-12,PI,gasolina,15.1300,6
2006-07-12,PR,etanol,284.7570,187
2006-07-12,PR,gasolina,494.2890,193
2006-07-12,RJ,etanol,718.8560,403
2006-07-12,RJ,gasolina,1095.8400,424
2006-07-12,RN,etanol,170.2240,85
2006-07-12,RN,gasolina,242.0570,94
2006-07-12,RO,etanol,45.2800,20
2006-07-12,RO,gasolina,64.9480,23
2006-07-12,RR,gasolina,14.9200,5
2006-07-12,RS,etanol,628.9420,299
2006-07-12,RS,gasolina,1042.2270,378
2006-07-12,SC,etanol,338.9160,196
2006-07-12,SC,gasolina,497.7840,196
2006-07-12,SE,etanol,63.2260,30
2006-07-12,SE,gasolina,104.1140,40
2006-07-12,SP,etanol,2578.8210,1899
2006-07-12,SP,gasolina,4721.3270,1914
2006-07-12,TO,etanol,97.4170,48
2006-07-12,TO,gasolina,136.1340,49
2006-07-13,AC,etanol,36.4100,16
2006-07-13,AC,gasolina,46.9100,16
2006-07-13,AP,gasolina,20.6400,7
2006-07-13,CE,etanol,11.6580,6
2006-07-13,CE,gasolina,16.2490,6
2006-07-13,DF,etanol,11.1180,6
2006-07-13,DF,gasolina,15.4990,6
2006-07-13,MA,etanol,4.5800,2
2006-07-13,MA,gasolina,11.5800,4
2006-07-13,MG,etanol,404.0900,210
2006-07-13,MG,gasolina,555.4490,219
2006-07-13,MS,etanol,26.7230,14
2006-07-13,MS,gasolina,39.4070,14
2006-07-13,MT,etanol,21.4900,10
2006-07-13,MT,gasolina,34.6990,11
2006-07-13,PE,etanol,1.8990,1
2006-07-13,PR,etanol,35.9510,24
2006-07-13,PR,gasolina,63.8590,25
2006-07-13,RJ,etanol,186.5350,98
2006-07-13,RJ,gasolina,284.9740,106
2006-07-13,RN,etanol,26.6790,13
2006-07-13,RN,gasolina,39.6300,15
2006-07-13,RO,etanol,35.2500,16
2006-07-13,RO,gasolina,65.8970,25
2006-07-13,RR,gasolina,14.6400,5
2006-07-13,RS,etanol,46.8540,23
2006-07-13,RS,gasolina,72.2920,27
2006-07-13,SC,etanol,71.0580,40
2006-07-13,SC,gasolina,104.8500,40
2006-07-13,SE,etanol,92.0270,44
2006-07-13,SE,gasolina,130.5000,51
2006-07-13,SP,etanol,303.1370,228
2006-07-13,SP,gasolina,567.9510,228
2006-07-17,AC,etanol,21.0100,9
2006-07-17,AC,gasolina,61.6800,20
2006-07-17,AL,etanol,11.8440,6
2006-07-17,AL,gasolina,19.3840,7
2006-07-17,AM,etanol,88.6300,43
2006-07-17,AM,gasolina,305.3180,117
2006-07-17,AP,etanol,17.7500,8
2006-07-17,AP,gasolina,65.7000,26
2006-07-17,BA,etanol,191.0370,99
2006-07-17,BA,gasolina,292.1390,109
2006-07-17,CE,etanol,33.1520,16
2006-07-17,CE,gasolina,50.2960,18
2006-07-17,DF,etanol,150.6460,83
2006-07-17,DF,gasolina,222.1680,86
2006-07-17,ES,etanol,152.3980,80
2006-07-17,ES,gasolina,207.6380,81
2006-07-17,MA,etanol,95.9120,46
2006-07-17,MA,gasolina,236.3650,87
2006-07-17,MG,etanol,475.8860,251
2006-07-17,MG,gasolina,669.3870,260
2006-07-17,MS,etanol,19.2760,10
2006-07-17,MS,gasolina,28.2730,10
2006-07-17,MT,etanol,19.9200,9
2006-07-17,MT,gasolina,32.1500,10
2006-07-17,PA,etanol,40.0210,17
2006-07-17,PA,gasolina,155.2310,57
2006-07-17,PB,etanol,44.6500,22
2006-07-17,PB,gasolina,75.2060,29
2006-07-17,PE,etanol,527.1160,269
2006-07-17,PE,gasolina,872.8090,319
2006-07-17,PI,etanol,109.9900,49
2006-07-17,PI,gasolina,149.4900,59
2006-07-17,PR,etanol,511.5100,333
2006-07-17,PR,gasolina,843.7870,334
2006-07-17,RJ,etanol,96.8060,56
2006-07-17,RJ,gasolina,150.5070,58
2006-07-17,RN,etanol,60.7300,31
2006-07-17,RN,gasolina,83.6890,34
2006-07-17,RO,etanol,17.6230,8
2006-07-17,RO,gasolina,22.5000,8
2006-07-17,RR,etanol,49.9000,22
2006-07-17,RR,gasolina,147.9800,50
2006-07-17,RS,etanol,454.4440,214
2006-07-17,RS,gasolina,687.4710,249
2006-07-17,SC,etanol,147.3420,84
2006-07-17,SC,gasolina,217.4520,83
2006-07-17,SP,etanol,472.0950,347
2006-07-17,SP,gasolina,861.1090,347
2006-07-18,AC,etanol,52.6000,23
2006-07-18,AC,gasolina,71.1400,24
2006-07-18,AL,etanol,209.7050,103
2006-07-18,AL,gasolina,289.2740,103
2006-07-18,AM,etanol,72.7080,36
2006-07-18,AM,gasolina,118.8670,46
2006-07-18,AP,etanol,6.6000,3
2006-07-18,AP,gasolina,45.9800,18
2006-07-18,BA,etanol,485.3280,251
2006-07-18,BA,gasolina,738.9170,273
2006-07-18,CE,etanol,331.1610,162
2006-07-18,CE,gasolina,528.7740,190
2006-07-18,DF,etanol,95.9220,52
2006-07-18,DF,gasolina,136.8030,53
2006-07-18,ES,etanol,240.2460,124
2006-07-18,ES,gasolina,333.3980,126
2006-07-18,GO,etanol,188.8620,128
2006-07-18,GO,gasolina,315.7450,130
2006-07-18,MA,etanol,116.5350,53
2006-07-18,MA,gasolina,255.7150,93
2006-07-18,MG,etanol,523.4180,271
2006-07-18,MG,gasolina,733.2860,280
2006-07-18,MS,etanol,127.3420,65
2006-07-18,MS,gasolina,185.9270,66
2006-07-18,MT,etanol,220.7960,115
2006-07-18,MT,gasolina,333.4950,113
2006-07-18,PA,etanol,67.1400,28
2006-07-18,PA,gasolina,233.1060,81
2006-07-18,PB,etanol,72.0360,37
2006-07-18,PB,gasolina,99.8940,40
2006-07-18,PE,etanol,232.9580,115
2006-07-18,PE,gasolina,313.9170,118
2006-07-18,PI,etanol,80.0290,37
2006-07-18,PI,gasolina,117.3690,47
2006-07-18,PR,etanol,328.1390,211
2006-07-18,PR,gasolina,534.3500,213
2006-07-18,RJ,etanol,348.4730,197
2006-07-18,RJ,gasolina,550.4760,213
2006-07-18,RN,etanol,12.8800,6
2006-07-18,RN,gasolina,15.8400,6
2006-07-18,RO,etanol,66.0890,31
2006-07-18,RO,gasolina,107.3300,40
2006-07-18,RR,gasolina,2.9900,1
2006-07-18,RS,etanol,712.4280,335
2006-07-18,RS,gasolina,1069.4160,387
2006-07-18,SC,etanol,316.6970,190
2006-07-18,SC,gasolina,486.5950,196
2006-07-18,SP,etanol,1811.7280,1314
2006-07-18,SP,gasolina,3256.0810,1317
2006-07-18,TO,etanol,66.3580,34
2006-07-18,TO,gasolina,93.8950,34
2006-07-19,AC,etanol,13.7600,6
2006-07-19,AC,gasolina,33.3600,11
2006-07-19,AL,etanol,37.1090,18
2006-07-19,AL,gasolina,52.9310,19
2006-07-19,AM,etanol,58.5380,29
2006-07-19,AM,gasolina,124.3650,48
2006-07-19,AP,gasolina,5.3800,2
2006-07-19,BA,etanol,151.4260,81
2006-07-19,BA,gasolina,267.6470,104
2006-07-19,CE,etanol,171.4560,86
2006-07-19,CE,gasolina,266.6590,97
2006-07-19,DF,etanol,49.7060,27
2006-07-19,DF,gasolina,69.8390,27
2006-07-19,ES,etanol,82.2490,43
2006-07-19,ES,gasolina,113.5590,44
2006-07-19,GO,etanol,350.2870,220
2006-07-19,GO,gasolina,589.6020,225
2006-07-19,MA,etanol,7.2990,3
2006-07-19,MA,gasolina,14.4980,5
2006-07-19,MG,etanol,903.1450,487
2006-07-19,MG,gasolina,1245.8910,499
2006-07-19,MS,etanol,28.5940,15
2006-07-19,MS,gasolina,42.0660,15
2006-07-19,MT,etanol,125.9720,67
2006-07-19,MT,gasolina,197.7540,67
2006-07-19,PA,etanol,127.8280,54
2006-07-19,PA,gasolina,269.4060,104
2006-07-19,PB,etanol,190.8160,97
2006-07-19,PB,gasolina,252.3770,105
2006-07-19,PE,etanol,15.8290,8
2006-07-19,PE,gasolina,37.0040,14
2006-07-19,PI,etanol,12.9700,6
2006-07-19,PI,gasolina,16.8100,7
2006-07-19,PR,etanol,243.1670,159
2006-07-19,PR,gasolina,405.6010,162
2006-07-19,RJ,etanol,996.1550,551
2006-07-19,RJ,gasolina,1472.5140,569
2006-07-19,RN,etanol,191.2040,96
2006-07-19,RN,gasolina,281.2210,107
2006-07-19,RO,etanol,89.0040,42
2006-07-19,RO,gasolina,153.3260,58
2006-07-19,RR,gasolina,14.9200,5
2006-07-19,RS,etanol,389.7090,181
2006-07-19,RS,gasolina,604.2950,217
2006-07-19,SC,etanol,301.1950,174
2006-07-19,SC,gasolina,440.4430,175
2006-07-19,SE,etanol,157.1280,75
2006-07-19,SE,gasolina,236.3660,92
2006-07-19,SP,etanol,1951.1870,1418
2006-07-19,SP,gasolina,3519.3660,1425
2006-07-19,TO,etanol,66.9100,33
2006-07-19,TO,gasolina,94.5700,34
2006-07-20,AC,gasolina,3.1000,1
2006-07-20,AP,gasolina,20.6450,7
2006-07-20,BA,etanol,120.0900,63
2006-07-20,BA,gasolina,180.2710,69
2006-07-20,CE,etanol,25.8460,13
2006-07-20,CE,gasolina,35.8680,13
2006-07-20,ES,etanol,58.1400,29
2006-07-20,ES,gasolina,82.5050,30
2006-07-20,GO,etanol,3.5690,2
2006-07-20,GO,gasolina,5.6230,2
2006-07-20,MA,etanol,4.5800,2
2006-07-20,MA,gasolina,5.7000,2
2006-07-20,MG,etanol,623.9050,332
2006-07-20,MG,gasolina,874.9550,348
2006-07-20,MS,etanol,162.6770,91
2006-07-20,MS,gasolina,245.1210,91
2006-07-20,MT,etanol,18.5650,10
2006-07-20,MT,gasolina,29.3820,10
2006-07-20,PI,etanol,13.7500,6
2006-07-20,PI,gasolina,21.4200,8
2006-07-20,PR,etanol,80.0170,53
2006-07-20,PR,gasolina,138.8700,54
2006-07-20,RJ,etanol,168.5040,90
2006-07-20,RJ,gasolina,274.8610,101
2006-07-20,RN,etanol,4.2100,2
2006-07-20,RN,gasolina,5.3000,2
2006-07-20,RO,etanol,29.3900,12
2006-07-20,RO,gasolina,46.2000,15
2006-07-20,RR,gasolina,23.4500,8
2006-07-20,RS,etanol,45.5920,22
2006-07-20,RS,gasolina,81.5620,30
2006-07-20,SC,etanol,113.7850,64
2006-07-20,SC,gasolina,168.4720,65
2006-07-20,SE,etanol,2.0300,1
2006-07-20,SE,gasolina,2.5800,1
2006-07-20,SP,etanol,198.5900,143
2006-07-20,SP,gasolina,354.3220,142
2006-07-21,SP,etanol,24.6070,19
2006-07-21,SP,gasolina,45.7980,19
2006-07-24,AC,etanol,30.3100,13
2006-07-24,AC,gasolina,73.6500,24
2006-07-24,AL,etanol,11.9480,6
2006-07-24,AL,gasolina,19.3340,7
2006-07-24,AM,etanol,84.1200,41
2006-07-24,AM,gasolina,303.4380,116
2006-07-24,AP,etanol,11.0800,5
2006-07-24,AP,gasolina,45.5100,18
2006-07-24,BA,etanol,116.2420,62
2006-07-24,BA,gasolina,185.6110,71
2006-07-24,CE,etanol,71.2320,34
2006-07-24,CE,gasolina,126.1550,45
2006-07-24,DF,etanol,129.0430,69
2006-07-24,DF,gasolina,185.6600,70
2006-07-24,ES,etanol,112.8540,60
2006-07-24,ES,gasolina,165.1150,62
2006-07-24,MA,etanol,34.2080,16
2006-07-24,MA,gasolina,65.4230,24
2006-07-24,MG,etanol,342.4610,180
2006-07-24,MG,gasolina,486.2380,188
2006-07-24,MS,etanol,21.8000,11
2006-07-24,MS,gasolina,31.2090,11
2006-07-24,MT,etanol,94.7280,50
2006-07-24,MT,gasolina,148.6280,50
2006-07-24,PA,etanol,28.8670,12
2006-07-24,PA,gasolina,95.3880,34
2006-07-24,PB,etanol,53.2880,26
2006-07-24,PB,gasolina,89.8860,34
2006-07-24,PE,etanol,542.6070,278
2006-07-24,PE,gasolina,842.2460,310
2006-07-24,PI,etanol,95.5900,42
2006-07-24,PI,gasolina,136.8700,52
2006-07-24,PR,etanol,253.4370,155
2006-07-24,PR,gasolina,400.8500,156
2006-07-24,RJ,etanol,85.8940,49
2006-07-24,RJ,gasolina,131.0010,49
2006-07-24,RN,etanol,60.8960,31
2006-07-24,RN,gasolina,88.8100,34
2006-07-24,RO,etanol,65.7270,30
2006-07-24,RO,gasolina,145.4970,55
2006-07-24,RR,etanol,52.0000,23
2006-07-24,RR,gasolina,159.5700,54
2006-07-24,RS,etanol,620.3630,290
2006-07-24,RS,gasolina,974.4890,354
2006-07-24,SC,etanol,161.7160,94
2006-07-24,SC,gasolina,242.2870,94
2006-07-24,SP,etanol,530.1990,386
2006-07-24,SP,gasolina,945.8980,385
2006-07-25,AC,etanol,50.3300,22
2006-07-25,AC,gasolina,77.6900,26
2006-07-25,AL,etanol,133.6590,66
2006-07-25,AL,gasolina,189.0200,67
2006-07-25,AM,etanol,86.5680,43
2006-07-25,AM,gasolina,147.2670,57
2006-07-25,AP,etanol,10.9700,5
2006-07-25,AP,gasolina,68.5900,27
2006-07-25,BA,etanol,347.0670,179
2006-07-25,BA,gasolina,531.4560,196
2006-07-25,CE,etanol,246.5020,121
2006-07-25,CE,gasolina,374.2930,135
2006-07-25,DF,etanol,90.7050,49
2006-07-25,DF,gasolina,129.2450,49
2006-07-25,ES,etanol,212.4140,110
2006-07-25,ES,gasolina,301.4600,112
2006-07-25,GO,etanol,39.1680,24
2006-07-25,GO,gasolina,67.8670,26
2006-07-25,MA,etanol,137.2420,65
2006-07-25,MA,gasolina,337.9870,125
2006-07-25,MG,etanol,898.7980,474
2006-07-25,MG,gasolina,1258.7430,495
2006-07-25,MS,etanol,101.5070,52
2006-07-25,MS,gasolina,146.1390,52
2006-07-25,MT,etanol,137.2660,71
2006-07-25,MT,gasolina,210.2380,71
2006-07-25,PA,etanol,21.5060,9
2006-07-25,PA,gasolina,119.7710,44
2006-07-25,PB,etanol,220.2920,109
2006-07-25,PB,gasolina,309.8510,118
2006-07-25,PE,etanol,180.5090,87
2006-07-25,PE,gasolina,240.7290,89
2006-07-25,PI,etanol,77.8300,36
2006-07-25,PI,gasolina,117.0900,46
2006-07-25,PR,etanol,571.0720,354
2006-07-25,PR,gasolina,915.4070,356
2006-07-25,RJ,etanol,650.8670,364
2006-07-25,RJ,gasolina,966.7420,379
2006-07-25,RO,etanol,93.5270,43
2006-07-25,RO,gasolina,133.0020,48
2006-07-25,RS,etanol,503.6970,235
2006-07-25,RS,gasolina,731.4780,264
2006-07-25,SC,etanol,207.5600,124
2006-07-25,SC,gasolina,310.5200,124
2006-07-25,SP,etanol,1728.9070,1239
2006-07-25,SP,gasolina,3096.0950,1246
2006-07-25,TO,etanol,41.6350,21
2006-07-25,TO,gasolina,58.2630,21
2006-07-26,AC,etanol,11.7600,5
2006-07-26,AC,gasolina,18.0900,6
2006-07-26,AL,etanol,57.7240,28
2006-07-26,AL,gasolina,81.6580,29
2006-07-26,AM,etanol,48.4680,24
2006-07-26,AM,gasolina,100.8350,39
2006-07-26,BA,etanol,389.5170,205
2006-07-26,BA,gasolina,610.1710,232
2006-07-26,CE,etanol,245.0240,122
2006-07-26,CE,gasolina,370.6150,134
2006-07-26,DF,etanol,41.2470,22
2006-07-26,DF,gasolina,58.5280,22
2006-07-26,ES,etanol,172.2550,87
2006-07-26,ES,gasolina,241.1620,88
2006-07-26,GO,etanol,447.4470,285
2006-07-26,GO,gasolina,756.5290,288
2006-07-26,MA,etanol,48.6980,22
2006-07-26,MA,gasolina,85.8150,31
2006-07-26,MG,etanol,989.1320,528
2006-07-26,MG,gasolina,1357.8810,542
2006-07-26,MS,etanol,215.9070,119
2006-07-26,MS,gasolina,320.4490,118
2006-07-26,MT,etanol,139.9180,75
2006-07-26,MT,gasolina,214.9720,73
2006-07-26,PA,etanol,142.9170,60
2006-07-26,PA,gasolina,354.0620,131
2006-07-26,PB,etanol,44.8390,22
2006-07-26,PB,gasolina,63.3750,24
2006-07-26,PE,etanol,68.6250,35
2006-07-26,PE,gasolina,106.5910,40
2006-07-26,PI,etanol,48.0200,22
2006-07-26,PI,gasolina,66.7200,26
2006-07-26,PR,etanol,202.0410,133
2006-07-26,PR,gasolina,345.6400,137
2006-07-26,RJ,etanol,620.1630,347
2006-07-26,RJ,gasolina,934.9090,361
2006-07-26,RN,etanol,186.9100,93
2006-07-26,RN,gasolina,275.2780,104
2006-07-26,RO,etanol,35.6790,16
2006-07-26,RO,gasolina,45.8190,16
2006-07-26,RR,gasolina,23.8200,8
2006-07-26,RS,etanol,331.7920,156
2006-07-26,RS,gasolina,477.9110,173
2006-07-26,SC,etanol,350.7660,204
2006-07-26,SC,gasolina,523.4880,208
2006-07-26,SE,etanol,44.7500,21
2006-07-26,SE,gasolina,68.2560,26
2006-07-26,SP,etanol,1820.4410,1310
2006-07-26,SP,gasolina,3254.0720,1312
2006-07-26,TO,etanol,69.7590,35
2006-07-26,TO,gasolina,105.4000,38
2006-07-27,AC,etanol,2.2000,1
2006-07-27,AC,gasolina,2.9300,1
2006-07-27,AL,etanol,54.1930,26
2006-07-27,AL,gasolina,71.5710,26
2006-07-27,AP,gasolina,20.6450,7
2006-07-27,BA,etanol,52.2780,26
2006-07-27,BA,gasolina,91.2830,33
2006-07-27,CE,gasolina,2.7400,1
2006-07-27,ES,etanol,1.7800,1
2006-07-27,ES,gasolina,2.6400,1
2006-07-27,GO,etanol,68.1490,43
2006-07-27,GO,gasolina,115.4210,43
2006-07-27,MA,gasolina,14.0000,5
2006-07-27,MG,etanol,405.4960,221
2006-07-27,MG,gasolina,570.7790,228
2006-07-27,PA,etanol,43.5700,19
2006-07-27,PA,gasolina,102.7570,38
2006-07-27,PR,etanol,216.4320,137
2006-07-27,PR,gasolina,349.9060,137
2006-07-27,RJ,etanol,385.4120,212
2006-07-27,RJ,gasolina,619.9850,235
2006-07-27,RN,etanol,12.5790,6
2006-07-27,RN,gasolina,18.3290,7
2006-07-27,RO,etanol,2.5800,1
2006-07-27,RO,gasolina,3.1800,1
2006-07-27,RS,etanol,66.2900,31
2006-07-27,RS,gasolina,120.2570,42
2006-07-27,SC,etanol,145.8140,84
2006-07-27,SC,gasolina,217.1330,85
2006-07-27,SE,etanol,112.2030,54
2006-07-27,SE,gasolina,165.6300,65
2006-07-27,SP,etanol,369.5280,268
2006-07-27,SP,gasolina,666.8510,269
2006-07-27,TO,etanol,18.2400,9
2006-07-27,TO,gasolina,27.6700,10
2006-07-31,AC,etanol,27.7300,12
2006-07-31,AC,gasolina,64.0100,21
2006-07-31,AL,etanol,76.3970,38
2006-07-31,AL,gasolina,110.3610,39
2006-07-31,AM,etanol,85.3000,42
2006-07-31,AM,gasolina,295.9280,113
2006-07-31,AP,etanol,24.3500,11
2006-07-31,AP,gasolina,107.7700,43
2006-07-31,BA,etanol,149.9660,77
2006-07-31,BA,gasolina,227.4400,84
2006-07-31,CE,etanol,105.0200,49
2006-07-31,CE,gasolina,198.1190,71
2006-07-31,DF,etanol,152.5850,82
2006-07-31,DF,gasolina,217.1210,82
2006-07-31,ES,etanol,145.5030,76
2006-07-31,ES,gasolina,217.9040,80
2006-07-31,MA,etanol,49.1650,23
2006-07-31,MA,gasolina,89.4530,33
2006-07-31,MG,etanol,394.8470,208
2006-07-31,MG,gasolina,553.6640,214
2006-07-31,MS,etanol,19.2430,10
2006-07-31,MS,gasolina,28.2430,10
2006-07-31,MT,etanol,1.8500,1
2006-07-31,MT,gasolina,2.9600,1
2006-07-31,PA,etanol,45.4130,19
2006-07-31,PA,gasolina,156.0440,56
2006-07-31,PB,etanol,101.5070,49
2006-07-31,PB,gasolina,150.2460,56
2006-07-31,PE,etanol,448.6680,228
2006-07-31,PE,gasolina,723.8580,275
2006-07-31,PI,etanol,67.8900,31
2006-07-31,PI,gasolina,94.9300,37
2006-07-31,PR,etanol,400.6530,247
2006-07-31,PR,gasolina,639.6980,250
2006-07-31,RJ,etanol,120.4560,67
2006-07-31,RJ,gasolina,179.9960,71
2006-07-31,RN,etanol,62.9660,32
2006-07-31,RN,gasolina,92.0330,35
2006-07-31,RO,etanol,19.2000,9
2006-07-31,RO,gasolina,25.2000,9
2006-07-31,RR,etanol,52.1000,23
2006-07-31,RR,gasolina,153.9480,52
2006-07-31,RS,etanol,321.9260,149
2006-07-31,RS,gasolina,522.6380,188
2006-07-31,SC,etanol,141.4960,84
2006-07-31,SC,gasolina,210.3380,84
2006-07-31,SE,etanol,66.9440,32
2006-07-31,SE,gasolina,99.5590,39
2006-07-31,SP,etanol,716.5150,517
2006-07-31,SP,gasolina,1284.9640,518
2006-08-01,AC,etanol,64.2600,28
2006-08-01,AC,gasolina,101.8200,34
2006-08-01,AL,etanol,57.4180,28
2006-08-01,AL,gasolina,78.1400,28
2006-08-01,AM,etanol,88.6990,44
2006-08-01,AM,gasolina,152.7480,59
2006-08-01,BA,etanol,458.1190,239
2006-08-01,BA,gasolina,705.0700,263
2006-08-01,CE,etanol,211.6960,103
2006-08-01,CE,gasolina,322.2740,116
2006-08-01,DF,etanol,112.8940,61
2006-08-01,DF,gasolina,164.4130,62
2006-08-01,ES,etanol,266.9350,137
2006-08-01,ES,gasolina,380.5930,140
2006-08-01,GO,etanol,198.8050,128
2006-08-01,GO,gasolina,344.1650,131
2006-08-01,MA,etanol,152.0210,72
2006-08-01,MA,gasolina,338.5590,125
2006-08-01,MG,etanol,689.5890,366
2006-08-01,MG,gasolina,966.3540,381
2006-08-01,MS,etanol,153.6700,79
2006-08-01,MS,gasolina,230.6960,82
2006-08-01,MT,etanol,275.4830,146
2006-08-01,MT,gasolina,428.4460,145
2006-08-01,PA,etanol,22.9200,9
2006-08-01,PA,gasolina,125.4980,43
2006-08-01,PB,etanol,145.1390,72
2006-08-01,PB,gasolina,204.6170,78
2006-08-01,PE,etanol,293.0430,146
2006-08-01,PE,gasolina,395.0060,147
2006-08-01,PI,etanol,124.4000,55
2006-08-01,PI,gasolina,166.3100,63
2006-08-01,PR,etanol,214.5960,133
2006-08-01,PR,gasolina,336.6180,132
2006-08-01,RJ,etanol,487.0970,271
2006-08-01,RJ,gasolina,728.8830,281
2006-08-01,RN,etanol,15.0100,7
2006-08-01,RN,gasolina,18.4700,7
2006-08-01,RO,etanol,64.5230,30
2006-08-01,RO,gasolina,88.5080,32
2006-08-01,RR,gasolina,17.8600,6
2006-08-01,RS,etanol,595.0160,278
2006-08-01,RS,gasolina,908.3570,329
2006-08-01,SC,etanol,231.9660,136
2006-08-01,SC,gasolina,353.6320,138
2006-08-01,SE,etanol,20.4130,10
2006-08-01,SE,gasolina,27.5240,11
2006-08-01,SP,etanol,1346.6590,971
2006-08-01,SP,gasolina,2393.4140,972
2006-08-02,AC,etanol,2.6800,1
2006-08-02,AC,gasolina,6.3700,2
2006-08-02,AL,etanol,112.4230,55
2006-08-02,AL,gasolina,153.3280,55
2006-08-02,AM,etanol,46.6670,23
2006-08-02,AM,gasolina,100.7340,39
2006-08-02,AP,gasolina,8.7000,3
2006-08-02,BA,etanol,288.1780,152
2006-08-02,BA,gasolina,458.3060,176
2006-08-02,CE,etanol,221.3760,113
2006-08-02,CE,gasolina,331.5130,121
2006-08-02,DF,etanol,59.7160,32
2006-08-02,DF,gasolina,87.7280,33
2006-08-02,ES,etanol,89.0170,46
2006-08-02,ES,gasolina,128.2970,47
2006-08-02,GO,etanol,358.2090,228
2006-08-02,GO,gasolina,609.7920,230
2006-08-02,MA,etanol,20.5100,9
2006-08-02,MA,gasolina,79.5790,29
2006-08-02,MG,etanol,1155.9650,618
2006-08-02,MG,gasolina,1594.8200,635
2006-08-02,MS,etanol,165.7570,92
2006-08-02,MS,gasolina,248.9150,92
2006-08-02,MT,etanol,106.3270,57
2006-08-02,MT,gasolina,170.9970,58
2006-08-02,PA,etanol,175.5590,75
2006-08-02,PA,gasolina,388.6280,148
2006-08-02,PB,etanol,76.7950,38
2006-08-02,PB,gasolina,108.5360,41
2006-08-02,PE,etanol,36.4970,18
2006-08-02,PE,gasolina,61.2390,23
2006-08-02,PI,etanol,19.4800,9
2006-08-02,PI,gasolina,22.9700,9
2006-08-02,PR,etanol,354.7430,228
2006-08-02,PR,gasolina,590.9790,233
2006-08-02,RJ,etanol,1138.5460,632
2006-08-02,RJ,gasolina,1737.4420,671
2006-08-02,RN,etanol,160.2740,81
2006-08-02,RN,gasolina,238.8030,90
2006-08-02,RO,etanol,23.4500,10
2006-08-02,RO,gasolina,57.6400,20
2006-08-02,RS,etanol,561.5770,267
2006-08-02,RS,gasolina,841.0340,304
2006-08-02,SC,etanol,362.1550,212
2006-08-02,SC,gasolina,533.6790,214
2006-08-02,SE,etanol,8.6300,4
2006-08-02,SE,gasolina,10.6400,4
2006-08-02,SP,etanol,1965.8850,1409
2006-08-02,SP,gasolina,3508.1400,1410
2006-08-02,TO,etanol,133.9770,67
2006-08-02,TO,gasolina,190.6640,69
2006-08-03,AL,etanol,12.6700,6
2006-08-03,AL,gasolina,19.5790,7
2006-08-03,AP,gasolina,20.6450,7
2006-08-03,BA,etanol,25.1090,13
2006-08-03,BA,gasolina,39.9470,15
2006-08-03,CE,etanol,10.5500,5
2006-08-03,CE,gasolina,22.4000,8
2006-08-03,ES,etanol,31.1300,16
2006-08-03,ES,gasolina,44.4000,16
2006-08-03,MG,etanol,275.1150,144
2006-08-03,MG,gasolina,379.7390,149
2006-08-03,PA,etanol,2.2500,1
2006-08-03,PA,gasolina,2.6800,1
2006-08-03,PI,etanol,13.3800,6
2006-08-03,PI,gasolina,26.6500,10
2006-08-03,PR,etanol,257.3140,164
2006-08-03,PR,gasolina,419.9920,166
2006-08-03,RJ,etanol,71.3850,40
2006-08-03,RJ,gasolina,125.2800,47
2006-08-03,RN,etanol,31.3100,15
2006-08-03,RN,gasolina,47.1990,18
2006-08-03,RO,etanol,90.9990,42
2006-08-03,RO,gasolina,148.1860,56
2006-08-03,RR,gasolina,8.6000,3
2006-08-03,RS,etanol,61.4830,27
2006-08-03,RS,gasolina,75.5670,28
2006-08-03,SC,etanol,143.9470,80
2006-08-03,SC,gasolina,212.6020,81
2006-08-03,SE,etanol,58.8750,28
2006-08-03,SE,gasolina,95.8020,37
2006-08-03,SP,etanol,424.6420,305
2006-08-03,SP,gasolina,773.3920,311
2006-08-07,AC,etanol,25.6600,11
2006-08-07,AC,gasolina,54.8100,18
2006-08-07,AL,etanol,44.0160,22
2006-08-07,AL,gasolina,64.8570,23
2006-08-07,AM,etanol,89.4800,44
2006-08-07,AM,gasolina,309.1580,118
2006-08-07,AP,etanol,15.5500,7
2006-08-07,AP,gasolina,54.9900,22
2006-08-07,BA,etanol,113.4910,58
2006-08-07,BA,gasolina,167.9860,62
2006-08-07,CE,etanol,79.2280,37
2006-08-07,CE,gasolina,151.6940,55
2006-08-07,DF,etanol,79.9440,44
2006-08-07,DF,gasolina,116.0220,44
2006-08-07,ES,etanol,91.5930,48
2006-08-07,ES,gasolina,134.3510,50
2006-08-07,MA,etanol,65.1940,31
2006-08-07,MA,gasolina,170.9080,62
2006-08-07,MG,etanol,496.6510,264
2006-08-07,MG,gasolina,700.1110,274
2006-08-07,MS,etanol,87.7830,46
2006-08-07,MS,gasolina,131.7540,47
2006-08-07,MT,etanol,33.8900,17
2006-08-07,MT,gasolina,55.6800,18
2006-08-07,PA,etanol,24.0280,10
2006-08-07,PA,gasolina,103.0170,37
2006-08-07,PB,etanol,53.0470,26
2006-08-07,PB,gasolina,86.8560,33
2006-08-07,PE,etanol,336.1960,170
2006-08-07,PE,gasolina,531.1240,208
2006-08-07,PI,etanol,19.6300,9
2006-08-07,PI,gasolina,27.9290,11
2006-08-07,PR,etanol,322.1940,204
2006-08-07,PR,gasolina,514.4010,204
2006-08-07,RJ,etanol,261.9510,143
2006-08-07,RJ,gasolina,379.0770,147
2006-08-07,RN,etanol,63.1770,32
2006-08-07,RN,gasolina,91.8640,35
2006-08-07,RO,etanol,29.1000,13
2006-08-07,RO,gasolina,38.1100,13
2006-08-07,RR,etanol,10.8000,5
2006-08-07,RR,gasolina,23.0900,8
2006-08-07,RS,etanol,616.3270,294
2006-08-07,RS,gasolina,895.0460,325
2006-08-07,SC,etanol,254.4080,151
2006-08-07,SC,gasolina,379.3670,152
2006-08-07,SP,etanol,522.1390,372
2006-08-07,SP,gasolina,927.2120,375
2006-08-08,AC,etanol,63.0300,28
2006-08-08,AC,gasolina,101.4800,34
2006-08-08,AL,etanol,112.4890,55
2006-08-08,AL,gasolina,160.2050,57
2006-08-08,AM,etanol,90.5380,45
2006-08-08,AM,gasolina,167.9660,65
2006-08-08,AP,etanol,8.7000,4
2006-08-08,AP,gasolina,61.2700,24
2006-08-08,BA,etanol,474.9130,254
2006-08-08,BA,gasolina,739.3220,283
2006-08-08,CE,etanol,372.0600,184
2006-08-08,CE,gasolina,562.9580,203
2006-08-08,DF,etanol,86.9750,47
2006-08-08,DF,gasolina,124.6430,47
2006-08-08,ES,etanol,141.4110,74
2006-08-08,ES,gasolina,200.1970,74
2006-08-08,GO,etanol,205.8570,126
2006-08-08,GO,gasolina,346.7250,131
2006-08-08,MA,etanol,148.3850,69
2006-08-08,MA,gasolina,331.4250,120
2006-08-08,MG,etanol,740.9310,393
2006-08-08,MG,gasolina,1021.3180,404
2006-08-08,MS,etanol,100.1360,52
2006-08-08,MS,gasolina,148.8620,53
2006-08-08,MT,etanol,242.7230,130
2006-08-08,MT,gasolina,372.6020,127
2006-08-08,PA,etanol,105.2720,45
2006-08-08,PA,gasolina,285.6050,103
2006-08-08,PB,etanol,242.1200,119
2006-08-08,PB,gasolina,342.8810,129
2006-08-08,PE,etanol,379.5070,189
2006-08-08,PE,gasolina,540.4580,203
2006-08-08,PI,etanol,135.7700,60
2006-08-08,PI,gasolina,189.6990,72
2006-08-08,PR,etanol,389.7300,247
2006-08-08,PR,gasolina,617.1900,246
2006-08-08,RJ,etanol,492.1150,276
2006-08-08,RJ,gasolina,758.7590,291
2006-08-08,RN,etanol,131.0320,66
2006-08-08,RN,gasolina,190.8530,72
2006-08-08,RO,etanol,58.6080,27
2006-08-08,RO,gasolina,105.5420,38
2006-08-08,RS,etanol,399.6730,189
2006-08-08,RS,gasolina,639.6080,232
2006-08-08,SC,etanol,60.4590,34
2006-08-08,SC,gasolina,90.6340,35
2006-08-08,SP,etanol,1466.2880,1073
2006-08-08,SP,gasolina,2631.8870,1076
2006-08-08,TO,etanol,46.6800,23
2006-08-08,TO,gasolina,72.2340,26
2006-08-09,AC,etanol,2.6800,1
2006-08-09,AC,gasolina,15.9000,5
2006-08-09,AL,etanol,82.8650,40
2006-08-09,AL,gasolina,111.4900,40
2006-08-09,AM,etanol,37.8880,19
2006-08-09,AM,gasolina,72.5560,28
2006-08-09,BA,etanol,239.4850,123
2006-08-09,BA,gasolina,367.8690,138
2006-08-09,CE,etanol,104.9520,53
2006-08-09,CE,gasolina,168.1330,61
2006-08-09,DF,etanol,121.5450,65
2006-08-09,DF,gasolina,174.5130,66
2006-08-09,ES,etanol,279.3930,143
2006-08-09,ES,gasolina,402.3100,147
2006-08-09,GO,etanol,344.1630,225
2006-08-09,GO,gasolina,599.8560,227
2006-08-09,MA,etanol,4.5800,2
2006-08-09,MA,gasolina,22.3500,8
2006-08-09,MG,etanol,734.7750,396
2006-08-09,MG,gasolina,1014.0830,407
2006-08-09,MS,etanol,152.9660,83
2006-08-09,MS,gasolina,228.6250,83
2006-08-09,MT,etanol,74.3960,40
2006-08-09,MT,gasolina,117.8120,40
2006-08-09,PA,etanol,99.5960,43
2006-08-09,PA,gasolina,263.7240,101
2006-08-09,PB,etanol,26.0490,13
2006-08-09,PB,gasolina,33.9490,13
2006-08-09,PE,etanol,94.8310,49
2006-08-09,PE,gasolina,129.0800,51
2006-08-09,PI,etanol,72.0300,33
2006-08-09,PI,gasolina,103.8700,41
2006-08-09,PR,etanol,255.7410,161
2006-08-09,PR,gasolina,418.9920,166
2006-08-09,RJ,etanol,909.8560,507
2006-08-09,RJ,gasolina,1372.4450,534
2006-08-09,RN,etanol,49.9390,24
2006-08-09,RN,gasolina,76.4600,29
2006-08-09,RO,etanol,74.8190,35
2006-08-09,RO,gasolina,133.4070,51
2006-08-09,RR,etanol,41.4000,18
2006-08-09,RR,gasolina,124.8500,42
2006-08-09,RS,etanol,493.5010,231
2006-08-09,RS,gasolina,730.9710,264
2006-08-09,SC,etanol,341.5850,198
2006-08-09,SC,gasolina,504.6440,200
2006-08-09,SE,etanol,102.3770,49
2006-08-09,SE,gasolina,145.1480,57
2006-08-09,SP,etanol,2367.5780,1697
2006-08-09,SP,gasolina,4238.2940,1700
2006-08-09,TO,etanol,73.0070,37
2006-08-09,TO,gasolina,102.1860,37
2006-08-10,AL,etanol,15.9500,8
2006-08-10,AL,gasolina,22.1300,8
2006-08-10,AP,gasolina,20.6450,7
2006-08-10,BA,etanol,94.4090,49
2006-08-10,BA,gasolina,148.1470,55
2006-08-10,DF,etanol,57.5570,31
2006-08-10,DF,gasolina,82.1860,31
2006-08-10,ES,etanol,5.9400,3
2006-08-10,ES,gasolina,8.1400,3
2006-08-10,GO,etanol,10.9900,7
2006-08-10,GO,gasolina,18.1300,7
2006-08-10,MG,etanol,509.7240,267
2006-08-10,MG,gasolina,718.1380,281
2006-08-10,MT,etanol,29.5100,16
2006-08-10,MT,gasolina,47.2200,16
2006-08-10,PA,etanol,18.9800,7
2006-08-10,PA,gasolina,21.5700,7
2006-08-10,PR,etanol,246.3900,155
2006-08-10,PR,gasolina,404.7320,158
2006-08-10,RJ,etanol,109.0520,61
2006-08-10,RJ,gasolina,176.7230,66
2006-08-10,RN,etanol,26.7300,13
2006-08-10,RN,gasolina,38.9790,15
2006-08-10,RR,gasolina,32.3400,11
2006-08-10,RS,etanol,68.7170,32
2006-08-10,RS,gasolina,121.9510,44
2006-08-10,SC,etanol,227.1340,133
2006-08-10,SC,gasolina,342.4430,133
2006-08-10,SE,etanol,56.7050,27
2006-08-10,SE,gasolina,90.5120,35
2006-08-10,SP,etanol,88.8810,63
2006-08-10,SP,gasolina,162.0480,64
2006-08-11,MG,etanol,28.4110,15
2006-08-11,MG,gasolina,38.7360,15
2006-08-11,PR,etanol,19.1570,12
2006-08-11,PR,gasolina,30.8580,12
2006-08-11,RO,etanol,31.9030,15
2006-08-11,RO,gasolina,47.1000,17
2006-08-14,AC,etanol,32.7400,14
2006-08-14,AC,gasolina,72.8470,24
2006-08-14,AL,etanol,97.5970,48
2006-08-14,AL,gasolina,138.6830,49
2006-08-14,AM,etanol,89.3200,44
2006-08-14,AM,gasolina,308.6690,118
2006-08-14,AP,etanol,13.3400,6
2006-08-14,AP,gasolina,57.3400,23
2006-08-14,BA,etanol,209.9500,111
2006-08-14,BA,gasolina,333.9280,125
2006-08-14,CE,etanol,185.7300,91
2006-08-14,CE,gasolina,312.0700,113
2006-08-14,DF,etanol,49.9830,27
2006-08-14,DF,gasolina,71.3250,27
2006-08-14,ES,etanol,83.0050,43
2006-08-14,ES,gasolina,120.4560,45
2006-08-14,GO,etanol,66.2580,45
2006-08-14,GO,gasolina,121.2470,46
2006-08-14,MA,etanol,75.0030,36
2006-08-14,MA,gasolina,170.8410,62
2006-08-14,MG,etanol,398.9930,214
2006-08-14,MG,gasolina,575.6140,225
2006-08-14,MS,etanol,49.5710,25
2006-08-14,MS,gasolina,67.7760,24
2006-08-14,MT,etanol,65.0600,37
2006-08-14,MT,gasolina,97.4990,34
2006-08-14,PA,etanol,45.6680,20
2006-08-14,PA,gasolina,154.7830,57
2006-08-14,PB,etanol,115.8580,56
2006-08-14,PB,gasolina,167.0640,62
2006-08-14,PE,etanol,282.0140,144
2006-08-14,PE,gasolina,421.7580,167
2006-08-14,PI,etanol,106.0600,49
2006-08-14,PI,gasolina,150.8900,61
2006-08-14,PR,etanol,280.9270,174
2006-08-14,PR,gasolina,451.0250,174
2006-08-14,RJ,etanol,394.5130,222
2006-08-14,RJ,gasolina,607.4630,238
2006-08-14,RO,etanol,12.2800,5
2006-08-14,RO,gasolina,19.1100,6
2006-08-14,RR,etanol,52.0500,23
2006-08-14,RR,gasolina,159.6900,54
2006-08-14,RS,etanol,365.3010,174
2006-08-14,RS,gasolina,538.3100,194
2006-08-14,SC,etanol,141.3570,83
2006-08-14,SC,gasolina,210.9790,83
2006-08-14,SP,etanol,747.8570,544
2006-08-14,SP,gasolina,1340.2950,543
2006-08-15,AC,etanol,60.6700,27
2006-08-15,AC,gasolina,99.3100,33
2006-08-15,AL,etanol,79.6070,39
2006-08-15,AL,gasolina,109.6560,39
2006-08-15,AM,etanol,78.4190,39
2006-08-15,AM,gasolina,147.4570,57
2006-08-15,AP,etanol,10.9400,5
2006-08-15,AP,gasolina,50.1400,20
2006-08-15,BA,etanol,325.7810,168
2006-08-15,BA,gasolina,502.7170,185
2006-08-15,CE,etanol,237.5010,116
2006-08-15,CE,gasolina,372.2440,134
2006-08-15,DF,etanol,147.5940,82
2006-08-15,DF,gasolina,218.6840,84
2006-08-15,ES,etanol,315.4270,164
2006-08-15,ES,gasolina,450.1330,166
2006-08-15,GO,etanol,116.8740,72
2006-08-15,GO,gasolina,196.3650,75
2006-08-15,MA,etanol,89.3490,41
2006-08-15,MA,gasolina,228.9300,83
2006-08-15,MG,etanol,346.5840,180
2006-08-15,MG,gasolina,494.3290,189
2006-08-15,MS,etanol,268.6770,144
2006-08-15,MS,gasolina,408.1350,147
2006-08-15,MT,etanol,89.6880,45
2006-08-15,MT,gasolina,139.0290,46
2006-08-15,PA,etanol,115.5410,47
2006-08-15,PA,gasolina,285.4050,103
2006-08-15,PB,etanol,170.0080,84
2006-08-15,PB,gasolina,247.2580,93
2006-08-15,PE,etanol,501.5710,253
2006-08-15,PE,gasolina,686.5060,266
2006-08-15,PI,etanol,77.9590,36
2006-08-15,PI,gasolina,110.4000,44
2006-08-15,PR,etanol,477.2250,303
2006-08-15,PR,gasolina,752.7450,304
2006-08-15,RJ,etanol,725.8160,405
2006-08-15,RJ,gasolina,1102.4060,427
2006-08-15,RN,etanol,148.3700,76
2006-08-15,RN,gasolina,204.5080,81
2006-08-15,RO,etanol,103.6200,49
2006-08-15,RO,gasolina,148.7720,54
2006-08-15,RR,gasolina,14.9200,5
2006-08-15,RS,etanol,822.7160,392
2006-08-15,RS,gasolina,1233.0980,448
2006-08-15,SC,etanol,427.9720,254
2006-08-15,SC,gasolina,640.2610,256
2006-08-15,SE,etanol,6.4800,3
2006-08-15,SE,gasolina,7.9900,3
2006-08-15,SP,etanol,1261.6380,918
2006-08-15,SP,gasolina,2267.9120,920
2006-08-15,TO,etanol,46.8980,24
2006-08-15,TO,gasolina,67.6370,25
2006-08-16,AL,etanol,28.8600,14
2006-08-16,AL,gasolina,41.7000,15
2006-08-16,AM,etanol,50.1980,25
2006-08-16,AM,gasolina,93.1760,36
2006-08-16,AP,gasolina,29.3450,10
2006-08-16,BA,etanol,380.6400,200
2006-08-16,BA,gasolina,597.7140,226
2006-08-16,CE,etanol,134.8200,68
2006-08-16,CE,gasolina,200.4840,73
2006-08-16,DF,etanol,161.4100,88
2006-08-16,DF,gasolina,232.6130,88
2006-08-16,ES,etanol,114.5640,58
2006-08-16,ES,gasolina,162.0080,59
2006-08-16,GO,etanol,316.4490,199
2006-08-16,GO,gasolina,532.2860,200
2006-08-16,MA,etanol,60.2380,28
2006-08-16,MA,gasolina,119.3720,43
2006-08-16,MG,etanol,1323.2710,708
2006-08-16,MG,gasolina,1833.8200,735
2006-08-16,MS,etanol,23.6750,13
2006-08-16,MS,gasolina,32.9490,12
2006-08-16,MT,etanol,226.1050,122
2006-08-16,MT,gasolina,359.7740,122
2006-08-16,PA,etanol,52.0830,23
2006-08-16,PA,gasolina,133.5820,50
2006-08-16,PB,etanol,38.7680,19
2006-08-16,PB,gasolina,50.6790,19
2006-08-16,PE,etanol,56.5860,27
2006-08-16,PE,gasolina,75.9660,27
2006-08-16,PI,etanol,36.0000,15
2006-08-16,PI,gasolina,44.0000,16
2006-08-16,PR,etanol,447.2210,291
2006-08-16,PR,gasolina,723.7470,294
2006-08-16,RJ,etanol,584.3450,326
2006-08-16,RJ,gasolina,885.8470,341
2006-08-16,RN,etanol,105.6000,52
2006-08-16,RN,gasolina,153.4430,59
2006-08-16,RO,etanol,76.0880,36
2006-08-16,RO,gasolina,157.6370,60
2006-08-16,RR,gasolina,8.6000,3
2006-08-16,RS,etanol,365.3180,172
2006-08-16,RS,gasolina,576.0370,208
2006-08-16,SC,etanol,276.2490,157
2006-08-16,SC,gasolina,406.2530,158
2006-08-16,SE,etanol,146.2770,70
2006-08-16,SE,gasolina,217.5620,85
2006-08-16,SP,etanol,2225.3760,1608
2006-08-16,SP,gasolina,4005.7350,1616
2006-08-16,TO,etanol,80.6100,41
2006-08-16,TO,gasolina,119.2170,43
2006-08-17,AL,etanol,54.3230,26
2006-08-17,AL,gasolina,71.5210,26
2006-08-17,BA,etanol,2.1000,1
2006-08-17,BA,gasolina,2.9200,1
2006-08-17,GO,etanol,58.9300,40
2006-08-17,GO,gasolina,103.1080,40
2006-08-17,MG,etanol,451.1660,240
2006-08-17,MG,gasolina,616.7600,244
2006-08-17,PA,etanol,24.5380,11
2006-08-17,PA,gasolina,70.3910,27
2006-08-17,RN,etanol,8.5600,4
2006-08-17,RN,gasolina,10.5200,4
2006-08-17,SC,etanol,30.4430,18
2006-08-17,SC,gasolina,45.6610,18
2006-08-17,SP,etanol,176.2130,128
2006-08-17,SP,gasolina,321.8460,129
2006-08-21,AC,etanol,37.2900,16
2006-08-21,AC,gasolina,59.7600,20
2006-08-21,AL,etanol,28.5610,14
2006-08-21,AL,gasolina,41.8060,15
2006-08-21,AM,etanol,88.5290,44
2006-08-21,AM,gasolina,310.6780,119
2006-08-21,AP,etanol,15.5700,7
2006-08-21,AP,gasolina,59.9600,24
2006-08-21,BA,etanol,356.3280,189
2006-08-21,BA,gasolina,576.2920,216
2006-08-21,CE,etanol,185.2210,93
2006-08-21,CE,gasolina,286.0650,104
2006-08-21,DF,etanol,44.0130,25
2006-08-21,DF,gasolina,64.7430,25
2006-08-21,ES,etanol,159.8930,84
2006-08-21,ES,gasolina,231.5870,86
2006-08-21,MA,etanol,76.2250,36
2006-08-21,MA,gasolina,151.8410,55
2006-08-21,MG,etanol,391.5430,204
2006-08-21,MG,gasolina,542.7300,210
2006-08-21,MT,etanol,5.2600,3
2006-08-21,MT,gasolina,8.6200,3
2006-08-21,PA,etanol,79.6930,34
2006-08-21,PA,gasolina,227.1340,84
2006-08-21,PB,etanol,205.6200,101
2006-08-21,PB,gasolina,303.6330,114
2006-08-21,PE,etanol,292.4950,148
2006-08-21,PE,gasolina,480.9310,178
2006-08-21,PI,etanol,95.2820,44
2006-08-21,PI,gasolina,139.1600,56
2006-08-21,PR,etanol,363.7370,233
2006-08-21,PR,gasolina,572.7880,232
2006-08-21,RJ,etanol,312.0270,179
2006-08-21,RJ,gasolina,480.6260,192
2006-08-21,RN,etanol,148.0690,74
2006-08-21,RN,gasolina,214.6070,79
2006-08-21,RR,etanol,54.1300,24
2006-08-21,RR,gasolina,150.0800,51
2006-08-21,RS,etanol,484.4470,234
2006-08-21,RS,gasolina,713.4590,259
2006-08-21,SC,etanol,184.4380,110
2006-08-21,SC,gasolina,272.7910,110
2006-08-21,SP,etanol,460.8020,336
2006-08-21,SP,gasolina,846.5540,337
2006-08-22,AC,etanol,22.9600,10
2006-08-22,AC,gasolina,62.1800,20
2006-08-22,AL,etanol,133.6230,65
2006-08-22,AL,gasolina,189.3830,67
2006-08-22,AM,etanol,108.4390,54
2006-08-22,AM,gasolina,191.2670,74
2006-08-22,AP,etanol,8.7100,4
2006-08-22,AP,gasolina,56.1100,22
2006-08-22,BA,etanol,349.5060,181
2006-08-22,BA,gasolina,536.5350,198
2006-08-22,CE,etanol,361.7850,177
2006-08-22,CE,gasolina,568.2120,205
2006-08-22,DF,etanol,123.1110,69
2006-08-22,DF,gasolina,184.9000,71
2006-08-22,ES,etanol,168.2650,87
2006-08-22,ES,gasolina,239.8560,89
2006-08-22,GO,etanol,204.3380,134
2006-08-22,GO,gasolina,360.4350,137
2006-08-22,MA,etanol,96.7670,45
2006-08-22,MA,gasolina,239.7290,87
2006-08-22,MG,etanol,579.8980,305
2006-08-22,MG,gasolina,808.9570,314
2006-08-22,MS,etanol,87.0000,44
2006-08-22,MS,gasolina,129.5440,46
2006-08-22,MT,etanol,107.6700,57
2006-08-22,MT,gasolina,167.1300,56
2006-08-22,PA,etanol,44.9360,18
2006-08-22,PA,gasolina,169.9130,58
2006-08-22,PB,etanol,108.6700,53
2006-08-22,PB,gasolina,147.3990,55
2006-08-22,PE,etanol,524.9450,263
2006-08-22,PE,gasolina,779.9650,287
2006-08-22,PI,etanol,127.9900,58
2006-08-22,PI,gasolina,170.8780,67
2006-08-22,PR,etanol,402.3260,256
2006-08-22,PR,gasolina,637.6550,258
2006-08-22,RJ,etanol,729.9900,402
2006-08-22,RJ,gasolina,1083.7200,416
2006-08-22,RN,etanol,24.3800,12
2006-08-22,RN,gasolina,41.1400,15
2006-08-22,RO,etanol,110.0820,52
2006-08-22,RO,gasolina,155.0720,56
2006-08-22,RR,gasolina,14.9200,5
2006-08-22,RS,etanol,459.7710,218
2006-08-22,RS,gasolina,718.3290,262
2006-08-22,SC,etanol,216.2420,129
2006-08-22,SC,gasolina,323.0610,129
2006-08-22,SE,etanol,65.0420,31
2006-08-22,SE,gasolina,96.7310,38
2006-08-22,SP,etanol,2077.0450,1505
2006-08-22,SP,gasolina,3729.8590,1506
2006-08-22,TO,etanol,48.9700,25
2006-08-22,TO,gasolina,70.3290,26
2006-08-23,AC,etanol,33.1100,15
2006-08-23,AC,gasolina,50.1800,17
2006-08-23,AL,etanol,97.2500,47
2006-08-23,AL,gasolina,130.3300,47
2006-08-23,AM,etanol,26.0070,13
2006-08-23,AM,gasolina,49.2550,19
2006-08-23,AP,gasolina,20.6450,7
2006-08-23,BA,etanol,200.4150,104
2006-08-23,BA,gasolina,319.6830,118
2006-08-23,CE,etanol,14.6600,7
2006-08-23,CE,gasolina,30.0900,11
2006-08-23,DF,etanol,135.1970,76
2006-08-23,DF,gasolina,197.7340,76
2006-08-23,ES,etanol,212.7130,109
2006-08-23,ES,gasolina,303.2140,111
2006-08-23,GO,etanol,351.5430,225
2006-08-23,GO,gasolina,602.4480,227
2006-08-23,MA,etanol,36.5550,17
2006-08-23,MA,gasolina,113.5680,41
2006-08-23,MG,etanol,1424.4340,769
2006-08-23,MG,gasolina,1981.1200,795
2006-08-23,MS,etanol,242.4570,131
2006-08-23,MS,gasolina,360.2120,130
2006-08-23,MT,etanol,266.2500,142
2006-08-23,MT,gasolina,419.3850,142
2006-08-23,PA,etanol,121.7260,53
2006-08-23,PA,gasolina,273.2770,105
2006-08-23,PB,etanol,8.3500,4
2006-08-23,PB,gasolina,10.9400,4
2006-08-23,PR,etanol,434.4960,281
2006-08-23,PR,gasolina,705.3980,283
2006-08-23,RJ,etanol,837.8450,469
2006-08-23,RJ,gasolina,1294.1620,498
2006-08-23,RN,etanol,104.8830,52
2006-08-23,RN,gasolina,153.3550,58
2006-08-23,RO,etanol,78.4480,37
2006-08-23,RO,gasolina,180.2290,66
2006-08-23,RR,gasolina,17.5270,6
2006-08-23,RS,etanol,664.9070,316
2006-08-23,RS,gasolina,1024.5120,370
2006-08-23,SC,etanol,435.8910,251
2006-08-23,SC,gasolina,658.8120,256
2006-08-23,SE,etanol,96.1520,46
2006-08-23,SE,gasolina,141.4210,55
2006-08-23,SP,etanol,1845.7810,1374
2006-08-23,SP,gasolina,3387.0880,1380
2006-08-23,TO,etanol,82.7800,42
2006-08-23,TO,gasolina,119.3800,43
2006-08-24,BA,etanol,12.4200,6
2006-08-24,BA,gasolina,19.4690,7
2006-08-24,ES,etanol,1.9800,1
2006-08-24,ES,gasolina,2.6900,1
2006-08-24,MA,etanol,8.3380,4
2006-08-24,MA,gasolina,19.4680,7
2006-08-24,MG,etanol,162.6250,87
2006-08-24,MG,gasolina,233.1590,93
2006-08-24,MT,etanol,3.8900,2
2006-08-24,MT,gasolina,6.1700,2
2006-08-24,PB,etanol,2.0800,1
2006-08-24,PB,gasolina,2.7400,1
2006-08-24,PR,etanol,1.6500,1
2006-08-24,PR,gasolina,2.5600,1
2006-08-24,RN,etanol,1.9300,1
2006-08-24,RN,gasolina,2.5500,1
2006-08-24,SC,etanol,36.2300,21
2006-08-24,SC,gasolina,53.8880,21
2006-08-24,SP,etanol,27.5310,20
2006-08-24,SP,gasolina,47.0020,19
2006-08-28,AC,etanol,4.7000,2
2006-08-28,AC,gasolina,28.3600,9
2006-08-28,AL,etanol,103.2160,51
2006-08-28,AL,gasolina,144.8650,51
2006-08-28,AM,etanol,84.2690,42
2006-08-28,AM,gasolina,306.7580,118
2006-08-28,AP,etanol,24.2800,11
2006-08-28,AP,gasolina,104.3900,42
2006-08-28,BA,etanol,108.1350,57
2006-08-28,BA,gasolina,161.2060,60
2006-08-28,CE,etanol,185.9520,93
2006-08-28,CE,gasolina,308.9400,113
2006-08-28,DF,etanol,133.5820,75
2006-08-28,DF,gasolina,196.0830,76
2006-08-28,ES,etanol,114.1840,60
2006-08-28,ES,gasolina,171.6540,64
2006-08-28,MA,etanol,111.3510,54
2006-08-28,MA,gasolina,275.5340,101
2006-08-28,MG,etanol,272.2490,144
2006-08-28,MG,gasolina,378.5550,148
2006-08-28,MS,etanol,53.1570,27
2006-08-28,MS,gasolina,76.1530,27
2006-08-28,MT,etanol,42.3400,23
2006-08-28,MT,gasolina,64.7300,22
2006-08-28,PA,etanol,61.0650,26
2006-08-28,PA,gasolina,164.8680,62
2006-08-28,PB,etanol,170.6590,83
2006-08-28,PB,gasolina,247.8030,92
2006-08-28,PE,etanol,330.1030,166
2006-08-28,PE,gasolina,507.8620,187
2006-08-28,PI,etanol,113.2700,51
2006-08-28,PI,gasolina,138.9800,55
2006-08-28,PR,etanol,362.7770,233
2006-08-28,PR,gasolina,580.5450,232
2006-08-28,RJ,etanol,114.1390,67
2006-08-28,RJ,gasolina,180.7250,73
2006-08-28,RN,etanol,36.8190,18
2006-08-28,RN,gasolina,57.2170,22
2006-08-28,RR,etanol,3.8500,2
2006-08-28,RR,gasolina,5.1800,2
2006-08-28,RS,etanol,293.9960,142
2006-08-28,RS,gasolina,450.4840,164
2006-08-28,SC,etanol,164.8440,95
2006-08-28,SC,gasolina,245.3630,96
2006-08-28,SP,etanol,794.3930,586
2006-08-28,SP,gasolina,1458.9480,588
2006-08-29,AC,etanol,12.5400,5
2006-08-29,AC,gasolina,34.3900,11
2006-08-29,AL,etanol,130.5600,63
2006-08-29,AL,gasolina,177.8910,64
2006-08-29,AM,etanol,99.5790,50
2006-08-29,AM,gasolina,170.7780,66
2006-08-29,AP,gasolina,11.7300,4
2006-08-29,BA,etanol,514.2890,271
2006-08-29,BA,gasolina,832.8450,311
2006-08-29,CE,etanol,346.0680,169
2006-08-29,CE,gasolina,530.5070,191
2006-08-29,DF,etanol,115.6260,65
2006-08-29,DF,gasolina,177.4570,68
2006-08-29,ES,etanol,137.5830,72
2006-08-29,ES,gasolina,196.5030,73
2006-08-29,GO,etanol,311.9450,201
2006-08-29,GO,gasolina,546.2100,206
2006-08-29,MA,etanol,93.3250,42
2006-08-29,MA,gasolina,201.9830,72
2006-08-29,MG,etanol,988.9800,527
2006-08-29,MG,gasolina,1396.5220,547
2006-08-29,MS,etanol,116.3330,61
2006-08-29,MS,gasolina,173.3850,62
2006-08-29,MT,etanol,217.2620,115
2006-08-29,MT,gasolina,341.1430,115
2006-08-29,PA,etanol,55.6880,23
2006-08-29,PA,gasolina,232.3390,81
2006-08-29,PB,etanol,149.4780,74
2006-08-29,PB,gasolina,212.1170,81
2006-08-29,PE,etanol,441.2080,220
2006-08-29,PE,gasolina,635.6090,234
2006-08-29,PI,etanol,97.7300,45
2006-08-29,PI,gasolina,141.3500,56
2006-08-29,PR,etanol,557.5890,359
2006-08-29,PR,gasolina,906.5560,362
2006-08-29,RJ,etanol,735.7160,414
2006-08-29,RJ,gasolina,1114.8270,430
2006-08-29,RN,etanol,135.0120,68
2006-08-29,RN,gasolina,196.0960,71
2006-08-29,RO,etanol,100.4700,48
2006-08-29,RO,gasolina,145.8230,53
2006-08-29,RR,etanol,47.9800,21
2006-08-29,RR,gasolina,146.2040,52
2006-08-29,RS,etanol,722.1660,345
2006-08-29,RS,gasolina,1094.4490,397
2006-08-29,SC,etanol,345.1650,206
2006-08-29,SC,gasolina,511.3700,207
2006-08-29,SP,etanol,2016.4330,1506
2006-08-29,SP,gasolina,3714.1700,1509
2006-08-29,TO,etanol,54.5710,29
2006-08-29,TO,gasolina,82.0700,30
2006-08-30,AC,etanol,78.7400,35
2006-08-30,AC,gasolina,109.3700,37
2006-08-30,AL,etanol,27.2800,13
2006-08-30,AL,gasolina,38.9200,14
2006-08-30,AM,etanol,34.4370,17
2006-08-30,AM,gasolina,69.7740,27
2006-08-30,AP,gasolina,20.1400,7
2006-08-30,BA,etanol,282.4530,145
2006-08-30,BA,gasolina,421.9600,155
2006-08-30,CE,etanol,28.1770,14
2006-08-30,CE,gasolina,44.2180,16
2006-08-30,DF,etanol,63.1090,35
2006-08-30,DF,gasolina,91.7520,35
2006-08-30,ES,etanol,273.7000,140
2006-08-30,ES,gasolina,388.5960,142
2006-08-30,GO,etanol,232.1560,153
2006-08-30,GO,gasolina,407.9080,154
2006-08-30,MA,etanol,17.8500,8
2006-08-30,MA,gasolina,50.7100,18
2006-08-30,MG,etanol,1245.7170,674
2006-08-30,MG,gasolina,1728.9870,693
2006-08-30,MS,etanol,168.6790,93
2006-08-30,MS,gasolina,255.3100,93
2006-08-30,MT,etanol,120.8840,65
2006-08-30,MT,gasolina,192.5060,65
2006-08-30,PA,etanol,133.1170,57
2006-08-30,PA,gasolina,272.9260,104
2006-08-30,PB,etanol,1.9900,1
2006-08-30,PB,gasolina,2.5500,1
2006-08-30,PE,etanol,7.9200,4
2006-08-30,PE,gasolina,10.7600,4
2006-08-30,PI,etanol,13.3800,6
2006-08-30,PI,gasolina,31.9500,12
2006-08-30,PR,etanol,263.4010,170
2006-08-30,PR,gasolina,427.6660,170
2006-08-30,RJ,etanol,1039.5700,577
2006-08-30,RJ,gasolina,1579.7200,609
2006-08-30,RN,etanol,100.1970,50
2006-08-30,RN,gasolina,155.5640,58
2006-08-30,RO,etanol,91.0990,42
2006-08-30,RO,gasolina,189.9500,68
2006-08-30,RR,etanol,2.3000,1
2006-08-30,RR,gasolina,20.3000,7
2006-08-30,RS,etanol,578.9740,281
2006-08-30,RS,gasolina,920.6030,337
2006-08-30,SC,etanol,372.9890,214
2006-08-30,SC,gasolina,554.1060,215
2006-08-30,SE,etanol,151.7380,72
2006-08-30,SE,gasolina,233.1810,91
2006-08-30,SP,etanol,1524.4010,1129
2006-08-30,SP,gasolina,2799.6420,1133
2006-08-30,TO,etanol,77.0500,38
2006-08-30,TO,gasolina,107.6790,39
2006-09-04,AC,etanol,32.5000,14
2006-09-04,AC,gasolina,76.9200,25
2006-09-04,AL,etanol,67.0940,33
2006-09-04,AL,gasolina,90.7410,32
2006-09-04,AM,etanol,95.8990,48
2006-09-04,AM,gasolina,311.8880,120
2006-09-04,AP,gasolina,2.4800,1
2006-09-04,BA,etanol,202.2940,106
2006-09-04,BA,gasolina,308.7130,115
2006-09-04,CE,etanol,145.4830,71
2006-09-04,CE,gasolina,242.5380,88
2006-09-04,DF,etanol,50.7960,28
2006-09-04,DF,gasolina,76.9700,29
2006-09-04,ES,etanol,111.7940,59
2006-09-04,ES,gasolina,159.5810,60
2006-09-04,MA,etanol,96.2810,47
2006-09-04,MA,gasolina,249.6160,92
2006-09-04,MG,etanol,323.1270,171
2006-09-04,MG,gasolina,464.1110,180
2006-09-04,MS,etanol,1.8800,1
2006-09-04,MS,gasolina,2.7890,1
2006-09-04,MT,etanol,53.1900,29
2006-09-04,MT,gasolina,79.1500,27
2006-09-04,PA,etanol,4.6800,2
2006-09-04,PA,gasolina,90.4100,32
2006-09-04,PB,etanol,132.0850,64
2006-09-04,PB,gasolina,191.7950,71
2006-09-04,PE,etanol,334.5450,170
2006-09-04,PE,gasolina,548.9860,205
2006-09-04,PI,etanol,75.6400,35
2006-09-04,PI,gasolina,114.4690,45
2006-09-04,PR,etanol,417.0510,275
2006-09-04,PR,gasolina,684.7300,274
2006-09-04,RJ,etanol,99.6390,58
2006-09-04,RJ,gasolina,149.3820,60
2006-09-04,RN,etanol,140.7430,71
2006-09-04,RN,gasolina,213.2480,78
2006-09-04,RO,etanol,20.6600,10
2006-09-04,RO,gasolina,53.9800,19
2006-09-04,RR,etanol,53.9300,24
2006-09-04,RR,gasolina,142.5900,51
2006-09-04,RS,etanol,162.5610,79
2006-09-04,RS,gasolina,253.3230,92
2006-09-04,SC,etanol,207.1810,123
2006-09-04,SC,gasolina,309.9870,124
2006-09-04,SE,etanol,2.1400,1
2006-09-04,SE,gasolina,2.6500,1
2006-09-04,SP,etanol,702.7240,524
2006-09-04,SP,gasolina,1305.2080,526
2006-09-05,AC,etanol,60.5500,27
2006-09-05,AC,gasolina,92.0600,31
2006-09-05,AL,etanol,121.1890,59
2006-09-05,AL,gasolina,171.8930,61
2006-09-05,AM,etanol,29.9100,15
2006-09-05,AM,gasolina,51.8900,20
2006-09-05,AP,etanol,24.2800,11
2006-09-05,AP,gasolina,107.1900,43
2006-09-05,BA,etanol,477.6480,252
2006-09-05,BA,gasolina,754.9890,279
2006-09-05,CE,etanol,417.4100,207
2006-09-05,CE,gasolina,638.5770,231
2006-09-05,DF,etanol,56.8700,31
2006-09-05,DF,gasolina,82.8920,31
2006-09-05,ES,etanol,190.0920,98
2006-09-05,ES,gasolina,271.2200,100
2006-09-05,GO,etanol,184.3940,117
2006-09-05,GO,gasolina,317.4050,121
2006-09-05,MA,etanol,102.6410,47
2006-09-05,MA,gasolina,217.3210,78
2006-09-05,MG,etanol,484.2580,255
2006-09-05,MG,gasolina,690.7800,266
2006-09-05,MS,etanol,168.1270,87
2006-09-05,MS,gasolina,244.0940,87
2006-09-05,MT,etanol,155.2170,82
2006-09-05,MT,gasolina,247.4130,83
2006-09-05,PA,etanol,94.8320,40
2006-09-05,PA,gasolina,296.6400,109
2006-09-05,PB,etanol,185.4770,92
2006-09-05,PB,gasolina,270.4970,103
2006-09-05,PE,etanol,477.0040,240
2006-09-05,PE,gasolina,679.5830,253
2006-09-05,PI,etanol,130.5200,59
2006-09-05,PI,gasolina,179.6400,70
2006-09-05,PR,etanol,511.9760,329
2006-09-05,PR,gasolina,837.0790,333
2006-09-05,RJ,etanol,598.6290,336
2006-09-05,RJ,gasolina,928.1170,358
2006-09-05,RN,etanol,36.0900,17
2006-09-05,RN,gasolina,56.1490,21
2006-09-05,RO,etanol,52.1500,23
2006-09-05,RO,gasolina,71.6630,25
2006-09-05,RR,gasolina,14.9200,5
2006-09-05,RS,etanol,720.1190,354
2006-09-05,RS,gasolina,1051.1330,386
2006-09-05,SC,etanol,332.5310,198
2006-09-05,SC,gasolina,499.4350,200
2006-09-05,SP,etanol,1863.2020,1410
2006-09-05,SP,gasolina,3485.1440,1415
2006-09-05,TO,etanol,111.0590,57
2006-09-05,TO,gasolina,162.7840,59
2006-09-06,AC,gasolina,3.1000,1
2006-09-06,AL,etanol,70.7730,34
2006-09-06,AL,gasolina,93.7320,34
2006-09-06,AM,etanol,99.9360,50
2006-09-06,AM,gasolina,182.9820,71
2006-09-06,AP,gasolina,26.4400,9
2006-09-06,BA,etanol,235.9600,122
2006-09-06,BA,gasolina,367.0220,135
2006-09-06,CE,etanol,1.9900,1
2006-09-06,CE,gasolina,2.7000,1
2006-09-06,DF,etanol,203.2240,113
2006-09-06,DF,gasolina,306.7530,116
2006-09-06,ES,etanol,102.6230,53
2006-09-06,ES,gasolina,143.8300,53
2006-09-06,GO,etanol,360.7140,240
2006-09-06,GO,gasolina,643.2690,242
2006-09-06,MA,etanol,22.8200,10
2006-09-06,MA,gasolina,56.2800,20
2006-09-06,MG,etanol,1607.4310,875
2006-09-06,MG,gasolina,2245.1350,899
2006-09-06,MS,etanol,108.2570,60
2006-09-06,MS,gasolina,162.2740,60
2006-09-06,MT,etanol,170.4840,92
2006-09-06,MT,gasolina,271.9770,92
2006-09-06,PA,etanol,137.5860,59
2006-09-06,PA,gasolina,283.6230,106
2006-09-06,PE,etanol,7.7160,4
2006-09-06,PE,gasolina,15.4790,6
2006-09-06,PI,etanol,16.7800,8
2006-09-06,PI,gasolina,19.5200,8
2006-09-06,PR,etanol,245.2280,162
2006-09-06,PR,gasolina,409.2750,164
2006-09-06,RJ,etanol,1053.3200,591
2006-09-06,RJ,gasolina,1608.5840,622
2006-09-06,RN,etanol,95.9860,48
2006-09-06,RN,gasolina,141.2900,53
2006-09-06,RO,etanol,121.5150,58
2006-09-06,RO,gasolina,215.3920,78
2006-09-06,RR,gasolina,17.5270,6
2006-09-06,RS,etanol,599.8200,288
2006-09-06,RS,gasolina,992.3860,360
2006-09-06,SC,etanol,303.3720,174
2006-09-06,SC,gasolina,453.0550,175
2006-09-06,SE,etanol,153.4290,73
2006-09-06,SE,gasolina,235.6670,92
2006-09-06,SP,etanol,1714.6930,1296
2006-09-06,SP,gasolina,3197.8360,1297
2006-09-06,TO,etanol,18.1900,9
2006-09-06,TO,gasolina,24.2200,9
2006-09-08,ES,etanol,118.4560,61
2006-09-08,ES,gasolina,175.2510,64
2006-09-08,MG,etanol,5.7840,3
2006-09-08,MG,gasolina,10.4480,4
2006-09-08,RS,etanol,73.5880,33
2006-09-08,RS,gasolina,116.0910,41
2006-09-08,SC,etanol,31.0580,17
2006-09-08,SC,gasolina,45.4160,17
2006-09-11,AC,etanol,2.6800,1
2006-09-11,AC,gasolina,9.5500,3
2006-09-11,AL,etanol,67.8700,33
2006-09-11,AL,gasolina,93.6050,33
2006-09-11,AM,etanol,59.9800,30
2006-09-11,AM,gasolina,225.0280,87
2006-09-11,AP,etanol,4.4800,2
2006-09-11,AP,gasolina,34.8000,14
2006-09-11,BA,etanol,180.8410,93
2006-09-11,BA,gasolina,304.2710,111
2006-09-11,CE,etanol,94.2490,47
2006-09-11,CE,gasolina,157.2130,57
2006-09-11,DF,etanol,18.0750,10
2006-09-11,DF,gasolina,26.6760,10
2006-09-11,ES,etanol,60.3250,32
2006-09-11,ES,gasolina,84.5430,32
2006-09-11,MA,etanol,47.6990,23
2006-09-11,MA,gasolina,113.1580,42
2006-09-11,MG,etanol,294.0400,158
2006-09-11,MG,gasolina,430.7230,167
2006-09-11,MT,etanol,1.8500,1
2006-09-11,MT,gasolina,2.9500,1
2006-09-11,PA,etanol,4.7400,2
2006-09-11,PA,gasolina,42.0400,15
2006-09-11,PB,etanol,117.5260,57
2006-09-11,PB,gasolina,169.5670,63
2006-09-11,PE,etanol,259.0930,132
2006-09-11,PE,gasolina,391.7020,153
2006-09-11,PI,etanol,65.7400,31
2006-09-11,PI,gasolina,85.6800,35
2006-09-11,PR,etanol,225.5710,150
2006-09-11,PR,gasolina,370.1610,151
2006-09-11,RJ,etanol,106.5390,61
2006-09-11,RJ,gasolina,163.3490,65
2006-09-11,RN,etanol,47.1670,24
2006-09-11,RN,gasolina,68.8640,25
2006-09-11,RR,etanol,51.9300,23
2006-09-11,RR,gasolina,140.1100,50
2006-09-11,RS,etanol,103.8950,51
2006-09-11,RS,gasolina,141.3540,52
2006-09-11,SC,etanol,64.3380,36
2006-09-11,SC,gasolina,99.1580,37
2006-09-11,SP,etanol,282.8870,219
2006-09-11,SP,gasolina,534.7590,219
2006-09-12,AC,etanol,75.8100,34
2006-09-12,AC,gasolina,138.1100,46
2006-09-12,AL,etanol,106.6820,52
2006-09-12,AL,gasolina,149.0520,53
2006-09-12,AM,etanol,99.4280,50
2006-09-12,AM,gasolina,207.6170,80
2006-09-12,AP,etanol,19.8000,9
2006-09-12,AP,gasolina,71.7500,29
2006-09-12,BA,etanol,493.6080,261
2006-09-12,BA,gasolina,787.0990,292
2006-09-12,CE,etanol,437.8400,217
2006-09-12,CE,gasolina,686.1580,249
2006-09-12,DF,etanol,54.5340,31
2006-09-12,DF,gasolina,82.2860,31
2006-09-12,ES,etanol,111.9750,59
2006-09-12,ES,gasolina,165.3270,62
2006-09-12,GO,etanol,238.7800,153
2006-09-12,GO,gasolina,418.3740,158
2006-09-12,MA,etanol,108.1830,52
2006-09-12,MA,gasolina,272.2790,100
2006-09-12,MG,etanol,676.1440,363
2006-09-12,MG,gasolina,950.8570,374
2006-09-12,MS,etanol,171.4140,89
2006-09-12,MS,gasolina,246.8490,88
2006-09-12,MT,etanol,175.8480,93
2006-09-12,MT,gasolina,271.5770,91
2006-09-12,PA,etanol,77.9110,34
2006-09-12,PA,gasolina,284.9130,107
2006-09-12,PB,etanol,190.2850,94
2006-09-12,PB,gasolina,279.9260,106
2006-09-12,PE,etanol,524.1600,263
2006-09-12,PE,gasolina,781.3010,299
2006-09-12,PI,etanol,94.7600,42
2006-09-12,PI,gasolina,120.9000,46
2006-09-12,PR,etanol,541.0390,356
2006-09-12,PR,gasolina,901.1720,362
2006-09-12,RJ,etanol,1006.0260,561
2006-09-12,RJ,gasolina,1519.5340,586
2006-09-12,RN,etanol,133.3790,66
2006-09-12,RN,gasolina,207.1750,77
2006-09-12,RR,etanol,1.9000,1
2006-09-12,RR,gasolina,2.5900,1
2006-09-12,RS,etanol,737.8130,362
2006-09-12,RS,gasolina,1114.5480,406
2006-09-12,SC,etanol,428.8550,255
2006-09-12,SC,gasolina,634.6130,255
2006-09-12,SP,etanol,1872.1460,1413
2006-09-12,SP,gasolina,3494.2840,1411
2006-09-12,TO,etanol,23.0400,12
2006-09-12,TO,gasolina,35.1600,13
2006-09-13,AC,etanol,14.5600,6
2006-09-13,AC,gasolina,24.4300,8
2006-09-13,AL,etanol,86.3510,42
2006-09-13,AL,gasolina,118.7060,43
2006-09-13,AM,etanol,63.7870,32
2006-09-13,AM,gasolina,114.0650,44
2006-09-13,AP,gasolina,29.3400,10
2006-09-13,BA,etanol,236.3920,124
2006-09-13,BA,gasolina,350.4120,130
2006-09-13,CE,etanol,21.5390,10
2006-09-13,CE,gasolina,39.0160,14
2006-09-13,DF,etanol,204.4290,113
2006-09-13,DF,gasolina,304.3200,114
2006-09-13,ES,etanol,276.1690,142
2006-09-13,ES,gasolina,386.9190,142
2006-09-13,GO,etanol,297.0780,201
2006-09-13,GO,gasolina,534.8490,202
2006-09-13,MA,etanol,62.5690,28
2006-09-13,MA,gasolina,137.2480,49
2006-09-13,MG,etanol,1193.4830,655
2006-09-13,MG,gasolina,1689.5990,678
2006-09-13,MS,etanol,160.7040,90
2006-09-13,MS,gasolina,240.7020,90
2006-09-13,MT,etanol,196.8420,107
2006-09-13,MT,gasolina,315.2130,107
2006-09-13,PA,etanol,146.6800,62
2006-09-13,PA,gasolina,343.5880,125
2006-09-13,PB,etanol,9.7800,5
2006-09-13,PB,gasolina,12.6000,5
2006-09-13,PE,etanol,13.7450,7
2006-09-13,PE,gasolina,21.0040,8
2006-09-13,PI,etanol,59.9400,28
2006-09-13,PI,gasolina,106.9400,42
2006-09-13,PR,etanol,408.3620,266
2006-09-13,PR,gasolina,670.4520,264
2006-09-13,RJ,etanol,735.6860,419
2006-09-13,RJ,gasolina,1155.2110,447
2006-09-13,RN,etanol,87.0060,44
2006-09-13,RN,gasolina,130.4980,49
2006-09-13,RO,etanol,185.7390,87
2006-09-13,RO,gasolina,338.1780,121
2006-09-13,RR,gasolina,32.4470,11
2006-09-13,RS,etanol,700.3140,344
2006-09-13,RS,gasolina,1147.4440,420
2006-09-13,SC,etanol,375.6560,218
2006-09-13,SC,gasolina,566.6220,222
2006-09-13,SE,etanol,162.1830,77
2006-09-13,SE,gasolina,238.2100,93
2006-09-13,SP,etanol,2075.8540,1597
2006-09-13,SP,gasolina,3940.3860,1606
2006-09-13,TO,etanol,105.9300,54
2006-09-13,TO,gasolina,152.1360,55
2006-09-14,ES,etanol,57.5230,30
2006-09-14,ES,gasolina,87.1440,32
2006-09-14,MG,etanol,334.5310,176
2006-09-14,MG,gasolina,465.7360,179
2006-09-18,AC,etanol,16.3200,7
2006-09-18,AC,gasolina,52.6600,17
2006-09-18,AL,etanol,52.2680,26
2006-09-18,AL,gasolina,73.9600,26
2006-09-18,AM,etanol,83.2890,42
2006-09-18,AM,gasolina,288.0780,111
2006-09-18,AP,etanol,11.2700,5
2006-09-18,AP,gasolina,52.4300,21
2006-09-18,BA,etanol,175.0480,92
2006-09-18,BA,gasolina,281.6420,104
2006-09-18,CE,etanol,182.9680,93
2006-09-18,CE,gasolina,286.1580,104
2006-09-18,DF,etanol,30.6450,17
2006-09-18,DF,gasolina,45.4260,17
2006-09-18,ES,etanol,79.1760,42
2006-09-18,ES,gasolina,113.0740,43
2006-09-18,MA,etanol,81.8930,40
2006-09-18,MA,gasolina,205.7170,77
2006-09-18,MG,etanol,341.1640,184
2006-09-18,MG,gasolina,496.9670,193
2006-09-18,PA,etanol,16.9200,7
2006-09-18,PA,gasolina,132.8790,47
2006-09-18,PB,etanol,169.4310,83
2006-09-18,PB,gasolina,247.6130,92
2006-09-18,PE,etanol,286.5570,145
2006-09-18,PE,gasolina,481.2290,178
2006-09-18,PI,etanol,93.4800,43
2006-09-18,PI,gasolina,118.5090,47
2006-09-18,PR,etanol,356.7640,237
2006-09-18,PR,gasolina,581.5990,235
2006-09-18,RJ,etanol,79.1920,46
2006-09-18,RJ,gasolina,133.0250,53
2006-09-18,RN,etanol,29.8390,15
2006-09-18,RN,gasolina,50.5020,20
2006-09-18,RR,etanol,53.8300,24
2006-09-18,RR,gasolina,142.5400,51
2006-09-18,RS,etanol,287.6330,143
2006-09-18,RS,gasolina,434.6780,158
2006-09-18,SC,etanol,200.1440,122
2006-09-18,SC,gasolina,304.4080,124
2006-09-18,SP,etanol,615.5780,480
2006-09-18,SP,gasolina,1187.0440,480
2006-09-19,AC,etanol,46.3100,21
2006-09-19,AC,gasolina,64.7700,22
2006-09-19,AL,etanol,123.3430,60
2006-09-19,AL,gasolina,174.8920,62
2006-09-19,AM,etanol,83.2090,42
2006-09-19,AM,gasolina,152.3980,59
2006-09-19,AP,etanol,12.9400,6
2006-09-19,AP,gasolina,77.1000,30
2006-09-19,BA,etanol,335.0380,177
2006-09-19,BA,gasolina,516.8190,191
2006-09-19,CE,etanol,339.8510,166
2006-09-19,CE,gasolina,549.8480,199
2006-09-19,DF,etanol,125.1660,72
2006-09-19,DF,gasolina,196.6570,75
2006-09-19,ES,etanol,109.2640,58
2006-09-19,ES,gasolina,159.7840,60
2006-09-19,GO,etanol,119.0680,74
2006-09-19,GO,gasolina,203.3220,78
2006-09-19,MA,etanol,82.2590,40
2006-09-19,MA,gasolina,195.5270,74
2006-09-19,MG,etanol,609.5300,329
2006-09-19,MG,gasolina,861.7860,342
2006-09-19,MS,etanol,163.3170,85
2006-09-19,MS,gasolina,232.6270,83
2006-09-19,MT,etanol,138.1880,74
2006-09-19,MT,gasolina,207.1560,70
2006-09-19,PA,etanol,143.0220,61
2006-09-19,PA,gasolina,337.0080,123
2006-09-19,PB,etanol,148.4770,74
2006-09-19,PB,gasolina,217.1770,83
2006-09-19,PE,etanol,529.4800,272
2006-09-19,PE,gasolina,780.3900,288
2006-09-19,PI,etanol,91.2700,42
2006-09-19,PI,gasolina,137.0600,54
2006-09-19,PR,etanol,408.4290,278
2006-09-19,PR,gasolina,681.1110,278
2006-09-19,RJ,etanol,793.7150,448
2006-09-19,RJ,gasolina,1239.5750,478
2006-09-19,RN,etanol,26.4800,13
2006-09-19,RN,gasolina,35.5950,14
2006-09-19,RO,etanol,121.9000,57
2006-09-19,RO,gasolina,173.2820,62
2006-09-19,RR,gasolina,8.5000,3
2006-09-19,RS,etanol,801.0560,401
2006-09-19,RS,gasolina,1343.2660,491
2006-09-19,SC,etanol,278.7090,162
2006-09-19,SC,gasolina,417.5560,164
2006-09-19,SP,etanol,1799.9740,1379
2006-09-19,SP,gasolina,3414.5520,1381
2006-09-19,TO,etanol,20.0480,11
2006-09-19,TO,gasolina,29.1310,11
2006-09-20,AC,etanol,30.2400,13
2006-09-20,AC,gasolina,54.6200,18
2006-09-20,AL,etanol,82.9320,40
2006-09-20,AL,gasolina,113.0350,41
2006-09-20,AM,etanol,48.0970,24
2006-09-20,AM,gasolina,100.7440,39
2006-09-20,AP,gasolina,6.3050,2
2006-09-20,BA,etanol,406.1130,214
2006-09-20,BA,gasolina,633.7710,234
2006-09-20,CE,etanol,34.2870,17
2006-09-20,CE,gasolina,52.5080,19
2006-09-20,DF,etanol,111.6720,62
2006-09-20,DF,gasolina,164.7910,62
2006-09-20,ES,etanol,285.4820,146
2006-09-20,ES,gasolina,404.0880,148
2006-09-20,GO,etanol,419.4580,283
2006-09-20,GO,gasolina,760.0180,286
2006-09-20,MA,etanol,54.9500,24
2006-09-20,MA,gasolina,115.5580,41
2006-09-20,MG,etanol,1504.3360,822
2006-09-20,MG,gasolina,2128.2190,842
2006-09-20,MS,etanol,154.5660,86
2006-09-20,MS,gasolina,229.9550,85
2006-09-20,MT,etanol,238.4510,129
2006-09-20,MT,gasolina,385.4950,130
2006-09-20,PA,etanol,80.3200,35
2006-09-20,PA,gasolina,199.1920,77
2006-09-20,PB,etanol,1.8900,1
2006-09-20,PB,gasolina,2.4900,1
2006-09-20,PE,etanol,5.5690,3
2006-09-20,PE,gasolina,10.9500,4
2006-09-20,PI,etanol,33.4690,15
2006-09-20,PI,gasolina,58.1300,22
2006-09-20,PR,etanol,414.4850,272
2006-09-20,PR,gasolina,702.6870,278
2006-09-20,RJ,etanol,988.4820,561
2006-09-20,RJ,gasolina,1517.7850,589
2006-09-20,RN,etanol,212.5900,107
2006-09-20,RN,gasolina,317.5300,116
2006-09-20,RO,etanol,72.1800,34
2006-09-20,RO,gasolina,164.8850,59
2006-09-20,RR,gasolina,23.8470,8
2006-09-20,RS,etanol,401.6120,196
2006-09-20,RS,gasolina,597.1740,220
2006-09-20,SC,etanol,372.7190,218
2006-09-20,SC,gasolina,557.9290,218
2006-09-20,SE,etanol,162.1790,77
2006-09-20,SE,gasolina,238.0250,93
2006-09-20,SP,etanol,1769.0490,1375
2006-09-20,SP,gasolina,3397.0800,1383
2006-09-20,TO,etanol,109.2490,56
2006-09-20,TO,gasolina,159.2470,58
2006-09-21,BA,etanol,1.8400,1
2006-09-21,BA,gasolina,2.6400,1
2006-09-25,AC,etanol,22.3700,10
2006-09-25,AC,gasolina,54.9900,18
2006-09-25,AL,etanol,49.6480,25
2006-09-25,AL,gasolina,73.6080,26
2006-09-25,AM,etanol,89.3590,45
2006-09-25,AM,gasolina,306.8980,118
2006-09-25,AP,etanol,8.6500,4
2006-09-25,AP,gasolina,42.3100,17
2006-09-25,BA,etanol,141.9250,77
2006-09-25,BA,gasolina,234.1420,87
2006-09-25,CE,etanol,113.5970,57
2006-09-25,CE,gasolina,200.8860,73
2006-09-25,DF,etanol,50.2490,30
2006-09-25,DF,gasolina,74.6570,30
2006-09-25,ES,etanol,71.4240,38
2006-09-25,ES,gasolina,102.2640,39
2006-09-25,MA,etanol,63.5670,31
2006-09-25,MA,gasolina,178.3210,66
2006-09-25,MG,etanol,231.1240,126
2006-09-25,MG,gasolina,336.9370,131
2006-09-25,MS,etanol,37.4090,19
2006-09-25,MS,gasolina,53.7090,19
2006-09-25,MT,etanol,98.8280,54
2006-09-25,MT,gasolina,152.9380,52
2006-09-25,PA,etanol,14.5500,6
2006-09-25,PA,gasolina,95.4490,34
2006-09-25,PB,etanol,130.1660,64
2006-09-25,PB,gasolina,197.2340,73
2006-09-25,PE,etanol,419.3140,220
2006-09-25,PE,gasolina,701.9160,262
2006-09-25,PI,etanol,55.6490,27
2006-09-25,PI,gasolina,78.2300,32
2006-09-25,PR,etanol,174.1870,124
2006-09-25,PR,gasolina,295.1590,124
2006-09-25,RJ,etanol,70.5330,41
2006-09-25,RJ,gasolina,113.1630,45
2006-09-25,RN,etanol,68.4900,34
2006-09-25,RN,gasolina,101.7490,40
2006-09-25,RR,etanol,53.6700,24
2006-09-25,RR,gasolina,144.4000,52
2006-09-25,RS,etanol,176.5470,89
2006-09-25,RS,gasolina,279.9700,103
2006-09-25,SC,etanol,83.6760,49
2006-09-25,SC,gasolina,132.1790,51
2006-09-25,SP,etanol,328.2440,263
2006-09-25,SP,gasolina,653.0630,265
2006-09-26,AC,etanol,14.9800,6
2006-09-26,AC,gasolina,40.4700,13
2006-09-26,AL,etanol,134.6630,66
2006-09-26,AL,gasolina,191.7160,68
2006-09-26,AM,etanol,90.8400,46
2006-09-26,AM,gasolina,164.2570,64
2006-09-26,AP,etanol,15.3600,7
2006-09-26,AP,gasolina,69.9500,28
2006-09-26,BA,etanol,401.1420,212
2006-09-26,BA,gasolina,650.8810,240
2006-09-26,CE,etanol,410.2890,203
2006-09-26,CE,gasolina,648.0810,235
2006-09-26,DF,etanol,22.4290,13
2006-09-26,DF,gasolina,32.2890,13
2006-09-26,ES,etanol,99.3560,53
2006-09-26,ES,gasolina,147.1650,56
2006-09-26,GO,etanol,175.6330,110
2006-09-26,GO,gasolina,298.2110,112
2006-09-26,MA,etanol,91.5140,43
2006-09-26,MA,gasolina,204.4160,73
2006-09-26,MG,etanol,521.9300,285
2006-09-26,MG,gasolina,760.0290,297
2006-09-26,MS,etanol,255.2300,140
2006-09-26,MS,gasolina,375.9680,138
2006-09-26,MT,etanol,172.5990,93
2006-09-26,MT,gasolina,268.8990,91
2006-09-26,PA,etanol,107.6760,47
2006-09-26,PA,gasolina,348.7150,127
2006-09-26,PB,etanol,183.3460,92
2006-09-26,PB,gasolina,270.2130,103
2006-09-26,PE,etanol,343.0350,173
2006-09-26,PE,gasolina,484.5150,179
2006-09-26,PI,etanol,132.3590,60
2006-09-26,PI,gasolina,185.4990,72
2006-09-26,PR,etanol,499.0220,333
2006-09-26,PR,gasolina,828.0250,332
2006-09-26,RJ,etanol,854.3420,487
2006-09-26,RJ,gasolina,1312.1690,511
2006-09-26,RN,etanol,135.9870,69
2006-09-26,RN,gasolina,205.8950,75
2006-09-26,RO,etanol,64.9400,30
2006-09-26,RO,gasolina,88.4400,31
2006-09-26,RR,gasolina,20.4970,7
2006-09-26,RS,etanol,590.4370,295
2006-09-26,RS,gasolina,944.9630,347
2006-09-26,SC,etanol,368.8200,222
2006-09-26,SC,gasolina,548.0970,221
2006-09-26,SP,etanol,1504.6900,1180
2006-09-26,SP,gasolina,2907.1430,1178
2006-09-26,TO,etanol,22.9970,12
2006-09-26,TO,gasolina,31.7450,12
2006-09-27,AC,etanol,55.3500,25
2006-09-27,AC,gasolina,76.5600,26
2006-09-27,AL,etanol,68.8350,33
2006-09-27,AL,gasolina,90.9550,33
2006-09-27,AM,etanol,34.2580,17
2006-09-27,AM,gasolina,72.5650,28
2006-09-27,AP,gasolina,23.5400,8
2006-09-27,BA,etanol,348.6710,183
2006-09-27,BA,gasolina,539.5490,200
2006-09-27,CE,etanol,27.0350,14
2006-09-27,CE,gasolina,38.0860,14
2006-09-27,DF,etanol,200.7840,117
2006-09-27,DF,gasolina,302.5700,120
2006-09-27,ES,etanol,263.8690,135
2006-09-27,ES,gasolina,370.9230,136
2006-09-27,GO,etanol,356.3370,248
2006-09-27,GO,gasolina,660.6400,251
2006-09-27,MA,etanol,60.4340,29
2006-09-27,MA,gasolina,150.9410,54
2006-09-27,MG,etanol,1614.6260,884
2006-09-27,MG,gasolina,2300.1870,913
2006-09-27,MS,etanol,39.5200,21
2006-09-27,MS,gasolina,60.0830,22
2006-09-27,MT,etanol,102.3800,55
2006-09-27,MT,gasolina,167.4970,56
2006-09-27,PA,etanol,114.2400,48
2006-09-27,PA,gasolina,227.3510,87
2006-09-27,PE,etanol,42.2420,23
2006-09-27,PE,gasolina,76.1290,28
2006-09-27,PI,etanol,26.4100,12
2006-09-27,PI,gasolina,49.9600,19
2006-09-27,PR,etanol,437.2680,299
2006-09-27,PR,gasolina,750.1900,302
2006-09-27,RJ,etanol,915.9020,518
2006-09-27,RJ,gasolina,1415.0730,543
2006-09-27,RN,etanol,60.0450,31
2006-09-27,RN,gasolina,93.2550,35
2006-09-27,RO,etanol,135.5690,65
2006-09-27,RO,gasolina,247.2630,89
2006-09-27,RR,gasolina,14.3700,5
2006-09-27,RS,etanol,728.3700,367
2006-09-27,RS,gasolina,1162.8090,425
2006-09-27,SC,etanol,412.6960,241
2006-09-27,SC,gasolina,622.4030,243
2006-09-27,SE,etanol,159.4080,76
2006-09-27,SE,gasolina,237.5930,93
2006-09-27,SP,etanol,2257.8600,1774
2006-09-27,SP,gasolina,4375.5260,1785
2006-09-27,TO,etanol,101.5200,52
2006-09-27,TO,gasolina,148.8300,54
2006-09-28,AL,etanol,4.0400,2
2006-09-28,AL,gasolina,5.4500,2
2006-09-28,MG,etanol,54.5520,29
2006-09-28,MG,gasolina,75.7540,31
2006-09-28,PR,etanol,46.8320,29
2006-09-28,PR,gasolina,73.7520,29
2006-10-02,AC,etanol,25.0000,11
2006-10-02,AC,gasolina,61.7100,20
2006-10-02,AL,etanol,48.9460,24
2006-10-02,AL,gasolina,70.9540,25
2006-10-02,AM,etanol,81.3690,41
2006-10-02,AM,gasolina,195.2700,74
2006-10-02,AP,etanol,8.6300,4
2006-10-02,AP,gasolina,34.7000,14
2006-10-02,BA,etanol,175.9260,96
2006-10-02,BA,gasolina,312.8200,116
2006-10-02,CE,etanol,117.7420,59
2006-10-02,CE,gasolina,190.8430,69
2006-10-02,DF,etanol,6.5890,4
2006-10-02,DF,gasolina,9.6090,4
2006-10-02,ES,etanol,57.1950,31
2006-10-02,ES,gasolina,82.6310,32
2006-10-02,MA,etanol,20.3880,10
2006-10-02,MA,gasolina,42.5070,16
2006-10-02,MG,etanol,363.7970,199
2006-10-02,MG,gasolina,525.5090,204
2006-10-02,MS,etanol,35.7150,18
2006-10-02,MS,gasolina,42.5670,15
2006-10-02,MT,etanol,20.4300,11
2006-10-02,MT,gasolina,26.5400,9
2006-10-02,PA,etanol,21.4700,9
2006-10-02,PA,gasolina,103.8490,37
2006-10-02,PB,etanol,105.6560,52
2006-10-02,PB,gasolina,158.7400,59
2006-10-02,PE,etanol,329.4760,175
2006-10-02,PE,gasolina,558.8440,207
2006-10-02,PI,etanol,77.8500,37
2006-10-02,PI,gasolina,107.0060,43
2006-10-02,PR,etanol,327.2550,226
2006-10-02,PR,gasolina,549.7160,225
2006-10-02,RJ,etanol,23.0470,13
2006-10-02,RJ,gasolina,32.5060,12
2006-10-02,RN,etanol,36.9120,19
2006-10-02,RN,gasolina,55.1340,20
2006-10-02,RO,etanol,1.9900,1
2006-10-02,RO,gasolina,2.7700,1
2006-10-02,RR,etanol,39.9700,18
2006-10-02,RR,gasolina,110.5900,40
2006-10-02,RS,etanol,111.3650,58
2006-10-02,RS,gasolina,177.9860,65
2006-10-02,SC,etanol,165.5210,97
2006-10-02,SC,gasolina,254.5830,98
2006-10-02,SP,etanol,285.9880,222
2006-10-02,SP,gasolina,559.4290,220
2006-10-03,AC,etanol,57.6950,26
2006-10-03,AC,gasolina,88.5800,30
2006-10-03,AL,etanol,110.7520,55
2006-10-03,AL,gasolina,158.0940,56
2006-10-03,AM,etanol,84.6390,43
2006-10-03,AM,gasolina,143.2970,56
2006-10-03,AP,etanol,8.5200,4
2006-10-03,AP,gasolina,42.6300,17
2006-10-03,BA,etanol,349.5670,184
2006-10-03,BA,gasolina,541.2060,199
2006-10-03,CE,etanol,367.2670,185
2006-10-03,CE,gasolina,582.9540,212
2006-10-03,DF,etanol,152.2150,90
2006-10-03,DF,gasolina,222.7400,90
2006-10-03,ES,etanol,104.3240,56
2006-10-03,ES,gasolina,153.5770,59
2006-10-03,GO,etanol,107.4250,67
2006-10-03,GO,gasolina,186.7650,72
2006-10-03,MA,etanol,88.9870,42
2006-10-03,MA,gasolina,234.7990,85
2006-10-03,MG,etanol,505.4880,273
2006-10-03,MG,gasolina,712.4320,280
2006-10-03,MS,etanol,126.7900,67
2006-10-03,MS,gasolina,189.8540,68
2006-10-03,MT,etanol,143.5150,78
2006-10-03,MT,gasolina,227.0690,77
2006-10-03,PA,etanol,45.1500,20
2006-10-03,PA,gasolina,181.0880,64
2006-10-03,PB,etanol,129.5270,65
2006-10-03,PB,gasolina,188.0390,70
2006-10-03,PE,etanol,319.1210,166
2006-10-03,PE,gasolina,469.7950,174
2006-10-03,PI,etanol,102.7580,48
2006-10-03,PI,gasolina,152.0890,60
2006-10-03,PR,etanol,382.6890,269
2006-10-03,PR,gasolina,662.2080,269
2006-10-03,RJ,etanol,680.6070,389
2006-10-03,RJ,gasolina,1058.4780,410
2006-10-03,RN,etanol,61.1770,32
2006-10-03,RN,gasolina,91.1320,33
2006-10-03,RO,etanol,93.8480,45
2006-10-03,RO,gasolina,166.8060,60
2006-10-03,RS,etanol,380.0240,193
2006-10-03,RS,gasolina,639.7750,234
2006-10-03,SC,etanol,256.3460,149
2006-10-03,SC,gasolina,390.9380,151
2006-10-03,SP,etanol,1504.2690,1207
2006-10-03,SP,gasolina,2971.0110,1212
2006-10-03,TO,etanol,18.9300,10
2006-10-03,TO,gasolina,29.6300,11
2006-10-04,AC,etanol,9.8600,4
2006-10-04,AC,gasolina,21.7500,7
2006-10-04,AL,etanol,67.1770,33
2006-10-04,AL,gasolina,94.1680,34
2006-10-04,AM,etanol,36.1470,18
2006-10-04,AM,gasolina,72.2450,28
2006-10-04,AP,gasolina,23.5400,8
2006-10-04,BA,etanol,283.7590,151
2006-10-04,BA,gasolina,435.8060,161
2006-10-04,CE,etanol,40.4130,20
2006-10-04,CE,gasolina,64.0440,23
2006-10-04,DF,etanol,43.6510,26
2006-10-04,DF,gasolina,63.5870,26
2006-10-04,ES,etanol,275.8150,142
2006-10-04,ES,gasolina,386.8910,144
2006-10-04,GO,etanol,371.0300,259
2006-10-04,GO,gasolina,691.6340,261
2006-10-04,MA,etanol,40.8660,19
2006-10-04,MA,gasolina,67.6460,24
2006-10-04,MG,etanol,1201.9520,663
2006-10-04,MG,gasolina,1707.4130,680
2006-10-04,MS,etanol,54.7790,31
2006-10-04,MS,gasolina,81.9770,31
2006-10-04,MT,etanol,199.3920,108
2006-10-04,MT,gasolina,323.6410,109
2006-10-04,PA,etanol,150.9230,64
2006-10-04,PA,gasolina,331.4050,125
2006-10-04,PB,etanol,55.7990,29
2006-10-04,PB,gasolina,84.5380,34
2006-10-04,PE,etanol,15.0890,7
2006-10-04,PE,gasolina,16.5400,6
2006-10-04,PI,etanol,27.2300,12
2006-10-04,PI,gasolina,47.9700,18
2006-10-04,PR,etanol,382.8780,254
2006-10-04,PR,gasolina,647.7590,259
2006-10-04,RJ,etanol,810.5670,465
2006-10-04,RJ,gasolina,1282.1590,495
2006-10-04,RN,etanol,131.4420,67
2006-10-04,RN,gasolina,203.5540,79
2006-10-04,RO,etanol,91.2390,43
2006-10-04,RO,gasolina,156.5750,56
2006-10-04,RR,gasolina,38.1880,13
2006-10-04,RS,etanol,857.5240,438
2006-10-04,RS,gasolina,1354.3380,497
2006-10-04,SC,etanol,410.6540,237
2006-10-04,SC,gasolina,612.7890,238
2006-10-04,SE,etanol,142.2840,68
2006-10-04,SE,gasolina,197.2540,77
2006-10-04,SP,etanol,1907.2820,1511
2006-10-04,SP,gasolina,3734.7170,1514
2006-10-04,TO,etanol,106.4880,55
2006-10-04,TO,gasolina,153.9980,56
2006-10-05,BA,etanol,9.4800,5
2006-10-05,BA,gasolina,13.6700,5
2006-10-05,ES,etanol,28.9870,15
2006-10-05,ES,gasolina,37.6660,14
2006-10-05,GO,etanol,1.3900,1
2006-10-05,GO,gasolina,2.6400,1
2006-10-05,MG,etanol,147.6720,81
2006-10-05,MG,gasolina,220.8780,85
2006-10-05,MS,etanol,106.9690,61
2006-10-05,MS,gasolina,161.7240,61
2006-10-05,RS,etanol,26.1820,13
2006-10-05,RS,gasolina,36.1480,14
2006-10-09,AC,etanol,16.1600,7
2006-10-09,AC,gasolina,39.3200,13
2006-10-09,AM,etanol,84.4390,43
2006-10-09,AM,gasolina,198.6820,76
2006-10-09,AP,etanol,4.3900,2
2006-10-09,AP,gasolina,27.0500,11
2006-10-09,BA,etanol,65.4170,34
2006-10-09,BA,gasolina,109.4070,40
2006-10-09,CE,etanol,89.9950,46
2006-10-09,CE,gasolina,151.6550,55
2006-10-09,DF,etanol,30.8980,19
2006-10-09,DF,gasolina,44.1240,19
2006-10-09,ES,etanol,70.0010,38
2006-10-09,ES,gasolina,98.6410,38
2006-10-09,MA,etanol,19.9100,10
2006-10-09,MA,gasolina,93.3900,35
2006-10-09,MG,etanol,292.6950,162
2006-10-09,MG,gasolina,432.5450,168
2006-10-09,MS,etanol,72.0420,37
2006-10-09,MS,gasolina,98.2550,35
2006-10-09,MT,etanol,32.8400,18
2006-10-09,MT,gasolina,52.8800,18
2006-10-09,PA,etanol,12.6700,5
2006-10-09,PA,gasolina,38.7880,13
2006-10-09,PB,etanol,156.2670,79
2006-10-09,PB,gasolina,235.9510,90
2006-10-09,PE,etanol,331.4130,183
2006-10-09,PE,gasolina,578.2360,215
2006-10-09,PI,etanol,78.7000,36
2006-10-09,PI,gasolina,94.6790,37
2006-10-09,PR,etanol,266.0670,172
2006-10-09,PR,gasolina,439.5070,172
2006-10-09,RJ,etanol,145.5700,85
2006-10-09,RJ,gasolina,224.9600,89
2006-10-09,RN,etanol,47.4700,25
2006-10-09,RN,gasolina,68.8270,25
2006-10-09,RR,etanol,21.0500,10
2006-10-09,RR,gasolina,67.4800,25
2006-10-09,RS,etanol,136.4290,70
2006-10-09,RS,gasolina,198.5270,72
2006-10-09,SC,etanol,130.0130,74
2006-10-09,SC,gasolina,197.7070,76
2006-10-09,SP,etanol,197.9440,159
2006-10-09,SP,gasolina,389.5660,160
2006-10-10,AC,etanol,53.3000,24
2006-10-10,AC,gasolina,96.0300,32
2006-10-10,AL,etanol,204.9290,102
2006-10-10,AL,gasolina,292.0120,104
2006-10-10,AM,etanol,78.2540,40
2006-10-10,AM,gasolina,110.9790,43
2006-10-10,AP,gasolina,26.4400,9
2006-10-10,BA,etanol,515.6070,278
2006-10-10,BA,gasolina,813.1590,300
2006-10-10,CE,etanol,300.4770,151
2006-10-10,CE,gasolina,500.2520,182
2006-10-10,DF,etanol,32.5230,20
2006-10-10,DF,gasolina,46.9820,20
2006-10-10,ES,etanol,102.0560,55
2006-10-10,ES,gasolina,151.5330,58
2006-10-10,GO,etanol,219.3060,145
2006-10-10,GO,gasolina,385.7360,148
2006-10-10,MA,etanol,43.2380,20
2006-10-10,MA,gasolina,110.7050,40
2006-10-10,MG,etanol,560.2590,307
2006-10-10,MG,gasolina,801.8550,316
2006-10-10,MS,etanol,106.1820,58
2006-10-10,MS,gasolina,158.4460,58
2006-10-10,MT,etanol,110.0280,59
2006-10-10,MT,gasolina,174.5200,58
2006-10-10,PA,etanol,102.4130,44
2006-10-10,PA,gasolina,319.1300,117
2006-10-10,PB,etanol,109.0850,56
2006-10-10,PB,gasolina,159.1090,60
2006-10-10,PE,etanol,298.7790,157
2006-10-10,PE,gasolina,452.8740,168
2006-10-10,PI,etanol,85.4680,41
2006-10-10,PI,gasolina,113.3450,46
2006-10-10,PR,etanol,464.3540,311
2006-10-10,PR,gasolina,792.0350,312
2006-10-10,RJ,etanol,653.6330,376
2006-10-10,RJ,gasolina,1026.6530,399
2006-10-10,RN,etanol,133.5930,69
2006-10-10,RN,gasolina,200.2460,76
2006-10-10,RO,etanol,95.3380,44
2006-10-10,RO,gasolina,163.1810,57
2006-10-10,RR,gasolina,26.4400,9
2006-10-10,RS,etanol,399.4580,206
2006-10-10,RS,gasolina,637.8240,233
2006-10-10,SC,etanol,306.6860,180
2006-10-10,SC,gasolina,470.3370,182
2006-10-10,SP,etanol,1278.6920,1023
2006-10-10,SP,gasolina,2531.2440,1027
2006-10-10,TO,etanol,72.1240,39
2006-10-10,TO,gasolina,110.6300,41
2006-10-11,AC,etanol,9.8600,4
2006-10-11,AC,gasolina,15.4700,5
2006-10-11,AL,etanol,18.3100,9
2006-10-11,AL,gasolina,24.8200,9
2006-10-11,AM,etanol,34.1170,17
2006-10-11,AM,gasolina,57.0250,22
2006-10-11,AP,etanol,10.6800,5
2006-10-11,AP,gasolina,37.1300,15
2006-10-11,BA,etanol,204.9430,109
2006-10-11,BA,gasolina,348.0670,130
2006-10-11,CE,etanol,71.1610,36
2006-10-11,CE,gasolina,113.9350,41
2006-10-11,DF,etanol,106.8780,64
2006-10-11,DF,gasolina,155.4950,64
2006-10-11,ES,etanol,228.0780,118
2006-10-11,ES,gasolina,325.2320,121
2006-10-11,GO,etanol,230.7910,158
2006-10-11,GO,gasolina,421.4960,159
2006-10-11,MA,etanol,94.6770,45
2006-10-11,MA,gasolina,206.7460,74
2006-10-11,MG,etanol,895.5150,505
2006-10-11,MG,gasolina,1286.7480,516
2006-10-11,MS,etanol,107.5100,61
2006-10-11,MS,gasolina,166.6100,63
2006-10-11,MT,etanol,180.4400,99
2006-10-11,MT,gasolina,291.1550,99
2006-10-11,PA,etanol,79.2250,35
2006-10-11,PA,gasolina,193.6800,72
2006-10-11,PE,etanol,1.9990,1
2006-10-11,PE,gasolina,5.2480,2
2006-10-11,PI,etanol,29.7900,14
2006-10-11,PI,gasolina,63.8000,25
2006-10-11,PR,etanol,309.2810,206
2006-10-11,PR,gasolina,525.1640,208
2006-10-11,RJ,etanol,661.4680,377
2006-10-11,RJ,gasolina,1025.3000,391
2006-10-11,RN,etanol,59.2720,32
2006-10-11,RN,gasolina,92.5550,35
2006-10-11,RO,etanol,88.1940,43
2006-10-11,RO,gasolina,139.0540,51
2006-10-11,RR,gasolina,8.6180,3
2006-10-11,RS,etanol,770.0170,394
2006-10-11,RS,gasolina,1253.4180,453
2006-10-11,SC,etanol,363.4780,210
2006-10-11,SC,gasolina,546.5080,212
2006-10-11,SE,etanol,116.2000,56
2006-10-11,SE,gasolina,168.9440,66
2006-10-11,SP,etanol,2178.3540,1741
2006-10-11,SP,gasolina,4302.0410,1748
2006-10-11,TO,etanol,47.4600,23
2006-10-11,TO,gasolina,66.8600,24
2006-10-13,ES,etanol,28.9870,15
2006-10-13,ES,gasolina,37.6660,14
2006-10-13,MG,etanol,346.7640,186
2006-10-13,MG,gasolina,498.8210,192
2006-10-16,AC,etanol,64.4200,29
2006-10-16,AC,gasolina,94.3700,32
2006-10-16,AM,etanol,88.0790,45
2006-10-16,AM,gasolina,298.5780,115
2006-10-16,AP,etanol,10.8000,5
2006-10-16,AP,gasolina,49.2000,20
2006-10-16,BA,etanol,148.1350,80
2006-10-16,BA,gasolina,238.9340,88
2006-10-16,CE,etanol,64.4220,30
2006-10-16,CE,gasolina,139.3900,50
2006-10-16,DF,etanol,20.4680,11
2006-10-16,DF,gasolina,29.2870,11
2006-10-16,ES,etanol,71.6310,39
2006-10-16,ES,gasolina,103.7410,40
2006-10-16,MA,etanol,14.4000,7
2006-10-16,MA,gasolina,28.4800,11
2006-10-16,MG,etanol,187.6090,104
2006-10-16,MG,gasolina,277.8360,108
2006-10-16,MS,etanol,15.1060,8
2006-10-16,MS,gasolina,25.1580,9
2006-10-16,MT,etanol,55.4090,32
2006-10-16,MT,gasolina,90.9780,31
2006-10-16,PA,etanol,16.0900,7
2006-10-16,PA,gasolina,66.0090,24
2006-10-16,PB,etanol,114.0970,58
2006-10-16,PB,gasolina,176.9440,66
2006-10-16,PE,etanol,175.3620,96
2006-10-16,PE,gasolina,336.7640,129
2006-10-16,PI,etanol,80.4900,37
2006-10-16,PI,gasolina,101.2200,40
2006-10-16,PR,etanol,133.5890,86
2006-10-16,PR,gasolina,219.9770,85
2006-10-16,RR,etanol,30.9700,15
2006-10-16,RR,gasolina,65.4700,24
2006-10-16,RS,etanol,40.3760,21
2006-10-16,RS,gasolina,61.0930,22
2006-10-16,SC,etanol,154.4730,90
2006-10-16,SC,gasolina,232.5350,91
2006-10-16,SP,etanol,179.6940,143
2006-10-16,SP,gasolina,355.9500,143
2006-10-17,AC,etanol,17.2400,7
2006-10-17,AC,gasolina,59.4200,19
2006-10-17,AL,etanol,202.8980,102
2006-10-17,AL,gasolina,294.7630,105
2006-10-17,AM,etanol,35.1640,18
2006-10-17,AM,gasolina,66.6280,26
2006-10-17,AP,etanol,4.1700,2
2006-10-17,AP,gasolina,18.1200,7
2006-10-17,BA,etanol,408.1760,222
2006-10-17,BA,gasolina,659.3620,245
2006-10-17,CE,etanol,345.5150,180
2006-10-17,CE,gasolina,545.9180,200
2006-10-17,DF,etanol,142.5020,82
2006-10-17,DF,gasolina,209.0040,83
2006-10-17,ES,etanol,112.1630,61
2006-10-17,ES,gasolina,165.8300,64
2006-10-17,GO,etanol,215.1860,144
2006-10-17,GO,gasolina,385.8240,147
2006-10-17,MA,etanol,77.7000,37
2006-10-17,MA,gasolina,210.7480,77
2006-10-17,MG,etanol,605.4600,339
2006-10-17,MG,gasolina,876.8530,347
2006-10-17,MS,etanol,132.9300,70
2006-10-17,MS,gasolina,189.8710,68
2006-10-17,MT,etanol,84.1680,45
2006-10-17,MT,gasolina,139.0780,46
2006-10-17,PA,etanol,54.1000,23
2006-10-17,PA,gasolina,225.7400,83
2006-10-17,PB,etanol,136.8860,71
2006-10-17,PB,gasolina,204.5130,79
2006-10-17,PE,etanol,244.2960,127
2006-10-17,PE,gasolina,362.8740,135
2006-10-17,PI,etanol,60.1400,29
2006-10-17,PI,gasolina,123.0290,49
2006-10-17,PR,etanol,506.8310,337
2006-10-17,PR,gasolina,861.3460,340
2006-10-17,RJ,etanol,572.0990,334
2006-10-17,RJ,gasolina,889.8170,348
2006-10-17,RN,etanol,151.7500,84
2006-10-17,RN,gasolina,241.0500,88
2006-10-17,RO,etanol,50.6400,23
2006-10-17,RO,gasolina,71.6530,25
2006-10-17,RS,etanol,395.7550,205
2006-10-17,RS,gasolina,676.8650,246
2006-10-17,SC,etanol,286.2030,166
2006-10-17,SC,gasolina,440.1650,169
2006-10-17,SP,etanol,1650.9670,1323
2006-10-17,SP,gasolina,3258.0290,1324
2006-10-17,TO,etanol,13.0600,7
2006-10-17,TO,gasolina,24.1820,9
2006-10-18,AL,etanol,16.1700,8
2006-10-18,AL,gasolina,22.0600,8
2006-10-18,AP,gasolina,20.6450,7
2006-10-18,BA,etanol,228.9030,120
2006-10-18,BA,gasolina,375.6950,138
2006-10-18,CE,etanol,43.7080,22
2006-10-18,CE,gasolina,73.1500,26
2006-10-18,DF,etanol,14.6270,9
2006-10-18,DF,gasolina,21.7880,9
2006-10-18,ES,etanol,166.3150,87
2006-10-18,ES,gasolina,245.0120,92
2006-10-18,GO,etanol,230.4060,160
2006-10-18,GO,gasolina,423.5330,162
2006-10-18,MA,etanol,71.1590,34
2006-10-18,MA,gasolina,173.6900,62
2006-10-18,MG,etanol,1170.6860,646
2006-10-18,MG,gasolina,1689.0650,666
2006-10-18,MS,etanol,135.9460,78
2006-10-18,MS,gasolina,205.1230,78
2006-10-18,MT,etanol,177.9930,98
2006-10-18,MT,gasolina,288.0570,98
2006-10-18,PA,etanol,104.5310,46
2006-10-18,PA,gasolina,241.3710,89
2006-10-18,PB,etanol,9.5700,5
2006-10-18,PB,gasolina,12.5800,5
2006-10-18,PE,etanol,184.2780,106
2006-10-18,PE,gasolina,316.2090,122
2006-10-18,PI,etanol,34.3090,17
2006-10-18,PI,gasolina,48.1980,20
2006-10-18,PR,etanol,388.0430,261
2006-10-18,PR,gasolina,664.6620,263
2006-10-18,RJ,etanol,867.9110,496
2006-10-18,RJ,gasolina,1374.3410,527
2006-10-18,RN,etanol,75.0300,39
2006-10-18,RN,gasolina,127.7190,48
2006-10-18,RO,etanol,123.5340,60
2006-10-18,RO,gasolina,230.9090,83
2006-10-18,RR,gasolina,40.4670,14
2006-10-18,RS,etanol,799.3330,413
2006-10-18,RS,gasolina,1324.3680,481
2006-10-18,SC,etanol,372.2730,215
2006-10-18,SC,gasolina,557.3010,216
2006-10-18,SE,etanol,101.2690,49
2006-10-18,SE,gasolina,163.9520,64
2006-10-18,SP,etanol,1876.8060,1513
2006-10-18,SP,gasolina,3740.0970,1521
2006-10-18,TO,etanol,109.1680,57
2006-10-18,TO,gasolina,159.1370,58
2006-10-19,ES,etanol,94.3460,48
2006-10-19,ES,gasolina,131.1820,48
2006-10-19,MG,etanol,101.4080,57
2006-10-19,MG,gasolina,146.5850,60
2006-10-23,AC,etanol,2.6800,1
2006-10-23,AC,gasolina,18.7800,6
2006-10-23,AM,etanol,85.7290,44
2006-10-23,AM,gasolina,260.6180,101
2006-10-23,AP,etanol,8.8700,4
2006-10-23,AP,gasolina,42.1700,17
2006-10-23,BA,etanol,37.7790,19
2006-10-23,BA,gasolina,69.4290,25
2006-10-23,CE,etanol,100.6450,53
2006-10-23,CE,gasolina,174.9950,64
2006-10-23,DF,etanol,112.9560,63
2006-10-23,DF,gasolina,166.6840,63
2006-10-23,ES,etanol,97.4240,53
2006-10-23,ES,gasolina,145.8580,56
2006-10-23,MA,etanol,32.0090,16
2006-10-23,MA,gasolina,97.3650,37
2006-10-23,MG,etanol,291.8200,165
2006-10-23,MG,gasolina,435.5060,171
2006-10-23,MS,etanol,1.9900,1
2006-10-23,MS,gasolina,2.8600,1
2006-10-23,MT,etanol,1.6900,1
2006-10-23,MT,gasolina,2.9500,1
2006-10-23,PA,etanol,16.0700,7
2006-10-23,PA,gasolina,66.0290,24
2006-10-23,PB,etanol,98.4460,50
2006-10-23,PB,gasolina,153.0770,57
2006-10-23,PE,etanol,234.2710,126
2006-10-23,PE,gasolina,359.5420,136
2006-10-23,PI,etanol,61.1090,30
2006-10-23,PI,gasolina,105.0360,43
2006-10-23,PR,etanol,273.4410,177
2006-10-23,PR,gasolina,454.9210,177
2006-10-23,RJ,etanol,281.1820,165
2006-10-23,RJ,gasolina,455.8190,179
2006-10-23,RR,etanol,30.8500,15
2006-10-23,RR,gasolina,66.4500,25
2006-10-23,RS,etanol,75.1010,40
2006-10-23,RS,gasolina,114.8680,43
2006-10-23,SC,etanol,83.6910,48
2006-10-23,SC,gasolina,126.5840,49
2006-10-23,SP,etanol,196.1750,159
2006-10-23,SP,gasolina,391.8250,160
2006-10-24,AC,etanol,68.6300,31
2006-10-24,AC,gasolina,106.2000,36
2006-10-24,AL,etanol,149.9340,78
2006-10-24,AL,gasolina,228.5240,81
2006-10-24,AP,etanol,4.3500,2
2006-10-24,AP,gasolina,19.6900,8
2006-10-24,BA,etanol,568.8090,307
2006-10-24,BA,gasolina,907.2500,334
2006-10-24,CE,etanol,283.4560,145
2006-10-24,CE,gasolina,481.9930,176
2006-10-24,ES,etanol,132.3110,71
2006-10-24,ES,gasolina,188.9110,72
2006-10-24,GO,etanol,214.1940,149
2006-10-24,GO,gasolina,391.5030,153
2006-10-24,MA,etanol,65.3140,30
2006-10-24,MA,gasolina,159.3570,57
2006-10-24,MG,etanol,302.2250,165
2006-10-24,MG,gasolina,435.7520,167
2006-10-24,MS,etanol,149.0600,79
2006-10-24,MS,gasolina,217.3600,78
2006-10-24,MT,etanol,209.0440,115
2006-10-24,MT,gasolina,341.9720,115
2006-10-24,PA,etanol,33.5000,13
2006-10-24,PA,gasolina,151.3680,51
2006-10-24,PB,etanol,157.5560,82
2006-10-24,PB,gasolina,242.1280,93
2006-10-24,PE,etanol,265.3000,144
2006-10-24,PE,gasolina,405.6760,152
2006-10-24,PI,etanol,123.7590,58
2006-10-24,PI,gasolina,165.0780,65
2006-10-24,PR,etanol,270.6630,183
2006-10-24,PR,gasolina,466.3930,183
2006-10-24,RJ,etanol,509.6360,294
2006-10-24,RJ,gasolina,790.4610,304
2006-10-24,RN,etanol,114.3090,63
2006-10-24,RN,gasolina,183.5070,67
2006-10-24,RO,etanol,73.0870,35
2006-10-24,RO,gasolina,101.4100,36
2006-10-24,RR,gasolina,14.9000,5
2006-10-24,RS,etanol,542.8340,279
2006-10-24,RS,gasolina,862.6620,313
2006-10-24,SC,etanol,281.6890,164
2006-10-24,SC,gasolina,425.3050,165
2006-10-24,SE,etanol,8.6200,4
2006-10-24,SE,gasolina,10.5400,4
2006-10-24,SP,etanol,1470.0630,1182
2006-10-24,SP,gasolina,2922.5600,1189
2006-10-24,TO,etanol,34.8400,19
2006-10-24,TO,gasolina,52.4200,19
2006-10-25,AC,etanol,9.8600,4
2006-10-25,AC,gasolina,28.8700,9
2006-10-25,AL,etanol,62.8080,31
2006-10-25,AL,gasolina,85.6240,31
2006-10-25,AM,etanol,59.7890,31
2006-10-25,AM,gasolina,97.8280,39
2006-10-25,AP,gasolina,26.4450,9
2006-10-25,BA,etanol,178.2510,97
2006-10-25,BA,gasolina,291.9360,111
2006-10-25,CE,etanol,63.5000,34
2006-10-25,CE,gasolina,104.8310,38
2006-10-25,DF,etanol,70.8420,40
2006-10-25,DF,gasolina,105.5520,40
2006-10-25,ES,etanol,194.4400,101
2006-10-25,ES,gasolina,279.4500,105
2006-10-25,GO,etanol,228.3160,157
2006-10-25,GO,gasolina,410.9280,157
2006-10-25,MA,etanol,66.1480,33
2006-10-25,MA,gasolina,156.3400,56
2006-10-25,MG,etanol,1299.9210,733
2006-10-25,MG,gasolina,1890.6750,758
2006-10-25,MS,etanol,133.6280,77
2006-10-25,MS,gasolina,205.5800,77
2006-10-25,MT,etanol,100.2740,56
2006-10-25,MT,gasolina,161.5800,55
2006-10-25,PA,etanol,125.4860,57
2006-10-25,PA,gasolina,315.6780,121
2006-10-25,PE,etanol,149.0610,90
2006-10-25,PE,gasolina,247.0850,98
2006-10-25,PI,gasolina,2.2700,1
2006-10-25,PR,etanol,421.9580,284
2006-10-25,PR,gasolina,717.6900,285
2006-10-25,RJ,etanol,655.2150,377
2006-10-25,RJ,gasolina,1024.6590,394
2006-10-25,RN,etanol,108.1950,60
2006-10-25,RN,gasolina,185.4780,69
2006-10-25,RO,etanol,104.4790,50
2006-10-25,RO,gasolina,201.4650,72
2006-10-25,RR,gasolina,22.9970,8
2006-10-25,RS,etanol,643.1090,337
2006-10-25,RS,gasolina,1092.2320,399
2006-10-25,SC,etanol,403.9670,234
2006-10-25,SC,gasolina,610.6810,236
2006-10-25,SE,etanol,98.8530,48
2006-10-25,SE,gasolina,153.8980,60
2006-10-25,SP,etanol,1777.2780,1428
2006-10-25,SP,gasolina,3530.4110,1435
2006-10-25,TO,etanol,88.8290,46
2006-10-25,TO,gasolina,130.4950,48
2006-10-26,AL,etanol,2.1500,1
2006-10-26,AL,gasolina,2.7900,1
2006-10-26,AM,gasolina,2.7500,1
2006-10-26,AP,gasolina,2.5300,1
2006-10-26,BA,etanol,3.4500,2
2006-10-26,BA,gasolina,5.3100,2
2006-10-26,ES,etanol,28.8870,15
2006-10-26,ES,gasolina,37.4560,14
2006-10-26,GO,etanol,1.3700,1
2006-10-26,GO,gasolina,2.5900,1
2006-10-26,MG,etanol,173.1640,92
2006-10-26,MG,gasolina,247.3460,95
2006-10-26,MS,etanol,3.7700,2
2006-10-26,MS,gasolina,5.4290,2
2006-10-26,MT,etanol,5.0900,3
2006-10-26,MT,gasolina,8.7500,3
2006-10-26,PR,etanol,77.8110,51
2006-10-26,PR,gasolina,130.4660,51
2006-10-26,RS,etanol,18.2130,10
2006-10-26,RS,gasolina,29.4300,11
2006-10-26,SC,etanol,54.2410,32
2006-10-26,SC,gasolina,82.3890,32
2006-10-26,SE,gasolina,2.5500,1
2006-10-26,SP,etanol,244.8330,199
2006-10-26,SP,gasolina,496.6770,200
2006-10-30,AC,etanol,25.8900,11
2006-10-30,AC,gasolina,54.6600,18
2006-10-30,AL,etanol,6.1600,3
2006-10-30,AL,gasolina,8.4690,3
2006-10-30,AM,etanol,78.8690,41
2006-10-30,AM,gasolina,251.4880,99
2006-10-30,AP,etanol,8.7300,4
2006-10-30,AP,gasolina,40.3300,16
2006-10-30,BA,etanol,124.2250,68
2006-10-30,BA,gasolina,212.3090,79
2006-10-30,CE,etanol,106.8610,58
2006-10-30,CE,gasolina,174.3360,64
2006-10-30,ES,etanol,83.2840,45
2006-10-30,ES,gasolina,118.3730,46
2006-10-30,MA,etanol,6.8300,3
2006-10-30,MA,gasolina,30.5600,11
2006-10-30,MG,etanol,336.7320,187
2006-10-30,MG,gasolina,492.3560,190
2006-10-30,MS,etanol,3.8800,2
2006-10-30,MS,gasolina,5.5570,2
2006-10-30,MT,etanol,5.1400,3
2006-10-30,MT,gasolina,8.6000,3
2006-10-30,PA,etanol,19.1600,8
2006-10-30,PA,gasolina,79.7080,28
2006-10-30,PB,etanol,146.6700,78
2006-10-30,PB,gasolina,233.4490,89
2006-10-30,PE,etanol,217.9970,122
2006-10-30,PE,gasolina,338.9090,127
2006-10-30,PI,etanol,75.5800,36
2006-10-30,PI,gasolina,107.4800,43
2006-10-30,PR,etanol,294.6760,193
2006-10-30,PR,gasolina,491.3900,193
2006-10-30,RJ,etanol,150.5170,90
2006-10-30,RJ,gasolina,240.5830,95
2006-10-30,RR,etanol,25.3000,13
2006-10-30,RR,gasolina,66.4600,25
2006-10-30,RS,etanol,79.4550,43
2006-10-30,RS,gasolina,113.2220,43
2006-10-30,SC,etanol,184.9820,108
2006-10-30,SC,gasolina,278.3150,109
2006-10-30,SP,etanol,482.9770,383
2006-10-30,SP,gasolina,961.1990,385
2006-10-31,AC,etanol,16.0900,7
2006-10-31,AC,gasolina,27.1200,9
2006-10-31,AL,etanol,159.4750,83
2006-10-31,AL,gasolina,239.1110,85
2006-10-31,AM,etanol,59.2790,31
2006-10-31,AM,gasolina,101.5360,42
2006-10-31,AP,etanol,6.2400,3
2006-10-31,AP,gasolina,27.0400,11
2006-10-31,BA,etanol,357.2280,198
2006-10-31,BA,gasolina,587.9900,220
2006-10-31,CE,etanol,309.9000,162
2006-10-31,CE,gasolina,538.2460,197
2006-10-31,DF,etanol,21.6750,13
2006-10-31,DF,gasolina,33.9060,13
2006-10-31,ES,etanol,115.8400,63
2006-10-31,ES,gasolina,166.9050,64
2006-10-31,GO,etanol,211.2670,147
2006-10-31,GO,gasolina,385.8520,150
2006-10-31,MA,etanol,65.4180,30
2006-10-31,MA,gasolina,116.5280,42
2006-10-31,MG,etanol,486.0010,269
2006-10-31,MG,gasolina,700.7590,277
2006-10-31,MS,etanol,133.1790,71
2006-10-31,MS,gasolina,189.3790,68
2006-10-31,MT,etanol,85.4880,46
2006-10-31,MT,gasolina,142.1680,47
2006-10-31,PA,etanol,86.9770,38
2006-10-31,PA,gasolina,253.4920,93
2006-10-31,PB,etanol,101.2560,57
2006-10-31,PB,gasolina,154.5290,59
2006-10-31,PE,etanol,269.1960,149
2006-10-31,PE,gasolina,424.0410,158
2006-10-31,PI,etanol,37.7900,17
2006-10-31,PI,gasolina,65.9180,26
2006-10-31,PR,etanol,281.6200,187
2006-10-31,PR,gasolina,485.7160,190
2006-10-31,RJ,etanol,535.7400,314
2006-10-31,RJ,gasolina,842.9980,331
2006-10-31,RN,etanol,99.8950,57
2006-10-31,RN,gasolina,158.4600,58
2006-10-31,RO,etanol,102.4950,49
2006-10-31,RO,gasolina,146.3520,52
2006-10-31,RR,gasolina,14.9000,5
2006-10-31,RS,etanol,344.5820,184
2006-10-31,RS,gasolina,631.8990,233
2006-10-31,SC,etanol,247.7530,144
2006-10-31,SC,gasolina,379.2320,146
2006-10-31,SP,etanol,1380.0510,1115
2006-10-31,SP,gasolina,2742.6630,1116
2006-10-31,TO,etanol,75.8940,41
2006-10-31,TO,gasolina,114.0230,42
2006-11-01,AC,etanol,39.0600,18
2006-11-01,AC,gasolina,71.8500,24
2006-11-01,AL,etanol,47.0760,24
2006-11-01,AL,gasolina,69.2440,25
2006-11-01,AP,gasolina,23.1000,8
2006-11-01,BA,etanol,299.3910,159
2006-11-01,BA,gasolina,472.1520,174
2006-11-01,CE,etanol,30.6370,16
2006-11-01,CE,gasolina,47.8990,17
2006-11-01,DF,etanol,157.8000,89
2006-11-01,DF,gasolina,236.6780,90
2006-11-01,ES,etanol,250.9230,131
2006-11-01,ES,gasolina,362.6000,136
2006-11-01,GO,etanol,228.3670,158
2006-11-01,GO,gasolina,404.9690,159
2006-11-01,MA,etanol,86.4190,44
2006-11-01,MA,gasolina,264.6970,97
2006-11-01,MG,etanol,1247.8010,704
2006-11-01,MG,gasolina,1832.8920,733
2006-11-01,MS,etanol,146.5080,84
2006-11-01,MS,gasolina,230.3430,85
2006-11-01,MT,etanol,221.6150,125
2006-11-01,MT,gasolina,361.3760,123
2006-11-01,PA,etanol,69.9820,32
2006-11-01,PA,gasolina,204.1300,77
2006-11-01,PB,etanol,3.9800,2
2006-11-01,PB,gasolina,5.4800,2
2006-11-01,PE,etanol,159.2560,96
2006-11-01,PE,gasolina,274.6760,101
2006-11-01,PI,etanol,64.3390,32
2006-11-01,PI,gasolina,97.6990,40
2006-11-01,PR,etanol,458.3620,313
2006-11-01,PR,gasolina,794.3150,315
2006-11-01,RJ,etanol,739.2690,425
2006-11-01,RJ,gasolina,1182.1730,451
2006-11-01,RN,etanol,121.6330,67
2006-11-01,RN,gasolina,209.2060,78
2006-11-01,RO,etanol,73.3240,35
2006-11-01,RO,gasolina,158.8010,57
2006-11-01,RR,gasolina,22.6140,8
2006-11-01,RS,etanol,840.4380,436
2006-11-01,RS,gasolina,1347.7920,491
2006-11-01,SC,etanol,386.3710,225
2006-11-01,SC,gasolina,582.8080,226
2006-11-01,SE,etanol,109.1720,54
2006-11-01,SE,gasolina,168.8390,66
2006-11-01,SP,etanol,1818.2500,1476
2006-11-01,SP,gasolina,3631.3110,1482
2006-11-01,TO,etanol,47.4400,23
2006-11-01,TO,gasolina,66.6400,24
2006-11-06,AC,etanol,16.0300,7
2006-11-06,AC,gasolina,49.4100,16
2006-11-06,AM,etanol,81.2790,43
2006-11-06,AM,gasolina,256.8180,102
2006-11-06,AP,etanol,2.3000,1
2006-11-06,AP,gasolina,19.4900,8
2006-11-06,BA,etanol,102.5040,56
2006-11-06,BA,gasolina,183.6090,68
2006-11-06,CE,etanol,148.3920,82
2006-11-06,CE,gasolina,249.0120,92
2006-11-06,DF,etanol,124.5820,69
2006-11-06,DF,gasolina,185.0780,69
2006-11-06,ES,etanol,19.1800,10
2006-11-06,ES,gasolina,28.8300,11
2006-11-06,MA,gasolina,13.4500,5
2006-11-06,MG,etanol,445.9790,249
2006-11-06,MG,gasolina,659.7850,259
2006-11-06,MS,etanol,17.7360,9
2006-11-06,MS,gasolina,16.7980,6
2006-11-06,PA,etanol,11.9300,5
2006-11-06,PA,gasolina,69.7160,25
2006-11-06,PB,etanol,93.2320,51
2006-11-06,PB,gasolina,158.2150,59
2006-11-06,PE,etanol,171.0700,95
2006-11-06,PE,gasolina,265.7120,102
2006-11-06,PI,etanol,86.6100,41
2006-11-06,PI,gasolina,104.2400,42
2006-11-06,PR,etanol,221.6310,151
2006-11-06,PR,gasolina,378.7020,150
2006-11-06,RJ,etanol,188.0790,111
2006-11-06,RJ,gasolina,287.8540,112
2006-11-06,RN,etanol,7.4600,4
2006-11-06,RN,gasolina,13.3700,5
2006-11-06,RO,etanol,53.8680,26
2006-11-06,RO,gasolina,73.9480,27
2006-11-06,RR,etanol,23.3000,12
2006-11-06,RR,gasolina,66.3100,25
2006-11-06,RS,etanol,14.9150,8
2006-11-06,RS,gasolina,21.6540,8
2006-11-06,SC,etanol,184.1360,107
2006-11-06,SC,gasolina,281.4400,108
2006-11-06,SP,etanol,332.3440,265
2006-11-06,SP,gasolina,660.5980,267
2006-11-07,AC,etanol,62.3000,28
2006-11-07,AC,gasolina,94.8600,32
2006-11-07,AL,etanol,132.8510,72
2006-11-07,AL,gasolina,206.2610,73
2006-11-07,AM,etanol,52.9600,28
2006-11-07,AM,gasolina,94.2970,39
2006-11-07,AP,etanol,11.1300,5
2006-11-07,AP,gasolina,62.3900,24
2006-11-07,BA,etanol,322.5500,178
2006-11-07,BA,gasolina,522.0090,195
2006-11-07,CE,etanol,254.7300,133
2006-11-07,CE,gasolina,457.2300,167
2006-11-07,DF,etanol,62.5790,34
2006-11-07,DF,gasolina,91.2490,34
2006-11-07,ES,etanol,133.7880,72
2006-11-07,ES,gasolina,197.2570,75
2006-11-07,GO,etanol,128.8760,84
2006-11-07,GO,gasolina,229.9900,88
2006-11-07,MA,etanol,105.6960,52
2006-11-07,MA,gasolina,263.8790,97
2006-11-07,MG,etanol,382.4990,213
2006-11-07,MG,gasolina,553.6530,217
2006-11-07,MS,etanol,73.3970,39
2006-11-07,MS,gasolina,111.8070,40
2006-11-07,MT,etanol,54.1700,29
2006-11-07,MT,gasolina,92.0100,30
2006-11-07,PA,etanol,113.1020,50
2006-11-07,PA,gasolina,314.5580,117
2006-11-07,PB,etanol,122.8940,69
2006-11-07,PB,gasolina,201.4980,78
2006-11-07,PE,etanol,258.6740,142
2006-11-07,PE,gasolina,391.2140,147
2006-11-07,PI,etanol,77.7180,37
2006-11-07,PI,gasolina,128.3570,51
2006-11-07,PR,etanol,307.7210,200
2006-11-07,PR,gasolina,516.0620,201
2006-11-07,RJ,etanol,459.9140,271
2006-11-07,RJ,gasolina,703.6660,278
2006-11-07,RN,etanol,87.9430,51
2006-11-07,RN,gasolina,144.9050,53
2006-11-07,RO,etanol,78.8300,37
2006-11-07,RO,gasolina,115.1530,40
2006-11-07,RR,gasolina,28.9000,10
2006-11-07,RS,etanol,306.8920,163
2006-11-07,RS,gasolina,522.0650,194
2006-11-07,SC,etanol,244.9050,142
2006-11-07,SC,gasolina,371.5830,145
2006-11-07,SP,etanol,1204.9950,978
2006-11-07,SP,gasolina,2395.8810,978
2006-11-07,TO,etanol,50.7600,28
2006-11-07,TO,gasolina,76.6300,28
2006-11-08,AC,etanol,2.6800,1
2006-11-08,AC,gasolina,9.3300,3
2006-11-08,AL,etanol,58.7040,30
2006-11-08,AL,gasolina,85.5230,31
2006-11-08,AP,gasolina,5.8000,2
2006-11-08,BA,etanol,290.0230,160
2006-11-08,BA,gasolina,478.0110,180
2006-11-08,CE,etanol,33.5780,17
2006-11-08,CE,gasolina,53.7990,19
2006-11-08,ES,etanol,292.8500,156
2006-11-08,ES,gasolina,420.8510,161
2006-11-08,GO,etanol,318.2380,222
2006-11-08,GO,gasolina,567.6290,224
2006-11-08,MA,etanol,52.5730,26
2006-11-08,MA,gasolina,128.6680,46
2006-11-08,MG,etanol,710.8240,395
2006-11-08,MG,gasolina,1038.1040,405
2006-11-08,MS,etanol,184.7880,105
2006-11-08,MS,gasolina,301.1350,110
2006-11-08,MT,etanol,255.0960,145
2006-11-08,MT,gasolina,422.4850,144
2006-11-08,PA,etanol,55.0460,25
2006-11-08,PA,gasolina,144.9050,53
2006-11-08,PB,etanol,21.9000,13
2006-11-08,PB,gasolina,34.1190,13
2006-11-08,PE,etanol,166.3640,103
2006-11-08,PE,gasolina,264.9250,105
2006-11-08,PI,etanol,23.8890,12
2006-11-08,PI,gasolina,41.2490,17
2006-11-08,PR,etanol,492.2450,334
2006-11-08,PR,gasolina,854.1230,338
2006-11-08,RJ,etanol,742.4960,430
2006-11-08,RJ,gasolina,1208.4960,462
2006-11-08,RN,etanol,123.2640,68
2006-11-08,RN,gasolina,207.5720,78
2006-11-08,RO,etanol,48.1690,24
2006-11-08,RO,gasolina,112.6840,41
2006-11-08,RR,gasolina,8.6270,3
2006-11-08,RS,etanol,731.6140,383
2006-11-08,RS,gasolina,1195.0560,437
2006-11-08,SC,etanol,377.8810,221
2006-11-08,SC,gasolina,572.4160,222
2006-11-08,SE,etanol,33.7400,16
2006-11-08,SE,gasolina,55.0600,21
2006-11-08,SP,etanol,2119.5640,1723
2006-11-08,SP,gasolina,4242.3150,1732
2006-11-08,TO,etanol,71.8830,37
2006-11-08,TO,gasolina,103.4320,38
2006-11-09,AL,etanol,18.4300,9
2006-11-09,AL,gasolina,24.9300,9
2006-11-09,BA,etanol,53.1290,26
2006-11-09,BA,gasolina,80.2810,28
2006-11-09,MG,etanol,522.2760,302
2006-11-09,MG,gasolina,764.6600,316
2006-11-09,MS,etanol,3.8200,2
2006-11-09,MS,gasolina,5.5700,2
2006-11-09,MT,etanol,5.6800,3
2006-11-09,MT,gasolina,8.8800,3
2006-11-09,PA,etanol,2.5500,1
2006-11-09,PA,gasolina,8.2440,3
2006-11-09,PE,etanol,35.5300,22
2006-11-09,PE,gasolina,71.9410,28
2006-11-09,PR,etanol,12.4890,8
2006-11-09,PR,gasolina,20.3870,8
2006-11-09,RJ,etanol,49.5620,27
2006-11-09,RJ,gasolina,73.3670,27
2006-11-09,RS,etanol,169.4760,88
2006-11-09,RS,gasolina,262.5880,96
2006-11-09,SC,etanol,4.8790,3
2006-11-09,SC,gasolina,7.5080,3
2006-11-09,SE,etanol,68.3750,34
2006-11-09,SE,gasolina,111.6800,44
2006-11-09,SP,etanol,16.5560,12
2006-11-09,SP,gasolina,33.5880,13
2006-11-13,AC,etanol,41.9900,19
2006-11-13,AC,gasolina,90.8300,30
2006-11-13,AL,etanol,54.3400,29
2006-11-13,AL,gasolina,85.4350,30
2006-11-13,AM,etanol,85.6090,45
2006-11-13,AM,gasolina,266.8170,102
2006-11-13,AP,etanol,8.7000,4
2006-11-13,AP,gasolina,46.3180,19
2006-11-13,BA,etanol,99.3160,54
2006-11-13,BA,gasolina,157.9260,58
2006-11-13,CE,etanol,59.9540,33
2006-11-13,CE,gasolina,105.8630,39
2006-11-13,DF,etanol,60.5040,33
2006-11-13,DF,gasolina,88.3120,33
2006-11-13,ES,etanol,79.6680,43
2006-11-13,ES,gasolina,119.8830,46
2006-11-13,MA,etanol,31.1480,16
2006-11-13,MA,gasolina,113.1570,43
2006-11-13,MG,etanol,345.8070,195
2006-11-13,MG,gasolina,514.6830,200
2006-11-13,MS,etanol,32.2390,17
2006-11-13,MS,gasolina,47.5090,17
2006-11-13,MT,etanol,52.1670,31
2006-11-13,MT,gasolina,87.9690,30
2006-11-13,PA,etanol,13.5800,6
2006-11-13,PA,gasolina,117.9480,42
2006-11-13,PB,etanol,73.5490,40
2006-11-13,PB,gasolina,126.3690,47
2006-11-13,PE,etanol,176.6060,99
2006-11-13,PE,gasolina,279.2840,106
2006-11-13,PI,etanol,88.5190,41
2006-11-13,PI,gasolina,106.7790,42
2006-11-13,PR,etanol,314.2940,205
2006-11-13,PR,gasolina,523.8060,204
2006-11-13,RJ,etanol,281.0640,169
2006-11-13,RJ,gasolina,455.1080,181
2006-11-13,RR,etanol,23.9300,12
2006-11-13,RR,gasolina,66.8900,25
2006-11-13,RS,etanol,33.6100,17
2006-11-13,RS,gasolina,50.0740,18
2006-11-13,SC,etanol,191.4350,111
2006-11-13,SC,gasolina,292.8020,112
2006-11-13,SP,etanol,568.8660,462
2006-11-13,SP,gasolina,1140.5090,463
2006-11-13,TO,etanol,5.8790,3
2006-11-13,TO,gasolina,7.6880,3
2006-11-14,AC,etanol,38.4600,17
2006-11-14,AC,gasolina,62.6400,21
2006-11-14,AL,etanol,144.3980,76
2006-11-14,AL,gasolina,217.1460,78
2006-11-14,AM,etanol,51.2190,27
2006-11-14,AM,gasolina,97.9380,38
2006-11-14,AP,etanol,6.2000,3
2006-11-14,AP,gasolina,20.4290,8
2006-11-14,BA,etanol,541.5630,300
2006-11-14,BA,gasolina,886.1560,332
2006-11-14,CE,etanol,355.8450,191
2006-11-14,CE,gasolina,609.1280,223
2006-11-14,DF,etanol,123.8990,69
2006-11-14,DF,gasolina,187.6980,70
2006-11-14,ES,etanol,293.7660,157
2006-11-14,ES,gasolina,423.9840,161
2006-11-14,GO,etanol,429.1960,280
2006-11-14,GO,gasolina,749.7420,288
2006-11-14,MA,etanol,52.6400,24
2006-11-14,MA,gasolina,104.7300,37
2006-11-14,MG,etanol,606.2910,338
2006-11-14,MG,gasolina,885.3620,347
2006-11-14,MS,etanol,247.9250,139
2006-11-14,MS,gasolina,383.1880,139
2006-11-14,MT,etanol,181.5820,99
2006-11-14,MT,gasolina,300.3680,101
2006-11-14,PA,etanol,57.5400,25
2006-11-14,PA,gasolina,149.4180,52
2006-11-14,PB,etanol,156.0800,89
2006-11-14,PB,gasolina,249.7020,96
2006-11-14,PE,etanol,341.6430,197
2006-11-14,PE,gasolina,542.8880,205
2006-11-14,PI,etanol,88.5180,44
2006-11-14,PI,gasolina,144.6070,60
2006-11-14,PR,etanol,433.4570,300
2006-11-14,PR,gasolina,766.9050,304
2006-11-14,RJ,etanol,520.0870,306
2006-11-14,RJ,gasolina,808.0070,314
2006-11-14,RN,etanol,201.3920,117
2006-11-14,RN,gasolina,338.4140,127
2006-11-14,RO,etanol,109.6000,52
2006-11-14,RO,gasolina,168.8780,60
2006-11-14,RR,gasolina,14.9000,5
2006-11-14,RS,etanol,257.9210,134
2006-11-14,RS,gasolina,433.2920,159
2006-11-14,SC,etanol,286.2550,170
2006-11-14,SC,gasolina,440.4220,173
2006-11-14,SE,etanol,27.5600,13
2006-11-14,SE,gasolina,55.1600,21
2006-11-14,SP,etanol,1915.1950,1551
2006-11-14,SP,gasolina,3822.7200,1554
2006-11-14,TO,etanol,84.2790,46
2006-11-14,TO,gasolina,124.2680,46
2006-11-16,AL,etanol,9.9090,5
2006-11-16,AL,gasolina,14.0000,5
2006-11-16,AP,gasolina,20.6300,7
2006-11-16,BA,etanol,118.6330,64
2006-11-16,BA,gasolina,186.8450,69
2006-11-16,CE,etanol,29.6480,15
2006-11-16,CE,gasolina,44.4190,16
2006-11-16,ES,etanol,81.5290,44
2006-11-16,ES,gasolina,119.0240,46
2006-11-16,GO,etanol,36.7000,24
2006-11-16,GO,gasolina,65.0990,24
2006-11-16,MA,etanol,75.0980,39
2006-11-16,MA,gasolina,190.3660,69
2006-11-16,MG,etanol,864.8860,495
2006-11-16,MG,gasolina,1274.8260,515
2006-11-16,MT,etanol,85.2460,47
2006-11-16,MT,gasolina,138.1740,47
2006-11-16,PA,etanol,98.8250,46
2006-11-16,PA,gasolina,262.8080,102
2006-11-16,PB,etanol,10.0400,6
2006-11-16,PB,gasolina,15.0590,6
2006-11-16,PE,etanol,106.3490,65
2006-11-16,PE,gasolina,187.4960,71
2006-11-16,PI,etanol,8.1000,4
2006-11-16,PI,gasolina,19.8000,8
2006-11-16,PR,etanol,279.5700,185
2006-11-16,PR,gasolina,468.4640,185
2006-11-16,RJ,etanol,613.7790,353
2006-11-16,RJ,gasolina,980.4220,374
2006-11-16,RN,etanol,14.6000,7
2006-11-16,RN,gasolina,23.7600,9
2006-11-16,RO,etanol,75.5580,37
2006-11-16,RO,gasolina,126.9300,46
2006-11-16,RR,gasolina,22.5680,8
2006-11-16,RS,etanol,952.7460,507
2006-11-16,RS,gasolina,1522.1970,563
2006-11-16,SC,etanol,329.3080,191
2006-11-16,SC,gasolina,496.0970,192
2006-11-16,SE,etanol,74.6220,38
2006-11-16,SE,gasolina,110.8320,44
2006-11-16,SP,etanol,1189.1190,953
2006-11-16,SP,gasolina,2372.4200,966
2006-11-16,TO,etanol,29.2500,14
2006-11-16,TO,gasolina,42.4500,15
2006-11-17,MG,etanol,219.8970,122
2006-11-17,MG,gasolina,321.4330,128
2006-11-17,RJ,etanol,11.2020,6
2006-11-17,RJ,gasolina,16.4690,6
2006-11-17,RS,etanol,5.9860,3
2006-11-17,RS,gasolina,51.4110,18
2006-11-20,AC,etanol,19.6800,9
2006-11-20,AC,gasolina,32.7000,11
2006-11-20,AM,etanol,74.6390,40
2006-11-20,AM,gasolina,158.8380,63
2006-11-20,AP,etanol,10.4800,5
2006-11-20,AP,gasolina,51.2200,21
2006-11-20,BA,etanol,58.6080,31
2006-11-20,BA,gasolina,93.7280,34
2006-11-20,CE,etanol,118.8350,68
2006-11-20,CE,gasolina,206.6600,77
2006-11-20,DF,etanol,127.4020,71
2006-11-20,DF,gasolina,193.0880,72
2006-11-20,ES,etanol,11.6800,6
2006-11-20,ES,gasolina,16.2800,6
2006-11-20,MA,etanol,14.3400,7
2006-11-20,MA,gasolina,33.8800,13
2006-11-20,MG,etanol,292.0020,165
2006-11-20,MG,gasolina,432.2670,168
2006-11-20,PA,etanol,4.5200,2
2006-11-20,PA,gasolina,24.8700,9
2006-11-20,PB,etanol,65.2480,36
2006-11-20,PB,gasolina,113.9270,42
2006-11-20,PE,etanol,208.6950,123
2006-11-20,PE,gasolina,336.0420,131
2006-11-20,PI,etanol,89.0680,42
2006-11-20,PI,gasolina,126.2180,51
2006-11-20,PR,etanol,225.1820,148
2006-11-20,PR,gasolina,378.1180,148
2006-11-20,RJ,etanol,3.6890,2
2006-11-20,RJ,gasolina,5.4280,2
2006-11-20,RR,etanol,33.8700,17
2006-11-20,RR,gasolina,64.9200,25
2006-11-20,RS,etanol,14.9140,8
2006-11-20,RS,gasolina,37.5880,14
2006-11-20,SC,etanol,210.4200,123
2006-11-20,SC,gasolina,321.0870,124
2006-11-20,SP,etanol,178.3580,147
2006-11-20,SP,gasolina,359.1450,147
2006-11-21,AC,etanol,58.1390,26
2006-11-21,AC,gasolina,114.6500,38
2006-11-21,AL,etanol,174.3460,94
2006-11-21,AL,gasolina,267.2130,95
2006-11-21,AM,etanol,67.4870,35
2006-11-21,AM,gasolina,210.3930,80
2006-11-21,AP,etanol,2.3000,1
2006-11-21,AP,gasolina,9.8000,4
2006-11-21,BA,etanol,566.1690,313
2006-11-21,BA,gasolina,933.2760,349
2006-11-21,CE,etanol,274.3710,145
2006-11-21,CE,gasolina,493.8110,180
2006-11-21,DF,etanol,55.3600,30
2006-11-21,DF,gasolina,80.6130,30
2006-11-21,ES,etanol,187.1600,100
2006-11-21,ES,gasolina,261.3650,99
2006-11-21,GO,etanol,220.5180,146
2006-11-21,GO,gasolina,389.1500,150
2006-11-21,MA,etanol,45.3290,20
2006-11-21,MA,gasolina,104.8070,37
2006-11-21,MG,etanol,575.9360,328
2006-11-21,MG,gasolina,848.1580,336
2006-11-21,MS,etanol,120.3340,64
2006-11-21,MS,gasolina,181.3130,65
2006-11-21,MT,etanol,130.2350,73
2006-11-21,MT,gasolina,211.5770,71
2006-11-21,PA,etanol,80.1100,34
2006-11-21,PA,gasolina,260.1280,91
2006-11-21,PB,etanol,155.2300,88
2006-11-21,PB,gasolina,258.7350,100
2006-11-21,PE,etanol,288.8050,160
2006-11-21,PE,gasolina,436.3730,164
2006-11-21,PI,etanol,74.2800,35
2006-11-21,PI,gasolina,97.1900,38
2006-11-21,PR,etanol,306.6810,207
2006-11-21,PR,gasolina,528.1920,207
2006-11-21,RJ,etanol,355.2630,209
2006-11-21,RJ,gasolina,556.2960,216
2006-11-21,RN,etanol,98.9120,58
2006-11-21,RN,gasolina,160.4940,60
2006-11-21,RO,etanol,51.8300,25
2006-11-21,RO,gasolina,71.2150,26
2006-11-21,RR,gasolina,14.9000,5
2006-11-21,RS,etanol,177.2990,92
2006-11-21,RS,gasolina,283.8050,104
2006-11-21,SC,etanol,131.9560,76
2006-11-21,SC,gasolina,198.7810,77
2006-11-21,SP,etanol,1028.2120,823
2006-11-21,SP,gasolina,2041.1340,824
2006-11-21,TO,etanol,50.9900,28
2006-11-21,TO,gasolina,79.2200,29
2006-11-22,AC,etanol,2.1900,1
2006-11-22,AC,gasolina,6.1000,2
2006-11-22,AL,etanol,32.1090,17
2006-11-22,AL,gasolina,46.6680,17
2006-11-22,AP,gasolina,26.4300,9
2006-11-22,BA,etanol,136.0020,75
2006-11-22,BA,gasolina,217.1340,81
2006-11-22,CE,etanol,40.1150,22
2006-11-22,CE,gasolina,65.4280,24
2006-11-22,DF,etanol,1.8100,1
2006-11-22,DF,gasolina,2.6700,1
2006-11-22,ES,etanol,269.6930,146
2006-11-22,ES,gasolina,395.1800,152
2006-11-22,GO,etanol,257.4420,166
2006-11-22,GO,gasolina,443.8700,169
2006-11-22,MA,etanol,110.5300,58
2006-11-22,MA,gasolina,285.7640,105
2006-11-22,MG,etanol,759.4390,435
2006-11-22,MG,gasolina,1113.7700,448
2006-11-22,MS,etanol,158.2920,91
2006-11-22,MS,gasolina,249.5190,91
2006-11-22,MT,etanol,191.5670,105
2006-11-22,MT,gasolina,309.2640,105
2006-11-22,PA,etanol,93.5940,44
2006-11-22,PA,gasolina,256.5250,100
2006-11-22,PB,etanol,13.5900,8
2006-11-22,PB,gasolina,20.4890,8
2006-11-22,PE,etanol,134.0610,83
2006-11-22,PE,gasolina,234.9550,92
2006-11-22,PI,etanol,24.7070,13
2006-11-22,PI,gasolina,46.2750,20
2006-11-22,PR,etanol,494.1930,334
2006-11-22,PR,gasolina,857.5840,340
2006-11-22,RJ,etanol,1013.3820,593
2006-11-22,RJ,gasolina,1600.7100,619
2006-11-22,RN,etanol,117.7750,67
2006-11-22,RN,gasolina,203.4450,77
2006-11-22,RO,etanol,117.9490,57
2006-11-22,RO,gasolina,229.4360,82
2006-11-22,RR,gasolina,22.6180,8
2006-11-22,RS,etanol,887.5620,464
2006-11-22,RS,gasolina,1449.0710,527
2006-11-22,SC,etanol,394.3320,231
2006-11-22,SC,gasolina,597.1110,233
2006-11-22,SE,etanol,101.1830,50
2006-11-22,SE,gasolina,166.6830,65
2006-11-22,SP,etanol,2409.3770,1974
2006-11-22,SP,gasolina,4830.3330,1980
2006-11-22,TO,etanol,64.4370,33
2006-11-22,TO,gasolina,92.8460,34
2006-11-23,MG,etanol,419.7450,231
2006-11-23,MG,gasolina,615.0050,243
2006-11-23,RJ,etanol,63.4530,35
2006-11-23,RJ,gasolina,93.8280,35
2006-11-23,RS,etanol,179.2950,94
2006-11-23,RS,gasolina,303.7890,111
2006-11-23,SC,etanol,76.5500,46
2006-11-23,SC,gasolina,119.0800,46
2006-11-23,SP,etanol,86.1680,63
2006-11-23,SP,gasolina,167.8430,65
2006-11-27,AC,etanol,18.1300,8
2006-11-27,AC,gasolina,58.1500,19
2006-11-27,AL,etanol,7.2680,4
2006-11-27,AL,gasolina,14.2410,5
2006-11-27,AM,etanol,94.2290,50
2006-11-27,AM,gasolina,285.5480,111
2006-11-27,BA,etanol,92.6390,51
2006-11-27,BA,gasolina,146.8520,55
2006-11-27,CE,etanol,31.4480,16
2006-11-27,CE,gasolina,57.9690,21
2006-11-27,DF,etanol,52.3220,30
2006-11-27,DF,gasolina,79.3320,30
2006-11-27,ES,etanol,138.5280,77
2006-11-27,ES,gasolina,202.0250,79
2006-11-27,MA,gasolina,13.4100,5
2006-11-27,MG,etanol,236.8940,133
2006-11-27,MG,gasolina,351.4310,136
2006-11-27,MS,etanol,36.6150,19
2006-11-27,MS,gasolina,44.6670,16
2006-11-27,PA,etanol,13.8500,6
2006-11-27,PA,gasolina,82.4400,30
2006-11-27,PB,etanol,111.3840,62
2006-11-27,PB,gasolina,185.2250,69
2006-11-27,PE,etanol,184.0460,109
2006-11-27,PE,gasolina,283.3990,114
2006-11-27,PI,etanol,63.2170,32
2006-11-27,PI,gasolina,96.1190,41
2006-11-27,PR,etanol,212.7800,142
2006-11-27,PR,gasolina,355.9700,142
2006-11-27,RJ,etanol,109.8830,68
2006-11-27,RJ,gasolina,170.5710,69
2006-11-27,RR,etanol,31.4100,16
2006-11-27,RR,gasolina,63.8500,25
2006-11-27,RS,etanol,27.2530,14
2006-11-27,RS,gasolina,48.4390,18
2006-11-27,SC,etanol,238.5230,140
2006-11-27,SC,gasolina,361.0110,141
2006-11-27,SP,etanol,498.1760,408
2006-11-27,SP,gasolina,995.7850,406
2006-11-28,AC,etanol,60.9500,28
2006-11-28,AC,gasolina,95.0190,32
2006-11-28,AL,etanol,163.0330,88
2006-11-28,AL,gasolina,249.2060,89
2006-11-28,AM,etanol,42.7790,23
2006-11-28,AM,gasolina,83.2760,33
2006-11-28,AP,etanol,14.5700,7
2006-11-28,AP,gasolina,66.5180,27
2006-11-28,BA,etanol,333.7780,180
2006-11-28,BA,gasolina,544.8130,200
2006-11-28,CE,etanol,243.8850,131
2006-11-28,CE,gasolina,449.3690,165
2006-11-28,DF,etanol,117.3740,65
2006-11-28,DF,gasolina,175.4340,66
2006-11-28,ES,etanol,134.7390,73
2006-11-28,ES,gasolina,196.6440,75
2006-11-28,GO,etanol,138.9370,90
2006-11-28,GO,gasolina,242.1780,93
2006-11-28,MA,etanol,100.2500,49
2006-11-28,MA,gasolina,251.5490,92
2006-11-28,MG,etanol,533.1810,292
2006-11-28,MG,gasolina,795.4960,306
2006-11-28,MS,etanol,38.5160,21
2006-11-28,MS,gasolina,61.5250,22
2006-11-28,MT,etanol,91.8270,52
2006-11-28,MT,gasolina,152.7780,51
2006-11-28,PA,etanol,89.7650,40
2006-11-28,PA,gasolina,246.6140,89
2006-11-28,PB,etanol,123.5060,72
2006-11-28,PB,gasolina,207.9580,81
2006-11-28,PE,etanol,118.1150,68
2006-11-28,PE,gasolina,180.0280,71
2006-11-28,PI,etanol,90.7060,43
2006-11-28,PI,gasolina,125.0460,50
2006-11-28,PR,etanol,379.6790,261
2006-11-28,PR,gasolina,657.0020,259
2006-11-28,RJ,etanol,681.1130,398
2006-11-28,RJ,gasolina,1067.0150,416
2006-11-28,RN,etanol,109.2330,64
2006-11-28,RN,gasolina,173.4660,67
2006-11-28,RO,etanol,118.0590,58
2006-11-28,RO,gasolina,170.6490,61
2006-11-28,RR,gasolina,14.9000,5
2006-11-28,RS,etanol,502.3070,266
2006-11-28,RS,gasolina,782.9670,289
2006-11-28,SC,etanol,161.7370,93
2006-11-28,SC,gasolina,246.5760,95
2006-11-28,SP,etanol,1020.0080,832
2006-11-28,SP,gasolina,2041.9560,833
2006-11-28,TO,etanol,47.2800,26
2006-11-28,TO,gasolina,79.1500,29
2006-11-29,AL,etanol,32.6210,18
2006-11-29,AL,gasolina,53.0200,19
2006-11-29,AP,gasolina,20.6300,7
2006-11-29,BA,etanol,339.2070,194
2006-11-29,BA,gasolina,553.8380,211
2006-11-29,CE,etanol,163.7070,93
2006-11-29,CE,gasolina,259.1230,96
2006-11-29,DF,etanol,10.3500,6
2006-11-29,DF,gasolina,18.5490,7
2006-11-29,ES,etanol,188.8430,100
2006-11-29,ES,gasolina,272.4830,103
2006-11-29,GO,etanol,347.5370,229
2006-11-29,GO,gasolina,603.7330,232
2006-11-29,MA,etanol,69.6680,37
2006-11-29,MA,gasolina,167.1750,61
2006-11-29,MG,etanol,1065.2460,616
2006-11-29,MG,gasolina,1552.3250,630
2006-11-29,MS,etanol,203.6030,116
2006-11-29,MS,gasolina,329.3270,120
2006-11-29,MT,etanol,227.6410,125
2006-11-29,MT,gasolina,367.7250,125
2006-11-29,PA,etanol,73.6480,34
2006-11-29,PA,gasolina,208.3160,80
2006-11-29,PE,etanol,326.6850,192
2006-11-29,PE,gasolina,508.8390,203
2006-11-29,PI,etanol,35.0100,16
2006-11-29,PI,gasolina,49.4090,19
2006-11-29,PR,etanol,447.8940,302
2006-11-29,PR,gasolina,767.0190,305
2006-11-29,RJ,etanol,642.7230,373
2006-11-29,RJ,gasolina,1037.6610,396
2006-11-29,RN,etanol,102.7180,60
2006-11-29,RN,gasolina,179.3060,69
2006-11-29,RO,etanol,71.6680,35
2006-11-29,RO,gasolina,146.4440,53
2006-11-29,RR,gasolina,22.5680,8
2006-11-29,RS,etanol,756.5050,395
2006-11-29,RS,gasolina,1301.2510,472
2006-11-29,SC,etanol,348.9960,202
2006-11-29,SC,gasolina,525.9570,204
2006-11-29,SE,etanol,105.2570,53
2006-11-29,SE,gasolina,165.3710,65
2006-11-29,SP,etanol,2182.0320,1767
2006-11-29,SP,gasolina,4362.7750,1781
2006-11-29,TO,etanol,66.2670,34
2006-11-29,TO,gasolina,95.1350,35
2006-11-30,MG,etanol,220.7500,124
2006-11-30,MG,gasolina,313.3010,127
2006-11-30,SC,etanol,69.2610,45
2006-11-30,SC,gasolina,111.5700,45
2006-12-04,AC,etanol,14.4800,6
2006-12-04,AC,gasolina,49.1800,16
2006-12-04,AL,etanol,8.0090,4
2006-12-04,AL,gasolina,14.3060,5
2006-12-04,AM,etanol,72.1690,38
2006-12-04,AM,gasolina,222.5470,86
2006-12-04,AP,etanol,6.4500,3
2006-12-04,AP,gasolina,26.7300,11
2006-12-04,BA,etanol,131.8750,71
2006-12-04,BA,gasolina,217.1810,81
2006-12-04,CE,etanol,63.8420,34
2006-12-04,CE,gasolina,120.6450,44
2006-12-04,DF,etanol,59.3690,34
2006-12-04,DF,gasolina,90.1180,34
2006-12-04,ES,etanol,109.2660,61
2006-12-04,ES,gasolina,158.1930,62
2006-12-04,MA,etanol,37.5690,19
2006-12-04,MA,gasolina,134.9260,51
2006-12-04,MG,etanol,286.0460,157
2006-12-04,MG,gasolina,411.4370,159
2006-12-04,MS,etanol,33.9100,18
2006-12-04,MS,gasolina,50.2490,18
2006-12-04,MT,etanol,11.8290,7
2006-12-04,MT,gasolina,20.6400,7
2006-12-04,PA,etanol,58.2330,25
2006-12-04,PA,gasolina,186.6210,69
2006-12-04,PB,etanol,126.3700,71
2006-12-04,PB,gasolina,215.4750,83
2006-12-04,PE,etanol,194.2680,113
2006-12-04,PE,gasolina,303.5780,122
2006-12-04,PI,etanol,68.9260,34
2006-12-04,PI,gasolina,105.7850,43
2006-12-04,PR,etanol,238.7910,156
2006-12-04,PR,gasolina,395.1080,156
2006-12-04,RJ,etanol,67.5900,42
2006-12-04,RJ,gasolina,108.2200,44
2006-12-04,RN,etanol,45.4200,27
2006-12-04,RN,gasolina,69.8970,27
2006-12-04,RR,etanol,21.6100,11
2006-12-04,RR,gasolina,62.9500,24
2006-12-04,RS,etanol,40.9440,21
2006-12-04,RS,gasolina,66.1880,24
2006-12-04,SC,etanol,210.6050,123
2006-12-04,SC,gasolina,319.5680,124
2006-12-04,SP,etanol,231.6350,193
2006-12-04,SP,gasolina,461.5980,192
2006-12-05,AC,etanol,40.4700,19
2006-12-05,AC,gasolina,58.5200,20
2006-12-05,AL,etanol,169.8440,94
2006-12-05,AL,gasolina,266.7830,95
2006-12-05,AM,etanol,74.6180,40
2006-12-05,AM,gasolina,132.9610,53
2006-12-05,AP,etanol,6.4700,3
2006-12-05,AP,gasolina,60.7100,23
2006-12-05,BA,etanol,313.2460,174
2006-12-05,BA,gasolina,525.0760,196
2006-12-05,CE,etanol,229.1970,126
2006-12-05,CE,gasolina,406.4580,151
2006-12-05,DF,etanol,122.4640,68
2006-12-05,DF,gasolina,183.2040,69
2006-12-05,ES,etanol,168.5840,90
2006-12-05,ES,gasolina,242.0100,90
2006-12-05,GO,etanol,133.1760,88
2006-12-05,GO,gasolina,238.5120,92
2006-12-05,MA,etanol,31.8550,15
2006-12-05,MA,gasolina,59.1480,21
2006-12-05,MG,etanol,737.8840,421
2006-12-05,MG,gasolina,1097.5490,436
2006-12-05,MS,etanol,99.1570,54
2006-12-05,MS,gasolina,146.4540,53
2006-12-05,MT,etanol,128.4960,72
2006-12-05,MT,gasolina,212.4560,71
2006-12-05,PA,etanol,76.8660,36
2006-12-05,PA,gasolina,234.0270,85
2006-12-05,PB,etanol,72.9900,42
2006-12-05,PB,gasolina,119.5150,45
2006-12-05,PE,etanol,253.1140,145
2006-12-05,PE,gasolina,377.5000,145
2006-12-05,PI,etanol,72.1780,36
2006-12-05,PI,gasolina,107.8050,45
2006-12-05,PR,etanol,370.8100,247
2006-12-05,PR,gasolina,623.1150,245
2006-12-05,RJ,etanol,324.2630,188
2006-12-05,RJ,gasolina,505.0840,195
2006-12-05,RN,etanol,116.6890,69
2006-12-05,RN,gasolina,193.3870,76
2006-12-05,RO,etanol,85.5500,40
2006-12-05,RO,gasolina,137.5990,48
2006-12-05,RR,gasolina,28.9000,10
2006-12-05,RS,etanol,596.1540,314
2006-12-05,RS,gasolina,999.6020,365
2006-12-05,SC,etanol,103.4140,62
2006-12-05,SC,gasolina,158.3920,62
2006-12-05,SE,etanol,8.4960,4
2006-12-05,SE,gasolina,10.5240,4
2006-12-05,SP,etanol,1188.3390,970
2006-12-05,SP,gasolina,2381.2470,972
2006-12-05,TO,etanol,88.8700,47
2006-12-05,TO,gasolina,137.6200,50
2006-12-06,AC,etanol,23.3900,11
2006-12-06,AC,gasolina,45.4100,15
2006-12-06,AL,etanol,24.0900,13
2006-12-06,AL,gasolina,36.1300,13
2006-12-06,AM,etanol,2.2500,1
2006-12-06,AM,gasolina,16.5500,6
2006-12-06,BA,etanol,285.8560,162
2006-12-06,BA,gasolina,468.0220,176
2006-12-06,CE,etanol,146.1280,80
2006-12-06,CE,gasolina,238.3960,87
2006-12-06,ES,etanol,186.7020,102
2006-12-06,ES,gasolina,268.8300,105
2006-12-06,GO,etanol,353.2420,232
2006-12-06,GO,gasolina,603.9470,233
2006-12-06,MA,etanol,99.3080,52
2006-12-06,MA,gasolina,242.5860,87
2006-12-06,MG,etanol,772.6430,445
2006-12-06,MG,gasolina,1142.2480,455
2006-12-06,MS,etanol,47.6550,27
2006-12-06,MS,gasolina,82.5420,30
2006-12-06,MT,etanol,179.9920,99
2006-12-06,MT,gasolina,290.3550,99
2006-12-06,PA,etanol,38.4140,18
2006-12-06,PA,gasolina,109.1100,42
2006-12-06,PB,etanol,33.0760,19
2006-12-06,PB,gasolina,58.7390,22
2006-12-06,PE,etanol,176.1300,108
2006-12-06,PE,gasolina,307.3970,122
2006-12-06,PI,etanol,37.5500,16
2006-12-06,PI,gasolina,58.1500,22
2006-12-06,PR,etanol,431.4590,301
2006-12-06,PR,gasolina,761.9050,305
2006-12-06,RJ,etanol,1032.2320,608
2006-12-06,RJ,gasolina,1667.9580,645
2006-12-06,RN,etanol,50.2290,29
2006-12-06,RN,gasolina,90.6390,34
2006-12-06,RO,etanol,106.0180,53
2006-12-06,RO,gasolina,174.2710,64
2006-12-06,RR,gasolina,8.6370,3
2006-12-06,RS,etanol,622.7600,330
2006-12-06,RS,gasolina,1003.1790,368
2006-12-06,SC,etanol,505.1790,297
2006-12-06,SC,gasolina,763.8700,298
2006-12-06,SE,etanol,88.0160,44
2006-12-06,SE,gasolina,148.3640,58
2006-12-06,SP,etanol,2233.7130,1806
2006-12-06,SP,gasolina,4453.0920,1814
2006-12-06,TO,etanol,23.4470,13
2006-12-06,TO,gasolina,36.7250,14
2006-12-07,BA,etanol,29.3360,16
2006-12-07,BA,gasolina,42.6230,16
2006-12-07,ES,etanol,1.7900,1
2006-12-07,ES,gasolina,2.4990,1
2006-12-07,MG,etanol,281.5170,156
2006-12-07,MG,gasolina,403.2660,161
2006-12-07,MS,etanol,97.3980,57
2006-12-07,MS,gasolina,158.6770,58
2006-12-07,MT,etanol,1.8000,1
2006-12-07,MT,gasolina,2.9400,1
2006-12-07,PA,etanol,2.5000,1
2006-12-07,PA,gasolina,9.2100,3
2006-12-07,PR,etanol,4.5380,3
2006-12-07,PR,gasolina,7.5680,3
2006-12-07,RJ,etanol,5.2970,3
2006-12-07,RJ,gasolina,7.6370,3
2006-12-07,RO,gasolina,2.9000,1
2006-12-07,RS,etanol,38.0950,20
2006-12-07,RS,gasolina,62.7170,23
2006-12-07,SC,etanol,5.6400,3
2006-12-07,SC,gasolina,7.7900,3
2006-12-07,SE,etanol,5.5890,3
2006-12-07,SE,gasolina,9.9080,4
2006-12-07,SP,etanol,50.9170,42
2006-12-07,SP,gasolina,104.1870,42
2006-12-11,AC,etanol,38.5000,19
2006-12-11,AC,gasolina,83.7900,28
2006-12-11,AM,etanol,76.4790,41
2006-12-11,AM,gasolina,214.2470,85
2006-12-11,AP,etanol,10.7500,5
2006-12-11,AP,gasolina,41.3990,17
2006-12-11,BA,etanol,103.2530,58
2006-12-11,BA,gasolina,164.5490,62
2006-12-11,CE,etanol,51.4320,28
2006-12-11,CE,gasolina,92.5470,34
2006-12-11,DF,etanol,127.3320,71
2006-12-11,DF,gasolina,190.7710,72
2006-12-11,ES,etanol,125.1050,71
2006-12-11,ES,gasolina,180.4840,72
2006-12-11,MA,etanol,22.1880,12
2006-12-11,MA,gasolina,100.5260,38
2006-12-11,MG,etanol,256.5970,145
2006-12-11,MG,gasolina,371.4690,146
2006-12-11,MT,etanol,42.5960,25
2006-12-11,MT,gasolina,67.4270,23
2006-12-11,PA,etanol,11.6200,5
2006-12-11,PA,gasolina,57.6800,21
2006-12-11,PB,etanol,85.7580,48
2006-12-11,PB,gasolina,142.5780,53
2006-12-11,PE,etanol,106.1810,61
2006-12-11,PE,gasolina,172.6940,65
2006-12-11,PI,etanol,51.4700,23
2006-12-11,PI,gasolina,64.2400,24
2006-12-11,PR,etanol,312.1350,210
2006-12-11,PR,gasolina,525.5690,210
2006-12-11,RJ,etanol,63.2310,39
2006-12-11,RJ,gasolina,104.1990,42
2006-12-11,RR,etanol,35.5100,18
2006-12-11,RR,gasolina,67.0000,25
2006-12-11,RS,etanol,21.5530,12
2006-12-11,RS,gasolina,31.6730,12
2006-12-11,SC,etanol,173.4060,102
2006-12-11,SC,gasolina,261.3000,102
2006-12-11,SP,etanol,275.1880,228
2006-12-11,SP,gasolina,546.3660,227
2006-12-12,AC,etanol,21.8600,9
2006-12-12,AC,gasolina,45.8900,15
2006-12-12,AL,etanol,87.1170,48
2006-12-12,AL,gasolina,144.4250,51
2006-12-12,AM,etanol,56.0290,30
2006-12-12,AM,gasolina,138.4870,53
2006-12-12,AP,gasolina,8.2800,3
2006-12-12,BA,etanol,454.1650,256
2006-12-12,BA,gasolina,752.8160,283
2006-12-12,CE,etanol,337.2910,188
2006-12-12,CE,gasolina,581.9610,216
2006-12-12,DF,etanol,57.2560,31
2006-12-12,DF,gasolina,82.5850,31
2006-12-12,ES,etanol,72.6280,39
2006-12-12,ES,gasolina,102.2260,38
2006-12-12,GO,etanol,248.7350,166
2006-12-12,GO,gasolina,438.6520,171
2006-12-12,MA,etanol,46.6690,23
2006-12-12,MA,gasolina,116.7670,42
2006-12-12,MG,etanol,661.2740,363
2006-12-12,MG,gasolina,993.4600,383
2006-12-12,MS,etanol,66.8100,35
2006-12-12,MS,gasolina,100.6940,36
2006-12-12,MT,etanol,102.3040,59
2006-12-12,MT,gasolina,172.8220,59
2006-12-12,PA,etanol,79.1660,35
2006-12-12,PA,gasolina,285.9990,103
2006-12-12,PB,etanol,145.1340,84
2006-12-12,PB,gasolina,241.9600,94
2006-12-12,PE,etanol,333.3250,190
2006-12-12,PE,gasolina,544.2010,204
2006-12-12,PI,etanol,76.3290,40
2006-12-12,PI,gasolina,118.3060,51
2006-12-12,PR,etanol,289.7140,196
2006-12-12,PR,gasolina,489.2210,193
2006-12-12,RJ,etanol,470.4720,280
2006-12-12,RJ,gasolina,716.2670,284
2006-12-12,RN,etanol,158.7270,95
2006-12-12,RN,gasolina,258.3090,102
2006-12-12,RO,etanol,67.9900,33
2006-12-12,RO,gasolina,97.4100,35
2006-12-12,RR,gasolina,14.9000,5
2006-12-12,RS,etanol,239.1560,124
2006-12-12,RS,gasolina,383.9190,140
2006-12-12,SC,etanol,231.6480,134
2006-12-12,SC,gasolina,353.7810,137
2006-12-12,SP,etanol,1069.5200,874
2006-12-12,SP,gasolina,2144.1030,878
2006-12-12,TO,etanol,55.9800,31
2006-12-12,TO,gasolina,84.4900,31
2006-12-13,AC,etanol,18.0900,9
2006-12-13,AC,gasolina,26.2300,9
2006-12-13,AL,etanol,95.3860,52
2006-12-13,AL,gasolina,147.6590,53
2006-12-13,AM,etanol,5.3700,3
2006-12-13,AM,gasolina,17.4090,7
2006-12-13,AP,etanol,4.0400,2
2006-12-13,AP,gasolina,35.9590,13
2006-12-13,BA,etanol,205.3340,113
2006-12-13,BA,gasolina,331.7150,124
2006-12-13,CE,etanol,51.3840,27
2006-12-13,CE,gasolina,85.6770,31
2006-12-13,ES,etanol,252.1460,136
2006-12-13,ES,gasolina,366.7060,140
2006-12-13,GO,etanol,235.5570,151
2006-12-13,GO,gasolina,404.8690,153
2006-12-13,MA,etanol,70.5860,36
2006-12-13,MA,gasolina,147.4870,53
2006-12-13,MG,etanol,1083.6590,630
2006-12-13,MG,gasolina,1589.9970,649
2006-12-13,MS,etanol,211.4010,122
2006-12-13,MS,gasolina,337.2560,123
2006-12-13,MT,etanol,167.5870,93
2006-12-13,MT,gasolina,280.0700,94
2006-12-13,PA,etanol,78.4040,37
2006-12-13,PA,gasolina,177.8800,68
2006-12-13,PB,etanol,14.1280,8
2006-12-13,PB,gasolina,21.7900,8
2006-12-13,PE,etanol,170.3660,108
2006-12-13,PE,gasolina,306.7510,115
2006-12-13,PI,etanol,51.2300,24
2006-12-13,PI,gasolina,81.1590,32
2006-12-13,PR,etanol,416.1140,289
2006-12-13,PR,gasolina,726.4150,290
2006-12-13,RJ,etanol,903.5440,525
2006-12-13,RJ,gasolina,1448.9230,554
2006-12-13,RN,etanol,51.5690,30
2006-12-13,RN,gasolina,92.9590,35
2006-12-13,RO,etanol,141.3380,70
2006-12-13,RO,gasolina,219.4090,79
2006-12-13,RR,gasolina,22.7170,8
2006-12-13,RS,etanol,918.0610,487
2006-12-13,RS,gasolina,1546.1500,567
2006-12-13,SC,etanol,385.7760,227
2006-12-13,SC,gasolina,578.7990,227
2006-12-13,SE,etanol,104.2700,53
2006-12-13,SE,gasolina,167.6000,66
2006-12-13,SP,etanol,2343.8420,1885
2006-12-13,SP,gasolina,4645.2060,1894
2006-12-13,TO,etanol,74.1700,39
2006-12-13,TO,gasolina,113.9030,42
2006-12-14,AL,etanol,11.7400,7
2006-12-14,AL,gasolina,24.4690,9
2006-12-14,BA,etanol,3.5960,2
2006-12-14,BA,gasolina,5.4650,2
2006-12-14,CE,gasolina,5.5190,2
2006-12-14,MA,etanol,33.6230,18
2006-12-14,MA,gasolina,80.1370,29
2006-12-14,MG,etanol,105.9390,61
2006-12-14,MG,gasolina,159.2030,61
2006-12-14,PA,etanol,10.4860,5
2006-12-14,PA,gasolina,21.5650,8
2006-12-14,PE,etanol,4.6700,3
2006-12-14,PE,gasolina,7.4700,3
2006-12-14,PR,etanol,19.5460,12
2006-12-14,PR,gasolina,30.8660,12
2006-12-14,RJ,etanol,10.3530,6
2006-12-14,RJ,gasolina,18.3040,7
2006-12-14,RO,etanol,2.2000,1
2006-12-14,RO,gasolina,2.8200,1
2006-12-14,RS,etanol,92.2960,51
2006-12-14,RS,gasolina,172.0450,65
2006-12-14,SC,etanol,38.3750,24
2006-12-14,SC,gasolina,60.1530,24
2006-12-14,SP,etanol,56.8330,45
2006-12-14,SP,gasolina,112.4630,45
2006-12-18,AC,etanol,4.6300,2
2006-12-18,AC,gasolina,15.0000,5
2006-12-18,AM,etanol,90.7790,49
2006-12-18,AM,gasolina,311.0870,123
2006-12-18,AP,gasolina,12.2000,5
2006-12-18,BA,etanol,37.3490,20
2006-12-18,BA,gasolina,60.7130,23
2006-12-18,CE,etanol,52.4790,30
2006-12-18,CE,gasolina,85.1540,32
2006-12-18,DF,etanol,115.4440,66
2006-12-18,DF,gasolina,177.2770,67
2006-12-18,ES,etanol,3.3700,2
2006-12-18,ES,gasolina,4.9400,2
2006-12-18,MA,gasolina,10.6900,4
2006-12-18,MG,etanol,220.0570,123
2006-12-18,MG,gasolina,327.2630,127
2006-12-18,MT,etanol,1.6900,1
2006-12-18,MT,gasolina,2.9400,1
2006-12-18,PA,etanol,4.8500,2
2006-12-18,PA,gasolina,20.1900,7
2006-12-18,PB,etanol,103.2960,58
2006-12-18,PB,gasolina,174.3970,65
2006-12-18,PE,etanol,193.9160,112
2006-12-18,PE,gasolina,322.4960,122
2006-12-18,PI,etanol,83.9000,40
2006-12-18,PI,gasolina,108.7890,44
2006-12-18,PR,etanol,241.8860,160
2006-12-18,PR,gasolina,403.9300,160
2006-12-18,RJ,etanol,5.1780,3
2006-12-18,RJ,gasolina,7.6970,3
2006-12-18,RR,etanol,37.8100,19
2006-12-18,RR,gasolina,67.7100,25
2006-12-18,RS,etanol,51.8040,29
2006-12-18,RS,gasolina,80.7860,31
2006-12-18,SC,etanol,134.7990,77
2006-12-18,SC,gasolina,201.0250,77
2006-12-18,SP,etanol,344.3550,276
2006-12-18,SP,gasolina,678.9670,275
2006-12-19,AC,etanol,66.3900,32
2006-12-19,AC,gasolina,118.5990,40
2006-12-19,AL,etanol,75.2080,41
2006-12-19,AL,gasolina,115.7300,42
2006-12-19,AM,etanol,29.6590,16
2006-12-19,AM,gasolina,57.6380,23
2006-12-19,AP,etanol,10.7300,5
2006-12-19,AP,gasolina,48.4570,20
2006-12-19,BA,etanol,244.7220,132
2006-12-19,BA,gasolina,399.5170,147
2006-12-19,CE,etanol,265.0510,148
2006-12-19,CE,gasolina,472.7940,175
2006-12-19,DF,etanol,59.4500,33
2006-12-19,DF,gasolina,88.0300,33
2006-12-19,ES,etanol,160.8580,91
2006-12-19,ES,gasolina,229.3670,91
2006-12-19,GO,etanol,56.7470,36
2006-12-19,GO,gasolina,98.9730,37
2006-12-19,MA,etanol,62.0340,31
2006-12-19,MA,gasolina,184.6920,68
2006-12-19,MG,etanol,359.4270,197
2006-12-19,MG,gasolina,530.7620,203
2006-12-19,MS,etanol,150.0680,81
2006-12-19,MS,gasolina,224.8650,81
2006-12-19,MT,etanol,143.7950,81
2006-12-19,MT,gasolina,238.7350,80
2006-12-19,PA,etanol,103.0650,46
2006-12-19,PA,gasolina,331.8670,121
2006-12-19,PB,etanol,80.8790,47
2006-12-19,PB,gasolina,137.3800,51
2006-12-19,PE,etanol,197.5060,113
2006-12-19,PE,gasolina,306.1740,114
2006-12-19,PI,etanol,62.8290,31
2006-12-19,PI,gasolina,80.5570,33
2006-12-19,PR,etanol,266.0630,177
2006-12-19,PR,gasolina,444.0960,177
2006-12-19,RJ,etanol,284.7650,168
2006-12-19,RJ,gasolina,459.6110,179
2006-12-19,RN,etanol,80.6970,50
2006-12-19,RN,gasolina,128.3580,51
2006-12-19,RO,etanol,40.0980,19
2006-12-19,RO,gasolina,68.9810,24
2006-12-19,RR,gasolina,14.9000,5
2006-12-19,RS,etanol,369.8080,198
2006-12-19,RS,gasolina,644.0390,237
2006-12-19,SC,etanol,76.5210,45
2006-12-19,SC,gasolina,115.8380,45
2006-12-19,SE,etanol,16.0840,8
2006-12-19,SE,gasolina,20.6510,8
2006-12-19,SP,etanol,868.2980,707
2006-12-19,SP,gasolina,1726.6620,708
2006-12-19,TO,etanol,52.4090,29
2006-12-19,TO,gasolina,79.3300,29
2006-12-20,AC,etanol,6.9700,3
2006-12-20,AC,gasolina,22.1500,7
2006-12-20,AL,etanol,122.0220,69
2006-12-20,AL,gasolina,197.9860,70
2006-12-20,AP,gasolina,29.5800,10
2006-12-20,BA,etanol,474.1670,271
2006-12-20,BA,gasolina,792.1120,301
2006-12-20,CE,etanol,109.3200,57
2006-12-20,CE,gasolina,199.5530,73
2006-12-20,DF,etanol,5.6700,3
2006-12-20,DF,gasolina,8.0100,3
2006-12-20,ES,etanol,286.3540,154
2006-12-20,ES,gasolina,412.3980,156
2006-12-20,GO,etanol,422.8610,281
2006-12-20,GO,gasolina,724.2040,285
2006-12-20,MA,etanol,103.6120,55
2006-12-20,MA,gasolina,240.8490,87
2006-12-20,MG,etanol,1154.2140,660
2006-12-20,MG,gasolina,1724.0150,688
2006-12-20,MS,etanol,134.0290,79
2006-12-20,MS,gasolina,215.1180,79
2006-12-20,MT,etanol,169.7670,98
2006-12-20,MT,gasolina,287.4590,98
2006-12-20,PA,etanol,61.2730,29
2006-12-20,PA,gasolina,195.8860,75
2006-12-20,PB,etanol,15.2000,9
2006-12-20,PB,gasolina,25.1900,10
2006-12-20,PE,etanol,214.7520,136
2006-12-20,PE,gasolina,395.7620,149
2006-12-20,PI,etanol,46.4200,23
2006-12-20,PI,gasolina,81.3190,33
2006-12-20,PR,etanol,533.0990,367
2006-12-20,PR,gasolina,929.5550,368
2006-12-20,RJ,etanol,1000.0140,596
2006-12-20,RJ,gasolina,1602.4130,624
2006-12-20,RN,etanol,132.7360,77
2006-12-20,RN,gasolina,226.0580,88
2006-12-20,RO,etanol,136.9210,68
2006-12-20,RO,gasolina,244.5240,89
2006-12-20,RR,gasolina,22.6370,8
2006-12-20,RS,etanol,836.0940,442
2006-12-20,RS,gasolina,1355.8230,498
2006-12-20,SC,etanol,612.5810,364
2006-12-20,SC,gasolina,932.1020,367
2006-12-20,SE,etanol,46.4040,23
2006-12-20,SE,gasolina,84.7700,33
2006-12-20,SP,etanol,2528.4200,2027
2006-12-20,SP,gasolina,4975.5790,2032
2006-12-20,TO,etanol,70.6080,37
2006-12-20,TO,gasolina,103.6960,38
2006-12-21,AL,etanol,1.8870,1
2006-12-21,AL,gasolina,2.7900,1
2006-12-21,BA,etanol,3.3490,2
2006-12-21,BA,gasolina,5.1580,2
2006-12-21,CE,etanol,5.5000,3
2006-12-21,CE,gasolina,7.9800,3
2006-12-21,MA,gasolina,5.5100,2
2006-12-21,MG,etanol,366.0890,216
2006-12-21,MG,gasolina,556.6780,230
2006-12-21,MT,etanol,3.6600,2
2006-12-21,MT,gasolina,5.8800,2
2006-12-21,PB,etanol,45.3880,26
2006-12-21,PB,gasolina,69.0190,29
2006-12-21,PE,etanol,5.7200,3
2006-12-21,PE,gasolina,10.9990,4
2006-12-21,PR,etanol,11.2970,7
2006-12-21,PR,gasolina,17.7770,7
2006-12-21,RJ,etanol,145.8110,79
2006-12-21,RJ,gasolina,210.8760,79
2006-12-21,RN,etanol,4.9090,3
2006-12-21,RN,gasolina,7.6500,3
2006-12-21,RO,etanol,3.8700,2
2006-12-21,RO,gasolina,8.0690,3
2006-12-21,RS,etanol,42.8460,22
2006-12-21,RS,gasolina,73.2730,27
2006-12-21,SC,etanol,9.1200,5
2006-12-21,SC,gasolina,13.0990,5
2006-12-21,SE,etanol,37.2040,19
2006-12-21,SE,gasolina,58.3790,23
2006-12-21,SP,etanol,33.5770,25
2006-12-21,SP,gasolina,66.6180,26
2006-12-26,AC,etanol,21.8600,9
2006-12-26,AC,gasolina,64.4390,21
2006-12-26,AL,etanol,175.9520,97
2006-12-26,AL,gasolina,280.3040,100
2006-12-26,AM,etanol,115.7790,61
2006-12-26,AM,gasolina,305.9710,119
2006-12-26,AP,etanol,17.1000,8
2006-12-26,AP,gasolina,64.2260,26
2006-12-26,BA,etanol,423.5470,238
2006-12-26,BA,gasolina,694.7590,262
2006-12-26,CE,etanol,96.7180,50
2006-12-26,CE,gasolina,193.5580,71
2006-12-26,DF,etanol,125.3280,72
2006-12-26,DF,gasolina,192.4790,73
2006-12-26,ES,etanol,90.5110,48
2006-12-26,ES,gasolina,134.2490,49
2006-12-26,GO,etanol,131.3580,87
2006-12-26,GO,gasolina,223.1570,88
2006-12-26,MA,etanol,43.8190,22
2006-12-26,MA,gasolina,101.7270,37
2006-12-26,MG,etanol,390.9280,219
2006-12-26,MG,gasolina,592.3060,229
2006-12-26,MT,etanol,20.3670,12
2006-12-26,MT,gasolina,32.4880,11
2006-12-26,PA,etanol,102.2140,45
2006-12-26,PA,gasolina,322.2400,115
2006-12-26,PB,etanol,115.3980,66
2006-12-26,PB,gasolina,197.3270,78
2006-12-26,PE,etanol,296.8420,171
2006-12-26,PE,gasolina,478.3880,180
2006-12-26,PI,etanol,68.2200,34
2006-12-26,PI,gasolina,87.7400,36
2006-12-26,PR,etanol,392.3120,260
2006-12-26,PR,gasolina,647.8570,256
2006-12-26,RJ,etanol,14.3520,9
2006-12-26,RJ,gasolina,24.9720,10
2006-12-26,RN,etanol,110.2190,66
2006-12-26,RN,gasolina,175.2750,69
2006-12-26,RO,etanol,47.1520,23
2006-12-26,RO,gasolina,68.3500,25
2006-12-26,RR,etanol,20.3100,10
2006-12-26,RR,gasolina,62.4100,23
2006-12-26,RS,etanol,198.2700,108
2006-12-26,RS,gasolina,313.2880,119
2006-12-26,SC,etanol,301.7450,178
2006-12-26,SC,gasolina,461.8030,180
2006-12-26,SE,etanol,8.4870,4
2006-12-26,SE,gasolina,10.5180,4
2006-12-26,SP,etanol,893.7350,711
2006-12-26,SP,gasolina,1745.3110,713
2006-12-26,TO,etanol,3.8800,2
2006-12-26,TO,gasolina,5.5000,2
2006-12-27,AC,etanol,56.2300,28
2006-12-27,AC,gasolina,90.9800,31
2006-12-27,AL,etanol,23.4700,13
2006-12-27,AL,gasolina,35.9800,13
2006-12-27,AM,etanol,25.9390,14
2006-12-27,AM,gasolina,67.9780,28
2006-12-27,AP,gasolina,23.7800,8
2006-12-27,BA,etanol,297.7170,167
2006-12-27,BA,gasolina,477.9670,179
2006-12-27,CE,etanol,330.9670,186
2006-12-27,CE,gasolina,572.0100,212
2006-12-27,DF,etanol,51.9160,30
2006-12-27,DF,gasolina,79.4150,30
2006-12-27,ES,etanol,359.3670,198
2006-12-27,ES,gasolina,526.7670,201
2006-12-27,GO,etanol,353.7550,230
2006-12-27,GO,gasolina,617.3250,235
2006-12-27,MA,etanol,126.7720,67
2006-12-27,MA,gasolina,336.8730,123
2006-12-27,MG,etanol,1098.2300,618
2006-12-27,MG,gasolina,1604.1260,637
2006-12-27,MS,etanol,280.5610,158
2006-12-27,MS,gasolina,434.1460,158
2006-12-27,MT,etanol,302.6800,168
2006-12-27,MT,gasolina,496.4750,168
2006-12-27,PA,etanol,73.5370,35
2006-12-27,PA,gasolina,204.9490,80
2006-12-27,PB,etanol,125.2320,73
2006-12-27,PB,gasolina,205.4450,76
2006-12-27,PE,etanol,289.0410,178
2006-12-27,PE,gasolina,506.2480,191
2006-12-27,PI,etanol,120.2790,58
2006-12-27,PI,gasolina,185.4910,75
2006-12-27,PR,etanol,605.5310,410
2006-12-27,PR,gasolina,1035.6520,413
2006-12-27,RJ,etanol,1270.7750,744
2006-12-27,RJ,gasolina,1999.5500,777
2006-12-27,RN,etanol,104.8950,63
2006-12-27,RN,gasolina,183.3470,72
2006-12-27,RO,etanol,138.6920,68
2006-12-27,RO,gasolina,245.8590,88
2006-12-27,RR,etanol,1.7500,1
2006-12-27,RR,gasolina,40.0270,14
2006-12-27,RS,etanol,1077.5690,570
2006-12-27,RS,gasolina,1800.2450,661
2006-12-27,SC,etanol,467.9600,275
2006-12-27,SC,gasolina,714.0920,277
2006-12-27,SE,etanol,98.2750,50
2006-12-27,SE,gasolina,156.9660,62
2006-12-27,SP,etanol,2391.0640,1886
2006-12-27,SP,gasolina,4618.2370,1890
2006-12-27,TO,etanol,112.3970,60
2006-12-27,TO,gasolina,172.0660,63
2006-12-28,AP,gasolina,2.9000,1
2006-12-28,BA,etanol,62.4800,34
2006-12-28,BA,gasolina,94.8540,35
2006-12-28,CE,etanol,1.6500,1
2006-12-28,CE,gasolina,2.4900,1
2006-12-28,MA,etanol,2.2590,1
2006-12-28,MA,gasolina,2.8490,1
2006-12-28,MG,etanol,638.3790,368
2006-12-28,MG,gasolina,961.9190,385
2006-12-28,MS,etanol,3.5470,2
2006-12-28,MS,gasolina,5.5380,2
2006-12-28,PA,etanol,7.3300,3
2006-12-28,PA,gasolina,20.1440,7
2006-12-28,PB,etanol,1.9700,1
2006-12-28,PB,gasolina,2.6500,1
2006-12-28,PE,etanol,28.8940,18
2006-12-28,PE,gasolina,49.7530,19
2006-12-28,PR,etanol,77.9720,52
2006-12-28,PR,gasolina,133.1180,52
2006-12-28,RJ,etanol,161.0340,93
2006-12-28,RJ,gasolina,269.7750,103
2006-12-28,RN,etanol,1.5700,1
2006-12-28,RN,gasolina,2.4700,1
2006-12-28,RO,etanol,3.6500,2
2006-12-28,RO,gasolina,5.3980,2
2006-12-28,RS,etanol,20.4680,11
2006-12-28,RS,gasolina,30.3780,11
2006-12-28,SC,etanol,72.7440,41
2006-12-28,SC,gasolina,105.2450,42
2006-12-28,SP,etanol,550.2610,428
2006-12-28,SP,gasolina,1067.6770,433
