data,uf,produto,soma,n
2015-01-01,AC,diesel_s10,9.6200,3
2015-01-01,AC,etanol,6.0700,2
2015-01-01,AC,gasolina,10.3200,3
2015-01-01,BA,diesel_s10,24.8270,9
2015-01-01,BA,etanol,35.3970,15
2015-01-01,BA,gasolina,69.4830,22
2015-01-01,ES,diesel_s10,8.1900,3
2015-01-01,ES,etanol,10.7700,4
2015-01-01,ES,gasolina,12.9100,4
2015-01-01,MA,diesel_s10,53.2850,20
2015-01-01,MA,etanol,42.2580,16
2015-01-01,MA,gasolina,87.9140,28
2015-01-01,MG,diesel_s10,5.5680,2
2015-01-01,MG,etanol,16.6140,7
2015-01-01,MG,gasolina,25.9730,8
2015-01-01,PA,diesel_s10,20.8400,7
2015-01-01,PA,etanol,8.9500,3
2015-01-01,PA,gasolina,43.7580,13
2015-01-01,PB,diesel_s10,10.8500,4
2015-01-01,PB,etanol,13.9290,6
2015-01-01,PB,gasolina,17.9680,6
2015-01-01,PE,diesel_s10,10.3990,4
2015-01-01,PE,etanol,9.2870,4
2015-01-01,PE,gasolina,17.9270,6
2015-01-01,PI,diesel_s10,11.0790,4
2015-01-01,PI,etanol,5.4000,2
2015-01-01,PI,gasolina,21.5950,7
2015-01-01,RJ,etanol,5.2080,2
2015-01-01,RJ,gasolina,6.6480,2
2015-01-01,RO,diesel_s10,30.9800,10
2015-01-01,RO,etanol,28.1500,10
2015-01-01,RO,gasolina,37.0000,11
2015-01-01,RS,diesel_s10,2.9600,1
2015-01-01,RS,etanol,5.2700,2
2015-01-01,RS,gasolina,9.8440,3
2015-01-01,SE,diesel_s10,10.7140,4
2015-01-01,SE,etanol,14.3770,6
2015-01-01,SE,gasolina,27.2190,9
2015-01-01,TO,diesel_s10,10.7500,4
2015-01-01,TO,etanol,14.0500,6
2015-01-01,TO,gasolina,18.1100,6
2015-01-05,AL,diesel_s10,72.5160,27
2015-01-05,AL,etanol,100.6580,40
2015-01-05,AL,gasolina,129.1270,42
2015-01-05,AM,diesel_s10,31.4100,10
2015-01-05,AM,etanol,15.3500,5
2015-01-05,AM,gasolina,74.7500,21
2015-01-05,AP,diesel_s10,18.6200,6
2015-01-05,AP,etanol,5.7000,2
2015-01-05,AP,gasolina,27.3400,9
2015-01-05,BA,diesel_s10,225.4540,82
2015-01-05,BA,etanol,337.8720,144
2015-01-05,BA,gasolina,500.1650,161
2015-01-05,CE,diesel_s10,171.6740,61
2015-01-05,CE,etanol,267.2440,103
2015-01-05,CE,gasolina,391.5170,123
2015-01-05,ES,diesel_s10,40.4600,15
2015-01-05,ES,etanol,66.7100,25
2015-01-05,ES,gasolina,85.9400,28
2015-01-05,GO,diesel_s10,238.9080,84
2015-01-05,GO,etanol,370.3970,172
2015-01-05,GO,gasolina,545.5100,173
2015-01-05,MA,gasolina,3.1200,1
2015-01-05,MG,diesel_s10,670.5620,243
2015-01-05,MG,etanol,1133.7350,510
2015-01-05,MG,gasolina,1594.6330,517
2015-01-05,MS,diesel_s10,49.5630,17
2015-01-05,MS,etanol,47.1170,21
2015-01-05,MS,gasolina,66.2410,21
2015-01-05,MT,diesel_s10,27.1570,9
2015-01-05,MT,etanol,27.1330,13
2015-01-05,MT,gasolina,41.6940,13
2015-01-05,PA,diesel_s10,43.6600,15
2015-01-05,PA,etanol,8.6500,3
2015-01-05,PA,gasolina,52.6400,16
2015-01-05,PB,diesel_s10,37.5380,14
2015-01-05,PB,etanol,55.2310,24
2015-01-05,PB,gasolina,76.7150,26
2015-01-05,PE,diesel_s10,213.6500,81
2015-01-05,PE,etanol,233.2150,96
2015-01-05,PE,gasolina,299.0480,101
2015-01-05,PI,diesel_s10,41.8500,15
2015-01-05,PI,etanol,37.6730,15
2015-01-05,PI,gasolina,72.7890,25
2015-01-05,PR,diesel_s10,312.8360,116
2015-01-05,PR,etanol,463.7200,225
2015-01-05,PR,gasolina,685.1040,224
2015-01-05,RJ,diesel_s10,221.5300,81
2015-01-05,RJ,etanol,437.4830,174
2015-01-05,RJ,gasolina,571.2950,177
2015-01-05,RN,diesel_s10,22.3990,8
2015-01-05,RN,etanol,33.3090,13
2015-01-05,RN,gasolina,55.0170,18
2015-01-05,RO,diesel_s10,32.6560,11
2015-01-05,RO,etanol,16.2780,6
2015-01-05,RO,gasolina,36.6350,11
2015-01-05,RS,diesel_s10,730.9620,261
2015-01-05,RS,etanol,838.3540,336
2015-01-05,RS,gasolina,1441.3990,471
2015-01-05,SC,diesel_s10,359.8860,131
2015-01-05,SC,etanol,348.5770,139
2015-01-05,SC,gasolina,551.7890,181
2015-01-05,SE,diesel_s10,47.4380,17
2015-01-05,SE,etanol,48.2550,19
2015-01-05,SE,gasolina,63.0430,21
2015-01-05,SP,diesel_s10,1444.0990,535
2015-01-05,SP,etanol,2073.0470,1065
2015-01-05,SP,gasolina,3131.6710,1060
2015-01-05,TO,diesel_s10,10.7890,4
2015-01-05,TO,etanol,22.9380,10
2015-01-05,TO,gasolina,30.0980,10
2015-01-06,AC,diesel_s10,31.9800,10
2015-01-06,AC,etanol,26.7500,9
2015-01-06,AC,gasolina,41.3300,12
2015-01-06,AL,diesel_s10,10.7300,4
2015-01-06,AL,etanol,18.2790,7
2015-01-06,AL,gasolina,24.9180,8
2015-01-06,AM,diesel_s10,30.8030,11
2015-01-06,AM,etanol,51.4450,20
2015-01-06,AM,gasolina,71.9980,22
2015-01-06,AP,gasolina,6.0200,2
2015-01-06,BA,diesel_s10,184.3520,67
2015-01-06,BA,etanol,295.5660,120
2015-01-06,BA,gasolina,376.7860,120
2015-01-06,CE,diesel_s10,276.9370,97
2015-01-06,CE,etanol,229.4730,89
2015-01-06,CE,gasolina,329.4810,104
2015-01-06,ES,diesel_s10,119.1200,44
2015-01-06,ES,etanol,116.0290,43
2015-01-06,ES,gasolina,200.4300,64
2015-01-06,GO,diesel_s10,28.2560,10
2015-01-06,GO,etanol,143.6960,66
2015-01-06,GO,gasolina,212.1960,66
2015-01-06,MA,diesel_s10,24.3340,9
2015-01-06,MA,etanol,38.4220,15
2015-01-06,MA,gasolina,79.6160,26
2015-01-06,MG,diesel_s10,284.8010,103
2015-01-06,MG,etanol,520.5050,238
2015-01-06,MG,gasolina,730.0370,242
2015-01-06,MS,diesel_s10,121.2990,41
2015-01-06,MS,etanol,142.7100,64
2015-01-06,MS,gasolina,196.5040,62
2015-01-06,MT,diesel_s10,35.5930,12
2015-01-06,MT,etanol,44.4260,22
2015-01-06,MT,gasolina,72.7410,23
2015-01-06,PA,diesel_s10,75.3870,26
2015-01-06,PA,etanol,32.8970,12
2015-01-06,PA,gasolina,116.5740,34
2015-01-06,PB,diesel_s10,65.0490,24
2015-01-06,PB,etanol,54.8960,23
2015-01-06,PB,gasolina,90.0100,30
2015-01-06,PE,diesel_s10,268.4910,102
2015-01-06,PE,etanol,223.8760,96
2015-01-06,PE,gasolina,315.4790,110
2015-01-06,PI,diesel_s10,33.9760,12
2015-01-06,PI,etanol,25.6860,10
2015-01-06,PI,gasolina,40.6670,14
2015-01-06,PR,diesel_s10,287.0920,107
2015-01-06,PR,etanol,359.9570,178
2015-01-06,PR,gasolina,536.3780,177
2015-01-06,RJ,diesel_s10,375.7430,135
2015-01-06,RJ,etanol,761.3290,310
2015-01-06,RJ,gasolina,1022.8580,321
2015-01-06,RN,diesel_s10,28.2400,10
2015-01-06,RN,etanol,38.6570,15
2015-01-06,RN,gasolina,68.6090,22
2015-01-06,RO,diesel_s10,39.2980,13
2015-01-06,RO,etanol,32.3460,12
2015-01-06,RO,gasolina,42.3370,13
2015-01-06,RR,diesel_s10,26.6300,9
2015-01-06,RR,etanol,19.6300,7
2015-01-06,RR,gasolina,40.8600,13
2015-01-06,RS,diesel_s10,138.6890,49
2015-01-06,RS,etanol,174.4480,69
2015-01-06,RS,gasolina,269.4740,87
2015-01-06,SC,diesel_s10,123.1280,45
2015-01-06,SC,etanol,148.8760,60
2015-01-06,SC,gasolina,206.3990,69
2015-01-06,SP,diesel_s10,1198.4960,446
2015-01-06,SP,etanol,1609.8850,840
2015-01-06,SP,gasolina,2434.7840,837
2015-01-06,TO,diesel_s10,30.1370,11
2015-01-06,TO,etanol,19.8050,8
2015-01-06,TO,gasolina,32.0420,10
2015-01-07,AC,diesel_s10,41.2400,12
2015-01-07,AC,etanol,18.3500,6
2015-01-07,AC,gasolina,85.7400,23
2015-01-07,AM,diesel_s10,97.0380,34
2015-01-07,AM,etanol,134.3000,52
2015-01-07,AM,gasolina,235.3500,71
2015-01-07,AP,diesel_s10,28.8200,9
2015-01-07,AP,gasolina,56.1190,17
2015-01-07,BA,diesel_s10,104.7060,38
2015-01-07,BA,etanol,135.4040,55
2015-01-07,BA,gasolina,176.8730,56
2015-01-07,DF,diesel_s10,37.1180,13
2015-01-07,DF,etanol,198.4380,80
2015-01-07,DF,gasolina,253.8470,80
2015-01-07,ES,diesel_s10,38.7800,14
2015-01-07,ES,etanol,31.6800,12
2015-01-07,ES,gasolina,66.0400,21
2015-01-07,GO,diesel_s10,8.3970,3
2015-01-07,GO,etanol,33.4800,16
2015-01-07,GO,gasolina,49.4710,16
2015-01-07,MA,diesel_s10,98.7210,37
2015-01-07,MA,etanol,105.9600,41
2015-01-07,MA,gasolina,271.3010,87
2015-01-07,MG,diesel_s10,162.5550,59
2015-01-07,MG,etanol,235.8430,102
2015-01-07,MG,gasolina,346.8420,111
2015-01-07,MS,diesel_s10,91.0310,31
2015-01-07,MS,etanol,96.6250,44
2015-01-07,MS,gasolina,143.9230,46
2015-01-07,MT,diesel_s10,188.6310,62
2015-01-07,MT,etanol,213.5350,106
2015-01-07,MT,gasolina,328.9050,106
2015-01-07,PA,diesel_s10,121.9780,41
2015-01-07,PA,etanol,33.9350,12
2015-01-07,PA,gasolina,216.5880,64
2015-01-07,PB,diesel_s10,11.0100,4
2015-01-07,PB,etanol,21.0100,9
2015-01-07,PB,gasolina,27.0100,9
2015-01-07,PE,diesel_s10,211.2470,80
2015-01-07,PE,etanol,218.1190,91
2015-01-07,PE,gasolina,316.7270,106
2015-01-07,PI,diesel_s10,95.7710,35
2015-01-07,PI,etanol,67.1410,26
2015-01-07,PI,gasolina,161.6440,55
2015-01-07,PR,diesel_s10,229.3310,86
2015-01-07,PR,etanol,316.9500,158
2015-01-07,PR,gasolina,471.2300,160
2015-01-07,RJ,diesel_s10,108.6320,39
2015-01-07,RJ,etanol,170.0540,66
2015-01-07,RJ,gasolina,233.7770,70
2015-01-07,RN,diesel_s10,54.4650,19
2015-01-07,RN,etanol,76.6670,29
2015-01-07,RN,gasolina,92.9040,30
2015-01-07,RO,diesel_s10,80.4360,27
2015-01-07,RO,etanol,86.4190,32
2015-01-07,RO,gasolina,195.2880,60
2015-01-07,RR,diesel_s10,36.3590,12
2015-01-07,RR,etanol,19.8400,7
2015-01-07,RR,gasolina,64.8390,20
2015-01-07,RS,diesel_s10,70.2870,25
2015-01-07,RS,etanol,70.6610,27
2015-01-07,RS,gasolina,127.7910,40
2015-01-07,SC,diesel_s10,183.2790,67
2015-01-07,SC,etanol,240.9090,100
2015-01-07,SC,gasolina,323.5350,108
2015-01-07,SE,diesel_s10,63.0960,23
2015-01-07,SE,etanol,44.7860,18
2015-01-07,SE,gasolina,75.2770,25
2015-01-07,SP,diesel_s10,406.5420,150
2015-01-07,SP,etanol,574.8390,301
2015-01-07,SP,gasolina,872.5940,301
2015-01-07,TO,diesel_s10,47.0780,17
2015-01-07,TO,etanol,68.3310,29
2015-01-07,TO,gasolina,92.1660,29
2015-01-08,AC,diesel_s10,41.4600,13
2015-01-08,AC,etanol,23.6700,8
2015-01-08,AC,gasolina,51.4100,15
2015-01-08,AL,diesel_s10,35.4030,13
2015-01-08,AL,etanol,109.6580,44
2015-01-08,AL,gasolina,140.6390,46
2015-01-08,BA,diesel_s10,113.2240,42
2015-01-08,BA,etanol,169.2130,75
2015-01-08,BA,gasolina,245.7200,82
2015-01-08,ES,diesel_s10,73.5500,27
2015-01-08,ES,etanol,155.9860,60
2015-01-08,ES,gasolina,203.7100,68
2015-01-08,MA,diesel_s10,53.2850,20
2015-01-08,MA,etanol,42.2580,16
2015-01-08,MA,gasolina,87.9140,28
2015-01-08,MG,diesel_s10,104.0900,37
2015-01-08,MG,etanol,223.8560,103
2015-01-08,MG,gasolina,320.5310,104
2015-01-08,PA,diesel_s10,171.3330,62
2015-01-08,PA,etanol,98.1070,36
2015-01-08,PA,gasolina,210.0290,68
2015-01-08,PB,diesel_s10,56.3220,21
2015-01-08,PB,etanol,121.3070,53
2015-01-08,PB,gasolina,157.1300,54
2015-01-08,PE,diesel_s10,10.3990,4
2015-01-08,PE,etanol,9.2870,4
2015-01-08,PE,gasolina,17.9270,6
2015-01-08,PI,diesel_s10,11.0790,4
2015-01-08,PI,etanol,5.4000,2
2015-01-08,PI,gasolina,21.5950,7
2015-01-08,PR,diesel_s10,2.6990,1
2015-01-08,PR,etanol,3.9190,2
2015-01-08,PR,gasolina,6.0890,2
2015-01-08,RJ,diesel_s10,161.9310,59
2015-01-08,RJ,etanol,387.0810,156
2015-01-08,RJ,gasolina,509.9220,158
2015-01-08,RN,diesel_s10,71.6440,25
2015-01-08,RN,etanol,101.1280,38
2015-01-08,RN,gasolina,135.4590,44
2015-01-08,RO,diesel_s10,30.9800,10
2015-01-08,RO,etanol,28.1500,10
2015-01-08,RO,gasolina,37.0000,11
2015-01-08,RS,diesel_s10,14.0170,5
2015-01-08,RS,etanol,25.5410,10
2015-01-08,RS,gasolina,41.7140,13
2015-01-08,SC,diesel_s10,44.8420,16
2015-01-08,SC,etanol,58.4570,23
2015-01-08,SC,gasolina,75.7190,25
2015-01-08,SE,diesel_s10,10.7140,4
2015-01-08,SE,etanol,14.3770,6
2015-01-08,SE,gasolina,27.2190,9
2015-01-08,SP,diesel_s10,265.2780,97
2015-01-08,SP,etanol,332.6660,169
2015-01-08,SP,gasolina,504.8630,170
2015-01-08,TO,diesel_s10,13.4700,5
2015-01-08,TO,etanol,23.6700,10
2015-01-08,TO,gasolina,30.8200,10
2015-01-12,AC,diesel_s10,17.5400,5
2015-01-12,AC,gasolina,38.6100,10
2015-01-12,AL,diesel_s10,29.8230,11
2015-01-12,AL,etanol,33.6150,13
2015-01-12,AL,gasolina,43.7640,14
2015-01-12,AM,diesel_s10,14.9400,5
2015-01-12,AM,gasolina,23.7700,7
2015-01-12,AP,diesel_s10,21.8000,7
2015-01-12,AP,etanol,5.8000,2
2015-01-12,AP,gasolina,27.2200,9
2015-01-12,BA,diesel_s10,17.8370,6
2015-01-12,BA,etanol,31.1370,12
2015-01-12,BA,gasolina,39.3250,12
2015-01-12,ES,diesel_s10,19.0800,7
2015-01-12,ES,etanol,18.8800,7
2015-01-12,ES,gasolina,30.8700,10
2015-01-12,GO,etanol,2.1590,1
2015-01-12,GO,gasolina,3.1390,1
2015-01-12,MG,diesel_s10,71.3420,26
2015-01-12,MG,etanol,138.5870,64
2015-01-12,MG,gasolina,196.8120,64
2015-01-12,MS,diesel_s10,47.4280,16
2015-01-12,MS,etanol,52.1020,22
2015-01-12,MS,gasolina,70.7290,22
2015-01-12,PA,diesel_s10,40.7500,14
2015-01-12,PA,etanol,17.9400,6
2015-01-12,PA,gasolina,56.1000,17
2015-01-12,PB,diesel_s10,8.2600,3
2015-01-12,PB,etanol,11.6500,5
2015-01-12,PB,gasolina,14.8700,5
2015-01-12,PE,diesel_s10,78.9470,30
2015-01-12,PE,etanol,63.9180,27
2015-01-12,PE,gasolina,83.7140,29
2015-01-12,PI,diesel_s10,55.0790,20
2015-01-12,PI,etanol,48.2810,19
2015-01-12,PI,gasolina,94.9160,33
2015-01-12,PR,diesel_s10,159.8140,60
2015-01-12,PR,etanol,277.4150,135
2015-01-12,PR,gasolina,406.0940,134
2015-01-12,RJ,diesel_s10,83.0850,30
2015-01-12,RJ,etanol,144.1360,57
2015-01-12,RJ,gasolina,184.4800,57
2015-01-12,RO,diesel_s10,30.0390,10
2015-01-12,RO,etanol,21.6790,8
2015-01-12,RO,gasolina,29.4790,9
2015-01-12,RS,diesel_s10,653.3340,234
2015-01-12,RS,etanol,763.7990,308
2015-01-12,RS,gasolina,1306.5270,429
2015-01-12,SC,diesel_s10,422.0550,154
2015-01-12,SC,etanol,409.3850,163
2015-01-12,SC,gasolina,639.8990,210
2015-01-12,SE,diesel_s10,33.8180,12
2015-01-12,SE,etanol,35.6140,14
2015-01-12,SE,gasolina,41.9760,14
2015-01-12,SP,diesel_s10,782.8070,289
2015-01-12,SP,etanol,1109.1670,562
2015-01-12,SP,gasolina,1646.0370,554
2015-01-13,AL,diesel_s10,37.1240,14
2015-01-13,AL,etanol,53.0490,21
2015-01-13,AL,gasolina,61.2240,20
2015-01-13,AM,diesel_s10,16.1900,5
2015-01-13,AM,etanol,9.9500,3
2015-01-13,AM,gasolina,43.8400,12
2015-01-13,AP,diesel_s10,6.2300,2
2015-01-13,AP,gasolina,15.2590,5
2015-01-13,BA,diesel_s10,173.7330,63
2015-01-13,BA,etanol,273.1560,116
2015-01-13,BA,gasolina,393.6890,127
2015-01-13,CE,diesel_s10,116.4460,41
2015-01-13,CE,etanol,174.6690,67
2015-01-13,CE,gasolina,267.7190,84
2015-01-13,ES,diesel_s10,22.0400,8
2015-01-13,ES,etanol,27.8000,10
2015-01-13,ES,gasolina,38.3000,12
2015-01-13,GO,diesel_s10,69.2880,24
2015-01-13,GO,etanol,122.9870,56
2015-01-13,GO,gasolina,178.8480,56
2015-01-13,MA,diesel_s10,40.2930,15
2015-01-13,MA,etanol,63.6630,25
2015-01-13,MA,gasolina,109.1050,35
2015-01-13,MG,diesel_s10,471.5230,171
2015-01-13,MG,etanol,718.6560,322
2015-01-13,MG,gasolina,1007.9290,330
2015-01-13,MS,diesel_s10,17.5140,6
2015-01-13,MS,etanol,16.2840,7
2015-01-13,MS,gasolina,22.8590,7
2015-01-13,PA,diesel_s10,3.2290,1
2015-01-13,PA,etanol,3.0290,1
2015-01-13,PA,gasolina,14.9990,4
2015-01-13,PB,diesel_s10,37.4730,14
2015-01-13,PB,etanol,41.2150,18
2015-01-13,PB,gasolina,53.8350,18
2015-01-13,PE,diesel_s10,429.2270,162
2015-01-13,PE,etanol,420.9700,175
2015-01-13,PE,gasolina,577.5770,195
2015-01-13,PI,diesel_s10,44.4120,16
2015-01-13,PI,etanol,45.4630,18
2015-01-13,PI,gasolina,71.9780,25
2015-01-13,PR,diesel_s10,64.2120,24
2015-01-13,PR,etanol,101.8500,50
2015-01-13,PR,gasolina,147.6390,50
2015-01-13,RJ,diesel_s10,77.6240,28
2015-01-13,RJ,etanol,151.1120,60
2015-01-13,RJ,gasolina,210.3980,65
2015-01-13,RN,diesel_s10,31.5700,11
2015-01-13,RN,etanol,49.7520,19
2015-01-13,RN,gasolina,74.8950,24
2015-01-13,RO,diesel_s10,42.2160,14
2015-01-13,RO,etanol,30.4580,11
2015-01-13,RO,gasolina,57.7640,17
2015-01-13,RR,diesel_s10,29.9200,10
2015-01-13,RR,etanol,19.9500,7
2015-01-13,RR,gasolina,56.8080,18
2015-01-13,RS,diesel_s10,76.5860,27
2015-01-13,RS,etanol,76.3170,30
2015-01-13,RS,gasolina,130.4440,43
2015-01-13,SC,diesel_s10,2.7590,1
2015-01-13,SC,gasolina,6.1170,2
2015-01-13,SE,diesel_s10,21.7420,8
2015-01-13,SE,etanol,14.1340,6
2015-01-13,SE,gasolina,26.4010,9
2015-01-13,SP,diesel_s10,592.3920,221
2015-01-13,SP,etanol,831.4820,433
2015-01-13,SP,gasolina,1267.2920,431
2015-01-13,TO,diesel_s10,64.5840,24
2015-01-13,TO,etanol,71.9910,30
2015-01-13,TO,gasolina,104.4240,33
2015-01-14,AC,diesel_s10,22.9700,7
2015-01-14,AC,etanol,18.1200,6
2015-01-14,AC,gasolina,38.9300,11
2015-01-14,AL,diesel_s10,57.2280,21
2015-01-14,AL,etanol,120.4500,48
2015-01-14,AL,gasolina,162.7510,53
2015-01-14,AM,diesel_s10,97.1880,34
2015-01-14,AM,etanol,178.6860,69
2015-01-14,AM,gasolina,271.8380,82
2015-01-14,AP,diesel_s10,19.6900,6
2015-01-14,AP,gasolina,40.8800,12
2015-01-14,BA,diesel_s10,244.3920,89
2015-01-14,BA,etanol,420.6100,172
2015-01-14,BA,gasolina,561.8590,181
2015-01-14,CE,diesel_s10,304.1760,107
2015-01-14,CE,etanol,304.1960,118
2015-01-14,CE,gasolina,418.9010,132
2015-01-14,DF,diesel_s10,42.8670,15
2015-01-14,DF,etanol,198.4180,80
2015-01-14,DF,gasolina,253.9160,80
2015-01-14,ES,diesel_s10,150.1200,55
2015-01-14,ES,etanol,146.4600,55
2015-01-14,ES,gasolina,267.0300,86
2015-01-14,GO,diesel_s10,205.5930,73
2015-01-14,GO,etanol,424.6880,197
2015-01-14,GO,gasolina,630.7440,199
2015-01-14,MA,diesel_s10,125.6700,47
2015-01-14,MA,etanol,108.9690,42
2015-01-14,MA,gasolina,292.2560,94
2015-01-14,MG,diesel_s10,551.6050,199
2015-01-14,MG,etanol,938.2050,419
2015-01-14,MG,gasolina,1341.2370,435
2015-01-14,MS,diesel_s10,131.9520,45
2015-01-14,MS,etanol,160.7730,75
2015-01-14,MS,gasolina,231.3680,75
2015-01-14,MT,diesel_s10,30.5170,10
2015-01-14,MT,etanol,27.4090,13
2015-01-14,MT,gasolina,42.2940,13
2015-01-14,PA,diesel_s10,296.2280,105
2015-01-14,PA,etanol,147.2690,54
2015-01-14,PA,gasolina,400.0160,125
2015-01-14,PB,diesel_s10,129.9900,48
2015-01-14,PB,etanol,194.5230,84
2015-01-14,PB,gasolina,278.7180,95
2015-01-14,PE,diesel_s10,201.7380,77
2015-01-14,PE,etanol,210.9060,89
2015-01-14,PE,gasolina,289.7370,99
2015-01-14,PI,diesel_s10,48.5990,18
2015-01-14,PI,etanol,28.9090,11
2015-01-14,PI,gasolina,90.5620,30
2015-01-14,PR,diesel_s10,334.9940,125
2015-01-14,PR,etanol,456.2170,226
2015-01-14,PR,gasolina,677.7830,226
2015-01-14,RJ,diesel_s10,502.9290,181
2015-01-14,RJ,etanol,972.8570,386
2015-01-14,RJ,gasolina,1294.1770,399
2015-01-14,RN,diesel_s10,85.1550,30
2015-01-14,RN,etanol,153.7090,58
2015-01-14,RN,gasolina,213.6100,69
2015-01-14,RO,diesel_s10,74.0640,25
2015-01-14,RO,etanol,83.3180,31
2015-01-14,RO,gasolina,187.6160,58
2015-01-14,RR,diesel_s10,24.0390,8
2015-01-14,RR,etanol,11.4690,4
2015-01-14,RR,gasolina,29.4890,9
2015-01-14,RS,diesel_s10,109.9350,39
2015-01-14,RS,etanol,120.9650,47
2015-01-14,RS,gasolina,209.4710,66
2015-01-14,SC,diesel_s10,230.6950,84
2015-01-14,SC,etanol,295.8430,124
2015-01-14,SC,gasolina,400.5550,136
2015-01-14,SE,diesel_s10,68.4460,25
2015-01-14,SE,etanol,55.0090,22
2015-01-14,SE,gasolina,96.6930,32
2015-01-14,SP,diesel_s10,1346.4350,498
2015-01-14,SP,etanol,2070.5970,1074
2015-01-14,SP,gasolina,3123.4730,1074
2015-01-14,TO,diesel_s10,32.9250,12
2015-01-14,TO,etanol,62.6830,27
2015-01-14,TO,gasolina,80.0720,26
2015-01-15,AC,diesel_s10,74.2200,23
2015-01-15,AC,etanol,44.5300,15
2015-01-15,AC,gasolina,101.0820,29
2015-01-15,AL,diesel_s10,8.3070,3
2015-01-15,AL,etanol,16.7160,7
2015-01-15,AL,gasolina,24.3120,8
2015-01-15,AM,diesel_s10,14.3400,5
2015-01-15,AM,etanol,13.1000,5
2015-01-15,AM,gasolina,38.7100,12
2015-01-15,BA,diesel_s10,142.8910,53
2015-01-15,BA,etanol,212.3700,93
2015-01-15,BA,gasolina,304.0030,100
2015-01-15,CE,diesel_s10,11.6200,4
2015-01-15,CE,etanol,23.1900,9
2015-01-15,CE,gasolina,37.9670,12
2015-01-15,ES,diesel_s10,68.4000,25
2015-01-15,ES,etanol,167.6500,64
2015-01-15,ES,gasolina,222.5900,74
2015-01-15,MA,diesel_s10,13.5160,5
2015-01-15,MA,etanol,7.6390,3
2015-01-15,MA,gasolina,40.2830,13
2015-01-15,MG,diesel_s10,149.8510,54
2015-01-15,MG,etanol,316.4980,146
2015-01-15,MG,gasolina,449.9330,145
2015-01-15,MS,diesel_s10,53.2800,18
2015-01-15,MS,etanol,58.2540,25
2015-01-15,MS,gasolina,81.9480,25
2015-01-15,MT,diesel_s10,231.1560,76
2015-01-15,MT,etanol,258.1220,129
2015-01-15,MT,gasolina,401.1510,129
2015-01-15,PA,diesel_s10,67.2790,22
2015-01-15,PA,etanol,17.8400,6
2015-01-15,PA,gasolina,134.7170,39
2015-01-15,PI,diesel_s10,25.6300,9
2015-01-15,PI,etanol,10.8800,4
2015-01-15,PI,gasolina,38.9880,13
2015-01-15,PR,diesel_s10,263.8320,98
2015-01-15,PR,etanol,314.5330,154
2015-01-15,PR,gasolina,463.6050,152
2015-01-15,RJ,diesel_s10,216.7530,79
2015-01-15,RJ,etanol,517.1070,206
2015-01-15,RJ,gasolina,661.2880,206
2015-01-15,RN,diesel_s10,34.1650,12
2015-01-15,RN,etanol,52.6570,20
2015-01-15,RN,gasolina,64.7690,21
2015-01-15,RO,diesel_s10,21.6700,7
2015-01-15,RO,etanol,25.2400,9
2015-01-15,RO,gasolina,36.7500,11
2015-01-15,RR,diesel_s10,9.0000,3
2015-01-15,RR,gasolina,23.0600,7
2015-01-15,RS,diesel_s10,113.5720,40
2015-01-15,RS,etanol,143.1400,55
2015-01-15,RS,gasolina,235.2200,73
2015-01-15,SC,diesel_s10,66.7300,24
2015-01-15,SC,etanol,86.6810,34
2015-01-15,SC,gasolina,113.8950,37
2015-01-15,SP,diesel_s10,420.6170,156
2015-01-15,SP,etanol,595.0360,307
2015-01-15,SP,gasolina,909.5230,308
2015-01-19,AC,diesel_s10,17.5400,5
2015-01-19,AC,etanol,9.7000,3
2015-01-19,AC,gasolina,34.3400,9
2015-01-19,AL,diesel_s10,29.8230,11
2015-01-19,AL,etanol,33.6150,13
2015-01-19,AL,gasolina,43.7640,14
2015-01-19,AM,diesel_s10,14.9400,5
2015-01-19,AM,gasolina,23.7700,7
2015-01-19,AP,diesel_s10,21.8000,7
2015-01-19,AP,etanol,5.8000,2
2015-01-19,AP,gasolina,27.2200,9
2015-01-19,BA,diesel_s10,17.8370,6
2015-01-19,BA,etanol,31.1370,12
2015-01-19,BA,gasolina,39.3250,12
2015-01-19,ES,diesel_s10,21.8100,8
2015-01-19,ES,etanol,18.8800,7
2015-01-19,ES,gasolina,28.0100,9
2015-01-19,GO,etanol,2.1790,1
2015-01-19,GO,gasolina,3.1390,1
2015-01-19,MA,diesel_s10,24.1520,9
2015-01-19,MA,etanol,31.6780,12
2015-01-19,MA,gasolina,101.6220,33
2015-01-19,MG,diesel_s10,49.0220,18
2015-01-19,MG,etanol,84.1170,39
2015-01-19,MG,gasolina,119.2930,39
2015-01-19,MS,diesel_s10,32.4520,11
2015-01-19,MS,etanol,32.0400,14
2015-01-19,MS,gasolina,43.7370,14
2015-01-19,PA,diesel_s10,40.7800,14
2015-01-19,PA,etanol,17.9400,6
2015-01-19,PA,gasolina,56.1000,17
2015-01-19,PB,diesel_s10,13.6490,5
2015-01-19,PB,etanol,20.8700,9
2015-01-19,PB,gasolina,26.9590,9
2015-01-19,PE,diesel_s10,26.2710,10
2015-01-19,PE,etanol,24.0310,10
2015-01-19,PE,gasolina,29.2180,10
2015-01-19,PI,diesel_s10,46.8830,17
2015-01-19,PI,etanol,56.0520,22
2015-01-19,PI,gasolina,89.1410,31
2015-01-19,PR,diesel_s10,152.1380,57
2015-01-19,PR,etanol,253.5840,123
2015-01-19,PR,gasolina,370.4140,122
2015-01-19,RJ,diesel_s10,61.0740,22
2015-01-19,RJ,etanol,102.7700,40
2015-01-19,RJ,gasolina,129.4740,40
2015-01-19,RO,diesel_s10,30.0390,10
2015-01-19,RO,etanol,21.6790,8
2015-01-19,RO,gasolina,29.4790,9
2015-01-19,RS,diesel_s10,599.7390,215
2015-01-19,RS,etanol,710.2170,286
2015-01-19,RS,gasolina,1231.8680,405
2015-01-19,SC,diesel_s10,369.1010,134
2015-01-19,SC,etanol,367.1420,146
2015-01-19,SC,gasolina,558.3790,183
2015-01-19,SE,diesel_s10,53.6230,19
2015-01-19,SE,etanol,55.5790,22
2015-01-19,SE,gasolina,65.7410,22
2015-01-19,SP,diesel_s10,745.1130,274
2015-01-19,SP,etanol,1000.4920,508
2015-01-19,SP,gasolina,1491.5830,503
2015-01-20,AC,diesel_s10,3.4500,1
2015-01-20,AC,gasolina,3.8000,1
2015-01-20,AL,diesel_s10,61.9750,23
2015-01-20,AL,etanol,105.4330,42
2015-01-20,AL,gasolina,134.8280,44
2015-01-20,AM,diesel_s10,105.7680,37
2015-01-20,AM,etanol,167.9690,64
2015-01-20,AM,gasolina,282.1500,85
2015-01-20,AP,diesel_s10,6.2300,2
2015-01-20,AP,gasolina,15.2590,5
2015-01-20,BA,diesel_s10,204.0970,74
2015-01-20,BA,etanol,320.3400,135
2015-01-20,BA,gasolina,448.6320,145
2015-01-20,CE,diesel_s10,184.2070,65
2015-01-20,CE,etanol,245.8680,95
2015-01-20,CE,gasolina,358.2540,113
2015-01-20,ES,diesel_s10,22.0400,8
2015-01-20,ES,etanol,27.8000,10
2015-01-20,ES,gasolina,38.3300,12
2015-01-20,GO,diesel_s10,75.1780,26
2015-01-20,GO,etanol,123.2070,56
2015-01-20,GO,gasolina,178.9980,56
2015-01-20,MA,diesel_s10,13.4500,5
2015-01-20,MA,etanol,30.8190,12
2015-01-20,MA,gasolina,49.7790,16
2015-01-20,MG,diesel_s10,422.5180,153
2015-01-20,MG,etanol,684.9560,310
2015-01-20,MG,gasolina,968.9350,317
2015-01-20,MS,diesel_s10,67.1780,23
2015-01-20,MS,etanol,75.6580,34
2015-01-20,MS,gasolina,107.3350,34
2015-01-20,PA,diesel_s10,3.2290,1
2015-01-20,PA,etanol,3.0290,1
2015-01-20,PA,gasolina,14.9990,4
2015-01-20,PB,diesel_s10,35.0470,13
2015-01-20,PB,etanol,36.8790,16
2015-01-20,PB,gasolina,51.0450,17
2015-01-20,PE,diesel_s10,407.8930,154
2015-01-20,PE,etanol,391.7380,163
2015-01-20,PE,gasolina,547.8900,185
2015-01-20,PI,diesel_s10,16.6270,6
2015-01-20,PI,etanol,12.3960,5
2015-01-20,PI,gasolina,25.9850,9
2015-01-20,PR,diesel_s10,217.2390,81
2015-01-20,PR,etanol,282.4840,139
2015-01-20,PR,gasolina,418.2590,139
2015-01-20,RJ,diesel_s10,371.5690,133
2015-01-20,RJ,etanol,706.2150,283
2015-01-20,RJ,gasolina,938.0950,292
2015-01-20,RN,diesel_s10,34.1600,12
2015-01-20,RN,etanol,51.5650,20
2015-01-20,RN,gasolina,77.9870,25
2015-01-20,RO,diesel_s10,42.2250,14
2015-01-20,RO,etanol,30.4580,11
2015-01-20,RO,gasolina,54.4140,16
2015-01-20,RR,diesel_s10,20.8000,7
2015-01-20,RR,etanol,11.3000,4
2015-01-20,RR,gasolina,25.4700,8
2015-01-20,RS,diesel_s10,84.7340,30
2015-01-20,RS,etanol,85.4430,34
2015-01-20,RS,gasolina,153.7270,51
2015-01-20,SC,diesel_s10,2.7590,1
2015-01-20,SC,etanol,7.4650,3
2015-01-20,SC,gasolina,12.1130,4
2015-01-20,SE,diesel_s10,21.7420,8
2015-01-20,SE,etanol,14.1340,6
2015-01-20,SE,gasolina,26.4010,9
2015-01-20,SP,diesel_s10,791.9510,295
2015-01-20,SP,etanol,1124.7430,582
2015-01-20,SP,gasolina,1709.9840,582
2015-01-20,TO,diesel_s10,67.6030,25
2015-01-20,TO,etanol,72.0510,30
2015-01-20,TO,gasolina,104.4740,33
2015-01-21,AC,diesel_s10,51.5600,16
2015-01-21,AC,etanol,35.9100,12
2015-01-21,AC,gasolina,76.6100,22
2015-01-21,AL,diesel_s10,42.9830,16
2015-01-21,AL,etanol,73.0190,29
2015-01-21,AL,gasolina,91.9510,30
2015-01-21,AM,diesel_s10,21.4500,7
2015-01-21,AM,gasolina,36.3200,10
2015-01-21,AP,diesel_s10,19.6900,6
2015-01-21,AP,gasolina,40.8800,12
2015-01-21,BA,diesel_s10,300.5760,110
2015-01-21,BA,etanol,442.9230,185
2015-01-21,BA,gasolina,587.8390,192
2015-01-21,CE,diesel_s10,218.4260,77
2015-01-21,CE,etanol,240.9130,94
2015-01-21,CE,gasolina,321.0810,102
2015-01-21,DF,diesel_s10,34.2690,12
2015-01-21,DF,etanol,198.4180,80
2015-01-21,DF,gasolina,253.8470,80
2015-01-21,ES,diesel_s10,202.4600,74
2015-01-21,ES,etanol,288.3460,110
2015-01-21,ES,gasolina,458.4200,150
2015-01-21,GO,diesel_s10,203.8830,72
2015-01-21,GO,etanol,419.6210,194
2015-01-21,GO,gasolina,612.3640,193
2015-01-21,MA,diesel_s10,103.9880,39
2015-01-21,MA,etanol,80.0600,31
2015-01-21,MA,gasolina,190.7150,61
2015-01-21,MG,diesel_s10,668.4100,241
2015-01-21,MG,etanol,1134.7100,508
2015-01-21,MG,gasolina,1613.9180,524
2015-01-21,MS,diesel_s10,143.6680,49
2015-01-21,MS,etanol,139.6530,64
2015-01-21,MS,gasolina,194.0190,62
2015-01-21,MT,diesel_s10,178.1240,59
2015-01-21,MT,etanol,215.3330,109
2015-01-21,MT,gasolina,336.9680,110
2015-01-21,PA,diesel_s10,296.3380,105
2015-01-21,PA,etanol,147.2990,54
2015-01-21,PA,gasolina,400.0460,125
2015-01-21,PB,diesel_s10,116.0310,43
2015-01-21,PB,etanol,186.6290,81
2015-01-21,PB,gasolina,269.0430,92
2015-01-21,PE,diesel_s10,210.9550,80
2015-01-21,PE,etanol,225.4170,94
2015-01-21,PE,gasolina,306.8620,104
2015-01-21,PI,diesel_s10,90.2300,33
2015-01-21,PI,etanol,59.2420,23
2015-01-21,PI,gasolina,142.3510,48
2015-01-21,PR,diesel_s10,319.8310,119
2015-01-21,PR,etanol,428.2850,211
2015-01-21,PR,gasolina,632.1540,210
2015-01-21,RJ,diesel_s10,364.0650,132
2015-01-21,RJ,etanol,731.1650,290
2015-01-21,RJ,gasolina,963.2640,296
2015-01-21,RN,diesel_s10,142.0590,50
2015-01-21,RN,etanol,189.3190,72
2015-01-21,RN,gasolina,265.2780,86
2015-01-21,RO,diesel_s10,77.0640,26
2015-01-21,RO,etanol,88.7580,33
2015-01-21,RO,gasolina,190.7760,59
2015-01-21,RR,diesel_s10,39.2600,13
2015-01-21,RR,etanol,28.6690,10
2015-01-21,RR,gasolina,57.5200,18
2015-01-21,RS,diesel_s10,174.6180,62
2015-01-21,RS,etanol,227.5750,89
2015-01-21,RS,gasolina,372.3590,118
2015-01-21,SC,diesel_s10,255.9480,94
2015-01-21,SC,etanol,336.5560,139
2015-01-21,SC,gasolina,472.7680,159
2015-01-21,SE,diesel_s10,48.6810,18
2015-01-21,SE,etanol,35.0940,14
2015-01-21,SE,gasolina,73.2080,24
2015-01-21,SP,diesel_s10,1417.4390,523
2015-01-21,SP,etanol,2063.9610,1063
2015-01-21,SP,gasolina,3116.9890,1063
2015-01-21,TO,diesel_s10,32.9450,12
2015-01-21,TO,etanol,57.8430,25
2015-01-21,TO,gasolina,73.8220,24
2015-01-22,AC,diesel_s10,39.0800,12
2015-01-22,AC,etanol,23.5600,8
2015-01-22,AC,gasolina,63.2100,18
2015-01-22,AL,diesel_s10,5.5180,2
2015-01-22,AL,etanol,14.2270,6
2015-01-22,AL,gasolina,21.1870,7
2015-01-22,AM,diesel_s10,14.3400,5
2015-01-22,AM,etanol,13.1000,5
2015-01-22,AM,gasolina,38.7100,12
2015-01-22,BA,diesel_s10,100.5540,37
2015-01-22,BA,etanol,148.2920,64
2015-01-22,BA,gasolina,219.6340,71
2015-01-22,CE,diesel_s10,11.6600,4
2015-01-22,CE,etanol,22.9100,9
2015-01-22,CE,gasolina,37.9370,12
2015-01-22,ES,diesel_s10,19.2600,7
2015-01-22,ES,etanol,23.8800,9
2015-01-22,ES,gasolina,32.0400,10
2015-01-22,GO,diesel_s10,5.5490,2
2015-01-22,GO,etanol,8.6570,4
2015-01-22,GO,gasolina,12.6570,4
2015-01-22,MA,diesel_s10,40.3000,15
2015-01-22,MA,etanol,37.5260,15
2015-01-22,MA,gasolina,99.3620,32
2015-01-22,MG,diesel_s10,118.2830,43
2015-01-22,MG,etanol,212.5060,95
2015-01-22,MG,gasolina,291.2160,94
2015-01-22,MS,diesel_s10,38.3670,13
2015-01-22,MS,etanol,40.3080,17
2015-01-22,MS,gasolina,61.5880,19
2015-01-22,MT,diesel_s10,71.5690,23
2015-01-22,MT,etanol,65.7670,32
2015-01-22,MT,gasolina,104.3880,32
2015-01-22,PA,diesel_s10,67.2790,22
2015-01-22,PA,etanol,17.8400,6
2015-01-22,PA,gasolina,134.7170,39
2015-01-22,PE,diesel_s10,62.6750,24
2015-01-22,PE,etanol,53.9470,24
2015-01-22,PE,gasolina,67.0150,24
2015-01-22,PI,diesel_s10,25.6300,9
2015-01-22,PI,etanol,10.8800,4
2015-01-22,PI,gasolina,38.9880,13
2015-01-22,PR,diesel_s10,137.4660,51
2015-01-22,PR,etanol,188.5950,92
2015-01-22,PR,gasolina,278.1090,92
2015-01-22,RJ,diesel_s10,95.7550,35
2015-01-22,RJ,etanol,241.9050,96
2015-01-22,RJ,gasolina,312.9350,97
2015-01-22,RN,diesel_s10,5.7490,2
2015-01-22,RN,etanol,5.4490,2
2015-01-22,RN,gasolina,9.3180,3
2015-01-22,RO,diesel_s10,21.6700,7
2015-01-22,RO,etanol,22.6500,8
2015-01-22,RO,gasolina,33.5400,10
2015-01-22,RR,diesel_s10,9.0000,3
2015-01-22,RR,gasolina,23.0600,7
2015-01-22,RS,diesel_s10,65.7370,23
2015-01-22,RS,etanol,72.7800,27
2015-01-22,RS,gasolina,128.4550,39
2015-01-22,SC,diesel_s10,75.0640,27
2015-01-22,SC,etanol,94.0660,37
2015-01-22,SC,gasolina,122.9940,40
2015-01-22,SP,diesel_s10,317.7860,116
2015-01-22,SP,etanol,436.4310,219
2015-01-22,SP,gasolina,658.3610,220
2015-01-22,TO,diesel_s10,5.5890,2
2015-01-22,TO,etanol,4.7980,2
2015-01-22,TO,gasolina,6.3500,2
2015-01-26,AC,diesel_s10,30.6100,9
2015-01-26,AC,etanol,15.8200,5
2015-01-26,AC,gasolina,48.3800,13
2015-01-26,AL,diesel_s10,29.8230,11
2015-01-26,AL,etanol,36.1550,14
2015-01-26,AL,gasolina,43.7640,14
2015-01-26,AP,diesel_s10,24.8500,8
2015-01-26,AP,etanol,2.9000,1
2015-01-26,AP,gasolina,30.5000,10
2015-01-26,BA,diesel_s10,17.6460,6
2015-01-26,BA,etanol,31.7040,12
2015-01-26,BA,gasolina,33.4130,10
2015-01-26,CE,diesel_s10,122.2560,43
2015-01-26,CE,etanol,116.3920,45
2015-01-26,CE,gasolina,182.1300,57
2015-01-26,ES,diesel_s10,60.3400,22
2015-01-26,ES,etanol,69.8700,26
2015-01-26,ES,gasolina,122.9300,39
2015-01-26,MA,diesel_s10,21.0270,8
2015-01-26,MA,etanol,19.7100,8
2015-01-26,MA,gasolina,27.6700,9
2015-01-26,MG,diesel_s10,237.7180,86
2015-01-26,MG,etanol,352.8490,155
2015-01-26,MG,gasolina,501.9190,162
2015-01-26,MS,diesel_s10,109.4490,37
2015-01-26,MS,etanol,106.3080,46
2015-01-26,MS,gasolina,141.5780,44
2015-01-26,PA,diesel_s10,47.0270,16
2015-01-26,PA,etanol,25.2480,9
2015-01-26,PA,gasolina,94.1030,27
2015-01-26,PB,diesel_s10,65.0430,24
2015-01-26,PB,etanol,59.5620,25
2015-01-26,PB,gasolina,95.9790,32
2015-01-26,PE,diesel_s10,290.4430,109
2015-01-26,PE,etanol,271.6420,112
2015-01-26,PE,gasolina,375.3550,128
2015-01-26,PI,diesel_s10,50.2700,18
2015-01-26,PI,etanol,35.4140,14
2015-01-26,PI,gasolina,66.6390,23
2015-01-26,PR,diesel_s10,265.7270,99
2015-01-26,PR,etanol,381.4800,183
2015-01-26,PR,gasolina,563.6560,184
2015-01-26,RJ,diesel_s10,102.9430,38
2015-01-26,RJ,etanol,219.2450,88
2015-01-26,RJ,gasolina,287.0000,89
2015-01-26,RN,diesel_s10,11.2200,4
2015-01-26,RN,etanol,10.1900,4
2015-01-26,RN,gasolina,15.6900,5
2015-01-26,RO,diesel_s10,116.7390,39
2015-01-26,RO,etanol,100.5170,37
2015-01-26,RO,gasolina,163.3020,50
2015-01-26,RS,diesel_s10,533.6730,191
2015-01-26,RS,etanol,647.5560,261
2015-01-26,RS,gasolina,1108.9190,365
2015-01-26,SC,diesel_s10,352.0090,128
2015-01-26,SC,etanol,348.8430,139
2015-01-26,SC,gasolina,541.0510,178
2015-01-26,SE,diesel_s10,53.6220,19
2015-01-26,SE,etanol,55.5290,22
2015-01-26,SE,gasolina,65.7410,22
2015-01-26,SP,diesel_s10,994.8780,369
2015-01-26,SP,etanol,1443.7850,736
2015-01-26,SP,gasolina,2165.1110,731
2015-01-26,TO,diesel_s10,27.4800,10
2015-01-26,TO,etanol,43.9060,19
2015-01-26,TO,gasolina,55.9260,18
2015-01-27,AC,diesel_s10,10.2000,3
2015-01-27,AC,etanol,12.0500,4
2015-01-27,AC,gasolina,21.6000,6
2015-01-27,AL,diesel_s10,56.3660,21
2015-01-27,AL,etanol,83.5840,33
2015-01-27,AL,gasolina,108.0500,35
2015-01-27,AM,diesel_s10,78.2830,27
2015-01-27,AM,etanol,103.6650,40
2015-01-27,AM,gasolina,201.2180,60
2015-01-27,AP,diesel_s10,19.6900,6
2015-01-27,AP,gasolina,41.0100,12
2015-01-27,BA,diesel_s10,261.3830,95
2015-01-27,BA,etanol,433.7110,179
2015-01-27,BA,gasolina,600.9630,191
2015-01-27,CE,diesel_s10,305.8870,107
2015-01-27,CE,etanol,390.9100,151
2015-01-27,CE,gasolina,535.4670,170
2015-01-27,ES,diesel_s10,97.5880,36
2015-01-27,ES,etanol,70.3390,26
2015-01-27,ES,gasolina,140.2490,45
2015-01-27,GO,diesel_s10,224.6330,79
2015-01-27,GO,etanol,444.8070,204
2015-01-27,GO,gasolina,653.8290,205
2015-01-27,MA,diesel_s10,26.3150,10
2015-01-27,MA,etanol,23.3080,9
2015-01-27,MA,gasolina,71.4720,23
2015-01-27,MG,diesel_s10,549.5930,198
2015-01-27,MG,etanol,950.2370,423
2015-01-27,MG,gasolina,1343.4900,431
2015-01-27,MS,diesel_s10,108.1790,37
2015-01-27,MS,etanol,120.1220,55
2015-01-27,MS,gasolina,171.5110,55
2015-01-27,MT,diesel_s10,111.6390,37
2015-01-27,MT,etanol,127.3030,64
2015-01-27,MT,gasolina,195.8030,64
2015-01-27,PA,diesel_s10,304.7140,107
2015-01-27,PA,etanol,143.4310,52
2015-01-27,PA,gasolina,389.4960,121
2015-01-27,PB,diesel_s10,32.4880,12
2015-01-27,PB,etanol,41.6670,18
2015-01-27,PB,gasolina,53.6840,18
2015-01-27,PE,diesel_s10,240.0870,91
2015-01-27,PE,etanol,233.4140,100
2015-01-27,PE,gasolina,318.6210,110
2015-01-27,PI,diesel_s10,108.1950,39
2015-01-27,PI,etanol,84.9440,33
2015-01-27,PI,gasolina,169.9250,58
2015-01-27,PR,diesel_s10,237.4270,89
2015-01-27,PR,etanol,335.5330,160
2015-01-27,PR,gasolina,486.5000,160
2015-01-27,RJ,diesel_s10,556.1700,199
2015-01-27,RJ,etanol,1101.6170,437
2015-01-27,RJ,gasolina,1461.8500,452
2015-01-27,RN,diesel_s10,127.8580,45
2015-01-27,RN,etanol,198.8380,76
2015-01-27,RN,gasolina,281.6400,91
2015-01-27,RO,diesel_s10,57.7890,19
2015-01-27,RO,etanol,70.9990,26
2015-01-27,RO,gasolina,142.2170,43
2015-01-27,RR,diesel_s10,15.0200,5
2015-01-27,RR,etanol,2.8900,1
2015-01-27,RR,gasolina,16.1800,5
2015-01-27,RS,diesel_s10,63.1920,22
2015-01-27,RS,etanol,82.6710,32
2015-01-27,RS,gasolina,131.4440,42
2015-01-27,SC,diesel_s10,99.2690,36
2015-01-27,SC,etanol,127.1530,50
2015-01-27,SC,gasolina,169.5850,55
2015-01-27,SE,diesel_s10,48.8910,18
2015-01-27,SE,etanol,28.7900,12
2015-01-27,SE,gasolina,56.9850,19
2015-01-27,SP,diesel_s10,1183.2660,438
2015-01-27,SP,etanol,1700.6820,856
2015-01-27,SP,gasolina,2516.4350,854
2015-01-27,TO,diesel_s10,70.2550,26
2015-01-27,TO,etanol,83.6820,35
2015-01-27,TO,gasolina,119.4160,38
2015-01-28,AC,diesel_s10,64.0200,20
2015-01-28,AC,etanol,41.2700,14
2015-01-28,AC,gasolina,107.6800,31
2015-01-28,AL,diesel_s10,37.6300,14
2015-01-28,AL,etanol,106.5230,43
2015-01-28,AL,gasolina,139.4200,46
2015-01-28,AM,diesel_s10,78.3380,27
2015-01-28,AM,etanol,94.2090,36
2015-01-28,AM,gasolina,180.6000,54
2015-01-28,AP,diesel_s10,6.2300,2
2015-01-28,AP,gasolina,15.2590,5
2015-01-28,BA,diesel_s10,340.9990,125
2015-01-28,BA,etanol,489.3250,206
2015-01-28,BA,gasolina,689.7070,222
2015-01-28,DF,diesel_s10,28.6280,10
2015-01-28,DF,etanol,198.4180,80
2015-01-28,DF,gasolina,253.8870,80
2015-01-28,ES,diesel_s10,67.6700,25
2015-01-28,ES,etanol,129.9100,49
2015-01-28,ES,gasolina,167.8700,55
2015-01-28,GO,diesel_s10,2.8800,1
2015-01-28,GO,etanol,13.1290,6
2015-01-28,GO,gasolina,19.4290,6
2015-01-28,MA,diesel_s10,137.4280,51
2015-01-28,MA,etanol,138.3240,53
2015-01-28,MA,gasolina,345.9840,111
2015-01-28,MG,diesel_s10,459.1990,166
2015-01-28,MG,etanol,790.0140,358
2015-01-28,MG,gasolina,1097.8800,363
2015-01-28,MS,diesel_s10,41.4050,14
2015-01-28,MS,etanol,61.4570,28
2015-01-28,MS,gasolina,93.7130,30
2015-01-28,MT,diesel_s10,129.0290,42
2015-01-28,MT,etanol,140.9590,70
2015-01-28,MT,gasolina,224.6230,71
2015-01-28,PA,diesel_s10,47.1170,16
2015-01-28,PA,etanol,17.9380,6
2015-01-28,PA,gasolina,119.8970,36
2015-01-28,PB,diesel_s10,77.7150,29
2015-01-28,PB,etanol,143.4850,63
2015-01-28,PB,gasolina,194.1260,67
2015-01-28,PE,diesel_s10,79.6780,30
2015-01-28,PE,etanol,88.7910,36
2015-01-28,PE,gasolina,137.9150,45
2015-01-28,PI,diesel_s10,34.9960,13
2015-01-28,PI,etanol,18.2990,7
2015-01-28,PI,gasolina,60.5740,20
2015-01-28,PR,diesel_s10,314.8380,117
2015-01-28,PR,etanol,436.6880,218
2015-01-28,PR,gasolina,640.8390,217
2015-01-28,RJ,diesel_s10,217.0200,79
2015-01-28,RJ,etanol,401.0180,158
2015-01-28,RJ,gasolina,520.2280,161
2015-01-28,RN,diesel_s10,14.4190,5
2015-01-28,RN,etanol,48.0470,18
2015-01-28,RN,gasolina,56.0050,18
2015-01-28,RO,diesel_s10,2.9600,1
2015-01-28,RO,etanol,2.7500,1
2015-01-28,RO,gasolina,3.2200,1
2015-01-28,RR,diesel_s10,47.9700,16
2015-01-28,RR,etanol,39.9800,14
2015-01-28,RR,gasolina,89.9390,28
2015-01-28,RS,diesel_s10,334.5420,119
2015-01-28,RS,etanol,363.7240,141
2015-01-28,RS,gasolina,624.3590,199
2015-01-28,SC,diesel_s10,267.6570,98
2015-01-28,SC,etanol,317.7030,132
2015-01-28,SC,gasolina,438.1260,148
2015-01-28,SE,diesel_s10,21.4890,8
2015-01-28,SE,etanol,22.3650,9
2015-01-28,SE,gasolina,42.6630,14
2015-01-28,SP,diesel_s10,920.6970,340
2015-01-28,SP,etanol,1388.2400,705
2015-01-28,SP,gasolina,2067.8820,704
2015-01-29,ES,diesel_s10,27.1400,10
2015-01-29,ES,etanol,87.3200,34
2015-01-29,ES,gasolina,118.4800,40
2015-01-29,GO,diesel_s10,44.9120,16
2015-01-29,GO,etanol,95.2970,45
2015-01-29,GO,gasolina,141.3860,45
2015-01-29,MG,diesel_s10,13.7260,5
2015-01-29,MG,etanol,28.5320,13
2015-01-29,MG,gasolina,43.3720,14
2015-01-29,MT,diesel_s10,11.9990,4
2015-01-29,MT,etanol,14.5280,7
2015-01-29,MT,gasolina,22.4580,7
2015-01-29,PB,diesel_s10,2.6800,1
2015-01-29,PB,etanol,2.2900,1
2015-01-29,PB,gasolina,3.0400,1
2015-01-29,PE,diesel_s10,112.6970,43
2015-01-29,PE,etanol,99.4800,42
2015-01-29,PE,gasolina,125.6540,43
2015-01-29,PR,diesel_s10,2.7490,1
2015-01-29,PR,etanol,2.0990,1
2015-01-29,PR,gasolina,3.0690,1
2015-01-29,RJ,diesel_s10,32.6930,12
2015-01-29,RJ,etanol,66.4510,25
2015-01-29,RJ,gasolina,86.2050,26
2015-01-29,RS,diesel_s10,5.9440,2
2015-01-29,RS,etanol,15.4610,6
2015-01-29,RS,gasolina,21.5660,7
2015-01-29,SC,diesel_s10,5.2980,2
2015-01-29,SC,etanol,7.4880,3
2015-01-29,SC,gasolina,8.9010,3
2015-01-29,SP,diesel_s10,121.9410,44
2015-01-29,SP,etanol,162.3130,79
2015-01-29,SP,gasolina,243.1290,80
2015-01-29,TO,diesel_s10,8.0090,3
2015-01-29,TO,etanol,7.2880,3
2015-01-29,TO,gasolina,9.5300,3
2015-02-02,AC,diesel_s10,35.2200,10
2015-02-02,AC,etanol,19.1600,6
2015-02-02,AC,gasolina,54.6300,14
2015-02-02,AL,diesel_s10,29.9730,11
2015-02-02,AL,etanol,33.5650,13
2015-02-02,AL,gasolina,44.1050,14
2015-02-02,AP,diesel_s10,25.5300,8
2015-02-02,AP,etanol,2.9000,1
2015-02-02,AP,gasolina,28.2700,9
2015-02-02,BA,diesel_s10,18.5960,6
2015-02-02,BA,etanol,32.2530,12
2015-02-02,BA,gasolina,38.5130,11
2015-02-02,CE,diesel_s10,192.6940,66
2015-02-02,CE,etanol,165.8100,64
2015-02-02,CE,gasolina,262.4070,80
2015-02-02,ES,diesel_s10,62.3700,22
2015-02-02,ES,etanol,73.1100,27
2015-02-02,ES,gasolina,130.8500,40
2015-02-02,MA,diesel_s10,22.4470,8
2015-02-02,MA,etanol,18.0100,7
2015-02-02,MA,gasolina,29.1660,9
2015-02-02,MG,diesel_s10,197.6270,68
2015-02-02,MG,etanol,344.8120,148
2015-02-02,MG,gasolina,513.6170,156
2015-02-02,MS,diesel_s10,107.4190,35
2015-02-02,MS,etanol,110.1610,46
2015-02-02,MS,gasolina,149.7940,44
2015-02-02,PA,diesel_s10,52.0570,17
2015-02-02,PA,etanol,26.0190,9
2015-02-02,PA,gasolina,97.8140,27
2015-02-02,PB,diesel_s10,34.4220,12
2015-02-02,PB,etanol,25.0060,10
2015-02-02,PB,gasolina,54.2130,17
2015-02-02,PE,diesel_s10,109.6270,39
2015-02-02,PE,etanol,87.1740,34
2015-02-02,PE,gasolina,159.1980,48
2015-02-02,PI,diesel_s10,29.9170,10
2015-02-02,PI,etanol,31.1610,12
2015-02-02,PI,gasolina,54.7230,17
2015-02-02,PR,diesel_s10,286.6310,103
2015-02-02,PR,etanol,402.0070,184
2015-02-02,PR,gasolina,595.7170,184
2015-02-02,RJ,diesel_s10,115.4610,41
2015-02-02,RJ,etanol,276.0040,108
2015-02-02,RJ,gasolina,372.4650,111
2015-02-02,RN,diesel_s10,11.6300,4
2015-02-02,RN,etanol,10.2800,4
2015-02-02,RN,gasolina,16.6300,5
2015-02-02,RO,diesel_s10,125.3150,40
2015-02-02,RO,etanol,103.6480,37
2015-02-02,RO,gasolina,173.5470,50
2015-02-02,RS,diesel_s10,382.6670,131
2015-02-02,RS,etanol,437.5120,168
2015-02-02,RS,gasolina,778.7800,237
2015-02-02,SC,diesel_s10,213.2540,74
2015-02-02,SC,etanol,193.0520,73
2015-02-02,SC,gasolina,342.0590,104
2015-02-02,SE,diesel_s10,56.3340,19
2015-02-02,SE,etanol,53.7020,21
2015-02-02,SE,gasolina,67.7330,21
2015-02-02,SP,diesel_s10,1274.2670,451
2015-02-02,SP,etanol,1748.1480,840
2015-02-02,SP,gasolina,2609.8760,834
2015-02-02,TO,diesel_s10,28.4010,10
2015-02-02,TO,etanol,45.2320,19
2015-02-02,TO,gasolina,55.1620,17
2015-02-03,AC,diesel_s10,10.4500,3
2015-02-03,AC,etanol,12.2600,4
2015-02-03,AC,gasolina,22.0800,6
2015-02-03,AL,diesel_s10,35.4840,13
2015-02-03,AL,etanol,49.4370,19
2015-02-03,AL,gasolina,60.4320,19
2015-02-03,AM,diesel_s10,68.9100,23
2015-02-03,AM,etanol,100.0100,38
2015-02-03,AM,gasolina,202.3100,58
2015-02-03,AP,diesel_s10,16.7900,5
2015-02-03,AP,gasolina,42.0300,12
2015-02-03,BA,diesel_s10,243.1600,84
2015-02-03,BA,etanol,414.0280,167
2015-02-03,BA,gasolina,601.0600,178
2015-02-03,CE,diesel_s10,86.4720,30
2015-02-03,CE,etanol,172.7090,66
2015-02-03,CE,gasolina,257.7150,79
2015-02-03,DF,diesel_s10,11.7490,4
2015-02-03,DF,etanol,20.2990,8
2015-02-03,DF,gasolina,27.5690,8
2015-02-03,ES,diesel_s10,103.6400,36
2015-02-03,ES,etanol,72.1700,26
2015-02-03,ES,gasolina,152.3400,45
2015-02-03,GO,diesel_s10,230.3640,77
2015-02-03,GO,etanol,334.9260,145
2015-02-03,GO,gasolina,485.1990,144
2015-02-03,MA,diesel_s10,33.5070,12
2015-02-03,MA,etanol,23.3080,9
2015-02-03,MA,gasolina,77.3940,24
2015-02-03,MG,diesel_s10,582.8430,202
2015-02-03,MG,etanol,920.4460,392
2015-02-03,MG,gasolina,1306.6560,399
2015-02-03,MS,diesel_s10,37.3040,12
2015-02-03,MS,etanol,40.2060,16
2015-02-03,MS,gasolina,56.0860,16
2015-02-03,MT,diesel_s10,37.0670,12
2015-02-03,MT,etanol,29.3640,14
2015-02-03,MT,gasolina,45.5340,14
2015-02-03,PA,diesel_s10,142.0160,46
2015-02-03,PA,etanol,48.5570,17
2015-02-03,PA,gasolina,202.4270,57
2015-02-03,PB,diesel_s10,36.9800,13
2015-02-03,PB,etanol,44.2580,19
2015-02-03,PB,gasolina,60.3160,19
2015-02-03,PE,diesel_s10,344.6790,125
2015-02-03,PE,etanol,319.7460,134
2015-02-03,PE,gasolina,469.9890,147
2015-02-03,PI,diesel_s10,138.3620,47
2015-02-03,PI,etanol,92.1480,35
2015-02-03,PI,gasolina,204.5230,64
2015-02-03,PR,diesel_s10,209.4060,74
2015-02-03,PR,etanol,282.0420,127
2015-02-03,PR,gasolina,408.2350,126
2015-02-03,RJ,diesel_s10,295.3990,103
2015-02-03,RJ,etanol,637.3090,246
2015-02-03,RJ,gasolina,865.2840,255
2015-02-03,RN,diesel_s10,64.3990,22
2015-02-03,RN,etanol,85.1890,33
2015-02-03,RN,gasolina,140.0870,43
2015-02-03,RO,diesel_s10,32.2000,10
2015-02-03,RO,etanol,37.1500,13
2015-02-03,RO,gasolina,49.7200,14
2015-02-03,RR,diesel_s10,40.4600,13
2015-02-03,RR,etanol,20.2100,7
2015-02-03,RR,gasolina,57.4430,17
2015-02-03,RS,diesel_s10,92.3560,31
2015-02-03,RS,etanol,135.3440,52
2015-02-03,RS,gasolina,215.5550,66
2015-02-03,SC,diesel_s10,73.1990,26
2015-02-03,SC,etanol,91.4630,35
2015-02-03,SC,gasolina,127.2750,39
2015-02-03,SE,diesel_s10,51.3730,18
2015-02-03,SE,etanol,31.5200,13
2015-02-03,SE,gasolina,63.6930,20
2015-02-03,SP,diesel_s10,706.7540,254
2015-02-03,SP,etanol,996.5230,487
2015-02-03,SP,gasolina,1495.5610,488
2015-02-03,TO,diesel_s10,79.4320,27
2015-02-03,TO,etanol,87.9130,35
2015-02-03,TO,gasolina,129.5860,38
2015-02-04,AC,diesel_s10,35.8200,11
2015-02-04,AC,etanol,14.7600,5
2015-02-04,AC,gasolina,64.7700,18
2015-02-04,AL,diesel_s10,21.5300,8
2015-02-04,AL,etanol,34.1970,14
2015-02-04,AL,gasolina,49.5120,16
2015-02-04,AM,diesel_s10,64.7300,21
2015-02-04,AM,etanol,86.2480,32
2015-02-04,AM,gasolina,194.0620,55
2015-02-04,AP,diesel_s10,6.7300,2
2015-02-04,AP,gasolina,15.8490,5
2015-02-04,BA,diesel_s10,295.7550,103
2015-02-04,BA,etanol,478.0980,193
2015-02-04,BA,gasolina,708.3820,208
2015-02-04,CE,diesel_s10,188.8860,64
2015-02-04,CE,etanol,152.1290,59
2015-02-04,CE,gasolina,219.9790,68
2015-02-04,DF,diesel_s10,20.5980,7
2015-02-04,DF,etanol,183.4980,72
2015-02-04,DF,gasolina,248.5980,72
2015-02-04,ES,diesel_s10,51.2700,18
2015-02-04,ES,etanol,73.1900,27
2015-02-04,ES,gasolina,99.1000,31
2015-02-04,GO,diesel_s10,30.0990,10
2015-02-04,GO,etanol,158.0430,68
2015-02-04,GO,gasolina,232.1370,68
2015-02-04,MA,diesel_s10,153.1680,54
2015-02-04,MA,etanol,138.4110,51
2015-02-04,MA,gasolina,359.5470,107
2015-02-04,MG,diesel_s10,476.9230,164
2015-02-04,MG,etanol,758.8900,326
2015-02-04,MG,gasolina,1071.2310,331
2015-02-04,MS,diesel_s10,127.7360,40
2015-02-04,MS,etanol,159.2140,67
2015-02-04,MS,gasolina,240.0130,69
2015-02-04,MT,diesel_s10,195.0830,61
2015-02-04,MT,etanol,225.0190,105
2015-02-04,MT,gasolina,346.7340,105
2015-02-04,PA,diesel_s10,234.0880,77
2015-02-04,PA,etanol,121.3990,43
2015-02-04,PA,gasolina,329.4560,100
2015-02-04,PB,diesel_s10,120.3500,43
2015-02-04,PB,etanol,176.1410,77
2015-02-04,PB,gasolina,250.9800,82
2015-02-04,PE,diesel_s10,237.6680,85
2015-02-04,PE,etanol,225.3380,93
2015-02-04,PE,gasolina,338.7470,105
2015-02-04,PI,diesel_s10,36.6450,13
2015-02-04,PI,etanol,21.7380,8
2015-02-04,PI,gasolina,63.5340,20
2015-02-04,PR,diesel_s10,174.5570,61
2015-02-04,PR,etanol,245.2850,112
2015-02-04,PR,gasolina,358.4570,109
2015-02-04,RJ,diesel_s10,363.5910,125
2015-02-04,RJ,etanol,654.1520,244
2015-02-04,RJ,gasolina,850.2290,247
2015-02-04,RN,diesel_s10,117.4450,39
2015-02-04,RN,etanol,142.5460,54
2015-02-04,RN,gasolina,209.3830,64
2015-02-04,RO,diesel_s10,31.6590,10
2015-02-04,RO,etanol,45.4190,17
2015-02-04,RO,gasolina,105.8970,30
2015-02-04,RR,diesel_s10,34.6600,11
2015-02-04,RR,etanol,20.4400,7
2015-02-04,RR,gasolina,57.2600,17
2015-02-04,RS,diesel_s10,463.3250,158
2015-02-04,RS,etanol,504.2310,189
2015-02-04,RS,gasolina,906.9970,271
2015-02-04,SC,diesel_s10,365.1990,126
2015-02-04,SC,etanol,399.1180,154
2015-02-04,SC,gasolina,584.6040,174
2015-02-04,SE,diesel_s10,22.3290,8
2015-02-04,SE,etanol,25.4440,10
2015-02-04,SE,gasolina,41.1950,13
2015-02-04,SP,diesel_s10,974.9590,348
2015-02-04,SP,etanol,1506.3680,722
2015-02-04,SP,gasolina,2249.7630,720
2015-02-05,AC,diesel_s10,29.4400,9
2015-02-05,AC,etanol,21.0300,7
2015-02-05,AC,gasolina,42.4900,12
2015-02-05,AL,diesel_s10,54.9640,19
2015-02-05,AL,etanol,106.8860,42
2015-02-05,AL,gasolina,153.5430,46
2015-02-05,AP,gasolina,3.2900,1
2015-02-05,BA,diesel_s10,38.1160,13
2015-02-05,BA,etanol,64.6580,25
2015-02-05,BA,gasolina,89.1960,25
2015-02-05,CE,etanol,2.6990,1
2015-02-05,CE,gasolina,3.3690,1
2015-02-05,ES,diesel_s10,78.5800,27
2015-02-05,ES,etanol,151.9700,56
2015-02-05,ES,gasolina,210.0800,63
2015-02-05,GO,diesel_s10,56.9160,19
2015-02-05,GO,etanol,94.2440,42
2015-02-05,GO,gasolina,141.7060,42
2015-02-05,MA,diesel_s10,2.8000,1
2015-02-05,MA,etanol,2.6400,1
2015-02-05,MA,gasolina,6.7100,2
2015-02-05,MG,diesel_s10,90.8170,32
2015-02-05,MG,etanol,182.9880,79
2015-02-05,MG,gasolina,269.2350,81
2015-02-05,MT,diesel_s10,37.5880,12
2015-02-05,MT,etanol,49.2340,23
2015-02-05,MT,gasolina,76.3160,23
2015-02-05,PE,diesel_s10,57.3900,21
2015-02-05,PE,etanol,58.9470,24
2015-02-05,PE,gasolina,79.2220,25
2015-02-05,PR,diesel_s10,218.7150,77
2015-02-05,PR,etanol,316.0430,142
2015-02-05,PR,gasolina,464.7160,142
2015-02-05,RJ,diesel_s10,134.4290,46
2015-02-05,RJ,etanol,288.0100,111
2015-02-05,RJ,gasolina,388.5430,114
2015-02-05,RN,diesel_s10,3.0900,1
2015-02-05,RN,etanol,2.6990,1
2015-02-05,RN,gasolina,3.0990,1
2015-02-05,RS,diesel_s10,59.2600,20
2015-02-05,RS,etanol,88.8510,34
2015-02-05,RS,gasolina,133.1020,40
2015-02-05,SC,diesel_s10,128.7440,44
2015-02-05,SC,etanol,139.9300,53
2015-02-05,SC,gasolina,220.2440,67
2015-02-05,SP,diesel_s10,502.8200,176
2015-02-05,SP,etanol,672.7630,324
2015-02-05,SP,gasolina,1011.7880,324
2015-02-05,TO,diesel_s10,2.9800,1
2015-02-05,TO,etanol,7.7100,3
2015-02-05,TO,gasolina,10.3500,3
2015-02-09,AL,diesel_s10,8.3280,3
2015-02-09,AL,etanol,12.3240,5
2015-02-09,AL,gasolina,23.3910,7
2015-02-09,AM,diesel_s10,17.7000,5
2015-02-09,AM,etanol,10.8100,3
2015-02-09,AM,gasolina,47.4000,12
2015-02-09,BA,diesel_s10,11.1590,4
2015-02-09,BA,etanol,11.8200,5
2015-02-09,BA,gasolina,20.0500,6
2015-02-09,MG,diesel_s10,187.6290,64
2015-02-09,MG,etanol,335.0920,140
2015-02-09,MG,gasolina,491.8940,147
2015-02-09,MS,diesel_s10,18.4990,6
2015-02-09,MS,etanol,16.8780,7
2015-02-09,MS,gasolina,23.9480,7
2015-02-09,MT,diesel_s10,34.5180,11
2015-02-09,MT,etanol,47.2540,22
2015-02-09,MT,gasolina,73.3760,22
2015-02-09,PA,diesel_s10,47.6280,16
2015-02-09,PA,etanol,23.5000,8
2015-02-09,PA,gasolina,80.3050,23
2015-02-09,PB,diesel_s10,31.8570,11
2015-02-09,PB,etanol,39.0230,17
2015-02-09,PB,gasolina,58.8530,19
2015-02-09,PE,diesel_s10,104.3970,37
2015-02-09,PE,etanol,96.8250,41
2015-02-09,PE,gasolina,139.7240,43
2015-02-09,PI,diesel_s10,23.2490,8
2015-02-09,PI,etanol,11.0190,4
2015-02-09,PI,gasolina,38.9390,12
2015-02-09,PR,diesel_s10,128.8460,45
2015-02-09,PR,etanol,213.9850,96
2015-02-09,PR,gasolina,316.3520,96
2015-02-09,RJ,diesel_s10,106.4280,37
2015-02-09,RJ,etanol,182.1430,68
2015-02-09,RJ,gasolina,236.9540,69
2015-02-09,RN,diesel_s10,29.3600,10
2015-02-09,RN,etanol,31.2990,12
2015-02-09,RN,gasolina,45.8480,14
2015-02-09,RS,diesel_s10,373.5640,125
2015-02-09,RS,etanol,457.0560,171
2015-02-09,RS,gasolina,803.8270,237
2015-02-09,SC,diesel_s10,201.7280,69
2015-02-09,SC,etanol,205.6920,78
2015-02-09,SC,gasolina,322.8580,97
2015-02-09,SE,diesel_s10,17.4740,6
2015-02-09,SE,etanol,14.5940,6
2015-02-09,SE,gasolina,22.7530,7
2015-02-09,SP,diesel_s10,697.6590,243
2015-02-09,SP,etanol,944.4040,443
2015-02-09,SP,gasolina,1405.5110,440
2015-02-10,AC,diesel_s10,84.1700,25
2015-02-10,AC,etanol,51.8800,17
2015-02-10,AC,gasolina,123.5800,33
2015-02-10,AL,diesel_s10,86.5350,30
2015-02-10,AL,etanol,102.2930,39
2015-02-10,AL,gasolina,147.0310,44
2015-02-10,AM,diesel_s10,33.2900,11
2015-02-10,AM,etanol,56.1600,21
2015-02-10,AM,gasolina,89.7900,25
2015-02-10,AP,diesel_s10,33.2200,10
2015-02-10,AP,etanol,3.0000,1
2015-02-10,AP,gasolina,51.3100,15
2015-02-10,BA,diesel_s10,235.0480,79
2015-02-10,BA,etanol,358.4160,143
2015-02-10,BA,gasolina,523.2580,150
2015-02-10,CE,diesel_s10,357.9410,118
2015-02-10,CE,etanol,387.8990,148
2015-02-10,CE,gasolina,564.5430,167
2015-02-10,DF,diesel_s10,32.3280,11
2015-02-10,DF,etanol,185.9080,73
2015-02-10,DF,gasolina,252.1080,73
2015-02-10,ES,diesel_s10,78.8700,27
2015-02-10,ES,etanol,60.0400,22
2015-02-10,ES,gasolina,137.3300,41
2015-02-10,GO,diesel_s10,134.2480,44
2015-02-10,GO,etanol,209.7040,89
2015-02-10,GO,gasolina,302.3650,88
2015-02-10,MA,diesel_s10,11.2570,4
2015-02-10,MA,etanol,2.5490,1
2015-02-10,MA,gasolina,26.3570,8
2015-02-10,MG,diesel_s10,320.2360,108
2015-02-10,MG,etanol,483.8500,199
2015-02-10,MG,gasolina,682.7610,202
2015-02-10,MS,diesel_s10,78.8870,25
2015-02-10,MS,etanol,75.4190,31
2015-02-10,MS,gasolina,108.4870,31
2015-02-10,MT,diesel_s10,67.3570,21
2015-02-10,MT,etanol,74.2910,35
2015-02-10,MT,gasolina,116.3510,35
2015-02-10,PA,diesel_s10,56.9900,19
2015-02-10,PA,etanol,17.6400,6
2015-02-10,PA,gasolina,76.9000,22
2015-02-10,PB,diesel_s10,34.8050,12
2015-02-10,PB,etanol,36.2650,15
2015-02-10,PB,gasolina,48.3550,15
2015-02-10,PE,diesel_s10,331.1660,118
2015-02-10,PE,etanol,291.0560,122
2015-02-10,PE,gasolina,457.4270,141
2015-02-10,PI,diesel_s10,104.4180,35
2015-02-10,PI,etanol,69.0220,26
2015-02-10,PI,gasolina,151.2010,47
2015-02-10,PR,diesel_s10,431.1060,151
2015-02-10,PR,etanol,547.4370,245
2015-02-10,PR,gasolina,812.9660,246
2015-02-10,RJ,diesel_s10,334.1060,113
2015-02-10,RJ,etanol,609.0370,228
2015-02-10,RJ,gasolina,823.1200,234
2015-02-10,RN,diesel_s10,51.2050,17
2015-02-10,RN,etanol,75.7990,29
2015-02-10,RN,gasolina,113.5490,34
2015-02-10,RO,diesel_s10,65.9720,21
2015-02-10,RO,etanol,62.5220,22
2015-02-10,RO,gasolina,107.8480,31
2015-02-10,RR,diesel_s10,27.9700,9
2015-02-10,RR,etanol,17.1000,6
2015-02-10,RR,gasolina,40.0500,12
2015-02-10,RS,diesel_s10,103.1260,34
2015-02-10,RS,etanol,120.5710,44
2015-02-10,RS,gasolina,181.7460,52
2015-02-10,SC,diesel_s10,28.9850,10
2015-02-10,SC,etanol,36.8130,14
2015-02-10,SC,gasolina,59.7650,18
2015-02-10,SE,diesel_s10,80.2490,27
2015-02-10,SE,etanol,64.1700,25
2015-02-10,SE,gasolina,91.0370,28
2015-02-10,SP,diesel_s10,1369.7760,478
2015-02-10,SP,etanol,1994.4270,940
2015-02-10,SP,gasolina,2966.6730,927
2015-02-10,TO,diesel_s10,44.2150,15
2015-02-10,TO,etanol,46.6680,19
2015-02-10,TO,gasolina,68.0120,20
2015-02-11,AC,diesel_s10,7.0500,2
2015-02-11,AC,gasolina,24.1100,6
2015-02-11,AL,diesel_s10,68.5360,24
2015-02-11,AL,etanol,111.9050,44
2015-02-11,AL,gasolina,145.8890,44
2015-02-11,AM,diesel_s10,83.3700,28
2015-02-11,AM,etanol,126.3190,48
2015-02-11,AM,gasolina,202.6300,57
2015-02-11,BA,diesel_s10,222.9980,76
2015-02-11,BA,etanol,361.5800,143
2015-02-11,BA,gasolina,542.7220,155
2015-02-11,CE,diesel_s10,113.0190,38
2015-02-11,CE,etanol,126.8700,48
2015-02-11,CE,gasolina,201.8560,60
2015-02-11,DF,diesel_s10,2.9500,1
2015-02-11,DF,etanol,17.8500,7
2015-02-11,DF,gasolina,24.2700,7
2015-02-11,ES,diesel_s10,63.8100,22
2015-02-11,ES,etanol,68.8700,25
2015-02-11,ES,gasolina,110.3300,33
2015-02-11,GO,diesel_s10,72.0560,24
2015-02-11,GO,etanol,108.5960,47
2015-02-11,GO,gasolina,160.1460,47
2015-02-11,MA,diesel_s10,138.6250,48
2015-02-11,MA,etanol,139.5090,51
2015-02-11,MA,gasolina,336.7720,99
2015-02-11,MG,diesel_s10,701.6940,238
2015-02-11,MG,etanol,1209.8710,512
2015-02-11,MG,gasolina,1713.4960,518
2015-02-11,MS,diesel_s10,176.8380,56
2015-02-11,MS,etanol,188.1220,78
2015-02-11,MS,gasolina,270.5390,78
2015-02-11,MT,diesel_s10,165.5060,51
2015-02-11,MT,etanol,184.5100,85
2015-02-11,MT,gasolina,287.1020,85
2015-02-11,PA,diesel_s10,194.3370,62
2015-02-11,PA,etanol,89.7850,32
2015-02-11,PA,gasolina,240.6110,70
2015-02-11,PB,diesel_s10,56.4950,20
2015-02-11,PB,etanol,72.6810,31
2015-02-11,PB,gasolina,114.7290,36
2015-02-11,PE,diesel_s10,231.6290,82
2015-02-11,PE,etanol,231.0440,93
2015-02-11,PE,gasolina,321.5090,97
2015-02-11,PI,diesel_s10,64.2330,22
2015-02-11,PI,etanol,53.7300,20
2015-02-11,PI,gasolina,106.3430,33
2015-02-11,PR,diesel_s10,232.8520,82
2015-02-11,PR,etanol,342.6210,155
2015-02-11,PR,gasolina,497.4410,153
2015-02-11,RJ,diesel_s10,339.6720,114
2015-02-11,RJ,etanol,627.8630,236
2015-02-11,RJ,gasolina,873.1730,253
2015-02-11,RN,diesel_s10,86.9540,29
2015-02-11,RN,etanol,157.0870,59
2015-02-11,RN,gasolina,215.6100,65
2015-02-11,RO,diesel_s10,51.5500,16
2015-02-11,RO,etanol,41.6500,15
2015-02-11,RO,gasolina,68.4500,19
2015-02-11,RR,diesel_s10,18.9800,6
2015-02-11,RR,etanol,11.6500,4
2015-02-11,RR,gasolina,23.6400,7
2015-02-11,RS,diesel_s10,314.7730,105
2015-02-11,RS,etanol,363.1960,135
2015-02-11,RS,gasolina,615.8550,181
2015-02-11,SC,diesel_s10,338.9120,116
2015-02-11,SC,etanol,386.2010,148
2015-02-11,SC,gasolina,574.4110,170
2015-02-11,SE,diesel_s10,17.5930,6
2015-02-11,SE,etanol,13.2770,5
2015-02-11,SE,gasolina,23.0970,7
2015-02-11,SP,diesel_s10,884.3640,307
2015-02-11,SP,etanol,1243.5090,590
2015-02-11,SP,gasolina,1860.7050,590
2015-02-11,TO,diesel_s10,36.1720,12
2015-02-11,TO,etanol,62.8470,25
2015-02-11,TO,gasolina,80.4590,23
2015-02-12,AC,diesel_s10,24.2900,7
2015-02-12,AC,etanol,18.8700,6
2015-02-12,AC,gasolina,41.2700,11
2015-02-12,AM,diesel_s10,25.0400,8
2015-02-12,AM,etanol,5.3000,2
2015-02-12,AM,gasolina,74.5500,20
2015-02-12,AP,diesel_s10,16.5000,5
2015-02-12,AP,gasolina,39.3200,11
2015-02-12,BA,diesel_s10,198.9940,67
2015-02-12,BA,etanol,247.9780,99
2015-02-12,BA,gasolina,397.8170,114
2015-02-12,ES,diesel_s10,136.7100,47
2015-02-12,ES,etanol,243.0200,87
2015-02-12,ES,gasolina,357.1890,106
2015-02-12,GO,diesel_s10,87.2850,29
2015-02-12,GO,etanol,276.2090,119
2015-02-12,GO,gasolina,406.8620,119
2015-02-12,MA,diesel_s10,68.9540,24
2015-02-12,MA,etanol,41.8390,15
2015-02-12,MA,gasolina,120.2970,35
2015-02-12,MG,diesel_s10,142.9250,49
2015-02-12,MG,etanol,233.9280,98
2015-02-12,MG,gasolina,347.2470,104
2015-02-12,MS,diesel_s10,31.5480,10
2015-02-12,MS,etanol,31.4740,13
2015-02-12,MS,gasolina,44.9610,13
2015-02-12,PA,diesel_s10,131.2520,42
2015-02-12,PA,etanol,49.4360,17
2015-02-12,PA,gasolina,244.4360,68
2015-02-12,PB,diesel_s10,64.3840,23
2015-02-12,PB,etanol,95.6540,42
2015-02-12,PB,gasolina,146.5710,47
2015-02-12,PE,diesel_s10,86.9720,31
2015-02-12,PE,etanol,83.7700,34
2015-02-12,PE,gasolina,137.9400,42
2015-02-12,PI,diesel_s10,11.7980,4
2015-02-12,PI,etanol,11.0490,4
2015-02-12,PI,gasolina,26.6250,8
2015-02-12,PR,diesel_s10,100.4760,35
2015-02-12,PR,etanol,150.2450,67
2015-02-12,PR,gasolina,220.6050,67
2015-02-12,RJ,diesel_s10,214.3640,74
2015-02-12,RJ,etanol,444.0890,166
2015-02-12,RJ,gasolina,582.2340,168
2015-02-12,RN,gasolina,3.3200,1
2015-02-12,RO,diesel_s10,70.3990,22
2015-02-12,RO,etanol,77.7170,28
2015-02-12,RO,gasolina,151.7050,43
2015-02-12,RR,diesel_s10,28.8700,9
2015-02-12,RR,etanol,9.2100,3
2015-02-12,RR,gasolina,45.0200,13
2015-02-12,RS,diesel_s10,213.5350,71
2015-02-12,RS,etanol,254.8460,96
2015-02-12,RS,gasolina,469.1550,139
2015-02-12,SC,diesel_s10,179.8010,61
2015-02-12,SC,etanol,228.8700,86
2015-02-12,SC,gasolina,329.2050,100
2015-02-12,SE,diesel_s10,20.2610,7
2015-02-12,SE,etanol,14.8040,6
2015-02-12,SE,gasolina,38.9880,12
2015-02-12,SP,diesel_s10,561.7020,196
2015-02-12,SP,etanol,842.5060,402
2015-02-12,SP,gasolina,1276.8240,403
2015-02-12,TO,diesel_s10,29.9260,10
2015-02-12,TO,etanol,34.2350,13
2015-02-12,TO,gasolina,47.3670,14
2015-02-16,AL,diesel_s10,34.8430,12
2015-02-16,AL,etanol,85.8460,34
2015-02-16,AL,gasolina,132.0120,40
2015-02-16,AM,diesel_s10,77.1770,25
2015-02-16,AM,etanol,137.8430,51
2015-02-16,AM,gasolina,224.7730,62
2015-02-16,BA,diesel_s10,8.3390,3
2015-02-16,BA,etanol,11.9600,5
2015-02-16,BA,gasolina,20.1900,6
2015-02-16,MA,diesel_s10,29.9900,10
2015-02-16,MA,etanol,22.2220,8
2015-02-16,MA,gasolina,89.1750,26
2015-02-16,MG,diesel_s10,308.4320,105
2015-02-16,MG,etanol,532.3580,224
2015-02-16,MG,gasolina,769.8090,232
2015-02-16,MS,diesel_s10,137.2420,43
2015-02-16,MS,etanol,135.8060,55
2015-02-16,MS,gasolina,193.5350,55
2015-02-16,PA,diesel_s10,24.2400,8
2015-02-16,PA,etanol,17.7900,6
2015-02-16,PA,gasolina,46.0880,13
2015-02-16,PB,diesel_s10,66.6380,23
2015-02-16,PB,etanol,79.0940,34
2015-02-16,PB,gasolina,116.0740,36
2015-02-16,PI,diesel_s10,20.4100,7
2015-02-16,PI,etanol,5.7800,2
2015-02-16,PI,gasolina,32.9000,10
2015-02-16,PR,diesel_s10,318.4460,111
2015-02-16,PR,etanol,416.1330,183
2015-02-16,PR,gasolina,608.6960,183
2015-02-16,RJ,diesel_s10,108.9760,38
2015-02-16,RJ,etanol,167.1750,62
2015-02-16,RJ,gasolina,219.9500,64
2015-02-16,RN,diesel_s10,35.2490,12
2015-02-16,RN,etanol,33.7390,13
2015-02-16,RN,gasolina,52.5080,16
2015-02-16,RR,diesel_s10,2.9500,1
2015-02-16,RR,gasolina,3.5800,1
2015-02-16,RS,diesel_s10,251.0170,83
2015-02-16,RS,etanol,282.4430,104
2015-02-16,RS,gasolina,504.6410,147
2015-02-16,SC,diesel_s10,61.8100,21
2015-02-16,SC,etanol,72.4750,27
2015-02-16,SC,gasolina,110.6090,33
2015-02-16,SE,diesel_s10,17.5400,6
2015-02-16,SE,etanol,14.5940,6
2015-02-16,SE,gasolina,22.9630,7
2015-02-16,SP,diesel_s10,1333.4800,464
2015-02-16,SP,etanol,1807.7590,851
2015-02-16,SP,gasolina,2720.7940,848
2015-02-17,AC,diesel_s10,17.9100,5
2015-02-17,AC,etanol,10.2000,3
2015-02-17,AC,gasolina,40.5200,10
2015-02-17,AL,diesel_s10,65.8110,23
2015-02-17,AL,etanol,66.0960,25
2015-02-17,AL,gasolina,89.8400,27
2015-02-17,AM,diesel_s10,33.7880,11
2015-02-17,AM,etanol,64.1190,24
2015-02-17,AM,gasolina,100.5100,28
2015-02-17,AP,diesel_s10,33.3400,10
2015-02-17,AP,etanol,3.2000,1
2015-02-17,AP,gasolina,51.5400,15
2015-02-17,BA,diesel_s10,152.3150,51
2015-02-17,BA,etanol,235.8710,95
2015-02-17,BA,gasolina,353.0710,102
2015-02-17,CE,diesel_s10,310.6630,103
2015-02-17,CE,etanol,350.0560,134
2015-02-17,CE,gasolina,500.1790,148
2015-02-17,ES,diesel_s10,79.0100,27
2015-02-17,ES,etanol,55.1300,20
2015-02-17,ES,gasolina,131.7100,39
2015-02-17,GO,diesel_s10,143.4830,47
2015-02-17,GO,etanol,211.4480,89
2015-02-17,GO,gasolina,299.9010,87
2015-02-17,MA,diesel_s10,11.2570,4
2015-02-17,MA,etanol,2.5490,1
2015-02-17,MA,gasolina,26.3570,8
2015-02-17,MG,diesel_s10,243.4100,82
2015-02-17,MG,etanol,367.7370,150
2015-02-17,MG,gasolina,519.5600,152
2015-02-17,MS,diesel_s10,6.2400,2
2015-02-17,MS,etanol,4.9800,2
2015-02-17,MS,gasolina,6.9600,2
2015-02-17,MT,diesel_s10,124.1610,39
2015-02-17,MT,etanol,130.2690,62
2015-02-17,MT,gasolina,205.3760,62
2015-02-17,PA,diesel_s10,57.1700,19
2015-02-17,PA,etanol,14.6800,5
2015-02-17,PA,gasolina,77.1300,22
2015-02-17,PB,diesel_s10,34.8050,12
2015-02-17,PB,etanol,33.8660,14
2015-02-17,PB,gasolina,45.2050,14
2015-02-17,PE,diesel_s10,161.3110,57
2015-02-17,PE,etanol,138.8440,56
2015-02-17,PE,gasolina,232.0650,71
2015-02-17,PI,diesel_s10,140.8450,47
2015-02-17,PI,etanol,91.7910,35
2015-02-17,PI,gasolina,194.3720,60
2015-02-17,PR,diesel_s10,245.1810,86
2015-02-17,PR,etanol,326.1270,145
2015-02-17,PR,gasolina,481.2910,146
2015-02-17,RJ,diesel_s10,108.7860,37
2015-02-17,RJ,etanol,221.9000,82
2015-02-17,RJ,gasolina,298.9140,84
2015-02-17,RN,diesel_s10,162.1210,54
2015-02-17,RN,etanol,203.5110,77
2015-02-17,RN,gasolina,291.6880,88
2015-02-17,RO,diesel_s10,68.9720,22
2015-02-17,RO,etanol,62.7190,22
2015-02-17,RO,gasolina,107.9060,31
2015-02-17,RS,diesel_s10,96.9000,32
2015-02-17,RS,etanol,97.1370,36
2015-02-17,RS,gasolina,150.6000,44
2015-02-17,SC,diesel_s10,49.8430,17
2015-02-17,SC,etanol,58.4590,22
2015-02-17,SC,gasolina,86.3300,26
2015-02-17,SE,diesel_s10,29.4300,10
2015-02-17,SE,etanol,12.9670,5
2015-02-17,SE,gasolina,26.1120,8
2015-02-17,SP,diesel_s10,628.0660,219
2015-02-17,SP,etanol,926.9350,434
2015-02-17,SP,gasolina,1368.1470,426
2015-02-17,TO,diesel_s10,35.4360,12
2015-02-17,TO,etanol,42.0480,17
2015-02-17,TO,gasolina,61.0540,18
2015-02-18,AC,diesel_s10,77.5980,23
2015-02-18,AC,etanol,50.7970,17
2015-02-18,AC,gasolina,108.5270,29
2015-02-18,AL,diesel_s10,34.1540,12
2015-02-18,AL,etanol,69.7330,27
2015-02-18,AL,gasolina,89.7630,27
2015-02-18,AM,diesel_s10,6.3000,2
2015-02-18,AM,gasolina,7.3800,2
2015-02-18,BA,diesel_s10,288.6120,98
2015-02-18,BA,etanol,484.4960,191
2015-02-18,BA,gasolina,712.5490,203
2015-02-18,CE,diesel_s10,116.1390,39
2015-02-18,CE,etanol,129.5710,49
2015-02-18,CE,gasolina,206.0340,61
2015-02-18,DF,diesel_s10,32.3380,11
2015-02-18,DF,etanol,203.6580,80
2015-02-18,DF,gasolina,276.3380,80
2015-02-18,ES,diesel_s10,67.4600,23
2015-02-18,ES,etanol,69.7300,25
2015-02-18,ES,gasolina,113.0000,33
2015-02-18,GO,diesel_s10,78.2020,26
2015-02-18,GO,etanol,106.8450,46
2015-02-18,GO,gasolina,157.3050,46
2015-02-18,MA,diesel_s10,114.8240,40
2015-02-18,MA,etanol,112.3870,41
2015-02-18,MA,gasolina,243.2170,72
2015-02-18,MG,diesel_s10,689.9900,233
2015-02-18,MG,etanol,1082.9930,452
2015-02-18,MG,gasolina,1532.8710,457
2015-02-18,MS,diesel_s10,85.4250,27
2015-02-18,MS,etanol,90.6230,37
2015-02-18,MS,gasolina,128.6100,37
2015-02-18,MT,diesel_s10,49.1380,15
2015-02-18,MT,etanol,71.5820,33
2015-02-18,MT,gasolina,106.9620,32
2015-02-18,PA,diesel_s10,213.9600,69
2015-02-18,PA,etanol,93.5800,33
2015-02-18,PA,gasolina,274.0830,80
2015-02-18,PB,diesel_s10,20.2380,7
2015-02-18,PB,etanol,16.8590,7
2015-02-18,PB,gasolina,34.8870,11
2015-02-18,PE,diesel_s10,312.5370,111
2015-02-18,PE,etanol,297.8120,122
2015-02-18,PE,gasolina,433.5440,132
2015-02-18,PI,diesel_s10,40.8480,14
2015-02-18,PI,etanol,35.0350,13
2015-02-18,PI,gasolina,71.2280,22
2015-02-18,PR,diesel_s10,278.9340,98
2015-02-18,PR,etanol,413.6670,187
2015-02-18,PR,gasolina,603.0060,185
2015-02-18,RJ,diesel_s10,494.0730,166
2015-02-18,RJ,etanol,935.8790,350
2015-02-18,RJ,gasolina,1252.6960,361
2015-02-18,RN,diesel_s10,11.9600,4
2015-02-18,RN,etanol,18.4390,7
2015-02-18,RN,gasolina,33.2880,10
2015-02-18,RO,diesel_s10,51.6000,16
2015-02-18,RO,etanol,41.6500,15
2015-02-18,RO,gasolina,68.4500,19
2015-02-18,RR,diesel_s10,34.5000,11
2015-02-18,RR,etanol,28.7500,10
2015-02-18,RR,gasolina,50.2280,15
2015-02-18,RS,diesel_s10,483.0250,162
2015-02-18,RS,etanol,583.3630,218
2015-02-18,RS,gasolina,977.5070,290
2015-02-18,SC,diesel_s10,566.1810,194
2015-02-18,SC,etanol,583.3890,223
2015-02-18,SC,gasolina,879.4620,264
2015-02-18,SE,diesel_s10,69.0380,23
2015-02-18,SE,etanol,67.5890,26
2015-02-18,SE,gasolina,85.6500,26
2015-02-18,SP,diesel_s10,1167.6200,407
2015-02-18,SP,etanol,1427.4230,674
2015-02-18,SP,gasolina,2143.4700,675
2015-02-18,TO,diesel_s10,42.1610,14
2015-02-18,TO,etanol,62.7260,25
2015-02-18,TO,gasolina,83.7350,24
2015-02-19,AC,diesel_s10,24.4900,7
2015-02-19,AC,etanol,18.9700,6
2015-02-19,AC,gasolina,41.8000,11
2015-02-19,AM,diesel_s10,25.1300,8
2015-02-19,AM,etanol,5.2000,2
2015-02-19,AM,gasolina,74.5500,20
2015-02-19,AP,diesel_s10,16.4800,5
2015-02-19,AP,gasolina,39.3500,11
2015-02-19,BA,diesel_s10,193.4450,65
2015-02-19,BA,etanol,245.2670,98
2015-02-19,BA,gasolina,390.6690,112
2015-02-19,CE,diesel_s10,21.1380,7
2015-02-19,CE,etanol,25.9460,10
2015-02-19,CE,gasolina,33.7070,10
2015-02-19,ES,diesel_s10,156.1000,53
2015-02-19,ES,etanol,243.4400,87
2015-02-19,ES,gasolina,360.6400,106
2015-02-19,GO,diesel_s10,96.0680,32
2015-02-19,GO,etanol,278.7630,120
2015-02-19,GO,gasolina,410.7600,120
2015-02-19,MA,diesel_s10,71.8540,25
2015-02-19,MA,etanol,44.4790,16
2015-02-19,MA,gasolina,120.3370,35
2015-02-19,MG,diesel_s10,154.2330,53
2015-02-19,MG,etanol,279.1250,118
2015-02-19,MG,gasolina,412.5350,124
2015-02-19,MS,diesel_s10,70.4650,22
2015-02-19,MS,etanol,83.7500,35
2015-02-19,MS,gasolina,119.6060,35
2015-02-19,MT,diesel_s10,34.3700,10
2015-02-19,MT,etanol,30.9100,13
2015-02-19,MT,gasolina,47.9500,13
2015-02-19,PA,diesel_s10,135.8770,43
2015-02-19,PA,etanol,51.6720,18
2015-02-19,PA,gasolina,237.2890,66
2015-02-19,PB,diesel_s10,66.5290,24
2015-02-19,PB,etanol,113.9880,50
2015-02-19,PB,gasolina,172.3120,56
2015-02-19,PE,diesel_s10,279.0810,99
2015-02-19,PE,etanol,266.2700,111
2015-02-19,PE,gasolina,397.0680,122
2015-02-19,PI,diesel_s10,11.8780,4
2015-02-19,PI,etanol,11.1490,4
2015-02-19,PI,gasolina,26.7050,8
2015-02-19,PR,diesel_s10,81.1520,28
2015-02-19,PR,etanol,106.2050,47
2015-02-19,PR,gasolina,155.0640,46
2015-02-19,RJ,diesel_s10,258.0480,88
2015-02-19,RJ,etanol,561.7080,210
2015-02-19,RJ,gasolina,741.6090,212
2015-02-19,RO,diesel_s10,70.5180,22
2015-02-19,RO,etanol,71.9370,26
2015-02-19,RO,gasolina,152.4650,43
2015-02-19,RR,diesel_s10,38.3000,12
2015-02-19,RR,etanol,9.2900,3
2015-02-19,RR,gasolina,58.8200,17
2015-02-19,RS,diesel_s10,203.5010,68
2015-02-19,RS,etanol,233.8300,88
2015-02-19,RS,gasolina,439.8670,130
2015-02-19,SC,diesel_s10,124.1710,42
2015-02-19,SC,etanol,120.9770,45
2015-02-19,SC,gasolina,199.9100,59
2015-02-19,SE,diesel_s10,20.4110,7
2015-02-19,SE,etanol,15.0130,6
2015-02-19,SE,gasolina,39.7260,12
2015-02-19,SP,diesel_s10,549.2160,190
2015-02-19,SP,etanol,855.1060,404
2015-02-19,SP,gasolina,1278.6060,404
2015-02-19,TO,diesel_s10,30.1280,10
2015-02-19,TO,etanol,34.3370,13
2015-02-19,TO,gasolina,47.5370,14
2015-02-20,AM,diesel_s10,2.9800,1
2015-02-20,AM,etanol,2.5900,1
2015-02-20,AM,gasolina,3.5500,1
2015-02-20,BA,etanol,2.3200,1
2015-02-20,BA,gasolina,3.3300,1
2015-02-20,CE,diesel_s10,5.9300,2
2015-02-20,CE,etanol,16.2300,6
2015-02-20,CE,gasolina,27.3290,8
2015-02-20,ES,diesel_s10,2.8000,1
2015-02-20,ES,etanol,2.6500,1
2015-02-20,ES,gasolina,3.3700,1
2015-02-20,MA,diesel_s10,2.9800,1
2015-02-20,MA,gasolina,3.4900,1
2015-02-20,MG,diesel_s10,2.9590,1
2015-02-20,MG,etanol,12.0260,5
2015-02-20,MG,gasolina,16.9510,5
2015-02-20,MT,diesel_s10,67.2750,21
2015-02-20,MT,etanol,74.8340,34
2015-02-20,MT,gasolina,115.5330,34
2015-02-20,PA,gasolina,3.6300,1
2015-02-20,PR,diesel_s10,2.8500,1
2015-02-20,PR,etanol,4.7390,2
2015-02-20,PR,gasolina,6.8390,2
2015-02-20,RJ,diesel_s10,2.7490,1
2015-02-20,RJ,etanol,2.6490,1
2015-02-20,RJ,gasolina,3.2890,1
2015-02-20,SC,etanol,5.6980,2
2015-02-20,SC,gasolina,6.5980,2
2015-02-20,SP,diesel_s10,2.9990,1
2015-02-20,SP,etanol,16.5720,8
2015-02-20,SP,gasolina,25.1820,8
2015-02-23,AC,diesel_s10,17.5300,5
2015-02-23,AC,etanol,15.8400,5
2015-02-23,AC,gasolina,30.8800,8
2015-02-23,AL,diesel_s10,82.4760,29
2015-02-23,AL,etanol,96.2020,37
2015-02-23,AL,gasolina,135.3080,41
2015-02-23,AM,diesel_s10,43.3700,14
2015-02-23,AM,etanol,69.0280,26
2015-02-23,AM,gasolina,145.0300,40
2015-02-23,AP,diesel_s10,9.8900,3
2015-02-23,AP,gasolina,41.7900,12
2015-02-23,BA,diesel_s10,110.0080,37
2015-02-23,BA,etanol,169.8800,68
2015-02-23,BA,gasolina,262.9820,76
2015-02-23,CE,diesel_s10,24.0370,8
2015-02-23,CE,etanol,16.1760,6
2015-02-23,CE,gasolina,34.2590,10
2015-02-23,ES,diesel_s10,55.4790,19
2015-02-23,ES,etanol,37.8600,13
2015-02-23,ES,gasolina,72.9000,21
2015-02-23,MG,diesel_s10,448.8090,152
2015-02-23,MG,etanol,690.3680,283
2015-02-23,MG,gasolina,1013.3880,298
2015-02-23,MS,diesel_s10,68.2130,21
2015-02-23,MS,etanol,79.7840,31
2015-02-23,MS,gasolina,112.0600,31
2015-02-23,MT,diesel_s10,6.0480,2
2015-02-23,MT,etanol,4.2780,2
2015-02-23,MT,gasolina,6.5980,2
2015-02-23,PA,diesel_s10,9.5490,3
2015-02-23,PA,etanol,6.3090,2
2015-02-23,PA,gasolina,23.2590,6
2015-02-23,PB,diesel_s10,55.0870,19
2015-02-23,PB,etanol,59.9780,25
2015-02-23,PB,gasolina,83.8810,25
2015-02-23,PE,diesel_s10,251.0360,89
2015-02-23,PE,etanol,225.0080,94
2015-02-23,PE,gasolina,323.3300,100
2015-02-23,PI,diesel_s10,62.5570,21
2015-02-23,PI,etanol,55.7960,21
2015-02-23,PI,gasolina,103.9650,32
2015-02-23,PR,diesel_s10,240.4510,84
2015-02-23,PR,etanol,364.4220,161
2015-02-23,PR,gasolina,537.8760,161
2015-02-23,RJ,diesel_s10,193.7890,66
2015-02-23,RJ,etanol,301.8130,112
2015-02-23,RJ,gasolina,395.9880,113
2015-02-23,RN,etanol,10.7490,4
2015-02-23,RN,gasolina,13.3600,4
2015-02-23,RO,diesel_s10,63.1250,20
2015-02-23,RO,etanol,64.5530,23
2015-02-23,RO,gasolina,101.4710,29
2015-02-23,RR,diesel_s10,9.6600,3
2015-02-23,RR,etanol,3.1900,1
2015-02-23,RR,gasolina,10.6900,3
2015-02-23,RS,diesel_s10,423.2380,142
2015-02-23,RS,etanol,576.7970,218
2015-02-23,RS,gasolina,995.3150,297
2015-02-23,SC,diesel_s10,264.7890,91
2015-02-23,SC,etanol,249.8270,94
2015-02-23,SC,gasolina,384.2200,116
2015-02-23,SE,diesel_s10,11.7140,4
2015-02-23,SE,etanol,8.2880,3
2015-02-23,SE,gasolina,16.9980,5
2015-02-23,SP,diesel_s10,1454.3070,508
2015-02-23,SP,etanol,2086.5890,985
2015-02-23,SP,gasolina,3122.3410,979
2015-02-23,TO,diesel_s10,17.9620,6
2015-02-23,TO,etanol,35.1080,14
2015-02-23,TO,gasolina,37.5810,11
2015-02-24,AM,diesel_s10,68.8400,22
2015-02-24,AM,etanol,71.5700,26
2015-02-24,AM,gasolina,178.9150,49
2015-02-24,AP,diesel_s10,3.5900,1
2015-02-24,AP,gasolina,10.5700,3
2015-02-24,BA,diesel_s10,199.8740,67
2015-02-24,BA,etanol,276.6530,110
2015-02-24,BA,gasolina,409.8140,118
2015-02-24,CE,diesel_s10,408.3780,135
2015-02-24,CE,etanol,457.7420,174
2015-02-24,CE,gasolina,654.9420,194
2015-02-24,DF,diesel_s10,47.4780,16
2015-02-24,DF,etanol,194.2380,71
2015-02-24,DF,gasolina,251.1980,71
2015-02-24,ES,diesel_s10,23.5700,8
2015-02-24,ES,etanol,16.8800,6
2015-02-24,ES,gasolina,34.2700,10
2015-02-24,GO,diesel_s10,149.8890,49
2015-02-24,GO,etanol,224.5170,93
2015-02-24,GO,gasolina,322.1380,92
2015-02-24,MA,diesel_s10,54.4240,19
2015-02-24,MA,etanol,68.8300,25
2015-02-24,MA,gasolina,203.2300,61
2015-02-24,MG,diesel_s10,200.3110,67
2015-02-24,MG,etanol,325.6650,134
2015-02-24,MG,gasolina,462.8440,135
2015-02-24,MS,diesel_s10,131.3760,41
2015-02-24,MS,etanol,163.7500,68
2015-02-24,MS,gasolina,234.3410,68
2015-02-24,MT,diesel_s10,125.0350,39
2015-02-24,MT,etanol,170.9430,81
2015-02-24,MT,gasolina,267.6000,81
2015-02-24,PA,diesel_s10,204.6680,66
2015-02-24,PA,etanol,107.2770,38
2015-02-24,PA,gasolina,269.6060,79
2015-02-24,PB,diesel_s10,27.8850,10
2015-02-24,PB,etanol,43.1990,19
2015-02-24,PB,gasolina,61.2020,20
2015-02-24,PE,diesel_s10,64.9680,23
2015-02-24,PE,etanol,61.9990,26
2015-02-24,PE,gasolina,84.0150,26
2015-02-24,PI,diesel_s10,63.8050,21
2015-02-24,PI,etanol,43.1380,16
2015-02-24,PI,gasolina,102.3240,31
2015-02-24,PR,diesel_s10,197.6400,69
2015-02-24,PR,etanol,268.9840,119
2015-02-24,PR,gasolina,402.0960,121
2015-02-24,RJ,diesel_s10,435.1250,146
2015-02-24,RJ,etanol,876.9310,329
2015-02-24,RJ,gasolina,1166.9600,337
2015-02-24,RN,diesel_s10,90.0250,30
2015-02-24,RN,etanol,143.3660,54
2015-02-24,RN,gasolina,212.6400,64
2015-02-24,RR,diesel_s10,44.3100,14
2015-02-24,RR,etanol,28.9400,10
2015-02-24,RR,gasolina,66.9700,19
2015-02-24,RS,diesel_s10,132.3070,44
2015-02-24,RS,etanol,147.6430,54
2015-02-24,RS,gasolina,257.7120,75
2015-02-24,SC,diesel_s10,45.6860,16
2015-02-24,SC,etanol,62.4880,24
2015-02-24,SC,gasolina,86.6950,27
2015-02-24,SE,diesel_s10,23.6090,8
2015-02-24,SE,etanol,17.5440,7
2015-02-24,SE,gasolina,30.1320,9
2015-02-24,SP,diesel_s10,1327.3600,461
2015-02-24,SP,etanol,1932.4230,907
2015-02-24,SP,gasolina,2894.6750,904
2015-02-24,TO,diesel_s10,44.1040,15
2015-02-24,TO,etanol,43.2670,17
2015-02-24,TO,gasolina,68.6510,20
2015-02-25,AC,diesel_s10,7.4500,2
2015-02-25,AC,etanol,6.7000,2
2015-02-25,AC,gasolina,8.0300,2
2015-02-25,AL,diesel_s10,66.8880,23
2015-02-25,AL,etanol,123.4040,48
2015-02-25,AL,gasolina,173.3560,52
2015-02-25,AM,diesel_s10,32.7300,11
2015-02-25,AM,etanol,39.7400,15
2015-02-25,AM,gasolina,78.5400,22
2015-02-25,BA,diesel_s10,234.6880,80
2015-02-25,BA,etanol,340.0700,135
2015-02-25,BA,gasolina,477.8850,137
2015-02-25,CE,diesel_s10,20.6700,7
2015-02-25,CE,etanol,37.2480,14
2015-02-25,CE,gasolina,56.2890,16
2015-02-25,DF,etanol,24.5800,9
2015-02-25,DF,gasolina,31.8600,9
2015-02-25,ES,diesel_s10,70.4500,24
2015-02-25,ES,etanol,87.0700,31
2015-02-25,ES,gasolina,152.5100,44
2015-02-25,GO,diesel_s10,140.9760,47
2015-02-25,GO,etanol,370.9950,157
2015-02-25,GO,gasolina,539.3320,157
2015-02-25,MA,diesel_s10,129.1640,45
2015-02-25,MA,etanol,95.0390,35
2015-02-25,MA,gasolina,226.1460,67
2015-02-25,MG,diesel_s10,490.7870,165
2015-02-25,MG,etanol,805.4880,336
2015-02-25,MG,gasolina,1150.8690,341
2015-02-25,MS,diesel_s10,33.1480,10
2015-02-25,MS,etanol,32.7600,13
2015-02-25,MS,gasolina,45.6520,13
2015-02-25,MT,diesel_s10,6.3800,2
2015-02-25,MT,etanol,4.0800,2
2015-02-25,MT,gasolina,6.5800,2
2015-02-25,PA,diesel_s10,122.6120,40
2015-02-25,PA,etanol,40.3660,14
2015-02-25,PA,gasolina,191.3830,54
2015-02-25,PB,diesel_s10,73.0410,26
2015-02-25,PB,etanol,103.2110,45
2015-02-25,PB,gasolina,151.3350,49
2015-02-25,PE,diesel_s10,298.9880,106
2015-02-25,PE,etanol,254.2430,103
2015-02-25,PE,gasolina,403.8730,123
2015-02-25,PI,diesel_s10,47.2930,16
2015-02-25,PI,etanol,37.7330,14
2015-02-25,PI,gasolina,87.9550,27
2015-02-25,PR,diesel_s10,284.4210,99
2015-02-25,PR,etanol,346.1680,152
2015-02-25,PR,gasolina,508.7370,153
2015-02-25,RJ,diesel_s10,136.7450,47
2015-02-25,RJ,etanol,309.0810,113
2015-02-25,RJ,gasolina,417.8760,118
2015-02-25,RO,diesel_s10,105.0650,33
2015-02-25,RO,etanol,74.2570,27
2015-02-25,RO,gasolina,171.0330,48
2015-02-25,RR,diesel_s10,9.7900,3
2015-02-25,RR,etanol,6.2400,2
2015-02-25,RR,gasolina,14.2100,4
2015-02-25,RS,diesel_s10,116.2960,39
2015-02-25,RS,etanol,99.4200,36
2015-02-25,RS,gasolina,191.7630,56
2015-02-25,SC,diesel_s10,236.9420,81
2015-02-25,SC,etanol,279.8360,108
2015-02-25,SC,gasolina,400.8390,121
2015-02-25,SE,diesel_s10,102.6110,34
2015-02-25,SE,etanol,79.8700,31
2015-02-25,SE,gasolina,123.7770,37
2015-02-25,SP,diesel_s10,555.2890,191
2015-02-25,SP,etanol,801.5180,376
2015-02-25,SP,gasolina,1190.1310,373
2015-02-25,TO,diesel_s10,26.9390,9
2015-02-25,TO,etanol,41.0580,16
2015-02-25,TO,gasolina,55.6480,16
2015-02-26,AC,diesel_s10,24.6100,7
2015-02-26,AC,etanol,6.8000,2
2015-02-26,AC,gasolina,68.6600,17
2015-02-26,AL,gasolina,3.2490,1
2015-02-26,AM,diesel_s10,2.9300,1
2015-02-26,AM,gasolina,6.8000,2
2015-02-26,AP,diesel_s10,30.3800,9
2015-02-26,AP,etanol,2.9000,1
2015-02-26,AP,gasolina,38.5190,11
2015-02-26,BA,diesel_s10,135.6680,46
2015-02-26,BA,etanol,180.6260,72
2015-02-26,BA,gasolina,303.0950,86
2015-02-26,CE,diesel_s10,12.2970,4
2015-02-26,CE,etanol,10.3960,4
2015-02-26,CE,gasolina,16.9600,5
2015-02-26,ES,diesel_s10,126.8200,44
2015-02-26,ES,etanol,228.5200,83
2015-02-26,ES,gasolina,336.8400,100
2015-02-26,GO,etanol,11.7500,5
2015-02-26,GO,gasolina,17.6000,5
2015-02-26,MA,diesel_s10,17.7900,6
2015-02-26,MA,etanol,16.8300,6
2015-02-26,MA,gasolina,35.6590,10
2015-02-26,MG,diesel_s10,246.7120,84
2015-02-26,MG,etanol,451.2620,190
2015-02-26,MG,gasolina,639.3050,192
2015-02-26,MS,diesel_s10,41.9660,13
2015-02-26,MS,etanol,40.9660,16
2015-02-26,MS,gasolina,57.2020,16
2015-02-26,MT,diesel_s10,131.0440,40
2015-02-26,MT,etanol,128.8230,57
2015-02-26,MT,gasolina,199.0850,57
2015-02-26,PA,diesel_s10,88.4780,28
2015-02-26,PA,etanol,24.0890,8
2015-02-26,PA,gasolina,149.6510,41
2015-02-26,PB,diesel_s10,31.6780,11
2015-02-26,PB,etanol,37.3670,16
2015-02-26,PB,gasolina,68.8650,22
2015-02-26,PE,diesel_s10,76.8000,27
2015-02-26,PE,etanol,71.6920,28
2015-02-26,PE,gasolina,127.3990,38
2015-02-26,PI,diesel_s10,20.6950,7
2015-02-26,PI,etanol,5.7800,2
2015-02-26,PI,gasolina,33.2450,10
2015-02-26,PR,diesel_s10,115.0450,41
2015-02-26,PR,etanol,178.6470,79
2015-02-26,PR,gasolina,262.5780,80
2015-02-26,RJ,diesel_s10,188.5680,64
2015-02-26,RJ,etanol,383.3880,142
2015-02-26,RJ,gasolina,503.0350,144
2015-02-26,RN,diesel_s10,77.9680,26
2015-02-26,RN,etanol,107.4350,41
2015-02-26,RN,gasolina,152.7770,46
2015-02-26,RO,diesel_s10,36.0100,11
2015-02-26,RO,etanol,39.7800,14
2015-02-26,RO,gasolina,54.8490,15
2015-02-26,RR,diesel_s10,6.4200,2
2015-02-26,RR,gasolina,7.1200,2
2015-02-26,RS,diesel_s10,357.8970,119
2015-02-26,RS,etanol,351.1050,129
2015-02-26,RS,gasolina,625.8830,182
2015-02-26,SC,diesel_s10,195.7810,66
2015-02-26,SC,etanol,187.0820,70
2015-02-26,SC,gasolina,271.8760,81
2015-02-26,SE,diesel_s10,5.8000,2
2015-02-26,SE,etanol,5.0400,2
2015-02-26,SE,gasolina,10.1500,3
2015-02-26,SP,diesel_s10,101.5680,36
2015-02-26,SP,etanol,178.8810,85
2015-02-26,SP,gasolina,265.1120,84
2015-02-26,TO,diesel_s10,15.0690,5
2015-02-26,TO,etanol,15.2580,6
2015-02-26,TO,gasolina,27.8640,8
2015-02-27,AC,diesel_s10,67.4100,20
2015-02-27,AC,etanol,44.8700,15
2015-02-27,AC,gasolina,86.2420,23
2015-02-27,CE,gasolina,3.3500,1
2015-02-27,MG,diesel_s10,3.0390,1
2015-02-27,MG,etanol,2.6790,1
2015-02-27,MG,gasolina,3.3990,1
2015-02-27,PB,etanol,2.3000,1
2015-02-27,PB,gasolina,3.2300,1
2015-02-27,PE,diesel_s10,90.1740,32
2015-02-27,PE,etanol,81.0630,34
2015-02-27,PE,gasolina,116.6080,36
2015-02-27,RJ,diesel_s10,18.3310,6
2015-02-27,RJ,etanol,28.3530,10
2015-02-27,RJ,gasolina,43.8130,12
2015-02-27,RR,diesel_s10,3.2000,1
2015-02-27,RR,gasolina,7.0000,2
2015-02-27,SP,diesel_s10,31.3390,11
2015-02-27,SP,etanol,40.4910,20
2015-02-27,SP,gasolina,64.1510,20
2015-03-02,AC,diesel_s10,20.9300,6
2015-03-02,AC,etanol,18.8600,6
2015-03-02,AC,gasolina,34.6600,9
2015-03-02,AL,diesel_s10,83.0020,29
2015-03-02,AL,etanol,98.7800,38
2015-03-02,AL,gasolina,139.3870,42
2015-03-02,AM,diesel_s10,40.4900,13
2015-03-02,AM,etanol,39.7790,15
2015-03-02,AM,gasolina,92.5200,25
2015-03-02,AP,diesel_s10,9.8900,3
2015-03-02,AP,gasolina,41.7900,12
2015-03-02,BA,diesel_s10,209.8930,71
2015-03-02,BA,etanol,344.6510,137
2015-03-02,BA,gasolina,502.0450,144
2015-03-02,CE,diesel_s10,66.8880,22
2015-03-02,CE,etanol,44.3620,17
2015-03-02,CE,gasolina,85.0180,25
2015-03-02,ES,diesel_s10,55.4790,19
2015-03-02,ES,etanol,37.5900,13
2015-03-02,ES,gasolina,73.0400,21
2015-03-02,MG,diesel_s10,475.9700,161
2015-03-02,MG,etanol,791.5090,326
2015-03-02,MG,gasolina,1153.1080,340
2015-03-02,MS,diesel_s10,68.2850,21
2015-03-02,MS,etanol,83.3770,33
2015-03-02,MS,gasolina,116.2550,33
2015-03-02,MT,diesel_s10,74.1070,23
2015-03-02,MT,etanol,93.7840,43
2015-03-02,MT,gasolina,144.5370,43
2015-03-02,PA,diesel_s10,100.6110,33
2015-03-02,PA,etanol,48.6160,17
2015-03-02,PA,gasolina,122.9590,37
2015-03-02,PB,diesel_s10,17.7060,6
2015-03-02,PB,etanol,15.3760,6
2015-03-02,PB,gasolina,20.0660,6
2015-03-02,PE,diesel_s10,227.3180,81
2015-03-02,PE,etanol,192.8870,81
2015-03-02,PE,gasolina,276.5920,86
2015-03-02,PI,diesel_s10,47.5340,16
2015-03-02,PI,etanol,45.6910,17
2015-03-02,PI,gasolina,80.9810,25
2015-03-02,PR,diesel_s10,234.9130,82
2015-03-02,PR,etanol,348.5690,153
2015-03-02,PR,gasolina,506.0710,151
2015-03-02,RJ,diesel_s10,408.0980,139
2015-03-02,RJ,etanol,764.2520,284
2015-03-02,RJ,gasolina,1002.5100,287
2015-03-02,RN,diesel_s10,75.2160,25
2015-03-02,RN,etanol,97.6500,37
2015-03-02,RN,gasolina,140.2050,42
2015-03-02,RO,diesel_s10,63.2140,20
2015-03-02,RO,etanol,64.7230,23
2015-03-02,RO,gasolina,102.1310,29
2015-03-02,RR,diesel_s10,9.6600,3
2015-03-02,RR,etanol,3.1900,1
2015-03-02,RR,gasolina,10.6900,3
2015-03-02,RS,diesel_s10,357.1740,120
2015-03-02,RS,etanol,449.4250,169
2015-03-02,RS,gasolina,785.5360,235
2015-03-02,SC,diesel_s10,282.5360,97
2015-03-02,SC,etanol,273.4630,103
2015-03-02,SC,gasolina,406.5970,123
2015-03-02,SE,diesel_s10,73.2300,24
2015-03-02,SE,etanol,67.9990,26
2015-03-02,SE,gasolina,91.4680,27
2015-03-02,SP,diesel_s10,1465.0660,511
2015-03-02,SP,etanol,2041.2580,962
2015-03-02,SP,gasolina,3058.5230,960
2015-03-02,TO,diesel_s10,17.9820,6
2015-03-02,TO,etanol,35.2080,14
2015-03-02,TO,gasolina,37.6810,11
2015-03-03,AC,diesel_s10,33.7000,10
2015-03-03,AC,etanol,29.7700,10
2015-03-03,AC,gasolina,44.9000,12
2015-03-03,AL,diesel_s10,49.7240,17
2015-03-03,AL,etanol,99.8460,39
2015-03-03,AL,gasolina,137.8900,42
2015-03-03,AM,diesel_s10,110.5490,36
2015-03-03,AM,etanol,159.3260,59
2015-03-03,AM,gasolina,286.1100,79
2015-03-03,AP,diesel_s10,3.5900,1
2015-03-03,AP,gasolina,10.5900,3
2015-03-03,BA,diesel_s10,250.2510,84
2015-03-03,BA,etanol,341.2450,136
2015-03-03,BA,gasolina,502.7210,145
2015-03-03,CE,diesel_s10,393.1550,130
2015-03-03,CE,etanol,419.4480,160
2015-03-03,CE,gasolina,625.5960,185
2015-03-03,ES,diesel_s10,23.4800,8
2015-03-03,ES,etanol,14.2100,5
2015-03-03,ES,gasolina,34.2900,10
2015-03-03,GO,diesel_s10,153.1490,50
2015-03-03,GO,etanol,224.4290,93
2015-03-03,GO,gasolina,318.0920,91
2015-03-03,MA,diesel_s10,39.6470,14
2015-03-03,MA,etanol,33.3030,12
2015-03-03,MA,gasolina,86.9640,26
2015-03-03,MG,diesel_s10,294.9520,99
2015-03-03,MG,etanol,516.4640,215
2015-03-03,MG,gasolina,744.1730,220
2015-03-03,MS,diesel_s10,124.9680,39
2015-03-03,MS,etanol,120.8490,50
2015-03-03,MS,gasolina,169.3530,50
2015-03-03,MT,diesel_s10,138.1110,42
2015-03-03,MT,etanol,143.7450,65
2015-03-03,MT,gasolina,223.7740,65
2015-03-03,PA,diesel_s10,87.5650,28
2015-03-03,PA,etanol,40.1380,14
2015-03-03,PA,gasolina,138.2520,38
2015-03-03,PB,diesel_s10,42.6660,15
2015-03-03,PB,etanol,60.1740,26
2015-03-03,PB,gasolina,90.7440,29
2015-03-03,PE,diesel_s10,84.5940,30
2015-03-03,PE,etanol,83.5880,35
2015-03-03,PE,gasolina,116.1140,36
2015-03-03,PI,diesel_s10,108.7900,36
2015-03-03,PI,etanol,77.9460,29
2015-03-03,PI,gasolina,166.8640,51
2015-03-03,PR,diesel_s10,323.5160,112
2015-03-03,PR,etanol,399.8050,174
2015-03-03,PR,gasolina,586.8620,175
2015-03-03,RJ,diesel_s10,311.3240,104
2015-03-03,RJ,etanol,678.8550,254
2015-03-03,RJ,gasolina,896.2480,257
2015-03-03,RN,diesel_s10,128.7380,43
2015-03-03,RN,etanol,155.5730,59
2015-03-03,RN,gasolina,237.7120,72
2015-03-03,RR,diesel_s10,44.2900,14
2015-03-03,RR,etanol,23.1500,8
2015-03-03,RR,gasolina,70.5690,20
2015-03-03,RS,diesel_s10,196.4620,66
2015-03-03,RS,etanol,230.4080,86
2015-03-03,RS,gasolina,390.3470,116
2015-03-03,SC,diesel_s10,121.1000,41
2015-03-03,SC,etanol,156.5300,59
2015-03-03,SC,gasolina,221.8990,68
2015-03-03,SE,diesel_s10,23.5890,8
2015-03-03,SE,etanol,17.6840,7
2015-03-03,SE,gasolina,30.0320,9
2015-03-03,SP,diesel_s10,1518.3200,528
2015-03-03,SP,etanol,2006.6510,945
2015-03-03,SP,gasolina,3003.9030,935
2015-03-03,TO,diesel_s10,68.1630,23
2015-03-03,TO,etanol,76.5150,30
2015-03-03,TO,gasolina,114.5590,33
2015-03-04,AC,diesel_s10,31.3100,9
2015-03-04,AC,etanol,24.8000,8
2015-03-04,AC,gasolina,41.8170,11
2015-03-04,AL,diesel_s10,17.4010,6
2015-03-04,AL,etanol,26.2470,10
2015-03-04,AL,gasolina,29.6080,9
2015-03-04,AM,diesel_s10,9.0400,3
2015-03-04,AM,etanol,2.5900,1
2015-03-04,AM,gasolina,25.3400,7
2015-03-04,BA,diesel_s10,112.9210,39
2015-03-04,BA,etanol,195.2990,79
2015-03-04,BA,gasolina,274.3560,80
2015-03-04,CE,diesel_s10,20.8300,7
2015-03-04,CE,etanol,34.5380,13
2015-03-04,CE,gasolina,56.5800,16
2015-03-04,DF,diesel_s10,44.5280,15
2015-03-04,DF,etanol,218.8180,80
2015-03-04,DF,gasolina,283.0580,80
2015-03-04,ES,diesel_s10,79.4600,27
2015-03-04,ES,etanol,87.2700,31
2015-03-04,ES,gasolina,152.1700,44
2015-03-04,GO,diesel_s10,134.8260,45
2015-03-04,GO,etanol,339.9250,144
2015-03-04,GO,gasolina,493.9270,144
2015-03-04,MA,diesel_s10,147.0510,51
2015-03-04,MA,etanol,132.8870,49
2015-03-04,MA,gasolina,339.4050,101
2015-03-04,MG,diesel_s10,515.1520,173
2015-03-04,MG,etanol,780.5150,326
2015-03-04,MG,gasolina,1113.7030,331
2015-03-04,MS,diesel_s10,74.5840,23
2015-03-04,MS,etanol,69.8090,29
2015-03-04,MS,gasolina,98.4660,29
2015-03-04,MT,diesel_s10,6.2800,2
2015-03-04,MT,etanol,4.1900,2
2015-03-04,MT,gasolina,6.6400,2
2015-03-04,PA,diesel_s10,106.4420,34
2015-03-04,PA,etanol,42.8320,15
2015-03-04,PA,gasolina,172.6070,49
2015-03-04,PB,diesel_s10,69.4940,24
2015-03-04,PB,etanol,74.5480,32
2015-03-04,PB,gasolina,106.9030,33
2015-03-04,PE,diesel_s10,391.7400,138
2015-03-04,PE,etanol,350.3350,142
2015-03-04,PE,gasolina,534.7940,163
2015-03-04,PI,diesel_s10,23.3080,8
2015-03-04,PI,etanol,16.9180,6
2015-03-04,PI,gasolina,46.4550,14
2015-03-04,PR,diesel_s10,162.4130,57
2015-03-04,PR,etanol,248.9500,110
2015-03-04,PR,gasolina,364.7840,111
2015-03-04,RJ,diesel_s10,125.8960,43
2015-03-04,RJ,etanol,230.9290,85
2015-03-04,RJ,gasolina,316.8610,90
2015-03-04,RO,diesel_s10,92.3140,29
2015-03-04,RO,etanol,79.7270,29
2015-03-04,RO,gasolina,173.7550,49
2015-03-04,RR,diesel_s10,12.9800,4
2015-03-04,RR,etanol,9.1300,3
2015-03-04,RR,gasolina,17.7500,5
2015-03-04,RS,diesel_s10,98.4200,33
2015-03-04,RS,etanol,84.3320,31
2015-03-04,RS,gasolina,169.1270,50
2015-03-04,SC,diesel_s10,208.2300,71
2015-03-04,SC,etanol,266.6930,102
2015-03-04,SC,gasolina,372.4480,111
2015-03-04,SE,diesel_s10,41.2100,14
2015-03-04,SE,etanol,22.8420,9
2015-03-04,SE,gasolina,49.4770,15
2015-03-04,SP,diesel_s10,287.3170,99
2015-03-04,SP,etanol,358.7150,169
2015-03-04,SP,gasolina,536.8520,167
2015-03-04,TO,diesel_s10,2.8800,1
2015-03-04,TO,etanol,7.8300,3
2015-03-04,TO,gasolina,9.8700,3
2015-03-05,AC,diesel_s10,28.0000,8
2015-03-05,AC,etanol,10.1500,3
2015-03-05,AC,gasolina,72.4000,18
2015-03-05,AL,gasolina,3.2490,1
2015-03-05,AM,diesel_s10,2.9300,1
2015-03-05,AM,gasolina,6.9000,2
2015-03-05,AP,diesel_s10,30.5000,9
2015-03-05,AP,etanol,6.1000,2
2015-03-05,AP,gasolina,41.8000,12
2015-03-05,BA,diesel_s10,84.1470,28
2015-03-05,BA,etanol,96.7510,38
2015-03-05,BA,gasolina,181.5790,51
2015-03-05,ES,diesel_s10,138.6300,48
2015-03-05,ES,etanol,224.9000,82
2015-03-05,ES,gasolina,337.6100,100
2015-03-05,GO,diesel_s10,18.1070,6
2015-03-05,GO,etanol,41.4810,18
2015-03-05,GO,gasolina,62.9630,18
2015-03-05,MA,diesel_s10,17.7900,6
2015-03-05,MA,etanol,16.8300,6
2015-03-05,MA,gasolina,35.5590,10
2015-03-05,MG,diesel_s10,105.5910,36
2015-03-05,MG,etanol,184.7570,75
2015-03-05,MG,gasolina,254.4590,75
2015-03-05,MS,diesel_s10,41.9660,13
2015-03-05,MS,etanol,40.8660,16
2015-03-05,MS,gasolina,57.2020,16
2015-03-05,MT,diesel_s10,51.4940,16
2015-03-05,MT,etanol,66.2260,31
2015-03-05,MT,gasolina,102.2220,31
2015-03-05,PA,diesel_s10,135.5410,44
2015-03-05,PA,etanol,52.2930,18
2015-03-05,PA,gasolina,203.2070,57
2015-03-05,PB,diesel_s10,65.1690,23
2015-03-05,PB,etanol,98.7770,43
2015-03-05,PB,gasolina,151.6310,49
2015-03-05,PE,diesel_s10,76.8900,27
2015-03-05,PE,etanol,69.1630,27
2015-03-05,PE,gasolina,128.0590,38
2015-03-05,PI,diesel_s10,20.6950,7
2015-03-05,PI,etanol,5.7800,2
2015-03-05,PI,gasolina,33.1140,10
2015-03-05,PR,diesel_s10,194.9390,68
2015-03-05,PR,etanol,238.6920,106
2015-03-05,PR,gasolina,360.1790,108
2015-03-05,RJ,diesel_s10,112.0370,38
2015-03-05,RJ,etanol,230.1220,86
2015-03-05,RJ,gasolina,312.5530,89
2015-03-05,RO,diesel_s10,35.9300,11
2015-03-05,RO,etanol,37.3400,13
2015-03-05,RO,gasolina,51.6800,14
2015-03-05,RR,diesel_s10,6.4200,2
2015-03-05,RR,gasolina,7.1200,2
2015-03-05,RS,diesel_s10,381.7720,127
2015-03-05,RS,etanol,395.8000,146
2015-03-05,RS,gasolina,691.2660,201
2015-03-05,SC,diesel_s10,90.5970,31
2015-03-05,SC,etanol,66.2980,25
2015-03-05,SC,gasolina,128.4510,38
2015-03-05,SE,diesel_s10,5.8600,2
2015-03-05,SE,etanol,5.0700,2
2015-03-05,SE,gasolina,10.2100,3
2015-03-05,SP,diesel_s10,429.2630,146
2015-03-05,SP,etanol,629.3010,296
2015-03-05,SP,gasolina,950.4950,298
2015-03-05,TO,diesel_s10,18.2090,6
2015-03-05,TO,etanol,15.8390,6
2015-03-05,TO,gasolina,28.0300,8
2015-03-09,AC,diesel_s10,45.7600,13
2015-03-09,AC,etanol,44.1500,14
2015-03-09,AC,gasolina,94.4000,24
2015-03-09,AL,diesel_s10,60.4080,21
2015-03-09,AL,etanol,99.3860,38
2015-03-09,AL,gasolina,129.1290,39
2015-03-09,AM,diesel_s10,33.3000,11
2015-03-09,AM,etanol,58.5790,22
2015-03-09,AM,gasolina,99.9250,28
2015-03-09,AP,diesel_s10,3.4000,1
2015-03-09,AP,gasolina,11.0900,3
2015-03-09,BA,diesel_s10,49.8770,17
2015-03-09,BA,etanol,84.5710,34
2015-03-09,BA,gasolina,124.5090,36
2015-03-09,CE,diesel_s10,20.6590,7
2015-03-09,CE,etanol,50.5780,19
2015-03-09,CE,gasolina,78.3150,23
2015-03-09,ES,diesel_s10,84.4400,29
2015-03-09,ES,etanol,51.7700,18
2015-03-09,ES,gasolina,120.4500,35
2015-03-09,MA,diesel_s10,23.3700,8
2015-03-09,MA,etanol,19.1900,7
2015-03-09,MA,gasolina,34.0100,10
2015-03-09,MG,diesel_s10,404.8670,137
2015-03-09,MG,etanol,606.6380,250
2015-03-09,MG,gasolina,872.8240,257
2015-03-09,MS,diesel_s10,72.1080,22
2015-03-09,MS,etanol,82.6290,33
2015-03-09,MS,gasolina,123.0210,35
2015-03-09,MT,diesel_s10,33.6550,10
2015-03-09,MT,etanol,40.8570,18
2015-03-09,MT,gasolina,60.2820,17
2015-03-09,PA,diesel_s10,18.2300,6
2015-03-09,PA,etanol,11.4200,4
2015-03-09,PA,gasolina,36.7700,10
2015-03-09,PB,diesel_s10,29.0450,10
2015-03-09,PB,etanol,29.3510,12
2015-03-09,PB,gasolina,39.3450,12
2015-03-09,PE,diesel_s10,283.1790,100
2015-03-09,PE,etanol,235.1750,97
2015-03-09,PE,gasolina,361.5630,111
2015-03-09,PI,diesel_s10,14.9860,5
2015-03-09,PI,etanol,13.4950,5
2015-03-09,PI,gasolina,25.8120,8
2015-03-09,PR,diesel_s10,312.9160,109
2015-03-09,PR,etanol,451.8150,198
2015-03-09,PR,gasolina,657.2020,195
2015-03-09,RJ,diesel_s10,153.1490,52
2015-03-09,RJ,etanol,267.4440,99
2015-03-09,RJ,gasolina,362.3990,103
2015-03-09,RO,diesel_s10,45.0280,14
2015-03-09,RO,etanol,28.3080,10
2015-03-09,RO,gasolina,47.1280,13
2015-03-09,RS,diesel_s10,579.6730,195
2015-03-09,RS,etanol,685.3330,257
2015-03-09,RS,gasolina,1177.3160,352
2015-03-09,SC,diesel_s10,314.8250,108
2015-03-09,SC,etanol,313.1800,118
2015-03-09,SC,gasolina,504.8890,152
2015-03-09,SE,diesel_s10,23.5390,8
2015-03-09,SE,etanol,17.7840,7
2015-03-09,SE,gasolina,30.0320,9
2015-03-09,SP,diesel_s10,749.0620,260
2015-03-09,SP,etanol,1086.2700,508
2015-03-09,SP,gasolina,1615.9250,506
2015-03-09,TO,diesel_s10,41.6360,14
2015-03-09,TO,etanol,33.1220,13
2015-03-09,TO,gasolina,49.2800,14
2015-03-10,AC,diesel_s10,41.5100,12
2015-03-10,AC,etanol,21.4300,7
2015-03-10,AC,gasolina,69.4500,18
2015-03-10,AL,diesel_s10,45.5330,16
2015-03-10,AL,etanol,72.0150,28
2015-03-10,AL,gasolina,101.3310,31
2015-03-10,AM,diesel_s10,66.6090,21
2015-03-10,AM,etanol,96.6090,35
2015-03-10,AM,gasolina,207.6800,57
2015-03-10,AP,diesel_s10,13.8500,4
2015-03-10,AP,gasolina,32.1200,9
2015-03-10,BA,diesel_s10,288.6610,97
2015-03-10,BA,etanol,475.3140,191
2015-03-10,BA,gasolina,697.5280,202
2015-03-10,CE,diesel_s10,373.8510,123
2015-03-10,CE,etanol,387.8250,147
2015-03-10,CE,gasolina,586.7230,172
2015-03-10,ES,diesel_s10,41.4400,14
2015-03-10,ES,etanol,56.1990,20
2015-03-10,ES,gasolina,97.0290,28
2015-03-10,GO,diesel_s10,152.8140,50
2015-03-10,GO,etanol,237.1460,98
2015-03-10,GO,gasolina,339.5580,97
2015-03-10,MA,diesel_s10,46.2170,16
2015-03-10,MA,etanol,33.2780,12
2015-03-10,MA,gasolina,77.0550,22
2015-03-10,MG,diesel_s10,428.6400,144
2015-03-10,MG,etanol,731.9780,304
2015-03-10,MG,gasolina,1033.4430,304
2015-03-10,MS,diesel_s10,141.4150,44
2015-03-10,MS,etanol,149.0540,62
2015-03-10,MS,gasolina,209.1850,62
2015-03-10,MT,diesel_s10,174.7810,54
2015-03-10,MT,etanol,194.1870,89
2015-03-10,MT,gasolina,299.3340,89
2015-03-10,PA,diesel_s10,227.7880,73
2015-03-10,PA,etanol,114.9920,40
2015-03-10,PA,gasolina,340.6220,96
2015-03-10,PB,diesel_s10,81.1190,28
2015-03-10,PB,etanol,96.0930,41
2015-03-10,PB,gasolina,152.0580,47
2015-03-10,PE,diesel_s10,434.8950,153
2015-03-10,PE,etanol,419.6110,170
2015-03-10,PE,gasolina,615.1870,186
2015-03-10,PI,diesel_s10,162.0670,54
2015-03-10,PI,etanol,120.6130,44
2015-03-10,PI,gasolina,242.0890,74
2015-03-10,PR,diesel_s10,242.4430,85
2015-03-10,PR,etanol,341.4940,150
2015-03-10,PR,gasolina,502.5030,151
2015-03-10,RJ,diesel_s10,461.2150,157
2015-03-10,RJ,etanol,922.0010,342
2015-03-10,RJ,gasolina,1232.5870,350
2015-03-10,RN,diesel_s10,165.6010,55
2015-03-10,RN,etanol,248.2550,94
2015-03-10,RN,gasolina,355.6040,107
2015-03-10,RO,diesel_s10,105.7190,33
2015-03-10,RO,etanol,94.7290,33
2015-03-10,RO,gasolina,158.1690,44
2015-03-10,RR,diesel_s10,44.0500,14
2015-03-10,RR,etanol,23.1500,8
2015-03-10,RR,gasolina,66.9200,19
2015-03-10,RS,diesel_s10,198.2960,66
2015-03-10,RS,etanol,207.4160,76
2015-03-10,RS,gasolina,359.9400,104
2015-03-10,SC,diesel_s10,137.3140,47
2015-03-10,SC,etanol,161.7990,61
2015-03-10,SC,gasolina,224.6330,69
2015-03-10,SE,diesel_s10,23.5680,8
2015-03-10,SE,etanol,10.5070,4
2015-03-10,SE,gasolina,19.6920,6
2015-03-10,SP,diesel_s10,2072.0100,723
2015-03-10,SP,etanol,2829.9760,1349
2015-03-10,SP,gasolina,4288.4790,1342
2015-03-10,TO,diesel_s10,17.5890,6
2015-03-10,TO,etanol,40.0250,16
2015-03-10,TO,gasolina,50.9550,15
2015-03-11,AL,diesel_s10,29.2030,10
2015-03-11,AL,etanol,55.9960,22
2015-03-11,AL,gasolina,78.0700,24
2015-03-11,AM,diesel_s10,30.8100,10
2015-03-11,AM,etanol,45.4500,17
2015-03-11,AM,gasolina,95.4250,26
2015-03-11,AP,diesel_s10,36.6400,11
2015-03-11,AP,gasolina,40.4500,12
2015-03-11,BA,diesel_s10,173.9690,59
2015-03-11,BA,etanol,246.0710,97
2015-03-11,BA,gasolina,369.0870,105
2015-03-11,CE,diesel_s10,88.4480,29
2015-03-11,CE,etanol,73.1800,28
2015-03-11,CE,gasolina,105.4050,31
2015-03-11,DF,diesel_s10,95.4580,32
2015-03-11,DF,etanol,217.8350,80
2015-03-11,DF,gasolina,282.3380,80
2015-03-11,ES,diesel_s10,41.1200,14
2015-03-11,ES,etanol,46.6200,16
2015-03-11,ES,gasolina,73.3900,21
2015-03-11,GO,diesel_s10,119.3710,40
2015-03-11,GO,etanol,351.7720,150
2015-03-11,GO,gasolina,514.2810,150
2015-03-11,MA,diesel_s10,118.2840,41
2015-03-11,MA,etanol,84.7670,31
2015-03-11,MA,gasolina,209.3470,61
2015-03-11,MG,diesel_s10,530.5510,178
2015-03-11,MG,etanol,910.8530,378
2015-03-11,MG,gasolina,1312.2470,391
2015-03-11,MS,diesel_s10,80.1970,25
2015-03-11,MS,etanol,77.4220,32
2015-03-11,MS,gasolina,99.8870,30
2015-03-11,MT,diesel_s10,48.0530,15
2015-03-11,MT,etanol,72.2780,33
2015-03-11,MT,gasolina,110.7780,33
2015-03-11,PA,diesel_s10,167.8010,54
2015-03-11,PA,etanol,58.8300,20
2015-03-11,PA,gasolina,232.5040,66
2015-03-11,PB,diesel_s10,37.0550,13
2015-03-11,PB,etanol,59.6510,26
2015-03-11,PB,gasolina,83.3720,27
2015-03-11,PE,diesel_s10,28.4540,10
2015-03-11,PE,etanol,29.6240,12
2015-03-11,PE,gasolina,42.1530,13
2015-03-11,PI,diesel_s10,32.2640,11
2015-03-11,PI,etanol,13.8490,5
2015-03-11,PI,gasolina,60.0100,18
2015-03-11,PR,diesel_s10,266.4530,93
2015-03-11,PR,etanol,394.3040,175
2015-03-11,PR,gasolina,576.3790,175
2015-03-11,RJ,diesel_s10,350.7550,117
2015-03-11,RJ,etanol,654.5380,244
2015-03-11,RJ,gasolina,885.3480,252
2015-03-11,RN,diesel_s10,11.9400,4
2015-03-11,RN,etanol,7.6280,3
2015-03-11,RN,gasolina,20.1580,6
2015-03-11,RO,diesel_s10,54.3590,17
2015-03-11,RO,etanol,59.5390,22
2015-03-11,RO,gasolina,127.1280,36
2015-03-11,RR,diesel_s10,29.0600,9
2015-03-11,RR,etanol,12.3400,4
2015-03-11,RR,gasolina,35.6400,10
2015-03-11,RS,diesel_s10,212.7450,71
2015-03-11,RS,etanol,237.0520,88
2015-03-11,RS,gasolina,420.4580,125
2015-03-11,SC,diesel_s10,281.1390,96
2015-03-11,SC,etanol,309.5090,119
2015-03-11,SC,gasolina,437.7900,131
2015-03-11,SE,diesel_s10,96.5890,32
2015-03-11,SE,etanol,82.8010,32
2015-03-11,SE,gasolina,131.1610,39
2015-03-11,SP,diesel_s10,479.9270,165
2015-03-11,SP,etanol,690.0420,319
2015-03-11,SP,gasolina,1024.0360,317
2015-03-11,TO,diesel_s10,39.1980,13
2015-03-11,TO,etanol,52.0150,20
2015-03-11,TO,gasolina,76.6360,22
2015-03-12,AC,diesel_s10,23.7780,7
2015-03-12,AC,etanol,18.1090,6
2015-03-12,AC,gasolina,30.0600,8
2015-03-12,AM,diesel_s10,2.9500,1
2015-03-12,AM,etanol,2.6500,1
2015-03-12,AM,gasolina,3.4900,1
2015-03-12,BA,diesel_s10,131.3710,45
2015-03-12,BA,etanol,168.9040,68
2015-03-12,BA,gasolina,269.5930,78
2015-03-12,CE,diesel_s10,2.9790,1
2015-03-12,CE,etanol,2.6690,1
2015-03-12,CE,gasolina,3.4990,1
2015-03-12,ES,diesel_s10,89.4600,31
2015-03-12,ES,etanol,211.7600,77
2015-03-12,ES,gasolina,306.9100,92
2015-03-12,GO,diesel_s10,5.9690,2
2015-03-12,GO,etanol,16.5370,7
2015-03-12,GO,gasolina,24.5880,7
2015-03-12,MA,diesel_s10,26.0730,9
2015-03-12,MA,etanol,52.4110,19
2015-03-12,MA,gasolina,148.6830,45
2015-03-12,MG,diesel_s10,23.7030,8
2015-03-12,MG,etanol,30.2950,12
2015-03-12,MG,gasolina,43.7230,13
2015-03-12,MS,diesel_s10,3.2900,1
2015-03-12,MS,etanol,2.5900,1
2015-03-12,MS,gasolina,3.6300,1
2015-03-12,MT,diesel_s10,6.3980,2
2015-03-12,MT,etanol,4.4980,2
2015-03-12,MT,gasolina,7.0070,2
2015-03-12,PA,diesel_s10,15.7190,5
2015-03-12,PA,etanol,3.2900,1
2015-03-12,PA,gasolina,36.8900,10
2015-03-12,PB,diesel_s10,41.7920,15
2015-03-12,PB,etanol,62.1580,27
2015-03-12,PB,gasolina,94.6370,31
2015-03-12,PE,diesel_s10,25.2670,9
2015-03-12,PE,etanol,25.7790,11
2015-03-12,PE,gasolina,37.6830,12
2015-03-12,PR,diesel_s10,80.9650,28
2015-03-12,PR,etanol,91.6950,39
2015-03-12,PR,gasolina,131.5770,39
2015-03-12,RJ,diesel_s10,33.0980,11
2015-03-12,RJ,etanol,51.3340,19
2015-03-12,RJ,gasolina,73.7160,21
2015-03-12,RR,diesel_s10,3.2000,1
2015-03-12,RR,gasolina,7.1000,2
2015-03-12,RS,diesel_s10,63.1940,21
2015-03-12,RS,etanol,58.2880,21
2015-03-12,RS,gasolina,104.2270,30
2015-03-12,SC,diesel_s10,54.5660,19
2015-03-12,SC,etanol,76.9560,29
2015-03-12,SC,gasolina,100.1580,31
2015-03-12,SP,diesel_s10,258.2470,88
2015-03-12,SP,etanol,420.3720,196
2015-03-12,SP,gasolina,632.4930,196
2015-03-12,TO,diesel_s10,3.0500,1
2015-03-12,TO,etanol,7.8000,3
2015-03-12,TO,gasolina,10.6400,3
2015-03-16,AC,diesel_s10,32.2500,9
2015-03-16,AC,etanol,26.3200,8
2015-03-16,AC,gasolina,68.1500,17
2015-03-16,AL,diesel_s10,48.7600,17
2015-03-16,AL,etanol,52.6300,20
2015-03-16,AL,gasolina,67.0150,20
2015-03-16,AM,diesel_s10,59.6100,20
2015-03-16,AM,etanol,68.8590,26
2015-03-16,AM,gasolina,145.9800,41
2015-03-16,AP,diesel_s10,3.4000,1
2015-03-16,AP,gasolina,11.0900,3
2015-03-16,BA,diesel_s10,61.7460,21
2015-03-16,BA,etanol,102.3270,41
2015-03-16,BA,gasolina,149.3530,43
2015-03-16,CE,diesel_s10,17.6690,6
2015-03-16,CE,etanol,53.1470,20
2015-03-16,CE,gasolina,81.6830,24
2015-03-16,ES,diesel_s10,84.4800,29
2015-03-16,ES,etanol,51.6600,18
2015-03-16,ES,gasolina,120.2500,35
2015-03-16,MA,diesel_s10,23.2490,8
2015-03-16,MA,etanol,16.4100,6
2015-03-16,MA,gasolina,30.5600,9
2015-03-16,MG,diesel_s10,398.7710,135
2015-03-16,MG,etanol,619.7730,257
2015-03-16,MG,gasolina,893.3980,263
2015-03-16,MS,diesel_s10,164.9740,51
2015-03-16,MS,etanol,173.5130,71
2015-03-16,MS,gasolina,243.4640,71
2015-03-16,MT,diesel_s10,152.1400,47
2015-03-16,MT,etanol,156.4950,72
2015-03-16,MT,gasolina,245.7690,73
2015-03-16,PA,diesel_s10,18.2600,6
2015-03-16,PA,etanol,11.4200,4
2015-03-16,PA,gasolina,36.9100,10
2015-03-16,PB,diesel_s10,43.7850,15
2015-03-16,PB,etanol,45.8050,19
2015-03-16,PB,gasolina,62.6160,19
2015-03-16,PE,diesel_s10,201.2070,71
2015-03-16,PE,etanol,180.9010,75
2015-03-16,PE,gasolina,283.1110,87
2015-03-16,PI,diesel_s10,65.9690,22
2015-03-16,PI,etanol,65.6750,25
2015-03-16,PI,gasolina,119.3750,37
2015-03-16,PR,diesel_s10,344.6030,120
2015-03-16,PR,etanol,497.3180,219
2015-03-16,PR,gasolina,725.6330,215
2015-03-16,RJ,diesel_s10,327.9660,110
2015-03-16,RJ,etanol,600.3690,223
2015-03-16,RJ,gasolina,809.5960,230
2015-03-16,RO,diesel_s10,41.7080,13
2015-03-16,RO,etanol,28.2580,10
2015-03-16,RO,gasolina,47.1480,13
2015-03-16,RS,diesel_s10,481.0830,161
2015-03-16,RS,etanol,535.4580,201
2015-03-16,RS,gasolina,946.1300,284
2015-03-16,SC,diesel_s10,263.0690,90
2015-03-16,SC,etanol,249.2540,93
2015-03-16,SC,gasolina,418.9620,126
2015-03-16,SE,diesel_s10,78.7220,26
2015-03-16,SE,etanol,69.4970,27
2015-03-16,SE,gasolina,97.5050,29
2015-03-16,SP,diesel_s10,1575.1510,548
2015-03-16,SP,etanol,2197.7640,1043
2015-03-16,SP,gasolina,3337.6420,1042
2015-03-16,TO,diesel_s10,41.7860,14
2015-03-16,TO,etanol,33.3520,13
2015-03-16,TO,gasolina,49.3510,14
2015-03-17,AC,diesel_s10,21.0800,6
2015-03-17,AC,etanol,6.3700,2
2015-03-17,AC,gasolina,39.4500,10
2015-03-17,AL,diesel_s10,45.6330,16
2015-03-17,AL,etanol,64.5360,25
2015-03-17,AL,gasolina,91.9020,28
2015-03-17,AM,diesel_s10,81.0990,26
2015-03-17,AM,etanol,91.4730,33
2015-03-17,AM,gasolina,196.9950,54
2015-03-17,AP,diesel_s10,13.8500,4
2015-03-17,AP,gasolina,32.1200,9
2015-03-17,BA,diesel_s10,238.7520,80
2015-03-17,BA,etanol,350.7810,142
2015-03-17,BA,gasolina,523.4440,153
2015-03-17,CE,diesel_s10,451.5390,149
2015-03-17,CE,etanol,457.5120,174
2015-03-17,CE,gasolina,685.9020,201
2015-03-17,ES,diesel_s10,41.3900,14
2015-03-17,ES,etanol,56.2190,20
2015-03-17,ES,gasolina,97.2190,28
2015-03-17,GO,diesel_s10,168.7350,55
2015-03-17,GO,etanol,232.4750,97
2015-03-17,GO,gasolina,333.4780,96
2015-03-17,MA,diesel_s10,49.1870,17
2015-03-17,MA,etanol,33.1980,12
2015-03-17,MA,gasolina,77.4050,22
2015-03-17,MG,diesel_s10,425.1400,143
2015-03-17,MG,etanol,684.8000,283
2015-03-17,MG,gasolina,958.1980,283
2015-03-17,MS,diesel_s10,83.3650,26
2015-03-17,MS,etanol,91.3820,38
2015-03-17,MS,gasolina,128.4330,38
2015-03-17,MT,diesel_s10,82.1770,25
2015-03-17,MT,etanol,96.9830,44
2015-03-17,MT,gasolina,150.3000,44
2015-03-17,PA,diesel_s10,112.4070,35
2015-03-17,PA,etanol,38.7290,13
2015-03-17,PA,gasolina,205.6600,55
2015-03-17,PB,diesel_s10,54.9000,19
2015-03-17,PB,etanol,69.8070,30
2015-03-17,PB,gasolina,100.3750,31
2015-03-17,PE,diesel_s10,350.2190,123
2015-03-17,PE,etanol,342.6410,138
2015-03-17,PE,gasolina,509.6570,153
2015-03-17,PI,diesel_s10,108.1530,36
2015-03-17,PI,etanol,68.9590,25
2015-03-17,PI,gasolina,148.6660,45
2015-03-17,PR,diesel_s10,315.7910,110
2015-03-17,PR,etanol,414.5310,181
2015-03-17,PR,gasolina,601.3620,181
2015-03-17,RJ,diesel_s10,236.9510,81
2015-03-17,RJ,etanol,433.2650,159
2015-03-17,RJ,gasolina,582.0930,163
2015-03-17,RN,diesel_s10,210.6420,70
2015-03-17,RN,etanol,252.0890,96
2015-03-17,RN,gasolina,371.6540,112
2015-03-17,RO,diesel_s10,134.2990,42
2015-03-17,RO,etanol,134.8070,48
2015-03-17,RO,gasolina,242.9770,68
2015-03-17,RR,diesel_s10,41.1400,13
2015-03-17,RR,etanol,26.3900,9
2015-03-17,RR,gasolina,63.4100,18
2015-03-17,RS,diesel_s10,222.7030,74
2015-03-17,RS,etanol,224.8900,82
2015-03-17,RS,gasolina,383.0080,111
2015-03-17,SC,diesel_s10,90.8290,31
2015-03-17,SC,etanol,87.0440,33
2015-03-17,SC,gasolina,136.4350,42
2015-03-17,SE,diesel_s10,23.5480,8
2015-03-17,SE,etanol,10.5070,4
2015-03-17,SE,gasolina,19.7020,6
2015-03-17,SP,diesel_s10,1040.0490,363
2015-03-17,SP,etanol,1477.4570,701
2015-03-17,SP,gasolina,2231.0250,695
2015-03-17,TO,diesel_s10,47.5860,16
2015-03-17,TO,etanol,73.9710,29
2015-03-17,TO,gasolina,97.3720,28
2015-03-18,AC,diesel_s10,67.9500,20
2015-03-18,AC,etanol,45.3400,15
2015-03-18,AC,gasolina,86.3700,23
2015-03-18,AL,diesel_s10,61.3460,21
2015-03-18,AL,etanol,109.5970,43
2015-03-18,AL,gasolina,149.7190,46
2015-03-18,AM,diesel_s10,25.0500,8
2015-03-18,AM,etanol,26.5600,10
2015-03-18,AM,gasolina,67.4910,18
2015-03-18,AP,diesel_s10,36.6100,11
2015-03-18,AP,etanol,3.1000,1
2015-03-18,AP,gasolina,40.3800,12
2015-03-18,BA,diesel_s10,176.7770,60
2015-03-18,BA,etanol,236.4630,94
2015-03-18,BA,gasolina,363.7040,104
2015-03-18,CE,gasolina,3.5900,1
2015-03-18,DF,diesel_s10,89.5290,30
2015-03-18,DF,etanol,217.9550,80
2015-03-18,DF,gasolina,282.4580,80
2015-03-18,ES,diesel_s10,41.1200,14
2015-03-18,ES,etanol,46.6700,16
2015-03-18,ES,gasolina,73.5500,21
2015-03-18,GO,diesel_s10,131.4300,44
2015-03-18,GO,etanol,316.6580,135
2015-03-18,GO,gasolina,461.5830,135
2015-03-18,MA,diesel_s10,129.8210,45
2015-03-18,MA,etanol,120.8930,44
2015-03-18,MA,gasolina,317.7810,94
2015-03-18,MG,diesel_s10,558.9220,188
2015-03-18,MG,etanol,846.0100,351
2015-03-18,MG,gasolina,1219.0140,362
2015-03-18,MS,diesel_s10,51.5170,16
2015-03-18,MS,etanol,45.5390,18
2015-03-18,MS,gasolina,59.8550,17
2015-03-18,MT,diesel_s10,38.4250,12
2015-03-18,MT,etanol,55.3540,25
2015-03-18,MT,gasolina,85.2690,25
2015-03-18,PA,diesel_s10,97.4790,31
2015-03-18,PA,etanol,33.1170,11
2015-03-18,PA,gasolina,154.9480,42
2015-03-18,PB,diesel_s10,34.7560,12
2015-03-18,PB,etanol,32.8060,14
2015-03-18,PB,gasolina,61.3250,19
2015-03-18,PE,diesel_s10,173.6140,61
2015-03-18,PE,etanol,162.8990,68
2015-03-18,PE,gasolina,225.1880,70
2015-03-18,PI,diesel_s10,32.2640,11
2015-03-18,PI,etanol,13.8490,5
2015-03-18,PI,gasolina,60.0100,18
2015-03-18,PR,diesel_s10,214.1720,75
2015-03-18,PR,etanol,326.1740,146
2015-03-18,PR,gasolina,479.5170,147
2015-03-18,RJ,diesel_s10,326.0110,110
2015-03-18,RJ,etanol,627.6740,232
2015-03-18,RJ,gasolina,826.6160,234
2015-03-18,RN,etanol,2.6000,1
2015-03-18,RN,gasolina,3.2600,1
2015-03-18,RO,diesel_s10,19.9100,6
2015-03-18,RO,etanol,14.6900,5
2015-03-18,RO,gasolina,22.6100,6
2015-03-18,RR,diesel_s10,29.0800,9
2015-03-18,RR,etanol,9.4300,3
2015-03-18,RR,gasolina,35.7300,10
2015-03-18,RS,diesel_s10,270.6950,91
2015-03-18,RS,etanol,329.0490,123
2015-03-18,RS,gasolina,564.0750,170
2015-03-18,SC,diesel_s10,425.9990,146
2015-03-18,SC,etanol,468.2420,180
2015-03-18,SC,gasolina,660.9070,201
2015-03-18,SE,diesel_s10,41.5060,14
2015-03-18,SE,etanol,33.8880,13
2015-03-18,SE,gasolina,63.8190,19
2015-03-18,SP,diesel_s10,552.1780,192
2015-03-18,SP,etanol,754.0700,361
2015-03-18,SP,gasolina,1133.1550,359
2015-03-18,TO,diesel_s10,15.1380,5
2015-03-18,TO,etanol,18.2870,7
2015-03-18,TO,gasolina,30.5970,9
2015-03-19,BA,diesel_s10,215.0100,73
2015-03-19,BA,etanol,282.1600,111
2015-03-19,BA,gasolina,420.6110,120
2015-03-19,CE,diesel_s10,3.0290,1
2015-03-19,CE,etanol,2.7990,1
2015-03-19,CE,gasolina,3.5590,1
2015-03-19,ES,diesel_s10,117.2600,40
2015-03-19,ES,etanol,215.3400,78
2015-03-19,ES,gasolina,308.2400,92
2015-03-19,GO,diesel_s10,17.9600,6
2015-03-19,GO,etanol,49.3030,21
2015-03-19,GO,gasolina,72.9450,21
2015-03-19,MA,diesel_s10,11.5560,4
2015-03-19,MA,etanol,24.9810,9
2015-03-19,MA,gasolina,39.8300,12
2015-03-19,MG,diesel_s10,47.5840,16
2015-03-19,MG,etanol,123.7390,53
2015-03-19,MG,gasolina,174.2410,53
2015-03-19,MS,diesel_s10,3.2900,1
2015-03-19,MS,etanol,2.5900,1
2015-03-19,MS,gasolina,7.3000,2
2015-03-19,PA,diesel_s10,199.6780,67
2015-03-19,PA,etanol,106.1340,37
2015-03-19,PA,gasolina,255.6900,75
2015-03-19,PB,diesel_s10,56.2870,20
2015-03-19,PB,etanol,102.6740,45
2015-03-19,PB,gasolina,147.6030,48
2015-03-19,PE,diesel_s10,25.2770,9
2015-03-19,PE,etanol,23.4890,10
2015-03-19,PE,gasolina,37.7040,12
2015-03-19,PR,diesel_s10,34.7300,12
2015-03-19,PR,etanol,37.1350,16
2015-03-19,PR,gasolina,53.7640,16
2015-03-19,RJ,diesel_s10,110.1310,37
2015-03-19,RJ,etanol,257.8280,97
2015-03-19,RJ,gasolina,341.6190,98
2015-03-19,RO,diesel_s10,3.0900,1
2015-03-19,RO,etanol,5.4400,2
2015-03-19,RO,gasolina,21.1500,6
2015-03-19,RR,diesel_s10,3.2000,1
2015-03-19,RR,gasolina,7.1000,2
2015-03-19,RS,diesel_s10,87.4410,29
2015-03-19,RS,etanol,97.1020,35
2015-03-19,RS,gasolina,167.7450,48
2015-03-19,SC,diesel_s10,28.8920,10
2015-03-19,SC,etanol,33.1340,12
2015-03-19,SC,gasolina,46.2260,14
2015-03-19,SP,diesel_s10,398.3300,136
2015-03-19,SP,etanol,559.9790,265
2015-03-19,SP,gasolina,845.2970,266
2015-03-19,TO,etanol,7.9600,3
2015-03-19,TO,gasolina,10.5580,3
2015-03-23,AC,diesel_s10,35.7800,10
2015-03-23,AC,etanol,16.2700,5
2015-03-23,AC,gasolina,63.8300,16
2015-03-23,AL,diesel_s10,135.9280,47
2015-03-23,AL,etanol,221.8400,86
2015-03-23,AL,gasolina,296.0350,90
2015-03-23,AM,diesel_s10,14.7500,5
2015-03-23,AM,etanol,40.0690,15
2015-03-23,AM,gasolina,52.6190,15
2015-03-23,AP,diesel_s10,30.6200,9
2015-03-23,AP,etanol,6.0000,2
2015-03-23,AP,gasolina,76.1100,22
2015-03-23,BA,diesel_s10,345.1080,117
2015-03-23,BA,etanol,499.8410,202
2015-03-23,BA,gasolina,758.0110,221
2015-03-23,CE,diesel_s10,12.0990,4
2015-03-23,CE,etanol,29.7490,11
2015-03-23,CE,gasolina,48.6550,14
2015-03-23,ES,diesel_s10,72.7600,25
2015-03-23,ES,etanol,40.0200,14
2015-03-23,ES,gasolina,101.5600,30
2015-03-23,GO,diesel_s10,29.6980,10
2015-03-23,GO,etanol,50.4560,22
2015-03-23,GO,gasolina,73.9560,22
2015-03-23,MA,diesel_s10,17.7600,6
2015-03-23,MA,etanol,19.5900,7
2015-03-23,MA,gasolina,40.7190,12
2015-03-23,MG,diesel_s10,393.7160,133
2015-03-23,MG,etanol,665.8060,277
2015-03-23,MG,gasolina,988.1940,287
2015-03-23,MS,diesel_s10,184.6480,57
2015-03-23,MS,etanol,182.3500,75
2015-03-23,MS,gasolina,259.2050,75
2015-03-23,MT,diesel_s10,86.9210,27
2015-03-23,MT,etanol,110.4310,52
2015-03-23,MT,gasolina,174.8120,53
2015-03-23,PA,diesel_s10,9.1300,3
2015-03-23,PA,gasolina,25.6600,7
2015-03-23,PB,diesel_s10,64.2580,22
2015-03-23,PB,etanol,57.5750,24
2015-03-23,PB,gasolina,86.4390,26
2015-03-23,PE,diesel_s10,213.0020,75
2015-03-23,PE,etanol,198.0060,83
2015-03-23,PE,gasolina,300.6350,93
2015-03-23,PI,diesel_s10,59.9150,20
2015-03-23,PI,etanol,60.4640,23
2015-03-23,PI,gasolina,115.6700,36
2015-03-23,PR,diesel_s10,309.3940,109
2015-03-23,PR,etanol,408.6730,181
2015-03-23,PR,gasolina,599.8430,180
2015-03-23,RJ,diesel_s10,154.0700,52
2015-03-23,RJ,etanol,238.5860,88
2015-03-23,RJ,gasolina,320.1440,90
2015-03-23,RO,diesel_s10,128.0120,40
2015-03-23,RO,etanol,110.7100,39
2015-03-23,RO,gasolina,172.8640,48
2015-03-23,RS,diesel_s10,133.2370,44
2015-03-23,RS,etanol,101.4040,37
2015-03-23,RS,gasolina,239.0970,69
2015-03-23,SC,diesel_s10,119.1090,41
2015-03-23,SC,etanol,132.2150,50
2015-03-23,SC,gasolina,221.0580,67
2015-03-23,SE,diesel_s10,20.4900,7
2015-03-23,SE,etanol,15.3250,6
2015-03-23,SE,gasolina,26.4240,8
2015-03-23,SP,diesel_s10,1369.7990,478
2015-03-23,SP,etanol,1888.0510,904
2015-03-23,SP,gasolina,2874.7000,901
2015-03-24,AC,diesel_s10,14.2300,4
2015-03-24,AC,etanol,13.0200,4
2015-03-24,AC,gasolina,19.5390,5
2015-03-24,AL,diesel_s10,5.7900,2
2015-03-24,AL,etanol,2.5190,1
2015-03-24,AL,gasolina,6.4890,2
2015-03-24,AM,diesel_s10,93.2700,30
2015-03-24,AM,etanol,147.3680,54
2015-03-24,AM,gasolina,269.6900,74
2015-03-24,AP,gasolina,3.4200,1
2015-03-24,BA,diesel_s10,83.3920,28
2015-03-24,BA,etanol,101.1500,40
2015-03-24,BA,gasolina,151.2320,43
2015-03-24,CE,diesel_s10,404.4620,133
2015-03-24,CE,etanol,428.4690,162
2015-03-24,CE,gasolina,632.1960,185
2015-03-24,ES,diesel_s10,44.6100,15
2015-03-24,ES,etanol,53.4700,19
2015-03-24,ES,gasolina,97.1500,28
2015-03-24,GO,diesel_s10,110.9890,36
2015-03-24,GO,etanol,174.4170,74
2015-03-24,GO,gasolina,257.2480,74
2015-03-24,MG,diesel_s10,378.2790,127
2015-03-24,MG,etanol,586.1010,244
2015-03-24,MG,gasolina,835.0540,241
2015-03-24,MS,diesel_s10,112.1480,35
2015-03-24,MS,etanol,106.4590,44
2015-03-24,MS,gasolina,146.7950,43
2015-03-24,MT,diesel_s10,125.9200,39
2015-03-24,MT,etanol,136.7560,63
2015-03-24,MT,gasolina,214.9130,64
2015-03-24,PA,diesel_s10,110.5630,35
2015-03-24,PA,etanol,49.6090,17
2015-03-24,PA,gasolina,142.9110,38
2015-03-24,PB,diesel_s10,37.8290,13
2015-03-24,PB,etanol,37.9100,16
2015-03-24,PB,gasolina,62.8600,19
2015-03-24,PE,diesel_s10,314.0000,111
2015-03-24,PE,etanol,289.5660,121
2015-03-24,PE,gasolina,434.5750,135
2015-03-24,PI,diesel_s10,89.7870,30
2015-03-24,PI,etanol,70.3860,26
2015-03-24,PI,gasolina,144.3410,44
2015-03-24,PR,diesel_s10,134.7700,47
2015-03-24,PR,etanol,182.8820,80
2015-03-24,PR,gasolina,263.7920,80
2015-03-24,RJ,diesel_s10,444.1580,149
2015-03-24,RJ,etanol,862.8690,321
2015-03-24,RJ,gasolina,1162.5790,329
2015-03-24,RN,diesel_s10,77.5260,26
2015-03-24,RN,etanol,94.3980,36
2015-03-24,RN,gasolina,118.0070,36
2015-03-24,RO,diesel_s10,16.2400,5
2015-03-24,RO,etanol,17.3100,6
2015-03-24,RO,gasolina,22.2500,6
2015-03-24,RR,diesel_s10,44.1100,14
2015-03-24,RR,etanol,23.4000,8
2015-03-24,RR,gasolina,63.4900,18
2015-03-24,RS,diesel_s10,156.9050,52
2015-03-24,RS,etanol,131.6440,48
2015-03-24,RS,gasolina,224.6840,65
2015-03-24,SC,diesel_s10,49.5350,17
2015-03-24,SC,etanol,44.0180,16
2015-03-24,SC,gasolina,65.2130,19
2015-03-24,SE,diesel_s10,23.5670,8
2015-03-24,SE,etanol,10.4980,4
2015-03-24,SE,gasolina,22.9140,7
2015-03-24,SP,diesel_s10,1194.3620,416
2015-03-24,SP,etanol,1511.8840,726
2015-03-24,SP,gasolina,2294.7130,719
2015-03-24,TO,diesel_s10,41.9510,14
2015-03-24,TO,etanol,29.5620,11
2015-03-24,TO,gasolina,53.0090,15
2015-03-25,AC,diesel_s10,13.6800,4
2015-03-25,AC,etanol,12.0600,4
2015-03-25,AC,gasolina,39.1100,10
2015-03-25,AL,diesel_s10,5.9020,2
2015-03-25,AL,etanol,2.4990,1
2015-03-25,AL,gasolina,6.6690,2
2015-03-25,AM,diesel_s10,37.8900,12
2015-03-25,AM,etanol,14.0100,5
2015-03-25,AM,gasolina,72.5100,20
2015-03-25,AP,diesel_s10,3.1600,1
2015-03-25,AP,gasolina,7.0100,2
2015-03-25,BA,diesel_s10,131.4970,44
2015-03-25,BA,etanol,169.4070,67
2015-03-25,BA,gasolina,270.8160,77
2015-03-25,CE,diesel_s10,50.4000,17
2015-03-25,CE,etanol,65.9050,25
2015-03-25,CE,gasolina,84.0730,25
2015-03-25,DF,diesel_s10,95.5670,32
2015-03-25,DF,etanol,218.1850,80
2015-03-25,DF,gasolina,282.6580,80
2015-03-25,ES,diesel_s10,78.4800,27
2015-03-25,ES,etanol,101.7200,36
2015-03-25,ES,gasolina,148.2440,43
2015-03-25,GO,diesel_s10,115.3640,38
2015-03-25,GO,etanol,231.4030,97
2015-03-25,GO,gasolina,332.6660,97
2015-03-25,MA,diesel_s10,124.8730,43
2015-03-25,MA,etanol,151.6760,55
2015-03-25,MA,gasolina,351.4120,104
2015-03-25,MG,diesel_s10,416.7010,140
2015-03-25,MG,etanol,798.4900,340
2015-03-25,MG,gasolina,1156.6040,345
2015-03-25,MS,diesel_s10,26.1600,8
2015-03-25,MS,etanol,29.0400,11
2015-03-25,MS,gasolina,47.4800,13
2015-03-25,MT,diesel_s10,70.1600,21
2015-03-25,MT,etanol,57.8200,25
2015-03-25,MT,gasolina,90.2100,25
2015-03-25,PA,diesel_s10,101.5070,34
2015-03-25,PA,etanol,46.2120,16
2015-03-25,PA,gasolina,161.8870,46
2015-03-25,PB,diesel_s10,28.5070,10
2015-03-25,PB,etanol,43.8130,19
2015-03-25,PB,gasolina,65.4570,21
2015-03-25,PE,diesel_s10,224.1840,79
2015-03-25,PE,etanol,178.2250,72
2015-03-25,PE,gasolina,292.9760,88
2015-03-25,PI,diesel_s10,29.3470,10
2015-03-25,PI,etanol,17.0570,6
2015-03-25,PI,gasolina,53.3130,16
2015-03-25,PR,diesel_s10,475.4630,165
2015-03-25,PR,etanol,613.2970,272
2015-03-25,PR,gasolina,892.3780,268
2015-03-25,RJ,diesel_s10,340.8390,116
2015-03-25,RJ,etanol,551.3660,203
2015-03-25,RJ,gasolina,752.1120,212
2015-03-25,RO,diesel_s10,19.7400,6
2015-03-25,RO,etanol,26.0300,9
2015-03-25,RO,gasolina,36.0690,10
2015-03-25,RR,diesel_s10,19.1700,6
2015-03-25,RR,etanol,6.1800,2
2015-03-25,RR,gasolina,28.5300,8
2015-03-25,RS,diesel_s10,704.8220,237
2015-03-25,RS,etanol,861.3240,323
2015-03-25,RS,gasolina,1424.7160,429
2015-03-25,SC,diesel_s10,592.6610,203
2015-03-25,SC,etanol,633.3870,242
2015-03-25,SC,gasolina,950.0660,291
2015-03-25,SE,diesel_s10,79.0590,26
2015-03-25,SE,etanol,75.3470,29
2015-03-25,SE,gasolina,104.9350,31
2015-03-25,SP,diesel_s10,740.0630,257
2015-03-25,SP,etanol,1022.2690,490
2015-03-25,SP,gasolina,1561.0300,489
2015-03-25,TO,diesel_s10,23.6620,8
2015-03-25,TO,etanol,48.2080,19
2015-03-25,TO,gasolina,51.2610,15
2015-03-26,AC,diesel_s10,47.6500,14
2015-03-26,AC,etanol,27.3600,9
2015-03-26,AC,gasolina,75.2000,20
2015-03-26,AL,diesel_s10,2.8850,1
2015-03-26,AL,etanol,2.3990,1
2015-03-26,AL,gasolina,3.1900,1
2015-03-26,AM,diesel_s10,6.7500,2
2015-03-26,AM,gasolina,8.0500,2
2015-03-26,AP,diesel_s10,10.0700,3
2015-03-26,AP,gasolina,13.4200,4
2015-03-26,BA,diesel_s10,128.0000,44
2015-03-26,BA,etanol,199.1370,79
2015-03-26,BA,gasolina,279.9800,79
2015-03-26,CE,diesel_s10,2.9900,1
2015-03-26,CE,etanol,8.0790,3
2015-03-26,CE,gasolina,10.6300,3
2015-03-26,ES,diesel_s10,89.9000,31
2015-03-26,ES,etanol,180.9500,65
2015-03-26,ES,gasolina,254.0500,76
2015-03-26,GO,diesel_s10,50.7950,17
2015-03-26,GO,etanol,144.3880,62
2015-03-26,GO,gasolina,212.1420,62
2015-03-26,MA,diesel_s10,40.2860,14
2015-03-26,MA,etanol,25.0470,9
2015-03-26,MA,gasolina,62.9360,18
2015-03-26,MG,diesel_s10,107.2840,36
2015-03-26,MG,etanol,214.0760,92
2015-03-26,MG,gasolina,321.1630,95
2015-03-26,PA,diesel_s10,193.3780,62
2015-03-26,PA,etanol,90.7390,31
2015-03-26,PA,gasolina,281.0870,79
2015-03-26,PB,diesel_s10,65.5250,23
2015-03-26,PB,etanol,113.4310,50
2015-03-26,PB,gasolina,160.5420,52
2015-03-26,PE,diesel_s10,5.9450,2
2015-03-26,PE,etanol,16.9200,6
2015-03-26,PE,gasolina,22.0400,6
2015-03-26,PI,diesel_s10,14.9600,5
2015-03-26,PI,gasolina,20.4350,6
2015-03-26,PR,diesel_s10,31.2700,11
2015-03-26,PR,etanol,66.9930,30
2015-03-26,PR,gasolina,96.8320,30
2015-03-26,RJ,diesel_s10,119.3410,40
2015-03-26,RJ,etanol,237.3780,88
2015-03-26,RJ,gasolina,308.7150,88
2015-03-26,RN,diesel_s10,105.8690,35
2015-03-26,RN,etanol,166.6060,63
2015-03-26,RN,gasolina,257.4740,77
2015-03-26,RO,diesel_s10,21.9400,7
2015-03-26,RO,etanol,32.1390,12
2015-03-26,RO,gasolina,88.2880,25
2015-03-26,RR,diesel_s10,13.0400,4
2015-03-26,RR,etanol,9.2900,3
2015-03-26,RR,gasolina,14.3700,4
2015-03-26,RS,diesel_s10,42.5680,14
2015-03-26,RS,etanol,53.7780,19
2015-03-26,RS,gasolina,75.1460,21
2015-03-26,SC,diesel_s10,2.8590,1
2015-03-26,SC,etanol,2.7990,1
2015-03-26,SC,gasolina,3.3490,1
2015-03-26,SE,diesel_s10,20.5890,7
2015-03-26,SE,etanol,15.1310,6
2015-03-26,SE,gasolina,29.7020,9
2015-03-26,SP,diesel_s10,407.7290,140
2015-03-26,SP,etanol,536.8890,257
2015-03-26,SP,gasolina,816.9520,258
2015-03-26,TO,diesel_s10,29.7380,10
2015-03-26,TO,etanol,64.0060,25
2015-03-26,TO,gasolina,87.1860,25
2015-03-30,AC,diesel_s10,35.8000,10
2015-03-30,AC,etanol,16.2700,5
2015-03-30,AC,gasolina,63.8300,16
2015-03-30,AL,diesel_s10,130.1250,45
2015-03-30,AL,etanol,176.6060,68
2015-03-30,AL,gasolina,244.7500,74
2015-03-30,AM,diesel_s10,42.7800,14
2015-03-30,AM,etanol,44.2400,16
2015-03-30,AM,gasolina,75.2300,21
2015-03-30,AP,diesel_s10,34.2200,10
2015-03-30,AP,etanol,6.0000,2
2015-03-30,AP,gasolina,76.1600,22
2015-03-30,BA,diesel_s10,277.3820,94
2015-03-30,BA,etanol,394.9610,161
2015-03-30,BA,gasolina,606.8360,178
2015-03-30,CE,diesel_s10,12.1390,4
2015-03-30,CE,etanol,29.7190,11
2015-03-30,CE,gasolina,48.5950,14
2015-03-30,ES,diesel_s10,72.7600,25
2015-03-30,ES,etanol,42.7600,15
2015-03-30,ES,gasolina,101.3700,30
2015-03-30,GO,diesel_s10,29.6980,10
2015-03-30,GO,etanol,47.7860,21
2015-03-30,GO,gasolina,70.3060,21
2015-03-30,MA,diesel_s10,20.2480,7
2015-03-30,MA,etanol,14.0300,5
2015-03-30,MA,gasolina,30.6200,9
2015-03-30,MG,diesel_s10,435.3350,147
2015-03-30,MG,etanol,681.5500,285
2015-03-30,MG,gasolina,1018.5920,295
2015-03-30,MS,diesel_s10,149.3990,46
2015-03-30,MS,etanol,145.2660,58
2015-03-30,MS,gasolina,211.8870,60
2015-03-30,MT,diesel_s10,69.2680,21
2015-03-30,MT,etanol,65.6670,29
2015-03-30,MT,gasolina,101.9570,29
2015-03-30,PA,diesel_s10,9.1300,3
2015-03-30,PA,gasolina,25.6600,7
2015-03-30,PB,diesel_s10,55.5840,19
2015-03-30,PB,etanol,52.5850,22
2015-03-30,PB,gasolina,82.8560,25
2015-03-30,PE,diesel_s10,441.9860,156
2015-03-30,PE,etanol,414.5240,175
2015-03-30,PE,gasolina,610.8160,191
2015-03-30,PI,diesel_s10,71.9490,24
2015-03-30,PI,etanol,70.9450,27
2015-03-30,PI,gasolina,128.5870,40
2015-03-30,PR,diesel_s10,325.3850,114
2015-03-30,PR,etanol,404.5800,179
2015-03-30,PR,gasolina,594.5000,179
2015-03-30,RJ,diesel_s10,162.8390,55
2015-03-30,RJ,etanol,262.6820,97
2015-03-30,RJ,gasolina,352.2410,99
2015-03-30,RN,diesel_s10,6.0730,2
2015-03-30,RN,etanol,7.6900,3
2015-03-30,RN,gasolina,16.9600,5
2015-03-30,RO,diesel_s10,131.2120,41
2015-03-30,RO,etanol,110.8100,39
2015-03-30,RO,gasolina,176.3930,49
2015-03-30,RS,diesel_s10,211.8890,70
2015-03-30,RS,etanol,171.5370,63
2015-03-30,RS,gasolina,352.7950,102
2015-03-30,SC,diesel_s10,41.7350,14
2015-03-30,SC,etanol,55.4300,21
2015-03-30,SC,gasolina,95.8990,29
2015-03-30,SE,diesel_s10,78.7920,26
2015-03-30,SE,etanol,69.4870,27
2015-03-30,SE,gasolina,97.3690,29
2015-03-30,SP,diesel_s10,1361.8260,474
2015-03-30,SP,etanol,1848.6470,881
2015-03-30,SP,gasolina,2815.0740,881
2015-03-31,AC,diesel_s10,14.2300,4
2015-03-31,AC,etanol,13.0200,4
2015-03-31,AC,gasolina,19.4590,5
2015-03-31,AL,diesel_s10,11.5480,4
2015-03-31,AL,etanol,33.9990,13
2015-03-31,AL,gasolina,42.2930,13
2015-03-31,AM,diesel_s10,108.2440,35
2015-03-31,AM,etanol,130.2990,47
2015-03-31,AM,gasolina,219.0880,60
2015-03-31,AP,gasolina,3.4200,1
2015-03-31,BA,diesel_s10,116.1890,39
2015-03-31,BA,etanol,142.0310,56
2015-03-31,BA,gasolina,207.0660,59
2015-03-31,CE,diesel_s10,330.6830,109
2015-03-31,CE,etanol,340.6400,129
2015-03-31,CE,gasolina,534.0290,156
2015-03-31,ES,diesel_s10,44.6200,15
2015-03-31,ES,etanol,53.3200,19
2015-03-31,ES,gasolina,96.9800,28
2015-03-31,GO,diesel_s10,120.4080,39
2015-03-31,GO,etanol,183.1250,78
2015-03-31,GO,gasolina,263.7680,76
2015-03-31,MG,diesel_s10,442.9510,149
2015-03-31,MG,etanol,722.5780,308
2015-03-31,MG,gasolina,1039.8430,302
2015-03-31,MS,diesel_s10,134.2280,42
2015-03-31,MS,etanol,154.1000,65
2015-03-31,MS,gasolina,219.6830,65
2015-03-31,MT,diesel_s10,210.2820,65
2015-03-31,MT,etanol,228.4810,108
2015-03-31,MT,gasolina,364.5960,109
2015-03-31,PA,diesel_s10,122.9110,39
2015-03-31,PA,etanol,58.1980,20
2015-03-31,PA,gasolina,156.7300,42
2015-03-31,PB,diesel_s10,34.8880,12
2015-03-31,PB,etanol,40.1050,17
2015-03-31,PB,gasolina,62.6880,19
2015-03-31,PE,diesel_s10,126.9490,45
2015-03-31,PE,etanol,110.6210,45
2015-03-31,PE,gasolina,175.6050,54
2015-03-31,PI,diesel_s10,89.7890,30
2015-03-31,PI,etanol,60.0820,22
2015-03-31,PI,gasolina,131.6380,40
2015-03-31,PR,diesel_s10,172.8730,60
2015-03-31,PR,etanol,207.3660,95
2015-03-31,PR,gasolina,311.9160,95
2015-03-31,RJ,diesel_s10,466.8120,157
2015-03-31,RJ,etanol,908.1130,341
2015-03-31,RJ,gasolina,1224.7190,348
2015-03-31,RN,diesel_s10,177.2860,59
2015-03-31,RN,etanol,219.8310,84
2015-03-31,RN,gasolina,304.3280,92
2015-03-31,RO,diesel_s10,16.2400,5
2015-03-31,RO,etanol,19.9600,7
2015-03-31,RO,gasolina,25.7500,7
2015-03-31,RR,diesel_s10,44.3400,14
2015-03-31,RR,etanol,23.5400,8
2015-03-31,RR,gasolina,67.0290,19
2015-03-31,RS,diesel_s10,168.7790,56
2015-03-31,RS,etanol,147.5500,54
2015-03-31,RS,gasolina,252.1640,73
2015-03-31,SC,diesel_s10,125.0530,43
2015-03-31,SC,etanol,142.8890,55
2015-03-31,SC,gasolina,195.4840,61
2015-03-31,SE,diesel_s10,26.6260,9
2015-03-31,SE,etanol,13.0970,5
2015-03-31,SE,gasolina,23.0930,7
2015-03-31,SP,diesel_s10,1586.4380,552
2015-03-31,SP,etanol,1975.7230,965
2015-03-31,SP,gasolina,3035.2190,957
2015-03-31,TO,diesel_s10,66.0390,22
2015-03-31,TO,etanol,60.8700,23
2015-03-31,TO,gasolina,95.6670,27
2015-04-01,AC,diesel_s10,3.5400,1
2015-04-01,AC,gasolina,24.0800,6
2015-04-01,AL,diesel_s10,8.8040,3
2015-04-01,AL,etanol,20.6980,8
2015-04-01,AL,gasolina,26.1930,8
2015-04-01,AM,diesel_s10,43.8900,14
2015-04-01,AM,etanol,22.9500,8
2015-04-01,AM,gasolina,106.8700,29
2015-04-01,AP,diesel_s10,3.1600,1
2015-04-01,AP,gasolina,7.0100,2
2015-04-01,BA,diesel_s10,219.3470,74
2015-04-01,BA,etanol,367.3440,144
2015-04-01,BA,gasolina,544.8810,154
2015-04-01,CE,diesel_s10,120.7790,40
2015-04-01,CE,etanol,130.5840,50
2015-04-01,CE,gasolina,183.1240,54
2015-04-01,DF,diesel_s10,92.5380,31
2015-04-01,DF,etanol,212.5760,78
2015-04-01,DF,gasolina,275.4890,78
2015-04-01,ES,diesel_s10,81.9400,28
2015-04-01,ES,etanol,99.3400,35
2015-04-01,ES,gasolina,147.9540,43
2015-04-01,GO,diesel_s10,178.1400,59
2015-04-01,GO,etanol,368.2180,156
2015-04-01,GO,gasolina,534.9920,156
2015-04-01,MA,diesel_s10,156.1150,54
2015-04-01,MA,etanol,139.6200,51
2015-04-01,MA,gasolina,327.1170,97
2015-04-01,MG,diesel_s10,321.5930,108
2015-04-01,MG,etanol,647.3230,279
2015-04-01,MG,gasolina,952.8260,284
2015-04-01,MS,diesel_s10,12.9890,4
2015-04-01,MS,etanol,14.8090,6
2015-04-01,MS,gasolina,20.7870,6
2015-04-01,MT,diesel_s10,3.3410,1
2015-04-01,MT,gasolina,3.2200,1
2015-04-01,PA,diesel_s10,184.1720,61
2015-04-01,PA,etanol,100.9460,35
2015-04-01,PA,gasolina,252.8560,73
2015-04-01,PB,diesel_s10,93.9100,33
2015-04-01,PB,etanol,148.3440,65
2015-04-01,PB,gasolina,213.3650,69
2015-04-01,PE,diesel_s10,162.4050,57
2015-04-01,PE,etanol,138.1510,55
2015-04-01,PE,gasolina,234.7930,70
2015-04-01,PI,diesel_s10,29.3470,10
2015-04-01,PI,etanol,17.0570,6
2015-04-01,PI,gasolina,53.3130,16
2015-04-01,PR,diesel_s10,399.5720,140
2015-04-01,PR,etanol,584.0470,259
2015-04-01,PR,gasolina,846.3960,256
2015-04-01,RJ,diesel_s10,258.5930,88
2015-04-01,RJ,etanol,461.4840,168
2015-04-01,RJ,gasolina,608.5440,170
2015-04-01,RO,diesel_s10,45.0400,14
2015-04-01,RO,etanol,57.6790,21
2015-04-01,RO,gasolina,121.9690,34
2015-04-01,RR,diesel_s10,12.8500,4
2015-04-01,RR,etanol,3.1900,1
2015-04-01,RR,gasolina,21.4300,6
2015-04-01,RS,diesel_s10,455.2690,153
2015-04-01,RS,etanol,494.7380,185
2015-04-01,RS,gasolina,831.8430,249
2015-04-01,SC,diesel_s10,359.7440,123
2015-04-01,SC,etanol,375.6990,143
2015-04-01,SC,gasolina,563.7670,172
2015-04-01,SE,diesel_s10,17.6980,6
2015-04-01,SE,etanol,18.5860,7
2015-04-01,SE,gasolina,30.6960,9
2015-04-01,SP,diesel_s10,588.9420,203
2015-04-01,SP,etanol,882.5290,421
2015-04-01,SP,gasolina,1343.4050,420
2015-04-01,TO,diesel_s10,23.6670,8
2015-04-01,TO,etanol,48.2170,19
2015-04-01,TO,gasolina,51.2610,15
2015-04-02,AC,diesel_s10,74.5500,22
2015-04-02,AC,etanol,42.4200,14
2015-04-02,AC,gasolina,90.1000,24
2015-04-02,AM,diesel_s10,6.7500,2
2015-04-02,AM,gasolina,8.0500,2
2015-04-02,AP,diesel_s10,10.0700,3
2015-04-02,AP,gasolina,13.4200,4
2015-04-02,BA,diesel_s10,42.7110,15
2015-04-02,BA,etanol,65.0110,27
2015-04-02,BA,gasolina,93.3700,27
2015-04-02,CE,diesel_s10,2.9900,1
2015-04-02,CE,etanol,7.9790,3
2015-04-02,CE,gasolina,10.5900,3
2015-04-02,DF,diesel_s10,2.9900,1
2015-04-02,DF,etanol,5.4800,2
2015-04-02,DF,gasolina,7.0800,2
2015-04-02,ES,diesel_s10,76.6900,26
2015-04-02,ES,etanol,188.3000,68
2015-04-02,ES,gasolina,253.3500,76
2015-04-02,MA,diesel_s10,48.7740,17
2015-04-02,MA,etanol,33.0440,12
2015-04-02,MA,gasolina,88.8180,26
2015-04-02,MG,diesel_s10,86.4050,29
2015-04-02,MG,etanol,181.6750,81
2015-04-02,MG,gasolina,283.3450,83
2015-04-02,MT,diesel_s10,6.3800,2
2015-04-02,MT,etanol,6.0700,3
2015-04-02,MT,gasolina,9.8790,3
2015-04-02,PA,diesel_s10,115.1070,36
2015-04-02,PA,etanol,30.4690,10
2015-04-02,PA,gasolina,194.9230,53
2015-04-02,PB,diesel_s10,8.8100,3
2015-04-02,PB,etanol,11.6090,5
2015-04-02,PB,gasolina,15.8680,5
2015-04-02,PE,diesel_s10,5.9900,2
2015-04-02,PE,etanol,16.9200,6
2015-04-02,PE,gasolina,22.1400,6
2015-04-02,PI,diesel_s10,14.9600,5
2015-04-02,PI,gasolina,20.4350,6
2015-04-02,PR,diesel_s10,57.9350,20
2015-04-02,PR,etanol,65.9050,29
2015-04-02,PR,gasolina,91.5550,27
2015-04-02,RJ,diesel_s10,144.7890,49
2015-04-02,RJ,etanol,273.3190,103
2015-04-02,RJ,gasolina,359.9730,103
2015-04-02,RN,diesel_s10,20.9100,7
2015-04-02,RN,etanol,26.0700,10
2015-04-02,RN,gasolina,50.5000,15
2015-04-02,RR,diesel_s10,13.0400,4
2015-04-02,RR,etanol,9.2900,3
2015-04-02,RR,gasolina,14.3700,4
2015-04-02,RS,diesel_s10,207.2540,70
2015-04-02,RS,etanol,321.5610,121
2015-04-02,RS,gasolina,534.6800,164
2015-04-02,SC,diesel_s10,256.6960,88
2015-04-02,SC,etanol,250.9230,95
2015-04-02,SC,gasolina,376.3590,115
2015-04-02,SE,diesel_s10,20.6230,7
2015-04-02,SE,etanol,15.1310,6
2015-04-02,SE,gasolina,29.7010,9
2015-04-02,SP,diesel_s10,182.9050,63
2015-04-02,SP,etanol,234.8510,110
2015-04-02,SP,gasolina,357.9220,111
2015-04-02,TO,diesel_s10,5.7500,2
2015-04-02,TO,etanol,32.8390,13
2015-04-02,TO,gasolina,44.7880,13
2015-04-06,AC,diesel_s10,18.2500,5
2015-04-06,AC,etanol,13.0000,4
2015-04-06,AC,gasolina,31.4700,8
2015-04-06,AL,diesel_s10,118.9770,41
2015-04-06,AL,etanol,156.5990,60
2015-04-06,AL,gasolina,213.7620,64
2015-04-06,AM,diesel_s10,10.1300,3
2015-04-06,AM,gasolina,28.4000,7
2015-04-06,AP,diesel_s10,10.3000,3
2015-04-06,AP,gasolina,25.2900,7
2015-04-06,BA,diesel_s10,326.8860,111
2015-04-06,BA,etanol,473.0150,191
2015-04-06,BA,gasolina,708.6620,205
2015-04-06,ES,diesel_s10,122.7300,42
2015-04-06,ES,etanol,92.3390,33
2015-04-06,ES,gasolina,203.8990,60
2015-04-06,MA,diesel_s10,31.6890,11
2015-04-06,MA,etanol,22.1700,8
2015-04-06,MA,gasolina,68.2390,20
2015-04-06,MG,diesel_s10,425.2270,143
2015-04-06,MG,etanol,650.3550,276
2015-04-06,MG,gasolina,982.3940,285
2015-04-06,MS,diesel_s10,122.9780,38
2015-04-06,MS,etanol,115.7330,48
2015-04-06,MS,gasolina,160.7010,47
2015-04-06,MT,diesel_s10,62.9850,19
2015-04-06,MT,etanol,52.7430,23
2015-04-06,MT,gasolina,81.8230,23
2015-04-06,PA,diesel_s10,42.3290,13
2015-04-06,PA,etanol,8.9790,3
2015-04-06,PA,gasolina,67.8720,18
2015-04-06,PB,diesel_s10,5.6800,2
2015-04-06,PB,etanol,4.6700,2
2015-04-06,PB,gasolina,6.6100,2
2015-04-06,PE,diesel_s10,351.4820,124
2015-04-06,PE,etanol,313.7690,132
2015-04-06,PE,gasolina,478.7820,149
2015-04-06,PI,diesel_s10,92.8680,31
2015-04-06,PI,etanol,83.9000,32
2015-04-06,PI,gasolina,150.7540,47
2015-04-06,PR,diesel_s10,274.9580,96
2015-04-06,PR,etanol,285.8630,127
2015-04-06,PR,gasolina,419.3470,125
2015-04-06,RJ,diesel_s10,143.9940,49
2015-04-06,RJ,etanol,214.9730,80
2015-04-06,RJ,gasolina,277.6420,78
2015-04-06,RO,diesel_s10,28.9050,9
2015-04-06,RO,etanol,22.5700,8
2015-04-06,RO,gasolina,36.8100,10
2015-04-06,RR,diesel_s10,6.4400,2
2015-04-06,RR,etanol,3.1900,1
2015-04-06,RR,gasolina,10.7700,3
2015-04-06,RS,diesel_s10,171.2260,57
2015-04-06,RS,etanol,195.1910,73
2015-04-06,RS,gasolina,310.8480,91
2015-04-06,SC,diesel_s10,36.0920,12
2015-04-06,SC,etanol,45.9290,17
2015-04-06,SC,gasolina,71.3230,21
2015-04-06,SE,diesel_s10,2.8990,1
2015-04-06,SE,etanol,2.4990,1
2015-04-06,SE,gasolina,3.3490,1
2015-04-06,SP,diesel_s10,1095.7210,382
2015-04-06,SP,etanol,1556.0930,747
2015-04-06,SP,gasolina,2375.9430,745
2015-04-06,TO,diesel_s10,41.7170,14
2015-04-06,TO,etanol,53.2770,21
2015-04-06,TO,gasolina,52.8190,15
2015-04-07,AC,diesel_s10,21.6300,6
2015-04-07,AC,etanol,13.5500,4
2015-04-07,AC,gasolina,40.6300,10
2015-04-07,AL,diesel_s10,23.0070,8
2015-04-07,AL,etanol,40.2630,16
2015-04-07,AL,gasolina,62.3150,19
2015-04-07,AM,diesel_s10,77.6770,25
2015-04-07,AM,etanol,105.8380,38
2015-04-07,AM,gasolina,190.1500,52
2015-04-07,AP,diesel_s10,16.7500,5
2015-04-07,AP,etanol,2.9000,1
2015-04-07,AP,gasolina,46.0900,14
2015-04-07,BA,diesel_s10,74.9410,25
2015-04-07,BA,etanol,76.7240,31
2015-04-07,BA,gasolina,122.2110,35
2015-04-07,CE,diesel_s10,457.6030,151
2015-04-07,CE,etanol,488.6560,185
2015-04-07,CE,gasolina,696.1140,203
2015-04-07,DF,etanol,2.7200,1
2015-04-07,DF,gasolina,3.5200,1
2015-04-07,ES,diesel_s10,26.5600,9
2015-04-07,ES,etanol,23.0000,8
2015-04-07,ES,gasolina,31.2600,9
2015-04-07,GO,diesel_s10,210.7990,69
2015-04-07,GO,etanol,367.6710,156
2015-04-07,GO,gasolina,537.0060,156
2015-04-07,MA,diesel_s10,14.3180,5
2015-04-07,MA,etanol,10.8290,4
2015-04-07,MA,gasolina,30.7020,9
2015-04-07,MG,diesel_s10,388.1420,131
2015-04-07,MG,etanol,647.2510,277
2015-04-07,MG,gasolina,947.4280,275
2015-04-07,MS,diesel_s10,115.8420,36
2015-04-07,MS,etanol,125.2620,51
2015-04-07,MS,gasolina,186.5450,53
2015-04-07,MT,diesel_s10,213.1860,66
2015-04-07,MT,etanol,231.7770,109
2015-04-07,MT,gasolina,367.8330,111
2015-04-07,PA,diesel_s10,62.4060,20
2015-04-07,PA,etanol,15.0900,5
2015-04-07,PA,gasolina,110.8170,30
2015-04-07,PB,diesel_s10,80.7250,28
2015-04-07,PB,etanol,99.9780,43
2015-04-07,PB,gasolina,153.0060,48
2015-04-07,PE,diesel_s10,144.1310,51
2015-04-07,PE,etanol,124.9370,51
2015-04-07,PE,gasolina,208.8620,64
2015-04-07,PI,diesel_s10,14.9950,5
2015-04-07,PI,etanol,10.3960,4
2015-04-07,PI,gasolina,19.2580,6
2015-04-07,PR,diesel_s10,251.2580,88
2015-04-07,PR,etanol,327.8820,146
2015-04-07,PR,gasolina,483.6320,146
2015-04-07,RJ,diesel_s10,305.6970,104
2015-04-07,RJ,etanol,579.9160,218
2015-04-07,RJ,gasolina,813.3600,232
2015-04-07,RN,diesel_s10,142.0170,47
2015-04-07,RN,etanol,203.7140,77
2015-04-07,RN,gasolina,285.6010,86
2015-04-07,RO,diesel_s10,96.4630,30
2015-04-07,RO,etanol,103.9610,36
2015-04-07,RO,gasolina,143.9180,40
2015-04-07,RR,diesel_s10,47.6900,15
2015-04-07,RR,etanol,23.7400,8
2015-04-07,RR,gasolina,67.1490,19
2015-04-07,RS,diesel_s10,220.5230,73
2015-04-07,RS,etanol,214.2840,78
2015-04-07,RS,gasolina,388.0600,112
2015-04-07,SC,diesel_s10,105.1810,36
2015-04-07,SC,etanol,136.9810,52
2015-04-07,SC,gasolina,188.7200,59
2015-04-07,SE,diesel_s10,5.8400,2
2015-04-07,SE,etanol,5.0000,2
2015-04-07,SE,gasolina,10.1500,3
2015-04-07,SP,diesel_s10,1522.2750,529
2015-04-07,SP,etanol,2018.5880,990
2015-04-07,SP,gasolina,3097.8040,978
2015-04-07,TO,diesel_s10,18.2270,6
2015-04-07,TO,etanol,28.1760,11
2015-04-07,TO,gasolina,44.5160,13
2015-04-08,AC,diesel_s10,84.7690,25
2015-04-08,AC,etanol,48.5180,16
2015-04-08,AC,gasolina,97.5300,26
2015-04-08,AL,diesel_s10,14.4070,5
2015-04-08,AL,etanol,28.3240,11
2015-04-08,AL,gasolina,36.1350,11
2015-04-08,AM,diesel_s10,83.2640,27
2015-04-08,AM,etanol,100.5690,36
2015-04-08,AM,gasolina,162.0690,45
2015-04-08,AP,diesel_s10,20.2800,6
2015-04-08,AP,gasolina,32.0100,9
2015-04-08,BA,diesel_s10,211.1510,72
2015-04-08,BA,etanol,296.7180,117
2015-04-08,BA,gasolina,419.8110,119
2015-04-08,CE,diesel_s10,29.6980,10
2015-04-08,CE,etanol,43.0800,16
2015-04-08,CE,gasolina,72.6590,21
2015-04-08,DF,diesel_s10,89.5480,30
2015-04-08,DF,etanol,215.4160,79
2015-04-08,DF,gasolina,279.0490,79
2015-04-08,ES,diesel_s10,23.2100,8
2015-04-08,ES,etanol,23.1600,8
2015-04-08,ES,gasolina,44.8900,13
2015-04-08,GO,diesel_s10,51.0130,17
2015-04-08,GO,etanol,144.2190,62
2015-04-08,GO,gasolina,215.7040,63
2015-04-08,MA,diesel_s10,164.1580,57
2015-04-08,MA,etanol,141.1990,52
2015-04-08,MA,gasolina,324.8390,97
2015-04-08,MG,diesel_s10,315.8540,106
2015-04-08,MG,etanol,684.6430,302
2015-04-08,MG,gasolina,1034.7710,308
2015-04-08,MS,diesel_s10,32.0370,10
2015-04-08,MS,etanol,25.2770,10
2015-04-08,MS,gasolina,35.5170,10
2015-04-08,MT,diesel_s10,9.6500,3
2015-04-08,MT,etanol,10.9000,5
2015-04-08,MT,gasolina,16.8800,5
2015-04-08,PA,diesel_s10,110.3500,35
2015-04-08,PA,etanol,43.8490,15
2015-04-08,PA,gasolina,178.2480,48
2015-04-08,PB,diesel_s10,43.1700,15
2015-04-08,PB,etanol,78.5170,34
2015-04-08,PB,gasolina,111.3410,35
2015-04-08,PE,diesel_s10,241.6780,85
2015-04-08,PE,etanol,251.9610,102
2015-04-08,PE,gasolina,353.4780,107
2015-04-08,PI,diesel_s10,52.7670,18
2015-04-08,PI,etanol,33.7970,12
2015-04-08,PI,gasolina,95.9220,29
2015-04-08,PR,diesel_s10,289.8830,102
2015-04-08,PR,etanol,460.6850,206
2015-04-08,PR,gasolina,669.3010,205
2015-04-08,RJ,diesel_s10,460.2710,154
2015-04-08,RJ,etanol,813.4210,302
2015-04-08,RJ,gasolina,1109.3430,313
2015-04-08,RN,diesel_s10,41.5390,14
2015-04-08,RN,etanol,46.5670,18
2015-04-08,RN,gasolina,73.2260,22
2015-04-08,RO,diesel_s10,35.1290,11
2015-04-08,RO,etanol,17.1680,6
2015-04-08,RO,gasolina,39.6510,11
2015-04-08,RR,diesel_s10,16.2700,5
2015-04-08,RR,etanol,12.2800,4
2015-04-08,RR,gasolina,24.9200,7
2015-04-08,RS,diesel_s10,452.3700,152
2015-04-08,RS,etanol,593.9050,225
2015-04-08,RS,gasolina,994.2560,304
2015-04-08,SC,diesel_s10,587.6020,202
2015-04-08,SC,etanol,585.7440,226
2015-04-08,SC,gasolina,868.3210,268
2015-04-08,SE,diesel_s10,132.1940,44
2015-04-08,SE,etanol,101.2430,39
2015-04-08,SE,gasolina,161.3390,48
2015-04-08,SP,diesel_s10,701.9410,243
2015-04-08,SP,etanol,981.5150,474
2015-04-08,SP,gasolina,1507.2520,475
2015-04-08,TO,diesel_s10,35.5570,12
2015-04-08,TO,etanol,52.0940,20
2015-04-08,TO,gasolina,69.9450,20
2015-04-09,AC,diesel_s10,7.0600,2
2015-04-09,AC,gasolina,23.9500,6
2015-04-09,AM,diesel_s10,15.5900,5
2015-04-09,AM,etanol,5.5400,2
2015-04-09,AM,gasolina,29.2800,8
2015-04-09,BA,diesel_s10,84.0540,28
2015-04-09,BA,etanol,110.1670,43
2015-04-09,BA,gasolina,199.4000,56
2015-04-09,ES,diesel_s10,127.3900,44
2015-04-09,ES,etanol,222.3600,80
2015-04-09,ES,gasolina,317.7600,96
2015-04-09,GO,diesel_s10,41.9700,14
2015-04-09,GO,etanol,80.9220,35
2015-04-09,GO,gasolina,118.5780,35
2015-04-09,MA,diesel_s10,20.7900,7
2015-04-09,MA,etanol,17.1790,6
2015-04-09,MA,gasolina,32.3290,9
2015-04-09,MG,diesel_s10,100.2760,34
2015-04-09,MG,etanol,207.8660,90
2015-04-09,MG,gasolina,306.8320,91
2015-04-09,MS,diesel_s10,38.0460,12
2015-04-09,MS,etanol,43.6480,19
2015-04-09,MS,gasolina,63.2390,19
2015-04-09,MT,diesel_s10,6.8100,2
2015-04-09,MT,etanol,7.0500,3
2015-04-09,MT,gasolina,11.2200,3
2015-04-09,PA,diesel_s10,208.0300,68
2015-04-09,PA,etanol,112.1650,39
2015-04-09,PA,gasolina,276.1450,80
2015-04-09,PB,diesel_s10,54.9440,19
2015-04-09,PB,etanol,68.3580,29
2015-04-09,PB,gasolina,101.2490,32
2015-04-09,PI,diesel_s10,48.7070,16
2015-04-09,PI,etanol,17.1690,6
2015-04-09,PI,gasolina,61.2320,18
2015-04-09,PR,diesel_s10,156.2010,54
2015-04-09,PR,etanol,185.3920,85
2015-04-09,PR,gasolina,276.4920,84
2015-04-09,RJ,diesel_s10,109.9690,37
2015-04-09,RJ,etanol,244.1320,90
2015-04-09,RJ,gasolina,318.3140,90
2015-04-09,RN,diesel_s10,12.1200,4
2015-04-09,RN,etanol,10.6190,4
2015-04-09,RN,gasolina,13.3690,4
2015-04-09,RO,diesel_s10,28.3990,9
2015-04-09,RO,etanol,47.6090,18
2015-04-09,RO,gasolina,105.8680,30
2015-04-09,RS,diesel_s10,200.1450,67
2015-04-09,RS,etanol,188.5770,71
2015-04-09,RS,gasolina,341.4170,103
2015-04-09,SC,diesel_s10,75.0760,26
2015-04-09,SC,etanol,68.6140,25
2015-04-09,SC,gasolina,113.3100,34
2015-04-09,SE,diesel_s10,2.8500,1
2015-04-09,SE,gasolina,3.3000,1
2015-04-09,SP,diesel_s10,238.9360,83
2015-04-09,SP,etanol,337.0920,162
2015-04-09,SP,gasolina,515.3190,162
2015-04-09,TO,etanol,10.6390,4
2015-04-09,TO,gasolina,14.3300,4
2015-04-13,AC,diesel_s10,18.2500,5
2015-04-13,AC,etanol,13.0000,4
2015-04-13,AC,gasolina,31.4400,8
2015-04-13,AL,diesel_s10,101.2540,35
2015-04-13,AL,etanol,120.4710,46
2015-04-13,AL,gasolina,157.4990,47
2015-04-13,AM,diesel_s10,49.5350,16
2015-04-13,AM,etanol,77.3090,28
2015-04-13,AM,gasolina,128.4500,35
2015-04-13,AP,diesel_s10,10.3000,3
2015-04-13,AP,gasolina,25.2900,7
2015-04-13,BA,diesel_s10,248.6960,84
2015-04-13,BA,etanol,351.7690,142
2015-04-13,BA,gasolina,516.0130,150
2015-04-13,CE,etanol,2.5790,1
2015-04-13,CE,gasolina,3.3790,1
2015-04-13,ES,diesel_s10,122.7800,42
2015-04-13,ES,etanol,95.1790,34
2015-04-13,ES,gasolina,204.0490,60
2015-04-13,MA,diesel_s10,31.4380,11
2015-04-13,MA,etanol,22.1700,8
2015-04-13,MA,gasolina,68.2880,20
2015-04-13,MG,diesel_s10,457.8800,154
2015-04-13,MG,etanol,698.0430,298
2015-04-13,MG,gasolina,1061.6920,307
2015-04-13,MS,diesel_s10,175.1330,54
2015-04-13,MS,etanol,167.9880,69
2015-04-13,MS,gasolina,238.9150,69
2015-04-13,MT,diesel_s10,35.7350,11
2015-04-13,MT,etanol,31.4730,14
2015-04-13,MT,gasolina,49.2430,14
2015-04-13,PA,diesel_s10,39.0790,12
2015-04-13,PA,etanol,8.9790,3
2015-04-13,PA,gasolina,67.6510,18
2015-04-13,PE,diesel_s10,165.1150,58
2015-04-13,PE,etanol,139.6810,57
2015-04-13,PE,gasolina,220.9220,67
2015-04-13,PI,diesel_s10,41.8790,14
2015-04-13,PI,etanol,50.5830,19
2015-04-13,PI,gasolina,77.8660,24
2015-04-13,PR,diesel_s10,215.1250,75
2015-04-13,PR,etanol,237.9180,106
2015-04-13,PR,gasolina,352.3500,105
2015-04-13,RJ,diesel_s10,170.8590,58
2015-04-13,RJ,etanol,270.2300,101
2015-04-13,RJ,gasolina,351.5590,99
2015-04-13,RO,diesel_s10,28.9050,9
2015-04-13,RO,etanol,22.5700,8
2015-04-13,RO,gasolina,36.8100,10
2015-04-13,RR,diesel_s10,9.4900,3
2015-04-13,RR,etanol,3.1900,1
2015-04-13,RR,gasolina,14.3600,4
2015-04-13,RS,diesel_s10,238.1480,80
2015-04-13,RS,etanol,302.0620,114
2015-04-13,RS,gasolina,475.9560,145
2015-04-13,SC,diesel_s10,118.8640,40
2015-04-13,SC,etanol,149.3000,56
2015-04-13,SC,gasolina,217.5530,66
2015-04-13,SE,diesel_s10,55.0910,18
2015-04-13,SE,etanol,49.2340,19
2015-04-13,SE,gasolina,68.1220,20
2015-04-13,SP,diesel_s10,1340.1910,467
2015-04-13,SP,etanol,1827.6580,884
2015-04-13,SP,gasolina,2814.3720,882
2015-04-13,TO,diesel_s10,41.7170,14
2015-04-13,TO,etanol,53.2770,21
2015-04-13,TO,gasolina,52.8190,15
2015-04-14,AC,diesel_s10,21.6300,6
2015-04-14,AC,etanol,13.5500,4
2015-04-14,AC,gasolina,40.6300,10
2015-04-14,AL,diesel_s10,26.1870,9
2015-04-14,AL,etanol,50.9620,20
2015-04-14,AL,gasolina,75.9080,23
2015-04-14,AM,diesel_s10,59.8800,19
2015-04-14,AM,etanol,81.1200,29
2015-04-14,AM,gasolina,171.5500,47
2015-04-14,AP,diesel_s10,16.7500,5
2015-04-14,AP,etanol,2.9000,1
2015-04-14,AP,gasolina,45.8900,14
2015-04-14,BA,diesel_s10,119.3270,40
2015-04-14,BA,etanol,140.2640,56
2015-04-14,BA,gasolina,208.9630,60
2015-04-14,CE,diesel_s10,387.5700,128
2015-04-14,CE,etanol,431.2250,164
2015-04-14,CE,gasolina,638.4830,186
2015-04-14,ES,diesel_s10,26.5600,9
2015-04-14,ES,etanol,23.0000,8
2015-04-14,ES,gasolina,31.1600,9
2015-04-14,GO,diesel_s10,240.6100,79
2015-04-14,GO,etanol,467.3410,199
2015-04-14,GO,gasolina,679.6170,198
2015-04-14,MA,diesel_s10,45.8280,16
2015-04-14,MA,etanol,45.5460,17
2015-04-14,MA,gasolina,121.5150,37
2015-04-14,MG,diesel_s10,379.8800,128
2015-04-14,MG,etanol,581.8960,251
2015-04-14,MG,gasolina,847.1230,246
2015-04-14,MS,diesel_s10,70.8200,22
2015-04-14,MS,etanol,73.8370,30
2015-04-14,MS,gasolina,108.5000,31
2015-04-14,MT,diesel_s10,171.6540,53
2015-04-14,MT,etanol,175.1780,85
2015-04-14,MT,gasolina,283.2310,86
2015-04-14,PA,diesel_s10,183.7250,60
2015-04-14,PA,etanol,83.9420,29
2015-04-14,PA,gasolina,246.2360,70
2015-04-14,PB,diesel_s10,78.4780,27
2015-04-14,PB,etanol,82.6940,35
2015-04-14,PB,gasolina,132.5080,40
2015-04-14,PE,diesel_s10,304.7750,107
2015-04-14,PE,etanol,268.2600,111
2015-04-14,PE,gasolina,404.7410,126
2015-04-14,PI,diesel_s10,71.9120,24
2015-04-14,PI,etanol,66.8020,25
2015-04-14,PI,gasolina,115.5470,36
2015-04-14,PR,diesel_s10,283.6900,99
2015-04-14,PR,etanol,327.0220,146
2015-04-14,PR,gasolina,479.6700,145
2015-04-14,RJ,diesel_s10,274.4520,94
2015-04-14,RJ,etanol,545.5290,202
2015-04-14,RJ,gasolina,726.0530,205
2015-04-14,RN,diesel_s10,174.6570,58
2015-04-14,RN,etanol,202.5540,77
2015-04-14,RN,gasolina,291.9950,88
2015-04-14,RO,diesel_s10,99.6830,31
2015-04-14,RO,etanol,104.0520,36
2015-04-14,RO,gasolina,144.1200,40
2015-04-14,RR,diesel_s10,44.3500,14
2015-04-14,RR,etanol,23.9400,8
2015-04-14,RR,gasolina,67.0180,19
2015-04-14,RS,diesel_s10,246.9720,82
2015-04-14,RS,etanol,255.5440,94
2015-04-14,RS,gasolina,433.8020,126
2015-04-14,SC,diesel_s10,118.9860,41
2015-04-14,SC,etanol,141.7600,55
2015-04-14,SC,gasolina,190.6450,61
2015-04-14,SE,diesel_s10,5.8400,2
2015-04-14,SE,etanol,5.0000,2
2015-04-14,SE,gasolina,10.1500,3
2015-04-14,SP,diesel_s10,1533.9070,532
2015-04-14,SP,etanol,1873.2830,915
2015-04-14,SP,gasolina,2868.7430,907
2015-04-14,TO,diesel_s10,42.4150,14
2015-04-14,TO,etanol,60.1530,23
2015-04-14,TO,gasolina,87.2930,25
2015-04-15,AC,diesel_s10,74.4100,22
2015-04-15,AC,etanol,51.4300,17
2015-04-15,AC,gasolina,97.5400,26
2015-04-15,AL,diesel_s10,23.1070,8
2015-04-15,AL,etanol,54.7350,22
2015-04-15,AL,gasolina,75.1780,23
2015-04-15,AM,diesel_s10,37.7420,12
2015-04-15,AM,etanol,44.7900,16
2015-04-15,AM,gasolina,79.8700,22
2015-04-15,AP,diesel_s10,20.2800,6
2015-04-15,AP,gasolina,32.0100,9
2015-04-15,BA,diesel_s10,186.1310,64
2015-04-15,BA,etanol,305.1140,121
2015-04-15,BA,gasolina,428.7170,122
2015-04-15,CE,diesel_s10,66.3520,22
2015-04-15,CE,etanol,82.3740,31
2015-04-15,CE,gasolina,130.0400,38
2015-04-15,DF,diesel_s10,89.5370,30
2015-04-15,DF,etanol,218.0970,80
2015-04-15,DF,gasolina,282.3490,80
2015-04-15,ES,diesel_s10,26.1300,9
2015-04-15,ES,etanol,22.9600,8
2015-04-15,ES,gasolina,44.8900,13
2015-04-15,GO,diesel_s10,27.0990,9
2015-04-15,GO,etanol,42.0490,18
2015-04-15,GO,gasolina,65.5000,19
2015-04-15,MA,diesel_s10,115.7700,40
2015-04-15,MA,etanol,112.4710,41
2015-04-15,MA,gasolina,233.8720,69
2015-04-15,MG,diesel_s10,329.8870,111
2015-04-15,MG,etanol,582.7650,259
2015-04-15,MG,gasolina,882.6250,262
2015-04-15,MS,diesel_s10,76.9440,24
2015-04-15,MS,etanol,69.0950,29
2015-04-15,MS,gasolina,98.9670,29
2015-04-15,MT,diesel_s10,85.5810,26
2015-04-15,MT,etanol,91.9880,41
2015-04-15,MT,gasolina,142.0110,41
2015-04-15,PA,diesel_s10,86.5420,27
2015-04-15,PA,etanol,38.0090,13
2015-04-15,PA,gasolina,147.1830,39
2015-04-15,PE,diesel_s10,257.6570,91
2015-04-15,PE,etanol,279.8910,116
2015-04-15,PE,gasolina,412.0360,127
2015-04-15,PI,diesel_s10,52.7670,18
2015-04-15,PI,etanol,33.7970,12
2015-04-15,PI,gasolina,95.8720,29
2015-04-15,PR,diesel_s10,409.1710,143
2015-04-15,PR,etanol,593.6630,268
2015-04-15,PR,gasolina,869.9150,267
2015-04-15,RJ,diesel_s10,392.7370,131
2015-04-15,RJ,etanol,723.6300,270
2015-04-15,RJ,gasolina,980.6700,277
2015-04-15,RN,diesel_s10,41.5390,14
2015-04-15,RN,etanol,49.0470,19
2015-04-15,RN,gasolina,79.8960,24
2015-04-15,RO,diesel_s10,50.9290,16
2015-04-15,RO,etanol,62.5870,23
2015-04-15,RO,gasolina,145.3600,41
2015-04-15,RR,diesel_s10,16.2900,5
2015-04-15,RR,etanol,12.4400,4
2015-04-15,RR,gasolina,21.3800,6
2015-04-15,RS,diesel_s10,376.1130,126
2015-04-15,RS,etanol,476.6330,180
2015-04-15,RS,gasolina,801.4670,243
2015-04-15,SC,diesel_s10,490.0350,168
2015-04-15,SC,etanol,479.2540,184
2015-04-15,SC,gasolina,729.5850,225
2015-04-15,SE,diesel_s10,80.0590,27
2015-04-15,SE,etanol,54.4280,21
2015-04-15,SE,gasolina,96.8350,29
2015-04-15,SP,diesel_s10,767.6120,266
2015-04-15,SP,etanol,992.9040,481
2015-04-15,SP,gasolina,1526.4630,480
2015-04-15,TO,diesel_s10,8.6390,3
2015-04-15,TO,etanol,26.0470,10
2015-04-15,TO,gasolina,34.0470,10
2015-04-16,AC,diesel_s10,7.0600,2
2015-04-16,AC,gasolina,23.9500,6
2015-04-16,AM,diesel_s10,12.5400,4
2015-04-16,AM,gasolina,22.1000,6
2015-04-16,BA,diesel_s10,121.3350,41
2015-04-16,BA,etanol,164.9240,66
2015-04-16,BA,gasolina,277.5550,80
2015-04-16,ES,diesel_s10,123.4300,42
2015-04-16,ES,etanol,218.8100,79
2015-04-16,ES,gasolina,318.4300,96
2015-04-16,GO,diesel_s10,42.0610,14
2015-04-16,GO,etanol,79.9750,35
2015-04-16,GO,gasolina,118.2300,35
2015-04-16,MA,diesel_s10,26.6090,9
2015-04-16,MA,etanol,14.6300,5
2015-04-16,MA,gasolina,32.2690,9
2015-04-16,MG,diesel_s10,217.5970,73
2015-04-16,MG,etanol,321.8450,141
2015-04-16,MG,gasolina,481.9780,144
2015-04-16,MT,diesel_s10,3.0600,1
2015-04-16,MT,etanol,2.1500,1
2015-04-16,MT,gasolina,3.3000,1
2015-04-16,PA,diesel_s10,116.0420,38
2015-04-16,PA,etanol,46.3150,16
2015-04-16,PA,gasolina,164.9370,47
2015-04-16,PB,diesel_s10,103.8340,36
2015-04-16,PB,etanol,173.2190,75
2015-04-16,PB,gasolina,239.2610,77
2015-04-16,PI,diesel_s10,30.2880,10
2015-04-16,PI,etanol,5.6790,2
2015-04-16,PI,gasolina,37.3130,11
2015-04-16,PR,diesel_s10,69.4110,24
2015-04-16,PR,etanol,98.7590,44
2015-04-16,PR,gasolina,145.7130,43
2015-04-16,RJ,diesel_s10,195.6030,66
2015-04-16,RJ,etanol,352.5110,132
2015-04-16,RJ,gasolina,466.7970,133
2015-04-16,RR,diesel_s10,3.1900,1
2015-04-16,RR,etanol,2.9900,1
2015-04-16,RR,gasolina,3.5400,1
2015-04-16,RS,diesel_s10,193.8320,65
2015-04-16,RS,etanol,174.5520,66
2015-04-16,RS,gasolina,317.3630,96
2015-04-16,SC,diesel_s10,63.3380,22
2015-04-16,SC,etanol,65.9860,24
2015-04-16,SC,gasolina,102.8950,31
2015-04-16,SE,diesel_s10,2.9200,1
2015-04-16,SE,etanol,2.8200,1
2015-04-16,SE,gasolina,3.4000,1
2015-04-16,SP,diesel_s10,131.1840,45
2015-04-16,SP,etanol,191.8340,90
2015-04-16,SP,gasolina,287.6040,90
2015-04-16,TO,etanol,5.4090,2
2015-04-16,TO,gasolina,7.1890,2
2015-04-20,AC,diesel_s10,24.6700,7
2015-04-20,AC,etanol,16.0700,5
2015-04-20,AC,gasolina,38.7690,10
2015-04-20,AL,diesel_s10,28.8910,10
2015-04-20,AL,etanol,58.3270,23
2015-04-20,AL,gasolina,78.0500,24
2015-04-20,AM,diesel_s10,70.2100,23
2015-04-20,AM,etanol,79.9760,29
2015-04-20,AM,gasolina,125.3490,35
2015-04-20,AP,diesel_s10,10.2100,3
2015-04-20,AP,gasolina,15.1700,4
2015-04-20,BA,diesel_s10,55.4490,18
2015-04-20,BA,etanol,86.4350,34
2015-04-20,BA,gasolina,129.0210,37
2015-04-20,CE,diesel_s10,18.3590,6
2015-04-20,CE,etanol,21.6990,8
2015-04-20,CE,gasolina,35.2770,10
2015-04-20,ES,diesel_s10,2.9900,1
2015-04-20,ES,etanol,8.4300,3
2015-04-20,ES,gasolina,13.2400,4
2015-04-20,MA,diesel_s10,20.7290,7
2015-04-20,MA,etanol,33.5090,12
2015-04-20,MA,gasolina,51.2390,15
2015-04-20,MG,diesel_s10,363.4620,123
2015-04-20,MG,etanol,607.1610,258
2015-04-20,MG,gasolina,908.6900,264
2015-04-20,MS,diesel_s10,131.7660,41
2015-04-20,MS,etanol,126.0090,53
2015-04-20,MS,gasolina,174.1310,51
2015-04-20,MT,diesel_s10,12.8570,4
2015-04-20,MT,etanol,22.0860,10
2015-04-20,MT,gasolina,33.9770,10
2015-04-20,PA,diesel_s10,16.6500,5
2015-04-20,PA,etanol,3.3500,1
2015-04-20,PA,gasolina,26.4490,7
2015-04-20,PB,diesel_s10,20.6100,7
2015-04-20,PB,etanol,14.8600,6
2015-04-20,PB,gasolina,30.2600,9
2015-04-20,PE,diesel_s10,323.4300,113
2015-04-20,PE,etanol,298.4470,123
2015-04-20,PE,gasolina,419.9810,131
2015-04-20,PI,diesel_s10,116.8290,39
2015-04-20,PI,etanol,109.8380,41
2015-04-20,PI,gasolina,190.3810,59
2015-04-20,PR,diesel_s10,262.4550,92
2015-04-20,PR,etanol,372.5860,169
2015-04-20,PR,gasolina,561.3930,170
2015-04-20,RJ,diesel_s10,137.5670,47
2015-04-20,RJ,etanol,244.6660,90
2015-04-20,RJ,gasolina,323.2190,91
2015-04-20,RO,diesel_s10,12.9200,4
2015-04-20,RO,etanol,5.4100,2
2015-04-20,RO,gasolina,14.7500,4
2015-04-20,RS,diesel_s10,329.1440,110
2015-04-20,RS,etanol,397.6960,152
2015-04-20,RS,gasolina,690.8610,210
2015-04-20,SC,diesel_s10,347.5830,118
2015-04-20,SC,etanol,347.2520,133
2015-04-20,SC,gasolina,513.3740,159
2015-04-20,SE,diesel_s10,29.4460,10
2015-04-20,SE,etanol,13.2370,5
2015-04-20,SE,gasolina,36.5100,11
2015-04-20,SP,diesel_s10,1072.0380,374
2015-04-20,SP,etanol,1517.5620,731
2015-04-20,SP,gasolina,2318.8550,728
2015-04-20,TO,diesel_s10,8.8770,3
2015-04-20,TO,etanol,27.1600,11
2015-04-20,TO,gasolina,13.4520,4
2015-04-21,AL,etanol,2.3990,1
2015-04-21,AL,gasolina,3.2990,1
2015-04-21,BA,diesel_s10,5.7890,2
2015-04-21,BA,etanol,9.8700,4
2015-04-21,BA,gasolina,17.2900,5
2015-04-21,CE,diesel_s10,273.9540,90
2015-04-21,CE,etanol,314.8390,119
2015-04-21,CE,gasolina,435.2470,127
2015-04-21,ES,diesel_s10,8.6600,3
2015-04-21,ES,etanol,2.9400,1
2015-04-21,ES,gasolina,10.4300,3
2015-04-21,GO,etanol,4.8500,2
2015-04-21,GO,gasolina,6.8400,2
2015-04-21,MG,diesel_s10,143.1440,48
2015-04-21,MG,etanol,258.4140,114
2015-04-21,MG,gasolina,392.8910,115
2015-04-21,MT,diesel_s10,9.7970,3
2015-04-21,MT,etanol,6.4790,3
2015-04-21,MT,gasolina,9.9890,3
2015-04-21,PB,diesel_s10,43.1590,15
2015-04-21,PB,etanol,42.2690,18
2015-04-21,PB,gasolina,59.9480,18
2015-04-21,PE,diesel_s10,47.8220,17
2015-04-21,PE,etanol,39.8020,17
2015-04-21,PE,gasolina,56.3220,18
2015-04-21,PR,diesel_s10,11.4560,4
2015-04-21,PR,etanol,18.1050,8
2015-04-21,PR,gasolina,23.5250,7
2015-04-21,RJ,diesel_s10,82.9170,28
2015-04-21,RJ,etanol,171.9870,66
2015-04-21,RJ,gasolina,238.1620,69
2015-04-21,RN,diesel_s10,159.8480,53
2015-04-21,RN,etanol,218.4440,83
2015-04-21,RN,gasolina,321.3230,97
2015-04-21,RS,diesel_s10,23.4950,8
2015-04-21,RS,etanol,34.8720,13
2015-04-21,RS,gasolina,60.9190,18
2015-04-21,SC,diesel_s10,2.9790,1
2015-04-21,SC,etanol,2.7590,1
2015-04-21,SC,gasolina,3.4590,1
2015-04-21,SE,diesel_s10,3.0890,1
2015-04-21,SE,etanol,2.5990,1
2015-04-21,SE,gasolina,3.3890,1
2015-04-21,SP,diesel_s10,237.3370,83
2015-04-21,SP,etanol,277.5970,138
2015-04-21,SP,gasolina,424.2820,133
2015-04-22,AL,diesel_s10,69.1850,24
2015-04-22,AL,etanol,109.0750,42
2015-04-22,AL,gasolina,144.7260,44
2015-04-22,AM,diesel_s10,111.1500,35
2015-04-22,AM,etanol,122.2600,43
2015-04-22,AM,gasolina,248.3090,67
2015-04-22,BA,diesel_s10,71.4770,24
2015-04-22,BA,etanol,124.6690,50
2015-04-22,BA,gasolina,184.3340,52
2015-04-22,CE,diesel_s10,110.8940,37
2015-04-22,CE,etanol,103.1780,39
2015-04-22,CE,gasolina,145.6750,43
2015-04-22,DF,diesel_s10,98.4780,33
2015-04-22,DF,etanol,218.3070,80
2015-04-22,DF,gasolina,282.5690,80
2015-04-22,ES,diesel_s10,116.0800,40
2015-04-22,ES,etanol,82.0200,29
2015-04-22,ES,gasolina,170.6000,51
2015-04-22,GO,diesel_s10,282.6430,93
2015-04-22,GO,etanol,549.9920,236
2015-04-22,GO,gasolina,813.6800,237
2015-04-22,MA,diesel_s10,119.5490,42
2015-04-22,MA,etanol,107.4890,40
2015-04-22,MA,gasolina,268.7170,81
2015-04-22,MG,diesel_s10,431.3290,145
2015-04-22,MG,etanol,639.5140,280
2015-04-22,MG,gasolina,968.0470,284
2015-04-22,MS,diesel_s10,52.5740,16
2015-04-22,MS,etanol,55.9720,22
2015-04-22,MS,gasolina,85.1000,24
2015-04-22,MT,diesel_s10,272.9590,84
2015-04-22,MT,etanol,274.2440,129
2015-04-22,MT,gasolina,431.7470,129
2015-04-22,PA,diesel_s10,102.8110,33
2015-04-22,PA,etanol,29.3560,10
2015-04-22,PA,gasolina,150.2370,42
2015-04-22,PB,diesel_s10,26.1160,9
2015-04-22,PB,etanol,59.5900,26
2015-04-22,PB,gasolina,80.1690,26
2015-04-22,PE,diesel_s10,126.9220,45
2015-04-22,PE,etanol,127.4730,54
2015-04-22,PE,gasolina,179.2960,56
2015-04-22,PR,diesel_s10,538.4030,188
2015-04-22,PR,etanol,648.4250,295
2015-04-22,PR,gasolina,947.0820,291
2015-04-22,RJ,diesel_s10,153.1600,53
2015-04-22,RJ,etanol,340.8460,130
2015-04-22,RJ,gasolina,452.2070,129
2015-04-22,RN,diesel_s10,11.9300,4
2015-04-22,RN,etanol,13.1400,5
2015-04-22,RN,gasolina,17.0600,5
2015-04-22,RO,diesel_s10,82.3340,26
2015-04-22,RO,etanol,100.8120,36
2015-04-22,RO,gasolina,184.2710,52
2015-04-22,RR,diesel_s10,54.2400,17
2015-04-22,RR,etanol,36.2200,12
2015-04-22,RR,gasolina,81.2880,23
2015-04-22,RS,diesel_s10,158.7340,53
2015-04-22,RS,etanol,160.8160,60
2015-04-22,RS,gasolina,266.2380,78
2015-04-22,SC,diesel_s10,236.2000,81
2015-04-22,SC,etanol,298.0430,116
2015-04-22,SC,gasolina,393.6940,124
2015-04-22,SE,diesel_s10,81.6650,27
2015-04-22,SE,etanol,67.5080,26
2015-04-22,SE,gasolina,101.9460,30
2015-04-22,SP,diesel_s10,1701.6080,590
2015-04-22,SP,etanol,2271.6020,1113
2015-04-22,SP,gasolina,3485.6650,1106
2015-04-22,TO,diesel_s10,35.7280,12
2015-04-22,TO,etanol,57.7470,22
2015-04-22,TO,gasolina,77.2570,22
2015-04-23,AC,diesel_s10,28.6900,8
2015-04-23,AC,etanol,10.1500,3
2015-04-23,AC,gasolina,64.6300,16
2015-04-23,AL,diesel_s10,31.5530,11
2015-04-23,AL,etanol,41.6210,16
2015-04-23,AL,gasolina,59.5040,18
2015-04-23,AM,etanol,2.7900,1
2015-04-23,AM,gasolina,3.5900,1
2015-04-23,AP,diesel_s10,40.2800,12
2015-04-23,AP,etanol,3.1000,1
2015-04-23,AP,gasolina,64.7600,19
2015-04-23,BA,diesel_s10,327.4380,111
2015-04-23,BA,etanol,526.9590,209
2015-04-23,BA,gasolina,787.1830,225
2015-04-23,CE,diesel_s10,70.4080,23
2015-04-23,CE,etanol,71.9740,27
2015-04-23,CE,gasolina,121.9290,35
2015-04-23,ES,diesel_s10,156.6700,54
2015-04-23,ES,etanol,258.3890,93
2015-04-23,ES,gasolina,378.3280,114
2015-04-23,GO,diesel_s10,14.9180,5
2015-04-23,GO,etanol,34.0160,15
2015-04-23,GO,gasolina,50.5060,15
2015-04-23,MA,diesel_s10,28.7390,10
2015-04-23,MA,etanol,16.3800,6
2015-04-23,MA,gasolina,43.8280,13
2015-04-23,MG,diesel_s10,254.4910,85
2015-04-23,MG,etanol,458.0390,199
2015-04-23,MG,gasolina,689.2520,202
2015-04-23,MS,diesel_s10,80.3230,25
2015-04-23,MS,etanol,104.0440,44
2015-04-23,MS,gasolina,150.1780,44
2015-04-23,PA,diesel_s10,170.2570,55
2015-04-23,PA,etanol,101.8820,35
2015-04-23,PA,gasolina,265.9290,74
2015-04-23,PB,diesel_s10,71.3580,25
2015-04-23,PB,etanol,103.5750,45
2015-04-23,PB,gasolina,145.0860,47
2015-04-23,PE,diesel_s10,197.9130,70
2015-04-23,PE,etanol,181.3450,74
2015-04-23,PE,gasolina,268.3610,83
2015-04-23,PI,diesel_s10,48.3080,16
2015-04-23,PI,etanol,28.2770,10
2015-04-23,PI,gasolina,77.3940,23
2015-04-23,PR,diesel_s10,154.1440,54
2015-04-23,PR,etanol,201.8220,89
2015-04-23,PR,gasolina,289.2100,87
2015-04-23,RJ,diesel_s10,569.0000,189
2015-04-23,RJ,etanol,1012.5600,373
2015-04-23,RJ,gasolina,1361.1820,383
2015-04-23,RN,diesel_s10,24.1960,8
2015-04-23,RN,etanol,26.8540,10
2015-04-23,RN,gasolina,33.1630,10
2015-04-23,RO,diesel_s10,70.3190,22
2015-04-23,RO,etanol,36.1480,13
2015-04-23,RO,gasolina,89.8930,25
2015-04-23,RR,diesel_s10,6.4400,2
2015-04-23,RR,etanol,3.1900,1
2015-04-23,RR,gasolina,10.7700,3
2015-04-23,RS,diesel_s10,474.7730,159
2015-04-23,RS,etanol,555.6610,207
2015-04-23,RS,gasolina,936.5960,281
2015-04-23,SC,diesel_s10,187.0230,65
2015-04-23,SC,etanol,174.4550,65
2015-04-23,SC,gasolina,290.6680,88
2015-04-23,SE,diesel_s10,26.4830,9
2015-04-23,SE,etanol,23.0410,9
2015-04-23,SE,gasolina,39.9210,12
2015-04-23,SP,diesel_s10,568.0010,197
2015-04-23,SP,etanol,739.6320,358
2015-04-23,SP,gasolina,1144.5630,357
2015-04-23,TO,diesel_s10,38.5630,13
2015-04-23,TO,etanol,44.0410,17
2015-04-23,TO,gasolina,62.3990,18
2015-04-24,AC,diesel_s10,68.1390,20
2015-04-24,AC,etanol,45.2380,15
2015-04-24,AC,gasolina,90.2470,24
2015-04-24,AL,diesel_s10,11.6180,4
2015-04-24,AL,etanol,16.1330,6
2015-04-24,AL,gasolina,24.3370,7
2015-04-24,AM,diesel_s10,21.9900,7
2015-04-24,AM,gasolina,33.1700,9
2015-04-24,AP,diesel_s10,6.7300,2
2015-04-24,AP,gasolina,13.4590,4
2015-04-24,BA,diesel_s10,171.2330,59
2015-04-24,BA,etanol,221.6580,91
2015-04-24,BA,gasolina,318.9090,95
2015-04-24,CE,diesel_s10,14.9070,5
2015-04-24,CE,etanol,23.4850,9
2015-04-24,CE,gasolina,40.5350,12
2015-04-24,ES,diesel_s10,8.9000,3
2015-04-24,ES,etanol,11.7400,4
2015-04-24,ES,gasolina,14.3500,4
2015-04-24,MA,diesel_s10,67.8240,23
2015-04-24,MA,etanol,40.1180,14
2015-04-24,MA,gasolina,88.6800,25
2015-04-24,MG,diesel_s10,127.7970,43
2015-04-24,MG,etanol,217.5760,94
2015-04-24,MG,gasolina,326.1230,95
2015-04-24,MS,diesel_s10,28.9380,9
2015-04-24,MS,etanol,22.7880,9
2015-04-24,MS,gasolina,32.0780,9
2015-04-24,PA,diesel_s10,138.9790,45
2015-04-24,PA,etanol,54.3690,19
2015-04-24,PA,gasolina,189.7130,53
2015-04-24,PB,diesel_s10,32.3380,11
2015-04-24,PB,etanol,35.8880,15
2015-04-24,PB,gasolina,55.1280,17
2015-04-24,PE,diesel_s10,68.3610,24
2015-04-24,PE,etanol,49.9330,20
2015-04-24,PE,gasolina,112.0490,33
2015-04-24,PI,diesel_s10,38.1090,13
2015-04-24,PI,etanol,16.4600,6
2015-04-24,PI,gasolina,59.2230,18
2015-04-24,PR,diesel_s10,11.3890,4
2015-04-24,PR,etanol,8.6190,4
2015-04-24,PR,gasolina,13.3790,4
2015-04-24,RJ,diesel_s10,80.2840,27
2015-04-24,RJ,etanol,118.9240,43
2015-04-24,RJ,gasolina,170.0950,47
2015-04-24,RO,diesel_s10,29.7300,9
2015-04-24,RO,etanol,32.8900,11
2015-04-24,RO,gasolina,44.4490,12
2015-04-24,RR,diesel_s10,6.4100,2
2015-04-24,RR,gasolina,10.6600,3
2015-04-24,RS,diesel_s10,53.9710,18
2015-04-24,RS,etanol,35.2890,13
2015-04-24,RS,gasolina,84.7520,25
2015-04-24,SC,diesel_s10,11.6450,4
2015-04-24,SC,etanol,24.4830,9
2015-04-24,SC,gasolina,32.8520,10
2015-04-24,SE,diesel_s10,2.9990,1
2015-04-24,SE,etanol,2.6990,1
2015-04-24,SP,diesel_s10,43.2990,15
2015-04-24,SP,etanol,74.5350,35
2015-04-24,SP,gasolina,113.5760,35
2015-04-24,TO,diesel_s10,12.3680,4
2015-04-24,TO,etanol,15.4760,6
2015-04-24,TO,gasolina,27.5570,8
2015-04-27,AC,diesel_s10,28.0700,8
2015-04-27,AC,etanol,19.0600,6
2015-04-27,AC,gasolina,42.5190,11
2015-04-27,AL,diesel_s10,14.6820,5
2015-04-27,AL,etanol,45.9500,18
2015-04-27,AL,gasolina,59.4870,18
2015-04-27,AM,diesel_s10,33.5590,11
2015-04-27,AM,etanol,55.5520,20
2015-04-27,AM,gasolina,71.7690,20
2015-04-27,AP,diesel_s10,10.2100,3
2015-04-27,AP,gasolina,15.1700,4
2015-04-27,BA,diesel_s10,63.9680,21
2015-04-27,BA,etanol,99.4990,39
2015-04-27,BA,gasolina,144.2870,41
2015-04-27,CE,diesel_s10,109.2620,36
2015-04-27,CE,etanol,85.7950,33
2015-04-27,CE,gasolina,146.3180,43
2015-04-27,ES,etanol,2.8500,1
2015-04-27,ES,gasolina,3.3700,1
2015-04-27,MA,diesel_s10,20.6190,7
2015-04-27,MA,etanol,30.7190,11
2015-04-27,MA,gasolina,51.2390,15
2015-04-27,MG,diesel_s10,245.2420,83
2015-04-27,MG,etanol,439.9270,188
2015-04-27,MG,gasolina,664.6750,192
2015-04-27,MS,diesel_s10,76.7750,24
2015-04-27,MS,etanol,77.6210,33
2015-04-27,MS,gasolina,104.3170,31
2015-04-27,MT,etanol,2.0700,1
2015-04-27,MT,gasolina,3.1700,1
2015-04-27,PA,diesel_s10,16.6500,5
2015-04-27,PA,etanol,3.3500,1
2015-04-27,PA,gasolina,26.4490,7
2015-04-27,PB,diesel_s10,20.6100,7
2015-04-27,PB,etanol,17.2500,7
2015-04-27,PB,gasolina,33.5800,10
2015-04-27,PE,diesel_s10,157.0270,55
2015-04-27,PE,etanol,150.3040,62
2015-04-27,PE,gasolina,221.8730,68
2015-04-27,PI,diesel_s10,68.9710,23
2015-04-27,PI,etanol,66.0130,25
2015-04-27,PI,gasolina,116.4100,36
2015-04-27,PR,diesel_s10,324.2010,113
2015-04-27,PR,etanol,437.0680,198
2015-04-27,PR,gasolina,652.5260,196
2015-04-27,RJ,diesel_s10,215.1260,74
2015-04-27,RJ,etanol,383.3010,143
2015-04-27,RJ,gasolina,509.5530,144
2015-04-27,RO,diesel_s10,12.9200,4
2015-04-27,RO,etanol,5.4100,2
2015-04-27,RO,gasolina,14.7500,4
2015-04-27,RS,diesel_s10,358.0250,119
2015-04-27,RS,etanol,396.9160,151
2015-04-27,RS,gasolina,692.5300,208
2015-04-27,SC,diesel_s10,175.4450,60
2015-04-27,SC,etanol,172.8610,67
2015-04-27,SC,gasolina,284.5210,89
2015-04-27,SE,diesel_s10,90.9050,30
2015-04-27,SE,etanol,70.9890,27
2015-04-27,SE,gasolina,111.2730,33
2015-04-27,SP,diesel_s10,1375.3590,481
2015-04-27,SP,etanol,1899.5430,926
2015-04-27,SP,gasolina,2927.5580,924
2015-04-27,TO,diesel_s10,8.8820,3
2015-04-27,TO,etanol,27.1600,11
2015-04-27,TO,gasolina,13.4520,4
2015-04-28,AL,diesel_s10,2.9300,1
2015-04-28,AL,etanol,9.9190,4
2015-04-28,AL,gasolina,13.1390,4
2015-04-28,AM,diesel_s10,79.1670,26
2015-04-28,AM,etanol,110.3290,40
2015-04-28,AM,gasolina,154.0880,43
2015-04-28,BA,diesel_s10,47.5430,16
2015-04-28,BA,etanol,75.8440,30
2015-04-28,BA,gasolina,118.2880,34
2015-04-28,CE,diesel_s10,231.9110,77
2015-04-28,CE,etanol,261.4110,99
2015-04-28,CE,gasolina,376.8540,110
2015-04-28,DF,etanol,2.7200,1
2015-04-28,DF,gasolina,3.5200,1
2015-04-28,ES,diesel_s10,63.5200,22
2015-04-28,ES,etanol,154.5100,56
2015-04-28,ES,gasolina,219.9700,67
2015-04-28,GO,diesel_s10,89.0090,30
2015-04-28,GO,etanol,150.1180,67
2015-04-28,GO,gasolina,220.0790,67
2015-04-28,MG,diesel_s10,324.9110,109
2015-04-28,MG,etanol,614.9650,272
2015-04-28,MG,gasolina,909.4450,269
2015-04-28,MS,diesel_s10,95.9410,30
2015-04-28,MS,etanol,97.4190,42
2015-04-28,MS,gasolina,148.3080,44
2015-04-28,MT,diesel_s10,160.2240,49
2015-04-28,MT,etanol,183.1040,84
2015-04-28,MT,gasolina,286.0720,84
2015-04-28,PA,diesel_s10,2.8890,1
2015-04-28,PA,etanol,2.7890,1
2015-04-28,PA,gasolina,3.3990,1
2015-04-28,PB,diesel_s10,5.7990,2
2015-04-28,PB,etanol,11.4760,5
2015-04-28,PB,gasolina,15.7660,5
2015-04-28,PE,diesel_s10,247.1710,87
2015-04-28,PE,etanol,224.3250,95
2015-04-28,PE,gasolina,308.3530,100
2015-04-28,PI,diesel_s10,53.9640,18
2015-04-28,PI,etanol,45.1650,17
2015-04-28,PI,gasolina,73.9250,23
2015-04-28,PR,diesel_s10,126.9630,44
2015-04-28,PR,etanol,136.7300,60
2015-04-28,PR,gasolina,190.0130,57
2015-04-28,RJ,diesel_s10,347.8640,116
2015-04-28,RJ,etanol,715.0410,271
2015-04-28,RJ,gasolina,961.2550,275
2015-04-28,RN,diesel_s10,177.4400,59
2015-04-28,RN,etanol,189.2480,72
2015-04-28,RN,gasolina,273.9110,83
2015-04-28,RO,etanol,7.9500,3
2015-04-28,RO,gasolina,10.5000,3
2015-04-28,RR,diesel_s10,28.3300,9
2015-04-28,RR,etanol,15.0500,5
2015-04-28,RR,gasolina,42.1890,12
2015-04-28,RS,diesel_s10,62.7750,21
2015-04-28,RS,etanol,74.5100,28
2015-04-28,RS,gasolina,123.8470,36
2015-04-28,SC,diesel_s10,2.9790,1
2015-04-28,SC,etanol,2.7590,1
2015-04-28,SC,gasolina,3.4590,1
2015-04-28,SP,diesel_s10,1139.9940,397
2015-04-28,SP,etanol,1344.0040,669
2015-04-28,SP,gasolina,2100.2580,667
2015-04-28,TO,diesel_s10,5.9580,2
2015-04-28,TO,etanol,5.1890,2
2015-04-28,TO,gasolina,7.1180,2
2015-04-29,AC,diesel_s10,28.6900,8
2015-04-29,AC,etanol,10.1500,3
2015-04-29,AC,gasolina,64.6300,16
2015-04-29,AL,diesel_s10,95.0630,33
2015-04-29,AL,etanol,117.0290,45
2015-04-29,AL,gasolina,161.5830,49
2015-04-29,AM,diesel_s10,65.5200,20
2015-04-29,AM,etanol,52.4700,18
2015-04-29,AM,gasolina,151.4300,40
2015-04-29,AP,diesel_s10,40.2800,12
2015-04-29,AP,etanol,3.1000,1
2015-04-29,AP,gasolina,64.7300,19
2015-04-29,BA,diesel_s10,304.7230,103
2015-04-29,BA,etanol,434.5170,174
2015-04-29,BA,gasolina,658.8120,189
2015-04-29,CE,diesel_s10,127.3170,42
2015-04-29,CE,etanol,127.2120,48
2015-04-29,CE,gasolina,197.0910,57
2015-04-29,DF,diesel_s10,92.5280,31
2015-04-29,DF,etanol,215.4270,79
2015-04-29,DF,gasolina,279.0890,79
2015-04-29,ES,diesel_s10,198.8400,68
2015-04-29,ES,etanol,199.6890,71
2015-04-29,ES,gasolina,350.8080,104
2015-04-29,GO,diesel_s10,246.6710,81
2015-04-29,GO,etanol,399.8900,171
2015-04-29,GO,gasolina,586.8110,171
2015-04-29,MA,diesel_s10,148.6040,52
2015-04-29,MA,etanol,118.6420,44
2015-04-29,MA,gasolina,308.9580,93
2015-04-29,MG,diesel_s10,626.1230,210
2015-04-29,MG,etanol,896.0720,391
2015-04-29,MG,gasolina,1351.7790,395
2015-04-29,MS,diesel_s10,116.3390,36
2015-04-29,MS,etanol,108.1760,44
2015-04-29,MS,gasolina,153.8330,44
2015-04-29,MT,diesel_s10,116.0710,36
2015-04-29,MT,etanol,116.9610,56
2015-04-29,MT,gasolina,188.4000,57
2015-04-29,PA,diesel_s10,255.6550,82
2015-04-29,PA,etanol,128.7540,44
2015-04-29,PA,gasolina,385.1860,107
2015-04-29,PB,diesel_s10,100.4270,35
2015-04-29,PB,etanol,162.2960,71
2015-04-29,PB,gasolina,228.9540,74
2015-04-29,PE,diesel_s10,273.9390,97
2015-04-29,PE,etanol,265.7950,109
2015-04-29,PE,gasolina,386.8840,120
2015-04-29,PI,diesel_s10,51.0580,17
2015-04-29,PI,etanol,19.8400,7
2015-04-29,PI,gasolina,77.0560,23
2015-04-29,PR,diesel_s10,376.7310,132
2015-04-29,PR,etanol,501.3250,231
2015-04-29,PR,gasolina,745.1160,231
2015-04-29,RJ,diesel_s10,218.6210,74
2015-04-29,RJ,etanol,360.4660,132
2015-04-29,RJ,gasolina,479.2870,134
2015-04-29,RN,diesel_s10,45.1740,15
2015-04-29,RN,etanol,61.8680,24
2015-04-29,RN,gasolina,97.2970,29
2015-04-29,RO,diesel_s10,136.6040,43
2015-04-29,RO,etanol,134.2980,48
2015-04-29,RO,gasolina,238.9450,67
2015-04-29,RR,diesel_s10,38.6600,12
2015-04-29,RR,etanol,24.5600,8
2015-04-29,RR,gasolina,49.9200,14
2015-04-29,RS,diesel_s10,568.4410,191
2015-04-29,RS,etanol,644.1670,242
2015-04-29,RS,gasolina,1099.7800,334
2015-04-29,SC,diesel_s10,582.1770,200
2015-04-29,SC,etanol,622.6360,239
2015-04-29,SC,gasolina,902.4310,280
2015-04-29,SE,diesel_s10,49.8980,17
2015-04-29,SE,etanol,38.3160,15
2015-04-29,SE,gasolina,70.0850,21
2015-04-29,SP,diesel_s10,1038.5830,359
2015-04-29,SP,etanol,1400.2090,685
2015-04-29,SP,gasolina,2150.1920,678
2015-04-29,TO,diesel_s10,71.5210,24
2015-04-29,TO,etanol,96.8290,37
2015-04-29,TO,gasolina,132.3680,38
2015-04-30,AC,diesel_s10,67.7890,20
2015-04-30,AC,etanol,45.2990,15
2015-04-30,AC,gasolina,86.2000,23
2015-04-30,AL,diesel_s10,38.2870,13
2015-04-30,AL,etanol,52.4510,20
2015-04-30,AL,gasolina,77.4570,23
2015-04-30,AM,diesel_s10,21.9900,7
2015-04-30,AM,gasolina,33.1700,9
2015-04-30,AP,diesel_s10,6.7300,2
2015-04-30,AP,gasolina,13.4590,4
2015-04-30,BA,diesel_s10,262.0190,90
2015-04-30,BA,etanol,362.7030,146
2015-04-30,BA,gasolina,512.9010,150
2015-04-30,CE,diesel_s10,15.4390,5
2015-04-30,CE,etanol,31.3040,12
2015-04-30,CE,gasolina,50.9960,15
2015-04-30,ES,diesel_s10,8.9000,3
2015-04-30,ES,etanol,11.7400,4
2015-04-30,ES,gasolina,14.3500,4
2015-04-30,GO,diesel_s10,20.8440,7
2015-04-30,GO,etanol,35.2990,15
2015-04-30,GO,gasolina,51.8700,15
2015-04-30,MA,diesel_s10,70.7030,24
2015-04-30,MA,etanol,42.8370,15
2015-04-30,MA,gasolina,95.6390,27
2015-04-30,MG,diesel_s10,147.8150,50
2015-04-30,MG,etanol,232.7150,100
2015-04-30,MG,gasolina,348.9140,103
2015-04-30,MS,diesel_s10,28.9380,9
2015-04-30,MS,etanol,22.7880,9
2015-04-30,MS,gasolina,32.0780,9
2015-04-30,PA,diesel_s10,162.4270,53
2015-04-30,PA,etanol,54.4260,19
2015-04-30,PA,gasolina,213.8680,60
2015-04-30,PB,diesel_s10,55.6360,19
2015-04-30,PB,etanol,61.9420,26
2015-04-30,PB,gasolina,92.4660,28
2015-04-30,PE,diesel_s10,68.4010,24
2015-04-30,PE,etanol,49.9430,20
2015-04-30,PE,gasolina,112.0490,33
2015-04-30,PI,diesel_s10,38.1090,13
2015-04-30,PI,etanol,16.4600,6
2015-04-30,PI,gasolina,59.2230,18
2015-04-30,PR,diesel_s10,154.4480,54
2015-04-30,PR,etanol,169.4490,76
2015-04-30,PR,gasolina,249.9000,76
2015-04-30,RJ,diesel_s10,227.1760,77
2015-04-30,RJ,etanol,438.7260,163
2015-04-30,RJ,gasolina,590.3460,166
2015-04-30,RO,diesel_s10,29.4800,9
2015-04-30,RO,etanol,43.4300,15
2015-04-30,RO,gasolina,61.9700,17
2015-04-30,RR,diesel_s10,6.3100,2
2015-04-30,RR,gasolina,10.6600,3
2015-04-30,RS,diesel_s10,65.8680,22
2015-04-30,RS,etanol,62.1780,23
2015-04-30,RS,gasolina,116.3560,34
2015-04-30,SC,diesel_s10,14.6040,5
2015-04-30,SC,etanol,29.8910,11
2015-04-30,SC,gasolina,39.4180,12
2015-04-30,SE,diesel_s10,2.9990,1
2015-04-30,SE,etanol,2.6990,1
2015-04-30,SP,diesel_s10,146.5150,50
2015-04-30,SP,etanol,203.4790,93
2015-04-30,SP,gasolina,306.0510,93
2015-04-30,TO,diesel_s10,12.3680,4
2015-04-30,TO,etanol,15.4760,6
2015-04-30,TO,gasolina,27.5570,8
2015-05-04,AC,diesel_s10,31.7400,9
2015-05-04,AC,etanol,13.2200,4
2015-05-04,AC,gasolina,55.9400,14
2015-05-04,AL,diesel_s10,52.2770,18
2015-05-04,AL,etanol,112.1690,45
2015-05-04,AL,gasolina,151.0870,46
2015-05-04,AM,diesel_s10,49.9700,16
2015-05-04,AM,etanol,55.5060,20
2015-05-04,AM,gasolina,129.2200,35
2015-05-04,AP,diesel_s10,36.9700,11
2015-05-04,AP,gasolina,76.1500,22
2015-05-04,BA,diesel_s10,93.2800,31
2015-05-04,BA,etanol,99.0280,39
2015-05-04,BA,gasolina,144.2310,41
2015-05-04,CE,diesel_s10,14.9590,5
2015-05-04,CE,etanol,20.9380,8
2015-05-04,CE,gasolina,33.9390,10
2015-05-04,ES,diesel_s10,102.1900,35
2015-05-04,ES,etanol,80.4090,29
2015-05-04,ES,gasolina,183.9780,55
2015-05-04,MA,diesel_s10,36.9180,13
2015-05-04,MA,etanol,32.8560,12
2015-05-04,MA,gasolina,75.5290,22
2015-05-04,MG,diesel_s10,428.0180,144
2015-05-04,MG,etanol,704.6820,303
2015-05-04,MG,gasolina,1048.0180,303
2015-05-04,MS,diesel_s10,139.7000,43
2015-05-04,MS,etanol,124.9690,51
2015-05-04,MS,gasolina,176.5750,51
2015-05-04,PA,diesel_s10,146.3540,46
2015-05-04,PA,etanol,44.6880,15
2015-05-04,PA,gasolina,218.0470,58
2015-05-04,PB,diesel_s10,48.7360,17
2015-05-04,PB,etanol,51.2820,22
2015-05-04,PB,gasolina,73.1370,23
2015-05-04,PE,diesel_s10,260.5390,92
2015-05-04,PE,etanol,230.8890,96
2015-05-04,PE,gasolina,340.8890,107
2015-05-04,PI,diesel_s10,32.7670,11
2015-05-04,PI,etanol,14.2170,5
2015-05-04,PI,gasolina,59.8660,18
2015-05-04,PR,diesel_s10,360.6820,126
2015-05-04,PR,etanol,444.5410,201
2015-05-04,PR,gasolina,665.4410,200
2015-05-04,RJ,diesel_s10,427.6140,144
2015-05-04,RJ,etanol,731.3450,276
2015-05-04,RJ,gasolina,1005.8620,286
2015-05-04,RO,diesel_s10,129.2870,40
2015-05-04,RO,etanol,89.8880,31
2015-05-04,RO,gasolina,153.8050,42
2015-05-04,RR,diesel_s10,12.8500,4
2015-05-04,RR,etanol,3.1900,1
2015-05-04,RR,gasolina,21.4300,6
2015-05-04,RS,diesel_s10,518.3810,174
2015-05-04,RS,etanol,618.9470,235
2015-05-04,RS,gasolina,1086.1150,329
2015-05-04,SC,diesel_s10,261.2800,90
2015-05-04,SC,etanol,259.0850,98
2015-05-04,SC,gasolina,416.3500,127
2015-05-04,SE,diesel_s10,32.3140,11
2015-05-04,SE,etanol,15.8470,6
2015-05-04,SE,gasolina,32.5430,10
2015-05-04,SP,diesel_s10,1172.6510,409
2015-05-04,SP,etanol,1584.3180,775
2015-05-04,SP,gasolina,2451.3320,775
2015-05-04,TO,diesel_s10,29.9750,10
2015-05-04,TO,etanol,53.2940,21
2015-05-04,TO,gasolina,54.5210,16
2015-05-05,AC,diesel_s10,3.3700,1
2015-05-05,AC,etanol,3.0700,1
2015-05-05,AC,gasolina,3.7400,1
2015-05-05,AL,diesel_s10,14.3970,5
2015-05-05,AL,etanol,16.0170,6
2015-05-05,AL,gasolina,23.5270,7
2015-05-05,AM,diesel_s10,84.4800,27
2015-05-05,AM,etanol,133.7600,48
2015-05-05,AM,gasolina,229.3390,63
2015-05-05,AP,diesel_s10,10.0700,3
2015-05-05,AP,gasolina,16.8400,5
2015-05-05,BA,diesel_s10,126.4220,43
2015-05-05,BA,etanol,189.9310,77
2015-05-05,BA,gasolina,284.7030,83
2015-05-05,CE,diesel_s10,426.1690,141
2015-05-05,CE,etanol,463.2360,175
2015-05-05,CE,gasolina,658.9270,192
2015-05-05,ES,diesel_s10,46.9500,16
2015-05-05,ES,etanol,40.3200,14
2015-05-05,ES,gasolina,66.1700,19
2015-05-05,GO,diesel_s10,91.7810,30
2015-05-05,GO,etanol,141.9140,63
2015-05-05,GO,gasolina,216.2660,63
2015-05-05,MA,diesel_s10,67.0240,23
2015-05-05,MA,etanol,53.9660,19
2015-05-05,MA,gasolina,103.9320,30
2015-05-05,MG,diesel_s10,482.2160,162
2015-05-05,MG,etanol,833.6570,368
2015-05-05,MG,gasolina,1269.8330,375
2015-05-05,MS,diesel_s10,141.0970,44
2015-05-05,MS,etanol,127.6510,55
2015-05-05,MS,gasolina,181.8670,55
2015-05-05,MT,diesel_s10,115.0440,35
2015-05-05,MT,etanol,111.7150,50
2015-05-05,MT,gasolina,174.9180,50
2015-05-05,PA,diesel_s10,98.2270,31
2015-05-05,PA,etanol,33.8090,11
2015-05-05,PA,gasolina,155.2710,42
2015-05-05,PB,diesel_s10,46.7490,16
2015-05-05,PB,etanol,47.6090,20
2015-05-05,PB,gasolina,70.4590,21
2015-05-05,PE,diesel_s10,286.6590,101
2015-05-05,PE,etanol,243.6120,101
2015-05-05,PE,gasolina,376.0650,119
2015-05-05,PI,diesel_s10,98.2180,33
2015-05-05,PI,etanol,73.2890,27
2015-05-05,PI,gasolina,154.1810,47
2015-05-05,PR,diesel_s10,235.2740,82
2015-05-05,PR,etanol,307.5160,136
2015-05-05,PR,gasolina,439.9460,133
2015-05-05,RJ,diesel_s10,358.2450,120
2015-05-05,RJ,etanol,644.9620,241
2015-05-05,RJ,gasolina,897.3990,254
2015-05-05,RN,diesel_s10,174.6600,58
2015-05-05,RN,etanol,250.1690,95
2015-05-05,RN,gasolina,347.8320,105
2015-05-05,RO,diesel_s10,34.7250,11
2015-05-05,RO,etanol,43.0920,15
2015-05-05,RO,gasolina,67.1320,19
2015-05-05,RR,diesel_s10,41.3200,13
2015-05-05,RR,etanol,24.3400,8
2015-05-05,RR,gasolina,56.6090,16
2015-05-05,RS,diesel_s10,205.9130,68
2015-05-05,RS,etanol,236.3600,88
2015-05-05,RS,gasolina,364.3430,106
2015-05-05,SC,diesel_s10,55.7540,19
2015-05-05,SC,etanol,66.3380,26
2015-05-05,SC,gasolina,86.7070,28
2015-05-05,SE,diesel_s10,41.1030,14
2015-05-05,SE,etanol,30.4430,12
2015-05-05,SE,gasolina,66.5710,20
2015-05-05,SP,diesel_s10,1707.2610,596
2015-05-05,SP,etanol,2070.9530,1034
2015-05-05,SP,gasolina,3221.7090,1021
2015-05-05,TO,diesel_s10,32.8340,11
2015-05-05,TO,etanol,25.8040,10
2015-05-05,TO,gasolina,35.4820,10
2015-05-06,AC,diesel_s10,25.4700,7
2015-05-06,AC,etanol,13.0000,4
2015-05-06,AC,gasolina,47.6200,12
2015-05-06,AL,diesel_s10,46.4900,16
2015-05-06,AL,etanol,62.1550,24
2015-05-06,AL,gasolina,86.1830,26
2015-05-06,AM,diesel_s10,12.5500,4
2015-05-06,AM,etanol,9.1100,3
2015-05-06,AM,gasolina,24.7200,7
2015-05-06,BA,diesel_s10,386.1510,131
2015-05-06,BA,etanol,547.5280,219
2015-05-06,BA,gasolina,796.6510,230
2015-05-06,CE,diesel_s10,57.2380,19
2015-05-06,CE,etanol,49.1790,19
2015-05-06,CE,gasolina,67.3450,20
2015-05-06,DF,diesel_s10,86.3280,29
2015-05-06,DF,etanol,217.4360,80
2015-05-06,DF,gasolina,282.0790,80
2015-05-06,ES,diesel_s10,69.4300,24
2015-05-06,ES,etanol,92.4900,33
2015-05-06,ES,gasolina,132.1900,39
2015-05-06,GO,diesel_s10,198.9890,66
2015-05-06,GO,etanol,416.2040,180
2015-05-06,GO,gasolina,617.2540,181
2015-05-06,MA,diesel_s10,29.5580,10
2015-05-06,MA,etanol,29.6070,11
2015-05-06,MA,gasolina,58.3970,17
2015-05-06,MG,diesel_s10,394.5110,133
2015-05-06,MG,etanol,619.9020,273
2015-05-06,MG,gasolina,937.8590,278
2015-05-06,MS,diesel_s10,45.1500,14
2015-05-06,MS,etanol,52.8640,22
2015-05-06,MS,gasolina,75.1430,22
2015-05-06,MT,diesel_s10,154.5230,48
2015-05-06,MT,etanol,190.0690,92
2015-05-06,MT,gasolina,302.7490,92
2015-05-06,PA,diesel_s10,137.3190,45
2015-05-06,PA,etanol,68.8120,24
2015-05-06,PA,gasolina,178.5970,52
2015-05-06,PB,diesel_s10,57.0120,20
2015-05-06,PB,etanol,129.7300,57
2015-05-06,PB,gasolina,183.7810,60
2015-05-06,PE,diesel_s10,195.3360,69
2015-05-06,PE,etanol,183.8160,77
2015-05-06,PE,gasolina,248.8290,79
2015-05-06,PI,diesel_s10,77.8390,26
2015-05-06,PI,etanol,61.1520,23
2015-05-06,PI,gasolina,112.2960,35
2015-05-06,PR,diesel_s10,191.6790,66
2015-05-06,PR,etanol,206.3660,93
2015-05-06,PR,gasolina,307.0170,92
2015-05-06,RJ,diesel_s10,143.8760,49
2015-05-06,RJ,etanol,275.9430,101
2015-05-06,RJ,gasolina,362.5020,102
2015-05-06,RN,diesel_s10,3.0290,1
2015-05-06,RN,etanol,5.3700,2
2015-05-06,RN,gasolina,6.6700,2
2015-05-06,RO,diesel_s10,18.8600,6
2015-05-06,RO,etanol,42.7200,16
2015-05-06,RO,gasolina,91.2900,26
2015-05-06,RR,diesel_s10,22.3500,7
2015-05-06,RR,etanol,12.0800,4
2015-05-06,RR,gasolina,28.3400,8
2015-05-06,RS,diesel_s10,63.4120,21
2015-05-06,RS,etanol,59.9890,23
2015-05-06,RS,gasolina,95.9100,29
2015-05-06,SC,diesel_s10,210.6040,72
2015-05-06,SC,etanol,237.0450,94
2015-05-06,SC,gasolina,318.9790,103
2015-05-06,SE,diesel_s10,58.2260,19
2015-05-06,SE,etanol,55.0420,21
2015-05-06,SE,gasolina,75.0500,22
2015-05-06,SP,diesel_s10,484.2030,168
2015-05-06,SP,etanol,695.9740,341
2015-05-06,SP,gasolina,1078.2210,339
2015-05-06,TO,diesel_s10,32.5480,11
2015-05-06,TO,etanol,67.9970,26
2015-05-06,TO,gasolina,90.6660,26
2015-05-07,AC,diesel_s10,67.8800,20
2015-05-07,AC,etanol,42.5100,14
2015-05-07,AC,gasolina,86.3800,23
2015-05-07,AL,diesel_s10,29.0060,10
2015-05-07,AL,etanol,31.3050,12
2015-05-07,AL,gasolina,50.2970,15
2015-05-07,AM,diesel_s10,10.0500,3
2015-05-07,AM,etanol,8.7200,3
2015-05-07,AM,gasolina,22.4900,6
2015-05-07,BA,diesel_s10,92.5130,32
2015-05-07,BA,etanol,125.5400,51
2015-05-07,BA,gasolina,190.8770,56
2015-05-07,CE,etanol,2.7500,1
2015-05-07,CE,gasolina,3.4990,1
2015-05-07,ES,diesel_s10,66.4000,23
2015-05-07,ES,etanol,151.2600,55
2015-05-07,ES,gasolina,208.2200,64
2015-05-07,GO,diesel_s10,24.0050,8
2015-05-07,GO,etanol,21.7950,10
2015-05-07,GO,gasolina,33.3250,10
2015-05-07,MA,diesel_s10,103.1200,36
2015-05-07,MA,etanol,85.5440,32
2015-05-07,MA,gasolina,217.3550,66
2015-05-07,MG,diesel_s10,9.4280,3
2015-05-07,MG,etanol,12.0060,5
2015-05-07,MG,gasolina,18.2320,5
2015-05-07,PA,diesel_s10,65.4520,22
2015-05-07,PA,etanol,36.9850,13
2015-05-07,PA,gasolina,77.9470,23
2015-05-07,PB,diesel_s10,20.5090,7
2015-05-07,PB,etanol,19.3800,8
2015-05-07,PB,gasolina,39.8990,12
2015-05-07,PE,diesel_s10,44.6990,15
2015-05-07,PE,etanol,40.9220,15
2015-05-07,PE,gasolina,57.8900,16
2015-05-07,PR,diesel_s10,182.7040,65
2015-05-07,PR,etanol,284.1200,135
2015-05-07,PR,gasolina,423.8590,135
2015-05-07,RJ,diesel_s10,90.5960,31
2015-05-07,RJ,etanol,184.0500,68
2015-05-07,RJ,gasolina,239.7990,68
2015-05-07,RN,diesel_s10,5.9800,2
2015-05-07,RN,etanol,7.7590,3
2015-05-07,RN,gasolina,16.6890,5
2015-05-07,RO,etanol,7.9500,3
2015-05-07,RO,gasolina,14.0000,4
2015-05-07,RS,diesel_s10,277.3270,93
2015-05-07,RS,etanol,276.9280,104
2015-05-07,RS,gasolina,481.7280,146
2015-05-07,SC,diesel_s10,278.2160,95
2015-05-07,SC,etanol,269.8240,101
2015-05-07,SC,gasolina,412.1510,125
2015-05-07,SE,diesel_s10,3.0200,1
2015-05-07,SE,etanol,5.3980,2
2015-05-07,SE,gasolina,6.9800,2
2015-05-07,SP,diesel_s10,348.2250,117
2015-05-07,SP,etanol,465.5780,223
2015-05-07,SP,gasolina,712.9430,224
2015-05-11,AC,diesel_s10,31.7400,9
2015-05-11,AC,etanol,13.2200,4
2015-05-11,AC,gasolina,55.9400,14
2015-05-11,AL,diesel_s10,11.5590,4
2015-05-11,AL,etanol,15.5350,6
2015-05-11,AL,gasolina,22.3560,7
2015-05-11,AM,diesel_s10,74.4100,24
2015-05-11,AM,etanol,57.7700,21
2015-05-11,AM,gasolina,147.3600,40
2015-05-11,AP,diesel_s10,36.9700,11
2015-05-11,AP,gasolina,76.1500,22
2015-05-11,BA,diesel_s10,96.1880,32
2015-05-11,BA,etanol,101.2870,40
2015-05-11,BA,gasolina,147.1600,42
2015-05-11,CE,diesel_s10,18.1390,6
2015-05-11,CE,etanol,23.5180,9
2015-05-11,CE,gasolina,34.0180,10
2015-05-11,ES,diesel_s10,102.2600,35
2015-05-11,ES,etanol,83.2990,30
2015-05-11,ES,gasolina,188.9880,55
2015-05-11,MA,diesel_s10,36.9180,13
2015-05-11,MA,etanol,27.2580,10
2015-05-11,MA,gasolina,68.8910,20
2015-05-11,MG,diesel_s10,410.3830,138
2015-05-11,MG,etanol,642.9100,278
2015-05-11,MG,gasolina,955.0180,276
2015-05-11,MS,diesel_s10,110.3640,34
2015-05-11,MS,etanol,110.2010,46
2015-05-11,MS,gasolina,152.7550,45
2015-05-11,MT,diesel_s10,6.2590,2
2015-05-11,MT,etanol,10.7660,5
2015-05-11,MT,gasolina,16.4980,5
2015-05-11,PA,diesel_s10,139.4940,44
2015-05-11,PA,etanol,44.6880,15
2015-05-11,PA,gasolina,210.3370,56
2015-05-11,PB,diesel_s10,34.4260,12
2015-05-11,PB,etanol,39.5520,17
2015-05-11,PB,gasolina,56.3030,18
2015-05-11,PE,diesel_s10,99.3160,35
2015-05-11,PE,etanol,89.7730,36
2015-05-11,PE,gasolina,150.5650,45
2015-05-11,PI,diesel_s10,71.7910,24
2015-05-11,PI,etanol,58.7270,22
2015-05-11,PI,gasolina,127.1220,39
2015-05-11,PR,diesel_s10,350.8260,123
2015-05-11,PR,etanol,443.8350,202
2015-05-11,PR,gasolina,666.2730,201
2015-05-11,RJ,diesel_s10,279.0580,95
2015-05-11,RJ,etanol,469.4220,175
2015-05-11,RJ,gasolina,616.1840,174
2015-05-11,RO,diesel_s10,129.0270,40
2015-05-11,RO,etanol,89.6680,31
2015-05-11,RO,gasolina,153.4450,42
2015-05-11,RR,diesel_s10,12.8500,4
2015-05-11,RR,etanol,3.1900,1
2015-05-11,RR,gasolina,21.4300,6
2015-05-11,RS,diesel_s10,380.2570,127
2015-05-11,RS,etanol,391.2630,148
2015-05-11,RS,gasolina,712.3740,211
2015-05-11,SC,diesel_s10,110.0540,38
2015-05-11,SC,etanol,106.0300,40
2015-05-11,SC,gasolina,171.9640,52
2015-05-11,SE,diesel_s10,78.3300,26
2015-05-11,SE,etanol,60.3430,23
2015-05-11,SE,gasolina,90.0670,27
2015-05-11,SP,diesel_s10,1433.9070,499
2015-05-11,SP,etanol,1830.4020,893
2015-05-11,SP,gasolina,2822.8670,893
2015-05-11,TO,diesel_s10,29.9750,10
2015-05-11,TO,etanol,53.2940,21
2015-05-11,TO,gasolina,54.3890,16
2015-05-12,AC,diesel_s10,3.3700,1
2015-05-12,AC,etanol,3.0700,1
2015-05-12,AC,gasolina,3.7400,1
2015-05-12,AL,diesel_s10,40.2980,14
2015-05-12,AL,etanol,63.6270,25
2015-05-12,AL,gasolina,86.7410,27
2015-05-12,AM,diesel_s10,90.8580,29
2015-05-12,AM,etanol,104.1100,37
2015-05-12,AM,gasolina,176.4990,48
2015-05-12,AP,diesel_s10,10.0700,3
2015-05-12,AP,gasolina,16.8400,5
2015-05-12,BA,diesel_s10,210.4270,72
2015-05-12,BA,etanol,301.1730,123
2015-05-12,BA,gasolina,438.5770,130
2015-05-12,CE,diesel_s10,447.4420,148
2015-05-12,CE,etanol,495.5610,188
2015-05-12,CE,gasolina,722.8860,211
2015-05-12,ES,diesel_s10,46.9500,16
2015-05-12,ES,etanol,40.3600,14
2015-05-12,ES,gasolina,65.9800,19
2015-05-12,GO,diesel_s10,100.9710,33
2015-05-12,GO,etanol,140.6740,63
2015-05-12,GO,gasolina,211.8470,62
2015-05-12,MA,diesel_s10,67.0240,23
2015-05-12,MA,etanol,53.9660,19
2015-05-12,MA,gasolina,103.9320,30
2015-05-12,MG,diesel_s10,509.0280,171
2015-05-12,MG,etanol,797.1910,348
2015-05-12,MG,gasolina,1215.7140,354
2015-05-12,MS,diesel_s10,154.5270,48
2015-05-12,MS,etanol,153.2530,65
2015-05-12,MS,gasolina,215.3670,64
2015-05-12,MT,diesel_s10,44.9650,14
2015-05-12,MT,etanol,45.6820,21
2015-05-12,MT,gasolina,72.2010,21
2015-05-12,PA,diesel_s10,98.7670,31
2015-05-12,PA,etanol,33.8090,11
2015-05-12,PA,gasolina,159.2480,43
2015-05-12,PB,diesel_s10,35.1160,12
2015-05-12,PB,etanol,28.7670,12
2015-05-12,PB,gasolina,43.4550,13
2015-05-12,PE,diesel_s10,236.5860,83
2015-05-12,PE,etanol,233.0370,94
2015-05-12,PE,gasolina,382.2130,113
2015-05-12,PI,diesel_s10,134.1780,45
2015-05-12,PI,etanol,94.0140,35
2015-05-12,PI,gasolina,199.4080,61
2015-05-12,PR,diesel_s10,194.5450,68
2015-05-12,PR,etanol,230.4120,104
2015-05-12,PR,gasolina,329.9720,101
2015-05-12,RJ,diesel_s10,262.0470,89
2015-05-12,RJ,etanol,436.9020,161
2015-05-12,RJ,gasolina,594.7510,166
2015-05-12,RN,diesel_s10,126.2300,42
2015-05-12,RN,etanol,151.6780,58
2015-05-12,RN,gasolina,209.0340,63
2015-05-12,RO,diesel_s10,34.7250,11
2015-05-12,RO,etanol,43.0920,15
2015-05-12,RO,gasolina,67.1320,19
2015-05-12,RR,diesel_s10,57.3600,18
2015-05-12,RR,etanol,36.3800,12
2015-05-12,RR,gasolina,77.8480,22
2015-05-12,RS,diesel_s10,171.2580,57
2015-05-12,RS,etanol,209.9790,79
2015-05-12,RS,gasolina,354.2720,104
2015-05-12,SC,diesel_s10,152.4070,52
2015-05-12,SC,etanol,166.1240,65
2015-05-12,SC,gasolina,234.7250,74
2015-05-12,SE,diesel_s10,41.1390,14
2015-05-12,SE,etanol,30.4430,12
2015-05-12,SE,gasolina,66.5710,20
2015-05-12,SP,diesel_s10,1682.4630,587
2015-05-12,SP,etanol,2036.4830,1019
2015-05-12,SP,gasolina,3165.2880,1002
2015-05-12,TO,diesel_s10,32.8340,11
2015-05-12,TO,etanol,25.5740,10
2015-05-12,TO,gasolina,35.4820,10
2015-05-13,AC,diesel_s10,93.2270,27
2015-05-13,AC,etanol,58.4140,19
2015-05-13,AC,gasolina,133.9720,35
2015-05-13,AL,diesel_s10,55.6170,19
2015-05-13,AL,etanol,111.7710,43
2015-05-13,AL,gasolina,148.3470,45
2015-05-13,AM,diesel_s10,18.6500,6
2015-05-13,AM,etanol,14.6500,5
2015-05-13,AM,gasolina,31.9000,9
2015-05-13,BA,diesel_s10,252.9830,86
2015-05-13,BA,etanol,335.3510,136
2015-05-13,BA,gasolina,515.6680,150
2015-05-13,CE,diesel_s10,2.9700,1
2015-05-13,CE,etanol,5.3200,2
2015-05-13,CE,gasolina,6.9000,2
2015-05-13,DF,diesel_s10,92.5570,31
2015-05-13,DF,etanol,217.8460,80
2015-05-13,DF,gasolina,282.0900,80
2015-05-13,ES,diesel_s10,73.7900,25
2015-05-13,ES,etanol,93.3400,33
2015-05-13,ES,gasolina,132.8200,39
2015-05-13,GO,diesel_s10,217.3630,72
2015-05-13,GO,etanol,400.9140,177
2015-05-13,GO,gasolina,589.6350,177
2015-05-13,MA,diesel_s10,112.1090,39
2015-05-13,MA,etanol,93.2770,35
2015-05-13,MA,gasolina,242.7490,73
2015-05-13,MG,diesel_s10,384.5680,130
2015-05-13,MG,etanol,608.2320,268
2015-05-13,MG,gasolina,913.7870,273
2015-05-13,MS,diesel_s10,16.3600,5
2015-05-13,MS,etanol,21.3100,8
2015-05-13,MS,gasolina,36.6800,10
2015-05-13,MT,diesel_s10,228.2310,70
2015-05-13,MT,etanol,243.7290,116
2015-05-13,MT,gasolina,388.1370,116
2015-05-13,PA,diesel_s10,134.4580,44
2015-05-13,PA,etanol,77.0400,27
2015-05-13,PA,gasolina,181.9570,53
2015-05-13,PB,diesel_s10,77.7110,27
2015-05-13,PB,etanol,160.4990,70
2015-05-13,PB,gasolina,227.1440,73
2015-05-13,PE,diesel_s10,369.5750,130
2015-05-13,PE,etanol,340.3490,142
2015-05-13,PE,gasolina,486.5200,145
2015-05-13,PR,diesel_s10,249.4200,86
2015-05-13,PR,etanol,285.1650,126
2015-05-13,PR,gasolina,417.4930,124
2015-05-13,RJ,diesel_s10,337.2570,113
2015-05-13,RJ,etanol,616.5870,230
2015-05-13,RJ,gasolina,820.0670,233
2015-05-13,RN,diesel_s10,87.7310,29
2015-05-13,RN,etanol,97.6180,37
2015-05-13,RN,gasolina,145.4500,44
2015-05-13,RO,diesel_s10,25.2590,8
2015-05-13,RO,etanol,47.4780,18
2015-05-13,RO,gasolina,95.2500,27
2015-05-13,RR,diesel_s10,3.1900,1
2015-05-13,RR,etanol,2.9900,1
2015-05-13,RR,gasolina,3.5400,1
2015-05-13,RS,diesel_s10,202.2930,68
2015-05-13,RS,etanol,280.6720,109
2015-05-13,RS,gasolina,493.4870,149
2015-05-13,SC,diesel_s10,344.4090,118
2015-05-13,SC,etanol,404.2050,158
2015-05-13,SC,gasolina,566.4860,180
2015-05-13,SE,diesel_s10,15.3140,5
2015-05-13,SE,etanol,10.5460,4
2015-05-13,SE,gasolina,16.9810,5
2015-05-13,SP,diesel_s10,244.3220,85
2015-05-13,SP,etanol,370.8560,184
2015-05-13,SP,gasolina,581.9380,184
2015-05-13,TO,diesel_s10,35.8580,12
2015-05-13,TO,etanol,68.0470,26
2015-05-13,TO,gasolina,90.8470,26
2015-05-14,AL,diesel_s10,29.0060,10
2015-05-14,AL,etanol,31.3250,12
2015-05-14,AL,gasolina,50.2370,15
2015-05-14,AM,diesel_s10,22.2500,7
2015-05-14,AM,etanol,30.7400,11
2015-05-14,AM,gasolina,54.8200,15
2015-05-14,BA,diesel_s10,105.1070,36
2015-05-14,BA,etanol,222.4990,87
2015-05-14,BA,gasolina,315.4720,89
2015-05-14,CE,etanol,2.7500,1
2015-05-14,CE,gasolina,3.4990,1
2015-05-14,ES,diesel_s10,58.6200,20
2015-05-14,ES,etanol,155.2200,57
2015-05-14,ES,gasolina,206.6900,64
2015-05-14,GO,diesel_s10,27.1680,9
2015-05-14,GO,etanol,32.4810,15
2015-05-14,GO,gasolina,49.1220,15
2015-05-14,MA,diesel_s10,23.4040,8
2015-05-14,MA,etanol,21.6830,8
2015-05-14,MA,gasolina,39.5510,12
2015-05-14,MG,diesel_s10,39.3600,13
2015-05-14,MG,etanol,108.6510,54
2015-05-14,MG,gasolina,176.6790,54
2015-05-14,MS,diesel_s10,12.7140,4
2015-05-14,MS,etanol,19.9830,9
2015-05-14,MS,gasolina,28.9370,9
2015-05-14,PA,diesel_s10,71.5020,24
2015-05-14,PA,etanol,37.0250,13
2015-05-14,PA,gasolina,84.7590,25
2015-05-14,PB,diesel_s10,20.5090,7
2015-05-14,PB,etanol,17.0900,7
2015-05-14,PB,gasolina,39.7990,12
2015-05-14,PE,diesel_s10,47.9910,17
2015-05-14,PE,etanol,42.5270,18
2015-05-14,PE,gasolina,63.2440,18
2015-05-14,PR,diesel_s10,177.9000,63
2015-05-14,PR,etanol,283.5510,133
2015-05-14,PR,gasolina,422.1100,133
2015-05-14,RJ,diesel_s10,216.7590,73
2015-05-14,RJ,etanol,366.4460,137
2015-05-14,RJ,gasolina,488.9820,139
2015-05-14,RN,diesel_s10,5.9900,2
2015-05-14,RN,etanol,5.1600,2
2015-05-14,RN,gasolina,13.3900,4
2015-05-14,RO,diesel_s10,3.1500,1
2015-05-14,RO,etanol,2.6500,1
2015-05-14,RO,gasolina,10.6500,3
2015-05-14,RS,diesel_s10,298.4910,100
2015-05-14,RS,etanol,288.8420,109
2015-05-14,RS,gasolina,492.3780,147
2015-05-14,SC,diesel_s10,178.6970,61
2015-05-14,SC,etanol,156.0650,58
2015-05-14,SC,gasolina,258.6380,78
2015-05-14,SE,diesel_s10,3.0200,1
2015-05-14,SE,etanol,5.3980,2
2015-05-14,SE,gasolina,6.9800,2
2015-05-14,SP,diesel_s10,403.6000,137
2015-05-14,SP,etanol,559.5150,274
2015-05-14,SP,gasolina,867.4490,275
2015-05-18,AC,diesel_s10,31.6300,9
2015-05-18,AC,etanol,23.0700,7
2015-05-18,AC,gasolina,59.7400,15
2015-05-18,AL,diesel_s10,23.9450,8
2015-05-18,AL,etanol,54.0270,21
2015-05-18,AL,gasolina,72.7030,22
2015-05-18,AM,diesel_s10,64.3370,21
2015-05-18,AM,etanol,71.5590,26
2015-05-18,AM,gasolina,115.6790,32
2015-05-18,AP,diesel_s10,37.1100,11
2015-05-18,AP,etanol,2.9000,1
2015-05-18,AP,gasolina,79.7100,23
2015-05-18,BA,diesel_s10,45.8620,15
2015-05-18,BA,etanol,66.6270,26
2015-05-18,BA,gasolina,98.7100,28
2015-05-18,CE,diesel_s10,3.0200,1
2015-05-18,CE,etanol,2.7200,1
2015-05-18,CE,gasolina,3.5500,1
2015-05-18,ES,diesel_s10,66.9200,23
2015-05-18,ES,etanol,50.3000,18
2015-05-18,ES,gasolina,110.2000,32
2015-05-18,GO,diesel_s10,74.0950,24
2015-05-18,GO,etanol,116.5410,47
2015-05-18,GO,gasolina,167.8010,48
2015-05-18,MA,diesel_s10,49.2860,17
2015-05-18,MA,etanol,38.6580,14
2015-05-18,MA,gasolina,92.9370,27
2015-05-18,MG,diesel_s10,446.2850,150
2015-05-18,MG,etanol,652.2690,282
2015-05-18,MG,gasolina,982.4100,284
2015-05-18,MS,diesel_s10,91.2820,28
2015-05-18,MS,etanol,89.9550,37
2015-05-18,MS,gasolina,124.0500,36
2015-05-18,MT,diesel_s10,32.2360,10
2015-05-18,MT,etanol,28.5230,13
2015-05-18,MT,gasolina,45.3830,13
2015-05-18,PA,diesel_s10,114.0930,36
2015-05-18,PA,etanol,39.0490,13
2015-05-18,PA,gasolina,165.1370,44
2015-05-18,PB,diesel_s10,40.9500,14
2015-05-18,PB,etanol,42.6610,18
2015-05-18,PB,gasolina,59.9210,18
2015-05-18,PE,diesel_s10,224.5120,79
2015-05-18,PE,etanol,180.2320,73
2015-05-18,PE,gasolina,307.8570,91
2015-05-18,PI,diesel_s10,71.9020,24
2015-05-18,PI,etanol,58.4220,22
2015-05-18,PI,gasolina,102.4370,32
2015-05-18,PR,diesel_s10,232.1010,81
2015-05-18,PR,etanol,250.0790,112
2015-05-18,PR,gasolina,377.0740,112
2015-05-18,RJ,diesel_s10,202.4750,69
2015-05-18,RJ,etanol,320.7210,120
2015-05-18,RJ,gasolina,412.9500,116
2015-05-18,RO,diesel_s10,74.3580,23
2015-05-18,RO,etanol,66.7380,23
2015-05-18,RO,gasolina,99.8880,27
2015-05-18,RR,diesel_s10,3.2200,1
2015-05-18,RR,etanol,3.1900,1
2015-05-18,RR,gasolina,3.5900,1
2015-05-18,RS,diesel_s10,493.1130,166
2015-05-18,RS,etanol,574.8280,223
2015-05-18,RS,gasolina,1046.9100,315
2015-05-18,SC,diesel_s10,201.7170,69
2015-05-18,SC,etanol,204.5820,78
2015-05-18,SC,gasolina,306.5400,94
2015-05-18,SE,diesel_s10,29.3820,10
2015-05-18,SE,etanol,15.3570,6
2015-05-18,SE,gasolina,29.1240,9
2015-05-18,SP,diesel_s10,1733.3590,604
2015-05-18,SP,etanol,2367.8980,1169
2015-05-18,SP,gasolina,3659.2290,1158
2015-05-18,TO,diesel_s10,27.3390,9
2015-05-18,TO,etanol,40.4150,16
2015-05-18,TO,gasolina,37.8410,11
2015-05-19,AC,diesel_s10,7.2500,2
2015-05-19,AC,etanol,6.4500,2
2015-05-19,AC,gasolina,15.7000,4
2015-05-19,AL,diesel_s10,37.6830,13
2015-05-19,AL,etanol,49.4990,19
2015-05-19,AL,gasolina,67.1730,20
2015-05-19,AM,diesel_s10,55.6990,17
2015-05-19,AM,etanol,55.3810,19
2015-05-19,AM,gasolina,127.2990,34
2015-05-19,BA,diesel_s10,76.0880,26
2015-05-19,BA,etanol,110.6730,45
2015-05-19,BA,gasolina,152.2060,44
2015-05-19,CE,diesel_s10,339.1850,112
2015-05-19,CE,etanol,343.6860,130
2015-05-19,CE,gasolina,500.6080,146
2015-05-19,ES,diesel_s10,58.9990,20
2015-05-19,ES,etanol,45.0500,16
2015-05-19,ES,gasolina,96.4300,28
2015-05-19,GO,diesel_s10,42.3250,14
2015-05-19,GO,etanol,83.6380,37
2015-05-19,GO,gasolina,125.6970,37
2015-05-19,MA,diesel_s10,25.8590,9
2015-05-19,MA,etanol,19.1500,7
2015-05-19,MA,gasolina,47.0880,14
2015-05-19,MG,diesel_s10,549.2760,185
2015-05-19,MG,etanol,879.4580,387
2015-05-19,MG,gasolina,1346.8990,394
2015-05-19,MS,diesel_s10,147.4050,46
2015-05-19,MS,etanol,147.5490,63
2015-05-19,MS,gasolina,217.1750,65
2015-05-19,MT,diesel_s10,89.3870,27
2015-05-19,MT,etanol,82.2070,36
2015-05-19,MT,gasolina,127.4270,36
2015-05-19,PA,diesel_s10,93.8720,29
2015-05-19,PA,etanol,26.4880,9
2015-05-19,PA,gasolina,135.2370,36
2015-05-19,PB,diesel_s10,17.0390,6
2015-05-19,PB,etanol,25.8680,11
2015-05-19,PB,gasolina,35.7770,11
2015-05-19,PE,diesel_s10,213.9940,75
2015-05-19,PE,etanol,230.3000,93
2015-05-19,PE,gasolina,344.1190,101
2015-05-19,PI,diesel_s10,103.6460,35
2015-05-19,PI,etanol,78.4350,29
2015-05-19,PI,gasolina,166.8550,51
2015-05-19,PR,diesel_s10,125.4590,44
2015-05-19,PR,etanol,181.1210,81
2015-05-19,PR,gasolina,266.0130,81
2015-05-19,RJ,diesel_s10,180.7360,61
2015-05-19,RJ,etanol,315.4660,119
2015-05-19,RJ,gasolina,445.8190,127
2015-05-19,RN,diesel_s10,175.0670,58
2015-05-19,RN,etanol,240.3350,91
2015-05-19,RN,gasolina,348.9920,105
2015-05-19,RO,diesel_s10,82.7840,26
2015-05-19,RO,etanol,68.9820,24
2015-05-19,RO,gasolina,124.7680,35
2015-05-19,RR,diesel_s10,53.8500,17
2015-05-19,RR,etanol,27.0900,9
2015-05-19,RR,gasolina,77.6880,22
2015-05-19,RS,diesel_s10,174.8430,58
2015-05-19,RS,etanol,165.6180,60
2015-05-19,RS,gasolina,308.5010,88
2015-05-19,SC,diesel_s10,105.4130,36
2015-05-19,SC,etanol,112.9520,44
2015-05-19,SC,gasolina,175.1270,56
2015-05-19,SE,diesel_s10,38.1010,13
2015-05-19,SE,etanol,27.8720,11
2015-05-19,SE,gasolina,59.6500,18
2015-05-19,SP,diesel_s10,1262.8630,440
2015-05-19,SP,etanol,1506.3770,756
2015-05-19,SP,gasolina,2359.7940,747
2015-05-19,TO,diesel_s10,41.3530,14
2015-05-19,TO,etanol,39.0020,15
2015-05-19,TO,gasolina,55.7290,16
2015-05-20,AC,diesel_s10,74.9900,22
2015-05-20,AC,etanol,42.0700,14
2015-05-20,AC,gasolina,110.4700,29
2015-05-20,AL,diesel_s10,49.2200,17
2015-05-20,AL,etanol,49.7010,19
2015-05-20,AL,gasolina,73.2490,22
2015-05-20,AM,diesel_s10,54.9600,18
2015-05-20,AM,etanol,91.3700,33
2015-05-20,AM,gasolina,139.3700,39
2015-05-20,BA,diesel_s10,374.1020,126
2015-05-20,BA,etanol,503.2070,199
2015-05-20,BA,gasolina,746.5570,214
2015-05-20,CE,diesel_s10,118.4880,39
2015-05-20,CE,etanol,156.0500,59
2015-05-20,CE,gasolina,223.2980,65
2015-05-20,DF,diesel_s10,89.5580,30
2015-05-20,DF,etanol,217.8060,80
2015-05-20,DF,gasolina,282.1490,80
2015-05-20,ES,diesel_s10,61.6800,21
2015-05-20,ES,etanol,54.4600,19
2015-05-20,ES,gasolina,90.3500,26
2015-05-20,GO,diesel_s10,180.9360,60
2015-05-20,GO,etanol,370.3270,169
2015-05-20,GO,gasolina,559.4260,169
2015-05-20,MA,diesel_s10,137.9460,48
2015-05-20,MA,etanol,122.3880,45
2015-05-20,MA,gasolina,266.2960,80
2015-05-20,MG,diesel_s10,258.5820,87
2015-05-20,MG,etanol,468.1560,213
2015-05-20,MG,gasolina,705.2950,214
2015-05-20,MS,diesel_s10,57.1630,18
2015-05-20,MS,etanol,45.8540,20
2015-05-20,MS,gasolina,61.4920,19
2015-05-20,MT,diesel_s10,140.9200,44
2015-05-20,MT,etanol,181.4210,89
2015-05-20,MT,gasolina,290.6630,89
2015-05-20,PA,diesel_s10,16.3300,5
2015-05-20,PA,etanol,5.8900,2
2015-05-20,PA,gasolina,51.6590,14
2015-05-20,PB,diesel_s10,31.4050,11
2015-05-20,PB,etanol,34.8550,15
2015-05-20,PB,gasolina,46.4230,15
2015-05-20,PE,diesel_s10,243.8300,86
2015-05-20,PE,etanol,252.2610,104
2015-05-20,PE,gasolina,369.0630,110
2015-05-20,PI,diesel_s10,39.9060,13
2015-05-20,PI,etanol,17.3880,6
2015-05-20,PI,gasolina,57.7230,17
2015-05-20,PR,diesel_s10,411.5860,143
2015-05-20,PR,etanol,506.3910,226
2015-05-20,PR,gasolina,743.2930,223
2015-05-20,RJ,diesel_s10,499.4140,167
2015-05-20,RJ,etanol,1001.6390,377
2015-05-20,RJ,gasolina,1375.0010,391
2015-05-20,RO,diesel_s10,9.4990,3
2015-05-20,RO,etanol,40.1190,15
2015-05-20,RO,gasolina,91.7400,26
2015-05-20,RR,diesel_s10,3.2100,1
2015-05-20,RR,gasolina,3.5600,1
2015-05-20,RS,diesel_s10,330.3260,110
2015-05-20,RS,etanol,362.9970,136
2015-05-20,RS,gasolina,614.8930,183
2015-05-20,SC,diesel_s10,420.5940,144
2015-05-20,SC,etanol,462.0540,181
2015-05-20,SC,gasolina,665.5340,210
2015-05-20,SE,diesel_s10,11.8890,4
2015-05-20,SE,etanol,8.2880,3
2015-05-20,SE,gasolina,17.2680,5
2015-05-20,SP,diesel_s10,310.4610,108
2015-05-20,SP,etanol,452.9060,229
2015-05-20,SP,gasolina,714.6360,229
2015-05-20,TO,diesel_s10,35.6380,12
2015-05-20,TO,etanol,67.8270,26
2015-05-20,TO,gasolina,90.6760,26
2015-05-21,AC,diesel_s10,3.7000,1
2015-05-21,AC,etanol,3.2500,1
2015-05-21,AC,gasolina,7.8800,2
2015-05-21,AL,diesel_s10,49.1800,17
2015-05-21,AL,etanol,69.4630,27
2015-05-21,AL,gasolina,98.0270,30
2015-05-21,AM,diesel_s10,6.6800,2
2015-05-21,AM,gasolina,24.3000,6
2015-05-21,AP,diesel_s10,10.0700,3
2015-05-21,AP,gasolina,13.3000,4
2015-05-21,BA,diesel_s10,193.5940,67
2015-05-21,BA,etanol,287.7640,120
2015-05-21,BA,gasolina,429.1820,129
2015-05-21,CE,diesel_s10,39.8840,13
2015-05-21,CE,etanol,39.6420,15
2015-05-21,CE,gasolina,50.7010,15
2015-05-21,ES,diesel_s10,115.2600,40
2015-05-21,ES,etanol,212.8700,77
2015-05-21,ES,gasolina,296.7100,91
2015-05-21,MA,diesel_s10,26.2860,9
2015-05-21,MA,etanol,10.7590,4
2015-05-21,MA,gasolina,44.9560,13
2015-05-21,MG,diesel_s10,84.7590,28
2015-05-21,MG,etanol,145.9150,63
2015-05-21,MG,gasolina,214.1170,64
2015-05-21,MS,diesel_s10,22.7580,7
2015-05-21,MS,etanol,17.8680,7
2015-05-21,MS,gasolina,25.0880,7
2015-05-21,MT,diesel_s10,12.8680,4
2015-05-21,MT,etanol,8.0870,4
2015-05-21,MT,gasolina,13.0580,4
2015-05-21,PA,diesel_s10,226.3530,75
2015-05-21,PA,etanol,107.1470,37
2015-05-21,PA,gasolina,274.5020,80
2015-05-21,PB,diesel_s10,83.2410,29
2015-05-21,PB,etanol,145.1560,63
2015-05-21,PB,gasolina,219.7270,70
2015-05-21,PE,diesel_s10,50.8900,18
2015-05-21,PE,etanol,45.1260,19
2015-05-21,PE,gasolina,66.6830,19
2015-05-21,PR,diesel_s10,200.5900,71
2015-05-21,PR,etanol,322.7510,146
2015-05-21,PR,gasolina,469.6960,144
2015-05-21,RJ,diesel_s10,124.0350,42
2015-05-21,RJ,etanol,238.9790,87
2015-05-21,RJ,gasolina,314.0490,88
2015-05-21,RN,diesel_s10,11.7600,4
2015-05-21,RN,etanol,20.5970,8
2015-05-21,RN,gasolina,22.2380,7
2015-05-21,RO,diesel_s10,6.3000,2
2015-05-21,RO,etanol,2.6500,1
2015-05-21,RO,gasolina,14.0000,4
2015-05-21,RR,diesel_s10,13.0100,4
2015-05-21,RR,etanol,9.2900,3
2015-05-21,RR,gasolina,14.3300,4
2015-05-21,RS,diesel_s10,50.4110,17
2015-05-21,RS,etanol,46.9130,18
2015-05-21,RS,gasolina,89.4880,27
2015-05-21,SC,diesel_s10,61.0370,21
2015-05-21,SC,etanol,50.0130,19
2015-05-21,SC,gasolina,81.5030,25
2015-05-21,SE,diesel_s10,58.2400,19
2015-05-21,SE,etanol,51.8380,20
2015-05-21,SE,gasolina,74.4380,22
2015-05-21,SP,diesel_s10,316.6280,108
2015-05-21,SP,etanol,466.5360,220
2015-05-21,SP,gasolina,709.2910,221
2015-05-25,AC,diesel_s10,31.9500,9
2015-05-25,AC,etanol,23.0700,7
2015-05-25,AC,gasolina,59.7400,15
2015-05-25,AM,diesel_s10,24.3400,8
2015-05-25,AM,etanol,60.3000,22
2015-05-25,AM,gasolina,96.9500,27
2015-05-25,AP,diesel_s10,33.7200,10
2015-05-25,AP,etanol,5.0200,2
2015-05-25,AP,gasolina,79.6800,23
2015-05-25,BA,diesel_s10,45.8620,15
2015-05-25,BA,etanol,66.5470,26
2015-05-25,BA,gasolina,98.7100,28
2015-05-25,CE,diesel_s10,66.1230,22
2015-05-25,CE,etanol,49.5050,19
2015-05-25,CE,gasolina,73.9980,22
2015-05-25,ES,diesel_s10,66.9200,23
2015-05-25,ES,etanol,50.3000,18
2015-05-25,ES,gasolina,110.2000,32
2015-05-25,GO,diesel_s10,89.6230,29
2015-05-25,GO,etanol,115.3010,47
2015-05-25,GO,gasolina,167.1020,48
2015-05-25,MA,diesel_s10,49.1760,17
2015-05-25,MA,etanol,35.9680,13
2015-05-25,MA,gasolina,92.9370,27
2015-05-25,MG,diesel_s10,443.4240,149
2015-05-25,MG,etanol,648.6460,281
2015-05-25,MG,gasolina,976.4530,282
2015-05-25,MS,diesel_s10,126.9620,39
2015-05-25,MS,etanol,121.5730,50
2015-05-25,MS,gasolina,168.3960,49
2015-05-25,MT,diesel_s10,38.8840,12
2015-05-25,MT,etanol,37.3680,17
2015-05-25,MT,gasolina,59.3100,17
2015-05-25,PA,diesel_s10,114.0930,36
2015-05-25,PA,etanol,39.0490,13
2015-05-25,PA,gasolina,165.1370,44
2015-05-25,PB,diesel_s10,41.0150,14
2015-05-25,PB,etanol,45.7460,19
2015-05-25,PB,gasolina,63.1260,19
2015-05-25,PE,diesel_s10,159.4650,56
2015-05-25,PE,etanol,127.9980,51
2015-05-25,PE,gasolina,237.9820,69
2015-05-25,PI,diesel_s10,20.9740,7
2015-05-25,PI,etanol,23.8930,9
2015-05-25,PI,gasolina,44.7390,14
2015-05-25,PR,diesel_s10,255.1070,89
2015-05-25,PR,etanol,268.6520,121
2015-05-25,PR,gasolina,409.9650,122
2015-05-25,RJ,diesel_s10,309.5370,104
2015-05-25,RJ,etanol,525.4490,197
2015-05-25,RJ,gasolina,687.3160,194
2015-05-25,RN,diesel_s10,5.9980,2
2015-05-25,RN,etanol,7.7790,3
2015-05-25,RN,gasolina,9.8480,3
2015-05-25,RO,diesel_s10,73.9580,23
2015-05-25,RO,etanol,66.5280,23
2015-05-25,RO,gasolina,99.6580,27
2015-05-25,RR,diesel_s10,3.2200,1
2015-05-25,RR,etanol,3.1900,1
2015-05-25,RR,gasolina,3.5900,1
2015-05-25,RS,diesel_s10,346.5250,116
2015-05-25,RS,etanol,341.5120,130
2015-05-25,RS,gasolina,623.0970,185
2015-05-25,SC,diesel_s10,334.5280,115
2015-05-25,SC,etanol,323.0580,125
2015-05-25,SC,gasolina,491.6920,151
2015-05-25,SE,diesel_s10,29.3820,10
2015-05-25,SE,etanol,15.3970,6
2015-05-25,SE,gasolina,29.0050,9
2015-05-25,SP,diesel_s10,1894.3530,659
2015-05-25,SP,etanol,2492.9980,1224
2015-05-25,SP,gasolina,3844.1340,1214
2015-05-25,TO,diesel_s10,27.3390,9
2015-05-25,TO,etanol,40.4150,16
2015-05-25,TO,gasolina,37.8410,11
2015-05-26,AC,diesel_s10,3.7000,1
2015-05-26,AC,etanol,6.4500,2
2015-05-26,AC,gasolina,11.7500,3
2015-05-26,AL,diesel_s10,69.8140,24
2015-05-26,AL,etanol,122.7070,48
2015-05-26,AL,gasolina,157.2170,48
2015-05-26,AM,diesel_s10,73.9990,23
2015-05-26,AM,etanol,74.6590,26
2015-05-26,AM,gasolina,166.5090,45
2015-05-26,BA,diesel_s10,117.9240,40
2015-05-26,BA,etanol,163.7860,66
2015-05-26,BA,gasolina,223.4290,65
2015-05-26,CE,diesel_s10,385.0950,127
2015-05-26,CE,etanol,383.7670,146
2015-05-26,CE,gasolina,567.5320,166
2015-05-26,ES,diesel_s10,58.9990,20
2015-05-26,ES,etanol,45.0500,16
2015-05-26,ES,gasolina,96.4300,28
2015-05-26,GO,diesel_s10,42.4240,14
2015-05-26,GO,etanol,82.1580,37
2015-05-26,GO,gasolina,117.1790,35
2015-05-26,MA,diesel_s10,25.8590,9
2015-05-26,MA,etanol,19.0600,7
2015-05-26,MA,gasolina,47.0880,14
2015-05-26,MG,diesel_s10,532.8200,179
2015-05-26,MG,etanol,796.2180,352
2015-05-26,MG,gasolina,1226.9760,358
2015-05-26,MS,diesel_s10,117.9650,37
2015-05-26,MS,etanol,103.1220,47
2015-05-26,MS,gasolina,148.3610,47
2015-05-26,MT,diesel_s10,35.5380,11
2015-05-26,MT,etanol,47.7910,24
2015-05-26,MT,gasolina,78.0520,24
2015-05-26,PA,diesel_s10,93.9130,29
2015-05-26,PA,etanol,26.6580,9
2015-05-26,PA,gasolina,135.2000,36
2015-05-26,PB,diesel_s10,5.7700,2
2015-05-26,PB,etanol,9.3690,4
2015-05-26,PB,gasolina,12.5980,4
2015-05-26,PE,diesel_s10,283.7360,100
2015-05-26,PE,etanol,262.2640,107
2015-05-26,PE,gasolina,403.9060,120
2015-05-26,PI,diesel_s10,133.6180,45
2015-05-26,PI,etanol,94.6020,35
2015-05-26,PI,gasolina,198.8180,61
2015-05-26,PR,diesel_s10,127.7510,45
2015-05-26,PR,etanol,158.2270,72
2015-05-26,PR,gasolina,231.6530,71
2015-05-26,RJ,diesel_s10,291.1770,99
2015-05-26,RJ,etanol,526.0910,196
2015-05-26,RJ,gasolina,704.0890,199
2015-05-26,RN,diesel_s10,196.1740,65
2015-05-26,RN,etanol,213.1430,81
2015-05-26,RN,gasolina,319.5070,96
2015-05-26,RO,diesel_s10,82.8040,26
2015-05-26,RO,etanol,69.0820,24
2015-05-26,RO,gasolina,124.7680,35
2015-05-26,RR,diesel_s10,50.7390,16
2015-05-26,RR,etanol,23.9400,8
2015-05-26,RR,gasolina,74.2080,21
2015-05-26,RS,diesel_s10,230.0490,77
2015-05-26,RS,etanol,250.9670,95
2015-05-26,RS,gasolina,449.0820,131
2015-05-26,SC,diesel_s10,117.0870,40
2015-05-26,SC,etanol,138.2100,54
2015-05-26,SC,gasolina,188.3490,60
2015-05-26,SE,diesel_s10,38.1010,13
2015-05-26,SE,etanol,27.8720,11
2015-05-26,SE,gasolina,59.6500,18
2015-05-26,SP,diesel_s10,1320.5480,460
2015-05-26,SP,etanol,1506.4140,762
2015-05-26,SP,gasolina,2389.7160,757
2015-05-26,TO,diesel_s10,65.5410,22
2015-05-26,TO,etanol,68.7500,26
2015-05-26,TO,gasolina,95.0560,27
2015-05-27,AC,diesel_s10,78.5000,23
2015-05-27,AC,etanol,48.2500,16
2015-05-27,AC,gasolina,110.5100,29
2015-05-27,AL,diesel_s10,29.0250,10
2015-05-27,AL,etanol,23.8450,9
2015-05-27,AL,gasolina,37.4650,11
2015-05-27,AM,diesel_s10,55.0500,18
2015-05-27,AM,etanol,69.0700,25
2015-05-27,AM,gasolina,114.2100,32
2015-05-27,BA,diesel_s10,272.3740,92
2015-05-27,BA,etanol,373.9600,150
2015-05-27,BA,gasolina,566.3750,164
2015-05-27,CE,diesel_s10,32.7180,11
2015-05-27,CE,etanol,77.4360,29
2015-05-27,CE,gasolina,118.1440,34
2015-05-27,DF,diesel_s10,98.5080,33
2015-05-27,DF,etanol,217.2560,80
2015-05-27,DF,gasolina,281.7890,80
2015-05-27,ES,diesel_s10,117.2300,40
2015-05-27,ES,etanol,204.7800,74
2015-05-27,ES,gasolina,296.6300,90
2015-05-27,GO,diesel_s10,189.6270,63
2015-05-27,GO,etanol,331.7670,154
2015-05-27,GO,gasolina,502.9890,152
2015-05-27,MA,diesel_s10,135.3630,47
2015-05-27,MA,etanol,122.2280,45
2015-05-27,MA,gasolina,262.5990,79
2015-05-27,MG,diesel_s10,329.6820,111
2015-05-27,MG,etanol,575.0670,254
2015-05-27,MG,gasolina,857.8650,257
2015-05-27,MS,diesel_s10,51.6600,16
2015-05-27,MS,etanol,55.7020,22
2015-05-27,MS,gasolina,81.8480,23
2015-05-27,MT,diesel_s10,180.2420,55
2015-05-27,MT,etanol,183.1950,87
2015-05-27,MT,gasolina,293.3020,87
2015-05-27,PA,diesel_s10,134.7780,44
2015-05-27,PA,etanol,72.0110,25
2015-05-27,PA,gasolina,189.8290,55
2015-05-27,PB,diesel_s10,26.0490,9
2015-05-27,PB,etanol,42.3710,18
2015-05-27,PB,gasolina,58.5470,18
2015-05-27,PE,diesel_s10,307.4990,108
2015-05-27,PE,etanol,309.2770,127
2015-05-27,PE,gasolina,439.3680,130
2015-05-27,PI,diesel_s10,42.6130,14
2015-05-27,PI,etanol,24.4840,9
2015-05-27,PI,gasolina,66.3900,20
2015-05-27,PR,diesel_s10,420.2430,147
2015-05-27,PR,etanol,604.8170,272
2015-05-27,PR,gasolina,886.8930,270
2015-05-27,RJ,diesel_s10,397.1830,134
2015-05-27,RJ,etanol,760.3510,287
2015-05-27,RJ,gasolina,1051.7680,299
2015-05-27,RR,diesel_s10,12.6600,4
2015-05-27,RR,etanol,6.1400,2
2015-05-27,RR,gasolina,14.2500,4
2015-05-27,RS,diesel_s10,438.5240,147
2015-05-27,RS,etanol,515.5770,198
2015-05-27,RS,gasolina,902.5730,270
2015-05-27,SC,diesel_s10,286.9590,98
2015-05-27,SC,etanol,335.7010,131
2015-05-27,SC,gasolina,477.2040,152
2015-05-27,SE,diesel_s10,73.2280,24
2015-05-27,SE,etanol,63.3700,24
2015-05-27,SE,gasolina,91.8140,27
2015-05-27,SP,diesel_s10,401.6140,139
2015-05-27,SP,etanol,512.2670,252
2015-05-27,SP,gasolina,797.6660,252
2015-05-27,TO,diesel_s10,11.6700,4
2015-05-27,TO,etanol,24.9200,10
2015-05-27,TO,gasolina,33.7390,10
2015-05-28,AC,diesel_s10,3.7000,1
2015-05-28,AC,etanol,3.2500,1
2015-05-28,AC,gasolina,7.8800,2
2015-05-28,AL,diesel_s10,54.8980,19
2015-05-28,AL,etanol,76.8580,30
2015-05-28,AL,gasolina,107.7610,33
2015-05-28,AM,diesel_s10,6.6800,2
2015-05-28,AM,gasolina,24.3000,6
2015-05-28,AP,diesel_s10,10.0700,3
2015-05-28,AP,gasolina,13.3000,4
2015-05-28,BA,diesel_s10,242.6590,83
2015-05-28,BA,etanol,370.6810,149
2015-05-28,BA,gasolina,544.8920,158
2015-05-28,CE,etanol,5.5490,2
2015-05-28,CE,gasolina,13.9990,4
2015-05-28,ES,diesel_s10,41.6700,14
2015-05-28,ES,etanol,67.5000,24
2015-05-28,ES,gasolina,90.4600,27
2015-05-28,GO,diesel_s10,23.8430,8
2015-05-28,GO,etanol,32.6420,16
2015-05-28,GO,gasolina,51.5800,16
2015-05-28,MA,diesel_s10,29.1270,10
2015-05-28,MA,etanol,10.7590,4
2015-05-28,MA,gasolina,48.3250,14
2015-05-28,MG,diesel_s10,57.2120,19
2015-05-28,MG,etanol,114.9090,58
2015-05-28,MG,gasolina,180.2560,58
2015-05-28,MS,diesel_s10,26.0070,8
2015-05-28,MS,etanol,22.6860,9
2015-05-28,MS,gasolina,28.3570,8
2015-05-28,MT,diesel_s10,31.4090,10
2015-05-28,MT,etanol,30.3090,14
2015-05-28,MT,gasolina,46.8380,14
2015-05-28,PA,diesel_s10,111.8320,37
2015-05-28,PA,etanol,46.8850,16
2015-05-28,PA,gasolina,146.2410,42
2015-05-28,PB,diesel_s10,83.2090,29
2015-05-28,PB,etanol,154.3450,67
2015-05-28,PB,gasolina,228.2340,73
2015-05-28,PE,diesel_s10,5.6890,2
2015-05-28,PE,etanol,4.8890,2
2015-05-28,PE,gasolina,6.9390,2
2015-05-28,PI,diesel_s10,11.8790,4
2015-05-28,PI,etanol,5.7300,2
2015-05-28,PI,gasolina,16.6790,5
2015-05-28,PR,diesel_s10,191.7870,67
2015-05-28,PR,etanol,219.7940,99
2015-05-28,PR,gasolina,320.5670,96
2015-05-28,RJ,diesel_s10,49.2860,17
2015-05-28,RJ,etanol,70.6880,26
2015-05-28,RJ,gasolina,97.9550,28
2015-05-28,RN,diesel_s10,20.7290,7
2015-05-28,RN,etanol,36.2750,14
2015-05-28,RN,gasolina,41.9360,13
2015-05-28,RO,diesel_s10,18.8690,6
2015-05-28,RO,etanol,42.7690,16
2015-05-28,RO,gasolina,105.3000,30
2015-05-28,RR,diesel_s10,9.8000,3
2015-05-28,RR,etanol,9.2900,3
2015-05-28,RR,gasolina,10.7700,3
2015-05-28,RS,diesel_s10,50.2780,17
2015-05-28,RS,etanol,46.3130,18
2015-05-28,RS,gasolina,89.3350,27
2015-05-28,SC,diesel_s10,52.3300,18
2015-05-28,SC,etanol,42.3860,16
2015-05-28,SC,gasolina,68.9270,21
2015-05-28,SP,diesel_s10,237.1650,82
2015-05-28,SP,etanol,266.1950,135
2015-05-28,SP,gasolina,418.0300,133
2015-05-28,TO,etanol,13.5490,5
2015-05-28,TO,gasolina,17.7570,5
2015-06-01,AC,diesel_s10,10.1500,3
2015-06-01,AC,etanol,6.2200,2
2015-06-01,AC,gasolina,11.3000,3
2015-06-01,AL,diesel_s10,46.2680,16
2015-06-01,AL,etanol,107.6110,42
2015-06-01,AL,gasolina,143.3490,45
2015-06-01,AM,diesel_s10,88.0700,29
2015-06-01,AM,etanol,113.3900,41
2015-06-01,AM,gasolina,167.7500,47
2015-06-01,AP,diesel_s10,3.3000,1
2015-06-01,AP,gasolina,7.5600,2
2015-06-01,BA,diesel_s10,105.8480,35
2015-06-01,BA,etanol,156.4600,62
2015-06-01,BA,gasolina,228.8140,66
2015-06-01,CE,diesel_s10,42.9430,14
2015-06-01,CE,etanol,35.4060,13
2015-06-01,CE,gasolina,62.8520,18
2015-06-01,ES,diesel_s10,110.7800,38
2015-06-01,ES,etanol,80.5200,29
2015-06-01,ES,gasolina,182.9190,53
2015-06-01,GO,diesel_s10,54.7540,18
2015-06-01,GO,etanol,82.1520,34
2015-06-01,GO,gasolina,118.1820,34
2015-06-01,MA,diesel_s10,144.1380,50
2015-06-01,MA,etanol,102.5730,38
2015-06-01,MA,gasolina,258.4970,78
2015-06-01,MG,diesel_s10,561.6160,188
2015-06-01,MG,etanol,930.2890,407
2015-06-01,MG,gasolina,1409.0620,410
2015-06-01,MS,diesel_s10,110.5140,34
2015-06-01,MS,etanol,129.0680,54
2015-06-01,MS,gasolina,179.3340,53
2015-06-01,MT,diesel_s10,6.2500,2
2015-06-01,MT,etanol,4.1500,2
2015-06-01,MT,gasolina,6.3900,2
2015-06-01,PA,diesel_s10,56.8680,18
2015-06-01,PA,etanol,23.6590,8
2015-06-01,PA,gasolina,99.5670,27
2015-06-01,PB,diesel_s10,57.7550,20
2015-06-01,PB,etanol,68.3890,29
2015-06-01,PB,gasolina,98.2420,31
2015-06-01,PE,diesel_s10,295.4830,104
2015-06-01,PE,etanol,273.4210,112
2015-06-01,PE,gasolina,426.7470,126
2015-06-01,PI,diesel_s10,32.7540,11
2015-06-01,PI,etanol,26.6350,10
2015-06-01,PI,gasolina,48.0300,15
2015-06-01,PR,diesel_s10,354.3990,124
2015-06-01,PR,etanol,475.4160,217
2015-06-01,PR,gasolina,716.0810,216
2015-06-01,RJ,diesel_s10,310.4290,105
2015-06-01,RJ,etanol,501.0910,188
2015-06-01,RJ,gasolina,698.7830,196
2015-06-01,RN,diesel_s10,5.9490,2
2015-06-01,RN,etanol,15.5180,6
2015-06-01,RN,gasolina,19.0290,6
2015-06-01,RO,diesel_s10,109.2460,34
2015-06-01,RO,etanol,72.1470,25
2015-06-01,RO,gasolina,128.0240,35
2015-06-01,RS,diesel_s10,818.2170,274
2015-06-01,RS,etanol,941.8970,362
2015-06-01,RS,gasolina,1657.8470,495
2015-06-01,SC,diesel_s10,484.3080,166
2015-06-01,SC,etanol,508.7390,196
2015-06-01,SC,gasolina,797.0410,246
2015-06-01,SE,diesel_s10,110.9520,37
2015-06-01,SE,etanol,81.0050,31
2015-06-01,SE,gasolina,126.6960,38
2015-06-01,SP,diesel_s10,1503.1420,524
2015-06-01,SP,etanol,1931.0260,945
2015-06-01,SP,gasolina,2972.4780,934
2015-06-01,TO,diesel_s10,41.6350,14
2015-06-01,TO,etanol,53.2440,21
2015-06-01,TO,gasolina,52.7380,15
2015-06-02,AC,diesel_s10,32.5300,9
2015-06-02,AC,etanol,26.5500,8
2015-06-02,AC,gasolina,88.0700,22
2015-06-02,AL,diesel_s10,52.4290,18
2015-06-02,AL,etanol,63.2150,24
2015-06-02,AL,gasolina,83.4780,25
2015-06-02,AM,diesel_s10,84.7700,27
2015-06-02,AM,etanol,86.0200,31
2015-06-02,AM,gasolina,180.6800,49
2015-06-02,AP,diesel_s10,43.8200,13
2015-06-02,AP,etanol,2.4900,1
2015-06-02,AP,gasolina,85.1600,25
2015-06-02,BA,diesel_s10,300.0480,102
2015-06-02,BA,etanol,399.5740,162
2015-06-02,BA,gasolina,586.4120,171
2015-06-02,CE,diesel_s10,459.5400,152
2015-06-02,CE,etanol,505.5650,192
2015-06-02,CE,gasolina,704.1820,206
2015-06-02,DF,diesel_s10,95.4260,32
2015-06-02,DF,etanol,217.0560,80
2015-06-02,DF,gasolina,281.8090,80
2015-06-02,ES,diesel_s10,64.5200,22
2015-06-02,ES,etanol,62.9100,22
2015-06-02,ES,gasolina,100.1100,29
2015-06-02,GO,diesel_s10,266.1450,88
2015-06-02,GO,etanol,473.4290,215
2015-06-02,GO,gasolina,724.6210,216
2015-06-02,MA,diesel_s10,101.0690,35
2015-06-02,MA,etanol,77.0520,28
2015-06-02,MA,gasolina,190.7140,56
2015-06-02,MG,diesel_s10,651.6980,220
2015-06-02,MG,etanol,963.3960,422
2015-06-02,MG,gasolina,1452.9720,429
2015-06-02,MS,diesel_s10,170.0720,53
2015-06-02,MS,etanol,171.1900,73
2015-06-02,MS,gasolina,247.7340,74
2015-06-02,MT,diesel_s10,256.9740,79
2015-06-02,MT,etanol,284.1830,137
2015-06-02,MT,gasolina,459.0880,137
2015-06-02,PA,diesel_s10,383.8230,124
2015-06-02,PA,etanol,161.1760,55
2015-06-02,PA,gasolina,499.6230,140
2015-06-02,PB,diesel_s10,100.6060,35
2015-06-02,PB,etanol,169.2240,73
2015-06-02,PB,gasolina,244.4900,77
2015-06-02,PE,diesel_s10,407.2000,143
2015-06-02,PE,etanol,369.4370,149
2015-06-02,PE,gasolina,577.2170,170
2015-06-02,PI,diesel_s10,182.4170,61
2015-06-02,PI,etanol,133.5210,49
2015-06-02,PI,gasolina,279.3100,85
2015-06-02,PR,diesel_s10,588.7520,206
2015-06-02,PR,etanol,754.4990,341
2015-06-02,PR,gasolina,1109.8990,337
2015-06-02,RJ,diesel_s10,531.0020,178
2015-06-02,RJ,etanol,921.7560,348
2015-06-02,RJ,gasolina,1265.0300,361
2015-06-02,RN,diesel_s10,184.3320,61
2015-06-02,RN,etanol,250.6220,95
2015-06-02,RN,gasolina,352.0200,106
2015-06-02,RO,diesel_s10,66.1060,21
2015-06-02,RO,etanol,103.3010,37
2015-06-02,RO,gasolina,198.2310,56
2015-06-02,RR,diesel_s10,73.3500,23
2015-06-02,RR,etanol,39.3700,13
2015-06-02,RR,gasolina,99.1780,28
2015-06-02,RS,diesel_s10,168.5250,56
2015-06-02,RS,etanol,177.1830,65
2015-06-02,RS,gasolina,301.8970,87
2015-06-02,SC,diesel_s10,259.4980,89
2015-06-02,SC,etanol,309.7960,123
2015-06-02,SC,gasolina,414.1520,134
2015-06-02,SE,diesel_s10,26.6940,9
2015-06-02,SE,etanol,25.6840,10
2015-06-02,SE,gasolina,50.2930,15
2015-06-02,SP,diesel_s10,1662.3980,580
2015-06-02,SP,etanol,2119.7550,1068
2015-06-02,SP,gasolina,3331.5640,1061
2015-06-02,TO,diesel_s10,53.6840,18
2015-06-02,TO,etanol,93.4690,36
2015-06-02,TO,gasolina,131.0580,38
2015-06-03,AC,diesel_s10,64.5800,19
2015-06-03,AC,etanol,42.3080,14
2015-06-03,AC,gasolina,90.1800,24
2015-06-03,AL,diesel_s10,49.4910,17
2015-06-03,AL,etanol,55.1870,21
2015-06-03,AL,gasolina,80.6480,24
2015-06-03,AM,diesel_s10,26.6300,8
2015-06-03,AM,etanol,13.5200,4
2015-06-03,AM,gasolina,58.3290,15
2015-06-03,BA,diesel_s10,256.8010,88
2015-06-03,BA,etanol,410.5230,164
2015-06-03,BA,gasolina,620.3540,178
2015-06-03,ES,diesel_s10,136.1100,46
2015-06-03,ES,etanol,226.2400,82
2015-06-03,ES,gasolina,314.8200,96
2015-06-03,GO,etanol,9.2280,4
2015-06-03,GO,gasolina,13.9280,4
2015-06-03,MG,diesel_s10,136.8940,46
2015-06-03,MG,etanol,255.0070,120
2015-06-03,MG,gasolina,391.4950,118
2015-06-03,MS,diesel_s10,3.2290,1
2015-06-03,MS,etanol,2.4990,1
2015-06-03,MS,gasolina,3.5990,1
2015-06-03,MT,diesel_s10,3.1500,1
2015-06-03,MT,etanol,5.7980,3
2015-06-03,MT,gasolina,9.5880,3
2015-06-03,PA,diesel_s10,6.9000,2
2015-06-03,PA,gasolina,22.7900,6
2015-06-03,PB,diesel_s10,8.7200,3
2015-06-03,PB,etanol,14.3190,6
2015-06-03,PB,gasolina,19.3080,6
2015-06-03,PE,diesel_s10,70.4260,25
2015-06-03,PE,etanol,59.6590,25
2015-06-03,PE,gasolina,88.1690,26
2015-06-03,PR,diesel_s10,14.4770,5
2015-06-03,PR,etanol,15.4460,7
2015-06-03,PR,gasolina,23.6360,7
2015-06-03,RJ,diesel_s10,213.3580,72
2015-06-03,RJ,etanol,422.9810,156
2015-06-03,RJ,gasolina,555.2430,157
2015-06-03,RS,diesel_s10,53.8990,18
2015-06-03,RS,etanol,50.5970,19
2015-06-03,RS,gasolina,95.1380,28
2015-06-03,SC,diesel_s10,8.6960,3
2015-06-03,SC,etanol,7.4960,3
2015-06-03,SC,gasolina,8.9970,3
2015-06-03,SP,diesel_s10,648.3000,223
2015-06-03,SP,etanol,695.0160,358
2015-06-03,SP,gasolina,1111.6680,356
2015-06-03,TO,diesel_s10,3.0900,1
2015-06-03,TO,etanol,2.7200,1
2015-06-03,TO,gasolina,3.5900,1
2015-06-08,AC,diesel_s10,10.1500,3
2015-06-08,AC,etanol,6.2200,2
2015-06-08,AC,gasolina,11.3000,3
2015-06-08,AL,diesel_s10,17.5800,6
2015-06-08,AL,etanol,51.2530,20
2015-06-08,AL,gasolina,70.3740,22
2015-06-08,AM,diesel_s10,30.3890,10
2015-06-08,AM,etanol,55.4190,20
2015-06-08,AM,gasolina,85.2690,24
2015-06-08,AP,diesel_s10,3.3000,1
2015-06-08,AP,gasolina,7.5600,2
2015-06-08,BA,diesel_s10,108.8250,36
2015-06-08,BA,etanol,140.2470,55
2015-06-08,BA,gasolina,218.5310,62
2015-06-08,CE,diesel_s10,45.7830,15
2015-06-08,CE,etanol,35.1480,13
2015-06-08,CE,gasolina,62.6140,18
2015-06-08,ES,diesel_s10,107.7500,37
2015-06-08,ES,etanol,74.8500,27
2015-06-08,ES,gasolina,172.2590,50
2015-06-08,GO,diesel_s10,54.7530,18
2015-06-08,GO,etanol,81.7110,34
2015-06-08,GO,gasolina,118.1320,34
2015-06-08,MA,diesel_s10,87.1100,30
2015-06-08,MA,etanol,63.2030,23
2015-06-08,MA,gasolina,153.0500,45
2015-06-08,MG,diesel_s10,522.6250,175
2015-06-08,MG,etanol,825.4830,361
2015-06-08,MG,gasolina,1243.3310,361
2015-06-08,MS,diesel_s10,151.6600,47
2015-06-08,MS,etanol,145.2660,63
2015-06-08,MS,gasolina,203.7460,62
2015-06-08,MT,diesel_s10,16.4400,5
2015-06-08,MT,etanol,13.6300,6
2015-06-08,MT,gasolina,21.3700,6
2015-06-08,PA,diesel_s10,56.8680,18
2015-06-08,PA,etanol,23.6590,8
2015-06-08,PA,gasolina,99.7160,27
2015-06-08,PB,diesel_s10,55.1150,19
2015-06-08,PB,etanol,66.5980,28
2015-06-08,PB,gasolina,94.9810,30
2015-06-08,PE,diesel_s10,117.3970,41
2015-06-08,PE,etanol,125.8560,49
2015-06-08,PE,gasolina,199.8280,59
2015-06-08,PI,diesel_s10,68.8240,23
2015-06-08,PI,etanol,59.0640,22
2015-06-08,PI,gasolina,108.9960,34
2015-06-08,PR,diesel_s10,376.6600,132
2015-06-08,PR,etanol,478.3320,218
2015-06-08,PR,gasolina,722.1170,217
2015-06-08,RJ,diesel_s10,365.5610,124
2015-06-08,RJ,etanol,601.2230,224
2015-06-08,RJ,gasolina,801.0950,225
2015-06-08,RN,diesel_s10,24.1860,8
2015-06-08,RN,etanol,31.2550,12
2015-06-08,RN,gasolina,45.5140,14
2015-06-08,RO,diesel_s10,106.1860,33
2015-06-08,RO,etanol,71.9170,25
2015-06-08,RO,gasolina,124.2850,34
2015-06-08,RS,diesel_s10,668.9940,224
2015-06-08,RS,etanol,706.0420,272
2015-06-08,RS,gasolina,1276.4690,381
2015-06-08,SC,diesel_s10,273.9950,94
2015-06-08,SC,etanol,276.3160,105
2015-06-08,SC,gasolina,457.9560,140
2015-06-08,SE,diesel_s10,52.6620,18
2015-06-08,SE,etanol,31.3120,12
2015-06-08,SE,gasolina,55.5390,17
2015-06-08,SP,diesel_s10,2101.7370,732
2015-06-08,SP,etanol,2668.1790,1325
2015-06-08,SP,gasolina,4166.0720,1314
2015-06-08,TO,diesel_s10,41.6560,14
2015-06-08,TO,etanol,53.5060,21
2015-06-08,TO,gasolina,52.8000,15
2015-06-09,AC,diesel_s10,32.5300,9
2015-06-09,AC,etanol,26.5500,8
2015-06-09,AC,gasolina,83.9700,21
2015-06-09,AL,diesel_s10,78.5110,27
2015-06-09,AL,etanol,101.4400,39
2015-06-09,AL,gasolina,137.7730,42
2015-06-09,AM,diesel_s10,54.2680,17
2015-06-09,AM,etanol,58.4890,21
2015-06-09,AM,gasolina,137.5590,37
2015-06-09,AP,diesel_s10,40.4400,12
2015-06-09,AP,etanol,2.4900,1
2015-06-09,AP,gasolina,81.8400,24
2015-06-09,BA,diesel_s10,341.3730,116
2015-06-09,BA,etanol,437.3490,177
2015-06-09,BA,gasolina,635.2890,186
2015-06-09,CE,diesel_s10,429.2040,142
2015-06-09,CE,etanol,473.5180,180
2015-06-09,CE,gasolina,690.3340,202
2015-06-09,DF,diesel_s10,5.9800,2
2015-06-09,DF,etanol,5.4400,2
2015-06-09,DF,gasolina,7.0500,2
2015-06-09,ES,diesel_s10,64.5200,22
2015-06-09,ES,etanol,62.9000,22
2015-06-09,ES,gasolina,103.5500,30
2015-06-09,GO,diesel_s10,185.6750,61
2015-06-09,GO,etanol,302.6780,134
2015-06-09,GO,gasolina,448.1410,132
2015-06-09,MA,diesel_s10,71.8330,25
2015-06-09,MA,etanol,47.3790,17
2015-06-09,MA,gasolina,116.0000,34
2015-06-09,MG,diesel_s10,603.5670,204
2015-06-09,MG,etanol,953.1410,421
2015-06-09,MG,gasolina,1443.4200,427
2015-06-09,MS,diesel_s10,144.2260,45
2015-06-09,MS,etanol,132.8310,57
2015-06-09,MS,gasolina,186.5480,56
2015-06-09,MT,diesel_s10,171.7610,53
2015-06-09,MT,etanol,173.5590,86
2015-06-09,MT,gasolina,284.7900,86
2015-06-09,PA,diesel_s10,197.8800,62
2015-06-09,PA,etanol,61.2580,20
2015-06-09,PA,gasolina,283.1900,76
2015-06-09,PB,diesel_s10,17.5290,6
2015-06-09,PB,etanol,14.7000,6
2015-06-09,PB,gasolina,33.5190,10
2015-06-09,PE,diesel_s10,537.1760,189
2015-06-09,PE,etanol,460.7640,187
2015-06-09,PE,gasolina,715.2660,210
2015-06-09,PI,diesel_s10,101.5310,34
2015-06-09,PI,etanol,58.8340,21
2015-06-09,PI,gasolina,160.3790,48
2015-06-09,PR,diesel_s10,252.4560,89
2015-06-09,PR,etanol,284.6980,129
2015-06-09,PR,gasolina,417.3950,127
2015-06-09,RJ,diesel_s10,164.9390,56
2015-06-09,RJ,etanol,326.2810,122
2015-06-09,RJ,gasolina,450.8880,127
2015-06-09,RN,diesel_s10,159.6280,53
2015-06-09,RN,etanol,170.8930,65
2015-06-09,RN,gasolina,256.5590,77
2015-06-09,RO,diesel_s10,53.8650,17
2015-06-09,RO,etanol,60.3530,21
2015-06-09,RO,gasolina,96.4310,27
2015-06-09,RR,diesel_s10,67.0300,21
2015-06-09,RR,etanol,39.3700,13
2015-06-09,RR,gasolina,92.0980,26
2015-06-09,RS,diesel_s10,265.5420,89
2015-06-09,RS,etanol,318.5270,121
2015-06-09,RS,gasolina,571.3430,168
2015-06-09,SC,diesel_s10,259.2630,89
2015-06-09,SC,etanol,235.1640,91
2015-06-09,SC,gasolina,366.7220,113
2015-06-09,SE,diesel_s10,23.6350,8
2015-06-09,SE,etanol,23.0650,9
2015-06-09,SE,gasolina,46.8940,14
2015-06-09,SP,diesel_s10,1102.6000,383
2015-06-09,SP,etanol,1321.0150,676
2015-06-09,SP,gasolina,2106.4150,670
2015-06-09,TO,diesel_s10,62.7630,21
2015-06-09,TO,etanol,88.0590,34
2015-06-09,TO,gasolina,123.9580,36
2015-06-10,AC,diesel_s10,3.3900,1
2015-06-10,AC,etanol,3.0800,1
2015-06-10,AC,gasolina,7.6800,2
2015-06-10,AL,diesel_s10,55.1000,19
2015-06-10,AL,etanol,63.4280,24
2015-06-10,AL,gasolina,89.8980,27
2015-06-10,AM,diesel_s10,35.7100,11
2015-06-10,AM,etanol,32.8300,11
2015-06-10,AM,gasolina,83.4190,22
2015-06-10,BA,diesel_s10,248.8250,85
2015-06-10,BA,etanol,354.1600,142
2015-06-10,BA,gasolina,531.1110,153
2015-06-10,CE,etanol,2.6990,1
2015-06-10,CE,gasolina,3.3900,1
2015-06-10,DF,diesel_s10,89.5480,30
2015-06-10,DF,etanol,211.6290,78
2015-06-10,DF,gasolina,274.7790,78
2015-06-10,ES,diesel_s10,69.6600,23
2015-06-10,ES,etanol,77.7590,28
2015-06-10,ES,gasolina,114.8490,34
2015-06-10,GO,diesel_s10,67.9170,23
2015-06-10,GO,etanol,142.3810,70
2015-06-10,GO,gasolina,223.2050,70
2015-06-10,MA,diesel_s10,34.1540,12
2015-06-10,MA,etanol,31.8030,12
2015-06-10,MA,gasolina,77.6820,23
2015-06-10,MG,diesel_s10,221.6740,74
2015-06-10,MG,etanol,358.9120,166
2015-06-10,MG,gasolina,547.7710,164
2015-06-10,MS,diesel_s10,16.3300,5
2015-06-10,MS,etanol,21.3100,8
2015-06-10,MS,gasolina,36.6800,10
2015-06-10,MT,diesel_s10,81.0450,25
2015-06-10,MT,etanol,95.4570,44
2015-06-10,MT,gasolina,149.4610,44
2015-06-10,PA,diesel_s10,193.4690,64
2015-06-10,PA,etanol,102.5480,36
2015-06-10,PA,gasolina,242.1000,71
2015-06-10,PB,diesel_s10,8.7200,3
2015-06-10,PB,etanol,16.6490,7
2015-06-10,PB,gasolina,22.5890,7
2015-06-10,PE,diesel_s10,117.0870,41
2015-06-10,PE,etanol,121.7820,50
2015-06-10,PE,gasolina,179.4140,52
2015-06-10,PI,diesel_s10,35.9060,12
2015-06-10,PI,etanol,37.4140,14
2015-06-10,PI,gasolina,57.4730,18
2015-06-10,PR,diesel_s10,208.9150,72
2015-06-10,PR,etanol,220.0820,97
2015-06-10,PR,gasolina,317.7650,95
2015-06-10,RJ,diesel_s10,373.1160,125
2015-06-10,RJ,etanol,676.3560,254
2015-06-10,RJ,gasolina,898.5760,256
2015-06-10,RN,diesel_s10,45.2770,15
2015-06-10,RN,etanol,55.1690,21
2015-06-10,RN,gasolina,69.1840,21
2015-06-10,RO,diesel_s10,21.7500,7
2015-06-10,RO,etanol,50.6190,19
2015-06-10,RO,gasolina,105.4000,30
2015-06-10,RR,diesel_s10,3.2100,1
2015-06-10,RR,gasolina,3.5600,1
2015-06-10,RS,diesel_s10,81.1270,27
2015-06-10,RS,etanol,77.6860,30
2015-06-10,RS,gasolina,126.2160,37
2015-06-10,SC,diesel_s10,240.2570,82
2015-06-10,SC,etanol,289.7570,117
2015-06-10,SC,gasolina,388.4380,127
2015-06-10,SE,diesel_s10,61.3490,20
2015-06-10,SE,etanol,55.1320,21
2015-06-10,SE,gasolina,74.3960,22
2015-06-10,SP,diesel_s10,170.9690,60
2015-06-10,SP,etanol,216.7250,109
2015-06-10,SP,gasolina,337.0880,109
2015-06-11,AC,diesel_s10,67.9500,20
2015-06-11,AC,etanol,42.3500,14
2015-06-11,AC,gasolina,86.6700,23
2015-06-11,AL,diesel_s10,2.9790,1
2015-06-11,AL,etanol,7.8400,3
2015-06-11,AL,gasolina,10.3840,3
2015-06-11,AM,diesel_s10,60.7790,20
2015-06-11,AM,etanol,71.3300,26
2015-06-11,AM,gasolina,100.2700,28
2015-06-11,AP,diesel_s10,3.3400,1
2015-06-11,AP,gasolina,3.3900,1
2015-06-11,BA,diesel_s10,20.2480,7
2015-06-11,BA,etanol,36.1740,15
2015-06-11,BA,gasolina,50.5180,15
2015-06-11,CE,diesel_s10,3.0000,1
2015-06-11,CE,etanol,5.4890,2
2015-06-11,CE,gasolina,13.8400,4
2015-06-11,ES,diesel_s10,64.1300,22
2015-06-11,ES,etanol,142.1300,52
2015-06-11,ES,gasolina,206.3000,64
2015-06-11,GO,diesel_s10,17.9040,6
2015-06-11,GO,etanol,29.8470,15
2015-06-11,GO,gasolina,49.0060,15
2015-06-11,MA,diesel_s10,45.9710,16
2015-06-11,MA,etanol,39.5350,15
2015-06-11,MA,gasolina,98.8500,31
2015-06-11,MG,diesel_s10,2.8360,1
2015-06-11,MG,etanol,4.6260,2
2015-06-11,MG,gasolina,6.9300,2
2015-06-11,MT,diesel_s10,3.0900,1
2015-06-11,MT,etanol,11.6130,6
2015-06-11,MT,gasolina,19.5150,6
2015-06-11,PB,diesel_s10,71.6020,25
2015-06-11,PB,etanol,150.8690,65
2015-06-11,PB,gasolina,212.4290,67
2015-06-11,PR,diesel_s10,190.5730,67
2015-06-11,PR,etanol,262.5340,121
2015-06-11,PR,gasolina,383.7180,119
2015-06-11,RJ,diesel_s10,169.7230,58
2015-06-11,RJ,etanol,275.0970,104
2015-06-11,RJ,gasolina,370.4760,106
2015-06-11,RR,diesel_s10,3.2200,1
2015-06-11,RR,etanol,3.1900,1
2015-06-11,RR,gasolina,3.5900,1
2015-06-11,RS,diesel_s10,50.9790,17
2015-06-11,RS,etanol,45.1170,17
2015-06-11,RS,gasolina,85.3270,25
2015-06-11,SC,diesel_s10,8.6960,3
2015-06-11,SC,etanol,7.4960,3
2015-06-11,SC,gasolina,8.9970,3
2015-06-11,SP,diesel_s10,403.5220,137
2015-06-11,SP,etanol,524.4670,261
2015-06-11,SP,gasolina,817.7140,260
2015-06-11,TO,etanol,8.0700,3
2015-06-11,TO,gasolina,10.7700,3
2015-06-15,AC,diesel_s10,14.5500,4
2015-06-15,AC,etanol,16.8000,5
2015-06-15,AC,gasolina,52.4800,13
2015-06-15,AL,diesel_s10,14.6420,5
2015-06-15,AL,etanol,36.5540,14
2015-06-15,AL,gasolina,43.1790,13
2015-06-15,AM,diesel_s10,58.1000,19
2015-06-15,AM,etanol,96.4700,35
2015-06-15,AM,gasolina,133.0100,37
2015-06-15,AP,diesel_s10,36.8500,11
2015-06-15,AP,etanol,8.1400,3
2015-06-15,AP,gasolina,68.3820,20
2015-06-15,BA,diesel_s10,129.1760,43
2015-06-15,BA,etanol,152.1250,59
2015-06-15,BA,gasolina,223.5250,64
2015-06-15,CE,diesel_s10,32.8070,11
2015-06-15,CE,etanol,53.2830,20
2015-06-15,CE,gasolina,76.6660,22
2015-06-15,ES,diesel_s10,101.7600,35
2015-06-15,ES,etanol,76.0000,27
2015-06-15,ES,gasolina,155.8400,45
2015-06-15,MA,diesel_s10,28.8680,10
2015-06-15,MA,etanol,25.2290,9
2015-06-15,MA,gasolina,51.9980,15
2015-06-15,MG,diesel_s10,359.2040,121
2015-06-15,MG,etanol,519.6290,228
2015-06-15,MG,gasolina,778.4100,226
2015-06-15,MS,diesel_s10,126.5060,39
2015-06-15,MS,etanol,116.5560,49
2015-06-15,MS,gasolina,162.2750,48
2015-06-15,MT,diesel_s10,54.5030,17
2015-06-15,MT,etanol,64.9930,31
2015-06-15,MT,gasolina,104.7460,31
2015-06-15,PA,diesel_s10,118.7250,37
2015-06-15,PA,etanol,39.4980,13
2015-06-15,PA,gasolina,201.1700,54
2015-06-15,PB,diesel_s10,46.5330,16
2015-06-15,PB,etanol,43.3640,18
2015-06-15,PB,gasolina,59.0030,18
2015-06-15,PE,diesel_s10,244.3920,85
2015-06-15,PE,etanol,235.8260,93
2015-06-15,PE,gasolina,384.1930,110
2015-06-15,PI,diesel_s10,50.8400,17
2015-06-15,PI,etanol,45.0910,17
2015-06-15,PI,gasolina,79.5270,25
2015-06-15,PR,diesel_s10,237.8230,84
2015-06-15,PR,etanol,294.0280,134
2015-06-15,PR,gasolina,440.0570,133
2015-06-15,RJ,diesel_s10,262.2530,88
2015-06-15,RJ,etanol,416.8990,156
2015-06-15,RJ,gasolina,595.0230,166
2015-06-15,RO,diesel_s10,137.3710,43
2015-06-15,RO,etanol,99.7940,35
2015-06-15,RO,gasolina,170.1000,47
2015-06-15,RR,diesel_s10,15.9700,5
2015-06-15,RR,etanol,6.2400,2
2015-06-15,RR,gasolina,25.0300,7
2015-06-15,RS,diesel_s10,220.0010,74
2015-06-15,RS,etanol,266.0260,106
2015-06-15,RS,gasolina,514.7580,155
2015-06-15,SC,diesel_s10,95.0850,33
2015-06-15,SC,etanol,99.2490,39
2015-06-15,SC,gasolina,158.3610,50
2015-06-15,SE,diesel_s10,110.9250,37
2015-06-15,SE,etanol,85.5850,33
2015-06-15,SE,gasolina,130.0130,39
2015-06-15,SP,diesel_s10,1142.5340,398
2015-06-15,SP,etanol,1436.2110,721
2015-06-15,SP,gasolina,2266.3530,714
2015-06-15,TO,diesel_s10,47.7840,16
2015-06-15,TO,etanol,55.8550,22
2015-06-15,TO,gasolina,56.1670,16
2015-06-16,AC,diesel_s10,17.6000,5
2015-06-16,AC,etanol,15.9700,5
2015-06-16,AC,gasolina,26.9800,7
2015-06-16,AL,diesel_s10,116.3430,40
2015-06-16,AL,etanol,157.4970,61
2015-06-16,AL,gasolina,216.0260,65
2015-06-16,AM,diesel_s10,70.6900,22
2015-06-16,AM,etanol,41.2400,14
2015-06-16,AM,gasolina,172.3900,46
2015-06-16,AP,diesel_s10,16.9500,5
2015-06-16,AP,gasolina,24.2200,7
2015-06-16,BA,diesel_s10,384.6040,131
2015-06-16,BA,etanol,554.7960,223
2015-06-16,BA,gasolina,851.0090,245
2015-06-16,CE,diesel_s10,459.3760,151
2015-06-16,CE,etanol,452.3470,171
2015-06-16,CE,gasolina,649.5130,190
2015-06-16,ES,diesel_s10,70.7100,24
2015-06-16,ES,etanol,69.9090,25
2015-06-16,ES,gasolina,127.3990,37
2015-06-16,GO,diesel_s10,117.8950,39
2015-06-16,GO,etanol,208.7960,90
2015-06-16,GO,gasolina,309.9650,91
2015-06-16,MA,diesel_s10,101.6870,35
2015-06-16,MA,etanol,63.6710,23
2015-06-16,MA,gasolina,156.7410,46
2015-06-16,MG,diesel_s10,807.0500,271
2015-06-16,MG,etanol,1319.2610,583
2015-06-16,MG,gasolina,2003.5850,589
2015-06-16,MS,diesel_s10,173.3510,54
2015-06-16,MS,etanol,159.0940,70
2015-06-16,MS,gasolina,227.3820,70
2015-06-16,MT,diesel_s10,80.0490,24
2015-06-16,MT,etanol,84.8950,38
2015-06-16,MT,gasolina,132.6960,38
2015-06-16,PA,diesel_s10,55.1090,18
2015-06-16,PA,etanol,15.4400,5
2015-06-16,PA,gasolina,75.5440,21
2015-06-16,PB,diesel_s10,43.6270,15
2015-06-16,PB,etanol,62.2270,26
2015-06-16,PB,gasolina,87.7890,27
2015-06-16,PE,diesel_s10,419.3930,148
2015-06-16,PE,etanol,377.8890,154
2015-06-16,PE,gasolina,586.2910,172
2015-06-16,PI,diesel_s10,160.9650,54
2015-06-16,PI,etanol,108.9130,40
2015-06-16,PI,gasolina,245.6650,75
2015-06-16,PR,diesel_s10,268.8990,94
2015-06-16,PR,etanol,358.8930,164
2015-06-16,PR,gasolina,532.5720,161
2015-06-16,RJ,diesel_s10,459.3950,153
2015-06-16,RJ,etanol,799.9800,301
2015-06-16,RJ,gasolina,1085.2290,307
2015-06-16,RN,diesel_s10,159.8900,53
2015-06-16,RN,etanol,200.7630,76
2015-06-16,RN,gasolina,283.4830,86
2015-06-16,RO,diesel_s10,22.2970,7
2015-06-16,RO,etanol,26.6160,9
2015-06-16,RO,gasolina,43.1460,12
2015-06-16,RR,diesel_s10,44.4300,14
2015-06-16,RR,etanol,27.1300,9
2015-06-16,RR,gasolina,60.0190,17
2015-06-16,RS,diesel_s10,634.2440,212
2015-06-16,RS,etanol,715.6230,272
2015-06-16,RS,gasolina,1239.1180,367
2015-06-16,SC,diesel_s10,450.7330,154
2015-06-16,SC,etanol,448.1360,171
2015-06-16,SC,gasolina,692.7660,212
2015-06-16,SE,diesel_s10,26.6250,9
2015-06-16,SE,etanol,18.1860,7
2015-06-16,SE,gasolina,43.4650,13
2015-06-16,SP,diesel_s10,1844.6210,643
2015-06-16,SP,etanol,2292.4710,1152
2015-06-16,SP,gasolina,3606.9780,1141
2015-06-16,TO,diesel_s10,15.2480,5
2015-06-16,TO,etanol,23.4450,9
2015-06-16,TO,gasolina,36.7050,11
2015-06-17,AC,diesel_s10,10.5700,3
2015-06-17,AC,gasolina,23.9500,6
2015-06-17,AL,diesel_s10,20.2350,7
2015-06-17,AL,etanol,31.2930,12
2015-06-17,AL,gasolina,43.1380,13
2015-06-17,AM,diesel_s10,27.4590,9
2015-06-17,AM,etanol,63.3090,23
2015-06-17,AM,gasolina,92.7800,26
2015-06-17,BA,diesel_s10,150.8360,52
2015-06-17,BA,etanol,237.9530,96
2015-06-17,BA,gasolina,353.7090,103
2015-06-17,CE,diesel_s10,14.9280,5
2015-06-17,CE,etanol,31.7950,12
2015-06-17,CE,gasolina,48.5780,14
2015-06-17,DF,diesel_s10,92.5480,31
2015-06-17,DF,etanol,216.9760,80
2015-06-17,DF,gasolina,281.6890,80
2015-06-17,ES,diesel_s10,3.0900,1
2015-06-17,ES,etanol,5.5900,2
2015-06-17,ES,gasolina,10.2700,3
2015-06-17,GO,diesel_s10,188.6230,62
2015-06-17,GO,etanol,334.8730,157
2015-06-17,GO,gasolina,521.3650,157
2015-06-17,MA,diesel_s10,97.6150,34
2015-06-17,MA,etanol,93.1050,35
2015-06-17,MA,gasolina,226.3970,69
2015-06-17,MG,diesel_s10,165.3610,56
2015-06-17,MG,etanol,288.7660,127
2015-06-17,MG,gasolina,434.4980,127
2015-06-17,MS,diesel_s10,3.1200,1
2015-06-17,MS,etanol,1.9900,1
2015-06-17,MS,gasolina,2.9900,1
2015-06-17,MT,diesel_s10,142.2940,44
2015-06-17,MT,etanol,141.1540,72
2015-06-17,MT,gasolina,233.5670,72
2015-06-17,PA,diesel_s10,159.3610,51
2015-06-17,PA,etanol,72.1910,25
2015-06-17,PA,gasolina,219.8830,61
2015-06-17,PB,diesel_s10,56.9840,20
2015-06-17,PB,etanol,126.9490,55
2015-06-17,PB,gasolina,188.1770,60
2015-06-17,PE,diesel_s10,81.8080,29
2015-06-17,PE,etanol,68.2120,28
2015-06-17,PE,gasolina,97.9770,30
2015-06-17,PR,diesel_s10,310.5660,108
2015-06-17,PR,etanol,383.3630,175
2015-06-17,PR,gasolina,561.7510,173
2015-06-17,RJ,diesel_s10,323.6310,110
2015-06-17,RJ,etanol,634.7170,238
2015-06-17,RJ,gasolina,847.5300,242
2015-06-17,RN,diesel_s10,48.5870,16
2015-06-17,RN,etanol,55.4660,21
2015-06-17,RN,gasolina,86.9560,26
2015-06-17,RO,diesel_s10,18.9090,6
2015-06-17,RO,etanol,42.9490,16
2015-06-17,RO,gasolina,102.8800,29
2015-06-17,RR,diesel_s10,12.7400,4
2015-06-17,RR,etanol,6.1400,2
2015-06-17,RR,gasolina,17.6700,5
2015-06-17,RS,diesel_s10,152.7680,51
2015-06-17,RS,etanol,157.9900,58
2015-06-17,RS,gasolina,259.8920,76
2015-06-17,SC,diesel_s10,232.8630,80
2015-06-17,SC,etanol,272.7140,109
2015-06-17,SC,gasolina,383.5460,122
2015-06-17,SP,diesel_s10,577.9590,199
2015-06-17,SP,etanol,781.2730,390
2015-06-17,SP,gasolina,1234.1210,392
2015-06-17,TO,diesel_s10,35.6380,12
2015-06-17,TO,etanol,65.0370,25
2015-06-17,TO,gasolina,87.2160,25
2015-06-18,AC,diesel_s10,67.7800,20
2015-06-18,AC,etanol,45.2600,15
2015-06-18,AC,gasolina,86.2600,23
2015-06-18,AM,etanol,2.7500,1
2015-06-18,AM,gasolina,3.5800,1
2015-06-18,BA,diesel_s10,5.8180,2
2015-06-18,BA,etanol,12.0550,5
2015-06-18,BA,gasolina,17.1550,5
2015-06-18,ES,diesel_s10,119.4200,41
2015-06-18,ES,etanol,212.8900,77
2015-06-18,ES,gasolina,301.4600,92
2015-06-18,GO,diesel_s10,5.8600,2
2015-06-18,GO,etanol,9.9590,5
2015-06-18,GO,gasolina,15.9590,5
2015-06-18,MA,diesel_s10,2.8490,1
2015-06-18,MA,gasolina,3.5290,1
2015-06-18,MG,diesel_s10,26.9260,9
2015-06-18,MG,etanol,30.6190,13
2015-06-18,MG,gasolina,42.3690,13
2015-06-18,MS,diesel_s10,25.8380,8
2015-06-18,MS,etanol,20.3080,8
2015-06-18,MS,gasolina,28.5580,8
2015-06-18,MT,etanol,1.9900,1
2015-06-18,MT,gasolina,3.1900,1
2015-06-18,PA,diesel_s10,111.3300,37
2015-06-18,PA,etanol,53.9050,19
2015-06-18,PA,gasolina,127.9860,38
2015-06-18,PB,diesel_s10,17.0970,6
2015-06-18,PB,etanol,18.5450,8
2015-06-18,PB,gasolina,27.9860,9
2015-06-18,PE,diesel_s10,22.7990,8
2015-06-18,PE,etanol,22.5880,9
2015-06-18,PE,gasolina,30.3490,9
2015-06-18,PR,diesel_s10,175.2690,61
2015-06-18,PR,etanol,196.7900,92
2015-06-18,PR,gasolina,297.7390,92
2015-06-18,RJ,diesel_s10,5.6480,2
2015-06-18,RJ,etanol,10.6560,4
2015-06-18,RJ,gasolina,13.9260,4
2015-06-18,RO,diesel_s10,3.1500,1
2015-06-18,RO,etanol,5.3000,2
2015-06-18,RO,gasolina,7.0000,2
2015-06-18,RS,diesel_s10,26.6660,9
2015-06-18,RS,etanol,33.0400,13
2015-06-18,RS,gasolina,46.3500,14
2015-06-18,SP,diesel_s10,184.5770,63
2015-06-18,SP,etanol,216.9090,109
2015-06-18,SP,gasolina,343.2460,109
2015-06-18,TO,etanol,2.7200,1
2015-06-18,TO,gasolina,3.5390,1
2015-06-22,AC,diesel_s10,14.5500,4
2015-06-22,AC,etanol,16.8000,5
2015-06-22,AC,gasolina,52.4800,13
2015-06-22,AL,diesel_s10,25.9410,9
2015-06-22,AL,etanol,53.4670,21
2015-06-22,AL,gasolina,72.4630,22
2015-06-22,AM,diesel_s10,76.5300,25
2015-06-22,AM,etanol,88.2500,32
2015-06-22,AM,gasolina,136.7300,38
2015-06-22,AP,diesel_s10,26.7600,8
2015-06-22,AP,etanol,5.0400,2
2015-06-22,AP,gasolina,65.1520,19
2015-06-22,BA,diesel_s10,82.0890,27
2015-06-22,BA,etanol,91.2960,35
2015-06-22,BA,gasolina,142.5390,40
2015-06-22,CE,diesel_s10,32.8070,11
2015-06-22,CE,etanol,50.6840,19
2015-06-22,CE,gasolina,76.9350,22
2015-06-22,ES,diesel_s10,99.0800,34
2015-06-22,ES,etanol,73.4500,26
2015-06-22,ES,gasolina,152.4800,44
2015-06-22,MA,diesel_s10,28.8480,10
2015-06-22,MA,etanol,25.2290,9
2015-06-22,MA,gasolina,51.9980,15
2015-06-22,MG,diesel_s10,392.4740,132
2015-06-22,MG,etanol,556.9200,248
2015-06-22,MG,gasolina,860.5660,249
2015-06-22,MS,diesel_s10,91.0470,28
2015-06-22,MS,etanol,87.3310,36
2015-06-22,MS,gasolina,119.8870,35
2015-06-22,MT,diesel_s10,35.6750,11
2015-06-22,MT,etanol,31.7790,15
2015-06-22,MT,gasolina,51.8410,15
2015-06-22,PA,diesel_s10,118.7450,37
2015-06-22,PA,etanol,39.4980,13
2015-06-22,PA,gasolina,201.1400,54
2015-06-22,PB,diesel_s10,46.5570,16
2015-06-22,PB,etanol,50.6650,21
2015-06-22,PB,gasolina,69.1450,21
2015-06-22,PE,diesel_s10,468.2290,164
2015-06-22,PE,etanol,436.3380,175
2015-06-22,PE,gasolina,682.2500,196
2015-06-22,PI,diesel_s10,35.6250,12
2015-06-22,PI,etanol,31.6050,12
2015-06-22,PI,gasolina,63.7180,20
2015-06-22,PR,diesel_s10,269.4720,95
2015-06-22,PR,etanol,326.8080,150
2015-06-22,PR,gasolina,484.6170,147
2015-06-22,RJ,diesel_s10,270.8310,92
2015-06-22,RJ,etanol,385.6230,143
2015-06-22,RJ,gasolina,539.6570,150
2015-06-22,RO,diesel_s10,137.3710,43
2015-06-22,RO,etanol,99.7940,35
2015-06-22,RO,gasolina,170.1000,47
2015-06-22,RR,diesel_s10,12.9200,4
2015-06-22,RR,etanol,6.2400,2
2015-06-22,RR,gasolina,21.4400,6
2015-06-22,RS,diesel_s10,108.8940,36
2015-06-22,RS,etanol,78.6500,30
2015-06-22,RS,gasolina,176.3010,52
2015-06-22,SC,diesel_s10,52.2280,18
2015-06-22,SC,etanol,56.6390,23
2015-06-22,SC,gasolina,85.5120,28
2015-06-22,SE,diesel_s10,49.5650,17
2015-06-22,SE,etanol,30.6720,12
2015-06-22,SE,gasolina,55.6460,17
2015-06-22,SP,diesel_s10,1777.8000,618
2015-06-22,SP,etanol,2038.2030,1027
2015-06-22,SP,gasolina,3209.9330,1019
2015-06-22,TO,diesel_s10,47.7840,16
2015-06-22,TO,etanol,55.6240,22
2015-06-22,TO,gasolina,56.1570,16
2015-06-23,AC,diesel_s10,17.6000,5
2015-06-23,AC,etanol,15.9700,5
2015-06-23,AC,gasolina,26.9800,7
2015-06-23,AL,diesel_s10,86.9020,30
2015-06-23,AL,etanol,89.1340,34
2015-06-23,AL,gasolina,134.0890,40
2015-06-23,AM,diesel_s10,104.3500,33
2015-06-23,AM,etanol,91.3400,32
2015-06-23,AM,gasolina,233.8000,63
2015-06-23,AP,diesel_s10,16.9500,5
2015-06-23,AP,gasolina,24.2200,7
2015-06-23,BA,diesel_s10,338.8740,115
2015-06-23,BA,etanol,435.2980,176
2015-06-23,BA,gasolina,676.8860,197
2015-06-23,CE,diesel_s10,449.1720,148
2015-06-23,CE,etanol,435.8890,165
2015-06-23,CE,gasolina,656.2990,192
2015-06-23,ES,diesel_s10,76.7700,26
2015-06-23,ES,etanol,69.5790,25
2015-06-23,ES,gasolina,130.9190,38
2015-06-23,GO,diesel_s10,123.6740,41
2015-06-23,GO,etanol,205.1960,90
2015-06-23,GO,gasolina,304.2770,90
2015-06-23,MA,diesel_s10,87.2330,30
2015-06-23,MA,etanol,53.1350,19
2015-06-23,MA,gasolina,131.2400,38
2015-06-23,MG,diesel_s10,680.4810,229
2015-06-23,MG,etanol,974.6890,428
2015-06-23,MG,gasolina,1466.5720,427
2015-06-23,MS,diesel_s10,95.2230,30
2015-06-23,MS,etanol,111.4270,52
2015-06-23,MS,gasolina,152.4490,50
2015-06-23,PA,diesel_s10,32.0900,10
2015-06-23,PA,etanol,12.5500,4
2015-06-23,PA,gasolina,48.5580,13
2015-06-23,PB,diesel_s10,32.0680,11
2015-06-23,PB,etanol,45.6770,19
2015-06-23,PB,gasolina,64.4660,20
2015-06-23,PE,diesel_s10,186.6480,66
2015-06-23,PE,etanol,179.6600,73
2015-06-23,PE,gasolina,292.3430,87
2015-06-23,PI,diesel_s10,176.1250,59
2015-06-23,PI,etanol,118.9400,44
2015-06-23,PI,gasolina,262.4480,80
2015-06-23,PR,diesel_s10,269.4430,94
2015-06-23,PR,etanol,345.4710,159
2015-06-23,PR,gasolina,521.5660,158
2015-06-23,RJ,diesel_s10,532.7540,179
2015-06-23,RJ,etanol,987.2620,374
2015-06-23,RJ,gasolina,1334.0640,380
2015-06-23,RN,diesel_s10,162.5100,54
2015-06-23,RN,etanol,191.9490,73
2015-06-23,RN,gasolina,274.8470,83
2015-06-23,RO,diesel_s10,22.2970,7
2015-06-23,RO,etanol,26.6160,9
2015-06-23,RO,gasolina,43.1460,12
2015-06-23,RR,diesel_s10,54.0090,17
2015-06-23,RR,etanol,30.2800,10
2015-06-23,RR,gasolina,70.7380,20
2015-06-23,RS,diesel_s10,772.3620,259
2015-06-23,RS,etanol,896.3950,347
2015-06-23,RS,gasolina,1582.6130,471
2015-06-23,SC,diesel_s10,445.3570,153
2015-06-23,SC,etanol,417.8840,161
2015-06-23,SC,gasolina,667.5250,204
2015-06-23,SE,diesel_s10,26.6250,9
2015-06-23,SE,etanol,18.1860,7
2015-06-23,SE,gasolina,43.4650,13
2015-06-23,SP,diesel_s10,1489.4510,521
2015-06-23,SP,etanol,1925.6540,971
2015-06-23,SP,gasolina,3039.9870,962
2015-06-23,TO,diesel_s10,39.4360,13
2015-06-23,TO,etanol,55.5220,21
2015-06-23,TO,gasolina,79.4820,23
2015-06-24,AC,diesel_s10,10.5700,3
2015-06-24,AC,gasolina,23.9500,6
2015-06-24,AL,diesel_s10,34.8880,12
2015-06-24,AL,etanol,80.7200,31
2015-06-24,AL,gasolina,103.9220,31
2015-06-24,AM,diesel_s10,12.2000,4
2015-06-24,AM,etanol,19.2700,7
2015-06-24,AM,gasolina,28.7200,8
2015-06-24,AP,diesel_s10,3.3600,1
2015-06-24,AP,gasolina,3.3700,1
2015-06-24,BA,diesel_s10,162.3960,56
2015-06-24,BA,etanol,241.8840,98
2015-06-24,BA,gasolina,367.4550,107
2015-06-24,CE,diesel_s10,12.0290,4
2015-06-24,CE,etanol,29.1050,11
2015-06-24,CE,gasolina,45.0480,13
2015-06-24,DF,diesel_s10,89.5690,30
2015-06-24,DF,etanol,217.0980,80
2015-06-24,DF,gasolina,281.7790,80
2015-06-24,ES,diesel_s10,61.2200,21
2015-06-24,ES,etanol,148.3400,54
2015-06-24,ES,gasolina,213.3400,66
2015-06-24,GO,diesel_s10,179.4720,59
2015-06-24,GO,etanol,297.4410,142
2015-06-24,GO,gasolina,464.7010,142
2015-06-24,MA,diesel_s10,129.3100,45
2015-06-24,MA,etanol,101.0820,38
2015-06-24,MA,gasolina,248.3420,76
2015-06-24,MG,diesel_s10,274.4960,93
2015-06-24,MG,etanol,472.6890,211
2015-06-24,MG,gasolina,711.8800,214
2015-06-24,MS,diesel_s10,58.9660,18
2015-06-24,MS,etanol,62.5720,24
2015-06-24,MS,gasolina,94.5000,26
2015-06-24,MT,diesel_s10,231.2500,71
2015-06-24,MT,etanol,255.9240,124
2015-06-24,MT,gasolina,413.8460,124
2015-06-24,PA,diesel_s10,278.9130,91
2015-06-24,PA,etanol,131.5680,46
2015-06-24,PA,gasolina,364.4410,104
2015-06-24,PB,diesel_s10,62.8140,22
2015-06-24,PB,etanol,134.7610,58
2015-06-24,PB,gasolina,194.9700,62
2015-06-24,PE,diesel_s10,79.0380,28
2015-06-24,PE,etanol,70.9710,29
2015-06-24,PE,gasolina,98.0670,30
2015-06-24,PR,diesel_s10,347.9220,122
2015-06-24,PR,etanol,430.3040,198
2015-06-24,PR,gasolina,632.7190,196
2015-06-24,RJ,diesel_s10,99.1970,34
2015-06-24,RJ,etanol,226.9780,84
2015-06-24,RJ,gasolina,301.0160,85
2015-06-24,RN,diesel_s10,48.4330,16
2015-06-24,RN,etanol,60.3220,23
2015-06-24,RN,gasolina,82.5030,25
2015-06-24,RO,diesel_s10,25.4000,8
2015-06-24,RO,etanol,47.9390,18
2015-06-24,RO,gasolina,109.1300,31
2015-06-24,RR,diesel_s10,6.4000,2
2015-06-24,RR,etanol,2.9900,1
2015-06-24,RR,gasolina,7.1000,2
2015-06-24,RS,diesel_s10,182.9560,61
2015-06-24,RS,etanol,177.8010,66
2015-06-24,RS,gasolina,292.5810,86
2015-06-24,SC,diesel_s10,274.0950,94
2015-06-24,SC,etanol,348.8280,139
2015-06-24,SC,gasolina,484.1830,150
2015-06-24,SE,diesel_s10,61.3600,20
2015-06-24,SE,etanol,55.0730,21
2015-06-24,SE,gasolina,74.3670,22
2015-06-24,SP,diesel_s10,200.8130,70
2015-06-24,SP,etanol,231.0250,119
2015-06-24,SP,gasolina,370.1260,119
2015-06-24,TO,diesel_s10,14.6200,5
2015-06-24,TO,etanol,27.5000,11
2015-06-24,TO,gasolina,37.4490,11
2015-06-25,AC,diesel_s10,67.7600,20
2015-06-25,AC,etanol,51.3600,17
2015-06-25,AC,gasolina,86.2700,23
2015-06-25,AM,diesel_s10,6.1000,2
2015-06-25,AM,etanol,5.5400,2
2015-06-25,AM,gasolina,7.1800,2
2015-06-25,BA,diesel_s10,87.5840,30
2015-06-25,BA,etanol,185.2320,72
2015-06-25,BA,gasolina,264.0780,74
2015-06-25,ES,diesel_s10,50.7500,17
2015-06-25,ES,etanol,61.4400,22
2015-06-25,ES,gasolina,98.2600,29
2015-06-25,GO,diesel_s10,23.8130,8
2015-06-25,GO,etanol,42.6550,20
2015-06-25,GO,gasolina,66.7060,20
2015-06-25,MA,diesel_s10,2.8490,1
2015-06-25,MA,gasolina,3.5290,1
2015-06-25,MG,diesel_s10,62.5600,21
2015-06-25,MG,etanol,144.3720,63
2015-06-25,MG,gasolina,215.9870,63
2015-06-25,MS,diesel_s10,45.1170,14
2015-06-25,MS,etanol,36.8620,16
2015-06-25,MS,gasolina,52.8200,16
2015-06-25,MT,diesel_s10,3.3270,1
2015-06-25,MT,etanol,5.7980,3
2015-06-25,MT,gasolina,9.7580,3
2015-06-25,PA,diesel_s10,12.1080,4
2015-06-25,PA,gasolina,14.1080,4
2015-06-25,PB,diesel_s10,19.9870,7
2015-06-25,PB,etanol,23.1250,10
2015-06-25,PB,gasolina,34.4460,11
2015-06-25,PE,diesel_s10,17.1990,6
2015-06-25,PE,etanol,22.5880,9
2015-06-25,PE,gasolina,30.4790,9
2015-06-25,PR,diesel_s10,89.3730,31
2015-06-25,PR,etanol,123.2020,58
2015-06-25,PR,gasolina,181.0290,56
2015-06-25,RJ,diesel_s10,156.3430,53
2015-06-25,RJ,etanol,258.1310,98
2015-06-25,RJ,gasolina,348.5180,100
2015-06-25,RN,diesel_s10,8.8990,3
2015-06-25,RN,etanol,5.1700,2
2015-06-25,RN,gasolina,9.9080,3
2015-06-25,RS,diesel_s10,5.8420,2
2015-06-25,RS,etanol,5.4600,2
2015-06-25,RS,gasolina,6.7170,2
2015-06-25,SE,diesel_s10,3.0290,1
2015-06-25,SE,gasolina,3.5890,1
2015-06-25,SP,diesel_s10,367.5100,124
2015-06-25,SP,etanol,510.4770,255
2015-06-25,SP,gasolina,808.5560,256
2015-06-25,TO,etanol,7.9500,3
2015-06-25,TO,gasolina,10.7220,3
2015-06-29,AC,diesel_s10,28.4000,8
2015-06-29,AC,etanol,29.4700,9
2015-06-29,AC,gasolina,75.5300,19
2015-06-29,AL,diesel_s10,11.9490,4
2015-06-29,AL,etanol,17.9530,7
2015-06-29,AL,gasolina,26.4270,8
2015-06-29,AM,diesel_s10,37.5800,12
2015-06-29,AM,etanol,41.5000,15
2015-06-29,AM,gasolina,82.2100,22
2015-06-29,AP,diesel_s10,30.3700,9
2015-06-29,AP,etanol,2.4900,1
2015-06-29,AP,gasolina,76.0200,22
2015-06-29,BA,diesel_s10,98.7660,33
2015-06-29,BA,etanol,114.8890,45
2015-06-29,BA,gasolina,153.6630,45
2015-06-29,CE,diesel_s10,11.9500,4
2015-06-29,CE,etanol,18.7490,7
2015-06-29,CE,gasolina,24.2590,7
2015-06-29,ES,diesel_s10,140.6700,48
2015-06-29,ES,etanol,105.7300,38
2015-06-29,ES,gasolina,224.5090,65
2015-06-29,MA,diesel_s10,69.0530,24
2015-06-29,MA,etanol,44.0260,16
2015-06-29,MA,gasolina,107.1330,31
2015-06-29,MG,diesel_s10,532.2090,179
2015-06-29,MG,etanol,757.2230,330
2015-06-29,MG,gasolina,1156.9610,334
2015-06-29,MS,diesel_s10,110.5880,34
2015-06-29,MS,etanol,112.0010,46
2015-06-29,MS,gasolina,156.4810,45
2015-06-29,PA,diesel_s10,175.2780,55
2015-06-29,PA,etanol,51.1480,17
2015-06-29,PA,gasolina,241.5550,65
2015-06-29,PB,diesel_s10,49.0740,17
2015-06-29,PB,etanol,55.1630,23
2015-06-29,PB,gasolina,75.6570,23
2015-06-29,PE,diesel_s10,306.4950,108
2015-06-29,PE,etanol,259.2230,105
2015-06-29,PE,gasolina,428.3490,125
2015-06-29,PI,diesel_s10,42.0160,14
2015-06-29,PI,etanol,25.0970,9
2015-06-29,PI,gasolina,62.6920,19
2015-06-29,PR,diesel_s10,312.8070,110
2015-06-29,PR,etanol,364.7600,165
2015-06-29,PR,gasolina,539.1720,163
2015-06-29,RJ,diesel_s10,183.2370,63
2015-06-29,RJ,etanol,289.2120,110
2015-06-29,RJ,gasolina,388.9530,110
2015-06-29,RO,diesel_s10,73.7830,23
2015-06-29,RO,etanol,75.9210,26
2015-06-29,RO,gasolina,104.6000,29
2015-06-29,RR,diesel_s10,6.4100,2
2015-06-29,RR,gasolina,10.6900,3
2015-06-29,RS,diesel_s10,448.5780,150
2015-06-29,RS,etanol,516.2210,201
2015-06-29,RS,gasolina,959.9090,285
2015-06-29,SC,diesel_s10,248.1720,85
2015-06-29,SC,etanol,263.1220,102
2015-06-29,SC,gasolina,368.6400,113
2015-06-29,SE,diesel_s10,105.1180,35
2015-06-29,SE,etanol,81.0250,31
2015-06-29,SE,gasolina,119.8260,36
2015-06-29,SP,diesel_s10,1341.9690,469
2015-06-29,SP,etanol,1673.9240,847
2015-06-29,SP,gasolina,2629.3250,831
2015-06-29,TO,diesel_s10,56.7620,19
2015-06-29,TO,etanol,73.1310,29
2015-06-29,TO,gasolina,75.9260,22
2015-06-30,AC,diesel_s10,7.0300,2
2015-06-30,AC,gasolina,23.9500,6
2015-06-30,AL,diesel_s10,87.6050,30
2015-06-30,AL,etanol,140.4450,54
2015-06-30,AL,gasolina,191.9470,57
2015-06-30,AM,diesel_s10,90.1680,29
2015-06-30,AM,etanol,86.1800,31
2015-06-30,AM,gasolina,193.8400,53
2015-06-30,AP,diesel_s10,6.7300,2
2015-06-30,AP,gasolina,13.2200,4
2015-06-30,BA,diesel_s10,251.1470,86
2015-06-30,BA,etanol,336.5900,137
2015-06-30,BA,gasolina,521.0160,152
2015-06-30,CE,diesel_s10,445.6950,147
2015-06-30,CE,etanol,481.1780,182
2015-06-30,CE,gasolina,686.2830,200
2015-06-30,ES,diesel_s10,35.2000,12
2015-06-30,ES,etanol,42.1500,15
2015-06-30,ES,gasolina,68.9800,20
2015-06-30,GO,diesel_s10,324.2610,107
2015-06-30,GO,etanol,543.1130,250
2015-06-30,GO,gasolina,833.8630,251
2015-06-30,MA,diesel_s10,67.5660,23
2015-06-30,MA,etanol,53.5970,19
2015-06-30,MA,gasolina,110.6730,32
2015-06-30,MG,diesel_s10,578.1020,195
2015-06-30,MG,etanol,951.2780,426
2015-06-30,MG,gasolina,1449.6150,429
2015-06-30,MS,diesel_s10,89.5460,28
2015-06-30,MS,etanol,83.1150,38
2015-06-30,MS,gasolina,118.6460,38
2015-06-30,MT,diesel_s10,154.5830,48
2015-06-30,MT,etanol,184.4660,94
2015-06-30,MT,gasolina,305.4390,94
2015-06-30,PA,diesel_s10,64.7750,21
2015-06-30,PA,etanol,20.4300,7
2015-06-30,PA,gasolina,120.4590,33
2015-06-30,PB,diesel_s10,38.0700,13
2015-06-30,PB,etanol,39.8160,16
2015-06-30,PB,gasolina,66.3560,20
2015-06-30,PE,diesel_s10,293.5340,103
2015-06-30,PE,etanol,287.1080,114
2015-06-30,PE,gasolina,434.9300,127
2015-06-30,PI,diesel_s10,125.4530,42
2015-06-30,PI,etanol,84.7090,32
2015-06-30,PI,gasolina,191.6910,59
2015-06-30,PR,diesel_s10,166.0510,58
2015-06-30,PR,etanol,217.6240,98
2015-06-30,PR,gasolina,323.6170,97
2015-06-30,RJ,diesel_s10,294.5290,99
2015-06-30,RJ,etanol,518.4350,194
2015-06-30,RJ,gasolina,739.8380,208
2015-06-30,RN,diesel_s10,127.0440,42
2015-06-30,RN,etanol,177.5610,67
2015-06-30,RN,gasolina,233.0250,71
2015-06-30,RO,diesel_s10,80.0460,25
2015-06-30,RO,etanol,92.8680,34
2015-06-30,RO,gasolina,176.1670,49
2015-06-30,RR,diesel_s10,51.1100,16
2015-06-30,RR,etanol,36.5200,12
2015-06-30,RR,gasolina,74.4280,21
2015-06-30,RS,diesel_s10,158.6340,53
2015-06-30,RS,etanol,144.7980,54
2015-06-30,RS,gasolina,268.0200,78
2015-06-30,SC,diesel_s10,81.4050,28
2015-06-30,SC,etanol,101.7210,39
2015-06-30,SC,gasolina,138.6630,43
2015-06-30,SE,diesel_s10,35.4140,12
2015-06-30,SE,etanol,30.9030,12
2015-06-30,SE,gasolina,57.1500,17
2015-06-30,SP,diesel_s10,1749.6690,607
2015-06-30,SP,etanol,2183.9360,1109
2015-06-30,SP,gasolina,3472.9510,1105
2015-06-30,TO,diesel_s10,44.6760,15
2015-06-30,TO,etanol,72.6650,28
2015-06-30,TO,gasolina,100.9220,29
2015-07-01,AC,diesel_s10,3.7500,1
2015-07-01,AC,etanol,3.1500,1
2015-07-01,AC,gasolina,3.9300,1
2015-07-01,AL,diesel_s10,60.9700,21
2015-07-01,AL,etanol,65.4380,25
2015-07-01,AL,gasolina,94.7860,28
2015-07-01,AM,diesel_s10,59.0680,19
2015-07-01,AM,etanol,83.2280,30
2015-07-01,AM,gasolina,130.4180,36
2015-07-01,BA,diesel_s10,300.4920,102
2015-07-01,BA,etanol,433.3220,172
2015-07-01,BA,gasolina,655.6280,187
2015-07-01,CE,diesel_s10,33.3650,11
2015-07-01,CE,etanol,28.6220,11
2015-07-01,CE,gasolina,36.9500,11
2015-07-01,DF,diesel_s10,92.5390,31
2015-07-01,DF,etanol,217.1470,80
2015-07-01,DF,gasolina,281.8290,80
2015-07-01,GO,diesel_s10,3.0500,1
2015-07-01,GO,etanol,4.1190,2
2015-07-01,GO,gasolina,6.4690,2
2015-07-01,MA,diesel_s10,8.7280,3
2015-07-01,MA,etanol,5.5100,2
2015-07-01,MA,gasolina,13.2380,4
2015-07-01,MG,diesel_s10,226.1640,76
2015-07-01,MG,etanol,396.9220,177
2015-07-01,MG,gasolina,602.9950,177
2015-07-01,MS,diesel_s10,90.0110,28
2015-07-01,MS,etanol,77.4910,32
2015-07-01,MS,gasolina,112.8340,33
2015-07-01,MT,diesel_s10,112.5550,34
2015-07-01,MT,etanol,98.6000,44
2015-07-01,MT,gasolina,156.1320,44
2015-07-01,PA,diesel_s10,156.9860,51
2015-07-01,PA,etanol,71.0030,25
2015-07-01,PA,gasolina,208.9220,60
2015-07-01,PB,diesel_s10,88.2870,31
2015-07-01,PB,etanol,161.0840,69
2015-07-01,PB,gasolina,224.6770,72
2015-07-01,PE,diesel_s10,159.6390,56
2015-07-01,PE,etanol,157.9860,64
2015-07-01,PE,gasolina,236.7390,69
2015-07-01,PI,diesel_s10,38.3230,13
2015-07-01,PI,etanol,44.9280,17
2015-07-01,PI,gasolina,70.8220,22
2015-07-01,PR,diesel_s10,484.5710,169
2015-07-01,PR,etanol,642.3680,302
2015-07-01,PR,gasolina,961.3920,298
2015-07-01,RJ,diesel_s10,429.3600,144
2015-07-01,RJ,etanol,773.1620,291
2015-07-01,RJ,gasolina,1042.9970,297
2015-07-01,RN,diesel_s10,29.9180,10
2015-07-01,RN,etanol,31.3290,12
2015-07-01,RN,gasolina,50.0780,15
2015-07-01,RO,diesel_s10,38.2660,12
2015-07-01,RO,etanol,14.1990,5
2015-07-01,RO,gasolina,39.5670,11
2015-07-01,RR,diesel_s10,9.4590,3
2015-07-01,RR,etanol,2.9900,1
2015-07-01,RR,gasolina,14.0890,4
2015-07-01,RS,diesel_s10,420.4870,141
2015-07-01,RS,etanol,462.2050,175
2015-07-01,RS,gasolina,780.6120,232
2015-07-01,SC,diesel_s10,472.9150,162
2015-07-01,SC,etanol,463.8460,183
2015-07-01,SC,gasolina,732.4430,226
2015-07-01,SP,diesel_s10,348.0190,122
2015-07-01,SP,etanol,485.1730,251
2015-07-01,SP,gasolina,771.8770,251
2015-07-02,AC,diesel_s10,71.4200,21
2015-07-02,AC,etanol,42.4300,14
2015-07-02,AC,gasolina,86.4000,23
2015-07-02,AL,gasolina,3.2500,1
2015-07-02,BA,diesel_s10,64.7300,22
2015-07-02,BA,etanol,82.3620,33
2015-07-02,BA,gasolina,111.1230,32
2015-07-02,CE,diesel_s10,3.0500,1
2015-07-02,CE,etanol,16.3470,6
2015-07-02,CE,gasolina,24.3860,7
2015-07-02,ES,diesel_s10,126.7200,43
2015-07-02,ES,etanol,206.9500,75
2015-07-02,ES,gasolina,299.4100,92
2015-07-02,MA,diesel_s10,94.3510,33
2015-07-02,MA,etanol,82.2150,31
2015-07-02,MA,gasolina,207.2910,64
2015-07-02,MG,diesel_s10,26.8000,9
2015-07-02,MG,etanol,35.6880,16
2015-07-02,MG,gasolina,52.5980,16
2015-07-02,MS,diesel_s10,31.7210,10
2015-07-02,MS,etanol,24.6060,12
2015-07-02,MS,gasolina,35.9440,12
2015-07-02,MT,diesel_s10,6.2500,2
2015-07-02,MT,etanol,8.6300,4
2015-07-02,MT,gasolina,13.1700,4
2015-07-02,PA,diesel_s10,44.8330,15
2015-07-02,PA,etanol,31.4350,11
2015-07-02,PA,gasolina,53.8650,16
2015-07-02,RJ,diesel_s10,132.3720,44
2015-07-02,RJ,etanol,250.5010,95
2015-07-02,RJ,gasolina,334.1780,96
2015-07-02,RN,diesel_s10,39.2250,13
2015-07-02,RN,etanol,52.3050,20
2015-07-02,RN,gasolina,83.8060,25
2015-07-02,RS,diesel_s10,29.5800,10
2015-07-02,RS,etanol,32.8140,13
2015-07-02,RS,gasolina,53.6420,16
2015-07-02,SP,diesel_s10,263.2120,90
2015-07-02,SP,etanol,330.7520,166
2015-07-02,SP,gasolina,518.4810,166
2015-07-02,TO,etanol,2.6500,1
2015-07-02,TO,gasolina,3.5900,1
2015-07-06,AC,diesel_s10,28.4000,8
2015-07-06,AC,etanol,26.0700,8
2015-07-06,AC,gasolina,71.4300,18
2015-07-06,AL,diesel_s10,23.6220,8
2015-07-06,AL,etanol,49.4610,19
2015-07-06,AL,gasolina,63.6430,19
2015-07-06,AM,diesel_s10,67.7300,22
2015-07-06,AM,etanol,99.0490,36
2015-07-06,AM,gasolina,159.5930,44
2015-07-06,AP,diesel_s10,30.6800,9
2015-07-06,AP,etanol,2.4900,1
2015-07-06,AP,gasolina,76.1200,22
2015-07-06,BA,diesel_s10,51.0800,17
2015-07-06,BA,etanol,59.2740,23
2015-07-06,BA,gasolina,77.0080,22
2015-07-06,CE,diesel_s10,75.7590,25
2015-07-06,CE,etanol,78.0790,30
2015-07-06,CE,gasolina,104.9960,31
2015-07-06,ES,diesel_s10,140.6500,48
2015-07-06,ES,etanol,102.9400,37
2015-07-06,ES,gasolina,220.9790,64
2015-07-06,MA,diesel_s10,69.1230,24
2015-07-06,MA,etanol,44.0260,16
2015-07-06,MA,gasolina,107.0780,31
2015-07-06,MG,diesel_s10,606.2120,204
2015-07-06,MG,etanol,860.3000,379
2015-07-06,MG,gasolina,1313.6400,380
2015-07-06,MS,diesel_s10,205.3300,65
2015-07-06,MS,etanol,192.1350,86
2015-07-06,MS,gasolina,272.4390,85
2015-07-06,MT,diesel_s10,6.8100,2
2015-07-06,MT,etanol,7.0500,3
2015-07-06,MT,gasolina,11.2200,3
2015-07-06,PA,diesel_s10,175.2780,55
2015-07-06,PA,etanol,54.4770,18
2015-07-06,PA,gasolina,245.0540,66
2015-07-06,PB,diesel_s10,26.0890,9
2015-07-06,PB,etanol,31.3390,13
2015-07-06,PB,gasolina,42.2390,13
2015-07-06,PE,diesel_s10,255.4250,90
2015-07-06,PE,etanol,210.6680,85
2015-07-06,PE,gasolina,354.6510,104
2015-07-06,PI,diesel_s10,122.9440,41
2015-07-06,PI,etanol,94.7660,36
2015-07-06,PI,gasolina,183.9540,57
2015-07-06,PR,diesel_s10,278.7980,98
2015-07-06,PR,etanol,307.7810,143
2015-07-06,PR,gasolina,467.8700,142
2015-07-06,RJ,diesel_s10,281.8750,97
2015-07-06,RJ,etanol,461.1080,175
2015-07-06,RJ,gasolina,610.1980,173
2015-07-06,RO,diesel_s10,73.7630,23
2015-07-06,RO,etanol,75.9710,26
2015-07-06,RO,gasolina,104.6000,29
2015-07-06,RR,diesel_s10,9.3600,3
2015-07-06,RR,gasolina,14.3000,4
2015-07-06,RS,diesel_s10,421.6810,141
2015-07-06,RS,etanol,480.2370,188
2015-07-06,RS,gasolina,902.1510,268
2015-07-06,SC,diesel_s10,131.5180,45
2015-07-06,SC,etanol,136.3390,52
2015-07-06,SC,gasolina,207.8710,64
2015-07-06,SE,diesel_s10,105.1180,35
2015-07-06,SE,etanol,81.0350,31
2015-07-06,SE,gasolina,119.8260,36
2015-07-06,SP,diesel_s10,1930.2220,673
2015-07-06,SP,etanol,2377.1900,1205
2015-07-06,SP,gasolina,3743.5260,1191
2015-07-06,TO,diesel_s10,56.8220,19
2015-07-06,TO,etanol,73.1310,29
2015-07-06,TO,gasolina,75.9260,22
2015-07-07,AC,diesel_s10,17.3600,5
2015-07-07,AC,etanol,6.1200,2
2015-07-07,AC,gasolina,39.3100,10
2015-07-07,AL,diesel_s10,78.3290,27
2015-07-07,AL,etanol,122.1750,47
2015-07-07,AL,gasolina,158.1710,47
2015-07-07,AM,diesel_s10,71.7900,23
2015-07-07,AM,etanol,88.7400,32
2015-07-07,AM,gasolina,207.3300,57
2015-07-07,AP,diesel_s10,6.7300,2
2015-07-07,AP,gasolina,13.2200,4
2015-07-07,BA,diesel_s10,327.8250,112
2015-07-07,BA,etanol,470.0350,190
2015-07-07,BA,gasolina,696.0540,203
2015-07-07,CE,diesel_s10,356.8520,118
2015-07-07,CE,etanol,412.9790,156
2015-07-07,CE,gasolina,608.9540,177
2015-07-07,DF,diesel_s10,92.5290,31
2015-07-07,DF,etanol,217.0500,80
2015-07-07,DF,gasolina,281.7800,80
2015-07-07,ES,diesel_s10,38.2100,13
2015-07-07,ES,etanol,42.1500,15
2015-07-07,ES,gasolina,72.7700,21
2015-07-07,GO,diesel_s10,298.1660,98
2015-07-07,GO,etanol,532.7670,248
2015-07-07,GO,gasolina,809.1210,245
2015-07-07,MA,diesel_s10,98.8970,34
2015-07-07,MA,etanol,79.8900,29
2015-07-07,MA,gasolina,182.3000,53
2015-07-07,MG,diesel_s10,598.3950,201
2015-07-07,MG,etanol,972.8640,441
2015-07-07,MG,gasolina,1496.9950,444
2015-07-07,MS,diesel_s10,66.3900,21
2015-07-07,MS,etanol,62.2960,25
2015-07-07,MS,gasolina,95.3950,27
2015-07-07,MT,diesel_s10,219.2200,68
2015-07-07,MT,etanol,236.8670,117
2015-07-07,MT,gasolina,385.9050,117
2015-07-07,PA,diesel_s10,222.3150,73
2015-07-07,PA,etanol,114.0080,40
2015-07-07,PA,gasolina,304.8170,88
2015-07-07,PB,diesel_s10,103.7840,36
2015-07-07,PB,etanol,164.4060,69
2015-07-07,PB,gasolina,232.4590,73
2015-07-07,PE,diesel_s10,449.4920,158
2015-07-07,PE,etanol,439.6810,176
2015-07-07,PE,gasolina,665.6070,193
2015-07-07,PI,diesel_s10,71.5890,24
2015-07-07,PI,etanol,45.9010,17
2015-07-07,PI,gasolina,118.5440,36
2015-07-07,PR,diesel_s10,357.5920,124
2015-07-07,PR,etanol,419.3010,186
2015-07-07,PR,gasolina,606.6630,181
2015-07-07,RJ,diesel_s10,375.7330,126
2015-07-07,RJ,etanol,672.8320,251
2015-07-07,RJ,gasolina,922.8490,260
2015-07-07,RN,diesel_s10,210.8010,70
2015-07-07,RN,etanol,221.5450,84
2015-07-07,RN,gasolina,320.5350,97
2015-07-07,RO,diesel_s10,79.9270,25
2015-07-07,RO,etanol,87.8170,32
2015-07-07,RO,gasolina,179.4370,50
2015-07-07,RR,diesel_s10,66.8900,21
2015-07-07,RR,etanol,39.5100,13
2015-07-07,RR,gasolina,88.5090,25
2015-07-07,RS,diesel_s10,203.0120,68
2015-07-07,RS,etanol,236.2270,90
2015-07-07,RS,gasolina,410.2270,120
2015-07-07,SC,diesel_s10,262.7850,90
2015-07-07,SC,etanol,278.6270,110
2015-07-07,SC,gasolina,411.6100,128
2015-07-07,SE,diesel_s10,35.4140,12
2015-07-07,SE,etanol,30.7340,12
2015-07-07,SE,gasolina,57.1590,17
2015-07-07,SP,diesel_s10,1685.7530,584
2015-07-07,SP,etanol,2000.2310,1028
2015-07-07,SP,gasolina,3203.3280,1020
2015-07-07,TO,diesel_s10,50.5950,17
2015-07-07,TO,etanol,75.2140,29
2015-07-07,TO,gasolina,104.3440,30
2015-07-08,AC,diesel_s10,54.5700,16
2015-07-08,AC,etanol,36.2390,12
2015-07-08,AC,gasolina,79.1300,21
2015-07-08,AL,diesel_s10,54.9790,19
2015-07-08,AL,etanol,55.3180,21
2015-07-08,AL,gasolina,84.4800,25
2015-07-08,AM,diesel_s10,16.3500,5
2015-07-08,AM,etanol,11.4700,4
2015-07-08,AM,gasolina,29.6200,8
2015-07-08,AP,diesel_s10,6.7400,2
2015-07-08,AP,gasolina,3.2700,1
2015-07-08,BA,diesel_s10,279.8750,95
2015-07-08,BA,etanol,441.1560,177
2015-07-08,BA,gasolina,656.8000,189
2015-07-08,CE,diesel_s10,33.3870,11
2015-07-08,CE,etanol,42.3310,16
2015-07-08,CE,gasolina,57.9860,17
2015-07-08,ES,diesel_s10,126.9000,43
2015-07-08,ES,etanol,203.4500,74
2015-07-08,ES,gasolina,299.8300,92
2015-07-08,GO,diesel_s10,5.9890,2
2015-07-08,GO,etanol,10.7550,5
2015-07-08,GO,gasolina,16.7360,5
2015-07-08,MA,diesel_s10,65.6680,23
2015-07-08,MA,etanol,63.4290,24
2015-07-08,MA,gasolina,149.1880,47
2015-07-08,MG,diesel_s10,212.4990,72
2015-07-08,MG,etanol,292.3650,130
2015-07-08,MG,gasolina,438.7610,130
2015-07-08,MS,diesel_s10,44.3900,14
2015-07-08,MS,etanol,42.0580,17
2015-07-08,MS,gasolina,52.0020,15
2015-07-08,MT,diesel_s10,56.5360,17
2015-07-08,MT,etanol,48.5700,22
2015-07-08,MT,gasolina,77.9930,22
2015-07-08,PA,diesel_s10,38.6800,12
2015-07-08,PA,etanol,6.2500,2
2015-07-08,PA,gasolina,67.8790,18
2015-07-08,PB,diesel_s10,34.6360,12
2015-07-08,PB,etanol,61.7670,26
2015-07-08,PB,gasolina,89.1940,28
2015-07-08,PE,diesel_s10,68.0650,24
2015-07-08,PE,etanol,59.6230,24
2015-07-08,PE,gasolina,79.6650,24
2015-07-08,PI,diesel_s10,14.3400,5
2015-07-08,PI,etanol,11.0000,4
2015-07-08,PI,gasolina,22.8990,7
2015-07-08,PR,diesel_s10,350.2970,123
2015-07-08,PR,etanol,494.9800,236
2015-07-08,PR,gasolina,745.6150,234
2015-07-08,RJ,diesel_s10,430.5220,144
2015-07-08,RJ,etanol,729.0060,273
2015-07-08,RJ,gasolina,972.1730,276
2015-07-08,RN,diesel_s10,26.8880,9
2015-07-08,RN,etanol,31.2890,12
2015-07-08,RN,gasolina,50.0480,15
2015-07-08,RO,diesel_s10,35.0670,11
2015-07-08,RO,etanol,14.1990,5
2015-07-08,RO,gasolina,35.9680,10
2015-07-08,RS,diesel_s10,414.7480,139
2015-07-08,RS,etanol,435.5690,166
2015-07-08,RS,gasolina,748.7990,223
2015-07-08,SC,diesel_s10,394.2460,135
2015-07-08,SC,etanol,413.0510,162
2015-07-08,SC,gasolina,621.5310,191
2015-07-08,SP,diesel_s10,236.4460,81
2015-07-08,SP,etanol,281.6990,138
2015-07-08,SP,gasolina,442.0890,138
2015-07-13,AC,diesel_s10,14.5500,4
2015-07-13,AC,etanol,13.5500,4
2015-07-13,AC,gasolina,44.6500,11
2015-07-13,AL,diesel_s10,17.2440,6
2015-07-13,AL,etanol,37.7870,15
2015-07-13,AL,gasolina,60.1810,18
2015-07-13,AM,diesel_s10,79.0600,26
2015-07-13,AM,etanol,79.6690,29
2015-07-13,AM,gasolina,132.6790,37
2015-07-13,AP,diesel_s10,40.6300,12
2015-07-13,AP,etanol,2.4900,1
2015-07-13,AP,gasolina,76.3000,22
2015-07-13,BA,diesel_s10,105.3180,35
2015-07-13,BA,etanol,130.1740,51
2015-07-13,BA,gasolina,172.8580,50
2015-07-13,CE,diesel_s10,3.0990,1
2015-07-13,CE,etanol,2.6900,1
2015-07-13,CE,gasolina,7.0300,2
2015-07-13,ES,diesel_s10,80.7800,28
2015-07-13,ES,etanol,60.0600,22
2015-07-13,ES,gasolina,137.1400,40
2015-07-13,MA,diesel_s10,25.9860,9
2015-07-13,MA,etanol,8.2390,3
2015-07-13,MA,gasolina,31.7010,9
2015-07-13,MG,diesel_s10,571.9950,193
2015-07-13,MG,etanol,825.0610,364
2015-07-13,MG,gasolina,1266.6180,367
2015-07-13,MS,diesel_s10,137.4460,44
2015-07-13,MS,etanol,133.5530,56
2015-07-13,MS,gasolina,187.2700,55
2015-07-13,PA,diesel_s10,158.1460,50
2015-07-13,PA,etanol,48.4480,16
2015-07-13,PA,gasolina,241.2980,66
2015-07-13,PB,diesel_s10,34.6860,12
2015-07-13,PB,etanol,38.7370,16
2015-07-13,PB,gasolina,52.7320,16
2015-07-13,PE,diesel_s10,379.8130,134
2015-07-13,PE,etanol,333.8240,135
2015-07-13,PE,gasolina,524.9120,153
2015-07-13,PI,diesel_s10,65.5330,22
2015-07-13,PI,etanol,47.7330,18
2015-07-13,PI,gasolina,112.5930,35
2015-07-13,PR,diesel_s10,237.3840,83
2015-07-13,PR,etanol,303.7220,139
2015-07-13,PR,gasolina,459.6460,137
2015-07-13,RJ,diesel_s10,176.0190,60
2015-07-13,RJ,etanol,313.9990,119
2015-07-13,RJ,gasolina,444.4460,125
2015-07-13,RO,diesel_s10,83.4360,26
2015-07-13,RO,etanol,63.1180,22
2015-07-13,RO,gasolina,105.7360,29
2015-07-13,RR,diesel_s10,9.6600,3
2015-07-13,RR,etanol,3.1900,1
2015-07-13,RR,gasolina,14.3700,4
2015-07-13,RS,diesel_s10,725.3730,243
2015-07-13,RS,etanol,819.8920,318
2015-07-13,RS,gasolina,1459.4530,434
2015-07-13,SC,diesel_s10,457.1050,157
2015-07-13,SC,etanol,419.2520,162
2015-07-13,SC,gasolina,668.6240,205
2015-07-13,SE,diesel_s10,43.6920,15
2015-07-13,SE,etanol,26.0430,10
2015-07-13,SE,gasolina,45.3360,14
2015-07-13,SP,diesel_s10,1642.6510,572
2015-07-13,SP,etanol,1988.6840,1014
2015-07-13,SP,gasolina,3132.7870,1001
2015-07-13,TO,diesel_s10,50.8240,17
2015-07-13,TO,etanol,68.2920,27
2015-07-13,TO,gasolina,68.3540,20
2015-07-14,AC,diesel_s10,89.2400,26
2015-07-14,AC,etanol,55.4000,18
2015-07-14,AC,gasolina,121.0600,32
2015-07-14,AL,diesel_s10,49.7340,17
2015-07-14,AL,etanol,76.8870,29
2015-07-14,AL,gasolina,112.5380,33
2015-07-14,AM,diesel_s10,124.5400,39
2015-07-14,AM,etanol,119.0700,42
2015-07-14,AM,gasolina,248.3900,67
2015-07-14,BA,diesel_s10,200.9680,69
2015-07-14,BA,etanol,304.7850,124
2015-07-14,BA,gasolina,448.2390,131
2015-07-14,CE,diesel_s10,494.3810,163
2015-07-14,CE,etanol,532.8410,201
2015-07-14,CE,gasolina,762.0780,222
2015-07-14,DF,etanol,5.4100,2
2015-07-14,DF,gasolina,7.0000,2
2015-07-14,ES,diesel_s10,83.0500,28
2015-07-14,ES,etanol,75.7500,27
2015-07-14,ES,gasolina,138.4380,40
2015-07-14,GO,diesel_s10,97.5600,32
2015-07-14,GO,etanol,186.9310,83
2015-07-14,GO,gasolina,282.5580,84
2015-07-14,MA,diesel_s10,70.2070,24
2015-07-14,MA,etanol,60.1480,22
2015-07-14,MA,gasolina,126.2150,37
2015-07-14,MG,diesel_s10,297.6450,100
2015-07-14,MG,etanol,431.6480,193
2015-07-14,MG,gasolina,653.3670,190
2015-07-14,MS,diesel_s10,145.7940,47
2015-07-14,MS,etanol,161.5060,72
2015-07-14,MS,gasolina,231.3220,72
2015-07-14,MT,diesel_s10,92.7210,29
2015-07-14,MT,etanol,100.7390,48
2015-07-14,MT,gasolina,160.5420,48
2015-07-14,PA,diesel_s10,144.0560,46
2015-07-14,PA,etanol,58.1520,20
2015-07-14,PA,gasolina,206.0450,56
2015-07-14,PB,diesel_s10,69.4380,24
2015-07-14,PB,etanol,88.4220,37
2015-07-14,PB,gasolina,121.8450,38
2015-07-14,PE,diesel_s10,364.2230,128
2015-07-14,PE,etanol,312.8710,125
2015-07-14,PE,gasolina,492.1300,144
2015-07-14,PI,diesel_s10,125.5270,42
2015-07-14,PI,etanol,104.4470,39
2015-07-14,PI,gasolina,189.0260,58
2015-07-14,PR,diesel_s10,154.3070,54
2015-07-14,PR,etanol,154.8960,73
2015-07-14,PR,gasolina,230.9870,71
2015-07-14,RJ,diesel_s10,527.7040,176
2015-07-14,RJ,etanol,885.6290,335
2015-07-14,RJ,gasolina,1208.0460,343
2015-07-14,RN,diesel_s10,171.7570,57
2015-07-14,RN,etanol,240.7330,91
2015-07-14,RN,gasolina,340.0620,103
2015-07-14,RO,diesel_s10,83.0330,26
2015-07-14,RO,etanol,72.0810,25
2015-07-14,RO,gasolina,107.8700,30
2015-07-14,RR,diesel_s10,47.5900,15
2015-07-14,RR,etanol,27.2300,9
2015-07-14,RR,gasolina,67.1570,19
2015-07-14,RS,diesel_s10,200.3790,66
2015-07-14,RS,etanol,201.9880,76
2015-07-14,RS,gasolina,353.6690,103
2015-07-14,SC,diesel_s10,37.9410,13
2015-07-14,SC,etanol,47.9850,18
2015-07-14,SC,gasolina,67.2720,20
2015-07-14,SE,diesel_s10,44.9480,15
2015-07-14,SE,etanol,36.1890,14
2015-07-14,SE,gasolina,61.2630,18
2015-07-14,SP,diesel_s10,1307.7700,455
2015-07-14,SP,etanol,1532.2420,784
2015-07-14,SP,gasolina,2435.8410,772
2015-07-14,TO,diesel_s10,15.2160,5
2015-07-14,TO,etanol,15.1270,6
2015-07-14,TO,gasolina,24.2760,7
2015-07-15,AC,diesel_s10,10.5700,3
2015-07-15,AC,gasolina,23.9500,6
2015-07-15,AL,diesel_s10,81.2960,28
2015-07-15,AL,etanol,109.6020,42
2015-07-15,AL,gasolina,144.0460,43
2015-07-15,AM,diesel_s10,9.0300,3
2015-07-15,AM,etanol,8.2500,3
2015-07-15,AM,gasolina,13.7900,4
2015-07-15,AP,diesel_s10,10.0700,3
2015-07-15,AP,gasolina,16.5200,5
2015-07-15,BA,diesel_s10,286.2580,97
2015-07-15,BA,etanol,362.8770,146
2015-07-15,BA,gasolina,555.0950,161
2015-07-15,CE,etanol,2.5990,1
2015-07-15,CE,gasolina,7.0080,2
2015-07-15,DF,diesel_s10,92.5380,31
2015-07-15,DF,etanol,211.7170,78
2015-07-15,DF,gasolina,274.7990,78
2015-07-15,ES,diesel_s10,11.9900,4
2015-07-15,ES,etanol,14.2900,5
2015-07-15,ES,gasolina,17.8600,5
2015-07-15,GO,diesel_s10,140.0960,46
2015-07-15,GO,etanol,264.2250,125
2015-07-15,GO,gasolina,413.1460,125
2015-07-15,MA,diesel_s10,140.6920,49
2015-07-15,MA,etanol,108.2730,40
2015-07-15,MA,gasolina,280.7020,85
2015-07-15,MG,diesel_s10,515.5430,174
2015-07-15,MG,etanol,820.9290,376
2015-07-15,MG,gasolina,1263.2460,379
2015-07-15,MT,diesel_s10,190.2740,58
2015-07-15,MT,etanol,191.9290,94
2015-07-15,MT,gasolina,314.1300,94
2015-07-15,PA,diesel_s10,92.7410,30
2015-07-15,PA,etanol,47.9790,17
2015-07-15,PA,gasolina,123.6000,36
2015-07-15,PB,diesel_s10,80.0530,28
2015-07-15,PB,etanol,130.2460,55
2015-07-15,PB,gasolina,186.5230,59
2015-07-15,PE,diesel_s10,42.7010,15
2015-07-15,PE,etanol,54.2670,22
2015-07-15,PE,gasolina,80.1880,24
2015-07-15,PI,diesel_s10,17.9380,6
2015-07-15,PI,etanol,5.1980,2
2015-07-15,PI,gasolina,23.4630,7
2015-07-15,PR,diesel_s10,438.8190,153
2015-07-15,PR,etanol,543.4370,249
2015-07-15,PR,gasolina,800.9080,246
2015-07-15,RJ,diesel_s10,213.0590,73
2015-07-15,RJ,etanol,401.5790,148
2015-07-15,RJ,gasolina,531.5800,150
2015-07-15,RN,diesel_s10,23.9090,8
2015-07-15,RN,etanol,18.2990,7
2015-07-15,RN,gasolina,29.9960,9
2015-07-15,RO,diesel_s10,15.8590,5
2015-07-15,RO,etanol,37.3190,14
2015-07-15,RO,gasolina,95.6500,27
2015-07-15,RR,diesel_s10,12.7400,4
2015-07-15,RR,etanol,6.1400,2
2015-07-15,RR,gasolina,17.6700,5
2015-07-15,RS,diesel_s10,85.6470,29
2015-07-15,RS,etanol,79.5090,30
2015-07-15,RS,gasolina,162.7620,48
2015-07-15,SC,diesel_s10,246.3300,84
2015-07-15,SC,etanol,304.5860,122
2015-07-15,SC,gasolina,435.0510,135
2015-07-15,SE,diesel_s10,54.9210,18
2015-07-15,SE,etanol,44.6230,17
2015-07-15,SE,gasolina,70.4810,21
2015-07-15,SP,diesel_s10,607.6610,212
2015-07-15,SP,etanol,732.3000,375
2015-07-15,SP,gasolina,1168.7840,374
2015-07-15,TO,diesel_s10,35.6470,12
2015-07-15,TO,etanol,64.6070,25
2015-07-15,TO,gasolina,87.3560,25
2015-07-16,AM,gasolina,11.2200,3
2015-07-16,BA,diesel_s10,107.4060,37
2015-07-16,BA,etanol,174.4880,70
2015-07-16,BA,gasolina,253.4600,73
2015-07-16,ES,diesel_s10,133.4700,45
2015-07-16,ES,etanol,200.5000,73
2015-07-16,ES,gasolina,322.2400,92
2015-07-16,GO,diesel_s10,57.0510,19
2015-07-16,GO,etanol,94.7500,44
2015-07-16,GO,gasolina,146.8300,44
2015-07-16,MG,diesel_s10,20.7050,7
2015-07-16,MG,etanol,34.9840,16
2015-07-16,MG,gasolina,53.9210,16
2015-07-16,PA,diesel_s10,44.8430,15
2015-07-16,PA,etanol,28.8650,10
2015-07-16,PA,gasolina,54.0140,16
2015-07-16,PB,etanol,2.1700,1
2015-07-16,PB,gasolina,2.9700,1
2015-07-16,PR,diesel_s10,139.2640,49
2015-07-16,PR,etanol,214.3200,103
2015-07-16,PR,gasolina,326.9240,103
2015-07-16,RJ,diesel_s10,149.6270,50
2015-07-16,RJ,etanol,262.4380,100
2015-07-16,RJ,gasolina,351.3810,101
2015-07-16,RO,etanol,2.6500,1
2015-07-16,RO,gasolina,10.9500,3
2015-07-16,RS,diesel_s10,42.1890,14
2015-07-16,RS,etanol,47.9960,18
2015-07-16,RS,gasolina,79.2600,23
2015-07-16,SC,diesel_s10,49.1400,17
2015-07-16,SC,etanol,53.9870,22
2015-07-16,SC,gasolina,69.5430,23
2015-07-16,SP,diesel_s10,339.8680,115
2015-07-16,SP,etanol,392.2290,200
2015-07-16,SP,gasolina,626.0890,200
2015-07-20,AC,diesel_s10,14.5500,4
2015-07-20,AC,etanol,16.9000,5
2015-07-20,AC,gasolina,44.6500,11
2015-07-20,AL,etanol,7.3690,3
2015-07-20,AL,gasolina,16.3290,5
2015-07-20,AM,diesel_s10,57.8580,19
2015-07-20,AM,etanol,90.7580,33
2015-07-20,AM,gasolina,129.7580,37
2015-07-20,AP,diesel_s10,40.6400,12
2015-07-20,AP,etanol,2.4900,1
2015-07-20,AP,gasolina,76.1000,22
2015-07-20,BA,diesel_s10,58.0220,19
2015-07-20,BA,etanol,79.3050,31
2015-07-20,BA,gasolina,106.0620,30
2015-07-20,CE,diesel_s10,8.9270,3
2015-07-20,CE,etanol,7.9790,3
2015-07-20,CE,gasolina,13.7990,4
2015-07-20,ES,diesel_s10,80.8300,28
2015-07-20,ES,etanol,60.0600,22
2015-07-20,ES,gasolina,136.7990,40
2015-07-20,MA,diesel_s10,25.9860,9
2015-07-20,MA,etanol,8.2390,3
2015-07-20,MA,gasolina,31.7010,9
2015-07-20,MG,diesel_s10,565.8150,191
2015-07-20,MG,etanol,829.8300,365
2015-07-20,MG,gasolina,1263.7230,365
2015-07-20,MS,diesel_s10,68.0200,22
2015-07-20,MS,etanol,64.3130,26
2015-07-20,MS,gasolina,87.5940,25
2015-07-20,PA,diesel_s10,160.7950,51
2015-07-20,PA,etanol,51.3680,17
2015-07-20,PA,gasolina,241.4200,66
2015-07-20,PB,diesel_s10,8.5590,3
2015-07-20,PB,etanol,7.0990,3
2015-07-20,PB,gasolina,9.3390,3
2015-07-20,PE,diesel_s10,111.0060,39
2015-07-20,PE,etanol,85.6030,34
2015-07-20,PE,gasolina,156.8320,47
2015-07-20,PI,diesel_s10,74.4090,25
2015-07-20,PI,etanol,76.4950,29
2015-07-20,PI,gasolina,121.7770,38
2015-07-20,PR,diesel_s10,249.7700,87
2015-07-20,PR,etanol,293.7710,135
2015-07-20,PR,gasolina,446.1520,133
2015-07-20,RJ,diesel_s10,242.6950,83
2015-07-20,RJ,etanol,395.2740,148
2015-07-20,RJ,gasolina,545.4180,154
2015-07-20,RO,diesel_s10,83.4360,26
2015-07-20,RO,etanol,63.1180,22
2015-07-20,RO,gasolina,105.7360,29
2015-07-20,RR,diesel_s10,9.6600,3
2015-07-20,RR,etanol,3.1900,1
2015-07-20,RR,gasolina,14.3700,4
2015-07-20,RS,diesel_s10,728.5060,244
2015-07-20,RS,etanol,810.4910,315
2015-07-20,RS,gasolina,1454.7800,433
2015-07-20,SC,diesel_s10,413.1520,142
2015-07-20,SC,etanol,372.8750,144
2015-07-20,SC,gasolina,613.8240,188
2015-07-20,SE,diesel_s10,105.1220,35
2015-07-20,SE,etanol,78.6170,30
2015-07-20,SE,gasolina,119.5830,36
2015-07-20,SP,diesel_s10,1801.1320,627
2015-07-20,SP,etanol,2138.6580,1091
2015-07-20,SP,gasolina,3398.2920,1083
2015-07-20,TO,diesel_s10,50.8240,17
2015-07-20,TO,etanol,68.1020,27
2015-07-20,TO,gasolina,68.3540,20
2015-07-21,AC,diesel_s10,21.3000,6
2015-07-21,AC,etanol,19.0700,6
2015-07-21,AC,gasolina,34.8100,9
2015-07-21,AL,diesel_s10,96.1710,33
2015-07-21,AL,etanol,146.4670,56
2015-07-21,AL,gasolina,203.2120,60
2015-07-21,AM,diesel_s10,136.6280,43
2015-07-21,AM,etanol,121.1200,43
2015-07-21,AM,gasolina,246.1890,67
2015-07-21,BA,diesel_s10,273.8610,94
2015-07-21,BA,etanol,390.6190,159
2015-07-21,BA,gasolina,560.7120,164
2015-07-21,CE,diesel_s10,475.4460,157
2015-07-21,CE,etanol,499.4120,189
2015-07-21,CE,gasolina,734.1540,214
2015-07-21,ES,diesel_s10,82.9400,28
2015-07-21,ES,etanol,75.7200,27
2015-07-21,ES,gasolina,138.3880,40
2015-07-21,GO,diesel_s10,106.5180,35
2015-07-21,GO,etanol,184.1600,83
2015-07-21,GO,gasolina,280.1110,84
2015-07-21,MA,diesel_s10,69.8370,24
2015-07-21,MA,etanol,54.7680,20
2015-07-21,MA,gasolina,122.8140,36
2015-07-21,MG,diesel_s10,445.2700,149
2015-07-21,MG,etanol,683.9920,314
2015-07-21,MG,gasolina,1069.0760,318
2015-07-21,MS,diesel_s10,223.5360,72
2015-07-21,MS,etanol,225.0380,100
2015-07-21,MS,gasolina,322.8120,100
2015-07-21,MT,diesel_s10,116.0730,35
2015-07-21,MT,etanol,102.3860,47
2015-07-21,MT,gasolina,166.7840,47
2015-07-21,PA,diesel_s10,274.0120,89
2015-07-21,PA,etanol,135.3450,47
2015-07-21,PA,gasolina,354.6950,100
2015-07-21,PB,diesel_s10,69.9630,24
2015-07-21,PB,etanol,82.8880,34
2015-07-21,PB,gasolina,113.7700,35
2015-07-21,PE,diesel_s10,510.4910,180
2015-07-21,PE,etanol,470.6090,189
2015-07-21,PE,gasolina,703.1910,205
2015-07-21,PI,diesel_s10,74.6610,25
2015-07-21,PI,etanol,47.3340,17
2015-07-21,PI,gasolina,106.4970,32
2015-07-21,PR,diesel_s10,139.2210,49
2015-07-21,PR,etanol,137.0680,65
2015-07-21,PR,gasolina,208.6480,64
2015-07-21,RJ,diesel_s10,254.6860,86
2015-07-21,RJ,etanol,441.9540,167
2015-07-21,RJ,gasolina,594.1730,167
2015-07-21,RN,diesel_s10,162.4410,54
2015-07-21,RN,etanol,195.6560,74
2015-07-21,RN,gasolina,260.1490,79
2015-07-21,RO,diesel_s10,82.9830,26
2015-07-21,RO,etanol,72.3110,25
2015-07-21,RO,gasolina,107.8700,30
2015-07-21,RR,diesel_s10,53.9690,17
2015-07-21,RR,etanol,33.3300,11
2015-07-21,RR,gasolina,77.7470,22
2015-07-21,RS,diesel_s10,181.8000,60
2015-07-21,RS,etanol,176.3660,66
2015-07-21,RS,gasolina,311.3400,90
2015-07-21,SC,diesel_s10,93.6920,32
2015-07-21,SC,etanol,97.7040,38
2015-07-21,SC,gasolina,134.2490,41
2015-07-21,SE,diesel_s10,29.5820,10
2015-07-21,SE,etanol,23.4430,9
2015-07-21,SE,gasolina,40.8170,12
2015-07-21,SP,diesel_s10,1464.3040,509
2015-07-21,SP,etanol,1751.3760,914
2015-07-21,SP,gasolina,2811.9000,901
2015-07-21,TO,diesel_s10,39.3750,13
2015-07-21,TO,etanol,55.1140,21
2015-07-21,TO,gasolina,77.6030,22
2015-07-22,AC,diesel_s10,78.3400,23
2015-07-22,AC,etanol,42.2400,14
2015-07-22,AC,gasolina,110.0940,29
2015-07-22,AL,diesel_s10,66.7390,23
2015-07-22,AL,etanol,73.1520,28
2015-07-22,AL,gasolina,96.6700,29
2015-07-22,AM,diesel_s10,9.0300,3
2015-07-22,AM,etanol,5.3000,2
2015-07-22,AM,gasolina,10.2000,3
2015-07-22,AP,diesel_s10,10.0700,3
2015-07-22,AP,gasolina,16.5200,5
2015-07-22,BA,diesel_s10,183.3290,62
2015-07-22,BA,etanol,235.0870,96
2015-07-22,BA,gasolina,353.6030,104
2015-07-22,CE,diesel_s10,2.9900,1
2015-07-22,CE,etanol,13.4140,5
2015-07-22,CE,gasolina,17.4760,5
2015-07-22,DF,diesel_s10,89.5580,30
2015-07-22,DF,etanol,217.0670,80
2015-07-22,DF,gasolina,281.7790,80
2015-07-22,ES,diesel_s10,11.9900,4
2015-07-22,ES,etanol,14.2900,5
2015-07-22,ES,gasolina,17.8600,5
2015-07-22,GO,diesel_s10,208.3730,69
2015-07-22,GO,etanol,295.5980,140
2015-07-22,GO,gasolina,453.9780,138
2015-07-22,MA,diesel_s10,143.6640,50
2015-07-22,MA,etanol,118.9760,44
2015-07-22,MA,gasolina,280.2780,85
2015-07-22,MG,diesel_s10,369.0030,125
2015-07-22,MG,etanol,499.9190,229
2015-07-22,MG,gasolina,764.5530,229
2015-07-22,MS,diesel_s10,3.0900,1
2015-07-22,MS,etanol,1.9500,1
2015-07-22,MS,gasolina,2.9300,1
2015-07-22,MT,diesel_s10,125.6880,39
2015-07-22,MT,etanol,162.9460,81
2015-07-22,MT,gasolina,276.7120,81
2015-07-22,PA,diesel_s10,6.9000,2
2015-07-22,PA,gasolina,22.7900,6
2015-07-22,PB,diesel_s10,55.0080,19
2015-07-22,PB,etanol,58.2140,24
2015-07-22,PB,gasolina,88.5150,27
2015-07-22,PE,diesel_s10,154.4520,54
2015-07-22,PE,etanol,158.3990,64
2015-07-22,PE,gasolina,233.3170,68
2015-07-22,PI,diesel_s10,45.0120,15
2015-07-22,PI,etanol,38.9500,15
2015-07-22,PI,gasolina,86.5220,27
2015-07-22,PR,diesel_s10,340.2950,119
2015-07-22,PR,etanol,386.8580,178
2015-07-22,PR,gasolina,581.1850,176
2015-07-22,RJ,diesel_s10,412.0090,138
2015-07-22,RJ,etanol,763.3940,288
2015-07-22,RJ,gasolina,1037.6260,295
2015-07-22,RN,diesel_s10,23.9190,8
2015-07-22,RN,etanol,18.2890,7
2015-07-22,RN,gasolina,30.1470,9
2015-07-22,RO,diesel_s10,21.9790,7
2015-07-22,RO,etanol,42.3590,16
2015-07-22,RO,gasolina,107.3600,30
2015-07-22,RR,diesel_s10,6.4000,2
2015-07-22,RR,etanol,2.9900,1
2015-07-22,RR,gasolina,7.1000,2
2015-07-22,RS,diesel_s10,100.8620,34
2015-07-22,RS,etanol,99.6770,38
2015-07-22,RS,gasolina,187.1440,55
2015-07-22,SC,diesel_s10,198.2340,68
2015-07-22,SC,etanol,240.7760,98
2015-07-22,SC,gasolina,335.0040,104
2015-07-22,SE,diesel_s10,8.8270,3
2015-07-22,SE,etanol,7.6550,3
2015-07-22,SE,gasolina,16.4660,5
2015-07-22,SP,diesel_s10,261.3260,91
2015-07-22,SP,etanol,280.9650,148
2015-07-22,SP,gasolina,463.5680,147
2015-07-22,TO,diesel_s10,11.8300,4
2015-07-22,TO,etanol,24.6800,10
2015-07-22,TO,gasolina,33.8690,10
2015-07-23,AM,gasolina,11.2200,3
2015-07-23,BA,diesel_s10,191.0020,65
2015-07-23,BA,etanol,281.5440,113
2015-07-23,BA,gasolina,402.0070,116
2015-07-23,CE,etanol,5.2490,2
2015-07-23,CE,gasolina,6.7000,2
2015-07-23,ES,diesel_s10,124.3500,42
2015-07-23,ES,etanol,205.9400,75
2015-07-23,ES,gasolina,321.7600,92
2015-07-23,GO,diesel_s10,39.2930,13
2015-07-23,GO,etanol,61.8710,29
2015-07-23,GO,gasolina,96.7290,29
2015-07-23,MG,diesel_s10,35.6110,12
2015-07-23,MG,etanol,82.8720,39
2015-07-23,MG,gasolina,127.1280,39
2015-07-23,MS,diesel_s10,3.0990,1
2015-07-23,MS,etanol,2.1090,1
2015-07-23,MS,gasolina,2.9900,1
2015-07-23,MT,diesel_s10,31.7690,10
2015-07-23,MT,etanol,30.5480,14
2015-07-23,MT,gasolina,46.7480,14
2015-07-23,PB,diesel_s10,53.7610,19
2015-07-23,PB,etanol,112.8310,48
2015-07-23,PB,gasolina,152.5020,49
2015-07-23,PI,diesel_s10,8.9780,3
2015-07-23,PI,gasolina,9.4200,3
2015-07-23,PR,diesel_s10,256.3800,90
2015-07-23,PR,etanol,395.2280,186
2015-07-23,PR,gasolina,584.1080,184
2015-07-23,RJ,diesel_s10,158.9690,54
2015-07-23,RJ,etanol,268.0730,103
2015-07-23,RJ,gasolina,357.4040,103
2015-07-23,RN,diesel_s10,36.0710,12
2015-07-23,RN,etanol,41.8270,16
2015-07-23,RN,gasolina,73.6880,22
2015-07-23,RS,diesel_s10,59.6010,20
2015-07-23,RS,etanol,64.4140,25
2015-07-23,RS,gasolina,108.7110,32
2015-07-23,SC,diesel_s10,88.7040,30
2015-07-23,SC,etanol,99.1220,39
2015-07-23,SC,gasolina,156.2240,50
2015-07-23,SP,diesel_s10,364.2220,125
2015-07-23,SP,etanol,436.9310,220
2015-07-23,SP,gasolina,688.0870,221
2015-07-27,AC,diesel_s10,35.8000,10
2015-07-27,AC,etanol,32.6200,10
2015-07-27,AC,gasolina,79.4930,20
2015-07-27,AL,diesel_s10,11.7020,4
2015-07-27,AL,etanol,26.1950,10
2015-07-27,AL,gasolina,33.9750,10
2015-07-27,AM,diesel_s10,57.8020,19
2015-07-27,AM,etanol,85.1900,31
2015-07-27,AM,gasolina,132.3000,37
2015-07-27,AP,diesel_s10,47.4800,14
2015-07-27,AP,etanol,7.9400,3
2015-07-27,AP,gasolina,85.9800,25
2015-07-27,BA,diesel_s10,90.3600,30
2015-07-27,BA,etanol,112.7350,45
2015-07-27,BA,gasolina,154.8190,44
2015-07-27,CE,diesel_s10,60.3160,20
2015-07-27,CE,etanol,44.2400,17
2015-07-27,CE,gasolina,67.3560,20
2015-07-27,ES,diesel_s10,123.0400,42
2015-07-27,ES,etanol,100.8400,37
2015-07-27,ES,gasolina,215.8190,63
2015-07-27,MA,diesel_s10,43.0950,15
2015-07-27,MA,etanol,28.1580,10
2015-07-27,MA,gasolina,62.5960,18
2015-07-27,MG,diesel_s10,490.2130,165
2015-07-27,MG,etanol,676.8840,299
2015-07-27,MG,gasolina,1024.4740,295
2015-07-27,MS,diesel_s10,107.6080,35
2015-07-27,MS,etanol,102.6710,45
2015-07-27,MS,gasolina,144.0420,44
2015-07-27,MT,diesel_s10,43.3600,13
2015-07-27,MT,etanol,42.7960,19
2015-07-27,MT,gasolina,67.5960,19
2015-07-27,PA,diesel_s10,187.1030,59
2015-07-27,PA,etanol,42.3890,14
2015-07-27,PA,gasolina,277.7090,75
2015-07-27,PB,diesel_s10,81.4110,28
2015-07-27,PB,etanol,80.9110,33
2015-07-27,PB,gasolina,125.3600,38
2015-07-27,PE,diesel_s10,226.6790,79
2015-07-27,PE,etanol,201.2360,80
2015-07-27,PE,gasolina,324.5310,95
2015-07-27,PI,diesel_s10,99.1260,33
2015-07-27,PI,etanol,72.3830,27
2015-07-27,PI,gasolina,135.5020,42
2015-07-27,PR,diesel_s10,183.9000,64
2015-07-27,PR,etanol,209.0140,96
2015-07-27,PR,gasolina,317.5920,95
2015-07-27,RJ,diesel_s10,257.0300,87
2015-07-27,RJ,etanol,386.8570,144
2015-07-27,RJ,gasolina,526.3900,147
2015-07-27,RO,diesel_s10,96.4270,30
2015-07-27,RO,etanol,74.7590,26
2015-07-27,RO,gasolina,110.3880,30
2015-07-27,RR,diesel_s10,22.3100,7
2015-07-27,RR,etanol,6.2400,2
2015-07-27,RR,gasolina,32.2000,9
2015-07-27,RS,diesel_s10,645.2050,217
2015-07-27,RS,etanol,679.9690,266
2015-07-27,RS,gasolina,1239.6930,369
2015-07-27,SC,diesel_s10,408.3340,140
2015-07-27,SC,etanol,391.7350,151
2015-07-27,SC,gasolina,614.9480,188
2015-07-27,SE,diesel_s10,58.3470,20
2015-07-27,SE,etanol,41.1680,16
2015-07-27,SE,gasolina,72.1740,22
2015-07-27,SP,diesel_s10,1429.4130,500
2015-07-27,SP,etanol,1745.5610,898
2015-07-27,SP,gasolina,2781.3840,888
2015-07-27,TO,diesel_s10,18.0090,6
2015-07-27,TO,etanol,32.1890,13
2015-07-27,TO,gasolina,17.3360,5
2015-07-28,AL,diesel_s10,37.6900,13
2015-07-28,AL,etanol,56.8990,22
2015-07-28,AL,gasolina,70.4680,21
2015-07-28,AM,diesel_s10,71.1100,22
2015-07-28,AM,etanol,81.9980,29
2015-07-28,AM,gasolina,188.9000,51
2015-07-28,AP,diesel_s10,3.3800,1
2015-07-28,AP,gasolina,6.5400,2
2015-07-28,BA,diesel_s10,155.1380,53
2015-07-28,BA,etanol,217.0200,88
2015-07-28,BA,gasolina,320.0840,94
2015-07-28,CE,diesel_s10,381.5940,126
2015-07-28,CE,etanol,445.1660,168
2015-07-28,CE,gasolina,611.2210,178
2015-07-28,ES,diesel_s10,49.5400,17
2015-07-28,ES,etanol,37.0200,13
2015-07-28,ES,gasolina,66.3600,19
2015-07-28,GO,diesel_s10,108.9100,35
2015-07-28,GO,etanol,129.2250,56
2015-07-28,GO,gasolina,196.1460,56
2015-07-28,MA,diesel_s10,61.1050,21
2015-07-28,MA,etanol,45.2070,16
2015-07-28,MA,gasolina,94.1640,27
2015-07-28,MG,diesel_s10,293.1800,99
2015-07-28,MG,etanol,451.2010,201
2015-07-28,MG,gasolina,693.5300,203
2015-07-28,MS,diesel_s10,114.9710,37
2015-07-28,MS,etanol,102.4940,45
2015-07-28,MS,gasolina,153.0270,47
2015-07-28,MT,diesel_s10,233.4500,72
2015-07-28,MT,etanol,241.1810,119
2015-07-28,MT,gasolina,400.6930,119
2015-07-28,PA,diesel_s10,133.7770,43
2015-07-28,PA,etanol,70.2570,24
2015-07-28,PA,gasolina,206.4540,57
2015-07-28,PB,diesel_s10,23.1370,8
2015-07-28,PB,etanol,24.0880,10
2015-07-28,PB,gasolina,33.4130,10
2015-07-28,PE,diesel_s10,380.4150,134
2015-07-28,PE,etanol,364.3450,146
2015-07-28,PE,gasolina,549.7650,159
2015-07-28,PI,diesel_s10,112.9320,38
2015-07-28,PI,etanol,79.0040,30
2015-07-28,PI,gasolina,168.6340,52
2015-07-28,PR,diesel_s10,217.4630,76
2015-07-28,PR,etanol,259.5940,119
2015-07-28,PR,gasolina,390.7580,118
2015-07-28,RJ,diesel_s10,187.7440,64
2015-07-28,RJ,etanol,310.0030,119
2015-07-28,RJ,gasolina,427.4950,122
2015-07-28,RN,diesel_s10,99.4370,33
2015-07-28,RN,etanol,115.9810,44
2015-07-28,RN,gasolina,166.5290,50
2015-07-28,RO,diesel_s10,72.8620,23
2015-07-28,RO,etanol,60.1600,21
2015-07-28,RO,gasolina,102.9880,29
2015-07-28,RR,diesel_s10,47.6100,15
2015-07-28,RR,etanol,27.3300,9
2015-07-28,RR,gasolina,67.1770,19
2015-07-28,RS,diesel_s10,240.5880,80
2015-07-28,RS,etanol,276.0280,104
2015-07-28,RS,gasolina,462.5470,136
2015-07-28,SC,diesel_s10,106.2160,37
2015-07-28,SC,etanol,102.4430,40
2015-07-28,SC,gasolina,153.2150,48
2015-07-28,SE,diesel_s10,8.8620,3
2015-07-28,SE,etanol,7.5450,3
2015-07-28,SE,gasolina,12.9970,4
2015-07-28,SP,diesel_s10,1339.6260,466
2015-07-28,SP,etanol,1549.6760,816
2015-07-28,SP,gasolina,2492.2870,799
2015-07-28,TO,diesel_s10,48.1620,16
2015-07-28,TO,etanol,48.0990,19
2015-07-28,TO,gasolina,71.5060,21
2015-07-29,AC,diesel_s10,71.6200,21
2015-07-29,AC,etanol,45.2490,15
2015-07-29,AC,gasolina,110.3670,29
2015-07-29,AL,diesel_s10,104.4970,36
2015-07-29,AL,etanol,146.0810,56
2015-07-29,AL,gasolina,195.0910,58
2015-07-29,AM,diesel_s10,34.4500,11
2015-07-29,AM,etanol,38.6700,14
2015-07-29,AM,gasolina,78.9800,22
2015-07-29,BA,diesel_s10,378.6480,129
2015-07-29,BA,etanol,586.6500,234
2015-07-29,BA,gasolina,877.4180,253
2015-07-29,CE,diesel_s10,60.9570,20
2015-07-29,CE,etanol,51.4310,19
2015-07-29,CE,gasolina,83.9870,24
2015-07-29,DF,diesel_s10,95.5180,32
2015-07-29,DF,etanol,217.1270,80
2015-07-29,DF,gasolina,281.8090,80
2015-07-29,ES,diesel_s10,6.0100,2
2015-07-29,ES,etanol,8.6300,3
2015-07-29,ES,gasolina,10.7600,3
2015-07-29,GO,diesel_s10,111.2950,37
2015-07-29,GO,etanol,213.5190,90
2015-07-29,GO,gasolina,314.7590,92
2015-07-29,MA,diesel_s10,57.9190,20
2015-07-29,MA,etanol,48.0500,18
2015-07-29,MA,gasolina,116.4320,34
2015-07-29,MG,diesel_s10,632.0510,213
2015-07-29,MG,etanol,938.0560,434
2015-07-29,MG,gasolina,1465.3600,440
2015-07-29,MS,diesel_s10,86.8560,28
2015-07-29,MS,etanol,86.7160,38
2015-07-29,MS,gasolina,124.2970,38
2015-07-29,MT,diesel_s10,6.1490,2
2015-07-29,MT,etanol,7.7270,4
2015-07-29,MT,gasolina,12.8870,4
2015-07-29,PA,diesel_s10,118.7450,39
2015-07-29,PA,etanol,70.2420,25
2015-07-29,PA,gasolina,140.9930,42
2015-07-29,PB,diesel_s10,25.6080,9
2015-07-29,PB,etanol,56.4780,24
2015-07-29,PB,gasolina,74.7150,24
2015-07-29,PE,diesel_s10,169.5220,60
2015-07-29,PE,etanol,155.3020,63
2015-07-29,PE,gasolina,220.3250,66
2015-07-29,PI,diesel_s10,12.0270,4
2015-07-29,PI,etanol,5.9580,2
2015-07-29,PI,gasolina,20.4450,6
2015-07-29,PR,diesel_s10,547.8060,192
2015-07-29,PR,etanol,692.4390,325
2015-07-29,PR,gasolina,1047.0550,324
2015-07-29,RJ,diesel_s10,548.7900,184
2015-07-29,RJ,etanol,969.5590,366
2015-07-29,RJ,gasolina,1314.4190,374
2015-07-29,RN,diesel_s10,99.3710,33
2015-07-29,RN,etanol,141.1710,53
2015-07-29,RN,gasolina,206.3120,63
2015-07-29,RR,diesel_s10,3.1900,1
2015-07-29,RR,etanol,2.9900,1
2015-07-29,RR,gasolina,3.5400,1
2015-07-29,RS,diesel_s10,187.1900,62
2015-07-29,RS,etanol,184.3280,70
2015-07-29,RS,gasolina,345.8060,101
2015-07-29,SC,diesel_s10,232.5120,79
2015-07-29,SC,etanol,258.6780,104
2015-07-29,SC,gasolina,374.6760,115
2015-07-29,SE,diesel_s10,76.3900,25
2015-07-29,SE,etanol,63.7820,24
2015-07-29,SE,gasolina,91.5850,27
2015-07-29,SP,diesel_s10,697.8870,243
2015-07-29,SP,etanol,861.0230,446
2015-07-29,SP,gasolina,1382.5120,443
2015-07-29,TO,diesel_s10,35.6380,12
2015-07-29,TO,etanol,67.3170,26
2015-07-29,TO,gasolina,90.9570,26
2015-07-30,AL,gasolina,3.3700,1
2015-07-30,BA,diesel_s10,47.3170,16
2015-07-30,BA,etanol,64.1990,26
2015-07-30,BA,gasolina,85.8470,25
2015-07-30,CE,diesel_s10,2.9990,1
2015-07-30,CE,etanol,2.5790,1
2015-07-30,CE,gasolina,3.3790,1
2015-07-30,ES,diesel_s10,123.0800,42
2015-07-30,ES,etanol,206.0100,75
2015-07-30,ES,gasolina,321.6200,92
2015-07-30,GO,diesel_s10,94.9090,32
2015-07-30,GO,etanol,254.2780,107
2015-07-30,GO,gasolina,368.7100,107
2015-07-30,MA,diesel_s10,68.6490,24
2015-07-30,MA,etanol,63.0230,24
2015-07-30,MA,gasolina,164.6880,52
2015-07-30,MG,diesel_s10,12.2460,4
2015-07-30,MG,etanol,22.6230,11
2015-07-30,MG,gasolina,36.6880,11
2015-07-30,PB,diesel_s10,51.2110,18
2015-07-30,PB,etanol,93.9880,40
2015-07-30,PB,gasolina,133.6020,43
2015-07-30,PR,diesel_s10,49.3490,17
2015-07-30,PR,etanol,54.5290,25
2015-07-30,PR,gasolina,77.4560,23
2015-07-30,RJ,diesel_s10,98.1560,33
2015-07-30,RJ,etanol,170.7930,66
2015-07-30,RJ,gasolina,232.1100,67
2015-07-30,RO,diesel_s10,12.7390,4
2015-07-30,RO,etanol,53.1990,20
2015-07-30,RO,gasolina,108.6000,30
2015-07-30,SC,diesel_s10,66.8890,23
2015-07-30,SC,etanol,67.7190,28
2015-07-30,SC,gasolina,94.0570,31
2015-07-30,SP,diesel_s10,306.0090,103
2015-07-30,SP,etanol,437.1730,215
2015-07-30,SP,gasolina,691.5350,217
2015-08-03,AC,diesel_s10,35.8000,10
2015-08-03,AC,etanol,32.6200,10
2015-08-03,AC,gasolina,79.4930,20
2015-08-03,AL,diesel_s10,46.7520,16
2015-08-03,AL,etanol,117.4200,45
2015-08-03,AL,gasolina,151.7690,45
2015-08-03,AM,diesel_s10,100.3300,33
2015-08-03,AM,etanol,110.1190,40
2015-08-03,AM,gasolina,178.8000,50
2015-08-03,AP,diesel_s10,47.4800,14
2015-08-03,AP,etanol,7.9400,3
2015-08-03,AP,gasolina,82.6900,24
2015-08-03,BA,diesel_s10,95.8090,32
2015-08-03,BA,etanol,117.6750,47
2015-08-03,BA,gasolina,165.1070,47
2015-08-03,ES,diesel_s10,125.9700,43
2015-08-03,ES,etanol,100.6800,37
2015-08-03,ES,gasolina,215.8690,63
2015-08-03,MA,diesel_s10,43.0950,15
2015-08-03,MA,etanol,28.1580,10
2015-08-03,MA,gasolina,62.5960,18
2015-08-03,MG,diesel_s10,499.5850,168
2015-08-03,MG,etanol,675.5120,299
2015-08-03,MG,gasolina,1018.5440,293
2015-08-03,MS,diesel_s10,107.9590,35
2015-08-03,MS,etanol,118.9570,49
2015-08-03,MS,gasolina,165.7670,48
2015-08-03,MT,diesel_s10,103.9210,31
2015-08-03,MT,etanol,100.6810,48
2015-08-03,MT,gasolina,165.0520,48
2015-08-03,PA,diesel_s10,190.3820,60
2015-08-03,PA,etanol,45.3790,15
2015-08-03,PA,gasolina,273.8990,74
2015-08-03,PB,diesel_s10,66.9250,23
2015-08-03,PB,etanol,66.7150,27
2015-08-03,PB,gasolina,105.3190,32
2015-08-03,PE,diesel_s10,245.9560,87
2015-08-03,PE,etanol,217.3380,88
2015-08-03,PE,gasolina,352.4010,104
2015-08-03,PI,diesel_s10,72.3390,24
2015-08-03,PI,etanol,52.0020,19
2015-08-03,PI,gasolina,104.2590,32
2015-08-03,PR,diesel_s10,194.5620,68
2015-08-03,PR,etanol,224.6920,105
2015-08-03,PR,gasolina,347.9420,104
2015-08-03,RJ,diesel_s10,308.9750,105
2015-08-03,RJ,etanol,463.7800,173
2015-08-03,RJ,gasolina,628.6810,176
2015-08-03,RO,diesel_s10,97.1870,30
2015-08-03,RO,etanol,74.9690,26
2015-08-03,RO,gasolina,110.6180,30
2015-08-03,RR,diesel_s10,19.2600,6
2015-08-03,RR,etanol,6.2400,2
2015-08-03,RR,gasolina,28.6200,8
2015-08-03,RS,diesel_s10,704.8950,237
2015-08-03,RS,etanol,728.8650,286
2015-08-03,RS,gasolina,1321.3740,393
2015-08-03,SC,diesel_s10,390.8180,134
2015-08-03,SC,etanol,369.8590,143
2015-08-03,SC,gasolina,576.0550,176
2015-08-03,SE,diesel_s10,98.4050,33
2015-08-03,SE,etanol,76.1270,29
2015-08-03,SE,gasolina,119.6410,36
2015-08-03,SP,diesel_s10,2082.4230,725
2015-08-03,SP,etanol,2373.2250,1232
2015-08-03,SP,gasolina,3814.1110,1222
2015-08-03,TO,diesel_s10,18.0090,6
2015-08-03,TO,etanol,32.1590,13
2015-08-03,TO,gasolina,17.3360,5
2015-08-04,AL,diesel_s10,14.4060,5
2015-08-04,AL,etanol,20.9570,8
2015-08-04,AL,gasolina,29.8580,9
2015-08-04,AM,diesel_s10,95.7400,30
2015-08-04,AM,etanol,87.5800,31
2015-08-04,AM,gasolina,193.5500,52
2015-08-04,AP,diesel_s10,3.3800,1
2015-08-04,AP,gasolina,6.5400,2
2015-08-04,BA,diesel_s10,219.8210,75
2015-08-04,BA,etanol,286.1160,116
2015-08-04,BA,gasolina,415.9670,122
2015-08-04,CE,diesel_s10,425.4860,141
2015-08-04,CE,etanol,485.3950,184
2015-08-04,CE,gasolina,684.7980,200
2015-08-04,ES,diesel_s10,49.5400,17
2015-08-04,ES,etanol,37.0200,13
2015-08-04,ES,gasolina,66.4200,19
2015-08-04,GO,diesel_s10,195.8680,64
2015-08-04,GO,etanol,249.8380,118
2015-08-04,GO,gasolina,381.1460,115
2015-08-04,MA,diesel_s10,61.0740,21
2015-08-04,MA,etanol,45.2070,16
2015-08-04,MA,gasolina,94.1440,27
2015-08-04,MG,diesel_s10,458.8150,155
2015-08-04,MG,etanol,727.4830,331
2015-08-04,MG,gasolina,1133.0590,337
2015-08-04,MS,diesel_s10,131.6430,43
2015-08-04,MS,etanol,146.1130,62
2015-08-04,MS,gasolina,208.3240,62
2015-08-04,MT,diesel_s10,76.9100,24
2015-08-04,MT,etanol,84.4040,42
2015-08-04,MT,gasolina,139.4000,42
2015-08-04,PA,diesel_s10,136.8760,44
2015-08-04,PA,etanol,70.2570,24
2015-08-04,PA,gasolina,209.8430,58
2015-08-04,PB,diesel_s10,5.8900,2
2015-08-04,PB,etanol,7.1700,3
2015-08-04,PB,gasolina,10.0000,3
2015-08-04,PE,diesel_s10,368.0970,128
2015-08-04,PE,etanol,343.7060,136
2015-08-04,PE,gasolina,514.5810,148
2015-08-04,PI,diesel_s10,130.8560,44
2015-08-04,PI,etanol,97.4870,37
2015-08-04,PI,gasolina,200.2970,62
2015-08-04,PR,diesel_s10,338.2050,118
2015-08-04,PR,etanol,381.8920,174
2015-08-04,PR,gasolina,566.3070,170
2015-08-04,RJ,diesel_s10,512.2520,171
2015-08-04,RJ,etanol,815.1720,309
2015-08-04,RJ,gasolina,1097.2750,312
2015-08-04,RN,diesel_s10,162.5600,54
2015-08-04,RN,etanol,167.2100,63
2015-08-04,RN,gasolina,242.5870,73
2015-08-04,RO,diesel_s10,72.8620,23
2015-08-04,RO,etanol,60.1600,21
2015-08-04,RO,gasolina,102.9880,29
2015-08-04,RR,diesel_s10,44.3300,14
2015-08-04,RR,etanol,30.0300,10
2015-08-04,RR,gasolina,63.4880,18
2015-08-04,RS,diesel_s10,206.4410,69
2015-08-04,RS,etanol,224.7990,85
2015-08-04,RS,gasolina,393.7170,116
2015-08-04,SC,diesel_s10,104.1200,36
2015-08-04,SC,etanol,107.9670,42
2015-08-04,SC,gasolina,164.9600,52
2015-08-04,SE,diesel_s10,8.8620,3
2015-08-04,SE,etanol,7.5450,3
2015-08-04,SE,gasolina,12.9970,4
2015-08-04,SP,diesel_s10,989.9960,345
2015-08-04,SP,etanol,1195.0130,626
2015-08-04,SP,gasolina,1916.3060,614
2015-08-04,TO,diesel_s10,48.2920,16
2015-08-04,TO,etanol,48.0990,19
2015-08-04,TO,gasolina,71.4770,21
2015-08-05,AC,diesel_s10,78.4800,23
2015-08-05,AC,etanol,51.4300,17
2015-08-05,AC,gasolina,110.4300,29
2015-08-05,AL,diesel_s10,87.1830,30
2015-08-05,AL,etanol,92.2620,35
2015-08-05,AL,gasolina,127.7320,38
2015-08-05,AM,diesel_s10,19.5000,6
2015-08-05,AM,etanol,8.7000,3
2015-08-05,AM,gasolina,33.5400,9
2015-08-05,BA,diesel_s10,388.4810,132
2015-08-05,BA,etanol,520.5760,207
2015-08-05,BA,gasolina,779.0700,224
2015-08-05,CE,diesel_s10,57.9370,19
2015-08-05,CE,etanol,48.0830,18
2015-08-05,CE,gasolina,80.6650,23
2015-08-05,DF,diesel_s10,92.5280,31
2015-08-05,DF,etanol,217.0670,80
2015-08-05,DF,gasolina,281.7890,80
2015-08-05,ES,diesel_s10,6.0100,2
2015-08-05,ES,etanol,8.6300,3
2015-08-05,ES,gasolina,10.7700,3
2015-08-05,GO,diesel_s10,114.1220,38
2015-08-05,GO,etanol,221.6170,94
2015-08-05,GO,gasolina,320.7970,94
2015-08-05,MA,diesel_s10,106.2650,37
2015-08-05,MA,etanol,77.1800,29
2015-08-05,MA,gasolina,218.4510,67
2015-08-05,MG,diesel_s10,443.1330,149
2015-08-05,MG,etanol,573.3380,263
2015-08-05,MG,gasolina,898.7820,267
2015-08-05,MS,diesel_s10,40.2870,13
2015-08-05,MS,etanol,41.0120,17
2015-08-05,MS,gasolina,64.7350,19
2015-08-05,MT,diesel_s10,81.2450,25
2015-08-05,MT,etanol,100.6580,52
2015-08-05,MT,gasolina,173.1580,52
2015-08-05,PA,diesel_s10,112.8380,37
2015-08-05,PA,etanol,67.7940,24
2015-08-05,PA,gasolina,137.5140,41
2015-08-05,PB,diesel_s10,82.8320,29
2015-08-05,PB,etanol,151.3760,64
2015-08-05,PB,gasolina,207.8110,66
2015-08-05,PE,diesel_s10,167.1180,59
2015-08-05,PE,etanol,161.0160,65
2015-08-05,PE,gasolina,224.3670,67
2015-08-05,PI,diesel_s10,12.0270,4
2015-08-05,PI,etanol,5.9580,2
2015-08-05,PI,gasolina,20.4450,6
2015-08-05,PR,diesel_s10,421.9460,148
2015-08-05,PR,etanol,550.2530,259
2015-08-05,PR,gasolina,834.3860,260
2015-08-05,RJ,diesel_s10,182.7040,62
2015-08-05,RJ,etanol,331.1650,122
2015-08-05,RJ,gasolina,447.6160,125
2015-08-05,RN,diesel_s10,75.0010,25
2015-08-05,RN,etanol,92.0430,35
2015-08-05,RN,gasolina,121.3760,37
2015-08-05,RO,diesel_s10,22.1690,7
2015-08-05,RO,etanol,37.2580,14
2015-08-05,RO,gasolina,108.2000,30
2015-08-05,RR,diesel_s10,6.4000,2
2015-08-05,RR,etanol,2.9900,1
2015-08-05,RR,gasolina,7.1000,2
2015-08-05,RS,diesel_s10,177.7890,59
2015-08-05,RS,etanol,157.5470,60
2015-08-05,RS,gasolina,313.7980,92
2015-08-05,SC,diesel_s10,235.2380,80
2015-08-05,SC,etanol,272.2980,109
2015-08-05,SC,gasolina,396.1480,121
2015-08-05,SE,diesel_s10,36.4530,12
2015-08-05,SE,etanol,26.5840,10
2015-08-05,SE,gasolina,44.4420,13
2015-08-05,SP,diesel_s10,370.0050,128
2015-08-05,SP,etanol,443.1080,227
2015-08-05,SP,gasolina,711.8470,225
2015-08-05,TO,diesel_s10,44.4180,15
2015-08-05,TO,etanol,62.1570,24
2015-08-05,TO,gasolina,83.7550,24
2015-08-06,AL,gasolina,3.3700,1
2015-08-06,BA,diesel_s10,44.3770,15
2015-08-06,BA,etanol,59.0880,24
2015-08-06,BA,gasolina,78.9380,23
2015-08-06,ES,diesel_s10,97.1200,33
2015-08-06,ES,etanol,215.1700,78
2015-08-06,ES,gasolina,321.4700,92
2015-08-06,GO,diesel_s10,56.6780,19
2015-08-06,GO,etanol,87.3140,42
2015-08-06,GO,gasolina,138.1110,42
2015-08-06,MA,diesel_s10,26.1420,9
2015-08-06,MA,etanol,21.2450,8
2015-08-06,MA,gasolina,58.1990,18
2015-08-06,MG,diesel_s10,29.9110,10
2015-08-06,MG,etanol,101.0290,50
2015-08-06,MG,gasolina,163.6330,50
2015-08-06,PB,diesel_s10,20.3980,7
2015-08-06,PB,etanol,28.6120,12
2015-08-06,PB,gasolina,43.6840,14
2015-08-06,PR,diesel_s10,47.6130,17
2015-08-06,PR,etanol,53.0350,26
2015-08-06,PR,gasolina,84.6360,26
2015-08-06,RJ,diesel_s10,156.3730,53
2015-08-06,RJ,etanol,257.0760,99
2015-08-06,RJ,gasolina,347.7910,100
2015-08-06,RS,diesel_s10,9.0270,3
2015-08-06,RS,etanol,15.7600,6
2015-08-06,RS,gasolina,20.6460,6
2015-08-06,SC,diesel_s10,72.3240,25
2015-08-06,SC,etanol,70.3650,29
2015-08-06,SC,gasolina,103.3790,34
2015-08-06,SP,diesel_s10,512.9730,176
2015-08-06,SP,etanol,542.0580,285
2015-08-06,SP,gasolina,882.3970,285
2015-08-06,TO,etanol,5.3000,2
2015-08-06,TO,gasolina,7.1790,2
2015-08-10,AC,diesel_s10,89.9590,26
2015-08-10,AC,etanol,71.4890,23
2015-08-10,AC,gasolina,154.3790,40
2015-08-10,AL,diesel_s10,79.1910,27
2015-08-10,AL,etanol,118.6340,45
2015-08-10,AL,gasolina,165.1610,49
2015-08-10,AM,diesel_s10,107.4940,34
2015-08-10,AM,etanol,102.6690,37
2015-08-10,AM,gasolina,222.8090,60
2015-08-10,AP,diesel_s10,24.0200,7
2015-08-10,AP,gasolina,43.7400,12
2015-08-10,BA,diesel_s10,294.7660,100
2015-08-10,BA,etanol,391.2830,158
2015-08-10,BA,gasolina,579.8500,169
2015-08-10,CE,diesel_s10,44.9850,15
2015-08-10,CE,etanol,64.0230,24
2015-08-10,CE,gasolina,93.3330,27
2015-08-10,ES,diesel_s10,157.6600,54
2015-08-10,ES,etanol,121.1930,44
2015-08-10,ES,gasolina,254.6290,74
2015-08-10,GO,diesel_s10,107.4260,36
2015-08-10,GO,etanol,174.4030,78
2015-08-10,GO,gasolina,267.7190,80
2015-08-10,MA,diesel_s10,64.0050,22
2015-08-10,MA,etanol,41.7380,15
2015-08-10,MA,gasolina,100.2300,29
2015-08-10,MG,diesel_s10,593.8970,200
2015-08-10,MG,etanol,847.8590,378
2015-08-10,MG,gasolina,1279.4040,371
2015-08-10,MS,diesel_s10,216.5950,70
2015-08-10,MS,etanol,206.1930,88
2015-08-10,MS,gasolina,291.3500,87
2015-08-10,MT,diesel_s10,32.4470,10
2015-08-10,MT,etanol,29.1780,14
2015-08-10,MT,gasolina,48.1020,14
2015-08-10,PA,diesel_s10,300.2740,96
2015-08-10,PA,etanol,110.4120,38
2015-08-10,PA,gasolina,377.8380,105
2015-08-10,PB,diesel_s10,112.2890,39
2015-08-10,PB,etanol,186.4990,78
2015-08-10,PB,gasolina,256.4500,81
2015-08-10,PE,diesel_s10,585.9060,206
2015-08-10,PE,etanol,549.3950,220
2015-08-10,PE,gasolina,815.7440,237
2015-08-10,PI,diesel_s10,104.9500,35
2015-08-10,PI,etanol,76.6150,28
2015-08-10,PI,gasolina,155.9540,48
2015-08-10,PR,diesel_s10,395.4310,138
2015-08-10,PR,etanol,450.7810,208
2015-08-10,PR,gasolina,682.0910,205
2015-08-10,RJ,diesel_s10,432.3700,147
2015-08-10,RJ,etanol,741.5620,283
2015-08-10,RJ,gasolina,1015.3420,289
2015-08-10,RN,diesel_s10,63.1910,21
2015-08-10,RN,etanol,76.6840,29
2015-08-10,RN,gasolina,91.2310,28
2015-08-10,RO,diesel_s10,134.5450,42
2015-08-10,RO,etanol,117.7710,41
2015-08-10,RO,gasolina,173.5670,48
2015-08-10,RR,diesel_s10,12.7600,4
2015-08-10,RR,etanol,3.1900,1
2015-08-10,RR,gasolina,17.9200,5
2015-08-10,RS,diesel_s10,550.4270,184
2015-08-10,RS,etanol,600.3620,233
2015-08-10,RS,gasolina,1099.3590,325
2015-08-10,SC,diesel_s10,163.5730,56
2015-08-10,SC,etanol,158.8040,61
2015-08-10,SC,gasolina,247.2500,76
2015-08-10,SE,diesel_s10,128.7920,43
2015-08-10,SE,etanol,102.2490,39
2015-08-10,SE,gasolina,159.5410,48
2015-08-10,SP,diesel_s10,2048.8330,714
2015-08-10,SP,etanol,2515.6190,1306
2015-08-10,SP,gasolina,4025.0810,1286
2015-08-10,TO,diesel_s10,57.0070,19
2015-08-10,TO,etanol,72.6710,29
2015-08-10,TO,gasolina,78.3570,23
2015-08-11,AC,diesel_s10,24.4800,7
2015-08-11,AC,etanol,9.4700,3
2015-08-11,AC,gasolina,35.2100,9
2015-08-11,AL,diesel_s10,83.7850,29
2015-08-11,AL,etanol,112.9290,43
2015-08-11,AL,gasolina,147.9630,44
2015-08-11,AM,diesel_s10,89.6370,29
2015-08-11,AM,etanol,110.9180,40
2015-08-11,AM,gasolina,183.7290,51
2015-08-11,AP,diesel_s10,33.5900,10
2015-08-11,AP,etanol,5.3900,2
2015-08-11,AP,gasolina,35.9500,11
2015-08-11,BA,diesel_s10,406.3500,138
2015-08-11,BA,etanol,592.2840,236
2015-08-11,BA,gasolina,854.4650,246
2015-08-11,CE,diesel_s10,463.2010,153
2015-08-11,CE,etanol,479.7240,181
2015-08-11,CE,gasolina,679.4100,198
2015-08-11,DF,diesel_s10,89.5590,30
2015-08-11,DF,etanol,217.1970,80
2015-08-11,DF,gasolina,281.8190,80
2015-08-11,ES,diesel_s10,153.1300,52
2015-08-11,ES,etanol,226.6400,82
2015-08-11,ES,gasolina,356.4200,103
2015-08-11,GO,diesel_s10,234.6200,77
2015-08-11,GO,etanol,366.1050,174
2015-08-11,GO,gasolina,573.4290,174
2015-08-11,MA,diesel_s10,175.4340,61
2015-08-11,MA,etanol,150.4660,56
2015-08-11,MA,gasolina,330.0400,100
2015-08-11,MG,diesel_s10,829.4590,279
2015-08-11,MG,etanol,1236.0130,569
2015-08-11,MG,gasolina,1938.1760,576
2015-08-11,MS,diesel_s10,89.3240,29
2015-08-11,MS,etanol,98.0960,40
2015-08-11,MS,gasolina,142.4800,41
2015-08-11,MT,diesel_s10,254.4430,78
2015-08-11,MT,etanol,254.6140,128
2015-08-11,MT,gasolina,429.2130,128
2015-08-11,PA,diesel_s10,153.9640,50
2015-08-11,PA,etanol,66.2760,23
2015-08-11,PA,gasolina,232.2450,65
2015-08-11,PB,diesel_s10,52.2360,18
2015-08-11,PB,etanol,69.8640,29
2015-08-11,PB,gasolina,105.8430,33
2015-08-11,PE,diesel_s10,202.0360,71
2015-08-11,PE,etanol,172.0100,69
2015-08-11,PE,gasolina,276.5650,82
2015-08-11,PI,diesel_s10,110.4190,37
2015-08-11,PI,etanol,84.9680,32
2015-08-11,PI,gasolina,167.6130,52
2015-08-11,PR,diesel_s10,603.7730,211
2015-08-11,PR,etanol,757.9760,354
2015-08-11,PR,gasolina,1152.3440,354
2015-08-11,RJ,diesel_s10,662.5250,222
2015-08-11,RJ,etanol,1117.3810,421
2015-08-11,RJ,gasolina,1517.0200,430
2015-08-11,RN,diesel_s10,144.7500,48
2015-08-11,RN,etanol,183.3390,69
2015-08-11,RN,gasolina,278.6090,84
2015-08-11,RO,diesel_s10,50.7360,16
2015-08-11,RO,etanol,67.6460,25
2015-08-11,RO,gasolina,150.7440,42
2015-08-11,RR,diesel_s10,54.1900,17
2015-08-11,RR,etanol,36.2300,12
2015-08-11,RR,gasolina,81.2680,23
2015-08-11,RS,diesel_s10,550.1080,184
2015-08-11,RS,etanol,553.9090,214
2015-08-11,RS,gasolina,960.7450,284
2015-08-11,SC,diesel_s10,647.6870,222
2015-08-11,SC,etanol,662.2250,263
2015-08-11,SC,gasolina,991.3530,307
2015-08-11,SE,diesel_s10,14.9280,5
2015-08-11,SE,etanol,8.4090,3
2015-08-11,SE,gasolina,17.3680,5
2015-08-11,SP,diesel_s10,1807.8480,625
2015-08-11,SP,etanol,2062.3050,1070
2015-08-11,SP,gasolina,3334.8800,1066
2015-08-11,TO,diesel_s10,44.6970,15
2015-08-11,TO,etanol,75.4550,29
2015-08-11,TO,gasolina,97.7850,28
2015-08-24,AC,diesel_s10,18.0800,5
2015-08-24,AC,etanol,10.2000,3
2015-08-24,AC,gasolina,40.7100,10
2015-08-24,AL,diesel_s10,29.1050,10
2015-08-24,AL,etanol,41.2470,16
2015-08-24,AL,gasolina,50.7900,15
2015-08-24,AM,diesel_s10,55.7300,18
2015-08-24,AM,etanol,86.6600,31
2015-08-24,AM,gasolina,113.0900,32
2015-08-24,AP,diesel_s10,37.0100,11
2015-08-24,AP,etanol,5.3900,2
2015-08-24,AP,gasolina,39.5000,12
2015-08-24,BA,diesel_s10,35.6070,12
2015-08-24,BA,etanol,35.1720,14
2015-08-24,BA,gasolina,51.8840,15
2015-08-24,CE,diesel_s10,237.7340,78
2015-08-24,CE,etanol,212.0820,81
2015-08-24,CE,gasolina,291.3770,86
2015-08-24,MG,diesel_s10,70.9610,24
2015-08-24,MG,etanol,119.2620,55
2015-08-24,MG,gasolina,187.8530,55
2015-08-24,MS,diesel_s10,76.4410,25
2015-08-24,MS,etanol,71.7780,30
2015-08-24,MS,gasolina,98.1890,29
2015-08-24,MT,diesel_s10,31.6340,10
2015-08-24,MT,etanol,41.5120,21
2015-08-24,MT,gasolina,68.8220,21
2015-08-24,PA,diesel_s10,37.0990,12
2015-08-24,PA,etanol,11.8500,4
2015-08-24,PA,gasolina,40.4370,11
2015-08-24,PB,diesel_s10,17.9380,6
2015-08-24,PB,etanol,15.8290,6
2015-08-24,PB,gasolina,23.8480,7
2015-08-24,PE,diesel_s10,155.2320,55
2015-08-24,PE,etanol,141.2190,57
2015-08-24,PE,gasolina,206.0290,61
2015-08-24,PI,diesel_s10,66.6660,22
2015-08-24,PI,etanol,40.9130,15
2015-08-24,PI,gasolina,78.7660,24
2015-08-24,PR,diesel_s10,158.8140,55
2015-08-24,PR,etanol,157.3800,73
2015-08-24,PR,gasolina,239.6200,72
2015-08-24,RJ,diesel_s10,129.1190,44
2015-08-24,RJ,etanol,216.3330,83
2015-08-24,RJ,gasolina,296.6100,85
2015-08-24,RO,diesel_s10,28.4960,9
2015-08-24,RO,etanol,19.8970,7
2015-08-24,RO,gasolina,39.0240,11
2015-08-24,RR,diesel_s10,3.0500,1
2015-08-24,RR,gasolina,3.3900,1
2015-08-24,RS,diesel_s10,50.2860,17
2015-08-24,RS,etanol,78.1210,32
2015-08-24,RS,gasolina,121.3820,37
2015-08-24,SC,diesel_s10,61.2470,21
2015-08-24,SC,etanol,57.1460,23
2015-08-24,SC,gasolina,79.9750,25
2015-08-24,SE,diesel_s10,23.2950,8
2015-08-24,SE,etanol,15.6950,6
2015-08-24,SE,gasolina,29.8120,9
2015-08-24,SP,diesel_s10,924.0960,322
2015-08-24,SP,etanol,996.5920,526
2015-08-24,SP,gasolina,1625.2270,523
2015-08-24,TO,diesel_s10,18.1080,6
2015-08-24,TO,etanol,18.5580,7
2015-08-24,TO,gasolina,24.9680,7
2015-08-25,AL,diesel_s10,26.3170,9
2015-08-25,AL,etanol,31.0070,12
2015-08-25,AL,gasolina,47.1920,14
2015-08-25,AM,diesel_s10,14.1200,4
2015-08-25,AM,etanol,3.5800,1
2015-08-25,AM,gasolina,39.5900,10
2015-08-25,BA,diesel_s10,96.7450,33
2015-08-25,BA,etanol,130.8980,53
2015-08-25,BA,gasolina,187.3280,54
2015-08-25,CE,diesel_s10,54.5530,18
2015-08-25,CE,etanol,44.8200,17
2015-08-25,CE,gasolina,65.2260,19
2015-08-25,DF,etanol,2.7200,1
2015-08-25,DF,gasolina,3.5200,1
2015-08-25,GO,diesel_s10,5.8900,2
2015-08-25,GO,etanol,30.5880,13
2015-08-25,GO,gasolina,44.6790,13
2015-08-25,MA,diesel_s10,71.9830,25
2015-08-25,MA,etanol,52.6810,20
2015-08-25,MA,gasolina,150.5680,47
2015-08-25,MG,diesel_s10,118.7490,40
2015-08-25,MG,etanol,219.1930,106
2015-08-25,MG,gasolina,349.6730,107
2015-08-25,MS,diesel_s10,48.7770,16
2015-08-25,MS,etanol,39.0140,19
2015-08-25,MS,gasolina,58.0340,19
2015-08-25,MT,diesel_s10,3.2590,1
2015-08-25,MT,etanol,3.7980,2
2015-08-25,MT,gasolina,6.5180,2
2015-08-25,PA,diesel_s10,6.0600,2
2015-08-25,PA,etanol,2.9400,1
2015-08-25,PA,gasolina,7.2000,2
2015-08-25,PB,diesel_s10,28.8440,10
2015-08-25,PB,etanol,31.0070,13
2015-08-25,PB,gasolina,46.8250,14
2015-08-25,PE,diesel_s10,48.8780,17
2015-08-25,PE,etanol,59.5080,23
2015-08-25,PE,gasolina,83.5190,24
2015-08-25,PI,diesel_s10,38.8740,13
2015-08-25,PI,etanol,33.9000,13
2015-08-25,PI,gasolina,56.9250,18
2015-08-25,PR,diesel_s10,76.9070,27
2015-08-25,PR,etanol,71.3540,35
2015-08-25,PR,gasolina,114.4160,35
2015-08-25,RJ,diesel_s10,96.9220,32
2015-08-25,RJ,etanol,171.9450,67
2015-08-25,RJ,gasolina,244.6790,70
2015-08-25,RN,diesel_s10,72.9050,24
2015-08-25,RN,etanol,82.8660,31
2015-08-25,RN,gasolina,123.1230,37
2015-08-25,RO,etanol,2.9400,1
2015-08-25,RO,gasolina,3.5990,1
2015-08-25,RR,diesel_s10,19.1500,6
2015-08-25,RR,etanol,15.1300,5
2015-08-25,RR,gasolina,31.7380,9
2015-08-25,RS,diesel_s10,50.2220,17
2015-08-25,RS,etanol,67.7620,28
2015-08-25,RS,gasolina,105.6620,32
2015-08-25,SC,diesel_s10,117.5840,40
2015-08-25,SC,etanol,142.7330,59
2015-08-25,SC,gasolina,197.8500,62
2015-08-25,SE,diesel_s10,9.0580,3
2015-08-25,SE,etanol,7.8880,3
2015-08-25,SE,gasolina,9.8480,3
2015-08-25,SP,diesel_s10,211.0000,73
2015-08-25,SP,etanol,246.2910,129
2015-08-25,SP,gasolina,401.0670,129
2015-08-25,TO,diesel_s10,15.0500,5
2015-08-25,TO,etanol,27.2010,11
2015-08-25,TO,gasolina,20.6950,6
2015-08-26,AC,diesel_s10,64.3500,19
2015-08-26,AC,etanol,45.3100,15
2015-08-26,AC,gasolina,78.6000,21
2015-08-26,BA,diesel_s10,147.3610,50
2015-08-26,BA,etanol,295.8540,117
2015-08-26,BA,gasolina,430.4890,122
2015-08-26,DF,diesel_s10,41.8000,14
2015-08-26,DF,etanol,89.6790,33
2015-08-26,DF,gasolina,116.3890,33
2015-08-26,GO,diesel_s10,86.5380,29
2015-08-26,GO,etanol,127.1150,56
2015-08-26,GO,gasolina,190.6830,56
2015-08-26,MA,diesel_s10,16.8160,6
2015-08-26,MA,etanol,10.2190,4
2015-08-26,MA,gasolina,22.7970,7
2015-08-26,MG,diesel_s10,73.6090,24
2015-08-26,MG,etanol,149.0840,71
2015-08-26,MG,gasolina,240.9260,71
2015-08-26,MS,diesel_s10,9.2580,3
2015-08-26,MS,etanol,8.4870,4
2015-08-26,MS,gasolina,12.2870,4
2015-08-26,MT,diesel_s10,123.9850,38
2015-08-26,MT,etanol,133.2400,71
2015-08-26,MT,gasolina,234.2300,71
2015-08-26,PA,diesel_s10,41.6040,14
2015-08-26,PA,etanol,11.4780,4
2015-08-26,PA,gasolina,43.9430,13
2015-08-26,PB,diesel_s10,11.3480,4
2015-08-26,PB,etanol,35.5030,15
2015-08-26,PB,gasolina,52.1840,17
2015-08-26,PR,diesel_s10,45.6350,16
2015-08-26,PR,etanol,86.3380,42
2015-08-26,PR,gasolina,131.3090,42
2015-08-26,RJ,diesel_s10,116.5100,39
2015-08-26,RJ,etanol,176.0310,65
2015-08-26,RJ,gasolina,235.2620,66
2015-08-26,RO,diesel_s10,15.7590,5
2015-08-26,RO,etanol,37.2190,14
2015-08-26,RO,gasolina,72.8900,20
2015-08-26,RS,diesel_s10,99.5310,33
2015-08-26,RS,etanol,116.8330,46
2015-08-26,RS,gasolina,202.7710,60
2015-08-26,SC,diesel_s10,25.6910,9
2015-08-26,SC,etanol,25.8900,10
2015-08-26,SC,gasolina,37.5480,12
2015-08-26,SE,diesel_s10,30.9100,10
2015-08-26,SE,etanol,29.6510,11
2015-08-26,SE,gasolina,40.0300,12
2015-08-26,SP,diesel_s10,193.3360,66
2015-08-26,SP,etanol,194.4500,100
2015-08-26,SP,gasolina,318.3910,101
2015-08-27,ES,diesel_s10,74.0300,25
2015-08-27,ES,etanol,121.9300,44
2015-08-27,ES,gasolina,182.3900,53
2015-08-27,GO,diesel_s10,20.8360,7
2015-08-27,GO,etanol,34.5950,17
2015-08-27,GO,gasolina,54.7450,17
2015-08-27,MA,diesel_s10,5.8290,2
2015-08-27,MA,etanol,5.2790,2
2015-08-27,MA,gasolina,6.7790,2
2015-08-27,MG,diesel_s10,2.9480,1
2015-08-27,MG,etanol,4.3370,2
2015-08-27,MG,gasolina,6.9370,2
2015-08-27,MT,diesel_s10,3.3590,1
2015-08-27,MT,etanol,1.9790,1
2015-08-27,MT,gasolina,3.2990,1
2015-08-27,SC,diesel_s10,11.6240,4
2015-08-27,SC,etanol,9.9860,4
2015-08-27,SC,gasolina,15.9930,5
2015-08-27,SP,diesel_s10,21.0240,7
2015-08-27,SP,etanol,28.8350,14
2015-08-27,SP,gasolina,44.5650,14
2015-08-31,AC,diesel_s10,18.0800,5
2015-08-31,AC,etanol,10.2000,3
2015-08-31,AC,gasolina,40.7100,10
2015-08-31,AL,diesel_s10,37.7400,13
2015-08-31,AL,etanol,71.8420,28
2015-08-31,AL,gasolina,99.8330,30
2015-08-31,AM,diesel_s10,49.1300,16
2015-08-31,AM,etanol,80.1600,29
2015-08-31,AM,gasolina,131.6100,37
2015-08-31,AP,diesel_s10,40.4600,12
2015-08-31,AP,etanol,5.3900,2
2015-08-31,AP,gasolina,36.4900,11
2015-08-31,BA,diesel_s10,42.1130,14
2015-08-31,BA,etanol,57.5350,23
2015-08-31,BA,gasolina,76.6910,22
2015-08-31,CE,diesel_s10,98.1600,32
2015-08-31,CE,etanol,73.8280,28
2015-08-31,CE,gasolina,117.2550,34
2015-08-31,DF,etanol,5.4290,2
2015-08-31,DF,gasolina,7.0290,2
2015-08-31,GO,diesel_s10,8.8700,3
2015-08-31,GO,etanol,30.7400,13
2015-08-31,GO,gasolina,44.8000,13
2015-08-31,MG,diesel_s10,162.8460,55
2015-08-31,MG,etanol,220.8330,103
2015-08-31,MG,gasolina,348.7510,103
2015-08-31,MS,diesel_s10,106.2620,35
2015-08-31,MS,etanol,109.5710,49
2015-08-31,MS,gasolina,154.7540,48
2015-08-31,MT,diesel_s10,6.4790,2
2015-08-31,MT,etanol,5.9880,3
2015-08-31,MT,gasolina,9.9280,3
2015-08-31,PA,diesel_s10,43.3390,14
2015-08-31,PA,etanol,14.9000,5
2015-08-31,PA,gasolina,47.6970,13
2015-08-31,PB,diesel_s10,18.0060,6
2015-08-31,PB,etanol,15.8290,6
2015-08-31,PB,gasolina,26.8670,8
2015-08-31,PE,diesel_s10,116.0320,41
2015-08-31,PE,etanol,121.8280,48
2015-08-31,PE,gasolina,164.5290,49
2015-08-31,PI,diesel_s10,38.7640,13
2015-08-31,PI,etanol,28.1940,11
2015-08-31,PI,gasolina,47.6340,15
2015-08-31,PR,diesel_s10,140.4370,49
2015-08-31,PR,etanol,145.7500,69
2015-08-31,PR,gasolina,225.2710,68
2015-08-31,RJ,diesel_s10,87.7330,30
2015-08-31,RJ,etanol,161.3580,62
2015-08-31,RJ,gasolina,214.8990,61
2015-08-31,RN,etanol,2.6990,1
2015-08-31,RN,gasolina,3.3300,1
2015-08-31,RO,diesel_s10,28.5060,9
2015-08-31,RO,etanol,22.6770,8
2015-08-31,RO,gasolina,38.9750,11
2015-08-31,RS,diesel_s10,129.5630,44
2015-08-31,RS,etanol,169.2540,69
2015-08-31,RS,gasolina,297.6800,90
2015-08-31,SC,diesel_s10,108.0180,37
2015-08-31,SC,etanol,100.2810,41
2015-08-31,SC,gasolina,142.0630,45
2015-08-31,SE,diesel_s10,63.2630,21
2015-08-31,SE,etanol,53.2340,20
2015-08-31,SE,gasolina,79.6920,24
2015-08-31,SP,diesel_s10,742.9500,259
2015-08-31,SP,etanol,826.9340,437
2015-08-31,SP,gasolina,1347.1920,435
2015-08-31,TO,diesel_s10,33.0980,11
2015-08-31,TO,etanol,45.9080,18
2015-08-31,TO,gasolina,45.7020,13
2015-09-01,AM,diesel_s10,3.5400,1
2015-09-01,AM,gasolina,23.3280,6
2015-09-01,AP,gasolina,3.1600,1
2015-09-01,BA,diesel_s10,159.9640,55
2015-09-01,BA,etanol,203.6860,82
2015-09-01,BA,gasolina,305.2920,88
2015-09-01,CE,diesel_s10,166.0600,55
2015-09-01,CE,etanol,176.4460,68
2015-09-01,CE,gasolina,242.4910,72
2015-09-01,DF,diesel_s10,35.7900,12
2015-09-01,DF,etanol,86.5000,32
2015-09-01,DF,gasolina,112.3800,32
2015-09-01,GO,diesel_s10,80.4530,27
2015-09-01,GO,etanol,126.5430,56
2015-09-01,GO,gasolina,190.2300,56
2015-09-01,MA,diesel_s10,79.5580,28
2015-09-01,MA,etanol,38.6580,15
2015-09-01,MA,gasolina,125.6210,40
2015-09-01,MG,diesel_s10,69.0420,23
2015-09-01,MG,etanol,104.0990,49
2015-09-01,MG,gasolina,160.1990,48
2015-09-01,MS,diesel_s10,12.3480,4
2015-09-01,MS,etanol,10.1510,4
2015-09-01,MS,gasolina,14.3110,4
2015-09-01,MT,diesel_s10,155.6090,48
2015-09-01,MT,etanol,163.4590,86
2015-09-01,MT,gasolina,283.3530,86
2015-09-01,PB,diesel_s10,35.1300,12
2015-09-01,PB,etanol,32.0390,13
2015-09-01,PB,gasolina,43.7150,13
2015-09-01,PE,diesel_s10,97.0740,34
2015-09-01,PE,etanol,84.1520,34
2015-09-01,PE,gasolina,121.9480,35
2015-09-01,PI,diesel_s10,50.7690,17
2015-09-01,PI,etanol,36.7220,14
2015-09-01,PI,gasolina,76.1800,24
2015-09-01,PR,diesel_s10,53.8490,19
2015-09-01,PR,etanol,54.5930,26
2015-09-01,PR,gasolina,84.7730,26
2015-09-01,RJ,diesel_s10,132.3860,44
2015-09-01,RJ,etanol,217.6010,83
2015-09-01,RJ,gasolina,290.9710,83
2015-09-01,RN,diesel_s10,63.6830,21
2015-09-01,RN,etanol,79.5010,30
2015-09-01,RN,gasolina,115.9560,35
2015-09-01,RO,diesel_s10,19.0090,6
2015-09-01,RO,etanol,34.5290,13
2015-09-01,RO,gasolina,76.5890,21
2015-09-01,RR,diesel_s10,19.0100,6
2015-09-01,RR,etanol,5.9800,2
2015-09-01,RR,gasolina,31.7190,9
2015-09-01,RS,diesel_s10,51.4160,17
2015-09-01,RS,etanol,59.3440,23
2015-09-01,RS,gasolina,85.2210,25
2015-09-01,SC,diesel_s10,84.8710,29
2015-09-01,SC,etanol,90.6590,37
2015-09-01,SC,gasolina,124.4800,39
2015-09-01,SP,diesel_s10,416.5270,144
2015-09-01,SP,etanol,477.7890,253
2015-09-01,SP,gasolina,786.1770,252
2015-09-02,AC,diesel_s10,67.7700,20
2015-09-02,AC,etanol,42.2200,14
2015-09-02,AC,gasolina,78.6500,21
2015-09-02,BA,diesel_s10,150.1630,51
2015-09-02,BA,etanol,197.6020,77
2015-09-02,BA,gasolina,281.8410,79
2015-09-02,ES,diesel_s10,66.4900,22
2015-09-02,ES,etanol,134.5700,49
2015-09-02,ES,gasolina,180.9200,53
2015-09-02,GO,diesel_s10,23.8160,8
2015-09-02,GO,etanol,34.5550,17
2015-09-02,GO,gasolina,51.1860,16
2015-09-02,MA,diesel_s10,31.6510,11
2015-09-02,MA,etanol,20.9050,8
2015-09-02,MA,gasolina,54.2380,16
2015-09-02,MG,diesel_s10,72.3580,24
2015-09-02,MG,etanol,167.1710,82
2015-09-02,MG,gasolina,271.4840,82
2015-09-02,MT,diesel_s10,9.3890,3
2015-09-02,MT,etanol,11.6290,6
2015-09-02,MT,gasolina,19.6690,6
2015-09-02,PA,diesel_s10,41.8540,14
2015-09-02,PA,etanol,11.6780,4
2015-09-02,PA,gasolina,43.6930,13
2015-09-02,PB,diesel_s10,16.9350,6
2015-09-02,PB,etanol,37.5630,16
2015-09-02,PB,gasolina,52.0840,17
2015-09-02,PR,diesel_s10,63.1540,22
2015-09-02,PR,etanol,114.7950,55
2015-09-02,PR,gasolina,176.6360,55
2015-09-02,RJ,diesel_s10,111.5040,38
2015-09-02,RJ,etanol,196.3350,75
2015-09-02,RJ,gasolina,262.8660,75
2015-09-02,RS,diesel_s10,14.8680,5
2015-09-02,RS,etanol,21.9820,9
2015-09-02,RS,gasolina,39.7310,12
2015-09-02,SC,diesel_s10,37.8670,13
2015-09-02,SC,etanol,45.9900,19
2015-09-02,SC,gasolina,64.0780,20
2015-09-02,SP,diesel_s10,167.1200,57
2015-09-02,SP,etanol,159.8650,82
2015-09-02,SP,gasolina,251.9490,80
2015-09-03,BA,etanol,2.3790,1
2015-09-03,BA,gasolina,3.4190,1
2015-09-03,PI,diesel_s10,9.0890,3
2015-09-03,PI,etanol,2.9200,1
2015-09-03,PI,gasolina,10.1690,3
2015-09-03,RS,diesel_s10,2.9990,1
2015-09-03,RS,etanol,5.1390,2
2015-09-03,RS,gasolina,6.9580,2
2015-09-07,DF,diesel_s10,2.9900,1
2015-09-07,DF,etanol,2.6900,1
2015-09-07,DF,gasolina,3.5000,1
2015-09-07,PE,diesel_s10,2.9590,1
2015-09-07,PE,etanol,2.5990,1
2015-09-07,PE,gasolina,3.4190,1
2015-09-07,PR,diesel_s10,5.5980,2
2015-09-07,PR,etanol,5.9570,3
2015-09-07,PR,gasolina,9.4840,3
2015-09-07,RS,diesel_s10,2.8990,1
2015-09-07,RS,etanol,2.4990,1
2015-09-07,RS,gasolina,3.2990,1
2015-09-08,AC,diesel_s10,86.0800,25
2015-09-08,AC,etanol,49.4140,16
2015-09-08,AC,gasolina,119.5300,31
2015-09-08,AL,diesel_s10,20.3130,7
2015-09-08,AL,etanol,42.1660,16
2015-09-08,AL,gasolina,57.3000,17
2015-09-08,AM,diesel_s10,45.5500,15
2015-09-08,AM,etanol,57.2290,21
2015-09-08,AM,gasolina,85.5200,24
2015-09-08,AP,diesel_s10,13.5200,4
2015-09-08,AP,gasolina,32.8700,10
2015-09-08,BA,diesel_s10,103.4320,35
2015-09-08,BA,etanol,148.7620,59
2015-09-08,BA,gasolina,216.6670,62
2015-09-08,CE,diesel_s10,137.3140,45
2015-09-08,CE,etanol,133.7170,51
2015-09-08,CE,gasolina,182.2460,54
2015-09-08,MA,diesel_s10,31.3640,11
2015-09-08,MA,etanol,15.0190,6
2015-09-08,MA,gasolina,36.8030,11
2015-09-08,MG,diesel_s10,65.2400,22
2015-09-08,MG,etanol,89.1750,40
2015-09-08,MG,gasolina,139.1800,40
2015-09-08,MS,diesel_s10,134.9560,44
2015-09-08,MS,etanol,119.1750,53
2015-09-08,MS,gasolina,171.9490,53
2015-09-08,MT,diesel_s10,35.6020,11
2015-09-08,MT,etanol,42.6520,22
2015-09-08,MT,gasolina,72.2630,22
2015-09-08,PA,diesel_s10,27.6490,9
2015-09-08,PA,etanol,5.9700,2
2015-09-08,PA,gasolina,28.8980,8
2015-09-08,PB,diesel_s10,52.6480,18
2015-09-08,PB,etanol,51.7020,21
2015-09-08,PB,gasolina,76.7080,23
2015-09-08,PE,diesel_s10,130.0340,45
2015-09-08,PE,etanol,119.9700,47
2015-09-08,PE,gasolina,180.0550,52
2015-09-08,PI,diesel_s10,42.4080,14
2015-09-08,PI,etanol,19.4390,7
2015-09-08,PI,gasolina,46.7770,14
2015-09-08,PR,diesel_s10,138.0540,48
2015-09-08,PR,etanol,138.3650,65
2015-09-08,PR,gasolina,211.9550,64
2015-09-08,RJ,diesel_s10,167.1800,57
2015-09-08,RJ,etanol,282.7300,109
2015-09-08,RJ,gasolina,396.5610,113
2015-09-08,RN,diesel_s10,76.5810,25
2015-09-08,RN,etanol,74.7160,28
2015-09-08,RN,gasolina,120.5830,36
2015-09-08,RO,diesel_s10,28.5650,9
2015-09-08,RO,etanol,26.1050,9
2015-09-08,RO,gasolina,42.6230,12
2015-09-08,RS,diesel_s10,53.4080,18
2015-09-08,RS,etanol,56.9210,23
2015-09-08,RS,gasolina,90.5500,27
2015-09-08,SC,diesel_s10,126.7530,43
2015-09-08,SC,etanol,136.7710,57
2015-09-08,SC,gasolina,193.3370,60
2015-09-08,SE,diesel_s10,66.3560,22
2015-09-08,SE,etanol,53.2340,20
2015-09-08,SE,gasolina,79.5200,24
2015-09-08,SP,diesel_s10,843.4860,292
2015-09-08,SP,etanol,943.8060,504
2015-09-08,SP,gasolina,1554.4530,501
2015-09-08,TO,diesel_s10,15.0500,5
2015-09-08,TO,etanol,27.0210,11
2015-09-08,TO,gasolina,20.6950,6
2015-09-09,AL,diesel_s10,28.8760,10
2015-09-09,AL,etanol,28.7360,11
2015-09-09,AL,gasolina,43.8560,13
2015-09-09,AM,diesel_s10,36.8690,11
2015-09-09,AM,etanol,21.6890,7
2015-09-09,AM,gasolina,72.4400,19
2015-09-09,AP,diesel_s10,20.1300,6
2015-09-09,AP,etanol,2.4900,1
2015-09-09,AP,gasolina,19.4800,6
2015-09-09,BA,diesel_s10,232.4290,79
2015-09-09,BA,etanol,312.3280,126
2015-09-09,BA,gasolina,443.1730,128
2015-09-09,CE,diesel_s10,139.2650,46
2015-09-09,CE,etanol,123.5170,47
2015-09-09,CE,gasolina,177.6400,52
2015-09-09,DF,diesel_s10,32.8600,11
2015-09-09,DF,etanol,87.8090,33
2015-09-09,DF,gasolina,115.4190,33
2015-09-09,ES,diesel_s10,70.7700,24
2015-09-09,ES,etanol,116.1700,42
2015-09-09,ES,gasolina,181.3900,53
2015-09-09,GO,diesel_s10,56.4240,19
2015-09-09,GO,etanol,95.0410,46
2015-09-09,GO,gasolina,150.8890,46
2015-09-09,MA,diesel_s10,68.7490,24
2015-09-09,MA,etanol,45.0240,17
2015-09-09,MA,gasolina,139.9110,44
2015-09-09,MG,diesel_s10,229.6010,77
2015-09-09,MG,etanol,397.7550,193
2015-09-09,MG,gasolina,635.7980,193
2015-09-09,MT,diesel_s10,125.7180,39
2015-09-09,MT,etanol,135.6780,71
2015-09-09,MT,gasolina,233.8600,71
2015-09-09,PA,diesel_s10,52.2920,17
2015-09-09,PA,etanol,23.1670,8
2015-09-09,PA,gasolina,62.7510,18
2015-09-09,PB,diesel_s10,19.6340,7
2015-09-09,PB,etanol,35.4700,15
2015-09-09,PB,gasolina,45.8600,15
2015-09-09,PE,diesel_s10,93.2290,33
2015-09-09,PE,etanol,74.3090,30
2015-09-09,PE,gasolina,105.2670,32
2015-09-09,PI,diesel_s10,56.8590,19
2015-09-09,PI,etanol,51.8000,20
2015-09-09,PI,gasolina,75.5910,24
2015-09-09,PR,diesel_s10,97.5470,34
2015-09-09,PR,etanol,139.0660,67
2015-09-09,PR,gasolina,215.7460,67
2015-09-09,RJ,diesel_s10,106.4350,36
2015-09-09,RJ,etanol,203.1930,78
2015-09-09,RJ,gasolina,281.5210,81
2015-09-09,RN,diesel_s10,3.0390,1
2015-09-09,RN,etanol,2.7900,1
2015-09-09,RN,gasolina,3.3290,1
2015-09-09,RO,diesel_s10,3.1800,1
2015-09-09,RO,etanol,2.6500,1
2015-09-09,RO,gasolina,7.1890,2
2015-09-09,RR,diesel_s10,22.1500,7
2015-09-09,RR,etanol,9.1900,3
2015-09-09,RR,gasolina,31.6690,9
2015-09-09,RS,diesel_s10,160.6290,54
2015-09-09,RS,etanol,187.1850,75
2015-09-09,RS,gasolina,332.9280,100
2015-09-09,SC,diesel_s10,89.4730,31
2015-09-09,SC,etanol,101.7080,42
2015-09-09,SC,gasolina,137.1230,44
2015-09-09,SP,diesel_s10,474.3610,163
2015-09-09,SP,etanol,522.4080,268
2015-09-09,SP,gasolina,831.9060,266
2015-09-09,TO,diesel_s10,15.0490,5
2015-09-09,TO,etanol,18.9780,7
2015-09-09,TO,gasolina,24.9670,7
2015-09-10,BA,etanol,2.3990,1
2015-09-10,BA,gasolina,3.4390,1
2015-09-10,GO,diesel_s10,50.6190,17
2015-09-10,GO,etanol,97.9090,40
2015-09-10,GO,gasolina,140.8220,40
2015-09-10,MT,diesel_s10,3.3690,1
2015-09-10,MT,etanol,3.8790,2
2015-09-10,MT,gasolina,6.6390,2
2015-09-10,PA,diesel_s10,3.0300,1
2015-09-10,PA,etanol,2.7900,1
2015-09-10,PA,gasolina,3.3500,1
2015-09-10,PI,diesel_s10,5.9980,2
2015-09-10,PI,etanol,7.6970,3
2015-09-10,PI,gasolina,12.5280,4
2015-09-10,PR,diesel_s10,30.3530,11
2015-09-10,PR,etanol,31.0790,15
2015-09-10,PR,gasolina,48.4190,15
2015-09-10,RJ,diesel_s10,51.4300,17
2015-09-10,RJ,etanol,69.1340,26
2015-09-10,RJ,gasolina,90.9150,26
2015-09-10,RO,diesel_s10,12.6480,4
2015-09-10,RO,etanol,24.2780,9
2015-09-10,RO,gasolina,64.5160,18
2015-09-14,AL,diesel_s10,8.7070,3
2015-09-14,AL,etanol,41.5820,16
2015-09-14,AL,gasolina,50.1660,15
2015-09-14,AM,diesel_s10,30.3400,10
2015-09-14,AM,etanol,35.5800,13
2015-09-14,AM,gasolina,46.6600,13
2015-09-14,BA,diesel_s10,42.7490,15
2015-09-14,BA,etanol,55.9480,23
2015-09-14,BA,gasolina,82.5820,24
2015-09-14,MG,diesel_s10,14.7950,5
2015-09-14,MG,etanol,27.3720,14
2015-09-14,MG,gasolina,45.5380,14
2015-09-14,MS,diesel_s10,64.2210,21
2015-09-14,MS,etanol,61.9260,30
2015-09-14,MS,gasolina,92.6290,30
2015-09-14,PE,diesel_s10,2.9590,1
2015-09-14,PE,etanol,2.5990,1
2015-09-14,PE,gasolina,3.4190,1
2015-09-14,PI,diesel_s10,38.8290,13
2015-09-14,PI,etanol,36.4520,14
2015-09-14,PI,gasolina,54.0510,17
2015-09-14,PR,diesel_s10,67.0780,23
2015-09-14,PR,etanol,63.2810,30
2015-09-14,PR,gasolina,99.5110,30
2015-09-14,RJ,diesel_s10,67.1100,23
2015-09-14,RJ,etanol,114.6320,45
2015-09-14,RJ,gasolina,160.8750,46
2015-09-14,RO,diesel_s10,15.9070,5
2015-09-14,RO,etanol,35.4030,13
2015-09-14,RO,gasolina,69.8750,20
2015-09-14,RS,diesel_s10,56.1690,19
2015-09-14,RS,etanol,76.7670,31
2015-09-14,RS,gasolina,126.2330,38
2015-09-14,SC,diesel_s10,128.7370,44
2015-09-14,SC,etanol,143.3170,59
2015-09-14,SC,gasolina,194.5260,61
2015-09-14,SE,diesel_s10,39.9680,13
2015-09-14,SE,etanol,37.5390,14
2015-09-14,SE,gasolina,49.8780,15
2015-09-14,SP,diesel_s10,422.1520,147
2015-09-14,SP,etanol,520.6610,276
2015-09-14,SP,gasolina,848.5280,274
2015-09-14,TO,diesel_s10,24.0470,8
2015-09-14,TO,etanol,28.4170,11
2015-09-14,TO,gasolina,35.3560,10
2015-09-15,AC,diesel_s10,18.0800,5
2015-09-15,AC,etanol,10.1500,3
2015-09-15,AC,gasolina,40.7100,10
2015-09-15,AL,diesel_s10,2.8990,1
2015-09-15,AL,etanol,2.4590,1
2015-09-15,AL,gasolina,3.3300,1
2015-09-15,AM,diesel_s10,33.5200,11
2015-09-15,AM,etanol,38.0900,14
2015-09-15,AM,gasolina,53.4990,15
2015-09-15,AP,diesel_s10,16.9800,5
2015-09-15,AP,gasolina,32.8700,10
2015-09-15,BA,diesel_s10,91.6520,31
2015-09-15,BA,etanol,149.9530,60
2015-09-15,BA,gasolina,209.5980,60
2015-09-15,CE,diesel_s10,196.7410,65
2015-09-15,CE,etanol,166.3800,64
2015-09-15,CE,gasolina,245.8280,73
2015-09-15,DF,diesel_s10,35.8700,12
2015-09-15,DF,etanol,89.7780,34
2015-09-15,DF,gasolina,118.9390,34
2015-09-15,GO,diesel_s10,86.8490,29
2015-09-15,GO,etanol,103.3360,51
2015-09-15,GO,gasolina,168.3630,51
2015-09-15,MA,diesel_s10,108.2100,38
2015-09-15,MA,etanol,65.0340,25
2015-09-15,MA,gasolina,176.7660,55
2015-09-15,MG,diesel_s10,88.7910,30
2015-09-15,MG,etanol,176.8470,86
2015-09-15,MG,gasolina,278.5270,85
2015-09-15,MS,diesel_s10,60.3890,20
2015-09-15,MS,etanol,56.2600,23
2015-09-15,MS,gasolina,79.6280,23
2015-09-15,MT,diesel_s10,126.1620,39
2015-09-15,MT,etanol,141.7450,74
2015-09-15,MT,gasolina,244.5620,74
2015-09-15,PA,diesel_s10,67.5310,22
2015-09-15,PA,etanol,25.8570,9
2015-09-15,PA,gasolina,73.0790,21
2015-09-15,PB,diesel_s10,18.1550,6
2015-09-15,PB,etanol,15.8760,6
2015-09-15,PB,gasolina,26.9450,8
2015-09-15,PE,diesel_s10,111.8120,39
2015-09-15,PE,etanol,132.6060,52
2015-09-15,PE,gasolina,190.6090,55
2015-09-15,PI,diesel_s10,48.4060,16
2015-09-15,PI,etanol,19.2480,7
2015-09-15,PI,gasolina,53.1450,16
2015-09-15,PR,diesel_s10,193.7970,68
2015-09-15,PR,etanol,201.5980,95
2015-09-15,PR,gasolina,306.3760,94
2015-09-15,RJ,diesel_s10,85.7020,29
2015-09-15,RJ,etanol,141.6300,54
2015-09-15,RJ,gasolina,191.8210,55
2015-09-15,RN,diesel_s10,70.0220,23
2015-09-15,RN,etanol,88.0860,33
2015-09-15,RN,gasolina,123.3590,37
2015-09-15,RO,diesel_s10,28.5060,9
2015-09-15,RO,etanol,25.8460,9
2015-09-15,RO,gasolina,42.6440,12
2015-09-15,RR,diesel_s10,18.9800,6
2015-09-15,RR,etanol,6.0400,2
2015-09-15,RR,gasolina,28.1680,8
2015-09-15,RS,diesel_s10,62.9910,21
2015-09-15,RS,etanol,73.0520,29
2015-09-15,RS,gasolina,137.1060,41
2015-09-15,SC,diesel_s10,84.2990,29
2015-09-15,SC,etanol,72.0530,30
2015-09-15,SC,gasolina,113.7850,36
2015-09-15,SE,diesel_s10,26.3980,9
2015-09-15,SE,etanol,15.6950,6
2015-09-15,SE,gasolina,29.6420,9
2015-09-15,SP,diesel_s10,579.6680,202
2015-09-15,SP,etanol,643.3810,336
2015-09-15,SP,gasolina,1037.5480,334
2015-09-15,TO,diesel_s10,9.1270,3
2015-09-15,TO,etanol,17.0550,7
2015-09-15,TO,gasolina,20.6950,6
2015-09-16,AC,diesel_s10,61.1800,18
2015-09-16,AC,etanol,42.3000,14
2015-09-16,AC,gasolina,78.8900,21
2015-09-16,AL,diesel_s10,28.8760,10
2015-09-16,AL,etanol,28.6360,11
2015-09-16,AL,gasolina,43.8560,13
2015-09-16,AM,diesel_s10,27.7700,8
2015-09-16,AM,etanol,19.2200,6
2015-09-16,AM,gasolina,58.1300,15
2015-09-16,AP,diesel_s10,16.9200,5
2015-09-16,AP,etanol,2.4900,1
2015-09-16,AP,gasolina,16.2200,5
2015-09-16,BA,diesel_s10,165.4030,56
2015-09-16,BA,etanol,258.5710,103
2015-09-16,BA,gasolina,363.3780,104
2015-09-16,CE,diesel_s10,81.8470,27
2015-09-16,CE,etanol,73.7750,28
2015-09-16,CE,gasolina,113.5350,33
2015-09-16,ES,diesel_s10,79.7100,27
2015-09-16,ES,etanol,119.0400,43
2015-09-16,ES,gasolina,181.4000,53
2015-09-16,GO,diesel_s10,32.5830,11
2015-09-16,GO,etanol,64.4800,30
2015-09-16,GO,gasolina,99.6310,30
2015-09-16,MG,diesel_s10,200.1830,67
2015-09-16,MG,etanol,283.3780,134
2015-09-16,MG,gasolina,450.3040,134
2015-09-16,MT,diesel_s10,35.8310,11
2015-09-16,MT,etanol,39.3640,21
2015-09-16,MT,gasolina,68.2200,21
2015-09-16,PA,diesel_s10,15.5700,5
2015-09-16,PA,etanol,5.8800,2
2015-09-16,PA,gasolina,21.9300,6
2015-09-16,PB,diesel_s10,57.5350,20
2015-09-16,PB,etanol,70.2820,29
2015-09-16,PB,gasolina,95.8560,30
2015-09-16,PE,diesel_s10,79.0920,28
2015-09-16,PE,etanol,72.0010,29
2015-09-16,PE,gasolina,95.6660,29
2015-09-16,PI,diesel_s10,21.0950,7
2015-09-16,PI,etanol,15.8150,6
2015-09-16,PI,gasolina,28.5060,9
2015-09-16,PR,diesel_s10,22.4170,8
2015-09-16,PR,etanol,19.7570,10
2015-09-16,PR,gasolina,32.3860,10
2015-09-16,RJ,diesel_s10,192.5930,65
2015-09-16,RJ,etanol,302.8500,116
2015-09-16,RJ,gasolina,417.5610,119
2015-09-16,RR,diesel_s10,3.1900,1
2015-09-16,RR,etanol,2.9900,1
2015-09-16,RR,gasolina,3.5400,1
2015-09-16,RS,diesel_s10,86.6060,29
2015-09-16,RS,etanol,102.0290,41
2015-09-16,RS,gasolina,162.6370,49
2015-09-16,SC,diesel_s10,17.3440,6
2015-09-16,SC,etanol,15.2440,6
2015-09-16,SC,gasolina,22.7130,7
2015-09-16,SP,diesel_s10,234.6610,81
2015-09-16,SP,etanol,305.5050,160
2015-09-16,SP,gasolina,495.7360,159
2015-09-17,BA,etanol,2.3990,1
2015-09-17,BA,gasolina,3.4390,1
2015-09-17,GO,etanol,12.2300,5
2015-09-17,GO,gasolina,17.5700,5
2015-09-17,PR,diesel_s10,25.2670,9
2015-09-17,PR,etanol,29.2680,14
2015-09-17,PR,gasolina,45.8560,14
2015-09-17,RS,etanol,2.4200,1
2015-09-17,RS,gasolina,3.3200,1
2015-09-21,AC,diesel_s10,25.0100,7
2015-09-21,AC,etanol,9.7900,3
2015-09-21,AC,gasolina,44.4400,11
2015-09-21,AL,diesel_s10,37.8760,13
2015-09-21,AL,etanol,63.3240,24
2015-09-21,AL,gasolina,76.9780,23
2015-09-21,AM,diesel_s10,60.9900,20
2015-09-21,AM,etanol,73.3500,27
2015-09-21,AM,gasolina,103.6200,29
2015-09-21,AP,diesel_s10,37.1300,11
2015-09-21,AP,etanol,5.3900,2
2015-09-21,AP,gasolina,42.5400,13
2015-09-21,BA,etanol,2.4990,1
2015-09-21,BA,gasolina,3.4990,1
2015-09-21,CE,diesel_s10,106.2920,35
2015-09-21,CE,etanol,91.4700,35
2015-09-21,CE,gasolina,121.2570,36
2015-09-21,DF,diesel_s10,71.4470,24
2015-09-21,DF,etanol,88.2290,33
2015-09-21,DF,gasolina,116.3620,33
2015-09-21,GO,diesel_s10,27.9240,9
2015-09-21,GO,etanol,37.3130,17
2015-09-21,GO,gasolina,54.9010,16
2015-09-21,MA,diesel_s10,2.8290,1
2015-09-21,MA,etanol,2.3990,1
2015-09-21,MA,gasolina,3.2990,1
2015-09-21,MG,diesel_s10,164.2250,55
2015-09-21,MG,etanol,211.9700,98
2015-09-21,MG,gasolina,333.6760,97
2015-09-21,MS,diesel_s10,29.8220,10
2015-09-21,MS,etanol,29.4980,12
2015-09-21,MS,gasolina,41.5120,12
2015-09-21,MT,diesel_s10,64.6680,20
2015-09-21,MT,etanol,66.3650,36
2015-09-21,MT,gasolina,114.4710,35
2015-09-21,PA,diesel_s10,65.7090,21
2015-09-21,PA,etanol,14.9000,5
2015-09-21,PA,gasolina,80.4870,22
2015-09-21,PB,diesel_s10,26.6740,9
2015-09-21,PB,etanol,25.7350,10
2015-09-21,PB,gasolina,40.1840,12
2015-09-21,PE,diesel_s10,98.8680,35
2015-09-21,PE,etanol,69.1290,28
2015-09-21,PE,gasolina,127.6740,38
2015-09-21,PI,diesel_s10,57.1990,19
2015-09-21,PI,etanol,25.8400,9
2015-09-21,PI,gasolina,73.7870,22
2015-09-21,PR,diesel_s10,131.3890,46
2015-09-21,PR,etanol,149.2150,69
2015-09-21,PR,gasolina,218.1550,66
2015-09-21,RJ,diesel_s10,133.8940,45
2015-09-21,RJ,etanol,179.4920,68
2015-09-21,RJ,gasolina,239.5250,67
2015-09-21,RO,diesel_s10,22.2100,7
2015-09-21,RO,etanol,16.7300,6
2015-09-21,RO,gasolina,29.4900,8
2015-09-21,RS,diesel_s10,140.9610,48
2015-09-21,RS,etanol,190.0010,78
2015-09-21,RS,gasolina,340.3600,104
2015-09-21,SC,diesel_s10,192.1810,66
2015-09-21,SC,etanol,197.4570,80
2015-09-21,SC,gasolina,275.0470,87
2015-09-21,SE,diesel_s10,23.4880,8
2015-09-21,SE,etanol,10.4770,4
2015-09-21,SE,gasolina,22.0650,7
2015-09-21,SP,diesel_s10,668.5030,233
2015-09-21,SP,etanol,805.6850,410
2015-09-21,SP,gasolina,1277.5810,410
2015-09-21,TO,diesel_s10,15.1460,5
2015-09-21,TO,etanol,24.4510,10
2015-09-21,TO,gasolina,24.0840,7
2015-09-22,AC,diesel_s10,3.3900,1
2015-09-22,AC,etanol,3.0300,1
2015-09-22,AC,gasolina,3.7600,1
2015-09-22,AL,diesel_s10,28.8760,10
2015-09-22,AL,etanol,28.7760,11
2015-09-22,AL,gasolina,43.9270,13
2015-09-22,AM,diesel_s10,30.8200,9
2015-09-22,AM,etanol,13.5200,4
2015-09-22,AM,gasolina,64.4600,17
2015-09-22,BA,diesel_s10,219.9600,75
2015-09-22,BA,etanol,309.8370,127
2015-09-22,BA,gasolina,441.9700,129
2015-09-22,CE,diesel_s10,242.3460,80
2015-09-22,CE,etanol,225.8980,86
2015-09-22,CE,gasolina,316.0250,93
2015-09-22,DF,etanol,2.5700,1
2015-09-22,DF,gasolina,3.5000,1
2015-09-22,ES,diesel_s10,14.8400,5
2015-09-22,ES,etanol,16.2500,6
2015-09-22,ES,gasolina,37.9000,11
2015-09-22,GO,diesel_s10,227.5960,75
2015-09-22,GO,etanol,276.2330,132
2015-09-22,GO,gasolina,425.0740,128
2015-09-22,MA,diesel_s10,40.4750,14
2015-09-22,MA,etanol,29.0850,11
2015-09-22,MA,gasolina,67.0190,20
2015-09-22,MG,diesel_s10,56.1920,19
2015-09-22,MG,etanol,108.5400,53
2015-09-22,MG,gasolina,172.4020,53
2015-09-22,MS,diesel_s10,27.7230,9
2015-09-22,MS,etanol,24.5230,10
2015-09-22,MS,gasolina,35.2220,10
2015-09-22,MT,diesel_s10,3.2990,1
2015-09-22,MT,etanol,1.8990,1
2015-09-22,MT,gasolina,3.2990,1
2015-09-22,PA,diesel_s10,6.3100,2
2015-09-22,PA,etanol,3.2700,1
2015-09-22,PA,gasolina,10.9900,3
2015-09-22,PB,diesel_s10,17.6150,6
2015-09-22,PB,etanol,14.2770,6
2015-09-22,PB,gasolina,27.0150,8
2015-09-22,PE,diesel_s10,131.3940,46
2015-09-22,PE,etanol,135.0220,53
2015-09-22,PE,gasolina,194.7140,56
2015-09-22,PI,diesel_s10,23.9620,8
2015-09-22,PI,etanol,20.8830,8
2015-09-22,PI,gasolina,34.3340,11
2015-09-22,PR,diesel_s10,183.8970,64
2015-09-22,PR,etanol,201.5490,93
2015-09-22,PR,gasolina,305.7900,93
2015-09-22,RJ,diesel_s10,79.3040,27
2015-09-22,RJ,etanol,141.5170,55
2015-09-22,RJ,gasolina,193.7410,56
2015-09-22,RN,diesel_s10,64.0230,21
2015-09-22,RN,etanol,69.0060,26
2015-09-22,RN,gasolina,106.7770,32
2015-09-22,RO,diesel_s10,44.3530,14
2015-09-22,RO,etanol,58.8610,21
2015-09-22,RO,gasolina,112.3530,32
2015-09-22,RR,diesel_s10,15.9000,5
2015-09-22,RR,etanol,9.0900,3
2015-09-22,RR,gasolina,31.6680,9
2015-09-22,RS,diesel_s10,63.6610,21
2015-09-22,RS,etanol,65.5770,25
2015-09-22,RS,gasolina,96.5310,28
2015-09-22,SC,diesel_s10,62.4580,21
2015-09-22,SC,etanol,73.7800,30
2015-09-22,SC,gasolina,97.3180,30
2015-09-22,SE,diesel_s10,66.3330,22
2015-09-22,SE,etanol,53.2930,20
2015-09-22,SE,gasolina,79.4620,24
2015-09-22,SP,diesel_s10,395.0240,136
2015-09-22,SP,etanol,492.4790,251
2015-09-22,SP,gasolina,777.5120,249
2015-09-22,TO,diesel_s10,24.0180,8
2015-09-22,TO,etanol,23.8480,9
2015-09-22,TO,gasolina,31.9870,9
2015-09-23,AC,etanol,2.9900,1
2015-09-23,AC,gasolina,3.7700,1
2015-09-23,AM,etanol,5.5200,2
2015-09-23,AM,gasolina,6.9900,2
2015-09-23,BA,diesel_s10,191.3860,65
2015-09-23,BA,etanol,231.3570,92
2015-09-23,BA,gasolina,334.2520,96
2015-09-23,CE,diesel_s10,24.0460,8
2015-09-23,CE,etanol,29.7070,11
2015-09-23,CE,gasolina,52.2150,15
2015-09-23,ES,diesel_s10,84.5090,28
2015-09-23,ES,etanol,158.7080,59
2015-09-23,ES,gasolina,220.4780,65
2015-09-23,MA,diesel_s10,100.9080,35
2015-09-23,MA,etanol,58.0610,22
2015-09-23,MA,gasolina,162.9070,51
2015-09-23,MG,diesel_s10,132.0250,44
2015-09-23,MG,etanol,251.3620,122
2015-09-23,MG,gasolina,405.4510,124
2015-09-23,MS,diesel_s10,67.8890,22
2015-09-23,MS,etanol,80.9880,37
2015-09-23,MS,gasolina,125.5580,39
2015-09-23,MT,diesel_s10,156.7370,48
2015-09-23,MT,etanol,136.1870,70
2015-09-23,MT,gasolina,235.8530,71
2015-09-23,PA,diesel_s10,67.4810,22
2015-09-23,PA,etanol,31.0260,11
2015-09-23,PA,gasolina,75.1000,22
2015-09-23,PB,diesel_s10,34.3560,12
2015-09-23,PB,etanol,52.9400,22
2015-09-23,PB,gasolina,74.9550,24
2015-09-23,PI,diesel_s10,50.8660,17
2015-09-23,PI,etanol,36.1770,14
2015-09-23,PI,gasolina,56.8180,18
2015-09-23,PR,diesel_s10,57.4300,20
2015-09-23,PR,etanol,67.8390,32
2015-09-23,PR,gasolina,105.8740,32
2015-09-23,RJ,diesel_s10,182.1810,61
2015-09-23,RJ,etanol,300.7850,114
2015-09-23,RJ,gasolina,415.9400,118
2015-09-23,RN,diesel_s10,39.3530,13
2015-09-23,RN,etanol,42.2010,16
2015-09-23,RN,gasolina,56.1490,17
2015-09-23,RO,etanol,2.4900,1
2015-09-23,RO,gasolina,3.4900,1
2015-09-23,RS,diesel_s10,36.0740,12
2015-09-23,RS,etanol,35.1510,14
2015-09-23,RS,gasolina,64.3630,19
2015-09-23,SC,diesel_s10,78.4970,27
2015-09-23,SC,etanol,72.4340,30
2015-09-23,SC,gasolina,113.8460,35
2015-09-23,SP,diesel_s10,295.1410,101
2015-09-23,SP,etanol,404.0420,197
2015-09-23,SP,gasolina,624.3860,195
2015-09-23,TO,etanol,12.5880,5
2015-09-23,TO,gasolina,15.8380,5
2015-09-24,AC,diesel_s10,54.2000,16
2015-09-24,AC,etanol,41.9500,14
2015-09-24,AC,gasolina,67.1750,18
2015-09-24,ES,diesel_s10,2.9400,1
2015-09-24,ES,etanol,2.7900,1
2015-09-24,ES,gasolina,3.4000,1
2015-09-24,MG,diesel_s10,3.1990,1
2015-09-24,MG,etanol,1.9990,1
2015-09-24,MG,gasolina,3.3490,1
2015-09-24,RJ,diesel_s10,33.5060,11
2015-09-24,RJ,etanol,59.6370,22
2015-09-24,RJ,gasolina,78.2270,22
2015-09-24,SP,diesel_s10,8.6070,3
2015-09-24,SP,etanol,5.9970,3
2015-09-24,SP,gasolina,9.6970,3
2015-09-28,AC,diesel_s10,21.6200,6
2015-09-28,AC,etanol,3.4000,1
2015-09-28,AC,gasolina,32.5100,8
2015-09-28,AL,diesel_s10,41.1560,14
2015-09-28,AL,etanol,61.7800,23
2015-09-28,AL,gasolina,76.5000,23
2015-09-28,AM,diesel_s10,39.4880,13
2015-09-28,AM,etanol,59.5790,22
2015-09-28,AM,gasolina,83.5950,24
2015-09-28,AP,diesel_s10,37.1600,11
2015-09-28,AP,etanol,5.3900,2
2015-09-28,AP,gasolina,42.6400,13
2015-09-28,BA,diesel_s10,2.7100,1
2015-09-28,BA,etanol,2.2700,1
2015-09-28,BA,gasolina,3.2700,1
2015-09-28,CE,diesel_s10,84.6710,28
2015-09-28,CE,etanol,75.1050,29
2015-09-28,CE,gasolina,104.4070,31
2015-09-28,GO,diesel_s10,27.9030,9
2015-09-28,GO,etanol,37.0210,17
2015-09-28,GO,gasolina,54.8610,16
2015-09-28,MA,diesel_s10,5.7080,2
2015-09-28,MA,etanol,2.3990,1
2015-09-28,MA,gasolina,6.7980,2
2015-09-28,MG,diesel_s10,164.6040,55
2015-09-28,MG,etanol,194.1470,89
2015-09-28,MG,gasolina,303.1710,88
2015-09-28,MS,diesel_s10,100.9240,33
2015-09-28,MS,etanol,100.6920,44
2015-09-28,MS,gasolina,150.5960,46
2015-09-28,MT,diesel_s10,28.5180,9
2015-09-28,MT,etanol,36.4250,19
2015-09-28,MT,gasolina,64.2650,20
2015-09-28,PA,diesel_s10,65.7790,21
2015-09-28,PA,etanol,18.1700,6
2015-09-28,PA,gasolina,80.6170,22
2015-09-28,PB,diesel_s10,20.8060,7
2015-09-28,PB,etanol,20.9670,8
2015-09-28,PB,gasolina,33.4560,10
2015-09-28,PE,diesel_s10,149.3460,53
2015-09-28,PE,etanol,123.9000,51
2015-09-28,PE,gasolina,206.7210,61
2015-09-28,PI,diesel_s10,93.1580,31
2015-09-28,PI,etanol,46.1820,17
2015-09-28,PI,gasolina,118.2070,36
2015-09-28,PR,diesel_s10,168.8090,59
2015-09-28,PR,etanol,188.1230,87
2015-09-28,PR,gasolina,280.5800,86
2015-09-28,RJ,diesel_s10,133.7790,45
2015-09-28,RJ,etanol,200.1500,75
2015-09-28,RJ,gasolina,266.2510,75
2015-09-28,RN,diesel_s10,24.3050,8
2015-09-28,RN,etanol,31.8210,12
2015-09-28,RN,gasolina,36.4290,11
2015-09-28,RO,diesel_s10,22.2100,7
2015-09-28,RO,etanol,16.7300,6
2015-09-28,RO,gasolina,29.6800,8
2015-09-28,RS,diesel_s10,148.3760,50
2015-09-28,RS,etanol,153.4880,62
2015-09-28,RS,gasolina,241.3240,73
2015-09-28,SC,diesel_s10,55.7170,19
2015-09-28,SC,etanol,55.9600,22
2015-09-28,SC,gasolina,93.7070,29
2015-09-28,SE,diesel_s10,51.2690,17
2015-09-28,SE,etanol,34.9590,13
2015-09-28,SE,gasolina,55.5760,17
2015-09-28,SP,diesel_s10,599.3350,208
2015-09-28,SP,etanol,741.5340,370
2015-09-28,SP,gasolina,1149.4410,366
2015-09-28,TO,diesel_s10,30.0950,10
2015-09-28,TO,etanol,43.0380,17
2015-09-28,TO,gasolina,49.0400,14
2015-09-29,AC,diesel_s10,3.7000,1
2015-09-29,AC,etanol,3.3500,1
2015-09-29,AC,gasolina,8.1500,2
2015-09-29,AL,diesel_s10,29.0570,10
2015-09-29,AL,etanol,28.7470,11
2015-09-29,AL,gasolina,43.9270,13
2015-09-29,AM,diesel_s10,48.8800,15
2015-09-29,AM,etanol,29.7900,10
2015-09-29,AM,gasolina,88.9300,24
2015-09-29,BA,diesel_s10,396.1570,135
2015-09-29,BA,etanol,530.9560,217
2015-09-29,BA,gasolina,753.4210,220
2015-09-29,CE,diesel_s10,232.6980,77
2015-09-29,CE,etanol,227.9030,87
2015-09-29,CE,gasolina,332.6820,98
2015-09-29,DF,diesel_s10,65.5050,22
2015-09-29,DF,etanol,90.9060,34
2015-09-29,DF,gasolina,119.7920,34
2015-09-29,ES,diesel_s10,17.8300,6
2015-09-29,ES,etanol,10.4700,4
2015-09-29,ES,gasolina,34.3800,10
2015-09-29,GO,diesel_s10,233.3970,77
2015-09-29,GO,etanol,272.9210,130
2015-09-29,GO,gasolina,413.3810,125
2015-09-29,MA,diesel_s10,37.6450,13
2015-09-29,MA,etanol,26.6060,10
2015-09-29,MA,gasolina,63.7990,19
2015-09-29,MG,diesel_s10,100.0440,34
2015-09-29,MG,etanol,158.3840,73
2015-09-29,MG,gasolina,244.3030,73
2015-09-29,MS,diesel_s10,40.0000,13
2015-09-29,MS,etanol,34.7280,15
2015-09-29,MS,gasolina,50.4770,15
2015-09-29,MT,diesel_s10,3.3200,1
2015-09-29,MT,etanol,1.8900,1
2015-09-29,MT,gasolina,3.1900,1
2015-09-29,PA,diesel_s10,6.3100,2
2015-09-29,PA,etanol,3.2700,1
2015-09-29,PA,gasolina,10.9900,3
2015-09-29,PB,diesel_s10,38.3680,13
2015-09-29,PB,etanol,32.0100,13
2015-09-29,PB,gasolina,50.3340,15
2015-09-29,PE,diesel_s10,54.0480,19
2015-09-29,PE,etanol,48.2520,19
2015-09-29,PE,gasolina,67.1180,20
2015-09-29,PI,diesel_s10,38.9110,13
2015-09-29,PI,etanol,28.3600,11
2015-09-29,PI,gasolina,47.3100,15
2015-09-29,PR,diesel_s10,148.9090,52
2015-09-29,PR,etanol,153.2270,69
2015-09-29,PR,gasolina,227.4890,68
2015-09-29,RJ,diesel_s10,126.7590,43
2015-09-29,RJ,etanol,194.2860,74
2015-09-29,RJ,gasolina,256.5850,73
2015-09-29,RN,diesel_s10,76.3990,25
2015-09-29,RN,etanol,82.0670,31
2015-09-29,RN,gasolina,123.7990,37
2015-09-29,RO,diesel_s10,63.5840,20
2015-09-29,RO,etanol,53.4520,19
2015-09-29,RO,gasolina,98.5270,28
2015-09-29,RR,diesel_s10,15.7400,5
2015-09-29,RR,etanol,8.9900,3
2015-09-29,RR,gasolina,28.1790,8
2015-09-29,RS,diesel_s10,79.1680,27
2015-09-29,RS,etanol,116.5110,47
2015-09-29,RS,gasolina,205.9990,62
2015-09-29,SC,diesel_s10,229.4680,78
2015-09-29,SC,etanol,243.0720,98
2015-09-29,SC,gasolina,314.1660,98
2015-09-29,SE,diesel_s10,38.4520,13
2015-09-29,SE,etanol,28.7820,11
2015-09-29,SE,gasolina,45.9510,14
2015-09-29,SP,diesel_s10,545.6240,188
2015-09-29,SP,etanol,584.0400,290
2015-09-29,SP,gasolina,922.4520,291
2015-09-29,TO,diesel_s10,9.0100,3
2015-09-29,TO,etanol,7.7800,3
2015-09-29,TO,gasolina,10.4600,3
2015-09-30,AC,diesel_s10,64.3800,19
2015-09-30,AC,etanol,35.3190,12
2015-09-30,AC,gasolina,78.7200,21
2015-09-30,BA,diesel_s10,9.1580,3
2015-09-30,BA,etanol,7.4680,3
2015-09-30,BA,gasolina,10.3980,3
2015-09-30,CE,diesel_s10,24.0460,8
2015-09-30,CE,etanol,29.7070,11
2015-09-30,CE,gasolina,51.9550,15
2015-09-30,ES,diesel_s10,125.9680,42
2015-09-30,ES,etanol,137.1370,52
2015-09-30,ES,gasolina,216.5650,64
2015-09-30,GO,diesel_s10,2.9100,1
2015-09-30,GO,etanol,1.9990,1
2015-09-30,GO,gasolina,3.1990,1
2015-09-30,MA,diesel_s10,109.5760,38
2015-09-30,MA,etanol,52.4340,20
2015-09-30,MA,gasolina,162.9490,51
2015-09-30,MG,diesel_s10,96.5220,32
2015-09-30,MG,etanol,227.9140,111
2015-09-30,MG,gasolina,364.7270,112
2015-09-30,MT,diesel_s10,166.9360,51
2015-09-30,MT,etanol,162.5780,87
2015-09-30,MT,gasolina,288.5450,87
2015-09-30,PA,diesel_s10,67.4900,22
2015-09-30,PA,etanol,31.2560,11
2015-09-30,PA,gasolina,75.2490,22
2015-09-30,PB,diesel_s10,14.4080,5
2015-09-30,PB,etanol,40.8450,17
2015-09-30,PB,gasolina,58.2390,19
2015-09-30,PE,diesel_s10,17.8160,6
2015-09-30,PE,etanol,29.8640,11
2015-09-30,PE,gasolina,46.5220,13
2015-09-30,PR,diesel_s10,75.4580,26
2015-09-30,PR,etanol,84.8970,38
2015-09-30,PR,gasolina,124.7290,37
2015-09-30,RJ,diesel_s10,203.7380,68
2015-09-30,RJ,etanol,309.7980,117
2015-09-30,RJ,gasolina,423.5510,120
2015-09-30,RO,diesel_s10,3.1900,1
2015-09-30,RO,etanol,2.5900,1
2015-09-30,RO,gasolina,17.3600,5
2015-09-30,RR,diesel_s10,3.1900,1
2015-09-30,RR,etanol,2.9900,1
2015-09-30,RR,gasolina,3.5500,1
2015-09-30,RS,diesel_s10,18.1130,6
2015-09-30,RS,etanol,30.9720,12
2015-09-30,RS,gasolina,51.6900,15
2015-09-30,SC,diesel_s10,50.7210,17
2015-09-30,SC,etanol,55.4780,22
2015-09-30,SC,gasolina,81.1660,24
2015-09-30,SP,diesel_s10,329.5200,114
2015-09-30,SP,etanol,395.7500,197
2015-09-30,SP,gasolina,615.8190,196
2015-09-30,TO,etanol,9.9890,4
2015-09-30,TO,gasolina,12.5390,4
2015-10-05,AC,diesel_s10,27.3800,7
2015-10-05,AC,etanol,3.3900,1
2015-10-05,AC,gasolina,43.6800,10
2015-10-05,AL,diesel_s10,17.8680,6
2015-10-05,AL,etanol,41.8020,16
2015-10-05,AL,gasolina,54.1270,16
2015-10-05,AM,diesel_s10,71.2390,22
2015-10-05,AM,etanol,88.5890,31
2015-10-05,AM,gasolina,151.8200,40
2015-10-05,AP,diesel_s10,31.4200,9
2015-10-05,AP,etanol,5.8000,2
2015-10-05,AP,gasolina,41.5700,12
2015-10-05,BA,diesel_s10,106.3630,34
2015-10-05,BA,etanol,128.1700,49
2015-10-05,BA,gasolina,196.7440,53
2015-10-05,DF,diesel_s10,9.8790,3
2015-10-05,DF,etanol,8.3870,3
2015-10-05,DF,gasolina,11.0190,3
2015-10-05,ES,diesel_s10,27.6200,9
2015-10-05,ES,etanol,19.0700,7
2015-10-05,ES,gasolina,43.5700,12
2015-10-05,GO,diesel_s10,141.5230,44
2015-10-05,GO,etanol,149.5500,63
2015-10-05,GO,gasolina,214.6090,59
2015-10-05,MA,diesel_s10,5.8480,2
2015-10-05,MA,etanol,10.4370,4
2015-10-05,MA,gasolina,13.7680,4
2015-10-05,MG,diesel_s10,129.0500,42
2015-10-05,MG,etanol,198.0620,84
2015-10-05,MG,gasolina,310.5390,87
2015-10-05,MS,diesel_s10,55.7150,18
2015-10-05,MS,etanol,52.9870,21
2015-10-05,MS,gasolina,75.1010,21
2015-10-05,MT,etanol,1.7990,1
2015-10-05,MT,gasolina,3.2990,1
2015-10-05,PA,diesel_s10,108.3070,34
2015-10-05,PA,etanol,36.9520,12
2015-10-05,PA,gasolina,134.7660,36
2015-10-05,PB,diesel_s10,15.0760,5
2015-10-05,PB,etanol,16.1760,6
2015-10-05,PB,gasolina,27.7840,8
2015-10-05,PE,diesel_s10,81.5290,28
2015-10-05,PE,etanol,58.5420,23
2015-10-05,PE,gasolina,112.7360,32
2015-10-05,PI,diesel_s10,82.5570,26
2015-10-05,PI,etanol,44.5660,16
2015-10-05,PI,gasolina,101.8640,29
2015-10-05,PR,diesel_s10,120.2550,41
2015-10-05,PR,etanol,137.3400,59
2015-10-05,PR,gasolina,202.6190,59
2015-10-05,RJ,diesel_s10,93.4670,30
2015-10-05,RJ,etanol,178.8830,65
2015-10-05,RJ,gasolina,235.5420,64
2015-10-05,RO,diesel_s10,45.6180,14
2015-10-05,RO,etanol,46.1600,16
2015-10-05,RO,gasolina,79.2390,21
2015-10-05,RS,diesel_s10,81.4690,26
2015-10-05,RS,etanol,92.4210,33
2015-10-05,RS,gasolina,158.9320,44
2015-10-05,SC,diesel_s10,3.0590,1
2015-10-05,SC,etanol,2.6590,1
2015-10-05,SC,gasolina,3.3890,1
2015-10-05,SE,diesel_s10,33.2940,11
2015-10-05,SE,etanol,13.0360,5
2015-10-05,SE,gasolina,34.0450,10
2015-10-05,SP,diesel_s10,658.0100,221
2015-10-05,SP,etanol,819.0570,372
2015-10-05,SP,gasolina,1231.7190,372
2015-10-05,TO,diesel_s10,25.1870,8
2015-10-05,TO,etanol,40.9520,16
2015-10-05,TO,gasolina,46.3150,13
2015-10-06,AL,diesel_s10,47.7620,16
2015-10-06,AL,etanol,47.1630,18
2015-10-06,AL,gasolina,65.9160,19
2015-10-06,AM,diesel_s10,18.3300,5
2015-10-06,AM,etanol,10.7500,3
2015-10-06,AM,gasolina,33.3500,8
2015-10-06,AP,diesel_s10,3.5600,1
2015-10-06,AP,gasolina,3.4900,1
2015-10-06,BA,diesel_s10,148.3610,49
2015-10-06,BA,etanol,192.7070,75
2015-10-06,BA,gasolina,276.2110,76
2015-10-06,CE,diesel_s10,399.8810,125
2015-10-06,CE,etanol,356.8400,130
2015-10-06,CE,gasolina,524.8170,145
2015-10-06,DF,diesel_s10,69.1070,21
2015-10-06,DF,etanol,86.2920,31
2015-10-06,DF,gasolina,113.8560,31
2015-10-06,ES,diesel_s10,75.1290,25
2015-10-06,ES,etanol,105.4580,39
2015-10-06,ES,gasolina,177.6280,52
2015-10-06,GO,diesel_s10,21.5260,7
2015-10-06,GO,etanol,38.0560,17
2015-10-06,GO,gasolina,51.3890,15
2015-10-06,MA,diesel_s10,141.0720,48
2015-10-06,MA,etanol,71.8810,27
2015-10-06,MA,gasolina,222.9000,67
2015-10-06,MG,diesel_s10,207.1430,67
2015-10-06,MG,etanol,311.6620,132
2015-10-06,MG,gasolina,455.8680,129
2015-10-06,MS,diesel_s10,97.2790,31
2015-10-06,MS,etanol,89.0220,38
2015-10-06,MS,gasolina,133.4750,40
2015-10-06,MT,diesel_s10,10.1770,3
2015-10-06,MT,etanol,9.0460,5
2015-10-06,MT,gasolina,16.8630,5
2015-10-06,PA,diesel_s10,28.2480,9
2015-10-06,PA,etanol,17.6790,6
2015-10-06,PA,gasolina,35.0880,10
2015-10-06,PB,diesel_s10,11.9700,4
2015-10-06,PB,etanol,10.1400,4
2015-10-06,PB,gasolina,20.8100,6
2015-10-06,PE,diesel_s10,84.6210,29
2015-10-06,PE,etanol,90.6960,36
2015-10-06,PE,gasolina,123.7600,35
2015-10-06,PI,diesel_s10,59.0650,18
2015-10-06,PI,etanol,36.3410,14
2015-10-06,PI,gasolina,74.2410,22
2015-10-06,PR,diesel_s10,155.0380,52
2015-10-06,PR,etanol,171.1630,71
2015-10-06,PR,gasolina,241.3380,68
2015-10-06,RJ,diesel_s10,226.6460,73
2015-10-06,RJ,etanol,324.1870,118
2015-10-06,RJ,gasolina,439.8830,120
2015-10-06,RN,diesel_s10,31.6960,10
2015-10-06,RN,etanol,32.2970,12
2015-10-06,RN,gasolina,42.0420,12
2015-10-06,RO,diesel_s10,22.7100,7
2015-10-06,RO,etanol,13.9100,5
2015-10-06,RO,gasolina,33.3800,9
2015-10-06,RR,diesel_s10,19.4200,6
2015-10-06,RR,etanol,6.1000,2
2015-10-06,RR,gasolina,32.7600,9
2015-10-06,RS,diesel_s10,92.2730,30
2015-10-06,RS,etanol,104.0620,38
2015-10-06,RS,gasolina,195.1770,55
2015-10-06,SC,diesel_s10,21.2390,7
2015-10-06,SC,etanol,21.0920,8
2015-10-06,SC,gasolina,27.3160,8
2015-10-06,SE,diesel_s10,46.2390,15
2015-10-06,SE,etanol,34.5090,13
2015-10-06,SE,gasolina,55.0970,16
2015-10-06,SP,diesel_s10,618.9220,208
2015-10-06,SP,etanol,724.8260,326
2015-10-06,SP,gasolina,1085.6890,325
2015-10-06,TO,diesel_s10,18.5590,6
2015-10-06,TO,etanol,18.9470,7
2015-10-06,TO,gasolina,26.3670,7
2015-10-07,AC,diesel_s10,62.4600,18
2015-10-07,AC,etanol,35.8700,12
2015-10-07,AC,gasolina,80.9200,21
2015-10-07,AL,diesel_s10,2.9900,1
2015-10-07,AL,etanol,2.5900,1
2015-10-07,AL,gasolina,3.3690,1
2015-10-07,BA,diesel_s10,91.1010,30
2015-10-07,BA,etanol,223.1410,82
2015-10-07,BA,gasolina,314.4270,84
2015-10-07,ES,diesel_s10,24.7600,8
2015-10-07,ES,etanol,25.7800,9
2015-10-07,ES,gasolina,42.4700,12
2015-10-07,GO,diesel_s10,101.1840,33
2015-10-07,GO,etanol,165.5440,69
2015-10-07,GO,gasolina,241.3970,69
2015-10-07,MG,diesel_s10,55.9200,18
2015-10-07,MG,etanol,134.0370,56
2015-10-07,MG,gasolina,200.3520,56
2015-10-07,MT,diesel_s10,167.5770,50
2015-10-07,MT,etanol,153.0000,80
2015-10-07,MT,gasolina,273.1630,80
2015-10-07,PA,diesel_s10,6.3980,2
2015-10-07,PA,etanol,2.8990,1
2015-10-07,PA,gasolina,7.1980,2
2015-10-07,PB,diesel_s10,47.6070,16
2015-10-07,PB,etanol,71.0080,29
2015-10-07,PB,gasolina,99.1290,30
2015-10-07,PE,diesel_s10,39.9140,14
2015-10-07,PE,etanol,35.8660,14
2015-10-07,PE,gasolina,43.4980,13
2015-10-07,PR,diesel_s10,121.4370,41
2015-10-07,PR,etanol,151.6160,63
2015-10-07,PR,gasolina,220.4270,64
2015-10-07,RJ,diesel_s10,120.7250,39
2015-10-07,RJ,etanol,229.2550,83
2015-10-07,RJ,gasolina,308.4230,84
2015-10-07,RN,diesel_s10,73.2720,23
2015-10-07,RN,etanol,87.1810,32
2015-10-07,RN,gasolina,129.9430,37
2015-10-07,RO,diesel_s10,12.9890,4
2015-10-07,RO,etanol,10.9380,4
2015-10-07,RO,gasolina,40.7970,11
2015-10-07,RS,diesel_s10,74.3450,25
2015-10-07,RS,etanol,110.4140,43
2015-10-07,RS,gasolina,174.4930,52
2015-10-07,SC,diesel_s10,315.7740,105
2015-10-07,SC,etanol,342.7720,132
2015-10-07,SC,gasolina,492.3930,145
2015-10-07,SE,diesel_s10,12.8360,4
2015-10-07,SE,etanol,13.0550,5
2015-10-07,SE,gasolina,17.6160,5
2015-10-07,SP,diesel_s10,241.2500,80
2015-10-07,SP,etanol,363.0950,162
2015-10-07,SP,gasolina,541.0010,162
2015-10-07,TO,etanol,2.5990,1
2015-10-07,TO,gasolina,3.5890,1
2015-10-08,BA,diesel_s10,27.6690,9
2015-10-08,BA,etanol,32.4480,12
2015-10-08,BA,gasolina,44.4290,12
2015-10-08,MA,etanol,2.4590,1
2015-10-08,MA,gasolina,3.0490,1
2015-10-08,MG,diesel_s10,3.1990,1
2015-10-08,MG,etanol,4.9380,2
2015-10-08,MG,gasolina,7.1780,2
2015-10-08,MT,diesel_s10,39.3440,12
2015-10-08,MT,etanol,42.3850,22
2015-10-08,MT,gasolina,74.2860,22
2015-10-08,PE,diesel_s10,24.7280,8
2015-10-08,PE,etanol,30.6540,11
2015-10-08,PE,gasolina,49.2080,13
2015-10-08,PR,etanol,2.5590,1
2015-10-08,PR,gasolina,3.6990,1
2015-10-12,AC,diesel_s10,27.4400,7
2015-10-12,AC,etanol,3.3900,1
2015-10-12,AC,gasolina,39.3300,9
2015-10-12,AM,diesel_s10,64.9000,20
2015-10-12,AM,etanol,86.4400,30
2015-10-12,AM,gasolina,148.1600,39
2015-10-12,AP,diesel_s10,31.4800,9
2015-10-12,AP,etanol,5.8000,2
2015-10-12,AP,gasolina,41.5700,12
2015-10-12,BA,diesel_s10,138.3690,45
2015-10-12,BA,etanol,165.9890,63
2015-10-12,BA,gasolina,243.4420,66
2015-10-12,ES,diesel_s10,27.6700,9
2015-10-12,ES,etanol,18.9700,7
2015-10-12,ES,gasolina,43.5700,12
2015-10-12,GO,diesel_s10,147.9600,46
2015-10-12,GO,etanol,152.1420,62
2015-10-12,GO,gasolina,211.7690,58
2015-10-12,MA,diesel_s10,2.9490,1
2015-10-12,MA,etanol,7.8380,3
2015-10-12,MA,gasolina,10.5690,3
2015-10-12,MG,diesel_s10,40.5530,13
2015-10-12,MG,etanol,53.9710,22
2015-10-12,MG,gasolina,87.3210,24
2015-10-12,MS,diesel_s10,43.7570,14
2015-10-12,MS,etanol,45.3400,17
2015-10-12,MS,gasolina,61.9760,17
2015-10-12,PA,diesel_s10,74.2470,23
2015-10-12,PA,etanol,25.4140,8
2015-10-12,PA,gasolina,99.2720,26
2015-10-12,PB,diesel_s10,18.2360,6
2015-10-12,PB,etanol,16.0860,6
2015-10-12,PB,gasolina,27.9750,8
2015-10-12,PE,diesel_s10,73.0900,25
2015-10-12,PE,etanol,51.3550,20
2015-10-12,PE,gasolina,102.7790,29
2015-10-12,PI,diesel_s10,59.6790,19
2015-10-12,PI,etanol,29.6400,10
2015-10-12,PI,gasolina,78.2380,22
2015-10-12,PR,diesel_s10,8.7870,3
2015-10-12,PR,etanol,7.1970,3
2015-10-12,PR,gasolina,10.3970,3
2015-10-12,RJ,diesel_s10,62.0200,20
2015-10-12,RJ,etanol,104.4010,37
2015-10-12,RJ,gasolina,130.7570,35
2015-10-12,RO,diesel_s10,45.6200,14
2015-10-12,RO,etanol,46.0000,16
2015-10-12,RO,gasolina,79.3680,21
2015-10-12,RR,diesel_s10,3.2500,1
2015-10-12,RR,gasolina,3.7900,1
2015-10-12,RS,diesel_s10,9.4580,3
2015-10-12,RS,etanol,11.2980,4
2015-10-12,RS,gasolina,21.9040,6
2015-10-12,SC,diesel_s10,6.0490,2
2015-10-12,SC,etanol,5.4090,2
2015-10-12,SC,gasolina,6.9690,2
2015-10-12,SE,diesel_s10,33.3140,11
2015-10-12,SE,etanol,12.9860,5
2015-10-12,SE,gasolina,34.0150,10
2015-10-12,SP,diesel_s10,216.3480,73
2015-10-12,SP,etanol,296.8970,134
2015-10-12,SP,gasolina,440.3640,134
2015-10-12,TO,diesel_s10,25.1370,8
2015-10-12,TO,etanol,41.4020,16
2015-10-12,TO,gasolina,46.2850,13
2015-10-13,AC,etanol,3.4000,1
2015-10-13,AC,gasolina,4.3900,1
2015-10-13,AL,diesel_s10,75.0320,25
2015-10-13,AL,etanol,88.4220,34
2015-10-13,AL,gasolina,116.4430,33
2015-10-13,AM,diesel_s10,18.3300,5
2015-10-13,AM,etanol,10.7700,3
2015-10-13,AM,gasolina,33.3500,8
2015-10-13,AP,diesel_s10,3.5600,1
2015-10-13,AP,gasolina,3.4900,1
2015-10-13,BA,diesel_s10,107.1860,35
2015-10-13,BA,etanol,130.1300,51
2015-10-13,BA,gasolina,185.0360,51
2015-10-13,CE,diesel_s10,390.8880,122
2015-10-13,CE,etanol,341.9560,123
2015-10-13,CE,gasolina,526.0600,145
2015-10-13,DF,diesel_s10,3.2900,1
2015-10-13,DF,etanol,2.7700,1
2015-10-13,DF,gasolina,3.6700,1
2015-10-13,ES,diesel_s10,65.9000,22
2015-10-13,ES,etanol,111.5690,41
2015-10-13,ES,gasolina,175.5690,52
2015-10-13,GO,diesel_s10,21.6260,7
2015-10-13,GO,etanol,38.8260,17
2015-10-13,GO,gasolina,51.7330,15
2015-10-13,MA,diesel_s10,114.6670,39
2015-10-13,MA,etanol,58.8750,22
2015-10-13,MA,gasolina,180.8600,55
2015-10-13,MG,diesel_s10,277.2210,90
2015-10-13,MG,etanol,380.5840,157
2015-10-13,MG,gasolina,548.2520,153
2015-10-13,MS,diesel_s10,19.2290,6
2015-10-13,MS,etanol,24.8990,9
2015-10-13,MS,gasolina,36.9800,10
2015-10-13,MT,diesel_s10,133.3230,40
2015-10-13,MT,etanol,147.5980,77
2015-10-13,MT,gasolina,261.9400,77
2015-10-13,PA,diesel_s10,25.2380,8
2015-10-13,PA,etanol,11.8400,4
2015-10-13,PA,gasolina,28.0690,8
2015-10-13,PB,diesel_s10,30.1990,10
2015-10-13,PB,etanol,33.2800,13
2015-10-13,PB,gasolina,52.6980,15
2015-10-13,PE,diesel_s10,94.5050,32
2015-10-13,PE,etanol,95.2310,37
2015-10-13,PE,gasolina,128.3090,36
2015-10-13,PI,diesel_s10,78.0160,25
2015-10-13,PI,etanol,53.6140,20
2015-10-13,PI,gasolina,97.0940,29
2015-10-13,PR,diesel_s10,208.5130,70
2015-10-13,PR,etanol,216.7580,90
2015-10-13,PR,gasolina,309.3630,87
2015-10-13,RJ,diesel_s10,122.8980,40
2015-10-13,RJ,etanol,194.9870,71
2015-10-13,RJ,gasolina,265.9660,72
2015-10-13,RN,diesel_s10,92.2880,29
2015-10-13,RN,etanol,119.6700,44
2015-10-13,RN,gasolina,172.4990,49
2015-10-13,RO,diesel_s10,26.5980,8
2015-10-13,RO,etanol,13.7980,5
2015-10-13,RO,gasolina,43.9560,12
2015-10-13,RR,diesel_s10,16.1100,5
2015-10-13,RR,etanol,6.1900,2
2015-10-13,RR,gasolina,30.3090,8
2015-10-13,RS,diesel_s10,157.6520,51
2015-10-13,RS,etanol,197.2850,70
2015-10-13,RS,gasolina,328.0950,92
2015-10-13,SC,diesel_s10,284.5910,94
2015-10-13,SC,etanol,318.1910,121
2015-10-13,SC,gasolina,425.6200,124
2015-10-13,SE,diesel_s10,56.4250,18
2015-10-13,SE,etanol,47.6140,18
2015-10-13,SE,gasolina,69.9520,20
2015-10-13,SP,diesel_s10,813.0350,270
2015-10-13,SP,etanol,997.6380,435
2015-10-13,SP,gasolina,1476.2180,435
2015-10-14,AL,diesel_s10,3.2900,1
2015-10-14,AL,etanol,2.6990,1
2015-10-14,AL,gasolina,3.5490,1
2015-10-14,BA,diesel_s10,46.1050,15
2015-10-14,BA,etanol,84.6870,32
2015-10-14,BA,gasolina,122.0360,33
2015-10-14,DF,diesel_s10,68.6540,21
2015-10-14,DF,etanol,97.7230,33
2015-10-14,DF,gasolina,121.3520,33
2015-10-14,ES,diesel_s10,25.2600,8
2015-10-14,ES,etanol,26.0100,9
2015-10-14,ES,gasolina,43.5700,12
2015-10-14,GO,diesel_s10,101.2430,33
2015-10-14,GO,etanol,165.4910,69
2015-10-14,GO,gasolina,241.7480,69
2015-10-14,MA,diesel_s10,11.6870,4
2015-10-14,MA,etanol,18.5650,7
2015-10-14,MA,gasolina,44.7820,13
2015-10-14,MG,diesel_s10,70.9070,23
2015-10-14,MG,etanol,133.7180,55
2015-10-14,MG,gasolina,197.1120,56
2015-10-14,MS,diesel_s10,76.0880,24
2015-10-14,MS,etanol,77.9610,33
2015-10-14,MS,gasolina,110.4050,33
2015-10-14,MT,diesel_s10,71.2380,21
2015-10-14,MT,etanol,62.2860,31
2015-10-14,MT,gasolina,103.9800,30
2015-10-14,PA,diesel_s10,44.6210,14
2015-10-14,PA,etanol,20.7060,7
2015-10-14,PA,gasolina,50.4000,14
2015-10-14,PB,diesel_s10,29.4810,10
2015-10-14,PB,etanol,48.4100,20
2015-10-14,PB,gasolina,68.1980,21
2015-10-14,PE,diesel_s10,37.9360,13
2015-10-14,PE,etanol,42.0490,16
2015-10-14,PE,gasolina,51.4250,15
2015-10-14,PR,diesel_s10,188.6490,64
2015-10-14,PR,etanol,234.9790,98
2015-10-14,PR,gasolina,340.8010,99
2015-10-14,RJ,diesel_s10,181.8570,59
2015-10-14,RJ,etanol,287.9280,103
2015-10-14,RJ,gasolina,384.8840,104
2015-10-14,RO,etanol,2.7900,1
2015-10-14,RO,gasolina,30.3000,8
2015-10-14,RR,diesel_s10,3.3000,1
2015-10-14,RR,etanol,3.1700,1
2015-10-14,RR,gasolina,3.8400,1
2015-10-14,RS,diesel_s10,82.0630,27
2015-10-14,RS,etanol,108.4620,40
2015-10-14,RS,gasolina,166.8690,49
2015-10-14,SC,diesel_s10,53.0710,18
2015-10-14,SC,etanol,54.2380,20
2015-10-14,SC,gasolina,86.0630,26
2015-10-14,SP,diesel_s10,482.9510,161
2015-10-14,SP,etanol,600.3420,265
2015-10-14,SP,gasolina,876.1020,264
2015-10-14,TO,diesel_s10,18.5390,6
2015-10-14,TO,etanol,21.5760,8
2015-10-14,TO,gasolina,30.0160,8
2015-10-15,AC,diesel_s10,63.2900,18
2015-10-15,AC,etanol,47.7200,16
2015-10-15,AC,gasolina,82.9600,21
2015-10-15,BA,diesel_s10,124.6960,41
2015-10-15,BA,etanol,202.1600,74
2015-10-15,BA,gasolina,277.1590,74
2015-10-15,GO,diesel_s10,3.1400,1
2015-10-15,GO,etanol,2.5600,1
2015-10-15,GO,gasolina,3.5900,1
2015-10-15,MA,etanol,2.4590,1
2015-10-15,MA,gasolina,3.0490,1
2015-10-15,MG,diesel_s10,27.8760,9
2015-10-15,MG,etanol,101.1050,41
2015-10-15,MG,gasolina,150.3050,41
2015-10-15,MS,diesel_s10,3.2200,1
2015-10-15,MS,etanol,2.7000,1
2015-10-15,MS,gasolina,3.6700,1
2015-10-15,PE,diesel_s10,28.1190,9
2015-10-15,PE,etanol,33.8240,12
2015-10-15,PE,gasolina,49.9800,13
2015-10-15,PR,diesel_s10,8.7880,3
2015-10-15,PR,etanol,7.2390,3
2015-10-15,PR,gasolina,10.2390,3
2015-10-15,RJ,diesel_s10,82.6360,26
2015-10-15,RJ,etanol,154.4370,54
2015-10-15,RJ,gasolina,199.3430,54
2015-10-15,RS,diesel_s10,3.1990,1
2015-10-15,RS,etanol,8.9700,3
2015-10-15,RS,gasolina,11.1950,3
2015-10-15,SE,diesel_s10,3.0490,1
2015-10-15,SE,etanol,2.6990,1
2015-10-15,SE,gasolina,3.5990,1
2015-10-15,SP,diesel_s10,35.5890,12
2015-10-15,SP,etanol,56.0690,25
2015-10-15,SP,gasolina,82.4680,25
2015-10-19,AC,diesel_s10,23.5000,6
2015-10-19,AC,etanol,3.7500,1
2015-10-19,AC,gasolina,39.4900,9
2015-10-19,AL,diesel_s10,15.1150,5
2015-10-19,AL,etanol,43.9370,17
2015-10-19,AL,gasolina,60.4400,17
2015-10-19,AM,diesel_s10,64.7200,20
2015-10-19,AM,etanol,79.5400,28
2015-10-19,AM,gasolina,160.8970,42
2015-10-19,AP,diesel_s10,38.9100,11
2015-10-19,AP,etanol,6.1000,2
2015-10-19,AP,gasolina,45.5900,13
2015-10-19,BA,diesel_s10,41.5240,13
2015-10-19,BA,etanol,54.5780,20
2015-10-19,BA,gasolina,82.5290,22
2015-10-19,ES,diesel_s10,33.4700,11
2015-10-19,ES,etanol,25.8500,9
2015-10-19,ES,gasolina,50.9200,14
2015-10-19,GO,diesel_s10,82.4760,26
2015-10-19,GO,etanol,123.8470,51
2015-10-19,GO,gasolina,167.4680,47
2015-10-19,MA,diesel_s10,33.1870,11
2015-10-19,MA,etanol,18.5280,7
2015-10-19,MA,gasolina,46.4970,13
2015-10-19,MG,diesel_s10,209.9930,68
2015-10-19,MG,etanol,275.6940,111
2015-10-19,MG,gasolina,396.8610,110
2015-10-19,MS,diesel_s10,91.1530,29
2015-10-19,MS,etanol,104.0550,41
2015-10-19,MS,gasolina,143.4540,41
2015-10-19,MT,diesel_s10,16.4990,5
2015-10-19,MT,etanol,23.5990,11
2015-10-19,MT,gasolina,38.2890,11
2015-10-19,PA,diesel_s10,74.3110,23
2015-10-19,PA,etanol,15.5720,5
2015-10-19,PA,gasolina,95.7100,25
2015-10-19,PB,diesel_s10,30.4460,10
2015-10-19,PB,etanol,26.3960,10
2015-10-19,PB,gasolina,52.1860,15
2015-10-19,PE,diesel_s10,120.3650,41
2015-10-19,PE,etanol,90.5090,35
2015-10-19,PE,gasolina,163.1950,46
2015-10-19,PI,diesel_s10,54.8600,18
2015-10-19,PI,etanol,31.5000,11
2015-10-19,PI,gasolina,86.7190,25
2015-10-19,PR,diesel_s10,266.7900,90
2015-10-19,PR,etanol,317.4550,130
2015-10-19,PR,gasolina,447.3090,127
2015-10-19,RJ,diesel_s10,190.6350,62
2015-10-19,RJ,etanol,265.1140,94
2015-10-19,RJ,gasolina,352.3270,95
2015-10-19,RO,diesel_s10,75.3870,23
2015-10-19,RO,etanol,60.8660,21
2015-10-19,RO,gasolina,113.4560,30
2015-10-19,RS,diesel_s10,186.3760,61
2015-10-19,RS,etanol,287.1830,105
2015-10-19,RS,gasolina,467.8940,134
2015-10-19,SC,diesel_s10,407.4460,135
2015-10-19,SC,etanol,430.8010,163
2015-10-19,SC,gasolina,608.7190,178
2015-10-19,SE,diesel_s10,61.1470,20
2015-10-19,SE,etanol,38.5140,15
2015-10-19,SE,gasolina,79.3450,23
2015-10-19,SP,diesel_s10,1062.9730,355
2015-10-19,SP,etanol,1332.6850,579
2015-10-19,SP,gasolina,1922.0670,570
2015-10-19,TO,diesel_s10,28.2470,9
2015-10-19,TO,etanol,44.5050,17
2015-10-19,TO,gasolina,50.0930,14
2015-10-20,AC,etanol,3.4000,1
2015-10-20,AC,gasolina,4.3900,1
2015-10-20,AL,diesel_s10,9.0390,3
2015-10-20,AL,etanol,8.1660,3
2015-10-20,AL,gasolina,6.9600,2
2015-10-20,AM,diesel_s10,24.4700,7
2015-10-20,AM,etanol,6.4800,2
2015-10-20,AM,gasolina,73.2200,18
2015-10-20,BA,diesel_s10,74.3830,24
2015-10-20,BA,etanol,104.6630,41
2015-10-20,BA,gasolina,152.9520,42
2015-10-20,CE,diesel_s10,205.5790,65
2015-10-20,CE,etanol,205.3370,74
2015-10-20,CE,gasolina,323.8860,90
2015-10-20,DF,diesel_s10,68.6540,21
2015-10-20,DF,etanol,100.6940,34
2015-10-20,DF,gasolina,125.0410,34
2015-10-20,ES,diesel_s10,3.0700,1
2015-10-20,ES,etanol,2.8500,1
2015-10-20,ES,gasolina,3.6800,1
2015-10-20,GO,diesel_s10,191.4930,61
2015-10-20,GO,etanol,283.9810,114
2015-10-20,GO,gasolina,406.9290,113
2015-10-20,MA,diesel_s10,102.1770,35
2015-10-20,MA,etanol,73.3980,27
2015-10-20,MA,gasolina,190.0430,58
2015-10-20,MG,diesel_s10,147.3360,48
2015-10-20,MG,etanol,245.2390,101
2015-10-20,MG,gasolina,347.0210,98
2015-10-20,MS,diesel_s10,38.1200,12
2015-10-20,MS,etanol,47.2660,19
2015-10-20,MS,gasolina,69.1410,20
2015-10-20,MT,diesel_s10,33.9960,10
2015-10-20,MT,etanol,28.6910,13
2015-10-20,MT,gasolina,47.0830,13
2015-10-20,PA,diesel_s10,35.2570,11
2015-10-20,PA,etanol,23.8690,8
2015-10-20,PA,gasolina,46.7270,13
2015-10-20,PB,diesel_s10,14.8860,5
2015-10-20,PB,etanol,12.5480,5
2015-10-20,PB,gasolina,16.6840,5
2015-10-20,PE,diesel_s10,190.0890,64
2015-10-20,PE,etanol,196.0370,75
2015-10-20,PE,gasolina,262.1710,73
2015-10-20,PI,diesel_s10,65.8420,21
2015-10-20,PI,etanol,42.9530,15
2015-10-20,PI,gasolina,83.1100,24
2015-10-20,PR,diesel_s10,126.5550,43
2015-10-20,PR,etanol,142.4340,59
2015-10-20,PR,gasolina,203.8620,59
2015-10-20,RJ,diesel_s10,20.9860,7
2015-10-20,RJ,etanol,32.3270,12
2015-10-20,RJ,gasolina,47.8160,13
2015-10-20,RN,diesel_s10,113.9540,36
2015-10-20,RN,etanol,137.1490,50
2015-10-20,RN,gasolina,186.2580,53
2015-10-20,RO,diesel_s10,29.8690,9
2015-10-20,RO,etanol,19.2880,7
2015-10-20,RO,gasolina,74.7280,20
2015-10-20,RR,diesel_s10,22.8500,7
2015-10-20,RR,etanol,15.5900,5
2015-10-20,RR,gasolina,30.3390,8
2015-10-20,RS,diesel_s10,31.1780,10
2015-10-20,RS,etanol,38.1250,13
2015-10-20,RS,gasolina,68.6640,19
2015-10-20,SC,diesel_s10,2.9770,1
2015-10-20,SC,etanol,2.6970,1
2015-10-20,SC,gasolina,3.4170,1
2015-10-20,SE,diesel_s10,41.3780,13
2015-10-20,SE,etanol,37.8390,14
2015-10-20,SE,gasolina,52.8470,15
2015-10-20,SP,diesel_s10,331.8950,110
2015-10-20,SP,etanol,441.9050,190
2015-10-20,SP,gasolina,641.2030,188
2015-10-20,TO,diesel_s10,33.9070,11
2015-10-20,TO,etanol,40.5370,15
2015-10-20,TO,gasolina,55.9070,15
2015-10-21,AC,diesel_s10,70.6500,20
2015-10-21,AC,etanol,39.1470,13
2015-10-21,AC,gasolina,83.4810,21
2015-10-21,AL,diesel_s10,69.4860,23
2015-10-21,AL,etanol,75.4520,28
2015-10-21,AL,gasolina,107.6830,30
2015-10-21,BA,diesel_s10,348.1790,114
2015-10-21,BA,etanol,451.2590,170
2015-10-21,BA,gasolina,646.7080,175
2015-10-21,CE,diesel_s10,210.2990,65
2015-10-21,CE,etanol,197.0750,71
2015-10-21,CE,gasolina,264.6490,72
2015-10-21,ES,diesel_s10,141.0060,46
2015-10-21,ES,etanol,173.6730,63
2015-10-21,ES,gasolina,283.2030,82
2015-10-21,GO,etanol,2.6500,1
2015-10-21,GO,gasolina,3.6500,1
2015-10-21,MA,diesel_s10,33.2380,11
2015-10-21,MA,etanol,24.7290,9
2015-10-21,MA,gasolina,49.9880,14
2015-10-21,MG,diesel_s10,155.3570,50
2015-10-21,MG,etanol,294.8460,120
2015-10-21,MG,gasolina,435.0230,121
2015-10-21,MS,diesel_s10,19.0820,6
2015-10-21,MS,etanol,16.2270,6
2015-10-21,MS,gasolina,21.7680,6
2015-10-21,MT,diesel_s10,167.5410,50
2015-10-21,MT,etanol,187.1650,94
2015-10-21,MT,gasolina,326.0750,95
2015-10-21,PA,diesel_s10,50.8920,16
2015-10-21,PA,etanol,30.6870,10
2015-10-21,PA,gasolina,82.5690,22
2015-10-21,PB,diesel_s10,68.0600,23
2015-10-21,PB,etanol,86.8830,35
2015-10-21,PB,gasolina,119.0660,36
2015-10-21,PI,diesel_s10,40.5720,13
2015-10-21,PI,etanol,30.7620,11
2015-10-21,PI,gasolina,47.3120,14
2015-10-21,PR,diesel_s10,87.2430,29
2015-10-21,PR,etanol,120.9370,49
2015-10-21,PR,gasolina,170.0480,48
2015-10-21,RJ,diesel_s10,249.8380,80
2015-10-21,RJ,etanol,494.1350,173
2015-10-21,RJ,gasolina,645.0170,175
2015-10-21,RN,diesel_s10,15.5990,5
2015-10-21,RN,etanol,16.7680,6
2015-10-21,RN,gasolina,20.9380,6
2015-10-21,RO,diesel_s10,30.1280,9
2015-10-21,RO,etanol,19.9990,7
2015-10-21,RO,gasolina,34.3780,9
2015-10-21,RR,diesel_s10,3.3000,1
2015-10-21,RR,etanol,3.1700,1
2015-10-21,RR,gasolina,3.8400,1
2015-10-21,RS,diesel_s10,48.6360,16
2015-10-21,RS,etanol,54.5540,19
2015-10-21,RS,gasolina,87.7880,25
2015-10-21,SC,diesel_s10,2.9890,1
2015-10-21,SC,etanol,2.5990,1
2015-10-21,SC,gasolina,3.4490,1
2015-10-21,SP,diesel_s10,396.4230,132
2015-10-21,SP,etanol,513.7950,227
2015-10-21,SP,gasolina,742.8680,226
2015-10-22,RJ,diesel_s10,42.9680,14
2015-10-22,RJ,etanol,52.3030,18
2015-10-22,RJ,gasolina,66.3930,18
2015-10-22,RS,diesel_s10,19.1330,6
2015-10-22,RS,etanol,23.6200,8
2015-10-22,RS,gasolina,29.6260,8
2015-10-22,SP,diesel_s10,24.5130,8
2015-10-22,SP,etanol,32.7570,14
2015-10-22,SP,gasolina,47.3760,14
2015-10-26,AC,diesel_s10,23.5900,6
2015-10-26,AC,etanol,7.5400,2
2015-10-26,AC,gasolina,39.7600,9
2015-10-26,AL,diesel_s10,21.2030,7
2015-10-26,AL,etanol,43.9230,16
2015-10-26,AL,gasolina,62.2250,17
2015-10-26,AM,diesel_s10,22.8900,7
2015-10-26,AM,etanol,5.8500,2
2015-10-26,AM,gasolina,55.6800,14
2015-10-26,AP,diesel_s10,38.9100,11
2015-10-26,AP,etanol,6.1000,2
2015-10-26,AP,gasolina,45.6000,13
2015-10-26,BA,diesel_s10,73.2600,24
2015-10-26,BA,etanol,106.8070,40
2015-10-26,BA,gasolina,155.5180,42
2015-10-26,CE,diesel_s10,250.7740,77
2015-10-26,CE,etanol,244.0210,87
2015-10-26,CE,gasolina,340.6880,93
2015-10-26,ES,diesel_s10,33.4700,11
2015-10-26,ES,etanol,25.8500,9
2015-10-26,ES,gasolina,50.9200,14
2015-10-26,GO,diesel_s10,88.6400,28
2015-10-26,GO,etanol,124.3150,51
2015-10-26,GO,gasolina,168.3000,47
2015-10-26,MA,diesel_s10,33.2370,11
2015-10-26,MA,etanol,18.5080,7
2015-10-26,MA,gasolina,46.2870,13
2015-10-26,MG,diesel_s10,227.9550,73
2015-10-26,MG,etanol,297.0420,119
2015-10-26,MG,gasolina,417.8920,115
2015-10-26,MS,diesel_s10,50.1470,16
2015-10-26,MS,etanol,60.0780,22
2015-10-26,MS,gasolina,80.5230,22
2015-10-26,MT,diesel_s10,16.6770,5
2015-10-26,MT,etanol,28.3220,14
2015-10-26,MT,gasolina,47.9320,14
2015-10-26,PA,diesel_s10,67.8120,21
2015-10-26,PA,etanol,15.5020,5
2015-10-26,PA,gasolina,84.5470,22
2015-10-26,PB,diesel_s10,42.5360,14
2015-10-26,PB,etanol,39.3860,15
2015-10-26,PB,gasolina,69.9260,20
2015-10-26,PE,diesel_s10,147.2600,50
2015-10-26,PE,etanol,121.7910,47
2015-10-26,PE,gasolina,207.0290,58
2015-10-26,PI,diesel_s10,102.4050,33
2015-10-26,PI,etanol,62.5020,22
2015-10-26,PI,gasolina,143.9210,42
2015-10-26,PR,diesel_s10,354.3670,120
2015-10-26,PR,etanol,440.1130,181
2015-10-26,PR,gasolina,627.4040,180
2015-10-26,RJ,diesel_s10,250.8040,81
2015-10-26,RJ,etanol,379.8610,133
2015-10-26,RJ,gasolina,499.6530,135
2015-10-26,RO,diesel_s10,72.5190,22
2015-10-26,RO,etanol,61.4260,21
2015-10-26,RO,gasolina,113.7980,30
2015-10-26,RS,diesel_s10,128.9630,42
2015-10-26,RS,etanol,187.6610,66
2015-10-26,RS,gasolina,270.8450,78
2015-10-26,SC,diesel_s10,84.7210,28
2015-10-26,SC,etanol,81.3740,29
2015-10-26,SC,gasolina,126.0130,37
2015-10-26,SE,diesel_s10,92.8180,30
2015-10-26,SE,etanol,65.8970,25
2015-10-26,SE,gasolina,117.8990,34
2015-10-26,SP,diesel_s10,1048.3310,349
2015-10-26,SP,etanol,1311.7820,565
2015-10-26,SP,gasolina,1891.2490,559
2015-10-26,TO,diesel_s10,49.2850,16
2015-10-26,TO,etanol,62.7140,23
2015-10-26,TO,gasolina,74.0000,20
2015-10-27,AC,diesel_s10,60.8800,17
2015-10-27,AC,etanol,45.2000,14
2015-10-27,AC,gasolina,81.6500,20
2015-10-27,AL,diesel_s10,9.0690,3
2015-10-27,AL,etanol,8.2660,3
2015-10-27,AL,gasolina,7.0500,2
2015-10-27,AM,diesel_s10,69.7200,21
2015-10-27,AM,etanol,63.7300,22
2015-10-27,AM,gasolina,163.8390,42
2015-10-27,BA,diesel_s10,141.0600,46
2015-10-27,BA,etanol,215.8220,82
2015-10-27,BA,gasolina,305.1080,84
2015-10-27,CE,diesel_s10,140.1610,44
2015-10-27,CE,etanol,149.9450,54
2015-10-27,CE,gasolina,247.0620,68
2015-10-27,DF,diesel_s10,72.1740,22
2015-10-27,DF,etanol,100.8040,34
2015-10-27,DF,gasolina,125.0130,34
2015-10-27,ES,diesel_s10,3.0700,1
2015-10-27,ES,etanol,2.8500,1
2015-10-27,ES,gasolina,3.6800,1
2015-10-27,GO,diesel_s10,183.6260,58
2015-10-27,GO,etanol,250.0740,98
2015-10-27,GO,gasolina,351.3330,97
2015-10-27,MA,diesel_s10,112.4150,38
2015-10-27,MA,etanol,74.4670,27
2015-10-27,MA,gasolina,192.7720,58
2015-10-27,MG,diesel_s10,224.2930,73
2015-10-27,MG,etanol,419.3330,172
2015-10-27,MG,gasolina,614.9680,173
2015-10-27,MS,diesel_s10,91.5520,29
2015-10-27,MS,etanol,87.8150,36
2015-10-27,MS,gasolina,125.2470,37
2015-10-27,MT,diesel_s10,100.8590,30
2015-10-27,MT,etanol,110.6310,53
2015-10-27,MT,gasolina,184.8030,53
2015-10-27,PA,diesel_s10,32.1170,10
2015-10-27,PA,etanol,20.9890,7
2015-10-27,PA,gasolina,43.3770,12
2015-10-27,PB,diesel_s10,33.0550,11
2015-10-27,PB,etanol,30.8780,12
2015-10-27,PB,gasolina,41.3210,12
2015-10-27,PE,diesel_s10,161.4230,54
2015-10-27,PE,etanol,157.3400,60
2015-10-27,PE,gasolina,215.5080,60
2015-10-27,PI,diesel_s10,53.6860,17
2015-10-27,PI,etanol,42.8350,15
2015-10-27,PI,gasolina,73.2440,21
2015-10-27,PR,diesel_s10,5.8490,2
2015-10-27,PR,etanol,4.9990,2
2015-10-27,PR,gasolina,7.2990,2
2015-10-27,RJ,diesel_s10,135.7650,44
2015-10-27,RJ,etanol,214.4050,75
2015-10-27,RJ,gasolina,281.1120,76
2015-10-27,RN,diesel_s10,111.9620,35
2015-10-27,RN,etanol,137.1020,49
2015-10-27,RN,gasolina,193.3840,54
2015-10-27,RO,diesel_s10,26.7180,8
2015-10-27,RO,etanol,16.6980,6
2015-10-27,RO,gasolina,51.8360,14
2015-10-27,RR,diesel_s10,22.7600,7
2015-10-27,RR,etanol,15.6200,5
2015-10-27,RR,gasolina,34.0800,9
2015-10-27,RS,diesel_s10,132.7350,43
2015-10-27,RS,etanol,199.7900,70
2015-10-27,RS,gasolina,328.8940,92
2015-10-27,SC,diesel_s10,327.2530,108
2015-10-27,SC,etanol,355.8430,131
2015-10-27,SC,gasolina,489.6920,142
2015-10-27,SP,diesel_s10,531.9800,177
2015-10-27,SP,etanol,677.8070,295
2015-10-27,SP,gasolina,983.8130,293
2015-10-27,TO,diesel_s10,18.2980,6
2015-10-27,TO,etanol,21.8600,8
2015-10-27,TO,gasolina,29.4200,8
2015-10-28,AC,diesel_s10,7.0900,2
2015-10-28,AC,etanol,2.9900,1
2015-10-28,AC,gasolina,8.0500,2
2015-10-28,AL,diesel_s10,69.7950,23
2015-10-28,AL,etanol,76.5320,28
2015-10-28,AL,gasolina,107.9710,30
2015-10-28,AM,diesel_s10,6.4400,2
2015-10-28,AM,etanol,8.6000,3
2015-10-28,AM,gasolina,11.3700,3
2015-10-28,BA,diesel_s10,198.4700,65
2015-10-28,BA,etanol,288.2010,110
2015-10-28,BA,gasolina,412.3710,113
2015-10-28,CE,etanol,2.6900,1
2015-10-28,CE,gasolina,3.5900,1
2015-10-28,ES,diesel_s10,152.9860,50
2015-10-28,ES,etanol,175.9140,63
2015-10-28,ES,gasolina,284.8750,82
2015-10-28,GO,diesel_s10,24.7230,8
2015-10-28,GO,etanol,42.6380,17
2015-10-28,GO,gasolina,61.6680,17
2015-10-28,MA,diesel_s10,36.2360,12
2015-10-28,MA,etanol,21.8690,8
2015-10-28,MA,gasolina,46.4880,13
2015-10-28,MG,diesel_s10,77.7910,25
2015-10-28,MG,etanol,101.0630,40
2015-10-28,MG,gasolina,148.9060,41
2015-10-28,MS,diesel_s10,25.4800,8
2015-10-28,MS,etanol,20.9250,8
2015-10-28,MS,gasolina,28.3960,8
2015-10-28,MT,diesel_s10,101.2370,30
2015-10-28,MT,etanol,106.2630,52
2015-10-28,MT,gasolina,180.1580,52
2015-10-28,PA,diesel_s10,60.5820,19
2015-10-28,PA,etanol,37.1470,12
2015-10-28,PA,gasolina,93.9790,25
2015-10-28,PB,diesel_s10,46.7510,16
2015-10-28,PB,etanol,56.7240,23
2015-10-28,PB,gasolina,76.1200,24
2015-10-28,PR,diesel_s10,107.6590,36
2015-10-28,PR,etanol,135.5750,55
2015-10-28,PR,gasolina,194.0850,55
2015-10-28,RJ,diesel_s10,113.3960,37
2015-10-28,RJ,etanol,228.6440,79
2015-10-28,RJ,gasolina,295.2310,80
2015-10-28,RN,diesel_s10,15.5990,5
2015-10-28,RN,etanol,16.7680,6
2015-10-28,RN,gasolina,20.9380,6
2015-10-28,RO,diesel_s10,30.1280,9
2015-10-28,RO,etanol,22.7890,8
2015-10-28,RO,gasolina,56.6180,15
2015-10-28,RS,diesel_s10,24.3110,8
2015-10-28,RS,etanol,30.5990,11
2015-10-28,RS,gasolina,51.2130,15
2015-10-28,SC,diesel_s10,3.1990,1
2015-10-28,SC,etanol,2.9990,1
2015-10-28,SC,gasolina,3.5890,1
2015-10-28,SE,diesel_s10,9.7370,3
2015-10-28,SE,etanol,11.0870,4
2015-10-28,SE,gasolina,14.0560,4
2015-10-28,SP,diesel_s10,240.0600,79
2015-10-28,SP,etanol,314.2290,136
2015-10-28,SP,gasolina,458.3140,137
2015-10-29,AM,diesel_s10,3.1800,1
2015-10-29,AM,gasolina,3.8000,1
2015-10-29,PA,gasolina,3.8200,1
2015-10-29,RJ,diesel_s10,33.6810,11
2015-10-29,RJ,etanol,32.3200,11
2015-10-29,RJ,gasolina,40.5100,11
2015-10-29,RS,diesel_s10,3.0790,1
2015-10-29,RS,etanol,2.8690,1
2015-10-29,RS,gasolina,3.6790,1
2015-10-29,SC,diesel_s10,2.9590,1
2015-10-29,SC,etanol,2.7190,1
2015-10-29,SC,gasolina,6.9390,2
2015-10-29,SP,diesel_s10,21.3040,7
2015-10-29,SP,etanol,30.5900,13
2015-10-29,SP,gasolina,43.6000,13
2015-10-29,TO,etanol,2.6000,1
2015-10-29,TO,gasolina,3.2900,1
2015-11-02,AL,diesel_s10,3.0990,1
2015-11-02,AL,etanol,2.6990,1
2015-11-02,AL,gasolina,3.6990,1
2015-11-02,MG,diesel_s10,18.0820,6
2015-11-02,MG,etanol,26.8670,11
2015-11-02,MG,gasolina,39.2640,11
2015-11-02,PR,diesel_s10,9.0470,3
2015-11-02,PR,etanol,16.9940,7
2015-11-02,PR,gasolina,24.3740,7
2015-11-02,RS,diesel_s10,46.0960,15
2015-11-02,RS,etanol,82.7390,29
2015-11-02,RS,gasolina,124.6780,35
2015-11-02,SC,diesel_s10,36.3860,12
2015-11-02,SC,etanol,27.4880,10
2015-11-02,SC,gasolina,40.7670,12
2015-11-02,TO,etanol,2.6490,1
2015-11-02,TO,gasolina,3.6490,1
2015-11-03,AC,diesel_s10,23.7300,6
2015-11-03,AC,etanol,10.9700,3
2015-11-03,AC,gasolina,44.4490,10
2015-11-03,AL,diesel_s10,41.8540,14
2015-11-03,AL,etanol,59.6030,22
2015-11-03,AL,gasolina,88.8310,25
2015-11-03,AM,diesel_s10,35.0800,11
2015-11-03,AM,etanol,38.0300,13
2015-11-03,AM,gasolina,62.8290,17
2015-11-03,BA,diesel_s10,165.2770,54
2015-11-03,BA,etanol,227.7140,87
2015-11-03,BA,gasolina,342.7810,94
2015-11-03,CE,diesel_s10,397.1970,123
2015-11-03,CE,etanol,374.0640,132
2015-11-03,CE,gasolina,539.1260,148
2015-11-03,DF,etanol,2.7500,1
2015-11-03,DF,gasolina,3.6500,1
2015-11-03,ES,diesel_s10,54.7800,18
2015-11-03,ES,etanol,43.0700,15
2015-11-03,ES,gasolina,69.2500,19
2015-11-03,GO,diesel_s10,121.8270,38
2015-11-03,GO,etanol,147.2510,58
2015-11-03,GO,gasolina,192.7180,53
2015-11-03,MA,diesel_s10,45.1650,15
2015-11-03,MA,etanol,22.0970,8
2015-11-03,MA,gasolina,57.6950,16
2015-11-03,MG,diesel_s10,148.7970,48
2015-11-03,MG,etanol,207.8170,81
2015-11-03,MG,gasolina,300.9060,83
2015-11-03,MS,diesel_s10,35.1780,11
2015-11-03,MS,etanol,49.0140,20
2015-11-03,MS,gasolina,68.0850,20
2015-11-03,MT,diesel_s10,64.2310,19
2015-11-03,MT,etanol,76.1650,36
2015-11-03,MT,gasolina,126.0470,36
2015-11-03,PA,diesel_s10,15.7200,5
2015-11-03,PA,etanol,12.3600,4
2015-11-03,PA,gasolina,34.9200,9
2015-11-03,PB,diesel_s10,59.7610,20
2015-11-03,PB,etanol,67.9930,27
2015-11-03,PB,gasolina,101.0590,30
2015-11-03,PE,diesel_s10,142.4300,48
2015-11-03,PE,etanol,149.3190,57
2015-11-03,PE,gasolina,233.9250,65
2015-11-03,PI,diesel_s10,34.1380,11
2015-11-03,PI,etanol,17.3700,6
2015-11-03,PI,gasolina,43.9380,13
2015-11-03,PR,diesel_s10,136.3020,46
2015-11-03,PR,etanol,153.7630,62
2015-11-03,PR,gasolina,213.5260,60
2015-11-03,RJ,diesel_s10,156.2410,51
2015-11-03,RJ,etanol,224.5670,77
2015-11-03,RJ,gasolina,285.3520,76
2015-11-03,RN,diesel_s10,82.8130,26
2015-11-03,RN,etanol,100.3720,36
2015-11-03,RN,gasolina,134.8130,38
2015-11-03,RO,diesel_s10,66.0490,20
2015-11-03,RO,etanol,58.2060,20
2015-11-03,RO,gasolina,102.5270,27
2015-11-03,RR,diesel_s10,19.4000,6
2015-11-03,RR,etanol,9.4400,3
2015-11-03,RR,gasolina,26.4900,7
2015-11-03,RS,diesel_s10,178.4350,58
2015-11-03,RS,etanol,255.8150,89
2015-11-03,RS,gasolina,405.8480,116
2015-11-03,SC,diesel_s10,369.5780,122
2015-11-03,SC,etanol,420.4220,155
2015-11-03,SC,gasolina,578.1330,168
2015-11-03,SE,diesel_s10,78.0980,25
2015-11-03,SE,etanol,62.0560,23
2015-11-03,SE,gasolina,100.8940,29
2015-11-03,SP,diesel_s10,1025.7540,339
2015-11-03,SP,etanol,1409.9010,582
2015-11-03,SP,gasolina,1977.7980,573
2015-11-03,TO,diesel_s10,36.9090,12
2015-11-03,TO,etanol,45.9930,17
2015-11-03,TO,gasolina,55.6760,15
2015-11-04,AC,diesel_s10,3.5800,1
2015-11-04,AC,etanol,3.1500,1
2015-11-04,AC,gasolina,4.0700,1
2015-11-04,AL,diesel_s10,48.6470,16
2015-11-04,AL,etanol,66.8630,24
2015-11-04,AL,gasolina,77.1290,21
2015-11-04,AM,diesel_s10,47.2500,14
2015-11-04,AM,etanol,20.4300,7
2015-11-04,AM,gasolina,126.2000,31
2015-11-04,AP,diesel_s10,46.0200,13
2015-11-04,AP,etanol,6.1000,2
2015-11-04,AP,gasolina,46.0100,13
2015-11-04,BA,diesel_s10,161.0030,52
2015-11-04,BA,etanol,210.8460,81
2015-11-04,BA,gasolina,301.2740,83
2015-11-04,CE,diesel_s10,32.7380,10
2015-11-04,CE,etanol,36.4880,13
2015-11-04,CE,gasolina,47.3980,13
2015-11-04,DF,diesel_s10,75.2430,23
2015-11-04,DF,etanol,97.9430,33
2015-11-04,DF,gasolina,121.4120,33
2015-11-04,ES,diesel_s10,124.4400,41
2015-11-04,ES,etanol,164.2990,59
2015-11-04,ES,gasolina,267.4590,77
2015-11-04,GO,diesel_s10,70.5790,22
2015-11-04,GO,etanol,103.2910,41
2015-11-04,GO,gasolina,142.0310,39
2015-11-04,MA,diesel_s10,152.5490,51
2015-11-04,MA,etanol,95.1360,34
2015-11-04,MA,gasolina,232.7750,69
2015-11-04,MG,diesel_s10,265.0250,85
2015-11-04,MG,etanol,391.7670,154
2015-11-04,MG,gasolina,541.7150,148
2015-11-04,MS,diesel_s10,91.5520,29
2015-11-04,MS,etanol,106.8500,40
2015-11-04,MS,gasolina,147.4710,41
2015-11-04,MT,diesel_s10,147.6520,44
2015-11-04,MT,etanol,171.4040,83
2015-11-04,MT,gasolina,287.8280,83
2015-11-04,PA,diesel_s10,142.6040,44
2015-11-04,PA,etanol,63.5920,20
2015-11-04,PA,gasolina,192.6260,51
2015-11-04,PB,diesel_s10,59.4880,20
2015-11-04,PB,etanol,59.2140,23
2015-11-04,PB,gasolina,83.3380,25
2015-11-04,PE,diesel_s10,155.0700,53
2015-11-04,PE,etanol,119.4140,46
2015-11-04,PE,gasolina,182.7790,53
2015-11-04,PI,diesel_s10,124.5000,40
2015-11-04,PI,etanol,86.4300,30
2015-11-04,PI,gasolina,172.0200,50
2015-11-04,PR,diesel_s10,308.3280,104
2015-11-04,PR,etanol,387.3050,152
2015-11-04,PR,gasolina,535.7460,151
2015-11-04,RJ,diesel_s10,286.9240,92
2015-11-04,RJ,etanol,458.8070,156
2015-11-04,RJ,gasolina,582.3240,156
2015-11-04,RN,diesel_s10,44.4870,14
2015-11-04,RN,etanol,49.7320,18
2015-11-04,RN,gasolina,81.6470,23
2015-11-04,RO,diesel_s10,36.4970,11
2015-11-04,RO,etanol,14.8900,5
2015-11-04,RO,gasolina,45.7960,12
2015-11-04,RR,diesel_s10,6.5900,2
2015-11-04,RR,etanol,6.6100,2
2015-11-04,RR,gasolina,7.6200,2
2015-11-04,RS,diesel_s10,68.3910,22
2015-11-04,RS,etanol,73.9430,24
2015-11-04,RS,gasolina,128.0070,35
2015-11-04,SE,diesel_s10,27.9970,9
2015-11-04,SE,etanol,15.8940,6
2015-11-04,SE,gasolina,31.4910,9
2015-11-04,SP,diesel_s10,560.7190,187
2015-11-04,SP,etanol,753.4480,317
2015-11-04,SP,gasolina,1064.5170,316
2015-11-04,TO,diesel_s10,9.1600,3
2015-11-04,TO,etanol,16.1890,6
2015-11-04,TO,gasolina,21.2290,6
2015-11-05,AC,diesel_s10,60.9700,17
2015-11-05,AC,etanol,44.6500,14
2015-11-05,AC,gasolina,81.2600,20
2015-11-05,AM,diesel_s10,25.9900,8
2015-11-05,AM,etanol,29.0300,10
2015-11-05,AM,gasolina,45.4800,12
2015-11-05,BA,diesel_s10,79.1030,26
2015-11-05,BA,etanol,162.7710,62
2015-11-05,BA,gasolina,218.9980,62
2015-11-05,GO,diesel_s10,95.2420,31
2015-11-05,GO,etanol,177.2490,70
2015-11-05,GO,gasolina,250.8930,70
2015-11-05,MG,diesel_s10,58.7050,19
2015-11-05,MG,etanol,205.4680,85
2015-11-05,MG,gasolina,301.6250,86
2015-11-05,MS,diesel_s10,19.1180,6
2015-11-05,MS,etanol,16.6280,6
2015-11-05,MS,gasolina,21.8880,6
2015-11-05,PR,diesel_s10,27.0530,9
2015-11-05,PR,etanol,44.9370,17
2015-11-05,PR,gasolina,58.7860,16
2015-11-05,RJ,diesel_s10,113.1200,36
2015-11-05,RJ,etanol,193.7880,65
2015-11-05,RJ,gasolina,242.6660,65
2015-11-05,RO,diesel_s10,29.8690,9
2015-11-05,RO,etanol,21.9380,8
2015-11-05,RO,gasolina,74.1970,20
2015-11-05,SP,diesel_s10,215.2430,70
2015-11-05,SP,etanol,263.6110,109
2015-11-05,SP,gasolina,367.1070,107
2015-11-05,TO,diesel_s10,21.6680,7
2015-11-05,TO,etanol,20.3590,7
2015-11-05,TO,gasolina,27.0170,7
2015-11-09,AM,diesel_s10,58.2390,18
2015-11-09,AM,etanol,79.4300,27
2015-11-09,AM,gasolina,105.7900,28
2015-11-09,BA,diesel_s10,15.4180,5
2015-11-09,BA,etanol,19.8680,7
2015-11-09,BA,gasolina,26.7870,7
2015-11-09,MG,diesel_s10,55.2990,18
2015-11-09,MG,etanol,86.0880,33
2015-11-09,MG,gasolina,119.5910,33
2015-11-09,MS,diesel_s10,9.5070,3
2015-11-09,MS,etanol,9.9860,4
2015-11-09,MS,gasolina,13.4060,4
2015-11-09,MT,diesel_s10,6.4600,2
2015-11-09,MT,etanol,10.7800,5
2015-11-09,MT,gasolina,17.4300,5
2015-11-09,PE,diesel_s10,29.3820,10
2015-11-09,PE,etanol,25.6610,10
2015-11-09,PE,gasolina,34.6520,10
2015-11-09,PI,diesel_s10,55.6970,17
2015-11-09,PI,etanol,42.4670,15
2015-11-09,PI,gasolina,78.3710,23
2015-11-09,PR,diesel_s10,74.6410,25
2015-11-09,PR,etanol,90.4730,34
2015-11-09,PR,gasolina,118.0850,32
2015-11-09,RJ,diesel_s10,83.6180,27
2015-11-09,RJ,etanol,131.9700,45
2015-11-09,RJ,gasolina,166.8680,44
2015-11-09,RN,diesel_s10,3.0890,1
2015-11-09,RN,etanol,2.7900,1
2015-11-09,RN,gasolina,3.5400,1
2015-11-09,RO,diesel_s10,3.2900,1
2015-11-09,RO,etanol,2.8900,1
2015-11-09,RO,gasolina,3.7900,1
2015-11-09,SC,diesel_s10,33.2810,11
2015-11-09,SC,etanol,34.6100,12
2015-11-09,SC,gasolina,51.6890,15
2015-11-09,SE,diesel_s10,28.7920,9
2015-11-09,SE,etanol,26.9730,10
2015-11-09,SE,gasolina,38.9010,11
2015-11-09,SP,diesel_s10,480.2440,158
2015-11-09,SP,etanol,612.0090,245
2015-11-09,SP,gasolina,849.4870,244
2015-11-09,TO,etanol,5.4480,2
2015-11-09,TO,gasolina,7.4280,2
2015-11-10,AC,diesel_s10,23.7800,6
2015-11-10,AC,etanol,10.9700,3
2015-11-10,AC,gasolina,44.2500,10
2015-11-10,AL,diesel_s10,57.1070,19
2015-11-10,AL,etanol,88.7770,32
2015-11-10,AL,gasolina,129.4190,36
2015-11-10,AM,diesel_s10,9.4300,3
2015-11-10,AM,etanol,2.9500,1
2015-11-10,AM,gasolina,17.8700,5
2015-11-10,BA,diesel_s10,182.0620,58
2015-11-10,BA,etanol,257.2120,92
2015-11-10,BA,gasolina,370.2420,98
2015-11-10,CE,diesel_s10,385.1770,119
2015-11-10,CE,etanol,361.5860,127
2015-11-10,CE,gasolina,530.7250,145
2015-11-10,DF,diesel_s10,75.2340,23
2015-11-10,DF,etanol,101.3140,34
2015-11-10,DF,gasolina,128.0530,34
2015-11-10,ES,diesel_s10,52.4200,17
2015-11-10,ES,etanol,47.7690,16
2015-11-10,ES,gasolina,74.1200,20
2015-11-10,GO,diesel_s10,196.6430,62
2015-11-10,GO,etanol,284.8470,112
2015-11-10,GO,gasolina,387.2590,107
2015-11-10,MA,diesel_s10,64.1110,21
2015-11-10,MA,etanol,43.1710,15
2015-11-10,MA,gasolina,102.1110,28
2015-11-10,MG,diesel_s10,202.2040,65
2015-11-10,MG,etanol,377.8050,146
2015-11-10,MG,gasolina,522.2100,145
2015-11-10,MS,diesel_s10,22.5400,7
2015-11-10,MS,etanol,25.2400,9
2015-11-10,MS,gasolina,36.9700,10
2015-11-10,MT,diesel_s10,78.2910,23
2015-11-10,MT,etanol,94.2750,42
2015-11-10,MT,gasolina,147.7580,42
2015-11-10,PA,diesel_s10,57.7660,18
2015-11-10,PA,etanol,18.7400,6
2015-11-10,PA,gasolina,82.7740,22
2015-11-10,PB,diesel_s10,53.4690,18
2015-11-10,PB,etanol,68.5100,27
2015-11-10,PB,gasolina,101.2210,31
2015-11-10,PE,diesel_s10,95.3900,32
2015-11-10,PE,etanol,101.6310,38
2015-11-10,PE,gasolina,167.4850,46
2015-11-10,PI,diesel_s10,34.5770,11
2015-11-10,PI,etanol,17.2160,6
2015-11-10,PI,gasolina,48.0330,14
2015-11-10,PR,diesel_s10,291.4640,98
2015-11-10,PR,etanol,338.9310,128
2015-11-10,PR,gasolina,463.8810,128
2015-11-10,RJ,diesel_s10,233.1470,74
2015-11-10,RJ,etanol,354.8650,117
2015-11-10,RJ,gasolina,464.7400,123
2015-11-10,RN,diesel_s10,103.0100,32
2015-11-10,RN,etanol,126.6450,45
2015-11-10,RN,gasolina,178.8760,50
2015-11-10,RO,diesel_s10,100.0180,30
2015-11-10,RO,etanol,86.6340,30
2015-11-10,RO,gasolina,181.8140,48
2015-11-10,RR,diesel_s10,26.0200,8
2015-11-10,RR,etanol,3.1900,1
2015-11-10,RR,gasolina,34.0690,9
2015-11-10,RS,diesel_s10,251.1310,81
2015-11-10,RS,etanol,361.7580,122
2015-11-10,RS,gasolina,569.3100,160
2015-11-10,SC,diesel_s10,366.4460,120
2015-11-10,SC,etanol,420.7770,147
2015-11-10,SC,gasolina,569.1980,163
2015-11-10,SE,diesel_s10,49.4870,16
2015-11-10,SE,etanol,32.7030,12
2015-11-10,SE,gasolina,62.1900,18
2015-11-10,SP,diesel_s10,732.8870,241
2015-11-10,SP,etanol,1049.1580,418
2015-11-10,SP,gasolina,1445.2460,412
2015-11-10,TO,diesel_s10,55.9090,18
2015-11-10,TO,etanol,63.8450,23
2015-11-10,TO,gasolina,79.1130,21
2015-11-11,BA,diesel_s10,47.5490,16
2015-11-11,BA,etanol,71.4290,25
2015-11-11,BA,gasolina,94.3890,25
2015-11-11,ES,diesel_s10,52.0980,17
2015-11-11,ES,etanol,96.1960,34
2015-11-11,ES,gasolina,135.8760,39
2015-11-11,GO,diesel_s10,24.3950,8
2015-11-11,GO,etanol,42.7330,17
2015-11-11,GO,gasolina,57.0600,16
2015-11-11,MG,diesel_s10,27.5950,9
2015-11-11,MG,etanol,29.5740,12
2015-11-11,MG,gasolina,46.3430,13
2015-11-11,MS,diesel_s10,89.1060,28
2015-11-11,MS,etanol,91.1370,35
2015-11-11,MS,gasolina,120.3470,35
2015-11-11,MT,diesel_s10,136.2830,40
2015-11-11,MT,etanol,162.2460,70
2015-11-11,MT,gasolina,252.1730,70
2015-11-11,PB,diesel_s10,33.5590,11
2015-11-11,PB,etanol,34.1700,13
2015-11-11,PB,gasolina,46.2880,13
2015-11-11,PE,diesel_s10,56.3700,19
2015-11-11,PE,etanol,57.3310,22
2015-11-11,PE,gasolina,73.0260,20
2015-11-11,PR,diesel_s10,33.4340,11
2015-11-11,PR,etanol,59.9790,22
2015-11-11,PR,gasolina,81.7830,22
2015-11-11,RJ,diesel_s10,162.4480,52
2015-11-11,RJ,etanol,275.8470,89
2015-11-11,RJ,gasolina,344.3060,90
2015-11-11,RN,diesel_s10,3.3400,1
2015-11-11,RN,etanol,8.3500,3
2015-11-11,RN,gasolina,10.6300,3
2015-11-11,RS,diesel_s10,19.1540,6
2015-11-11,RS,etanol,28.8980,9
2015-11-11,RS,gasolina,33.5450,9
2015-11-11,SC,diesel_s10,6.1980,2
2015-11-11,SC,etanol,5.7980,2
2015-11-11,SC,gasolina,6.8980,2
2015-11-11,SP,diesel_s10,535.9900,174
2015-11-11,SP,etanol,608.8860,244
2015-11-11,SP,gasolina,836.7110,241
2015-11-12,AC,diesel_s10,71.7200,20
2015-11-12,AC,etanol,44.7700,14
2015-11-12,AC,gasolina,85.5200,21
2015-11-12,AL,diesel_s10,36.7030,12
2015-11-12,AL,etanol,39.4510,14
2015-11-12,AL,gasolina,51.5010,14
2015-11-12,AM,diesel_s10,38.0600,11
2015-11-12,AM,etanol,5.8500,2
2015-11-12,AM,gasolina,111.7500,27
2015-11-12,AP,diesel_s10,46.1500,13
2015-11-12,AP,etanol,6.1000,2
2015-11-12,AP,gasolina,46.2100,13
2015-11-12,BA,diesel_s10,253.1260,80
2015-11-12,BA,etanol,299.3660,106
2015-11-12,BA,gasolina,408.2560,107
2015-11-12,CE,diesel_s10,35.9760,11
2015-11-12,CE,etanol,39.7680,14
2015-11-12,CE,gasolina,47.4470,13
2015-11-12,ES,diesel_s10,75.3000,24
2015-11-12,ES,etanol,81.9000,28
2015-11-12,ES,gasolina,140.5800,39
2015-11-12,GO,diesel_s10,67.8390,21
2015-11-12,GO,etanol,103.3720,40
2015-11-12,GO,gasolina,136.3450,37
2015-11-12,MA,diesel_s10,131.7060,44
2015-11-12,MA,etanol,52.9360,19
2015-11-12,MA,gasolina,194.0250,57
2015-11-12,MG,diesel_s10,240.6000,77
2015-11-12,MG,etanol,373.2810,141
2015-11-12,MG,gasolina,507.5030,136
2015-11-12,MS,diesel_s10,40.8520,13
2015-11-12,MS,etanol,51.0370,18
2015-11-12,MS,gasolina,67.0910,18
2015-11-12,PA,diesel_s10,101.3130,31
2015-11-12,PA,etanol,45.8450,14
2015-11-12,PA,gasolina,142.2750,37
2015-11-12,PB,diesel_s10,27.2760,9
2015-11-12,PB,etanol,24.3550,9
2015-11-12,PB,gasolina,37.7250,11
2015-11-12,PE,diesel_s10,115.6700,39
2015-11-12,PE,etanol,90.6020,34
2015-11-12,PE,gasolina,140.9690,40
2015-11-12,PI,diesel_s10,66.5780,21
2015-11-12,PI,etanol,38.7400,13
2015-11-12,PI,gasolina,93.1780,26
2015-11-12,PR,diesel_s10,96.9510,33
2015-11-12,PR,etanol,139.1050,54
2015-11-12,PR,gasolina,187.2980,53
2015-11-12,RJ,diesel_s10,71.5760,23
2015-11-12,RJ,etanol,126.1280,42
2015-11-12,RJ,gasolina,156.8780,42
2015-11-12,RN,diesel_s10,12.4680,4
2015-11-12,RN,etanol,16.7180,6
2015-11-12,RN,gasolina,24.4270,7
2015-11-12,RO,diesel_s10,36.7870,11
2015-11-12,RO,etanol,9.0500,3
2015-11-12,RO,gasolina,38.4850,10
2015-11-12,RS,diesel_s10,34.2000,11
2015-11-12,RS,etanol,28.6990,9
2015-11-12,RS,gasolina,66.9280,18
2015-11-12,SE,diesel_s10,27.8030,9
2015-11-12,SE,etanol,15.9940,6
2015-11-12,SE,gasolina,31.5310,9
2015-11-12,SP,diesel_s10,172.2600,57
2015-11-12,SP,etanol,251.5050,103
2015-11-12,SP,gasolina,351.7650,103
2015-11-12,TO,diesel_s10,9.0200,3
2015-11-12,TO,etanol,16.8390,6
2015-11-12,TO,gasolina,21.4790,6
2015-11-16,AC,diesel_s10,19.7700,5
2015-11-16,AC,etanol,11.0300,3
2015-11-16,AC,gasolina,43.2200,10
2015-11-16,AL,diesel_s10,24.4160,8
2015-11-16,AL,etanol,25.9470,9
2015-11-16,AL,gasolina,28.4470,8
2015-11-16,AM,diesel_s10,30.3900,9
2015-11-16,AM,etanol,18.1200,6
2015-11-16,AM,gasolina,64.5700,16
2015-11-16,AP,diesel_s10,7.1600,2
2015-11-16,AP,etanol,3.2000,1
2015-11-16,AP,gasolina,10.6700,3
2015-11-16,BA,diesel_s10,143.4300,45
2015-11-16,BA,etanol,158.7310,55
2015-11-16,BA,gasolina,217.4200,56
2015-11-16,CE,diesel_s10,29.3330,9
2015-11-16,CE,etanol,39.6880,14
2015-11-16,CE,gasolina,51.4290,14
2015-11-16,ES,diesel_s10,65.5100,21
2015-11-16,ES,etanol,64.0290,21
2015-11-16,ES,gasolina,97.2200,26
2015-11-16,GO,diesel_s10,89.4520,28
2015-11-16,GO,etanol,145.5070,54
2015-11-16,GO,gasolina,191.3670,52
2015-11-16,MA,diesel_s10,24.9580,8
2015-11-16,MA,etanol,8.8990,3
2015-11-16,MA,gasolina,33.4880,9
2015-11-16,MG,diesel_s10,181.2890,58
2015-11-16,MG,etanol,332.6530,122
2015-11-16,MG,gasolina,441.6390,119
2015-11-16,MS,diesel_s10,60.7690,19
2015-11-16,MS,etanol,80.6780,29
2015-11-16,MS,gasolina,104.3620,29
2015-11-16,MT,diesel_s10,34.6850,10
2015-11-16,MT,etanol,32.7700,13
2015-11-16,MT,gasolina,48.3110,13
2015-11-16,PA,diesel_s10,78.8890,24
2015-11-16,PA,etanol,26.2050,8
2015-11-16,PA,gasolina,109.2190,28
2015-11-16,PB,diesel_s10,33.5620,11
2015-11-16,PB,etanol,30.0360,11
2015-11-16,PB,gasolina,41.1610,12
2015-11-16,PE,diesel_s10,243.1570,82
2015-11-16,PE,etanol,202.0920,76
2015-11-16,PE,gasolina,307.9270,87
2015-11-16,PI,diesel_s10,79.0860,24
2015-11-16,PI,etanol,68.4170,22
2015-11-16,PI,gasolina,117.9600,33
2015-11-16,PR,diesel_s10,411.8700,139
2015-11-16,PR,etanol,533.7430,202
2015-11-16,PR,gasolina,721.8970,200
2015-11-16,RJ,diesel_s10,173.8840,56
2015-11-16,RJ,etanol,270.0530,89
2015-11-16,RJ,gasolina,335.9400,89
2015-11-16,RN,diesel_s10,3.1900,1
2015-11-16,RN,etanol,2.8900,1
2015-11-16,RN,gasolina,3.5990,1
2015-11-16,RO,diesel_s10,87.2270,26
2015-11-16,RO,etanol,59.5760,20
2015-11-16,RO,gasolina,122.6880,32
2015-11-16,RS,diesel_s10,312.8250,101
2015-11-16,RS,etanol,424.2610,140
2015-11-16,RS,gasolina,691.9670,193
2015-11-16,SC,diesel_s10,447.3200,147
2015-11-16,SC,etanol,491.9770,171
2015-11-16,SC,gasolina,672.6630,193
2015-11-16,SE,diesel_s10,64.7040,21
2015-11-16,SE,etanol,38.6680,14
2015-11-16,SE,gasolina,83.9420,24
2015-11-16,SP,diesel_s10,1125.7340,369
2015-11-16,SP,etanol,1516.2380,600
2015-11-16,SP,gasolina,2071.9710,590
2015-11-16,TO,diesel_s10,50.0740,16
2015-11-16,TO,etanol,73.2470,26
2015-11-16,TO,gasolina,92.2480,25
2015-11-17,AL,diesel_s10,101.2130,33
2015-11-17,AL,etanol,136.0540,47
2015-11-17,AL,gasolina,198.3500,54
2015-11-17,AM,diesel_s10,91.4500,27
2015-11-17,AM,etanol,85.5290,28
2015-11-17,AM,gasolina,194.4390,50
2015-11-17,AP,diesel_s10,32.1700,9
2015-11-17,AP,etanol,2.9000,1
2015-11-17,AP,gasolina,25.1700,7
2015-11-17,BA,diesel_s10,189.3850,60
2015-11-17,BA,etanol,290.7470,101
2015-11-17,BA,gasolina,405.3770,106
2015-11-17,CE,diesel_s10,435.5930,134
2015-11-17,CE,etanol,407.7170,142
2015-11-17,CE,gasolina,579.3840,157
2015-11-17,DF,diesel_s10,16.2190,5
2015-11-17,DF,etanol,23.6900,8
2015-11-17,DF,gasolina,30.1100,8
2015-11-17,ES,diesel_s10,42.9200,14
2015-11-17,ES,etanol,36.9000,12
2015-11-17,ES,gasolina,63.1200,17
2015-11-17,GO,diesel_s10,99.0970,31
2015-11-17,GO,etanol,143.7470,55
2015-11-17,GO,gasolina,190.7170,52
2015-11-17,MA,diesel_s10,85.3580,28
2015-11-17,MA,etanol,52.6120,18
2015-11-17,MA,gasolina,135.2200,37
2015-11-17,MG,diesel_s10,277.5130,88
2015-11-17,MG,etanol,484.1850,178
2015-11-17,MG,gasolina,642.4720,171
2015-11-17,MS,diesel_s10,89.5900,28
2015-11-17,MS,etanol,110.4550,40
2015-11-17,MS,gasolina,143.9280,40
2015-11-17,MT,diesel_s10,143.1600,42
2015-11-17,MT,etanol,201.5340,82
2015-11-17,MT,gasolina,298.9600,82
2015-11-17,PA,diesel_s10,107.0140,33
2015-11-17,PA,etanol,59.0670,18
2015-11-17,PA,gasolina,168.4400,44
2015-11-17,PB,diesel_s10,39.5290,13
2015-11-17,PB,etanol,41.8080,16
2015-11-17,PB,gasolina,67.8740,19
2015-11-17,PE,diesel_s10,113.4890,38
2015-11-17,PE,etanol,120.7340,45
2015-11-17,PE,gasolina,153.8280,43
2015-11-17,PI,diesel_s10,72.9540,23
2015-11-17,PI,etanol,44.8160,15
2015-11-17,PI,gasolina,106.2290,30
2015-11-17,PR,diesel_s10,114.7410,38
2015-11-17,PR,etanol,144.8400,53
2015-11-17,PR,gasolina,193.1150,52
2015-11-17,RJ,diesel_s10,204.3010,64
2015-11-17,RJ,etanol,368.8990,116
2015-11-17,RJ,gasolina,452.0160,117
2015-11-17,RN,diesel_s10,125.8450,39
2015-11-17,RN,etanol,150.0150,52
2015-11-17,RN,gasolina,212.3820,59
2015-11-17,RO,diesel_s10,53.7980,16
2015-11-17,RO,etanol,44.7880,15
2015-11-17,RO,gasolina,84.9570,22
2015-11-17,RR,diesel_s10,12.8700,4
2015-11-17,RR,etanol,3.0800,1
2015-11-17,RR,gasolina,22.7390,6
2015-11-17,RS,diesel_s10,62.9910,20
2015-11-17,RS,etanol,81.0740,25
2015-11-17,RS,gasolina,116.0820,31
2015-11-17,SE,diesel_s10,41.7990,13
2015-11-17,SE,etanol,36.4380,13
2015-11-17,SE,gasolina,53.2070,15
2015-11-17,SP,diesel_s10,897.5200,295
2015-11-17,SP,etanol,1224.8030,485
2015-11-17,SP,gasolina,1672.8060,482
2015-11-17,TO,diesel_s10,15.2990,5
2015-11-17,TO,etanol,21.7300,8
2015-11-17,TO,gasolina,29.4300,8
2015-11-18,BA,diesel_s10,114.2760,37
2015-11-18,BA,etanol,158.8370,56
2015-11-18,BA,gasolina,227.1330,60
2015-11-18,DF,diesel_s10,59.0240,18
2015-11-18,DF,etanol,77.7130,26
2015-11-18,DF,gasolina,97.9230,26
2015-11-18,ES,diesel_s10,128.2800,42
2015-11-18,ES,etanol,156.2100,52
2015-11-18,ES,gasolina,264.3800,74
2015-11-18,GO,diesel_s10,128.5330,41
2015-11-18,GO,etanol,201.6540,80
2015-11-18,GO,gasolina,284.3350,79
2015-11-18,MA,diesel_s10,12.3490,4
2015-11-18,MA,etanol,15.1900,5
2015-11-18,MA,gasolina,29.1590,8
2015-11-18,MG,diesel_s10,86.0720,28
2015-11-18,MG,etanol,201.5590,77
2015-11-18,MG,gasolina,273.1440,77
2015-11-18,MS,diesel_s10,3.1990,1
2015-11-18,MS,etanol,2.5990,1
2015-11-18,MS,gasolina,3.3990,1
2015-11-18,MT,diesel_s10,43.9390,13
2015-11-18,MT,etanol,75.9450,32
2015-11-18,MT,gasolina,106.6060,30
2015-11-18,PB,diesel_s10,47.6120,16
2015-11-18,PB,etanol,72.2390,28
2015-11-18,PB,gasolina,97.3110,30
2015-11-18,PE,diesel_s10,31.7220,10
2015-11-18,PE,etanol,29.6710,10
2015-11-18,PE,gasolina,43.6920,11
2015-11-18,PR,diesel_s10,21.3290,7
2015-11-18,PR,etanol,21.4740,8
2015-11-18,PR,gasolina,29.2830,8
2015-11-18,RJ,diesel_s10,78.3020,25
2015-11-18,RJ,etanol,174.5960,55
2015-11-18,RJ,gasolina,212.5750,55
2015-11-18,RO,diesel_s10,23.1490,7
2015-11-18,RO,etanol,17.1090,6
2015-11-18,RO,gasolina,52.2390,14
2015-11-18,RR,diesel_s10,3.3000,1
2015-11-18,RR,gasolina,11.2900,3
2015-11-18,RS,diesel_s10,34.6760,11
2015-11-18,RS,etanol,35.8110,11
2015-11-18,RS,gasolina,51.6650,14
2015-11-18,SP,diesel_s10,143.0000,46
2015-11-18,SP,etanol,226.0480,91
2015-11-18,SP,gasolina,321.0020,93
2015-11-18,TO,diesel_s10,15.4400,5
2015-11-18,TO,etanol,20.8200,7
2015-11-18,TO,gasolina,26.3200,7
2015-11-19,AC,diesel_s10,71.8600,20
2015-11-19,AC,etanol,54.7290,17
2015-11-19,AC,gasolina,85.4690,21
2015-11-19,AL,etanol,2.6500,1
2015-11-19,AL,gasolina,3.5990,1
2015-11-19,BA,diesel_s10,84.9610,27
2015-11-19,BA,etanol,174.8870,59
2015-11-19,BA,gasolina,232.4020,60
2015-11-19,MA,diesel_s10,101.6110,34
2015-11-19,MA,etanol,40.4970,14
2015-11-19,MA,gasolina,145.2700,43
2015-11-19,MG,diesel_s10,27.9540,9
2015-11-19,MG,etanol,35.0380,13
2015-11-19,MG,gasolina,48.0340,13
2015-11-19,MS,diesel_s10,19.3050,6
2015-11-19,MS,etanol,17.8270,6
2015-11-19,MS,gasolina,22.3150,6
2015-11-19,MT,diesel_s10,3.3500,1
2015-11-19,MT,etanol,4.3980,2
2015-11-19,MT,gasolina,6.7980,2
2015-11-19,PR,diesel_s10,5.8190,2
2015-11-19,PR,etanol,5.2400,2
2015-11-19,PR,gasolina,7.0800,2
2015-11-19,RJ,diesel_s10,114.7500,36
2015-11-19,RJ,etanol,201.1400,64
2015-11-19,RJ,gasolina,242.6900,64
2015-11-19,RS,diesel_s10,31.4110,10
2015-11-19,RS,etanol,39.0570,12
2015-11-19,RS,gasolina,52.3430,14
2015-11-19,SC,diesel_s10,15.0620,5
2015-11-19,SC,etanol,13.9720,5
2015-11-19,SC,gasolina,23.8200,7
2015-11-19,SP,diesel_s10,14.9750,5
2015-11-19,SP,etanol,20.1130,8
2015-11-19,SP,gasolina,27.4730,8
2015-11-19,TO,etanol,2.7900,1
2015-11-19,TO,gasolina,3.2900,1
2015-11-23,AC,diesel_s10,19.7700,5
2015-11-23,AC,etanol,11.0300,3
2015-11-23,AC,gasolina,43.1700,10
2015-11-23,AL,diesel_s10,48.5440,16
2015-11-23,AL,etanol,75.7020,26
2015-11-23,AL,gasolina,88.2200,24
2015-11-23,AM,diesel_s10,79.1180,24
2015-11-23,AM,etanol,94.6800,30
2015-11-23,AM,gasolina,164.6900,41
2015-11-23,AP,diesel_s10,7.1600,2
2015-11-23,AP,etanol,3.3000,1
2015-11-23,AP,gasolina,14.2600,4
2015-11-23,BA,diesel_s10,146.3780,46
2015-11-23,BA,etanol,167.8460,58
2015-11-23,BA,gasolina,224.0020,58
2015-11-23,CE,diesel_s10,26.1180,8
2015-11-23,CE,etanol,36.9990,13
2015-11-23,CE,gasolina,47.8850,13
2015-11-23,ES,diesel_s10,71.8400,23
2015-11-23,ES,etanol,62.0190,20
2015-11-23,ES,gasolina,97.8400,26
2015-11-23,GO,diesel_s10,86.1750,27
2015-11-23,GO,etanol,146.3580,54
2015-11-23,GO,gasolina,195.6630,53
2015-11-23,MA,diesel_s10,21.5480,7
2015-11-23,MA,etanol,15.0560,5
2015-11-23,MA,gasolina,36.5260,10
2015-11-23,MG,diesel_s10,194.3370,62
2015-11-23,MG,etanol,312.5520,113
2015-11-23,MG,gasolina,396.3750,106
2015-11-23,MS,diesel_s10,38.2990,12
2015-11-23,MS,etanol,52.1470,18
2015-11-23,MS,gasolina,67.3110,18
2015-11-23,MT,diesel_s10,51.3940,15
2015-11-23,MT,etanol,59.3580,24
2015-11-23,MT,gasolina,88.0500,24
2015-11-23,PA,diesel_s10,79.0890,24
2015-11-23,PA,etanol,26.5250,8
2015-11-23,PA,gasolina,109.8900,28
2015-11-23,PB,diesel_s10,33.5310,11
2015-11-23,PB,etanol,30.2750,11
2015-11-23,PB,gasolina,41.4000,12
2015-11-23,PE,diesel_s10,208.9790,70
2015-11-23,PE,etanol,174.2080,64
2015-11-23,PE,gasolina,269.8900,75
2015-11-23,PI,diesel_s10,78.9880,24
2015-11-23,PI,etanol,53.3890,17
2015-11-23,PI,gasolina,97.6040,27
2015-11-23,PR,diesel_s10,390.3100,132
2015-11-23,PR,etanol,526.5490,200
2015-11-23,PR,gasolina,713.9760,199
2015-11-23,RJ,diesel_s10,192.9950,62
2015-11-23,RJ,etanol,308.2990,99
2015-11-23,RJ,gasolina,369.5380,97
2015-11-23,RO,diesel_s10,84.5370,25
2015-11-23,RO,etanol,64.1910,21
2015-11-23,RO,gasolina,128.3370,33
2015-11-23,RS,diesel_s10,247.0600,79
2015-11-23,RS,etanol,330.9390,105
2015-11-23,RS,gasolina,505.6450,140
2015-11-23,SC,diesel_s10,103.1140,34
2015-11-23,SC,etanol,116.1300,39
2015-11-23,SC,gasolina,164.2790,47
2015-11-23,SE,diesel_s10,64.7440,21
2015-11-23,SE,etanol,38.8280,14
2015-11-23,SE,gasolina,83.9720,24
2015-11-23,SP,diesel_s10,1324.6410,434
2015-11-23,SP,etanol,1751.1920,689
2015-11-23,SP,gasolina,2388.0110,681
2015-11-23,TO,diesel_s10,50.0530,16
2015-11-23,TO,etanol,74.2980,26
2015-11-23,TO,gasolina,92.2870,25
2015-11-24,AL,diesel_s10,79.8190,26
2015-11-24,AL,etanol,90.9940,31
2015-11-24,AL,gasolina,136.3770,37
2015-11-24,AM,diesel_s10,42.8500,12
2015-11-24,AM,etanol,23.1200,7
2015-11-24,AM,gasolina,102.4400,25
2015-11-24,AP,diesel_s10,32.1700,9
2015-11-24,AP,etanol,2.9000,1
2015-11-24,AP,gasolina,25.1900,7
2015-11-24,BA,diesel_s10,186.2670,60
2015-11-24,BA,etanol,266.4110,93
2015-11-24,BA,gasolina,364.7180,96
2015-11-24,CE,diesel_s10,414.6340,127
2015-11-24,CE,etanol,406.3920,139
2015-11-24,CE,gasolina,588.2670,159
2015-11-24,DF,diesel_s10,78.5420,24
2015-11-24,DF,etanol,101.4320,34
2015-11-24,DF,gasolina,128.0620,34
2015-11-24,ES,diesel_s10,42.8700,14
2015-11-24,ES,etanol,37.4800,12
2015-11-24,ES,gasolina,63.1000,17
2015-11-24,GO,diesel_s10,124.3350,39
2015-11-24,GO,etanol,186.1730,70
2015-11-24,GO,gasolina,243.3770,66
2015-11-24,MA,diesel_s10,60.8250,20
2015-11-24,MA,etanol,38.2570,13
2015-11-24,MA,gasolina,91.8760,25
2015-11-24,MG,diesel_s10,294.2640,94
2015-11-24,MG,etanol,479.7730,176
2015-11-24,MG,gasolina,620.9330,168
2015-11-24,MS,diesel_s10,111.6650,35
2015-11-24,MS,etanol,133.6770,49
2015-11-24,MS,gasolina,165.2020,47
2015-11-24,MT,diesel_s10,14.2800,4
2015-11-24,MT,etanol,26.3480,10
2015-11-24,MT,gasolina,30.9090,8
2015-11-24,PA,diesel_s10,64.7590,20
2015-11-24,PA,etanol,46.6690,14
2015-11-24,PA,gasolina,115.3070,30
2015-11-24,PB,diesel_s10,42.7980,14
2015-11-24,PB,etanol,43.8100,16
2015-11-24,PB,gasolina,68.2890,19
2015-11-24,PE,diesel_s10,163.6430,54
2015-11-24,PE,etanol,177.9110,63
2015-11-24,PE,gasolina,234.2730,63
2015-11-24,PI,diesel_s10,81.2380,25
2015-11-24,PI,etanol,70.9470,23
2015-11-24,PI,gasolina,128.9310,36
2015-11-24,PR,diesel_s10,47.9960,16
2015-11-24,PR,etanol,104.5000,39
2015-11-24,PR,gasolina,143.7100,39
2015-11-24,RJ,diesel_s10,161.1050,51
2015-11-24,RJ,etanol,311.6630,98
2015-11-24,RJ,gasolina,384.5900,100
2015-11-24,RN,diesel_s10,64.8100,20
2015-11-24,RN,etanol,69.3000,24
2015-11-24,RN,gasolina,101.0260,28
2015-11-24,RO,diesel_s10,73.6360,22
2015-11-24,RO,etanol,53.6260,18
2015-11-24,RO,gasolina,110.6630,29
2015-11-24,RR,diesel_s10,23.1700,7
2015-11-24,RR,etanol,13.2100,4
2015-11-24,RR,gasolina,34.5500,9
2015-11-24,RS,diesel_s10,132.9690,43
2015-11-24,RS,etanol,195.3510,62
2015-11-24,RS,gasolina,312.0140,85
2015-11-24,SC,diesel_s10,332.9820,109
2015-11-24,SC,etanol,362.0470,124
2015-11-24,SC,gasolina,481.8440,138
2015-11-24,SE,diesel_s10,41.7990,13
2015-11-24,SE,etanol,36.6880,13
2015-11-24,SE,gasolina,53.6670,15
2015-11-24,SP,diesel_s10,730.4700,239
2015-11-24,SP,etanol,1095.0970,428
2015-11-24,SP,gasolina,1492.7970,425
2015-11-24,TO,diesel_s10,15.3590,5
2015-11-24,TO,etanol,21.8500,8
2015-11-24,TO,gasolina,29.4300,8
2015-11-25,AC,diesel_s10,68.4400,19
2015-11-25,AC,etanol,44.5300,14
2015-11-25,AC,gasolina,80.8500,20
2015-11-25,BA,diesel_s10,193.1100,61
2015-11-25,BA,etanol,358.2500,123
2015-11-25,BA,gasolina,489.2750,127
2015-11-25,ES,diesel_s10,134.7090,44
2015-11-25,ES,etanol,173.9780,57
2015-11-25,ES,gasolina,265.2790,74
2015-11-25,GO,diesel_s10,107.8690,34
2015-11-25,GO,etanol,169.8430,65
2015-11-25,GO,gasolina,232.1140,64
2015-11-25,MA,diesel_s10,121.1120,40
2015-11-25,MA,etanol,52.7000,18
2015-11-25,MA,gasolina,179.2190,51
2015-11-25,MG,diesel_s10,109.3000,35
2015-11-25,MG,etanol,236.9100,88
2015-11-25,MG,gasolina,328.5630,88
2015-11-25,MT,diesel_s10,163.9830,48
2015-11-25,MT,etanol,228.7690,94
2015-11-25,MT,gasolina,343.1690,95
2015-11-25,PA,diesel_s10,44.0360,14
2015-11-25,PA,etanol,16.0380,5
2015-11-25,PA,gasolina,51.3450,14
2015-11-25,PB,diesel_s10,54.1510,18
2015-11-25,PB,etanol,70.1290,27
2015-11-25,PB,gasolina,99.0390,30
2015-11-25,PE,diesel_s10,9.3900,3
2015-11-25,PE,etanol,12.2940,4
2015-11-25,PE,gasolina,16.1180,4
2015-11-25,PR,diesel_s10,60.8930,20
2015-11-25,PR,etanol,65.8030,24
2015-11-25,PR,gasolina,89.4620,24
2015-11-25,RJ,diesel_s10,68.4180,22
2015-11-25,RJ,etanol,174.8180,55
2015-11-25,RJ,gasolina,212.3030,55
2015-11-25,RN,diesel_s10,58.7460,18
2015-11-25,RN,etanol,89.9790,31
2015-11-25,RN,gasolina,115.6160,32
2015-11-25,RO,etanol,5.5900,2
2015-11-25,RO,gasolina,22.2400,6
2015-11-25,RS,diesel_s10,53.2580,17
2015-11-25,RS,etanol,60.5710,19
2015-11-25,RS,gasolina,96.0430,26
2015-11-25,SC,diesel_s10,27.1710,9
2015-11-25,SC,etanol,23.4020,8
2015-11-25,SC,gasolina,35.7960,10
2015-11-25,SP,diesel_s10,113.7340,37
2015-11-25,SP,etanol,167.0760,66
2015-11-25,SP,gasolina,233.2550,66
2015-11-26,AC,diesel_s10,3.6200,1
2015-11-26,AC,etanol,3.2900,1
2015-11-26,AC,gasolina,4.1000,1
2015-11-26,AL,etanol,2.6500,1
2015-11-26,AL,gasolina,3.5990,1
2015-11-26,MA,diesel_s10,21.0930,7
2015-11-26,MA,etanol,14.1150,5
2015-11-26,MA,gasolina,36.2900,11
2015-11-26,MG,diesel_s10,27.9540,9
2015-11-26,MG,etanol,32.2990,12
2015-11-26,MG,gasolina,44.2190,12
2015-11-26,MS,diesel_s10,25.9150,8
2015-11-26,MS,etanol,26.7570,9
2015-11-26,MS,gasolina,41.3650,11
2015-11-26,PR,diesel_s10,5.8190,2
2015-11-26,PR,etanol,5.1300,2
2015-11-26,PR,gasolina,7.0400,2
2015-11-26,RJ,diesel_s10,128.4810,41
2015-11-26,RJ,etanol,224.6870,71
2015-11-26,RJ,gasolina,269.0410,71
2015-11-26,RS,diesel_s10,5.9980,2
2015-11-26,RS,etanol,3.1990,1
2015-11-26,RS,gasolina,7.0880,2
2015-11-26,SC,diesel_s10,9.1680,3
2015-11-26,SC,etanol,9.0560,3
2015-11-26,SC,gasolina,17.3050,5
2015-11-26,SP,diesel_s10,3.0790,1
2015-11-26,SP,etanol,10.2170,4
2015-11-26,SP,gasolina,13.9170,4
2015-11-26,TO,diesel_s10,15.4680,5
2015-11-26,TO,etanol,23.5680,8
2015-11-26,TO,gasolina,29.7870,8
2015-11-30,AC,diesel_s10,19.7700,5
2015-11-30,AC,etanol,11.1800,3
2015-11-30,AC,gasolina,43.2200,10
2015-11-30,AL,diesel_s10,65.1560,21
2015-11-30,AL,etanol,87.1390,29
2015-11-30,AL,gasolina,123.3490,33
2015-11-30,AM,diesel_s10,93.2600,28
2015-11-30,AM,etanol,105.4700,33
2015-11-30,AM,gasolina,206.7690,52
2015-11-30,AP,diesel_s10,42.8600,12
2015-11-30,AP,etanol,6.2000,2
2015-11-30,AP,gasolina,39.2300,11
2015-11-30,BA,diesel_s10,214.6930,68
2015-11-30,BA,etanol,289.8580,100
2015-11-30,BA,gasolina,403.3190,105
2015-11-30,CE,diesel_s10,59.3030,18
2015-11-30,CE,etanol,52.2760,18
2015-11-30,CE,gasolina,70.6010,19
2015-11-30,ES,diesel_s10,98.2500,32
2015-11-30,ES,etanol,75.7300,24
2015-11-30,ES,gasolina,146.3800,39
2015-11-30,MA,diesel_s10,76.7160,25
2015-11-30,MA,etanol,41.6560,14
2015-11-30,MA,gasolina,118.4900,32
2015-11-30,MG,diesel_s10,43.1700,14
2015-11-30,MG,etanol,74.2460,27
2015-11-30,MG,gasolina,94.0910,25
2015-11-30,MS,diesel_s10,102.3200,32
2015-11-30,MS,etanol,131.5570,46
2015-11-30,MS,gasolina,162.8250,44
2015-11-30,PA,diesel_s10,124.2660,38
2015-11-30,PA,etanol,53.4040,16
2015-11-30,PA,gasolina,170.0520,44
2015-11-30,PB,diesel_s10,31.2060,10
2015-11-30,PB,etanol,29.7870,10
2015-11-30,PB,gasolina,47.0260,13
2015-11-30,PE,diesel_s10,208.9570,70
2015-11-30,PE,etanol,181.5880,66
2015-11-30,PE,gasolina,289.6000,80
2015-11-30,PI,diesel_s10,9.8970,3
2015-11-30,PI,etanol,12.5960,4
2015-11-30,PI,gasolina,17.8950,5
2015-11-30,PR,diesel_s10,109.9510,37
2015-11-30,PR,etanol,125.4730,47
2015-11-30,PR,gasolina,168.0130,46
2015-11-30,RJ,diesel_s10,140.3420,45
2015-11-30,RJ,etanol,210.5270,66
2015-11-30,RJ,gasolina,264.2950,68
2015-11-30,RO,diesel_s10,54.3400,16
2015-11-30,RO,etanol,52.6430,17
2015-11-30,RO,gasolina,86.4600,22
2015-11-30,RR,etanol,3.0500,1
2015-11-30,RR,gasolina,3.6900,1
2015-11-30,RS,diesel_s10,100.2190,32
2015-11-30,RS,etanol,95.3340,30
2015-11-30,RS,gasolina,154.7840,42
2015-11-30,SC,diesel_s10,88.0790,29
2015-11-30,SC,etanol,76.0220,25
2015-11-30,SC,gasolina,108.7000,31
2015-11-30,SE,diesel_s10,64.8650,21
2015-11-30,SE,etanol,42.2460,15
2015-11-30,SE,gasolina,85.3730,24
2015-11-30,SP,diesel_s10,1184.0500,389
2015-11-30,SP,etanol,1640.4430,641
2015-11-30,SP,gasolina,2216.8760,629
2015-11-30,TO,diesel_s10,13.0590,4
2015-11-30,TO,etanol,29.0440,10
2015-11-30,TO,gasolina,33.7530,9
2015-12-01,AC,diesel_s10,3.6000,1
2015-12-01,AC,gasolina,4.0800,1
2015-12-01,AL,diesel_s10,67.0130,22
2015-12-01,AL,etanol,89.0270,29
2015-12-01,AL,gasolina,109.0370,29
2015-12-01,AM,diesel_s10,23.0600,6
2015-12-01,AM,etanol,7.4000,2
2015-12-01,AM,gasolina,51.7400,12
2015-12-01,BA,diesel_s10,174.9350,56
2015-12-01,BA,etanol,227.4490,81
2015-12-01,BA,gasolina,308.8120,82
2015-12-01,CE,diesel_s10,350.4330,107
2015-12-01,CE,etanol,350.6580,117
2015-12-01,CE,gasolina,502.6720,131
2015-12-01,ES,diesel_s10,34.4000,11
2015-12-01,ES,etanol,31.7900,10
2015-12-01,ES,gasolina,53.0700,14
2015-12-01,GO,diesel_s10,99.2670,31
2015-12-01,GO,etanol,172.9790,66
2015-12-01,GO,gasolina,227.3800,62
2015-12-01,MA,diesel_s10,9.4500,3
2015-12-01,MA,etanol,15.0400,5
2015-12-01,MA,gasolina,25.7300,7
2015-12-01,MG,diesel_s10,358.9600,114
2015-12-01,MG,etanol,574.2710,207
2015-12-01,MG,gasolina,736.6290,196
2015-12-01,MS,diesel_s10,48.1010,15
2015-12-01,MS,etanol,63.7200,24
2015-12-01,MS,gasolina,92.2910,26
2015-12-01,MT,diesel_s10,16.5990,5
2015-12-01,MT,etanol,22.6500,9
2015-12-01,MT,gasolina,32.9090,9
2015-12-01,PA,diesel_s10,19.7200,6
2015-12-01,PA,etanol,16.3800,5
2015-12-01,PA,gasolina,55.9700,14
2015-12-01,PB,diesel_s10,84.3380,28
2015-12-01,PB,etanol,95.7500,36
2015-12-01,PB,gasolina,132.2530,39
2015-12-01,PE,diesel_s10,106.0220,35
2015-12-01,PE,etanol,116.8120,41
2015-12-01,PE,gasolina,161.5100,43
2015-12-01,PI,diesel_s10,95.3950,30
2015-12-01,PI,etanol,69.1350,22
2015-12-01,PI,gasolina,138.4510,38
2015-12-01,PR,diesel_s10,290.4470,97
2015-12-01,PR,etanol,417.3540,157
2015-12-01,PR,gasolina,563.7990,155
2015-12-01,RJ,diesel_s10,223.1080,71
2015-12-01,RJ,etanol,395.3150,125
2015-12-01,RJ,gasolina,484.6970,127
2015-12-01,RN,diesel_s10,97.0110,30
2015-12-01,RN,etanol,100.8870,34
2015-12-01,RN,gasolina,146.4030,40
2015-12-01,RO,diesel_s10,47.3680,14
2015-12-01,RO,etanol,27.9300,9
2015-12-01,RO,gasolina,50.1690,13
2015-12-01,RR,diesel_s10,16.3580,5
2015-12-01,RR,etanol,10.1400,3
2015-12-01,RR,gasolina,34.5590,9
2015-12-01,RS,diesel_s10,325.9900,105
2015-12-01,RS,etanol,442.6900,141
2015-12-01,RS,gasolina,680.9760,188
2015-12-01,SC,diesel_s10,365.4950,120
2015-12-01,SC,etanol,410.2100,139
2015-12-01,SC,gasolina,555.6360,159
2015-12-01,SP,diesel_s10,746.2700,242
2015-12-01,SP,etanol,963.7970,372
2015-12-01,SP,gasolina,1318.6410,372
2015-12-01,TO,diesel_s10,53.0140,17
2015-12-01,TO,etanol,64.8450,23
2015-12-01,TO,gasolina,87.9540,24
2015-12-02,AC,diesel_s10,68.4090,19
2015-12-02,AC,etanol,40.7750,13
2015-12-02,AC,gasolina,81.2490,20
2015-12-02,BA,diesel_s10,139.9070,44
2015-12-02,BA,etanol,203.4770,70
2015-12-02,BA,gasolina,278.2610,72
2015-12-02,CE,diesel_s10,72.0980,22
2015-12-02,CE,etanol,63.0790,21
2015-12-02,CE,gasolina,82.5170,22
2015-12-02,DF,diesel_s10,75.5100,23
2015-12-02,DF,etanol,101.5720,34
2015-12-02,DF,gasolina,128.2120,34
2015-12-02,ES,diesel_s10,95.6300,31
2015-12-02,ES,etanol,149.9000,49
2015-12-02,ES,gasolina,227.3300,64
2015-12-02,GO,diesel_s10,154.3160,49
2015-12-02,GO,etanol,247.2210,93
2015-12-02,GO,gasolina,330.4200,90
2015-12-02,MA,diesel_s10,123.5620,41
2015-12-02,MA,etanol,64.0200,22
2015-12-02,MA,gasolina,200.1400,58
2015-12-02,MG,diesel_s10,185.8720,60
2015-12-02,MG,etanol,344.3530,129
2015-12-02,MG,gasolina,474.6170,130
2015-12-02,MT,diesel_s10,232.7330,68
2015-12-02,MT,etanol,301.1390,120
2015-12-02,MT,gasolina,431.3350,118
2015-12-02,PA,diesel_s10,44.0360,14
2015-12-02,PA,etanol,16.0380,5
2015-12-02,PA,gasolina,51.3850,14
2015-12-02,PB,diesel_s10,15.2000,5
2015-12-02,PB,etanol,21.1180,8
2015-12-02,PB,gasolina,27.5470,8
2015-12-02,PE,diesel_s10,60.4660,20
2015-12-02,PE,etanol,54.0080,19
2015-12-02,PE,gasolina,77.2640,21
2015-12-02,PI,diesel_s10,55.3240,17
2015-12-02,PI,etanol,50.3250,16
2015-12-02,PI,gasolina,70.9800,20
2015-12-02,PR,diesel_s10,137.6230,47
2015-12-02,PR,etanol,160.7340,61
2015-12-02,PR,gasolina,216.3050,61
2015-12-02,RJ,diesel_s10,151.8130,48
2015-12-02,RJ,etanol,283.9660,89
2015-12-02,RJ,gasolina,345.8330,90
2015-12-02,RN,diesel_s10,48.9520,15
2015-12-02,RN,etanol,56.2990,19
2015-12-02,RN,gasolina,74.2080,20
2015-12-02,RO,diesel_s10,73.5460,22
2015-12-02,RO,etanol,41.1560,14
2015-12-02,RO,gasolina,121.0250,32
2015-12-02,RS,diesel_s10,34.4080,11
2015-12-02,RS,etanol,29.6580,9
2015-12-02,RS,gasolina,72.2730,19
2015-12-02,SE,diesel_s10,41.7990,13
2015-12-02,SE,etanol,37.7890,13
2015-12-02,SE,gasolina,53.9970,15
2015-12-02,SP,diesel_s10,271.7190,89
2015-12-02,SP,etanol,360.3790,142
2015-12-02,SP,gasolina,492.5100,142
2015-12-03,BA,diesel_s10,41.2990,13
2015-12-03,BA,etanol,66.3050,23
2015-12-03,BA,gasolina,87.0700,23
2015-12-03,GO,diesel_s10,44.2520,14
2015-12-03,GO,etanol,78.8680,30
2015-12-03,GO,gasolina,109.2180,30
2015-12-03,MG,diesel_s10,37.2620,12
2015-12-03,MG,etanol,77.3660,28
2015-12-03,MG,gasolina,105.7670,28
2015-12-03,MS,diesel_s10,19.2870,6
2015-12-03,MS,etanol,17.8270,6
2015-12-03,MS,gasolina,22.3970,6
2015-12-03,RJ,diesel_s10,79.2220,25
2015-12-03,RJ,etanol,122.9580,39
2015-12-03,RJ,gasolina,148.4770,39
2015-12-03,RS,diesel_s10,3.0690,1
2015-12-03,RS,etanol,3.1690,1
2015-12-03,RS,gasolina,11.1970,3
2015-12-03,SC,diesel_s10,11.9650,4
2015-12-03,SC,etanol,23.7500,8
2015-12-03,SC,gasolina,35.5480,10
2015-12-03,SP,diesel_s10,49.8720,16
2015-12-03,SP,etanol,78.5320,30
2015-12-03,SP,gasolina,106.0960,30
2015-12-03,TO,diesel_s10,21.5980,7
2015-12-03,TO,etanol,20.7890,7
2015-12-03,TO,gasolina,25.9070,7
2015-12-07,AC,diesel_s10,19.7700,5
2015-12-07,AC,etanol,7.3900,2
2015-12-07,AC,gasolina,43.2200,10
2015-12-07,AL,diesel_s10,34.6120,11
2015-12-07,AL,etanol,46.6640,15
2015-12-07,AL,gasolina,56.8780,15
2015-12-07,AM,diesel_s10,33.7200,10
2015-12-07,AM,etanol,2.9500,1
2015-12-07,AM,gasolina,65.2100,16
2015-12-07,AP,diesel_s10,28.5800,8
2015-12-07,AP,etanol,6.2000,2
2015-12-07,AP,gasolina,28.2700,8
2015-12-07,BA,diesel_s10,131.8590,41
2015-12-07,BA,etanol,165.7520,56
2015-12-07,BA,gasolina,226.4250,58
2015-12-07,ES,diesel_s10,70.6700,23
2015-12-07,ES,etanol,54.0800,17
2015-12-07,ES,gasolina,113.2300,30
2015-12-07,GO,diesel_s10,92.8530,29
2015-12-07,GO,etanol,176.8670,65
2015-12-07,GO,gasolina,231.3670,62
2015-12-07,MA,diesel_s10,48.7170,16
2015-12-07,MA,etanol,26.5190,9
2015-12-07,MA,gasolina,62.2650,17
2015-12-07,MG,diesel_s10,275.4080,88
2015-12-07,MG,etanol,466.2890,168
2015-12-07,MG,gasolina,604.6040,161
2015-12-07,MS,diesel_s10,108.5680,34
2015-12-07,MS,etanol,132.6350,48
2015-12-07,MS,gasolina,164.6750,46
2015-12-07,MT,etanol,2.5990,1
2015-12-07,MT,gasolina,3.5290,1
2015-12-07,PA,diesel_s10,133.7370,41
2015-12-07,PA,etanol,57.4730,17
2015-12-07,PA,gasolina,199.3790,51
2015-12-07,PB,diesel_s10,46.1320,15
2015-12-07,PB,etanol,46.1950,16
2015-12-07,PB,gasolina,67.5610,19
2015-12-07,PE,diesel_s10,217.6730,72
2015-12-07,PE,etanol,227.2060,79
2015-12-07,PE,gasolina,310.5190,83
2015-12-07,PI,diesel_s10,76.6740,24
2015-12-07,PI,etanol,69.7940,22
2015-12-07,PI,gasolina,109.4140,31
2015-12-07,PR,diesel_s10,232.2990,78
2015-12-07,PR,etanol,348.1200,131
2015-12-07,PR,gasolina,476.8850,131
2015-12-07,RJ,diesel_s10,233.8980,75
2015-12-07,RJ,etanol,400.0380,127
2015-12-07,RJ,gasolina,504.9440,131
2015-12-07,RN,diesel_s10,6.6090,2
2015-12-07,RN,etanol,6.0600,2
2015-12-07,RN,gasolina,7.6100,2
2015-12-07,RO,diesel_s10,44.0700,13
2015-12-07,RO,etanol,31.7800,10
2015-12-07,RO,gasolina,55.9100,14
2015-12-07,RS,diesel_s10,329.8070,106
2015-12-07,RS,etanol,465.8940,148
2015-12-07,RS,gasolina,698.0700,192
2015-12-07,SC,diesel_s10,424.2890,139
2015-12-07,SC,etanol,494.7510,165
2015-12-07,SC,gasolina,666.3870,189
2015-12-07,SE,diesel_s10,69.7610,22
2015-12-07,SE,etanol,55.4340,19
2015-12-07,SE,gasolina,86.7090,24
2015-12-07,SP,diesel_s10,1273.9830,417
2015-12-07,SP,etanol,1740.5980,682
2015-12-07,SP,gasolina,2383.8260,679
2015-12-07,TO,diesel_s10,28.3490,9
2015-12-07,TO,etanol,51.6340,18
2015-12-07,TO,gasolina,63.2430,17
2015-12-08,AL,diesel_s10,12.1990,4
2015-12-08,AL,etanol,13.1080,4
2015-12-08,AL,gasolina,22.6290,6
2015-12-08,AM,diesel_s10,19.2100,5
2015-12-08,AM,etanol,7.4000,2
2015-12-08,AM,gasolina,51.8400,12
2015-12-08,BA,diesel_s10,309.5970,99
2015-12-08,BA,etanol,405.4780,142
2015-12-08,BA,gasolina,566.4650,149
2015-12-08,CE,diesel_s10,511.5250,156
2015-12-08,CE,etanol,474.8230,158
2015-12-08,CE,gasolina,694.9190,180
2015-12-08,DF,diesel_s10,78.5600,24
2015-12-08,DF,etanol,101.5610,34
2015-12-08,DF,gasolina,128.0910,34
2015-12-08,ES,diesel_s10,9.3800,3
2015-12-08,ES,etanol,12.9000,4
2015-12-08,ES,gasolina,15.2100,4
2015-12-08,GO,diesel_s10,249.6590,79
2015-12-08,GO,etanol,392.9590,147
2015-12-08,GO,gasolina,527.4160,143
2015-12-08,MA,diesel_s10,78.0060,25
2015-12-08,MA,etanol,51.6470,17
2015-12-08,MA,gasolina,129.5890,35
2015-12-08,MG,diesel_s10,216.0190,69
2015-12-08,MG,etanol,308.6810,113
2015-12-08,MG,gasolina,407.6720,110
2015-12-08,MS,diesel_s10,82.2300,26
2015-12-08,MS,etanol,80.3670,28
2015-12-08,MS,gasolina,107.5390,29
2015-12-08,MT,diesel_s10,132.4190,38
2015-12-08,MT,etanol,186.1040,71
2015-12-08,MT,gasolina,258.4950,70
2015-12-08,PA,diesel_s10,37.7830,11
2015-12-08,PA,etanol,6.6700,2
2015-12-08,PA,gasolina,52.3100,13
2015-12-08,PB,diesel_s10,33.7000,11
2015-12-08,PB,etanol,35.8000,13
2015-12-08,PB,gasolina,46.6290,13
2015-12-08,PE,diesel_s10,122.4080,41
2015-12-08,PE,etanol,95.9220,35
2015-12-08,PE,gasolina,175.6540,48
2015-12-08,PI,diesel_s10,48.1980,15
2015-12-08,PI,etanol,32.1280,10
2015-12-08,PI,gasolina,73.8360,20
2015-12-08,PR,diesel_s10,250.4550,84
2015-12-08,PR,etanol,350.6330,132
2015-12-08,PR,gasolina,472.9300,131
2015-12-08,RJ,diesel_s10,148.5230,47
2015-12-08,RJ,etanol,214.5810,66
2015-12-08,RJ,gasolina,256.5930,66
2015-12-08,RN,diesel_s10,81.4420,25
2015-12-08,RN,etanol,106.7250,36
2015-12-08,RN,gasolina,152.6110,41
2015-12-08,RO,diesel_s10,54.1180,16
2015-12-08,RO,etanol,57.6410,19
2015-12-08,RO,gasolina,136.7270,36
2015-12-08,RS,diesel_s10,121.8530,39
2015-12-08,RS,etanol,137.0600,42
2015-12-08,RS,gasolina,222.7920,60
2015-12-08,SC,diesel_s10,15.0410,5
2015-12-08,SC,etanol,17.9710,6
2015-12-08,SC,gasolina,24.6440,7
2015-12-08,SE,diesel_s10,36.9590,12
2015-12-08,SE,etanol,22.6320,8
2015-12-08,SE,gasolina,52.8000,15
2015-12-08,SP,diesel_s10,824.5040,270
2015-12-08,SP,etanol,1092.6160,425
2015-12-08,SP,gasolina,1499.1740,424
2015-12-08,TO,diesel_s10,21.6090,7
2015-12-08,TO,etanol,35.1490,12
2015-12-08,TO,gasolina,43.1280,12
2015-12-09,AC,diesel_s10,64.9000,18
2015-12-09,AC,etanol,38.0100,12
2015-12-09,AC,gasolina,85.8400,21
2015-12-09,AL,diesel_s10,76.7770,25
2015-12-09,AL,etanol,116.8590,39
2015-12-09,AL,gasolina,157.2600,42
2015-12-09,AM,diesel_s10,55.3600,17
2015-12-09,AM,etanol,85.0400,27
2015-12-09,AM,gasolina,138.8740,37
2015-12-09,AP,diesel_s10,10.7700,3
2015-12-09,AP,gasolina,14.4600,4
2015-12-09,BA,diesel_s10,81.5380,26
2015-12-09,BA,etanol,112.8180,39
2015-12-09,BA,gasolina,151.7980,40
2015-12-09,CE,diesel_s10,39.4080,12
2015-12-09,CE,etanol,29.6900,10
2015-12-09,CE,gasolina,49.4200,13
2015-12-09,ES,diesel_s10,172.7090,56
2015-12-09,ES,etanol,217.3430,70
2015-12-09,ES,gasolina,302.6030,84
2015-12-09,GO,diesel_s10,6.4890,2
2015-12-09,GO,etanol,13.4390,5
2015-12-09,GO,gasolina,18.6390,5
2015-12-09,MA,diesel_s10,137.0470,45
2015-12-09,MA,etanol,48.3990,16
2015-12-09,MA,gasolina,206.5480,59
2015-12-09,MG,diesel_s10,207.3850,67
2015-12-09,MG,etanol,343.7230,126
2015-12-09,MG,gasolina,469.1110,127
2015-12-09,MS,diesel_s10,6.3190,2
2015-12-09,MS,etanol,5.6490,2
2015-12-09,MS,gasolina,7.3990,2
2015-12-09,MT,diesel_s10,144.8370,42
2015-12-09,MT,etanol,171.6080,66
2015-12-09,MT,gasolina,245.7470,66
2015-12-09,PA,diesel_s10,84.7370,26
2015-12-09,PA,etanol,36.9150,11
2015-12-09,PA,gasolina,101.5340,26
2015-12-09,PE,diesel_s10,123.3120,41
2015-12-09,PE,etanol,133.4630,47
2015-12-09,PE,gasolina,172.8100,47
2015-12-09,PI,diesel_s10,28.3490,9
2015-12-09,PI,etanol,21.7570,7
2015-12-09,PI,gasolina,43.7670,12
2015-12-09,PR,diesel_s10,58.8030,20
2015-12-09,PR,etanol,69.1690,26
2015-12-09,PR,gasolina,93.2820,26
2015-12-09,RJ,diesel_s10,190.3980,60
2015-12-09,RJ,etanol,367.7920,115
2015-12-09,RJ,gasolina,451.7220,118
2015-12-09,RN,diesel_s10,44.7020,14
2015-12-09,RN,etanol,50.6020,17
2015-12-09,RN,gasolina,63.7460,17
2015-12-09,RO,diesel_s10,60.9340,18
2015-12-09,RO,etanol,36.9860,12
2015-12-09,RO,gasolina,69.4940,18
2015-12-09,RR,diesel_s10,19.8000,6
2015-12-09,RR,etanol,10.6900,3
2015-12-09,RR,gasolina,34.9090,9
2015-12-09,RS,diesel_s10,88.0710,28
2015-12-09,RS,etanol,91.5610,28
2015-12-09,RS,gasolina,153.3000,42
2015-12-09,SC,diesel_s10,93.5460,31
2015-12-09,SC,etanol,85.5630,28
2015-12-09,SC,gasolina,150.2800,42
2015-12-09,SP,diesel_s10,639.6630,209
2015-12-09,SP,etanol,807.6650,316
2015-12-09,SP,gasolina,1096.9850,310
2015-12-09,TO,diesel_s10,37.8130,12
2015-12-09,TO,etanol,29.3640,10
2015-12-09,TO,gasolina,41.4430,11
2015-12-10,AL,gasolina,3.5990,1
2015-12-10,BA,diesel_s10,119.6190,38
2015-12-10,BA,etanol,190.1340,66
2015-12-10,BA,gasolina,253.5530,67
2015-12-10,MG,diesel_s10,37.0610,12
2015-12-10,MG,etanol,118.8510,45
2015-12-10,MG,gasolina,167.1820,45
2015-12-10,MS,diesel_s10,12.9680,4
2015-12-10,MS,etanol,12.1780,4
2015-12-10,MS,gasolina,14.9070,4
2015-12-10,MT,diesel_s10,3.2990,1
2015-12-10,MT,etanol,2.4490,1
2015-12-10,MT,gasolina,3.3990,1
2015-12-10,PA,diesel_s10,3.5000,1
2015-12-10,PA,gasolina,27.9200,7
2015-12-10,PB,diesel_s10,51.2920,17
2015-12-10,PB,etanol,69.0290,26
2015-12-10,PB,gasolina,96.8440,29
2015-12-10,PR,diesel_s10,23.8740,8
2015-12-10,PR,etanol,43.8790,16
2015-12-10,PR,gasolina,59.4150,16
2015-12-10,RJ,diesel_s10,93.0160,30
2015-12-10,RJ,etanol,171.4400,54
2015-12-10,RJ,gasolina,205.7020,54
2015-12-10,RS,diesel_s10,3.0990,1
2015-12-10,RS,etanol,3.1990,1
2015-12-10,RS,gasolina,7.4380,2
2015-12-10,SP,diesel_s10,2.9990,1
2015-12-10,SP,etanol,7.4770,3
2015-12-10,SP,gasolina,10.2530,3
2015-12-14,AC,diesel_s10,19.7700,5
2015-12-14,AC,etanol,3.6000,1
2015-12-14,AC,gasolina,43.2200,10
2015-12-14,AL,diesel_s10,55.9890,18
2015-12-14,AL,etanol,92.5790,30
2015-12-14,AL,gasolina,113.5750,30
2015-12-14,AM,diesel_s10,88.9600,27
2015-12-14,AM,etanol,78.6400,25
2015-12-14,AM,gasolina,185.9130,48
2015-12-14,AP,diesel_s10,28.5800,8
2015-12-14,AP,etanol,6.2000,2
2015-12-14,AP,gasolina,28.2700,8
2015-12-14,BA,diesel_s10,135.1590,42
2015-12-14,BA,etanol,168.4860,57
2015-12-14,BA,gasolina,222.1990,57
2015-12-14,CE,diesel_s10,3.2990,1
2015-12-14,CE,gasolina,3.8700,1
2015-12-14,ES,diesel_s10,67.7800,22
2015-12-14,ES,etanol,51.6900,16
2015-12-14,ES,gasolina,106.1600,28
2015-12-14,GO,diesel_s10,102.5120,32
2015-12-14,GO,etanol,176.9580,65
2015-12-14,GO,gasolina,231.1080,62
2015-12-14,MA,diesel_s10,48.7170,16
2015-12-14,MA,etanol,26.5190,9
2015-12-14,MA,gasolina,58.4450,16
2015-12-14,MG,diesel_s10,272.8510,87
2015-12-14,MG,etanol,476.6980,171
2015-12-14,MG,gasolina,616.1640,164
2015-12-14,MS,diesel_s10,48.4540,15
2015-12-14,MS,etanol,63.4090,22
2015-12-14,MS,gasolina,75.0250,20
2015-12-14,MT,diesel_s10,13.3480,4
2015-12-14,MT,etanol,12.7380,5
2015-12-14,MT,gasolina,18.2180,5
2015-12-14,PA,diesel_s10,133.7420,41
2015-12-14,PA,etanol,57.4730,17
2015-12-14,PA,gasolina,199.5590,51
2015-12-14,PB,diesel_s10,49.1810,16
2015-12-14,PB,etanol,46.2640,16
2015-12-14,PB,gasolina,68.0900,19
2015-12-14,PE,diesel_s10,152.2280,50
2015-12-14,PE,etanol,162.3630,56
2015-12-14,PE,gasolina,228.3970,61
2015-12-14,PI,diesel_s10,50.9230,16
2015-12-14,PI,etanol,38.3140,12
2015-12-14,PI,gasolina,74.6780,21
2015-12-14,PR,diesel_s10,178.1180,60
2015-12-14,PR,etanol,270.0790,102
2015-12-14,PR,gasolina,358.1370,99
2015-12-14,RJ,diesel_s10,172.1920,55
2015-12-14,RJ,etanol,292.5960,92
2015-12-14,RJ,gasolina,366.7890,95
2015-12-14,RO,diesel_s10,50.6800,15
2015-12-14,RO,etanol,31.6190,10
2015-12-14,RO,gasolina,59.7500,15
2015-12-14,RS,diesel_s10,262.7460,84
2015-12-14,RS,etanol,310.2710,98
2015-12-14,RS,gasolina,468.9590,129
2015-12-14,SC,diesel_s10,128.5690,42
2015-12-14,SC,etanol,135.0370,44
2015-12-14,SC,gasolina,190.2320,54
2015-12-14,SE,diesel_s10,24.8730,8
2015-12-14,SE,etanol,20.6440,7
2015-12-14,SE,gasolina,32.8120,9
2015-12-14,SP,diesel_s10,1076.6420,353
2015-12-14,SP,etanol,1508.9050,590
2015-12-14,SP,gasolina,2059.0780,583
2015-12-14,TO,diesel_s10,31.7390,10
2015-12-14,TO,etanol,51.8830,18
2015-12-14,TO,gasolina,63.0720,17
2015-12-15,AL,diesel_s10,12.1990,4
2015-12-15,AL,etanol,13.2080,4
2015-12-15,AL,gasolina,22.6690,6
2015-12-15,AM,diesel_s10,19.2100,5
2015-12-15,AM,etanol,7.5500,2
2015-12-15,AM,gasolina,51.8400,12
2015-12-15,BA,diesel_s10,309.4650,99
2015-12-15,BA,etanol,402.5070,141
2015-12-15,BA,gasolina,557.6900,147
2015-12-15,CE,diesel_s10,508.3600,155
2015-12-15,CE,etanol,500.6060,165
2015-12-15,CE,gasolina,688.5020,178
2015-12-15,DF,diesel_s10,52.4550,16
2015-12-15,DF,etanol,83.5550,28
2015-12-15,DF,gasolina,105.6140,28
2015-12-15,ES,diesel_s10,15.5000,5
2015-12-15,ES,etanol,22.9600,7
2015-12-15,ES,gasolina,30.2200,8
2015-12-15,GO,diesel_s10,220.2080,69
2015-12-15,GO,etanol,296.2540,110
2015-12-15,GO,gasolina,392.2180,106
2015-12-15,MA,diesel_s10,105.7810,34
2015-12-15,MA,etanol,61.3440,20
2015-12-15,MA,gasolina,177.4300,48
2015-12-15,MG,diesel_s10,288.0310,93
2015-12-15,MG,etanol,474.2920,175
2015-12-15,MG,gasolina,642.2710,175
2015-12-15,MS,diesel_s10,132.8080,42
2015-12-15,MS,etanol,148.9110,54
2015-12-15,MS,gasolina,196.1050,55
2015-12-15,MT,diesel_s10,69.1450,20
2015-12-15,MT,etanol,84.8960,32
2015-12-15,MT,gasolina,117.9660,32
2015-12-15,PA,diesel_s10,34.7730,10
2015-12-15,PA,etanol,6.6700,2
2015-12-15,PA,gasolina,48.5600,12
2015-12-15,PB,diesel_s10,30.2170,10
2015-12-15,PB,etanol,32.0420,12
2015-12-15,PB,gasolina,43.1330,12
2015-12-15,PE,diesel_s10,233.2800,78
2015-12-15,PE,etanol,209.8610,76
2015-12-15,PE,gasolina,339.0250,93
2015-12-15,PI,diesel_s10,80.2750,25
2015-12-15,PI,etanol,69.1540,22
2015-12-15,PI,gasolina,118.6000,33
2015-12-15,PR,diesel_s10,146.2140,49
2015-12-15,PR,etanol,216.9510,80
2015-12-15,PR,gasolina,282.8350,77
2015-12-15,RJ,diesel_s10,260.0010,82
2015-12-15,RJ,etanol,437.4360,138
2015-12-15,RJ,gasolina,532.9030,138
2015-12-15,RN,diesel_s10,111.1930,34
2015-12-15,RN,etanol,144.0460,48
2015-12-15,RN,gasolina,193.5600,52
2015-12-15,RO,diesel_s10,34.1400,10
2015-12-15,RO,etanol,43.3530,14
2015-12-15,RO,gasolina,66.1190,17
2015-12-15,RR,diesel_s10,16.4800,5
2015-12-15,RR,etanol,3.5900,1
2015-12-15,RR,gasolina,31.1580,8
2015-12-15,RS,diesel_s10,101.8340,33
2015-12-15,RS,etanol,104.2920,32
2015-12-15,RS,gasolina,169.1830,46
2015-12-15,SC,diesel_s10,171.3760,56
2015-12-15,SC,etanol,198.2560,66
2015-12-15,SC,gasolina,258.4010,74
2015-12-15,SE,diesel_s10,40.1280,13
2015-12-15,SE,etanol,25.6310,9
2015-12-15,SE,gasolina,56.4490,16
2015-12-15,SP,diesel_s10,876.4920,287
2015-12-15,SP,etanol,1193.3550,467
2015-12-15,SP,gasolina,1636.8500,467
2015-12-15,TO,diesel_s10,6.1300,2
2015-12-15,TO,etanol,17.3500,6
2015-12-15,TO,gasolina,20.9600,6
2015-12-16,AC,diesel_s10,72.1800,20
2015-12-16,AC,etanol,44.2500,14
2015-12-16,AC,gasolina,84.7500,21
2015-12-16,AL,diesel_s10,55.4320,18
2015-12-16,AL,etanol,69.4270,23
2015-12-16,AL,gasolina,97.5270,26
2015-12-16,AM,diesel_s10,7.1200,2
2015-12-16,AM,etanol,6.1200,2
2015-12-16,AM,gasolina,20.2300,5
2015-12-16,AP,diesel_s10,10.7700,3
2015-12-16,AP,gasolina,14.4600,4
2015-12-16,BA,diesel_s10,25.0740,8
2015-12-16,BA,etanol,34.0730,12
2015-12-16,BA,gasolina,49.6420,13
2015-12-16,CE,diesel_s10,39.2680,12
2015-12-16,CE,etanol,26.2600,9
2015-12-16,CE,gasolina,49.2000,13
2015-12-16,DF,diesel_s10,19.7380,6
2015-12-16,DF,etanol,17.8980,6
2015-12-16,DF,gasolina,22.5880,6
2015-12-16,ES,diesel_s10,148.6800,48
2015-12-16,ES,etanol,205.3240,66
2015-12-16,ES,gasolina,297.5250,82
2015-12-16,GO,diesel_s10,59.0300,19
2015-12-16,GO,etanol,104.8920,42
2015-12-16,GO,gasolina,149.4320,42
2015-12-16,MA,diesel_s10,24.0420,8
2015-12-16,MA,etanol,12.4770,4
2015-12-16,MA,gasolina,38.0410,11
2015-12-16,MG,diesel_s10,109.6850,35
2015-12-16,MG,etanol,167.4090,60
2015-12-16,MG,gasolina,228.3420,60
2015-12-16,MS,diesel_s10,6.3190,2
2015-12-16,MS,etanol,5.9090,2
2015-12-16,MS,gasolina,7.4690,2
2015-12-16,MT,diesel_s10,208.1840,60
2015-12-16,MT,etanol,274.1780,102
2015-12-16,MT,gasolina,381.0410,101
2015-12-16,PA,diesel_s10,84.4460,26
2015-12-16,PA,etanol,31.0860,9
2015-12-16,PA,gasolina,104.8120,27
2015-12-16,PB,diesel_s10,27.2140,9
2015-12-16,PB,etanol,37.3830,14
2015-12-16,PB,gasolina,57.1870,17
2015-12-16,PE,diesel_s10,60.0900,20
2015-12-16,PE,etanol,68.3800,24
2015-12-16,PE,gasolina,86.4860,24
2015-12-16,PI,diesel_s10,25.1000,8
2015-12-16,PI,etanol,12.3100,4
2015-12-16,PI,gasolina,33.0700,9
2015-12-16,PR,diesel_s10,213.3920,72
2015-12-16,PR,etanol,269.7270,102
2015-12-16,PR,gasolina,362.5810,101
2015-12-16,RJ,diesel_s10,97.9000,31
2015-12-16,RJ,etanol,205.1430,64
2015-12-16,RJ,gasolina,247.8110,64
2015-12-16,RN,diesel_s10,22.4580,7
2015-12-16,RN,etanol,24.0330,8
2015-12-16,RN,gasolina,29.9290,8
2015-12-16,RO,diesel_s10,81.1730,24
2015-12-16,RO,etanol,51.4650,17
2015-12-16,RO,gasolina,136.3410,36
2015-12-16,RR,diesel_s10,3.3500,1
2015-12-16,RR,gasolina,3.8500,1
2015-12-16,RS,diesel_s10,197.1490,63
2015-12-16,RS,etanol,281.3630,88
2015-12-16,RS,gasolina,440.0250,120
2015-12-16,SC,diesel_s10,236.3210,78
2015-12-16,SC,etanol,269.0030,89
2015-12-16,SC,gasolina,396.6590,112
2015-12-16,SE,diesel_s10,38.6300,12
2015-12-16,SE,etanol,35.4300,12
2015-12-16,SE,gasolina,51.0880,14
2015-12-16,SP,diesel_s10,709.0800,231
2015-12-16,SP,etanol,949.8650,370
2015-12-16,SP,gasolina,1285.2240,362
2015-12-16,TO,diesel_s10,49.9040,16
2015-12-16,TO,etanol,47.0450,16
2015-12-16,TO,gasolina,63.5030,17
2015-12-17,AL,gasolina,3.5990,1
2015-12-17,BA,diesel_s10,160.7010,51
2015-12-17,BA,etanol,268.7460,94
2015-12-17,BA,gasolina,355.6110,95
2015-12-17,MA,diesel_s10,82.7530,27
2015-12-17,MA,etanol,34.0890,11
2015-12-17,MA,gasolina,120.0950,35
2015-12-17,MG,diesel_s10,40.4100,13
2015-12-17,MG,etanol,121.5090,46
2015-12-17,MG,gasolina,170.6500,46
2015-12-17,MS,diesel_s10,12.9680,4
2015-12-17,MS,etanol,12.1780,4
2015-12-17,MS,gasolina,14.9770,4
2015-12-17,PA,diesel_s10,3.5000,1
2015-12-17,PA,gasolina,27.9200,7
2015-12-17,PB,diesel_s10,27.2870,9
2015-12-17,PB,etanol,32.5260,12
2015-12-17,PB,gasolina,43.7510,13
2015-12-17,PR,diesel_s10,35.5730,12
2015-12-17,PR,etanol,54.4260,20
2015-12-17,PR,gasolina,73.5630,20
2015-12-17,RJ,diesel_s10,128.9560,41
2015-12-17,RJ,etanol,229.3200,72
2015-12-17,RJ,gasolina,274.8150,72
2015-12-17,RS,diesel_s10,3.1490,1
2015-12-17,RS,etanol,3.1500,1
2015-12-17,RS,gasolina,3.7790,1
2015-12-17,SP,diesel_s10,2.9490,1
2015-12-17,SP,etanol,7.2770,3
2015-12-17,SP,gasolina,10.0570,3
2015-12-21,AL,diesel_s10,77.0430,25
2015-12-21,AL,etanol,114.6580,38
2015-12-21,AL,gasolina,167.0970,44
2015-12-21,AM,diesel_s10,6.4600,2
2015-12-21,AM,etanol,7.0000,2
2015-12-21,AM,gasolina,14.5200,4
2015-12-21,BA,diesel_s10,182.8460,59
2015-12-21,BA,etanol,259.5240,91
2015-12-21,BA,gasolina,353.5470,94
2015-12-21,CE,diesel_s10,84.7690,26
2015-12-21,CE,etanol,91.9200,30
2015-12-21,CE,gasolina,138.7000,36
2015-12-21,GO,diesel_s10,3.2900,1
2015-12-21,GO,etanol,2.7400,1
2015-12-21,GO,gasolina,3.8400,1
2015-12-21,MA,diesel_s10,129.5680,42
2015-12-21,MA,etanol,91.9760,29
2015-12-21,MA,gasolina,217.6410,62
2015-12-21,MG,diesel_s10,612.2520,196
2015-12-21,MG,etanol,863.4440,311
2015-12-21,MG,gasolina,1147.6190,305
2015-12-21,MS,diesel_s10,45.0960,14
2015-12-21,MS,etanol,47.3790,17
2015-12-21,MS,gasolina,68.5760,19
2015-12-21,MT,diesel_s10,107.6130,31
2015-12-21,MT,etanol,144.4310,54
2015-12-21,MT,gasolina,197.6920,53
2015-12-21,PA,diesel_s10,133.0020,40
2015-12-21,PA,etanol,44.8440,13
2015-12-21,PA,gasolina,205.7880,51
2015-12-21,PB,diesel_s10,43.0800,14
2015-12-21,PB,etanol,51.3100,18
2015-12-21,PB,gasolina,68.5490,19
2015-12-21,PE,diesel_s10,327.4590,109
2015-12-21,PE,etanol,307.6740,108
2015-12-21,PE,gasolina,463.4660,126
2015-12-21,PI,diesel_s10,34.1300,11
2015-12-21,PI,etanol,24.9000,8
2015-12-21,PI,gasolina,58.4800,16
2015-12-21,PR,diesel_s10,366.3660,123
2015-12-21,PR,etanol,538.8260,200
2015-12-21,PR,gasolina,737.8700,201
2015-12-21,RJ,diesel_s10,216.8430,69
2015-12-21,RJ,etanol,373.8280,118
2015-12-21,RJ,gasolina,481.0390,125
2015-12-21,RN,diesel_s10,12.8700,4
2015-12-21,RN,etanol,17.8290,6
2015-12-21,RN,gasolina,25.6780,7
2015-12-21,RO,diesel_s10,27.1380,8
2015-12-21,RO,etanol,9.6780,3
2015-12-21,RO,gasolina,34.5060,9
2015-12-21,RS,diesel_s10,560.1960,181
2015-12-21,RS,etanol,719.7520,227
2015-12-21,RS,gasolina,1099.2210,303
2015-12-21,SC,diesel_s10,493.8040,162
2015-12-21,SC,etanol,551.8040,182
2015-12-21,SC,gasolina,770.2970,220
2015-12-21,SE,diesel_s10,69.4580,22
2015-12-21,SE,etanol,49.9160,17
2015-12-21,SE,gasolina,86.1400,24
2015-12-21,SP,diesel_s10,2229.0480,730
2015-12-21,SP,etanol,3016.8250,1181
2015-12-21,SP,gasolina,4109.2250,1169
2015-12-21,TO,diesel_s10,6.3090,2
2015-12-21,TO,etanol,5.7690,2
2015-12-21,TO,gasolina,7.2890,2
2015-12-22,AC,diesel_s10,84.8440,23
2015-12-22,AC,etanol,41.6600,13
2015-12-22,AC,gasolina,120.1500,29
2015-12-22,AL,diesel_s10,30.7250,10
2015-12-22,AL,etanol,35.2840,11
2015-12-22,AL,gasolina,41.4770,11
2015-12-22,AM,diesel_s10,50.1800,14
2015-12-22,AM,etanol,20.3600,6
2015-12-22,AM,gasolina,110.1200,27
2015-12-22,AP,diesel_s10,32.2700,9
2015-12-22,AP,etanol,6.2000,2
2015-12-22,AP,gasolina,35.6400,10
2015-12-22,BA,diesel_s10,367.1650,115
2015-12-22,BA,etanol,540.1530,187
2015-12-22,BA,gasolina,735.8220,193
2015-12-22,CE,diesel_s10,437.3260,133
2015-12-22,CE,etanol,471.9070,155
2015-12-22,CE,gasolina,647.5610,168
2015-12-22,DF,diesel_s10,75.6220,23
2015-12-22,DF,etanol,110.3950,34
2015-12-22,DF,gasolina,128.2030,34
2015-12-22,ES,diesel_s10,163.8660,53
2015-12-22,ES,etanol,204.6050,65
2015-12-22,ES,gasolina,322.4100,88
2015-12-22,GO,diesel_s10,343.6250,108
2015-12-22,GO,etanol,574.9020,216
2015-12-22,GO,gasolina,768.6540,209
2015-12-22,MA,diesel_s10,86.5820,28
2015-12-22,MA,etanol,60.9950,20
2015-12-22,MA,gasolina,152.4610,41
2015-12-22,MG,diesel_s10,361.1450,115
2015-12-22,MG,etanol,537.4890,194
2015-12-22,MG,gasolina,722.3580,192
2015-12-22,MS,diesel_s10,95.7280,30
2015-12-22,MS,etanol,107.8260,38
2015-12-22,MS,gasolina,130.8320,36
2015-12-22,MT,diesel_s10,146.9080,43
2015-12-22,MT,etanol,205.5840,77
2015-12-22,MT,gasolina,289.3620,77
2015-12-22,PA,diesel_s10,91.7150,28
2015-12-22,PA,etanol,33.2600,10
2015-12-22,PA,gasolina,137.1980,35
2015-12-22,PB,diesel_s10,88.0310,29
2015-12-22,PB,etanol,103.0520,37
2015-12-22,PB,gasolina,141.9950,41
2015-12-22,PE,diesel_s10,168.5850,56
2015-12-22,PE,etanol,178.2230,63
2015-12-22,PE,gasolina,251.9550,69
2015-12-22,PI,diesel_s10,125.5250,38
2015-12-22,PI,etanol,93.7510,29
2015-12-22,PI,gasolina,169.8640,47
2015-12-22,PR,diesel_s10,328.7770,111
2015-12-22,PR,etanol,399.8250,150
2015-12-22,PR,gasolina,535.5450,148
2015-12-22,RJ,diesel_s10,441.7410,139
2015-12-22,RJ,etanol,773.8700,239
2015-12-22,RJ,gasolina,930.0000,239
2015-12-22,RN,diesel_s10,126.3720,39
2015-12-22,RN,etanol,129.9010,43
2015-12-22,RN,gasolina,182.9420,49
2015-12-22,RO,diesel_s10,126.0450,37
2015-12-22,RO,etanol,103.3750,33
2015-12-22,RO,gasolina,202.1640,52
2015-12-22,RR,diesel_s10,19.8300,6
2015-12-22,RR,etanol,10.8900,3
2015-12-22,RR,gasolina,34.9480,9
2015-12-22,RS,diesel_s10,157.6050,50
2015-12-22,RS,etanol,166.9410,51
2015-12-22,RS,gasolina,266.9900,71
2015-12-22,SC,diesel_s10,58.2200,19
2015-12-22,SC,etanol,62.5430,20
2015-12-22,SC,gasolina,87.4420,24
2015-12-22,SE,diesel_s10,34.1610,11
2015-12-22,SE,etanol,32.2570,11
2015-12-22,SE,gasolina,54.3880,15
2015-12-22,SP,diesel_s10,732.4190,239
2015-12-22,SP,etanol,980.7940,378
2015-12-22,SP,gasolina,1342.0480,374
2015-12-22,TO,diesel_s10,55.2560,18
2015-12-22,TO,etanol,90.1120,31
2015-12-22,TO,gasolina,106.2800,29
2015-12-23,AC,diesel_s10,3.5800,1
2015-12-23,AC,etanol,6.3300,2
2015-12-23,AC,gasolina,7.9100,2
2015-12-23,AL,diesel_s10,15.7290,5
2015-12-23,AL,etanol,23.9980,8
2015-12-23,AL,gasolina,29.0980,8
2015-12-23,AM,diesel_s10,76.4700,23
2015-12-23,AM,etanol,79.9500,25
2015-12-23,AM,gasolina,130.7700,34
2015-12-23,AP,diesel_s10,7.1900,2
2015-12-23,AP,gasolina,7.1200,2
2015-12-23,BA,diesel_s10,93.3050,30
2015-12-23,BA,etanol,131.4560,46
2015-12-23,BA,gasolina,176.0480,47
2015-12-23,CE,diesel_s10,3.3600,1
2015-12-23,CE,gasolina,3.8990,1
2015-12-23,ES,diesel_s10,68.2400,22
2015-12-23,ES,etanol,73.2600,23
2015-12-23,ES,gasolina,113.2590,30
2015-12-23,MA,diesel_s10,52.5090,17
2015-12-23,MA,etanol,24.3190,8
2015-12-23,MA,gasolina,65.3950,18
2015-12-23,MG,diesel_s10,133.7120,43
2015-12-23,MG,etanol,297.2820,112
2015-12-23,MG,gasolina,415.7120,114
2015-12-23,MS,diesel_s10,57.3580,18
2015-12-23,MS,etanol,77.3100,27
2015-12-23,MS,gasolina,99.3170,27
2015-12-23,MT,diesel_s10,24.7950,7
2015-12-23,MT,etanol,22.5140,8
2015-12-23,MT,gasolina,30.6040,8
2015-12-23,PA,diesel_s10,75.2750,23
2015-12-23,PA,etanol,36.4460,11
2015-12-23,PA,gasolina,116.3050,30
2015-12-23,PE,diesel_s10,21.6880,7
2015-12-23,PE,etanol,18.1680,6
2015-12-23,PE,gasolina,30.7570,8
2015-12-23,PR,diesel_s10,17.8370,6
2015-12-23,PR,etanol,26.8850,10
2015-12-23,PR,gasolina,36.8650,10
2015-12-23,RJ,diesel_s10,103.8070,33
2015-12-23,RJ,etanol,162.4390,51
2015-12-23,RJ,gasolina,194.7150,51
2015-12-23,RN,diesel_s10,6.5890,2
2015-12-23,RN,etanol,9.0900,3
2015-12-23,RN,gasolina,14.9200,4
2015-12-23,RO,diesel_s10,13.6800,4
2015-12-23,RO,etanol,15.6190,5
2015-12-23,RO,gasolina,27.3190,7
2015-12-23,RS,diesel_s10,3.1990,1
2015-12-23,RS,etanol,3.1990,1
2015-12-23,RS,gasolina,10.9270,3
2015-12-23,SP,diesel_s10,140.6720,45
2015-12-23,SP,etanol,221.3480,86
2015-12-23,SP,gasolina,306.9300,86
2015-12-23,TO,diesel_s10,31.2070,10
2015-12-23,TO,etanol,26.3480,9
2015-12-23,TO,gasolina,37.2550,10
2015-12-28,AL,diesel_s10,55.4490,18
2015-12-28,AL,etanol,67.1880,22
2015-12-28,AL,gasolina,102.8820,27
2015-12-28,AM,diesel_s10,12.9300,4
2015-12-28,AM,etanol,19.0500,6
2015-12-28,AM,gasolina,21.6800,6
2015-12-28,BA,diesel_s10,233.4930,76
2015-12-28,BA,etanol,330.8660,117
2015-12-28,BA,gasolina,452.9090,121
2015-12-28,CE,diesel_s10,84.8160,26
2015-12-28,CE,etanol,91.7270,30
2015-12-28,CE,gasolina,138.3980,36
2015-12-28,DF,diesel_s10,69.0240,21
2015-12-28,DF,etanol,110.4040,34
2015-12-28,DF,gasolina,128.1720,34
2015-12-28,GO,diesel_s10,77.7030,25
2015-12-28,GO,etanol,145.2640,57
2015-12-28,GO,gasolina,205.3550,57
2015-12-28,MA,diesel_s10,135.6090,44
2015-12-28,MA,etanol,92.2750,29
2015-12-28,MA,gasolina,217.5320,62
2015-12-28,MG,diesel_s10,659.4890,211
2015-12-28,MG,etanol,961.0650,348
2015-12-28,MG,gasolina,1257.5530,336
2015-12-28,MS,diesel_s10,22.7050,7
2015-12-28,MS,etanol,30.2680,11
2015-12-28,MS,gasolina,42.9540,12
2015-12-28,MT,diesel_s10,132.3310,38
2015-12-28,MT,etanol,155.0520,58
2015-12-28,MT,gasolina,218.8810,58
2015-12-28,PA,diesel_s10,178.1250,54
2015-12-28,PA,etanol,64.8110,19
2015-12-28,PA,gasolina,257.9790,65
2015-12-28,PB,diesel_s10,39.4680,13
2015-12-28,PB,etanol,50.6680,18
2015-12-28,PB,gasolina,68.5230,19
2015-12-28,PE,diesel_s10,271.0570,90
2015-12-28,PE,etanol,249.4000,87
2015-12-28,PE,gasolina,381.4270,103
2015-12-28,PI,diesel_s10,64.5710,20
2015-12-28,PI,etanol,60.6390,19
2015-12-28,PI,gasolina,98.0090,27
2015-12-28,PR,diesel_s10,399.2180,134
2015-12-28,PR,etanol,615.6310,228
2015-12-28,PR,gasolina,833.7680,227
2015-12-28,RJ,diesel_s10,173.1700,55
2015-12-28,RJ,etanol,316.9680,100
2015-12-28,RJ,gasolina,409.3840,106
2015-12-28,RN,diesel_s10,26.0480,8
2015-12-28,RN,etanol,32.9990,11
2015-12-28,RN,gasolina,48.2470,13
2015-12-28,RO,diesel_s10,54.4860,16
2015-12-28,RO,etanol,31.2460,10
2015-12-28,RO,gasolina,95.3640,25
2015-12-28,RS,diesel_s10,529.6470,171
2015-12-28,RS,etanol,681.5740,215
2015-12-28,RS,gasolina,1053.3070,290
2015-12-28,SC,diesel_s10,502.5020,165
2015-12-28,SC,etanol,546.7690,180
2015-12-28,SC,gasolina,771.5890,220
2015-12-28,SE,diesel_s10,33.9380,11
2015-12-28,SE,etanol,20.2850,7
2015-12-28,SE,gasolina,42.0200,12
2015-12-28,SP,diesel_s10,2064.9770,677
2015-12-28,SP,etanol,2772.3760,1084
2015-12-28,SP,gasolina,3765.5580,1070
2015-12-28,TO,diesel_s10,24.8960,8
2015-12-28,TO,etanol,26.5670,9
2015-12-28,TO,gasolina,33.2160,9
2015-12-29,AC,diesel_s10,81.1630,22
2015-12-29,AC,etanol,45.7190,14
2015-12-29,AC,gasolina,115.9690,28
2015-12-29,AL,diesel_s10,39.6620,13
2015-12-29,AL,etanol,78.8690,25
2015-12-29,AL,gasolina,101.7550,27
2015-12-29,AM,diesel_s10,50.1800,14
2015-12-29,AM,etanol,20.3000,6
2015-12-29,AM,gasolina,110.1200,27
2015-12-29,AP,diesel_s10,32.2700,9
2015-12-29,AP,etanol,6.2000,2
2015-12-29,AP,gasolina,35.6400,10
2015-12-29,BA,diesel_s10,218.3970,68
2015-12-29,BA,etanol,299.5340,103
2015-12-29,BA,gasolina,417.7240,108
2015-12-29,CE,diesel_s10,479.9960,146
2015-12-29,CE,etanol,481.9370,158
2015-12-29,CE,gasolina,650.1060,168
2015-12-29,ES,diesel_s10,158.0360,51
2015-12-29,ES,etanol,206.3550,65
2015-12-29,ES,gasolina,323.2600,88
2015-12-29,GO,diesel_s10,291.9440,91
2015-12-29,GO,etanol,433.1600,160
2015-12-29,GO,gasolina,567.4560,153
2015-12-29,MA,diesel_s10,90.1340,29
2015-12-29,MA,etanol,68.6240,22
2015-12-29,MA,gasolina,153.1610,41
2015-12-29,MG,diesel_s10,335.1570,107
2015-12-29,MG,etanol,502.3160,181
2015-12-29,MG,gasolina,678.5960,180
2015-12-29,MS,diesel_s10,67.1850,21
2015-12-29,MS,etanol,77.0890,26
2015-12-29,MS,gasolina,90.5760,24
2015-12-29,MT,diesel_s10,137.1420,40
2015-12-29,MT,etanol,195.9360,73
2015-12-29,MT,gasolina,269.2040,72
2015-12-29,PA,diesel_s10,47.8490,14
2015-12-29,PA,etanol,23.2900,7
2015-12-29,PA,gasolina,86.0130,21
2015-12-29,PB,diesel_s10,82.0940,27
2015-12-29,PB,etanol,108.5910,39
2015-12-29,PB,gasolina,140.9620,40
2015-12-29,PE,diesel_s10,221.6590,74
2015-12-29,PE,etanol,230.1550,82
2015-12-29,PE,gasolina,326.7260,90
2015-12-29,PI,diesel_s10,89.3840,27
2015-12-29,PI,etanol,71.8860,22
2015-12-29,PI,gasolina,130.6750,36
2015-12-29,PR,diesel_s10,268.7270,91
2015-12-29,PR,etanol,323.8360,122
2015-12-29,PR,gasolina,430.6560,120
2015-12-29,RJ,diesel_s10,481.0850,152
2015-12-29,RJ,etanol,837.6080,259
2015-12-29,RJ,gasolina,1007.5290,260
2015-12-29,RN,diesel_s10,104.4140,32
2015-12-29,RN,etanol,133.3520,44
2015-12-29,RN,gasolina,179.3970,48
2015-12-29,RO,diesel_s10,95.3070,28
2015-12-29,RO,etanol,82.7680,26
2015-12-29,RO,gasolina,137.8970,35
2015-12-29,RR,diesel_s10,16.2500,5
2015-12-29,RR,etanol,10.9300,3
2015-12-29,RR,gasolina,34.8480,9
2015-12-29,RS,diesel_s10,151.0640,48
2015-12-29,RS,etanol,166.5720,51
2015-12-29,RS,gasolina,261.3030,70
2015-12-29,SC,diesel_s10,58.2200,19
2015-12-29,SC,etanol,62.5430,20
2015-12-29,SC,gasolina,87.4720,24
2015-12-29,SE,diesel_s10,69.7110,22
2015-12-29,SE,etanol,62.1790,21
2015-12-29,SE,gasolina,98.3070,27
2015-12-29,SP,diesel_s10,601.6850,197
2015-12-29,SP,etanol,865.4460,337
2015-12-29,SP,gasolina,1181.2650,332
2015-12-29,TO,diesel_s10,43.5380,14
2015-12-29,TO,etanol,72.5330,25
2015-12-29,TO,gasolina,83.9720,23
2015-12-30,AC,diesel_s10,7.1990,2
2015-12-30,AC,etanol,9.2290,3
2015-12-30,AC,gasolina,11.9790,3
2015-12-30,AL,diesel_s10,15.7290,5
2015-12-30,AL,etanol,23.9980,8
2015-12-30,AL,gasolina,29.0980,8
2015-12-30,AM,diesel_s10,69.5900,21
2015-12-30,AM,etanol,63.8500,20
2015-12-30,AM,gasolina,121.4200,32
2015-12-30,AP,diesel_s10,7.1900,2
2015-12-30,AP,gasolina,7.1200,2
2015-12-30,BA,diesel_s10,212.0640,67
2015-12-30,BA,etanol,301.4990,104
2015-12-30,BA,gasolina,390.4790,104
2015-12-30,ES,diesel_s10,68.2400,22
2015-12-30,ES,etanol,73.2600,23
2015-12-30,ES,gasolina,113.2590,30
2015-12-30,MA,diesel_s10,52.5090,17
2015-12-30,MA,etanol,27.5090,9
2015-12-30,MA,gasolina,65.4450,18
2015-12-30,MG,diesel_s10,108.7550,35
2015-12-30,MG,etanol,239.9620,90
2015-12-30,MG,gasolina,327.3630,89
2015-12-30,MS,diesel_s10,111.8930,35
2015-12-30,MS,etanol,125.7280,45
2015-12-30,MS,gasolina,163.9970,45
2015-12-30,MT,diesel_s10,24.7460,7
2015-12-30,MT,etanol,22.5140,8
2015-12-30,MT,gasolina,30.6040,8
2015-12-30,PA,diesel_s10,75.3150,23
2015-12-30,PA,etanol,36.5460,11
2015-12-30,PA,gasolina,116.4250,30
2015-12-30,PE,diesel_s10,21.6880,7
2015-12-30,PE,etanol,18.1680,6
2015-12-30,PE,gasolina,30.7570,8
2015-12-30,PR,diesel_s10,20.8360,7
2015-12-30,PR,etanol,27.1850,10
2015-12-30,PR,gasolina,36.9850,10
2015-12-30,RJ,diesel_s10,83.7630,27
2015-12-30,RJ,etanol,153.5840,50
2015-12-30,RJ,gasolina,194.3140,51
2015-12-30,RO,diesel_s10,13.6800,4
2015-12-30,RO,etanol,16.0790,5
2015-12-30,RO,gasolina,27.3890,7
2015-12-30,RS,diesel_s10,28.4730,9
2015-12-30,RS,etanol,44.9980,14
2015-12-30,RS,gasolina,63.7340,17
2015-12-30,SP,diesel_s10,447.9000,145
2015-12-30,SP,etanol,574.2950,224
2015-12-30,SP,gasolina,792.4960,223
2015-12-30,TO,diesel_s10,24.8980,8
2015-12-30,TO,etanol,20.5480,7
2015-12-30,TO,gasolina,29.8860,8
