data,uf,produto,soma,n
2024-01-01,AL,diesel_s10,107.9800,19
2024-01-01,AL,etanol,138.3900,37
2024-01-01,AL,gasolina,202.2300,37
2024-01-01,BA,diesel_s10,11.9800,2
2024-01-01,BA,etanol,8.7800,2
2024-01-01,BA,gasolina,11.9800,2
2024-01-01,MA,diesel_s10,120.7800,20
2024-01-01,MA,etanol,55.3200,12
2024-01-01,MA,gasolina,122.4100,22
2024-01-01,MG,diesel_s10,101.2800,17
2024-01-01,MG,etanol,93.9700,27
2024-01-01,MG,gasolina,145.7500,27
2024-01-01,PA,diesel_s10,82.0500,12
2024-01-01,PA,etanol,33.4800,7
2024-01-01,PA,gasolina,89.3800,14
2024-01-01,PB,diesel_s10,17.2000,3
2024-01-01,PB,etanol,14.6600,4
2024-01-01,PB,gasolina,21.7500,4
2024-01-01,PE,diesel_s10,62.8300,11
2024-01-01,PE,etanol,55.0000,15
2024-01-01,PE,gasolina,71.4700,14
2024-01-01,PI,diesel_s10,18.0700,3
2024-01-01,PI,etanol,15.7700,4
2024-01-01,PI,gasolina,20.8600,4
2024-01-01,PR,diesel_s10,43.7700,7
2024-01-01,PR,etanol,34.6500,9
2024-01-01,PR,gasolina,52.5700,9
2024-01-01,RJ,diesel_s10,178.9900,29
2024-01-01,RJ,etanol,170.6000,42
2024-01-01,RJ,gasolina,249.6900,44
2024-01-01,RN,diesel_s10,33.1700,5
2024-01-01,RN,etanol,22.3600,4
2024-01-01,RN,gasolina,47.9200,8
2024-01-01,RS,diesel_s10,35.7000,6
2024-01-01,RS,etanol,16.3600,4
2024-01-01,RS,gasolina,27.4000,5
2024-01-01,SC,diesel_s10,96.3500,16
2024-01-01,SC,etanol,64.7300,15
2024-01-01,SC,gasolina,119.6200,21
2024-01-01,SP,diesel_s10,383.1500,64
2024-01-01,SP,etanol,334.7200,101
2024-01-01,SP,gasolina,542.6900,100
2024-01-01,TO,diesel_s10,42.0300,7
2024-01-01,TO,etanol,31.8200,8
2024-01-01,TO,gasolina,53.6900,9
2024-01-02,AC,diesel_s10,30.8700,4
2024-01-02,AC,etanol,5.7900,1
2024-01-02,AC,gasolina,29.7900,4
2024-01-02,AL,diesel_s10,39.1700,6
2024-01-02,AL,etanol,33.8900,7
2024-01-02,AL,gasolina,38.1000,6
2024-01-02,AM,diesel_s10,110.2200,18
2024-01-02,AM,etanol,81.6800,19
2024-01-02,AM,gasolina,125.6900,22
2024-01-02,BA,diesel_s10,344.4300,59
2024-01-02,BA,etanol,280.1700,68
2024-01-02,BA,gasolina,403.9000,70
2024-01-02,CE,diesel_s10,233.1200,39
2024-01-02,CE,etanol,222.1100,51
2024-01-02,CE,gasolina,310.1200,52
2024-01-02,DF,diesel_s10,47.2700,8
2024-01-02,DF,etanol,38.6300,11
2024-01-02,DF,gasolina,64.3900,12
2024-01-02,ES,diesel_s10,84.2600,14
2024-01-02,ES,etanol,48.2400,12
2024-01-02,ES,gasolina,142.1700,24
2024-01-02,GO,diesel_s10,306.1800,52
2024-01-02,GO,etanol,228.2400,67
2024-01-02,GO,gasolina,368.1500,68
2024-01-02,MA,diesel_s10,100.4700,17
2024-01-02,MA,etanol,22.6100,5
2024-01-02,MA,gasolina,113.5300,20
2024-01-02,MG,diesel_s10,832.5300,141
2024-01-02,MG,etanol,603.0100,173
2024-01-02,MG,gasolina,968.6400,176
2024-01-02,MS,diesel_s10,58.8100,10
2024-01-02,MS,etanol,44.7600,13
2024-01-02,MS,gasolina,79.0400,15
2024-01-02,MT,diesel_s10,48.4100,8
2024-01-02,MT,etanol,20.9400,7
2024-01-02,MT,gasolina,58.1400,10
2024-01-02,PA,diesel_s10,171.9900,28
2024-01-02,PA,etanol,68.2400,15
2024-01-02,PA,gasolina,243.4100,43
2024-01-02,PB,diesel_s10,49.3800,8
2024-01-02,PB,etanol,24.3100,6
2024-01-02,PB,gasolina,50.2800,9
2024-01-02,PE,diesel_s10,289.7000,51
2024-01-02,PE,etanol,200.5100,49
2024-01-02,PE,gasolina,308.0600,55
2024-01-02,PI,diesel_s10,90.9700,15
2024-01-02,PI,etanol,34.8200,8
2024-01-02,PI,gasolina,87.9100,16
2024-01-02,PR,diesel_s10,193.7800,33
2024-01-02,PR,etanol,166.4500,46
2024-01-02,PR,gasolina,247.6500,44
2024-01-02,RJ,diesel_s10,586.2100,97
2024-01-02,RJ,etanol,607.8700,152
2024-01-02,RJ,gasolina,919.0300,163
2024-01-02,RN,diesel_s10,78.1100,13
2024-01-02,RN,etanol,83.3500,20
2024-01-02,RN,gasolina,134.7200,23
2024-01-02,RO,diesel_s10,185.4800,29
2024-01-02,RO,etanol,53.5800,11
2024-01-02,RO,gasolina,218.3300,34
2024-01-02,RR,diesel_s10,80.3800,12
2024-01-02,RR,etanol,14.5000,3
2024-01-02,RR,gasolina,76.5900,13
2024-01-02,RS,diesel_s10,625.0600,104
2024-01-02,RS,etanol,252.8000,55
2024-01-02,RS,gasolina,695.2100,123
2024-01-02,SC,diesel_s10,392.4800,66
2024-01-02,SC,etanol,200.1800,48
2024-01-02,SC,gasolina,475.4000,84
2024-01-02,SE,diesel_s10,89.1400,16
2024-01-02,SE,etanol,48.2100,12
2024-01-02,SE,gasolina,108.6900,21
2024-01-02,SP,diesel_s10,1568.1700,261
2024-01-02,SP,etanol,1226.8500,373
2024-01-02,SP,gasolina,2036.5900,370
2024-01-02,TO,diesel_s10,62.2500,11
2024-01-02,TO,etanol,39.5200,10
2024-01-02,TO,gasolina,61.4100,11
2024-01-03,AC,diesel_s10,99.2300,14
2024-01-03,AC,etanol,42.3000,9
2024-01-03,AC,gasolina,100.3200,15
2024-01-03,AL,diesel_s10,20.3100,3
2024-01-03,AL,etanol,15.2800,3
2024-01-03,AL,gasolina,19.9700,3
2024-01-03,AM,diesel_s10,98.0300,16
2024-01-03,AM,etanol,81.9200,19
2024-01-03,AM,gasolina,122.6800,21
2024-01-03,AP,diesel_s10,45.3400,7
2024-01-03,AP,gasolina,92.6500,17
2024-01-03,BA,diesel_s10,387.4400,65
2024-01-03,BA,etanol,345.8400,83
2024-01-03,BA,gasolina,478.4200,82
2024-01-03,CE,diesel_s10,300.3500,50
2024-01-03,CE,etanol,217.2600,48
2024-01-03,CE,gasolina,329.4900,56
2024-01-03,DF,diesel_s10,23.2400,4
2024-01-03,DF,etanol,45.6300,13
2024-01-03,DF,gasolina,113.1700,21
2024-01-03,ES,diesel_s10,187.6700,31
2024-01-03,ES,etanol,137.0700,34
2024-01-03,ES,gasolina,261.2700,47
2024-01-03,GO,diesel_s10,106.6400,18
2024-01-03,GO,etanol,102.9500,31
2024-01-03,GO,gasolina,161.2000,30
2024-01-03,MA,diesel_s10,152.6500,26
2024-01-03,MA,etanol,75.6900,17
2024-01-03,MA,gasolina,156.3900,28
2024-01-03,MG,diesel_s10,574.5100,96
2024-01-03,MG,etanol,468.5100,135
2024-01-03,MG,gasolina,768.9600,140
2024-01-03,MS,diesel_s10,100.6700,16
2024-01-03,MS,etanol,79.0300,22
2024-01-03,MS,gasolina,152.0300,26
2024-01-03,MT,diesel_s10,18.7500,3
2024-01-03,MT,etanol,16.2100,5
2024-01-03,MT,gasolina,29.1500,5
2024-01-03,PA,diesel_s10,182.1700,27
2024-01-03,PA,etanol,43.1300,9
2024-01-03,PA,gasolina,206.9600,33
2024-01-03,PB,diesel_s10,197.9900,34
2024-01-03,PB,etanol,132.7700,35
2024-01-03,PB,gasolina,219.4500,40
2024-01-03,PE,diesel_s10,402.7200,71
2024-01-03,PE,etanol,253.5500,67
2024-01-03,PE,gasolina,431.4200,81
2024-01-03,PI,diesel_s10,103.6900,17
2024-01-03,PI,etanol,96.1000,24
2024-01-03,PI,gasolina,125.0500,24
2024-01-03,PR,diesel_s10,607.3700,102
2024-01-03,PR,etanol,525.4900,141
2024-01-03,PR,gasolina,842.5700,146
2024-01-03,RJ,diesel_s10,308.0100,50
2024-01-03,RJ,etanol,299.6400,73
2024-01-03,RJ,gasolina,484.6600,84
2024-01-03,RN,diesel_s10,37.9000,6
2024-01-03,RN,etanol,48.2200,11
2024-01-03,RN,gasolina,59.0900,10
2024-01-03,RO,diesel_s10,60.8500,9
2024-01-03,RO,etanol,27.1400,5
2024-01-03,RO,gasolina,92.0100,14
2024-01-03,RR,diesel_s10,26.7100,4
2024-01-03,RR,etanol,4.8700,1
2024-01-03,RR,gasolina,23.5900,4
2024-01-03,RS,diesel_s10,524.1000,87
2024-01-03,RS,etanol,212.6200,47
2024-01-03,RS,gasolina,664.2500,118
2024-01-03,SC,diesel_s10,182.2700,30
2024-01-03,SC,etanol,107.9400,26
2024-01-03,SC,gasolina,270.9300,47
2024-01-03,SE,diesel_s10,5.9900,1
2024-01-03,SE,etanol,4.0900,1
2024-01-03,SE,gasolina,5.6000,1
2024-01-03,SP,diesel_s10,1522.2900,251
2024-01-03,SP,etanol,1264.2500,381
2024-01-03,SP,gasolina,2154.1100,392
2024-01-03,TO,diesel_s10,129.0200,22
2024-01-03,TO,etanol,73.6900,18
2024-01-03,TO,gasolina,126.0100,22
2024-01-04,AC,diesel_s10,15.8400,2
2024-01-04,AC,gasolina,14.9600,2
2024-01-04,AL,diesel_s10,12.8400,2
2024-01-04,AL,etanol,22.7400,5
2024-01-04,AL,gasolina,35.8300,6
2024-01-04,AM,diesel_s10,81.6200,11
2024-01-04,AM,etanol,9.2800,2
2024-01-04,AM,gasolina,69.3400,10
2024-01-04,AP,diesel_s10,39.2400,6
2024-01-04,AP,etanol,5.3400,1
2024-01-04,AP,gasolina,34.0300,6
2024-01-04,BA,diesel_s10,541.4600,90
2024-01-04,BA,etanol,426.7200,100
2024-01-04,BA,gasolina,604.1900,102
2024-01-04,CE,diesel_s10,287.0200,47
2024-01-04,CE,etanol,205.7700,46
2024-01-04,CE,gasolina,306.1500,53
2024-01-04,DF,diesel_s10,36.4000,6
2024-01-04,DF,etanol,32.3100,9
2024-01-04,DF,gasolina,55.1500,10
2024-01-04,ES,diesel_s10,44.8100,7
2024-01-04,ES,etanol,36.8100,9
2024-01-04,ES,gasolina,64.1900,12
2024-01-04,GO,diesel_s10,94.7200,16
2024-01-04,GO,etanol,92.9900,28
2024-01-04,GO,gasolina,144.4000,27
2024-01-04,MA,diesel_s10,231.0000,41
2024-01-04,MA,etanol,108.8500,26
2024-01-04,MA,gasolina,220.9900,42
2024-01-04,MG,diesel_s10,487.5900,82
2024-01-04,MG,etanol,390.1000,113
2024-01-04,MG,gasolina,627.7000,115
2024-01-04,MS,diesel_s10,96.9300,16
2024-01-04,MS,etanol,60.2100,18
2024-01-04,MS,gasolina,122.8000,22
2024-01-04,MT,diesel_s10,12.5100,2
2024-01-04,MT,etanol,3.1900,1
2024-01-04,MT,gasolina,11.6300,2
2024-01-04,PA,diesel_s10,118.3100,19
2024-01-04,PA,etanol,36.1600,8
2024-01-04,PA,gasolina,129.5200,22
2024-01-04,PB,diesel_s10,47.4200,8
2024-01-04,PB,etanol,34.1100,9
2024-01-04,PB,gasolina,48.3400,9
2024-01-04,PE,diesel_s10,138.5000,24
2024-01-04,PE,etanol,96.9300,25
2024-01-04,PE,gasolina,149.4700,27
2024-01-04,PI,diesel_s10,42.3200,7
2024-01-04,PI,etanol,40.0800,10
2024-01-04,PI,gasolina,52.4800,10
2024-01-04,PR,diesel_s10,223.5800,38
2024-01-04,PR,etanol,205.1800,57
2024-01-04,PR,gasolina,309.4600,55
2024-01-04,RJ,diesel_s10,187.8200,31
2024-01-04,RJ,etanol,180.7500,45
2024-01-04,RJ,gasolina,281.6400,50
2024-01-04,RO,diesel_s10,69.2100,10
2024-01-04,RO,etanol,30.2800,6
2024-01-04,RO,gasolina,82.0000,13
2024-01-04,RS,diesel_s10,240.1800,40
2024-01-04,RS,etanol,82.9400,19
2024-01-04,RS,gasolina,303.7500,55
2024-01-04,SC,diesel_s10,113.9200,19
2024-01-04,SC,etanol,60.6800,15
2024-01-04,SC,gasolina,115.5600,20
2024-01-04,SE,diesel_s10,29.7400,5
2024-01-04,SE,etanol,60.2000,15
2024-01-04,SE,gasolina,82.8000,16
2024-01-04,SP,diesel_s10,1131.5300,188
2024-01-04,SP,etanol,786.6700,238
2024-01-04,SP,gasolina,1365.8800,248
2024-01-04,TO,diesel_s10,17.2600,3
2024-01-04,TO,etanol,20.0800,5
2024-01-04,TO,gasolina,38.3900,7
2024-01-05,AL,diesel_s10,6.6900,1
2024-01-05,AL,etanol,4.4100,1
2024-01-05,AL,gasolina,5.9800,1
2024-01-05,AM,diesel_s10,48.9300,7
2024-01-05,AM,etanol,14.3100,3
2024-01-05,AM,gasolina,66.9900,10
2024-01-05,BA,diesel_s10,55.0900,9
2024-01-05,BA,etanol,55.6500,14
2024-01-05,BA,gasolina,73.1200,13
2024-01-05,DF,diesel_s10,12.6300,2
2024-01-05,DF,etanol,18.3700,5
2024-01-05,DF,gasolina,39.3300,7
2024-01-05,ES,etanol,8.1800,2
2024-01-05,ES,gasolina,15.8600,3
2024-01-05,GO,diesel_s10,5.8900,1
2024-01-05,GO,etanol,3.1900,1
2024-01-05,GO,gasolina,5.3400,1
2024-01-05,MA,diesel_s10,46.3600,8
2024-01-05,MA,etanol,13.3700,3
2024-01-05,MA,gasolina,39.5300,7
2024-01-05,MG,diesel_s10,132.3000,22
2024-01-05,MG,etanol,98.6100,27
2024-01-05,MG,gasolina,166.0700,29
2024-01-05,MT,diesel_s10,136.7500,23
2024-01-05,MT,etanol,113.4000,38
2024-01-05,MT,gasolina,211.4600,39
2024-01-05,PA,diesel_s10,96.8300,17
2024-01-05,PA,etanol,53.6800,13
2024-01-05,PA,gasolina,101.1800,19
2024-01-05,PR,diesel_s10,211.5100,36
2024-01-05,PR,etanol,182.3200,48
2024-01-05,PR,gasolina,283.7400,49
2024-01-05,RJ,diesel_s10,55.1700,9
2024-01-05,RJ,etanol,39.6800,10
2024-01-05,RJ,gasolina,53.9600,10
2024-01-05,RN,diesel_s10,31.6500,5
2024-01-05,RN,etanol,37.7700,9
2024-01-05,RN,gasolina,35.7100,6
2024-01-05,RS,diesel_s10,100.3300,17
2024-01-05,RS,etanol,35.5200,8
2024-01-05,RS,gasolina,136.6500,25
2024-01-05,SC,diesel_s10,183.9300,30
2024-01-05,SC,etanol,90.5200,20
2024-01-05,SC,gasolina,221.0800,38
2024-01-05,SP,diesel_s10,172.9000,28
2024-01-05,SP,etanol,142.5700,42
2024-01-05,SP,gasolina,230.0200,41
2024-01-08,AC,diesel_s10,32.3400,4
2024-01-08,AC,etanol,5.7900,1
2024-01-08,AC,gasolina,37.2400,5
2024-01-08,AL,diesel_s10,98.6400,17
2024-01-08,AL,etanol,122.0400,32
2024-01-08,AL,gasolina,171.2800,31
2024-01-08,BA,diesel_s10,222.6800,37
2024-01-08,BA,etanol,192.0300,46
2024-01-08,BA,gasolina,291.9400,50
2024-01-08,CE,diesel_s10,103.7800,17
2024-01-08,CE,etanol,83.6100,18
2024-01-08,CE,gasolina,118.1300,20
2024-01-08,DF,diesel_s10,29.6400,5
2024-01-08,DF,etanol,24.3300,7
2024-01-08,DF,gasolina,41.4400,8
2024-01-08,ES,diesel_s10,195.4400,32
2024-01-08,ES,etanol,136.6100,34
2024-01-08,ES,gasolina,274.4700,50
2024-01-08,GO,diesel_s10,199.7100,34
2024-01-08,GO,etanol,161.1500,44
2024-01-08,GO,gasolina,251.2900,44
2024-01-08,MA,diesel_s10,198.5600,33
2024-01-08,MA,etanol,83.3800,18
2024-01-08,MA,gasolina,202.8200,36
2024-01-08,MG,diesel_s10,643.5400,108
2024-01-08,MG,etanol,536.5000,157
2024-01-08,MG,gasolina,881.6100,162
2024-01-08,MS,diesel_s10,124.3800,21
2024-01-08,MS,etanol,102.6100,31
2024-01-08,MS,gasolina,213.8000,39
2024-01-08,MT,diesel_s10,71.5100,12
2024-01-08,MT,etanol,48.8600,16
2024-01-08,MT,gasolina,87.2100,16
2024-01-08,PA,diesel_s10,227.8800,37
2024-01-08,PA,etanol,117.4600,26
2024-01-08,PA,gasolina,285.6400,50
2024-01-08,PB,diesel_s10,201.4500,34
2024-01-08,PB,etanol,133.1900,35
2024-01-08,PB,gasolina,231.4300,42
2024-01-08,PE,diesel_s10,320.1300,56
2024-01-08,PE,etanol,252.6500,66
2024-01-08,PE,gasolina,380.1600,70
2024-01-08,PI,diesel_s10,76.6200,12
2024-01-08,PI,etanol,45.2900,11
2024-01-08,PI,gasolina,75.1600,14
2024-01-08,PR,diesel_s10,451.1100,76
2024-01-08,PR,etanol,409.6300,110
2024-01-08,PR,gasolina,628.9700,109
2024-01-08,RJ,diesel_s10,394.3100,65
2024-01-08,RJ,etanol,423.6600,104
2024-01-08,RJ,gasolina,627.8700,110
2024-01-08,RO,diesel_s10,97.1100,15
2024-01-08,RO,etanol,34.0700,7
2024-01-08,RO,gasolina,132.8500,21
2024-01-08,RR,diesel_s10,46.5100,7
2024-01-08,RR,etanol,4.9200,1
2024-01-08,RR,gasolina,41.2300,7
2024-01-08,RS,diesel_s10,721.4600,121
2024-01-08,RS,etanol,289.6800,65
2024-01-08,RS,gasolina,840.2700,152
2024-01-08,SC,diesel_s10,489.2600,81
2024-01-08,SC,etanol,283.6300,66
2024-01-08,SC,gasolina,731.7900,127
2024-01-08,SP,diesel_s10,2012.1300,333
2024-01-08,SP,etanol,1609.9100,489
2024-01-08,SP,gasolina,2715.4600,495
2024-01-08,TO,diesel_s10,150.9600,26
2024-01-08,TO,etanol,103.1700,26
2024-01-08,TO,gasolina,183.3800,32
2024-01-09,AC,diesel_s10,8.2100,1
2024-01-09,AC,gasolina,7.4100,1
2024-01-09,AM,diesel_s10,114.8200,18
2024-01-09,AM,etanol,83.3800,19
2024-01-09,AM,gasolina,148.2600,24
2024-01-09,BA,diesel_s10,249.1500,40
2024-01-09,BA,etanol,200.7500,47
2024-01-09,BA,gasolina,288.5500,48
2024-01-09,CE,diesel_s10,287.2000,47
2024-01-09,CE,etanol,253.5700,57
2024-01-09,CE,gasolina,345.6000,58
2024-01-09,DF,diesel_s10,57.8600,10
2024-01-09,DF,etanol,65.5100,19
2024-01-09,DF,gasolina,122.2000,23
2024-01-09,ES,diesel_s10,42.8300,7
2024-01-09,ES,etanol,29.5900,7
2024-01-09,ES,gasolina,84.1900,15
2024-01-09,GO,diesel_s10,247.8300,42
2024-01-09,GO,etanol,219.4300,62
2024-01-09,GO,gasolina,351.7700,63
2024-01-09,MA,diesel_s10,191.0500,33
2024-01-09,MA,etanol,72.6200,16
2024-01-09,MA,gasolina,216.4400,39
2024-01-09,MG,diesel_s10,660.3000,110
2024-01-09,MG,etanol,491.6700,141
2024-01-09,MG,gasolina,797.2400,144
2024-01-09,MS,diesel_s10,49.5800,8
2024-01-09,MS,etanol,35.9900,10
2024-01-09,MS,gasolina,57.0100,10
2024-01-09,MT,diesel_s10,115.2700,19
2024-01-09,MT,etanol,74.7100,25
2024-01-09,MT,gasolina,145.1100,26
2024-01-09,PA,diesel_s10,250.0300,40
2024-01-09,PA,etanol,73.0600,17
2024-01-09,PA,gasolina,330.8700,56
2024-01-09,PB,diesel_s10,70.3800,12
2024-01-09,PB,etanol,48.6400,13
2024-01-09,PB,gasolina,75.0400,14
2024-01-09,PE,diesel_s10,114.4300,20
2024-01-09,PE,etanol,72.4700,18
2024-01-09,PE,gasolina,126.2300,22
2024-01-09,PR,diesel_s10,311.1900,52
2024-01-09,PR,etanol,251.8000,69
2024-01-09,PR,gasolina,365.6400,64
2024-01-09,RJ,diesel_s10,359.9000,59
2024-01-09,RJ,etanol,333.5000,84
2024-01-09,RJ,gasolina,539.6300,96
2024-01-09,RN,diesel_s10,51.3400,8
2024-01-09,RN,etanol,48.8500,11
2024-01-09,RN,gasolina,65.5600,11
2024-01-09,RO,diesel_s10,132.1400,20
2024-01-09,RO,etanol,30.3700,6
2024-01-09,RO,gasolina,142.1600,22
2024-01-09,RR,diesel_s10,33.4600,5
2024-01-09,RR,etanol,4.7900,1
2024-01-09,RR,gasolina,29.4500,5
2024-01-09,RS,diesel_s10,370.5300,61
2024-01-09,RS,etanol,137.8200,31
2024-01-09,RS,gasolina,486.9800,88
2024-01-09,SC,diesel_s10,72.9900,12
2024-01-09,SC,etanol,38.4800,9
2024-01-09,SC,gasolina,69.2100,12
2024-01-09,SE,diesel_s10,39.5300,7
2024-01-09,SE,etanol,7.7400,2
2024-01-09,SE,gasolina,40.0400,8
2024-01-09,SP,diesel_s10,1462.4100,241
2024-01-09,SP,etanol,1099.7400,334
2024-01-09,SP,gasolina,1879.0900,341
2024-01-09,TO,diesel_s10,29.5500,5
2024-01-09,TO,etanol,16.5600,4
2024-01-09,TO,gasolina,34.1900,6
2024-01-10,AC,diesel_s10,99.0300,14
2024-01-10,AC,etanol,42.0000,9
2024-01-10,AC,gasolina,100.1800,15
2024-01-10,AL,diesel_s10,81.4200,13
2024-01-10,AL,etanol,68.7300,16
2024-01-10,AL,gasolina,89.5100,15
2024-01-10,AM,diesel_s10,57.2100,9
2024-01-10,AM,etanol,52.2800,12
2024-01-10,AM,gasolina,92.1500,15
2024-01-10,BA,diesel_s10,411.7300,69
2024-01-10,BA,etanol,370.3900,87
2024-01-10,BA,gasolina,506.9300,86
2024-01-10,CE,diesel_s10,169.3900,28
2024-01-10,CE,etanol,147.9000,33
2024-01-10,CE,gasolina,211.4900,36
2024-01-10,DF,diesel_s10,48.2300,8
2024-01-10,DF,etanol,47.2800,14
2024-01-10,DF,gasolina,94.2700,18
2024-01-10,ES,diesel_s10,142.4600,24
2024-01-10,ES,etanol,85.0800,21
2024-01-10,ES,gasolina,191.3200,32
2024-01-10,GO,diesel_s10,284.1600,48
2024-01-10,GO,etanol,253.4200,71
2024-01-10,GO,gasolina,397.4500,71
2024-01-10,MA,diesel_s10,173.8100,31
2024-01-10,MA,etanol,77.8500,19
2024-01-10,MA,gasolina,169.4800,33
2024-01-10,MG,diesel_s10,640.5600,109
2024-01-10,MG,etanol,484.4000,139
2024-01-10,MG,gasolina,781.4100,142
2024-01-10,MT,diesel_s10,36.5300,6
2024-01-10,MT,etanol,32.3700,11
2024-01-10,MT,gasolina,66.1300,12
2024-01-10,PA,diesel_s10,19.5800,3
2024-01-10,PA,etanol,16.2600,4
2024-01-10,PA,gasolina,46.3100,8
2024-01-10,PB,diesel_s10,28.8100,5
2024-01-10,PB,etanol,22.2900,6
2024-01-10,PB,gasolina,32.3200,6
2024-01-10,PE,diesel_s10,282.3800,49
2024-01-10,PE,etanol,177.3500,45
2024-01-10,PE,gasolina,280.5900,51
2024-01-10,PI,diesel_s10,168.4400,28
2024-01-10,PI,etanol,103.5200,26
2024-01-10,PI,gasolina,183.7400,35
2024-01-10,PR,diesel_s10,213.2100,36
2024-01-10,PR,etanol,210.7400,55
2024-01-10,PR,gasolina,334.3600,57
2024-01-10,RJ,diesel_s10,335.8500,54
2024-01-10,RJ,etanol,292.3700,72
2024-01-10,RJ,gasolina,435.7900,76
2024-01-10,RN,diesel_s10,87.0300,14
2024-01-10,RN,etanol,83.4700,19
2024-01-10,RN,gasolina,123.5700,21
2024-01-10,RO,diesel_s10,61.1700,9
2024-01-10,RO,etanol,25.6100,5
2024-01-10,RO,gasolina,69.9300,11
2024-01-10,RR,diesel_s10,26.7200,4
2024-01-10,RR,etanol,4.8700,1
2024-01-10,RR,gasolina,29.5900,5
2024-01-10,RS,diesel_s10,297.3900,49
2024-01-10,RS,etanol,109.8600,24
2024-01-10,RS,gasolina,325.7700,57
2024-01-10,SC,diesel_s10,204.1700,34
2024-01-10,SC,etanol,104.6600,25
2024-01-10,SC,gasolina,206.2200,36
2024-01-10,SE,diesel_s10,63.3400,11
2024-01-10,SE,etanol,43.2800,11
2024-01-10,SE,gasolina,77.2900,15
2024-01-10,SP,diesel_s10,1058.2500,177
2024-01-10,SP,etanol,875.5800,268
2024-01-10,SP,gasolina,1466.1500,270
2024-01-10,TO,diesel_s10,16.8400,3
2024-01-10,TO,etanol,12.4800,3
2024-01-10,TO,gasolina,17.1800,3
2024-01-11,AL,diesel_s10,13.0200,2
2024-01-11,AL,etanol,30.4400,7
2024-01-11,AL,gasolina,47.5500,8
2024-01-11,AM,diesel_s10,121.9500,17
2024-01-11,AM,etanol,32.6700,7
2024-01-11,AM,gasolina,147.8000,22
2024-01-11,AP,diesel_s10,72.4900,11
2024-01-11,AP,etanol,5.3400,1
2024-01-11,AP,gasolina,125.8000,23
2024-01-11,BA,diesel_s10,308.1600,52
2024-01-11,BA,etanol,257.9600,63
2024-01-11,BA,gasolina,364.3800,64
2024-01-11,CE,diesel_s10,232.3900,39
2024-01-11,CE,etanol,172.5100,40
2024-01-11,CE,gasolina,290.7700,51
2024-01-11,GO,diesel_s10,23.1500,4
2024-01-11,GO,etanol,23.0300,7
2024-01-11,GO,gasolina,37.8800,7
2024-01-11,MA,diesel_s10,75.5200,13
2024-01-11,MA,etanol,30.9300,7
2024-01-11,MA,gasolina,74.0200,13
2024-01-11,MG,diesel_s10,292.9500,50
2024-01-11,MG,etanol,232.2800,68
2024-01-11,MG,gasolina,379.9200,70
2024-01-11,MS,diesel_s10,67.9700,11
2024-01-11,MS,etanol,38.8100,11
2024-01-11,MS,gasolina,81.1200,14
2024-01-11,MT,diesel_s10,40.8200,6
2024-01-11,MT,etanol,23.0700,7
2024-01-11,MT,gasolina,61.6600,10
2024-01-11,PA,diesel_s10,146.6400,23
2024-01-11,PA,etanol,49.0000,10
2024-01-11,PA,gasolina,160.5100,26
2024-01-11,PE,diesel_s10,92.5900,16
2024-01-11,PE,etanol,53.1700,13
2024-01-11,PE,gasolina,102.6600,18
2024-01-11,PI,diesel_s10,30.0400,5
2024-01-11,PI,etanol,19.9400,5
2024-01-11,PI,gasolina,31.6700,6
2024-01-11,PR,diesel_s10,222.9600,38
2024-01-11,PR,etanol,181.3800,50
2024-01-11,PR,gasolina,280.1200,50
2024-01-11,RJ,diesel_s10,182.5800,30
2024-01-11,RJ,etanol,185.7100,48
2024-01-11,RJ,gasolina,293.1400,53
2024-01-11,RN,diesel_s10,58.2900,10
2024-01-11,RN,etanol,61.7500,15
2024-01-11,RN,gasolina,80.9500,14
2024-01-11,RS,diesel_s10,170.3600,28
2024-01-11,RS,etanol,52.3500,11
2024-01-11,RS,gasolina,176.9500,30
2024-01-11,SC,diesel_s10,24.0400,4
2024-01-11,SC,etanol,3.9900,1
2024-01-11,SC,gasolina,23.4300,4
2024-01-11,SE,diesel_s10,35.6300,6
2024-01-11,SE,etanol,69.3100,17
2024-01-11,SE,gasolina,91.3100,17
2024-01-11,SP,diesel_s10,552.5600,92
2024-01-11,SP,etanol,413.2300,128
2024-01-11,SP,gasolina,698.1000,128
2024-01-11,TO,diesel_s10,40.4100,7
2024-01-11,TO,etanol,25.3400,6
2024-01-11,TO,gasolina,45.9400,8
2024-01-12,BA,diesel_s10,36.9800,6
2024-01-12,BA,etanol,20.0600,5
2024-01-12,BA,gasolina,27.9300,5
2024-01-12,CE,etanol,4.1900,1
2024-01-12,CE,gasolina,5.9500,1
2024-01-12,ES,diesel_s10,17.7500,3
2024-01-12,ES,etanol,3.8900,1
2024-01-12,ES,gasolina,16.4000,3
2024-01-12,GO,diesel_s10,40.2500,7
2024-01-12,GO,etanol,19.2800,6
2024-01-12,GO,gasolina,42.4300,8
2024-01-12,MG,etanol,10.4100,3
2024-01-12,MG,gasolina,15.9700,3
2024-01-12,PR,diesel_s10,24.3200,4
2024-01-12,PR,etanol,18.7300,5
2024-01-12,PR,gasolina,28.4500,5
2024-01-12,RJ,diesel_s10,5.6900,1
2024-01-12,RJ,etanol,7.5800,2
2024-01-12,RJ,gasolina,10.8800,2
2024-01-12,RS,diesel_s10,5.9900,1
2024-01-12,RS,gasolina,11.3800,2
2024-01-12,SC,diesel_s10,75.9700,13
2024-01-12,SC,etanol,21.3500,5
2024-01-12,SC,gasolina,78.0000,14
2024-01-12,SP,diesel_s10,5.3900,1
2024-01-12,SP,etanol,10.2900,3
2024-01-12,SP,gasolina,16.7000,3
2024-01-15,AL,diesel_s10,102.0700,17
2024-01-15,AL,etanol,98.9400,25
2024-01-15,AL,gasolina,140.8300,25
2024-01-15,AM,diesel_s10,36.3400,6
2024-01-15,AM,etanol,29.3300,7
2024-01-15,AM,gasolina,50.7100,9
2024-01-15,BA,diesel_s10,302.7900,50
2024-01-15,BA,etanol,292.0000,66
2024-01-15,BA,gasolina,415.7000,69
2024-01-15,CE,diesel_s10,115.5700,19
2024-01-15,CE,etanol,87.7700,19
2024-01-15,CE,gasolina,124.9900,21
2024-01-15,DF,diesel_s10,129.5500,22
2024-01-15,DF,etanol,126.9000,37
2024-01-15,DF,gasolina,247.4100,45
2024-01-15,ES,diesel_s10,95.8600,16
2024-01-15,ES,etanol,57.3500,14
2024-01-15,ES,gasolina,140.9500,25
2024-01-15,GO,diesel_s10,243.7600,41
2024-01-15,GO,etanol,187.5400,51
2024-01-15,GO,gasolina,287.3100,50
2024-01-15,MA,diesel_s10,321.4700,55
2024-01-15,MA,etanol,152.0800,35
2024-01-15,MA,gasolina,336.4600,62
2024-01-15,MG,diesel_s10,498.5800,85
2024-01-15,MG,etanol,399.9400,118
2024-01-15,MG,gasolina,652.2000,121
2024-01-15,MS,diesel_s10,78.8400,13
2024-01-15,MS,etanol,59.2800,17
2024-01-15,MS,gasolina,111.6900,20
2024-01-15,MT,diesel_s10,43.3000,7
2024-01-15,MT,etanol,36.3300,12
2024-01-15,MT,gasolina,73.0300,13
2024-01-15,PA,diesel_s10,294.1900,48
2024-01-15,PA,etanol,132.1500,29
2024-01-15,PA,gasolina,360.1800,63
2024-01-15,PB,diesel_s10,223.3500,38
2024-01-15,PB,etanol,150.7800,40
2024-01-15,PB,gasolina,256.5100,47
2024-01-15,PE,diesel_s10,344.3900,61
2024-01-15,PE,etanol,232.7400,61
2024-01-15,PE,gasolina,405.8300,74
2024-01-15,PI,diesel_s10,17.6700,3
2024-01-15,PI,etanol,15.3600,4
2024-01-15,PI,gasolina,20.4800,4
2024-01-15,PR,diesel_s10,167.3500,28
2024-01-15,PR,etanol,144.1300,40
2024-01-15,PR,gasolina,236.2300,41
2024-01-15,RJ,diesel_s10,462.9000,76
2024-01-15,RJ,etanol,467.8300,117
2024-01-15,RJ,gasolina,701.6800,124
2024-01-15,RN,diesel_s10,65.3400,11
2024-01-15,RN,etanol,82.2900,20
2024-01-15,RN,gasolina,98.5600,17
2024-01-15,RO,diesel_s10,116.9100,18
2024-01-15,RO,etanol,33.8800,7
2024-01-15,RO,gasolina,132.4600,21
2024-01-15,RR,diesel_s10,26.8000,4
2024-01-15,RR,etanol,4.9200,1
2024-01-15,RR,gasolina,23.5600,4
2024-01-15,RS,diesel_s10,734.8200,123
2024-01-15,RS,etanol,287.8500,65
2024-01-15,RS,gasolina,778.0400,140
2024-01-15,SC,diesel_s10,306.9500,52
2024-01-15,SC,etanol,152.4000,36
2024-01-15,SC,gasolina,423.1600,74
2024-01-15,SE,diesel_s10,41.0300,7
2024-01-15,SE,etanol,28.4400,7
2024-01-15,SE,gasolina,46.0500,8
2024-01-15,SP,diesel_s10,2054.9200,341
2024-01-15,SP,etanol,1682.8300,514
2024-01-15,SP,gasolina,2804.0100,511
2024-01-15,TO,diesel_s10,127.1200,22
2024-01-15,TO,etanol,89.3700,23
2024-01-15,TO,gasolina,162.9600,29
2024-01-16,AL,diesel_s10,58.6200,9
2024-01-16,AL,etanol,42.3100,9
2024-01-16,AL,gasolina,56.4700,9
2024-01-16,AM,diesel_s10,80.5700,13
2024-01-16,AM,etanol,61.1800,15
2024-01-16,AM,gasolina,112.3000,20
2024-01-16,BA,diesel_s10,320.7600,54
2024-01-16,BA,etanol,252.7800,61
2024-01-16,BA,gasolina,341.9400,59
2024-01-16,CE,diesel_s10,291.7000,49
2024-01-16,CE,etanol,271.7800,63
2024-01-16,CE,gasolina,365.8200,61
2024-01-16,DF,diesel_s10,23.9600,4
2024-01-16,DF,etanol,10.4700,3
2024-01-16,DF,gasolina,27.9100,5
2024-01-16,ES,diesel_s10,152.5800,25
2024-01-16,ES,etanol,91.0000,23
2024-01-16,ES,gasolina,195.5000,35
2024-01-16,GO,diesel_s10,180.7100,31
2024-01-16,GO,etanol,178.1300,48
2024-01-16,GO,gasolina,269.7200,47
2024-01-16,MA,diesel_s10,171.7100,30
2024-01-16,MA,etanol,73.8900,17
2024-01-16,MA,gasolina,179.7600,33
2024-01-16,MG,diesel_s10,569.0900,96
2024-01-16,MG,etanol,433.1100,125
2024-01-16,MG,gasolina,696.3100,127
2024-01-16,MS,diesel_s10,58.7900,9
2024-01-16,MS,etanol,40.0500,11
2024-01-16,MS,gasolina,78.4100,13
2024-01-16,MT,diesel_s10,71.1800,12
2024-01-16,MT,etanol,57.4600,19
2024-01-16,MT,gasolina,111.0800,20
2024-01-16,PA,diesel_s10,80.8100,14
2024-01-16,PA,etanol,39.3000,10
2024-01-16,PA,gasolina,103.1900,19
2024-01-16,PE,diesel_s10,139.0400,24
2024-01-16,PE,etanol,95.2900,24
2024-01-16,PE,gasolina,157.7200,28
2024-01-16,PI,diesel_s10,49.8300,8
2024-01-16,PI,etanol,33.2000,8
2024-01-16,PI,gasolina,54.4700,10
2024-01-16,PR,diesel_s10,356.6600,61
2024-01-16,PR,etanol,281.7000,78
2024-01-16,PR,gasolina,423.4600,75
2024-01-16,RJ,diesel_s10,318.1500,52
2024-01-16,RJ,etanol,299.1200,75
2024-01-16,RJ,gasolina,482.2800,85
2024-01-16,RN,diesel_s10,26.0200,4
2024-01-16,RN,etanol,15.2700,3
2024-01-16,RN,gasolina,35.8300,6
2024-01-16,RO,diesel_s10,159.9200,24
2024-01-16,RO,etanol,45.4800,9
2024-01-16,RO,gasolina,178.4700,28
2024-01-16,RR,diesel_s10,60.0000,9
2024-01-16,RR,etanol,9.6600,2
2024-01-16,RR,gasolina,53.0600,9
2024-01-16,RS,diesel_s10,514.1400,86
2024-01-16,RS,etanol,147.6800,33
2024-01-16,RS,gasolina,535.6900,96
2024-01-16,SC,diesel_s10,151.4300,25
2024-01-16,SC,etanol,89.5800,21
2024-01-16,SC,gasolina,186.0900,32
2024-01-16,SE,diesel_s10,67.7300,12
2024-01-16,SE,etanol,23.5800,6
2024-01-16,SE,gasolina,82.5000,15
2024-01-16,SP,diesel_s10,1624.7900,272
2024-01-16,SP,etanol,1130.1900,347
2024-01-16,SP,gasolina,1982.6800,361
2024-01-16,TO,diesel_s10,6.1900,1
2024-01-16,TO,etanol,4.4200,1
2024-01-16,TO,gasolina,5.8600,1
2024-01-17,AC,diesel_s10,112.1000,15
2024-01-17,AC,etanol,33.7300,7
2024-01-17,AC,gasolina,118.3000,17
2024-01-17,AL,diesel_s10,39.7400,7
2024-01-17,AL,etanol,51.7400,14
2024-01-17,AL,gasolina,87.8600,16
2024-01-17,AM,diesel_s10,118.3600,17
2024-01-17,AM,etanol,35.9900,9
2024-01-17,AM,gasolina,165.6200,25
2024-01-17,BA,diesel_s10,158.7700,27
2024-01-17,BA,etanol,117.9600,29
2024-01-17,BA,gasolina,178.1900,31
2024-01-17,CE,diesel_s10,171.3100,29
2024-01-17,CE,etanol,129.2600,29
2024-01-17,CE,gasolina,203.7000,35
2024-01-17,ES,diesel_s10,102.0000,17
2024-01-17,ES,etanol,68.3700,17
2024-01-17,ES,gasolina,130.0700,24
2024-01-17,GO,diesel_s10,195.4600,33
2024-01-17,GO,etanol,188.3000,52
2024-01-17,GO,gasolina,300.8200,53
2024-01-17,MA,diesel_s10,70.2800,12
2024-01-17,MA,etanol,35.1600,8
2024-01-17,MA,gasolina,64.5700,12
2024-01-17,MG,diesel_s10,789.6300,135
2024-01-17,MG,etanol,605.4900,178
2024-01-17,MG,gasolina,973.4200,179
2024-01-17,MS,diesel_s10,64.3300,11
2024-01-17,MS,etanol,42.5800,14
2024-01-17,MS,gasolina,83.0900,16
2024-01-17,MT,diesel_s10,80.5600,14
2024-01-17,MT,etanol,51.9400,18
2024-01-17,MT,gasolina,96.5600,18
2024-01-17,PA,diesel_s10,181.5400,28
2024-01-17,PA,etanol,55.9500,12
2024-01-17,PA,gasolina,238.4300,38
2024-01-17,PB,diesel_s10,36.2700,6
2024-01-17,PB,etanol,34.5000,9
2024-01-17,PB,gasolina,55.3000,10
2024-01-17,PE,diesel_s10,243.7300,43
2024-01-17,PE,etanol,174.3300,44
2024-01-17,PE,gasolina,263.9200,47
2024-01-17,PI,diesel_s10,99.6100,17
2024-01-17,PI,etanol,57.0600,14
2024-01-17,PI,gasolina,111.2100,21
2024-01-17,PR,diesel_s10,387.6800,65
2024-01-17,PR,etanol,327.5000,89
2024-01-17,PR,gasolina,508.6000,90
2024-01-17,RJ,diesel_s10,256.6300,42
2024-01-17,RJ,etanol,236.4100,60
2024-01-17,RJ,gasolina,342.3600,61
2024-01-17,RN,diesel_s10,67.9500,11
2024-01-17,RN,etanol,56.8300,13
2024-01-17,RN,gasolina,76.6700,13
2024-01-17,RO,diesel_s10,45.3700,7
2024-01-17,RO,etanol,31.2000,6
2024-01-17,RO,gasolina,78.9800,12
2024-01-17,RR,diesel_s10,26.5200,4
2024-01-17,RR,etanol,4.7900,1
2024-01-17,RR,gasolina,23.5600,4
2024-01-17,RS,diesel_s10,47.8900,8
2024-01-17,RS,gasolina,33.2800,6
2024-01-17,SC,diesel_s10,143.7200,24
2024-01-17,SC,etanol,83.7200,20
2024-01-17,SC,gasolina,147.7200,26
2024-01-17,SP,diesel_s10,858.1000,141
2024-01-17,SP,etanol,664.8200,203
2024-01-17,SP,gasolina,1134.8000,207
2024-01-17,TO,diesel_s10,34.7500,6
2024-01-17,TO,etanol,23.7600,6
2024-01-17,TO,gasolina,33.3200,6
2024-01-18,AC,diesel_s10,20.9700,3
2024-01-18,AC,etanol,14.4700,3
2024-01-18,AC,gasolina,19.7000,3
2024-01-18,AL,diesel_s10,5.9900,1
2024-01-18,AL,etanol,3.9900,1
2024-01-18,AL,gasolina,5.7900,1
2024-01-18,AM,diesel_s10,25.5500,4
2024-01-18,AM,etanol,23.2200,5
2024-01-18,AM,gasolina,30.2500,5
2024-01-18,AP,diesel_s10,72.0200,11
2024-01-18,AP,gasolina,125.6500,23
2024-01-18,BA,diesel_s10,477.3300,80
2024-01-18,BA,etanol,388.1400,94
2024-01-18,BA,gasolina,539.8400,94
2024-01-18,CE,diesel_s10,107.7800,18
2024-01-18,CE,etanol,83.6600,18
2024-01-18,CE,gasolina,117.2700,20
2024-01-18,ES,diesel_s10,60.7000,10
2024-01-18,ES,etanol,41.1600,10
2024-01-18,ES,gasolina,95.3500,16
2024-01-18,GO,diesel_s10,132.3800,23
2024-01-18,GO,etanol,108.4800,31
2024-01-18,GO,gasolina,177.1500,32
2024-01-18,MA,diesel_s10,81.7700,14
2024-01-18,MA,etanol,35.2200,8
2024-01-18,MA,gasolina,79.3200,14
2024-01-18,MG,diesel_s10,308.5100,52
2024-01-18,MG,etanol,231.2600,65
2024-01-18,MG,gasolina,394.7200,71
2024-01-18,MS,diesel_s10,61.7000,10
2024-01-18,MS,etanol,39.0900,11
2024-01-18,MS,gasolina,80.9700,14
2024-01-18,MT,diesel_s10,69.6100,11
2024-01-18,MT,etanol,48.3800,15
2024-01-18,MT,gasolina,107.5800,18
2024-01-18,PA,diesel_s10,75.6300,12
2024-01-18,PA,etanol,17.8400,4
2024-01-18,PA,gasolina,84.4400,14
2024-01-18,PB,diesel_s10,17.5700,3
2024-01-18,PB,etanol,15.1400,4
2024-01-18,PB,gasolina,21.5200,4
2024-01-18,PE,diesel_s10,136.0600,24
2024-01-18,PE,etanol,97.4000,24
2024-01-18,PE,gasolina,135.8300,24
2024-01-18,PI,diesel_s10,86.2700,14
2024-01-18,PI,etanol,75.2400,19
2024-01-18,PI,gasolina,109.1200,21
2024-01-18,PR,diesel_s10,266.3500,45
2024-01-18,PR,etanol,259.1800,69
2024-01-18,PR,gasolina,422.6600,73
2024-01-18,RJ,diesel_s10,155.0800,26
2024-01-18,RJ,etanol,143.5100,37
2024-01-18,RJ,gasolina,238.1000,43
2024-01-18,RN,diesel_s10,24.1800,4
2024-01-18,RN,etanol,35.2900,9
2024-01-18,RN,gasolina,51.4500,9
2024-01-18,RS,diesel_s10,298.9000,49
2024-01-18,RS,etanol,112.8900,25
2024-01-18,RS,gasolina,412.7900,73
2024-01-18,SC,diesel_s10,48.1100,8
2024-01-18,SC,etanol,4.1900,1
2024-01-18,SC,gasolina,50.5100,9
2024-01-18,SE,diesel_s10,29.7400,5
2024-01-18,SE,etanol,64.0100,16
2024-01-18,SE,gasolina,98.0300,17
2024-01-18,SP,diesel_s10,724.9700,122
2024-01-18,SP,etanol,540.9500,167
2024-01-18,SP,gasolina,919.7800,169
2024-01-18,TO,diesel_s10,79.1000,14
2024-01-18,TO,etanol,41.0300,10
2024-01-18,TO,gasolina,78.9700,14
2024-01-19,BA,diesel_s10,12.6400,2
2024-01-19,BA,etanol,8.1800,2
2024-01-19,BA,gasolina,11.2100,2
2024-01-19,CE,diesel_s10,5.6900,1
2024-01-19,CE,etanol,3.9900,1
2024-01-19,CE,gasolina,5.9300,1
2024-01-19,GO,diesel_s10,34.3400,6
2024-01-19,GO,etanol,29.2900,9
2024-01-19,GO,gasolina,47.4900,9
2024-01-19,MG,diesel_s10,6.2400,1
2024-01-19,MG,gasolina,5.9900,1
2024-01-19,PA,diesel_s10,25.4300,4
2024-01-19,PA,gasolina,28.6900,5
2024-01-19,PR,diesel_s10,57.9000,10
2024-01-19,PR,etanol,58.0100,15
2024-01-19,PR,gasolina,87.2300,15
2024-01-19,RJ,diesel_s10,30.0500,5
2024-01-19,RJ,etanol,33.8800,9
2024-01-19,RJ,gasolina,44.4900,8
2024-01-19,RS,diesel_s10,17.7600,3
2024-01-19,RS,etanol,18.7600,4
2024-01-19,RS,gasolina,49.7300,9
2024-01-19,SC,diesel_s10,48.5600,8
2024-01-19,SC,etanol,19.8100,4
2024-01-19,SC,gasolina,63.8600,11
2024-01-22,AL,diesel_s10,111.3100,19
2024-01-22,AL,etanol,118.9000,31
2024-01-22,AL,gasolina,172.2500,31
2024-01-22,AM,diesel_s10,91.9500,15
2024-01-22,AM,etanol,72.7100,18
2024-01-22,AM,gasolina,141.5400,26
2024-01-22,BA,diesel_s10,178.2900,30
2024-01-22,BA,etanol,164.1800,40
2024-01-22,BA,gasolina,242.9800,42
2024-01-22,CE,diesel_s10,57.5500,10
2024-01-22,CE,etanol,54.4100,13
2024-01-22,CE,gasolina,82.9200,14
2024-01-22,DF,etanol,3.4900,1
2024-01-22,DF,gasolina,5.4500,1
2024-01-22,ES,diesel_s10,226.9300,37
2024-01-22,ES,etanol,141.0600,35
2024-01-22,ES,gasolina,298.4400,54
2024-01-22,GO,diesel_s10,435.7100,74
2024-01-22,GO,etanol,376.5500,100
2024-01-22,GO,gasolina,567.4300,98
2024-01-22,MA,diesel_s10,287.1200,50
2024-01-22,MA,etanol,130.4900,30
2024-01-22,MA,gasolina,292.6800,54
2024-01-22,MG,diesel_s10,553.3000,94
2024-01-22,MG,etanol,436.2000,126
2024-01-22,MG,gasolina,721.3200,132
2024-01-22,MS,diesel_s10,68.9800,11
2024-01-22,MS,etanol,58.8700,17
2024-01-22,MS,gasolina,130.6800,23
2024-01-22,MT,diesel_s10,47.3800,8
2024-01-22,MT,etanol,29.2500,10
2024-01-22,MT,gasolina,60.8500,11
2024-01-22,PA,diesel_s10,247.6100,40
2024-01-22,PA,etanol,106.2400,23
2024-01-22,PA,gasolina,304.3300,53
2024-01-22,PB,diesel_s10,206.1900,35
2024-01-22,PB,etanol,144.3500,38
2024-01-22,PB,gasolina,252.4700,46
2024-01-22,PE,diesel_s10,218.5600,39
2024-01-22,PE,etanol,167.7000,44
2024-01-22,PE,gasolina,262.1400,48
2024-01-22,PI,diesel_s10,36.9400,6
2024-01-22,PI,etanol,39.4000,10
2024-01-22,PI,gasolina,51.6000,10
2024-01-22,PR,diesel_s10,194.3700,33
2024-01-22,PR,etanol,154.2700,43
2024-01-22,PR,gasolina,237.5300,42
2024-01-22,RJ,diesel_s10,536.3700,88
2024-01-22,RJ,etanol,549.4500,138
2024-01-22,RJ,gasolina,799.5400,142
2024-01-22,RN,diesel_s10,19.0600,3
2024-01-22,RN,etanol,23.1500,5
2024-01-22,RN,gasolina,41.3100,7
2024-01-22,RO,diesel_s10,129.6500,20
2024-01-22,RO,etanol,28.9200,6
2024-01-22,RO,gasolina,146.2800,23
2024-01-22,RR,diesel_s10,33.3300,5
2024-01-22,RR,etanol,4.7900,1
2024-01-22,RR,gasolina,29.4500,5
2024-01-22,RS,diesel_s10,539.4400,92
2024-01-22,RS,etanol,189.1200,44
2024-01-22,RS,gasolina,585.9300,107
2024-01-22,SC,diesel_s10,327.3600,55
2024-01-22,SC,etanol,135.0900,32
2024-01-22,SC,gasolina,441.4900,77
2024-01-22,SE,diesel_s10,35.2400,6
2024-01-22,SE,etanol,28.0300,7
2024-01-22,SE,gasolina,51.9300,9
2024-01-22,SP,diesel_s10,1924.3300,321
2024-01-22,SP,etanol,1608.9200,495
2024-01-22,SP,gasolina,2700.6300,493
2024-01-22,TO,diesel_s10,129.3300,22
2024-01-22,TO,etanol,77.4300,19
2024-01-22,TO,gasolina,154.6200,27
2024-01-23,AL,diesel_s10,90.7800,14
2024-01-23,AL,etanol,77.2400,17
2024-01-23,AL,gasolina,110.1400,18
2024-01-23,AM,diesel_s10,41.0400,6
2024-01-23,AM,etanol,22.5400,5
2024-01-23,AM,gasolina,78.2700,12
2024-01-23,BA,diesel_s10,358.6800,60
2024-01-23,BA,etanol,296.9000,71
2024-01-23,BA,gasolina,432.5500,74
2024-01-23,CE,diesel_s10,128.1300,21
2024-01-23,CE,etanol,114.5800,25
2024-01-23,CE,gasolina,165.0700,28
2024-01-23,ES,diesel_s10,35.7900,6
2024-01-23,ES,etanol,27.9200,7
2024-01-23,ES,gasolina,60.7300,11
2024-01-23,GO,diesel_s10,76.2100,13
2024-01-23,GO,etanol,77.0200,22
2024-01-23,GO,gasolina,122.9700,22
2024-01-23,MA,diesel_s10,158.5300,27
2024-01-23,MA,etanol,64.2800,15
2024-01-23,MA,gasolina,163.0000,29
2024-01-23,MG,diesel_s10,502.0100,86
2024-01-23,MG,etanol,394.9100,114
2024-01-23,MG,gasolina,626.2900,114
2024-01-23,MS,diesel_s10,56.0500,9
2024-01-23,MS,etanol,35.4100,10
2024-01-23,MS,gasolina,51.8400,9
2024-01-23,MT,diesel_s10,125.2300,20
2024-01-23,MT,etanol,104.8200,34
2024-01-23,MT,gasolina,211.3400,37
2024-01-23,PA,diesel_s10,129.3100,22
2024-01-23,PA,etanol,43.1100,11
2024-01-23,PA,gasolina,149.9300,27
2024-01-23,PE,diesel_s10,158.2900,28
2024-01-23,PE,etanol,102.8000,27
2024-01-23,PE,gasolina,166.6700,31
2024-01-23,PI,diesel_s10,73.2900,12
2024-01-23,PI,etanol,52.5900,13
2024-01-23,PI,gasolina,85.8600,16
2024-01-23,PR,diesel_s10,511.0600,87
2024-01-23,PR,etanol,424.4600,116
2024-01-23,PR,gasolina,666.1700,116
2024-01-23,RJ,diesel_s10,375.3800,62
2024-01-23,RJ,etanol,371.7000,93
2024-01-23,RJ,gasolina,596.9000,105
2024-01-23,RN,diesel_s10,24.5600,4
2024-01-23,RN,etanol,35.3000,9
2024-01-23,RN,gasolina,34.6800,6
2024-01-23,RO,diesel_s10,57.1900,9
2024-01-23,RO,etanol,33.8000,7
2024-01-23,RO,gasolina,69.9200,11
2024-01-23,RR,diesel_s10,39.9700,6
2024-01-23,RR,etanol,4.7900,1
2024-01-23,RR,gasolina,35.3600,6
2024-01-23,RS,diesel_s10,442.7600,73
2024-01-23,RS,etanol,158.3600,34
2024-01-23,RS,gasolina,462.3500,82
2024-01-23,SC,diesel_s10,126.3700,21
2024-01-23,SC,etanol,83.7500,19
2024-01-23,SC,gasolina,189.8900,33
2024-01-23,SE,diesel_s10,28.3000,5
2024-01-23,SE,etanol,7.9800,2
2024-01-23,SE,gasolina,27.7000,5
2024-01-23,SP,diesel_s10,833.3600,141
2024-01-23,SP,etanol,688.6700,214
2024-01-23,SP,gasolina,1191.3300,219
2024-01-24,AC,diesel_s10,82.8300,11
2024-01-24,AC,etanol,24.0800,5
2024-01-24,AC,gasolina,84.3400,12
2024-01-24,AL,diesel_s10,34.2400,6
2024-01-24,AL,etanol,33.0100,9
2024-01-24,AL,gasolina,49.4100,9
2024-01-24,AM,diesel_s10,137.3800,21
2024-01-24,AM,etanol,54.1000,13
2024-01-24,AM,gasolina,139.1600,23
2024-01-24,AP,diesel_s10,57.5100,9
2024-01-24,AP,gasolina,102.9800,19
2024-01-24,BA,diesel_s10,406.0000,68
2024-01-24,BA,etanol,343.2100,80
2024-01-24,BA,gasolina,459.6100,78
2024-01-24,CE,diesel_s10,131.0100,21
2024-01-24,CE,etanol,101.1200,21
2024-01-24,CE,gasolina,150.5700,25
2024-01-24,ES,diesel_s10,99.5300,17
2024-01-24,ES,etanol,54.2600,14
2024-01-24,ES,gasolina,124.4400,22
2024-01-24,GO,diesel_s10,115.1400,20
2024-01-24,GO,etanol,129.4100,37
2024-01-24,GO,gasolina,205.6200,37
2024-01-24,MA,diesel_s10,141.8300,25
2024-01-24,MA,etanol,63.3400,15
2024-01-24,MA,gasolina,154.1600,29
2024-01-24,MG,diesel_s10,668.1500,115
2024-01-24,MG,etanol,513.3200,153
2024-01-24,MG,gasolina,832.1900,155
2024-01-24,MS,diesel_s10,24.2600,4
2024-01-24,MS,etanol,16.7300,5
2024-01-24,MS,gasolina,33.5600,6
2024-01-24,MT,diesel_s10,97.8400,17
2024-01-24,MT,etanol,60.3000,21
2024-01-24,MT,gasolina,120.2400,22
2024-01-24,PA,diesel_s10,129.8600,20
2024-01-24,PA,etanol,48.5900,11
2024-01-24,PA,gasolina,184.5900,30
2024-01-24,PB,diesel_s10,5.8900,1
2024-01-24,PB,etanol,3.7900,1
2024-01-24,PB,gasolina,5.4700,1
2024-01-24,PE,diesel_s10,377.6300,67
2024-01-24,PE,etanol,257.1100,65
2024-01-24,PE,gasolina,412.3300,75
2024-01-24,PI,diesel_s10,76.8800,13
2024-01-24,PI,etanol,44.9600,11
2024-01-24,PI,gasolina,79.4500,15
2024-01-24,PR,diesel_s10,334.1500,57
2024-01-24,PR,etanol,270.8000,73
2024-01-24,PR,gasolina,427.4500,75
2024-01-24,RJ,diesel_s10,189.6300,30
2024-01-24,RJ,etanol,160.1000,39
2024-01-24,RJ,gasolina,254.0400,44
2024-01-24,RN,diesel_s10,68.7800,11
2024-01-24,RN,etanol,51.8900,12
2024-01-24,RN,gasolina,64.4200,11
2024-01-24,RO,diesel_s10,79.7000,12
2024-01-24,RO,etanol,31.4700,6
2024-01-24,RO,gasolina,117.1800,18
2024-01-24,RR,diesel_s10,40.0200,6
2024-01-24,RR,etanol,9.7900,2
2024-01-24,RR,gasolina,35.3700,6
2024-01-24,RS,diesel_s10,417.4100,70
2024-01-24,RS,etanol,170.9200,39
2024-01-24,RS,gasolina,527.1100,95
2024-01-24,SC,diesel_s10,125.3800,21
2024-01-24,SC,etanol,64.1900,16
2024-01-24,SC,gasolina,141.7600,25
2024-01-24,SE,etanol,3.9900,1
2024-01-24,SE,gasolina,5.7900,1
2024-01-24,SP,diesel_s10,1275.2800,215
2024-01-24,SP,etanol,964.8400,299
2024-01-24,SP,gasolina,1664.7400,307
2024-01-24,TO,diesel_s10,116.8700,21
2024-01-24,TO,etanol,75.7200,20
2024-01-24,TO,gasolina,125.6100,23
2024-01-25,AC,diesel_s10,56.8400,8
2024-01-25,AC,etanol,27.9400,6
2024-01-25,AC,gasolina,60.0100,9
2024-01-25,AM,gasolina,38.4200,5
2024-01-25,AP,diesel_s10,25.7900,4
2024-01-25,AP,etanol,5.1900,1
2024-01-25,AP,gasolina,22.2500,4
2024-01-25,BA,diesel_s10,254.8500,43
2024-01-25,BA,etanol,191.3300,47
2024-01-25,BA,gasolina,275.9900,48
2024-01-25,CE,diesel_s10,104.4000,17
2024-01-25,CE,etanol,70.5800,15
2024-01-25,CE,gasolina,103.5600,18
2024-01-25,ES,diesel_s10,24.2600,4
2024-01-25,ES,etanol,12.5600,3
2024-01-25,ES,gasolina,23.9600,4
2024-01-25,GO,diesel_s10,154.5100,27
2024-01-25,GO,etanol,125.6300,36
2024-01-25,GO,gasolina,206.4400,37
2024-01-25,MA,diesel_s10,33.6600,6
2024-01-25,MA,etanol,17.2600,4
2024-01-25,MA,gasolina,31.7900,6
2024-01-25,MG,diesel_s10,397.3800,67
2024-01-25,MG,etanol,301.8600,89
2024-01-25,MG,gasolina,493.2600,90
2024-01-25,MS,diesel_s10,6.5900,1
2024-01-25,MS,gasolina,6.0500,1
2024-01-25,PA,diesel_s10,108.1700,17
2024-01-25,PA,etanol,20.7300,4
2024-01-25,PA,gasolina,122.3900,20
2024-01-25,PB,diesel_s10,80.0800,14
2024-01-25,PB,etanol,52.3500,14
2024-01-25,PB,gasolina,74.7200,14
2024-01-25,PE,diesel_s10,110.5900,19
2024-01-25,PE,etanol,76.4400,19
2024-01-25,PE,gasolina,114.7800,20
2024-01-25,PI,diesel_s10,29.5300,5
2024-01-25,PI,etanol,23.8500,6
2024-01-25,PI,gasolina,31.7100,6
2024-01-25,PR,diesel_s10,187.3400,31
2024-01-25,PR,etanol,164.4100,44
2024-01-25,PR,gasolina,264.5200,46
2024-01-25,RJ,diesel_s10,183.8800,31
2024-01-25,RJ,etanol,173.5200,45
2024-01-25,RJ,gasolina,288.9900,52
2024-01-25,RN,diesel_s10,41.4200,7
2024-01-25,RN,etanol,69.4400,17
2024-01-25,RN,gasolina,98.0600,17
2024-01-25,RO,diesel_s10,47.7600,7
2024-01-25,RO,etanol,9.6200,2
2024-01-25,RO,gasolina,54.1300,9
2024-01-25,RS,diesel_s10,107.0300,18
2024-01-25,RS,etanol,26.5400,6
2024-01-25,RS,gasolina,152.9000,27
2024-01-25,SC,diesel_s10,175.8500,29
2024-01-25,SC,etanol,108.2300,25
2024-01-25,SC,gasolina,228.3200,40
2024-01-25,SE,diesel_s10,63.9300,11
2024-01-25,SE,etanol,75.3300,19
2024-01-25,SE,gasolina,124.6500,22
2024-01-25,SP,diesel_s10,933.8700,156
2024-01-25,SP,etanol,704.3500,217
2024-01-25,SP,gasolina,1214.1700,222
2024-01-26,BA,diesel_s10,23.8600,4
2024-01-26,BA,etanol,21.5900,5
2024-01-26,BA,gasolina,27.9800,5
2024-01-26,MS,diesel_s10,17.2300,3
2024-01-26,MS,etanol,18.4800,6
2024-01-26,MS,gasolina,36.8100,7
2024-01-26,PR,diesel_s10,115.7300,20
2024-01-26,PR,etanol,110.5700,30
2024-01-26,PR,gasolina,168.6500,30
2024-01-26,RN,diesel_s10,11.5800,2
2024-01-26,RN,etanol,7.9000,2
2024-01-26,RN,gasolina,11.3400,2
2024-01-26,SP,diesel_s10,5.3500,1
2024-01-26,SP,etanol,16.6800,5
2024-01-26,SP,gasolina,27.4800,5
2024-01-29,AL,diesel_s10,181.0700,30
2024-01-29,AL,etanol,166.4100,41
2024-01-29,AL,gasolina,238.0000,41
2024-01-29,AM,diesel_s10,110.5200,18
2024-01-29,AM,etanol,75.8000,19
2024-01-29,AM,gasolina,133.5300,25
2024-01-29,BA,diesel_s10,246.5900,41
2024-01-29,BA,etanol,200.8500,46
2024-01-29,BA,gasolina,286.4000,48
2024-01-29,CE,diesel_s10,244.7500,41
2024-01-29,CE,etanol,251.1400,60
2024-01-29,CE,gasolina,362.5100,62
2024-01-29,DF,diesel_s10,35.5600,6
2024-01-29,DF,etanol,24.4300,7
2024-01-29,DF,gasolina,50.6100,9
2024-01-29,ES,diesel_s10,239.1300,40
2024-01-29,ES,etanol,141.0500,36
2024-01-29,ES,gasolina,298.4500,55
2024-01-29,GO,diesel_s10,316.2100,54
2024-01-29,GO,etanol,265.1500,70
2024-01-29,GO,gasolina,407.1400,70
2024-01-29,MA,diesel_s10,171.7800,29
2024-01-29,MA,etanol,83.5200,18
2024-01-29,MA,gasolina,173.0100,31
2024-01-29,MG,diesel_s10,483.7800,83
2024-01-29,MG,etanol,415.7400,121
2024-01-29,MG,gasolina,668.4500,123
2024-01-29,MS,diesel_s10,5.8900,1
2024-01-29,MS,etanol,3.7900,1
2024-01-29,MS,gasolina,5.6900,1
2024-01-29,MT,diesel_s10,73.0700,12
2024-01-29,MT,etanol,51.8500,18
2024-01-29,MT,gasolina,111.9800,20
2024-01-29,PA,diesel_s10,241.0600,39
2024-01-29,PA,etanol,117.7500,26
2024-01-29,PA,gasolina,304.0000,53
2024-01-29,PB,diesel_s10,100.5200,17
2024-01-29,PB,etanol,68.3500,18
2024-01-29,PB,gasolina,115.8800,21
2024-01-29,PE,diesel_s10,200.4800,36
2024-01-29,PE,etanol,138.2500,37
2024-01-29,PE,gasolina,225.8300,42
2024-01-29,PI,diesel_s10,66.6500,11
2024-01-29,PI,etanol,40.2900,10
2024-01-29,PI,gasolina,73.9900,14
2024-01-29,PR,diesel_s10,410.2100,70
2024-01-29,PR,etanol,321.4600,88
2024-01-29,PR,gasolina,518.1500,90
2024-01-29,RJ,diesel_s10,610.1900,100
2024-01-29,RJ,etanol,606.4500,148
2024-01-29,RJ,gasolina,894.0400,156
2024-01-29,RN,diesel_s10,50.2200,8
2024-01-29,RN,etanol,48.1900,12
2024-01-29,RN,gasolina,63.0200,11
2024-01-29,RO,diesel_s10,89.1600,14
2024-01-29,RO,etanol,9.2400,2
2024-01-29,RO,gasolina,107.0900,17
2024-01-29,RR,diesel_s10,53.2800,8
2024-01-29,RR,etanol,9.5800,2
2024-01-29,RR,gasolina,47.1200,8
2024-01-29,RS,diesel_s10,675.4100,114
2024-01-29,RS,etanol,245.2000,54
2024-01-29,RS,gasolina,687.8000,124
2024-01-29,SC,diesel_s10,430.1400,72
2024-01-29,SC,etanol,272.1000,64
2024-01-29,SC,gasolina,594.2700,104
2024-01-29,SE,diesel_s10,29.5000,5
2024-01-29,SE,etanol,20.0500,5
2024-01-29,SE,gasolina,34.5600,6
2024-01-29,SP,diesel_s10,2292.8100,384
2024-01-29,SP,etanol,1901.7300,587
2024-01-29,SP,gasolina,3168.5000,582
2024-01-29,TO,diesel_s10,102.1300,18
2024-01-29,TO,etanol,63.9000,17
2024-01-29,TO,gasolina,112.3300,20
2024-01-30,AC,diesel_s10,31.8600,4
2024-01-30,AC,etanol,5.7900,1
2024-01-30,AC,gasolina,29.7300,4
2024-01-30,AL,diesel_s10,65.3800,11
2024-01-30,AL,etanol,50.4900,13
2024-01-30,AL,gasolina,67.9400,12
2024-01-30,AM,diesel_s10,86.5600,13
2024-01-30,AM,etanol,26.5900,6
2024-01-30,AM,gasolina,86.3600,13
2024-01-30,AP,diesel_s10,6.4900,1
2024-01-30,AP,gasolina,5.5800,1
2024-01-30,BA,diesel_s10,554.2500,93
2024-01-30,BA,etanol,495.4500,120
2024-01-30,BA,gasolina,715.2200,124
2024-01-30,CE,diesel_s10,235.2100,39
2024-01-30,CE,etanol,230.6200,51
2024-01-30,CE,gasolina,323.9300,55
2024-01-30,DF,diesel_s10,63.2200,11
2024-01-30,DF,etanol,65.1600,19
2024-01-30,DF,gasolina,123.1700,22
2024-01-30,ES,diesel_s10,78.3300,13
2024-01-30,ES,etanol,53.0100,13
2024-01-30,ES,gasolina,122.2700,21
2024-01-30,GO,diesel_s10,204.2100,35
2024-01-30,GO,etanol,176.3500,49
2024-01-30,GO,gasolina,277.0900,49
2024-01-30,MA,diesel_s10,116.5900,20
2024-01-30,MA,etanol,30.9700,7
2024-01-30,MA,gasolina,129.9400,23
2024-01-30,MG,diesel_s10,750.2100,128
2024-01-30,MG,etanol,569.9800,166
2024-01-30,MG,gasolina,923.7000,169
2024-01-30,MS,diesel_s10,109.3600,18
2024-01-30,MS,etanol,87.8000,25
2024-01-30,MS,gasolina,183.3400,32
2024-01-30,MT,diesel_s10,108.8100,18
2024-01-30,MT,etanol,73.6200,24
2024-01-30,MT,gasolina,140.2900,25
2024-01-30,PA,diesel_s10,239.8900,38
2024-01-30,PA,etanol,63.4500,15
2024-01-30,PA,gasolina,299.4900,50
2024-01-30,PB,diesel_s10,91.9500,16
2024-01-30,PB,etanol,44.8100,12
2024-01-30,PB,gasolina,85.8200,16
2024-01-30,PE,diesel_s10,298.1700,53
2024-01-30,PE,etanol,217.6700,55
2024-01-30,PE,gasolina,368.8400,66
2024-01-30,PI,diesel_s10,36.0900,6
2024-01-30,PI,etanol,35.5200,9
2024-01-30,PI,gasolina,36.4500,7
2024-01-30,PR,diesel_s10,313.6100,53
2024-01-30,PR,etanol,253.8300,68
2024-01-30,PR,gasolina,394.0300,69
2024-01-30,RJ,diesel_s10,299.6800,49
2024-01-30,RJ,etanol,282.2000,71
2024-01-30,RJ,gasolina,465.8300,82
2024-01-30,RN,diesel_s10,102.3100,17
2024-01-30,RN,etanol,94.8400,22
2024-01-30,RN,gasolina,157.4500,27
2024-01-30,RO,diesel_s10,96.7900,15
2024-01-30,RO,etanol,34.0600,7
2024-01-30,RO,gasolina,132.9000,21
2024-01-30,RR,diesel_s10,53.3000,8
2024-01-30,RR,etanol,9.7900,2
2024-01-30,RR,gasolina,53.0600,9
2024-01-30,RS,diesel_s10,507.2700,85
2024-01-30,RS,etanol,191.7700,44
2024-01-30,RS,gasolina,687.2900,125
2024-01-30,SC,diesel_s10,177.2100,30
2024-01-30,SC,etanol,120.9300,30
2024-01-30,SC,gasolina,273.2800,49
2024-01-30,SE,diesel_s10,50.9100,9
2024-01-30,SE,etanol,11.9700,3
2024-01-30,SE,gasolina,49.9900,9
2024-01-30,SP,diesel_s10,1273.6200,213
2024-01-30,SP,etanol,983.3400,302
2024-01-30,SP,gasolina,1699.1200,309
2024-01-30,TO,diesel_s10,28.6900,5
2024-01-30,TO,etanol,19.0300,5
2024-01-30,TO,gasolina,26.9300,5
2024-01-31,AC,diesel_s10,84.0100,12
2024-01-31,AC,etanol,46.4900,10
2024-01-31,AC,gasolina,92.5400,14
2024-01-31,AL,diesel_s10,10.9800,2
2024-01-31,AL,etanol,7.3800,2
2024-01-31,AL,gasolina,11.1800,2
2024-01-31,AM,diesel_s10,92.1600,14
2024-01-31,AM,etanol,58.5000,14
2024-01-31,AM,gasolina,136.6800,23
2024-01-31,AP,diesel_s10,50.8800,8
2024-01-31,AP,gasolina,98.9500,18
2024-01-31,BA,diesel_s10,342.3200,57
2024-01-31,BA,etanol,279.8700,67
2024-01-31,BA,gasolina,384.2800,66
2024-01-31,CE,diesel_s10,162.0200,26
2024-01-31,CE,etanol,117.7400,25
2024-01-31,CE,gasolina,153.9100,26
2024-01-31,DF,diesel_s10,41.0300,7
2024-01-31,DF,etanol,45.0900,13
2024-01-31,DF,gasolina,101.1600,18
2024-01-31,ES,diesel_s10,60.1000,10
2024-01-31,ES,etanol,37.7000,9
2024-01-31,ES,gasolina,81.9800,15
2024-01-31,GO,diesel_s10,103.3500,18
2024-01-31,GO,etanol,124.9700,36
2024-01-31,GO,gasolina,199.7500,36
2024-01-31,MA,diesel_s10,283.5300,51
2024-01-31,MA,etanol,122.1700,29
2024-01-31,MA,gasolina,291.5800,55
2024-01-31,MG,diesel_s10,781.7400,134
2024-01-31,MG,etanol,622.9200,182
2024-01-31,MG,gasolina,1020.3300,188
2024-01-31,MS,diesel_s10,112.1800,19
2024-01-31,MS,etanol,87.8100,27
2024-01-31,MS,gasolina,161.5300,30
2024-01-31,MT,diesel_s10,75.9000,13
2024-01-31,MT,etanol,49.4000,17
2024-01-31,MT,gasolina,92.6100,17
2024-01-31,PA,diesel_s10,70.7500,12
2024-01-31,PA,etanol,38.0100,9
2024-01-31,PA,gasolina,104.3000,18
2024-01-31,PB,diesel_s10,105.1900,18
2024-01-31,PB,etanol,75.2000,20
2024-01-31,PB,gasolina,125.7500,23
2024-01-31,PE,diesel_s10,407.6400,72
2024-01-31,PE,etanol,268.9800,69
2024-01-31,PE,gasolina,408.5800,75
2024-01-31,PI,diesel_s10,88.1000,15
2024-01-31,PI,etanol,52.4600,13
2024-01-31,PI,gasolina,100.9100,19
2024-01-31,PR,diesel_s10,351.2800,59
2024-01-31,PR,etanol,291.6900,79
2024-01-31,PR,gasolina,476.6700,83
2024-01-31,RJ,diesel_s10,215.3700,36
2024-01-31,RJ,etanol,174.9300,46
2024-01-31,RJ,gasolina,268.7300,49
2024-01-31,RN,diesel_s10,36.5800,6
2024-01-31,RN,etanol,39.0000,10
2024-01-31,RN,gasolina,46.0400,8
2024-01-31,RO,diesel_s10,66.1200,10
2024-01-31,RO,etanol,31.2600,6
2024-01-31,RO,gasolina,84.1800,13
2024-01-31,RS,diesel_s10,346.4700,58
2024-01-31,RS,etanol,83.0300,19
2024-01-31,RS,gasolina,362.4400,65
2024-01-31,SC,diesel_s10,167.1700,28
2024-01-31,SC,etanol,83.7900,20
2024-01-31,SC,gasolina,187.3700,33
2024-01-31,SE,diesel_s10,57.7400,10
2024-01-31,SE,etanol,87.0200,22
2024-01-31,SE,gasolina,141.9300,25
2024-01-31,SP,diesel_s10,1133.0000,191
2024-01-31,SP,etanol,897.7200,275
2024-01-31,SP,gasolina,1515.5000,281
2024-01-31,TO,diesel_s10,115.3400,20
2024-01-31,TO,etanol,77.8800,19
2024-01-31,TO,gasolina,139.5600,25
2024-02-01,AC,diesel_s10,23.8900,3
2024-02-01,AC,gasolina,22.3100,3
2024-02-01,AM,gasolina,53.4000,7
2024-02-01,AP,diesel_s10,25.7900,4
2024-02-01,AP,gasolina,22.2500,4
2024-02-01,BA,diesel_s10,127.7200,21
2024-02-01,BA,etanol,87.9900,21
2024-02-01,BA,gasolina,125.9600,21
2024-02-01,CE,diesel_s10,99.4300,17
2024-02-01,CE,etanol,50.2100,12
2024-02-01,CE,gasolina,95.3800,16
2024-02-01,ES,diesel_s10,47.6400,8
2024-02-01,ES,etanol,25.4400,6
2024-02-01,ES,gasolina,47.0400,8
2024-02-01,GO,diesel_s10,115.2700,20
2024-02-01,GO,etanol,105.3900,30
2024-02-01,GO,gasolina,179.0500,32
2024-02-01,MA,diesel_s10,28.6000,5
2024-02-01,MA,etanol,13.8600,3
2024-02-01,MA,gasolina,26.7800,5
2024-02-01,MG,diesel_s10,223.9300,38
2024-02-01,MG,etanol,133.0000,38
2024-02-01,MG,gasolina,228.7500,41
2024-02-01,MS,diesel_s10,31.1000,5
2024-02-01,MS,etanol,11.6600,3
2024-02-01,MS,gasolina,35.5100,6
2024-02-01,MT,diesel_s10,26.8700,4
2024-02-01,MT,etanol,19.7400,6
2024-02-01,MT,gasolina,49.3900,8
2024-02-01,PA,diesel_s10,44.2100,7
2024-02-01,PA,etanol,4.7000,1
2024-02-01,PA,gasolina,70.1700,12
2024-02-01,PI,diesel_s10,41.4300,7
2024-02-01,PI,etanol,39.6100,10
2024-02-01,PI,gasolina,64.8000,12
2024-02-01,PR,diesel_s10,136.2000,23
2024-02-01,PR,etanol,124.8600,34
2024-02-01,PR,gasolina,163.6200,29
2024-02-01,RJ,diesel_s10,148.9500,25
2024-02-01,RJ,etanol,148.7100,38
2024-02-01,RJ,gasolina,245.0200,44
2024-02-01,RO,diesel_s10,71.2600,10
2024-02-01,RO,etanol,19.5400,4
2024-02-01,RO,gasolina,68.3500,11
2024-02-01,RS,diesel_s10,43.5600,7
2024-02-01,RS,etanol,22.9600,5
2024-02-01,RS,gasolina,69.8800,11
2024-02-01,SP,diesel_s10,393.8900,65
2024-02-01,SP,etanol,273.0400,80
2024-02-01,SP,gasolina,451.1800,81
2024-02-02,MG,etanol,3.5900,1
2024-02-02,MG,gasolina,5.7000,1
2024-02-02,PB,diesel_s10,5.9900,1
2024-02-02,PB,etanol,3.7900,1
2024-02-02,PB,gasolina,5.3900,1
2024-02-02,PR,diesel_s10,57.9500,10
2024-02-02,PR,etanol,39.4300,11
2024-02-02,PR,gasolina,72.4800,13
2024-02-02,RJ,diesel_s10,41.6800,7
2024-02-02,RJ,etanol,32.1500,8
2024-02-02,RJ,gasolina,44.7500,8
2024-02-02,SC,diesel_s10,65.2900,11
2024-02-02,SC,etanol,20.9500,5
2024-02-02,SC,gasolina,69.7300,12
2024-02-02,SP,diesel_s10,59.7600,10
2024-02-02,SP,etanol,36.8100,12
2024-02-02,SP,gasolina,59.7900,11
2024-02-05,AL,diesel_s10,36.7400,6
2024-02-05,AL,etanol,44.8300,11
2024-02-05,AL,gasolina,58.5600,10
2024-02-05,AM,diesel_s10,97.2500,15
2024-02-05,AM,etanol,63.5000,15
2024-02-05,AM,gasolina,137.3400,22
2024-02-05,BA,diesel_s10,375.3500,60
2024-02-05,BA,etanol,345.1800,79
2024-02-05,BA,gasolina,489.0500,79
2024-02-05,CE,diesel_s10,85.8300,14
2024-02-05,CE,etanol,88.5700,20
2024-02-05,CE,gasolina,125.6000,21
2024-02-05,DF,diesel_s10,36.0100,6
2024-02-05,DF,etanol,28.2900,8
2024-02-05,DF,gasolina,64.6500,11
2024-02-05,ES,diesel_s10,268.4400,44
2024-02-05,ES,etanol,158.1900,39
2024-02-05,ES,gasolina,359.1200,62
2024-02-05,GO,diesel_s10,399.0800,67
2024-02-05,GO,etanol,386.1900,100
2024-02-05,GO,gasolina,584.6400,99
2024-02-05,MA,diesel_s10,153.8000,26
2024-02-05,MA,etanol,84.2700,19
2024-02-05,MA,gasolina,162.2600,29
2024-02-05,MG,diesel_s10,505.3000,85
2024-02-05,MG,etanol,420.0300,116
2024-02-05,MG,gasolina,691.5400,122
2024-02-05,MS,diesel_s10,89.1200,15
2024-02-05,MS,etanol,68.3200,20
2024-02-05,MS,gasolina,127.6200,23
2024-02-05,MT,diesel_s10,30.4000,5
2024-02-05,MT,etanol,28.6100,9
2024-02-05,MT,gasolina,58.5900,10
2024-02-05,PA,diesel_s10,253.7100,41
2024-02-05,PA,etanol,120.7000,26
2024-02-05,PA,gasolina,302.8000,52
2024-02-05,PB,diesel_s10,155.1000,26
2024-02-05,PB,etanol,138.0100,36
2024-02-05,PB,gasolina,218.6500,39
2024-02-05,PE,diesel_s10,216.5400,38
2024-02-05,PE,etanol,193.2200,50
2024-02-05,PE,gasolina,287.7200,52
2024-02-05,PI,diesel_s10,23.1600,4
2024-02-05,PI,etanol,16.5200,4
2024-02-05,PI,gasolina,26.3000,5
2024-02-05,PR,diesel_s10,330.6600,56
2024-02-05,PR,etanol,258.9600,71
2024-02-05,PR,gasolina,408.8200,71
2024-02-05,RJ,diesel_s10,464.4500,76
2024-02-05,RJ,etanol,508.5700,125
2024-02-05,RJ,gasolina,730.4200,127
2024-02-05,RN,diesel_s10,12.5800,2
2024-02-05,RN,etanol,24.7300,5
2024-02-05,RN,gasolina,25.0900,4
2024-02-05,RO,diesel_s10,70.3300,11
2024-02-05,RO,etanol,28.9500,6
2024-02-05,RO,gasolina,93.4900,15
2024-02-05,RR,diesel_s10,59.9500,9
2024-02-05,RR,etanol,4.7900,1
2024-02-05,RR,gasolina,58.9200,10
2024-02-05,RS,diesel_s10,545.2000,91
2024-02-05,RS,etanol,205.5700,48
2024-02-05,RS,gasolina,569.9700,99
2024-02-05,SC,diesel_s10,394.8000,65
2024-02-05,SC,etanol,260.8300,61
2024-02-05,SC,gasolina,630.3100,106
2024-02-05,SE,diesel_s10,24.5600,4
2024-02-05,SE,etanol,16.8700,4
2024-02-05,SE,gasolina,30.6600,5
2024-02-05,SP,diesel_s10,2455.9100,408
2024-02-05,SP,etanol,2084.0000,619
2024-02-05,SP,gasolina,3446.2800,619
2024-02-05,TO,diesel_s10,132.3400,23
2024-02-05,TO,etanol,103.4400,26
2024-02-05,TO,gasolina,176.6200,30
2024-02-06,AL,diesel_s10,88.9100,15
2024-02-06,AL,etanol,90.6800,23
2024-02-06,AL,gasolina,146.0700,25
2024-02-06,AM,diesel_s10,18.8600,3
2024-02-06,AM,etanol,17.7600,4
2024-02-06,AM,gasolina,78.3900,11
2024-02-06,BA,diesel_s10,303.9600,49
2024-02-06,BA,etanol,227.2500,51
2024-02-06,BA,gasolina,326.1000,53
2024-02-06,CE,diesel_s10,309.2500,52
2024-02-06,CE,etanol,262.4100,61
2024-02-06,CE,gasolina,422.9500,71
2024-02-06,DF,diesel_s10,82.6500,14
2024-02-06,DF,etanol,81.5800,23
2024-02-06,DF,gasolina,146.3200,25
2024-02-06,ES,diesel_s10,78.2100,13
2024-02-06,ES,etanol,54.6400,13
2024-02-06,ES,gasolina,105.3400,18
2024-02-06,GO,diesel_s10,164.3600,28
2024-02-06,GO,etanol,139.7300,37
2024-02-06,GO,gasolina,234.2600,40
2024-02-06,MA,diesel_s10,161.1500,28
2024-02-06,MA,etanol,63.6100,14
2024-02-06,MA,gasolina,175.7100,31
2024-02-06,MG,diesel_s10,735.2200,125
2024-02-06,MG,etanol,541.0400,152
2024-02-06,MG,gasolina,876.4600,155
2024-02-06,MS,diesel_s10,45.6600,7
2024-02-06,MS,etanol,42.1900,11
2024-02-06,MS,gasolina,88.4900,14
2024-02-06,MT,diesel_s10,85.6700,14
2024-02-06,MT,etanol,54.0100,17
2024-02-06,MT,gasolina,111.7900,19
2024-02-06,PA,diesel_s10,148.8300,25
2024-02-06,PA,etanol,53.2700,13
2024-02-06,PA,gasolina,153.8700,27
2024-02-06,PB,diesel_s10,100.7500,17
2024-02-06,PB,etanol,53.3200,14
2024-02-06,PB,gasolina,112.4500,20
2024-02-06,PE,diesel_s10,221.5500,39
2024-02-06,PE,etanol,175.8100,45
2024-02-06,PE,gasolina,256.7900,46
2024-02-06,PI,diesel_s10,67.3600,11
2024-02-06,PI,etanol,44.6100,11
2024-02-06,PI,gasolina,77.0400,14
2024-02-06,PR,diesel_s10,261.4200,44
2024-02-06,PR,etanol,228.2100,59
2024-02-06,PR,gasolina,349.4900,59
2024-02-06,RJ,diesel_s10,340.1700,56
2024-02-06,RJ,etanol,391.1300,96
2024-02-06,RJ,gasolina,581.4700,101
2024-02-06,RN,diesel_s10,128.5200,20
2024-02-06,RN,etanol,113.9700,23
2024-02-06,RN,gasolina,151.8500,24
2024-02-06,RO,diesel_s10,97.3100,15
2024-02-06,RO,etanol,40.5800,8
2024-02-06,RO,gasolina,148.1900,23
2024-02-06,RR,diesel_s10,26.5800,4
2024-02-06,RR,etanol,4.7900,1
2024-02-06,RR,gasolina,23.9600,4
2024-02-06,RS,diesel_s10,511.2200,85
2024-02-06,RS,etanol,154.8800,34
2024-02-06,RS,gasolina,638.1600,111
2024-02-06,SC,diesel_s10,178.4600,30
2024-02-06,SC,etanol,86.2600,20
2024-02-06,SC,gasolina,212.0500,36
2024-02-06,SE,diesel_s10,46.8800,8
2024-02-06,SE,etanol,8.5000,2
2024-02-06,SE,gasolina,47.2000,8
2024-02-06,SP,diesel_s10,1302.7200,217
2024-02-06,SP,etanol,996.9800,294
2024-02-06,SP,gasolina,1681.7600,302
2024-02-06,TO,diesel_s10,23.5700,4
2024-02-06,TO,etanol,15.2100,4
2024-02-06,TO,gasolina,23.6300,4
2024-02-07,AC,diesel_s10,55.7500,7
2024-02-07,AC,etanol,5.7900,1
2024-02-07,AC,gasolina,52.0400,7
2024-02-07,AL,diesel_s10,67.3400,11
2024-02-07,AL,etanol,62.9800,15
2024-02-07,AL,gasolina,89.5800,15
2024-02-07,AM,diesel_s10,82.3300,13
2024-02-07,AM,etanol,73.1700,17
2024-02-07,AM,gasolina,120.8900,19
2024-02-07,BA,diesel_s10,317.6700,50
2024-02-07,BA,etanol,255.3600,60
2024-02-07,BA,gasolina,379.4000,62
2024-02-07,CE,diesel_s10,200.1000,33
2024-02-07,CE,etanol,162.2500,36
2024-02-07,CE,gasolina,236.1300,40
2024-02-07,DF,diesel_s10,24.6600,4
2024-02-07,DF,etanol,28.0100,8
2024-02-07,DF,gasolina,75.9200,13
2024-02-07,ES,diesel_s10,30.2500,5
2024-02-07,ES,etanol,20.6500,5
2024-02-07,ES,gasolina,59.9000,10
2024-02-07,GO,diesel_s10,105.1900,18
2024-02-07,GO,etanol,107.2300,29
2024-02-07,GO,gasolina,161.2700,28
2024-02-07,MA,diesel_s10,174.4900,31
2024-02-07,MA,etanol,62.3500,15
2024-02-07,MA,gasolina,163.0400,30
2024-02-07,MG,diesel_s10,589.3100,100
2024-02-07,MG,etanol,495.1000,139
2024-02-07,MG,gasolina,794.5900,141
2024-02-07,MS,diesel_s10,12.6900,2
2024-02-07,MS,etanol,11.7500,3
2024-02-07,MS,gasolina,18.0200,3
2024-02-07,MT,diesel_s10,80.6800,13
2024-02-07,MT,etanol,67.7800,21
2024-02-07,MT,gasolina,150.6700,25
2024-02-07,PA,diesel_s10,187.6100,29
2024-02-07,PA,etanol,70.7600,16
2024-02-07,PA,gasolina,274.8900,45
2024-02-07,PE,diesel_s10,229.7400,40
2024-02-07,PE,etanol,130.5700,32
2024-02-07,PE,gasolina,259.0500,45
2024-02-07,PI,diesel_s10,105.9600,18
2024-02-07,PI,etanol,72.1500,18
2024-02-07,PI,gasolina,123.0400,23
2024-02-07,PR,diesel_s10,407.9400,68
2024-02-07,PR,etanol,375.6900,96
2024-02-07,PR,gasolina,569.7500,96
2024-02-07,RJ,diesel_s10,252.3400,41
2024-02-07,RJ,etanol,195.9900,48
2024-02-07,RJ,gasolina,323.9500,55
2024-02-07,RN,diesel_s10,58.4100,10
2024-02-07,RN,etanol,59.5200,14
2024-02-07,RN,gasolina,96.6600,16
2024-02-07,RO,diesel_s10,31.6400,5
2024-02-07,RO,etanol,14.7400,3
2024-02-07,RO,gasolina,38.7100,6
2024-02-07,RR,diesel_s10,20.0300,3
2024-02-07,RR,etanol,4.8700,1
2024-02-07,RR,gasolina,18.0500,3
2024-02-07,RS,diesel_s10,322.3900,53
2024-02-07,RS,etanol,121.0100,27
2024-02-07,RS,gasolina,435.3000,76
2024-02-07,SC,diesel_s10,115.0500,19
2024-02-07,SC,etanol,50.9700,12
2024-02-07,SC,gasolina,145.1600,25
2024-02-07,SE,diesel_s10,42.1100,7
2024-02-07,SE,etanol,32.8100,8
2024-02-07,SE,gasolina,65.7700,11
2024-02-07,SP,diesel_s10,795.8800,134
2024-02-07,SP,etanol,654.3900,194
2024-02-07,SP,gasolina,1066.3200,193
2024-02-07,TO,diesel_s10,92.8200,16
2024-02-07,TO,etanol,49.4600,12
2024-02-07,TO,gasolina,92.8500,16
2024-02-08,AC,diesel_s10,93.3700,13
2024-02-08,AC,etanol,46.7600,10
2024-02-08,AC,gasolina,94.5100,14
2024-02-08,AL,diesel_s10,5.8900,1
2024-02-08,AL,etanol,3.9900,1
2024-02-08,AL,gasolina,6.0900,1
2024-02-08,AM,diesel_s10,55.0200,8
2024-02-08,AM,gasolina,58.9400,8
2024-02-08,AP,diesel_s10,78.3700,12
2024-02-08,AP,etanol,5.1900,1
2024-02-08,AP,gasolina,128.9500,23
2024-02-08,BA,diesel_s10,286.0000,47
2024-02-08,BA,etanol,212.6500,51
2024-02-08,BA,gasolina,310.4000,52
2024-02-08,CE,diesel_s10,100.5700,16
2024-02-08,CE,etanol,81.0200,17
2024-02-08,CE,gasolina,99.3300,16
2024-02-08,ES,diesel_s10,73.1900,12
2024-02-08,ES,etanol,45.4200,11
2024-02-08,ES,gasolina,105.6000,17
2024-02-08,GO,diesel_s10,117.0400,20
2024-02-08,GO,etanol,99.0000,28
2024-02-08,GO,gasolina,159.6300,28
2024-02-08,MA,diesel_s10,92.5700,16
2024-02-08,MA,etanol,31.7700,7
2024-02-08,MA,gasolina,107.0200,19
2024-02-08,MG,diesel_s10,478.9900,80
2024-02-08,MG,etanol,378.7200,104
2024-02-08,MG,gasolina,621.6300,109
2024-02-08,MS,diesel_s10,30.8100,5
2024-02-08,MS,etanol,11.0600,3
2024-02-08,MS,gasolina,41.9200,7
2024-02-08,MT,diesel_s10,44.1200,7
2024-02-08,MT,etanol,23.0900,7
2024-02-08,MT,gasolina,47.8200,8
2024-02-08,PA,diesel_s10,62.8900,10
2024-02-08,PA,etanol,16.6300,3
2024-02-08,PA,gasolina,69.6900,11
2024-02-08,PE,diesel_s10,198.3500,34
2024-02-08,PE,etanol,127.9400,30
2024-02-08,PE,gasolina,205.7600,35
2024-02-08,PI,diesel_s10,42.0400,7
2024-02-08,PI,etanol,39.6100,10
2024-02-08,PI,gasolina,60.3700,11
2024-02-08,PR,diesel_s10,174.7600,30
2024-02-08,PR,etanol,146.6500,39
2024-02-08,PR,gasolina,222.5700,38
2024-02-08,RJ,diesel_s10,119.4500,20
2024-02-08,RJ,etanol,119.4700,30
2024-02-08,RJ,gasolina,202.2900,35
2024-02-08,RN,diesel_s10,6.0000,1
2024-02-08,RN,etanol,4.1900,1
2024-02-08,RN,gasolina,5.9900,1
2024-02-08,RO,diesel_s10,104.3500,15
2024-02-08,RO,etanol,19.5400,4
2024-02-08,RO,gasolina,109.0400,17
2024-02-08,RS,diesel_s10,238.0200,39
2024-02-08,RS,etanol,70.5600,15
2024-02-08,RS,gasolina,251.6600,42
2024-02-08,SC,diesel_s10,106.5400,18
2024-02-08,SC,etanol,60.9800,15
2024-02-08,SC,gasolina,129.1900,22
2024-02-08,SE,diesel_s10,30.8400,5
2024-02-08,SE,etanol,72.5400,17
2024-02-08,SE,gasolina,104.8200,17
2024-02-08,SP,diesel_s10,662.6100,110
2024-02-08,SP,etanol,500.6800,148
2024-02-08,SP,gasolina,870.1500,154
2024-02-09,AM,diesel_s10,41.9500,6
2024-02-09,AM,gasolina,53.3000,8
2024-02-09,CE,diesel_s10,52.1200,9
2024-02-09,CE,etanol,40.7200,10
2024-02-09,CE,gasolina,59.6900,10
2024-02-09,MA,diesel_s10,47.3600,8
2024-02-09,MA,etanol,21.9500,5
2024-02-09,MA,gasolina,47.2100,8
2024-02-09,PB,diesel_s10,17.9100,3
2024-02-09,PB,etanol,11.6700,3
2024-02-09,PB,gasolina,16.4700,3
2024-02-09,PR,diesel_s10,98.1900,17
2024-02-09,PR,etanol,96.2000,25
2024-02-09,PR,gasolina,150.6600,26
2024-02-09,RJ,diesel_s10,49.5300,8
2024-02-09,RJ,etanol,23.7400,6
2024-02-09,RJ,gasolina,39.8800,7
2024-02-09,SC,diesel_s10,23.8600,4
2024-02-09,SC,gasolina,23.7400,4
2024-02-09,SP,diesel_s10,59.9900,10
2024-02-09,SP,etanol,52.0800,16
2024-02-09,SP,gasolina,86.8300,16
2024-02-12,AL,diesel_s10,124.2300,20
2024-02-12,AL,etanol,117.9900,28
2024-02-12,AL,gasolina,153.5500,26
2024-02-12,AM,diesel_s10,86.0600,14
2024-02-12,AM,etanol,69.0300,17
2024-02-12,AM,gasolina,117.4100,21
2024-02-12,BA,diesel_s10,143.4200,23
2024-02-12,BA,etanol,133.2700,32
2024-02-12,BA,gasolina,208.3000,34
2024-02-12,CE,diesel_s10,86.9400,14
2024-02-12,CE,etanol,60.9200,14
2024-02-12,CE,gasolina,100.6900,17
2024-02-12,DF,diesel_s10,35.7900,6
2024-02-12,DF,etanol,25.4600,7
2024-02-12,DF,gasolina,47.1700,8
2024-02-12,ES,diesel_s10,203.0600,33
2024-02-12,ES,etanol,130.4700,32
2024-02-12,ES,gasolina,291.2200,49
2024-02-12,GO,diesel_s10,279.4700,47
2024-02-12,GO,etanol,247.7800,66
2024-02-12,GO,gasolina,378.4300,65
2024-02-12,MA,diesel_s10,120.6600,20
2024-02-12,MA,etanol,59.6600,13
2024-02-12,MA,gasolina,119.6100,21
2024-02-12,MG,diesel_s10,413.7500,70
2024-02-12,MG,etanol,335.1700,92
2024-02-12,MG,gasolina,534.3800,94
2024-02-12,MS,diesel_s10,151.9000,25
2024-02-12,MS,etanol,125.8100,36
2024-02-12,MS,gasolina,201.6400,36
2024-02-12,MT,diesel_s10,61.8100,10
2024-02-12,MT,etanol,44.5100,14
2024-02-12,MT,gasolina,88.3400,15
2024-02-12,PA,diesel_s10,175.2000,28
2024-02-12,PA,etanol,73.5500,17
2024-02-12,PA,gasolina,217.0600,37
2024-02-12,PB,diesel_s10,177.9700,30
2024-02-12,PB,etanol,144.5500,37
2024-02-12,PB,gasolina,226.5800,40
2024-02-12,PE,diesel_s10,177.6800,31
2024-02-12,PE,etanol,138.3200,35
2024-02-12,PE,gasolina,213.4100,38
2024-02-12,PI,diesel_s10,66.6500,11
2024-02-12,PI,etanol,48.8900,12
2024-02-12,PI,gasolina,82.2700,15
2024-02-12,PR,diesel_s10,424.0100,72
2024-02-12,PR,etanol,343.9600,91
2024-02-12,PR,gasolina,536.6100,92
2024-02-12,RJ,diesel_s10,531.2200,87
2024-02-12,RJ,etanol,541.2800,131
2024-02-12,RJ,gasolina,765.8500,132
2024-02-12,RN,diesel_s10,37.2400,6
2024-02-12,RN,etanol,44.8600,9
2024-02-12,RN,gasolina,43.9300,7
2024-02-12,RO,diesel_s10,51.3200,8
2024-02-12,RO,etanol,18.9300,4
2024-02-12,RO,gasolina,68.8700,11
2024-02-12,RR,diesel_s10,73.2900,11
2024-02-12,RR,etanol,14.4200,3
2024-02-12,RR,gasolina,66.5800,11
2024-02-12,RS,diesel_s10,360.4800,60
2024-02-12,RS,etanol,125.9900,28
2024-02-12,RS,gasolina,364.2300,64
2024-02-12,SC,diesel_s10,458.2300,76
2024-02-12,SC,etanol,295.9800,69
2024-02-12,SC,gasolina,692.1800,117
2024-02-12,SP,diesel_s10,2230.0500,371
2024-02-12,SP,etanol,1869.9300,546
2024-02-12,SP,gasolina,3058.6700,546
2024-02-12,TO,diesel_s10,64.6000,11
2024-02-12,TO,etanol,56.9600,14
2024-02-12,TO,gasolina,105.0600,18
2024-02-13,AM,diesel_s10,61.9000,10
2024-02-13,AM,etanol,44.8800,11
2024-02-13,AM,gasolina,87.2100,15
2024-02-13,BA,diesel_s10,190.5500,31
2024-02-13,BA,etanol,143.8900,35
2024-02-13,BA,gasolina,226.6500,38
2024-02-13,CE,diesel_s10,108.8500,18
2024-02-13,CE,etanol,78.6800,17
2024-02-13,CE,gasolina,114.0800,19
2024-02-13,DF,diesel_s10,70.7600,12
2024-02-13,DF,etanol,76.2700,21
2024-02-13,DF,gasolina,128.7200,22
2024-02-13,ES,diesel_s10,47.8600,8
2024-02-13,ES,etanol,20.4500,5
2024-02-13,ES,gasolina,46.8200,8
2024-02-13,GO,diesel_s10,104.6100,18
2024-02-13,GO,etanol,87.3700,23
2024-02-13,GO,gasolina,134.3100,23
2024-02-13,MA,diesel_s10,139.2700,24
2024-02-13,MA,etanol,55.6300,12
2024-02-13,MA,gasolina,160.5500,28
2024-02-13,MG,diesel_s10,427.2100,73
2024-02-13,MG,etanol,335.4800,94
2024-02-13,MG,gasolina,540.4100,96
2024-02-13,MT,diesel_s10,100.0600,16
2024-02-13,MT,etanol,61.0000,18
2024-02-13,MT,gasolina,112.3100,19
2024-02-13,PA,diesel_s10,27.5700,4
2024-02-13,PA,etanol,5.9000,1
2024-02-13,PA,gasolina,51.6600,8
2024-02-13,PE,diesel_s10,56.2400,10
2024-02-13,PE,etanol,35.4700,9
2024-02-13,PE,gasolina,60.1200,11
2024-02-13,PR,diesel_s10,226.8800,38
2024-02-13,PR,etanol,177.8200,49
2024-02-13,PR,gasolina,282.9300,49
2024-02-13,RJ,diesel_s10,301.6600,50
2024-02-13,RJ,etanol,326.5200,82
2024-02-13,RJ,gasolina,483.5600,85
2024-02-13,RO,diesel_s10,103.4000,16
2024-02-13,RO,etanol,33.7700,7
2024-02-13,RO,gasolina,95.2600,15
2024-02-13,RR,diesel_s10,26.7700,4
2024-02-13,RR,etanol,4.8700,1
2024-02-13,RR,gasolina,24.3600,4
2024-02-13,RS,diesel_s10,149.3900,25
2024-02-13,RS,etanol,95.4400,22
2024-02-13,RS,gasolina,247.8300,44
2024-02-13,SC,diesel_s10,155.8400,26
2024-02-13,SC,etanol,126.3100,30
2024-02-13,SC,gasolina,194.0200,33
2024-02-13,SE,diesel_s10,46.8800,8
2024-02-13,SE,etanol,8.5000,2
2024-02-13,SE,gasolina,47.2000,8
2024-02-13,SP,diesel_s10,644.8500,108
2024-02-13,SP,etanol,540.0700,160
2024-02-13,SP,gasolina,897.4300,162
2024-02-13,TO,diesel_s10,61.7000,11
2024-02-13,TO,etanol,30.6800,8
2024-02-13,TO,gasolina,65.5200,11
2024-02-14,AC,diesel_s10,28.6700,4
2024-02-14,AC,etanol,14.1600,3
2024-02-14,AC,gasolina,26.9300,4
2024-02-14,AL,diesel_s10,54.1000,9
2024-02-14,AL,etanol,48.6700,12
2024-02-14,AL,gasolina,63.8500,11
2024-02-14,AM,diesel_s10,79.5800,12
2024-02-14,AM,etanol,20.2500,5
2024-02-14,AM,gasolina,85.0000,13
2024-02-14,BA,diesel_s10,291.2600,46
2024-02-14,BA,etanol,247.5600,58
2024-02-14,BA,gasolina,360.4200,59
2024-02-14,CE,diesel_s10,105.8100,18
2024-02-14,CE,etanol,86.9800,20
2024-02-14,CE,gasolina,137.6600,23
2024-02-14,DF,diesel_s10,30.0500,5
2024-02-14,DF,etanol,32.1900,9
2024-02-14,DF,gasolina,93.0700,16
2024-02-14,ES,diesel_s10,119.7400,20
2024-02-14,ES,etanol,81.2200,20
2024-02-14,ES,gasolina,166.7800,29
2024-02-14,GO,diesel_s10,180.2200,30
2024-02-14,GO,etanol,158.6900,41
2024-02-14,GO,gasolina,236.1900,40
2024-02-14,MA,diesel_s10,110.7400,19
2024-02-14,MA,etanol,52.1700,12
2024-02-14,MA,gasolina,112.8100,20
2024-02-14,MG,diesel_s10,500.8500,85
2024-02-14,MG,etanol,411.8900,114
2024-02-14,MG,gasolina,655.6200,116
2024-02-14,MS,diesel_s10,6.1100,1
2024-02-14,MS,etanol,3.8500,1
2024-02-14,MS,gasolina,5.9200,1
2024-02-14,MT,diesel_s10,24.2400,4
2024-02-14,MT,etanol,18.6900,6
2024-02-14,MT,gasolina,34.9800,6
2024-02-14,PA,diesel_s10,141.9100,22
2024-02-14,PA,etanol,48.1700,11
2024-02-14,PA,gasolina,185.0700,30
2024-02-14,PB,diesel_s10,70.3000,12
2024-02-14,PB,etanol,41.3900,11
2024-02-14,PB,gasolina,66.8700,12
2024-02-14,PE,diesel_s10,287.8900,50
2024-02-14,PE,etanol,176.4900,43
2024-02-14,PE,gasolina,327.7600,56
2024-02-14,PI,diesel_s10,58.5100,10
2024-02-14,PI,etanol,52.4900,13
2024-02-14,PI,gasolina,93.2800,17
2024-02-14,PR,diesel_s10,79.0500,13
2024-02-14,PR,etanol,48.7600,13
2024-02-14,PR,gasolina,70.8800,12
2024-02-14,RJ,diesel_s10,275.6000,45
2024-02-14,RJ,etanol,252.6400,61
2024-02-14,RJ,gasolina,436.0900,74
2024-02-14,RN,diesel_s10,96.3800,15
2024-02-14,RN,etanol,84.6100,18
2024-02-14,RN,gasolina,117.6300,19
2024-02-14,RO,diesel_s10,71.8500,11
2024-02-14,RO,etanol,26.0800,5
2024-02-14,RO,gasolina,104.9800,16
2024-02-14,RR,diesel_s10,6.6300,1
2024-02-14,RR,gasolina,5.8900,1
2024-02-14,RS,diesel_s10,727.3500,120
2024-02-14,RS,etanol,223.2200,49
2024-02-14,RS,gasolina,751.2200,129
2024-02-14,SC,diesel_s10,49.9800,8
2024-02-14,SC,etanol,42.9000,10
2024-02-14,SC,gasolina,84.2600,14
2024-02-14,SE,diesel_s10,66.1400,11
2024-02-14,SE,etanol,45.7800,11
2024-02-14,SE,gasolina,90.2300,15
2024-02-14,SP,diesel_s10,851.6600,141
2024-02-14,SP,etanol,760.8300,219
2024-02-14,SP,gasolina,1259.3800,223
2024-02-14,TO,diesel_s10,45.1700,8
2024-02-14,TO,etanol,25.3300,6
2024-02-14,TO,gasolina,46.9400,8
2024-02-15,AC,diesel_s10,120.2700,16
2024-02-15,AC,etanol,28.9400,6
2024-02-15,AC,gasolina,120.6900,17
2024-02-15,AL,diesel_s10,40.6200,7
2024-02-15,AL,etanol,43.8500,11
2024-02-15,AL,gasolina,70.0500,12
2024-02-15,AP,diesel_s10,45.4700,7
2024-02-15,AP,etanol,5.1900,1
2024-02-15,AP,gasolina,39.8800,7
2024-02-15,BA,diesel_s10,474.9800,78
2024-02-15,BA,etanol,380.4100,87
2024-02-15,BA,gasolina,544.7000,90
2024-02-15,CE,diesel_s10,310.9100,52
2024-02-15,CE,etanol,311.0800,67
2024-02-15,CE,gasolina,424.3500,70
2024-02-15,DF,etanol,7.5200,2
2024-02-15,DF,gasolina,23.0000,4
2024-02-15,ES,diesel_s10,78.5500,13
2024-02-15,ES,etanol,46.9600,11
2024-02-15,ES,gasolina,95.5600,16
2024-02-15,GO,diesel_s10,162.5600,28
2024-02-15,GO,etanol,148.5500,40
2024-02-15,GO,gasolina,239.2400,41
2024-02-15,MA,diesel_s10,104.0000,18
2024-02-15,MA,etanol,50.3300,12
2024-02-15,MA,gasolina,115.4400,21
2024-02-15,MG,diesel_s10,698.2600,118
2024-02-15,MG,etanol,573.4700,160
2024-02-15,MG,gasolina,930.9500,165
2024-02-15,MS,diesel_s10,65.9500,10
2024-02-15,MS,etanol,37.8500,10
2024-02-15,MS,gasolina,112.6400,18
2024-02-15,MT,diesel_s10,94.1800,15
2024-02-15,MT,etanol,69.9800,21
2024-02-15,MT,gasolina,151.8500,25
2024-02-15,PA,diesel_s10,256.3100,42
2024-02-15,PA,etanol,77.5600,19
2024-02-15,PA,gasolina,308.9700,53
2024-02-15,PB,diesel_s10,41.3600,7
2024-02-15,PB,etanol,15.9600,4
2024-02-15,PB,gasolina,39.3800,7
2024-02-15,PE,diesel_s10,147.5400,26
2024-02-15,PE,etanol,117.8900,29
2024-02-15,PE,gasolina,184.3300,33
2024-02-15,PI,diesel_s10,60.5600,10
2024-02-15,PI,etanol,46.1900,11
2024-02-15,PI,gasolina,71.9000,13
2024-02-15,PR,diesel_s10,332.3900,56
2024-02-15,PR,etanol,301.6400,74
2024-02-15,PR,gasolina,441.4900,72
2024-02-15,RJ,diesel_s10,73.9300,12
2024-02-15,RJ,etanol,52.4900,12
2024-02-15,RJ,gasolina,92.2400,15
2024-02-15,RN,diesel_s10,48.4300,8
2024-02-15,RN,etanol,47.1400,11
2024-02-15,RN,gasolina,72.8500,12
2024-02-15,RO,diesel_s10,67.5300,10
2024-02-15,RO,etanol,15.1600,3
2024-02-15,RO,gasolina,77.4200,12
2024-02-15,RR,diesel_s10,6.6300,1
2024-02-15,RR,gasolina,6.0500,1
2024-02-15,RS,diesel_s10,251.6800,41
2024-02-15,RS,etanol,84.0200,19
2024-02-15,RS,gasolina,369.6300,63
2024-02-15,SC,diesel_s10,138.5500,23
2024-02-15,SC,etanol,25.8000,6
2024-02-15,SC,gasolina,133.6400,23
2024-02-15,SE,diesel_s10,36.7300,6
2024-02-15,SE,etanol,76.8400,18
2024-02-15,SE,gasolina,110.9200,18
2024-02-15,SP,diesel_s10,1068.6900,178
2024-02-15,SP,etanol,801.3600,233
2024-02-15,SP,gasolina,1310.4300,233
2024-02-15,TO,diesel_s10,74.2400,13
2024-02-15,TO,etanol,43.6400,11
2024-02-15,TO,gasolina,75.9200,13
2024-02-16,AL,diesel_s10,5.8600,1
2024-02-16,AL,etanol,11.5700,3
2024-02-16,AL,gasolina,17.2700,3
2024-02-16,AM,diesel_s10,53.8500,8
2024-02-16,AM,etanol,28.0800,6
2024-02-16,AM,gasolina,84.1500,13
2024-02-16,BA,diesel_s10,63.8900,11
2024-02-16,BA,etanol,48.4300,12
2024-02-16,BA,gasolina,75.0100,13
2024-02-16,CE,diesel_s10,220.7000,36
2024-02-16,CE,etanol,148.2400,32
2024-02-16,CE,gasolina,230.2700,38
2024-02-16,ES,diesel_s10,17.5000,3
2024-02-16,ES,etanol,7.7600,2
2024-02-16,ES,gasolina,16.7900,3
2024-02-16,GO,diesel_s10,81.3200,14
2024-02-16,GO,etanol,63.0300,18
2024-02-16,GO,gasolina,101.2700,18
2024-02-16,MA,diesel_s10,140.8400,25
2024-02-16,MA,etanol,64.8100,16
2024-02-16,MA,gasolina,136.7900,25
2024-02-16,MG,diesel_s10,288.4700,48
2024-02-16,MG,etanol,259.2500,70
2024-02-16,MG,gasolina,428.3200,74
2024-02-16,MS,diesel_s10,65.2700,11
2024-02-16,MS,etanol,49.3100,14
2024-02-16,MS,gasolina,85.2900,15
2024-02-16,MT,diesel_s10,71.5700,12
2024-02-16,MT,etanol,49.0000,16
2024-02-16,MT,gasolina,92.3600,16
2024-02-16,PA,diesel_s10,85.1900,14
2024-02-16,PA,etanol,32.1800,7
2024-02-16,PA,gasolina,101.3800,17
2024-02-16,PE,diesel_s10,228.4600,39
2024-02-16,PE,etanol,163.5500,39
2024-02-16,PE,gasolina,251.2700,43
2024-02-16,PI,diesel_s10,41.9300,7
2024-02-16,PI,etanol,41.5100,10
2024-02-16,PI,gasolina,66.2400,12
2024-02-16,PR,diesel_s10,267.0500,45
2024-02-16,PR,etanol,245.6200,65
2024-02-16,PR,gasolina,389.9500,67
2024-02-16,RJ,diesel_s10,114.2300,19
2024-02-16,RJ,etanol,126.1600,31
2024-02-16,RJ,gasolina,177.8700,31
2024-02-16,RN,diesel_s10,11.8700,2
2024-02-16,RN,etanol,28.7800,7
2024-02-16,RN,gasolina,41.8200,7
2024-02-16,RO,diesel_s10,29.1300,4
2024-02-16,RO,etanol,10.2000,2
2024-02-16,RO,gasolina,38.2900,6
2024-02-16,RS,diesel_s10,181.5900,31
2024-02-16,RS,etanol,66.0100,15
2024-02-16,RS,gasolina,211.6500,37
2024-02-16,SC,diesel_s10,52.8900,9
2024-02-16,SC,etanol,30.0600,7
2024-02-16,SC,gasolina,92.3200,16
2024-02-16,SP,diesel_s10,482.0200,81
2024-02-16,SP,etanol,370.4300,108
2024-02-16,SP,gasolina,610.4400,110
2024-02-19,AL,diesel_s10,139.3100,23
2024-02-19,AL,etanol,141.4000,34
2024-02-19,AL,gasolina,186.9700,32
2024-02-19,AM,diesel_s10,98.6200,16
2024-02-19,AM,etanol,67.9200,17
2024-02-19,AM,gasolina,128.6000,23
2024-02-19,BA,diesel_s10,153.1500,25
2024-02-19,BA,etanol,126.6100,31
2024-02-19,BA,gasolina,183.1200,31
2024-02-19,CE,diesel_s10,106.5000,17
2024-02-19,CE,etanol,94.0700,21
2024-02-19,CE,gasolina,149.3600,25
2024-02-19,DF,diesel_s10,29.4500,5
2024-02-19,DF,etanol,25.0400,7
2024-02-19,DF,gasolina,51.7400,9
2024-02-19,ES,diesel_s10,153.0400,25
2024-02-19,ES,etanol,98.4300,24
2024-02-19,ES,gasolina,212.8200,37
2024-02-19,GO,diesel_s10,277.0200,47
2024-02-19,GO,etanol,238.4600,62
2024-02-19,GO,gasolina,346.3700,59
2024-02-19,MA,diesel_s10,220.5600,37
2024-02-19,MA,etanol,108.2600,24
2024-02-19,MA,gasolina,240.4900,42
2024-02-19,MG,diesel_s10,473.3800,80
2024-02-19,MG,etanol,400.1200,111
2024-02-19,MG,gasolina,633.3900,112
2024-02-19,MS,diesel_s10,76.4800,12
2024-02-19,MS,etanol,60.0700,16
2024-02-19,MS,gasolina,138.6300,23
2024-02-19,MT,diesel_s10,30.6200,5
2024-02-19,MT,etanol,38.8900,12
2024-02-19,MT,gasolina,76.9800,13
2024-02-19,PA,diesel_s10,212.5000,35
2024-02-19,PA,etanol,74.6600,18
2024-02-19,PA,gasolina,295.1700,51
2024-02-19,PB,diesel_s10,190.8700,32
2024-02-19,PB,etanol,137.7600,35
2024-02-19,PB,gasolina,232.2500,41
2024-02-19,PE,diesel_s10,331.3500,58
2024-02-19,PE,etanol,243.8100,61
2024-02-19,PE,gasolina,403.2800,71
2024-02-19,PI,diesel_s10,18.0700,3
2024-02-19,PI,etanol,15.6600,4
2024-02-19,PI,gasolina,21.9600,4
2024-02-19,PR,diesel_s10,341.5200,58
2024-02-19,PR,etanol,310.7100,82
2024-02-19,PR,gasolina,470.1600,80
2024-02-19,RJ,diesel_s10,550.2900,90
2024-02-19,RJ,etanol,544.1800,131
2024-02-19,RJ,gasolina,784.5300,135
2024-02-19,RN,diesel_s10,46.3100,7
2024-02-19,RN,etanol,32.5500,7
2024-02-19,RN,gasolina,51.1800,8
2024-02-19,RO,diesel_s10,108.5600,17
2024-02-19,RO,etanol,28.9500,6
2024-02-19,RO,gasolina,133.0400,21
2024-02-19,RR,diesel_s10,33.3500,5
2024-02-19,RR,etanol,4.7900,1
2024-02-19,RR,gasolina,30.4500,5
2024-02-19,RS,diesel_s10,554.3100,92
2024-02-19,RS,etanol,200.7000,46
2024-02-19,RS,gasolina,672.4900,118
2024-02-19,SC,diesel_s10,595.4800,99
2024-02-19,SC,etanol,346.7300,81
2024-02-19,SC,gasolina,758.8900,129
2024-02-19,SE,diesel_s10,59.6900,10
2024-02-19,SE,etanol,25.6600,6
2024-02-19,SE,gasolina,65.9700,11
2024-02-19,SP,diesel_s10,2126.3300,353
2024-02-19,SP,etanol,1940.9100,562
2024-02-19,SP,gasolina,3152.6600,560
2024-02-19,TO,diesel_s10,92.1000,16
2024-02-19,TO,etanol,62.5300,16
2024-02-19,TO,gasolina,107.2300,18
2024-02-20,AC,diesel_s10,55.7500,7
2024-02-20,AC,etanol,5.7900,1
2024-02-20,AC,gasolina,53.1700,7
2024-02-20,AL,diesel_s10,30.8400,5
2024-02-20,AL,etanol,32.3100,8
2024-02-20,AL,gasolina,46.8800,8
2024-02-20,AM,diesel_s10,31.1700,4
2024-02-20,AM,gasolina,46.0500,6
2024-02-20,AP,diesel_s10,32.9900,5
2024-02-20,AP,gasolina,94.7700,17
2024-02-20,BA,diesel_s10,279.5300,45
2024-02-20,BA,etanol,238.3900,56
2024-02-20,BA,gasolina,335.4500,55
2024-02-20,CE,diesel_s10,189.7300,32
2024-02-20,CE,etanol,254.4000,56
2024-02-20,CE,gasolina,348.8100,57
2024-02-20,DF,diesel_s10,12.1800,2
2024-02-20,DF,etanol,10.5700,3
2024-02-20,DF,gasolina,45.5000,8
2024-02-20,ES,diesel_s10,163.7800,27
2024-02-20,ES,etanol,105.9900,26
2024-02-20,ES,gasolina,213.2000,36
2024-02-20,GO,diesel_s10,107.2500,18
2024-02-20,GO,etanol,112.7100,30
2024-02-20,GO,gasolina,170.0000,29
2024-02-20,MA,diesel_s10,189.8600,34
2024-02-20,MA,etanol,93.9900,23
2024-02-20,MA,gasolina,192.0800,36
2024-02-20,MG,diesel_s10,465.4800,79
2024-02-20,MG,etanol,395.6600,110
2024-02-20,MG,gasolina,631.3200,112
2024-02-20,MS,diesel_s10,54.8000,9
2024-02-20,MS,etanol,28.9700,8
2024-02-20,MS,gasolina,51.7200,9
2024-02-20,MT,diesel_s10,119.1400,19
2024-02-20,MT,etanol,80.7200,24
2024-02-20,MT,gasolina,177.3100,29
2024-02-20,PA,diesel_s10,81.4500,14
2024-02-20,PA,etanol,34.3600,9
2024-02-20,PA,gasolina,94.6300,17
2024-02-20,PE,diesel_s10,285.5200,51
2024-02-20,PE,etanol,208.7000,53
2024-02-20,PE,gasolina,321.2800,58
2024-02-20,PI,diesel_s10,43.2800,7
2024-02-20,PI,etanol,21.2600,5
2024-02-20,PI,gasolina,44.9800,8
2024-02-20,PR,diesel_s10,197.0500,33
2024-02-20,PR,etanol,170.7500,45
2024-02-20,PR,gasolina,262.3700,44
2024-02-20,RJ,diesel_s10,298.4900,49
2024-02-20,RJ,etanol,328.3300,80
2024-02-20,RJ,gasolina,500.3900,86
2024-02-20,RN,diesel_s10,56.0000,9
2024-02-20,RN,etanol,58.7600,13
2024-02-20,RN,gasolina,74.5700,12
2024-02-20,RO,diesel_s10,39.5000,6
2024-02-20,RO,etanol,14.5700,3
2024-02-20,RO,gasolina,50.7200,8
2024-02-20,RR,diesel_s10,19.9500,3
2024-02-20,RR,gasolina,18.2100,3
2024-02-20,RS,diesel_s10,529.3400,87
2024-02-20,RS,etanol,197.5700,42
2024-02-20,RS,gasolina,635.0200,109
2024-02-20,SC,diesel_s10,96.4800,16
2024-02-20,SC,etanol,58.3700,14
2024-02-20,SC,gasolina,124.0300,21
2024-02-20,SE,diesel_s10,18.1400,3
2024-02-20,SE,etanol,12.5800,3
2024-02-20,SE,gasolina,24.4700,4
2024-02-20,SP,diesel_s10,1250.0800,208
2024-02-20,SP,etanol,970.4100,283
2024-02-20,SP,gasolina,1604.6000,287
2024-02-20,TO,diesel_s10,69.5900,12
2024-02-20,TO,etanol,53.0300,13
2024-02-20,TO,gasolina,93.5600,16
2024-02-21,AC,diesel_s10,14.2800,2
2024-02-21,AC,etanol,4.4900,1
2024-02-21,AC,gasolina,20.3200,3
2024-02-21,AL,diesel_s10,43.2700,7
2024-02-21,AL,etanol,49.9900,12
2024-02-21,AL,gasolina,70.1400,12
2024-02-21,AM,diesel_s10,67.8900,11
2024-02-21,AM,etanol,65.3200,16
2024-02-21,AM,gasolina,95.8900,17
2024-02-21,AP,diesel_s10,32.6600,5
2024-02-21,AP,etanol,5.1900,1
2024-02-21,AP,gasolina,28.5000,5
2024-02-21,BA,diesel_s10,419.9200,68
2024-02-21,BA,etanol,334.0200,77
2024-02-21,BA,gasolina,481.2500,79
2024-02-21,CE,diesel_s10,135.6100,22
2024-02-21,CE,etanol,76.4200,16
2024-02-21,CE,gasolina,143.8300,24
2024-02-21,DF,diesel_s10,53.2900,9
2024-02-21,DF,etanol,91.9900,26
2024-02-21,DF,gasolina,165.6100,29
2024-02-21,ES,diesel_s10,95.0800,16
2024-02-21,ES,etanol,48.2400,12
2024-02-21,ES,gasolina,107.6300,19
2024-02-21,GO,diesel_s10,225.5900,38
2024-02-21,GO,etanol,212.8800,58
2024-02-21,GO,gasolina,339.5900,59
2024-02-21,MA,diesel_s10,143.2700,25
2024-02-21,MA,etanol,45.4200,10
2024-02-21,MA,gasolina,174.3000,31
2024-02-21,MG,diesel_s10,806.1900,137
2024-02-21,MG,etanol,585.3200,164
2024-02-21,MG,gasolina,969.1700,172
2024-02-21,MS,diesel_s10,77.8700,13
2024-02-21,MS,etanol,47.3800,14
2024-02-21,MS,gasolina,110.5300,20
2024-02-21,MT,diesel_s10,141.5600,23
2024-02-21,MT,etanol,92.2100,28
2024-02-21,MT,gasolina,171.3800,29
2024-02-21,PA,diesel_s10,287.8500,45
2024-02-21,PA,etanol,121.1600,26
2024-02-21,PA,gasolina,350.5400,57
2024-02-21,PB,diesel_s10,86.7100,15
2024-02-21,PB,etanol,69.3300,18
2024-02-21,PB,gasolina,99.9600,18
2024-02-21,PE,diesel_s10,173.7300,30
2024-02-21,PE,etanol,112.4000,27
2024-02-21,PE,gasolina,202.2400,35
2024-02-21,PI,diesel_s10,135.5700,23
2024-02-21,PI,etanol,110.0200,27
2024-02-21,PI,gasolina,193.2200,35
2024-02-21,PR,diesel_s10,267.6400,45
2024-02-21,PR,etanol,234.7300,59
2024-02-21,PR,gasolina,359.1100,60
2024-02-21,RJ,diesel_s10,262.9000,43
2024-02-21,RJ,etanol,248.7500,61
2024-02-21,RJ,gasolina,372.5500,64
2024-02-21,RN,diesel_s10,74.2500,12
2024-02-21,RN,etanol,105.2300,25
2024-02-21,RN,gasolina,158.6500,26
2024-02-21,RO,diesel_s10,64.3700,10
2024-02-21,RO,etanol,19.2300,4
2024-02-21,RO,gasolina,77.8900,12
2024-02-21,RR,diesel_s10,60.0200,9
2024-02-21,RR,etanol,14.5000,3
2024-02-21,RR,gasolina,55.0600,9
2024-02-21,RS,diesel_s10,432.0300,73
2024-02-21,RS,etanol,166.8300,38
2024-02-21,RS,gasolina,478.5000,84
2024-02-21,SC,diesel_s10,105.2000,17
2024-02-21,SC,etanol,61.9400,14
2024-02-21,SC,gasolina,176.9100,30
2024-02-21,SE,diesel_s10,29.3300,5
2024-02-21,SE,etanol,20.2400,5
2024-02-21,SE,gasolina,47.2000,8
2024-02-21,SP,diesel_s10,1088.8400,182
2024-02-21,SP,etanol,853.4800,252
2024-02-21,SP,gasolina,1417.6700,255
2024-02-21,TO,diesel_s10,11.1900,2
2024-02-21,TO,etanol,8.6800,2
2024-02-21,TO,gasolina,11.9400,2
2024-02-22,AC,diesel_s10,79.3400,11
2024-02-22,AC,etanol,38.0700,8
2024-02-22,AC,gasolina,74.5100,11
2024-02-22,AM,diesel_s10,131.9000,19
2024-02-22,AM,etanol,32.8800,7
2024-02-22,AM,gasolina,141.3900,21
2024-02-22,AP,diesel_s10,6.4900,1
2024-02-22,AP,gasolina,5.7900,1
2024-02-22,BA,diesel_s10,334.6100,55
2024-02-22,BA,etanol,262.6000,63
2024-02-22,BA,gasolina,383.3200,64
2024-02-22,CE,diesel_s10,190.0800,31
2024-02-22,CE,etanol,164.9900,35
2024-02-22,CE,gasolina,231.2800,38
2024-02-22,DF,etanol,3.8300,1
2024-02-22,DF,gasolina,5.9800,1
2024-02-22,ES,diesel_s10,24.5400,4
2024-02-22,ES,etanol,20.4600,5
2024-02-22,ES,gasolina,47.1500,8
2024-02-22,GO,diesel_s10,189.5000,32
2024-02-22,GO,etanol,150.1100,41
2024-02-22,GO,gasolina,232.3600,40
2024-02-22,MA,diesel_s10,98.4500,17
2024-02-22,MA,etanol,39.4600,9
2024-02-22,MA,gasolina,97.0500,17
2024-02-22,MG,diesel_s10,444.1600,75
2024-02-22,MG,etanol,387.8600,107
2024-02-22,MG,gasolina,607.7200,107
2024-02-22,MS,diesel_s10,91.0000,15
2024-02-22,MS,etanol,50.5400,14
2024-02-22,MS,gasolina,105.0500,18
2024-02-22,PA,diesel_s10,81.6500,13
2024-02-22,PA,etanol,12.3800,3
2024-02-22,PA,gasolina,91.1300,15
2024-02-22,PE,diesel_s10,89.6700,15
2024-02-22,PE,etanol,66.8000,15
2024-02-22,PE,gasolina,86.5500,14
2024-02-22,PI,diesel_s10,36.0900,6
2024-02-22,PI,etanol,40.3900,10
2024-02-22,PI,gasolina,60.5700,11
2024-02-22,PR,diesel_s10,340.4400,57
2024-02-22,PR,etanol,287.1800,74
2024-02-22,PR,gasolina,427.5300,72
2024-02-22,RJ,diesel_s10,190.6200,32
2024-02-22,RJ,etanol,180.3000,46
2024-02-22,RJ,gasolina,269.8000,48
2024-02-22,RO,diesel_s10,55.0800,8
2024-02-22,RO,etanol,20.5500,4
2024-02-22,RO,gasolina,64.9900,10
2024-02-22,RS,diesel_s10,167.5000,28
2024-02-22,RS,etanol,61.9100,14
2024-02-22,RS,gasolina,206.8700,35
2024-02-22,SC,diesel_s10,127.0100,21
2024-02-22,SC,etanol,72.5300,17
2024-02-22,SC,gasolina,161.8200,27
2024-02-22,SE,etanol,4.2900,1
2024-02-22,SE,gasolina,6.1900,1
2024-02-22,SP,diesel_s10,594.0600,99
2024-02-22,SP,etanol,469.3300,139
2024-02-22,SP,gasolina,832.8700,148
2024-02-22,TO,diesel_s10,79.4100,14
2024-02-22,TO,etanol,40.7900,10
2024-02-22,TO,gasolina,81.2600,14
2024-02-23,BA,diesel_s10,35.6400,6
2024-02-23,BA,etanol,24.8900,6
2024-02-23,BA,gasolina,47.9900,8
2024-02-23,CE,diesel_s10,73.9000,13
2024-02-23,CE,etanol,64.1800,15
2024-02-23,CE,gasolina,87.4700,15
2024-02-23,DF,etanol,3.6900,1
2024-02-23,DF,gasolina,11.4400,2
2024-02-23,MG,diesel_s10,91.9100,16
2024-02-23,MG,etanol,83.3800,23
2024-02-23,MG,gasolina,135.1600,24
2024-02-23,MS,diesel_s10,18.5300,3
2024-02-23,MS,etanol,11.9100,3
2024-02-23,MS,gasolina,17.9500,3
2024-02-23,PA,diesel_s10,5.8300,1
2024-02-23,PA,gasolina,6.0000,1
2024-02-23,PB,diesel_s10,6.1300,1
2024-02-23,PB,etanol,3.8900,1
2024-02-23,PB,gasolina,5.5900,1
2024-02-23,PE,diesel_s10,6.7500,1
2024-02-23,PE,etanol,4.7900,1
2024-02-23,PE,gasolina,6.1900,1
2024-02-23,PR,diesel_s10,204.3000,35
2024-02-23,PR,etanol,171.7200,45
2024-02-23,PR,gasolina,261.8000,45
2024-02-23,RJ,etanol,3.9500,1
2024-02-23,RJ,gasolina,36.2000,6
2024-02-23,RO,diesel_s10,42.4500,6
2024-02-23,RO,etanol,20.9800,4
2024-02-23,RO,gasolina,64.9000,10
2024-02-23,RS,diesel_s10,12.2500,2
2024-02-23,RS,gasolina,5.9900,1
2024-02-23,SC,diesel_s10,35.0900,6
2024-02-23,SC,etanol,8.6800,2
2024-02-23,SC,gasolina,35.4700,6
2024-02-23,SP,diesel_s10,23.7200,4
2024-02-23,SP,etanol,24.4900,7
2024-02-23,SP,gasolina,41.1900,7
2024-02-26,AL,diesel_s10,85.6000,14
2024-02-26,AL,etanol,99.8800,24
2024-02-26,AL,gasolina,129.0200,22
2024-02-26,AM,diesel_s10,113.7200,18
2024-02-26,AM,etanol,80.9200,19
2024-02-26,AM,gasolina,148.3900,25
2024-02-26,BA,diesel_s10,303.9500,50
2024-02-26,BA,etanol,228.7200,55
2024-02-26,BA,gasolina,354.0000,59
2024-02-26,CE,diesel_s10,135.3400,23
2024-02-26,CE,etanol,130.8200,30
2024-02-26,CE,gasolina,185.6000,32
2024-02-26,DF,diesel_s10,17.9100,3
2024-02-26,DF,etanol,10.7300,3
2024-02-26,DF,gasolina,23.2100,4
2024-02-26,ES,diesel_s10,202.3400,34
2024-02-26,ES,etanol,116.6400,29
2024-02-26,ES,gasolina,286.4900,50
2024-02-26,GO,diesel_s10,290.2200,49
2024-02-26,GO,etanol,268.9400,70
2024-02-26,GO,gasolina,398.6700,68
2024-02-26,MA,diesel_s10,317.6400,55
2024-02-26,MA,etanol,137.0400,31
2024-02-26,MA,gasolina,358.2400,64
2024-02-26,MG,diesel_s10,521.0900,88
2024-02-26,MG,etanol,457.3500,125
2024-02-26,MG,gasolina,736.5300,129
2024-02-26,MS,diesel_s10,138.5200,23
2024-02-26,MS,etanol,100.8800,29
2024-02-26,MS,gasolina,190.1400,34
2024-02-26,MT,diesel_s10,99.9700,16
2024-02-26,MT,etanol,56.0600,17
2024-02-26,MT,gasolina,114.9100,19
2024-02-26,PA,diesel_s10,208.8100,34
2024-02-26,PA,etanol,97.9200,23
2024-02-26,PA,gasolina,220.2500,38
2024-02-26,PB,diesel_s10,177.9400,30
2024-02-26,PB,etanol,147.4900,37
2024-02-26,PB,gasolina,230.9400,41
2024-02-26,PE,diesel_s10,375.0200,66
2024-02-26,PE,etanol,290.6700,73
2024-02-26,PE,gasolina,467.4700,83
2024-02-26,PI,diesel_s10,23.5600,4
2024-02-26,PI,etanol,23.6700,6
2024-02-26,PI,gasolina,33.3300,6
2024-02-26,PR,diesel_s10,282.6500,47
2024-02-26,PR,etanol,242.5900,63
2024-02-26,PR,gasolina,379.9100,64
2024-02-26,RJ,diesel_s10,613.7100,101
2024-02-26,RJ,etanol,591.4800,144
2024-02-26,RJ,gasolina,858.8100,149
2024-02-26,RN,etanol,12.6600,3
2024-02-26,RN,gasolina,12.3800,2
2024-02-26,RO,diesel_s10,91.4300,14
2024-02-26,RO,etanol,23.6100,5
2024-02-26,RO,gasolina,107.6500,17
2024-02-26,RR,diesel_s10,33.3100,5
2024-02-26,RR,etanol,4.8400,1
2024-02-26,RR,gasolina,30.9100,5
2024-02-26,RS,diesel_s10,606.1800,101
2024-02-26,RS,etanol,205.2100,46
2024-02-26,RS,gasolina,796.4500,140
2024-02-26,SC,diesel_s10,502.0200,83
2024-02-26,SC,etanol,278.2000,65
2024-02-26,SC,gasolina,709.3100,120
2024-02-26,SE,diesel_s10,23.8600,4
2024-02-26,SE,etanol,12.6700,3
2024-02-26,SE,gasolina,24.4700,4
2024-02-26,SP,diesel_s10,2305.4800,384
2024-02-26,SP,etanol,2014.8200,583
2024-02-26,SP,gasolina,3335.6200,591
2024-02-26,TO,diesel_s10,103.5500,18
2024-02-26,TO,etanol,65.4300,16
2024-02-26,TO,gasolina,118.2600,20
2024-02-27,AC,diesel_s10,86.2400,12
2024-02-27,AC,etanol,46.9600,10
2024-02-27,AC,gasolina,94.5200,14
2024-02-27,AL,diesel_s10,68.9600,11
2024-02-27,AL,etanol,80.8300,19
2024-02-27,AL,gasolina,106.8300,18
2024-02-27,AM,diesel_s10,13.7800,2
2024-02-27,AM,etanol,4.8000,1
2024-02-27,AM,gasolina,12.2800,2
2024-02-27,AP,diesel_s10,39.2000,6
2024-02-27,AP,gasolina,94.7000,17
2024-02-27,BA,diesel_s10,454.7900,75
2024-02-27,BA,etanol,381.2800,93
2024-02-27,BA,gasolina,549.4700,94
2024-02-27,CE,diesel_s10,270.1500,45
2024-02-27,CE,etanol,280.9600,62
2024-02-27,CE,gasolina,383.8900,63
2024-02-27,DF,diesel_s10,58.9200,10
2024-02-27,DF,etanol,75.7200,21
2024-02-27,DF,gasolina,133.0600,23
2024-02-27,ES,diesel_s10,157.0800,26
2024-02-27,ES,etanol,96.0900,23
2024-02-27,ES,gasolina,187.6000,32
2024-02-27,GO,diesel_s10,244.1300,41
2024-02-27,GO,etanol,185.1800,50
2024-02-27,GO,gasolina,301.5600,52
2024-02-27,MA,diesel_s10,125.6200,22
2024-02-27,MA,etanol,68.3400,16
2024-02-27,MA,gasolina,119.9300,22
2024-02-27,MG,diesel_s10,730.8900,125
2024-02-27,MG,etanol,549.6500,154
2024-02-27,MG,gasolina,883.6200,156
2024-02-27,MS,diesel_s10,49.4000,8
2024-02-27,MS,etanol,29.5600,8
2024-02-27,MS,gasolina,52.3700,9
2024-02-27,MT,diesel_s10,116.1000,19
2024-02-27,MT,etanol,75.1800,24
2024-02-27,MT,gasolina,160.4200,27
2024-02-27,PA,diesel_s10,146.3900,24
2024-02-27,PA,etanol,54.8200,14
2024-02-27,PA,gasolina,206.4700,36
2024-02-27,PB,diesel_s10,29.5600,5
2024-02-27,PB,etanol,12.1700,3
2024-02-27,PB,gasolina,34.3800,6
2024-02-27,PE,diesel_s10,153.5100,27
2024-02-27,PE,etanol,91.8700,22
2024-02-27,PE,gasolina,174.1900,30
2024-02-27,PI,diesel_s10,78.7300,13
2024-02-27,PI,etanol,66.9600,16
2024-02-27,PI,gasolina,115.8900,21
2024-02-27,PR,diesel_s10,316.2000,53
2024-02-27,PR,etanol,229.9500,62
2024-02-27,PR,gasolina,350.8100,60
2024-02-27,RJ,diesel_s10,325.6800,54
2024-02-27,RJ,etanol,349.1500,86
2024-02-27,RJ,gasolina,542.1700,94
2024-02-27,RN,diesel_s10,95.4400,15
2024-02-27,RN,etanol,85.2300,19
2024-02-27,RN,gasolina,125.4500,20
2024-02-27,RO,diesel_s10,116.3400,18
2024-02-27,RO,etanol,59.8800,12
2024-02-27,RO,gasolina,161.5700,25
2024-02-27,RR,diesel_s10,46.8200,7
2024-02-27,RR,etanol,4.8700,1
2024-02-27,RR,gasolina,43.2700,7
2024-02-27,RS,diesel_s10,451.5700,76
2024-02-27,RS,etanol,138.5200,32
2024-02-27,RS,gasolina,484.0600,85
2024-02-27,SC,diesel_s10,54.5500,9
2024-02-27,SC,etanol,39.0800,9
2024-02-27,SC,gasolina,74.8300,13
2024-02-27,SE,diesel_s10,58.8200,10
2024-02-27,SE,etanol,17.0800,4
2024-02-27,SE,gasolina,59.5800,10
2024-02-27,SP,diesel_s10,1268.0800,212
2024-02-27,SP,etanol,1002.3900,295
2024-02-27,SP,gasolina,1651.1800,297
2024-02-27,TO,diesel_s10,63.6400,11
2024-02-27,TO,etanol,52.5200,13
2024-02-27,TO,gasolina,81.8300,14
2024-02-28,AL,diesel_s10,40.3600,7
2024-02-28,AL,etanol,43.6500,11
2024-02-28,AL,gasolina,74.3500,13
2024-02-28,AM,diesel_s10,110.9200,17
2024-02-28,AM,etanol,64.7500,15
2024-02-28,AM,gasolina,193.2400,29
2024-02-28,BA,diesel_s10,311.6800,51
2024-02-28,BA,etanol,253.9300,58
2024-02-28,BA,gasolina,356.3100,59
2024-02-28,CE,diesel_s10,213.7400,36
2024-02-28,CE,etanol,157.7500,35
2024-02-28,CE,gasolina,251.8400,42
2024-02-28,DF,diesel_s10,47.2600,8
2024-02-28,DF,etanol,54.8700,15
2024-02-28,DF,gasolina,134.4800,23
2024-02-28,ES,diesel_s10,72.6500,12
2024-02-28,ES,etanol,64.5400,15
2024-02-28,ES,gasolina,111.6100,19
2024-02-28,GO,diesel_s10,183.3900,31
2024-02-28,GO,etanol,161.3600,44
2024-02-28,GO,gasolina,265.8700,46
2024-02-28,MA,diesel_s10,121.2500,21
2024-02-28,MA,etanol,50.9900,12
2024-02-28,MA,gasolina,127.5000,23
2024-02-28,MG,diesel_s10,592.5200,100
2024-02-28,MG,etanol,521.1900,146
2024-02-28,MG,gasolina,839.7600,150
2024-02-28,MT,diesel_s10,86.8700,14
2024-02-28,MT,etanol,78.7700,24
2024-02-28,MT,gasolina,140.4900,24
2024-02-28,PA,diesel_s10,260.8200,41
2024-02-28,PA,etanol,88.7400,20
2024-02-28,PA,gasolina,323.0800,53
2024-02-28,PB,diesel_s10,63.3500,11
2024-02-28,PB,etanol,50.5400,13
2024-02-28,PB,gasolina,72.0700,13
2024-02-28,PE,diesel_s10,171.2000,30
2024-02-28,PE,etanol,136.0300,33
2024-02-28,PE,gasolina,204.1800,36
2024-02-28,PI,diesel_s10,77.4600,13
2024-02-28,PI,etanol,56.4600,14
2024-02-28,PI,gasolina,100.8200,18
2024-02-28,PR,diesel_s10,392.7600,66
2024-02-28,PR,etanol,394.3900,100
2024-02-28,PR,gasolina,606.1300,101
2024-02-28,RJ,diesel_s10,246.4700,40
2024-02-28,RJ,etanol,219.9800,53
2024-02-28,RJ,gasolina,324.4000,55
2024-02-28,RN,diesel_s10,76.6000,13
2024-02-28,RN,etanol,86.7700,21
2024-02-28,RN,gasolina,131.6700,22
2024-02-28,RO,diesel_s10,81.4000,12
2024-02-28,RO,etanol,15.4900,3
2024-02-28,RO,gasolina,107.2600,17
2024-02-28,RR,diesel_s10,33.4900,5
2024-02-28,RR,etanol,9.5800,2
2024-02-28,RR,gasolina,30.8800,5
2024-02-28,RS,diesel_s10,356.7600,58
2024-02-28,RS,etanol,158.0400,34
2024-02-28,RS,gasolina,417.0500,71
2024-02-28,SC,diesel_s10,112.8800,19
2024-02-28,SC,etanol,66.9300,16
2024-02-28,SC,gasolina,134.8400,23
2024-02-28,SP,diesel_s10,972.8300,162
2024-02-28,SP,etanol,803.6100,237
2024-02-28,SP,gasolina,1330.4300,240
2024-02-28,TO,diesel_s10,45.3400,8
2024-02-28,TO,etanol,25.4300,6
2024-02-28,TO,gasolina,46.9500,8
2024-02-29,AC,diesel_s10,55.7500,7
2024-02-29,AC,etanol,5.7900,1
2024-02-29,AC,gasolina,53.1700,7
2024-02-29,AM,diesel_s10,47.7400,7
2024-02-29,AM,etanol,23.4900,5
2024-02-29,AM,gasolina,86.2700,13
2024-02-29,AP,diesel_s10,38.9800,6
2024-02-29,AP,etanol,4.9400,1
2024-02-29,AP,gasolina,34.3500,6
2024-02-29,BA,diesel_s10,291.9300,49
2024-02-29,BA,etanol,246.2200,60
2024-02-29,BA,gasolina,341.3900,59
2024-02-29,CE,diesel_s10,108.0100,17
2024-02-29,CE,etanol,78.5300,16
2024-02-29,CE,gasolina,102.7900,17
2024-02-29,ES,diesel_s10,11.9800,2
2024-02-29,ES,etanol,8.0800,2
2024-02-29,ES,gasolina,11.7400,2
2024-02-29,GO,diesel_s10,82.1100,14
2024-02-29,GO,etanol,79.8300,22
2024-02-29,GO,gasolina,121.1500,21
2024-02-29,MA,diesel_s10,52.9000,9
2024-02-29,MA,etanol,21.9500,5
2024-02-29,MA,gasolina,58.3900,10
2024-02-29,MG,diesel_s10,393.7700,67
2024-02-29,MG,etanol,305.5000,87
2024-02-29,MG,gasolina,494.7200,89
2024-02-29,MS,diesel_s10,118.6400,19
2024-02-29,MS,etanol,63.1000,17
2024-02-29,MS,gasolina,177.0000,29
2024-02-29,MT,diesel_s10,6.4900,1
2024-02-29,MT,etanol,3.3800,1
2024-02-29,MT,gasolina,6.0900,1
2024-02-29,PA,diesel_s10,48.8900,8
2024-02-29,PA,etanol,15.4200,3
2024-02-29,PA,gasolina,62.9600,10
2024-02-29,PE,diesel_s10,160.4700,28
2024-02-29,PE,etanol,107.4100,25
2024-02-29,PE,gasolina,163.5000,28
2024-02-29,PI,diesel_s10,17.6300,3
2024-02-29,PI,etanol,12.1500,3
2024-02-29,PI,gasolina,16.6700,3
2024-02-29,PR,diesel_s10,287.4500,49
2024-02-29,PR,etanol,247.8800,66
2024-02-29,PR,gasolina,398.6100,69
2024-02-29,RJ,diesel_s10,113.6300,19
2024-02-29,RJ,etanol,114.4300,29
2024-02-29,RJ,gasolina,193.4000,34
2024-02-29,RS,diesel_s10,208.7500,35
2024-02-29,RS,etanol,55.8600,12
2024-02-29,RS,gasolina,201.3200,35
2024-02-29,SC,diesel_s10,89.7900,15
2024-02-29,SC,etanol,42.1400,10
2024-02-29,SC,gasolina,105.7700,18
2024-02-29,SE,diesel_s10,34.6100,6
2024-02-29,SE,etanol,32.8100,8
2024-02-29,SE,gasolina,65.5900,11
2024-02-29,SP,diesel_s10,618.0400,103
2024-02-29,SP,etanol,493.9700,145
2024-02-29,SP,gasolina,875.5400,156
2024-02-29,TO,diesel_s10,34.1100,6
2024-02-29,TO,etanol,19.4500,5
2024-02-29,TO,gasolina,40.5500,7
2024-03-01,CE,gasolina,5.6800,1
2024-03-01,MG,diesel_s10,5.6700,1
2024-03-01,MG,etanol,3.4900,1
2024-03-01,MG,gasolina,5.5700,1
2024-03-01,PB,diesel_s10,23.6600,4
2024-03-01,PB,etanol,11.9700,3
2024-03-01,PB,gasolina,16.6700,3
2024-03-01,PR,diesel_s10,59.1200,10
2024-03-01,PR,etanol,59.9700,15
2024-03-01,PR,gasolina,85.2900,14
2024-03-01,RJ,diesel_s10,24.1200,4
2024-03-01,RJ,etanol,15.7600,4
2024-03-01,RJ,gasolina,22.4600,4
2024-03-01,SC,diesel_s10,46.6500,8
2024-03-01,SC,etanol,17.6600,4
2024-03-01,SC,gasolina,58.0100,10
2024-03-04,AL,diesel_s10,186.5700,31
2024-03-04,AL,etanol,199.6900,48
2024-03-04,AL,gasolina,268.1900,46
2024-03-04,AM,diesel_s10,81.9700,13
2024-03-04,AM,etanol,60.4500,14
2024-03-04,AM,gasolina,119.7800,20
2024-03-04,BA,diesel_s10,132.8400,22
2024-03-04,BA,etanol,112.0000,27
2024-03-04,BA,gasolina,172.3500,29
2024-03-04,CE,diesel_s10,28.5400,5
2024-03-04,CE,etanol,25.9200,6
2024-03-04,CE,gasolina,64.0100,11
2024-03-04,DF,diesel_s10,35.6100,6
2024-03-04,DF,etanol,39.8400,11
2024-03-04,DF,gasolina,63.4000,11
2024-03-04,ES,diesel_s10,164.1700,27
2024-03-04,ES,etanol,114.1000,28
2024-03-04,ES,gasolina,249.2300,43
2024-03-04,GO,diesel_s10,326.9000,55
2024-03-04,GO,etanol,289.7100,75
2024-03-04,GO,gasolina,449.3500,76
2024-03-04,MA,diesel_s10,312.4700,54
2024-03-04,MA,etanol,134.3500,31
2024-03-04,MA,gasolina,303.8500,55
2024-03-04,MG,diesel_s10,424.7400,72
2024-03-04,MG,etanol,404.1200,111
2024-03-04,MG,gasolina,622.2400,110
2024-03-04,MS,diesel_s10,114.3300,19
2024-03-04,MS,etanol,80.4700,23
2024-03-04,MS,gasolina,151.2500,27
2024-03-04,MT,diesel_s10,23.9500,4
2024-03-04,MT,etanol,28.3300,9
2024-03-04,MT,gasolina,77.1100,13
2024-03-04,PA,diesel_s10,257.5800,42
2024-03-04,PA,etanol,119.0100,29
2024-03-04,PA,gasolina,300.1800,52
2024-03-04,PB,diesel_s10,183.5400,31
2024-03-04,PB,etanol,144.3100,36
2024-03-04,PB,gasolina,225.3300,40
2024-03-04,PE,diesel_s10,309.2700,55
2024-03-04,PE,etanol,245.5200,62
2024-03-04,PE,gasolina,354.1100,64
2024-03-04,PI,diesel_s10,5.9900,1
2024-03-04,PI,etanol,7.5300,2
2024-03-04,PI,gasolina,11.0700,2
2024-03-04,PR,diesel_s10,258.5900,44
2024-03-04,PR,etanol,197.3700,53
2024-03-04,PR,gasolina,299.6500,51
2024-03-04,RJ,diesel_s10,690.5300,114
2024-03-04,RJ,etanol,687.1300,168
2024-03-04,RJ,gasolina,1000.7600,174
2024-03-04,RN,diesel_s10,36.0000,6
2024-03-04,RN,etanol,34.0200,8
2024-03-04,RN,gasolina,30.3400,5
2024-03-04,RO,diesel_s10,173.0000,27
2024-03-04,RO,etanol,57.5400,12
2024-03-04,RO,gasolina,189.3400,30
2024-03-04,RR,diesel_s10,46.7500,7
2024-03-04,RR,etanol,4.7900,1
2024-03-04,RR,gasolina,43.1200,7
2024-03-04,RS,diesel_s10,588.9500,98
2024-03-04,RS,etanol,239.7400,55
2024-03-04,RS,gasolina,771.0500,135
2024-03-04,SC,diesel_s10,263.8400,44
2024-03-04,SC,etanol,142.5600,33
2024-03-04,SC,gasolina,330.4700,56
2024-03-04,SE,diesel_s10,30.7500,5
2024-03-04,SE,etanol,38.5100,9
2024-03-04,SE,gasolina,55.5100,9
2024-03-04,SP,diesel_s10,2159.3100,360
2024-03-04,SP,etanol,1856.4000,539
2024-03-04,SP,gasolina,3036.0000,541
2024-03-04,TO,diesel_s10,90.9000,16
2024-03-04,TO,etanol,65.6300,16
2024-03-04,TO,gasolina,106.9000,18
2024-03-05,AC,diesel_s10,21.4200,3
2024-03-05,AC,etanol,14.1700,3
2024-03-05,AC,gasolina,26.9600,4
2024-03-05,AL,diesel_s10,25.3600,4
2024-03-05,AL,etanol,21.4200,5
2024-03-05,AL,gasolina,29.9200,5
2024-03-05,AM,diesel_s10,6.8900,1
2024-03-05,AM,gasolina,5.8900,1
2024-03-05,AP,diesel_s10,39.0700,6
2024-03-05,AP,gasolina,94.9200,17
2024-03-05,BA,diesel_s10,269.1900,45
2024-03-05,BA,etanol,210.5700,49
2024-03-05,BA,gasolina,307.2500,51
2024-03-05,CE,diesel_s10,294.1200,49
2024-03-05,CE,etanol,301.7900,67
2024-03-05,CE,gasolina,414.9900,69
2024-03-05,DF,diesel_s10,23.3000,4
2024-03-05,DF,etanol,49.8800,14
2024-03-05,DF,gasolina,86.0100,15
2024-03-05,ES,diesel_s10,136.2100,23
2024-03-05,ES,etanol,76.0200,19
2024-03-05,ES,gasolina,159.6500,28
2024-03-05,GO,diesel_s10,200.0100,34
2024-03-05,GO,etanol,177.0800,48
2024-03-05,GO,gasolina,266.5800,46
2024-03-05,MA,diesel_s10,217.6500,38
2024-03-05,MA,etanol,82.7400,19
2024-03-05,MA,gasolina,250.9700,45
2024-03-05,MG,diesel_s10,628.5800,107
2024-03-05,MG,etanol,485.4600,133
2024-03-05,MG,gasolina,782.0200,137
2024-03-05,MS,diesel_s10,43.3100,7
2024-03-05,MS,etanol,35.9600,10
2024-03-05,MS,gasolina,63.2300,11
2024-03-05,MT,diesel_s10,96.2200,16
2024-03-05,MT,etanol,63.7400,20
2024-03-05,MT,gasolina,122.8300,21
2024-03-05,PA,diesel_s10,159.0800,26
2024-03-05,PA,etanol,44.1400,11
2024-03-05,PA,gasolina,182.9300,32
2024-03-05,PB,diesel_s10,24.0600,4
2024-03-05,PB,etanol,8.1800,2
2024-03-05,PB,gasolina,22.8900,4
2024-03-05,PE,diesel_s10,219.1000,39
2024-03-05,PE,etanol,144.9600,36
2024-03-05,PE,gasolina,245.2100,44
2024-03-05,PI,diesel_s10,84.4700,14
2024-03-05,PI,etanol,53.4600,13
2024-03-05,PI,gasolina,95.1100,17
2024-03-05,PR,diesel_s10,364.7000,61
2024-03-05,PR,etanol,292.7300,78
2024-03-05,PR,gasolina,451.8900,77
2024-03-05,RJ,diesel_s10,395.1900,65
2024-03-05,RJ,etanol,374.0200,93
2024-03-05,RJ,gasolina,550.2400,96
2024-03-05,RN,diesel_s10,45.8300,7
2024-03-05,RN,etanol,48.9600,11
2024-03-05,RN,gasolina,82.0300,13
2024-03-05,RO,diesel_s10,19.3800,3
2024-03-05,RO,etanol,4.6900,1
2024-03-05,RO,gasolina,19.1700,3
2024-03-05,RR,diesel_s10,33.2100,5
2024-03-05,RR,gasolina,30.7900,5
2024-03-05,RS,diesel_s10,338.2300,56
2024-03-05,RS,etanol,108.0600,23
2024-03-05,RS,gasolina,390.8400,68
2024-03-05,SC,diesel_s10,157.7000,26
2024-03-05,SC,etanol,84.3900,20
2024-03-05,SC,gasolina,189.4000,32
2024-03-05,SE,diesel_s10,86.7500,15
2024-03-05,SE,etanol,49.8800,12
2024-03-05,SE,gasolina,125.0600,21
2024-03-05,SP,diesel_s10,1308.2800,219
2024-03-05,SP,etanol,1039.8300,303
2024-03-05,SP,gasolina,1688.1000,302
2024-03-05,TO,diesel_s10,46.0500,8
2024-03-05,TO,etanol,49.0600,12
2024-03-05,TO,gasolina,93.2900,16
2024-03-06,AC,diesel_s10,64.7500,9
2024-03-06,AC,etanol,28.2000,6
2024-03-06,AC,gasolina,67.4100,10
2024-03-06,AL,diesel_s10,5.8500,1
2024-03-06,AL,etanol,8.0800,2
2024-03-06,AL,gasolina,11.2800,2
2024-03-06,AM,diesel_s10,116.8200,18
2024-03-06,AM,etanol,87.3200,20
2024-03-06,AM,gasolina,234.5400,36
2024-03-06,BA,diesel_s10,519.6500,85
2024-03-06,BA,etanol,448.8800,106
2024-03-06,BA,gasolina,645.4700,107
2024-03-06,CE,diesel_s10,200.3300,33
2024-03-06,CE,etanol,150.1600,33
2024-03-06,CE,gasolina,245.6500,41
2024-03-06,DF,diesel_s10,82.1200,14
2024-03-06,DF,etanol,79.3400,22
2024-03-06,DF,gasolina,132.5600,23
2024-03-06,ES,diesel_s10,89.9400,15
2024-03-06,ES,etanol,42.4500,10
2024-03-06,ES,gasolina,108.5500,19
2024-03-06,GO,diesel_s10,296.5100,50
2024-03-06,GO,etanol,249.1900,68
2024-03-06,GO,gasolina,385.4400,67
2024-03-06,MA,diesel_s10,29.1000,5
2024-03-06,MA,etanol,12.9300,3
2024-03-06,MA,gasolina,23.5200,4
2024-03-06,MG,diesel_s10,603.9700,103
2024-03-06,MG,etanol,498.0300,140
2024-03-06,MG,gasolina,793.9700,142
2024-03-06,MS,diesel_s10,76.9800,12
2024-03-06,MS,etanol,56.0900,14
2024-03-06,MS,gasolina,112.9700,18
2024-03-06,MT,diesel_s10,106.8900,17
2024-03-06,MT,etanol,76.9000,24
2024-03-06,MT,gasolina,155.5400,26
2024-03-06,PA,diesel_s10,104.6100,17
2024-03-06,PA,etanol,66.9200,15
2024-03-06,PA,gasolina,143.6000,24
2024-03-06,PB,diesel_s10,74.9900,13
2024-03-06,PB,etanol,58.9700,15
2024-03-06,PB,gasolina,83.1100,15
2024-03-06,PE,diesel_s10,246.1300,42
2024-03-06,PE,etanol,181.7200,41
2024-03-06,PE,gasolina,285.0600,48
2024-03-06,PI,diesel_s10,154.6100,26
2024-03-06,PI,etanol,117.1900,29
2024-03-06,PI,gasolina,209.9900,38
2024-03-06,PR,diesel_s10,311.2700,52
2024-03-06,PR,etanol,321.4100,80
2024-03-06,PR,gasolina,502.1600,83
2024-03-06,RJ,diesel_s10,260.9800,42
2024-03-06,RJ,etanol,218.2300,52
2024-03-06,RJ,gasolina,337.1400,57
2024-03-06,RN,diesel_s10,31.7400,5
2024-03-06,RN,etanol,21.9000,5
2024-03-06,RN,gasolina,30.9800,5
2024-03-06,RO,diesel_s10,88.0900,13
2024-03-06,RO,etanol,24.5300,5
2024-03-06,RO,gasolina,115.6200,18
2024-03-06,RR,diesel_s10,33.6200,5
2024-03-06,RR,etanol,9.7100,2
2024-03-06,RR,gasolina,30.8900,5
2024-03-06,RS,diesel_s10,477.9200,80
2024-03-06,RS,etanol,199.6900,45
2024-03-06,RS,gasolina,573.8100,100
2024-03-06,SC,diesel_s10,225.0200,37
2024-03-06,SC,etanol,151.7300,36
2024-03-06,SC,gasolina,376.7800,64
2024-03-06,SE,diesel_s10,11.4800,2
2024-03-06,SE,etanol,25.5600,6
2024-03-06,SE,gasolina,36.7800,6
2024-03-06,SP,diesel_s10,1035.0100,173
2024-03-06,SP,etanol,795.6300,236
2024-03-06,SP,gasolina,1335.2200,240
2024-03-07,AC,diesel_s10,47.7900,6
2024-03-07,AC,etanol,5.7900,1
2024-03-07,AC,gasolina,45.5400,6
2024-03-07,AM,diesel_s10,81.2700,12
2024-03-07,AM,etanol,23.1600,5
2024-03-07,AM,gasolina,81.0000,12
2024-03-07,AP,diesel_s10,38.9800,6
2024-03-07,AP,etanol,4.9400,1
2024-03-07,AP,gasolina,34.3000,6
2024-03-07,BA,diesel_s10,277.5700,46
2024-03-07,BA,etanol,212.0400,51
2024-03-07,BA,gasolina,297.2900,51
2024-03-07,CE,diesel_s10,237.6400,40
2024-03-07,CE,etanol,200.5600,44
2024-03-07,CE,gasolina,275.0600,46
2024-03-07,ES,diesel_s10,41.7800,7
2024-03-07,ES,etanol,29.8200,7
2024-03-07,ES,gasolina,52.6500,9
2024-03-07,GO,diesel_s10,34.5600,6
2024-03-07,GO,etanol,29.7400,8
2024-03-07,GO,gasolina,46.4400,8
2024-03-07,MA,diesel_s10,91.1400,16
2024-03-07,MA,etanol,48.5500,11
2024-03-07,MA,gasolina,90.7700,16
2024-03-07,MG,diesel_s10,605.3500,103
2024-03-07,MG,etanol,464.1800,130
2024-03-07,MG,gasolina,757.0500,135
2024-03-07,MS,diesel_s10,31.6000,5
2024-03-07,MS,etanol,11.7600,3
2024-03-07,MS,gasolina,36.5300,6
2024-03-07,MT,diesel_s10,41.8700,7
2024-03-07,MT,etanol,21.0600,7
2024-03-07,MT,gasolina,46.6600,8
2024-03-07,PA,diesel_s10,148.2700,23
2024-03-07,PA,etanol,34.6000,7
2024-03-07,PA,gasolina,188.1300,30
2024-03-07,PB,diesel_s10,17.7700,3
2024-03-07,PB,etanol,8.0800,2
2024-03-07,PB,gasolina,11.0800,2
2024-03-07,PE,diesel_s10,107.2400,19
2024-03-07,PE,etanol,88.4500,22
2024-03-07,PE,gasolina,129.6900,23
2024-03-07,PR,diesel_s10,265.0000,45
2024-03-07,PR,etanol,230.9100,59
2024-03-07,PR,gasolina,351.5800,59
2024-03-07,RJ,diesel_s10,31.7600,5
2024-03-07,RJ,etanol,28.3900,7
2024-03-07,RJ,gasolina,71.9300,12
2024-03-07,RN,diesel_s10,34.8500,6
2024-03-07,RN,etanol,61.1800,15
2024-03-07,RN,gasolina,88.2600,15
2024-03-07,RO,diesel_s10,21.3100,3
2024-03-07,RO,etanol,15.5900,3
2024-03-07,RO,gasolina,32.2100,5
2024-03-07,RS,diesel_s10,201.0200,34
2024-03-07,RS,etanol,71.0400,16
2024-03-07,RS,gasolina,219.4700,38
2024-03-07,SC,diesel_s10,197.1100,33
2024-03-07,SC,etanol,86.8200,20
2024-03-07,SC,gasolina,222.3400,38
2024-03-07,SE,etanol,17.1700,4
2024-03-07,SE,gasolina,24.6900,4
2024-03-07,SP,diesel_s10,629.9500,105
2024-03-07,SP,etanol,437.0800,128
2024-03-07,SP,gasolina,764.0400,135
2024-03-07,TO,diesel_s10,90.4000,16
2024-03-07,TO,etanol,48.2800,12
2024-03-07,TO,gasolina,93.2600,16
2024-03-08,BA,diesel_s10,87.5500,15
2024-03-08,BA,etanol,63.8100,16
2024-03-08,BA,gasolina,96.4700,17
2024-03-08,MG,diesel_s10,49.4500,8
2024-03-08,MG,etanol,44.4100,12
2024-03-08,MG,gasolina,64.1800,11
2024-03-08,MT,diesel_s10,17.5200,3
2024-03-08,MT,etanol,9.6700,3
2024-03-08,MT,gasolina,16.6700,3
2024-03-08,PR,diesel_s10,97.6000,17
2024-03-08,PR,etanol,84.0900,22
2024-03-08,PR,gasolina,127.8000,22
2024-03-08,RJ,diesel_s10,30.7100,5
2024-03-08,RJ,etanol,24.5400,6
2024-03-08,RJ,gasolina,40.4300,7
2024-03-08,SP,diesel_s10,100.8400,17
2024-03-08,SP,etanol,125.5800,35
2024-03-08,SP,gasolina,201.8800,35
2024-03-11,AC,diesel_s10,141.1600,19
2024-03-11,AC,etanol,52.3900,11
2024-03-11,AC,gasolina,147.3800,21
2024-03-11,AL,diesel_s10,84.9800,15
2024-03-11,AL,etanol,106.6600,27
2024-03-11,AL,gasolina,128.3300,23
2024-03-11,AM,diesel_s10,94.5500,15
2024-03-11,AM,etanol,68.8100,16
2024-03-11,AM,gasolina,141.9500,23
2024-03-11,BA,diesel_s10,232.7800,39
2024-03-11,BA,etanol,200.2400,49
2024-03-11,BA,gasolina,289.2400,50
2024-03-11,CE,diesel_s10,157.3100,26
2024-03-11,CE,etanol,112.8900,25
2024-03-11,CE,gasolina,185.4200,31
2024-03-11,DF,diesel_s10,29.9200,5
2024-03-11,DF,etanol,21.6400,6
2024-03-11,DF,gasolina,46.3300,8
2024-03-11,ES,diesel_s10,74.8300,12
2024-03-11,ES,etanol,66.5800,16
2024-03-11,ES,gasolina,137.7000,24
2024-03-11,GO,diesel_s10,288.1400,49
2024-03-11,GO,etanol,240.0200,63
2024-03-11,GO,gasolina,367.6500,63
2024-03-11,MA,diesel_s10,284.0600,49
2024-03-11,MA,etanol,137.3400,31
2024-03-11,MA,gasolina,302.9300,54
2024-03-11,MG,diesel_s10,594.5100,101
2024-03-11,MG,etanol,450.5900,126
2024-03-11,MG,gasolina,707.5700,126
2024-03-11,MS,diesel_s10,29.9500,5
2024-03-11,MS,etanol,17.8500,5
2024-03-11,MS,gasolina,40.9200,7
2024-03-11,MT,diesel_s10,135.5400,22
2024-03-11,MT,etanol,87.5500,27
2024-03-11,MT,gasolina,177.8400,30
2024-03-11,PA,diesel_s10,291.7800,47
2024-03-11,PA,etanol,139.3400,33
2024-03-11,PA,gasolina,381.8600,65
2024-03-11,PB,diesel_s10,177.4100,30
2024-03-11,PB,etanol,149.7500,37
2024-03-11,PB,gasolina,232.8200,41
2024-03-11,PE,diesel_s10,274.7100,49
2024-03-11,PE,etanol,195.7200,49
2024-03-11,PE,gasolina,316.9500,57
2024-03-11,PI,diesel_s10,60.3500,10
2024-03-11,PI,etanol,40.6400,10
2024-03-11,PI,gasolina,72.0300,13
2024-03-11,PR,diesel_s10,398.0600,68
2024-03-11,PR,etanol,330.1300,89
2024-03-11,PR,gasolina,498.1700,86
2024-03-11,RJ,diesel_s10,591.8300,97
2024-03-11,RJ,etanol,583.4700,142
2024-03-11,RJ,gasolina,838.1200,145
2024-03-11,RN,diesel_s10,57.1300,9
2024-03-11,RN,etanol,35.2900,8
2024-03-11,RN,gasolina,80.5200,13
2024-03-11,RO,diesel_s10,131.9000,20
2024-03-11,RO,etanol,43.3500,9
2024-03-11,RO,gasolina,158.0500,25
2024-03-11,RR,diesel_s10,6.6300,1
2024-03-11,RR,gasolina,12.3000,2
2024-03-11,RS,diesel_s10,540.3800,90
2024-03-11,RS,etanol,217.2200,49
2024-03-11,RS,gasolina,682.6200,120
2024-03-11,SC,diesel_s10,418.1000,69
2024-03-11,SC,etanol,243.0200,57
2024-03-11,SC,gasolina,592.8400,100
2024-03-11,SE,diesel_s10,75.3200,13
2024-03-11,SE,etanol,34.1400,8
2024-03-11,SE,gasolina,90.3300,15
2024-03-11,SP,diesel_s10,2191.6900,365
2024-03-11,SP,etanol,1964.5600,571
2024-03-11,SP,gasolina,3190.4600,568
2024-03-11,TO,diesel_s10,126.6700,22
2024-03-11,TO,etanol,89.7500,22
2024-03-11,TO,gasolina,163.3800,28
2024-03-12,AL,diesel_s10,65.4100,11
2024-03-12,AL,etanol,70.0400,17
2024-03-12,AL,gasolina,104.3100,18
2024-03-12,AM,diesel_s10,15.5800,2
2024-03-12,AM,gasolina,53.7400,7
2024-03-12,AP,diesel_s10,45.8300,7
2024-03-12,AP,gasolina,94.3800,17
2024-03-12,BA,diesel_s10,409.6400,68
2024-03-12,BA,etanol,378.0400,89
2024-03-12,BA,gasolina,533.1500,90
2024-03-12,CE,diesel_s10,29.0300,5
2024-03-12,CE,etanol,22.3500,5
2024-03-12,CE,gasolina,29.9200,5
2024-03-12,DF,diesel_s10,46.9100,8
2024-03-12,DF,etanol,57.1400,16
2024-03-12,DF,gasolina,97.6900,17
2024-03-12,ES,diesel_s10,143.4700,24
2024-03-12,ES,etanol,81.6300,20
2024-03-12,ES,gasolina,172.7400,30
2024-03-12,GO,diesel_s10,206.8700,35
2024-03-12,GO,etanol,149.6000,41
2024-03-12,GO,gasolina,234.7300,41
2024-03-12,MA,diesel_s10,187.1200,33
2024-03-12,MA,etanol,68.3600,16
2024-03-12,MA,gasolina,227.4000,41
2024-03-12,MG,diesel_s10,634.1000,108
2024-03-12,MG,etanol,513.1200,142
2024-03-12,MG,gasolina,821.0200,145
2024-03-12,MS,diesel_s10,95.5400,15
2024-03-12,MS,etanol,71.1900,19
2024-03-12,MS,gasolina,151.5200,25
2024-03-12,MT,diesel_s10,67.0500,11
2024-03-12,MT,etanol,52.8200,17
2024-03-12,MT,gasolina,100.3400,17
2024-03-12,PA,diesel_s10,148.3200,25
2024-03-12,PA,etanol,67.5000,16
2024-03-12,PA,gasolina,148.9100,26
2024-03-12,PE,diesel_s10,193.2700,34
2024-03-12,PE,etanol,127.5900,31
2024-03-12,PE,gasolina,221.3600,39
2024-03-12,PI,diesel_s10,35.2300,6
2024-03-12,PI,etanol,41.0300,10
2024-03-12,PI,gasolina,60.8300,11
2024-03-12,PR,diesel_s10,367.0200,61
2024-03-12,PR,etanol,315.9600,80
2024-03-12,PR,gasolina,500.9900,83
2024-03-12,RJ,diesel_s10,441.6100,73
2024-03-12,RJ,etanol,423.3000,106
2024-03-12,RJ,gasolina,648.1800,113
2024-03-12,RN,diesel_s10,11.7600,2
2024-03-12,RN,etanol,21.3100,5
2024-03-12,RN,gasolina,18.0600,3
2024-03-12,RO,diesel_s10,97.8300,15
2024-03-12,RO,etanol,33.6300,7
2024-03-12,RO,gasolina,115.7300,18
2024-03-12,RR,diesel_s10,39.8600,6
2024-03-12,RR,etanol,9.6300,2
2024-03-12,RR,gasolina,36.9800,6
2024-03-12,RS,diesel_s10,588.9600,98
2024-03-12,RS,etanol,219.7200,49
2024-03-12,RS,gasolina,737.6700,129
2024-03-12,SC,diesel_s10,268.7900,45
2024-03-12,SC,etanol,136.4700,32
2024-03-12,SC,gasolina,302.6900,52
2024-03-12,SE,diesel_s10,63.0800,11
2024-03-12,SE,etanol,75.6100,18
2024-03-12,SE,gasolina,120.8800,20
2024-03-12,SP,diesel_s10,1508.3300,252
2024-03-12,SP,etanol,1178.4000,345
2024-03-12,SP,gasolina,1958.0200,351
2024-03-12,TO,diesel_s10,33.9400,6
2024-03-12,TO,etanol,25.0400,6
2024-03-12,TO,gasolina,35.7000,6
2024-03-13,AM,diesel_s10,150.6600,23
2024-03-13,AM,etanol,97.3100,22
2024-03-13,AM,gasolina,201.8500,32
2024-03-13,BA,diesel_s10,447.5200,75
2024-03-13,BA,etanol,330.0900,79
2024-03-13,BA,gasolina,499.4800,85
2024-03-13,CE,diesel_s10,417.0800,70
2024-03-13,CE,etanol,345.6100,77
2024-03-13,CE,gasolina,534.3100,90
2024-03-13,DF,diesel_s10,41.6500,7
2024-03-13,DF,etanol,53.0600,15
2024-03-13,DF,gasolina,125.6400,22
2024-03-13,ES,diesel_s10,158.1100,27
2024-03-13,ES,etanol,86.7700,22
2024-03-13,ES,gasolina,197.7500,34
2024-03-13,GO,diesel_s10,244.5300,41
2024-03-13,GO,etanol,206.9200,55
2024-03-13,GO,gasolina,315.1700,54
2024-03-13,MA,diesel_s10,78.8400,14
2024-03-13,MA,etanol,26.3200,6
2024-03-13,MA,gasolina,65.6500,12
2024-03-13,MG,diesel_s10,533.0500,91
2024-03-13,MG,etanol,435.1600,123
2024-03-13,MG,gasolina,726.2000,130
2024-03-13,MS,diesel_s10,17.9000,3
2024-03-13,MS,etanol,13.4100,4
2024-03-13,MS,gasolina,27.3200,5
2024-03-13,MT,diesel_s10,94.8600,16
2024-03-13,MT,etanol,64.5500,21
2024-03-13,MT,gasolina,122.1100,21
2024-03-13,PA,diesel_s10,127.6200,20
2024-03-13,PA,etanol,40.5000,9
2024-03-13,PA,gasolina,175.7400,28
2024-03-13,PB,diesel_s10,109.8500,19
2024-03-13,PB,etanol,75.0500,19
2024-03-13,PB,gasolina,122.5200,22
2024-03-13,PE,diesel_s10,337.8500,60
2024-03-13,PE,etanol,235.3300,57
2024-03-13,PE,gasolina,363.8500,64
2024-03-13,PI,diesel_s10,88.6200,15
2024-03-13,PI,etanol,59.6000,15
2024-03-13,PI,gasolina,110.3400,20
2024-03-13,PR,diesel_s10,288.7400,49
2024-03-13,PR,etanol,250.7300,64
2024-03-13,PR,gasolina,369.2100,62
2024-03-13,RJ,diesel_s10,311.7500,51
2024-03-13,RJ,etanol,297.8800,73
2024-03-13,RJ,gasolina,474.1200,82
2024-03-13,RN,diesel_s10,71.6300,12
2024-03-13,RN,etanol,55.0600,13
2024-03-13,RN,gasolina,91.3000,15
2024-03-13,RO,diesel_s10,59.6300,9
2024-03-13,RO,etanol,14.9100,3
2024-03-13,RO,gasolina,76.7000,12
2024-03-13,RR,diesel_s10,60.4000,9
2024-03-13,RR,etanol,9.6600,2
2024-03-13,RR,gasolina,55.4400,9
2024-03-13,RS,diesel_s10,350.1800,60
2024-03-13,RS,etanol,121.8200,28
2024-03-13,RS,gasolina,379.4500,67
2024-03-13,SC,diesel_s10,70.6100,12
2024-03-13,SC,etanol,24.8400,6
2024-03-13,SC,gasolina,81.8800,14
2024-03-13,SE,diesel_s10,11.7800,2
2024-03-13,SE,etanol,21.4600,5
2024-03-13,SE,gasolina,30.7000,5
2024-03-13,SP,diesel_s10,805.8000,135
2024-03-13,SP,etanol,693.2700,201
2024-03-13,SP,gasolina,1172.8200,210
2024-03-13,TO,diesel_s10,45.1400,8
2024-03-13,TO,etanol,25.2300,6
2024-03-13,TO,gasolina,46.9500,8
2024-03-14,AL,diesel_s10,5.9400,1
2024-03-14,AL,etanol,4.2900,1
2024-03-14,AL,gasolina,5.6900,1
2024-03-14,AM,diesel_s10,55.0200,8
2024-03-14,AM,gasolina,58.9400,8
2024-03-14,AP,diesel_s10,38.9800,6
2024-03-14,AP,etanol,4.9400,1
2024-03-14,AP,gasolina,34.4200,6
2024-03-14,BA,diesel_s10,218.0900,37
2024-03-14,BA,etanol,173.5400,42
2024-03-14,BA,gasolina,256.0600,44
2024-03-14,CE,diesel_s10,110.1900,19
2024-03-14,CE,etanol,89.2900,20
2024-03-14,CE,gasolina,118.3500,20
2024-03-14,ES,diesel_s10,72.0300,12
2024-03-14,ES,etanol,54.3400,13
2024-03-14,ES,gasolina,106.6600,18
2024-03-14,GO,diesel_s10,105.2600,18
2024-03-14,GO,etanol,93.7600,27
2024-03-14,GO,gasolina,152.2100,27
2024-03-14,MA,diesel_s10,79.1100,14
2024-03-14,MA,etanol,39.2200,9
2024-03-14,MA,gasolina,85.1000,15
2024-03-14,MG,diesel_s10,510.1200,87
2024-03-14,MG,etanol,382.0800,106
2024-03-14,MG,gasolina,609.4900,108
2024-03-14,MS,diesel_s10,66.2600,11
2024-03-14,MS,etanol,34.8700,10
2024-03-14,MS,gasolina,87.1100,15
2024-03-14,MT,diesel_s10,6.1900,1
2024-03-14,MT,etanol,6.9800,2
2024-03-14,MT,gasolina,11.9800,2
2024-03-14,PA,diesel_s10,81.2400,13
2024-03-14,PA,etanol,22.1300,5
2024-03-14,PA,gasolina,100.5700,17
2024-03-14,PE,diesel_s10,147.1200,25
2024-03-14,PE,etanol,107.5200,24
2024-03-14,PE,gasolina,160.0700,26
2024-03-14,PI,diesel_s10,47.0900,8
2024-03-14,PI,etanol,39.8200,10
2024-03-14,PI,gasolina,60.8600,11
2024-03-14,PR,diesel_s10,208.2900,35
2024-03-14,PR,etanol,166.0700,43
2024-03-14,PR,gasolina,242.3800,41
2024-03-14,RJ,diesel_s10,37.8400,6
2024-03-14,RJ,etanol,35.2200,8
2024-03-14,RJ,gasolina,61.6600,10
2024-03-14,RN,diesel_s10,36.2500,6
2024-03-14,RN,etanol,66.4300,16
2024-03-14,RN,gasolina,83.4400,14
2024-03-14,RO,diesel_s10,12.6100,2
2024-03-14,RO,etanol,10.1000,2
2024-03-14,RO,gasolina,19.8900,3
2024-03-14,RS,diesel_s10,86.9900,14
2024-03-14,RS,etanol,37.6300,8
2024-03-14,RS,gasolina,84.5400,14
2024-03-14,SC,diesel_s10,59.2200,10
2024-03-14,SC,etanol,27.8300,7
2024-03-14,SC,gasolina,81.0500,14
2024-03-14,SP,diesel_s10,547.9600,92
2024-03-14,SP,etanol,456.5300,132
2024-03-14,SP,gasolina,772.2900,136
2024-03-14,TO,diesel_s10,45.2600,8
2024-03-14,TO,etanol,23.0500,6
2024-03-14,TO,gasolina,46.2500,8
2024-03-15,BA,diesel_s10,64.8200,11
2024-03-15,BA,etanol,48.3300,12
2024-03-15,BA,gasolina,67.5600,12
2024-03-15,CE,diesel_s10,52.4600,8
2024-03-15,CE,etanol,39.7700,8
2024-03-15,CE,gasolina,44.4100,7
2024-03-15,MG,diesel_s10,47.9700,8
2024-03-15,MG,etanol,42.4600,12
2024-03-15,MG,gasolina,66.9800,12
2024-03-15,PR,diesel_s10,64.9400,11
2024-03-15,PR,etanol,63.6200,16
2024-03-15,PR,gasolina,89.8500,15
2024-03-15,RJ,etanol,3.6300,1
2024-03-15,RJ,gasolina,5.3700,1
2024-03-15,SC,diesel_s10,58.4600,10
2024-03-15,SC,etanol,20.9500,5
2024-03-15,SC,gasolina,80.9200,14
2024-03-15,SP,diesel_s10,5.7900,1
2024-03-15,SP,etanol,3.1900,1
2024-03-15,SP,gasolina,5.2900,1
2024-03-18,AC,diesel_s10,93.9900,13
2024-03-18,AC,etanol,46.7000,10
2024-03-18,AC,gasolina,101.9600,15
2024-03-18,AL,diesel_s10,96.7800,17
2024-03-18,AL,etanol,105.0800,26
2024-03-18,AL,gasolina,140.1500,25
2024-03-18,AM,diesel_s10,18.8700,3
2024-03-18,AM,etanol,12.8700,3
2024-03-18,AM,gasolina,18.8700,3
2024-03-18,BA,diesel_s10,157.8900,27
2024-03-18,BA,etanol,128.0200,31
2024-03-18,BA,gasolina,193.2000,33
2024-03-18,CE,diesel_s10,184.3500,31
2024-03-18,CE,etanol,128.7900,29
2024-03-18,CE,gasolina,213.3200,36
2024-03-18,DF,diesel_s10,58.1900,10
2024-03-18,DF,etanol,67.0200,19
2024-03-18,DF,gasolina,113.9400,20
2024-03-18,ES,diesel_s10,113.9500,19
2024-03-18,ES,etanol,70.9700,18
2024-03-18,ES,gasolina,176.3900,31
2024-03-18,GO,diesel_s10,274.9200,47
2024-03-18,GO,etanol,234.6400,62
2024-03-18,GO,gasolina,361.2800,62
2024-03-18,MA,diesel_s10,166.3800,28
2024-03-18,MA,etanol,72.6400,16
2024-03-18,MA,gasolina,171.5100,30
2024-03-18,MG,diesel_s10,584.2100,99
2024-03-18,MG,etanol,525.1400,144
2024-03-18,MG,gasolina,828.4800,146
2024-03-18,MS,diesel_s10,130.0500,21
2024-03-18,MS,etanol,83.7400,23
2024-03-18,MS,gasolina,217.3800,37
2024-03-18,MT,diesel_s10,118.0200,20
2024-03-18,MT,etanol,83.6500,28
2024-03-18,MT,gasolina,166.6500,29
2024-03-18,PA,diesel_s10,160.6100,26
2024-03-18,PA,etanol,78.6000,18
2024-03-18,PA,gasolina,181.3400,31
2024-03-18,PB,diesel_s10,118.4000,20
2024-03-18,PB,etanol,104.9500,26
2024-03-18,PB,gasolina,159.0200,28
2024-03-18,PE,diesel_s10,265.7300,47
2024-03-18,PE,etanol,239.4900,57
2024-03-18,PE,gasolina,347.8400,60
2024-03-18,PI,diesel_s10,84.0900,14
2024-03-18,PI,etanol,44.6400,11
2024-03-18,PI,gasolina,99.6600,18
2024-03-18,PR,diesel_s10,294.4000,50
2024-03-18,PR,etanol,259.3100,68
2024-03-18,PR,gasolina,390.1700,66
2024-03-18,RJ,diesel_s10,651.7100,106
2024-03-18,RJ,etanol,626.3000,152
2024-03-18,RJ,gasolina,923.2400,159
2024-03-18,RN,diesel_s10,45.6100,7
2024-03-18,RN,etanol,22.1300,5
2024-03-18,RN,gasolina,44.4700,7
2024-03-18,RO,diesel_s10,109.3300,17
2024-03-18,RO,etanol,42.8800,9
2024-03-18,RO,gasolina,138.8200,22
2024-03-18,RR,diesel_s10,19.7500,3
2024-03-18,RR,etanol,4.7900,1
2024-03-18,RR,gasolina,18.4500,3
2024-03-18,RS,diesel_s10,523.3400,87
2024-03-18,RS,etanol,175.8500,41
2024-03-18,RS,gasolina,640.9000,113
2024-03-18,SC,diesel_s10,615.4800,102
2024-03-18,SC,etanol,372.6000,89
2024-03-18,SC,gasolina,886.7500,151
2024-03-18,SE,diesel_s10,57.6000,10
2024-03-18,SE,etanol,38.3700,9
2024-03-18,SE,gasolina,85.1700,14
2024-03-18,SP,diesel_s10,2097.8200,349
2024-03-18,SP,etanol,1765.3800,513
2024-03-18,SP,gasolina,2944.7900,524
2024-03-18,TO,diesel_s10,76.3800,13
2024-03-18,TO,etanol,51.8600,13
2024-03-18,TO,gasolina,88.9300,15
2024-03-19,AC,diesel_s10,23.5500,3
2024-03-19,AC,etanol,5.7900,1
2024-03-19,AC,gasolina,22.7700,3
2024-03-19,AL,diesel_s10,83.7400,14
2024-03-19,AL,etanol,74.8900,18
2024-03-19,AL,gasolina,116.6100,20
2024-03-19,AM,diesel_s10,42.1400,6
2024-03-19,AM,etanol,13.1700,3
2024-03-19,AM,gasolina,77.4000,11
2024-03-19,BA,diesel_s10,260.7500,44
2024-03-19,BA,etanol,221.5100,53
2024-03-19,BA,gasolina,329.2200,55
2024-03-19,CE,diesel_s10,167.6100,28
2024-03-19,CE,etanol,143.1400,31
2024-03-19,CE,gasolina,197.0600,33
2024-03-19,DF,diesel_s10,70.9300,12
2024-03-19,DF,etanol,56.8000,16
2024-03-19,DF,gasolina,124.0300,22
2024-03-19,ES,diesel_s10,157.1700,26
2024-03-19,ES,etanol,120.2500,30
2024-03-19,ES,gasolina,232.4600,40
2024-03-19,GO,diesel_s10,211.1300,35
2024-03-19,GO,etanol,167.5200,44
2024-03-19,GO,gasolina,263.7800,45
2024-03-19,MA,diesel_s10,150.5700,26
2024-03-19,MA,etanol,37.1600,8
2024-03-19,MA,gasolina,168.1400,29
2024-03-19,MG,diesel_s10,595.5100,102
2024-03-19,MG,etanol,466.4000,132
2024-03-19,MG,gasolina,761.3100,136
2024-03-19,MS,diesel_s10,73.3800,12
2024-03-19,MS,etanol,50.5900,14
2024-03-19,MS,gasolina,86.4100,15
2024-03-19,MT,diesel_s10,91.7500,15
2024-03-19,MT,etanol,59.8500,19
2024-03-19,MT,gasolina,117.8400,20
2024-03-19,PA,diesel_s10,225.1900,37
2024-03-19,PA,etanol,104.6300,26
2024-03-19,PA,gasolina,301.1700,52
2024-03-19,PB,diesel_s10,53.7900,9
2024-03-19,PB,etanol,29.3300,7
2024-03-19,PB,gasolina,63.8100,11
2024-03-19,PE,diesel_s10,175.2400,31
2024-03-19,PE,etanol,111.2900,26
2024-03-19,PE,gasolina,196.7200,33
2024-03-19,PI,diesel_s10,41.5000,7
2024-03-19,PI,etanol,47.8400,12
2024-03-19,PI,gasolina,66.3400,12
2024-03-19,PR,diesel_s10,298.3400,51
2024-03-19,PR,etanol,223.6300,60
2024-03-19,PR,gasolina,344.7300,59
2024-03-19,RJ,diesel_s10,222.4700,37
2024-03-19,RJ,etanol,302.5500,76
2024-03-19,RJ,gasolina,440.1000,77
2024-03-19,RN,diesel_s10,48.0900,8
2024-03-19,RN,etanol,48.9500,12
2024-03-19,RN,gasolina,65.1000,11
2024-03-19,RO,diesel_s10,152.7200,23
2024-03-19,RO,etanol,69.1900,14
2024-03-19,RO,gasolina,193.8300,30
2024-03-19,RR,diesel_s10,19.8800,3
2024-03-19,RR,gasolina,18.4500,3
2024-03-19,RS,diesel_s10,392.5800,65
2024-03-19,RS,etanol,150.2000,31
2024-03-19,RS,gasolina,422.7900,73
2024-03-19,SC,diesel_s10,60.4900,10
2024-03-19,SC,etanol,22.1400,5
2024-03-19,SC,gasolina,59.1300,10
2024-03-19,SE,diesel_s10,23.6100,4
2024-03-19,SE,etanol,21.3600,5
2024-03-19,SE,gasolina,30.7000,5
2024-03-19,SP,diesel_s10,1320.4400,219
2024-03-19,SP,etanol,1082.7300,316
2024-03-19,SP,gasolina,1806.3900,322
2024-03-19,TO,diesel_s10,28.4400,5
2024-03-19,TO,etanol,29.0100,7
2024-03-19,TO,gasolina,51.2200,9
2024-03-20,AC,diesel_s10,31.5100,4
2024-03-20,AC,gasolina,30.1700,4
2024-03-20,AL,diesel_s10,5.8500,1
2024-03-20,AL,etanol,3.8900,1
2024-03-20,AL,gasolina,5.5900,1
2024-03-20,AM,diesel_s10,54.2200,8
2024-03-20,AM,etanol,26.8800,6
2024-03-20,AM,gasolina,85.8500,13
2024-03-20,AP,diesel_s10,38.9600,6
2024-03-20,AP,etanol,4.9400,1
2024-03-20,AP,gasolina,34.1900,6
2024-03-20,BA,diesel_s10,456.4500,77
2024-03-20,BA,etanol,422.6500,99
2024-03-20,BA,gasolina,577.0300,98
2024-03-20,CE,diesel_s10,372.4100,62
2024-03-20,CE,etanol,319.9500,70
2024-03-20,CE,gasolina,474.8000,80
2024-03-20,DF,diesel_s10,5.8800,1
2024-03-20,DF,etanol,7.3600,2
2024-03-20,DF,gasolina,39.8600,7
2024-03-20,ES,diesel_s10,130.3000,22
2024-03-20,ES,etanol,71.4800,17
2024-03-20,ES,gasolina,154.3200,26
2024-03-20,GO,diesel_s10,171.5900,29
2024-03-20,GO,etanol,121.3000,32
2024-03-20,GO,gasolina,182.3100,31
2024-03-20,MA,diesel_s10,89.4800,16
2024-03-20,MA,etanol,33.3200,8
2024-03-20,MA,gasolina,81.0200,15
2024-03-20,MG,diesel_s10,464.5600,79
2024-03-20,MG,etanol,363.0000,102
2024-03-20,MG,gasolina,591.6400,106
2024-03-20,MT,diesel_s10,31.1000,5
2024-03-20,MT,etanol,23.5300,7
2024-03-20,MT,gasolina,47.4900,8
2024-03-20,PA,diesel_s10,146.2400,23
2024-03-20,PA,etanol,59.7600,13
2024-03-20,PA,gasolina,203.8600,33
2024-03-20,PB,diesel_s10,87.3200,15
2024-03-20,PB,etanol,79.4700,20
2024-03-20,PB,gasolina,105.7400,19
2024-03-20,PE,diesel_s10,439.7000,77
2024-03-20,PE,etanol,311.4100,72
2024-03-20,PE,gasolina,478.2000,82
2024-03-20,PI,diesel_s10,65.4100,11
2024-03-20,PI,etanol,49.2900,12
2024-03-20,PI,gasolina,88.5900,16
2024-03-20,PR,diesel_s10,314.6900,52
2024-03-20,PR,etanol,299.9200,76
2024-03-20,PR,gasolina,466.9900,78
2024-03-20,RJ,diesel_s10,244.9300,40
2024-03-20,RJ,etanol,247.7600,60
2024-03-20,RJ,gasolina,388.5100,66
2024-03-20,RN,diesel_s10,25.3500,4
2024-03-20,RN,etanol,30.1900,7
2024-03-20,RN,gasolina,37.2000,6
2024-03-20,RO,diesel_s10,44.4900,7
2024-03-20,RO,etanol,4.7100,1
2024-03-20,RO,gasolina,56.7800,9
2024-03-20,RR,diesel_s10,73.2500,11
2024-03-20,RR,etanol,14.5000,3
2024-03-20,RR,gasolina,67.8200,11
2024-03-20,RS,diesel_s10,302.7900,50
2024-03-20,RS,etanol,130.0700,29
2024-03-20,RS,gasolina,450.4500,78
2024-03-20,SC,diesel_s10,76.6900,13
2024-03-20,SC,etanol,50.2500,12
2024-03-20,SC,gasolina,99.1200,17
2024-03-20,SE,diesel_s10,27.9500,5
2024-03-20,SE,etanol,37.4800,9
2024-03-20,SE,gasolina,71.7100,12
2024-03-20,SP,diesel_s10,857.3700,144
2024-03-20,SP,etanol,691.4900,204
2024-03-20,SP,gasolina,1134.7400,203
2024-03-20,TO,diesel_s10,56.1100,10
2024-03-20,TO,etanol,37.8100,9
2024-03-20,TO,gasolina,59.5900,10
2024-03-21,AM,diesel_s10,55.0200,8
2024-03-21,AM,gasolina,51.5600,7
2024-03-21,AP,diesel_s10,39.0200,6
2024-03-21,AP,gasolina,94.4800,17
2024-03-21,BA,diesel_s10,387.8700,65
2024-03-21,BA,etanol,315.2900,74
2024-03-21,BA,gasolina,438.6200,73
2024-03-21,CE,diesel_s10,36.1300,6
2024-03-21,CE,etanol,17.8200,4
2024-03-21,CE,gasolina,41.9500,7
2024-03-21,ES,diesel_s10,18.1700,3
2024-03-21,ES,etanol,21.2500,5
2024-03-21,ES,gasolina,33.1400,6
2024-03-21,GO,diesel_s10,227.5900,39
2024-03-21,GO,etanol,199.0800,56
2024-03-21,GO,gasolina,324.0900,57
2024-03-21,MA,diesel_s10,182.5200,32
2024-03-21,MA,etanol,101.4500,24
2024-03-21,MA,gasolina,193.0000,35
2024-03-21,MG,diesel_s10,507.1100,87
2024-03-21,MG,etanol,367.1700,102
2024-03-21,MG,gasolina,596.9500,106
2024-03-21,MT,diesel_s10,62.4200,10
2024-03-21,MT,etanol,40.5500,12
2024-03-21,MT,gasolina,85.3900,14
2024-03-21,PA,diesel_s10,61.8400,10
2024-03-21,PA,etanol,9.3000,2
2024-03-21,PA,gasolina,65.6500,11
2024-03-21,PE,diesel_s10,46.4200,8
2024-03-21,PE,etanol,27.0900,6
2024-03-21,PE,gasolina,49.1000,8
2024-03-21,PI,diesel_s10,47.0900,8
2024-03-21,PI,etanol,40.2200,10
2024-03-21,PI,gasolina,60.9100,11
2024-03-21,PR,diesel_s10,246.9600,42
2024-03-21,PR,etanol,207.9700,55
2024-03-21,PR,gasolina,328.3500,56
2024-03-21,RJ,diesel_s10,189.2700,32
2024-03-21,RJ,etanol,163.2600,41
2024-03-21,RJ,gasolina,255.0600,45
2024-03-21,RN,diesel_s10,28.4700,5
2024-03-21,RN,etanol,60.4900,15
2024-03-21,RN,gasolina,88.1400,15
2024-03-21,RS,diesel_s10,304.2000,52
2024-03-21,RS,etanol,104.3500,24
2024-03-21,RS,gasolina,309.7100,55
2024-03-21,SC,diesel_s10,120.6900,20
2024-03-21,SC,etanol,70.9300,17
2024-03-21,SC,gasolina,155.5900,26
2024-03-21,SE,etanol,4.2900,1
2024-03-21,SE,gasolina,6.1900,1
2024-03-21,SP,diesel_s10,776.2800,131
2024-03-21,SP,etanol,576.5900,169
2024-03-21,SP,gasolina,948.6400,170
2024-03-21,TO,diesel_s10,90.4600,16
2024-03-21,TO,etanol,47.8200,12
2024-03-21,TO,gasolina,93.1400,16
2024-03-22,BA,diesel_s10,75.3900,13
2024-03-22,BA,etanol,59.5600,14
2024-03-22,BA,gasolina,89.3500,15
2024-03-22,CE,diesel_s10,22.3600,4
2024-03-22,CE,etanol,25.3400,6
2024-03-22,CE,gasolina,35.1800,6
2024-03-22,MA,diesel_s10,29.0900,5
2024-03-22,MA,etanol,13.6200,3
2024-03-22,MA,gasolina,34.1900,6
2024-03-22,MG,diesel_s10,42.0700,7
2024-03-22,MG,etanol,31.4600,9
2024-03-22,MG,gasolina,50.8100,9
2024-03-22,MS,diesel_s10,73.0600,12
2024-03-22,MS,etanol,35.2300,10
2024-03-22,MS,gasolina,87.4600,15
2024-03-22,PR,diesel_s10,76.4200,13
2024-03-22,PR,etanol,69.1000,17
2024-03-22,PR,gasolina,102.3200,17
2024-03-22,RJ,diesel_s10,11.6300,2
2024-03-22,RJ,etanol,7.6300,2
2024-03-22,RJ,gasolina,11.1200,2
2024-03-22,RS,diesel_s10,91.8200,16
2024-03-22,RS,etanol,45.4000,11
2024-03-22,RS,gasolina,104.3900,19
2024-03-22,SC,diesel_s10,76.1700,13
2024-03-22,SC,etanol,28.9300,7
2024-03-22,SC,gasolina,87.1300,15
2024-03-22,SP,diesel_s10,136.7900,23
2024-03-22,SP,etanol,115.8700,35
2024-03-22,SP,gasolina,186.9500,34
2024-03-25,AC,diesel_s10,15.8000,2
2024-03-25,AC,etanol,5.8000,1
2024-03-25,AC,gasolina,15.1800,2
2024-03-25,AL,diesel_s10,112.2200,18
2024-03-25,AL,etanol,88.8000,20
2024-03-25,AL,gasolina,133.5300,22
2024-03-25,AM,diesel_s10,12.5800,2
2024-03-25,AM,etanol,8.5800,2
2024-03-25,AM,gasolina,18.8500,3
2024-03-25,AP,diesel_s10,13.6000,2
2024-03-25,AP,gasolina,11.8400,2
2024-03-25,BA,diesel_s10,109.4500,18
2024-03-25,BA,etanol,101.2100,24
2024-03-25,BA,gasolina,134.6600,22
2024-03-25,CE,diesel_s10,205.2200,34
2024-03-25,CE,etanol,146.0700,32
2024-03-25,CE,gasolina,257.1800,43
2024-03-25,DF,diesel_s10,87.4600,15
2024-03-25,DF,etanol,69.9600,20
2024-03-25,DF,gasolina,131.5900,24
2024-03-25,ES,diesel_s10,91.0700,15
2024-03-25,ES,etanol,58.3500,14
2024-03-25,ES,gasolina,128.5100,22
2024-03-25,GO,diesel_s10,351.2700,60
2024-03-25,GO,etanol,307.3700,81
2024-03-25,GO,gasolina,472.7600,81
2024-03-25,MA,diesel_s10,140.7000,24
2024-03-25,MA,etanol,53.1900,12
2024-03-25,MA,gasolina,147.8300,26
2024-03-25,MG,diesel_s10,538.6800,92
2024-03-25,MG,etanol,401.1000,111
2024-03-25,MG,gasolina,635.1600,113
2024-03-25,MS,diesel_s10,67.8600,11
2024-03-25,MS,etanol,44.4200,12
2024-03-25,MS,gasolina,76.6100,13
2024-03-25,MT,diesel_s10,48.8600,8
2024-03-25,MT,etanol,35.2600,11
2024-03-25,MT,gasolina,70.7100,12
2024-03-25,PA,diesel_s10,165.4600,27
2024-03-25,PA,etanol,69.3700,16
2024-03-25,PA,gasolina,181.8000,31
2024-03-25,PB,diesel_s10,80.9400,14
2024-03-25,PB,etanol,92.0900,23
2024-03-25,PB,gasolina,130.0700,23
2024-03-25,PE,diesel_s10,281.8000,50
2024-03-25,PE,etanol,214.4600,51
2024-03-25,PE,gasolina,330.1600,57
2024-03-25,PI,diesel_s10,72.6000,12
2024-03-25,PI,etanol,38.2800,9
2024-03-25,PI,gasolina,72.3900,13
2024-03-25,PR,diesel_s10,204.1000,35
2024-03-25,PR,etanol,208.1200,54
2024-03-25,PR,gasolina,321.8600,54
2024-03-25,RJ,diesel_s10,532.4400,88
2024-03-25,RJ,etanol,568.2800,139
2024-03-25,RJ,gasolina,833.4500,145
2024-03-25,RN,diesel_s10,52.7400,8
2024-03-25,RN,etanol,36.4600,8
2024-03-25,RN,gasolina,69.4000,11
2024-03-25,RO,diesel_s10,31.1500,5
2024-03-25,RO,etanol,14.0900,3
2024-03-25,RO,gasolina,51.8000,8
2024-03-25,RR,diesel_s10,26.1400,4
2024-03-25,RR,etanol,4.8400,1
2024-03-25,RR,gasolina,24.6400,4
2024-03-25,RS,diesel_s10,631.6400,106
2024-03-25,RS,etanol,252.6400,57
2024-03-25,RS,gasolina,713.6100,127
2024-03-25,SC,diesel_s10,421.0000,70
2024-03-25,SC,etanol,276.7400,66
2024-03-25,SC,gasolina,668.5700,114
2024-03-25,SE,diesel_s10,29.7000,5
2024-03-25,SE,etanol,21.3500,5
2024-03-25,SE,gasolina,36.9400,6
2024-03-25,SP,diesel_s10,2082.3600,346
2024-03-25,SP,etanol,1749.3200,508
2024-03-25,SP,gasolina,2898.8700,514
2024-03-25,TO,diesel_s10,132.1600,23
2024-03-25,TO,etanol,106.9100,26
2024-03-25,TO,gasolina,175.8700,30
2024-03-26,AC,diesel_s10,125.2000,17
2024-03-26,AC,etanol,52.2900,11
2024-03-26,AC,gasolina,132.1300,19
2024-03-26,AL,diesel_s10,50.8200,8
2024-03-26,AL,etanol,36.0400,8
2024-03-26,AL,gasolina,48.8200,8
2024-03-26,AM,diesel_s10,6.2900,1
2024-03-26,AM,etanol,4.2900,1
2024-03-26,AM,gasolina,6.2900,1
2024-03-26,AP,diesel_s10,33.1300,5
2024-03-26,AP,gasolina,94.5800,17
2024-03-26,BA,diesel_s10,451.7300,77
2024-03-26,BA,etanol,418.6000,99
2024-03-26,BA,gasolina,614.5700,104
2024-03-26,CE,diesel_s10,72.1300,12
2024-03-26,CE,etanol,56.8000,12
2024-03-26,CE,gasolina,77.3900,13
2024-03-26,DF,diesel_s10,41.5700,7
2024-03-26,DF,etanol,35.6200,10
2024-03-26,DF,gasolina,115.6600,21
2024-03-26,ES,diesel_s10,168.2600,28
2024-03-26,ES,etanol,100.3000,25
2024-03-26,ES,gasolina,193.1800,34
2024-03-26,GO,diesel_s10,102.7700,17
2024-03-26,GO,etanol,76.8800,20
2024-03-26,GO,gasolina,117.4500,20
2024-03-26,MA,diesel_s10,167.6100,29
2024-03-26,MA,etanol,66.2900,15
2024-03-26,MA,gasolina,190.4900,33
2024-03-26,MG,diesel_s10,550.3800,94
2024-03-26,MG,etanol,425.2900,117
2024-03-26,MG,gasolina,681.3300,120
2024-03-26,MS,diesel_s10,71.9000,12
2024-03-26,MS,etanol,56.0900,16
2024-03-26,MS,gasolina,103.0000,18
2024-03-26,MT,diesel_s10,68.0300,11
2024-03-26,MT,etanol,73.9200,23
2024-03-26,MT,gasolina,142.1800,24
2024-03-26,PA,diesel_s10,173.6700,28
2024-03-26,PA,etanol,70.5700,17
2024-03-26,PA,gasolina,259.4900,44
2024-03-26,PB,diesel_s10,114.3400,19
2024-03-26,PB,etanol,61.9700,15
2024-03-26,PB,gasolina,119.8500,21
2024-03-26,PE,diesel_s10,180.6100,32
2024-03-26,PE,etanol,112.8200,26
2024-03-26,PE,gasolina,187.6200,33
2024-03-26,PI,diesel_s10,64.9300,11
2024-03-26,PI,etanol,52.1900,13
2024-03-26,PI,gasolina,83.0200,15
2024-03-26,PR,diesel_s10,367.6400,62
2024-03-26,PR,etanol,298.7900,78
2024-03-26,PR,gasolina,473.2800,80
2024-03-26,RJ,diesel_s10,165.1100,27
2024-03-26,RJ,etanol,182.3100,44
2024-03-26,RJ,gasolina,300.1800,51
2024-03-26,RN,diesel_s10,5.9900,1
2024-03-26,RN,etanol,3.9900,1
2024-03-26,RN,gasolina,11.7600,2
2024-03-26,RO,diesel_s10,133.9900,21
2024-03-26,RO,etanol,43.6800,9
2024-03-26,RO,gasolina,156.7300,25
2024-03-26,RR,diesel_s10,32.9000,5
2024-03-26,RR,gasolina,30.7700,5
2024-03-26,RS,diesel_s10,579.8500,96
2024-03-26,RS,etanol,201.9000,45
2024-03-26,RS,gasolina,686.7000,120
2024-03-26,SC,diesel_s10,142.5100,24
2024-03-26,SC,etanol,79.4400,19
2024-03-26,SC,gasolina,157.5300,27
2024-03-26,SE,diesel_s10,11.2300,2
2024-03-26,SE,etanol,8.4900,2
2024-03-26,SE,gasolina,12.2000,2
2024-03-26,SP,diesel_s10,994.1400,167
2024-03-26,SP,etanol,825.1000,243
2024-03-26,SP,gasolina,1378.1000,248
2024-03-26,TO,diesel_s10,22.9200,4
2024-03-26,TO,etanol,16.3000,4
2024-03-26,TO,gasolina,23.8500,4
2024-03-27,AL,diesel_s10,63.8800,11
2024-03-27,AL,etanol,92.3100,23
2024-03-27,AL,gasolina,123.9300,22
2024-03-27,AM,diesel_s10,87.6700,13
2024-03-27,AM,etanol,13.3700,3
2024-03-27,AM,gasolina,95.9700,14
2024-03-27,AP,diesel_s10,12.6300,2
2024-03-27,AP,gasolina,11.2700,2
2024-03-27,BA,diesel_s10,396.0400,67
2024-03-27,BA,etanol,327.5800,76
2024-03-27,BA,gasolina,457.8200,77
2024-03-27,CE,diesel_s10,234.9100,39
2024-03-27,CE,etanol,186.5900,42
2024-03-27,CE,gasolina,293.3000,50
2024-03-27,DF,diesel_s10,22.7000,4
2024-03-27,DF,etanol,13.9700,4
2024-03-27,DF,gasolina,27.2400,5
2024-03-27,ES,diesel_s10,93.7100,16
2024-03-27,ES,etanol,62.7900,16
2024-03-27,ES,gasolina,141.7300,25
2024-03-27,GO,diesel_s10,210.8800,36
2024-03-27,GO,etanol,155.6800,43
2024-03-27,GO,gasolina,258.1000,45
2024-03-27,MA,diesel_s10,162.1700,28
2024-03-27,MA,etanol,67.0100,15
2024-03-27,MA,gasolina,177.1100,31
2024-03-27,MG,diesel_s10,633.7400,108
2024-03-27,MG,etanol,546.7600,151
2024-03-27,MG,gasolina,882.4200,157
2024-03-27,MS,diesel_s10,53.0200,9
2024-03-27,MS,etanol,39.5800,12
2024-03-27,MS,gasolina,93.4200,17
2024-03-27,MT,diesel_s10,147.8600,24
2024-03-27,MT,etanol,105.2100,32
2024-03-27,MT,gasolina,199.0100,34
2024-03-27,PA,diesel_s10,184.4500,30
2024-03-27,PA,etanol,73.2200,17
2024-03-27,PA,gasolina,219.0200,37
2024-03-27,PB,diesel_s10,83.1100,14
2024-03-27,PB,etanol,72.6100,18
2024-03-27,PB,gasolina,96.1900,17
2024-03-27,PE,diesel_s10,255.5800,45
2024-03-27,PE,etanol,214.3100,50
2024-03-27,PE,gasolina,293.3600,50
2024-03-27,PI,diesel_s10,70.2300,12
2024-03-27,PI,etanol,39.6200,10
2024-03-27,PI,gasolina,82.8800,15
2024-03-27,PR,diesel_s10,273.8900,46
2024-03-27,PR,etanol,265.1200,70
2024-03-27,PR,gasolina,386.3400,66
2024-03-27,RJ,diesel_s10,431.5100,70
2024-03-27,RJ,etanol,360.8400,88
2024-03-27,RJ,gasolina,555.0900,95
2024-03-27,RN,diesel_s10,19.3700,3
2024-03-27,RN,etanol,40.9200,8
2024-03-27,RN,gasolina,38.1400,6
2024-03-27,RO,diesel_s10,72.3400,11
2024-03-27,RO,etanol,18.8200,4
2024-03-27,RO,gasolina,69.3700,11
2024-03-27,RR,diesel_s10,52.9600,8
2024-03-27,RR,etanol,14.4500,3
2024-03-27,RR,gasolina,49.2700,8
2024-03-27,RS,diesel_s10,257.7700,43
2024-03-27,RS,etanol,106.9200,24
2024-03-27,RS,gasolina,293.1500,51
2024-03-27,SC,diesel_s10,138.7000,23
2024-03-27,SC,etanol,85.5800,21
2024-03-27,SC,gasolina,166.1200,28
2024-03-27,SP,diesel_s10,645.0900,108
2024-03-27,SP,etanol,517.2000,152
2024-03-27,SP,gasolina,882.0600,156
2024-03-27,TO,diesel_s10,90.3900,16
2024-03-27,TO,etanol,47.8200,12
2024-03-27,TO,gasolina,93.1400,16
2024-03-28,AC,diesel_s10,7.8500,1
2024-03-28,AC,gasolina,7.5900,1
2024-03-28,AM,diesel_s10,32.5400,5
2024-03-28,AM,etanol,17.4600,4
2024-03-28,AM,gasolina,83.3900,12
2024-03-28,AP,diesel_s10,12.6700,2
2024-03-28,AP,etanol,4.9400,1
2024-03-28,AP,gasolina,11.3700,2
2024-03-28,BA,diesel_s10,210.6200,35
2024-03-28,BA,etanol,164.5700,39
2024-03-28,BA,gasolina,237.2900,40
2024-03-28,CE,diesel_s10,195.0500,32
2024-03-28,CE,etanol,169.4800,37
2024-03-28,CE,gasolina,233.1200,39
2024-03-28,ES,diesel_s10,72.3400,12
2024-03-28,ES,etanol,50.6300,12
2024-03-28,ES,gasolina,93.4300,16
2024-03-28,GO,diesel_s10,110.9200,19
2024-03-28,GO,etanol,113.1600,32
2024-03-28,GO,gasolina,187.0600,33
2024-03-28,MA,diesel_s10,124.2900,22
2024-03-28,MA,etanol,76.1900,18
2024-03-28,MA,gasolina,136.9400,25
2024-03-28,MG,diesel_s10,473.5800,81
2024-03-28,MG,etanol,411.0600,113
2024-03-28,MG,gasolina,645.8900,115
2024-03-28,MS,diesel_s10,38.2400,6
2024-03-28,MS,etanol,24.5800,6
2024-03-28,MS,gasolina,90.3800,14
2024-03-28,MT,diesel_s10,72.7200,12
2024-03-28,MT,etanol,34.9900,11
2024-03-28,MT,gasolina,70.5200,12
2024-03-28,PA,diesel_s10,77.5100,13
2024-03-28,PA,etanol,44.8900,10
2024-03-28,PA,gasolina,84.2200,14
2024-03-28,PE,diesel_s10,161.3100,28
2024-03-28,PE,etanol,127.5000,29
2024-03-28,PE,gasolina,190.5500,32
2024-03-28,PI,diesel_s10,59.0900,10
2024-03-28,PI,etanol,48.2900,12
2024-03-28,PI,gasolina,66.2900,12
2024-03-28,PR,diesel_s10,281.3200,48
2024-03-28,PR,etanol,263.8000,67
2024-03-28,PR,gasolina,399.1600,67
2024-03-28,RJ,diesel_s10,270.1500,45
2024-03-28,RJ,etanol,248.7400,62
2024-03-28,RJ,gasolina,372.2800,65
2024-03-28,RN,diesel_s10,78.9300,13
2024-03-28,RN,etanol,115.1000,26
2024-03-28,RN,gasolina,143.4400,24
2024-03-28,RO,diesel_s10,44.6200,7
2024-03-28,RO,etanol,14.3800,3
2024-03-28,RO,gasolina,40.8100,7
2024-03-28,RS,diesel_s10,118.6700,20
2024-03-28,RS,etanol,34.7300,8
2024-03-28,RS,gasolina,166.9000,29
2024-03-28,SC,diesel_s10,89.3500,15
2024-03-28,SC,etanol,48.5200,11
2024-03-28,SC,gasolina,94.1600,16
2024-03-28,SE,diesel_s10,27.8900,5
2024-03-28,SE,etanol,25.1100,6
2024-03-28,SE,gasolina,58.6100,10
2024-03-28,SP,diesel_s10,935.9900,157
2024-03-28,SP,etanol,805.4300,232
2024-03-28,SP,gasolina,1305.9300,233
2024-03-29,AM,diesel_s10,35.0500,5
2024-03-29,AM,etanol,14.0100,3
2024-03-29,AM,gasolina,60.2900,9
2024-03-29,BA,diesel_s10,73.1000,13
2024-03-29,BA,etanol,63.1800,15
2024-03-29,BA,gasolina,81.3200,14
2024-03-29,CE,etanol,4.0900,1
2024-03-29,CE,gasolina,5.8600,1
2024-03-29,GO,diesel_s10,41.1400,7
2024-03-29,GO,etanol,33.6600,9
2024-03-29,GO,gasolina,57.9200,10
2024-03-29,MA,diesel_s10,5.5900,1
2024-03-29,MA,etanol,4.1400,1
2024-03-29,MA,gasolina,5.6400,1
2024-03-29,MG,diesel_s10,72.4700,12
2024-03-29,MG,etanol,57.6400,16
2024-03-29,MG,gasolina,89.6500,16
2024-03-29,MS,diesel_s10,23.4600,4
2024-03-29,MS,etanol,10.1200,3
2024-03-29,MS,gasolina,27.2700,5
2024-03-29,PE,diesel_s10,50.3200,9
2024-03-29,PE,etanol,34.7400,8
2024-03-29,PE,gasolina,61.0600,10
2024-03-29,PR,diesel_s10,126.5700,21
2024-03-29,PR,etanol,103.9900,27
2024-03-29,PR,gasolina,172.4600,29
2024-03-29,RJ,diesel_s10,6.0900,1
2024-03-29,RJ,etanol,4.2900,1
2024-03-29,RJ,gasolina,11.7800,2
2024-03-29,RN,diesel_s10,19.3700,3
2024-03-29,RN,etanol,10.7400,2
2024-03-29,RN,gasolina,19.1300,3
2024-03-29,RO,diesel_s10,6.0500,1
2024-03-29,RO,gasolina,6.6500,1
2024-03-29,SC,diesel_s10,64.5900,11
2024-03-29,SC,etanol,48.2400,12
2024-03-29,SC,gasolina,98.2800,17
2024-03-29,SP,diesel_s10,221.3800,35
2024-03-29,SP,etanol,144.9000,41
2024-03-29,SP,gasolina,275.6200,48
2024-04-01,AL,diesel_s10,157.2400,27
2024-04-01,AL,etanol,156.7800,38
2024-04-01,AL,gasolina,236.0300,41
2024-04-01,AM,diesel_s10,80.1800,12
2024-04-01,AM,etanol,17.1600,4
2024-04-01,AM,gasolina,84.1000,12
2024-04-01,AP,diesel_s10,12.8600,2
2024-04-01,AP,gasolina,11.3700,2
2024-04-01,BA,diesel_s10,273.7700,46
2024-04-01,BA,etanol,259.2200,60
2024-04-01,BA,gasolina,359.5800,60
2024-04-01,CE,diesel_s10,153.0900,26
2024-04-01,CE,etanol,106.8400,24
2024-04-01,CE,gasolina,183.3200,31
2024-04-01,DF,diesel_s10,116.7900,20
2024-04-01,DF,etanol,96.0500,26
2024-04-01,DF,gasolina,199.4100,35
2024-04-01,ES,diesel_s10,122.4900,20
2024-04-01,ES,etanol,93.5400,23
2024-04-01,ES,gasolina,198.6400,34
2024-04-01,GO,diesel_s10,199.9900,34
2024-04-01,GO,etanol,170.3400,44
2024-04-01,GO,gasolina,252.7200,43
2024-04-01,MA,diesel_s10,221.6200,39
2024-04-01,MA,etanol,101.1200,24
2024-04-01,MA,gasolina,222.5600,40
2024-04-01,MG,diesel_s10,517.7800,88
2024-04-01,MG,etanol,372.7400,100
2024-04-01,MG,gasolina,570.9100,100
2024-04-01,MS,diesel_s10,115.6300,19
2024-04-01,MS,etanol,82.5700,23
2024-04-01,MS,gasolina,188.8600,33
2024-04-01,MT,diesel_s10,45.1000,7
2024-04-01,MT,etanol,30.3600,9
2024-04-01,MT,gasolina,55.4300,9
2024-04-01,PA,diesel_s10,267.8200,44
2024-04-01,PA,etanol,116.9500,28
2024-04-01,PA,gasolina,349.4300,60
2024-04-01,PB,diesel_s10,140.7500,24
2024-04-01,PB,etanol,145.2500,36
2024-04-01,PB,gasolina,203.7600,36
2024-04-01,PE,diesel_s10,297.9500,53
2024-04-01,PE,etanol,234.7200,56
2024-04-01,PE,gasolina,373.1000,65
2024-04-01,PI,diesel_s10,102.6800,17
2024-04-01,PI,etanol,64.4800,16
2024-04-01,PI,gasolina,117.1400,21
2024-04-01,PR,diesel_s10,447.0900,75
2024-04-01,PR,etanol,355.3000,93
2024-04-01,PR,gasolina,560.4200,95
2024-04-01,RJ,diesel_s10,638.4800,105
2024-04-01,RJ,etanol,617.2300,151
2024-04-01,RJ,gasolina,973.3000,169
2024-04-01,RN,diesel_s10,65.6800,10
2024-04-01,RN,etanol,47.0200,10
2024-04-01,RN,gasolina,86.9600,14
2024-04-01,RO,diesel_s10,153.3100,23
2024-04-01,RO,etanol,43.8400,9
2024-04-01,RO,gasolina,163.6900,26
2024-04-01,RR,diesel_s10,53.0000,8
2024-04-01,RR,etanol,9.6600,2
2024-04-01,RR,gasolina,49.2700,8
2024-04-01,RS,diesel_s10,542.7000,91
2024-04-01,RS,etanol,202.2800,47
2024-04-01,RS,gasolina,741.1000,132
2024-04-01,SC,diesel_s10,462.0300,77
2024-04-01,SC,etanol,325.5700,77
2024-04-01,SC,gasolina,692.0500,118
2024-04-01,SE,diesel_s10,51.1000,9
2024-04-01,SE,etanol,21.8600,5
2024-04-01,SE,gasolina,59.9200,10
2024-04-01,SP,diesel_s10,2287.1100,382
2024-04-01,SP,etanol,1995.4600,573
2024-04-01,SP,gasolina,3246.9700,579
2024-04-01,TO,diesel_s10,114.3900,20
2024-04-01,TO,etanol,107.3600,26
2024-04-01,TO,gasolina,170.2500,29
2024-04-02,AC,diesel_s10,94.2600,13
2024-04-02,AC,etanol,47.6400,10
2024-04-02,AC,gasolina,109.2000,16
2024-04-02,AL,diesel_s10,51.7500,8
2024-04-02,AL,etanol,42.5500,9
2024-04-02,AL,gasolina,56.8000,9
2024-04-02,AP,gasolina,5.5200,1
2024-04-02,BA,diesel_s10,186.9900,32
2024-04-02,BA,etanol,138.6200,33
2024-04-02,BA,gasolina,208.4700,35
2024-04-02,CE,diesel_s10,320.6200,54
2024-04-02,CE,etanol,303.2300,68
2024-04-02,CE,gasolina,424.6000,73
2024-04-02,ES,diesel_s10,202.6100,34
2024-04-02,ES,etanol,92.6300,23
2024-04-02,ES,gasolina,242.9900,42
2024-04-02,GO,diesel_s10,313.6600,53
2024-04-02,GO,etanol,251.2700,65
2024-04-02,GO,gasolina,388.0800,66
2024-04-02,MA,diesel_s10,209.3500,36
2024-04-02,MA,etanol,107.3400,24
2024-04-02,MA,gasolina,263.7400,46
2024-04-02,MG,diesel_s10,643.5600,110
2024-04-02,MG,etanol,543.9400,148
2024-04-02,MG,gasolina,853.0300,151
2024-04-02,MS,diesel_s10,35.5100,6
2024-04-02,MS,etanol,24.2900,7
2024-04-02,MS,gasolina,50.3100,9
2024-04-02,MT,diesel_s10,37.6400,6
2024-04-02,MT,etanol,23.3800,7
2024-04-02,MT,gasolina,42.5000,7
2024-04-02,PA,diesel_s10,157.5000,26
2024-04-02,PA,etanol,81.4000,19
2024-04-02,PA,gasolina,206.1400,35
2024-04-02,PB,diesel_s10,37.2500,6
2024-04-02,PB,etanol,21.5500,5
2024-04-02,PB,gasolina,33.9000,6
2024-04-02,PE,diesel_s10,225.6800,40
2024-04-02,PE,etanol,187.8800,44
2024-04-02,PE,gasolina,261.7600,45
2024-04-02,PI,diesel_s10,35.9200,6
2024-04-02,PI,etanol,40.2600,10
2024-04-02,PI,gasolina,66.6200,12
2024-04-02,PR,diesel_s10,228.5900,38
2024-04-02,PR,etanol,202.8200,53
2024-04-02,PR,gasolina,301.6200,51
2024-04-02,RJ,diesel_s10,270.4300,44
2024-04-02,RJ,etanol,281.0300,69
2024-04-02,RJ,gasolina,422.0600,73
2024-04-02,RN,diesel_s10,13.6700,2
2024-04-02,RN,etanol,4.8900,1
2024-04-02,RN,gasolina,12.9800,2
2024-04-02,RO,diesel_s10,88.3400,14
2024-04-02,RO,etanol,28.7700,6
2024-04-02,RO,gasolina,123.7700,20
2024-04-02,RR,diesel_s10,13.1900,2
2024-04-02,RR,gasolina,12.3200,2
2024-04-02,RS,diesel_s10,407.8000,67
2024-04-02,RS,etanol,151.3000,32
2024-04-02,RS,gasolina,464.6200,80
2024-04-02,SC,diesel_s10,227.0600,38
2024-04-02,SC,etanol,106.0200,26
2024-04-02,SC,gasolina,253.8900,43
2024-04-02,SE,diesel_s10,51.9100,9
2024-04-02,SE,etanol,47.0900,11
2024-04-02,SE,gasolina,83.2100,14
2024-04-02,SP,diesel_s10,1225.2700,206
2024-04-02,SP,etanol,947.3400,271
2024-04-02,SP,gasolina,1519.2500,272
2024-04-02,TO,diesel_s10,23.2700,4
2024-04-02,TO,etanol,15.8600,4
2024-04-02,TO,gasolina,23.9800,4
2024-04-03,AC,diesel_s10,46.1500,6
2024-04-03,AC,etanol,5.7900,1
2024-04-03,AC,gasolina,44.0200,6
2024-04-03,AL,diesel_s10,26.0800,4
2024-04-03,AL,etanol,23.7600,5
2024-04-03,AL,gasolina,31.1300,5
2024-04-03,AM,diesel_s10,61.0100,9
2024-04-03,AM,etanol,17.7300,4
2024-04-03,AM,gasolina,84.0300,13
2024-04-03,BA,diesel_s10,356.9700,60
2024-04-03,BA,etanol,342.6900,79
2024-04-03,BA,gasolina,481.8900,81
2024-04-03,CE,diesel_s10,122.0500,20
2024-04-03,CE,etanol,79.0200,17
2024-04-03,CE,gasolina,143.7700,24
2024-04-03,DF,diesel_s10,11.9000,2
2024-04-03,DF,etanol,15.9200,4
2024-04-03,DF,gasolina,83.2900,14
2024-04-03,ES,diesel_s10,35.3400,6
2024-04-03,ES,etanol,40.3500,10
2024-04-03,ES,gasolina,69.8600,12
2024-04-03,GO,diesel_s10,269.1900,46
2024-04-03,GO,etanol,249.5200,65
2024-04-03,GO,gasolina,392.9500,67
2024-04-03,MA,diesel_s10,35.0900,6
2024-04-03,MA,etanol,9.4800,2
2024-04-03,MA,gasolina,39.6500,7
2024-04-03,MG,diesel_s10,509.3700,87
2024-04-03,MG,etanol,503.1100,136
2024-04-03,MG,gasolina,786.1700,140
2024-04-03,MS,diesel_s10,13.4500,2
2024-04-03,MS,etanol,17.3700,4
2024-04-03,MS,gasolina,60.1900,9
2024-04-03,MT,diesel_s10,60.8800,10
2024-04-03,MT,etanol,35.8300,11
2024-04-03,MT,gasolina,69.6900,12
2024-04-03,PA,diesel_s10,100.5100,16
2024-04-03,PA,etanol,36.7600,8
2024-04-03,PA,gasolina,153.8900,25
2024-04-03,PB,diesel_s10,81.7200,14
2024-04-03,PB,etanol,55.5200,14
2024-04-03,PB,gasolina,89.6100,16
2024-04-03,PE,diesel_s10,333.1000,58
2024-04-03,PE,etanol,232.2900,53
2024-04-03,PE,gasolina,360.8100,61
2024-04-03,PI,diesel_s10,58.9100,10
2024-04-03,PI,etanol,32.0600,8
2024-04-03,PI,gasolina,77.9000,14
2024-04-03,PR,diesel_s10,277.2900,47
2024-04-03,PR,etanol,268.7000,67
2024-04-03,PR,gasolina,400.0600,66
2024-04-03,RJ,diesel_s10,306.8500,50
2024-04-03,RJ,etanol,261.9100,62
2024-04-03,RJ,gasolina,405.4300,69
2024-04-03,RN,diesel_s10,57.9500,9
2024-04-03,RN,etanol,95.0800,18
2024-04-03,RN,gasolina,82.8700,13
2024-04-03,RO,diesel_s10,76.7300,12
2024-04-03,RO,etanol,28.7400,6
2024-04-03,RO,gasolina,89.7800,14
2024-04-03,RR,diesel_s10,39.1800,6
2024-04-03,RR,etanol,9.6300,2
2024-04-03,RR,gasolina,43.0900,7
2024-04-03,RS,diesel_s10,461.4200,77
2024-04-03,RS,etanol,196.1300,44
2024-04-03,RS,gasolina,529.8200,92
2024-04-03,SC,diesel_s10,67.1800,11
2024-04-03,SC,etanol,38.1000,9
2024-04-03,SC,gasolina,89.2900,15
2024-04-03,SP,diesel_s10,930.2100,156
2024-04-03,SP,etanol,790.9400,225
2024-04-03,SP,gasolina,1280.8900,230
2024-04-03,TO,diesel_s10,96.4300,17
2024-04-03,TO,etanol,47.8200,12
2024-04-03,TO,gasolina,98.9900,17
2024-04-04,AM,diesel_s10,25.7500,4
2024-04-04,AM,etanol,21.7500,5
2024-04-04,AM,gasolina,90.3800,13
2024-04-04,AP,diesel_s10,26.1800,4
2024-04-04,AP,etanol,4.9400,1
2024-04-04,AP,gasolina,23.1400,4
2024-04-04,BA,diesel_s10,390.0000,66
2024-04-04,BA,etanol,330.6900,79
2024-04-04,BA,gasolina,432.1900,74
2024-04-04,CE,diesel_s10,144.4700,23
2024-04-04,CE,etanol,120.9700,25
2024-04-04,CE,gasolina,170.1100,28
2024-04-04,ES,diesel_s10,17.8700,3
2024-04-04,ES,etanol,8.5400,2
2024-04-04,ES,gasolina,19.7600,3
2024-04-04,GO,diesel_s10,82.9800,14
2024-04-04,GO,etanol,84.4300,22
2024-04-04,GO,gasolina,122.0800,21
2024-04-04,MA,diesel_s10,98.8800,17
2024-04-04,MA,etanol,40.4200,9
2024-04-04,MA,gasolina,99.8100,17
2024-04-04,MG,diesel_s10,524.4000,89
2024-04-04,MG,etanol,423.8500,111
2024-04-04,MG,gasolina,647.5900,113
2024-04-04,MS,diesel_s10,66.3900,11
2024-04-04,MS,etanol,39.7800,11
2024-04-04,MS,gasolina,87.1400,15
2024-04-04,MT,etanol,3.0900,1
2024-04-04,MT,gasolina,11.8800,2
2024-04-04,PA,diesel_s10,91.7800,15
2024-04-04,PA,etanol,24.8100,5
2024-04-04,PA,gasolina,110.7600,18
2024-04-04,PE,diesel_s10,68.5000,12
2024-04-04,PE,etanol,52.5000,12
2024-04-04,PE,gasolina,72.5400,12
2024-04-04,PR,diesel_s10,229.5300,39
2024-04-04,PR,etanol,232.5900,60
2024-04-04,PR,gasolina,341.4500,58
2024-04-04,RJ,diesel_s10,162.0500,27
2024-04-04,RJ,etanol,143.5000,35
2024-04-04,RJ,gasolina,227.9200,39
2024-04-04,RN,diesel_s10,28.8100,5
2024-04-04,RN,etanol,63.1300,15
2024-04-04,RN,gasolina,88.2100,15
2024-04-04,RO,diesel_s10,5.9900,1
2024-04-04,RO,etanol,4.7100,1
2024-04-04,RO,gasolina,13.1800,2
2024-04-04,RS,diesel_s10,182.8100,31
2024-04-04,RS,etanol,50.4600,12
2024-04-04,RS,gasolina,161.3800,29
2024-04-04,SC,diesel_s10,142.8500,24
2024-04-04,SC,etanol,102.6900,25
2024-04-04,SC,gasolina,185.7600,32
2024-04-04,SP,diesel_s10,725.8600,121
2024-04-04,SP,etanol,574.7000,162
2024-04-04,SP,gasolina,953.0100,168
2024-04-05,BA,diesel_s10,40.2800,7
2024-04-05,BA,etanol,29.0400,7
2024-04-05,BA,gasolina,39.6600,7
2024-04-05,CE,diesel_s10,22.7600,4
2024-04-05,CE,etanol,17.1600,4
2024-04-05,CE,gasolina,22.7400,4
2024-04-05,ES,diesel_s10,17.6900,3
2024-04-05,ES,etanol,18.1900,4
2024-04-05,ES,gasolina,26.3300,4
2024-04-05,MA,diesel_s10,5.9200,1
2024-04-05,MA,etanol,4.8300,1
2024-04-05,MA,gasolina,5.7400,1
2024-04-05,MG,diesel_s10,78.1800,13
2024-04-05,MG,etanol,65.3100,18
2024-04-05,MG,gasolina,101.0900,18
2024-04-05,PR,diesel_s10,52.7100,9
2024-04-05,PR,etanol,57.5600,14
2024-04-05,PR,gasolina,90.0700,15
2024-04-05,RJ,diesel_s10,11.4800,2
2024-04-05,RJ,etanol,15.5100,4
2024-04-05,RJ,gasolina,21.6100,4
2024-04-05,SC,diesel_s10,23.6400,4
2024-04-05,SC,etanol,13.1000,3
2024-04-05,SC,gasolina,23.6000,4
2024-04-05,SP,diesel_s10,24.3400,4
2024-04-05,SP,etanol,45.6300,14
2024-04-05,SP,gasolina,71.9700,13
2024-04-08,AC,diesel_s10,14.2700,2
2024-04-08,AC,etanol,9.3800,2
2024-04-08,AC,gasolina,20.3600,3
2024-04-08,AL,diesel_s10,42.1300,7
2024-04-08,AL,etanol,51.4800,12
2024-04-08,AL,gasolina,70.3400,12
2024-04-08,AM,diesel_s10,18.8700,3
2024-04-08,AM,etanol,12.8700,3
2024-04-08,AM,gasolina,18.8700,3
2024-04-08,BA,diesel_s10,95.2100,16
2024-04-08,BA,etanol,87.8100,20
2024-04-08,BA,gasolina,118.4200,20
2024-04-08,CE,diesel_s10,134.0300,23
2024-04-08,CE,etanol,111.4000,25
2024-04-08,CE,gasolina,187.2600,32
2024-04-08,DF,diesel_s10,122.8500,21
2024-04-08,DF,etanol,90.5600,24
2024-04-08,DF,gasolina,204.5800,35
2024-04-08,ES,diesel_s10,98.2400,16
2024-04-08,ES,etanol,75.9500,19
2024-04-08,ES,gasolina,174.8400,31
2024-04-08,GO,diesel_s10,357.0400,60
2024-04-08,GO,etanol,312.0700,79
2024-04-08,GO,gasolina,486.3200,82
2024-04-08,MA,diesel_s10,236.1400,40
2024-04-08,MA,etanol,107.2500,24
2024-04-08,MA,gasolina,275.8800,48
2024-04-08,MG,diesel_s10,617.3700,105
2024-04-08,MG,etanol,473.3800,124
2024-04-08,MG,gasolina,725.7800,127
2024-04-08,MS,diesel_s10,48.5700,8
2024-04-08,MS,etanol,33.8600,9
2024-04-08,MS,gasolina,75.9000,13
2024-04-08,MT,diesel_s10,50.0000,8
2024-04-08,MT,etanol,48.6200,14
2024-04-08,MT,gasolina,91.1900,15
2024-04-08,PA,diesel_s10,242.8200,40
2024-04-08,PA,etanol,110.4900,26
2024-04-08,PA,gasolina,266.1600,46
2024-04-08,PB,diesel_s10,136.3500,23
2024-04-08,PB,etanol,130.1600,32
2024-04-08,PB,gasolina,192.9300,34
2024-04-08,PE,diesel_s10,288.3700,51
2024-04-08,PE,etanol,244.8800,58
2024-04-08,PE,gasolina,354.5900,62
2024-04-08,PI,diesel_s10,59.6800,10
2024-04-08,PI,etanol,52.3900,13
2024-04-08,PI,gasolina,78.2800,14
2024-04-08,PR,diesel_s10,237.3600,40
2024-04-08,PR,etanol,233.4500,60
2024-04-08,PR,gasolina,349.3300,59
2024-04-08,RJ,diesel_s10,687.9700,113
2024-04-08,RJ,etanol,652.6900,159
2024-04-08,RJ,gasolina,962.7800,168
2024-04-08,RN,diesel_s10,38.5300,6
2024-04-08,RN,etanol,45.5900,9
2024-04-08,RN,gasolina,31.6500,5
2024-04-08,RO,diesel_s10,143.0500,22
2024-04-08,RO,etanol,48.0100,10
2024-04-08,RO,gasolina,133.5100,21
2024-04-08,RR,diesel_s10,19.4700,3
2024-04-08,RR,etanol,4.7900,1
2024-04-08,RR,gasolina,18.4700,3
2024-04-08,RS,diesel_s10,770.7600,128
2024-04-08,RS,etanol,301.0400,67
2024-04-08,RS,gasolina,979.0400,172
2024-04-08,SC,diesel_s10,500.8800,83
2024-04-08,SC,etanol,328.5500,77
2024-04-08,SC,gasolina,756.7700,128
2024-04-08,SE,diesel_s10,17.6800,3
2024-04-08,SE,etanol,17.8500,4
2024-04-08,SE,gasolina,30.7500,5
2024-04-08,SP,diesel_s10,2134.7600,355
2024-04-08,SP,etanol,1916.9600,532
2024-04-08,SP,gasolina,3065.0000,541
2024-04-08,TO,diesel_s10,121.1600,21
2024-04-08,TO,etanol,96.3400,23
2024-04-08,TO,gasolina,172.8800,29
2024-04-09,AC,diesel_s10,49.9600,7
2024-04-09,AC,etanol,18.7500,4
2024-04-09,AC,gasolina,53.8800,8
2024-04-09,AL,diesel_s10,87.4200,14
2024-04-09,AL,etanol,64.4200,14
2024-04-09,AL,gasolina,85.3900,14
2024-04-09,AM,diesel_s10,67.6000,10
2024-04-09,AM,etanol,35.5200,8
2024-04-09,AM,gasolina,109.8100,17
2024-04-09,AP,diesel_s10,39.3100,6
2024-04-09,AP,gasolina,95.0400,17
2024-04-09,BA,diesel_s10,391.4900,65
2024-04-09,BA,etanol,297.3300,66
2024-04-09,BA,gasolina,429.9400,70
2024-04-09,CE,diesel_s10,361.3400,61
2024-04-09,CE,etanol,326.5600,73
2024-04-09,CE,gasolina,447.8600,77
2024-04-09,DF,diesel_s10,11.6400,2
2024-04-09,DF,etanol,11.4800,3
2024-04-09,DF,gasolina,70.8000,12
2024-04-09,ES,diesel_s10,166.9300,28
2024-04-09,ES,etanol,100.5300,24
2024-04-09,ES,gasolina,197.5800,33
2024-04-09,GO,diesel_s10,144.9800,25
2024-04-09,GO,etanol,148.8200,38
2024-04-09,GO,gasolina,217.1300,37
2024-04-09,MA,diesel_s10,217.1800,38
2024-04-09,MA,etanol,104.0400,24
2024-04-09,MA,gasolina,241.3600,43
2024-04-09,MG,diesel_s10,602.6700,103
2024-04-09,MG,etanol,514.1500,135
2024-04-09,MG,gasolina,809.1900,142
2024-04-09,MS,diesel_s10,150.7400,25
2024-04-09,MS,etanol,97.2700,27
2024-04-09,MS,gasolina,197.5500,35
2024-04-09,MT,diesel_s10,49.0200,8
2024-04-09,MT,etanol,34.8100,10
2024-04-09,MT,gasolina,60.0900,10
2024-04-09,PA,diesel_s10,161.2100,27
2024-04-09,PA,etanol,78.2600,18
2024-04-09,PA,gasolina,227.1400,39
2024-04-09,PB,diesel_s10,23.4200,4
2024-04-09,PB,etanol,28.8200,7
2024-04-09,PB,gasolina,45.2400,8
2024-04-09,PE,diesel_s10,196.4100,35
2024-04-09,PE,etanol,144.4300,34
2024-04-09,PE,gasolina,211.7600,37
2024-04-09,PI,diesel_s10,17.3700,3
2024-04-09,PI,etanol,16.0200,4
2024-04-09,PI,gasolina,28.1800,5
2024-04-09,PR,diesel_s10,321.7600,54
2024-04-09,PR,etanol,251.3800,66
2024-04-09,PR,gasolina,375.2100,64
2024-04-09,RJ,diesel_s10,403.3800,67
2024-04-09,RJ,etanol,428.0000,103
2024-04-09,RJ,gasolina,652.0200,112
2024-04-09,RN,diesel_s10,46.4200,7
2024-04-09,RN,etanol,29.7200,6
2024-04-09,RN,gasolina,51.2600,8
2024-04-09,RO,diesel_s10,121.4700,19
2024-04-09,RO,etanol,43.2200,9
2024-04-09,RO,gasolina,168.6200,26
2024-04-09,RR,diesel_s10,26.6700,4
2024-04-09,RR,gasolina,24.6000,4
2024-04-09,RS,diesel_s10,354.0700,59
2024-04-09,RS,etanol,100.6500,23
2024-04-09,RS,gasolina,432.2200,76
2024-04-09,SC,diesel_s10,193.0700,33
2024-04-09,SC,etanol,103.1900,25
2024-04-09,SC,gasolina,243.3600,42
2024-04-09,SE,diesel_s10,22.7200,4
2024-04-09,SE,etanol,8.8900,2
2024-04-09,SE,gasolina,23.8700,4
2024-04-09,SP,diesel_s10,1258.4600,210
2024-04-09,SP,etanol,1037.7100,290
2024-04-09,SP,gasolina,1661.8100,295
2024-04-09,TO,diesel_s10,28.8500,5
2024-04-09,TO,etanol,21.2600,5
2024-04-09,TO,gasolina,30.8900,5
2024-04-10,AC,diesel_s10,21.4700,3
2024-04-10,AC,etanol,9.1800,2
2024-04-10,AC,gasolina,20.2700,3
2024-04-10,AL,diesel_s10,95.7400,16
2024-04-10,AL,etanol,93.8000,22
2024-04-10,AL,gasolina,140.0400,24
2024-04-10,AM,diesel_s10,157.9400,25
2024-04-10,AM,etanol,142.5500,33
2024-04-10,AM,gasolina,224.9200,36
2024-04-10,BA,diesel_s10,398.1200,66
2024-04-10,BA,etanol,373.4600,85
2024-04-10,BA,gasolina,517.5700,85
2024-04-10,CE,diesel_s10,163.2900,27
2024-04-10,CE,etanol,112.4600,24
2024-04-10,CE,gasolina,179.4300,30
2024-04-10,ES,diesel_s10,100.5400,17
2024-04-10,ES,etanol,56.1300,14
2024-04-10,ES,gasolina,133.6600,23
2024-04-10,GO,diesel_s10,199.8500,34
2024-04-10,GO,etanol,170.7300,44
2024-04-10,GO,gasolina,256.7600,44
2024-04-10,MA,diesel_s10,16.6800,3
2024-04-10,MA,gasolina,16.3300,3
2024-04-10,MG,diesel_s10,539.5500,92
2024-04-10,MG,etanol,474.1100,124
2024-04-10,MG,gasolina,754.7100,133
2024-04-10,MS,diesel_s10,25.4500,4
2024-04-10,MS,etanol,15.5400,4
2024-04-10,MS,gasolina,56.6300,9
2024-04-10,MT,diesel_s10,86.4900,14
2024-04-10,MT,etanol,68.2800,20
2024-04-10,MT,gasolina,124.6200,21
2024-04-10,PA,diesel_s10,187.4300,29
2024-04-10,PA,etanol,58.8700,13
2024-04-10,PA,gasolina,260.8300,42
2024-04-10,PB,diesel_s10,23.3500,4
2024-04-10,PB,etanol,25.3400,6
2024-04-10,PB,gasolina,45.7100,8
2024-04-10,PE,diesel_s10,282.3200,49
2024-04-10,PE,etanol,219.8300,50
2024-04-10,PE,gasolina,333.9100,56
2024-04-10,PI,diesel_s10,130.0700,22
2024-04-10,PI,etanol,90.0600,22
2024-04-10,PI,gasolina,169.5900,30
2024-04-10,PR,diesel_s10,417.5600,71
2024-04-10,PR,etanol,395.0000,97
2024-04-10,PR,gasolina,578.3700,95
2024-04-10,RJ,diesel_s10,254.5100,41
2024-04-10,RJ,etanol,208.7500,49
2024-04-10,RJ,gasolina,309.3800,52
2024-04-10,RN,diesel_s10,80.5400,13
2024-04-10,RN,etanol,85.7700,17
2024-04-10,RN,gasolina,104.2400,17
2024-04-10,RO,diesel_s10,47.8100,7
2024-04-10,RO,etanol,14.5700,3
2024-04-10,RO,gasolina,50.2700,8
2024-04-10,RR,diesel_s10,65.8200,10
2024-04-10,RR,etanol,14.5000,3
2024-04-10,RR,gasolina,61.6100,10
2024-04-10,RS,diesel_s10,367.0300,61
2024-04-10,RS,etanol,130.1200,29
2024-04-10,RS,gasolina,396.6400,70
2024-04-10,SC,diesel_s10,67.4400,11
2024-04-10,SC,etanol,48.0800,11
2024-04-10,SC,gasolina,94.3300,16
2024-04-10,SE,etanol,8.8900,2
2024-04-10,SE,gasolina,12.2000,2
2024-04-10,SP,diesel_s10,929.4000,158
2024-04-10,SP,etanol,769.9400,216
2024-04-10,SP,gasolina,1202.9400,217
2024-04-10,TO,diesel_s10,57.0500,10
2024-04-10,TO,etanol,33.6800,8
2024-04-10,TO,gasolina,59.5000,10
2024-04-11,AC,diesel_s10,61.6300,8
2024-04-11,AC,etanol,11.3300,2
2024-04-11,AC,gasolina,58.5800,8
2024-04-11,AL,diesel_s10,30.4000,5
2024-04-11,AL,etanol,17.8200,4
2024-04-11,AL,gasolina,30.3400,5
2024-04-11,AM,diesel_s10,55.0200,8
2024-04-11,AM,gasolina,112.6800,15
2024-04-11,AP,diesel_s10,38.6900,6
2024-04-11,AP,etanol,4.9400,1
2024-04-11,AP,gasolina,34.5000,6
2024-04-11,BA,diesel_s10,404.9900,69
2024-04-11,BA,etanol,390.3700,90
2024-04-11,BA,gasolina,539.6300,91
2024-04-11,CE,diesel_s10,102.9500,16
2024-04-11,CE,etanol,73.8900,15
2024-04-11,CE,gasolina,99.2200,16
2024-04-11,ES,diesel_s10,48.5000,8
2024-04-11,ES,etanol,35.1600,8
2024-04-11,ES,gasolina,72.7500,12
2024-04-11,GO,diesel_s10,145.7300,25
2024-04-11,GO,etanol,125.7100,33
2024-04-11,GO,gasolina,189.3800,33
2024-04-11,MA,diesel_s10,64.2600,11
2024-04-11,MA,etanol,17.4600,4
2024-04-11,MA,gasolina,65.4700,11
2024-04-11,MG,diesel_s10,470.6200,80
2024-04-11,MG,etanol,385.6100,100
2024-04-11,MG,gasolina,587.6000,103
2024-04-11,MS,diesel_s10,21.3500,3
2024-04-11,MS,etanol,13.9300,3
2024-04-11,MS,gasolina,26.5500,4
2024-04-11,MT,diesel_s10,48.6600,8
2024-04-11,MT,etanol,35.0100,10
2024-04-11,MT,gasolina,59.2500,10
2024-04-11,PA,diesel_s10,80.2400,13
2024-04-11,PA,etanol,15.1300,3
2024-04-11,PA,gasolina,93.8800,15
2024-04-11,PB,diesel_s10,53.2100,9
2024-04-11,PB,etanol,32.4400,8
2024-04-11,PB,gasolina,44.4200,8
2024-04-11,PE,diesel_s10,165.3500,29
2024-04-11,PE,etanol,101.1900,23
2024-04-11,PE,gasolina,188.7400,31
2024-04-11,PI,diesel_s10,49.6300,8
2024-04-11,PI,etanol,21.5600,5
2024-04-11,PI,gasolina,45.3800,8
2024-04-11,PR,diesel_s10,256.8000,43
2024-04-11,PR,etanol,260.4000,67
2024-04-11,PR,gasolina,411.2200,70
2024-04-11,RJ,diesel_s10,25.5800,4
2024-04-11,RJ,etanol,12.7900,3
2024-04-11,RJ,gasolina,24.5700,4
2024-04-11,RN,diesel_s10,40.2900,7
2024-04-11,RN,etanol,59.5600,14
2024-04-11,RN,gasolina,81.9200,14
2024-04-11,RO,diesel_s10,6.4500,1
2024-04-11,RO,etanol,4.7100,1
2024-04-11,RO,gasolina,19.9400,3
2024-04-11,RS,diesel_s10,76.5200,13
2024-04-11,RS,etanol,16.6200,4
2024-04-11,RS,gasolina,101.3300,18
2024-04-11,SC,diesel_s10,82.1100,14
2024-04-11,SC,etanol,53.5600,13
2024-04-11,SC,gasolina,98.3900,17
2024-04-11,SE,diesel_s10,28.0500,5
2024-04-11,SE,etanol,17.3800,4
2024-04-11,SE,gasolina,46.5200,8
2024-04-11,SP,diesel_s10,741.6800,124
2024-04-11,SP,etanol,597.5100,167
2024-04-11,SP,gasolina,951.3500,169
2024-04-11,TO,diesel_s10,28.3300,5
2024-04-11,TO,etanol,15.5400,4
2024-04-11,TO,gasolina,29.5900,5
2024-04-12,CE,diesel_s10,5.3500,1
2024-04-12,CE,etanol,8.5800,2
2024-04-12,CE,gasolina,11.0500,2
2024-04-12,DF,diesel_s10,16.8700,3
2024-04-12,DF,etanol,11.6800,3
2024-04-12,DF,gasolina,17.2800,3
2024-04-12,MA,diesel_s10,5.8400,1
2024-04-12,MA,gasolina,5.5900,1
2024-04-12,MG,etanol,7.7800,2
2024-04-12,MG,gasolina,11.2800,2
2024-04-12,PA,diesel_s10,12.1200,2
2024-04-12,PA,etanol,8.0000,2
2024-04-12,PA,gasolina,23.3800,4
2024-04-12,PB,diesel_s10,23.1800,4
2024-04-12,PB,etanol,11.9200,3
2024-04-12,PB,gasolina,16.6700,3
2024-04-12,PR,diesel_s10,64.6200,11
2024-04-12,PR,etanol,62.7600,15
2024-04-12,PR,gasolina,92.0200,15
2024-04-12,SC,diesel_s10,64.9800,11
2024-04-12,SC,etanol,30.2100,7
2024-04-12,SC,gasolina,70.1900,12
2024-04-12,SP,diesel_s10,65.6700,11
2024-04-12,SP,etanol,56.8100,16
2024-04-12,SP,gasolina,88.5000,16
2024-04-15,AC,diesel_s10,51.3400,7
2024-04-15,AC,etanol,24.0000,5
2024-04-15,AC,gasolina,55.1300,8
2024-04-15,AL,diesel_s10,143.5700,24
2024-04-15,AL,etanol,159.6500,37
2024-04-15,AL,gasolina,217.2500,37
2024-04-15,AM,diesel_s10,165.2300,26
2024-04-15,AM,etanol,124.9800,29
2024-04-15,AM,gasolina,255.6700,40
2024-04-15,BA,diesel_s10,192.3500,32
2024-04-15,BA,etanol,158.7200,36
2024-04-15,BA,gasolina,237.7800,39
2024-04-15,CE,diesel_s10,109.6400,18
2024-04-15,CE,etanol,86.9600,19
2024-04-15,CE,gasolina,161.4300,27
2024-04-15,DF,diesel_s10,128.7300,22
2024-04-15,DF,etanol,89.0600,22
2024-04-15,DF,gasolina,210.3800,36
2024-04-15,ES,diesel_s10,176.0300,29
2024-04-15,ES,etanol,122.4800,29
2024-04-15,ES,gasolina,249.8400,43
2024-04-15,GO,diesel_s10,262.3900,45
2024-04-15,GO,etanol,222.1700,57
2024-04-15,GO,gasolina,346.7100,59
2024-04-15,MA,diesel_s10,221.2700,37
2024-04-15,MA,etanol,91.9100,20
2024-04-15,MA,gasolina,251.0400,43
2024-04-15,MG,diesel_s10,631.7200,108
2024-04-15,MG,etanol,533.4200,137
2024-04-15,MG,gasolina,797.7800,139
2024-04-15,MS,diesel_s10,64.9500,10
2024-04-15,MS,etanol,56.8100,14
2024-04-15,MS,gasolina,143.3600,23
2024-04-15,MT,diesel_s10,74.5400,12
2024-04-15,MT,etanol,57.3400,16
2024-04-15,MT,gasolina,95.4300,16
2024-04-15,PA,diesel_s10,199.5000,34
2024-04-15,PA,etanol,94.8800,23
2024-04-15,PA,gasolina,263.8000,46
2024-04-15,PB,diesel_s10,110.8500,19
2024-04-15,PB,etanol,109.3000,27
2024-04-15,PB,gasolina,164.3900,29
2024-04-15,PE,diesel_s10,357.5900,63
2024-04-15,PE,etanol,247.7300,58
2024-04-15,PE,gasolina,420.1300,72
2024-04-15,PI,diesel_s10,89.4200,15
2024-04-15,PI,etanol,53.0300,13
2024-04-15,PI,gasolina,107.7000,19
2024-04-15,PR,diesel_s10,335.2300,56
2024-04-15,PR,etanol,280.2300,72
2024-04-15,PR,gasolina,433.7900,73
2024-04-15,RJ,diesel_s10,716.0700,118
2024-04-15,RJ,etanol,656.7200,158
2024-04-15,RJ,gasolina,951.6800,166
2024-04-15,RN,diesel_s10,45.2900,7
2024-04-15,RN,etanol,46.4400,10
2024-04-15,RN,gasolina,80.6100,13
2024-04-15,RO,diesel_s10,103.3100,16
2024-04-15,RO,etanol,29.8500,6
2024-04-15,RO,gasolina,88.3600,14
2024-04-15,RR,diesel_s10,52.3400,8
2024-04-15,RR,etanol,4.8400,1
2024-04-15,RR,gasolina,49.2900,8
2024-04-15,RS,diesel_s10,515.8400,85
2024-04-15,RS,etanol,231.3500,51
2024-04-15,RS,gasolina,666.3400,117
2024-04-15,SC,diesel_s10,421.0400,70
2024-04-15,SC,etanol,199.2900,46
2024-04-15,SC,gasolina,570.6700,97
2024-04-15,SP,diesel_s10,2198.7400,367
2024-04-15,SP,etanol,1984.8800,540
2024-04-15,SP,gasolina,3086.9000,548
2024-04-15,TO,diesel_s10,115.0600,20
2024-04-15,TO,etanol,84.5800,20
2024-04-15,TO,gasolina,155.9200,26
2024-04-16,AC,diesel_s10,65.9900,9
2024-04-16,AC,etanol,29.4400,6
2024-04-16,AC,gasolina,75.9500,11
2024-04-16,AL,diesel_s10,60.6600,10
2024-04-16,AL,etanol,66.3400,15
2024-04-16,AL,gasolina,94.5600,16
2024-04-16,AM,diesel_s10,12.5800,2
2024-04-16,AM,etanol,8.7800,2
2024-04-16,AM,gasolina,12.5800,2
2024-04-16,BA,diesel_s10,371.8100,62
2024-04-16,BA,etanol,316.9000,71
2024-04-16,BA,gasolina,433.7200,71
2024-04-16,CE,diesel_s10,356.4200,60
2024-04-16,CE,etanol,344.5700,75
2024-04-16,CE,gasolina,454.9600,78
2024-04-16,DF,diesel_s10,11.6400,2
2024-04-16,DF,etanol,16.4400,4
2024-04-16,DF,gasolina,82.7800,14
2024-04-16,ES,diesel_s10,107.3800,18
2024-04-16,ES,etanol,74.0100,18
2024-04-16,ES,gasolina,153.2800,26
2024-04-16,GO,diesel_s10,352.8400,60
2024-04-16,GO,etanol,303.7800,78
2024-04-16,GO,gasolina,452.6000,77
2024-04-16,MA,diesel_s10,199.5100,35
2024-04-16,MA,etanol,93.4200,21
2024-04-16,MA,gasolina,214.4200,38
2024-04-16,MG,diesel_s10,744.2700,127
2024-04-16,MG,etanol,697.2500,180
2024-04-16,MG,gasolina,1049.2200,184
2024-04-16,MS,diesel_s10,25.4100,4
2024-04-16,MS,etanol,15.5900,4
2024-04-16,MS,gasolina,23.8600,4
2024-04-16,MT,diesel_s10,105.5200,17
2024-04-16,MT,etanol,120.4200,33
2024-04-16,MT,gasolina,205.2100,34
2024-04-16,PA,diesel_s10,163.3600,27
2024-04-16,PA,etanol,77.2900,18
2024-04-16,PA,gasolina,215.3300,37
2024-04-16,PB,diesel_s10,74.0300,12
2024-04-16,PB,etanol,48.0300,11
2024-04-16,PB,gasolina,86.0200,15
2024-04-16,PE,diesel_s10,238.1600,42
2024-04-16,PE,etanol,177.7600,42
2024-04-16,PE,gasolina,254.9300,45
2024-04-16,PI,diesel_s10,30.8800,5
2024-04-16,PI,etanol,36.2800,9
2024-04-16,PI,gasolina,51.1900,9
2024-04-16,PR,diesel_s10,278.8400,47
2024-04-16,PR,etanol,229.3200,57
2024-04-16,PR,gasolina,358.8300,59
2024-04-16,RJ,diesel_s10,504.9900,82
2024-04-16,RJ,etanol,499.3700,117
2024-04-16,RJ,gasolina,767.0100,130
2024-04-16,RN,diesel_s10,32.0500,5
2024-04-16,RN,etanol,35.0000,7
2024-04-16,RN,gasolina,36.0000,6
2024-04-16,RO,diesel_s10,126.4900,20
2024-04-16,RO,etanol,46.6400,10
2024-04-16,RO,gasolina,166.4700,26
2024-04-16,RR,diesel_s10,46.1400,7
2024-04-16,RR,etanol,9.5800,2
2024-04-16,RR,gasolina,55.3500,9
2024-04-16,RS,diesel_s10,242.2300,40
2024-04-16,RS,etanol,58.4400,13
2024-04-16,RS,gasolina,329.5300,57
2024-04-16,SC,diesel_s10,137.9600,23
2024-04-16,SC,etanol,92.9200,22
2024-04-16,SC,gasolina,213.1500,36
2024-04-16,SE,diesel_s10,34.2800,6
2024-04-16,SE,etanol,32.0400,7
2024-04-16,SE,gasolina,54.3100,9
2024-04-16,SP,diesel_s10,1494.8000,250
2024-04-16,SP,etanol,1255.6300,342
2024-04-16,SP,gasolina,1937.8800,345
2024-04-16,TO,diesel_s10,34.8000,6
2024-04-16,TO,etanol,34.2200,8
2024-04-16,TO,gasolina,48.9500,8
2024-04-17,AC,diesel_s10,23.0500,3
2024-04-17,AC,gasolina,21.9600,3
2024-04-17,AL,diesel_s10,26.0800,4
2024-04-17,AL,etanol,23.5600,5
2024-04-17,AL,gasolina,31.2300,5
2024-04-17,BA,diesel_s10,297.8900,49
2024-04-17,BA,etanol,298.7900,67
2024-04-17,BA,gasolina,413.6300,68
2024-04-17,CE,diesel_s10,239.1200,40
2024-04-17,CE,etanol,151.2600,33
2024-04-17,CE,gasolina,248.8800,42
2024-04-17,ES,diesel_s10,89.9400,15
2024-04-17,ES,etanol,52.7400,12
2024-04-17,ES,gasolina,109.6800,18
2024-04-17,GO,diesel_s10,118.0800,20
2024-04-17,GO,etanol,111.9600,29
2024-04-17,GO,gasolina,162.3200,28
2024-04-17,MA,diesel_s10,68.7000,12
2024-04-17,MA,etanol,25.7400,6
2024-04-17,MA,gasolina,71.7600,13
2024-04-17,MG,diesel_s10,558.8400,94
2024-04-17,MG,etanol,436.1000,111
2024-04-17,MG,gasolina,676.8300,118
2024-04-17,MS,diesel_s10,113.7300,19
2024-04-17,MS,etanol,80.9000,22
2024-04-17,MS,gasolina,185.9800,33
2024-04-17,MT,diesel_s10,55.2000,9
2024-04-17,MT,etanol,42.9700,12
2024-04-17,MT,gasolina,70.6900,12
2024-04-17,PA,diesel_s10,214.3800,33
2024-04-17,PA,etanol,84.7600,18
2024-04-17,PA,gasolina,264.9400,42
2024-04-17,PB,diesel_s10,11.3300,2
2024-04-17,PB,etanol,20.1000,5
2024-04-17,PB,gasolina,28.3500,5
2024-04-17,PE,diesel_s10,291.4000,50
2024-04-17,PE,etanol,226.3600,51
2024-04-17,PE,gasolina,346.2800,57
2024-04-17,PI,diesel_s10,150.4000,25
2024-04-17,PI,etanol,91.5500,22
2024-04-17,PI,gasolina,160.4400,28
2024-04-17,PR,diesel_s10,176.9900,29
2024-04-17,PR,etanol,167.5000,42
2024-04-17,PR,gasolina,251.1800,42
2024-04-17,RJ,diesel_s10,152.5100,25
2024-04-17,RJ,etanol,126.6000,30
2024-04-17,RJ,gasolina,181.2500,31
2024-04-17,RN,diesel_s10,67.1100,11
2024-04-17,RN,etanol,77.8800,16
2024-04-17,RN,gasolina,82.6600,14
2024-04-17,RO,diesel_s10,80.5200,12
2024-04-17,RO,etanol,19.6200,4
2024-04-17,RO,gasolina,103.4700,16
2024-04-17,RS,diesel_s10,554.2700,92
2024-04-17,RS,etanol,182.1600,41
2024-04-17,RS,gasolina,641.1800,109
2024-04-17,SC,diesel_s10,96.2700,16
2024-04-17,SC,etanol,47.2900,11
2024-04-17,SC,gasolina,106.2300,18
2024-04-17,SE,diesel_s10,5.9900,1
2024-04-17,SE,etanol,18.0700,4
2024-04-17,SE,gasolina,24.5100,4
2024-04-17,SP,diesel_s10,876.7300,146
2024-04-17,SP,etanol,777.3500,211
2024-04-17,SP,gasolina,1214.0300,216
2024-04-17,TO,diesel_s10,86.0900,15
2024-04-17,TO,etanol,45.8100,11
2024-04-17,TO,gasolina,89.6400,15
2024-04-18,AM,diesel_s10,122.6200,18
2024-04-18,AM,etanol,31.2800,7
2024-04-18,AM,gasolina,157.1700,23
2024-04-18,AP,diesel_s10,38.8700,6
2024-04-18,AP,etanol,4.9900,1
2024-04-18,AP,gasolina,34.7600,6
2024-04-18,BA,diesel_s10,487.7300,80
2024-04-18,BA,etanol,473.4500,103
2024-04-18,BA,gasolina,618.3600,100
2024-04-18,CE,diesel_s10,12.0400,2
2024-04-18,CE,etanol,13.4200,3
2024-04-18,CE,gasolina,18.0600,3
2024-04-18,ES,diesel_s10,53.0700,9
2024-04-18,ES,etanol,31.9700,8
2024-04-18,ES,gasolina,67.0800,12
2024-04-18,GO,diesel_s10,129.0700,22
2024-04-18,GO,etanol,119.6300,31
2024-04-18,GO,gasolina,178.9700,31
2024-04-18,MA,diesel_s10,110.4600,19
2024-04-18,MA,etanol,54.6800,12
2024-04-18,MA,gasolina,117.0400,20
2024-04-18,MG,diesel_s10,438.3000,75
2024-04-18,MG,etanol,377.4900,97
2024-04-18,MG,gasolina,572.1800,100
2024-04-18,MS,diesel_s10,23.8700,4
2024-04-18,MS,etanol,15.1100,4
2024-04-18,MS,gasolina,29.2500,5
2024-04-18,MT,diesel_s10,109.0400,18
2024-04-18,MT,etanol,77.4300,21
2024-04-18,MT,gasolina,125.3100,21
2024-04-18,PA,diesel_s10,58.3300,9
2024-04-18,PA,etanol,5.9000,1
2024-04-18,PA,gasolina,69.8000,11
2024-04-18,PB,diesel_s10,80.5500,14
2024-04-18,PB,etanol,64.1300,16
2024-04-18,PB,gasolina,82.9800,15
2024-04-18,PE,diesel_s10,73.5800,13
2024-04-18,PE,etanol,60.5900,14
2024-04-18,PE,gasolina,82.8900,14
2024-04-18,PR,diesel_s10,328.3900,56
2024-04-18,PR,etanol,317.6400,83
2024-04-18,PR,gasolina,450.7300,78
2024-04-18,RJ,diesel_s10,107.9900,18
2024-04-18,RJ,etanol,104.9900,26
2024-04-18,RJ,gasolina,153.7900,27
2024-04-18,RN,diesel_s10,28.9100,5
2024-04-18,RN,etanol,56.6200,13
2024-04-18,RN,gasolina,69.8000,12
2024-04-18,RO,diesel_s10,12.1800,2
2024-04-18,RO,etanol,9.5000,2
2024-04-18,RO,gasolina,13.2400,2
2024-04-18,RS,diesel_s10,279.9200,47
2024-04-18,RS,etanol,103.4600,22
2024-04-18,RS,gasolina,311.8400,53
2024-04-18,SC,diesel_s10,90.6800,15
2024-04-18,SC,etanol,42.6900,10
2024-04-18,SC,gasolina,95.8500,16
2024-04-18,SE,diesel_s10,57.8100,10
2024-04-18,SE,etanol,62.4800,14
2024-04-18,SE,gasolina,108.0100,18
2024-04-18,SP,diesel_s10,621.6000,104
2024-04-18,SP,etanol,518.6900,140
2024-04-18,SP,gasolina,810.4200,142
2024-04-19,AP,diesel_s10,38.4200,6
2024-04-19,AP,gasolina,95.1800,17
2024-04-19,CE,etanol,4.2900,1
2024-04-19,CE,gasolina,5.4800,1
2024-04-19,GO,diesel_s10,17.6200,3
2024-04-19,GO,etanol,11.1700,3
2024-04-19,GO,gasolina,16.5600,3
2024-04-19,MA,diesel_s10,11.2800,2
2024-04-19,MA,etanol,4.2900,1
2024-04-19,MA,gasolina,11.0300,2
2024-04-19,MG,etanol,3.6900,1
2024-04-19,MG,gasolina,5.6900,1
2024-04-19,MS,diesel_s10,17.7800,3
2024-04-19,MS,etanol,6.8800,2
2024-04-19,MS,gasolina,16.4800,3
2024-04-19,PA,diesel_s10,12.1200,2
2024-04-19,PA,etanol,3.8500,1
2024-04-19,PA,gasolina,11.7300,2
2024-04-19,PR,diesel_s10,89.3500,15
2024-04-19,PR,etanol,82.6200,20
2024-04-19,PR,gasolina,121.8600,20
2024-04-19,SC,diesel_s10,40.6900,7
2024-04-19,SC,etanol,12.8200,3
2024-04-19,SC,gasolina,41.2200,7
2024-04-22,AC,diesel_s10,44.0600,6
2024-04-22,AC,etanol,24.0000,5
2024-04-22,AC,gasolina,55.2200,8
2024-04-22,AL,diesel_s10,97.9800,17
2024-04-22,AL,etanol,118.9100,28
2024-04-22,AL,gasolina,169.1800,29
2024-04-22,AM,diesel_s10,151.1500,24
2024-04-22,AM,etanol,116.4000,27
2024-04-22,AM,gasolina,227.6000,36
2024-04-22,AP,diesel_s10,32.2600,5
2024-04-22,AP,etanol,4.9900,1
2024-04-22,AP,gasolina,28.7100,5
2024-04-22,BA,diesel_s10,306.0700,50
2024-04-22,BA,etanol,276.8000,60
2024-04-22,BA,gasolina,414.3800,65
2024-04-22,CE,diesel_s10,111.2500,19
2024-04-22,CE,etanol,81.3700,18
2024-04-22,CE,gasolina,102.7800,18
2024-04-22,DF,diesel_s10,109.6600,19
2024-04-22,DF,etanol,92.6500,23
2024-04-22,DF,gasolina,187.4500,32
2024-04-22,ES,diesel_s10,195.0000,32
2024-04-22,ES,etanol,149.1500,35
2024-04-22,ES,gasolina,291.8600,50
2024-04-22,GO,diesel_s10,380.5300,65
2024-04-22,GO,etanol,310.7900,80
2024-04-22,GO,gasolina,468.0700,80
2024-04-22,MA,diesel_s10,172.6300,29
2024-04-22,MA,etanol,78.4200,17
2024-04-22,MA,gasolina,200.1400,34
2024-04-22,MG,diesel_s10,481.3000,82
2024-04-22,MG,etanol,454.1900,115
2024-04-22,MG,gasolina,675.9400,117
2024-04-22,MS,diesel_s10,138.4000,22
2024-04-22,MS,etanol,98.7700,25
2024-04-22,MS,gasolina,205.9500,34
2024-04-22,MT,diesel_s10,72.2700,12
2024-04-22,MT,etanol,73.9900,20
2024-04-22,MT,gasolina,138.5400,23
2024-04-22,PA,diesel_s10,243.0500,39
2024-04-22,PA,etanol,115.1100,26
2024-04-22,PA,gasolina,322.0500,54
2024-04-22,PB,diesel_s10,158.8400,27
2024-04-22,PB,etanol,146.6100,35
2024-04-22,PB,gasolina,236.1900,41
2024-04-22,PE,diesel_s10,341.1800,59
2024-04-22,PE,etanol,276.1200,62
2024-04-22,PE,gasolina,420.5500,71
2024-04-22,PI,diesel_s10,77.3000,13
2024-04-22,PI,etanol,57.8300,14
2024-04-22,PI,gasolina,85.8200,15
2024-04-22,PR,diesel_s10,345.1300,58
2024-04-22,PR,etanol,296.5800,75
2024-04-22,PR,gasolina,470.3200,78
2024-04-22,RJ,diesel_s10,851.8500,141
2024-04-22,RJ,etanol,822.2400,196
2024-04-22,RJ,gasolina,1181.0300,205
2024-04-22,RN,diesel_s10,70.0000,11
2024-04-22,RN,etanol,52.1300,11
2024-04-22,RN,gasolina,85.4900,14
2024-04-22,RO,diesel_s10,179.9800,28
2024-04-22,RO,etanol,48.3900,10
2024-04-22,RO,gasolina,169.8400,27
2024-04-22,RR,diesel_s10,19.5100,3
2024-04-22,RR,gasolina,18.4700,3
2024-04-22,RS,diesel_s10,509.9100,85
2024-04-22,RS,etanol,190.1300,42
2024-04-22,RS,gasolina,578.7100,99
2024-04-22,SC,diesel_s10,461.7600,77
2024-04-22,SC,etanol,296.7200,69
2024-04-22,SC,gasolina,656.8900,111
2024-04-22,SE,diesel_s10,53.8000,9
2024-04-22,SE,etanol,45.5900,10
2024-04-22,SE,gasolina,85.5000,14
2024-04-22,SP,diesel_s10,2163.4500,359
2024-04-22,SP,etanol,1989.3100,533
2024-04-22,SP,gasolina,3038.9100,536
2024-04-22,TO,diesel_s10,92.7400,16
2024-04-22,TO,etanol,73.8200,17
2024-04-22,TO,gasolina,117.8200,19
2024-04-23,AC,diesel_s10,67.7100,9
2024-04-23,AC,etanol,20.9600,4
2024-04-23,AC,gasolina,64.1200,9
2024-04-23,AL,diesel_s10,90.6100,14
2024-04-23,AL,etanol,80.0700,17
2024-04-23,AL,gasolina,100.3800,16
2024-04-23,AM,diesel_s10,6.2900,1
2024-04-23,AM,etanol,4.2900,1
2024-04-23,AM,gasolina,6.2900,1
2024-04-23,AP,diesel_s10,39.5600,6
2024-04-23,AP,gasolina,101.0000,18
2024-04-23,BA,diesel_s10,212.9000,35
2024-04-23,BA,etanol,192.9600,42
2024-04-23,BA,gasolina,247.2500,39
2024-04-23,CE,diesel_s10,394.7200,66
2024-04-23,CE,etanol,371.9300,81
2024-04-23,CE,gasolina,519.7500,89
2024-04-23,DF,diesel_s10,17.5200,3
2024-04-23,DF,etanol,16.3000,4
2024-04-23,DF,gasolina,100.4300,17
2024-04-23,ES,diesel_s10,119.1900,20
2024-04-23,ES,etanol,75.9500,18
2024-04-23,ES,gasolina,184.4000,30
2024-04-23,GO,diesel_s10,139.7400,24
2024-04-23,GO,etanol,154.3600,40
2024-04-23,GO,gasolina,244.7800,42
2024-04-23,MA,diesel_s10,226.3100,39
2024-04-23,MA,etanol,91.6900,20
2024-04-23,MA,gasolina,236.7700,41
2024-04-23,MG,diesel_s10,812.5100,138
2024-04-23,MG,etanol,685.9400,175
2024-04-23,MG,gasolina,1045.0400,182
2024-04-23,MS,diesel_s10,54.1400,9
2024-04-23,MS,etanol,44.0300,12
2024-04-23,MS,gasolina,90.1600,16
2024-04-23,MT,diesel_s10,106.8500,17
2024-04-23,MT,etanol,82.4300,22
2024-04-23,MT,gasolina,132.6900,22
2024-04-23,PA,diesel_s10,199.6800,32
2024-04-23,PA,etanol,91.2600,21
2024-04-23,PA,gasolina,270.0300,45
2024-04-23,PB,diesel_s10,24.4800,4
2024-04-23,PB,etanol,13.1700,3
2024-04-23,PB,gasolina,29.0900,5
2024-04-23,PE,diesel_s10,241.8500,42
2024-04-23,PE,etanol,190.8100,43
2024-04-23,PE,gasolina,283.5400,48
2024-04-23,PI,diesel_s10,35.5800,6
2024-04-23,PI,etanol,41.0900,10
2024-04-23,PI,gasolina,63.0100,11
2024-04-23,PR,diesel_s10,232.1000,39
2024-04-23,PR,etanol,210.3000,53
2024-04-23,PR,gasolina,303.9800,51
2024-04-23,RJ,diesel_s10,244.4000,39
2024-04-23,RJ,etanol,214.9700,49
2024-04-23,RJ,gasolina,313.7100,52
2024-04-23,RN,diesel_s10,23.3500,4
2024-04-23,RN,etanol,28.8000,6
2024-04-23,RN,gasolina,35.3900,6
2024-04-23,RO,diesel_s10,130.4300,20
2024-04-23,RO,etanol,39.2200,8
2024-04-23,RO,gasolina,173.3600,27
2024-04-23,RR,diesel_s10,59.1600,9
2024-04-23,RR,gasolina,61.5000,10
2024-04-23,RS,diesel_s10,471.7500,78
2024-04-23,RS,etanol,186.8200,41
2024-04-23,RS,gasolina,532.4300,91
2024-04-23,SC,diesel_s10,131.8800,22
2024-04-23,SC,etanol,62.2000,14
2024-04-23,SC,gasolina,150.5200,25
2024-04-23,SE,diesel_s10,12.0800,2
2024-04-23,SE,etanol,13.8700,3
2024-04-23,SE,gasolina,18.5000,3
2024-04-23,SP,diesel_s10,1438.3000,241
2024-04-23,SP,etanol,1179.7800,318
2024-04-23,SP,gasolina,1820.3700,323
2024-04-23,TO,diesel_s10,23.3200,4
2024-04-23,TO,etanol,16.8700,4
2024-04-23,TO,gasolina,24.7000,4
2024-04-24,AC,diesel_s10,35.8100,5
2024-04-24,AC,etanol,19.0600,4
2024-04-24,AC,gasolina,33.6100,5
2024-04-24,AL,diesel_s10,44.4500,7
2024-04-24,AL,etanol,33.8000,7
2024-04-24,AL,gasolina,55.6000,9
2024-04-24,AM,diesel_s10,94.5600,14
2024-04-24,AM,etanol,25.9400,6
2024-04-24,AM,gasolina,142.8500,21
2024-04-24,BA,diesel_s10,646.4700,104
2024-04-24,BA,etanol,628.6400,135
2024-04-24,BA,gasolina,851.4300,133
2024-04-24,CE,diesel_s10,159.1900,26
2024-04-24,CE,etanol,144.3400,30
2024-04-24,CE,gasolina,217.5900,36
2024-04-24,DF,diesel_s10,5.8400,1
2024-04-24,DF,etanol,4.1900,1
2024-04-24,DF,gasolina,5.8900,1
2024-04-24,ES,diesel_s10,53.0700,9
2024-04-24,ES,etanol,36.7200,9
2024-04-24,ES,gasolina,85.7700,15
2024-04-24,GO,diesel_s10,219.4400,37
2024-04-24,GO,etanol,183.7700,47
2024-04-24,GO,gasolina,270.6600,46
2024-04-24,MA,diesel_s10,28.8800,5
2024-04-24,MA,etanol,8.6800,2
2024-04-24,MA,gasolina,29.6100,5
2024-04-24,MG,diesel_s10,442.6800,75
2024-04-24,MG,etanol,390.6900,100
2024-04-24,MG,gasolina,603.9800,106
2024-04-24,MT,diesel_s10,128.1500,21
2024-04-24,MT,etanol,117.4900,32
2024-04-24,MT,gasolina,181.6800,31
2024-04-24,PA,diesel_s10,61.5800,10
2024-04-24,PA,etanol,21.3100,5
2024-04-24,PA,gasolina,88.9500,15
2024-04-24,PB,diesel_s10,80.0200,14
2024-04-24,PB,etanol,76.8900,19
2024-04-24,PB,gasolina,105.9700,19
2024-04-24,PE,diesel_s10,146.0200,25
2024-04-24,PE,etanol,95.7400,21
2024-04-24,PE,gasolina,170.5100,29
2024-04-24,PI,diesel_s10,91.2200,15
2024-04-24,PI,etanol,51.8100,12
2024-04-24,PI,gasolina,108.3600,19
2024-04-24,PR,diesel_s10,225.3000,38
2024-04-24,PR,etanol,228.2600,57
2024-04-24,PR,gasolina,331.2300,56
2024-04-24,RJ,diesel_s10,181.9500,30
2024-04-24,RJ,etanol,159.5600,38
2024-04-24,RJ,gasolina,223.9300,39
2024-04-24,RN,diesel_s10,82.0400,14
2024-04-24,RN,etanol,78.3700,18
2024-04-24,RN,gasolina,116.2200,20
2024-04-24,RO,diesel_s10,12.5000,2
2024-04-24,RO,etanol,9.5000,2
2024-04-24,RO,gasolina,33.2400,5
2024-04-24,RR,diesel_s10,19.4700,3
2024-04-24,RR,etanol,9.5800,2
2024-04-24,RR,gasolina,24.6000,4
2024-04-24,RS,diesel_s10,350.0000,57
2024-04-24,RS,etanol,110.8000,24
2024-04-24,RS,gasolina,437.1400,73
2024-04-24,SC,diesel_s10,127.7200,21
2024-04-24,SC,etanol,60.3400,14
2024-04-24,SC,gasolina,187.4400,31
2024-04-24,SE,diesel_s10,24.3200,4
2024-04-24,SE,etanol,48.3600,10
2024-04-24,SE,gasolina,58.0200,9
2024-04-24,SP,diesel_s10,991.0700,165
2024-04-24,SP,etanol,843.8300,227
2024-04-24,SP,gasolina,1263.8500,224
2024-04-24,TO,diesel_s10,63.1500,11
2024-04-24,TO,etanol,30.0700,7
2024-04-24,TO,gasolina,65.9800,11
2024-04-25,AL,diesel_s10,12.0300,2
2024-04-25,AL,etanol,12.9700,3
2024-04-25,AL,gasolina,17.7700,3
2024-04-25,AM,diesel_s10,27.8600,4
2024-04-25,AM,etanol,9.1500,2
2024-04-25,AM,gasolina,33.0900,5
2024-04-25,BA,diesel_s10,201.0300,33
2024-04-25,BA,etanol,165.7400,37
2024-04-25,BA,gasolina,225.7300,36
2024-04-25,CE,diesel_s10,26.3000,4
2024-04-25,CE,etanol,19.9100,4
2024-04-25,CE,gasolina,25.5400,4
2024-04-25,ES,diesel_s10,24.3100,4
2024-04-25,ES,etanol,22.4600,5
2024-04-25,ES,gasolina,47.5700,8
2024-04-25,GO,diesel_s10,118.4300,20
2024-04-25,GO,etanol,95.7600,25
2024-04-25,GO,gasolina,143.1900,25
2024-04-25,MA,diesel_s10,152.5400,27
2024-04-25,MA,etanol,70.7000,16
2024-04-25,MA,gasolina,152.3000,27
2024-04-25,MG,diesel_s10,504.0200,86
2024-04-25,MG,etanol,464.4900,117
2024-04-25,MG,gasolina,671.3200,116
2024-04-25,MS,diesel_s10,72.1900,12
2024-04-25,MS,etanol,49.4200,13
2024-04-25,MS,gasolina,81.4200,14
2024-04-25,MT,diesel_s10,59.5600,10
2024-04-25,MT,etanol,36.5200,10
2024-04-25,MT,gasolina,57.9600,10
2024-04-25,PA,diesel_s10,175.7600,29
2024-04-25,PA,etanol,61.9700,13
2024-04-25,PA,gasolina,203.8700,33
2024-04-25,PE,diesel_s10,171.5200,29
2024-04-25,PE,etanol,142.0100,31
2024-04-25,PE,gasolina,197.2200,32
2024-04-25,PI,diesel_s10,53.3400,9
2024-04-25,PI,etanol,41.7800,10
2024-04-25,PI,gasolina,63.3200,11
2024-04-25,PR,diesel_s10,325.7500,55
2024-04-25,PR,etanol,310.8700,78
2024-04-25,PR,gasolina,449.8100,76
2024-04-25,RJ,diesel_s10,125.5500,21
2024-04-25,RJ,etanol,151.8400,37
2024-04-25,RJ,gasolina,216.6000,38
2024-04-25,RN,diesel_s10,11.7400,2
2024-04-25,RN,etanol,8.9700,2
2024-04-25,RN,gasolina,11.8000,2
2024-04-25,RO,diesel_s10,12.0800,2
2024-04-25,RO,etanol,9.4200,2
2024-04-25,RO,gasolina,19.7700,3
2024-04-25,RS,diesel_s10,90.4900,15
2024-04-25,RS,etanol,27.4300,6
2024-04-25,RS,gasolina,94.4500,16
2024-04-25,SC,diesel_s10,95.3900,16
2024-04-25,SC,etanol,39.5600,9
2024-04-25,SC,gasolina,106.9700,18
2024-04-25,SE,diesel_s10,35.4800,6
2024-04-25,SE,etanol,23.0500,5
2024-04-25,SE,gasolina,54.3600,9
2024-04-25,SP,diesel_s10,721.6100,122
2024-04-25,SP,etanol,579.1700,159
2024-04-25,SP,gasolina,904.8900,162
2024-04-25,TO,diesel_s10,40.1800,7
2024-04-25,TO,etanol,20.2500,5
2024-04-25,TO,gasolina,41.6300,7
2024-04-26,BA,diesel_s10,5.8700,1
2024-04-26,BA,etanol,4.1700,1
2024-04-26,BA,gasolina,5.7700,1
2024-04-26,CE,diesel_s10,61.2300,11
2024-04-26,CE,etanol,52.0300,12
2024-04-26,CE,gasolina,66.8000,12
2024-04-26,GO,diesel_s10,11.3800,2
2024-04-26,GO,etanol,11.6500,3
2024-04-26,GO,gasolina,17.3700,3
2024-04-26,MA,diesel_s10,12.4900,2
2024-04-26,MA,gasolina,12.7400,2
2024-04-26,MG,diesel_s10,23.2600,4
2024-04-26,MG,etanol,28.7900,7
2024-04-26,MG,gasolina,41.2000,7
2024-04-26,PA,diesel_s10,13.0900,2
2024-04-26,PA,gasolina,18.1400,3
2024-04-26,PR,diesel_s10,92.4400,16
2024-04-26,PR,etanol,80.8300,20
2024-04-26,PR,gasolina,131.2500,22
2024-04-26,RJ,diesel_s10,42.8900,7
2024-04-26,RJ,etanol,28.7300,7
2024-04-26,RJ,gasolina,39.6300,7
2024-04-26,SC,diesel_s10,29.5200,5
2024-04-26,SC,etanol,17.7800,4
2024-04-26,SC,gasolina,35.7600,6
2024-04-26,SP,diesel_s10,58.8000,10
2024-04-26,SP,etanol,65.5000,18
2024-04-26,SP,gasolina,102.8800,18
2024-04-29,AL,diesel_s10,142.1200,23
2024-04-29,AL,etanol,152.3500,34
2024-04-29,AL,gasolina,211.9900,35
2024-04-29,AM,diesel_s10,163.7400,26
2024-04-29,AM,etanol,124.9800,29
2024-04-29,AM,gasolina,232.7200,37
2024-04-29,BA,diesel_s10,336.0000,55
2024-04-29,BA,etanol,282.9100,61
2024-04-29,BA,gasolina,419.5500,66
2024-04-29,CE,diesel_s10,152.4200,25
2024-04-29,CE,etanol,115.6500,25
2024-04-29,CE,gasolina,179.7600,30
2024-04-29,DF,diesel_s10,128.2900,22
2024-04-29,DF,etanol,104.6800,26
2024-04-29,DF,gasolina,215.1500,37
2024-04-29,ES,diesel_s10,290.6200,48
2024-04-29,ES,etanol,181.6200,43
2024-04-29,ES,gasolina,395.3300,67
2024-04-29,GO,diesel_s10,469.7900,80
2024-04-29,GO,etanol,417.9000,109
2024-04-29,GO,gasolina,634.6500,109
2024-04-29,MA,diesel_s10,111.4500,19
2024-04-29,MA,etanol,50.7600,11
2024-04-29,MA,gasolina,123.8700,21
2024-04-29,MG,diesel_s10,850.6200,145
2024-04-29,MG,etanol,765.3800,194
2024-04-29,MG,gasolina,1133.0400,196
2024-04-29,MS,diesel_s10,173.5200,28
2024-04-29,MS,etanol,123.9300,32
2024-04-29,MS,gasolina,294.6900,50
2024-04-29,MT,diesel_s10,95.1600,15
2024-04-29,MT,etanol,93.9300,25
2024-04-29,MT,gasolina,170.8700,28
2024-04-29,PA,diesel_s10,287.5900,47
2024-04-29,PA,etanol,137.1700,31
2024-04-29,PA,gasolina,366.7300,62
2024-04-29,PB,diesel_s10,122.9500,21
2024-04-29,PB,etanol,122.7500,29
2024-04-29,PB,gasolina,199.0700,34
2024-04-29,PE,diesel_s10,225.4500,39
2024-04-29,PE,etanol,193.8900,43
2024-04-29,PE,gasolina,288.2800,48
2024-04-29,PI,diesel_s10,42.1500,7
2024-04-29,PI,etanol,37.6900,9
2024-04-29,PI,gasolina,56.8200,10
2024-04-29,PR,diesel_s10,409.0300,69
2024-04-29,PR,etanol,363.5400,92
2024-04-29,PR,gasolina,553.6100,93
2024-04-29,RJ,diesel_s10,686.6500,114
2024-04-29,RJ,etanol,683.9800,163
2024-04-29,RJ,gasolina,992.9500,173
2024-04-29,RN,diesel_s10,29.4700,5
2024-04-29,RN,etanol,35.7800,8
2024-04-29,RN,gasolina,45.3800,8
2024-04-29,RO,diesel_s10,181.1200,28
2024-04-29,RO,etanol,58.4000,12
2024-04-29,RO,gasolina,208.9800,33
2024-04-29,RR,diesel_s10,79.1100,12
2024-04-29,RR,etanol,14.5000,3
2024-04-29,RR,gasolina,73.9300,12
2024-04-29,RS,diesel_s10,455.2500,76
2024-04-29,RS,etanol,149.9900,33
2024-04-29,RS,gasolina,506.6900,86
2024-04-29,SC,diesel_s10,458.8400,76
2024-04-29,SC,etanol,298.2600,69
2024-04-29,SC,gasolina,675.9700,113
2024-04-29,SE,diesel_s10,54.9900,9
2024-04-29,SE,etanol,58.0200,12
2024-04-29,SE,gasolina,83.8400,13
2024-04-29,SP,diesel_s10,2734.1000,456
2024-04-29,SP,etanol,2448.0600,663
2024-04-29,SP,gasolina,3768.0900,667
2024-04-29,TO,diesel_s10,91.6800,16
2024-04-29,TO,etanol,73.8200,17
2024-04-29,TO,gasolina,117.6000,19
2024-04-30,AL,diesel_s10,90.9700,15
2024-04-30,AL,etanol,93.5200,21
2024-04-30,AL,gasolina,142.4900,24
2024-04-30,AM,diesel_s10,67.6000,10
2024-04-30,AM,etanol,8.5800,2
2024-04-30,AM,gasolina,71.5200,10
2024-04-30,AP,diesel_s10,57.6700,9
2024-04-30,AP,gasolina,96.2500,17
2024-04-30,BA,diesel_s10,585.7300,96
2024-04-30,BA,etanol,596.4700,131
2024-04-30,BA,gasolina,810.9600,128
2024-04-30,CE,diesel_s10,368.5300,61
2024-04-30,CE,etanol,349.4000,75
2024-04-30,CE,gasolina,513.6700,88
2024-04-30,DF,diesel_s10,5.7500,1
2024-04-30,DF,etanol,16.1600,4
2024-04-30,DF,gasolina,75.7200,13
2024-04-30,ES,diesel_s10,112.4100,19
2024-04-30,ES,etanol,86.7800,20
2024-04-30,ES,gasolina,192.9800,31
2024-04-30,GO,diesel_s10,202.4800,34
2024-04-30,GO,etanol,166.8800,44
2024-04-30,GO,gasolina,253.5400,44
2024-04-30,MA,diesel_s10,177.4500,30
2024-04-30,MA,etanol,71.2100,15
2024-04-30,MA,gasolina,188.4300,32
2024-04-30,MG,diesel_s10,582.4100,99
2024-04-30,MG,etanol,541.4500,137
2024-04-30,MG,gasolina,821.3400,143
2024-04-30,MS,diesel_s10,43.2000,7
2024-04-30,MS,etanol,28.7600,7
2024-04-30,MS,gasolina,47.4900,8
2024-04-30,MT,diesel_s10,72.1400,12
2024-04-30,MT,etanol,53.9100,15
2024-04-30,MT,gasolina,93.5400,16
2024-04-30,PA,diesel_s10,281.8000,45
2024-04-30,PA,etanol,100.4800,23
2024-04-30,PA,gasolina,369.7600,61
2024-04-30,PB,diesel_s10,93.7100,16
2024-04-30,PB,etanol,70.4400,17
2024-04-30,PB,gasolina,101.1400,18
2024-04-30,PE,diesel_s10,404.5400,70
2024-04-30,PE,etanol,345.8000,78
2024-04-30,PE,gasolina,506.3200,87
2024-04-30,PI,diesel_s10,125.3000,21
2024-04-30,PI,etanol,104.8200,25
2024-04-30,PI,gasolina,183.4900,32
2024-04-30,PR,diesel_s10,427.6800,71
2024-04-30,PR,etanol,395.0900,99
2024-04-30,PR,gasolina,591.4100,99
2024-04-30,RJ,diesel_s10,403.4500,66
2024-04-30,RJ,etanol,419.7400,98
2024-04-30,RJ,gasolina,618.3100,105
2024-04-30,RN,diesel_s10,97.0500,16
2024-04-30,RN,etanol,105.8400,24
2024-04-30,RN,gasolina,167.2800,29
2024-04-30,RO,diesel_s10,129.0400,20
2024-04-30,RO,etanol,48.4000,10
2024-04-30,RO,gasolina,167.6400,26
2024-04-30,RR,diesel_s10,32.6500,5
2024-04-30,RR,gasolina,30.7500,5
2024-04-30,RS,diesel_s10,428.6200,71
2024-04-30,RS,etanol,147.5800,33
2024-04-30,RS,gasolina,496.4700,85
2024-04-30,SC,diesel_s10,53.9500,9
2024-04-30,SC,etanol,25.7500,6
2024-04-30,SC,gasolina,70.7500,12
2024-04-30,SE,diesel_s10,23.3400,4
2024-04-30,SE,etanol,23.6200,5
2024-04-30,SE,gasolina,49.4700,8
2024-04-30,SP,diesel_s10,1340.3800,225
2024-04-30,SP,etanol,1271.8200,345
2024-04-30,SP,gasolina,1942.1500,347
2024-04-30,TO,diesel_s10,69.3000,12
2024-04-30,TO,etanol,41.4700,10
2024-04-30,TO,gasolina,72.2800,12
2024-05-01,AC,gasolina,6.7900,1
2024-05-01,BA,diesel_s10,274.2800,44
2024-05-01,BA,etanol,235.9000,51
2024-05-01,BA,gasolina,335.5800,53
2024-05-01,CE,diesel_s10,101.1200,16
2024-05-01,CE,etanol,67.0100,14
2024-05-01,CE,gasolina,85.1200,14
2024-05-01,ES,diesel_s10,29.9500,5
2024-05-01,ES,etanol,20.9400,5
2024-05-01,ES,gasolina,35.9200,6
2024-05-01,GO,diesel_s10,52.5300,9
2024-05-01,GO,etanol,47.1000,12
2024-05-01,GO,gasolina,70.6700,12
2024-05-01,MA,diesel_s10,89.4300,15
2024-05-01,MA,etanol,28.5400,6
2024-05-01,MA,gasolina,99.1600,17
2024-05-01,MG,diesel_s10,83.3300,14
2024-05-01,MG,etanol,68.0300,17
2024-05-01,MG,gasolina,115.2700,20
2024-05-01,PA,diesel_s10,67.2800,11
2024-05-01,PA,etanol,32.8600,7
2024-05-01,PA,gasolina,90.6500,15
2024-05-01,PB,diesel_s10,30.0200,5
2024-05-01,PB,etanol,38.3800,9
2024-05-01,PB,gasolina,46.5200,8
2024-05-01,PE,diesel_s10,171.1100,29
2024-05-01,PE,etanol,113.8200,25
2024-05-01,PE,gasolina,175.7100,29
2024-05-01,PI,diesel_s10,30.3500,5
2024-05-01,PI,etanol,12.6700,3
2024-05-01,PI,gasolina,28.9000,5
2024-05-01,PR,diesel_s10,53.6800,9
2024-05-01,PR,etanol,49.1200,12
2024-05-01,PR,gasolina,73.1800,12
2024-05-01,RJ,diesel_s10,127.3600,21
2024-05-01,RJ,etanol,126.3500,30
2024-05-01,RJ,gasolina,210.5200,36
2024-05-01,RN,diesel_s10,13.5800,2
2024-05-01,RN,etanol,14.6700,3
2024-05-01,RN,gasolina,17.9700,3
2024-05-01,RS,diesel_s10,126.2400,21
2024-05-01,RS,etanol,66.1800,15
2024-05-01,RS,gasolina,186.7800,32
2024-05-01,SC,diesel_s10,82.7500,14
2024-05-01,SC,etanol,53.7400,12
2024-05-01,SC,gasolina,141.2000,24
2024-05-01,SE,diesel_s10,46.5600,8
2024-05-01,SE,etanol,9.3400,2
2024-05-01,SE,gasolina,49.2000,8
2024-05-01,SP,diesel_s10,562.9100,94
2024-05-01,SP,etanol,436.0000,118
2024-05-01,SP,gasolina,717.0300,128
2024-05-01,TO,diesel_s10,74.8000,13
2024-05-01,TO,etanol,61.7100,14
2024-05-01,TO,gasolina,111.9800,19
2024-05-02,AC,diesel_s10,61.5800,8
2024-05-02,AC,etanol,17.1200,3
2024-05-02,AC,gasolina,58.5800,8
2024-05-02,AM,diesel_s10,61.3000,9
2024-05-02,AM,etanol,26.2400,6
2024-05-02,AM,gasolina,96.3600,14
2024-05-02,AP,diesel_s10,38.8700,6
2024-05-02,AP,etanol,4.9900,1
2024-05-02,AP,gasolina,34.5600,6
2024-05-02,BA,diesel_s10,182.2100,30
2024-05-02,BA,etanol,160.7400,35
2024-05-02,BA,gasolina,209.0500,33
2024-05-02,CE,diesel_s10,48.4600,8
2024-05-02,CE,etanol,38.2200,8
2024-05-02,CE,gasolina,59.6300,10
2024-05-02,ES,etanol,4.6200,1
2024-05-02,ES,gasolina,6.6400,1
2024-05-02,GO,diesel_s10,76.7600,13
2024-05-02,GO,etanol,85.0100,22
2024-05-02,GO,gasolina,120.2900,21
2024-05-02,MA,diesel_s10,56.8300,10
2024-05-02,MA,etanol,30.8600,7
2024-05-02,MA,gasolina,61.7500,11
2024-05-02,MG,diesel_s10,445.3300,76
2024-05-02,MG,etanol,382.7400,96
2024-05-02,MG,gasolina,571.3400,99
2024-05-02,MS,diesel_s10,23.6400,4
2024-05-02,MS,etanol,18.6700,5
2024-05-02,MS,gasolina,28.5800,5
2024-05-02,MT,diesel_s10,97.0200,16
2024-05-02,MT,etanol,71.7300,20
2024-05-02,MT,gasolina,115.3400,20
2024-05-02,PA,diesel_s10,54.9900,9
2024-05-02,PA,etanol,5.1500,1
2024-05-02,PA,gasolina,54.7500,9
2024-05-02,PE,diesel_s10,113.3400,19
2024-05-02,PE,etanol,78.7700,17
2024-05-02,PE,gasolina,104.3000,17
2024-05-02,PI,diesel_s10,5.8900,1
2024-05-02,PI,etanol,4.1900,1
2024-05-02,PI,gasolina,5.7900,1
2024-05-02,PR,diesel_s10,224.7300,38
2024-05-02,PR,etanol,203.0100,50
2024-05-02,PR,gasolina,285.9000,48
2024-05-02,RJ,diesel_s10,122.4800,20
2024-05-02,RJ,etanol,106.5000,25
2024-05-02,RJ,gasolina,145.2800,25
2024-05-02,RN,diesel_s10,29.8500,5
2024-05-02,RN,etanol,20.6200,5
2024-05-02,RN,gasolina,35.1500,6
2024-05-02,RO,diesel_s10,6.4500,1
2024-05-02,RO,etanol,9.5000,2
2024-05-02,RO,gasolina,26.6000,4
2024-05-02,RS,diesel_s10,301.1900,50
2024-05-02,RS,etanol,134.1700,30
2024-05-02,RS,gasolina,421.0300,71
2024-05-02,SC,diesel_s10,55.2100,9
2024-05-02,SC,etanol,32.1400,7
2024-05-02,SC,gasolina,60.2300,10
2024-05-02,SP,diesel_s10,410.3000,68
2024-05-02,SP,etanol,375.3800,100
2024-05-02,SP,gasolina,587.1800,102
2024-05-03,AM,diesel_s10,35.0500,5
2024-05-03,AM,etanol,9.1500,2
2024-05-03,AM,gasolina,66.8800,10
2024-05-03,BA,diesel_s10,103.7600,17
2024-05-03,BA,etanol,89.5100,20
2024-05-03,BA,gasolina,131.5600,21
2024-05-03,CE,diesel_s10,61.2500,11
2024-05-03,CE,etanol,60.3900,14
2024-05-03,CE,gasolina,77.4500,14
2024-05-03,ES,diesel_s10,6.2900,1
2024-05-03,ES,gasolina,6.3900,1
2024-05-03,GO,diesel_s10,77.6800,13
2024-05-03,GO,etanol,55.1500,14
2024-05-03,GO,gasolina,87.6800,15
2024-05-03,MA,diesel_s10,164.8800,29
2024-05-03,MA,etanol,75.2700,17
2024-05-03,MA,gasolina,168.9100,30
2024-05-03,MG,diesel_s10,272.7900,46
2024-05-03,MG,etanol,206.2800,52
2024-05-03,MG,gasolina,321.6800,55
2024-05-03,MS,diesel_s10,23.9200,4
2024-05-03,MS,etanol,18.4500,5
2024-05-03,MS,gasolina,34.3400,6
2024-05-03,MT,diesel_s10,98.1100,16
2024-05-03,MT,etanol,73.6600,20
2024-05-03,MT,gasolina,117.8100,20
2024-05-03,PR,diesel_s10,104.5300,18
2024-05-03,PR,etanol,127.0200,32
2024-05-03,PR,gasolina,173.1500,29
2024-05-03,RS,diesel_s10,127.4400,21
2024-05-03,RS,etanol,42.6100,9
2024-05-03,RS,gasolina,189.0600,32
2024-05-03,SC,diesel_s10,5.9900,1
2024-05-03,SC,etanol,12.9700,3
2024-05-03,SC,gasolina,18.5400,3
2024-05-03,SP,diesel_s10,197.7100,33
2024-05-03,SP,etanol,149.9000,41
2024-05-03,SP,gasolina,226.6900,40
2024-05-06,AC,diesel_s10,49.9200,7
2024-05-06,AC,etanol,18.8600,4
2024-05-06,AC,gasolina,60.8600,9
2024-05-06,AL,diesel_s10,165.0300,27
2024-05-06,AL,etanol,166.5200,37
2024-05-06,AL,gasolina,236.4500,39
2024-05-06,AM,diesel_s10,184.6000,29
2024-05-06,AM,etanol,129.2700,30
2024-05-06,AM,gasolina,266.0900,42
2024-05-06,BA,diesel_s10,121.3200,20
2024-05-06,BA,etanol,125.1400,27
2024-05-06,BA,gasolina,178.6800,28
2024-05-06,CE,diesel_s10,271.1400,45
2024-05-06,CE,etanol,210.0200,44
2024-05-06,CE,gasolina,289.1300,48
2024-05-06,DF,diesel_s10,122.3200,21
2024-05-06,DF,etanol,88.5300,22
2024-05-06,DF,gasolina,211.2100,36
2024-05-06,ES,diesel_s10,235.2100,39
2024-05-06,ES,etanol,136.4600,33
2024-05-06,ES,gasolina,330.1200,56
2024-05-06,GO,diesel_s10,347.0300,59
2024-05-06,GO,etanol,297.8300,80
2024-05-06,GO,gasolina,482.1100,84
2024-05-06,MA,diesel_s10,247.8600,43
2024-05-06,MA,etanol,103.3900,23
2024-05-06,MA,gasolina,255.1100,45
2024-05-06,MG,diesel_s10,507.2400,87
2024-05-06,MG,etanol,464.3000,118
2024-05-06,MG,gasolina,692.9600,120
2024-05-06,MS,diesel_s10,48.5500,8
2024-05-06,MS,etanol,31.9300,8
2024-05-06,MS,gasolina,65.6200,11
2024-05-06,MT,diesel_s10,103.8300,17
2024-05-06,MT,etanol,101.3500,28
2024-05-06,MT,gasolina,159.0100,27
2024-05-06,PA,diesel_s10,304.0400,50
2024-05-06,PA,etanol,122.5800,28
2024-05-06,PA,gasolina,378.1600,64
2024-05-06,PB,diesel_s10,146.2600,25
2024-05-06,PB,etanol,143.3800,34
2024-05-06,PB,gasolina,209.2700,36
2024-05-06,PE,diesel_s10,315.1700,55
2024-05-06,PE,etanol,241.6500,55
2024-05-06,PE,gasolina,375.2400,64
2024-05-06,PI,diesel_s10,86.4100,14
2024-05-06,PI,etanol,55.3000,13
2024-05-06,PI,gasolina,91.4800,16
2024-05-06,PR,diesel_s10,308.4500,52
2024-05-06,PR,etanol,295.4400,74
2024-05-06,PR,gasolina,449.3600,75
2024-05-06,RJ,diesel_s10,699.7100,116
2024-05-06,RJ,etanol,638.8000,154
2024-05-06,RJ,gasolina,920.1500,162
2024-05-06,RN,diesel_s10,46.1300,7
2024-05-06,RN,etanol,45.4500,9
2024-05-06,RN,gasolina,79.5500,13
2024-05-06,RO,diesel_s10,138.8400,22
2024-05-06,RO,etanol,43.9500,9
2024-05-06,RO,gasolina,145.5600,23
2024-05-06,RR,diesel_s10,45.6800,7
2024-05-06,RR,etanol,9.6300,2
2024-05-06,RR,gasolina,43.1200,7
2024-05-06,RS,diesel_s10,438.5800,71
2024-05-06,RS,etanol,187.0200,40
2024-05-06,RS,gasolina,586.9400,98
2024-05-06,SC,diesel_s10,347.7500,58
2024-05-06,SC,etanol,251.3100,58
2024-05-06,SC,gasolina,583.1100,97
2024-05-06,SE,diesel_s10,24.3100,4
2024-05-06,SE,etanol,28.9600,6
2024-05-06,SE,gasolina,38.7000,6
2024-05-06,SP,diesel_s10,2396.2300,399
2024-05-06,SP,etanol,2151.6300,580
2024-05-06,SP,gasolina,3320.5700,587
2024-05-06,TO,diesel_s10,110.4500,19
2024-05-06,TO,etanol,73.8600,17
2024-05-06,TO,gasolina,134.7100,22
2024-05-07,AC,diesel_s10,82.0700,11
2024-05-07,AC,etanol,31.0900,6
2024-05-07,AC,gasolina,77.6100,11
2024-05-07,AL,diesel_s10,53.5300,9
2024-05-07,AL,etanol,43.1600,10
2024-05-07,AL,gasolina,65.1200,11
2024-05-07,AM,diesel_s10,19.7700,3
2024-05-07,AM,etanol,12.8700,3
2024-05-07,AM,gasolina,25.0600,4
2024-05-07,BA,diesel_s10,384.6100,63
2024-05-07,BA,etanol,324.2700,72
2024-05-07,BA,gasolina,448.0700,71
2024-05-07,CE,diesel_s10,201.7500,34
2024-05-07,CE,etanol,197.1800,43
2024-05-07,CE,gasolina,284.5900,48
2024-05-07,DF,diesel_s10,17.5200,3
2024-05-07,DF,etanol,16.3000,4
2024-05-07,DF,gasolina,82.6800,14
2024-05-07,ES,diesel_s10,90.0400,15
2024-05-07,ES,etanol,64.0600,15
2024-05-07,ES,gasolina,117.3600,19
2024-05-07,GO,diesel_s10,184.9500,31
2024-05-07,GO,etanol,177.0500,46
2024-05-07,GO,gasolina,261.7800,45
2024-05-07,MA,diesel_s10,253.4500,43
2024-05-07,MA,etanol,97.8700,21
2024-05-07,MA,gasolina,276.8300,47
2024-05-07,MG,diesel_s10,784.3800,133
2024-05-07,MG,etanol,689.4600,175
2024-05-07,MG,gasolina,1048.1300,182
2024-05-07,MS,diesel_s10,28.5700,4
2024-05-07,MS,etanol,26.6200,6
2024-05-07,MS,gasolina,72.2700,11
2024-05-07,MT,diesel_s10,114.9000,19
2024-05-07,MT,etanol,96.9400,27
2024-05-07,MT,gasolina,162.9500,28
2024-05-07,PA,diesel_s10,154.9700,25
2024-05-07,PA,etanol,63.1400,15
2024-05-07,PA,gasolina,222.2900,37
2024-05-07,PB,diesel_s10,54.1300,9
2024-05-07,PB,etanol,31.1100,7
2024-05-07,PB,gasolina,70.5900,12
2024-05-07,PE,diesel_s10,110.2200,19
2024-05-07,PE,etanol,127.3100,28
2024-05-07,PE,gasolina,166.6000,28
2024-05-07,PI,diesel_s10,95.5100,16
2024-05-07,PI,etanol,103.0400,25
2024-05-07,PI,gasolina,161.0500,28
2024-05-07,PR,diesel_s10,339.7400,57
2024-05-07,PR,etanol,289.7900,73
2024-05-07,PR,gasolina,419.8100,70
2024-05-07,RJ,diesel_s10,357.8200,58
2024-05-07,RJ,etanol,346.2400,82
2024-05-07,RJ,gasolina,504.4100,86
2024-05-07,RN,diesel_s10,12.7700,2
2024-05-07,RN,etanol,19.9600,4
2024-05-07,RN,gasolina,19.0700,3
2024-05-07,RO,diesel_s10,125.5800,19
2024-05-07,RO,etanol,52.4500,11
2024-05-07,RO,gasolina,173.4300,27
2024-05-07,RR,diesel_s10,45.7700,7
2024-05-07,RR,etanol,14.3700,3
2024-05-07,RR,gasolina,49.2200,8
2024-05-07,RS,diesel_s10,270.8400,44
2024-05-07,RS,etanol,89.6400,18
2024-05-07,RS,gasolina,351.6100,59
2024-05-07,SC,diesel_s10,64.4200,11
2024-05-07,SC,etanol,51.8700,12
2024-05-07,SC,gasolina,107.7300,18
2024-05-07,SE,diesel_s10,47.2200,8
2024-05-07,SE,etanol,62.2500,13
2024-05-07,SE,gasolina,94.4000,15
2024-05-07,SP,diesel_s10,1396.3400,234
2024-05-07,SP,etanol,1269.8800,346
2024-05-07,SP,gasolina,1967.0300,350
2024-05-07,TO,diesel_s10,46.0600,8
2024-05-07,TO,etanol,43.2600,10
2024-05-07,TO,gasolina,70.8800,12
2024-05-08,AC,diesel_s10,15.3500,2
2024-05-08,AC,etanol,5.7900,1
2024-05-08,AC,gasolina,14.6300,2
2024-05-08,AM,diesel_s10,125.1200,18
2024-05-08,AM,etanol,21.9500,5
2024-05-08,AM,gasolina,142.8200,20
2024-05-08,AP,diesel_s10,52.5100,8
2024-05-08,AP,gasolina,95.9600,17
2024-05-08,BA,diesel_s10,447.1700,72
2024-05-08,BA,etanol,417.8100,91
2024-05-08,BA,gasolina,574.9400,91
2024-05-08,CE,diesel_s10,323.9900,53
2024-05-08,CE,etanol,221.9500,47
2024-05-08,CE,gasolina,372.9600,61
2024-05-08,ES,diesel_s10,95.0400,16
2024-05-08,ES,etanol,65.6900,15
2024-05-08,ES,gasolina,143.8600,23
2024-05-08,GO,diesel_s10,98.9400,17
2024-05-08,GO,etanol,94.7900,25
2024-05-08,GO,gasolina,142.7500,25
2024-05-08,MA,diesel_s10,29.0800,5
2024-05-08,MA,etanol,22.6900,5
2024-05-08,MA,gasolina,28.6100,5
2024-05-08,MG,diesel_s10,497.3500,84
2024-05-08,MG,etanol,437.6900,110
2024-05-08,MG,gasolina,667.1400,115
2024-05-08,MS,diesel_s10,96.0300,16
2024-05-08,MS,etanol,96.3400,26
2024-05-08,MS,gasolina,159.1100,28
2024-05-08,MT,diesel_s10,67.4300,11
2024-05-08,MT,etanol,54.6700,15
2024-05-08,MT,gasolina,88.1100,15
2024-05-08,PA,diesel_s10,161.2000,26
2024-05-08,PA,etanol,74.7700,16
2024-05-08,PA,gasolina,214.0000,35
2024-05-08,PE,diesel_s10,152.6000,26
2024-05-08,PE,etanol,99.1300,22
2024-05-08,PE,gasolina,166.4200,28
2024-05-08,PI,diesel_s10,59.9300,10
2024-05-08,PI,etanol,34.4600,8
2024-05-08,PI,gasolina,74.3200,13
2024-05-08,PR,diesel_s10,206.6600,35
2024-05-08,PR,etanol,204.3300,52
2024-05-08,PR,gasolina,304.0900,52
2024-05-08,RJ,diesel_s10,271.4500,44
2024-05-08,RJ,etanol,252.0900,58
2024-05-08,RJ,gasolina,389.1500,65
2024-05-08,RN,diesel_s10,17.7200,3
2024-05-08,RN,etanol,27.3800,6
2024-05-08,RN,gasolina,47.4800,8
2024-05-08,RO,diesel_s10,33.9300,5
2024-05-08,RO,etanol,14.8900,3
2024-05-08,RO,gasolina,37.9400,6
2024-05-08,RR,diesel_s10,13.0200,2
2024-05-08,RR,gasolina,12.3200,2
2024-05-08,RS,diesel_s10,209.4200,35
2024-05-08,RS,etanol,58.5700,13
2024-05-08,RS,gasolina,270.4700,46
2024-05-08,SC,diesel_s10,135.3500,22
2024-05-08,SC,etanol,76.1300,17
2024-05-08,SC,gasolina,172.6100,29
2024-05-08,SE,diesel_s10,71.3500,12
2024-05-08,SE,etanol,43.2900,9
2024-05-08,SE,gasolina,94.6800,15
2024-05-08,SP,diesel_s10,500.5100,84
2024-05-08,SP,etanol,416.7600,113
2024-05-08,SP,gasolina,633.8400,113
2024-05-08,TO,diesel_s10,91.6100,16
2024-05-08,TO,etanol,50.4200,12
2024-05-08,TO,gasolina,95.5700,16
2024-05-09,AL,diesel_s10,37.6800,6
2024-05-09,AL,etanol,28.7400,6
2024-05-09,AL,gasolina,49.1000,8
2024-05-09,AP,diesel_s10,38.8700,6
2024-05-09,AP,etanol,4.9900,1
2024-05-09,AP,gasolina,34.5600,6
2024-05-09,BA,diesel_s10,406.9600,68
2024-05-09,BA,etanol,372.0800,82
2024-05-09,BA,gasolina,533.2300,85
2024-05-09,ES,diesel_s10,30.0400,5
2024-05-09,ES,etanol,22.3500,5
2024-05-09,ES,gasolina,47.5400,8
2024-05-09,GO,diesel_s10,193.7700,33
2024-05-09,GO,etanol,176.4400,46
2024-05-09,GO,gasolina,270.2600,47
2024-05-09,MA,diesel_s10,46.8600,8
2024-05-09,MA,etanol,13.3400,3
2024-05-09,MA,gasolina,52.2000,9
2024-05-09,MG,diesel_s10,405.3400,69
2024-05-09,MG,etanol,366.9200,92
2024-05-09,MG,gasolina,560.0800,97
2024-05-09,MS,diesel_s10,41.4100,7
2024-05-09,MS,etanol,29.2200,8
2024-05-09,MS,gasolina,50.7700,9
2024-05-09,MT,diesel_s10,24.8800,4
2024-05-09,MT,etanol,14.9300,4
2024-05-09,MT,gasolina,23.6200,4
2024-05-09,PA,diesel_s10,49.0000,8
2024-05-09,PA,etanol,9.4400,2
2024-05-09,PA,gasolina,60.8000,10
2024-05-09,PB,diesel_s10,87.1700,15
2024-05-09,PB,etanol,58.0000,14
2024-05-09,PB,gasolina,86.4100,15
2024-05-09,PE,diesel_s10,270.8600,47
2024-05-09,PE,etanol,186.6500,42
2024-05-09,PE,gasolina,286.9900,49
2024-05-09,PR,diesel_s10,354.6300,60
2024-05-09,PR,etanol,340.1000,86
2024-05-09,PR,gasolina,498.9400,84
2024-05-09,RJ,diesel_s10,127.1900,21
2024-05-09,RJ,etanol,92.7200,22
2024-05-09,RJ,gasolina,129.5900,22
2024-05-09,RN,diesel_s10,53.5900,9
2024-05-09,RN,etanol,66.0500,14
2024-05-09,RN,gasolina,82.9100,14
2024-05-09,RO,diesel_s10,18.1300,3
2024-05-09,RO,etanol,9.4200,2
2024-05-09,RO,gasolina,26.4200,4
2024-05-09,RS,diesel_s10,148.3000,25
2024-05-09,RS,etanol,44.4600,10
2024-05-09,RS,gasolina,177.1000,30
2024-05-09,SC,diesel_s10,59.1000,10
2024-05-09,SC,etanol,34.6700,8
2024-05-09,SC,gasolina,64.7000,11
2024-05-09,SE,diesel_s10,5.8900,1
2024-05-09,SE,etanol,14.4900,3
2024-05-09,SE,gasolina,19.3100,3
2024-05-09,SP,diesel_s10,858.3600,143
2024-05-09,SP,etanol,743.8100,199
2024-05-09,SP,gasolina,1162.4200,204
2024-05-10,AM,diesel_s10,14.1800,2
2024-05-10,AM,etanol,9.7200,2
2024-05-10,AM,gasolina,33.5000,5
2024-05-10,BA,diesel_s10,23.7900,4
2024-05-10,BA,etanol,17.2600,4
2024-05-10,BA,gasolina,24.4600,4
2024-05-10,CE,diesel_s10,5.4700,1
2024-05-10,CE,etanol,4.2900,1
2024-05-10,CE,gasolina,5.4800,1
2024-05-10,MA,diesel_s10,11.6600,2
2024-05-10,MA,gasolina,12.1600,2
2024-05-10,MG,diesel_s10,47.1300,8
2024-05-10,MG,etanol,44.8500,12
2024-05-10,MG,gasolina,66.6600,12
2024-05-10,MS,diesel_s10,11.7400,2
2024-05-10,MS,etanol,7.1800,2
2024-05-10,MS,gasolina,16.7700,3
2024-05-10,MT,diesel_s10,36.9500,6
2024-05-10,MT,etanol,21.8200,6
2024-05-10,MT,gasolina,35.4200,6
2024-05-10,PR,diesel_s10,70.6800,12
2024-05-10,PR,etanol,66.6000,16
2024-05-10,PR,gasolina,97.5800,16
2024-05-10,RJ,diesel_s10,42.6800,7
2024-05-10,RJ,etanol,64.1200,13
2024-05-10,RJ,gasolina,88.7100,14
2024-05-10,RN,diesel_s10,43.2100,7
2024-05-10,RN,etanol,40.9500,8
2024-05-10,RN,gasolina,44.5500,7
2024-05-10,RS,diesel_s10,12.1100,2
2024-05-10,RS,gasolina,11.6800,2
2024-05-10,SC,diesel_s10,41.6300,7
2024-05-10,SC,etanol,31.0900,7
2024-05-10,SC,gasolina,71.5900,12
2024-05-10,SP,diesel_s10,47.0500,8
2024-05-10,SP,etanol,36.8800,11
2024-05-10,SP,gasolina,54.7800,10
2024-05-13,AC,diesel_s10,42.9900,6
2024-05-13,AC,etanol,28.3400,6
2024-05-13,AC,gasolina,54.6700,8
2024-05-13,AL,diesel_s10,154.6700,25
2024-05-13,AL,etanol,157.8800,35
2024-05-13,AL,gasolina,230.5500,38
2024-05-13,AM,diesel_s10,88.2600,14
2024-05-13,AM,etanol,68.8100,16
2024-05-13,AM,gasolina,132.5000,21
2024-05-13,BA,diesel_s10,244.1000,40
2024-05-13,BA,etanol,218.9000,49
2024-05-13,BA,gasolina,300.0500,48
2024-05-13,CE,diesel_s10,198.9100,33
2024-05-13,CE,etanol,193.4000,41
2024-05-13,CE,gasolina,280.4800,46
2024-05-13,DF,diesel_s10,81.8200,14
2024-05-13,DF,etanol,68.3100,17
2024-05-13,DF,gasolina,122.7200,21
2024-05-13,ES,diesel_s10,107.8300,18
2024-05-13,ES,etanol,77.3900,18
2024-05-13,ES,gasolina,155.2400,26
2024-05-13,GO,diesel_s10,251.4800,43
2024-05-13,GO,etanol,218.1700,59
2024-05-13,GO,gasolina,326.7700,58
2024-05-13,MA,diesel_s10,165.3500,28
2024-05-13,MA,etanol,73.8200,16
2024-05-13,MA,gasolina,174.7900,30
2024-05-13,MG,diesel_s10,640.2400,109
2024-05-13,MG,etanol,583.4600,145
2024-05-13,MG,gasolina,868.6000,148
2024-05-13,MS,diesel_s10,113.3200,18
2024-05-13,MS,etanol,90.0000,22
2024-05-13,MS,gasolina,184.9800,30
2024-05-13,MT,diesel_s10,179.6200,30
2024-05-13,MT,etanol,132.7000,37
2024-05-13,MT,gasolina,221.8600,38
2024-05-13,PA,diesel_s10,146.0700,24
2024-05-13,PA,etanol,55.1300,13
2024-05-13,PA,gasolina,218.1600,37
2024-05-13,PB,diesel_s10,122.1100,21
2024-05-13,PB,etanol,131.5200,31
2024-05-13,PB,gasolina,185.4700,32
2024-05-13,PE,diesel_s10,331.2200,58
2024-05-13,PE,etanol,244.6200,56
2024-05-13,PE,gasolina,376.3900,64
2024-05-13,PI,diesel_s10,97.1600,16
2024-05-13,PI,etanol,62.9800,15
2024-05-13,PI,gasolina,102.8800,18
2024-05-13,PR,diesel_s10,443.1400,74
2024-05-13,PR,etanol,386.1700,97
2024-05-13,PR,gasolina,599.2200,100
2024-05-13,RJ,diesel_s10,724.8000,119
2024-05-13,RJ,etanol,706.7900,166
2024-05-13,RJ,gasolina,1015.5200,175
2024-05-13,RN,diesel_s10,32.4600,5
2024-05-13,RN,etanol,35.9300,7
2024-05-13,RN,gasolina,43.6500,7
2024-05-13,RO,diesel_s10,134.8500,21
2024-05-13,RO,etanol,38.9900,8
2024-05-13,RO,gasolina,139.3400,22
2024-05-13,RR,diesel_s10,38.7000,6
2024-05-13,RR,gasolina,36.9000,6
2024-05-13,RS,diesel_s10,204.6700,33
2024-05-13,RS,etanol,75.9900,16
2024-05-13,RS,gasolina,330.3400,55
2024-05-13,SC,diesel_s10,289.2400,48
2024-05-13,SC,etanol,194.5400,45
2024-05-13,SC,gasolina,489.5800,81
2024-05-13,SE,diesel_s10,76.2500,13
2024-05-13,SE,etanol,28.7700,6
2024-05-13,SE,gasolina,87.7600,14
2024-05-13,SP,diesel_s10,2220.7400,372
2024-05-13,SP,etanol,2077.1500,563
2024-05-13,SP,gasolina,3245.4100,573
2024-05-13,TO,diesel_s10,138.4900,24
2024-05-13,TO,etanol,99.8100,23
2024-05-13,TO,gasolina,180.6000,30
2024-05-14,AC,diesel_s10,81.6000,11
2024-05-14,AC,etanol,20.8100,4
2024-05-14,AC,gasolina,77.4100,11
2024-05-14,AL,diesel_s10,35.2400,6
2024-05-14,AL,etanol,34.8800,8
2024-05-14,AL,gasolina,52.9700,9
2024-05-14,AM,diesel_s10,73.4800,11
2024-05-14,AM,etanol,17.4600,4
2024-05-14,AM,gasolina,84.0900,12
2024-05-14,BA,diesel_s10,324.3000,53
2024-05-14,BA,etanol,236.9800,52
2024-05-14,BA,gasolina,334.1800,52
2024-05-14,CE,diesel_s10,183.1300,31
2024-05-14,CE,etanol,197.5900,43
2024-05-14,CE,gasolina,269.4000,45
2024-05-14,DF,diesel_s10,52.6900,9
2024-05-14,DF,etanol,39.4900,10
2024-05-14,DF,gasolina,163.8200,28
2024-05-14,ES,diesel_s10,152.1900,25
2024-05-14,ES,etanol,109.0900,26
2024-05-14,ES,gasolina,246.3300,41
2024-05-14,GO,diesel_s10,165.4500,28
2024-05-14,GO,etanol,133.0400,35
2024-05-14,GO,gasolina,206.2400,36
2024-05-14,MA,diesel_s10,289.7300,50
2024-05-14,MA,etanol,145.3400,32
2024-05-14,MA,gasolina,310.1500,54
2024-05-14,MG,diesel_s10,544.8800,93
2024-05-14,MG,etanol,515.7600,131
2024-05-14,MG,gasolina,770.1000,134
2024-05-14,MS,diesel_s10,64.7500,11
2024-05-14,MS,etanol,57.4200,16
2024-05-14,MS,gasolina,99.3000,18
2024-05-14,MT,diesel_s10,74.2600,12
2024-05-14,MT,etanol,54.3900,15
2024-05-14,MT,gasolina,95.3200,16
2024-05-14,PA,diesel_s10,67.4800,10
2024-05-14,PA,etanol,13.9900,3
2024-05-14,PA,gasolina,95.5900,15
2024-05-14,PB,diesel_s10,89.2900,15
2024-05-14,PB,etanol,51.8000,12
2024-05-14,PB,gasolina,93.3000,16
2024-05-14,PE,diesel_s10,162.1900,28
2024-05-14,PE,etanol,152.3300,34
2024-05-14,PE,gasolina,221.4800,37
2024-05-14,PI,diesel_s10,53.5900,9
2024-05-14,PI,etanol,38.6100,9
2024-05-14,PI,gasolina,68.6500,12
2024-05-14,PR,diesel_s10,152.4800,26
2024-05-14,PR,etanol,122.0900,33
2024-05-14,PR,gasolina,181.6000,32
2024-05-14,RJ,diesel_s10,289.6500,47
2024-05-14,RJ,etanol,330.8700,78
2024-05-14,RJ,gasolina,503.7600,86
2024-05-14,RN,diesel_s10,69.9800,11
2024-05-14,RN,etanol,49.7800,10
2024-05-14,RN,gasolina,85.4600,14
2024-05-14,RO,diesel_s10,145.8400,22
2024-05-14,RO,etanol,43.9400,9
2024-05-14,RO,gasolina,179.2100,28
2024-05-14,RR,diesel_s10,38.8400,6
2024-05-14,RR,etanol,14.3700,3
2024-05-14,RR,gasolina,36.9300,6
2024-05-14,RS,diesel_s10,372.3100,61
2024-05-14,RS,etanol,161.6400,33
2024-05-14,RS,gasolina,458.6200,77
2024-05-14,SC,diesel_s10,123.0700,21
2024-05-14,SC,etanol,67.6400,16
2024-05-14,SC,gasolina,142.3700,24
2024-05-14,SE,diesel_s10,53.4400,9
2024-05-14,SE,etanol,57.4500,12
2024-05-14,SE,gasolina,94.4000,15
2024-05-14,SP,diesel_s10,1317.2900,221
2024-05-14,SP,etanol,1160.5700,317
2024-05-14,SP,gasolina,1804.2500,323
2024-05-14,TO,diesel_s10,23.5200,4
2024-05-14,TO,etanol,17.4300,4
2024-05-14,TO,gasolina,24.7000,4
2024-05-15,AL,diesel_s10,37.0700,6
2024-05-15,AL,etanol,41.3400,9
2024-05-15,AL,gasolina,72.7900,12
2024-05-15,AM,diesel_s10,105.8400,16
2024-05-15,AM,etanol,73.2900,17
2024-05-15,AM,gasolina,159.3700,24
2024-05-15,AP,diesel_s10,58.4600,9
2024-05-15,AP,gasolina,95.4800,17
2024-05-15,BA,diesel_s10,581.4700,96
2024-05-15,BA,etanol,565.7900,125
2024-05-15,BA,gasolina,781.2100,125
2024-05-15,CE,diesel_s10,133.5300,22
2024-05-15,CE,etanol,76.9900,16
2024-05-15,CE,gasolina,175.6400,29
2024-05-15,DF,diesel_s10,5.8400,1
2024-05-15,DF,etanol,4.1900,1
2024-05-15,DF,gasolina,5.8900,1
2024-05-15,ES,diesel_s10,159.4100,27
2024-05-15,ES,etanol,101.0000,24
2024-05-15,ES,gasolina,207.0600,34
2024-05-15,GO,diesel_s10,130.0500,22
2024-05-15,GO,etanol,120.3400,31
2024-05-15,GO,gasolina,181.4000,31
2024-05-15,MA,diesel_s10,82.2200,14
2024-05-15,MA,etanol,32.6300,7
2024-05-15,MA,gasolina,89.8300,15
2024-05-15,MG,diesel_s10,485.5800,82
2024-05-15,MG,etanol,431.5000,108
2024-05-15,MG,gasolina,665.9300,114
2024-05-15,MS,diesel_s10,56.8400,9
2024-05-15,MS,etanol,37.0300,9
2024-05-15,MS,gasolina,65.9400,11
2024-05-15,MT,diesel_s10,63.9200,10
2024-05-15,MT,etanol,52.0900,14
2024-05-15,MT,gasolina,91.6300,15
2024-05-15,PA,diesel_s10,262.7000,41
2024-05-15,PA,etanol,113.1600,24
2024-05-15,PA,gasolina,310.0200,50
2024-05-15,PB,diesel_s10,76.2600,13
2024-05-15,PB,etanol,55.1700,13
2024-05-15,PB,gasolina,86.9400,15
2024-05-15,PE,diesel_s10,354.8500,61
2024-05-15,PE,etanol,242.1000,54
2024-05-15,PE,gasolina,393.6600,67
2024-05-15,PI,diesel_s10,89.7600,15
2024-05-15,PI,etanol,74.7200,18
2024-05-15,PI,gasolina,160.6600,28
2024-05-15,PR,diesel_s10,229.1900,39
2024-05-15,PR,etanol,208.9700,52
2024-05-15,PR,gasolina,317.7300,53
2024-05-15,RJ,diesel_s10,162.1200,27
2024-05-15,RJ,etanol,160.1700,38
2024-05-15,RJ,gasolina,238.8300,41
2024-05-15,RN,diesel_s10,40.8300,7
2024-05-15,RN,etanol,61.0100,13
2024-05-15,RN,gasolina,59.0600,10
2024-05-15,RO,diesel_s10,18.4300,3
2024-05-15,RO,etanol,23.5500,5
2024-05-15,RO,gasolina,65.5100,10
2024-05-15,RR,diesel_s10,33.0400,5
2024-05-15,RR,etanol,4.8700,1
2024-05-15,RR,gasolina,30.8000,5
2024-05-15,RS,diesel_s10,266.7100,44
2024-05-15,RS,etanol,67.2700,14
2024-05-15,RS,gasolina,341.8500,58
2024-05-15,SC,diesel_s10,135.3800,22
2024-05-15,SC,etanol,85.8000,19
2024-05-15,SC,gasolina,197.7900,33
2024-05-15,SE,etanol,14.4900,3
2024-05-15,SE,gasolina,19.2900,3
2024-05-15,SP,diesel_s10,400.5100,66
2024-05-15,SP,etanol,384.7100,102
2024-05-15,SP,gasolina,598.4100,106
2024-05-15,TO,diesel_s10,68.5500,12
2024-05-15,TO,etanol,42.5500,10
2024-05-15,TO,gasolina,71.9800,12
2024-05-16,AC,diesel_s10,22.8500,3
2024-05-16,AC,etanol,5.7900,1
2024-05-16,AC,gasolina,21.9300,3
2024-05-16,AM,diesel_s10,13.0800,2
2024-05-16,AM,etanol,8.7800,2
2024-05-16,AM,gasolina,12.5800,2
2024-05-16,AP,diesel_s10,38.6700,6
2024-05-16,AP,etanol,4.9900,1
2024-05-16,AP,gasolina,34.3800,6
2024-05-16,BA,diesel_s10,236.6400,40
2024-05-16,BA,etanol,217.1400,48
2024-05-16,BA,gasolina,296.6900,48
2024-05-16,CE,diesel_s10,206.9700,34
2024-05-16,CE,etanol,162.9300,34
2024-05-16,CE,gasolina,226.2700,37
2024-05-16,GO,diesel_s10,121.9700,21
2024-05-16,GO,etanol,102.5600,27
2024-05-16,GO,gasolina,148.7000,26
2024-05-16,MA,diesel_s10,98.0800,17
2024-05-16,MA,etanol,49.8900,11
2024-05-16,MA,gasolina,110.9900,19
2024-05-16,MG,diesel_s10,487.9700,83
2024-05-16,MG,etanol,424.0100,107
2024-05-16,MG,gasolina,647.5500,112
2024-05-16,MS,diesel_s10,65.7600,11
2024-05-16,MS,etanol,37.8400,10
2024-05-16,MS,gasolina,81.6100,14
2024-05-16,MT,diesel_s10,80.9900,13
2024-05-16,MT,etanol,62.4300,17
2024-05-16,MT,gasolina,100.1100,17
2024-05-16,PA,diesel_s10,77.1100,13
2024-05-16,PA,etanol,36.5100,8
2024-05-16,PA,gasolina,88.6100,15
2024-05-16,PE,diesel_s10,93.2800,16
2024-05-16,PE,etanol,73.4200,16
2024-05-16,PE,gasolina,96.4300,16
2024-05-16,PR,diesel_s10,349.0300,59
2024-05-16,PR,etanol,322.0400,81
2024-05-16,PR,gasolina,485.8300,82
2024-05-16,RJ,diesel_s10,145.5400,24
2024-05-16,RJ,etanol,140.9500,33
2024-05-16,RJ,gasolina,202.3300,34
2024-05-16,RN,diesel_s10,29.3100,5
2024-05-16,RN,etanol,55.8800,12
2024-05-16,RN,gasolina,70.8900,12
2024-05-16,RS,diesel_s10,208.1600,35
2024-05-16,RS,etanol,83.1800,19
2024-05-16,RS,gasolina,295.6900,50
2024-05-16,SC,diesel_s10,106.4000,18
2024-05-16,SC,etanol,49.9500,11
2024-05-16,SC,gasolina,135.8200,23
2024-05-16,SE,diesel_s10,6.2900,1
2024-05-16,SE,etanol,14.5800,3
2024-05-16,SE,gasolina,19.3800,3
2024-05-16,SP,diesel_s10,981.7700,163
2024-05-16,SP,etanol,787.1100,213
2024-05-16,SP,gasolina,1225.5800,216
2024-05-17,BA,diesel_s10,52.7600,9
2024-05-17,BA,etanol,45.0400,11
2024-05-17,BA,gasolina,64.4400,11
2024-05-17,CE,diesel_s10,5.4500,1
2024-05-17,CE,etanol,4.2900,1
2024-05-17,CE,gasolina,5.4900,1
2024-05-17,GO,diesel_s10,41.0300,7
2024-05-17,GO,etanol,27.5200,7
2024-05-17,GO,gasolina,40.4300,7
2024-05-17,MG,diesel_s10,29.7100,5
2024-05-17,MG,etanol,23.6700,6
2024-05-17,MG,gasolina,34.8500,6
2024-05-17,PA,diesel_s10,49.7700,8
2024-05-17,PA,etanol,72.7400,16
2024-05-17,PA,gasolina,100.4700,17
2024-05-17,PR,diesel_s10,129.4600,22
2024-05-17,PR,etanol,127.7600,32
2024-05-17,PR,gasolina,184.6500,31
2024-05-17,RS,diesel_s10,5.8900,1
2024-05-17,RS,etanol,4.3900,1
2024-05-17,RS,gasolina,5.8900,1
2024-05-17,SC,diesel_s10,11.9400,2
2024-05-17,SC,etanol,12.7400,3
2024-05-17,SC,gasolina,17.8400,3
2024-05-17,SP,diesel_s10,17.4500,3
2024-05-17,SP,etanol,18.8200,5
2024-05-17,SP,gasolina,27.7900,5
2024-05-20,AC,diesel_s10,43.7500,6
2024-05-20,AC,etanol,19.9100,4
2024-05-20,AC,gasolina,42.1000,6
2024-05-20,AL,diesel_s10,170.6300,28
2024-05-20,AL,etanol,175.8500,39
2024-05-20,AL,gasolina,247.5100,41
2024-05-20,AM,diesel_s10,150.0500,24
2024-05-20,AM,etanol,112.1100,26
2024-05-20,AM,gasolina,213.7300,34
2024-05-20,BA,diesel_s10,134.4000,22
2024-05-20,BA,etanol,127.1700,28
2024-05-20,BA,gasolina,183.6800,29
2024-05-20,CE,diesel_s10,279.4200,47
2024-05-20,CE,etanol,230.5400,49
2024-05-20,CE,gasolina,347.7600,58
2024-05-20,ES,diesel_s10,157.8200,26
2024-05-20,ES,etanol,87.2000,21
2024-05-20,ES,gasolina,243.5100,41
2024-05-20,GO,diesel_s10,419.0700,71
2024-05-20,GO,etanol,323.9600,90
2024-05-20,GO,gasolina,527.5800,94
2024-05-20,MA,diesel_s10,176.3700,29
2024-05-20,MA,etanol,66.8400,14
2024-05-20,MA,gasolina,193.4100,32
2024-05-20,MG,diesel_s10,729.7700,124
2024-05-20,MG,etanol,645.7200,161
2024-05-20,MG,gasolina,975.9900,167
2024-05-20,MS,diesel_s10,100.6600,16
2024-05-20,MS,etanol,59.5300,15
2024-05-20,MS,gasolina,169.1800,28
2024-05-20,MT,diesel_s10,138.3900,22
2024-05-20,MT,etanol,125.1500,34
2024-05-20,MT,gasolina,218.3500,36
2024-05-20,PA,diesel_s10,262.4900,43
2024-05-20,PA,etanol,118.2900,27
2024-05-20,PA,gasolina,367.4500,62
2024-05-20,PB,diesel_s10,109.2700,19
2024-05-20,PB,etanol,110.8300,26
2024-05-20,PB,gasolina,151.4000,26
2024-05-20,PE,diesel_s10,333.9900,59
2024-05-20,PE,etanol,263.1300,61
2024-05-20,PE,gasolina,400.3700,69
2024-05-20,PI,diesel_s10,30.6800,5
2024-05-20,PI,etanol,24.4900,6
2024-05-20,PI,gasolina,34.2200,6
2024-05-20,PR,diesel_s10,224.2300,38
2024-05-20,PR,etanol,229.9500,58
2024-05-20,PR,gasolina,348.5600,58
2024-05-20,RJ,diesel_s10,743.8600,123
2024-05-20,RJ,etanol,739.8700,175
2024-05-20,RJ,gasolina,1080.4700,187
2024-05-20,RN,diesel_s10,36.4000,6
2024-05-20,RN,etanol,63.5900,13
2024-05-20,RN,gasolina,80.4900,13
2024-05-20,RO,diesel_s10,175.0100,27
2024-05-20,RO,etanol,58.9200,12
2024-05-20,RO,gasolina,195.8900,31
2024-05-20,RR,diesel_s10,6.3700,1
2024-05-20,RR,etanol,4.7900,1
2024-05-20,RR,gasolina,6.1400,1
2024-05-20,RS,diesel_s10,693.4200,113
2024-05-20,RS,etanol,259.9000,55
2024-05-20,RS,gasolina,806.6200,135
2024-05-20,SC,diesel_s10,410.1300,68
2024-05-20,SC,etanol,227.9600,53
2024-05-20,SC,gasolina,634.0300,105
2024-05-20,SE,diesel_s10,60.7100,10
2024-05-20,SE,etanol,72.5300,15
2024-05-20,SE,gasolina,101.6400,16
2024-05-20,SP,diesel_s10,2136.8100,356
2024-05-20,SP,etanol,1987.7500,539
2024-05-20,SP,gasolina,3112.2900,551
2024-05-20,TO,diesel_s10,23.5600,4
2024-05-20,TO,etanol,30.0800,7
2024-05-20,TO,gasolina,49.3600,8
2024-05-21,AC,diesel_s10,80.7900,11
2024-05-21,AC,etanol,29.6000,6
2024-05-21,AC,gasolina,84.8300,12
2024-05-21,AL,diesel_s10,80.4800,13
2024-05-21,AL,etanol,68.8400,15
2024-05-21,AL,gasolina,109.6700,18
2024-05-21,AM,diesel_s10,65.7900,10
2024-05-21,AM,etanol,17.4600,4
2024-05-21,AM,gasolina,77.8000,11
2024-05-21,BA,diesel_s10,276.4100,46
2024-05-21,BA,etanol,221.4800,49
2024-05-21,BA,gasolina,322.2000,51
2024-05-21,CE,diesel_s10,231.4300,39
2024-05-21,CE,etanol,220.2600,47
2024-05-21,CE,gasolina,298.0300,50
2024-05-21,DF,diesel_s10,64.1300,11
2024-05-21,DF,etanol,75.7900,20
2024-05-21,DF,gasolina,156.5100,28
2024-05-21,ES,diesel_s10,150.3200,25
2024-05-21,ES,etanol,92.2300,22
2024-05-21,ES,gasolina,203.8400,34
2024-05-21,GO,diesel_s10,128.7500,22
2024-05-21,GO,etanol,107.0100,28
2024-05-21,GO,gasolina,143.7700,25
2024-05-21,MA,diesel_s10,185.3700,32
2024-05-21,MA,etanol,74.5900,16
2024-05-21,MA,gasolina,226.1200,39
2024-05-21,MG,diesel_s10,655.4200,111
2024-05-21,MG,etanol,591.6200,151
2024-05-21,MG,gasolina,897.5400,155
2024-05-21,MS,diesel_s10,121.3700,20
2024-05-21,MS,etanol,92.5800,24
2024-05-21,MS,gasolina,180.3700,31
2024-05-21,MT,diesel_s10,42.3900,7
2024-05-21,MT,etanol,46.3200,13
2024-05-21,MT,gasolina,81.6000,14
2024-05-21,PA,diesel_s10,47.5300,8
2024-05-21,PA,etanol,25.3200,6
2024-05-21,PA,gasolina,69.9800,12
2024-05-21,PB,diesel_s10,130.9000,22
2024-05-21,PB,etanol,82.1800,19
2024-05-21,PB,gasolina,151.4500,26
2024-05-21,PE,diesel_s10,92.3800,16
2024-05-21,PE,etanol,70.7300,16
2024-05-21,PE,gasolina,112.0500,19
2024-05-21,PI,diesel_s10,95.7300,16
2024-05-21,PI,etanol,67.0100,16
2024-05-21,PI,gasolina,120.3900,21
2024-05-21,PR,diesel_s10,469.9800,79
2024-05-21,PR,etanol,389.9500,99
2024-05-21,PR,gasolina,589.6200,99
2024-05-21,RJ,diesel_s10,229.9700,37
2024-05-21,RJ,etanol,240.9500,57
2024-05-21,RJ,gasolina,377.5400,64
2024-05-21,RN,diesel_s10,65.4000,10
2024-05-21,RN,etanol,71.6100,14
2024-05-21,RN,gasolina,95.2400,15
2024-05-21,RO,diesel_s10,128.7900,20
2024-05-21,RO,etanol,32.8900,7
2024-05-21,RO,gasolina,148.0400,23
2024-05-21,RR,diesel_s10,57.4700,9
2024-05-21,RR,etanol,14.3700,3
2024-05-21,RR,gasolina,67.5600,11
2024-05-21,RS,diesel_s10,291.7200,48
2024-05-21,RS,etanol,101.8900,22
2024-05-21,RS,gasolina,389.6700,66
2024-05-21,SC,diesel_s10,82.1700,14
2024-05-21,SC,etanol,42.2200,10
2024-05-21,SC,gasolina,112.6300,19
2024-05-21,SE,diesel_s10,34.9200,6
2024-05-21,SE,etanol,14.1400,3
2024-05-21,SE,gasolina,43.2000,7
2024-05-21,SP,diesel_s10,1416.0600,239
2024-05-21,SP,etanol,1274.6200,347
2024-05-21,SP,gasolina,1963.6000,350
2024-05-21,TO,diesel_s10,120.3200,21
2024-05-21,TO,etanol,69.3000,16
2024-05-21,TO,gasolina,150.7500,25
2024-05-22,AC,diesel_s10,21.4700,3
2024-05-22,AC,etanol,13.7700,3
2024-05-22,AC,gasolina,27.2600,4
2024-05-22,AL,etanol,4.2900,1
2024-05-22,AL,gasolina,5.8900,1
2024-05-22,AM,diesel_s10,37.9400,6
2024-05-22,AM,etanol,25.7000,6
2024-05-22,AM,gasolina,57.9100,9
2024-05-22,AP,diesel_s10,12.6300,2
2024-05-22,AP,gasolina,11.3400,2
2024-05-22,BA,diesel_s10,312.6700,52
2024-05-22,BA,etanol,288.9400,65
2024-05-22,BA,gasolina,407.6300,66
2024-05-22,CE,diesel_s10,221.4600,36
2024-05-22,CE,etanol,160.7700,33
2024-05-22,CE,gasolina,258.6900,42
2024-05-22,DF,diesel_s10,53.5200,9
2024-05-22,DF,etanol,47.0600,12
2024-05-22,DF,gasolina,121.0200,21
2024-05-22,ES,diesel_s10,60.8300,10
2024-05-22,ES,etanol,40.3400,9
2024-05-22,ES,gasolina,75.1600,12
2024-05-22,GO,diesel_s10,64.0100,11
2024-05-22,GO,etanol,57.3200,16
2024-05-22,GO,gasolina,89.7200,16
2024-05-22,MA,diesel_s10,91.8600,16
2024-05-22,MA,etanol,58.8300,13
2024-05-22,MA,gasolina,96.7500,17
2024-05-22,MG,diesel_s10,384.9600,64
2024-05-22,MG,etanol,331.8500,82
2024-05-22,MG,gasolina,512.2200,87
2024-05-22,MS,diesel_s10,24.2100,4
2024-05-22,MS,etanol,15.6500,4
2024-05-22,MS,gasolina,23.6000,4
2024-05-22,MT,diesel_s10,58.1500,10
2024-05-22,MT,etanol,63.1000,18
2024-05-22,MT,gasolina,101.5200,18
2024-05-22,PA,diesel_s10,186.8200,30
2024-05-22,PA,etanol,39.7200,9
2024-05-22,PA,gasolina,234.7200,38
2024-05-22,PB,diesel_s10,35.8100,6
2024-05-22,PB,etanol,56.3600,13
2024-05-22,PB,gasolina,69.8200,12
2024-05-22,PE,diesel_s10,196.6500,34
2024-05-22,PE,etanol,138.5000,31
2024-05-22,PE,gasolina,237.0500,40
2024-05-22,PI,diesel_s10,83.1900,14
2024-05-22,PI,etanol,63.7300,15
2024-05-22,PI,gasolina,114.2900,20
2024-05-22,PR,diesel_s10,221.5300,37
2024-05-22,PR,etanol,215.3000,54
2024-05-22,PR,gasolina,311.2100,52
2024-05-22,RJ,diesel_s10,196.5300,32
2024-05-22,RJ,etanol,169.1800,39
2024-05-22,RJ,gasolina,253.2900,42
2024-05-22,RN,diesel_s10,30.9700,5
2024-05-22,RN,etanol,24.3500,5
2024-05-22,RN,gasolina,44.2600,7
2024-05-22,RO,diesel_s10,18.2300,3
2024-05-22,RO,etanol,14.2100,3
2024-05-22,RO,gasolina,33.1900,5
2024-05-22,RR,diesel_s10,19.0600,3
2024-05-22,RR,gasolina,18.4200,3
2024-05-22,RS,diesel_s10,220.1800,37
2024-05-22,RS,etanol,91.7700,20
2024-05-22,RS,gasolina,286.7100,49
2024-05-22,SC,diesel_s10,91.4100,15
2024-05-22,SC,etanol,90.6900,21
2024-05-22,SC,gasolina,163.8600,28
2024-05-22,SE,diesel_s10,24.1200,4
2024-05-22,SE,etanol,38.8500,8
2024-05-22,SE,gasolina,50.8800,8
2024-05-22,SP,diesel_s10,853.7800,142
2024-05-22,SP,etanol,729.4900,195
2024-05-22,SP,gasolina,1106.7500,195
2024-05-22,TO,diesel_s10,52.0500,9
2024-05-22,TO,etanol,29.3900,7
2024-05-22,TO,gasolina,54.6700,9
2024-05-23,AP,diesel_s10,32.2800,5
2024-05-23,AP,etanol,4.9900,1
2024-05-23,AP,gasolina,28.5500,5
2024-05-23,BA,diesel_s10,565.3800,95
2024-05-23,BA,etanol,537.8400,120
2024-05-23,BA,gasolina,731.8300,119
2024-05-23,CE,diesel_s10,19.5800,3
2024-05-23,CE,etanol,10.0300,2
2024-05-23,CE,gasolina,12.5800,2
2024-05-23,ES,diesel_s10,76.6700,13
2024-05-23,ES,etanol,46.0600,11
2024-05-23,ES,gasolina,90.3600,15
2024-05-23,GO,diesel_s10,269.6300,46
2024-05-23,GO,etanol,244.2000,65
2024-05-23,GO,gasolina,370.8600,65
2024-05-23,MA,diesel_s10,163.7600,29
2024-05-23,MA,etanol,66.5200,15
2024-05-23,MA,gasolina,164.0600,29
2024-05-23,MG,diesel_s10,502.8500,86
2024-05-23,MG,etanol,447.7800,114
2024-05-23,MG,gasolina,677.6400,118
2024-05-23,MS,diesel_s10,29.7300,5
2024-05-23,MS,etanol,30.6400,8
2024-05-23,MS,gasolina,52.7300,9
2024-05-23,MT,diesel_s10,17.3100,3
2024-05-23,MT,etanol,14.3900,4
2024-05-23,MT,gasolina,22.6500,4
2024-05-23,PA,diesel_s10,117.7200,20
2024-05-23,PA,etanol,40.4600,10
2024-05-23,PA,gasolina,134.4800,23
2024-05-23,PE,diesel_s10,318.4600,55
2024-05-23,PE,etanol,220.2200,49
2024-05-23,PE,gasolina,339.8000,57
2024-05-23,PI,diesel_s10,36.0100,6
2024-05-23,PI,etanol,24.9400,6
2024-05-23,PI,gasolina,57.5400,10
2024-05-23,PR,diesel_s10,222.6000,38
2024-05-23,PR,etanol,271.8300,68
2024-05-23,PR,gasolina,391.1700,66
2024-05-23,RJ,diesel_s10,121.0500,20
2024-05-23,RJ,etanol,140.9000,33
2024-05-23,RJ,gasolina,203.6000,35
2024-05-23,RN,diesel_s10,29.5400,5
2024-05-23,RN,etanol,61.1000,13
2024-05-23,RN,gasolina,81.6900,13
2024-05-23,RO,diesel_s10,6.4500,1
2024-05-23,RO,gasolina,6.6400,1
2024-05-23,RR,diesel_s10,12.7400,2
2024-05-23,RR,etanol,4.7900,1
2024-05-23,RR,gasolina,12.2800,2
2024-05-23,RS,diesel_s10,63.9500,11
2024-05-23,RS,etanol,22.8500,5
2024-05-23,RS,gasolina,64.9900,11
2024-05-23,SC,diesel_s10,131.9200,22
2024-05-23,SC,etanol,44.1000,10
2024-05-23,SC,gasolina,143.4900,24
2024-05-23,SE,diesel_s10,29.1900,5
2024-05-23,SE,etanol,23.4500,5
2024-05-23,SE,gasolina,49.2000,8
2024-05-23,SP,diesel_s10,720.5100,122
2024-05-23,SP,etanol,571.2600,158
2024-05-23,SP,gasolina,912.1100,161
2024-05-23,TO,diesel_s10,45.8300,8
2024-05-23,TO,etanol,30.2700,7
2024-05-23,TO,gasolina,48.2900,8
2024-05-24,AM,diesel_s10,7.0900,1
2024-05-24,AM,gasolina,6.7000,1
2024-05-24,BA,diesel_s10,64.7300,11
2024-05-24,BA,etanol,61.3300,15
2024-05-24,BA,gasolina,87.9900,15
2024-05-24,CE,diesel_s10,16.4900,3
2024-05-24,CE,etanol,18.0200,4
2024-05-24,CE,gasolina,23.5800,4
2024-05-24,ES,diesel_s10,6.2900,1
2024-05-24,ES,etanol,9.3700,2
2024-05-24,ES,gasolina,13.3800,2
2024-05-24,MG,diesel_s10,5.7900,1
2024-05-24,MG,etanol,11.5400,3
2024-05-24,MG,gasolina,11.4800,2
2024-05-24,PR,diesel_s10,37.0200,6
2024-05-24,PR,etanol,32.9800,8
2024-05-24,PR,gasolina,53.3400,9
2024-05-24,RJ,diesel_s10,29.4500,5
2024-05-24,RJ,etanol,23.9400,6
2024-05-24,RJ,gasolina,33.0400,6
2024-05-24,RN,diesel_s10,12.0400,2
2024-05-24,RN,etanol,4.8700,1
2024-05-24,RN,gasolina,6.1800,1
2024-05-24,SC,diesel_s10,35.5600,6
2024-05-24,SC,etanol,22.7100,5
2024-05-24,SC,gasolina,82.3200,14
2024-05-24,SP,diesel_s10,36.0700,6
2024-05-24,SP,etanol,40.3500,11
2024-05-24,SP,gasolina,74.6800,13
2024-05-27,AC,diesel_s10,78.9100,11
2024-05-27,AC,etanol,42.4100,9
2024-05-27,AC,gasolina,89.2500,13
2024-05-27,AL,diesel_s10,215.9900,35
2024-05-27,AL,etanol,196.3800,43
2024-05-27,AL,gasolina,278.9500,46
2024-05-27,AM,diesel_s10,138.9700,23
2024-05-27,AM,etanol,120.6900,28
2024-05-27,AM,gasolina,213.8500,34
2024-05-27,BA,diesel_s10,132.5900,22
2024-05-27,BA,etanol,116.5700,26
2024-05-27,BA,gasolina,169.8400,27
2024-05-27,CE,diesel_s10,236.1500,39
2024-05-27,CE,etanol,206.7100,43
2024-05-27,CE,gasolina,285.6800,47
2024-05-27,DF,diesel_s10,11.7300,2
2024-05-27,DF,etanol,7.8900,2
2024-05-27,DF,gasolina,28.6100,5
2024-05-27,ES,diesel_s10,210.5800,35
2024-05-27,ES,etanol,131.5400,31
2024-05-27,ES,gasolina,301.8600,51
2024-05-27,GO,diesel_s10,432.7200,74
2024-05-27,GO,etanol,348.1000,91
2024-05-27,GO,gasolina,516.6300,89
2024-05-27,MA,diesel_s10,215.1700,37
2024-05-27,MA,etanol,100.8500,22
2024-05-27,MA,gasolina,231.5300,40
2024-05-27,MG,diesel_s10,527.2300,90
2024-05-27,MG,etanol,526.3900,132
2024-05-27,MG,gasolina,800.2000,137
2024-05-27,MS,diesel_s10,134.9400,22
2024-05-27,MS,etanol,103.1100,27
2024-05-27,MS,gasolina,253.5700,43
2024-05-27,MT,diesel_s10,149.2800,24
2024-05-27,MT,etanol,108.0800,30
2024-05-27,MT,gasolina,184.0600,31
2024-05-27,PA,diesel_s10,138.3300,23
2024-05-27,PA,etanol,59.5700,14
2024-05-27,PA,gasolina,228.0200,39
2024-05-27,PB,diesel_s10,139.9500,24
2024-05-27,PB,etanol,148.4400,34
2024-05-27,PB,gasolina,216.4300,37
2024-05-27,PE,diesel_s10,288.0000,51
2024-05-27,PE,etanol,219.8800,51
2024-05-27,PE,gasolina,359.3700,62
2024-05-27,PI,diesel_s10,59.4400,10
2024-05-27,PI,etanol,29.1800,7
2024-05-27,PI,gasolina,68.6900,12
2024-05-27,PR,diesel_s10,214.1900,36
2024-05-27,PR,etanol,216.5800,55
2024-05-27,PR,gasolina,344.4400,58
2024-05-27,RJ,diesel_s10,626.0500,103
2024-05-27,RJ,etanol,623.5400,147
2024-05-27,RJ,gasolina,897.1600,154
2024-05-27,RN,diesel_s10,80.9500,13
2024-05-27,RN,etanol,78.9600,16
2024-05-27,RN,gasolina,112.3300,18
2024-05-27,RO,diesel_s10,125.3300,19
2024-05-27,RO,etanol,44.4200,9
2024-05-27,RO,gasolina,151.3200,24
2024-05-27,RR,diesel_s10,50.4800,8
2024-05-27,RR,etanol,9.5800,2
2024-05-27,RR,gasolina,55.2600,9
2024-05-27,RS,diesel_s10,254.4600,42
2024-05-27,RS,etanol,116.5800,25
2024-05-27,RS,gasolina,383.9700,65
2024-05-27,SC,diesel_s10,174.0300,29
2024-05-27,SC,etanol,131.6300,30
2024-05-27,SC,gasolina,332.4300,55
2024-05-27,SE,diesel_s10,47.7100,8
2024-05-27,SE,etanol,52.7600,11
2024-05-27,SE,gasolina,82.4300,13
2024-05-27,SP,diesel_s10,1534.6800,257
2024-05-27,SP,etanol,1564.5500,427
2024-05-27,SP,gasolina,2444.0200,432
2024-05-27,TO,diesel_s10,104.6300,18
2024-05-27,TO,etanol,77.9800,18
2024-05-27,TO,gasolina,149.7000,25
2024-05-28,AC,etanol,4.5900,1
2024-05-28,AC,gasolina,6.7900,1
2024-05-28,AL,diesel_s10,29.3100,5
2024-05-28,AL,etanol,35.3800,8
2024-05-28,AL,gasolina,41.2900,7
2024-05-28,AM,diesel_s10,48.2300,7
2024-05-28,AM,etanol,17.1600,4
2024-05-28,AM,gasolina,71.2100,10
2024-05-28,BA,diesel_s10,348.0500,58
2024-05-28,BA,etanol,286.8200,64
2024-05-28,BA,gasolina,391.8500,63
2024-05-28,CE,diesel_s10,185.5300,32
2024-05-28,CE,etanol,187.8100,41
2024-05-28,CE,gasolina,245.6600,42
2024-05-28,DF,diesel_s10,133.5400,23
2024-05-28,DF,etanol,102.8500,27
2024-05-28,DF,gasolina,214.0300,37
2024-05-28,ES,diesel_s10,102.7800,17
2024-05-28,ES,etanol,75.5400,18
2024-05-28,ES,gasolina,140.0400,23
2024-05-28,GO,diesel_s10,211.1400,36
2024-05-28,GO,etanol,215.9600,55
2024-05-28,GO,gasolina,305.1400,52
2024-05-28,MA,diesel_s10,227.3400,39
2024-05-28,MA,etanol,119.3500,26
2024-05-28,MA,gasolina,238.9500,41
2024-05-28,MG,diesel_s10,837.2600,143
2024-05-28,MG,etanol,749.3200,189
2024-05-28,MG,gasolina,1156.5000,199
2024-05-28,MS,diesel_s10,29.3300,5
2024-05-28,MS,etanol,20.9900,6
2024-05-28,MS,gasolina,38.5500,7
2024-05-28,MT,diesel_s10,35.4000,6
2024-05-28,MT,etanol,41.9700,12
2024-05-28,MT,gasolina,75.1000,13
2024-05-28,PA,diesel_s10,189.7100,31
2024-05-28,PA,etanol,82.6300,19
2024-05-28,PA,gasolina,235.9600,39
2024-05-28,PB,diesel_s10,53.1000,9
2024-05-28,PB,etanol,41.6500,9
2024-05-28,PB,gasolina,76.3200,13
2024-05-28,PE,diesel_s10,277.5900,49
2024-05-28,PE,etanol,231.1500,53
2024-05-28,PE,gasolina,321.7400,55
2024-05-28,PI,diesel_s10,79.0100,13
2024-05-28,PI,etanol,70.7500,17
2024-05-28,PI,gasolina,114.4600,20
2024-05-28,PR,diesel_s10,286.4300,49
2024-05-28,PR,etanol,256.3500,65
2024-05-28,PR,gasolina,390.2400,65
2024-05-28,RJ,diesel_s10,412.6300,67
2024-05-28,RJ,etanol,429.6900,101
2024-05-28,RJ,gasolina,649.9900,111
2024-05-28,RN,diesel_s10,35.4400,6
2024-05-28,RN,etanol,67.2100,14
2024-05-28,RN,gasolina,68.2800,11
2024-05-28,RO,diesel_s10,172.7900,27
2024-05-28,RO,etanol,67.0700,14
2024-05-28,RO,gasolina,231.3400,36
2024-05-28,RR,diesel_s10,44.0300,7
2024-05-28,RR,etanol,9.5800,2
2024-05-28,RR,gasolina,42.9800,7
2024-05-28,RS,diesel_s10,237.6900,39
2024-05-28,RS,etanol,60.8000,13
2024-05-28,RS,gasolina,333.8200,57
2024-05-28,SC,diesel_s10,385.5200,64
2024-05-28,SC,etanol,246.8100,57
2024-05-28,SC,gasolina,526.9400,88
2024-05-28,SE,diesel_s10,70.6700,12
2024-05-28,SE,etanol,52.5500,11
2024-05-28,SE,gasolina,93.8900,15
2024-05-28,SP,diesel_s10,1462.1600,245
2024-05-28,SP,etanol,1201.6100,332
2024-05-28,SP,gasolina,1858.5400,332
2024-05-28,TO,diesel_s10,45.4000,8
2024-05-28,TO,etanol,30.8300,7
2024-05-28,TO,gasolina,55.6900,9
2024-05-29,AL,diesel_s10,24.1900,4
2024-05-29,AL,etanol,18.2700,4
2024-05-29,AL,gasolina,24.0300,4
2024-05-29,AM,diesel_s10,61.3100,9
2024-05-29,AM,etanol,8.5400,2
2024-05-29,AM,gasolina,77.7100,11
2024-05-29,AP,diesel_s10,58.3600,9
2024-05-29,AP,etanol,4.9900,1
2024-05-29,AP,gasolina,116.9300,21
2024-05-29,BA,diesel_s10,477.7400,80
2024-05-29,BA,etanol,479.9700,107
2024-05-29,BA,gasolina,700.8300,114
2024-05-29,CE,diesel_s10,66.4800,11
2024-05-29,CE,etanol,43.6500,9
2024-05-29,CE,gasolina,73.3200,12
2024-05-29,DF,diesel_s10,5.9800,1
2024-05-29,DF,etanol,3.8500,1
2024-05-29,DF,gasolina,41.4000,7
2024-05-29,ES,diesel_s10,105.9600,18
2024-05-29,ES,etanol,67.5900,16
2024-05-29,ES,gasolina,147.4000,24
2024-05-29,GO,diesel_s10,47.0400,8
2024-05-29,GO,etanol,62.7600,16
2024-05-29,GO,gasolina,88.8700,15
2024-05-29,MA,diesel_s10,52.3500,9
2024-05-29,MA,etanol,18.2600,4
2024-05-29,MA,gasolina,51.4400,9
2024-05-29,MG,diesel_s10,351.0800,59
2024-05-29,MG,etanol,307.3800,77
2024-05-29,MG,gasolina,484.2300,83
2024-05-29,MS,diesel_s10,80.9200,13
2024-05-29,MS,etanol,48.8100,12
2024-05-29,MS,gasolina,90.9400,15
2024-05-29,MT,diesel_s10,119.1400,20
2024-05-29,MT,etanol,95.9200,27
2024-05-29,MT,gasolina,156.5600,27
2024-05-29,PA,diesel_s10,202.7500,32
2024-05-29,PA,etanol,88.4000,19
2024-05-29,PA,gasolina,234.6200,38
2024-05-29,PE,diesel_s10,237.2600,41
2024-05-29,PE,etanol,160.0300,36
2024-05-29,PE,gasolina,258.5600,44
2024-05-29,PI,diesel_s10,65.3900,11
2024-05-29,PI,etanol,53.8500,13
2024-05-29,PI,gasolina,79.6600,14
2024-05-29,PR,diesel_s10,326.3200,54
2024-05-29,PR,etanol,298.8500,76
2024-05-29,PR,gasolina,440.6600,75
2024-05-29,RJ,diesel_s10,294.0400,48
2024-05-29,RJ,etanol,267.9600,63
2024-05-29,RJ,gasolina,386.4900,66
2024-05-29,RN,diesel_s10,54.5100,9
2024-05-29,RN,etanol,47.9700,10
2024-05-29,RN,gasolina,81.8700,13
2024-05-29,RR,diesel_s10,6.4800,1
2024-05-29,RR,gasolina,6.1400,1
2024-05-29,RS,diesel_s10,270.9600,44
2024-05-29,RS,etanol,91.3600,19
2024-05-29,RS,gasolina,363.0400,60
2024-05-29,SC,diesel_s10,143.1200,24
2024-05-29,SC,etanol,76.6400,18
2024-05-29,SC,gasolina,223.0200,38
2024-05-29,SP,diesel_s10,879.6500,146
2024-05-29,SP,etanol,762.1200,207
2024-05-29,SP,gasolina,1154.9700,205
2024-05-29,TO,diesel_s10,62.7600,11
2024-05-29,TO,etanol,37.8600,9
2024-05-29,TO,gasolina,65.9400,11
2024-05-30,AM,diesel_s10,25.5500,4
2024-05-30,AM,etanol,17.6600,4
2024-05-30,AM,gasolina,25.1500,4
2024-05-30,AP,diesel_s10,6.9900,1
2024-05-30,AP,gasolina,11.6200,2
2024-05-30,BA,diesel_s10,257.3000,44
2024-05-30,BA,etanol,239.7000,54
2024-05-30,BA,gasolina,323.6400,53
2024-05-30,CE,diesel_s10,174.9100,28
2024-05-30,CE,etanol,146.8400,30
2024-05-30,CE,gasolina,220.5600,36
2024-05-30,ES,diesel_s10,23.6200,4
2024-05-30,ES,etanol,12.6700,3
2024-05-30,ES,gasolina,36.0500,6
2024-05-30,GO,diesel_s10,135.1100,23
2024-05-30,GO,etanol,126.7200,34
2024-05-30,GO,gasolina,193.5200,34
2024-05-30,MA,diesel_s10,75.3400,13
2024-05-30,MA,etanol,27.8200,6
2024-05-30,MA,gasolina,75.2300,13
2024-05-30,MG,diesel_s10,295.7800,51
2024-05-30,MG,etanol,257.1600,65
2024-05-30,MG,gasolina,375.9900,65
2024-05-30,MS,diesel_s10,18.8700,3
2024-05-30,MS,etanol,19.3800,5
2024-05-30,MS,gasolina,29.4800,5
2024-05-30,MT,diesel_s10,6.0000,1
2024-05-30,MT,etanol,3.6600,1
2024-05-30,MT,gasolina,5.7900,1
2024-05-30,PA,diesel_s10,49.2200,8
2024-05-30,PA,etanol,10.7400,2
2024-05-30,PA,gasolina,48.7200,8
2024-05-30,PB,diesel_s10,63.3400,11
2024-05-30,PB,etanol,45.8400,11
2024-05-30,PB,gasolina,63.2100,11
2024-05-30,PE,diesel_s10,117.2500,20
2024-05-30,PE,etanol,91.0600,20
2024-05-30,PE,gasolina,129.7700,21
2024-05-30,PI,diesel_s10,6.1900,1
2024-05-30,PI,gasolina,5.9800,1
2024-05-30,PR,diesel_s10,104.7100,18
2024-05-30,PR,etanol,95.6900,24
2024-05-30,PR,gasolina,150.8300,25
2024-05-30,RJ,diesel_s10,17.7200,3
2024-05-30,RJ,etanol,14.7700,3
2024-05-30,RJ,gasolina,19.2700,3
2024-05-30,RN,diesel_s10,17.5300,3
2024-05-30,RN,etanol,27.9000,6
2024-05-30,RN,gasolina,37.6400,6
2024-05-30,RO,diesel_s10,6.0900,1
2024-05-30,RO,etanol,4.7100,1
2024-05-30,RO,gasolina,6.5900,1
2024-05-30,RS,diesel_s10,429.3200,71
2024-05-30,RS,etanol,168.6600,37
2024-05-30,RS,gasolina,485.4200,82
2024-05-30,SE,diesel_s10,34.1400,6
2024-05-30,SE,etanol,23.3500,5
2024-05-30,SE,gasolina,48.8600,8
2024-05-30,SP,diesel_s10,684.2100,115
2024-05-30,SP,etanol,527.5100,143
2024-05-30,SP,gasolina,831.3000,147
2024-05-31,AC,diesel_s10,44.8500,6
2024-05-31,AC,etanol,16.6200,3
2024-05-31,AC,gasolina,43.8300,6
2024-05-31,AM,diesel_s10,42.1400,6
2024-05-31,AM,etanol,14.2100,3
2024-05-31,AM,gasolina,66.8800,10
2024-05-31,BA,diesel_s10,71.5000,12
2024-05-31,BA,etanol,63.5000,14
2024-05-31,BA,gasolina,94.0300,15
2024-05-31,CE,diesel_s10,68.2700,12
2024-05-31,CE,etanol,69.2800,15
2024-05-31,CE,gasolina,88.0100,15
2024-05-31,GO,diesel_s10,35.6500,6
2024-05-31,GO,etanol,26.6300,7
2024-05-31,GO,gasolina,40.7600,7
2024-05-31,MA,diesel_s10,58.2100,10
2024-05-31,MA,etanol,27.6500,6
2024-05-31,MA,gasolina,66.0900,11
2024-05-31,MG,diesel_s10,172.6300,29
2024-05-31,MG,etanol,123.8300,33
2024-05-31,MG,gasolina,186.5800,33
2024-05-31,MS,diesel_s10,41.8000,7
2024-05-31,MS,etanol,28.2400,7
2024-05-31,MS,gasolina,41.4000,7
2024-05-31,PA,diesel_s10,7.1900,1
2024-05-31,PA,gasolina,5.8900,1
2024-05-31,PB,diesel_s10,23.7600,4
2024-05-31,PB,etanol,17.1600,4
2024-05-31,PB,gasolina,23.0600,4
2024-05-31,PE,diesel_s10,34.5600,6
2024-05-31,PE,etanol,35.9700,8
2024-05-31,PE,gasolina,46.9600,8
2024-05-31,PR,diesel_s10,186.2600,32
2024-05-31,PR,etanol,190.5400,48
2024-05-31,PR,gasolina,267.6400,45
2024-05-31,RO,diesel_s10,12.0400,2
2024-05-31,RO,etanol,4.7100,1
2024-05-31,RO,gasolina,19.8300,3
2024-05-31,RS,diesel_s10,52.9500,9
2024-05-31,RS,etanol,18.0600,4
2024-05-31,RS,gasolina,46.8000,8
2024-05-31,SC,diesel_s10,88.8800,15
2024-05-31,SC,etanol,31.6100,7
2024-05-31,SC,gasolina,83.0400,14
2024-05-31,SE,diesel_s10,6.1700,1
2024-05-31,SE,etanol,14.6400,3
2024-05-31,SE,gasolina,19.1300,3
2024-05-31,SP,diesel_s10,350.4300,59
2024-05-31,SP,etanol,278.8800,78
2024-05-31,SP,gasolina,435.9500,78
2024-06-03,AC,diesel_s10,64.2700,9
2024-06-03,AC,etanol,37.4200,8
2024-06-03,AC,gasolina,75.4700,11
2024-06-03,AL,diesel_s10,171.9800,28
2024-06-03,AL,etanol,169.1700,37
2024-06-03,AL,gasolina,225.1100,37
2024-06-03,AM,diesel_s10,168.9200,28
2024-06-03,AM,etanol,145.4200,33
2024-06-03,AM,gasolina,236.6200,37
2024-06-03,BA,diesel_s10,320.9000,52
2024-06-03,BA,etanol,271.9400,60
2024-06-03,BA,gasolina,407.7600,64
2024-06-03,CE,diesel_s10,191.2900,32
2024-06-03,CE,etanol,171.7000,36
2024-06-03,CE,gasolina,219.3900,37
2024-06-03,DF,diesel_s10,92.3600,16
2024-06-03,DF,etanol,76.7500,20
2024-06-03,DF,gasolina,152.1500,26
2024-06-03,ES,diesel_s10,157.7500,26
2024-06-03,ES,etanol,99.5100,24
2024-06-03,ES,gasolina,238.2000,40
2024-06-03,GO,diesel_s10,340.4900,58
2024-06-03,GO,etanol,314.5700,82
2024-06-03,GO,gasolina,458.5100,79
2024-06-03,MA,diesel_s10,125.1400,21
2024-06-03,MA,etanol,59.9300,13
2024-06-03,MA,gasolina,143.7000,24
2024-06-03,MG,diesel_s10,747.9500,127
2024-06-03,MG,etanol,721.8800,181
2024-06-03,MG,gasolina,1092.5900,187
2024-06-03,MS,diesel_s10,154.7400,25
2024-06-03,MS,etanol,118.8600,30
2024-06-03,MS,gasolina,281.8900,47
2024-06-03,MT,diesel_s10,117.1800,19
2024-06-03,MT,etanol,103.2800,29
2024-06-03,MT,gasolina,181.5500,31
2024-06-03,PA,diesel_s10,193.5600,31
2024-06-03,PA,etanol,76.9400,18
2024-06-03,PA,gasolina,261.7100,44
2024-06-03,PB,diesel_s10,104.1300,18
2024-06-03,PB,etanol,113.5800,26
2024-06-03,PB,gasolina,163.9800,28
2024-06-03,PE,diesel_s10,490.3700,87
2024-06-03,PE,etanol,371.6700,85
2024-06-03,PE,gasolina,599.1600,103
2024-06-03,PI,diesel_s10,102.3700,17
2024-06-03,PI,etanol,57.8500,14
2024-06-03,PI,gasolina,113.9900,20
2024-06-03,PR,diesel_s10,293.6200,50
2024-06-03,PR,etanol,272.0100,69
2024-06-03,PR,gasolina,427.2400,71
2024-06-03,RJ,diesel_s10,628.5300,104
2024-06-03,RJ,etanol,609.5000,144
2024-06-03,RJ,gasolina,895.6700,155
2024-06-03,RN,diesel_s10,105.8300,17
2024-06-03,RN,etanol,122.1700,25
2024-06-03,RN,gasolina,169.0900,27
2024-06-03,RO,diesel_s10,137.0300,21
2024-06-03,RO,etanol,44.8200,9
2024-06-03,RO,gasolina,163.5400,26
2024-06-03,RR,diesel_s10,37.8200,6
2024-06-03,RR,etanol,19.1600,4
2024-06-03,RR,gasolina,42.9800,7
2024-06-03,RS,diesel_s10,417.2600,68
2024-06-03,RS,etanol,149.4200,32
2024-06-03,RS,gasolina,500.2100,85
2024-06-03,SC,diesel_s10,444.1800,74
2024-06-03,SC,etanol,291.9500,67
2024-06-03,SC,gasolina,690.5000,116
2024-06-03,SE,diesel_s10,41.4200,7
2024-06-03,SE,etanol,33.5800,7
2024-06-03,SE,gasolina,57.0300,9
2024-06-03,SP,diesel_s10,2049.8100,343
2024-06-03,SP,etanol,1915.2100,525
2024-06-03,SP,gasolina,2979.1200,527
2024-06-03,TO,diesel_s10,150.3700,26
2024-06-03,TO,etanol,95.4200,22
2024-06-03,TO,gasolina,167.3600,28
2024-06-04,AC,diesel_s10,14.3800,2
2024-06-04,AC,etanol,4.5900,1
2024-06-04,AC,gasolina,20.3800,3
2024-06-04,AL,diesel_s10,47.1300,8
2024-06-04,AL,etanol,57.1400,13
2024-06-04,AL,gasolina,76.0300,13
2024-06-04,AM,diesel_s10,6.8900,1
2024-06-04,AM,etanol,4.5900,1
2024-06-04,AM,gasolina,12.7800,2
2024-06-04,BA,diesel_s10,167.0200,28
2024-06-04,BA,etanol,141.4900,31
2024-06-04,BA,gasolina,188.0400,30
2024-06-04,CE,diesel_s10,291.7400,49
2024-06-04,CE,etanol,249.1300,53
2024-06-04,CE,gasolina,342.7100,58
2024-06-04,DF,diesel_s10,29.3500,5
2024-06-04,DF,etanol,24.1000,6
2024-06-04,DF,gasolina,123.3300,21
2024-06-04,ES,diesel_s10,172.6800,29
2024-06-04,ES,etanol,108.2400,26
2024-06-04,ES,gasolina,227.5800,38
2024-06-04,GO,diesel_s10,234.7500,40
2024-06-04,GO,etanol,187.4900,48
2024-06-04,GO,gasolina,288.8400,49
2024-06-04,MA,diesel_s10,283.0700,49
2024-06-04,MA,etanol,131.7800,29
2024-06-04,MA,gasolina,306.2700,53
2024-06-04,MG,diesel_s10,569.8500,97
2024-06-04,MG,etanol,505.6000,128
2024-06-04,MG,gasolina,743.6000,128
2024-06-04,MS,diesel_s10,60.6300,10
2024-06-04,MS,etanol,44.6900,12
2024-06-04,MS,gasolina,85.1200,15
2024-06-04,MT,diesel_s10,74.6900,12
2024-06-04,MT,etanol,57.2600,16
2024-06-04,MT,gasolina,96.0900,16
2024-06-04,PA,diesel_s10,37.5000,6
2024-06-04,PA,etanol,17.3200,4
2024-06-04,PA,gasolina,67.5700,11
2024-06-04,PB,diesel_s10,54.1000,9
2024-06-04,PB,etanol,26.8200,6
2024-06-04,PB,gasolina,76.2400,13
2024-06-04,PE,diesel_s10,164.7800,29
2024-06-04,PE,etanol,161.7100,37
2024-06-04,PE,gasolina,219.9200,38
2024-06-04,PI,diesel_s10,30.2300,5
2024-06-04,PI,etanol,44.9300,11
2024-06-04,PI,gasolina,63.1800,11
2024-06-04,PR,diesel_s10,194.8600,33
2024-06-04,PR,etanol,160.9300,42
2024-06-04,PR,gasolina,229.1100,39
2024-06-04,RJ,diesel_s10,410.7200,67
2024-06-04,RJ,etanol,441.5300,104
2024-06-04,RJ,gasolina,660.9400,112
2024-06-04,RN,diesel_s10,6.8800,1
2024-06-04,RN,etanol,11.1800,2
2024-06-04,RN,gasolina,12.9800,2
2024-06-04,RO,diesel_s10,159.8900,25
2024-06-04,RO,etanol,57.0400,12
2024-06-04,RO,gasolina,193.2300,30
2024-06-04,RR,diesel_s10,56.6100,9
2024-06-04,RR,etanol,4.7900,1
2024-06-04,RR,gasolina,61.4000,10
2024-06-04,RS,diesel_s10,456.4600,76
2024-06-04,RS,etanol,219.5800,48
2024-06-04,RS,gasolina,714.9100,122
2024-06-04,SC,diesel_s10,108.9000,18
2024-06-04,SC,etanol,73.3000,17
2024-06-04,SC,gasolina,167.1600,28
2024-06-04,SE,diesel_s10,69.9800,12
2024-06-04,SE,etanol,52.4600,11
2024-06-04,SE,gasolina,100.0100,16
2024-06-04,SP,diesel_s10,1267.0900,214
2024-06-04,SP,etanol,1019.8000,282
2024-06-04,SP,gasolina,1608.9600,288
2024-06-04,TO,diesel_s10,29.0600,5
2024-06-04,TO,etanol,21.9200,5
2024-06-04,TO,gasolina,30.8800,5
2024-06-05,AC,diesel_s10,59.7500,8
2024-06-05,AC,etanol,21.4600,4
2024-06-05,AC,gasolina,58.4300,8
2024-06-05,AL,diesel_s10,37.6700,6
2024-06-05,AL,etanol,23.5800,5
2024-06-05,AL,gasolina,36.7600,6
2024-06-05,AM,diesel_s10,67.5000,10
2024-06-05,AM,etanol,8.7800,2
2024-06-05,AM,gasolina,77.8100,11
2024-06-05,AP,diesel_s10,39.6000,6
2024-06-05,AP,gasolina,94.6000,17
2024-06-05,BA,diesel_s10,247.6600,42
2024-06-05,BA,etanol,225.6300,51
2024-06-05,BA,gasolina,312.5800,51
2024-06-05,CE,diesel_s10,84.6400,14
2024-06-05,CE,etanol,43.0700,9
2024-06-05,CE,gasolina,96.4300,16
2024-06-05,DF,diesel_s10,11.3300,2
2024-06-05,DF,etanol,7.4800,2
2024-06-05,DF,gasolina,11.7400,2
2024-06-05,ES,diesel_s10,11.7400,2
2024-06-05,ES,etanol,13.7100,3
2024-06-05,ES,gasolina,26.5900,4
2024-06-05,GO,diesel_s10,159.2100,27
2024-06-05,GO,etanol,154.0000,40
2024-06-05,GO,gasolina,227.2100,39
2024-06-05,MA,diesel_s10,86.6400,15
2024-06-05,MA,etanol,44.9100,10
2024-06-05,MA,gasolina,103.6400,18
2024-06-05,MG,diesel_s10,376.7800,64
2024-06-05,MG,etanol,348.3000,89
2024-06-05,MG,gasolina,538.5900,94
2024-06-05,MS,diesel_s10,17.7200,3
2024-06-05,MS,etanol,11.6500,3
2024-06-05,MS,gasolina,17.6800,3
2024-06-05,MT,diesel_s10,76.7700,13
2024-06-05,MT,etanol,74.2700,21
2024-06-05,MT,gasolina,120.5000,21
2024-06-05,PA,diesel_s10,148.1000,23
2024-06-05,PA,etanol,33.2900,7
2024-06-05,PA,gasolina,181.4200,29
2024-06-05,PB,diesel_s10,70.3800,12
2024-06-05,PB,etanol,64.4500,15
2024-06-05,PB,gasolina,86.9600,15
2024-06-05,PE,diesel_s10,140.7800,24
2024-06-05,PE,etanol,96.6800,21
2024-06-05,PE,gasolina,157.8900,26
2024-06-05,PI,diesel_s10,83.2900,14
2024-06-05,PI,etanol,46.2600,11
2024-06-05,PI,gasolina,91.5900,16
2024-06-05,PR,diesel_s10,360.6900,61
2024-06-05,PR,etanol,311.9300,79
2024-06-05,PR,gasolina,494.4500,83
2024-06-05,RJ,diesel_s10,167.1500,27
2024-06-05,RJ,etanol,158.2500,37
2024-06-05,RJ,gasolina,246.7200,42
2024-06-05,RN,diesel_s10,29.9200,5
2024-06-05,RN,etanol,28.7200,6
2024-06-05,RN,gasolina,37.0900,6
2024-06-05,RS,diesel_s10,346.1600,57
2024-06-05,RS,etanol,166.7500,36
2024-06-05,RS,gasolina,466.1600,78
2024-06-05,SC,diesel_s10,84.3200,14
2024-06-05,SC,etanol,92.5800,22
2024-06-05,SC,gasolina,196.5200,33
2024-06-05,SE,diesel_s10,6.3900,1
2024-06-05,SE,etanol,19.4700,4
2024-06-05,SE,gasolina,25.4300,4
2024-06-05,SP,diesel_s10,888.9000,149
2024-06-05,SP,etanol,739.4700,202
2024-06-05,SP,gasolina,1169.8900,209
2024-06-05,TO,diesel_s10,91.3900,16
2024-06-05,TO,etanol,54.4200,13
2024-06-05,TO,gasolina,95.8200,16
2024-06-06,AM,diesel_s10,56.4200,8
2024-06-06,AM,etanol,17.4600,4
2024-06-06,AM,gasolina,71.3000,10
2024-06-06,AP,diesel_s10,32.5000,5
2024-06-06,AP,etanol,4.9900,1
2024-06-06,AP,gasolina,34.5600,6
2024-06-06,BA,diesel_s10,555.3500,95
2024-06-06,BA,etanol,549.6400,124
2024-06-06,BA,gasolina,742.9100,122
2024-06-06,CE,diesel_s10,94.3000,16
2024-06-06,CE,etanol,84.2000,18
2024-06-06,CE,gasolina,116.8500,20
2024-06-06,ES,diesel_s10,100.5600,17
2024-06-06,ES,etanol,58.2200,14
2024-06-06,ES,gasolina,125.2200,21
2024-06-06,GO,diesel_s10,112.3100,19
2024-06-06,GO,etanol,94.5100,25
2024-06-06,GO,gasolina,149.5100,26
2024-06-06,MA,diesel_s10,81.2600,14
2024-06-06,MA,etanol,23.4400,5
2024-06-06,MA,gasolina,85.9900,15
2024-06-06,MG,diesel_s10,464.3400,79
2024-06-06,MG,etanol,406.6500,102
2024-06-06,MG,gasolina,622.2600,106
2024-06-06,MS,diesel_s10,35.9400,6
2024-06-06,MS,etanol,29.7600,8
2024-06-06,MS,gasolina,51.7800,9
2024-06-06,MT,diesel_s10,23.3700,4
2024-06-06,MT,etanol,13.9400,4
2024-06-06,MT,gasolina,22.7700,4
2024-06-06,PA,diesel_s10,206.5400,35
2024-06-06,PA,etanol,92.7800,21
2024-06-06,PA,gasolina,235.1100,40
2024-06-06,PB,diesel_s10,47.5200,8
2024-06-06,PB,etanol,38.0100,9
2024-06-06,PB,gasolina,52.1100,9
2024-06-06,PE,diesel_s10,130.4100,23
2024-06-06,PE,etanol,110.1800,25
2024-06-06,PE,gasolina,162.6800,28
2024-06-06,PI,diesel_s10,23.8400,4
2024-06-06,PI,etanol,24.9400,6
2024-06-06,PI,gasolina,57.2800,10
2024-06-06,PR,diesel_s10,211.6000,36
2024-06-06,PR,etanol,244.7300,62
2024-06-06,PR,gasolina,347.2200,59
2024-06-06,RJ,diesel_s10,106.7600,18
2024-06-06,RJ,etanol,119.0300,28
2024-06-06,RJ,gasolina,182.7000,31
2024-06-06,RN,diesel_s10,29.3800,5
2024-06-06,RN,etanol,70.1600,15
2024-06-06,RN,gasolina,94.2300,15
2024-06-06,RO,diesel_s10,18.6900,3
2024-06-06,RO,etanol,9.5000,2
2024-06-06,RO,gasolina,26.4800,4
2024-06-06,RS,diesel_s10,326.0800,55
2024-06-06,RS,etanol,115.7300,26
2024-06-06,RS,gasolina,333.5600,57
2024-06-06,SC,diesel_s10,88.3100,15
2024-06-06,SC,etanol,38.6200,9
2024-06-06,SC,gasolina,94.4000,16
2024-06-06,SE,diesel_s10,28.3400,5
2024-06-06,SE,etanol,28.2900,6
2024-06-06,SE,gasolina,55.2000,9
2024-06-06,SP,diesel_s10,1031.2200,172
2024-06-06,SP,etanol,894.4900,246
2024-06-06,SP,gasolina,1372.6800,245
2024-06-07,AM,diesel_s10,42.1400,6
2024-06-07,AM,etanol,14.2100,3
2024-06-07,AM,gasolina,66.6800,10
2024-06-07,BA,diesel_s10,22.6700,4
2024-06-07,BA,etanol,22.5300,5
2024-06-07,BA,gasolina,30.8300,5
2024-06-07,CE,diesel_s10,5.4900,1
2024-06-07,CE,etanol,4.3900,1
2024-06-07,CE,gasolina,5.8500,1
2024-06-07,ES,diesel_s10,6.2900,1
2024-06-07,ES,etanol,13.8600,3
2024-06-07,ES,gasolina,19.7700,3
2024-06-07,MA,diesel_s10,46.4800,8
2024-06-07,MA,etanol,18.6700,4
2024-06-07,MA,gasolina,46.6800,8
2024-06-07,MG,diesel_s10,11.2800,2
2024-06-07,MG,etanol,11.3700,3
2024-06-07,MG,gasolina,16.7600,3
2024-06-07,MS,diesel_s10,12.1700,2
2024-06-07,MS,etanol,8.3300,2
2024-06-07,MS,gasolina,11.9700,2
2024-06-07,PA,diesel_s10,7.1900,1
2024-06-07,PA,gasolina,5.8900,1
2024-06-07,PR,diesel_s10,70.6600,12
2024-06-07,PR,etanol,74.0000,18
2024-06-07,PR,gasolina,108.0200,18
2024-06-07,RJ,diesel_s10,11.9800,2
2024-06-07,RJ,etanol,21.4100,5
2024-06-07,RJ,gasolina,31.2900,5
2024-06-07,RN,diesel_s10,11.9700,2
2024-06-07,RN,etanol,4.9900,1
2024-06-07,RN,gasolina,6.1900,1
2024-06-07,RO,diesel_s10,20.9200,3
2024-06-07,RO,etanol,9.5500,2
2024-06-07,RO,gasolina,24.8200,4
2024-06-07,RS,diesel_s10,45.4700,8
2024-06-07,RS,etanol,12.7700,3
2024-06-07,RS,gasolina,58.6200,10
2024-06-07,SC,diesel_s10,59.1800,10
2024-06-07,SC,etanol,31.2300,7
2024-06-07,SC,gasolina,71.3700,12
2024-06-07,SP,diesel_s10,52.1300,9
2024-06-07,SP,etanol,35.9600,10
2024-06-07,SP,gasolina,56.1000,10
2024-06-10,AC,diesel_s10,85.8600,12
2024-06-10,AC,etanol,37.4100,8
2024-06-10,AC,gasolina,89.3900,13
2024-06-10,AL,diesel_s10,56.2600,9
2024-06-10,AL,etanol,55.0000,12
2024-06-10,AL,gasolina,86.2300,14
2024-06-10,AM,diesel_s10,73.3800,12
2024-06-10,AM,etanol,60.4200,14
2024-06-10,AM,gasolina,113.1100,18
2024-06-10,BA,diesel_s10,132.7400,21
2024-06-10,BA,etanol,119.3000,26
2024-06-10,BA,gasolina,167.4600,26
2024-06-10,CE,diesel_s10,146.5800,24
2024-06-10,CE,etanol,122.7400,25
2024-06-10,CE,gasolina,176.8100,29
2024-06-10,DF,diesel_s10,87.4300,15
2024-06-10,DF,etanol,69.3300,18
2024-06-10,DF,gasolina,128.5200,22
2024-06-10,ES,diesel_s10,145.7100,24
2024-06-10,ES,etanol,100.5200,24
2024-06-10,ES,gasolina,196.6900,33
2024-06-10,GO,diesel_s10,129.7100,22
2024-06-10,GO,etanol,113.4000,30
2024-06-10,GO,gasolina,174.0300,30
2024-06-10,MA,diesel_s10,232.3200,40
2024-06-10,MA,etanol,122.5600,27
2024-06-10,MA,gasolina,273.2800,47
2024-06-10,MG,diesel_s10,498.1400,85
2024-06-10,MG,etanol,424.7400,107
2024-06-10,MG,gasolina,650.8100,112
2024-06-10,MS,diesel_s10,111.8500,18
2024-06-10,MS,etanol,110.2900,28
2024-06-10,MS,gasolina,238.9900,40
2024-06-10,MT,diesel_s10,80.2500,13
2024-06-10,MT,etanol,70.9600,20
2024-06-10,MT,gasolina,122.1300,21
2024-06-10,PA,diesel_s10,200.2500,32
2024-06-10,PA,etanol,82.7600,19
2024-06-10,PA,gasolina,269.3900,45
2024-06-10,PB,diesel_s10,99.7400,17
2024-06-10,PB,etanol,87.9000,20
2024-06-10,PB,gasolina,128.1800,22
2024-06-10,PE,diesel_s10,281.6900,49
2024-06-10,PE,etanol,212.2900,48
2024-06-10,PE,gasolina,379.0700,64
2024-06-10,PI,diesel_s10,42.7900,7
2024-06-10,PI,etanol,21.1900,5
2024-06-10,PI,gasolina,51.7200,9
2024-06-10,PR,diesel_s10,206.6700,35
2024-06-10,PR,etanol,199.5800,50
2024-06-10,PR,gasolina,316.2300,52
2024-06-10,RJ,diesel_s10,528.2800,86
2024-06-10,RJ,etanol,508.0100,118
2024-06-10,RJ,gasolina,749.2600,127
2024-06-10,RN,diesel_s10,35.4800,6
2024-06-10,RN,etanol,27.9400,6
2024-06-10,RN,gasolina,30.9200,5
2024-06-10,RO,diesel_s10,120.5100,19
2024-06-10,RO,etanol,43.6900,9
2024-06-10,RO,gasolina,119.9600,19
2024-06-10,RR,diesel_s10,12.5800,2
2024-06-10,RR,etanol,4.7900,1
2024-06-10,RR,gasolina,12.2800,2
2024-06-10,RS,diesel_s10,334.8500,56
2024-06-10,RS,etanol,158.0400,35
2024-06-10,RS,gasolina,472.8300,81
2024-06-10,SC,diesel_s10,365.3200,61
2024-06-10,SC,etanol,245.3600,57
2024-06-10,SC,gasolina,572.5200,96
2024-06-10,SE,diesel_s10,48.6800,8
2024-06-10,SE,etanol,38.5600,8
2024-06-10,SE,gasolina,63.4700,10
2024-06-10,SP,diesel_s10,1585.2900,266
2024-06-10,SP,etanol,1478.5900,404
2024-06-10,SP,gasolina,2299.3100,409
2024-06-10,TO,diesel_s10,116.1800,20
2024-06-10,TO,etanol,86.4700,20
2024-06-10,TO,gasolina,149.1000,25
2024-06-11,AL,diesel_s10,76.3700,13
2024-06-11,AL,etanol,104.1700,23
2024-06-11,AL,gasolina,142.3700,24
2024-06-11,AM,diesel_s10,54.2200,8
2024-06-11,AM,etanol,4.2900,1
2024-06-11,AM,gasolina,65.1300,9
2024-06-11,BA,diesel_s10,323.3900,54
2024-06-11,BA,etanol,296.0000,66
2024-06-11,BA,gasolina,426.1000,68
2024-06-11,CE,diesel_s10,281.6800,48
2024-06-11,CE,etanol,257.6000,56
2024-06-11,CE,gasolina,365.0600,63
2024-06-11,DF,diesel_s10,35.1400,6
2024-06-11,DF,etanol,27.7900,7
2024-06-11,DF,gasolina,134.9900,23
2024-06-11,ES,diesel_s10,238.5800,40
2024-06-11,ES,etanol,149.0300,35
2024-06-11,ES,gasolina,298.2300,50
2024-06-11,GO,diesel_s10,318.5300,54
2024-06-11,GO,etanol,282.8800,73
2024-06-11,GO,gasolina,422.9800,72
2024-06-11,MA,diesel_s10,165.3000,28
2024-06-11,MA,etanol,70.4100,15
2024-06-11,MA,gasolina,178.5400,30
2024-06-11,MG,diesel_s10,608.1500,103
2024-06-11,MG,etanol,568.2400,143
2024-06-11,MG,gasolina,824.9600,141
2024-06-11,MS,diesel_s10,24.3700,4
2024-06-11,MS,etanol,11.3300,3
2024-06-11,MS,gasolina,28.7200,5
2024-06-11,MT,diesel_s10,145.7300,24
2024-06-11,MT,etanol,126.1800,36
2024-06-11,MT,gasolina,209.5700,36
2024-06-11,PA,diesel_s10,60.3500,10
2024-06-11,PA,etanol,21.5600,5
2024-06-11,PA,gasolina,81.9400,14
2024-06-11,PB,diesel_s10,65.9800,11
2024-06-11,PB,etanol,31.2100,7
2024-06-11,PB,gasolina,76.4700,13
2024-06-11,PE,diesel_s10,325.9000,58
2024-06-11,PE,etanol,284.6000,66
2024-06-11,PE,gasolina,390.5400,69
2024-06-11,PI,diesel_s10,47.6300,8
2024-06-11,PI,etanol,53.2500,13
2024-06-11,PI,gasolina,85.9200,15
2024-06-11,PR,diesel_s10,291.7400,49
2024-06-11,PR,etanol,220.1100,57
2024-06-11,PR,gasolina,340.0400,58
2024-06-11,RJ,diesel_s10,329.3000,54
2024-06-11,RJ,etanol,383.1800,91
2024-06-11,RJ,gasolina,602.1500,103
2024-06-11,RN,diesel_s10,46.0300,7
2024-06-11,RN,etanol,45.1100,9
2024-06-11,RN,gasolina,69.8800,11
2024-06-11,RO,diesel_s10,76.2200,12
2024-06-11,RO,etanol,24.1000,5
2024-06-11,RO,gasolina,129.8800,20
2024-06-11,RR,diesel_s10,31.5900,5
2024-06-11,RR,gasolina,36.8600,6
2024-06-11,RS,diesel_s10,594.2000,98
2024-06-11,RS,etanol,235.1500,52
2024-06-11,RS,gasolina,798.2800,136
2024-06-11,SC,diesel_s10,147.4600,25
2024-06-11,SC,etanol,111.5800,26
2024-06-11,SC,gasolina,265.1300,45
2024-06-11,SE,diesel_s10,44.9900,8
2024-06-11,SE,etanol,23.8300,5
2024-06-11,SE,gasolina,49.2700,8
2024-06-11,SP,diesel_s10,1416.1800,238
2024-06-11,SP,etanol,1264.8800,349
2024-06-11,SP,gasolina,1979.9600,353
2024-06-11,TO,diesel_s10,50.9900,9
2024-06-11,TO,etanol,35.3200,8
2024-06-11,TO,gasolina,55.6900,9
2024-06-12,AC,diesel_s10,7.1900,1
2024-06-12,AC,etanol,4.5900,1
2024-06-12,AC,gasolina,6.7900,1
2024-06-12,AL,diesel_s10,70.2700,11
2024-06-12,AL,etanol,66.7400,14
2024-06-12,AL,gasolina,87.6100,14
2024-06-12,AM,diesel_s10,103.3300,17
2024-06-12,AM,etanol,103.3700,24
2024-06-12,AM,gasolina,150.6100,24
2024-06-12,AP,diesel_s10,33.0000,5
2024-06-12,AP,etanol,4.5600,1
2024-06-12,AP,gasolina,95.3900,17
2024-06-12,BA,diesel_s10,381.2900,64
2024-06-12,BA,etanol,373.0100,83
2024-06-12,BA,gasolina,522.8600,85
2024-06-12,CE,diesel_s10,115.7200,19
2024-06-12,CE,etanol,82.4200,17
2024-06-12,CE,gasolina,141.8000,23
2024-06-12,DF,diesel_s10,11.3300,2
2024-06-12,DF,etanol,11.4300,3
2024-06-12,DF,gasolina,17.6600,3
2024-06-12,ES,diesel_s10,65.2300,11
2024-06-12,ES,etanol,34.2200,8
2024-06-12,ES,gasolina,106.1900,17
2024-06-12,GO,diesel_s10,253.3200,43
2024-06-12,GO,etanol,219.4700,57
2024-06-12,GO,gasolina,327.0000,56
2024-06-12,MA,diesel_s10,148.6300,26
2024-06-12,MA,etanol,62.9600,14
2024-06-12,MA,gasolina,158.6700,28
2024-06-12,MG,diesel_s10,589.2500,101
2024-06-12,MG,etanol,559.0800,141
2024-06-12,MG,gasolina,855.7100,147
2024-06-12,MS,diesel_s10,84.6800,14
2024-06-12,MS,etanol,64.3300,17
2024-06-12,MS,gasolina,117.1000,20
2024-06-12,MT,diesel_s10,90.8100,15
2024-06-12,MT,etanol,77.2700,22
2024-06-12,MT,gasolina,127.9100,22
2024-06-12,PA,diesel_s10,83.2600,13
2024-06-12,PA,etanol,28.2500,6
2024-06-12,PA,gasolina,106.0200,17
2024-06-12,PB,diesel_s10,121.5900,21
2024-06-12,PB,etanol,111.1100,26
2024-06-12,PB,gasolina,150.8400,26
2024-06-12,PE,diesel_s10,187.6900,33
2024-06-12,PE,etanol,156.3500,34
2024-06-12,PE,gasolina,204.8400,35
2024-06-12,PI,diesel_s10,100.5800,17
2024-06-12,PI,etanol,62.6800,15
2024-06-12,PI,gasolina,125.3900,22
2024-06-12,PR,diesel_s10,267.7000,45
2024-06-12,PR,etanol,250.5700,63
2024-06-12,PR,gasolina,375.3500,63
2024-06-12,RJ,diesel_s10,352.6100,58
2024-06-12,RJ,etanol,315.9400,75
2024-06-12,RJ,gasolina,456.5500,79
2024-06-12,RN,diesel_s10,73.0800,12
2024-06-12,RN,etanol,106.5200,22
2024-06-12,RN,gasolina,129.7700,21
2024-06-12,RO,diesel_s10,57.3200,9
2024-06-12,RO,etanol,19.0900,4
2024-06-12,RO,gasolina,58.1000,9
2024-06-12,RR,diesel_s10,56.8000,9
2024-06-12,RR,etanol,9.6600,2
2024-06-12,RR,gasolina,55.2600,9
2024-06-12,RS,diesel_s10,425.6100,71
2024-06-12,RS,etanol,156.6200,33
2024-06-12,RS,gasolina,494.4200,83
2024-06-12,SC,diesel_s10,212.6300,35
2024-06-12,SC,etanol,115.4500,27
2024-06-12,SC,gasolina,269.8200,45
2024-06-12,SP,diesel_s10,1596.6500,264
2024-06-12,SP,etanol,1322.6700,360
2024-06-12,SP,gasolina,2128.5100,376
2024-06-12,TO,diesel_s10,57.2800,10
2024-06-12,TO,etanol,38.1000,9
2024-06-12,TO,gasolina,66.0800,11
2024-06-13,AC,diesel_s10,52.2400,7
2024-06-13,AC,etanol,16.2200,3
2024-06-13,AC,gasolina,58.4100,8
2024-06-13,AL,diesel_s10,24.9200,4
2024-06-13,AL,etanol,18.6700,4
2024-06-13,AL,gasolina,24.5300,4
2024-06-13,AM,diesel_s10,36.0600,5
2024-06-13,AM,etanol,8.5800,2
2024-06-13,AM,gasolina,58.7300,8
2024-06-13,AP,diesel_s10,39.1200,6
2024-06-13,AP,gasolina,34.7300,6
2024-06-13,BA,diesel_s10,441.3900,75
2024-06-13,BA,etanol,379.6600,85
2024-06-13,BA,gasolina,530.4000,86
2024-06-13,CE,diesel_s10,129.7400,21
2024-06-13,CE,etanol,97.2700,20
2024-06-13,CE,gasolina,145.0200,24
2024-06-13,ES,diesel_s10,5.8900,1
2024-06-13,ES,etanol,3.9900,1
2024-06-13,ES,gasolina,6.1900,1
2024-06-13,GO,diesel_s10,186.9300,32
2024-06-13,GO,etanol,143.7600,38
2024-06-13,GO,gasolina,217.4200,38
2024-06-13,MA,diesel_s10,5.9900,1
2024-06-13,MA,etanol,4.8500,1
2024-06-13,MA,gasolina,11.4600,2
2024-06-13,MG,diesel_s10,497.4800,84
2024-06-13,MG,etanol,443.2300,112
2024-06-13,MG,gasolina,681.8900,117
2024-06-13,MS,diesel_s10,11.8700,2
2024-06-13,MS,etanol,7.9300,2
2024-06-13,MS,gasolina,11.8300,2
2024-06-13,MT,diesel_s10,17.1200,3
2024-06-13,MT,etanol,10.2800,3
2024-06-13,MT,gasolina,17.0900,3
2024-06-13,PA,diesel_s10,167.1500,27
2024-06-13,PA,etanol,87.6800,20
2024-06-13,PA,gasolina,255.1200,42
2024-06-13,PE,diesel_s10,87.0900,15
2024-06-13,PE,etanol,57.5000,12
2024-06-13,PE,gasolina,102.2100,17
2024-06-13,PI,diesel_s10,29.7400,5
2024-06-13,PI,etanol,30.0300,7
2024-06-13,PI,gasolina,62.9700,11
2024-06-13,PR,diesel_s10,261.8800,45
2024-06-13,PR,etanol,270.5800,70
2024-06-13,PR,gasolina,413.1900,71
2024-06-13,RJ,diesel_s10,65.7300,11
2024-06-13,RJ,etanol,73.4000,17
2024-06-13,RJ,gasolina,101.4800,17
2024-06-13,RN,diesel_s10,17.6800,3
2024-06-13,RN,etanol,56.1500,12
2024-06-13,RN,gasolina,75.3900,12
2024-06-13,RO,diesel_s10,47.6200,7
2024-06-13,RO,etanol,14.7000,3
2024-06-13,RO,gasolina,64.3700,10
2024-06-13,RS,diesel_s10,226.1800,38
2024-06-13,RS,etanol,72.9300,16
2024-06-13,RS,gasolina,250.1600,42
2024-06-13,SC,diesel_s10,17.1700,3
2024-06-13,SC,etanol,4.3400,1
2024-06-13,SC,gasolina,17.7200,3
2024-06-13,SE,diesel_s10,27.9300,5
2024-06-13,SE,etanol,23.3500,5
2024-06-13,SE,gasolina,48.8100,8
2024-06-13,SP,diesel_s10,582.9000,98
2024-06-13,SP,etanol,445.4400,126
2024-06-13,SP,gasolina,717.6600,129
2024-06-13,TO,diesel_s10,22.5300,4
2024-06-13,TO,etanol,11.8800,3
2024-06-13,TO,gasolina,23.6500,4
2024-06-14,AM,diesel_s10,28.3600,4
2024-06-14,AM,etanol,14.2100,3
2024-06-14,AM,gasolina,66.8800,10
2024-06-14,BA,diesel_s10,64.0000,11
2024-06-14,BA,etanol,62.2300,15
2024-06-14,BA,gasolina,88.1200,15
2024-06-14,CE,diesel_s10,5.4500,1
2024-06-14,CE,etanol,4.3900,1
2024-06-14,CE,gasolina,5.8700,1
2024-06-14,ES,diesel_s10,6.2900,1
2024-06-14,ES,etanol,4.5300,1
2024-06-14,ES,gasolina,6.6900,1
2024-06-14,MG,diesel_s10,59.8300,10
2024-06-14,MG,etanol,41.2000,11
2024-06-14,MG,gasolina,62.1100,11
2024-06-14,MS,diesel_s10,35.0000,6
2024-06-14,MS,etanol,28.7400,8
2024-06-14,MS,gasolina,50.9700,9
2024-06-14,PA,diesel_s10,32.2700,5
2024-06-14,PA,gasolina,36.4700,6
2024-06-14,PR,diesel_s10,70.7400,12
2024-06-14,PR,etanol,69.6300,17
2024-06-14,PR,gasolina,96.5200,16
2024-06-14,RJ,etanol,4.1900,1
2024-06-14,RJ,gasolina,5.6900,1
2024-06-14,RS,diesel_s10,43.5400,7
2024-06-14,RS,etanol,8.8800,2
2024-06-14,RS,gasolina,48.3500,8
2024-06-14,SC,diesel_s10,41.6800,7
2024-06-14,SC,etanol,22.3400,5
2024-06-14,SC,gasolina,47.4700,8
2024-06-14,SP,diesel_s10,34.2800,6
2024-06-14,SP,etanol,50.9600,14
2024-06-14,SP,gasolina,78.4700,14
2024-06-17,AC,diesel_s10,71.7800,10
2024-06-17,AC,etanol,28.6400,6
2024-06-17,AC,gasolina,68.5800,10
2024-06-17,AL,diesel_s10,173.4200,28
2024-06-17,AL,etanol,172.2900,37
2024-06-17,AL,gasolina,239.1500,39
2024-06-17,AM,diesel_s10,139.5600,23
2024-06-17,AM,etanol,94.9500,22
2024-06-17,AM,gasolina,200.8100,32
2024-06-17,BA,diesel_s10,280.6100,46
2024-06-17,BA,etanol,270.8700,60
2024-06-17,BA,gasolina,410.9800,65
2024-06-17,CE,diesel_s10,195.8700,32
2024-06-17,CE,etanol,168.7500,35
2024-06-17,CE,gasolina,237.7800,40
2024-06-17,DF,diesel_s10,58.1200,10
2024-06-17,DF,etanol,46.0700,12
2024-06-17,DF,gasolina,123.1400,21
2024-06-17,ES,diesel_s10,157.8900,26
2024-06-17,ES,etanol,109.5900,26
2024-06-17,ES,gasolina,247.6200,42
2024-06-17,GO,diesel_s10,203.9800,35
2024-06-17,GO,etanol,154.9400,41
2024-06-17,GO,gasolina,242.8700,42
2024-06-17,MA,diesel_s10,204.0200,35
2024-06-17,MA,etanol,103.5500,23
2024-06-17,MA,gasolina,230.8500,40
2024-06-17,MG,diesel_s10,717.0900,122
2024-06-17,MG,etanol,598.8100,150
2024-06-17,MG,gasolina,916.1900,157
2024-06-17,MS,diesel_s10,109.3100,18
2024-06-17,MS,etanol,58.9500,15
2024-06-17,MS,gasolina,169.0000,29
2024-06-17,MT,diesel_s10,85.7000,14
2024-06-17,MT,etanol,93.6900,26
2024-06-17,MT,gasolina,161.0900,27
2024-06-17,PA,diesel_s10,162.2800,26
2024-06-17,PA,etanol,74.6400,17
2024-06-17,PA,gasolina,240.6200,40
2024-06-17,PB,diesel_s10,115.7900,20
2024-06-17,PB,etanol,135.5700,31
2024-06-17,PB,gasolina,181.2900,31
2024-06-17,PE,diesel_s10,360.6000,64
2024-06-17,PE,etanol,283.9100,64
2024-06-17,PE,gasolina,437.0000,76
2024-06-17,PI,diesel_s10,11.5800,2
2024-06-17,PI,etanol,15.9000,4
2024-06-17,PI,gasolina,22.5600,4
2024-06-17,PR,diesel_s10,297.6800,50
2024-06-17,PR,etanol,277.7800,72
2024-06-17,PR,gasolina,415.4700,70
2024-06-17,RJ,diesel_s10,660.9900,108
2024-06-17,RJ,etanol,618.0300,146
2024-06-17,RJ,gasolina,932.4700,160
2024-06-17,RN,diesel_s10,12.8800,2
2024-06-17,RN,etanol,33.7300,7
2024-06-17,RN,gasolina,50.4000,8
2024-06-17,RO,diesel_s10,152.9900,24
2024-06-17,RO,etanol,63.3600,13
2024-06-17,RO,gasolina,164.6900,26
2024-06-17,RR,diesel_s10,18.9500,3
2024-06-17,RR,etanol,4.7900,1
2024-06-17,RR,gasolina,18.4200,3
2024-06-17,RS,diesel_s10,331.8900,56
2024-06-17,RS,etanol,153.4600,34
2024-06-17,RS,gasolina,473.2900,81
2024-06-17,SC,diesel_s10,305.9100,51
2024-06-17,SC,etanol,201.0000,47
2024-06-17,SC,gasolina,491.9500,83
2024-06-17,SE,diesel_s10,35.8400,6
2024-06-17,SE,etanol,38.7400,8
2024-06-17,SE,gasolina,57.1600,9
2024-06-17,SP,diesel_s10,1951.1400,325
2024-06-17,SP,etanol,1886.3100,515
2024-06-17,SP,gasolina,2984.6300,527
2024-06-17,TO,diesel_s10,126.9500,22
2024-06-17,TO,etanol,91.8000,21
2024-06-17,TO,gasolina,167.5600,28
2024-06-18,AC,diesel_s10,21.8300,3
2024-06-18,AC,etanol,9.5800,2
2024-06-18,AC,gasolina,27.5100,4
2024-06-18,AL,diesel_s10,40.8200,7
2024-06-18,AL,etanol,50.1200,11
2024-06-18,AL,gasolina,59.3500,10
2024-06-18,AM,diesel_s10,110.3300,17
2024-06-18,AM,etanol,38.8000,9
2024-06-18,AM,gasolina,127.6700,19
2024-06-18,AP,diesel_s10,19.7400,3
2024-06-18,AP,gasolina,17.2200,3
2024-06-18,BA,diesel_s10,145.9700,24
2024-06-18,BA,etanol,154.4300,34
2024-06-18,BA,gasolina,220.7200,35
2024-06-18,CE,diesel_s10,264.8500,44
2024-06-18,CE,etanol,292.5700,62
2024-06-18,CE,gasolina,371.0600,63
2024-06-18,DF,diesel_s10,58.4500,10
2024-06-18,DF,etanol,50.4200,13
2024-06-18,DF,gasolina,147.4000,25
2024-06-18,ES,diesel_s10,168.2900,28
2024-06-18,ES,etanol,98.2600,23
2024-06-18,ES,gasolina,215.4100,35
2024-06-18,GO,diesel_s10,194.5900,33
2024-06-18,GO,etanol,186.2400,48
2024-06-18,GO,gasolina,271.2500,46
2024-06-18,MA,diesel_s10,251.3800,43
2024-06-18,MA,etanol,109.1200,24
2024-06-18,MA,gasolina,281.5100,48
2024-06-18,MG,diesel_s10,469.4200,80
2024-06-18,MG,etanol,453.3100,115
2024-06-18,MG,gasolina,656.8700,113
2024-06-18,MS,diesel_s10,42.2000,7
2024-06-18,MS,etanol,43.9700,12
2024-06-18,MS,gasolina,72.9400,13
2024-06-18,MT,diesel_s10,44.3600,7
2024-06-18,MT,etanol,25.5000,7
2024-06-18,MT,gasolina,42.5800,7
2024-06-18,PA,diesel_s10,154.7300,25
2024-06-18,PA,etanol,43.9900,10
2024-06-18,PA,gasolina,194.4400,32
2024-06-18,PB,diesel_s10,66.8800,11
2024-06-18,PB,etanol,35.6100,8
2024-06-18,PB,gasolina,65.3700,11
2024-06-18,PE,diesel_s10,240.7100,42
2024-06-18,PE,etanol,184.4100,40
2024-06-18,PE,gasolina,279.1700,47
2024-06-18,PI,diesel_s10,102.7000,17
2024-06-18,PI,etanol,66.3900,16
2024-06-18,PI,gasolina,131.7800,23
2024-06-18,PR,diesel_s10,268.4500,46
2024-06-18,PR,etanol,250.4300,63
2024-06-18,PR,gasolina,368.4400,62
2024-06-18,RJ,diesel_s10,336.1600,55
2024-06-18,RJ,etanol,360.7900,85
2024-06-18,RJ,gasolina,562.9900,96
2024-06-18,RN,diesel_s10,74.0300,12
2024-06-18,RN,etanol,72.6400,15
2024-06-18,RN,gasolina,98.3600,16
2024-06-18,RO,diesel_s10,91.7100,14
2024-06-18,RO,etanol,43.8300,9
2024-06-18,RO,gasolina,142.8200,22
2024-06-18,RR,diesel_s10,31.7300,5
2024-06-18,RR,gasolina,30.7400,5
2024-06-18,RS,diesel_s10,581.2700,95
2024-06-18,RS,etanol,224.1800,49
2024-06-18,RS,gasolina,808.0900,137
2024-06-18,SC,diesel_s10,212.7700,35
2024-06-18,SC,etanol,130.5000,30
2024-06-18,SC,gasolina,294.1000,49
2024-06-18,SE,diesel_s10,51.2400,9
2024-06-18,SE,etanol,9.4900,2
2024-06-18,SE,gasolina,55.5700,9
2024-06-18,SP,diesel_s10,1194.2000,200
2024-06-18,SP,etanol,961.3000,265
2024-06-18,SP,gasolina,1480.5500,263
2024-06-18,TO,diesel_s10,29.2400,5
2024-06-18,TO,etanol,21.4400,5
2024-06-18,TO,gasolina,36.5700,6
2024-06-19,AL,diesel_s10,6.0500,1
2024-06-19,AL,etanol,14.1600,3
2024-06-19,AL,gasolina,18.4600,3
2024-06-19,AM,diesel_s10,25.3500,4
2024-06-19,AM,etanol,17.4600,4
2024-06-19,AM,gasolina,25.1500,4
2024-06-19,AP,diesel_s10,45.9100,7
2024-06-19,AP,etanol,4.9600,1
2024-06-19,AP,gasolina,96.6000,17
2024-06-19,BA,diesel_s10,418.6000,68
2024-06-19,BA,etanol,342.9000,75
2024-06-19,BA,gasolina,465.3500,74
2024-06-19,CE,diesel_s10,108.8500,18
2024-06-19,CE,etanol,66.9600,14
2024-06-19,CE,gasolina,159.0400,26
2024-06-19,DF,diesel_s10,11.4200,2
2024-06-19,DF,etanol,7.4800,2
2024-06-19,DF,gasolina,11.7700,2
2024-06-19,ES,diesel_s10,82.1900,14
2024-06-19,ES,etanol,40.6600,10
2024-06-19,ES,gasolina,100.5000,17
2024-06-19,GO,diesel_s10,373.5600,64
2024-06-19,GO,etanol,351.1300,91
2024-06-19,GO,gasolina,530.9600,91
2024-06-19,MA,diesel_s10,63.4600,11
2024-06-19,MA,etanol,18.5800,4
2024-06-19,MA,gasolina,54.9400,9
2024-06-19,MG,diesel_s10,668.2300,113
2024-06-19,MG,etanol,602.5200,152
2024-06-19,MG,gasolina,903.9300,155
2024-06-19,MS,diesel_s10,100.4400,16
2024-06-19,MS,etanol,82.0700,21
2024-06-19,MS,gasolina,176.3900,29
2024-06-19,MT,diesel_s10,12.7600,2
2024-06-19,MT,etanol,14.7100,4
2024-06-19,MT,gasolina,23.9200,4
2024-06-19,PA,diesel_s10,118.3400,19
2024-06-19,PA,etanol,35.7000,8
2024-06-19,PA,gasolina,147.4000,24
2024-06-19,PB,diesel_s10,17.6700,3
2024-06-19,PB,etanol,13.4300,3
2024-06-19,PB,gasolina,35.1700,6
2024-06-19,PE,diesel_s10,260.3700,45
2024-06-19,PE,etanol,192.3100,41
2024-06-19,PE,gasolina,314.3800,52
2024-06-19,PI,diesel_s10,94.5700,16
2024-06-19,PI,etanol,62.6100,15
2024-06-19,PI,gasolina,113.5100,20
2024-06-19,PR,diesel_s10,223.7300,37
2024-06-19,PR,etanol,211.0500,52
2024-06-19,PR,gasolina,309.2300,51
2024-06-19,RJ,diesel_s10,234.7700,39
2024-06-19,RJ,etanol,224.5500,54
2024-06-19,RJ,gasolina,322.1300,56
2024-06-19,RN,diesel_s10,77.9100,13
2024-06-19,RN,etanol,75.8500,16
2024-06-19,RN,gasolina,125.7000,20
2024-06-19,RO,diesel_s10,13.0800,2
2024-06-19,RO,gasolina,12.7000,2
2024-06-19,RR,diesel_s10,56.6100,9
2024-06-19,RR,etanol,14.4500,3
2024-06-19,RR,gasolina,55.2600,9
2024-06-19,RS,diesel_s10,395.9800,65
2024-06-19,RS,etanol,160.7500,33
2024-06-19,RS,gasolina,498.6600,83
2024-06-19,SC,diesel_s10,154.9200,26
2024-06-19,SC,etanol,102.0600,24
2024-06-19,SC,gasolina,271.8200,46
2024-06-19,SE,etanol,28.7500,6
2024-06-19,SE,gasolina,44.3500,7
2024-06-19,SP,diesel_s10,943.6200,158
2024-06-19,SP,etanol,800.6600,218
2024-06-19,SP,gasolina,1234.0100,219
2024-06-19,TO,diesel_s10,85.4600,15
2024-06-19,TO,etanol,54.8100,13
2024-06-19,TO,gasolina,95.7800,16
2024-06-20,AC,diesel_s10,59.6800,8
2024-06-20,AC,etanol,16.2200,3
2024-06-20,AC,gasolina,58.4100,8
2024-06-20,AM,diesel_s10,31.1700,4
2024-06-20,AM,gasolina,46.0500,6
2024-06-20,AP,diesel_s10,19.2900,3
2024-06-20,AP,etanol,4.9900,1
2024-06-20,AP,gasolina,17.3600,3
2024-06-20,BA,diesel_s10,361.1900,61
2024-06-20,BA,etanol,347.1400,78
2024-06-20,BA,gasolina,476.1800,78
2024-06-20,CE,diesel_s10,160.7600,27
2024-06-20,CE,etanol,136.8800,29
2024-06-20,CE,gasolina,189.6300,32
2024-06-20,ES,diesel_s10,36.4200,6
2024-06-20,ES,etanol,34.1000,8
2024-06-20,ES,gasolina,64.9900,11
2024-06-20,GO,diesel_s10,100.2500,17
2024-06-20,GO,etanol,99.3900,26
2024-06-20,GO,gasolina,150.7200,26
2024-06-20,MA,diesel_s10,35.0200,6
2024-06-20,MA,etanol,14.2800,3
2024-06-20,MA,gasolina,35.4300,6
2024-06-20,MG,diesel_s10,468.6200,79
2024-06-20,MG,etanol,378.8100,96
2024-06-20,MG,gasolina,584.2800,100
2024-06-20,MS,diesel_s10,11.8400,2
2024-06-20,MS,etanol,7.6100,2
2024-06-20,MS,gasolina,11.7400,2
2024-06-20,MT,diesel_s10,53.7700,9
2024-06-20,MT,etanol,49.6500,14
2024-06-20,MT,gasolina,80.7000,14
2024-06-20,PA,diesel_s10,62.4700,10
2024-06-20,PA,etanol,20.8200,4
2024-06-20,PA,gasolina,69.6600,11
2024-06-20,PB,diesel_s10,86.2500,15
2024-06-20,PB,etanol,62.7800,15
2024-06-20,PB,gasolina,85.9100,15
2024-06-20,PE,diesel_s10,70.5100,12
2024-06-20,PE,etanol,72.9800,15
2024-06-20,PE,gasolina,92.7500,15
2024-06-20,PI,diesel_s10,18.2500,3
2024-06-20,PI,etanol,21.4500,5
2024-06-20,PI,gasolina,40.2700,7
2024-06-20,PR,diesel_s10,265.3800,45
2024-06-20,PR,etanol,247.1100,64
2024-06-20,PR,gasolina,378.1500,65
2024-06-20,RJ,diesel_s10,155.3700,26
2024-06-20,RJ,etanol,155.8400,37
2024-06-20,RJ,gasolina,233.7600,40
2024-06-20,RN,diesel_s10,12.2800,2
2024-06-20,RN,etanol,19.2400,4
2024-06-20,RN,gasolina,18.5200,3
2024-06-20,RO,diesel_s10,12.0800,2
2024-06-20,RO,etanol,9.5000,2
2024-06-20,RO,gasolina,19.8900,3
2024-06-20,RS,diesel_s10,217.8100,37
2024-06-20,RS,etanol,69.5400,16
2024-06-20,RS,gasolina,239.7800,41
2024-06-20,SC,diesel_s10,48.8900,8
2024-06-20,SC,etanol,46.0900,11
2024-06-20,SC,gasolina,77.8500,13
2024-06-20,SE,diesel_s10,29.0300,5
2024-06-20,SE,etanol,14.1500,3
2024-06-20,SE,gasolina,49.2100,8
2024-06-20,SP,diesel_s10,1149.9700,193
2024-06-20,SP,etanol,904.1700,249
2024-06-20,SP,gasolina,1449.7400,257
2024-06-21,CE,diesel_s10,22.9600,4
2024-06-21,CE,etanol,22.3800,5
2024-06-21,CE,gasolina,27.8900,5
2024-06-21,MA,diesel_s10,81.2900,14
2024-06-21,MA,etanol,37.5300,8
2024-06-21,MA,gasolina,93.0000,16
2024-06-21,MG,etanol,7.5600,2
2024-06-21,MG,gasolina,11.1800,2
2024-06-21,MT,diesel_s10,29.9000,5
2024-06-21,MT,etanol,31.4500,9
2024-06-21,MT,gasolina,52.0300,9
2024-06-21,PR,diesel_s10,70.0300,12
2024-06-21,PR,etanol,66.1000,16
2024-06-21,PR,gasolina,96.4800,16
2024-06-21,RN,diesel_s10,11.8800,2
2024-06-21,RN,etanol,9.6300,2
2024-06-21,RN,gasolina,12.3600,2
2024-06-21,SC,diesel_s10,76.4800,13
2024-06-21,SC,etanol,44.7400,10
2024-06-21,SC,gasolina,88.9500,15
2024-06-21,SP,diesel_s10,31.9600,5
2024-06-21,SP,etanol,29.6700,8
2024-06-21,SP,gasolina,45.1800,8
2024-06-24,AC,diesel_s10,72.3700,10
2024-06-24,AC,etanol,33.4300,7
2024-06-24,AC,gasolina,84.1400,12
2024-06-24,AL,diesel_s10,35.0400,6
2024-06-24,AL,etanol,50.0300,11
2024-06-24,AL,gasolina,66.7100,11
2024-06-24,AM,diesel_s10,110.4100,18
2024-06-24,AM,etanol,90.4100,21
2024-06-24,AM,gasolina,163.3100,26
2024-06-24,AP,diesel_s10,12.7600,2
2024-06-24,AP,etanol,4.9900,1
2024-06-24,AP,gasolina,11.5400,2
2024-06-24,BA,diesel_s10,42.6800,7
2024-06-24,BA,etanol,31.6500,7
2024-06-24,BA,gasolina,44.4700,7
2024-06-24,CE,diesel_s10,265.4100,44
2024-06-24,CE,etanol,218.7400,46
2024-06-24,CE,gasolina,294.6800,50
2024-06-24,DF,diesel_s10,87.3800,15
2024-06-24,DF,etanol,73.0300,19
2024-06-24,DF,gasolina,169.8900,29
2024-06-24,ES,diesel_s10,241.8700,40
2024-06-24,ES,etanol,171.5700,41
2024-06-24,ES,gasolina,359.4800,60
2024-06-24,GO,diesel_s10,209.9900,36
2024-06-24,GO,etanol,187.2600,48
2024-06-24,GO,gasolina,277.0400,47
2024-06-24,MA,diesel_s10,186.2100,32
2024-06-24,MA,etanol,89.7400,20
2024-06-24,MA,gasolina,209.2400,36
2024-06-24,MG,diesel_s10,475.5200,81
2024-06-24,MG,etanol,406.0300,103
2024-06-24,MG,gasolina,617.1600,106
2024-06-24,MS,diesel_s10,120.1300,19
2024-06-24,MS,etanol,73.5900,18
2024-06-24,MS,gasolina,179.7700,29
2024-06-24,MT,diesel_s10,101.1900,16
2024-06-24,MT,etanol,90.7500,25
2024-06-24,MT,gasolina,167.7000,28
2024-06-24,PA,diesel_s10,140.7800,23
2024-06-24,PA,etanol,47.3100,11
2024-06-24,PA,gasolina,186.1000,31
2024-06-24,PB,diesel_s10,152.2700,26
2024-06-24,PB,etanol,144.5200,33
2024-06-24,PB,gasolina,228.6600,39
2024-06-24,PE,diesel_s10,187.6700,33
2024-06-24,PE,etanol,195.1600,43
2024-06-24,PE,gasolina,244.9800,42
2024-06-24,PI,diesel_s10,48.6900,8
2024-06-24,PI,etanol,33.2600,8
2024-06-24,PI,gasolina,62.8800,11
2024-06-24,PR,diesel_s10,350.1700,59
2024-06-24,PR,etanol,304.2200,77
2024-06-24,PR,gasolina,459.7100,77
2024-06-24,RJ,diesel_s10,759.7400,125
2024-06-24,RJ,etanol,737.7600,173
2024-06-24,RJ,gasolina,1072.5000,183
2024-06-24,RN,diesel_s10,81.1500,13
2024-06-24,RN,etanol,75.9100,16
2024-06-24,RN,gasolina,99.6400,16
2024-06-24,RO,diesel_s10,82.3900,13
2024-06-24,RO,etanol,39.7000,8
2024-06-24,RO,gasolina,94.8900,15
2024-06-24,RR,diesel_s10,38.3800,6
2024-06-24,RR,etanol,9.5800,2
2024-06-24,RR,gasolina,44.2400,7
2024-06-24,RS,diesel_s10,449.7600,75
2024-06-24,RS,etanol,183.2400,39
2024-06-24,RS,gasolina,562.6500,95
2024-06-24,SC,diesel_s10,256.3700,43
2024-06-24,SC,etanol,165.8400,39
2024-06-24,SC,gasolina,411.5900,70
2024-06-24,SE,diesel_s10,18.5700,3
2024-06-24,SE,etanol,14.6700,3
2024-06-24,SE,gasolina,19.1100,3
2024-06-24,SP,diesel_s10,2169.5800,361
2024-06-24,SP,etanol,1943.4400,529
2024-06-24,SP,gasolina,3053.4000,541
2024-06-24,TO,diesel_s10,110.9800,19
2024-06-24,TO,etanol,86.4100,20
2024-06-24,TO,gasolina,148.6800,25
2024-06-25,AC,diesel_s10,7.1900,1
2024-06-25,AC,etanol,9.1800,2
2024-06-25,AC,gasolina,13.7800,2
2024-06-25,AL,diesel_s10,139.3800,22
2024-06-25,AL,etanol,132.9100,28
2024-06-25,AL,gasolina,172.9500,28
2024-06-25,AM,diesel_s10,107.1400,16
2024-06-25,AM,etanol,44.3400,10
2024-06-25,AM,gasolina,175.9400,26
2024-06-25,BA,diesel_s10,281.7100,47
2024-06-25,BA,etanol,216.3500,49
2024-06-25,BA,gasolina,336.7200,54
2024-06-25,CE,diesel_s10,158.3000,27
2024-06-25,CE,etanol,181.2200,39
2024-06-25,CE,gasolina,250.1300,43
2024-06-25,DF,diesel_s10,29.2900,5
2024-06-25,DF,etanol,27.5100,7
2024-06-25,DF,gasolina,105.9300,18
2024-06-25,ES,diesel_s10,196.1100,33
2024-06-25,ES,etanol,109.2500,26
2024-06-25,ES,gasolina,211.7200,36
2024-06-25,GO,diesel_s10,332.4500,57
2024-06-25,GO,etanol,332.6300,87
2024-06-25,GO,gasolina,482.5800,83
2024-06-25,MA,diesel_s10,177.0100,30
2024-06-25,MA,etanol,87.7100,19
2024-06-25,MA,gasolina,187.8700,32
2024-06-25,MG,diesel_s10,755.4300,128
2024-06-25,MG,etanol,680.5400,171
2024-06-25,MG,gasolina,1010.9400,173
2024-06-25,MS,diesel_s10,83.5600,14
2024-06-25,MS,etanol,63.0000,17
2024-06-25,MS,gasolina,145.9400,26
2024-06-25,MT,diesel_s10,54.6100,9
2024-06-25,MT,etanol,35.1500,10
2024-06-25,MT,gasolina,58.4500,10
2024-06-25,PA,diesel_s10,30.0400,5
2024-06-25,PA,etanol,43.3800,10
2024-06-25,PA,gasolina,150.3000,25
2024-06-25,PB,diesel_s10,58.7100,10
2024-06-25,PB,etanol,46.3400,11
2024-06-25,PB,gasolina,63.3700,11
2024-06-25,PE,diesel_s10,315.4900,56
2024-06-25,PE,etanol,239.3000,53
2024-06-25,PE,gasolina,345.4100,59
2024-06-25,PI,diesel_s10,58.6100,10
2024-06-25,PI,etanol,42.4500,10
2024-06-25,PI,gasolina,68.3400,12
2024-06-25,PR,diesel_s10,179.5700,30
2024-06-25,PR,etanol,131.0800,33
2024-06-25,PR,gasolina,208.5200,35
2024-06-25,RJ,diesel_s10,376.0300,62
2024-06-25,RJ,etanol,401.5300,96
2024-06-25,RJ,gasolina,636.4700,110
2024-06-25,RN,diesel_s10,56.2000,9
2024-06-25,RN,etanol,54.4700,11
2024-06-25,RN,gasolina,80.7100,13
2024-06-25,RO,diesel_s10,77.3500,12
2024-06-25,RO,etanol,28.3000,6
2024-06-25,RO,gasolina,103.8200,16
2024-06-25,RR,diesel_s10,19.1600,3
2024-06-25,RR,gasolina,18.9300,3
2024-06-25,RS,diesel_s10,487.1300,81
2024-06-25,RS,etanol,198.1000,44
2024-06-25,RS,gasolina,663.0200,113
2024-06-25,SC,diesel_s10,157.9700,26
2024-06-25,SC,etanol,169.9800,39
2024-06-25,SC,gasolina,292.4200,49
2024-06-25,SE,diesel_s10,74.7000,13
2024-06-25,SE,etanol,28.5300,6
2024-06-25,SE,gasolina,80.8400,13
2024-06-25,SP,diesel_s10,1163.1800,195
2024-06-25,SP,etanol,1024.2400,280
2024-06-25,SP,gasolina,1595.2700,285
2024-06-26,AC,diesel_s10,59.5400,8
2024-06-26,AC,etanol,21.4600,4
2024-06-26,AC,gasolina,58.4100,8
2024-06-26,AL,diesel_s10,58.1800,10
2024-06-26,AL,etanol,55.0400,12
2024-06-26,AL,gasolina,77.7200,13
2024-06-26,AM,diesel_s10,49.0100,8
2024-06-26,AM,etanol,30.5300,7
2024-06-26,AM,gasolina,62.7500,10
2024-06-26,AP,diesel_s10,39.5800,6
2024-06-26,AP,etanol,9.1500,2
2024-06-26,AP,gasolina,95.0600,17
2024-06-26,BA,diesel_s10,383.1000,63
2024-06-26,BA,etanol,362.8900,81
2024-06-26,BA,gasolina,484.4800,78
2024-06-26,CE,diesel_s10,88.5500,15
2024-06-26,CE,etanol,56.2100,12
2024-06-26,CE,gasolina,101.4200,17
2024-06-26,DF,diesel_s10,11.4200,2
2024-06-26,DF,etanol,7.5400,2
2024-06-26,DF,gasolina,11.7700,2
2024-06-26,ES,etanol,4.0800,1
2024-06-26,ES,gasolina,18.3400,3
2024-06-26,GO,diesel_s10,131.9700,22
2024-06-26,GO,etanol,132.8100,34
2024-06-26,GO,gasolina,200.1000,34
2024-06-26,MA,diesel_s10,115.3400,20
2024-06-26,MA,etanol,46.0400,10
2024-06-26,MA,gasolina,141.8600,24
2024-06-26,MG,diesel_s10,620.3500,105
2024-06-26,MG,etanol,567.9800,144
2024-06-26,MG,gasolina,852.5800,147
2024-06-26,MS,diesel_s10,19.2600,3
2024-06-26,MS,etanol,24.0700,6
2024-06-26,MS,gasolina,35.7500,6
2024-06-26,MT,diesel_s10,59.1700,10
2024-06-26,MT,etanol,45.3700,13
2024-06-26,MT,gasolina,75.6300,13
2024-06-26,PA,diesel_s10,93.0800,15
2024-06-26,PA,etanol,35.3200,8
2024-06-26,PA,gasolina,133.5900,22
2024-06-26,PB,diesel_s10,41.7100,7
2024-06-26,PB,etanol,30.8300,7
2024-06-26,PB,gasolina,47.0600,8
2024-06-26,PE,diesel_s10,347.9300,61
2024-06-26,PE,etanol,243.3600,54
2024-06-26,PE,gasolina,427.6300,73
2024-06-26,PI,diesel_s10,89.0700,15
2024-06-26,PI,etanol,65.8900,16
2024-06-26,PI,gasolina,130.8500,23
2024-06-26,PR,diesel_s10,305.8200,51
2024-06-26,PR,etanol,283.8800,70
2024-06-26,PR,gasolina,418.6400,69
2024-06-26,RJ,diesel_s10,207.7100,34
2024-06-26,RJ,etanol,190.0900,44
2024-06-26,RJ,gasolina,260.0600,44
2024-06-26,RN,diesel_s10,70.8900,12
2024-06-26,RN,etanol,75.3000,16
2024-06-26,RN,gasolina,112.5400,18
2024-06-26,RO,diesel_s10,96.4700,15
2024-06-26,RO,etanol,33.4700,7
2024-06-26,RO,gasolina,129.0400,20
2024-06-26,RR,diesel_s10,38.3800,6
2024-06-26,RR,etanol,9.6600,2
2024-06-26,RR,gasolina,44.3200,7
2024-06-26,RS,diesel_s10,282.7400,46
2024-06-26,RS,etanol,128.3000,28
2024-06-26,RS,gasolina,447.2600,74
2024-06-26,SC,diesel_s10,194.3400,32
2024-06-26,SC,etanol,112.0000,26
2024-06-26,SC,gasolina,310.0000,52
2024-06-26,SE,diesel_s10,34.1200,6
2024-06-26,SE,etanol,23.4500,5
2024-06-26,SE,gasolina,49.2100,8
2024-06-26,SP,diesel_s10,894.6100,150
2024-06-26,SP,etanol,720.2900,199
2024-06-26,SP,gasolina,1132.8200,202
2024-06-26,TO,diesel_s10,96.9100,17
2024-06-26,TO,etanol,59.7700,14
2024-06-26,TO,gasolina,103.2700,17
2024-06-27,AP,diesel_s10,26.1500,4
2024-06-27,AP,gasolina,22.9300,4
2024-06-27,BA,diesel_s10,488.9800,81
2024-06-27,BA,etanol,474.5100,105
2024-06-27,BA,gasolina,644.2400,104
2024-06-27,CE,diesel_s10,254.8900,42
2024-06-27,CE,etanol,214.8600,45
2024-06-27,CE,gasolina,294.7300,49
2024-06-27,ES,diesel_s10,19.4200,3
2024-06-27,ES,etanol,22.6400,5
2024-06-27,ES,gasolina,44.7300,7
2024-06-27,GO,diesel_s10,152.7700,26
2024-06-27,GO,etanol,140.5200,37
2024-06-27,GO,gasolina,212.3700,37
2024-06-27,MA,diesel_s10,41.2200,7
2024-06-27,MA,etanol,13.4700,3
2024-06-27,MA,gasolina,43.3900,7
2024-06-27,MG,diesel_s10,387.4700,66
2024-06-27,MG,etanol,350.0300,88
2024-06-27,MG,gasolina,517.3700,89
2024-06-27,MS,diesel_s10,12.1400,2
2024-06-27,MS,etanol,7.5600,2
2024-06-27,MS,gasolina,11.7200,2
2024-06-27,MT,diesel_s10,58.8600,10
2024-06-27,MT,etanol,48.0000,14
2024-06-27,MT,gasolina,80.5900,14
2024-06-27,PA,diesel_s10,123.5900,20
2024-06-27,PA,etanol,27.4100,6
2024-06-27,PA,gasolina,141.9400,23
2024-06-27,PE,diesel_s10,85.7500,14
2024-06-27,PE,etanol,65.9600,13
2024-06-27,PE,gasolina,83.6500,13
2024-06-27,PR,diesel_s10,240.6500,41
2024-06-27,PR,etanol,232.2600,59
2024-06-27,PR,gasolina,327.8200,56
2024-06-27,RJ,diesel_s10,76.4600,12
2024-06-27,RJ,etanol,68.7900,16
2024-06-27,RJ,gasolina,107.1600,18
2024-06-27,RO,diesel_s10,19.7800,3
2024-06-27,RO,etanol,9.9500,2
2024-06-27,RO,gasolina,25.8800,4
2024-06-27,RS,diesel_s10,197.3300,33
2024-06-27,RS,etanol,64.6600,14
2024-06-27,RS,gasolina,259.3900,44
2024-06-27,SC,diesel_s10,89.0200,15
2024-06-27,SC,etanol,48.3400,11
2024-06-27,SC,gasolina,112.5400,19
2024-06-27,SP,diesel_s10,905.8300,152
2024-06-27,SP,etanol,797.4800,216
2024-06-27,SP,gasolina,1258.5800,221
2024-06-28,CE,diesel_s10,16.9700,3
2024-06-28,CE,etanol,14.1600,3
2024-06-28,CE,gasolina,17.0200,3
2024-06-28,MA,diesel_s10,75.4000,13
2024-06-28,MA,etanol,33.0400,7
2024-06-28,MA,gasolina,93.2600,16
2024-06-28,MG,diesel_s10,5.6900,1
2024-06-28,MG,etanol,12.2700,3
2024-06-28,MG,gasolina,17.2900,3
2024-06-28,PB,diesel_s10,35.0900,6
2024-06-28,PB,etanol,21.2500,5
2024-06-28,PB,gasolina,28.9000,5
2024-06-28,PE,diesel_s10,17.0600,3
2024-06-28,PE,etanol,13.2300,3
2024-06-28,PE,gasolina,17.3100,3
2024-06-28,PR,diesel_s10,70.6600,12
2024-06-28,PR,etanol,61.8400,15
2024-06-28,PR,gasolina,84.3000,14
2024-06-28,RS,diesel_s10,24.3100,4
2024-06-28,RS,etanol,8.7800,2
2024-06-28,RS,gasolina,29.2600,5
2024-06-28,SC,diesel_s10,29.9500,5
2024-06-28,SC,etanol,19.9500,5
2024-06-28,SC,gasolina,35.6900,6
2024-06-28,SP,diesel_s10,47.2600,8
2024-06-28,SP,etanol,41.2500,11
2024-06-28,SP,gasolina,62.7200,11
2024-07-01,AC,diesel_s10,57.9700,8
2024-07-01,AC,etanol,33.4300,7
2024-07-01,AC,gasolina,76.6900,11
2024-07-01,AL,diesel_s10,178.6000,29
2024-07-01,AL,etanol,186.7500,40
2024-07-01,AL,gasolina,250.7300,41
2024-07-01,AM,diesel_s10,121.2900,20
2024-07-01,AM,etanol,112.1100,26
2024-07-01,AM,gasolina,188.6700,30
2024-07-01,AP,diesel_s10,6.4800,1
2024-07-01,AP,gasolina,5.7500,1
2024-07-01,BA,diesel_s10,86.8000,14
2024-07-01,BA,etanol,80.0900,18
2024-07-01,BA,gasolina,112.9400,18
2024-07-01,CE,diesel_s10,136.4400,22
2024-07-01,CE,etanol,113.6300,23
2024-07-01,CE,gasolina,174.4600,28
2024-07-01,DF,diesel_s10,104.6100,18
2024-07-01,DF,etanol,80.7200,21
2024-07-01,DF,gasolina,199.1700,34
2024-07-01,ES,diesel_s10,194.3300,32
2024-07-01,ES,etanol,133.2200,32
2024-07-01,ES,gasolina,294.1300,50
2024-07-01,GO,diesel_s10,274.8700,47
2024-07-01,GO,etanol,245.1500,63
2024-07-01,GO,gasolina,377.0500,64
2024-07-01,MA,diesel_s10,130.1300,22
2024-07-01,MA,etanol,73.3800,16
2024-07-01,MA,gasolina,149.3700,25
2024-07-01,MG,diesel_s10,321.1000,55
2024-07-01,MG,etanol,301.4500,76
2024-07-01,MG,gasolina,456.8600,79
2024-07-01,MS,diesel_s10,28.5300,4
2024-07-01,MS,etanol,21.6200,5
2024-07-01,MS,gasolina,73.1400,11
2024-07-01,MT,diesel_s10,17.9300,3
2024-07-01,MT,etanol,36.8400,10
2024-07-01,MT,gasolina,57.9000,10
2024-07-01,PA,diesel_s10,100.0000,15
2024-07-01,PA,etanol,41.7000,9
2024-07-01,PA,gasolina,106.5500,17
2024-07-01,PB,diesel_s10,133.6700,23
2024-07-01,PB,etanol,139.7600,32
2024-07-01,PB,gasolina,187.0600,32
2024-07-01,PE,diesel_s10,291.1600,51
2024-07-01,PE,etanol,252.8900,56
2024-07-01,PE,gasolina,377.3400,65
2024-07-01,PI,diesel_s10,11.5800,2
2024-07-01,PI,etanol,12.5500,3
2024-07-01,PI,gasolina,17.3300,3
2024-07-01,PR,diesel_s10,263.9500,44
2024-07-01,PR,etanol,227.1500,56
2024-07-01,PR,gasolina,345.7900,57
2024-07-01,RJ,diesel_s10,607.2900,101
2024-07-01,RJ,etanol,568.4200,135
2024-07-01,RJ,gasolina,842.6000,146
2024-07-01,RN,diesel_s10,55.2600,9
2024-07-01,RN,etanol,67.8400,14
2024-07-01,RN,gasolina,80.7400,13
2024-07-01,RO,diesel_s10,57.9300,9
2024-07-01,RO,etanol,29.9100,6
2024-07-01,RO,gasolina,62.9600,10
2024-07-01,RR,diesel_s10,25.6800,4
2024-07-01,RR,etanol,9.5800,2
2024-07-01,RR,gasolina,31.4500,5
2024-07-01,RS,diesel_s10,432.7400,72
2024-07-01,RS,etanol,141.3700,31
2024-07-01,RS,gasolina,504.4000,85
2024-07-01,SC,diesel_s10,348.3400,58
2024-07-01,SC,etanol,271.0800,64
2024-07-01,SC,gasolina,598.9000,102
2024-07-01,SP,diesel_s10,2114.5400,354
2024-07-01,SP,etanol,1957.0600,530
2024-07-01,SP,gasolina,3039.0600,540
2024-07-01,TO,diesel_s10,157.2900,27
2024-07-01,TO,etanol,122.2800,28
2024-07-01,TO,gasolina,204.6400,34
2024-07-02,AC,diesel_s10,21.5400,3
2024-07-02,AC,etanol,14.3600,3
2024-07-02,AC,gasolina,20.8600,3
2024-07-02,AL,diesel_s10,23.6500,4
2024-07-02,AL,etanol,37.1500,8
2024-07-02,AL,gasolina,41.4600,7
2024-07-02,AM,diesel_s10,30.0600,5
2024-07-02,AM,etanol,34.3200,8
2024-07-02,AM,gasolina,50.1800,8
2024-07-02,BA,diesel_s10,82.1000,14
2024-07-02,BA,etanol,54.1600,13
2024-07-02,BA,gasolina,81.5100,14
2024-07-02,CE,diesel_s10,258.9600,44
2024-07-02,CE,etanol,280.5700,60
2024-07-02,CE,gasolina,357.6600,62
2024-07-02,DF,diesel_s10,17.5300,3
2024-07-02,DF,etanol,27.8700,7
2024-07-02,DF,gasolina,88.3600,15
2024-07-02,ES,diesel_s10,100.7900,17
2024-07-02,ES,etanol,45.5600,11
2024-07-02,ES,gasolina,120.5800,20
2024-07-02,GO,diesel_s10,195.1600,33
2024-07-02,GO,etanol,187.3800,48
2024-07-02,GO,gasolina,294.6000,50
2024-07-02,MA,diesel_s10,265.7600,46
2024-07-02,MA,etanol,135.6900,30
2024-07-02,MA,gasolina,289.0500,50
2024-07-02,MG,diesel_s10,535.1500,91
2024-07-02,MG,etanol,503.9600,127
2024-07-02,MG,gasolina,776.2200,133
2024-07-02,MS,diesel_s10,145.1600,24
2024-07-02,MS,etanol,106.1200,28
2024-07-02,MS,gasolina,203.3100,35
2024-07-02,MT,diesel_s10,71.5700,12
2024-07-02,MT,etanol,57.4000,16
2024-07-02,MT,gasolina,98.0600,17
2024-07-02,PA,diesel_s10,158.7700,26
2024-07-02,PA,etanol,70.9700,16
2024-07-02,PA,gasolina,216.6900,36
2024-07-02,PB,diesel_s10,123.5800,21
2024-07-02,PB,etanol,86.8800,20
2024-07-02,PB,gasolina,139.6400,24
2024-07-02,PE,diesel_s10,153.4600,27
2024-07-02,PE,etanol,134.2900,30
2024-07-02,PE,gasolina,179.5000,31
2024-07-02,PI,diesel_s10,72.0600,12
2024-07-02,PI,etanol,52.1800,12
2024-07-02,PI,gasolina,99.8400,17
2024-07-02,PR,diesel_s10,277.3800,47
2024-07-02,PR,etanol,264.8100,67
2024-07-02,PR,gasolina,392.6000,66
2024-07-02,RJ,diesel_s10,285.5800,46
2024-07-02,RJ,etanol,307.4600,72
2024-07-02,RJ,gasolina,478.4000,81
2024-07-02,RN,diesel_s10,70.3000,11
2024-07-02,RN,etanol,67.8400,14
2024-07-02,RN,gasolina,93.2500,15
2024-07-02,RO,diesel_s10,88.1200,14
2024-07-02,RO,etanol,38.0000,8
2024-07-02,RO,gasolina,124.4600,19
2024-07-02,RR,diesel_s10,25.8600,4
2024-07-02,RR,gasolina,25.2400,4
2024-07-02,RS,diesel_s10,503.5400,83
2024-07-02,RS,etanol,202.0500,44
2024-07-02,RS,gasolina,631.4900,107
2024-07-02,SC,diesel_s10,41.5900,7
2024-07-02,SC,etanol,18.0100,4
2024-07-02,SC,gasolina,52.8700,9
2024-07-02,SE,diesel_s10,40.6800,7
2024-07-02,SE,etanol,4.6900,1
2024-07-02,SE,gasolina,49.2000,8
2024-07-02,SP,diesel_s10,1047.9100,175
2024-07-02,SP,etanol,938.0700,255
2024-07-02,SP,gasolina,1444.6900,258
2024-07-03,AC,diesel_s10,59.5100,8
2024-07-03,AC,etanol,16.2200,3
2024-07-03,AC,gasolina,58.4300,8
2024-07-03,AL,diesel_s10,5.9500,1
2024-07-03,AL,etanol,9.0800,2
2024-07-03,AL,gasolina,11.8700,2
2024-07-03,AP,diesel_s10,39.7100,6
2024-07-03,AP,etanol,9.1500,2
2024-07-03,AP,gasolina,95.1200,17
2024-07-03,BA,diesel_s10,505.2900,81
2024-07-03,BA,etanol,385.8100,86
2024-07-03,BA,gasolina,570.4600,90
2024-07-03,CE,diesel_s10,110.9500,18
2024-07-03,CE,etanol,77.9800,16
2024-07-03,CE,gasolina,137.9300,22
2024-07-03,DF,diesel_s10,5.8900,1
2024-07-03,DF,etanol,3.9100,1
2024-07-03,DF,gasolina,5.9200,1
2024-07-03,ES,diesel_s10,17.5800,3
2024-07-03,ES,etanol,18.2200,4
2024-07-03,ES,gasolina,26.6400,4
2024-07-03,GO,diesel_s10,176.7700,30
2024-07-03,GO,etanol,158.0700,41
2024-07-03,GO,gasolina,232.7800,40
2024-07-03,MA,diesel_s10,70.1200,12
2024-07-03,MA,etanol,28.1400,6
2024-07-03,MA,gasolina,59.6700,10
2024-07-03,MG,diesel_s10,593.0000,100
2024-07-03,MG,etanol,547.7500,135
2024-07-03,MG,gasolina,813.7100,138
2024-07-03,MS,diesel_s10,47.1300,8
2024-07-03,MS,etanol,46.4700,13
2024-07-03,MS,gasolina,78.2400,14
2024-07-03,MT,diesel_s10,29.5900,5
2024-07-03,MT,etanol,29.3800,8
2024-07-03,MT,gasolina,46.2200,8
2024-07-03,PA,diesel_s10,61.3600,10
2024-07-03,PA,etanol,47.0400,11
2024-07-03,PA,gasolina,143.7400,24
2024-07-03,PB,diesel_s10,5.9900,1
2024-07-03,PB,etanol,18.3000,4
2024-07-03,PB,gasolina,35.2600,6
2024-07-03,PE,diesel_s10,269.2500,47
2024-07-03,PE,etanol,166.0100,37
2024-07-03,PE,gasolina,306.5900,52
2024-07-03,PI,diesel_s10,120.6600,20
2024-07-03,PI,etanol,88.3600,21
2024-07-03,PI,gasolina,156.3700,27
2024-07-03,PR,diesel_s10,118.9100,20
2024-07-03,PR,etanol,108.3800,27
2024-07-03,PR,gasolina,161.6700,27
2024-07-03,RJ,diesel_s10,180.3200,30
2024-07-03,RJ,etanol,186.9900,44
2024-07-03,RJ,gasolina,281.5400,48
2024-07-03,RN,diesel_s10,11.9200,2
2024-07-03,RN,etanol,14.5400,3
2024-07-03,RN,gasolina,18.3000,3
2024-07-03,RO,diesel_s10,38.4900,6
2024-07-03,RO,etanol,5.0000,1
2024-07-03,RO,gasolina,45.2600,7
2024-07-03,RR,diesel_s10,51.5000,8
2024-07-03,RR,etanol,4.8700,1
2024-07-03,RR,gasolina,50.4800,8
2024-07-03,RS,diesel_s10,230.9900,38
2024-07-03,RS,etanol,85.5200,19
2024-07-03,RS,gasolina,352.5800,60
2024-07-03,SC,diesel_s10,180.8400,30
2024-07-03,SC,etanol,81.6700,19
2024-07-03,SC,gasolina,225.1700,38
2024-07-03,SP,diesel_s10,709.3500,119
2024-07-03,SP,etanol,609.7400,165
2024-07-03,SP,gasolina,961.2100,172
2024-07-04,AM,diesel_s10,48.2400,7
2024-07-04,AM,gasolina,59.0600,8
2024-07-04,AP,diesel_s10,32.5100,5
2024-07-04,AP,etanol,4.9900,1
2024-07-04,AP,gasolina,28.7000,5
2024-07-04,BA,diesel_s10,473.8400,78
2024-07-04,BA,etanol,480.0300,108
2024-07-04,BA,gasolina,669.1700,109
2024-07-04,CE,diesel_s10,46.0000,7
2024-07-04,CE,etanol,30.3900,6
2024-07-04,CE,gasolina,45.3400,7
2024-07-04,ES,diesel_s10,41.0300,7
2024-07-04,ES,etanol,25.0900,6
2024-07-04,ES,gasolina,42.2000,7
2024-07-04,GO,diesel_s10,82.9800,14
2024-07-04,GO,etanol,75.3500,20
2024-07-04,GO,gasolina,114.4200,20
2024-07-04,MA,diesel_s10,59.0500,10
2024-07-04,MA,etanol,18.3300,4
2024-07-04,MA,gasolina,61.8600,10
2024-07-04,MG,diesel_s10,368.5100,63
2024-07-04,MG,etanol,328.3900,81
2024-07-04,MG,gasolina,496.7400,85
2024-07-04,MS,diesel_s10,12.6800,2
2024-07-04,MS,etanol,11.9600,3
2024-07-04,MS,gasolina,17.9100,3
2024-07-04,MT,diesel_s10,46.1500,8
2024-07-04,MT,etanol,35.8400,10
2024-07-04,MT,gasolina,56.9500,10
2024-07-04,PA,diesel_s10,11.7800,2
2024-07-04,PA,etanol,4.3000,1
2024-07-04,PA,gasolina,17.5900,3
2024-07-04,PB,diesel_s10,17.9600,3
2024-07-04,PB,etanol,8.7800,2
2024-07-04,PB,gasolina,11.5300,2
2024-07-04,PE,diesel_s10,64.5000,11
2024-07-04,PE,etanol,57.5400,12
2024-07-04,PE,gasolina,72.7300,12
2024-07-04,PI,diesel_s10,29.9400,5
2024-07-04,PI,etanol,33.6100,8
2024-07-04,PI,gasolina,69.8200,12
2024-07-04,PR,diesel_s10,186.6200,31
2024-07-04,PR,etanol,199.2100,51
2024-07-04,PR,gasolina,287.7600,49
2024-07-04,RJ,diesel_s10,74.1500,12
2024-07-04,RJ,etanol,91.3900,21
2024-07-04,RJ,gasolina,131.7600,22
2024-07-04,RN,diesel_s10,23.5600,4
2024-07-04,RN,etanol,70.3700,15
2024-07-04,RN,gasolina,94.0800,15
2024-07-04,RS,diesel_s10,70.9400,12
2024-07-04,RS,etanol,29.8300,7
2024-07-04,RS,gasolina,101.8000,17
2024-07-04,SC,diesel_s10,29.3700,5
2024-07-04,SC,etanol,12.5800,3
2024-07-04,SC,gasolina,40.9800,7
2024-07-04,SE,diesel_s10,29.1700,5
2024-07-04,SE,etanol,18.6000,4
2024-07-04,SE,gasolina,49.2000,8
2024-07-04,SP,diesel_s10,702.5000,116
2024-07-04,SP,etanol,565.7500,151
2024-07-04,SP,gasolina,875.0700,153
2024-07-04,TO,diesel_s10,46.4200,8
2024-07-04,TO,etanol,24.4500,6
2024-07-04,TO,gasolina,47.6200,8
2024-07-05,BA,diesel_s10,50.1500,8
2024-07-05,BA,etanol,37.4100,8
2024-07-05,BA,gasolina,49.9000,8
2024-07-05,CE,diesel_s10,51.5700,9
2024-07-05,CE,etanol,37.3100,8
2024-07-05,CE,gasolina,52.0800,9
2024-07-05,ES,diesel_s10,7.0400,1
2024-07-05,ES,etanol,9.3100,2
2024-07-05,ES,gasolina,13.0800,2
2024-07-05,MG,diesel_s10,49.1800,8
2024-07-05,MG,etanol,55.9000,14
2024-07-05,MG,gasolina,75.7800,13
2024-07-05,MT,diesel_s10,56.9200,9
2024-07-05,MT,etanol,36.7300,10
2024-07-05,MT,gasolina,58.3900,10
2024-07-05,PE,diesel_s10,18.3600,3
2024-07-05,PE,etanol,14.8700,3
2024-07-05,PE,gasolina,12.1800,2
2024-07-05,PR,diesel_s10,116.1600,20
2024-07-05,PR,etanol,112.5100,27
2024-07-05,PR,gasolina,164.7500,27
2024-07-05,RJ,diesel_s10,36.0500,6
2024-07-05,RJ,etanol,28.5400,6
2024-07-05,RJ,gasolina,38.2400,6
2024-07-05,RN,diesel_s10,12.3700,2
2024-07-05,RN,etanol,10.3400,2
2024-07-05,RN,gasolina,12.5200,2
2024-07-05,RS,diesel_s10,32.2400,5
2024-07-05,RS,etanol,24.7500,5
2024-07-05,RS,gasolina,84.7200,13
2024-07-05,SP,diesel_s10,188.6200,32
2024-07-05,SP,etanol,176.2700,47
2024-07-05,SP,gasolina,265.0600,47
2024-07-08,AC,diesel_s10,79.2600,11
2024-07-08,AC,etanol,47.7900,10
2024-07-08,AC,gasolina,97.6200,14
2024-07-08,AL,diesel_s10,58.7500,10
2024-07-08,AL,etanol,58.6700,13
2024-07-08,AL,gasolina,76.0100,13
2024-07-08,AM,diesel_s10,85.6500,14
2024-07-08,AM,etanol,77.7900,18
2024-07-08,AM,gasolina,138.3500,22
2024-07-08,AP,diesel_s10,39.6800,6
2024-07-08,AP,etanol,9.2600,2
2024-07-08,AP,gasolina,96.0500,17
2024-07-08,BA,diesel_s10,130.8300,21
2024-07-08,BA,etanol,121.7700,27
2024-07-08,BA,gasolina,166.2500,26
2024-07-08,CE,diesel_s10,195.0300,32
2024-07-08,CE,etanol,202.0000,42
2024-07-08,CE,gasolina,266.6400,45
2024-07-08,DF,diesel_s10,99.5800,17
2024-07-08,DF,etanol,78.3800,20
2024-07-08,DF,gasolina,182.2500,31
2024-07-08,ES,diesel_s10,88.4200,15
2024-07-08,ES,etanol,45.6500,11
2024-07-08,ES,gasolina,129.8900,21
2024-07-08,GO,diesel_s10,257.7100,44
2024-07-08,GO,etanol,252.5700,64
2024-07-08,GO,gasolina,366.1700,62
2024-07-08,MA,diesel_s10,178.3000,30
2024-07-08,MA,etanol,107.8100,23
2024-07-08,MA,gasolina,215.1800,36
2024-07-08,MG,diesel_s10,399.2900,68
2024-07-08,MG,etanol,392.3400,96
2024-07-08,MG,gasolina,598.8700,102
2024-07-08,MS,diesel_s10,55.0500,9
2024-07-08,MS,etanol,40.1500,10
2024-07-08,MS,gasolina,90.5900,15
2024-07-08,MT,diesel_s10,81.0300,13
2024-07-08,MT,etanol,63.5700,17
2024-07-08,MT,gasolina,99.9600,17
2024-07-08,PA,diesel_s10,112.1200,17
2024-07-08,PA,etanol,62.1300,14
2024-07-08,PA,gasolina,167.0700,27
2024-07-08,PB,diesel_s10,116.0000,20
2024-07-08,PB,etanol,140.5600,32
2024-07-08,PB,gasolina,193.3000,33
2024-07-08,PE,diesel_s10,305.4700,54
2024-07-08,PE,etanol,283.8800,64
2024-07-08,PE,gasolina,398.5700,70
2024-07-08,PI,diesel_s10,53.0700,9
2024-07-08,PI,etanol,25.2800,6
2024-07-08,PI,gasolina,63.6800,11
2024-07-08,PR,diesel_s10,228.3900,38
2024-07-08,PR,etanol,214.0900,54
2024-07-08,PR,gasolina,327.9300,55
2024-07-08,RJ,diesel_s10,697.7200,115
2024-07-08,RJ,etanol,724.9100,170
2024-07-08,RJ,gasolina,1034.6600,178
2024-07-08,RN,diesel_s10,38.6400,6
2024-07-08,RN,etanol,26.4500,5
2024-07-08,RN,gasolina,44.5600,7
2024-07-08,RO,diesel_s10,114.4800,18
2024-07-08,RO,etanol,43.5200,9
2024-07-08,RO,gasolina,123.8300,19
2024-07-08,RR,diesel_s10,25.8100,4
2024-07-08,RR,etanol,4.7900,1
2024-07-08,RR,gasolina,25.1600,4
2024-07-08,RS,diesel_s10,328.7100,54
2024-07-08,RS,etanol,167.6600,37
2024-07-08,RS,gasolina,551.3700,93
2024-07-08,SC,diesel_s10,397.6500,66
2024-07-08,SC,etanol,295.0100,69
2024-07-08,SC,gasolina,670.6900,114
2024-07-08,SE,diesel_s10,35.0600,6
2024-07-08,SE,etanol,23.4500,5
2024-07-08,SE,gasolina,49.2100,8
2024-07-08,SP,diesel_s10,2360.6400,393
2024-07-08,SP,etanol,2283.1300,607
2024-07-08,SP,gasolina,3514.7300,621
2024-07-08,TO,diesel_s10,118.4400,20
2024-07-08,TO,etanol,106.0100,24
2024-07-08,TO,gasolina,177.1800,29
2024-07-09,AL,diesel_s10,119.8600,19
2024-07-09,AL,etanol,130.2700,27
2024-07-09,AL,gasolina,162.4800,26
2024-07-09,AM,diesel_s10,6.2900,1
2024-07-09,AM,etanol,4.2900,1
2024-07-09,AM,gasolina,12.5800,2
2024-07-09,BA,diesel_s10,395.6800,64
2024-07-09,BA,etanol,296.4100,66
2024-07-09,BA,gasolina,430.3300,68
2024-07-09,CE,diesel_s10,125.5700,21
2024-07-09,CE,etanol,196.5500,41
2024-07-09,CE,gasolina,265.1500,44
2024-07-09,DF,diesel_s10,23.4900,4
2024-07-09,DF,etanol,28.1300,7
2024-07-09,DF,gasolina,94.8600,16
2024-07-09,ES,diesel_s10,105.3200,17
2024-07-09,ES,etanol,84.3100,20
2024-07-09,ES,gasolina,184.5700,31
2024-07-09,GO,diesel_s10,106.1200,18
2024-07-09,GO,etanol,125.0600,32
2024-07-09,GO,gasolina,176.4600,30
2024-07-09,MA,diesel_s10,197.7700,33
2024-07-09,MA,etanol,85.9600,18
2024-07-09,MA,gasolina,226.0500,37
2024-07-09,MG,diesel_s10,469.7300,79
2024-07-09,MG,etanol,450.6600,109
2024-07-09,MG,gasolina,673.8400,112
2024-07-09,MT,diesel_s10,68.8700,11
2024-07-09,MT,etanol,60.1400,16
2024-07-09,MT,gasolina,95.3200,16
2024-07-09,PA,diesel_s10,136.4300,23
2024-07-09,PA,etanol,66.4800,15
2024-07-09,PA,gasolina,228.4700,38
2024-07-09,PB,diesel_s10,36.6300,6
2024-07-09,PB,etanol,27.1600,6
2024-07-09,PB,gasolina,41.7000,7
2024-07-09,PE,diesel_s10,238.1600,41
2024-07-09,PE,etanol,171.0800,37
2024-07-09,PE,gasolina,277.4400,46
2024-07-09,PI,diesel_s10,61.7200,10
2024-07-09,PI,etanol,39.1300,9
2024-07-09,PI,gasolina,70.6300,12
2024-07-09,PR,diesel_s10,89.2000,15
2024-07-09,PR,etanol,65.6900,17
2024-07-09,PR,gasolina,99.2400,17
2024-07-09,RJ,diesel_s10,298.8300,49
2024-07-09,RJ,etanol,331.1600,77
2024-07-09,RJ,gasolina,531.3400,89
2024-07-09,RN,diesel_s10,66.5500,10
2024-07-09,RN,etanol,47.6500,9
2024-07-09,RN,gasolina,78.7200,12
2024-07-09,RO,diesel_s10,64.0100,10
2024-07-09,RO,etanol,19.3900,4
2024-07-09,RO,gasolina,120.5300,18
2024-07-09,RR,diesel_s10,32.1800,5
2024-07-09,RR,etanol,4.7900,1
2024-07-09,RR,gasolina,31.5100,5
2024-07-09,RS,diesel_s10,511.3300,84
2024-07-09,RS,etanol,198.7600,42
2024-07-09,RS,gasolina,691.4100,113
2024-07-09,SC,diesel_s10,36.3600,6
2024-07-09,SC,etanol,30.9700,7
2024-07-09,SC,gasolina,54.4000,9
2024-07-09,SE,diesel_s10,18.1500,3
2024-07-09,SE,etanol,19.2000,4
2024-07-09,SE,gasolina,25.2900,4
2024-07-09,SP,diesel_s10,214.8300,36
2024-07-09,SP,etanol,184.4600,49
2024-07-09,SP,gasolina,272.1400,48
2024-07-09,TO,diesel_s10,29.6100,5
2024-07-09,TO,etanol,17.8200,4
2024-07-09,TO,gasolina,30.8900,5
2024-07-10,AC,diesel_s10,59.6300,8
2024-07-10,AC,etanol,15.9200,3
2024-07-10,AC,gasolina,51.1000,7
2024-07-10,AL,diesel_s10,48.6600,8
2024-07-10,AL,etanol,52.3200,11
2024-07-10,AL,gasolina,75.7100,12
2024-07-10,AM,diesel_s10,54.5100,9
2024-07-10,AM,etanol,55.9700,13
2024-07-10,AM,gasolina,87.9200,14
2024-07-10,BA,diesel_s10,207.9700,33
2024-07-10,BA,etanol,194.5400,42
2024-07-10,BA,gasolina,267.8900,42
2024-07-10,CE,diesel_s10,25.3000,4
2024-07-10,CE,etanol,24.9500,5
2024-07-10,CE,gasolina,31.8000,5
2024-07-10,DF,diesel_s10,5.8900,1
2024-07-10,DF,etanol,7.9800,2
2024-07-10,DF,gasolina,11.9700,2
2024-07-10,ES,diesel_s10,60.0600,10
2024-07-10,ES,etanol,43.2200,10
2024-07-10,ES,gasolina,73.0300,12
2024-07-10,GO,diesel_s10,233.1900,39
2024-07-10,GO,etanol,216.6800,53
2024-07-10,GO,gasolina,334.4600,55
2024-07-10,MA,diesel_s10,28.4600,5
2024-07-10,MA,etanol,18.4600,4
2024-07-10,MA,gasolina,29.5000,5
2024-07-10,MG,diesel_s10,687.1800,116
2024-07-10,MG,etanol,577.6800,138
2024-07-10,MG,gasolina,883.4500,144
2024-07-10,MS,etanol,4.4900,1
2024-07-10,MS,gasolina,6.3600,1
2024-07-10,MT,diesel_s10,85.7400,14
2024-07-10,MT,etanol,75.2800,20
2024-07-10,MT,gasolina,118.4500,20
2024-07-10,PA,diesel_s10,105.5900,16
2024-07-10,PA,etanol,32.6900,7
2024-07-10,PA,gasolina,117.6000,18
2024-07-10,PB,diesel_s10,100.7100,17
2024-07-10,PB,etanol,88.7100,20
2024-07-10,PB,gasolina,142.7200,24
2024-07-10,PE,diesel_s10,209.8100,36
2024-07-10,PE,etanol,129.2800,28
2024-07-10,PE,gasolina,228.5600,38
2024-07-10,PI,diesel_s10,71.1400,12
2024-07-10,PI,etanol,62.7400,15
2024-07-10,PI,gasolina,105.0600,18
2024-07-10,PR,diesel_s10,351.0400,59
2024-07-10,PR,etanol,320.3600,76
2024-07-10,PR,gasolina,478.5500,77
2024-07-10,RJ,diesel_s10,197.5300,33
2024-07-10,RJ,etanol,177.0500,41
2024-07-10,RJ,gasolina,261.7800,44
2024-07-10,RN,diesel_s10,62.3500,10
2024-07-10,RN,etanol,95.8800,18
2024-07-10,RN,gasolina,104.7300,16
2024-07-10,RO,diesel_s10,6.2900,1
2024-07-10,RO,etanol,4.9900,1
2024-07-10,RO,gasolina,6.8900,1
2024-07-10,RR,diesel_s10,51.4700,8
2024-07-10,RR,etanol,9.6600,2
2024-07-10,RR,gasolina,50.4000,8
2024-07-10,RS,diesel_s10,343.5000,56
2024-07-10,RS,etanol,111.3800,24
2024-07-10,RS,gasolina,393.7200,62
2024-07-10,SC,diesel_s10,149.5200,25
2024-07-10,SC,etanol,62.5900,14
2024-07-10,SC,gasolina,195.3300,32
2024-07-10,SE,diesel_s10,64.6500,11
2024-07-10,SE,etanol,52.5700,11
2024-07-10,SE,gasolina,131.8500,21
2024-07-10,SP,diesel_s10,826.2000,138
2024-07-10,SP,etanol,746.7600,198
2024-07-10,SP,gasolina,1145.0500,199
2024-07-10,TO,diesel_s10,46.6200,8
2024-07-10,TO,etanol,24.5600,6
2024-07-10,TO,gasolina,50.1100,8
2024-07-11,AL,etanol,4.7800,1
2024-07-11,AL,gasolina,6.3900,1
2024-07-11,AM,diesel_s10,106.6300,16
2024-07-11,AM,etanol,26.2300,6
2024-07-11,AM,gasolina,109.2400,16
2024-07-11,AP,diesel_s10,39.3000,6
2024-07-11,AP,etanol,5.0900,1
2024-07-11,AP,gasolina,36.0000,6
2024-07-11,BA,diesel_s10,344.4500,56
2024-07-11,BA,etanol,336.9200,76
2024-07-11,BA,gasolina,479.1200,78
2024-07-11,CE,diesel_s10,128.1500,20
2024-07-11,CE,etanol,85.3700,17
2024-07-11,CE,gasolina,156.5500,24
2024-07-11,ES,diesel_s10,100.9700,17
2024-07-11,ES,etanol,63.6100,15
2024-07-11,ES,gasolina,131.1900,21
2024-07-11,GO,diesel_s10,113.6700,19
2024-07-11,GO,etanol,116.9900,30
2024-07-11,GO,gasolina,176.1600,30
2024-07-11,MA,diesel_s10,46.1000,8
2024-07-11,MA,etanol,21.8500,5
2024-07-11,MA,gasolina,52.2800,9
2024-07-11,MG,diesel_s10,301.7600,51
2024-07-11,MG,etanol,291.8400,69
2024-07-11,MG,gasolina,436.1500,71
2024-07-11,MS,diesel_s10,32.0400,5
2024-07-11,MS,etanol,28.7600,7
2024-07-11,MS,gasolina,36.9700,6
2024-07-11,MT,diesel_s10,60.3900,10
2024-07-11,MT,etanol,45.0600,12
2024-07-11,MT,gasolina,70.5600,12
2024-07-11,PB,diesel_s10,6.2700,1
2024-07-11,PB,etanol,4.6800,1
2024-07-11,PB,gasolina,5.9700,1
2024-07-11,PE,diesel_s10,17.3700,3
2024-07-11,PE,etanol,14.5500,3
2024-07-11,PE,gasolina,12.5000,2
2024-07-11,PI,diesel_s10,66.7500,11
2024-07-11,PI,etanol,45.6300,10
2024-07-11,PI,gasolina,109.2900,18
2024-07-11,PR,diesel_s10,235.4300,39
2024-07-11,PR,etanol,233.3700,57
2024-07-11,PR,gasolina,353.2400,58
2024-07-11,RJ,diesel_s10,53.9100,8
2024-07-11,RJ,etanol,37.3200,8
2024-07-11,RJ,gasolina,63.8700,10
2024-07-11,RN,diesel_s10,6.1900,1
2024-07-11,RN,etanol,20.3600,4
2024-07-11,RN,gasolina,25.9600,4
2024-07-11,RO,diesel_s10,55.6200,8
2024-07-11,RO,etanol,15.3400,3
2024-07-11,RO,gasolina,52.1400,8
2024-07-11,RS,diesel_s10,124.8000,21
2024-07-11,RS,etanol,59.9000,13
2024-07-11,RS,gasolina,149.0000,24
2024-07-11,SP,diesel_s10,1225.7800,203
2024-07-11,SP,etanol,1088.8400,281
2024-07-11,SP,gasolina,1678.5000,289
2024-07-12,BA,diesel_s10,23.8000,4
2024-07-12,BA,etanol,16.6700,4
2024-07-12,BA,gasolina,23.3200,4
2024-07-12,GO,diesel_s10,5.8300,1
2024-07-12,GO,etanol,7.6300,2
2024-07-12,GO,gasolina,5.8700,1
2024-07-12,MA,diesel_s10,106.5200,18
2024-07-12,MA,etanol,51.2900,11
2024-07-12,MA,gasolina,123.9900,20
2024-07-12,MG,diesel_s10,72.3900,12
2024-07-12,MG,etanol,69.6500,17
2024-07-12,MG,gasolina,109.3300,18
2024-07-12,MS,diesel_s10,65.4000,10
2024-07-12,MS,etanol,42.7500,10
2024-07-12,MS,gasolina,109.7000,17
2024-07-12,MT,diesel_s10,18.4500,3
2024-07-12,MT,etanol,23.2800,6
2024-07-12,MT,gasolina,36.4800,6
2024-07-12,PE,diesel_s10,29.2300,5
2024-07-12,PE,etanol,24.1700,5
2024-07-12,PE,gasolina,31.2700,5
2024-07-12,PR,diesel_s10,47.4000,8
2024-07-12,PR,etanol,54.9800,14
2024-07-12,PR,gasolina,72.3400,12
2024-07-12,RJ,diesel_s10,17.8200,3
2024-07-12,RJ,etanol,20.5200,4
2024-07-12,RJ,gasolina,32.9400,5
2024-07-12,RN,diesel_s10,24.8600,4
2024-07-12,RN,etanol,26.9500,5
2024-07-12,RN,gasolina,33.1400,5
2024-07-12,RS,diesel_s10,41.7700,7
2024-07-12,RS,etanol,13.7200,3
2024-07-12,RS,gasolina,66.0500,11
2024-07-12,SC,etanol,4.5900,1
2024-07-12,SC,gasolina,18.9300,3
2024-07-12,SP,diesel_s10,147.4900,25
2024-07-12,SP,etanol,136.7800,36
2024-07-12,SP,gasolina,203.9300,36
2024-07-15,AC,diesel_s10,43.6000,6
2024-07-15,AC,etanol,34.4100,7
2024-07-15,AC,gasolina,71.8300,10
2024-07-15,AL,diesel_s10,174.6600,28
2024-07-15,AL,etanol,180.7700,37
2024-07-15,AL,gasolina,245.8900,38
2024-07-15,AM,diesel_s10,94.3500,15
2024-07-15,AM,etanol,74.8400,16
2024-07-15,AM,gasolina,132.9800,20
2024-07-15,AP,diesel_s10,33.7100,5
2024-07-15,AP,etanol,9.3400,2
2024-07-15,AP,gasolina,99.9400,17
2024-07-15,BA,diesel_s10,307.7000,49
2024-07-15,BA,etanol,261.4000,58
2024-07-15,BA,gasolina,381.4500,60
2024-07-15,CE,diesel_s10,210.9400,34
2024-07-15,CE,etanol,199.3100,39
2024-07-15,CE,gasolina,284.6000,44
2024-07-15,DF,diesel_s10,89.0500,15
2024-07-15,DF,etanol,69.1800,17
2024-07-15,DF,gasolina,139.9300,23
2024-07-15,ES,diesel_s10,23.5600,4
2024-07-15,ES,etanol,18.9700,4
2024-07-15,ES,gasolina,33.5400,5
2024-07-15,GO,diesel_s10,253.9100,43
2024-07-15,GO,etanol,213.8900,51
2024-07-15,GO,gasolina,303.7500,49
2024-07-15,MA,diesel_s10,120.4300,20
2024-07-15,MA,etanol,76.7200,16
2024-07-15,MA,gasolina,150.3400,24
2024-07-15,MG,diesel_s10,462.1800,78
2024-07-15,MG,etanol,477.3500,113
2024-07-15,MG,gasolina,729.3100,119
2024-07-15,MS,diesel_s10,125.4700,20
2024-07-15,MS,etanol,104.6800,26
2024-07-15,MS,gasolina,256.7400,42
2024-07-15,MT,diesel_s10,64.2300,10
2024-07-15,MT,etanol,65.4200,17
2024-07-15,MT,gasolina,103.7100,17
2024-07-15,PA,diesel_s10,187.3600,28
2024-07-15,PA,etanol,66.1000,14
2024-07-15,PA,gasolina,242.0300,37
2024-07-15,PB,diesel_s10,122.7500,21
2024-07-15,PB,etanol,147.7000,32
2024-07-15,PB,gasolina,202.3500,33
2024-07-15,PE,diesel_s10,283.6400,49
2024-07-15,PE,etanol,228.5900,48
2024-07-15,PE,gasolina,368.2300,59
2024-07-15,PI,diesel_s10,55.4600,9
2024-07-15,PI,etanol,48.2500,11
2024-07-15,PI,gasolina,77.7400,13
2024-07-15,PR,diesel_s10,270.4600,45
2024-07-15,PR,etanol,267.5000,64
2024-07-15,PR,gasolina,418.0100,68
2024-07-15,RJ,diesel_s10,656.5000,108
2024-07-15,RJ,etanol,697.5800,158
2024-07-15,RJ,gasolina,995.7000,165
2024-07-15,RN,diesel_s10,44.3300,7
2024-07-15,RN,etanol,61.2600,11
2024-07-15,RN,gasolina,59.4100,9
2024-07-15,RO,diesel_s10,108.1400,17
2024-07-15,RO,etanol,39.8400,8
2024-07-15,RO,gasolina,126.2000,19
2024-07-15,RR,diesel_s10,32.1700,5
2024-07-15,RR,etanol,4.7900,1
2024-07-15,RR,gasolina,31.5300,5
2024-07-15,RS,diesel_s10,381.1400,63
2024-07-15,RS,etanol,207.7000,44
2024-07-15,RS,gasolina,606.3400,98
2024-07-15,SC,diesel_s10,382.9500,63
2024-07-15,SC,etanol,235.6700,54
2024-07-15,SC,gasolina,572.4800,92
2024-07-15,SE,diesel_s10,23.2000,4
2024-07-15,SE,etanol,18.8000,4
2024-07-15,SE,gasolina,49.2000,8
2024-07-15,SP,diesel_s10,2358.6800,391
2024-07-15,SP,etanol,2292.9000,593
2024-07-15,SP,gasolina,3483.5800,597
2024-07-15,TO,diesel_s10,126.2000,21
2024-07-15,TO,etanol,115.6400,25
2024-07-15,TO,gasolina,181.7500,28
2024-07-16,AL,diesel_s10,47.7800,8
2024-07-16,AL,etanol,57.6100,12
2024-07-16,AL,gasolina,80.8700,13
2024-07-16,AM,diesel_s10,31.5500,5
2024-07-16,AM,etanol,53.1900,11
2024-07-16,AM,gasolina,82.0800,12
2024-07-16,BA,diesel_s10,182.6700,29
2024-07-16,BA,etanol,153.1600,33
2024-07-16,BA,gasolina,240.2000,37
2024-07-16,CE,diesel_s10,163.1500,27
2024-07-16,CE,etanol,232.9800,45
2024-07-16,CE,gasolina,300.0900,46
2024-07-16,DF,diesel_s10,35.9500,6
2024-07-16,DF,etanol,32.5900,8
2024-07-16,DF,gasolina,146.2200,24
2024-07-16,ES,diesel_s10,104.6700,17
2024-07-16,ES,etanol,73.2300,17
2024-07-16,ES,gasolina,178.4300,29
2024-07-16,GO,diesel_s10,138.8900,23
2024-07-16,GO,etanol,151.5300,35
2024-07-16,GO,gasolina,228.3800,36
2024-07-16,MA,diesel_s10,70.8500,12
2024-07-16,MA,etanol,36.7900,8
2024-07-16,MA,gasolina,80.7900,13
2024-07-16,MG,diesel_s10,491.6100,83
2024-07-16,MG,etanol,470.1100,112
2024-07-16,MG,gasolina,704.8300,115
2024-07-16,MS,diesel_s10,19.2800,3
2024-07-16,MS,etanol,20.6800,5
2024-07-16,MS,gasolina,24.7700,4
2024-07-16,MT,diesel_s10,78.5800,13
2024-07-16,MT,etanol,75.9300,20
2024-07-16,MT,gasolina,119.9700,20
2024-07-16,PA,diesel_s10,78.5200,13
2024-07-16,PA,etanol,36.0400,8
2024-07-16,PA,gasolina,109.0900,18
2024-07-16,PB,diesel_s10,66.6900,11
2024-07-16,PB,etanol,42.4300,9
2024-07-16,PB,gasolina,68.0900,11
2024-07-16,PE,diesel_s10,261.8800,45
2024-07-16,PE,etanol,226.8800,48
2024-07-16,PE,gasolina,299.4200,49
2024-07-16,PI,diesel_s10,59.4400,10
2024-07-16,PI,etanol,30.5400,7
2024-07-16,PI,gasolina,71.9800,12
2024-07-16,PR,diesel_s10,185.9500,31
2024-07-16,PR,etanol,183.3800,41
2024-07-16,PR,gasolina,253.5400,40
2024-07-16,RJ,diesel_s10,353.1900,58
2024-07-16,RJ,etanol,410.8000,94
2024-07-16,RJ,gasolina,640.7200,106
2024-07-16,RN,diesel_s10,51.4900,8
2024-07-16,RN,etanol,50.7900,9
2024-07-16,RN,gasolina,59.9000,9
2024-07-16,RO,diesel_s10,68.9300,11
2024-07-16,RO,etanol,19.7100,4
2024-07-16,RO,gasolina,116.3100,17
2024-07-16,RR,diesel_s10,32.2900,5
2024-07-16,RR,etanol,9.6600,2
2024-07-16,RR,gasolina,31.4800,5
2024-07-16,RS,diesel_s10,599.5700,98
2024-07-16,RS,etanol,254.0200,54
2024-07-16,RS,gasolina,824.7200,133
2024-07-16,SC,diesel_s10,83.3700,14
2024-07-16,SC,etanol,55.7500,12
2024-07-16,SC,gasolina,134.1500,22
2024-07-16,SE,diesel_s10,58.8300,10
2024-07-16,SE,etanol,33.4300,7
2024-07-16,SE,gasolina,80.8600,13
2024-07-16,SP,diesel_s10,900.0000,150
2024-07-16,SP,etanol,915.3400,237
2024-07-16,SP,gasolina,1407.9400,244
2024-07-16,TO,diesel_s10,30.3400,5
2024-07-16,TO,etanol,18.4300,4
2024-07-16,TO,gasolina,32.5200,5
2024-07-17,AC,diesel_s10,14.6200,2
2024-07-17,AC,etanol,9.7600,2
2024-07-17,AC,gasolina,14.3400,2
2024-07-17,AL,diesel_s10,11.9400,2
2024-07-17,AL,etanol,9.6400,2
2024-07-17,AL,gasolina,12.4800,2
2024-07-17,AM,diesel_s10,38.3400,6
2024-07-17,AM,etanol,24.4300,5
2024-07-17,AM,gasolina,48.2300,7
2024-07-17,BA,diesel_s10,119.3800,19
2024-07-17,BA,etanol,109.2500,24
2024-07-17,BA,gasolina,136.5000,22
2024-07-17,CE,diesel_s10,120.2800,19
2024-07-17,CE,etanol,98.4000,19
2024-07-17,CE,gasolina,158.7000,24
2024-07-17,DF,diesel_s10,11.8000,2
2024-07-17,DF,etanol,8.2100,2
2024-07-17,DF,gasolina,12.1700,2
2024-07-17,ES,diesel_s10,209.3000,35
2024-07-17,ES,etanol,126.2700,29
2024-07-17,ES,gasolina,258.6500,41
2024-07-17,GO,diesel_s10,273.3900,46
2024-07-17,GO,etanol,293.5900,70
2024-07-17,GO,gasolina,439.4100,71
2024-07-17,MA,diesel_s10,190.8500,32
2024-07-17,MA,etanol,100.7200,21
2024-07-17,MA,gasolina,256.4900,42
2024-07-17,MG,diesel_s10,535.9100,91
2024-07-17,MG,etanol,505.9600,121
2024-07-17,MG,gasolina,722.2400,119
2024-07-17,MS,diesel_s10,80.4300,13
2024-07-17,MS,etanol,52.6000,13
2024-07-17,MS,gasolina,102.8700,17
2024-07-17,MT,diesel_s10,67.0300,11
2024-07-17,MT,etanol,68.3000,18
2024-07-17,MT,gasolina,106.7800,18
2024-07-17,PA,diesel_s10,19.2000,3
2024-07-17,PA,etanol,13.6700,3
2024-07-17,PA,gasolina,43.3700,7
2024-07-17,PB,diesel_s10,11.9200,2
2024-07-17,PB,etanol,18.9400,4
2024-07-17,PB,gasolina,37.1100,6
2024-07-17,PE,diesel_s10,101.2900,17
2024-07-17,PE,etanol,57.7800,12
2024-07-17,PE,gasolina,117.3100,19
2024-07-17,PI,diesel_s10,66.8400,11
2024-07-17,PI,etanol,61.2500,14
2024-07-17,PI,gasolina,95.4100,16
2024-07-17,PR,diesel_s10,284.7600,47
2024-07-17,PR,etanol,300.2700,69
2024-07-17,PR,gasolina,440.3500,70
2024-07-17,RJ,diesel_s10,203.9100,33
2024-07-17,RJ,etanol,164.9900,38
2024-07-17,RJ,gasolina,238.9400,40
2024-07-17,RN,diesel_s10,72.8200,11
2024-07-17,RN,etanol,66.6600,12
2024-07-17,RN,gasolina,99.9500,15
2024-07-17,RR,diesel_s10,45.1400,7
2024-07-17,RR,etanol,4.7900,1
2024-07-17,RR,gasolina,44.2700,7
2024-07-17,RS,diesel_s10,353.2900,58
2024-07-17,RS,etanol,144.1900,30
2024-07-17,RS,gasolina,420.6900,67
2024-07-17,SC,diesel_s10,97.6300,16
2024-07-17,SC,etanol,67.4900,15
2024-07-17,SC,gasolina,160.7300,26
2024-07-17,SE,diesel_s10,18.1700,3
2024-07-17,SE,etanol,43.2000,9
2024-07-17,SE,gasolina,76.3500,12
2024-07-17,SP,diesel_s10,652.6200,109
2024-07-17,SP,etanol,602.6600,156
2024-07-17,SP,gasolina,916.9500,159
2024-07-18,AC,diesel_s10,69.0900,9
2024-07-18,AC,etanol,25.5500,5
2024-07-18,AC,gasolina,74.6500,10
2024-07-18,AM,diesel_s10,102.8500,15
2024-07-18,AM,etanol,26.2300,6
2024-07-18,AM,gasolina,111.4700,16
2024-07-18,AP,diesel_s10,39.3000,6
2024-07-18,AP,etanol,5.0900,1
2024-07-18,AP,gasolina,36.0800,6
2024-07-18,BA,diesel_s10,317.0500,52
2024-07-18,BA,etanol,303.1300,69
2024-07-18,BA,gasolina,426.7900,70
2024-07-18,CE,diesel_s10,64.3000,10
2024-07-18,CE,etanol,52.3300,10
2024-07-18,CE,gasolina,73.8400,11
2024-07-18,ES,diesel_s10,36.0400,6
2024-07-18,ES,etanol,27.1500,6
2024-07-18,ES,gasolina,52.7100,9
2024-07-18,GO,diesel_s10,41.8400,7
2024-07-18,GO,etanol,52.0800,13
2024-07-18,GO,gasolina,77.7600,13
2024-07-18,MA,diesel_s10,35.5400,6
2024-07-18,MA,etanol,17.7600,4
2024-07-18,MA,gasolina,38.0200,6
2024-07-18,MG,diesel_s10,350.7900,58
2024-07-18,MG,etanol,315.1500,74
2024-07-18,MG,gasolina,487.0300,79
2024-07-18,MT,diesel_s10,5.8900,1
2024-07-18,MT,etanol,3.8900,1
2024-07-18,MT,gasolina,6.0900,1
2024-07-18,PE,diesel_s10,215.0100,36
2024-07-18,PE,etanol,162.6800,33
2024-07-18,PE,gasolina,241.0500,38
2024-07-18,PI,diesel_s10,74.0900,12
2024-07-18,PI,etanol,45.8600,10
2024-07-18,PI,gasolina,110.4100,18
2024-07-18,PR,diesel_s10,174.2900,29
2024-07-18,PR,etanol,154.3500,37
2024-07-18,PR,gasolina,212.7100,35
2024-07-18,RJ,diesel_s10,17.5700,3
2024-07-18,RJ,etanol,15.2700,3
2024-07-18,RJ,gasolina,26.4600,4
2024-07-18,RN,diesel_s10,49.2600,8
2024-07-18,RN,etanol,76.5600,15
2024-07-18,RN,gasolina,97.3300,15
2024-07-18,RS,diesel_s10,44.1000,7
2024-07-18,RS,etanol,4.4900,1
2024-07-18,RS,gasolina,56.4100,9
2024-07-18,SC,diesel_s10,30.7500,5
2024-07-18,SC,etanol,36.3300,8
2024-07-18,SC,gasolina,63.1700,10
2024-07-18,SP,diesel_s10,669.7700,110
2024-07-18,SP,etanol,622.6200,155
2024-07-18,SP,gasolina,924.2600,156
2024-07-18,TO,diesel_s10,41.4500,7
2024-07-18,TO,etanol,24.9400,6
2024-07-18,TO,gasolina,51.2300,8
2024-07-19,BA,diesel_s10,137.2400,23
2024-07-19,BA,etanol,112.4100,26
2024-07-19,BA,gasolina,161.2500,27
2024-07-19,CE,diesel_s10,35.9000,6
2024-07-19,CE,etanol,31.4800,6
2024-07-19,CE,gasolina,45.9700,7
2024-07-19,GO,diesel_s10,6.2900,1
2024-07-19,GO,etanol,8.3700,2
2024-07-19,GO,gasolina,12.4200,2
2024-07-19,MA,diesel_s10,58.8100,10
2024-07-19,MA,etanol,14.6700,3
2024-07-19,MA,gasolina,67.4900,11
2024-07-19,MG,diesel_s10,36.0500,6
2024-07-19,MG,etanol,35.5200,8
2024-07-19,MG,gasolina,63.0600,10
2024-07-19,PR,diesel_s10,106.0600,18
2024-07-19,PR,etanol,88.1600,21
2024-07-19,PR,gasolina,117.7800,19
2024-07-19,RJ,diesel_s10,12.0800,2
2024-07-19,RJ,etanol,5.1900,1
2024-07-19,RJ,gasolina,13.3800,2
2024-07-19,RN,diesel_s10,12.9800,2
2024-07-19,RN,etanol,11.5800,2
2024-07-19,RN,gasolina,13.5800,2
2024-07-19,RO,diesel_s10,14.0000,2
2024-07-19,RO,gasolina,13.7700,2
2024-07-19,SC,diesel_s10,36.2400,6
2024-07-19,SC,etanol,18.6100,4
2024-07-19,SC,gasolina,43.7100,7
2024-07-19,SP,diesel_s10,130.8400,22
2024-07-19,SP,etanol,146.1000,37
2024-07-19,SP,gasolina,217.4600,37
2024-07-22,AL,diesel_s10,68.0100,11
2024-07-22,AL,etanol,72.5700,15
2024-07-22,AL,gasolina,108.7400,17
2024-07-22,AM,diesel_s10,76.6800,12
2024-07-22,AM,etanol,58.6600,12
2024-07-22,AM,gasolina,130.8900,19
2024-07-22,AP,diesel_s10,33.4700,5
2024-07-22,AP,etanol,9.5600,2
2024-07-22,AP,gasolina,100.3500,17
2024-07-22,BA,diesel_s10,199.2100,32
2024-07-22,BA,etanol,166.8900,37
2024-07-22,BA,gasolina,234.1400,37
2024-07-22,CE,diesel_s10,111.3100,18
2024-07-22,CE,etanol,101.4400,20
2024-07-22,CE,gasolina,152.3100,24
2024-07-22,DF,diesel_s10,106.2200,18
2024-07-22,DF,etanol,92.0100,23
2024-07-22,DF,gasolina,214.2900,36
2024-07-22,ES,diesel_s10,165.1300,27
2024-07-22,ES,etanol,114.0500,26
2024-07-22,ES,gasolina,242.6600,39
2024-07-22,GO,diesel_s10,253.5100,43
2024-07-22,GO,etanol,225.3400,53
2024-07-22,GO,gasolina,330.9500,53
2024-07-22,MA,diesel_s10,188.2200,31
2024-07-22,MA,etanol,101.2200,21
2024-07-22,MA,gasolina,233.0400,37
2024-07-22,MG,diesel_s10,384.5200,65
2024-07-22,MG,etanol,396.6300,93
2024-07-22,MG,gasolina,595.3800,97
2024-07-22,MS,diesel_s10,34.5500,5
2024-07-22,MS,etanol,35.8900,8
2024-07-22,MS,gasolina,86.0700,13
2024-07-22,MT,diesel_s10,88.4200,14
2024-07-22,MT,etanol,83.3300,22
2024-07-22,MT,gasolina,133.2800,22
2024-07-22,PA,diesel_s10,107.0500,16
2024-07-22,PA,etanol,42.9500,9
2024-07-22,PA,gasolina,128.5800,20
2024-07-22,PB,diesel_s10,122.0200,21
2024-07-22,PB,etanol,144.7400,31
2024-07-22,PB,gasolina,203.3700,33
2024-07-22,PE,diesel_s10,237.2900,41
2024-07-22,PE,etanol,201.3200,42
2024-07-22,PE,gasolina,304.2300,49
2024-07-22,PI,diesel_s10,17.7700,3
2024-07-22,PI,etanol,17.8200,4
2024-07-22,PI,gasolina,23.9200,4
2024-07-22,PR,diesel_s10,258.3000,43
2024-07-22,PR,etanol,249.7500,58
2024-07-22,PR,gasolina,363.4400,59
2024-07-22,RJ,diesel_s10,690.6700,114
2024-07-22,RJ,etanol,722.3500,162
2024-07-22,RJ,gasolina,995.4600,165
2024-07-22,RN,diesel_s10,93.2900,14
2024-07-22,RN,etanol,83.1300,15
2024-07-22,RN,gasolina,113.4100,17
2024-07-22,RO,diesel_s10,109.0700,17
2024-07-22,RO,etanol,44.8300,9
2024-07-22,RO,gasolina,133.9800,20
2024-07-22,RR,diesel_s10,19.2700,3
2024-07-22,RR,etanol,4.7900,1
2024-07-22,RR,gasolina,18.8700,3
2024-07-22,RS,diesel_s10,527.8800,87
2024-07-22,RS,etanol,232.7200,49
2024-07-22,RS,gasolina,702.7600,113
2024-07-22,SC,diesel_s10,297.9300,49
2024-07-22,SC,etanol,244.7600,55
2024-07-22,SC,gasolina,545.6800,88
2024-07-22,SE,diesel_s10,29.7500,5
2024-07-22,SE,etanol,33.4700,7
2024-07-22,SE,gasolina,44.3000,7
2024-07-22,SP,diesel_s10,2353.8200,389
2024-07-22,SP,etanol,2359.0900,601
2024-07-22,SP,gasolina,3564.9700,608
2024-07-22,TO,diesel_s10,131.5700,22
2024-07-22,TO,etanol,111.6700,24
2024-07-22,TO,gasolina,193.8500,30
2024-07-23,AL,diesel_s10,119.8600,19
2024-07-23,AL,etanol,112.8700,23
2024-07-23,AL,gasolina,160.8100,25
2024-07-23,AM,diesel_s10,31.9500,5
2024-07-23,AM,etanol,39.1200,8
2024-07-23,AM,gasolina,55.1200,8
2024-07-23,AP,diesel_s10,6.5100,1
2024-07-23,AP,gasolina,5.9900,1
2024-07-23,BA,diesel_s10,376.8100,61
2024-07-23,BA,etanol,348.6000,74
2024-07-23,BA,gasolina,530.4600,83
2024-07-23,CE,diesel_s10,207.7600,34
2024-07-23,CE,etanol,276.0800,53
2024-07-23,CE,gasolina,353.0800,54
2024-07-23,DF,diesel_s10,29.6900,5
2024-07-23,DF,etanol,24.3700,6
2024-07-23,DF,gasolina,71.9600,12
2024-07-23,ES,diesel_s10,66.2400,11
2024-07-23,ES,etanol,49.7800,11
2024-07-23,ES,gasolina,96.5200,15
2024-07-23,GO,diesel_s10,147.9100,25
2024-07-23,GO,etanol,167.4000,39
2024-07-23,GO,gasolina,264.0800,42
2024-07-23,MA,diesel_s10,178.1200,30
2024-07-23,MA,etanol,87.8700,18
2024-07-23,MA,gasolina,216.2500,35
2024-07-23,MG,diesel_s10,467.6300,79
2024-07-23,MG,etanol,495.3100,117
2024-07-23,MG,gasolina,741.6500,121
2024-07-23,MS,diesel_s10,91.9700,15
2024-07-23,MS,etanol,68.5900,17
2024-07-23,MS,gasolina,139.1600,23
2024-07-23,MT,diesel_s10,36.0500,6
2024-07-23,MT,etanol,44.1100,12
2024-07-23,MT,gasolina,70.6300,12
2024-07-23,PA,diesel_s10,116.7600,18
2024-07-23,PA,etanol,56.1200,12
2024-07-23,PA,gasolina,174.4100,27
2024-07-23,PB,diesel_s10,61.0800,10
2024-07-23,PB,etanol,38.4300,8
2024-07-23,PB,gasolina,68.5800,11
2024-07-23,PE,diesel_s10,254.3200,44
2024-07-23,PE,etanol,186.7600,40
2024-07-23,PE,gasolina,307.0500,50
2024-07-23,PI,diesel_s10,17.9200,3
2024-07-23,PI,etanol,26.2200,6
2024-07-23,PI,gasolina,35.9300,6
2024-07-23,PR,diesel_s10,206.3000,34
2024-07-23,PR,etanol,205.5000,47
2024-07-23,PR,gasolina,293.7600,48
2024-07-23,RJ,diesel_s10,389.2900,64
2024-07-23,RJ,etanol,466.4900,105
2024-07-23,RJ,gasolina,702.1000,116
2024-07-23,RN,diesel_s10,80.1100,13
2024-07-23,RN,etanol,88.4900,17
2024-07-23,RN,gasolina,123.3400,19
2024-07-23,RO,diesel_s10,69.5100,11
2024-07-23,RO,etanol,14.7200,3
2024-07-23,RO,gasolina,89.1600,13
2024-07-23,RR,diesel_s10,32.2600,5
2024-07-23,RR,etanol,4.7900,1
2024-07-23,RR,gasolina,31.5900,5
2024-07-23,RS,diesel_s10,391.4800,64
2024-07-23,RS,etanol,144.7400,30
2024-07-23,RS,gasolina,496.2500,81
2024-07-23,SC,diesel_s10,120.6700,20
2024-07-23,SC,etanol,84.2300,19
2024-07-23,SC,gasolina,164.2300,27
2024-07-23,SE,diesel_s10,88.0200,15
2024-07-23,SE,etanol,67.2000,14
2024-07-23,SE,gasolina,157.3300,25
2024-07-23,SP,diesel_s10,1035.5800,172
2024-07-23,SP,etanol,1003.0600,257
2024-07-23,SP,gasolina,1520.2200,262
2024-07-23,TO,diesel_s10,24.6500,4
2024-07-23,TO,etanol,18.7000,4
2024-07-23,TO,gasolina,26.3300,4
2024-07-24,AC,diesel_s10,61.5300,8
2024-07-24,AC,etanol,15.9200,3
2024-07-24,AC,gasolina,60.2700,8
2024-07-24,AL,diesel_s10,41.5100,7
2024-07-24,AL,etanol,53.5300,11
2024-07-24,AL,gasolina,69.1000,11
2024-07-24,AM,diesel_s10,44.7300,7
2024-07-24,AM,etanol,48.9000,10
2024-07-24,AM,gasolina,82.6800,12
2024-07-24,BA,diesel_s10,302.6800,49
2024-07-24,BA,etanol,252.8100,55
2024-07-24,BA,gasolina,355.0000,56
2024-07-24,CE,diesel_s10,119.6300,19
2024-07-24,CE,etanol,87.8100,17
2024-07-24,CE,gasolina,151.4800,23
2024-07-24,ES,diesel_s10,95.0500,16
2024-07-24,ES,etanol,56.7900,13
2024-07-24,ES,gasolina,138.2700,22
2024-07-24,GO,diesel_s10,213.9600,35
2024-07-24,GO,etanol,224.2100,53
2024-07-24,GO,gasolina,330.0700,53
2024-07-24,MA,diesel_s10,121.1300,21
2024-07-24,MA,etanol,83.5300,18
2024-07-24,MA,gasolina,148.9500,25
2024-07-24,MG,diesel_s10,697.7300,117
2024-07-24,MG,etanol,614.8300,146
2024-07-24,MG,gasolina,920.5400,151
2024-07-24,MS,diesel_s10,84.7000,14
2024-07-24,MS,etanol,57.8200,15
2024-07-24,MS,gasolina,104.7900,18
2024-07-24,MT,diesel_s10,97.3200,16
2024-07-24,MT,etanol,80.5700,22
2024-07-24,MT,gasolina,129.0600,22
2024-07-24,PA,diesel_s10,91.1900,15
2024-07-24,PA,etanol,50.2700,11
2024-07-24,PA,gasolina,127.6400,21
2024-07-24,PB,diesel_s10,18.3000,3
2024-07-24,PB,etanol,19.1000,4
2024-07-24,PB,gasolina,31.0800,5
2024-07-24,PE,diesel_s10,223.8800,38
2024-07-24,PE,etanol,164.7100,34
2024-07-24,PE,gasolina,261.7000,42
2024-07-24,PI,diesel_s10,139.6000,23
2024-07-24,PI,etanol,92.5100,21
2024-07-24,PI,gasolina,174.3100,29
2024-07-24,PR,diesel_s10,163.6700,27
2024-07-24,PR,etanol,156.8500,37
2024-07-24,PR,gasolina,237.4600,39
2024-07-24,RJ,diesel_s10,72.2600,12
2024-07-24,RJ,etanol,65.2300,15
2024-07-24,RJ,gasolina,101.5900,17
2024-07-24,RN,diesel_s10,56.6000,9
2024-07-24,RN,etanol,96.3900,17
2024-07-24,RN,gasolina,101.1900,15
2024-07-24,RO,diesel_s10,6.5900,1
2024-07-24,RO,gasolina,13.7400,2
2024-07-24,RR,diesel_s10,57.9900,9
2024-07-24,RR,etanol,9.6600,2
2024-07-24,RR,gasolina,56.7200,9
2024-07-24,RS,diesel_s10,357.8900,60
2024-07-24,RS,etanol,180.5600,39
2024-07-24,RS,gasolina,619.8900,102
2024-07-24,SC,diesel_s10,169.3700,28
2024-07-24,SC,etanol,83.1800,18
2024-07-24,SC,gasolina,200.4300,33
2024-07-24,SP,diesel_s10,592.9300,99
2024-07-24,SP,etanol,534.8500,137
2024-07-24,SP,gasolina,821.6200,141
2024-07-25,AC,diesel_s10,72.3900,10
2024-07-25,AC,etanol,58.9900,12
2024-07-25,AC,gasolina,100.2700,14
2024-07-25,AM,diesel_s10,110.5400,16
2024-07-25,AM,etanol,28.0500,6
2024-07-25,AM,gasolina,116.1000,16
2024-07-25,AP,diesel_s10,32.6000,5
2024-07-25,AP,etanol,5.2400,1
2024-07-25,AP,gasolina,30.0300,5
2024-07-25,BA,diesel_s10,256.3900,42
2024-07-25,BA,etanol,234.9100,51
2024-07-25,BA,gasolina,310.9200,49
2024-07-25,CE,diesel_s10,90.2500,14
2024-07-25,CE,etanol,77.2900,15
2024-07-25,CE,gasolina,118.5100,18
2024-07-25,ES,diesel_s10,36.1400,6
2024-07-25,ES,etanol,27.1500,6
2024-07-25,ES,gasolina,51.3100,9
2024-07-25,GO,diesel_s10,101.5300,17
2024-07-25,GO,etanol,93.0400,23
2024-07-25,GO,gasolina,131.5700,22
2024-07-25,MA,diesel_s10,12.0200,2
2024-07-25,MA,etanol,4.9900,1
2024-07-25,MA,gasolina,13.4600,2
2024-07-25,MG,diesel_s10,307.2500,51
2024-07-25,MG,etanol,263.1700,62
2024-07-25,MG,gasolina,398.9200,65
2024-07-25,PE,diesel_s10,145.3000,24
2024-07-25,PE,etanol,104.5800,21
2024-07-25,PE,gasolina,154.1400,24
2024-07-25,PI,diesel_s10,42.4700,7
2024-07-25,PI,etanol,23.9400,5
2024-07-25,PI,gasolina,48.8800,8
2024-07-25,PR,diesel_s10,330.2300,55
2024-07-25,PR,etanol,321.0300,76
2024-07-25,PR,gasolina,451.7000,73
2024-07-25,RJ,diesel_s10,49.6400,8
2024-07-25,RJ,etanol,49.2900,11
2024-07-25,RJ,gasolina,73.1800,12
2024-07-25,RS,diesel_s10,66.8500,10
2024-07-25,RS,etanol,52.2100,10
2024-07-25,RS,gasolina,113.7800,17
2024-07-25,SC,diesel_s10,48.9000,8
2024-07-25,SC,etanol,8.9800,2
2024-07-25,SC,gasolina,55.3300,9
2024-07-25,SP,diesel_s10,716.9900,118
2024-07-25,SP,etanol,636.2200,159
2024-07-25,SP,gasolina,959.6200,161
2024-07-25,TO,diesel_s10,47.3000,8
2024-07-25,TO,etanol,25.1400,6
2024-07-25,TO,gasolina,51.2300,8
2024-07-26,BA,diesel_s10,25.7300,4
2024-07-26,BA,etanol,23.7600,5
2024-07-26,BA,gasolina,25.6700,4
2024-07-26,GO,diesel_s10,41.9900,7
2024-07-26,GO,etanol,32.3800,8
2024-07-26,GO,gasolina,41.7700,7
2024-07-26,MA,diesel_s10,53.2600,9
2024-07-26,MA,etanol,14.1700,3
2024-07-26,MA,gasolina,57.2500,9
2024-07-26,MG,diesel_s10,48.2300,8
2024-07-26,MG,etanol,41.0300,10
2024-07-26,MG,gasolina,53.1600,9
2024-07-26,MS,diesel_s10,43.3200,7
2024-07-26,MS,etanol,23.9400,6
2024-07-26,MS,gasolina,54.5700,9
2024-07-26,MT,diesel_s10,23.8800,4
2024-07-26,MT,etanol,15.0800,4
2024-07-26,MT,gasolina,23.4000,4
2024-07-26,PA,diesel_s10,52.9000,9
2024-07-26,PA,etanol,32.5300,7
2024-07-26,PA,gasolina,84.9800,14
2024-07-26,PE,diesel_s10,5.9900,1
2024-07-26,PE,etanol,4.6900,1
2024-07-26,PE,gasolina,6.0900,1
2024-07-26,PR,diesel_s10,35.9000,6
2024-07-26,PR,etanol,43.2000,10
2024-07-26,PR,gasolina,66.9900,11
2024-07-26,RJ,diesel_s10,51.6900,8
2024-07-26,RJ,etanol,51.7800,11
2024-07-26,RJ,gasolina,102.4400,16
2024-07-26,RS,diesel_s10,29.1600,5
2024-07-26,RS,etanol,13.5700,3
2024-07-26,RS,gasolina,30.9500,5
2024-07-26,SP,diesel_s10,47.2100,8
2024-07-26,SP,etanol,59.4400,16
2024-07-26,SP,gasolina,93.2800,16
2024-07-29,AC,diesel_s10,35.9400,5
2024-07-29,AC,etanol,29.1500,6
2024-07-29,AC,gasolina,42.9600,6
2024-07-29,AL,diesel_s10,169.0400,27
2024-07-29,AL,etanol,170.9300,35
2024-07-29,AL,gasolina,242.9000,38
2024-07-29,AM,diesel_s10,83.0600,13
2024-07-29,AM,etanol,78.6200,16
2024-07-29,AM,gasolina,137.7700,20
2024-07-29,AP,diesel_s10,13.1000,2
2024-07-29,AP,gasolina,12.1800,2
2024-07-29,BA,diesel_s10,283.4900,46
2024-07-29,BA,etanol,219.2000,48
2024-07-29,BA,gasolina,345.6000,54
2024-07-29,CE,diesel_s10,245.5800,40
2024-07-29,CE,etanol,193.0500,38
2024-07-29,CE,gasolina,292.0700,46
2024-07-29,DF,diesel_s10,76.5100,13
2024-07-29,DF,etanol,68.4400,16
2024-07-29,DF,gasolina,132.3000,22
2024-07-29,ES,diesel_s10,152.6400,25
2024-07-29,ES,etanol,105.4200,24
2024-07-29,ES,gasolina,230.2200,37
2024-07-29,GO,diesel_s10,275.0700,46
2024-07-29,GO,etanol,273.9000,65
2024-07-29,GO,gasolina,405.1500,65
2024-07-29,MA,diesel_s10,193.0400,32
2024-07-29,MA,etanol,107.2800,22
2024-07-29,MA,gasolina,256.3100,41
2024-07-29,MG,diesel_s10,587.4900,99
2024-07-29,MG,etanol,545.8300,129
2024-07-29,MG,gasolina,837.6600,137
2024-07-29,MS,diesel_s10,126.1000,20
2024-07-29,MS,etanol,107.5800,26
2024-07-29,MS,gasolina,254.1600,41
2024-07-29,MT,diesel_s10,98.9300,16
2024-07-29,MT,etanol,93.8500,25
2024-07-29,MT,gasolina,150.5300,25
2024-07-29,PA,diesel_s10,107.0800,16
2024-07-29,PA,etanol,43.0500,9
2024-07-29,PA,gasolina,134.7000,21
2024-07-29,PB,diesel_s10,116.3100,20
2024-07-29,PB,etanol,140.1600,30
2024-07-29,PB,gasolina,196.8900,32
2024-07-29,PE,diesel_s10,240.9000,42
2024-07-29,PE,etanol,210.8500,45
2024-07-29,PE,gasolina,321.6200,53
2024-07-29,PI,diesel_s10,67.6000,11
2024-07-29,PI,etanol,44.9600,10
2024-07-29,PI,gasolina,84.7400,14
2024-07-29,PR,diesel_s10,242.5600,40
2024-07-29,PR,etanol,236.8200,55
2024-07-29,PR,gasolina,349.2300,56
2024-07-29,RJ,diesel_s10,594.1800,98
2024-07-29,RJ,etanol,630.9300,140
2024-07-29,RJ,gasolina,884.7900,145
2024-07-29,RN,diesel_s10,44.2300,7
2024-07-29,RN,etanol,50.1600,9
2024-07-29,RN,gasolina,66.9700,10
2024-07-29,RO,diesel_s10,83.4900,13
2024-07-29,RO,etanol,30.0600,6
2024-07-29,RO,gasolina,119.5700,18
2024-07-29,RR,diesel_s10,32.1300,5
2024-07-29,RR,etanol,4.7900,1
2024-07-29,RR,gasolina,31.5300,5
2024-07-29,RS,diesel_s10,262.7800,43
2024-07-29,RS,etanol,147.9100,31
2024-07-29,RS,gasolina,408.3300,66
2024-07-29,SC,diesel_s10,289.5000,48
2024-07-29,SC,etanol,247.3100,55
2024-07-29,SC,gasolina,579.8600,94
2024-07-29,SE,diesel_s10,59.1200,10
2024-07-29,SE,etanol,52.9500,11
2024-07-29,SE,gasolina,89.6900,14
2024-07-29,SP,diesel_s10,2307.3900,382
2024-07-29,SP,etanol,2300.0600,588
2024-07-29,SP,gasolina,3457.6800,590
2024-07-29,TO,diesel_s10,131.2000,22
2024-07-29,TO,etanol,110.9300,24
2024-07-29,TO,gasolina,194.2400,30
2024-07-30,AL,diesel_s10,18.6700,3
2024-07-30,AL,etanol,19.4300,4
2024-07-30,AL,gasolina,25.3900,4
2024-07-30,BA,diesel_s10,270.6100,44
2024-07-30,BA,etanol,254.5600,55
2024-07-30,BA,gasolina,381.9300,60
2024-07-30,CE,diesel_s10,182.2400,30
2024-07-30,CE,etanol,204.0400,40
2024-07-30,CE,gasolina,306.5700,48
2024-07-30,DF,diesel_s10,35.0400,6
2024-07-30,DF,etanol,37.5700,9
2024-07-30,DF,gasolina,110.1500,18
2024-07-30,ES,diesel_s10,60.0000,10
2024-07-30,ES,etanol,48.9100,11
2024-07-30,ES,gasolina,75.6600,12
2024-07-30,GO,diesel_s10,118.4700,20
2024-07-30,GO,etanol,140.0400,35
2024-07-30,GO,gasolina,214.2700,36
2024-07-30,MA,diesel_s10,208.0800,35
2024-07-30,MA,etanol,115.3400,24
2024-07-30,MA,gasolina,220.5800,36
2024-07-30,MG,diesel_s10,416.9800,70
2024-07-30,MG,etanol,437.0800,103
2024-07-30,MG,gasolina,653.2400,107
2024-07-30,MS,diesel_s10,18.1400,3
2024-07-30,MS,etanol,7.6400,2
2024-07-30,MS,gasolina,28.8100,5
2024-07-30,MT,diesel_s10,41.3900,7
2024-07-30,MT,etanol,46.1500,13
2024-07-30,MT,gasolina,75.8100,13
2024-07-30,PA,diesel_s10,34.3400,6
2024-07-30,PA,etanol,22.4100,5
2024-07-30,PA,gasolina,83.0200,14
2024-07-30,PE,diesel_s10,426.6800,72
2024-07-30,PE,etanol,324.9900,67
2024-07-30,PE,gasolina,482.7900,77
2024-07-30,PI,diesel_s10,36.2500,6
2024-07-30,PI,etanol,21.6300,5
2024-07-30,PI,gasolina,41.7100,7
2024-07-30,PR,diesel_s10,241.4400,40
2024-07-30,PR,etanol,205.9400,49
2024-07-30,PR,gasolina,308.3300,51
2024-07-30,RJ,diesel_s10,324.5400,53
2024-07-30,RJ,etanol,333.9000,75
2024-07-30,RJ,gasolina,522.6700,86
2024-07-30,RN,diesel_s10,123.9100,20
2024-07-30,RN,etanol,121.7300,23
2024-07-30,RN,gasolina,157.9900,24
2024-07-30,RO,diesel_s10,57.5300,9
2024-07-30,RO,etanol,30.5200,6
2024-07-30,RO,gasolina,82.0400,12
2024-07-30,RR,diesel_s10,45.0600,7
2024-07-30,RR,etanol,9.5800,2
2024-07-30,RR,gasolina,43.9400,7
2024-07-30,RS,diesel_s10,515.4900,84
2024-07-30,RS,etanol,172.7900,36
2024-07-30,RS,gasolina,714.0400,116
2024-07-30,SC,diesel_s10,169.0100,28
2024-07-30,SC,etanol,125.1800,29
2024-07-30,SC,gasolina,267.2600,44
2024-07-30,SE,diesel_s10,12.6700,2
2024-07-30,SE,etanol,39.0800,8
2024-07-30,SE,gasolina,71.5800,11
2024-07-30,SP,diesel_s10,1040.5100,173
2024-07-30,SP,etanol,1057.0700,269
2024-07-30,SP,gasolina,1605.8600,273
2024-07-30,TO,diesel_s10,24.7400,4
2024-07-30,TO,etanol,18.8300,4
2024-07-30,TO,gasolina,26.3300,4
2024-07-31,AC,diesel_s10,91.2500,12
2024-07-31,AC,etanol,51.0500,10
2024-07-31,AC,gasolina,117.7700,16
2024-07-31,AL,diesel_s10,53.6000,9
2024-07-31,AL,etanol,53.7200,11
2024-07-31,AL,gasolina,69.0900,11
2024-07-31,AM,diesel_s10,70.2900,11
2024-07-31,AM,etanol,88.0000,18
2024-07-31,AM,gasolina,117.1300,17
2024-07-31,AP,diesel_s10,26.0900,4
2024-07-31,AP,etanol,5.2400,1
2024-07-31,AP,gasolina,24.0000,4
2024-07-31,BA,diesel_s10,605.1000,98
2024-07-31,BA,etanol,576.3500,123
2024-07-31,BA,gasolina,779.6400,122
2024-07-31,CE,diesel_s10,24.8400,4
2024-07-31,CE,etanol,30.3900,6
2024-07-31,CE,gasolina,51.3600,8
2024-07-31,DF,diesel_s10,17.8900,3
2024-07-31,DF,etanol,16.6200,4
2024-07-31,DF,gasolina,54.9700,9
2024-07-31,ES,diesel_s10,146.2900,24
2024-07-31,ES,etanol,99.0400,22
2024-07-31,ES,gasolina,223.4100,35
2024-07-31,GO,diesel_s10,208.5500,35
2024-07-31,GO,etanol,231.8300,57
2024-07-31,GO,gasolina,346.7800,57
2024-07-31,MA,diesel_s10,52.5800,9
2024-07-31,MA,etanol,37.6800,8
2024-07-31,MA,gasolina,62.4200,10
2024-07-31,MG,diesel_s10,829.3900,139
2024-07-31,MG,etanol,742.5200,177
2024-07-31,MG,gasolina,1116.4100,183
2024-07-31,MS,diesel_s10,43.7700,7
2024-07-31,MS,etanol,42.9800,11
2024-07-31,MS,gasolina,88.8100,15
2024-07-31,MT,diesel_s10,65.5900,11
2024-07-31,MT,etanol,59.7500,17
2024-07-31,MT,gasolina,97.9300,17
2024-07-31,PA,diesel_s10,123.9700,19
2024-07-31,PA,etanol,38.9600,8
2024-07-31,PA,gasolina,162.6000,25
2024-07-31,PB,diesel_s10,162.1900,27
2024-07-31,PB,etanol,129.3800,28
2024-07-31,PB,gasolina,210.0800,34
2024-07-31,PE,diesel_s10,180.6800,31
2024-07-31,PE,etanol,157.8000,33
2024-07-31,PE,gasolina,230.3000,37
2024-07-31,PI,diesel_s10,72.0300,12
2024-07-31,PI,etanol,66.2600,15
2024-07-31,PI,gasolina,95.1700,16
2024-07-31,PR,diesel_s10,135.8200,23
2024-07-31,PR,etanol,163.2800,36
2024-07-31,PR,gasolina,231.8000,38
2024-07-31,RJ,diesel_s10,306.4900,50
2024-07-31,RJ,etanol,284.4300,65
2024-07-31,RJ,gasolina,434.6000,73
2024-07-31,RN,diesel_s10,99.2900,15
2024-07-31,RN,etanol,82.3700,15
2024-07-31,RN,gasolina,113.2200,17
2024-07-31,RO,diesel_s10,44.1200,7
2024-07-31,RO,etanol,4.9900,1
2024-07-31,RO,gasolina,48.1500,7
2024-07-31,RR,diesel_s10,32.3300,5
2024-07-31,RR,etanol,4.8700,1
2024-07-31,RR,gasolina,31.6700,5
2024-07-31,RS,diesel_s10,392.0900,65
2024-07-31,RS,etanol,173.7900,37
2024-07-31,RS,gasolina,500.0400,82
2024-07-31,SC,diesel_s10,61.4600,10
2024-07-31,SC,etanol,9.0800,2
2024-07-31,SC,gasolina,61.6000,10
2024-07-31,SE,diesel_s10,29.0000,5
2024-07-31,SE,etanol,9.4500,2
2024-07-31,SE,gasolina,37.8200,6
2024-07-31,SP,diesel_s10,643.0400,107
2024-07-31,SP,etanol,649.1200,165
2024-07-31,SP,gasolina,975.7200,165
2024-07-31,TO,diesel_s10,47.3000,8
2024-07-31,TO,etanol,25.1400,6
2024-07-31,TO,gasolina,51.2300,8
2024-08-01,AM,diesel_s10,96.7500,14
2024-08-01,AM,etanol,28.0500,6
2024-08-01,AM,gasolina,116.1000,16
2024-08-01,BA,diesel_s10,46.6500,8
2024-08-01,BA,etanol,38.1000,8
2024-08-01,BA,gasolina,50.8900,8
2024-08-01,CE,diesel_s10,116.4500,18
2024-08-01,CE,etanol,94.5300,18
2024-08-01,CE,gasolina,127.3600,19
2024-08-01,GO,diesel_s10,95.2400,16
2024-08-01,GO,etanol,80.2000,20
2024-08-01,GO,gasolina,119.1500,20
2024-08-01,MA,diesel_s10,23.6600,4
2024-08-01,MA,etanol,4.7900,1
2024-08-01,MA,gasolina,25.5600,4
2024-08-01,MG,diesel_s10,117.9500,20
2024-08-01,MG,etanol,109.4800,25
2024-08-01,MG,gasolina,156.0900,25
2024-08-01,MS,diesel_s10,6.1700,1
2024-08-01,MS,etanol,12.6600,3
2024-08-01,MS,gasolina,12.3700,2
2024-08-01,PA,diesel_s10,12.0300,2
2024-08-01,PA,etanol,4.5800,1
2024-08-01,PA,gasolina,18.5000,3
2024-08-01,PI,diesel_s10,90.6100,15
2024-08-01,PI,etanol,52.0200,11
2024-08-01,PI,gasolina,134.9300,22
2024-08-01,PR,diesel_s10,258.6000,43
2024-08-01,PR,etanol,245.6900,59
2024-08-01,PR,gasolina,348.5700,57
2024-08-01,RJ,diesel_s10,30.0500,5
2024-08-01,RJ,etanol,30.2300,7
2024-08-01,RJ,gasolina,47.4200,8
2024-08-01,RO,diesel_s10,20.7300,3
2024-08-01,RO,etanol,10.2000,2
2024-08-01,RO,gasolina,19.4800,3
2024-08-01,RS,diesel_s10,193.7300,32
2024-08-01,RS,etanol,105.4600,22
2024-08-01,RS,gasolina,249.9400,39
2024-08-01,SC,diesel_s10,30.1000,5
2024-08-01,SC,etanol,14.0400,3
2024-08-01,SC,gasolina,35.7800,6
2024-08-01,SP,diesel_s10,306.7300,50
2024-08-01,SP,etanol,303.6400,76
2024-08-01,SP,gasolina,464.7600,78
2024-08-02,BA,diesel_s10,47.0900,8
2024-08-02,BA,etanol,38.2000,8
2024-08-02,BA,gasolina,51.2100,8
2024-08-02,GO,diesel_s10,54.1100,9
2024-08-02,GO,etanol,40.3500,10
2024-08-02,GO,gasolina,60.0300,10
2024-08-02,PR,diesel_s10,130.2200,22
2024-08-02,PR,etanol,117.4400,28
2024-08-02,PR,gasolina,172.1100,28
2024-08-02,SP,diesel_s10,97.1900,16
2024-08-02,SP,etanol,82.0500,21
2024-08-02,SP,gasolina,129.0900,22
2024-08-03,RS,diesel_s10,41.7000,7
2024-08-03,RS,etanol,18.7800,4
2024-08-03,RS,gasolina,59.0800,10
2024-08-03,SP,diesel_s10,221.2400,37
2024-08-03,SP,etanol,172.0000,44
2024-08-03,SP,gasolina,275.1200,47
2024-08-05,AL,diesel_s10,59.2600,10
2024-08-05,AL,etanol,100.9700,21
2024-08-05,AL,gasolina,135.2900,22
2024-08-05,AM,diesel_s10,108.6300,17
2024-08-05,AM,etanol,102.6500,21
2024-08-05,AM,gasolina,172.2300,25
2024-08-05,BA,diesel_s10,167.2300,26
2024-08-05,BA,etanol,143.2500,31
2024-08-05,BA,gasolina,213.3300,33
2024-08-05,CE,diesel_s10,151.6000,24
2024-08-05,CE,etanol,107.5000,21
2024-08-05,CE,gasolina,158.6100,25
2024-08-05,DF,diesel_s10,93.6500,16
2024-08-05,DF,etanol,79.4600,19
2024-08-05,DF,gasolina,164.1800,27
2024-08-05,ES,diesel_s10,153.5000,25
2024-08-05,ES,etanol,114.3300,26
2024-08-05,ES,gasolina,234.4800,38
2024-08-05,GO,diesel_s10,362.3500,61
2024-08-05,GO,etanol,317.9200,80
2024-08-05,GO,gasolina,496.8600,83
2024-08-05,MA,diesel_s10,260.0200,43
2024-08-05,MA,etanol,157.8300,33
2024-08-05,MA,gasolina,299.8500,48
2024-08-05,MG,diesel_s10,750.7300,126
2024-08-05,MG,etanol,729.1000,173
2024-08-05,MG,gasolina,1093.0800,179
2024-08-05,MS,diesel_s10,101.0900,16
2024-08-05,MS,etanol,86.8300,21
2024-08-05,MS,gasolina,223.2400,36
2024-08-05,MT,diesel_s10,31.2300,5
2024-08-05,MT,etanol,53.9300,14
2024-08-05,MT,gasolina,84.8100,14
2024-08-05,PA,diesel_s10,107.1100,16
2024-08-05,PA,etanol,43.0500,9
2024-08-05,PA,gasolina,134.9600,21
2024-08-05,PB,diesel_s10,134.3400,23
2024-08-05,PB,etanol,159.0500,34
2024-08-05,PB,gasolina,221.5200,36
2024-08-05,PE,diesel_s10,310.6600,54
2024-08-05,PE,etanol,237.8500,51
2024-08-05,PE,gasolina,400.4500,66
2024-08-05,PI,diesel_s10,68.9500,11
2024-08-05,PI,etanol,45.2800,10
2024-08-05,PI,gasolina,84.4400,14
2024-08-05,PR,diesel_s10,216.3200,36
2024-08-05,PR,etanol,214.0700,52
2024-08-05,PR,gasolina,320.4300,53
2024-08-05,RJ,diesel_s10,664.9000,110
2024-08-05,RJ,etanol,715.6900,161
2024-08-05,RJ,gasolina,995.8300,165
2024-08-05,RN,diesel_s10,25.4900,4
2024-08-05,RN,etanol,43.6000,8
2024-08-05,RN,gasolina,39.8800,6
2024-08-05,RO,diesel_s10,109.0700,17
2024-08-05,RO,etanol,70.6900,14
2024-08-05,RO,gasolina,149.1900,22
2024-08-05,RR,diesel_s10,25.7200,4
2024-08-05,RR,etanol,9.5800,2
2024-08-05,RR,gasolina,25.1600,4
2024-08-05,RS,diesel_s10,459.7700,76
2024-08-05,RS,etanol,218.4300,46
2024-08-05,RS,gasolina,731.7300,119
2024-08-05,SC,diesel_s10,317.6300,53
2024-08-05,SC,etanol,236.8300,54
2024-08-05,SC,gasolina,535.4200,87
2024-08-05,SE,diesel_s10,69.7600,12
2024-08-05,SE,etanol,23.7300,5
2024-08-05,SE,gasolina,94.4300,15
2024-08-05,SP,diesel_s10,2400.9100,397
2024-08-05,SP,etanol,2395.6000,611
2024-08-05,SP,gasolina,3620.2000,612
2024-08-05,TO,diesel_s10,79.3000,13
2024-08-05,TO,etanol,92.1300,20
2024-08-05,TO,gasolina,149.0000,23
2024-08-06,AL,diesel_s10,116.6700,18
2024-08-06,AL,etanol,90.5100,18
2024-08-06,AL,gasolina,132.6200,20
2024-08-06,BA,diesel_s10,272.0600,44
2024-08-06,BA,etanol,220.2800,48
2024-08-06,BA,gasolina,308.4500,48
2024-08-06,CE,diesel_s10,316.3700,52
2024-08-06,CE,etanol,378.2000,74
2024-08-06,CE,gasolina,487.4700,77
2024-08-06,DF,diesel_s10,29.8300,5
2024-08-06,DF,etanol,29.5100,7
2024-08-06,DF,gasolina,122.3400,20
2024-08-06,ES,diesel_s10,47.5900,8
2024-08-06,ES,etanol,40.8600,9
2024-08-06,ES,gasolina,105.1000,16
2024-08-06,GO,diesel_s10,72.0300,12
2024-08-06,GO,etanol,75.3200,19
2024-08-06,GO,gasolina,107.0200,18
2024-08-06,MA,diesel_s10,176.2500,30
2024-08-06,MA,etanol,91.6500,19
2024-08-06,MA,gasolina,213.2100,35
2024-08-06,MG,diesel_s10,349.5600,59
2024-08-06,MG,etanol,329.0300,78
2024-08-06,MG,gasolina,508.8800,83
2024-08-06,MS,diesel_s10,61.5300,10
2024-08-06,MS,etanol,51.1900,13
2024-08-06,MS,gasolina,88.2400,15
2024-08-06,MT,diesel_s10,104.4100,17
2024-08-06,MT,etanol,92.8600,24
2024-08-06,MT,gasolina,145.9200,24
2024-08-06,PA,diesel_s10,60.1600,10
2024-08-06,PA,etanol,61.1800,13
2024-08-06,PA,gasolina,160.6000,26
2024-08-06,PB,diesel_s10,60.7700,10
2024-08-06,PB,etanol,38.1900,8
2024-08-06,PB,gasolina,79.5100,13
2024-08-06,PE,diesel_s10,112.2900,19
2024-08-06,PE,etanol,87.2600,18
2024-08-06,PE,gasolina,125.5800,20
2024-08-06,PR,diesel_s10,331.2400,55
2024-08-06,PR,etanol,307.3500,75
2024-08-06,PR,gasolina,446.6000,73
2024-08-06,RJ,diesel_s10,422.6500,69
2024-08-06,RJ,etanol,481.1400,108
2024-08-06,RJ,gasolina,766.7200,126
2024-08-06,RN,diesel_s10,52.8000,8
2024-08-06,RN,etanol,54.5700,10
2024-08-06,RN,gasolina,72.6200,11
2024-08-06,RO,diesel_s10,38.8500,6
2024-08-06,RO,etanol,10.2800,2
2024-08-06,RO,gasolina,61.0900,9
2024-08-06,RR,diesel_s10,51.5900,8
2024-08-06,RR,etanol,9.6600,2
2024-08-06,RR,gasolina,50.3900,8
2024-08-06,RS,diesel_s10,403.0500,66
2024-08-06,RS,etanol,152.9800,32
2024-08-06,RS,gasolina,527.8700,86
2024-08-06,SC,diesel_s10,67.4900,11
2024-08-06,SC,etanol,61.6300,13
2024-08-06,SC,gasolina,104.3000,17
2024-08-06,SE,diesel_s10,36.8200,6
2024-08-06,SE,etanol,68.1800,14
2024-08-06,SE,gasolina,110.4400,17
2024-08-06,SP,diesel_s10,970.8400,161
2024-08-06,SP,etanol,955.3200,242
2024-08-06,SP,gasolina,1473.9500,249
2024-08-06,TO,diesel_s10,65.0500,11
2024-08-06,TO,etanol,47.1600,10
2024-08-06,TO,gasolina,72.4800,11
2024-08-07,AC,diesel_s10,69.0100,9
2024-08-07,AC,etanol,26.1000,5
2024-08-07,AC,gasolina,74.6700,10
2024-08-07,AL,diesel_s10,41.5100,7
2024-08-07,AL,etanol,49.6600,10
2024-08-07,AL,gasolina,69.4900,11
2024-08-07,AM,diesel_s10,51.1200,8
2024-08-07,AM,etanol,53.7900,11
2024-08-07,AM,gasolina,96.4600,14
2024-08-07,AP,diesel_s10,51.9100,8
2024-08-07,AP,etanol,20.4700,4
2024-08-07,AP,gasolina,101.4100,17
2024-08-07,BA,diesel_s10,351.5500,57
2024-08-07,BA,etanol,354.2700,76
2024-08-07,BA,gasolina,508.9800,80
2024-08-07,CE,diesel_s10,5.9900,1
2024-08-07,CE,etanol,9.9800,2
2024-08-07,CE,gasolina,18.7100,3
2024-08-07,DF,diesel_s10,11.6500,2
2024-08-07,DF,etanol,8.3800,2
2024-08-07,DF,gasolina,12.1700,2
2024-08-07,ES,diesel_s10,138.9800,23
2024-08-07,ES,etanol,107.8500,24
2024-08-07,ES,gasolina,189.2000,30
2024-08-07,GO,diesel_s10,175.5100,29
2024-08-07,GO,etanol,172.7300,43
2024-08-07,GO,gasolina,282.5100,47
2024-08-07,MA,diesel_s10,41.5500,7
2024-08-07,MA,etanol,28.3900,6
2024-08-07,MA,gasolina,49.4200,8
2024-08-07,MG,diesel_s10,447.3700,74
2024-08-07,MG,etanol,426.1300,99
2024-08-07,MG,gasolina,629.3500,101
2024-08-07,MS,diesel_s10,13.4500,2
2024-08-07,MS,etanol,4.6100,1
2024-08-07,MS,gasolina,13.0600,2
2024-08-07,MT,diesel_s10,65.8200,11
2024-08-07,MT,etanol,61.8400,16
2024-08-07,MT,gasolina,96.8600,16
2024-08-07,PA,diesel_s10,105.7300,16
2024-08-07,PA,etanol,34.3900,7
2024-08-07,PA,gasolina,163.6400,25
2024-08-07,PB,etanol,4.7400,1
2024-08-07,PB,gasolina,6.1700,1
2024-08-07,PE,diesel_s10,306.5100,53
2024-08-07,PE,etanol,262.8300,56
2024-08-07,PE,gasolina,376.5000,62
2024-08-07,PI,diesel_s10,143.6900,24
2024-08-07,PI,etanol,98.5000,22
2024-08-07,PI,gasolina,198.0400,33
2024-08-07,PR,diesel_s10,200.3900,33
2024-08-07,PR,etanol,195.8200,47
2024-08-07,PR,gasolina,297.4600,48
2024-08-07,RJ,diesel_s10,42.7200,7
2024-08-07,RJ,etanol,52.9400,12
2024-08-07,RJ,gasolina,78.2900,13
2024-08-07,RN,diesel_s10,45.8900,7
2024-08-07,RN,etanol,48.7800,9
2024-08-07,RN,gasolina,65.7100,10
2024-08-07,RO,diesel_s10,31.5700,5
2024-08-07,RO,etanol,15.0200,3
2024-08-07,RO,gasolina,41.2100,6
2024-08-07,RR,diesel_s10,32.1600,5
2024-08-07,RR,gasolina,31.5900,5
2024-08-07,RS,diesel_s10,198.6500,32
2024-08-07,RS,etanol,63.7800,13
2024-08-07,RS,gasolina,240.2500,38
2024-08-07,SC,diesel_s10,187.1500,31
2024-08-07,SC,etanol,128.9500,29
2024-08-07,SC,gasolina,273.4100,45
2024-08-07,SP,diesel_s10,547.9100,92
2024-08-07,SP,etanol,526.7800,136
2024-08-07,SP,gasolina,820.0900,139
2024-08-08,AC,diesel_s10,80.1100,11
2024-08-08,AC,etanol,49.3800,10
2024-08-08,AC,gasolina,86.0500,12
2024-08-08,AM,diesel_s10,96.7500,14
2024-08-08,AM,etanol,23.4600,5
2024-08-08,AM,gasolina,116.3800,16
2024-08-08,AP,diesel_s10,39.1000,6
2024-08-08,AP,etanol,5.2400,1
2024-08-08,AP,gasolina,36.0900,6
2024-08-08,BA,diesel_s10,322.2400,54
2024-08-08,BA,etanol,281.3900,60
2024-08-08,BA,gasolina,416.0000,65
2024-08-08,CE,diesel_s10,70.7700,11
2024-08-08,CE,etanol,35.3100,7
2024-08-08,CE,gasolina,85.8500,13
2024-08-08,GO,diesel_s10,126.2400,21
2024-08-08,GO,etanol,118.5400,29
2024-08-08,GO,gasolina,172.7600,29
2024-08-08,MA,diesel_s10,35.9400,6
2024-08-08,MA,etanol,14.7700,3
2024-08-08,MA,gasolina,55.4200,9
2024-08-08,MG,diesel_s10,372.8500,63
2024-08-08,MG,etanol,309.6200,73
2024-08-08,MG,gasolina,490.9400,80
2024-08-08,MS,diesel_s10,6.2700,1
2024-08-08,MS,etanol,4.0800,1
2024-08-08,MS,gasolina,6.1700,1
2024-08-08,MT,diesel_s10,5.8500,1
2024-08-08,MT,etanol,3.4700,1
2024-08-08,MT,gasolina,5.6900,1
2024-08-08,PA,diesel_s10,6.3500,1
2024-08-08,PA,etanol,10.5800,2
2024-08-08,PA,gasolina,44.5900,7
2024-08-08,PB,diesel_s10,81.2700,14
2024-08-08,PB,etanol,72.2200,16
2024-08-08,PB,gasolina,97.8100,16
2024-08-08,PE,diesel_s10,101.8700,17
2024-08-08,PE,etanol,90.8300,18
2024-08-08,PE,gasolina,123.4400,19
2024-08-08,PI,diesel_s10,55.1100,9
2024-08-08,PI,etanol,37.1200,8
2024-08-08,PI,gasolina,73.7300,12
2024-08-08,PR,diesel_s10,142.0600,24
2024-08-08,PR,etanol,139.3800,35
2024-08-08,PR,gasolina,209.5100,35
2024-08-08,RJ,diesel_s10,30.0500,5
2024-08-08,RJ,etanol,35.5800,8
2024-08-08,RJ,gasolina,60.4500,10
2024-08-08,RN,diesel_s10,68.6200,11
2024-08-08,RN,etanol,85.9500,16
2024-08-08,RN,gasolina,107.0400,16
2024-08-08,RO,diesel_s10,6.7000,1
2024-08-08,RO,etanol,5.1000,1
2024-08-08,RO,gasolina,6.6000,1
2024-08-08,RS,diesel_s10,258.3900,43
2024-08-08,RS,etanol,96.7500,21
2024-08-08,RS,gasolina,313.6800,51
2024-08-08,SP,diesel_s10,396.9600,66
2024-08-08,SP,etanol,394.2100,98
2024-08-08,SP,gasolina,604.9200,100
2024-08-08,TO,diesel_s10,47.3000,8
2024-08-08,TO,etanol,25.6300,6
2024-08-08,TO,gasolina,44.8400,7
2024-08-09,BA,diesel_s10,25.2100,4
2024-08-09,BA,etanol,23.4400,5
2024-08-09,BA,gasolina,31.0500,5
2024-08-09,GO,diesel_s10,23.8100,4
2024-08-09,GO,etanol,19.9400,5
2024-08-09,GO,gasolina,29.7400,5
2024-08-09,MA,diesel_s10,41.2200,7
2024-08-09,MA,etanol,14.5700,3
2024-08-09,MA,gasolina,44.1400,7
2024-08-09,MG,etanol,3.9500,1
2024-08-09,MG,gasolina,5.8500,1
2024-08-09,MS,diesel_s10,43.3200,7
2024-08-09,MS,etanol,36.6900,9
2024-08-09,MS,gasolina,54.4700,9
2024-08-09,PR,diesel_s10,128.4400,21
2024-08-09,PR,etanol,108.1400,26
2024-08-09,PR,gasolina,156.1800,25
2024-08-09,RJ,diesel_s10,12.7300,2
2024-08-09,RJ,etanol,15.2200,3
2024-08-09,RJ,gasolina,32.6800,5
2024-08-09,RS,diesel_s10,36.0500,6
2024-08-09,RS,etanol,16.2500,3
2024-08-09,RS,gasolina,37.4000,6
2024-08-09,SP,etanol,3.8900,1
2024-08-09,SP,gasolina,5.8900,1
2024-08-10,PR,diesel_s10,81.5200,14
2024-08-10,PR,etanol,68.9300,16
2024-08-10,PR,gasolina,100.2500,16
2024-08-12,AL,diesel_s10,120.8800,19
2024-08-12,AL,etanol,133.1600,27
2024-08-12,AL,gasolina,166.7900,26
2024-08-12,AM,diesel_s10,108.6300,17
2024-08-12,AM,etanol,97.7600,20
2024-08-12,AM,gasolina,172.2300,25
2024-08-12,BA,diesel_s10,308.6200,50
2024-08-12,BA,etanol,244.5200,53
2024-08-12,BA,gasolina,377.5800,59
2024-08-12,CE,diesel_s10,113.6500,18
2024-08-12,CE,etanol,103.9800,20
2024-08-12,CE,gasolina,135.0800,21
2024-08-12,DF,diesel_s10,87.3800,15
2024-08-12,DF,etanol,79.4000,19
2024-08-12,DF,gasolina,144.8000,24
2024-08-12,ES,diesel_s10,72.7900,12
2024-08-12,ES,etanol,53.2400,12
2024-08-12,ES,gasolina,124.5900,20
2024-08-12,GO,diesel_s10,254.6800,43
2024-08-12,GO,etanol,236.5400,60
2024-08-12,GO,gasolina,361.3300,61
2024-08-12,MA,diesel_s10,122.4900,20
2024-08-12,MA,etanol,76.9100,16
2024-08-12,MA,gasolina,152.9300,24
2024-08-12,MG,diesel_s10,618.3800,104
2024-08-12,MG,etanol,588.8800,139
2024-08-12,MG,gasolina,893.6200,146
2024-08-12,MS,diesel_s10,68.0600,11
2024-08-12,MS,etanol,66.9500,16
2024-08-12,MS,gasolina,175.2400,28
2024-08-12,MT,diesel_s10,122.8600,20
2024-08-12,MT,etanol,114.9300,30
2024-08-12,MT,gasolina,181.5800,30
2024-08-12,PA,diesel_s10,215.5700,34
2024-08-12,PA,etanol,93.1300,20
2024-08-12,PA,gasolina,262.1500,42
2024-08-12,PB,diesel_s10,103.7600,18
2024-08-12,PB,etanol,129.9300,28
2024-08-12,PB,gasolina,209.1600,34
2024-08-12,PE,diesel_s10,279.4000,49
2024-08-12,PE,etanol,245.1800,53
2024-08-12,PE,gasolina,378.0500,63
2024-08-12,PI,diesel_s10,11.8600,2
2024-08-12,PI,etanol,17.7000,4
2024-08-12,PI,gasolina,23.7400,4
2024-08-12,PR,diesel_s10,257.2100,43
2024-08-12,PR,etanol,262.8700,64
2024-08-12,PR,gasolina,390.5300,64
2024-08-12,RJ,diesel_s10,714.8800,118
2024-08-12,RJ,etanol,755.0300,170
2024-08-12,RJ,gasolina,1061.9500,176
2024-08-12,RN,diesel_s10,30.9200,5
2024-08-12,RN,etanol,32.1100,6
2024-08-12,RN,gasolina,39.9400,6
2024-08-12,RO,diesel_s10,90.7300,14
2024-08-12,RO,etanol,40.6700,8
2024-08-12,RO,gasolina,121.2400,18
2024-08-12,RR,diesel_s10,12.8400,2
2024-08-12,RR,gasolina,12.7900,2
2024-08-12,RS,diesel_s10,437.6900,72
2024-08-12,RS,etanol,198.5400,41
2024-08-12,RS,gasolina,632.5200,103
2024-08-12,SC,diesel_s10,416.3000,69
2024-08-12,SC,etanol,321.8300,72
2024-08-12,SC,gasolina,713.5600,116
2024-08-12,SE,diesel_s10,77.8800,13
2024-08-12,SE,etanol,91.9100,19
2024-08-12,SE,gasolina,160.1400,25
2024-08-12,SP,diesel_s10,2303.0700,383
2024-08-12,SP,etanol,2409.4900,616
2024-08-12,SP,gasolina,3622.5700,613
2024-08-12,TO,diesel_s10,138.2700,23
2024-08-12,TO,etanol,115.6800,25
2024-08-12,TO,gasolina,194.5600,30
2024-08-13,AC,diesel_s10,29.2900,4
2024-08-13,AC,etanol,14.7200,3
2024-08-13,AC,gasolina,35.9100,5
2024-08-13,AL,diesel_s10,54.4200,9
2024-08-13,AL,etanol,44.2400,9
2024-08-13,AL,gasolina,69.1400,11
2024-08-13,AP,diesel_s10,33.4000,5
2024-08-13,AP,etanol,9.5600,2
2024-08-13,AP,gasolina,100.4300,17
2024-08-13,BA,diesel_s10,396.4200,64
2024-08-13,BA,etanol,317.2900,69
2024-08-13,BA,gasolina,431.5900,67
2024-08-13,CE,diesel_s10,304.4100,50
2024-08-13,CE,etanol,253.3000,50
2024-08-13,CE,gasolina,371.5300,59
2024-08-13,DF,diesel_s10,35.8200,6
2024-08-13,DF,etanol,29.3500,7
2024-08-13,DF,gasolina,146.2700,24
2024-08-13,ES,diesel_s10,128.5400,21
2024-08-13,ES,etanol,87.9600,20
2024-08-13,ES,gasolina,175.6400,28
2024-08-13,GO,diesel_s10,210.5900,35
2024-08-13,GO,etanol,193.5000,48
2024-08-13,GO,gasolina,297.3300,49
2024-08-13,MA,diesel_s10,186.0700,31
2024-08-13,MA,etanol,93.8400,19
2024-08-13,MA,gasolina,218.2400,35
2024-08-13,MG,diesel_s10,411.1500,69
2024-08-13,MG,etanol,424.3100,101
2024-08-13,MG,gasolina,629.7500,103
2024-08-13,MS,diesel_s10,91.8800,15
2024-08-13,MS,etanol,62.4500,16
2024-08-13,MS,gasolina,123.0800,21
2024-08-13,MT,diesel_s10,95.8600,16
2024-08-13,MT,etanol,87.0600,23
2024-08-13,MT,gasolina,137.1200,23
2024-08-13,PA,diesel_s10,146.5000,23
2024-08-13,PA,etanol,70.3500,15
2024-08-13,PA,gasolina,209.9700,33
2024-08-13,PB,diesel_s10,48.7700,8
2024-08-13,PB,etanol,37.2000,8
2024-08-13,PB,gasolina,62.0000,10
2024-08-13,PE,diesel_s10,212.0400,36
2024-08-13,PE,etanol,159.6900,33
2024-08-13,PE,gasolina,270.6900,43
2024-08-13,PI,diesel_s10,48.5600,8
2024-08-13,PI,etanol,62.5400,14
2024-08-13,PI,gasolina,84.0900,14
2024-08-13,PR,diesel_s10,202.2600,33
2024-08-13,PR,etanol,175.3100,43
2024-08-13,PR,gasolina,262.1100,43
2024-08-13,RJ,diesel_s10,325.3700,53
2024-08-13,RJ,etanol,363.2300,82
2024-08-13,RJ,gasolina,592.1300,98
2024-08-13,RN,diesel_s10,65.6700,10
2024-08-13,RN,etanol,91.4000,17
2024-08-13,RN,gasolina,118.8400,18
2024-08-13,RO,diesel_s10,103.4200,16
2024-08-13,RO,etanol,35.0200,7
2024-08-13,RO,gasolina,157.6000,23
2024-08-13,RR,diesel_s10,25.7900,4
2024-08-13,RR,gasolina,26.0000,4
2024-08-13,RS,diesel_s10,267.3400,44
2024-08-13,RS,etanol,134.0500,29
2024-08-13,RS,gasolina,493.7800,81
2024-08-13,SC,etanol,8.6800,2
2024-08-13,SC,gasolina,18.2400,3
2024-08-13,SE,diesel_s10,34.8000,6
2024-08-13,SE,etanol,9.3400,2
2024-08-13,SE,gasolina,37.7400,6
2024-08-13,SP,diesel_s10,754.7300,125
2024-08-13,SP,etanol,766.4100,196
2024-08-13,SP,gasolina,1167.9500,198
2024-08-13,TO,diesel_s10,18.8100,3
2024-08-13,TO,etanol,14.3400,3
2024-08-13,TO,gasolina,19.7700,3
2024-08-14,AL,diesel_s10,59.8400,10
2024-08-14,AL,etanol,74.8300,15
2024-08-14,AL,gasolina,94.9600,15
2024-08-14,AM,diesel_s10,44.7300,7
2024-08-14,AM,etanol,53.7900,11
2024-08-14,AM,gasolina,89.5700,13
2024-08-14,BA,diesel_s10,109.0800,18
2024-08-14,BA,etanol,106.8500,23
2024-08-14,BA,gasolina,142.9000,23
2024-08-14,CE,diesel_s10,72.4500,12
2024-08-14,CE,etanol,85.2100,17
2024-08-14,CE,gasolina,110.9300,18
2024-08-14,DF,diesel_s10,5.9800,1
2024-08-14,DF,etanol,4.1900,1
2024-08-14,DF,gasolina,6.1200,1
2024-08-14,ES,diesel_s10,120.1100,20
2024-08-14,ES,etanol,93.0400,21
2024-08-14,ES,gasolina,174.9600,28
2024-08-14,GO,diesel_s10,161.0400,27
2024-08-14,GO,etanol,128.8300,34
2024-08-14,GO,gasolina,226.4400,39
2024-08-14,MA,diesel_s10,108.3100,19
2024-08-14,MA,etanol,76.4700,17
2024-08-14,MA,gasolina,138.4400,24
2024-08-14,MG,diesel_s10,606.2000,102
2024-08-14,MG,etanol,518.3300,124
2024-08-14,MG,gasolina,778.8300,128
2024-08-14,MS,diesel_s10,36.7900,6
2024-08-14,MS,etanol,36.7200,9
2024-08-14,MS,gasolina,67.3300,11
2024-08-14,MT,diesel_s10,36.5800,6
2024-08-14,MT,etanol,26.4100,7
2024-08-14,MT,gasolina,41.5100,7
2024-08-14,PA,diesel_s10,72.9200,12
2024-08-14,PA,etanol,50.8300,11
2024-08-14,PA,gasolina,109.2200,18
2024-08-14,PB,diesel_s10,59.0000,10
2024-08-14,PB,etanol,63.9700,14
2024-08-14,PB,gasolina,73.7000,12
2024-08-14,PE,diesel_s10,109.0300,19
2024-08-14,PE,etanol,112.9400,24
2024-08-14,PE,gasolina,151.4800,25
2024-08-14,PI,diesel_s10,151.8500,25
2024-08-14,PI,etanol,77.1800,17
2024-08-14,PI,gasolina,175.4000,29
2024-08-14,PR,diesel_s10,196.2300,33
2024-08-14,PR,etanol,182.1400,45
2024-08-14,PR,gasolina,279.8100,46
2024-08-14,RJ,diesel_s10,112.9900,18
2024-08-14,RJ,etanol,96.7400,22
2024-08-14,RJ,gasolina,156.5400,26
2024-08-14,RN,diesel_s10,50.8100,8
2024-08-14,RN,etanol,59.7500,11
2024-08-14,RN,gasolina,72.7400,11
2024-08-14,RO,diesel_s10,19.4500,3
2024-08-14,RO,etanol,10.1000,2
2024-08-14,RO,gasolina,27.6000,4
2024-08-14,RR,diesel_s10,70.8300,11
2024-08-14,RR,etanol,14.4500,3
2024-08-14,RR,gasolina,71.2900,11
2024-08-14,RS,diesel_s10,417.7200,69
2024-08-14,RS,etanol,179.0300,38
2024-08-14,RS,gasolina,482.8000,77
2024-08-14,SC,diesel_s10,146.1900,24
2024-08-14,SC,etanol,66.3700,15
2024-08-14,SC,gasolina,169.2000,28
2024-08-14,SP,diesel_s10,834.9100,138
2024-08-14,SP,etanol,754.3300,191
2024-08-14,SP,gasolina,1160.2200,196
2024-08-15,AC,diesel_s10,105.3600,14
2024-08-15,AC,etanol,55.9800,11
2024-08-15,AC,gasolina,124.9500,17
2024-08-15,AM,diesel_s10,45.0200,7
2024-08-15,AM,etanol,28.0500,6
2024-08-15,AM,gasolina,54.9400,8
2024-08-15,AP,diesel_s10,39.2100,6
2024-08-15,AP,etanol,5.2400,1
2024-08-15,AP,gasolina,36.1800,6
2024-08-15,BA,diesel_s10,243.0500,40
2024-08-15,BA,etanol,197.1100,42
2024-08-15,BA,gasolina,288.4200,45
2024-08-15,CE,diesel_s10,69.0300,11
2024-08-15,CE,etanol,64.1300,12
2024-08-15,CE,gasolina,79.8600,12
2024-08-15,ES,diesel_s10,36.4400,6
2024-08-15,ES,etanol,27.5400,6
2024-08-15,ES,gasolina,59.3100,9
2024-08-15,GO,diesel_s10,60.0200,10
2024-08-15,GO,etanol,46.3100,11
2024-08-15,GO,gasolina,74.6800,12
2024-08-15,MG,diesel_s10,339.9700,57
2024-08-15,MG,etanol,330.6500,76
2024-08-15,MG,gasolina,505.1600,81
2024-08-15,MS,diesel_s10,19.4200,3
2024-08-15,MS,etanol,12.4700,3
2024-08-15,MS,gasolina,18.7700,3
2024-08-15,PB,diesel_s10,48.3000,8
2024-08-15,PB,etanol,46.3600,10
2024-08-15,PB,gasolina,61.4500,10
2024-08-15,PE,diesel_s10,169.3300,29
2024-08-15,PE,etanol,115.6700,24
2024-08-15,PE,gasolina,182.8100,30
2024-08-15,PI,diesel_s10,30.5700,5
2024-08-15,PI,etanol,32.6300,7
2024-08-15,PI,gasolina,73.8300,12
2024-08-15,PR,diesel_s10,301.4000,50
2024-08-15,PR,etanol,280.3100,68
2024-08-15,PR,gasolina,424.1200,69
2024-08-15,RJ,diesel_s10,66.0900,11
2024-08-15,RJ,etanol,76.7000,17
2024-08-15,RJ,gasolina,117.4800,19
2024-08-15,RN,diesel_s10,49.4700,8
2024-08-15,RN,etanol,78.7100,15
2024-08-15,RN,gasolina,98.1500,15
2024-08-15,RO,diesel_s10,13.2600,2
2024-08-15,RO,etanol,5.1000,1
2024-08-15,RO,gasolina,13.7400,2
2024-08-15,RS,diesel_s10,130.2800,21
2024-08-15,RS,etanol,54.3900,11
2024-08-15,RS,gasolina,172.6400,28
2024-08-15,SC,diesel_s10,6.1400,1
2024-08-15,SC,etanol,4.8900,1
2024-08-15,SC,gasolina,6.1900,1
2024-08-15,SP,diesel_s10,799.9200,133
2024-08-15,SP,etanol,721.0600,181
2024-08-15,SP,gasolina,1104.5100,185
2024-08-15,TO,diesel_s10,47.2500,8
2024-08-15,TO,etanol,25.7300,6
2024-08-15,TO,gasolina,51.2300,8
2024-08-16,AM,diesel_s10,59.1200,8
2024-08-16,AM,gasolina,61.4400,8
2024-08-16,BA,diesel_s10,30.2600,5
2024-08-16,BA,etanol,42.1800,9
2024-08-16,BA,gasolina,56.8400,9
2024-08-16,GO,diesel_s10,53.6300,9
2024-08-16,GO,etanol,64.9400,16
2024-08-16,GO,gasolina,95.7700,16
2024-08-16,MA,diesel_s10,100.6800,17
2024-08-16,MA,etanol,38.9200,8
2024-08-16,MA,gasolina,118.6500,19
2024-08-16,PR,diesel_s10,99.1100,17
2024-08-16,PR,etanol,96.1800,23
2024-08-16,PR,gasolina,141.1900,23
2024-08-16,RJ,diesel_s10,17.9200,3
2024-08-16,RJ,etanol,20.5600,4
2024-08-16,RJ,gasolina,26.5600,4
2024-08-16,RS,diesel_s10,30.9500,5
2024-08-16,RS,etanol,10.0800,2
2024-08-16,RS,gasolina,48.9100,8
2024-08-16,SP,diesel_s10,64.2400,11
2024-08-16,SP,etanol,64.4400,17
2024-08-16,SP,gasolina,98.8200,17
2024-08-19,AL,diesel_s10,107.9100,17
2024-08-19,AL,etanol,133.6200,27
2024-08-19,AL,gasolina,178.1800,28
2024-08-19,AM,diesel_s10,95.8500,15
2024-08-19,AM,etanol,87.9800,18
2024-08-19,AM,gasolina,158.4500,23
2024-08-19,BA,diesel_s10,195.8600,32
2024-08-19,BA,etanol,176.8000,38
2024-08-19,BA,gasolina,258.0400,40
2024-08-19,CE,diesel_s10,190.6900,31
2024-08-19,CE,etanol,179.9400,35
2024-08-19,CE,gasolina,233.8600,37
2024-08-19,DF,diesel_s10,81.6300,14
2024-08-19,DF,etanol,75.4600,18
2024-08-19,DF,gasolina,170.4600,28
2024-08-19,ES,diesel_s10,54.5600,9
2024-08-19,ES,etanol,35.9900,8
2024-08-19,ES,gasolina,72.1000,11
2024-08-19,GO,diesel_s10,262.1700,44
2024-08-19,GO,etanol,229.4900,58
2024-08-19,GO,gasolina,372.0800,62
2024-08-19,MA,diesel_s10,116.6700,19
2024-08-19,MA,etanol,72.3000,15
2024-08-19,MA,gasolina,151.0800,24
2024-08-19,MG,diesel_s10,429.2500,72
2024-08-19,MG,etanol,411.0200,96
2024-08-19,MG,gasolina,633.2800,103
2024-08-19,MS,diesel_s10,73.8500,12
2024-08-19,MS,etanol,73.6900,18
2024-08-19,MS,gasolina,204.5400,33
2024-08-19,MT,diesel_s10,81.5500,13
2024-08-19,MT,etanol,84.2000,22
2024-08-19,MT,gasolina,133.6000,22
2024-08-19,PA,diesel_s10,163.3100,26
2024-08-19,PA,etanol,65.0200,14
2024-08-19,PA,gasolina,204.4100,33
2024-08-19,PB,diesel_s10,110.3600,19
2024-08-19,PB,etanol,130.4000,28
2024-08-19,PB,gasolina,203.1400,33
2024-08-19,PE,diesel_s10,227.5000,39
2024-08-19,PE,etanol,226.7100,48
2024-08-19,PE,gasolina,333.0100,55
2024-08-19,PI,diesel_s10,11.8600,2
2024-08-19,PI,etanol,17.6800,4
2024-08-19,PI,gasolina,23.6000,4
2024-08-19,PR,diesel_s10,299.0300,50
2024-08-19,PR,etanol,288.1900,71
2024-08-19,PR,gasolina,411.7100,68
2024-08-19,RJ,diesel_s10,569.2500,94
2024-08-19,RJ,etanol,630.6100,142
2024-08-19,RJ,gasolina,854.4600,142
2024-08-19,RN,diesel_s10,18.8400,3
2024-08-19,RN,etanol,31.8000,6
2024-08-19,RN,gasolina,32.6400,5
2024-08-19,RO,diesel_s10,85.1600,13
2024-08-19,RO,etanol,40.7400,8
2024-08-19,RO,gasolina,107.4500,16
2024-08-19,RR,diesel_s10,19.2800,3
2024-08-19,RR,etanol,4.7900,1
2024-08-19,RR,gasolina,19.7300,3
2024-08-19,RS,diesel_s10,364.8200,61
2024-08-19,RS,etanol,166.5500,36
2024-08-19,RS,gasolina,557.6000,91
2024-08-19,SC,diesel_s10,337.9500,56
2024-08-19,SC,etanol,253.4100,57
2024-08-19,SC,gasolina,585.1100,95
2024-08-19,SE,diesel_s10,36.8200,6
2024-08-19,SE,etanol,68.1800,14
2024-08-19,SE,gasolina,109.7500,17
2024-08-19,SP,diesel_s10,2306.6900,381
2024-08-19,SP,etanol,2329.1800,596
2024-08-19,SP,gasolina,3540.4500,597
2024-08-19,TO,diesel_s10,114.4100,19
2024-08-19,TO,etanol,110.3900,24
2024-08-19,TO,gasolina,181.5200,28
2024-08-20,AC,diesel_s10,22.0000,3
2024-08-20,AC,etanol,9.7500,2
2024-08-20,AC,gasolina,35.9200,5
2024-08-20,BA,diesel_s10,392.5400,63
2024-08-20,BA,etanol,341.4200,74
2024-08-20,BA,gasolina,443.9200,70
2024-08-20,CE,diesel_s10,130.9600,22
2024-08-20,CE,etanol,180.3100,36
2024-08-20,CE,gasolina,220.8200,36
2024-08-20,DF,diesel_s10,35.8200,6
2024-08-20,DF,etanol,33.6400,8
2024-08-20,DF,gasolina,122.0500,20
2024-08-20,ES,diesel_s10,118.3000,19
2024-08-20,ES,etanol,97.7800,22
2024-08-20,ES,gasolina,202.9200,33
2024-08-20,GO,diesel_s10,317.5000,53
2024-08-20,GO,etanol,311.9400,79
2024-08-20,GO,gasolina,488.0600,82
2024-08-20,MA,diesel_s10,152.0500,26
2024-08-20,MA,etanol,81.0400,17
2024-08-20,MA,gasolina,188.2700,31
2024-08-20,MG,diesel_s10,517.0600,87
2024-08-20,MG,etanol,486.4800,114
2024-08-20,MG,gasolina,751.6500,122
2024-08-20,MS,diesel_s10,23.8900,4
2024-08-20,MS,etanol,11.3800,3
2024-08-20,MS,gasolina,28.9800,5
2024-08-20,MT,diesel_s10,54.6300,9
2024-08-20,MT,etanol,60.4100,16
2024-08-20,MT,gasolina,96.5200,16
2024-08-20,PA,diesel_s10,95.6000,16
2024-08-20,PA,etanol,49.8100,11
2024-08-20,PA,gasolina,142.3100,24
2024-08-20,PB,diesel_s10,88.1500,15
2024-08-20,PB,etanol,82.5800,18
2024-08-20,PB,gasolina,116.3200,19
2024-08-20,PE,diesel_s10,276.3700,48
2024-08-20,PE,etanol,190.6000,41
2024-08-20,PE,gasolina,297.5100,49
2024-08-20,PI,diesel_s10,97.7900,16
2024-08-20,PI,etanol,40.3200,9
2024-08-20,PI,gasolina,108.7900,18
2024-08-20,PR,diesel_s10,215.9300,36
2024-08-20,PR,etanol,186.0400,46
2024-08-20,PR,gasolina,290.6000,48
2024-08-20,RJ,diesel_s10,274.6700,45
2024-08-20,RJ,etanol,324.5000,74
2024-08-20,RJ,gasolina,491.9800,82
2024-08-20,RN,diesel_s10,30.9600,5
2024-08-20,RN,etanol,47.5800,9
2024-08-20,RN,gasolina,52.1900,8
2024-08-20,RO,diesel_s10,83.5300,13
2024-08-20,RO,etanol,19.7500,4
2024-08-20,RO,gasolina,96.2500,14
2024-08-20,RR,diesel_s10,38.5800,6
2024-08-20,RR,etanol,9.5800,2
2024-08-20,RR,gasolina,39.4600,6
2024-08-20,RS,diesel_s10,480.8000,79
2024-08-20,RS,etanol,221.1900,47
2024-08-20,RS,gasolina,691.7100,113
2024-08-20,SC,diesel_s10,96.0600,16
2024-08-20,SC,etanol,86.3900,19
2024-08-20,SC,gasolina,176.8800,29
2024-08-20,SE,diesel_s10,40.6800,7
2024-08-20,SE,etanol,9.3400,2
2024-08-20,SE,gasolina,44.0300,7
2024-08-20,SP,diesel_s10,908.5300,151
2024-08-20,SP,etanol,896.3900,229
2024-08-20,SP,gasolina,1389.1500,235
2024-08-20,TO,diesel_s10,82.7900,14
2024-08-20,TO,etanol,54.1300,12
2024-08-20,TO,gasolina,90.7600,14
2024-08-21,AC,diesel_s10,61.7000,8
2024-08-21,AC,etanol,15.9200,3
2024-08-21,AC,gasolina,60.2700,8
2024-08-21,AL,diesel_s10,101.9100,17
2024-08-21,AL,etanol,109.2800,22
2024-08-21,AL,gasolina,157.8300,25
2024-08-21,AM,diesel_s10,57.5100,9
2024-08-21,AM,etanol,53.7700,11
2024-08-21,AM,gasolina,96.4600,14
2024-08-21,AP,diesel_s10,40.3300,6
2024-08-21,AP,etanol,9.6300,2
2024-08-21,AP,gasolina,106.2500,18
2024-08-21,BA,diesel_s10,269.0600,45
2024-08-21,BA,etanol,281.8000,61
2024-08-21,BA,gasolina,403.5100,64
2024-08-21,DF,diesel_s10,5.9800,1
2024-08-21,DF,etanol,4.1900,1
2024-08-21,DF,gasolina,6.1200,1
2024-08-21,ES,diesel_s10,77.8800,13
2024-08-21,ES,etanol,53.7000,12
2024-08-21,ES,gasolina,127.0900,20
2024-08-21,GO,diesel_s10,83.1200,14
2024-08-21,GO,etanol,66.8400,17
2024-08-21,GO,gasolina,106.7800,18
2024-08-21,MA,diesel_s10,159.9400,27
2024-08-21,MA,etanol,102.9200,22
2024-08-21,MA,gasolina,192.6400,32
2024-08-21,MG,diesel_s10,487.6400,82
2024-08-21,MG,etanol,445.3400,107
2024-08-21,MG,gasolina,679.3700,112
2024-08-21,MS,diesel_s10,56.1600,9
2024-08-21,MS,etanol,51.4200,13
2024-08-21,MS,gasolina,90.5600,15
2024-08-21,MT,diesel_s10,47.6400,8
2024-08-21,MT,etanol,47.5600,13
2024-08-21,MT,gasolina,76.8600,13
2024-08-21,PA,diesel_s10,162.3300,25
2024-08-21,PA,etanol,61.9600,13
2024-08-21,PA,gasolina,206.1700,32
2024-08-21,PB,diesel_s10,42.2800,7
2024-08-21,PB,etanol,42.5800,9
2024-08-21,PB,gasolina,61.5200,10
2024-08-21,PE,diesel_s10,181.6600,31
2024-08-21,PE,etanol,155.7400,33
2024-08-21,PE,gasolina,240.0000,39
2024-08-21,PI,diesel_s10,66.1900,11
2024-08-21,PI,etanol,76.4100,17
2024-08-21,PI,gasolina,107.6600,18
2024-08-21,PR,diesel_s10,77.0700,13
2024-08-21,PR,etanol,89.5100,22
2024-08-21,PR,gasolina,141.2100,23
2024-08-21,RJ,diesel_s10,281.3800,46
2024-08-21,RJ,etanol,281.6600,63
2024-08-21,RJ,gasolina,437.5500,72
2024-08-21,RN,diesel_s10,72.1700,11
2024-08-21,RN,etanol,36.7100,7
2024-08-21,RN,gasolina,84.5200,13
2024-08-21,RO,diesel_s10,51.5900,8
2024-08-21,RO,etanol,25.3700,5
2024-08-21,RO,gasolina,96.2200,14
2024-08-21,RR,diesel_s10,51.6100,8
2024-08-21,RR,etanol,4.8700,1
2024-08-21,RR,gasolina,52.5600,8
2024-08-21,RS,diesel_s10,549.0200,89
2024-08-21,RS,etanol,212.8200,43
2024-08-21,RS,gasolina,656.5900,106
2024-08-21,SC,diesel_s10,77.6100,13
2024-08-21,SC,etanol,55.5100,13
2024-08-21,SC,gasolina,94.5800,16
2024-08-21,SP,diesel_s10,597.2800,100
2024-08-21,SP,etanol,599.3900,153
2024-08-21,SP,gasolina,944.2200,160
2024-08-22,AM,diesel_s10,110.9300,16
2024-08-22,AM,etanol,28.0500,6
2024-08-22,AM,gasolina,116.3800,16
2024-08-22,AP,diesel_s10,32.0400,5
2024-08-22,AP,etanol,5.2400,1
2024-08-22,AP,gasolina,30.0800,5
2024-08-22,BA,diesel_s10,301.3400,50
2024-08-22,BA,etanol,268.4000,59
2024-08-22,BA,gasolina,374.8800,60
2024-08-22,CE,diesel_s10,148.1300,23
2024-08-22,CE,etanol,132.9100,25
2024-08-22,CE,gasolina,199.0500,30
2024-08-22,ES,diesel_s10,59.3800,10
2024-08-22,ES,etanol,38.8200,9
2024-08-22,ES,gasolina,72.7500,12
2024-08-22,GO,diesel_s10,91.5700,15
2024-08-22,GO,etanol,88.7800,22
2024-08-22,GO,gasolina,125.5400,21
2024-08-22,MA,diesel_s10,30.3100,5
2024-08-22,MA,etanol,10.7000,2
2024-08-22,MA,gasolina,37.5000,6
2024-08-22,MG,diesel_s10,453.6700,76
2024-08-22,MG,etanol,402.4900,95
2024-08-22,MG,gasolina,606.6400,99
2024-08-22,MS,diesel_s10,6.7000,1
2024-08-22,MS,etanol,4.6100,1
2024-08-22,MS,gasolina,6.5500,1
2024-08-22,MT,diesel_s10,17.3400,3
2024-08-22,MT,etanol,14.6500,4
2024-08-22,MT,gasolina,23.5000,4
2024-08-22,PA,etanol,4.5900,1
2024-08-22,PA,gasolina,12.4400,2
2024-08-22,PE,diesel_s10,77.6000,13
2024-08-22,PE,etanol,64.2000,13
2024-08-22,PE,gasolina,88.3000,14
2024-08-22,PI,diesel_s10,42.6100,7
2024-08-22,PI,etanol,19.2900,4
2024-08-22,PI,gasolina,42.8300,7
2024-08-22,PR,diesel_s10,424.9400,70
2024-08-22,PR,etanol,402.6900,98
2024-08-22,PR,gasolina,587.6200,96
2024-08-22,RJ,diesel_s10,85.0300,14
2024-08-22,RJ,etanol,76.7000,17
2024-08-22,RJ,gasolina,110.0300,18
2024-08-22,RN,diesel_s10,47.7500,8
2024-08-22,RN,etanol,69.3800,14
2024-08-22,RN,gasolina,90.3500,15
2024-08-22,RO,diesel_s10,19.4900,3
2024-08-22,RO,etanol,5.1000,1
2024-08-22,RO,gasolina,20.6400,3
2024-08-22,RS,diesel_s10,36.0900,6
2024-08-22,RS,etanol,5.8300,1
2024-08-22,RS,gasolina,43.9100,7
2024-08-22,SC,diesel_s10,48.7800,8
2024-08-22,SC,etanol,9.0800,2
2024-08-22,SC,gasolina,49.6800,8
2024-08-22,SP,diesel_s10,833.4200,138
2024-08-22,SP,etanol,793.2900,199
2024-08-22,SP,gasolina,1215.6300,203
2024-08-23,AC,diesel_s10,50.8200,7
2024-08-23,AC,etanol,39.4600,8
2024-08-23,AC,gasolina,64.5300,9
2024-08-23,BA,diesel_s10,49.5400,8
2024-08-23,BA,etanol,51.1600,11
2024-08-23,BA,gasolina,69.3700,11
2024-08-23,ES,diesel_s10,36.0400,6
2024-08-23,ES,etanol,27.1300,6
2024-08-23,ES,gasolina,53.4500,9
2024-08-23,GO,diesel_s10,12.1800,2
2024-08-23,GO,etanol,7.9800,2
2024-08-23,GO,gasolina,11.9800,2
2024-08-23,MA,diesel_s10,47.6300,8
2024-08-23,MA,etanol,14.7700,3
2024-08-23,MA,gasolina,55.7800,9
2024-08-23,MG,diesel_s10,43.2900,7
2024-08-23,MG,etanol,39.4800,9
2024-08-23,MG,gasolina,63.4100,10
2024-08-23,MS,diesel_s10,43.1100,7
2024-08-23,MS,etanol,23.9700,6
2024-08-23,MS,gasolina,54.5700,9
2024-08-23,PA,diesel_s10,6.1900,1
2024-08-23,PA,etanol,4.4900,1
2024-08-23,PA,gasolina,12.3400,2
2024-08-23,PR,diesel_s10,82.3200,14
2024-08-23,PR,etanol,68.2300,16
2024-08-23,PR,gasolina,105.7300,17
2024-08-23,RJ,diesel_s10,50.8200,8
2024-08-23,RJ,etanol,25.5200,5
2024-08-23,RJ,gasolina,59.2100,9
2024-08-23,RS,diesel_s10,6.2900,1
2024-08-23,RS,etanol,4.5900,1
2024-08-23,RS,gasolina,6.0900,1
2024-08-23,SE,diesel_s10,29.0800,5
2024-08-23,SE,etanol,19.3400,4
2024-08-23,SE,gasolina,50.0000,8
2024-08-23,SP,diesel_s10,65.5000,11
2024-08-23,SP,etanol,51.3100,13
2024-08-23,SP,gasolina,76.7800,13
2024-08-24,CE,diesel_s10,42.9300,7
2024-08-24,CE,etanol,55.1300,11
2024-08-24,CE,gasolina,71.8600,12
2024-08-24,RS,diesel_s10,25.8700,4
2024-08-24,RS,etanol,25.8500,5
2024-08-24,RS,gasolina,44.0800,7
2024-08-24,SP,diesel_s10,11.6800,2
2024-08-24,SP,etanol,7.5300,2
2024-08-24,SP,gasolina,11.6800,2
2024-08-26,AL,diesel_s10,88.7000,15
2024-08-26,AL,etanol,142.9100,29
2024-08-26,AL,gasolina,179.3000,29
2024-08-26,AM,diesel_s10,107.8300,17
2024-08-26,AM,etanol,92.8500,19
2024-08-26,AM,gasolina,165.3400,24
2024-08-26,AP,diesel_s10,6.6100,1
2024-08-26,AP,gasolina,6.1500,1
2024-08-26,BA,diesel_s10,304.4800,49
2024-08-26,BA,etanol,250.8900,54
2024-08-26,BA,gasolina,369.8000,58
2024-08-26,CE,diesel_s10,184.6900,30
2024-08-26,CE,etanol,155.2400,30
2024-08-26,CE,gasolina,208.3400,33
2024-08-26,DF,diesel_s10,81.5100,14
2024-08-26,DF,etanol,87.8300,21
2024-08-26,DF,gasolina,157.3300,26
2024-08-26,ES,diesel_s10,140.8700,23
2024-08-26,ES,etanol,106.3600,24
2024-08-26,ES,gasolina,242.3900,39
2024-08-26,GO,diesel_s10,272.3400,46
2024-08-26,GO,etanol,247.3600,65
2024-08-26,GO,gasolina,395.6600,68
2024-08-26,MA,diesel_s10,166.1200,27
2024-08-26,MA,etanol,97.8200,20
2024-08-26,MA,gasolina,204.8100,32
2024-08-26,MG,diesel_s10,537.6600,90
2024-08-26,MG,etanol,560.1300,132
2024-08-26,MG,gasolina,853.0400,139
2024-08-26,MS,diesel_s10,89.5000,14
2024-08-26,MS,etanol,80.8700,19
2024-08-26,MS,gasolina,178.3600,28
2024-08-26,MT,diesel_s10,23.5400,4
2024-08-26,MT,etanol,29.2800,8
2024-08-26,MT,gasolina,47.5000,8
2024-08-26,PA,diesel_s10,175.7900,28
2024-08-26,PA,etanol,68.8600,15
2024-08-26,PA,gasolina,241.3300,39
2024-08-26,PB,diesel_s10,110.4300,19
2024-08-26,PB,etanol,143.4800,31
2024-08-26,PB,gasolina,202.6200,33
2024-08-26,PE,diesel_s10,257.8800,45
2024-08-26,PE,etanol,234.0000,51
2024-08-26,PE,gasolina,349.5400,59
2024-08-26,PI,diesel_s10,141.9500,23
2024-08-26,PI,etanol,72.5300,16
2024-08-26,PI,gasolina,157.4700,26
2024-08-26,PR,diesel_s10,183.9600,31
2024-08-26,PR,etanol,177.4200,44
2024-08-26,PR,gasolina,268.6700,45
2024-08-26,RJ,diesel_s10,508.7500,84
2024-08-26,RJ,etanol,524.8000,117
2024-08-26,RJ,gasolina,709.2800,118
2024-08-26,RN,etanol,10.5200,2
2024-08-26,RN,gasolina,12.9800,2
2024-08-26,RO,diesel_s10,91.1300,14
2024-08-26,RO,etanol,40.2400,8
2024-08-26,RO,gasolina,113.7700,17
2024-08-26,RR,diesel_s10,25.7000,4
2024-08-26,RR,gasolina,26.2800,4
2024-08-26,RS,diesel_s10,538.6300,89
2024-08-26,RS,etanol,234.2700,49
2024-08-26,RS,gasolina,724.1700,117
2024-08-26,SC,diesel_s10,320.0300,53
2024-08-26,SC,etanol,257.4700,58
2024-08-26,SC,gasolina,578.1900,94
2024-08-26,SE,diesel_s10,77.8800,13
2024-08-26,SE,etanol,92.2100,19
2024-08-26,SE,gasolina,159.7300,25
2024-08-26,SP,diesel_s10,2295.5800,381
2024-08-26,SP,etanol,2388.3900,615
2024-08-26,SP,gasolina,3659.5700,618
2024-08-26,TO,diesel_s10,78.2400,13
2024-08-26,TO,etanol,74.4700,16
2024-08-26,TO,gasolina,127.5700,20
2024-08-27,AL,diesel_s10,67.8200,10
2024-08-27,AL,etanol,45.8500,9
2024-08-27,AL,gasolina,69.1400,10
2024-08-27,AP,diesel_s10,39.6900,6
2024-08-27,AP,etanol,9.6300,2
2024-08-27,AP,gasolina,100.2400,17
2024-08-27,BA,diesel_s10,173.6300,29
2024-08-27,BA,etanol,142.6400,31
2024-08-27,BA,gasolina,204.0200,32
2024-08-27,CE,diesel_s10,222.5900,36
2024-08-27,CE,etanol,246.0600,48
2024-08-27,CE,gasolina,299.4600,48
2024-08-27,DF,diesel_s10,17.9400,3
2024-08-27,DF,etanol,3.9900,1
2024-08-27,DF,gasolina,36.5400,6
2024-08-27,ES,diesel_s10,102.9800,17
2024-08-27,ES,etanol,71.7900,16
2024-08-27,ES,gasolina,153.4300,24
2024-08-27,GO,diesel_s10,120.7900,20
2024-08-27,GO,etanol,122.4100,29
2024-08-27,GO,gasolina,180.6500,29
2024-08-27,MA,diesel_s10,224.2600,38
2024-08-27,MA,etanol,134.1400,28
2024-08-27,MA,gasolina,266.5500,44
2024-08-27,MG,diesel_s10,553.5200,93
2024-08-27,MG,etanol,478.0600,114
2024-08-27,MG,gasolina,729.3800,120
2024-08-27,MS,diesel_s10,60.5100,10
2024-08-27,MS,etanol,37.9400,10
2024-08-27,MS,gasolina,91.7700,16
2024-08-27,MT,diesel_s10,111.9900,19
2024-08-27,MT,etanol,95.5800,26
2024-08-27,MT,gasolina,153.9400,26
2024-08-27,PA,diesel_s10,94.9600,16
2024-08-27,PA,etanol,77.7100,17
2024-08-27,PA,gasolina,180.6200,30
2024-08-27,PB,diesel_s10,42.7800,7
2024-08-27,PB,etanol,28.9300,6
2024-08-27,PB,gasolina,55.7700,9
2024-08-27,PE,diesel_s10,149.5700,26
2024-08-27,PE,etanol,111.9300,24
2024-08-27,PE,gasolina,166.7100,28
2024-08-27,PI,diesel_s10,24.4100,4
2024-08-27,PI,etanol,40.4600,9
2024-08-27,PI,gasolina,54.2300,9
2024-08-27,PR,diesel_s10,297.2800,49
2024-08-27,PR,etanol,263.3700,64
2024-08-27,PR,gasolina,368.7700,60
2024-08-27,RJ,diesel_s10,391.2000,64
2024-08-27,RJ,etanol,432.3300,99
2024-08-27,RJ,gasolina,660.4000,110
2024-08-27,RN,diesel_s10,103.2000,16
2024-08-27,RN,etanol,93.5500,18
2024-08-27,RN,gasolina,122.9000,19
2024-08-27,RO,diesel_s10,102.8000,16
2024-08-27,RO,etanol,45.0300,9
2024-08-27,RO,gasolina,137.3900,20
2024-08-27,RR,diesel_s10,51.5400,8
2024-08-27,RR,etanol,14.4500,3
2024-08-27,RR,gasolina,59.0100,9
2024-08-27,RS,diesel_s10,531.0900,87
2024-08-27,RS,etanol,217.2100,46
2024-08-27,RS,gasolina,742.2300,121
2024-08-27,SC,diesel_s10,162.2200,27
2024-08-27,SC,etanol,81.8700,18
2024-08-27,SC,gasolina,212.4400,35
2024-08-27,SP,diesel_s10,1120.9800,186
2024-08-27,SP,etanol,1079.0500,275
2024-08-27,SP,gasolina,1638.0800,277
2024-08-27,TO,diesel_s10,48.1100,8
2024-08-27,TO,etanol,47.6700,10
2024-08-27,TO,gasolina,72.7900,11
2024-08-28,AC,diesel_s10,83.4200,11
2024-08-28,AC,etanol,45.8700,9
2024-08-28,AC,gasolina,103.0300,14
2024-08-28,AL,diesel_s10,48.3500,8
2024-08-28,AL,etanol,69.1000,14
2024-08-28,AL,gasolina,87.5300,14
2024-08-28,AM,diesel_s10,55.9100,9
2024-08-28,AM,etanol,63.5500,13
2024-08-28,AM,gasolina,103.3500,15
2024-08-28,BA,diesel_s10,212.7600,35
2024-08-28,BA,etanol,193.1400,43
2024-08-28,BA,gasolina,267.6100,43
2024-08-28,CE,diesel_s10,117.2900,19
2024-08-28,CE,etanol,86.6900,17
2024-08-28,CE,gasolina,140.7400,22
2024-08-28,DF,diesel_s10,23.8700,4
2024-08-28,DF,etanol,25.2600,6
2024-08-28,DF,gasolina,104.2500,17
2024-08-28,ES,diesel_s10,71.3500,12
2024-08-28,ES,etanol,34.6700,8
2024-08-28,ES,gasolina,79.5500,13
2024-08-28,GO,diesel_s10,137.9000,23
2024-08-28,GO,etanol,156.6600,40
2024-08-28,GO,gasolina,236.9700,40
2024-08-28,MA,diesel_s10,68.6000,12
2024-08-28,MA,etanol,23.1500,5
2024-08-28,MA,gasolina,68.6000,12
2024-08-28,MG,diesel_s10,521.1500,88
2024-08-28,MG,etanol,501.8200,119
2024-08-28,MG,gasolina,740.6600,121
2024-08-28,MS,diesel_s10,31.6700,5
2024-08-28,MS,etanol,16.2600,4
2024-08-28,MS,gasolina,43.3400,7
2024-08-28,MT,diesel_s10,63.6500,10
2024-08-28,MT,etanol,71.5600,19
2024-08-28,MT,gasolina,115.5100,19
2024-08-28,PA,diesel_s10,61.3500,10
2024-08-28,PA,etanol,13.7700,3
2024-08-28,PA,gasolina,55.0300,9
2024-08-28,PB,diesel_s10,94.0700,16
2024-08-28,PB,etanol,87.4500,19
2024-08-28,PB,gasolina,135.1200,22
2024-08-28,PE,diesel_s10,221.4300,38
2024-08-28,PE,etanol,163.2900,35
2024-08-28,PE,gasolina,276.8800,45
2024-08-28,PI,diesel_s10,41.6300,7
2024-08-28,PI,etanol,44.9400,10
2024-08-28,PI,gasolina,65.4500,11
2024-08-28,PR,diesel_s10,205.7300,34
2024-08-28,PR,etanol,220.6500,51
2024-08-28,PR,gasolina,325.4700,53
2024-08-28,RJ,diesel_s10,276.9500,45
2024-08-28,RJ,etanol,301.4400,67
2024-08-28,RJ,gasolina,463.5900,75
2024-08-28,RN,diesel_s10,12.7800,2
2024-08-28,RN,etanol,21.0600,4
2024-08-28,RN,gasolina,25.4800,4
2024-08-28,RO,diesel_s10,19.5100,3
2024-08-28,RO,etanol,9.9800,2
2024-08-28,RO,gasolina,41.4900,6
2024-08-28,RR,diesel_s10,25.8000,4
2024-08-28,RR,gasolina,26.2800,4
2024-08-28,RS,diesel_s10,279.3600,45
2024-08-28,RS,etanol,122.1600,25
2024-08-28,RS,gasolina,400.2000,64
2024-08-28,SC,diesel_s10,48.3900,8
2024-08-28,SC,etanol,61.3000,14
2024-08-28,SC,gasolina,94.9900,16
2024-08-28,SE,diesel_s10,40.6800,7
2024-08-28,SE,etanol,9.3400,2
2024-08-28,SE,gasolina,50.0000,8
2024-08-28,SP,diesel_s10,633.2700,105
2024-08-28,SP,etanol,600.1400,154
2024-08-28,SP,gasolina,942.1900,160
2024-08-28,TO,diesel_s10,17.9700,3
2024-08-28,TO,etanol,14.0700,3
2024-08-28,TO,gasolina,19.7600,3
2024-08-29,AC,diesel_s10,43.6100,6
2024-08-29,AC,etanol,24.5300,5
2024-08-29,AC,gasolina,50.1800,7
2024-08-29,AM,diesel_s10,110.9300,16
2024-08-29,AM,etanol,28.0500,6
2024-08-29,AM,gasolina,116.3900,16
2024-08-29,AP,diesel_s10,32.5500,5
2024-08-29,AP,etanol,5.1900,1
2024-08-29,AP,gasolina,29.6600,5
2024-08-29,BA,diesel_s10,148.6700,24
2024-08-29,BA,etanol,169.7000,37
2024-08-29,BA,gasolina,232.1700,37
2024-08-29,CE,diesel_s10,5.9900,1
2024-08-29,CE,etanol,4.9900,1
2024-08-29,CE,gasolina,5.9900,1
2024-08-29,ES,diesel_s10,36.0400,6
2024-08-29,ES,etanol,27.1000,6
2024-08-29,ES,gasolina,53.4100,9
2024-08-29,GO,diesel_s10,94.3800,16
2024-08-29,GO,etanol,80.5700,20
2024-08-29,GO,gasolina,126.0200,21
2024-08-29,MA,diesel_s10,5.8900,1
2024-08-29,MA,gasolina,6.2500,1
2024-08-29,MG,diesel_s10,335.1200,56
2024-08-29,MG,etanol,285.1100,67
2024-08-29,MG,gasolina,441.7500,72
2024-08-29,MS,diesel_s10,18.9600,3
2024-08-29,MS,etanol,16.3600,4
2024-08-29,MS,gasolina,18.4700,3
2024-08-29,MT,diesel_s10,11.9400,2
2024-08-29,MT,etanol,7.1800,2
2024-08-29,MT,gasolina,11.5400,2
2024-08-29,PA,diesel_s10,12.3900,2
2024-08-29,PA,gasolina,24.9800,4
2024-08-29,PE,diesel_s10,71.1900,12
2024-08-29,PE,etanol,47.5900,10
2024-08-29,PE,gasolina,73.7800,12
2024-08-29,PI,diesel_s10,6.1800,1
2024-08-29,PI,gasolina,6.0800,1
2024-08-29,PR,diesel_s10,245.4700,41
2024-08-29,PR,etanol,275.3600,64
2024-08-29,PR,gasolina,386.1600,63
2024-08-29,RJ,diesel_s10,65.8900,11
2024-08-29,RJ,etanol,66.1000,15
2024-08-29,RJ,gasolina,101.8400,17
2024-08-29,RN,diesel_s10,42.6700,7
2024-08-29,RN,etanol,68.9800,14
2024-08-29,RN,gasolina,90.3300,15
2024-08-29,RS,diesel_s10,98.0400,16
2024-08-29,RS,etanol,42.1300,9
2024-08-29,RS,gasolina,160.5400,26
2024-08-29,SC,diesel_s10,12.2000,2
2024-08-29,SC,etanol,5.2200,1
2024-08-29,SC,gasolina,18.4800,3
2024-08-29,SP,diesel_s10,628.2200,104
2024-08-29,SP,etanol,533.2000,134
2024-08-29,SP,gasolina,823.6100,137
2024-08-29,TO,diesel_s10,41.4000,7
2024-08-29,TO,etanol,26.7300,6
2024-08-29,TO,gasolina,51.2300,8
2024-08-30,BA,diesel_s10,50.2800,8
2024-08-30,BA,etanol,45.7600,10
2024-08-30,BA,gasolina,55.9500,9
2024-08-30,MG,diesel_s10,48.3800,8
2024-08-30,MG,etanol,37.4300,9
2024-08-30,MG,gasolina,55.3000,9
2024-08-30,MS,diesel_s10,44.3300,7
2024-08-30,MS,etanol,24.2400,6
2024-08-30,MS,gasolina,54.7700,9
2024-08-30,PA,diesel_s10,63.5800,9
2024-08-30,PA,etanol,10.9600,2
2024-08-30,PA,gasolina,70.4400,10
2024-08-30,PB,diesel_s10,12.1800,2
2024-08-30,PB,etanol,9.2800,2
2024-08-30,PB,gasolina,12.2800,2
2024-08-30,PE,diesel_s10,45.4200,8
2024-08-30,PE,etanol,35.9200,8
2024-08-30,PE,gasolina,47.4200,8
2024-08-30,PR,diesel_s10,76.3100,13
2024-08-30,PR,etanol,70.8400,17
2024-08-30,PR,gasolina,99.2500,16
2024-08-30,RO,diesel_s10,20.7200,3
2024-08-30,RO,etanol,10.2000,2
2024-08-30,RO,gasolina,20.1900,3
2024-08-30,SC,diesel_s10,6.2000,1
2024-08-30,SC,etanol,4.6000,1
2024-08-30,SC,gasolina,6.2600,1
2024-08-30,SP,diesel_s10,12.3800,2
2024-08-30,SP,etanol,16.9600,4
2024-08-30,SP,gasolina,24.9000,4
2024-09-02,AC,diesel_s10,14.7100,2
2024-09-02,AC,etanol,4.9600,1
2024-09-02,AC,gasolina,14.3600,2
2024-09-02,AL,diesel_s10,158.0000,25
2024-09-02,AL,etanol,173.3000,35
2024-09-02,AL,gasolina,236.4800,37
2024-09-02,AM,diesel_s10,101.4400,16
2024-09-02,AM,etanol,87.9600,18
2024-09-02,AM,gasolina,158.4500,23
2024-09-02,AP,diesel_s10,39.0500,6
2024-09-02,AP,etanol,5.1900,1
2024-09-02,AP,gasolina,36.1200,6
2024-09-02,BA,diesel_s10,230.2500,37
2024-09-02,BA,etanol,194.1300,42
2024-09-02,BA,gasolina,286.9600,45
2024-09-02,CE,diesel_s10,179.0000,30
2024-09-02,CE,etanol,166.8800,33
2024-09-02,CE,gasolina,193.9800,32
2024-09-02,DF,diesel_s10,75.7300,13
2024-09-02,DF,etanol,71.2700,17
2024-09-02,DF,gasolina,151.1700,25
2024-09-02,ES,diesel_s10,188.6400,31
2024-09-02,ES,etanol,132.3600,30
2024-09-02,ES,gasolina,324.2800,52
2024-09-02,GO,diesel_s10,183.6000,31
2024-09-02,GO,etanol,178.3300,47
2024-09-02,GO,gasolina,279.5700,48
2024-09-02,MA,diesel_s10,78.6700,13
2024-09-02,MA,etanol,53.4000,11
2024-09-02,MA,gasolina,88.4400,14
2024-09-02,MG,diesel_s10,678.1200,114
2024-09-02,MG,etanol,664.0400,157
2024-09-02,MG,gasolina,991.4000,162
2024-09-02,MS,diesel_s10,109.1400,18
2024-09-02,MS,etanol,79.0200,20
2024-09-02,MS,gasolina,184.6500,31
2024-09-02,MT,diesel_s10,51.6900,8
2024-09-02,MT,etanol,34.4500,9
2024-09-02,MT,gasolina,55.5500,9
2024-09-02,PA,diesel_s10,181.7300,29
2024-09-02,PA,etanol,68.5200,15
2024-09-02,PA,gasolina,234.0800,38
2024-09-02,PB,diesel_s10,110.6800,19
2024-09-02,PB,etanol,143.2100,31
2024-09-02,PB,gasolina,202.1200,33
2024-09-02,PE,diesel_s10,349.7100,61
2024-09-02,PE,etanol,286.7600,63
2024-09-02,PE,gasolina,437.6800,74
2024-09-02,PI,diesel_s10,109.8900,18
2024-09-02,PI,etanol,50.6800,11
2024-09-02,PI,gasolina,115.1300,19
2024-09-02,PR,diesel_s10,167.1000,28
2024-09-02,PR,etanol,167.8900,39
2024-09-02,PR,gasolina,218.8400,35
2024-09-02,RJ,diesel_s10,663.5400,109
2024-09-02,RJ,etanol,670.1700,149
2024-09-02,RJ,gasolina,962.8700,158
2024-09-02,RN,diesel_s10,58.4000,9
2024-09-02,RN,etanol,35.2900,7
2024-09-02,RN,gasolina,63.1200,10
2024-09-02,RO,diesel_s10,72.1900,11
2024-09-02,RO,etanol,30.2500,6
2024-09-02,RO,gasolina,86.5000,13
2024-09-02,RR,diesel_s10,6.4200,1
2024-09-02,RR,etanol,4.7900,1
2024-09-02,RR,gasolina,6.5700,1
2024-09-02,RS,diesel_s10,658.9800,109
2024-09-02,RS,etanol,279.1400,59
2024-09-02,RS,gasolina,911.8200,148
2024-09-02,SC,diesel_s10,325.1700,54
2024-09-02,SC,etanol,213.3800,48
2024-09-02,SC,gasolina,546.9500,89
2024-09-02,SE,diesel_s10,29.0800,5
2024-09-02,SE,etanol,19.3400,4
2024-09-02,SE,gasolina,50.0000,8
2024-09-02,SP,diesel_s10,2440.5700,404
2024-09-02,SP,etanol,2412.1700,621
2024-09-02,SP,gasolina,3738.3500,629
2024-09-02,TO,diesel_s10,96.5700,16
2024-09-02,TO,etanol,102.1500,22
2024-09-02,TO,gasolina,154.4200,24
2024-09-03,AL,diesel_s10,17.8700,3
2024-09-03,AL,etanol,19.6500,4
2024-09-03,AL,gasolina,24.2500,4
2024-09-03,AM,diesel_s10,6.3900,1
2024-09-03,AM,etanol,4.8900,1
2024-09-03,AM,gasolina,6.8900,1
2024-09-03,AP,diesel_s10,33.3900,5
2024-09-03,AP,etanol,9.6300,2
2024-09-03,AP,gasolina,100.1200,17
2024-09-03,BA,diesel_s10,454.0000,74
2024-09-03,BA,etanol,399.4000,87
2024-09-03,BA,gasolina,558.9400,88
2024-09-03,CE,diesel_s10,194.9500,32
2024-09-03,CE,etanol,193.1900,38
2024-09-03,CE,gasolina,246.1700,40
2024-09-03,DF,diesel_s10,35.8200,6
2024-09-03,DF,etanol,37.5900,9
2024-09-03,DF,gasolina,139.9700,23
2024-09-03,ES,diesel_s10,61.3500,10
2024-09-03,ES,etanol,45.4200,10
2024-09-03,ES,gasolina,71.0300,11
2024-09-03,GO,diesel_s10,172.3200,29
2024-09-03,GO,etanol,159.2300,41
2024-09-03,GO,gasolina,248.9300,42
2024-09-03,MA,diesel_s10,129.8600,22
2024-09-03,MA,etanol,54.5100,11
2024-09-03,MA,gasolina,165.2000,27
2024-09-03,MG,diesel_s10,416.1300,70
2024-09-03,MG,etanol,418.8500,99
2024-09-03,MG,gasolina,625.3800,102
2024-09-03,MS,diesel_s10,77.3500,12
2024-09-03,MS,etanol,67.2300,16
2024-09-03,MS,gasolina,140.6500,22
2024-09-03,MT,diesel_s10,30.1500,5
2024-09-03,MT,etanol,32.4300,9
2024-09-03,MT,gasolina,53.1500,9
2024-09-03,PA,diesel_s10,151.3800,24
2024-09-03,PA,etanol,78.9900,17
2024-09-03,PA,gasolina,245.1200,39
2024-09-03,PB,diesel_s10,95.1400,16
2024-09-03,PB,etanol,78.9500,17
2024-09-03,PB,gasolina,135.2300,22
2024-09-03,PE,diesel_s10,273.9100,47
2024-09-03,PE,etanol,201.6600,43
2024-09-03,PE,gasolina,313.0300,51
2024-09-03,PI,diesel_s10,72.1800,12
2024-09-03,PI,etanol,71.4400,16
2024-09-03,PI,gasolina,107.7800,18
2024-09-03,PR,diesel_s10,220.2100,37
2024-09-03,PR,etanol,215.1900,51
2024-09-03,PR,gasolina,317.6700,52
2024-09-03,RJ,diesel_s10,333.0800,55
2024-09-03,RJ,etanol,415.7500,95
2024-09-03,RJ,gasolina,641.1900,107
2024-09-03,RN,diesel_s10,24.6200,4
2024-09-03,RN,etanol,40.0100,8
2024-09-03,RN,gasolina,43.9800,7
2024-09-03,RO,diesel_s10,116.0800,18
2024-09-03,RO,etanol,40.0400,8
2024-09-03,RO,gasolina,192.3700,28
2024-09-03,RR,diesel_s10,45.0300,7
2024-09-03,RR,gasolina,52.5800,8
2024-09-03,RS,diesel_s10,385.2700,63
2024-09-03,RS,etanol,136.5500,29
2024-09-03,RS,gasolina,520.2500,85
2024-09-03,SC,diesel_s10,72.9100,12
2024-09-03,SC,etanol,51.7600,11
2024-09-03,SC,gasolina,91.8100,15
2024-09-03,SE,diesel_s10,77.5000,13
2024-09-03,SE,etanol,77.5200,16
2024-09-03,SE,gasolina,153.4400,24
2024-09-03,SP,diesel_s10,1125.1300,187
2024-09-03,SP,etanol,1075.7700,276
2024-09-03,SP,gasolina,1653.5100,281
2024-09-03,TO,diesel_s10,23.7200,4
2024-09-03,TO,etanol,28.4400,6
2024-09-03,TO,gasolina,46.3300,7
2024-09-04,AC,diesel_s10,61.7000,8
2024-09-04,AC,etanol,15.9200,3
2024-09-04,AC,gasolina,60.2700,8
2024-09-04,AL,diesel_s10,41.3700,7
2024-09-04,AL,etanol,59.5900,12
2024-09-04,AL,gasolina,75.4000,12
2024-09-04,AM,diesel_s10,57.1100,9
2024-09-04,AM,etanol,53.7700,11
2024-09-04,AM,gasolina,103.3500,15
2024-09-04,BA,diesel_s10,165.6200,28
2024-09-04,BA,etanol,191.8300,42
2024-09-04,BA,gasolina,270.2500,44
2024-09-04,CE,diesel_s10,18.7600,3
2024-09-04,CE,etanol,21.0200,4
2024-09-04,CE,gasolina,31.9400,5
2024-09-04,DF,diesel_s10,5.9800,1
2024-09-04,DF,etanol,3.9800,1
2024-09-04,DF,gasolina,5.6400,1
2024-09-04,GO,diesel_s10,155.3300,26
2024-09-04,GO,etanol,166.5000,40
2024-09-04,GO,gasolina,264.8800,43
2024-09-04,MA,diesel_s10,237.7600,40
2024-09-04,MA,etanol,158.9000,34
2024-09-04,MA,gasolina,292.6500,49
2024-09-04,MG,diesel_s10,434.5100,73
2024-09-04,MG,etanol,441.4500,106
2024-09-04,MG,gasolina,668.2300,110
2024-09-04,MT,diesel_s10,36.5700,6
2024-09-04,MT,etanol,51.2500,14
2024-09-04,MT,gasolina,83.6500,14
2024-09-04,PA,diesel_s10,80.0600,13
2024-09-04,PA,etanol,33.5800,7
2024-09-04,PA,gasolina,92.4400,15
2024-09-04,PB,diesel_s10,60.0700,10
2024-09-04,PB,etanol,45.6300,10
2024-09-04,PB,gasolina,60.6300,10
2024-09-04,PE,diesel_s10,153.8600,26
2024-09-04,PE,etanol,118.2400,25
2024-09-04,PE,gasolina,198.8600,32
2024-09-04,PI,diesel_s10,71.9800,12
2024-09-04,PI,etanol,63.7200,14
2024-09-04,PI,gasolina,114.2900,19
2024-09-04,PR,diesel_s10,224.7300,37
2024-09-04,PR,etanol,204.2000,48
2024-09-04,PR,gasolina,313.5300,51
2024-09-04,RJ,diesel_s10,147.7400,24
2024-09-04,RJ,etanol,146.0600,33
2024-09-04,RJ,gasolina,216.6500,36
2024-09-04,RN,diesel_s10,30.5000,5
2024-09-04,RN,etanol,41.0700,8
2024-09-04,RN,gasolina,50.8100,8
2024-09-04,RO,diesel_s10,25.9700,4
2024-09-04,RO,etanol,9.9800,2
2024-09-04,RO,gasolina,27.5500,4
2024-09-04,RR,diesel_s10,51.5500,8
2024-09-04,RR,etanol,9.6600,2
2024-09-04,RR,gasolina,52.5600,8
2024-09-04,RS,diesel_s10,152.0800,25
2024-09-04,RS,etanol,56.7900,12
2024-09-04,RS,gasolina,236.9300,39
2024-09-04,SC,diesel_s10,121.3900,20
2024-09-04,SC,etanol,120.9800,28
2024-09-04,SC,gasolina,196.5600,33
2024-09-04,SP,diesel_s10,572.2900,94
2024-09-04,SP,etanol,552.6300,143
2024-09-04,SP,gasolina,838.6800,142
2024-09-04,TO,diesel_s10,59.1300,10
2024-09-04,TO,etanol,35.2100,8
2024-09-04,TO,gasolina,64.4000,10
2024-09-05,AC,diesel_s10,50.8600,7
2024-09-05,AC,etanol,44.4500,9
2024-09-05,AC,gasolina,71.7200,10
2024-09-05,AM,diesel_s10,104.1400,15
2024-09-05,AM,etanol,28.0500,6
2024-09-05,AM,gasolina,116.3800,16
2024-09-05,BA,diesel_s10,158.7300,27
2024-09-05,BA,etanol,137.8900,31
2024-09-05,BA,gasolina,193.0800,32
2024-09-05,CE,diesel_s10,185.6200,29
2024-09-05,CE,etanol,138.0300,26
2024-09-05,CE,gasolina,212.1900,32
2024-09-05,ES,diesel_s10,95.7700,16
2024-09-05,ES,etanol,56.9400,13
2024-09-05,ES,gasolina,119.2700,20
2024-09-05,GO,diesel_s10,124.4900,21
2024-09-05,GO,etanol,105.5800,26
2024-09-05,GO,gasolina,155.5300,26
2024-09-05,MA,diesel_s10,48.6300,8
2024-09-05,MA,etanol,25.0800,5
2024-09-05,MA,gasolina,53.8900,8
2024-09-05,MG,diesel_s10,318.1300,53
2024-09-05,MG,etanol,278.0500,65
2024-09-05,MG,gasolina,432.0000,70
2024-09-05,MS,diesel_s10,6.3900,1
2024-09-05,MS,etanol,4.1000,1
2024-09-05,MS,gasolina,6.1900,1
2024-09-05,MT,diesel_s10,100.2100,17
2024-09-05,MT,etanol,77.7900,22
2024-09-05,MT,gasolina,129.3600,22
2024-09-05,PE,diesel_s10,5.6900,1
2024-09-05,PE,gasolina,5.8400,1
2024-09-05,PI,diesel_s10,18.4300,3
2024-09-05,PI,etanol,9.3900,2
2024-09-05,PI,gasolina,18.4200,3
2024-09-05,PR,diesel_s10,302.9300,50
2024-09-05,PR,etanol,289.5300,71
2024-09-05,PR,gasolina,410.1100,67
2024-09-05,RJ,diesel_s10,77.7100,13
2024-09-05,RJ,etanol,67.9400,15
2024-09-05,RJ,gasolina,110.5700,18
2024-09-05,RN,diesel_s10,66.5700,11
2024-09-05,RN,etanol,68.6800,14
2024-09-05,RN,gasolina,96.6400,16
2024-09-05,RS,diesel_s10,207.7200,33
2024-09-05,RS,etanol,105.1800,21
2024-09-05,RS,gasolina,255.0200,40
2024-09-05,SC,diesel_s10,30.6700,5
2024-09-05,SC,etanol,14.0000,3
2024-09-05,SC,gasolina,43.6000,7
2024-09-05,SP,diesel_s10,573.0600,95
2024-09-05,SP,etanol,510.5900,127
2024-09-05,SP,gasolina,795.6800,132
2024-09-06,BA,diesel_s10,36.1100,6
2024-09-06,BA,etanol,31.7200,7
2024-09-06,BA,gasolina,44.4800,7
2024-09-06,CE,diesel_s10,28.9500,5
2024-09-06,CE,etanol,25.0300,5
2024-09-06,CE,gasolina,29.8700,5
2024-09-06,MT,diesel_s10,5.8900,1
2024-09-06,MT,etanol,3.5500,1
2024-09-06,MT,gasolina,5.7900,1
2024-09-06,PE,diesel_s10,45.5800,8
2024-09-06,PE,etanol,35.7900,8
2024-09-06,PE,gasolina,47.4600,8
2024-09-06,PR,diesel_s10,30.1500,5
2024-09-06,PR,etanol,19.9500,5
2024-09-06,PR,gasolina,29.8600,5
2024-09-06,RN,diesel_s10,6.0300,1
2024-09-06,RN,etanol,9.9800,2
2024-09-06,RN,gasolina,12.5600,2
2024-09-06,RO,diesel_s10,6.7500,1
2024-09-06,RO,gasolina,6.7600,1
2024-09-06,SC,diesel_s10,5.9900,1
2024-09-06,SC,etanol,4.9900,1
2024-09-06,SC,gasolina,11.5200,2
2024-09-06,SP,diesel_s10,102.2100,17
2024-09-06,SP,etanol,105.6400,27
2024-09-06,SP,gasolina,160.0100,27
2024-09-09,AL,diesel_s10,124.5100,20
2024-09-09,AL,etanol,138.5000,28
2024-09-09,AL,gasolina,202.4700,32
2024-09-09,AM,diesel_s10,101.4400,16
2024-09-09,AM,etanol,87.9600,18
2024-09-09,AM,gasolina,158.4500,23
2024-09-09,BA,diesel_s10,191.9300,31
2024-09-09,BA,etanol,202.9700,43
2024-09-09,BA,gasolina,291.5500,46
2024-09-09,CE,diesel_s10,205.4200,34
2024-09-09,CE,etanol,176.1500,35
2024-09-09,CE,gasolina,234.1400,38
2024-09-09,DF,diesel_s10,87.6000,15
2024-09-09,DF,etanol,72.2400,18
2024-09-09,DF,gasolina,180.6800,31
2024-09-09,ES,diesel_s10,116.0500,19
2024-09-09,ES,etanol,79.1300,18
2024-09-09,ES,gasolina,182.9400,30
2024-09-09,GO,diesel_s10,284.1900,48
2024-09-09,GO,etanol,307.0100,72
2024-09-09,GO,gasolina,481.0300,77
2024-09-09,MA,diesel_s10,184.3300,30
2024-09-09,MA,etanol,111.8800,23
2024-09-09,MA,gasolina,219.8000,35
2024-09-09,MG,diesel_s10,362.2800,61
2024-09-09,MG,etanol,331.1800,79
2024-09-09,MG,gasolina,514.8900,84
2024-09-09,MS,diesel_s10,113.5100,18
2024-09-09,MS,etanol,76.5400,19
2024-09-09,MS,gasolina,193.1500,31
2024-09-09,MT,diesel_s10,49.4500,8
2024-09-09,MT,etanol,53.7900,14
2024-09-09,MT,gasolina,86.1000,14
2024-09-09,PA,diesel_s10,163.3000,26
2024-09-09,PA,etanol,59.7500,13
2024-09-09,PA,gasolina,204.4000,33
2024-09-09,PB,diesel_s10,134.4400,23
2024-09-09,PB,etanol,134.2300,29
2024-09-09,PB,gasolina,244.9400,40
2024-09-09,PE,diesel_s10,224.4300,39
2024-09-09,PE,etanol,207.6900,46
2024-09-09,PE,gasolina,288.8300,49
2024-09-09,PI,diesel_s10,5.8900,1
2024-09-09,PI,etanol,13.2300,3
2024-09-09,PI,gasolina,17.6100,3
2024-09-09,PR,diesel_s10,199.3800,33
2024-09-09,PR,etanol,189.6600,46
2024-09-09,PR,gasolina,259.0900,42
2024-09-09,RJ,diesel_s10,618.0700,102
2024-09-09,RJ,etanol,679.7800,153
2024-09-09,RJ,gasolina,937.5200,156
2024-09-09,RN,diesel_s10,30.1500,5
2024-09-09,RN,etanol,25.4700,5
2024-09-09,RN,gasolina,38.1200,6
2024-09-09,RO,diesel_s10,123.1500,19
2024-09-09,RO,etanol,49.9700,10
2024-09-09,RO,gasolina,121.2200,18
2024-09-09,RR,diesel_s10,12.9500,2
2024-09-09,RR,etanol,4.8700,1
2024-09-09,RR,gasolina,13.1400,2
2024-09-09,RS,diesel_s10,360.3100,60
2024-09-09,RS,etanol,171.4600,36
2024-09-09,RS,gasolina,532.8700,86
2024-09-09,SC,diesel_s10,337.7100,56
2024-09-09,SC,etanol,243.3400,55
2024-09-09,SC,gasolina,589.4800,96
2024-09-09,SE,diesel_s10,106.5900,18
2024-09-09,SE,etanol,101.6300,21
2024-09-09,SE,gasolina,208.6900,33
2024-09-09,SP,diesel_s10,2344.0800,388
2024-09-09,SP,etanol,2389.9500,614
2024-09-09,SP,gasolina,3659.4500,617
2024-09-09,TO,diesel_s10,72.6800,12
2024-09-09,TO,etanol,65.8900,14
2024-09-09,TO,gasolina,112.7300,17
2024-09-10,AC,diesel_s10,14.7100,2
2024-09-10,AC,etanol,4.9600,1
2024-09-10,AC,gasolina,14.3600,2
2024-09-10,AL,diesel_s10,39.1600,6
2024-09-10,AL,etanol,30.2200,6
2024-09-10,AL,gasolina,45.3800,7
2024-09-10,AM,diesel_s10,6.3900,1
2024-09-10,AM,etanol,4.8900,1
2024-09-10,AM,gasolina,6.8900,1
2024-09-10,AP,diesel_s10,33.3700,5
2024-09-10,AP,etanol,9.6300,2
2024-09-10,AP,gasolina,100.1300,17
2024-09-10,BA,diesel_s10,376.7100,62
2024-09-10,BA,etanol,337.9500,74
2024-09-10,BA,gasolina,478.1500,77
2024-09-10,CE,diesel_s10,119.9500,20
2024-09-10,CE,etanol,135.5000,27
2024-09-10,CE,gasolina,167.0500,28
2024-09-10,DF,diesel_s10,23.7300,4
2024-09-10,DF,etanol,28.0400,7
2024-09-10,DF,gasolina,99.6700,17
2024-09-10,ES,diesel_s10,47.8800,8
2024-09-10,ES,etanol,35.7700,8
2024-09-10,ES,gasolina,109.7700,17
2024-09-10,GO,diesel_s10,83.1700,14
2024-09-10,GO,etanol,86.2600,21
2024-09-10,GO,gasolina,128.6000,21
2024-09-10,MA,diesel_s10,118.2500,20
2024-09-10,MA,etanol,63.4500,13
2024-09-10,MA,gasolina,150.9200,25
2024-09-10,MG,diesel_s10,499.5600,84
2024-09-10,MG,etanol,515.4800,121
2024-09-10,MG,gasolina,768.8700,125
2024-09-10,MS,diesel_s10,42.3500,7
2024-09-10,MS,etanol,34.8500,9
2024-09-10,MS,gasolina,81.5400,14
2024-09-10,MT,diesel_s10,48.7200,8
2024-09-10,MT,etanol,40.9000,11
2024-09-10,MT,gasolina,65.9000,11
2024-09-10,PA,diesel_s10,157.3600,26
2024-09-10,PA,etanol,67.2800,15
2024-09-10,PA,gasolina,203.2800,34
2024-09-10,PB,diesel_s10,42.3800,7
2024-09-10,PB,etanol,28.8400,6
2024-09-10,PB,gasolina,55.2700,9
2024-09-10,PE,diesel_s10,155.8400,27
2024-09-10,PE,etanol,114.3300,25
2024-09-10,PE,gasolina,188.3000,31
2024-09-10,PI,diesel_s10,97.9200,16
2024-09-10,PI,etanol,67.4700,15
2024-09-10,PI,gasolina,126.8300,21
2024-09-10,PR,diesel_s10,300.3700,50
2024-09-10,PR,etanol,262.2100,63
2024-09-10,PR,gasolina,383.5400,63
2024-09-10,RJ,diesel_s10,297.7100,49
2024-09-10,RJ,etanol,355.8500,81
2024-09-10,RJ,gasolina,557.0500,93
2024-09-10,RN,diesel_s10,62.2200,10
2024-09-10,RN,etanol,69.8300,14
2024-09-10,RN,gasolina,100.2900,16
2024-09-10,RO,diesel_s10,26.1500,4
2024-09-10,RO,etanol,9.9800,2
2024-09-10,RO,gasolina,55.1600,8
2024-09-10,RR,diesel_s10,64.3900,10
2024-09-10,RR,etanol,4.7900,1
2024-09-10,RR,gasolina,65.7000,10
2024-09-10,RS,diesel_s10,513.1700,84
2024-09-10,RS,etanol,211.2400,45
2024-09-10,RS,gasolina,717.8000,118
2024-09-10,SC,diesel_s10,65.6300,11
2024-09-10,SC,etanol,34.5900,8
2024-09-10,SC,gasolina,84.5000,14
2024-09-10,SP,diesel_s10,1086.9700,180
2024-09-10,SP,etanol,1007.5200,261
2024-09-10,SP,gasolina,1563.1300,266
2024-09-10,TO,diesel_s10,65.0600,11
2024-09-10,TO,etanol,42.0900,9
2024-09-10,TO,gasolina,76.6900,12
2024-09-11,AC,diesel_s10,61.2500,8
2024-09-11,AC,etanol,10.0400,2
2024-09-11,AC,gasolina,59.9100,8
2024-09-11,AL,diesel_s10,41.8100,7
2024-09-11,AL,etanol,59.7400,12
2024-09-11,AL,gasolina,88.0600,14
2024-09-11,AM,diesel_s10,57.5100,9
2024-09-11,AM,etanol,58.6600,12
2024-09-11,AM,gasolina,96.4600,14
2024-09-11,BA,diesel_s10,215.1500,35
2024-09-11,BA,etanol,203.7300,45
2024-09-11,BA,gasolina,273.9000,43
2024-09-11,CE,diesel_s10,62.7300,10
2024-09-11,CE,etanol,56.9700,11
2024-09-11,CE,gasolina,76.8900,12
2024-09-11,DF,diesel_s10,5.9800,1
2024-09-11,DF,etanol,3.9800,1
2024-09-11,DF,gasolina,5.6400,1
2024-09-11,ES,diesel_s10,187.5300,31
2024-09-11,ES,etanol,110.8200,25
2024-09-11,ES,gasolina,220.4200,36
2024-09-11,GO,diesel_s10,175.8600,29
2024-09-11,GO,etanol,159.0500,37
2024-09-11,GO,gasolina,246.3300,39
2024-09-11,MA,diesel_s10,120.3000,21
2024-09-11,MA,etanol,67.2700,15
2024-09-11,MA,gasolina,143.8600,25
2024-09-11,MG,diesel_s10,569.8000,95
2024-09-11,MG,etanol,517.9500,123
2024-09-11,MG,gasolina,802.1500,131
2024-09-11,MS,diesel_s10,25.2200,4
2024-09-11,MS,etanol,16.1300,4
2024-09-11,MS,gasolina,31.0500,5
2024-09-11,MT,diesel_s10,125.6900,20
2024-09-11,MT,etanol,112.3500,29
2024-09-11,MT,gasolina,177.4400,29
2024-09-11,PA,diesel_s10,106.3500,16
2024-09-11,PA,etanol,53.1300,11
2024-09-11,PA,gasolina,163.5100,25
2024-09-11,PB,diesel_s10,81.3100,14
2024-09-11,PB,etanol,73.6000,17
2024-09-11,PB,gasolina,109.1200,18
2024-09-11,PE,diesel_s10,325.6400,56
2024-09-11,PE,etanol,224.0400,48
2024-09-11,PE,gasolina,387.9000,64
2024-09-11,PI,diesel_s10,156.9600,26
2024-09-11,PI,etanol,100.7600,22
2024-09-11,PI,gasolina,211.6500,35
2024-09-11,PR,diesel_s10,223.5300,38
2024-09-11,PR,etanol,262.3600,60
2024-09-11,PR,gasolina,383.1500,62
2024-09-11,RJ,diesel_s10,224.3400,36
2024-09-11,RJ,etanol,199.3800,44
2024-09-11,RJ,gasolina,309.4600,50
2024-09-11,RN,diesel_s10,45.1500,7
2024-09-11,RN,etanol,24.0000,5
2024-09-11,RN,gasolina,43.8300,7
2024-09-11,RO,diesel_s10,64.1400,10
2024-09-11,RO,etanol,24.8600,5
2024-09-11,RO,gasolina,89.4800,13
2024-09-11,RR,diesel_s10,32.1200,5
2024-09-11,RR,etanol,4.7900,1
2024-09-11,RR,gasolina,32.8500,5
2024-09-11,RS,diesel_s10,511.6500,83
2024-09-11,RS,etanol,168.9300,34
2024-09-11,RS,gasolina,627.8800,101
2024-09-11,SC,diesel_s10,122.3100,20
2024-09-11,SC,etanol,89.5700,20
2024-09-11,SC,gasolina,161.7400,27
2024-09-11,SP,diesel_s10,747.8700,125
2024-09-11,SP,etanol,665.2300,171
2024-09-11,SP,gasolina,1062.3300,180
2024-09-11,TO,diesel_s10,59.1300,10
2024-09-11,TO,etanol,43.3900,10
2024-09-11,TO,gasolina,81.6600,13
2024-09-12,AC,diesel_s10,50.7700,7
2024-09-12,AC,etanol,39.2900,8
2024-09-12,AC,gasolina,78.9000,11
2024-09-12,AM,diesel_s10,97.3600,14
2024-09-12,AM,etanol,28.0500,6
2024-09-12,AM,gasolina,108.7000,15
2024-09-12,AP,diesel_s10,39.2400,6
2024-09-12,AP,etanol,5.1900,1
2024-09-12,AP,gasolina,36.2100,6
2024-09-12,BA,diesel_s10,77.9600,13
2024-09-12,BA,etanol,67.3500,15
2024-09-12,BA,gasolina,93.2900,15
2024-09-12,CE,diesel_s10,94.9800,15
2024-09-12,CE,etanol,94.8400,18
2024-09-12,CE,gasolina,130.9700,20
2024-09-12,GO,diesel_s10,138.7900,23
2024-09-12,GO,etanol,124.4300,31
2024-09-12,GO,gasolina,177.8400,30
2024-09-12,MA,diesel_s10,41.9700,7
2024-09-12,MA,etanol,40.0600,8
2024-09-12,MA,gasolina,57.6600,9
2024-09-12,MG,diesel_s10,339.7400,58
2024-09-12,MG,etanol,336.4000,80
2024-09-12,MG,gasolina,504.3400,83
2024-09-12,MS,diesel_s10,18.6800,3
2024-09-12,MS,etanol,16.5600,4
2024-09-12,MS,gasolina,18.5200,3
2024-09-12,MT,diesel_s10,64.3000,11
2024-09-12,MT,etanol,60.1200,16
2024-09-12,MT,gasolina,96.8700,16
2024-09-12,PE,diesel_s10,105.4400,18
2024-09-12,PE,etanol,87.7200,19
2024-09-12,PE,gasolina,121.9400,20
2024-09-12,PR,diesel_s10,248.7100,41
2024-09-12,PR,etanol,230.5000,55
2024-09-12,PR,gasolina,320.8900,52
2024-09-12,RJ,diesel_s10,89.4200,15
2024-09-12,RJ,etanol,103.3100,22
2024-09-12,RJ,gasolina,165.4800,26
2024-09-12,RN,diesel_s10,53.9500,9
2024-09-12,RN,etanol,71.5300,15
2024-09-12,RN,gasolina,95.7100,16
2024-09-12,RO,diesel_s10,20.2300,3
2024-09-12,RO,gasolina,20.6600,3
2024-09-12,RS,diesel_s10,55.6600,9
2024-09-12,RS,etanol,23.3500,5
2024-09-12,RS,gasolina,62.4700,10
2024-09-12,SC,diesel_s10,52.8600,9
2024-09-12,SC,etanol,18.1500,4
2024-09-12,SC,gasolina,60.9100,10
2024-09-12,SP,diesel_s10,469.8700,78
2024-09-12,SP,etanol,473.3000,118
2024-09-12,SP,gasolina,725.2000,120
2024-09-13,GO,diesel_s10,41.0300,7
2024-09-13,GO,etanol,31.8800,8
2024-09-13,GO,gasolina,41.2700,7
2024-09-13,MA,diesel_s10,59.9200,10
2024-09-13,MA,etanol,23.7400,5
2024-09-13,MA,gasolina,82.6900,13
2024-09-13,MG,diesel_s10,49.7000,8
2024-09-13,MG,etanol,41.1700,10
2024-09-13,MG,gasolina,67.0200,11
2024-09-13,MS,diesel_s10,43.4100,7
2024-09-13,MS,etanol,23.9400,6
2024-09-13,MS,gasolina,54.5700,9
2024-09-13,MT,diesel_s10,46.1100,7
2024-09-13,MT,etanol,27.3200,7
2024-09-13,MT,gasolina,58.2200,9
2024-09-13,RN,diesel_s10,12.5800,2
2024-09-13,RN,etanol,9.8400,2
2024-09-13,RN,gasolina,12.4900,2
2024-09-13,RS,gasolina,6.1900,1
2024-09-16,AL,diesel_s10,94.6900,16
2024-09-16,AL,etanol,141.9300,29
2024-09-16,AL,gasolina,190.6900,31
2024-09-16,AM,diesel_s10,101.4400,16
2024-09-16,AM,etanol,87.9600,18
2024-09-16,AM,gasolina,158.4500,23
2024-09-16,AP,diesel_s10,39.2400,6
2024-09-16,AP,etanol,5.1900,1
2024-09-16,AP,gasolina,36.0800,6
2024-09-16,BA,diesel_s10,150.3400,24
2024-09-16,BA,etanol,195.9700,42
2024-09-16,BA,gasolina,298.8900,47
2024-09-16,CE,diesel_s10,193.5800,32
2024-09-16,CE,etanol,187.3600,37
2024-09-16,CE,gasolina,239.5700,39
2024-09-16,DF,diesel_s10,88.4400,15
2024-09-16,DF,etanol,79.7600,19
2024-09-16,DF,gasolina,175.8700,29
2024-09-16,ES,diesel_s10,164.6400,27
2024-09-16,ES,etanol,113.3400,26
2024-09-16,ES,gasolina,250.4800,41
2024-09-16,GO,diesel_s10,388.2400,65
2024-09-16,GO,etanol,410.4400,96
2024-09-16,GO,gasolina,626.3800,100
2024-09-16,MA,diesel_s10,122.8900,20
2024-09-16,MA,etanol,77.3000,16
2024-09-16,MA,gasolina,157.3000,25
2024-09-16,MG,diesel_s10,430.3600,72
2024-09-16,MG,etanol,388.2300,91
2024-09-16,MG,gasolina,587.5200,95
2024-09-16,MS,diesel_s10,111.3800,18
2024-09-16,MS,etanol,81.5900,20
2024-09-16,MS,gasolina,212.6800,34
2024-09-16,MT,diesel_s10,49.8700,8
2024-09-16,MT,etanol,41.7900,11
2024-09-16,MT,gasolina,67.2600,11
2024-09-16,PA,diesel_s10,219.8700,34
2024-09-16,PA,etanol,66.3200,14
2024-09-16,PA,gasolina,275.0200,43
2024-09-16,PB,diesel_s10,109.9500,19
2024-09-16,PB,etanol,133.1400,29
2024-09-16,PB,gasolina,201.1300,33
2024-09-16,PE,diesel_s10,319.6800,56
2024-09-16,PE,etanol,255.2100,58
2024-09-16,PE,gasolina,413.7100,71
2024-09-16,PI,diesel_s10,18.0700,3
2024-09-16,PI,etanol,27.6400,6
2024-09-16,PI,gasolina,35.6000,6
2024-09-16,PR,diesel_s10,353.8700,59
2024-09-16,PR,etanol,393.1200,90
2024-09-16,PR,gasolina,571.3900,92
2024-09-16,RJ,diesel_s10,567.6800,94
2024-09-16,RJ,etanol,619.7400,140
2024-09-16,RJ,gasolina,845.7500,141
2024-09-16,RN,diesel_s10,5.9600,1
2024-09-16,RN,etanol,14.7400,3
2024-09-16,RN,gasolina,18.3200,3
2024-09-16,RO,diesel_s10,52.9000,8
2024-09-16,RO,etanol,20.3700,4
2024-09-16,RO,gasolina,64.9400,10
2024-09-16,RS,diesel_s10,355.2600,59
2024-09-16,RS,etanol,179.9300,38
2024-09-16,RS,gasolina,564.0500,93
2024-09-16,SC,diesel_s10,360.7400,60
2024-09-16,SC,etanol,255.9200,57
2024-09-16,SC,gasolina,566.2700,92
2024-09-16,SE,diesel_s10,45.6200,8
2024-09-16,SE,etanol,4.6900,1
2024-09-16,SE,gasolina,49.1200,8
2024-09-16,SP,diesel_s10,1980.5300,329
2024-09-16,SP,etanol,1981.3400,509
2024-09-16,SP,gasolina,3040.0900,511
2024-09-16,TO,diesel_s10,113.0300,19
2024-09-16,TO,etanol,91.7700,20
2024-09-16,TO,gasolina,173.6400,27
2024-09-17,AL,diesel_s10,74.5500,11
2024-09-17,AL,etanol,50.9600,10
2024-09-17,AL,gasolina,76.0700,11
2024-09-17,AM,diesel_s10,19.1700,3
2024-09-17,AM,etanol,9.7800,2
2024-09-17,AM,gasolina,20.6700,3
2024-09-17,BA,diesel_s10,471.6400,77
2024-09-17,BA,etanol,410.7900,91
2024-09-17,BA,gasolina,570.8900,91
2024-09-17,CE,diesel_s10,126.3300,21
2024-09-17,CE,etanol,166.6500,33
2024-09-17,CE,gasolina,222.8500,37
2024-09-17,DF,diesel_s10,17.6900,3
2024-09-17,DF,etanol,29.6200,7
2024-09-17,DF,gasolina,116.2800,19
2024-09-17,ES,diesel_s10,36.8500,6
2024-09-17,ES,etanol,40.7500,9
2024-09-17,ES,gasolina,63.1700,10
2024-09-17,GO,diesel_s10,83.1400,14
2024-09-17,GO,etanol,82.0400,20
2024-09-17,GO,gasolina,121.4500,20
2024-09-17,MA,diesel_s10,178.8600,30
2024-09-17,MA,etanol,93.2500,19
2024-09-17,MA,gasolina,206.5000,34
2024-09-17,MG,diesel_s10,488.6600,82
2024-09-17,MG,etanol,458.9700,110
2024-09-17,MG,gasolina,718.2600,118
2024-09-17,MS,diesel_s10,48.3500,8
2024-09-17,MS,etanol,33.6500,9
2024-09-17,MS,gasolina,68.3800,12
2024-09-17,MT,diesel_s10,60.0400,10
2024-09-17,MT,etanol,60.2700,16
2024-09-17,MT,gasolina,96.1300,16
2024-09-17,PA,diesel_s10,145.3900,24
2024-09-17,PA,etanol,62.4000,14
2024-09-17,PA,gasolina,203.2600,34
2024-09-17,PB,diesel_s10,48.6800,8
2024-09-17,PB,etanol,29.0500,6
2024-09-17,PB,gasolina,67.1000,11
2024-09-17,PE,diesel_s10,98.4900,17
2024-09-17,PE,etanol,64.6700,14
2024-09-17,PE,gasolina,110.9300,18
2024-09-17,PI,diesel_s10,24.0500,4
2024-09-17,PI,etanol,27.5000,6
2024-09-17,PI,gasolina,41.4100,7
2024-09-17,PR,diesel_s10,274.7800,46
2024-09-17,PR,etanol,230.2800,55
2024-09-17,PR,gasolina,359.1900,59
2024-09-17,RJ,diesel_s10,316.8600,52
2024-09-17,RJ,etanol,341.4100,77
2024-09-17,RJ,gasolina,543.1900,90
2024-09-17,RN,diesel_s10,113.0900,18
2024-09-17,RN,etanol,136.6900,28
2024-09-17,RN,gasolina,179.6200,29
2024-09-17,RO,diesel_s10,102.6300,16
2024-09-17,RO,etanol,54.6200,11
2024-09-17,RO,gasolina,158.2200,23
2024-09-17,RR,diesel_s10,38.5200,6
2024-09-17,RR,etanol,4.7900,1
2024-09-17,RR,gasolina,39.4200,6
2024-09-17,RS,diesel_s10,571.3600,94
2024-09-17,RS,etanol,235.9200,50
2024-09-17,RS,gasolina,744.1900,121
2024-09-17,SC,diesel_s10,90.6200,15
2024-09-17,SC,etanol,65.0500,15
2024-09-17,SC,gasolina,174.2700,29
2024-09-17,SE,diesel_s10,36.0800,6
2024-09-17,SE,etanol,62.5900,13
2024-09-17,SE,gasolina,106.2200,17
2024-09-17,SP,diesel_s10,1384.2000,230
2024-09-17,SP,etanol,1332.1100,347
2024-09-17,SP,gasolina,2045.8300,348
2024-09-17,TO,diesel_s10,18.4100,3
2024-09-17,TO,etanol,24.2200,5
2024-09-17,TO,gasolina,33.2500,5
2024-09-18,AC,diesel_s10,38.0400,5
2024-09-18,AC,etanol,10.1300,2
2024-09-18,AC,gasolina,44.5000,6
2024-09-18,AL,diesel_s10,47.9200,8
2024-09-18,AL,etanol,49.4700,10
2024-09-18,AL,gasolina,62.6000,10
2024-09-18,AM,diesel_s10,44.3300,7
2024-09-18,AM,etanol,53.7700,11
2024-09-18,AM,gasolina,82.6800,12
2024-09-18,BA,diesel_s10,265.3900,45
2024-09-18,BA,etanol,248.4600,55
2024-09-18,BA,gasolina,339.5900,55
2024-09-18,CE,diesel_s10,69.1000,11
2024-09-18,CE,etanol,68.5500,13
2024-09-18,CE,gasolina,91.7600,14
2024-09-18,DF,diesel_s10,5.6700,1
2024-09-18,DF,etanol,4.2300,1
2024-09-18,DF,gasolina,6.0900,1
2024-09-18,ES,diesel_s10,108.8400,18
2024-09-18,ES,etanol,75.2700,17
2024-09-18,ES,gasolina,151.7300,24
2024-09-18,GO,diesel_s10,124.7000,21
2024-09-18,GO,etanol,120.8600,30
2024-09-18,GO,gasolina,175.4300,29
2024-09-18,MA,diesel_s10,174.2700,30
2024-09-18,MA,etanol,103.5000,22
2024-09-18,MA,gasolina,192.0000,32
2024-09-18,MG,diesel_s10,536.9500,90
2024-09-18,MG,etanol,494.5800,118
2024-09-18,MG,gasolina,742.7900,122
2024-09-18,MS,diesel_s10,38.8300,6
2024-09-18,MS,etanol,29.3600,7
2024-09-18,MS,gasolina,43.7700,7
2024-09-18,MT,diesel_s10,89.3000,14
2024-09-18,MT,etanol,84.8100,22
2024-09-18,MT,gasolina,149.7500,24
2024-09-18,PA,diesel_s10,36.5100,6
2024-09-18,PA,etanol,32.5300,7
2024-09-18,PA,gasolina,67.5500,11
2024-09-18,PB,diesel_s10,11.7700,2
2024-09-18,PB,etanol,24.5900,5
2024-09-18,PB,gasolina,30.5500,5
2024-09-18,PE,diesel_s10,230.7500,39
2024-09-18,PE,etanol,220.6300,47
2024-09-18,PE,gasolina,311.1000,50
2024-09-18,PI,diesel_s10,96.7900,16
2024-09-18,PI,etanol,91.4900,20
2024-09-18,PI,gasolina,168.7000,28
2024-09-18,PR,diesel_s10,42.2100,7
2024-09-18,PR,etanol,32.2800,8
2024-09-18,PR,gasolina,41.8500,7
2024-09-18,RJ,diesel_s10,236.8200,38
2024-09-18,RJ,etanol,229.4800,51
2024-09-18,RJ,gasolina,365.2600,59
2024-09-18,RN,diesel_s10,54.4900,9
2024-09-18,RN,etanol,72.0200,15
2024-09-18,RN,gasolina,101.9900,17
2024-09-18,RO,diesel_s10,25.2600,4
2024-09-18,RO,etanol,15.1200,3
2024-09-18,RO,gasolina,27.5500,4
2024-09-18,RR,diesel_s10,64.5300,10
2024-09-18,RR,etanol,9.6600,2
2024-09-18,RR,gasolina,72.2900,11
2024-09-18,RS,diesel_s10,410.3400,66
2024-09-18,RS,etanol,162.8600,33
2024-09-18,RS,gasolina,532.5100,85
2024-09-18,SC,diesel_s10,89.9600,15
2024-09-18,SC,etanol,63.7400,15
2024-09-18,SC,gasolina,130.5900,22
2024-09-18,SP,diesel_s10,793.0800,131
2024-09-18,SP,etanol,748.0400,193
2024-09-18,SP,gasolina,1158.5000,197
2024-09-18,TO,diesel_s10,11.8800,2
2024-09-18,TO,etanol,9.4800,2
2024-09-18,TO,gasolina,13.1700,2
2024-09-19,AC,diesel_s10,81.7900,11
2024-09-19,AC,etanol,45.3600,9
2024-09-19,AC,gasolina,94.7000,13
2024-09-19,AM,diesel_s10,103.7400,15
2024-09-19,AM,etanol,28.1500,6
2024-09-19,AM,gasolina,116.3800,16
2024-09-19,AP,diesel_s10,39.7100,6
2024-09-19,AP,etanol,9.7300,2
2024-09-19,AP,gasolina,99.9600,17
2024-09-19,BA,diesel_s10,189.8000,31
2024-09-19,BA,etanol,151.7600,34
2024-09-19,BA,gasolina,220.1400,36
2024-09-19,CE,diesel_s10,146.0300,23
2024-09-19,CE,etanol,94.7800,18
2024-09-19,CE,gasolina,142.8600,22
2024-09-19,GO,diesel_s10,91.1500,15
2024-09-19,GO,etanol,101.1200,25
2024-09-19,GO,gasolina,157.2000,26
2024-09-19,MA,diesel_s10,23.4800,4
2024-09-19,MA,etanol,14.5700,3
2024-09-19,MA,gasolina,30.7700,5
2024-09-19,MG,diesel_s10,473.6200,80
2024-09-19,MG,etanol,432.4800,104
2024-09-19,MG,gasolina,662.2600,109
2024-09-19,MT,diesel_s10,134.1800,22
2024-09-19,MT,etanol,104.8500,28
2024-09-19,MT,gasolina,168.1300,28
2024-09-19,PA,diesel_s10,24.8000,4
2024-09-19,PA,etanol,14.8100,3
2024-09-19,PA,gasolina,31.3000,5
2024-09-19,PE,diesel_s10,100.7000,17
2024-09-19,PE,etanol,76.1000,16
2024-09-19,PE,gasolina,111.3700,18
2024-09-19,PI,diesel_s10,92.1200,15
2024-09-19,PI,etanol,42.6700,9
2024-09-19,PI,gasolina,109.3400,18
2024-09-19,PR,diesel_s10,296.6200,49
2024-09-19,PR,etanol,308.0600,74
2024-09-19,PR,gasolina,441.8500,72
2024-09-19,RJ,diesel_s10,102.3100,17
2024-09-19,RJ,etanol,116.8400,27
2024-09-19,RJ,gasolina,170.5600,29
2024-09-19,RO,diesel_s10,6.8600,1
2024-09-19,RO,etanol,5.1000,1
2024-09-19,RO,gasolina,6.7200,1
2024-09-19,RS,diesel_s10,85.8500,14
2024-09-19,RS,etanol,23.7500,5
2024-09-19,RS,gasolina,91.7900,15
2024-09-19,SC,diesel_s10,24.8400,4
2024-09-19,SC,etanol,9.4100,2
2024-09-19,SC,gasolina,30.7100,5
2024-09-19,SP,diesel_s10,615.1700,102
2024-09-19,SP,etanol,550.4900,142
2024-09-19,SP,gasolina,843.6100,140
2024-09-19,TO,diesel_s10,47.2500,8
2024-09-19,TO,etanol,25.7300,6
2024-09-19,TO,gasolina,51.2300,8
2024-09-20,BA,diesel_s10,24.5600,4
2024-09-20,BA,etanol,18.9100,4
2024-09-20,BA,gasolina,31.7000,5
2024-09-20,CE,diesel_s10,56.6600,10
2024-09-20,CE,etanol,45.0100,9
2024-09-20,CE,gasolina,59.0500,10
2024-09-20,GO,diesel_s10,23.1600,4
2024-09-20,GO,etanol,12.3000,3
2024-09-20,GO,gasolina,24.5400,4
2024-09-20,MG,diesel_s10,35.4000,6
2024-09-20,MG,etanol,29.9800,7
2024-09-20,MG,gasolina,41.7000,7
2024-09-20,MS,diesel_s10,43.5300,7
2024-09-20,MS,etanol,27.6300,7
2024-09-20,MS,gasolina,53.7900,9
2024-09-20,PR,diesel_s10,82.3000,14
2024-09-20,PR,etanol,75.5300,18
2024-09-20,PR,gasolina,105.3700,17
2024-09-20,RN,diesel_s10,11.6200,2
2024-09-20,RN,etanol,8.9800,2
2024-09-20,RN,gasolina,12.1400,2
2024-09-20,SP,diesel_s10,12.0800,2
2024-09-20,SP,etanol,11.5500,3
2024-09-20,SP,gasolina,17.6600,3
2024-09-23,AL,diesel_s10,146.4800,23
2024-09-23,AL,etanol,152.7200,31
2024-09-23,AL,gasolina,213.5100,33
2024-09-23,AM,diesel_s10,133.7800,21
2024-09-23,AM,etanol,117.3000,24
2024-09-23,AM,gasolina,199.7800,29
2024-09-23,BA,diesel_s10,262.7700,42
2024-09-23,BA,etanol,286.0800,62
2024-09-23,BA,gasolina,432.9500,68
2024-09-23,CE,diesel_s10,257.1000,42
2024-09-23,CE,etanol,207.2600,41
2024-09-23,CE,gasolina,283.2000,46
2024-09-23,DF,diesel_s10,75.2000,13
2024-09-23,DF,etanol,75.9600,18
2024-09-23,DF,gasolina,146.2800,24
2024-09-23,ES,diesel_s10,71.1400,12
2024-09-23,ES,etanol,52.1500,12
2024-09-23,ES,gasolina,142.1100,23
2024-09-23,GO,diesel_s10,195.7500,33
2024-09-23,GO,etanol,200.5300,46
2024-09-23,GO,gasolina,317.5800,50
2024-09-23,MA,diesel_s10,193.7200,32
2024-09-23,MA,etanol,111.2400,23
2024-09-23,MA,gasolina,224.2800,36
2024-09-23,MG,diesel_s10,505.0800,85
2024-09-23,MG,etanol,426.6100,102
2024-09-23,MG,gasolina,664.3400,109
2024-09-23,MS,diesel_s10,123.6500,20
2024-09-23,MS,etanol,109.4000,27
2024-09-23,MS,gasolina,247.8600,40
2024-09-23,MT,diesel_s10,42.3400,7
2024-09-23,MT,etanol,47.1400,13
2024-09-23,MT,gasolina,77.9800,13
2024-09-23,PA,diesel_s10,192.8400,31
2024-09-23,PA,etanol,78.1600,17
2024-09-23,PA,gasolina,285.2000,46
2024-09-23,PB,diesel_s10,104.3100,18
2024-09-23,PB,etanol,132.1900,29
2024-09-23,PB,gasolina,200.8400,33
2024-09-23,PE,diesel_s10,278.0600,48
2024-09-23,PE,etanol,214.5900,48
2024-09-23,PE,gasolina,379.0200,63
2024-09-23,PI,diesel_s10,18.0700,3
2024-09-23,PI,etanol,31.6900,7
2024-09-23,PI,gasolina,47.3300,8
2024-09-23,PR,diesel_s10,255.1900,42
2024-09-23,PR,etanol,253.9200,60
2024-09-23,PR,gasolina,383.6000,62
2024-09-23,RJ,diesel_s10,724.3900,120
2024-09-23,RJ,etanol,748.8300,169
2024-09-23,RJ,gasolina,1060.8000,176
2024-09-23,RN,diesel_s10,51.5900,8
2024-09-23,RN,etanol,24.4900,5
2024-09-23,RN,gasolina,56.2200,9
2024-09-23,RO,diesel_s10,46.5500,7
2024-09-23,RO,etanol,15.7700,3
2024-09-23,RO,gasolina,51.4600,8
2024-09-23,RR,diesel_s10,32.1600,5
2024-09-23,RR,etanol,4.7900,1
2024-09-23,RR,gasolina,32.8500,5
2024-09-23,RS,diesel_s10,488.1100,81
2024-09-23,RS,etanol,207.3900,44
2024-09-23,RS,gasolina,668.1200,109
2024-09-23,SC,diesel_s10,403.6200,67
2024-09-23,SC,etanol,280.7300,63
2024-09-23,SC,gasolina,655.8800,107
2024-09-23,SE,diesel_s10,34.1400,6
2024-09-23,SE,etanol,23.9300,5
2024-09-23,SE,gasolina,49.1200,8
2024-09-23,SP,diesel_s10,2204.3100,366
2024-09-23,SP,etanol,2253.2000,585
2024-09-23,SP,gasolina,3487.1100,590
2024-09-23,TO,diesel_s10,167.5400,28
2024-09-23,TO,etanol,130.4700,28
2024-09-23,TO,gasolina,238.4700,37
2024-09-24,AL,diesel_s10,35.5700,6
2024-09-24,AL,etanol,43.6600,9
2024-09-24,AL,gasolina,56.0200,9
2024-09-24,AM,diesel_s10,6.3900,1
2024-09-24,AM,etanol,4.8900,1
2024-09-24,AM,gasolina,6.8900,1
2024-09-24,BA,diesel_s10,262.0400,44
2024-09-24,BA,etanol,225.3000,51
2024-09-24,BA,gasolina,317.2300,52
2024-09-24,CE,diesel_s10,107.4900,18
2024-09-24,CE,etanol,150.8200,30
2024-09-24,CE,gasolina,184.4000,31
2024-09-24,DF,diesel_s10,35.5500,6
2024-09-24,DF,etanol,33.6200,8
2024-09-24,DF,gasolina,147.0700,24
2024-09-24,ES,diesel_s10,113.0200,19
2024-09-24,ES,etanol,78.7200,18
2024-09-24,ES,gasolina,175.0600,28
2024-09-24,GO,diesel_s10,233.3000,39
2024-09-24,GO,etanol,231.6300,55
2024-09-24,GO,gasolina,361.0200,58
2024-09-24,MA,diesel_s10,148.3000,25
2024-09-24,MA,etanol,78.6900,16
2024-09-24,MA,gasolina,192.7700,32
2024-09-24,MG,diesel_s10,478.4600,80
2024-09-24,MG,etanol,487.6400,116
2024-09-24,MG,gasolina,737.2000,121
2024-09-24,MS,diesel_s10,31.0700,5
2024-09-24,MS,etanol,30.5300,8
2024-09-24,MS,gasolina,58.9300,10
2024-09-24,MT,diesel_s10,24.3600,4
2024-09-24,MT,etanol,38.9900,11
2024-09-24,MT,gasolina,65.4300,11
2024-09-24,PA,diesel_s10,53.6400,9
2024-09-24,PA,etanol,44.7300,10
2024-09-24,PA,gasolina,94.8100,16
2024-09-24,PB,diesel_s10,72.9400,12
2024-09-24,PB,etanol,43.2200,9
2024-09-24,PB,gasolina,97.0000,16
2024-09-24,PE,diesel_s10,155.9000,27
2024-09-24,PE,etanol,124.2300,28
2024-09-24,PE,gasolina,195.8000,33
2024-09-24,PI,diesel_s10,55.5000,9
2024-09-24,PI,etanol,36.7300,8
2024-09-24,PI,gasolina,83.6200,14
2024-09-24,PR,diesel_s10,201.2300,34
2024-09-24,PR,etanol,177.0200,42
2024-09-24,PR,gasolina,246.6000,41
2024-09-24,RJ,diesel_s10,340.6200,56
2024-09-24,RJ,etanol,386.2400,88
2024-09-24,RJ,gasolina,590.8500,98
2024-09-24,RN,diesel_s10,67.5600,11
2024-09-24,RN,etanol,93.8200,20
2024-09-24,RN,gasolina,108.9700,18
2024-09-24,RO,diesel_s10,114.8400,18
2024-09-24,RO,etanol,59.7600,12
2024-09-24,RO,gasolina,165.1400,24
2024-09-24,RR,diesel_s10,70.7400,11
2024-09-24,RR,etanol,4.7900,1
2024-09-24,RR,gasolina,78.8600,12
2024-09-24,RS,diesel_s10,476.0300,78
2024-09-24,RS,etanol,181.6100,39
2024-09-24,RS,gasolina,662.4800,109
2024-09-24,SC,diesel_s10,90.2000,15
2024-09-24,SC,etanol,57.3500,13
2024-09-24,SC,gasolina,121.1600,20
2024-09-24,SE,diesel_s10,81.7000,14
2024-09-24,SE,etanol,76.4500,16
2024-09-24,SE,gasolina,155.3000,25
2024-09-24,SP,diesel_s10,1263.7600,211
2024-09-24,SP,etanol,1167.6500,306
2024-09-24,SP,gasolina,1829.8700,312
2024-09-25,AC,diesel_s10,68.7900,9
2024-09-25,AC,etanol,15.1800,3
2024-09-25,AC,gasolina,59.7700,8
2024-09-25,AL,diesel_s10,35.5800,6
2024-09-25,AL,etanol,53.5700,11
2024-09-25,AL,gasolina,62.0400,10
2024-09-25,AM,diesel_s10,69.8000,10
2024-09-25,AM,etanol,34.2300,7
2024-09-25,AM,gasolina,115.6800,16
2024-09-25,AP,diesel_s10,71.5900,11
2024-09-25,AP,etanol,25.6700,5
2024-09-25,AP,gasolina,137.0900,23
2024-09-25,BA,diesel_s10,257.6000,43
2024-09-25,BA,etanol,208.5500,47
2024-09-25,BA,gasolina,270.0800,44
2024-09-25,CE,diesel_s10,63.6100,10
2024-09-25,CE,etanol,63.7700,12
2024-09-25,CE,gasolina,79.7200,12
2024-09-25,DF,diesel_s10,5.6700,1
2024-09-25,DF,etanol,4.2300,1
2024-09-25,DF,gasolina,6.0900,1
2024-09-25,ES,diesel_s10,79.7700,13
2024-09-25,ES,etanol,77.9600,18
2024-09-25,ES,gasolina,153.1500,25
2024-09-25,GO,diesel_s10,137.6300,23
2024-09-25,GO,etanol,113.2900,28
2024-09-25,GO,gasolina,168.4200,28
2024-09-25,MA,diesel_s10,192.3100,33
2024-09-25,MA,etanol,126.4600,27
2024-09-25,MA,gasolina,216.5700,36
2024-09-25,MG,diesel_s10,373.4200,63
2024-09-25,MG,etanol,354.0800,86
2024-09-25,MG,gasolina,538.0400,89
2024-09-25,MS,diesel_s10,6.3200,1
2024-09-25,MS,etanol,8.1800,2
2024-09-25,MS,gasolina,6.1900,1
2024-09-25,MT,diesel_s10,191.1700,31
2024-09-25,MT,etanol,145.4000,39
2024-09-25,MT,gasolina,236.2200,39
2024-09-25,PA,diesel_s10,154.2400,24
2024-09-25,PA,etanol,53.9200,11
2024-09-25,PA,gasolina,184.9500,29
2024-09-25,PB,etanol,4.5300,1
2024-09-25,PB,gasolina,6.0900,1
2024-09-25,PE,diesel_s10,188.5700,32
2024-09-25,PE,etanol,146.3500,31
2024-09-25,PE,gasolina,204.1000,33
2024-09-25,PI,diesel_s10,132.9600,22
2024-09-25,PI,etanol,81.2800,18
2024-09-25,PI,gasolina,174.1900,29
2024-09-25,PR,diesel_s10,278.8100,46
2024-09-25,PR,etanol,314.7900,73
2024-09-25,PR,gasolina,458.6200,74
2024-09-25,RJ,diesel_s10,65.6000,11
2024-09-25,RJ,etanol,78.4700,18
2024-09-25,RJ,gasolina,115.2500,19
2024-09-25,RN,diesel_s10,5.9800,1
2024-09-25,RN,etanol,4.1600,1
2024-09-25,RN,gasolina,5.9900,1
2024-09-25,RO,diesel_s10,19.2200,3
2024-09-25,RO,etanol,4.9900,1
2024-09-25,RO,gasolina,20.6700,3
2024-09-25,RS,diesel_s10,212.7900,35
2024-09-25,RS,etanol,115.8300,24
2024-09-25,RS,gasolina,303.7000,50
2024-09-25,SC,diesel_s10,59.8400,10
2024-09-25,SC,etanol,71.9800,17
2024-09-25,SC,gasolina,110.2800,19
2024-09-25,SP,diesel_s10,635.3700,106
2024-09-25,SP,etanol,535.2700,139
2024-09-25,SP,gasolina,873.5700,148
2024-09-25,TO,diesel_s10,58.8700,10
2024-09-25,TO,etanol,39.8600,9
2024-09-25,TO,gasolina,70.9900,11
2024-09-26,AM,diesel_s10,52.0100,8
2024-09-26,AM,etanol,28.1500,6
2024-09-26,AM,gasolina,54.9400,8
2024-09-26,BA,diesel_s10,227.4000,38
2024-09-26,BA,etanol,244.6600,53
2024-09-26,BA,gasolina,336.1700,53
2024-09-26,CE,diesel_s10,77.5800,12
2024-09-26,CE,etanol,59.3500,11
2024-09-26,CE,gasolina,98.6400,15
2024-09-26,ES,diesel_s10,36.0400,6
2024-09-26,ES,etanol,18.5200,4
2024-09-26,ES,gasolina,46.2300,7
2024-09-26,GO,diesel_s10,179.5100,30
2024-09-26,GO,etanol,172.6400,43
2024-09-26,GO,gasolina,251.6900,42
2024-09-26,MG,diesel_s10,589.0700,99
2024-09-26,MG,etanol,566.9000,135
2024-09-26,MG,gasolina,848.5400,139
2024-09-26,MS,diesel_s10,12.6400,2
2024-09-26,MS,etanol,12.2700,3
2024-09-26,MS,gasolina,18.4700,3
2024-09-26,MT,diesel_s10,70.2600,11
2024-09-26,MT,etanol,46.6600,12
2024-09-26,MT,gasolina,88.5500,14
2024-09-26,PA,gasolina,6.1500,1
2024-09-26,PE,diesel_s10,92.8400,16
2024-09-26,PE,etanol,83.5400,19
2024-09-26,PE,gasolina,110.7400,19
2024-09-26,PI,diesel_s10,43.7500,7
2024-09-26,PI,etanol,18.4200,4
2024-09-26,PI,gasolina,48.3700,8
2024-09-26,PR,diesel_s10,142.7200,24
2024-09-26,PR,etanol,149.1000,36
2024-09-26,PR,gasolina,193.7600,32
2024-09-26,RJ,diesel_s10,94.2500,15
2024-09-26,RJ,etanol,82.4100,18
2024-09-26,RJ,gasolina,136.5300,22
2024-09-26,RN,diesel_s10,48.6400,8
2024-09-26,RN,etanol,65.2700,13
2024-09-26,RN,gasolina,96.2600,15
2024-09-26,RO,diesel_s10,47.0700,7
2024-09-26,RO,etanol,10.0000,2
2024-09-26,RO,gasolina,60.7200,9
2024-09-26,RS,diesel_s10,128.5400,21
2024-09-26,RS,etanol,51.4900,11
2024-09-26,RS,gasolina,149.0500,24
2024-09-26,SC,diesel_s10,12.6400,2
2024-09-26,SC,etanol,5.2200,1
2024-09-26,SC,gasolina,12.4800,2
2024-09-26,SP,diesel_s10,487.0600,80
2024-09-26,SP,etanol,445.8600,113
2024-09-26,SP,gasolina,681.5300,114
2024-09-26,TO,diesel_s10,5.8000,1
2024-09-26,TO,etanol,3.9900,1
2024-09-26,TO,gasolina,12.4000,2
2024-09-27,BA,diesel_s10,12.1800,2
2024-09-27,BA,etanol,9.3200,2
2024-09-27,BA,gasolina,12.5200,2
2024-09-27,CE,diesel_s10,50.1100,9
2024-09-27,CE,etanol,44.3100,9
2024-09-27,CE,gasolina,51.6100,9
2024-09-27,MG,diesel_s10,11.7700,2
2024-09-27,MG,etanol,13.5900,3
2024-09-27,MG,gasolina,19.1900,3
2024-09-27,MS,diesel_s10,43.5100,7
2024-09-27,MS,etanol,23.5200,6
2024-09-27,MS,gasolina,47.7800,8
2024-09-27,MT,diesel_s10,11.8400,2
2024-09-27,MT,etanol,7.3800,2
2024-09-27,MT,gasolina,11.7800,2
2024-09-27,PE,diesel_s10,91.6000,16
2024-09-27,PE,etanol,63.2500,14
2024-09-27,PE,gasolina,93.3900,16
2024-09-27,PR,diesel_s10,149.7900,25
2024-09-27,PR,etanol,117.9100,28
2024-09-27,PR,gasolina,181.1900,29
2024-09-27,RJ,diesel_s10,6.1900,1
2024-09-27,RJ,gasolina,12.5800,2
2024-09-27,RS,diesel_s10,76.1300,12
2024-09-27,RS,etanol,22.9500,5
2024-09-27,RS,gasolina,78.9800,12
2024-09-27,SP,diesel_s10,30.0400,5
2024-09-27,SP,etanol,19.0000,5
2024-09-27,SP,gasolina,29.4200,5
2024-09-30,AC,diesel_s10,22.5100,3
2024-09-30,AC,etanol,15.1100,3
2024-09-30,AC,gasolina,29.4400,4
2024-09-30,AL,diesel_s10,211.8900,34
2024-09-30,AL,etanol,241.0700,50
2024-09-30,AL,gasolina,335.5800,53
2024-09-30,AM,diesel_s10,101.4400,16
2024-09-30,AM,etanol,87.9600,18
2024-09-30,AM,gasolina,158.4500,23
2024-09-30,AP,diesel_s10,6.3400,1
2024-09-30,AP,etanol,5.1900,1
2024-09-30,AP,gasolina,5.9700,1
2024-09-30,BA,diesel_s10,708.2800,117
2024-09-30,BA,etanol,664.6600,146
2024-09-30,BA,gasolina,958.8600,153
2024-09-30,CE,diesel_s10,247.8200,41
2024-09-30,CE,etanol,211.5200,42
2024-09-30,CE,gasolina,254.1000,42
2024-09-30,DF,diesel_s10,75.4000,13
2024-09-30,DF,etanol,73.5800,18
2024-09-30,DF,gasolina,151.2300,25
2024-09-30,ES,diesel_s10,161.4800,27
2024-09-30,ES,etanol,114.0300,26
2024-09-30,ES,gasolina,253.8800,41
2024-09-30,GO,diesel_s10,533.9900,90
2024-09-30,GO,etanol,516.6100,125
2024-09-30,GO,gasolina,778.9600,127
2024-09-30,MA,diesel_s10,301.6200,50
2024-09-30,MA,etanol,153.0400,31
2024-09-30,MA,gasolina,371.5100,60
2024-09-30,MG,diesel_s10,942.6700,158
2024-09-30,MG,etanol,797.5100,194
2024-09-30,MG,gasolina,1225.5900,203
2024-09-30,MS,diesel_s10,75.5100,12
2024-09-30,MS,etanol,67.7600,16
2024-09-30,MS,gasolina,174.1500,27
2024-09-30,MT,diesel_s10,61.7000,10
2024-09-30,MT,etanol,58.8600,16
2024-09-30,MT,gasolina,96.9400,16
2024-09-30,PA,diesel_s10,283.4700,44
2024-09-30,PA,etanol,103.1400,22
2024-09-30,PA,gasolina,367.8100,58
2024-09-30,PB,diesel_s10,139.9000,24
2024-09-30,PB,etanol,141.4300,31
2024-09-30,PB,gasolina,243.2500,40
2024-09-30,PE,diesel_s10,535.5700,93
2024-09-30,PE,etanol,411.0200,94
2024-09-30,PE,gasolina,646.4500,111
2024-09-30,PI,diesel_s10,109.1500,18
2024-09-30,PI,etanol,76.6200,17
2024-09-30,PI,gasolina,179.5200,30
2024-09-30,PR,diesel_s10,282.0700,47
2024-09-30,PR,etanol,253.5300,61
2024-09-30,PR,gasolina,389.5000,64
2024-09-30,RJ,diesel_s10,741.0300,123
2024-09-30,RJ,etanol,754.1400,173
2024-09-30,RJ,gasolina,1051.0500,176
2024-09-30,RN,diesel_s10,77.9600,13
2024-09-30,RN,etanol,112.5600,24
2024-09-30,RN,gasolina,150.0400,24
2024-09-30,RO,diesel_s10,161.6400,25
2024-09-30,RO,etanol,70.3000,14
2024-09-30,RO,gasolina,195.1300,29
2024-09-30,RR,diesel_s10,64.3800,10
2024-09-30,RR,etanol,14.4500,3
2024-09-30,RR,gasolina,65.7000,10
2024-09-30,RS,diesel_s10,867.3900,143
2024-09-30,RS,etanol,380.2200,80
2024-09-30,RS,gasolina,1215.5900,199
2024-09-30,SC,diesel_s10,542.0200,90
2024-09-30,SC,etanol,375.9600,85
2024-09-30,SC,gasolina,846.2500,139
2024-09-30,SE,diesel_s10,81.7000,14
2024-09-30,SE,etanol,75.9400,16
2024-09-30,SE,gasolina,155.3000,25
2024-09-30,SP,diesel_s10,2571.6600,427
2024-09-30,SP,etanol,2520.6000,652
2024-09-30,SP,gasolina,3912.4700,660
2024-09-30,TO,diesel_s10,71.8400,12
2024-09-30,TO,etanol,59.6400,13
2024-09-30,TO,gasolina,121.1700,19
2024-10-01,AM,etanol,4.8900,1
2024-10-01,AM,gasolina,6.8900,1
2024-10-01,AP,diesel_s10,6.6900,1
2024-10-01,AP,gasolina,6.0900,1
2024-10-01,BA,diesel_s10,226.7600,37
2024-10-01,BA,etanol,179.4500,40
2024-10-01,BA,gasolina,253.3400,41
2024-10-01,CE,diesel_s10,118.9400,20
2024-10-01,CE,etanol,126.9200,26
2024-10-01,CE,gasolina,174.7500,30
2024-10-01,DF,diesel_s10,29.5600,5
2024-10-01,DF,etanol,33.2600,8
2024-10-01,DF,gasolina,139.7700,23
2024-10-01,ES,diesel_s10,105.0300,17
2024-10-01,ES,etanol,86.9700,20
2024-10-01,ES,gasolina,172.2300,28
2024-10-01,GO,diesel_s10,62.3700,10
2024-10-01,GO,etanol,60.7600,14
2024-10-01,GO,gasolina,89.1600,14
2024-10-01,MA,diesel_s10,50.6200,9
2024-10-01,MA,etanol,31.6600,7
2024-10-01,MA,gasolina,55.2800,10
2024-10-01,MG,diesel_s10,324.2500,55
2024-10-01,MG,etanol,309.1300,73
2024-10-01,MG,gasolina,491.5800,80
2024-10-01,MS,diesel_s10,60.4600,10
2024-10-01,MS,etanol,33.2000,9
2024-10-01,MS,gasolina,102.5100,18
2024-10-01,MT,diesel_s10,118.4400,20
2024-10-01,MT,etanol,95.4300,27
2024-10-01,MT,gasolina,158.7500,27
2024-10-01,PA,diesel_s10,100.7500,17
2024-10-01,PA,etanol,63.2900,14
2024-10-01,PA,gasolina,148.4400,25
2024-10-01,PB,diesel_s10,48.6700,8
2024-10-01,PB,etanol,28.3000,6
2024-10-01,PB,gasolina,53.8500,9
2024-10-01,PE,diesel_s10,63.1600,11
2024-10-01,PE,etanol,30.8900,7
2024-10-01,PE,gasolina,81.9900,13
2024-10-01,PI,diesel_s10,55.9800,9
2024-10-01,PI,etanol,33.0600,7
2024-10-01,PI,gasolina,73.0700,12
2024-10-01,PR,diesel_s10,226.4800,38
2024-10-01,PR,etanol,233.2300,56
2024-10-01,PR,gasolina,333.0900,55
2024-10-01,RJ,diesel_s10,247.9200,40
2024-10-01,RJ,etanol,295.1700,67
2024-10-01,RJ,gasolina,489.3000,81
2024-10-01,RN,diesel_s10,83.0800,13
2024-10-01,RN,etanol,60.6100,13
2024-10-01,RN,gasolina,105.6500,17
2024-10-01,RO,diesel_s10,54.6300,8
2024-10-01,RO,etanol,20.2600,4
2024-10-01,RO,gasolina,96.1600,14
2024-10-01,RR,diesel_s10,32.2600,5
2024-10-01,RR,gasolina,32.8500,5
2024-10-01,RS,diesel_s10,182.8400,30
2024-10-01,RS,etanol,62.2100,13
2024-10-01,RS,gasolina,207.8500,34
2024-10-01,SC,diesel_s10,11.1800,2
2024-10-01,SC,etanol,8.2800,2
2024-10-01,SC,gasolina,11.4800,2
2024-10-01,SP,diesel_s10,866.4000,144
2024-10-01,SP,etanol,788.7500,204
2024-10-01,SP,gasolina,1238.9300,210
2024-10-02,AC,diesel_s10,37.5000,5
2024-10-02,AC,etanol,40.1400,8
2024-10-02,AC,gasolina,65.1400,9
2024-10-02,AM,diesel_s10,63.5000,10
2024-10-02,AM,etanol,58.7600,12
2024-10-02,AM,gasolina,96.4600,14
2024-10-02,AP,diesel_s10,12.4500,2
2024-10-02,AP,etanol,14.6700,3
2024-10-02,AP,gasolina,99.7600,17
2024-10-02,BA,diesel_s10,82.4000,14
2024-10-02,BA,etanol,76.2800,17
2024-10-02,BA,gasolina,105.3500,17
2024-10-02,CE,diesel_s10,5.5900,1
2024-10-02,CE,etanol,4.9900,1
2024-10-02,CE,gasolina,5.9900,1
2024-10-02,DF,diesel_s10,5.6700,1
2024-10-02,DF,etanol,4.1100,1
2024-10-02,DF,gasolina,6.0900,1
2024-10-02,ES,diesel_s10,59.9400,10
2024-10-02,ES,etanol,31.1500,7
2024-10-02,ES,gasolina,69.7200,11
2024-10-02,GO,diesel_s10,59.0300,10
2024-10-02,GO,etanol,66.3500,15
2024-10-02,GO,gasolina,102.7900,16
2024-10-02,MA,diesel_s10,102.1700,18
2024-10-02,MA,etanol,61.7900,14
2024-10-02,MA,gasolina,102.1000,18
2024-10-02,MG,diesel_s10,373.9500,62
2024-10-02,MG,etanol,372.4800,89
2024-10-02,MG,gasolina,548.3800,90
2024-10-02,MS,diesel_s10,75.6900,12
2024-10-02,MS,etanol,52.5800,13
2024-10-02,MS,gasolina,97.8800,16
2024-10-02,MT,diesel_s10,102.6500,16
2024-10-02,MT,etanol,94.1500,25
2024-10-02,MT,gasolina,146.8200,24
2024-10-02,PA,diesel_s10,50.2500,8
2024-10-02,PA,etanol,29.3900,6
2024-10-02,PA,gasolina,62.5800,10
2024-10-02,PB,etanol,4.4900,1
2024-10-02,PB,gasolina,6.0700,1
2024-10-02,PE,diesel_s10,63.3300,11
2024-10-02,PE,etanol,62.5900,15
2024-10-02,PE,gasolina,92.0000,16
2024-10-02,PI,diesel_s10,65.8700,11
2024-10-02,PI,etanol,60.2000,13
2024-10-02,PI,gasolina,101.9700,17
2024-10-02,PR,diesel_s10,328.7000,55
2024-10-02,PR,etanol,341.2100,79
2024-10-02,PR,gasolina,478.6000,77
2024-10-02,RJ,diesel_s10,54.2300,9
2024-10-02,RJ,etanol,43.6900,10
2024-10-02,RJ,gasolina,67.3800,11
2024-10-02,RN,diesel_s10,24.9800,4
2024-10-02,RN,etanol,33.5800,7
2024-10-02,RN,gasolina,36.7600,6
2024-10-02,RR,diesel_s10,12.8300,2
2024-10-02,RR,etanol,4.7900,1
2024-10-02,RR,gasolina,13.1400,2
2024-10-02,RS,diesel_s10,209.9600,34
2024-10-02,RS,etanol,101.7000,21
2024-10-02,RS,gasolina,295.5100,47
2024-10-02,SC,diesel_s10,31.2800,5
2024-10-02,SC,etanol,22.6400,5
2024-10-02,SC,gasolina,56.2200,9
2024-10-02,SP,diesel_s10,454.7400,75
2024-10-02,SP,etanol,417.3900,108
2024-10-02,SP,gasolina,668.2300,113
2024-10-02,TO,diesel_s10,65.0200,11
2024-10-02,TO,etanol,39.6000,9
2024-10-02,TO,gasolina,70.0300,11
2024-10-03,AC,diesel_s10,30.9200,4
2024-10-03,AC,etanol,5.2400,1
2024-10-03,AC,gasolina,30.1200,4
2024-10-03,AM,diesel_s10,59.1200,8
2024-10-03,AM,gasolina,61.4400,8
2024-10-03,AP,diesel_s10,26.2100,4
2024-10-03,AP,gasolina,23.9900,4
2024-10-03,BA,diesel_s10,136.2600,23
2024-10-03,BA,etanol,124.7200,27
2024-10-03,BA,gasolina,171.6600,27
2024-10-03,CE,diesel_s10,236.2900,37
2024-10-03,CE,etanol,183.1200,35
2024-10-03,CE,gasolina,278.5300,43
2024-10-03,GO,diesel_s10,95.9500,16
2024-10-03,GO,etanol,95.5400,23
2024-10-03,GO,gasolina,135.0800,22
2024-10-03,MA,diesel_s10,66.5100,11
2024-10-03,MA,etanol,30.8900,6
2024-10-03,MA,gasolina,72.8100,11
2024-10-03,MG,diesel_s10,298.0600,51
2024-10-03,MG,etanol,277.1200,65
2024-10-03,MG,gasolina,417.6700,68
2024-10-03,MS,diesel_s10,12.5600,2
2024-10-03,MS,etanol,8.1900,2
2024-10-03,MS,gasolina,12.3300,2
2024-10-03,MT,diesel_s10,38.1700,6
2024-10-03,MT,etanol,26.2900,7
2024-10-03,MT,gasolina,57.6000,9
2024-10-03,PE,diesel_s10,101.1600,17
2024-10-03,PE,etanol,81.1500,17
2024-10-03,PE,gasolina,113.5300,18
2024-10-03,PR,diesel_s10,155.8900,26
2024-10-03,PR,etanol,157.0300,38
2024-10-03,PR,gasolina,211.6800,35
2024-10-03,RJ,diesel_s10,97.5500,16
2024-10-03,RJ,etanol,116.3600,25
2024-10-03,RJ,gasolina,182.6100,29
2024-10-03,RS,diesel_s10,193.5800,32
2024-10-03,RS,etanol,75.4400,16
2024-10-03,RS,gasolina,267.0000,43
2024-10-03,SC,diesel_s10,30.2700,5
2024-10-03,SC,etanol,4.5900,1
2024-10-03,SC,gasolina,37.1000,6
2024-10-03,SP,diesel_s10,555.3100,92
2024-10-03,SP,etanol,524.2000,135
2024-10-03,SP,gasolina,857.5100,143
2024-10-03,TO,diesel_s10,72.0300,12
2024-10-03,TO,etanol,66.4000,14
2024-10-03,TO,gasolina,104.6100,16
2024-10-04,MG,diesel_s10,6.1800,1
2024-10-04,MG,etanol,12.7300,3
2024-10-04,MG,gasolina,18.5600,3
2024-10-04,MT,diesel_s10,5.8900,1
2024-10-04,MT,etanol,7.7800,2
2024-10-04,MT,gasolina,12.4800,2
2024-10-04,PR,diesel_s10,107.1300,18
2024-10-04,PR,etanol,89.0600,21
2024-10-04,PR,gasolina,137.3800,22
2024-10-04,RJ,diesel_s10,18.4600,3
2024-10-04,RJ,etanol,21.3400,5
2024-10-04,RJ,gasolina,29.2900,5
2024-10-04,RO,diesel_s10,6.7600,1
2024-10-04,RO,gasolina,6.8800,1
2024-10-04,RS,diesel_s10,11.6800,2
2024-10-04,RS,etanol,4.3700,1
2024-10-04,RS,gasolina,12.3000,2
2024-10-04,TO,etanol,14.4700,3
2024-10-04,TO,gasolina,19.7700,3
2024-10-07,AL,diesel_s10,109.3500,17
2024-10-07,AL,etanol,121.9900,25
2024-10-07,AL,gasolina,174.3300,27
2024-10-07,AM,diesel_s10,95.5500,15
2024-10-07,AM,etanol,92.7300,19
2024-10-07,AM,gasolina,151.2600,22
2024-10-07,AP,diesel_s10,6.6900,1
2024-10-07,AP,gasolina,6.0900,1
2024-10-07,BA,diesel_s10,120.9000,20
2024-10-07,BA,etanol,108.8500,24
2024-10-07,BA,gasolina,147.3000,23
2024-10-07,CE,diesel_s10,234.6100,39
2024-10-07,CE,etanol,205.6400,42
2024-10-07,CE,gasolina,274.9200,46
2024-10-07,DF,diesel_s10,87.2700,15
2024-10-07,DF,etanol,77.8100,19
2024-10-07,DF,gasolina,187.1400,31
2024-10-07,ES,diesel_s10,72.2000,12
2024-10-07,ES,etanol,53.3500,12
2024-10-07,ES,gasolina,118.9100,19
2024-10-07,GO,diesel_s10,318.9100,54
2024-10-07,GO,etanol,316.2400,75
2024-10-07,GO,gasolina,490.3200,78
2024-10-07,MA,diesel_s10,116.1300,19
2024-10-07,MA,etanol,67.7400,14
2024-10-07,MA,gasolina,150.6000,24
2024-10-07,MG,diesel_s10,522.9300,88
2024-10-07,MG,etanol,464.6300,111
2024-10-07,MG,gasolina,707.4300,116
2024-10-07,MS,diesel_s10,97.1200,15
2024-10-07,MS,etanol,63.5500,15
2024-10-07,MS,gasolina,162.0300,25
2024-10-07,MT,diesel_s10,92.7300,15
2024-10-07,MT,etanol,83.3500,23
2024-10-07,MT,gasolina,139.0400,23
2024-10-07,PA,diesel_s10,176.0800,28
2024-10-07,PA,etanol,70.3700,15
2024-10-07,PA,gasolina,230.3400,37
2024-10-07,PB,diesel_s10,109.5400,19
2024-10-07,PB,etanol,124.8900,28
2024-10-07,PB,gasolina,200.0900,33
2024-10-07,PE,diesel_s10,267.6100,47
2024-10-07,PE,etanol,224.3200,54
2024-10-07,PE,gasolina,360.1800,63
2024-10-07,PI,diesel_s10,84.3300,14
2024-10-07,PI,etanol,46.2200,10
2024-10-07,PI,gasolina,120.7600,20
2024-10-07,PR,diesel_s10,210.8800,35
2024-10-07,PR,etanol,232.4300,55
2024-10-07,PR,gasolina,369.4000,60
2024-10-07,RJ,diesel_s10,597.6400,99
2024-10-07,RJ,etanol,611.2300,139
2024-10-07,RJ,gasolina,850.6300,142
2024-10-07,RN,diesel_s10,43.6400,7
2024-10-07,RN,etanol,48.3200,10
2024-10-07,RN,gasolina,59.3800,9
2024-10-07,RO,diesel_s10,83.7800,13
2024-10-07,RO,etanol,45.0300,9
2024-10-07,RO,gasolina,87.4300,13
2024-10-07,RR,diesel_s10,19.3700,3
2024-10-07,RR,etanol,4.7900,1
2024-10-07,RR,gasolina,19.7100,3
2024-10-07,RS,diesel_s10,404.2500,67
2024-10-07,RS,etanol,209.8300,45
2024-10-07,RS,gasolina,621.4800,103
2024-10-07,SC,diesel_s10,464.0500,77
2024-10-07,SC,etanol,313.9600,70
2024-10-07,SC,gasolina,742.6900,119
2024-10-07,SE,diesel_s10,53.1100,9
2024-10-07,SE,etanol,65.3800,14
2024-10-07,SE,gasolina,124.5800,20
2024-10-07,SP,diesel_s10,1966.6300,326
2024-10-07,SP,etanol,1996.6000,520
2024-10-07,SP,gasolina,3067.3200,520
2024-10-07,TO,diesel_s10,125.9400,21
2024-10-07,TO,etanol,97.3700,21
2024-10-07,TO,gasolina,187.8100,29
2024-10-08,AC,gasolina,7.1800,1
2024-10-08,AL,diesel_s10,53.5000,9
2024-10-08,AL,etanol,56.7100,12
2024-10-08,AL,gasolina,73.9900,12
2024-10-08,AM,diesel_s10,19.1700,3
2024-10-08,AM,etanol,14.6700,3
2024-10-08,AM,gasolina,27.5600,4
2024-10-08,AP,diesel_s10,25.3800,4
2024-10-08,AP,etanol,20.2400,4
2024-10-08,AP,gasolina,99.5100,17
2024-10-08,BA,diesel_s10,365.3700,61
2024-10-08,BA,etanol,359.9500,78
2024-10-08,BA,gasolina,502.9000,79
2024-10-08,CE,diesel_s10,181.5300,30
2024-10-08,CE,etanol,173.9300,35
2024-10-08,CE,gasolina,222.7900,37
2024-10-08,DF,diesel_s10,17.6900,3
2024-10-08,DF,etanol,29.2300,7
2024-10-08,DF,gasolina,102.7400,17
2024-10-08,ES,diesel_s10,127.2300,21
2024-10-08,ES,etanol,93.6900,21
2024-10-08,ES,gasolina,222.3400,35
2024-10-08,GO,diesel_s10,171.9800,29
2024-10-08,GO,etanol,156.0400,38
2024-10-08,GO,gasolina,231.7200,38
2024-10-08,MA,diesel_s10,25.1100,4
2024-10-08,MA,etanol,15.2200,3
2024-10-08,MA,gasolina,25.5400,4
2024-10-08,MG,diesel_s10,540.5600,91
2024-10-08,MG,etanol,586.8700,140
2024-10-08,MG,gasolina,890.0400,146
2024-10-08,MS,diesel_s10,78.9100,13
2024-10-08,MS,etanol,64.1100,17
2024-10-08,MS,gasolina,137.6700,24
2024-10-08,MT,diesel_s10,112.2400,18
2024-10-08,MT,etanol,88.2000,24
2024-10-08,MT,gasolina,144.8900,24
2024-10-08,PA,diesel_s10,138.8100,23
2024-10-08,PA,etanol,67.1600,15
2024-10-08,PA,gasolina,190.8200,32
2024-10-08,PB,diesel_s10,73.1700,12
2024-10-08,PB,etanol,42.4600,9
2024-10-08,PB,gasolina,97.7100,16
2024-10-08,PE,diesel_s10,120.6800,21
2024-10-08,PE,etanol,73.1200,17
2024-10-08,PE,gasolina,150.9000,25
2024-10-08,PI,diesel_s10,42.6100,7
2024-10-08,PI,etanol,31.4400,7
2024-10-08,PI,gasolina,59.5900,10
2024-10-08,PR,diesel_s10,219.5300,37
2024-10-08,PR,etanol,214.9000,51
2024-10-08,PR,gasolina,316.4200,52
2024-10-08,RJ,diesel_s10,350.0100,57
2024-10-08,RJ,etanol,404.5900,91
2024-10-08,RJ,gasolina,649.8000,107
2024-10-08,RN,diesel_s10,59.2700,9
2024-10-08,RN,etanol,44.9100,9
2024-10-08,RN,gasolina,77.4300,12
2024-10-08,RO,diesel_s10,52.7500,8
2024-10-08,RO,etanol,29.9400,6
2024-10-08,RO,gasolina,116.7200,17
2024-10-08,RR,diesel_s10,32.3800,5
2024-10-08,RR,gasolina,33.0900,5
2024-10-08,RS,diesel_s10,367.6100,60
2024-10-08,RS,etanol,168.3100,35
2024-10-08,RS,gasolina,521.7900,85
2024-10-08,SC,diesel_s10,113.7700,19
2024-10-08,SC,etanol,69.1500,15
2024-10-08,SC,gasolina,137.5400,22
2024-10-08,SP,diesel_s10,1397.6400,233
2024-10-08,SP,etanol,1318.1900,341
2024-10-08,SP,gasolina,2026.2800,343
2024-10-08,TO,diesel_s10,23.2500,4
2024-10-08,TO,etanol,23.5500,5
2024-10-08,TO,gasolina,32.9400,5
2024-10-09,AL,diesel_s10,41.2200,7
2024-10-09,AL,etanol,55.9900,12
2024-10-09,AL,gasolina,85.3300,14
2024-10-09,AM,diesel_s10,44.3300,7
2024-10-09,AM,etanol,54.0700,11
2024-10-09,AM,gasolina,75.7900,11
2024-10-09,AP,diesel_s10,6.5100,1
2024-10-09,AP,gasolina,6.0500,1
2024-10-09,BA,diesel_s10,321.9600,53
2024-10-09,BA,etanol,287.5100,64
2024-10-09,BA,gasolina,410.2800,66
2024-10-09,CE,diesel_s10,135.4600,22
2024-10-09,CE,etanol,114.5900,22
2024-10-09,CE,gasolina,154.1000,25
2024-10-09,DF,diesel_s10,5.6700,1
2024-10-09,DF,etanol,4.0400,1
2024-10-09,DF,gasolina,5.9700,1
2024-10-09,ES,diesel_s10,35.8000,6
2024-10-09,ES,etanol,36.3400,8
2024-10-09,ES,gasolina,64.3200,10
2024-10-09,GO,diesel_s10,129.3900,21
2024-10-09,GO,etanol,143.6600,35
2024-10-09,GO,gasolina,207.6100,34
2024-10-09,MA,diesel_s10,321.1900,55
2024-10-09,MA,etanol,163.7300,35
2024-10-09,MA,gasolina,351.6400,59
2024-10-09,MG,diesel_s10,519.1500,86
2024-10-09,MG,etanol,446.9000,109
2024-10-09,MG,gasolina,677.2300,112
2024-10-09,MS,diesel_s10,5.9900,1
2024-10-09,MS,etanol,12.5300,3
2024-10-09,MS,gasolina,25.1200,4
2024-10-09,MT,diesel_s10,101.0800,17
2024-10-09,MT,etanol,80.1300,23
2024-10-09,MT,gasolina,135.8100,23
2024-10-09,PA,diesel_s10,118.9700,18
2024-10-09,PA,etanol,53.6800,11
2024-10-09,PA,gasolina,163.9500,25
2024-10-09,PB,etanol,4.3900,1
2024-10-09,PB,gasolina,6.0500,1
2024-10-09,PE,diesel_s10,258.5300,45
2024-10-09,PE,etanol,193.6900,45
2024-10-09,PE,gasolina,307.4900,53
2024-10-09,PI,diesel_s10,49.1700,8
2024-10-09,PI,etanol,50.0600,11
2024-10-09,PI,gasolina,100.7700,17
2024-10-09,PR,diesel_s10,280.1000,46
2024-10-09,PR,etanol,260.5700,61
2024-10-09,PR,gasolina,388.5000,63
2024-10-09,RJ,diesel_s10,241.4300,39
2024-10-09,RJ,etanol,224.8800,51
2024-10-09,RJ,gasolina,350.0400,57
2024-10-09,RN,diesel_s10,25.2500,4
2024-10-09,RN,etanol,20.5600,4
2024-10-09,RN,gasolina,32.4100,5
2024-10-09,RO,diesel_s10,74.7800,11
2024-10-09,RO,etanol,15.9800,3
2024-10-09,RO,gasolina,106.9400,16
2024-10-09,RR,diesel_s10,52.6300,8
2024-10-09,RR,etanol,9.7000,2
2024-10-09,RR,gasolina,59.7300,9
2024-10-09,RS,diesel_s10,433.0500,71
2024-10-09,RS,etanol,165.2400,35
2024-10-09,RS,gasolina,544.2700,87
2024-10-09,SC,diesel_s10,36.8200,6
2024-10-09,SC,etanol,17.8600,4
2024-10-09,SC,gasolina,49.4500,8
2024-10-09,SP,diesel_s10,891.0100,147
2024-10-09,SP,etanol,828.3800,212
2024-10-09,SP,gasolina,1282.1400,216
2024-10-09,TO,diesel_s10,71.1100,12
2024-10-09,TO,etanol,43.9700,10
2024-10-09,TO,gasolina,76.3500,12
2024-10-10,AC,diesel_s10,134.6100,18
2024-10-10,AC,etanol,70.5800,14
2024-10-10,AC,gasolina,153.5600,21
2024-10-10,AM,diesel_s10,51.7300,7
2024-10-10,AM,gasolina,61.4400,8
2024-10-10,AP,diesel_s10,26.0900,4
2024-10-10,AP,etanol,5.1900,1
2024-10-10,AP,gasolina,23.8700,4
2024-10-10,BA,diesel_s10,156.5400,26
2024-10-10,BA,etanol,126.2700,28
2024-10-10,BA,gasolina,182.3300,29
2024-10-10,CE,diesel_s10,100.8100,16
2024-10-10,CE,etanol,99.5000,19
2024-10-10,CE,gasolina,141.9700,22
2024-10-10,ES,diesel_s10,42.1300,7
2024-10-10,ES,etanol,28.2000,6
2024-10-10,ES,gasolina,59.3100,9
2024-10-10,GO,diesel_s10,73.3400,12
2024-10-10,GO,etanol,71.8000,18
2024-10-10,GO,gasolina,107.3600,18
2024-10-10,MA,diesel_s10,34.7400,6
2024-10-10,MA,etanol,4.7900,1
2024-10-10,MA,gasolina,35.8300,6
2024-10-10,MG,diesel_s10,322.7800,55
2024-10-10,MG,etanol,298.9900,70
2024-10-10,MG,gasolina,460.6800,75
2024-10-10,MT,diesel_s10,32.2200,5
2024-10-10,MT,etanol,26.7000,7
2024-10-10,MT,gasolina,57.9000,9
2024-10-10,PE,diesel_s10,143.1100,24
2024-10-10,PE,etanol,101.0600,21
2024-10-10,PE,gasolina,153.1400,24
2024-10-10,PI,diesel_s10,56.0300,9
2024-10-10,PI,etanol,27.8100,6
2024-10-10,PI,gasolina,73.6100,12
2024-10-10,PR,diesel_s10,239.7800,40
2024-10-10,PR,etanol,234.1600,57
2024-10-10,PR,gasolina,348.5700,57
2024-10-10,RJ,diesel_s10,5.8900,1
2024-10-10,RJ,etanol,15.2700,3
2024-10-10,RJ,gasolina,19.7700,3
2024-10-10,RN,diesel_s10,60.9200,10
2024-10-10,RN,etanol,89.1500,18
2024-10-10,RN,gasolina,122.2800,19
2024-10-10,RS,diesel_s10,179.9100,29
2024-10-10,RS,etanol,63.0200,13
2024-10-10,RS,gasolina,208.2000,34
2024-10-10,SC,diesel_s10,29.6900,5
2024-10-10,SC,etanol,13.0200,3
2024-10-10,SC,gasolina,30.8300,5
2024-10-10,SP,diesel_s10,373.2200,62
2024-10-10,SP,etanol,353.5600,92
2024-10-10,SP,gasolina,546.8400,92
2024-10-10,TO,diesel_s10,17.3500,3
2024-10-10,TO,etanol,13.3700,3
2024-10-10,TO,gasolina,25.0400,4
2024-10-11,GO,diesel_s10,11.7800,2
2024-10-11,GO,etanol,11.9500,3
2024-10-11,GO,gasolina,17.7300,3
2024-10-11,MA,diesel_s10,5.6900,1
2024-10-11,MA,etanol,4.6900,1
2024-10-11,MA,gasolina,5.5700,1
2024-10-11,MG,diesel_s10,29.6900,5
2024-10-11,MG,etanol,30.7900,8
2024-10-11,MG,gasolina,46.8200,8
2024-10-11,PR,diesel_s10,70.2200,12
2024-10-11,PR,etanol,82.0500,19
2024-10-11,PR,gasolina,110.8600,18
2024-10-11,RJ,diesel_s10,18.4600,3
2024-10-11,RJ,etanol,21.1400,5
2024-10-11,RJ,gasolina,29.2900,5
2024-10-11,RS,etanol,4.6900,1
2024-10-11,RS,gasolina,6.1900,1
2024-10-11,SP,diesel_s10,24.0600,4
2024-10-11,SP,etanol,15.1600,4
2024-10-11,SP,gasolina,23.0600,4
2024-10-13,MG,diesel_s10,41.9900,7
2024-10-13,MG,etanol,38.9400,10
2024-10-13,MG,gasolina,52.2800,9
2024-10-14,AL,diesel_s10,115.8800,18
2024-10-14,AL,etanol,111.8100,23
2024-10-14,AL,gasolina,161.8500,25
2024-10-14,AM,diesel_s10,104.5400,16
2024-10-14,AM,etanol,90.7000,18
2024-10-14,AM,gasolina,160.3500,23
2024-10-14,AP,diesel_s10,44.9900,7
2024-10-14,AP,etanol,4.7900,1
2024-10-14,AP,gasolina,99.9200,17
2024-10-14,BA,diesel_s10,243.5000,40
2024-10-14,BA,etanol,216.6400,47
2024-10-14,BA,gasolina,312.8700,49
2024-10-14,CE,diesel_s10,180.5100,31
2024-10-14,CE,etanol,174.2500,36
2024-10-14,CE,gasolina,227.6500,39
2024-10-14,DF,diesel_s10,104.1300,18
2024-10-14,DF,etanol,84.6200,21
2024-10-14,DF,gasolina,173.9700,29
2024-10-14,ES,diesel_s10,212.3200,35
2024-10-14,ES,etanol,157.0900,36
2024-10-14,ES,gasolina,332.2200,53
2024-10-14,GO,diesel_s10,195.3200,33
2024-10-14,GO,etanol,211.5300,51
2024-10-14,GO,gasolina,327.8600,53
2024-10-14,MA,diesel_s10,172.6800,29
2024-10-14,MA,etanol,115.1400,25
2024-10-14,MA,gasolina,216.8800,36
2024-10-14,MG,diesel_s10,499.0100,84
2024-10-14,MG,etanol,436.1300,104
2024-10-14,MG,gasolina,704.0400,115
2024-10-14,MS,diesel_s10,84.0100,14
2024-10-14,MS,etanol,65.4700,17
2024-10-14,MS,gasolina,149.8200,25
2024-10-14,MT,diesel_s10,88.4500,14
2024-10-14,MT,etanol,57.1000,15
2024-10-14,MT,gasolina,91.7300,15
2024-10-14,PA,diesel_s10,182.0000,29
2024-10-14,PA,etanol,70.3700,15
2024-10-14,PA,gasolina,237.3200,38
2024-10-14,PB,diesel_s10,127.5300,22
2024-10-14,PB,etanol,138.3800,31
2024-10-14,PB,gasolina,236.9800,39
2024-10-14,PE,diesel_s10,150.2300,26
2024-10-14,PE,etanol,119.5200,28
2024-10-14,PE,gasolina,218.3400,37
2024-10-14,PI,diesel_s10,24.2600,4
2024-10-14,PI,etanol,27.1600,6
2024-10-14,PI,gasolina,52.9100,9
2024-10-14,PR,diesel_s10,336.7300,56
2024-10-14,PR,etanol,366.6100,86
2024-10-14,PR,gasolina,529.4800,86
2024-10-14,RJ,diesel_s10,630.9500,104
2024-10-14,RJ,etanol,669.1600,152
2024-10-14,RJ,gasolina,965.9400,161
2024-10-14,RN,diesel_s10,52.0800,8
2024-10-14,RN,etanol,50.2500,11
2024-10-14,RN,gasolina,89.1400,14
2024-10-14,RR,diesel_s10,33.6500,5
2024-10-14,RR,etanol,4.9000,1
2024-10-14,RR,gasolina,33.4500,5
2024-10-14,RS,diesel_s10,540.8900,88
2024-10-14,RS,etanol,285.8000,60
2024-10-14,RS,gasolina,800.8600,131
2024-10-14,SC,diesel_s10,438.9300,73
2024-10-14,SC,etanol,315.6100,71
2024-10-14,SC,gasolina,706.0700,113
2024-10-14,SE,diesel_s10,58.5100,10
2024-10-14,SE,etanol,23.8100,5
2024-10-14,SE,gasolina,73.6800,12
2024-10-14,SP,diesel_s10,1841.0700,306
2024-10-14,SP,etanol,1905.6300,495
2024-10-14,SP,gasolina,2929.4500,495
2024-10-14,TO,diesel_s10,36.5400,6
2024-10-14,TO,etanol,28.0600,6
2024-10-14,TO,gasolina,60.0900,9
2024-10-15,AL,diesel_s10,60.0900,10
2024-10-15,AL,etanol,66.7600,14
2024-10-15,AL,gasolina,92.7600,15
2024-10-15,AM,diesel_s10,64.8000,10
2024-10-15,AM,etanol,75.2300,15
2024-10-15,AM,gasolina,118.6300,17
2024-10-15,BA,diesel_s10,284.1600,46
2024-10-15,BA,etanol,241.1700,53
2024-10-15,BA,gasolina,337.4200,54
2024-10-15,CE,diesel_s10,228.6500,37
2024-10-15,CE,etanol,190.3900,38
2024-10-15,CE,gasolina,288.5200,47
2024-10-15,DF,diesel_s10,23.7400,4
2024-10-15,DF,etanol,25.2800,6
2024-10-15,DF,gasolina,120.7000,20
2024-10-15,ES,diesel_s10,96.1600,16
2024-10-15,ES,etanol,81.0800,18
2024-10-15,ES,gasolina,155.0500,24
2024-10-15,GO,diesel_s10,199.6100,33
2024-10-15,GO,etanol,204.3400,49
2024-10-15,GO,gasolina,303.8000,49
2024-10-15,MA,diesel_s10,22.6900,4
2024-10-15,MA,etanol,13.4200,3
2024-10-15,MA,gasolina,22.9300,4
2024-10-15,MG,diesel_s10,359.5200,61
2024-10-15,MG,etanol,373.7900,90
2024-10-15,MG,gasolina,558.5600,92
2024-10-15,MS,diesel_s10,97.3100,15
2024-10-15,MS,etanol,90.8900,22
2024-10-15,MS,gasolina,175.3700,28
2024-10-15,MT,diesel_s10,66.5700,11
2024-10-15,MT,etanol,69.5800,19
2024-10-15,MT,gasolina,113.4300,19
2024-10-15,PA,diesel_s10,184.3900,29
2024-10-15,PA,etanol,73.3100,16
2024-10-15,PA,gasolina,225.5100,36
2024-10-15,PB,diesel_s10,118.0400,20
2024-10-15,PB,etanol,82.9100,20
2024-10-15,PB,gasolina,143.8600,24
2024-10-15,PE,diesel_s10,218.3900,38
2024-10-15,PE,etanol,175.8300,42
2024-10-15,PE,gasolina,286.7700,49
2024-10-15,PI,diesel_s10,114.8000,19
2024-10-15,PI,etanol,86.1300,19
2024-10-15,PI,gasolina,203.3700,34
2024-10-15,PR,diesel_s10,252.2100,42
2024-10-15,PR,etanol,208.3700,51
2024-10-15,PR,gasolina,312.4900,52
2024-10-15,RJ,diesel_s10,203.9500,34
2024-10-15,RJ,etanol,256.5800,59
2024-10-15,RJ,gasolina,406.1900,68
2024-10-15,RN,diesel_s10,13.2800,2
2024-10-15,RN,etanol,30.0400,6
2024-10-15,RN,gasolina,25.7900,4
2024-10-15,RO,diesel_s10,107.1900,16
2024-10-15,RO,etanol,53.2300,10
2024-10-15,RO,gasolina,157.9700,22
2024-10-15,RR,diesel_s10,13.3800,2
2024-10-15,RR,gasolina,13.3800,2
2024-10-15,RS,diesel_s10,389.7500,65
2024-10-15,RS,etanol,168.4300,36
2024-10-15,RS,gasolina,476.7500,79
2024-10-15,SC,diesel_s10,61.7700,10
2024-10-15,SC,etanol,28.9900,6
2024-10-15,SC,gasolina,67.8400,11
2024-10-15,SE,diesel_s10,48.3600,8
2024-10-15,SE,etanol,73.8300,16
2024-10-15,SE,gasolina,105.9700,17
2024-10-15,SP,diesel_s10,1382.2100,229
2024-10-15,SP,etanol,1313.5600,340
2024-10-15,SP,gasolina,2052.6200,349
2024-10-15,TO,diesel_s10,41.2400,7
2024-10-15,TO,etanol,26.6800,6
2024-10-15,TO,gasolina,50.1500,8
2024-10-16,AC,diesel_s10,76.7900,10
2024-10-16,AC,etanol,30.7900,6
2024-10-16,AC,gasolina,89.6600,12
2024-10-16,AL,diesel_s10,46.9500,8
2024-10-16,AL,etanol,51.0200,11
2024-10-16,AL,gasolina,79.0400,13
2024-10-16,AP,diesel_s10,19.9400,3
2024-10-16,AP,etanol,5.1900,1
2024-10-16,AP,gasolina,18.1300,3
2024-10-16,BA,diesel_s10,259.5000,43
2024-10-16,BA,etanol,265.9500,58
2024-10-16,BA,gasolina,392.5400,62
2024-10-16,CE,diesel_s10,107.4600,18
2024-10-16,CE,etanol,105.8400,21
2024-10-16,CE,gasolina,145.6500,24
2024-10-16,DF,diesel_s10,5.6700,1
2024-10-16,DF,etanol,4.0900,1
2024-10-16,DF,gasolina,6.2500,1
2024-10-16,ES,diesel_s10,11.8800,2
2024-10-16,ES,etanol,14.0600,3
2024-10-16,ES,gasolina,20.6200,3
2024-10-16,GO,diesel_s10,125.5100,21
2024-10-16,GO,etanol,117.8900,29
2024-10-16,GO,gasolina,187.3200,31
2024-10-16,MA,diesel_s10,191.8000,33
2024-10-16,MA,etanol,93.5400,20
2024-10-16,MA,gasolina,236.0700,40
2024-10-16,MG,diesel_s10,678.3400,113
2024-10-16,MG,etanol,592.4700,143
2024-10-16,MG,gasolina,920.3800,152
2024-10-16,MS,diesel_s10,36.5400,6
2024-10-16,MS,etanol,26.7900,7
2024-10-16,MS,gasolina,59.7200,10
2024-10-16,MT,diesel_s10,146.0800,24
2024-10-16,MT,etanol,116.8100,31
2024-10-16,MT,gasolina,186.9000,31
2024-10-16,PA,diesel_s10,62.1700,10
2024-10-16,PA,etanol,42.6100,9
2024-10-16,PA,gasolina,105.0500,17
2024-10-16,PB,etanol,4.3900,1
2024-10-16,PB,gasolina,6.0500,1
2024-10-16,PE,diesel_s10,182.2200,31
2024-10-16,PE,etanol,123.4700,28
2024-10-16,PE,gasolina,191.8900,32
2024-10-16,PI,diesel_s10,5.8900,1
2024-10-16,PI,etanol,4.4500,1
2024-10-16,PI,gasolina,5.8500,1
2024-10-16,PR,diesel_s10,199.7000,33
2024-10-16,PR,etanol,219.6700,51
2024-10-16,PR,gasolina,349.3400,56
2024-10-16,RJ,diesel_s10,170.7800,28
2024-10-16,RJ,etanol,151.9500,35
2024-10-16,RJ,gasolina,236.5200,39
2024-10-16,RN,diesel_s10,37.5400,6
2024-10-16,RN,etanol,33.5500,7
2024-10-16,RN,gasolina,52.3100,8
2024-10-16,RO,diesel_s10,108.4400,16
2024-10-16,RO,etanol,31.5900,6
2024-10-16,RO,gasolina,109.3200,16
2024-10-16,RR,diesel_s10,67.5100,10
2024-10-16,RR,etanol,9.8200,2
2024-10-16,RR,gasolina,67.0400,10
2024-10-16,RS,diesel_s10,382.3500,62
2024-10-16,RS,etanol,182.4900,38
2024-10-16,RS,gasolina,547.9300,89
2024-10-16,SC,diesel_s10,91.8700,15
2024-10-16,SC,etanol,35.9900,8
2024-10-16,SC,gasolina,105.0400,17
2024-10-16,SP,diesel_s10,819.2500,138
2024-10-16,SP,etanol,773.9700,202
2024-10-16,SP,gasolina,1218.6500,208
2024-10-17,AC,diesel_s10,60.1600,8
2024-10-17,AC,etanol,39.3500,8
2024-10-17,AC,gasolina,73.9100,10
2024-10-17,AM,diesel_s10,63.3200,8
2024-10-17,AM,gasolina,63.6100,8
2024-10-17,AP,diesel_s10,19.2600,3
2024-10-17,AP,gasolina,17.8700,3
2024-10-17,BA,diesel_s10,211.5800,35
2024-10-17,BA,etanol,162.6400,37
2024-10-17,BA,gasolina,205.5900,33
2024-10-17,CE,diesel_s10,116.2800,18
2024-10-17,CE,etanol,112.9300,21
2024-10-17,CE,gasolina,132.4700,20
2024-10-17,ES,diesel_s10,5.9900,1
2024-10-17,ES,etanol,14.1700,3
2024-10-17,ES,gasolina,26.3600,4
2024-10-17,GO,diesel_s10,125.6800,21
2024-10-17,GO,etanol,146.7500,35
2024-10-17,GO,gasolina,205.2900,33
2024-10-17,MA,diesel_s10,122.4400,20
2024-10-17,MA,etanol,65.7200,13
2024-10-17,MA,gasolina,130.0500,20
2024-10-17,MG,diesel_s10,313.8000,54
2024-10-17,MG,etanol,284.3400,68
2024-10-17,MG,gasolina,424.1100,70
2024-10-17,MT,diesel_s10,38.7100,6
2024-10-17,MT,etanol,26.7600,7
2024-10-17,MT,gasolina,58.9000,9
2024-10-17,PE,diesel_s10,111.3700,19
2024-10-17,PE,etanol,97.6200,21
2024-10-17,PE,gasolina,131.9700,21
2024-10-17,PI,diesel_s10,79.9500,13
2024-10-17,PI,etanol,37.7700,8
2024-10-17,PI,gasolina,90.7300,15
2024-10-17,PR,diesel_s10,232.1600,39
2024-10-17,PR,etanol,235.6900,58
2024-10-17,PR,gasolina,326.2600,54
2024-10-17,RJ,diesel_s10,54.2900,9
2024-10-17,RJ,etanol,60.1200,13
2024-10-17,RJ,gasolina,93.6300,15
2024-10-17,RN,diesel_s10,48.5400,8
2024-10-17,RN,etanol,73.6900,15
2024-10-17,RN,gasolina,102.2700,16
2024-10-17,RO,diesel_s10,41.2500,6
2024-10-17,RO,etanol,5.1000,1
2024-10-17,RO,gasolina,49.0800,7
2024-10-17,RS,diesel_s10,61.6300,10
2024-10-17,RS,etanol,14.4200,3
2024-10-17,RS,gasolina,79.8200,13
2024-10-17,SC,diesel_s10,59.4100,10
2024-10-17,SC,etanol,60.7000,13
2024-10-17,SC,gasolina,89.8800,14
2024-10-17,SP,diesel_s10,542.7600,89
2024-10-17,SP,etanol,525.1100,132
2024-10-17,SP,gasolina,815.3500,135
2024-10-17,TO,diesel_s10,88.7000,15
2024-10-17,TO,etanol,62.1800,14
2024-10-17,TO,gasolina,126.2000,20
2024-10-18,BA,diesel_s10,39.1600,6
2024-10-18,BA,etanol,39.6000,9
2024-10-18,BA,gasolina,56.2300,9
2024-10-18,GO,diesel_s10,17.6500,3
2024-10-18,GO,etanol,22.2700,5
2024-10-18,GO,gasolina,32.2700,5
2024-10-18,MG,diesel_s10,91.2500,15
2024-10-18,MG,etanol,77.2600,19
2024-10-18,MG,gasolina,114.5700,19
2024-10-18,PB,diesel_s10,12.0800,2
2024-10-18,PB,etanol,8.1800,2
2024-10-18,PB,gasolina,12.0800,2
2024-10-18,PE,diesel_s10,46.3900,8
2024-10-18,PE,etanol,35.9200,8
2024-10-18,PE,gasolina,49.0600,8
2024-10-18,PR,diesel_s10,40.9000,7
2024-10-18,PR,etanol,46.7600,10
2024-10-18,PR,gasolina,63.5600,10
2024-10-18,RN,etanol,4.8400,1
2024-10-18,RN,gasolina,6.4500,1
2024-10-18,RS,diesel_s10,53.8700,9
2024-10-18,RS,etanol,18.8600,4
2024-10-18,RS,gasolina,65.3900,11
2024-10-18,SP,diesel_s10,31.0600,5
2024-10-18,SP,etanol,30.1300,8
2024-10-18,SP,gasolina,41.7000,7
2024-10-20,SP,etanol,3.4900,1
2024-10-20,SP,gasolina,5.8900,1
2024-10-21,AL,diesel_s10,156.6200,25
2024-10-21,AL,etanol,158.0500,33
2024-10-21,AL,gasolina,221.8300,35
2024-10-21,AP,diesel_s10,6.7800,1
2024-10-21,AP,gasolina,6.1300,1
2024-10-21,BA,diesel_s10,202.5600,33
2024-10-21,BA,etanol,186.0300,40
2024-10-21,BA,gasolina,281.7000,44
2024-10-21,CE,diesel_s10,247.8800,41
2024-10-21,CE,etanol,200.0700,40
2024-10-21,CE,gasolina,266.3400,44
2024-10-21,DF,diesel_s10,98.2400,17
2024-10-21,DF,etanol,82.2300,20
2024-10-21,DF,gasolina,180.5500,29
2024-10-21,ES,diesel_s10,218.5400,36
2024-10-21,ES,etanol,184.3100,42
2024-10-21,ES,gasolina,338.2600,54
2024-10-21,GO,diesel_s10,230.7400,39
2024-10-21,GO,etanol,230.1900,54
2024-10-21,GO,gasolina,352.5500,56
2024-10-21,MA,diesel_s10,122.9700,20
2024-10-21,MA,etanol,87.4300,18
2024-10-21,MA,gasolina,138.9200,22
2024-10-21,MG,diesel_s10,623.6300,105
2024-10-21,MG,etanol,551.7400,134
2024-10-21,MG,gasolina,882.2500,146
2024-10-21,MS,diesel_s10,87.9800,14
2024-10-21,MS,etanol,78.2400,19
2024-10-21,MS,gasolina,186.6200,30
2024-10-21,MT,diesel_s10,175.0800,28
2024-10-21,MT,etanol,131.8400,35
2024-10-21,MT,gasolina,213.4200,35
2024-10-21,PA,diesel_s10,225.8400,35
2024-10-21,PA,etanol,81.3700,17
2024-10-21,PA,gasolina,275.7100,43
2024-10-21,PB,diesel_s10,115.4500,20
2024-10-21,PB,etanol,131.8600,30
2024-10-21,PB,gasolina,230.0700,38
2024-10-21,PE,diesel_s10,155.4700,27
2024-10-21,PE,etanol,164.0700,37
2024-10-21,PE,gasolina,274.1500,45
2024-10-21,PI,diesel_s10,6.2900,1
2024-10-21,PI,etanol,8.8400,2
2024-10-21,PI,gasolina,23.3700,4
2024-10-21,PR,diesel_s10,286.0400,48
2024-10-21,PR,etanol,288.0400,67
2024-10-21,PR,gasolina,432.4600,70
2024-10-21,RJ,diesel_s10,613.9700,101
2024-10-21,RJ,etanol,636.5100,145
2024-10-21,RJ,gasolina,916.9500,153
2024-10-21,RN,diesel_s10,132.3200,21
2024-10-21,RN,etanol,144.4000,30
2024-10-21,RN,gasolina,210.2000,33
2024-10-21,RR,diesel_s10,27.4000,4
2024-10-21,RR,etanol,9.9500,2
2024-10-21,RR,gasolina,27.3200,4
2024-10-21,RS,diesel_s10,565.7700,93
2024-10-21,RS,etanol,272.9600,57
2024-10-21,RS,gasolina,781.1100,128
2024-10-21,SC,diesel_s10,519.9100,86
2024-10-21,SC,etanol,335.2800,75
2024-10-21,SC,gasolina,751.7900,120
2024-10-21,SE,diesel_s10,110.0800,19
2024-10-21,SE,etanol,98.9300,22
2024-10-21,SE,gasolina,178.1400,30
2024-10-21,SP,diesel_s10,2224.5100,368
2024-10-21,SP,etanol,2253.6000,580
2024-10-21,SP,gasolina,3455.3200,582
2024-10-21,TO,diesel_s10,18.3200,3
2024-10-21,TO,etanol,23.3500,5
2024-10-21,TO,gasolina,46.5500,7
2024-10-22,AL,diesel_s10,35.6300,6
2024-10-22,AL,etanol,37.4400,8
2024-10-22,AL,gasolina,48.9100,8
2024-10-22,AM,diesel_s10,94.5500,15
2024-10-22,AM,etanol,80.3000,16
2024-10-22,AM,gasolina,153.6600,22
2024-10-22,AP,diesel_s10,59.3800,9
2024-10-22,AP,etanol,9.7300,2
2024-10-22,AP,gasolina,106.2100,18
2024-10-22,BA,diesel_s10,279.9500,46
2024-10-22,BA,etanol,236.0700,53
2024-10-22,BA,gasolina,348.5400,56
2024-10-22,CE,diesel_s10,91.4600,15
2024-10-22,CE,etanol,121.0900,24
2024-10-22,CE,gasolina,157.7400,26
2024-10-22,DF,diesel_s10,29.6300,5
2024-10-22,DF,etanol,24.7600,6
2024-10-22,DF,gasolina,124.5800,20
2024-10-22,ES,diesel_s10,53.7700,9
2024-10-22,ES,etanol,44.4300,10
2024-10-22,ES,gasolina,109.1400,17
2024-10-22,GO,diesel_s10,178.8800,30
2024-10-22,GO,etanol,176.3700,43
2024-10-22,GO,gasolina,275.5300,45
2024-10-22,MA,diesel_s10,185.3900,31
2024-10-22,MA,etanol,79.2000,16
2024-10-22,MA,gasolina,232.9700,38
2024-10-22,MG,diesel_s10,556.5400,93
2024-10-22,MG,etanol,533.5500,127
2024-10-22,MG,gasolina,844.1900,138
2024-10-22,MS,diesel_s10,75.5100,12
2024-10-22,MS,etanol,52.6800,13
2024-10-22,MS,gasolina,98.3100,16
2024-10-22,MT,diesel_s10,42.4600,7
2024-10-22,MT,etanol,39.8300,11
2024-10-22,MT,gasolina,65.4800,11
2024-10-22,PA,diesel_s10,158.3900,26
2024-10-22,PA,etanol,67.6800,15
2024-10-22,PA,gasolina,206.5000,34
2024-10-22,PB,diesel_s10,111.3900,19
2024-10-22,PB,etanol,82.2700,20
2024-10-22,PB,gasolina,131.8900,22
2024-10-22,PE,diesel_s10,214.7500,37
2024-10-22,PE,etanol,144.8300,33
2024-10-22,PE,gasolina,236.6500,39
2024-10-22,PI,diesel_s10,103.3900,17
2024-10-22,PI,etanol,91.2500,20
2024-10-22,PI,gasolina,172.4400,29
2024-10-22,PR,diesel_s10,330.6900,55
2024-10-22,PR,etanol,308.5500,72
2024-10-22,PR,gasolina,443.4500,72
2024-10-22,RJ,diesel_s10,204.7500,34
2024-10-22,RJ,etanol,269.7200,62
2024-10-22,RJ,gasolina,416.5200,70
2024-10-22,RN,diesel_s10,36.6900,6
2024-10-22,RN,etanol,42.4800,9
2024-10-22,RN,gasolina,57.6500,9
2024-10-22,RO,diesel_s10,87.8000,13
2024-10-22,RO,etanol,36.8800,7
2024-10-22,RO,gasolina,130.2600,18
2024-10-22,RR,diesel_s10,34.2500,5
2024-10-22,RR,gasolina,34.1500,5
2024-10-22,RS,diesel_s10,363.1700,59
2024-10-22,RS,etanol,151.0900,32
2024-10-22,RS,gasolina,486.5700,80
2024-10-22,SC,diesel_s10,66.9500,11
2024-10-22,SC,etanol,67.3700,14
2024-10-22,SC,gasolina,165.6900,26
2024-10-22,SP,diesel_s10,1194.5800,198
2024-10-22,SP,etanol,1118.6600,290
2024-10-22,SP,gasolina,1716.2600,292
2024-10-22,TO,diesel_s10,59.5800,10
2024-10-22,TO,etanol,40.2200,9
2024-10-22,TO,gasolina,81.3600,13
2024-10-23,AC,diesel_s10,76.8800,10
2024-10-23,AC,etanol,31.2000,6
2024-10-23,AC,gasolina,82.3100,11
2024-10-23,AL,diesel_s10,29.1800,5
2024-10-23,AL,etanol,41.4400,9
2024-10-23,AL,gasolina,54.7700,9
2024-10-23,AM,diesel_s10,61.6000,10
2024-10-23,AM,etanol,65.0500,13
2024-10-23,AM,gasolina,111.8300,16
2024-10-23,AP,diesel_s10,19.8300,3
2024-10-23,AP,etanol,5.1900,1
2024-10-23,AP,gasolina,18.0800,3
2024-10-23,BA,diesel_s10,411.0800,67
2024-10-23,BA,etanol,332.1900,75
2024-10-23,BA,gasolina,456.9700,75
2024-10-23,CE,diesel_s10,213.7900,34
2024-10-23,CE,etanol,173.8200,34
2024-10-23,CE,gasolina,237.6400,38
2024-10-23,DF,diesel_s10,5.6700,1
2024-10-23,DF,etanol,4.0900,1
2024-10-23,DF,gasolina,6.2500,1
2024-10-23,ES,diesel_s10,53.9100,9
2024-10-23,ES,etanol,41.8600,9
2024-10-23,ES,gasolina,86.3000,13
2024-10-23,GO,diesel_s10,130.0900,22
2024-10-23,GO,etanol,144.2500,34
2024-10-23,GO,gasolina,225.9200,36
2024-10-23,MA,diesel_s10,213.2500,37
2024-10-23,MA,etanol,145.5800,32
2024-10-23,MA,gasolina,245.7700,42
2024-10-23,MG,diesel_s10,535.5100,90
2024-10-23,MG,etanol,536.5800,128
2024-10-23,MG,gasolina,786.8300,129
2024-10-23,MS,diesel_s10,41.7100,7
2024-10-23,MS,etanol,41.5300,11
2024-10-23,MS,gasolina,80.5500,14
2024-10-23,MT,diesel_s10,76.8200,13
2024-10-23,MT,etanol,64.3700,17
2024-10-23,MT,gasolina,101.1900,17
2024-10-23,PA,diesel_s10,69.8100,11
2024-10-23,PA,etanol,38.1300,8
2024-10-23,PA,gasolina,95.2100,15
2024-10-23,PB,diesel_s10,11.9800,2
2024-10-23,PB,etanol,13.8600,3
2024-10-23,PB,gasolina,18.2700,3
2024-10-23,PE,diesel_s10,288.4800,49
2024-10-23,PE,etanol,200.9500,43
2024-10-23,PE,gasolina,336.6100,54
2024-10-23,PI,diesel_s10,84.8300,14
2024-10-23,PI,etanol,46.3300,10
2024-10-23,PI,gasolina,96.1700,16
2024-10-23,PR,diesel_s10,187.0700,31
2024-10-23,PR,etanol,180.6100,43
2024-10-23,PR,gasolina,265.6700,43
2024-10-23,RJ,diesel_s10,274.3700,45
2024-10-23,RJ,etanol,262.9700,59
2024-10-23,RJ,gasolina,398.1700,65
2024-10-23,RN,diesel_s10,41.5900,7
2024-10-23,RN,etanol,39.7400,9
2024-10-23,RN,gasolina,55.9000,9
2024-10-23,RO,diesel_s10,120.2400,18
2024-10-23,RO,etanol,42.3100,8
2024-10-23,RO,gasolina,117.5200,17
2024-10-23,RR,diesel_s10,54.9000,8
2024-10-23,RR,etanol,4.9900,1
2024-10-23,RR,gasolina,54.6400,8
2024-10-23,RS,diesel_s10,350.7500,57
2024-10-23,RS,etanol,166.0500,35
2024-10-23,RS,gasolina,484.0500,79
2024-10-23,SC,diesel_s10,47.4700,8
2024-10-23,SC,etanol,39.2500,9
2024-10-23,SC,gasolina,60.6600,10
2024-10-23,SP,diesel_s10,395.1700,66
2024-10-23,SP,etanol,430.7500,110
2024-10-23,SP,gasolina,693.3400,117
2024-10-23,TO,diesel_s10,153.6800,26
2024-10-23,TO,etanol,104.6600,23
2024-10-23,TO,gasolina,181.6900,28
2024-10-24,AC,diesel_s10,7.6900,1
2024-10-24,AC,etanol,5.4900,1
2024-10-24,AC,gasolina,7.4900,1
2024-10-24,AM,diesel_s10,55.9300,7
2024-10-24,AM,gasolina,55.9300,7
2024-10-24,AP,diesel_s10,6.2500,1
2024-10-24,AP,gasolina,5.8300,1
2024-10-24,BA,diesel_s10,215.5100,35
2024-10-24,BA,etanol,203.8400,45
2024-10-24,BA,gasolina,308.3200,49
2024-10-24,CE,diesel_s10,89.2000,14
2024-10-24,CE,etanol,95.0600,18
2024-10-24,CE,gasolina,131.0900,20
2024-10-24,ES,diesel_s10,6.3900,1
2024-10-24,ES,etanol,4.7900,1
2024-10-24,ES,gasolina,6.5900,1
2024-10-24,GO,diesel_s10,131.2500,22
2024-10-24,GO,etanol,126.2500,32
2024-10-24,GO,gasolina,190.3100,32
2024-10-24,MA,diesel_s10,24.0300,4
2024-10-24,MA,gasolina,31.6200,5
2024-10-24,MG,diesel_s10,221.1900,38
2024-10-24,MG,etanol,202.2100,49
2024-10-24,MG,gasolina,288.3800,48
2024-10-24,MT,diesel_s10,57.4800,9
2024-10-24,MT,etanol,42.5800,11
2024-10-24,MT,gasolina,82.4000,13
2024-10-24,PE,diesel_s10,41.6100,7
2024-10-24,PE,etanol,30.3100,6
2024-10-24,PE,gasolina,46.7300,7
2024-10-24,PI,diesel_s10,36.7900,6
2024-10-24,PI,etanol,22.7500,5
2024-10-24,PI,gasolina,61.2800,10
2024-10-24,PR,diesel_s10,224.6700,38
2024-10-24,PR,etanol,242.5900,58
2024-10-24,PR,gasolina,341.2000,56
2024-10-24,RJ,diesel_s10,56.6000,9
2024-10-24,RJ,etanol,54.0100,12
2024-10-24,RJ,gasolina,92.5700,15
2024-10-24,RO,diesel_s10,64.3100,9
2024-10-24,RO,etanol,15.7200,3
2024-10-24,RO,gasolina,84.3300,12
2024-10-24,RS,diesel_s10,116.6700,19
2024-10-24,RS,etanol,38.7200,8
2024-10-24,RS,gasolina,140.5200,23
2024-10-24,SP,diesel_s10,751.4600,125
2024-10-24,SP,etanol,695.1900,179
2024-10-24,SP,gasolina,1090.3200,182
2024-10-24,TO,diesel_s10,11.6900,2
2024-10-24,TO,etanol,4.6900,1
2024-10-24,TO,gasolina,12.4500,2
2024-10-25,MG,diesel_s10,17.6000,3
2024-10-25,MG,etanol,21.4500,5
2024-10-25,MG,gasolina,31.0500,5
2024-10-25,MT,diesel_s10,6.2900,1
2024-10-25,MT,etanol,7.9800,2
2024-10-25,MT,gasolina,12.3800,2
2024-10-25,PB,diesel_s10,11.9700,2
2024-10-25,PB,etanol,8.0800,2
2024-10-25,PB,gasolina,11.9800,2
2024-10-25,PR,diesel_s10,36.7400,6
2024-10-25,PR,etanol,24.3400,6
2024-10-25,PR,gasolina,36.3400,6
2024-10-25,RJ,diesel_s10,24.4600,4
2024-10-25,RJ,etanol,21.0500,5
2024-10-25,RJ,gasolina,29.5500,5
2024-10-25,RS,diesel_s10,24.5100,4
2024-10-25,RS,gasolina,36.1900,6
2024-10-25,SP,diesel_s10,22.7900,4
2024-10-25,SP,etanol,14.7100,4
2024-10-25,SP,gasolina,23.0100,4
2024-10-28,AC,diesel_s10,91.8100,12
2024-10-28,AC,etanol,30.6400,6
2024-10-28,AC,gasolina,82.5200,11
2024-10-28,AL,diesel_s10,130.0300,21
2024-10-28,AL,etanol,138.3300,29
2024-10-28,AL,gasolina,208.7000,33
2024-10-28,AM,diesel_s10,106.5300,17
2024-10-28,AM,etanol,95.3700,19
2024-10-28,AM,gasolina,160.5500,23
2024-10-28,AP,diesel_s10,33.5100,5
2024-10-28,AP,etanol,14.6700,3
2024-10-28,AP,gasolina,99.6300,17
2024-10-28,BA,diesel_s10,205.7000,34
2024-10-28,BA,etanol,183.3400,41
2024-10-28,BA,gasolina,293.0100,47
2024-10-28,CE,diesel_s10,101.0300,16
2024-10-28,CE,etanol,81.9100,16
2024-10-28,CE,gasolina,118.7500,19
2024-10-28,DF,diesel_s10,98.6900,17
2024-10-28,DF,etanol,81.6800,20
2024-10-28,DF,gasolina,185.4500,30
2024-10-28,ES,diesel_s10,138.5400,23
2024-10-28,ES,etanol,115.9300,26
2024-10-28,ES,gasolina,242.0300,38
2024-10-28,GO,diesel_s10,189.7600,32
2024-10-28,GO,etanol,165.4900,40
2024-10-28,GO,gasolina,265.0800,43
2024-10-28,MA,diesel_s10,214.9100,36
2024-10-28,MA,etanol,135.0900,29
2024-10-28,MA,gasolina,251.6200,42
2024-10-28,MG,diesel_s10,376.5300,64
2024-10-28,MG,etanol,345.3900,83
2024-10-28,MG,gasolina,540.6600,89
2024-10-28,MS,diesel_s10,78.2400,13
2024-10-28,MS,etanol,58.2700,15
2024-10-28,MS,gasolina,144.6700,24
2024-10-28,MT,diesel_s10,118.1500,19
2024-10-28,MT,etanol,102.9800,27
2024-10-28,MT,gasolina,178.4000,29
2024-10-28,PA,diesel_s10,257.9400,40
2024-10-28,PA,etanol,90.7700,19
2024-10-28,PA,gasolina,300.3300,47
2024-10-28,PB,diesel_s10,115.6100,20
2024-10-28,PB,etanol,129.9200,30
2024-10-28,PB,gasolina,203.7700,34
2024-10-28,PE,diesel_s10,180.3900,31
2024-10-28,PE,etanol,171.7200,38
2024-10-28,PE,gasolina,291.4900,47
2024-10-28,PI,diesel_s10,41.7200,7
2024-10-28,PI,etanol,35.5600,8
2024-10-28,PI,gasolina,81.6200,14
2024-10-28,PR,diesel_s10,415.5800,69
2024-10-28,PR,etanol,414.6500,97
2024-10-28,PR,gasolina,604.4900,98
2024-10-28,RJ,diesel_s10,537.4500,89
2024-10-28,RJ,etanol,601.6200,138
2024-10-28,RJ,gasolina,861.8900,145
2024-10-28,RN,diesel_s10,11.9600,2
2024-10-28,RN,etanol,13.3700,3
2024-10-28,RN,gasolina,18.4000,3
2024-10-28,RO,diesel_s10,126.9100,19
2024-10-28,RO,etanol,47.6000,9
2024-10-28,RO,gasolina,134.1300,19
2024-10-28,RR,diesel_s10,27.3800,4
2024-10-28,RR,etanol,9.9000,2
2024-10-28,RR,gasolina,34.1500,5
2024-10-28,RS,diesel_s10,419.7700,68
2024-10-28,RS,etanol,170.3100,35
2024-10-28,RS,gasolina,504.4900,82
2024-10-28,SC,diesel_s10,389.3600,64
2024-10-28,SC,etanol,294.9700,65
2024-10-28,SC,gasolina,648.3300,103
2024-10-28,SE,diesel_s10,110.0400,19
2024-10-28,SE,etanol,98.0300,22
2024-10-28,SE,gasolina,177.7700,30
2024-10-28,SP,diesel_s10,2126.4100,353
2024-10-28,SP,etanol,2106.0500,547
2024-10-28,SP,gasolina,3272.0100,552
2024-10-28,TO,diesel_s10,108.1700,18
2024-10-28,TO,etanol,99.9500,22
2024-10-28,TO,gasolina,153.5100,24
2024-10-29,AL,diesel_s10,20.3100,3
2024-10-29,AL,etanol,15.2800,3
2024-10-29,AL,gasolina,20.7600,3
2024-10-29,AP,diesel_s10,6.9900,1
2024-10-29,AP,gasolina,6.0900,1
2024-10-29,BA,diesel_s10,410.2600,67
2024-10-29,BA,etanol,351.5800,79
2024-10-29,BA,gasolina,502.3800,82
2024-10-29,CE,diesel_s10,12.5800,2
2024-10-29,CE,etanol,54.3900,11
2024-10-29,CE,gasolina,59.9200,10
2024-10-29,DF,diesel_s10,29.5100,5
2024-10-29,DF,etanol,28.9100,7
2024-10-29,DF,gasolina,124.7200,20
2024-10-29,ES,diesel_s10,17.5700,3
2024-10-29,ES,etanol,25.6600,6
2024-10-29,ES,gasolina,44.2100,7
2024-10-29,GO,diesel_s10,249.9700,42
2024-10-29,GO,etanol,244.9100,58
2024-10-29,GO,gasolina,366.8700,59
2024-10-29,MA,diesel_s10,127.3500,22
2024-10-29,MA,etanol,39.4200,8
2024-10-29,MA,gasolina,142.0600,24
2024-10-29,MG,diesel_s10,456.5700,77
2024-10-29,MG,etanol,424.2300,102
2024-10-29,MG,gasolina,673.9000,111
2024-10-29,MS,diesel_s10,59.1900,9
2024-10-29,MS,etanol,55.3900,13
2024-10-29,MS,gasolina,138.0700,22
2024-10-29,MT,diesel_s10,80.8900,13
2024-10-29,MT,etanol,76.6200,20
2024-10-29,MT,gasolina,120.4900,20
2024-10-29,PA,diesel_s10,138.7700,23
2024-10-29,PA,etanol,76.9500,17
2024-10-29,PA,gasolina,187.7000,31
2024-10-29,PB,diesel_s10,72.6000,12
2024-10-29,PB,etanol,37.0700,8
2024-10-29,PB,gasolina,90.2700,15
2024-10-29,PE,diesel_s10,201.5300,35
2024-10-29,PE,etanol,129.7800,30
2024-10-29,PE,gasolina,210.4000,35
2024-10-29,PI,diesel_s10,56.4800,9
2024-10-29,PI,etanol,36.6100,8
2024-10-29,PI,gasolina,83.4300,14
2024-10-29,PR,diesel_s10,131.3300,22
2024-10-29,PR,etanol,120.8900,28
2024-10-29,PR,gasolina,177.7400,29
2024-10-29,RJ,diesel_s10,376.0700,62
2024-10-29,RJ,etanol,414.3400,94
2024-10-29,RJ,gasolina,650.3400,108
2024-10-29,RN,diesel_s10,87.9900,14
2024-10-29,RN,etanol,83.3100,19
2024-10-29,RN,gasolina,122.2200,20
2024-10-29,RO,diesel_s10,132.2200,19
2024-10-29,RO,etanol,52.0500,10
2024-10-29,RO,gasolina,184.7200,26
2024-10-29,RR,diesel_s10,34.2500,5
2024-10-29,RR,gasolina,34.1500,5
2024-10-29,RS,diesel_s10,482.2400,80
2024-10-29,RS,etanol,183.1200,39
2024-10-29,RS,gasolina,628.8300,104
2024-10-29,SC,diesel_s10,84.2500,14
2024-10-29,SC,etanol,64.7800,15
2024-10-29,SC,gasolina,175.5300,28
2024-10-29,SP,diesel_s10,1073.8000,178
2024-10-29,SP,etanol,1105.9500,283
2024-10-29,SP,gasolina,1684.1300,285
2024-10-30,AL,diesel_s10,64.9800,11
2024-10-30,AL,etanol,73.3900,16
2024-10-30,AL,gasolina,102.9200,17
2024-10-30,AM,diesel_s10,141.0800,21
2024-10-30,AM,etanol,94.6600,19
2024-10-30,AM,gasolina,216.8400,30
2024-10-30,BA,diesel_s10,152.6600,25
2024-10-30,BA,etanol,145.7500,33
2024-10-30,BA,gasolina,229.3900,37
2024-10-30,CE,diesel_s10,100.5500,16
2024-10-30,CE,etanol,100.0500,19
2024-10-30,CE,gasolina,143.0300,22
2024-10-30,ES,diesel_s10,102.9300,17
2024-10-30,ES,etanol,72.6500,17
2024-10-30,ES,gasolina,160.8600,26
2024-10-30,GO,diesel_s10,166.5800,28
2024-10-30,GO,etanol,167.2100,40
2024-10-30,GO,gasolina,242.0000,39
2024-10-30,MA,diesel_s10,66.0100,11
2024-10-30,MA,etanol,39.8100,8
2024-10-30,MA,gasolina,72.4600,11
2024-10-30,MG,diesel_s10,603.7600,101
2024-10-30,MG,etanol,556.3200,134
2024-10-30,MG,gasolina,848.5700,140
2024-10-30,MS,diesel_s10,25.3600,4
2024-10-30,MS,etanol,24.3600,6
2024-10-30,MS,gasolina,43.1200,7
2024-10-30,MT,diesel_s10,107.7600,18
2024-10-30,MT,etanol,85.6100,23
2024-10-30,MT,gasolina,137.6300,23
2024-10-30,PA,diesel_s10,44.2700,7
2024-10-30,PA,etanol,19.1600,4
2024-10-30,PA,gasolina,50.9400,8
2024-10-30,PB,etanol,4.2900,1
2024-10-30,PB,gasolina,5.9900,1
2024-10-30,PE,diesel_s10,257.0700,44
2024-10-30,PE,etanol,205.2600,46
2024-10-30,PE,gasolina,324.6600,53
2024-10-30,PI,diesel_s10,150.5600,25
2024-10-30,PI,etanol,86.9200,19
2024-10-30,PI,gasolina,185.3400,31
2024-10-30,PR,diesel_s10,216.6800,36
2024-10-30,PR,etanol,222.2200,53
2024-10-30,PR,gasolina,324.8100,53
2024-10-30,RJ,diesel_s10,221.0900,35
2024-10-30,RJ,etanol,200.5100,44
2024-10-30,RJ,gasolina,307.8100,49
2024-10-30,RN,diesel_s10,18.5500,3
2024-10-30,RN,etanol,21.5100,5
2024-10-30,RN,gasolina,30.2600,5
2024-10-30,RO,diesel_s10,13.4900,2
2024-10-30,RO,etanol,5.4900,1
2024-10-30,RO,gasolina,14.5800,2
2024-10-30,RR,diesel_s10,47.9500,7
2024-10-30,RR,etanol,9.9900,2
2024-10-30,RR,gasolina,47.8100,7
2024-10-30,RS,diesel_s10,379.3500,62
2024-10-30,RS,etanol,183.4800,39
2024-10-30,RS,gasolina,568.3300,93
2024-10-30,SC,diesel_s10,89.3800,15
2024-10-30,SC,etanol,41.5900,9
2024-10-30,SC,gasolina,97.2700,16
2024-10-30,SP,diesel_s10,839.9500,139
2024-10-30,SP,etanol,737.5100,190
2024-10-30,SP,gasolina,1177.8500,200
2024-10-30,TO,diesel_s10,41.2800,7
2024-10-30,TO,etanol,26.4800,6
2024-10-30,TO,gasolina,50.1500,8
2024-10-31,AC,diesel_s10,52.8900,7
2024-10-31,AC,etanol,39.9000,8
2024-10-31,AC,gasolina,66.7000,9
2024-10-31,AM,diesel_s10,6.3900,1
2024-10-31,AM,etanol,4.6900,1
2024-10-31,AM,gasolina,6.8700,1
2024-10-31,AP,diesel_s10,32.3100,5
2024-10-31,AP,etanol,5.1900,1
2024-10-31,AP,gasolina,29.8600,5
2024-10-31,BA,diesel_s10,304.9800,50
2024-10-31,BA,etanol,253.3100,56
2024-10-31,BA,gasolina,342.1700,54
2024-10-31,CE,diesel_s10,239.6600,40
2024-10-31,CE,etanol,222.0500,45
2024-10-31,CE,gasolina,276.0700,46
2024-10-31,ES,diesel_s10,11.7400,2
2024-10-31,ES,etanol,13.6700,3
2024-10-31,ES,gasolina,20.4700,3
2024-10-31,GO,diesel_s10,77.6900,13
2024-10-31,GO,etanol,75.7100,19
2024-10-31,GO,gasolina,114.3100,19
2024-10-31,MA,diesel_s10,111.8400,19
2024-10-31,MA,etanol,65.9100,14
2024-10-31,MA,gasolina,132.0100,22
2024-10-31,MG,diesel_s10,518.6700,87
2024-10-31,MG,etanol,455.9400,109
2024-10-31,MG,gasolina,680.0600,112
2024-10-31,MT,diesel_s10,6.4900,1
2024-10-31,MT,etanol,12.0700,3
2024-10-31,MT,gasolina,18.6700,3
2024-10-31,PB,diesel_s10,86.8500,15
2024-10-31,PB,etanol,62.3500,16
2024-10-31,PB,gasolina,96.0700,16
2024-10-31,PE,diesel_s10,164.0400,28
2024-10-31,PE,etanol,120.8800,26
2024-10-31,PE,gasolina,186.5100,30
2024-10-31,PR,diesel_s10,285.7200,48
2024-10-31,PR,etanol,296.3700,70
2024-10-31,PR,gasolina,399.0700,65
2024-10-31,RJ,diesel_s10,37.1000,6
2024-10-31,RJ,etanol,46.3600,10
2024-10-31,RJ,gasolina,70.1300,11
2024-10-31,RN,diesel_s10,48.4400,8
2024-10-31,RN,etanol,65.5100,14
2024-10-31,RN,gasolina,95.2100,15
2024-10-31,RO,diesel_s10,34.4200,5
2024-10-31,RO,etanol,5.1000,1
2024-10-31,RO,gasolina,42.2000,6
2024-10-31,RS,diesel_s10,153.1200,25
2024-10-31,RS,etanol,81.0300,17
2024-10-31,RS,gasolina,218.6300,36
2024-10-31,SC,diesel_s10,35.6300,6
2024-10-31,SC,etanol,8.9800,2
2024-10-31,SC,gasolina,36.8000,6
2024-10-31,SP,diesel_s10,597.2400,98
2024-10-31,SP,etanol,551.1000,141
2024-10-31,SP,gasolina,848.5600,142
2024-10-31,TO,diesel_s10,35.5500,6
2024-10-31,TO,etanol,17.3500,4
2024-10-31,TO,gasolina,38.4500,6
2024-11-01,BA,diesel_s10,31.3100,5
2024-11-01,BA,etanol,32.7800,7
2024-11-01,BA,gasolina,37.8300,6
2024-11-01,ES,diesel_s10,5.8900,1
2024-11-01,ES,etanol,9.4100,2
2024-11-01,ES,gasolina,13.7300,2
2024-11-01,GO,diesel_s10,49.5400,8
2024-11-01,GO,etanol,52.1300,13
2024-11-01,GO,gasolina,72.5800,12
2024-11-01,PR,diesel_s10,79.6800,13
2024-11-01,PR,etanol,71.1300,17
2024-11-01,PR,gasolina,106.3300,17
2024-11-01,RN,diesel_s10,29.8600,5
2024-11-01,RN,etanol,25.1900,6
2024-11-01,RN,gasolina,36.6400,6
2024-11-01,SC,diesel_s10,12.1800,2
2024-11-01,SC,etanol,9.2800,2
2024-11-01,SC,gasolina,12.2500,2
2024-11-04,AL,diesel_s10,120.2800,19
2024-11-04,AL,etanol,133.4000,28
2024-11-04,AL,gasolina,202.5500,32
2024-11-04,AM,diesel_s10,94.5500,15
2024-11-04,AM,etanol,80.4000,16
2024-11-04,AM,gasolina,153.6500,22
2024-11-04,BA,diesel_s10,279.8800,46
2024-11-04,BA,etanol,232.6100,52
2024-11-04,BA,gasolina,343.7200,55
2024-11-04,CE,diesel_s10,72.0100,12
2024-11-04,CE,etanol,94.1700,19
2024-11-04,CE,gasolina,113.9200,19
2024-11-04,DF,diesel_s10,116.4000,20
2024-11-04,DF,etanol,102.3500,25
2024-11-04,DF,gasolina,246.3600,40
2024-11-04,ES,diesel_s10,59.8600,10
2024-11-04,ES,etanol,39.8800,9
2024-11-04,ES,gasolina,111.5700,18
2024-11-04,GO,diesel_s10,283.9600,48
2024-11-04,GO,etanol,290.5300,70
2024-11-04,GO,gasolina,433.5800,70
2024-11-04,MA,diesel_s10,97.5900,16
2024-11-04,MA,etanol,75.8600,16
2024-11-04,MA,gasolina,136.8100,22
2024-11-04,MG,diesel_s10,379.1700,64
2024-11-04,MG,etanol,392.0300,93
2024-11-04,MG,gasolina,604.8600,99
2024-11-04,MS,diesel_s10,97.7600,16
2024-11-04,MS,etanol,83.0400,21
2024-11-04,MS,gasolina,191.6000,31
2024-11-04,MT,diesel_s10,55.0000,9
2024-11-04,MT,etanol,60.6800,16
2024-11-04,MT,gasolina,96.6000,16
2024-11-04,PA,diesel_s10,207.7200,32
2024-11-04,PA,etanol,87.7900,18
2024-11-04,PA,gasolina,305.1100,48
2024-11-04,PB,diesel_s10,127.1600,22
2024-11-04,PB,etanol,127.5700,30
2024-11-04,PB,gasolina,201.3600,34
2024-11-04,PE,diesel_s10,76.6800,13
2024-11-04,PE,etanol,104.3700,23
2024-11-04,PE,gasolina,150.7200,24
2024-11-04,PI,diesel_s10,13.1800,2
2024-11-04,PI,etanol,22.3500,5
2024-11-04,PI,gasolina,40.7900,7
2024-11-04,PR,diesel_s10,127.9400,21
2024-11-04,PR,etanol,149.6500,35
2024-11-04,PR,gasolina,229.0600,37
2024-11-04,RJ,diesel_s10,607.6200,100
2024-11-04,RJ,etanol,635.4000,144
2024-11-04,RJ,gasolina,912.2300,152
2024-11-04,RN,diesel_s10,6.2900,1
2024-11-04,RN,etanol,4.9900,1
2024-11-04,RN,gasolina,13.3800,2
2024-11-04,RO,diesel_s10,58.6900,9
2024-11-04,RO,etanol,15.7800,3
2024-11-04,RO,gasolina,53.9000,8
2024-11-04,RR,gasolina,6.8300,1
2024-11-04,RS,diesel_s10,625.4100,103
2024-11-04,RS,etanol,278.9700,59
2024-11-04,RS,gasolina,881.6500,145
2024-11-04,SC,diesel_s10,410.4400,68
2024-11-04,SC,etanol,280.7700,62
2024-11-04,SC,gasolina,650.6900,104
2024-11-04,SE,diesel_s10,57.8000,10
2024-11-04,SE,etanol,89.2400,20
2024-11-04,SE,gasolina,148.1500,25
2024-11-04,SP,diesel_s10,1712.9200,284
2024-11-04,SP,etanol,1748.1000,453
2024-11-04,SP,gasolina,2684.2200,454
2024-11-04,TO,diesel_s10,71.9800,12
2024-11-04,TO,etanol,59.5400,13
2024-11-04,TO,gasolina,91.6100,14
2024-11-05,AP,diesel_s10,64.8400,10
2024-11-05,AP,etanol,10.3800,2
2024-11-05,AP,gasolina,101.3300,17
2024-11-05,BA,diesel_s10,280.3000,45
2024-11-05,BA,etanol,244.9400,55
2024-11-05,BA,gasolina,378.9200,61
2024-11-05,CE,diesel_s10,158.2000,26
2024-11-05,CE,etanol,193.1800,39
2024-11-05,CE,gasolina,248.1300,41
2024-11-05,DF,etanol,4.0900,1
2024-11-05,DF,gasolina,55.9900,9
2024-11-05,ES,diesel_s10,35.7400,6
2024-11-05,ES,etanol,31.2300,7
2024-11-05,ES,gasolina,71.2500,11
2024-11-05,GO,diesel_s10,71.0900,12
2024-11-05,GO,etanol,58.2400,15
2024-11-05,GO,gasolina,88.5400,15
2024-11-05,MA,diesel_s10,114.1400,19
2024-11-05,MA,etanol,55.5800,11
2024-11-05,MA,gasolina,147.1400,24
2024-11-05,MG,diesel_s10,400.9900,68
2024-11-05,MG,etanol,377.2900,91
2024-11-05,MG,gasolina,565.5800,94
2024-11-05,MS,diesel_s10,42.1800,7
2024-11-05,MS,etanol,30.4400,8
2024-11-05,MS,gasolina,57.2900,10
2024-11-05,MT,diesel_s10,37.9900,6
2024-11-05,MT,etanol,37.8200,10
2024-11-05,MT,gasolina,54.6500,9
2024-11-05,PA,diesel_s10,59.0900,10
2024-11-05,PA,etanol,40.3500,9
2024-11-05,PA,gasolina,76.8900,13
2024-11-05,PB,diesel_s10,60.5600,10
2024-11-05,PB,etanol,32.5900,7
2024-11-05,PB,gasolina,84.5200,14
2024-11-05,PE,diesel_s10,224.5700,39
2024-11-05,PE,etanol,181.9400,41
2024-11-05,PE,gasolina,299.0800,49
2024-11-05,PI,diesel_s10,103.0300,17
2024-11-05,PI,etanol,67.7100,15
2024-11-05,PI,gasolina,135.8700,23
2024-11-05,PR,diesel_s10,47.0000,8
2024-11-05,PR,etanol,47.3700,11
2024-11-05,PR,gasolina,61.8100,10
2024-11-05,RJ,diesel_s10,271.8300,45
2024-11-05,RJ,etanol,332.5700,75
2024-11-05,RJ,gasolina,509.9600,85
2024-11-05,RN,diesel_s10,57.8600,9
2024-11-05,RN,etanol,57.2800,12
2024-11-05,RN,gasolina,85.0500,13
2024-11-05,RO,diesel_s10,26.6400,4
2024-11-05,RO,etanol,10.1800,2
2024-11-05,RO,gasolina,36.4000,5
2024-11-05,RR,diesel_s10,41.1800,6
2024-11-05,RR,etanol,4.9500,1
2024-11-05,RR,gasolina,40.9800,6
2024-11-05,RS,diesel_s10,378.8400,62
2024-11-05,RS,etanol,163.9200,35
2024-11-05,RS,gasolina,521.5000,87
2024-11-05,SC,diesel_s10,133.2100,22
2024-11-05,SC,etanol,69.5600,16
2024-11-05,SC,gasolina,173.5400,28
2024-11-05,SE,diesel_s10,22.7700,4
2024-11-05,SE,gasolina,23.6000,4
2024-11-05,SP,diesel_s10,1208.6400,200
2024-11-05,SP,etanol,1124.2400,287
2024-11-05,SP,gasolina,1720.5200,290
2024-11-05,TO,diesel_s10,65.6400,11
2024-11-05,TO,etanol,55.6700,12
2024-11-05,TO,gasolina,95.3000,15
2024-11-06,AC,etanol,4.9900,1
2024-11-06,AC,gasolina,7.3400,1
2024-11-06,AL,diesel_s10,64.6000,11
2024-11-06,AL,etanol,71.4000,16
2024-11-06,AL,gasolina,108.5200,18
2024-11-06,AM,diesel_s10,73.7800,12
2024-11-06,AM,etanol,75.0400,15
2024-11-06,AM,gasolina,125.8100,18
2024-11-06,BA,diesel_s10,223.5900,37
2024-11-06,BA,etanol,184.7400,42
2024-11-06,BA,gasolina,258.2000,42
2024-11-06,CE,diesel_s10,107.7000,18
2024-11-06,CE,etanol,89.0300,18
2024-11-06,CE,gasolina,121.3100,20
2024-11-06,DF,etanol,4.1500,1
2024-11-06,DF,gasolina,6.1900,1
2024-11-06,ES,diesel_s10,155.3300,26
2024-11-06,ES,etanol,100.2600,23
2024-11-06,ES,gasolina,245.8700,39
2024-11-06,GO,diesel_s10,179.7000,30
2024-11-06,GO,etanol,172.0800,42
2024-11-06,GO,gasolina,255.2300,42
2024-11-06,MA,diesel_s10,141.1900,25
2024-11-06,MA,etanol,84.8000,19
2024-11-06,MA,gasolina,149.4900,27
2024-11-06,MG,diesel_s10,392.7700,66
2024-11-06,MG,etanol,379.1400,91
2024-11-06,MG,gasolina,580.6300,96
2024-11-06,MS,diesel_s10,24.8900,4
2024-11-06,MS,etanol,20.2700,5
2024-11-06,MS,gasolina,43.5300,7
2024-11-06,MT,diesel_s10,134.0000,22
2024-11-06,MT,etanol,111.5300,30
2024-11-06,MT,gasolina,194.5600,32
2024-11-06,PA,diesel_s10,84.6500,13
2024-11-06,PA,etanol,23.9100,5
2024-11-06,PA,gasolina,111.1400,17
2024-11-06,PB,diesel_s10,74.9800,13
2024-11-06,PB,etanol,62.7000,16
2024-11-06,PB,gasolina,95.3500,16
2024-11-06,PE,diesel_s10,371.2100,64
2024-11-06,PE,etanol,273.3300,62
2024-11-06,PE,gasolina,437.4200,72
2024-11-06,PI,diesel_s10,108.0500,18
2024-11-06,PI,etanol,66.3300,15
2024-11-06,PI,gasolina,135.9400,23
2024-11-06,PR,diesel_s10,296.1200,49
2024-11-06,PR,etanol,321.0200,74
2024-11-06,PR,gasolina,477.2600,77
2024-11-06,RJ,diesel_s10,236.6600,38
2024-11-06,RJ,etanol,219.5000,49
2024-11-06,RJ,gasolina,340.1600,55
2024-11-06,RN,diesel_s10,19.9600,3
2024-11-06,RN,etanol,15.8200,3
2024-11-06,RN,gasolina,19.5200,3
2024-11-06,RO,diesel_s10,75.0400,11
2024-11-06,RO,etanol,20.4300,4
2024-11-06,RO,gasolina,113.6800,16
2024-11-06,RR,diesel_s10,54.8000,8
2024-11-06,RR,etanol,9.9900,2
2024-11-06,RR,gasolina,61.4700,9
2024-11-06,RS,diesel_s10,148.9000,24
2024-11-06,RS,etanol,64.3900,13
2024-11-06,RS,gasolina,164.8500,26
2024-11-06,SC,diesel_s10,78.0900,13
2024-11-06,SC,etanol,83.0900,18
2024-11-06,SC,gasolina,145.7900,23
2024-11-06,SP,diesel_s10,928.4600,152
2024-11-06,SP,etanol,903.5300,229
2024-11-06,SP,gasolina,1406.5800,235
2024-11-06,TO,diesel_s10,35.5500,6
2024-11-06,TO,etanol,17.3500,4
2024-11-06,TO,gasolina,38.4500,6
2024-11-07,AC,diesel_s10,68.8500,9
2024-11-07,AC,etanol,36.7400,7
2024-11-07,AC,gasolina,74.8200,10
2024-11-07,AM,diesel_s10,101.2500,14
2024-11-07,AM,etanol,30.1400,6
2024-11-07,AM,gasolina,112.7200,15
2024-11-07,AP,diesel_s10,26.4900,4
2024-11-07,AP,gasolina,24.0300,4
2024-11-07,BA,diesel_s10,295.5200,49
2024-11-07,BA,etanol,264.5200,59
2024-11-07,BA,gasolina,391.6000,63
2024-11-07,CE,diesel_s10,113.0100,18
2024-11-07,CE,etanol,94.4100,18
2024-11-07,CE,gasolina,147.3600,23
2024-11-07,ES,diesel_s10,11.7800,2
2024-11-07,ES,etanol,9.4100,2
2024-11-07,ES,gasolina,20.4200,3
2024-11-07,GO,diesel_s10,83.5900,14
2024-11-07,GO,etanol,75.1600,19
2024-11-07,GO,gasolina,112.7000,19
2024-11-07,MA,diesel_s10,101.7600,17
2024-11-07,MA,etanol,54.9200,11
2024-11-07,MA,gasolina,132.7800,21
2024-11-07,MG,diesel_s10,589.3000,99
2024-11-07,MG,etanol,510.4400,122
2024-11-07,MG,gasolina,811.4300,133
2024-11-07,MS,diesel_s10,49.8000,8
2024-11-07,MS,etanol,36.1700,9
2024-11-07,MS,gasolina,67.0100,11
2024-11-07,MT,diesel_s10,49.0200,8
2024-11-07,MT,etanol,34.1400,9
2024-11-07,MT,gasolina,54.3700,9
2024-11-07,PE,diesel_s10,106.6600,18
2024-11-07,PE,etanol,76.8500,16
2024-11-07,PE,gasolina,115.2300,18
2024-11-07,PI,diesel_s10,17.8700,3
2024-11-07,PI,etanol,22.6100,5
2024-11-07,PI,gasolina,35.8200,6
2024-11-07,PR,diesel_s10,251.5400,42
2024-11-07,PR,etanol,224.1700,54
2024-11-07,PR,gasolina,316.9700,52
2024-11-07,RJ,diesel_s10,64.1500,10
2024-11-07,RJ,etanol,50.1200,11
2024-11-07,RJ,gasolina,88.1600,14
2024-11-07,RN,diesel_s10,67.9300,11
2024-11-07,RN,etanol,67.2400,15
2024-11-07,RN,gasolina,101.5400,16
2024-11-07,RO,diesel_s10,68.1900,10
2024-11-07,RO,etanol,30.8400,6
2024-11-07,RO,gasolina,87.6300,12
2024-11-07,RS,diesel_s10,196.2200,32
2024-11-07,RS,etanol,65.8700,14
2024-11-07,RS,gasolina,220.2000,36
2024-11-07,SP,diesel_s10,329.1000,55
2024-11-07,SP,etanol,304.0500,80
2024-11-07,SP,gasolina,476.6100,81
2024-11-07,TO,diesel_s10,41.2800,7
2024-11-07,TO,etanol,26.6200,6
2024-11-07,TO,gasolina,50.1500,8
2024-11-08,BA,diesel_s10,5.9900,1
2024-11-08,BA,etanol,4.6900,1
2024-11-08,BA,gasolina,6.2600,1
2024-11-08,GO,diesel_s10,29.7500,5
2024-11-08,GO,etanol,30.9800,8
2024-11-08,GO,gasolina,47.6600,8
2024-11-08,MG,diesel_s10,36.9500,6
2024-11-08,MG,etanol,36.3700,9
2024-11-08,MG,gasolina,54.1300,9
2024-11-08,PR,diesel_s10,115.6800,19
2024-11-08,PR,etanol,114.8700,26
2024-11-08,PR,gasolina,164.9500,26
2024-11-08,RS,diesel_s10,11.9800,2
2024-11-08,RS,gasolina,18.0700,3
2024-11-08,SP,diesel_s10,31.5200,5
2024-11-08,SP,etanol,26.8300,7
2024-11-08,SP,gasolina,36.3500,6
2024-11-11,AC,etanol,10.2800,2
2024-11-11,AC,gasolina,22.1800,3
2024-11-11,AL,diesel_s10,101.2200,16
2024-11-11,AL,etanol,121.4200,26
2024-11-11,AL,gasolina,170.2000,27
2024-11-11,AM,diesel_s10,143.1800,21
2024-11-11,AM,etanol,95.3700,19
2024-11-11,AM,gasolina,224.5600,31
2024-11-11,BA,diesel_s10,245.3900,40
2024-11-11,BA,etanol,221.2900,49
2024-11-11,BA,gasolina,336.0200,53
2024-11-11,CE,diesel_s10,218.2000,36
2024-11-11,CE,etanol,200.8100,41
2024-11-11,CE,gasolina,285.8500,47
2024-11-11,DF,diesel_s10,69.6900,12
2024-11-11,DF,etanol,74.2300,17
2024-11-11,DF,gasolina,168.0600,27
2024-11-11,ES,diesel_s10,131.2700,22
2024-11-11,ES,etanol,92.7000,21
2024-11-11,ES,gasolina,206.4200,33
2024-11-11,GO,diesel_s10,259.5200,44
2024-11-11,GO,etanol,236.1500,61
2024-11-11,GO,gasolina,343.6400,58
2024-11-11,MA,diesel_s10,103.4900,17
2024-11-11,MA,etanol,76.7500,16
2024-11-11,MA,gasolina,142.8100,23
2024-11-11,MG,diesel_s10,818.5900,137
2024-11-11,MG,etanol,768.6400,185
2024-11-11,MG,gasolina,1219.1700,201
2024-11-11,MS,diesel_s10,85.2600,14
2024-11-11,MS,etanol,66.9000,17
2024-11-11,MS,gasolina,201.1900,33
2024-11-11,MT,diesel_s10,97.9100,16
2024-11-11,MT,etanol,83.3800,22
2024-11-11,MT,gasolina,132.6900,22
2024-11-11,PA,diesel_s10,160.9200,26
2024-11-11,PA,etanol,86.2800,18
2024-11-11,PA,gasolina,246.4400,40
2024-11-11,PB,diesel_s10,120.3700,21
2024-11-11,PB,etanol,122.2300,29
2024-11-11,PB,gasolina,188.6100,32
2024-11-11,PE,diesel_s10,116.5200,20
2024-11-11,PE,etanol,153.5700,35
2024-11-11,PE,gasolina,235.3200,38
2024-11-11,PI,diesel_s10,31.8500,5
2024-11-11,PI,etanol,23.2100,5
2024-11-11,PI,gasolina,54.1700,9
2024-11-11,PR,diesel_s10,360.6400,60
2024-11-11,PR,etanol,385.4700,90
2024-11-11,PR,gasolina,558.9000,91
2024-11-11,RJ,diesel_s10,658.8800,107
2024-11-11,RJ,etanol,650.8800,147
2024-11-11,RJ,gasolina,941.8100,157
2024-11-11,RN,etanol,4.9900,1
2024-11-11,RN,gasolina,6.4900,1
2024-11-11,RO,diesel_s10,40.7300,6
2024-11-11,RO,etanol,9.9800,2
2024-11-11,RO,gasolina,43.6500,6
2024-11-11,RR,diesel_s10,27.4400,4
2024-11-11,RR,etanol,9.9500,2
2024-11-11,RR,gasolina,34.1500,5
2024-11-11,RS,diesel_s10,376.7200,61
2024-11-11,RS,etanol,170.0400,36
2024-11-11,RS,gasolina,548.8500,90
2024-11-11,SC,diesel_s10,387.2300,64
2024-11-11,SC,etanol,254.8000,56
2024-11-11,SC,gasolina,653.1300,104
2024-11-11,SE,diesel_s10,92.2500,16
2024-11-11,SE,etanol,93.2900,21
2024-11-11,SE,gasolina,183.6100,31
2024-11-11,SP,diesel_s10,2209.0300,365
2024-11-11,SP,etanol,2146.6500,552
2024-11-11,SP,gasolina,3292.4700,555
2024-11-11,TO,diesel_s10,145.0500,24
2024-11-11,TO,etanol,118.1300,26
2024-11-11,TO,gasolina,186.5200,29
2024-11-12,AL,diesel_s10,42.2400,7
2024-11-12,AL,etanol,41.0700,9
2024-11-12,AL,gasolina,55.2600,9
2024-11-12,AM,diesel_s10,12.8700,2
2024-11-12,AM,etanol,20.0500,4
2024-11-12,AM,gasolina,41.9300,6
2024-11-12,AP,diesel_s10,6.7800,1
2024-11-12,AP,gasolina,6.1300,1
2024-11-12,BA,diesel_s10,390.7900,64
2024-11-12,BA,etanol,312.2100,72
2024-11-12,BA,gasolina,454.7900,74
2024-11-12,CE,diesel_s10,223.3600,36
2024-11-12,CE,etanol,199.3500,40
2024-11-12,CE,gasolina,254.1400,41
2024-11-12,DF,diesel_s10,64.3700,11
2024-11-12,DF,etanol,65.5100,15
2024-11-12,DF,gasolina,144.0700,23
2024-11-12,ES,diesel_s10,138.5700,23
2024-11-12,ES,etanol,97.0200,22
2024-11-12,ES,gasolina,229.8300,36
2024-11-12,GO,diesel_s10,110.1200,18
2024-11-12,GO,etanol,81.6000,19
2024-11-12,GO,gasolina,125.0900,20
2024-11-12,MA,diesel_s10,226.0900,38
2024-11-12,MA,etanol,122.8100,25
2024-11-12,MA,gasolina,257.7400,42
2024-11-12,MG,diesel_s10,522.6300,88
2024-11-12,MG,etanol,475.8400,114
2024-11-12,MG,gasolina,739.4700,123
2024-11-12,MS,diesel_s10,111.9700,18
2024-11-12,MS,etanol,84.0800,21
2024-11-12,MS,gasolina,132.7600,22
2024-11-12,MT,diesel_s10,115.8800,19
2024-11-12,MT,etanol,109.0300,28
2024-11-12,MT,gasolina,171.0400,28
2024-11-12,PA,diesel_s10,139.5100,22
2024-11-12,PA,etanol,64.1000,14
2024-11-12,PA,gasolina,169.8200,27
2024-11-12,PB,diesel_s10,72.2400,12
2024-11-12,PB,etanol,41.5700,9
2024-11-12,PB,gasolina,96.4700,16
2024-11-12,PE,diesel_s10,219.2500,38
2024-11-12,PE,etanol,171.4900,40
2024-11-12,PE,gasolina,251.6400,42
2024-11-12,PI,diesel_s10,79.1000,13
2024-11-12,PI,etanol,62.3100,14
2024-11-12,PI,gasolina,117.8700,20
2024-11-12,PR,diesel_s10,127.7900,21
2024-11-12,PR,etanol,135.2100,32
2024-11-12,PR,gasolina,189.9800,31
2024-11-12,RJ,diesel_s10,198.9900,32
2024-11-12,RJ,etanol,256.6500,57
2024-11-12,RJ,gasolina,415.1200,68
2024-11-12,RN,diesel_s10,46.2100,7
2024-11-12,RN,etanol,22.1500,5
2024-11-12,RN,gasolina,43.6000,7
2024-11-12,RO,diesel_s10,92.9400,14
2024-11-12,RO,etanol,40.9300,8
2024-11-12,RO,gasolina,112.7800,16
2024-11-12,RR,diesel_s10,34.3300,5
2024-11-12,RR,gasolina,34.1500,5
2024-11-12,RS,diesel_s10,433.9600,71
2024-11-12,RS,etanol,202.6800,42
2024-11-12,RS,gasolina,570.5400,94
2024-11-12,SC,diesel_s10,41.6400,7
2024-11-12,SC,etanol,22.8200,5
2024-11-12,SC,gasolina,55.7400,9
2024-11-12,SP,diesel_s10,1053.4500,175
2024-11-12,SP,etanol,1085.2800,279
2024-11-12,SP,gasolina,1679.0700,286
2024-11-12,TO,diesel_s10,29.6000,5
2024-11-12,TO,etanol,22.9200,5
2024-11-12,TO,gasolina,39.1400,6
2024-11-13,AC,diesel_s10,30.7800,4
2024-11-13,AC,etanol,10.2900,2
2024-11-13,AC,gasolina,37.6300,5
2024-11-13,AL,diesel_s10,46.7500,8
2024-11-13,AL,etanol,53.1700,12
2024-11-13,AL,gasolina,90.5800,15
2024-11-13,AM,diesel_s10,92.5600,14
2024-11-13,AM,etanol,65.2700,13
2024-11-13,AM,gasolina,104.8500,15
2024-11-13,AP,diesel_s10,45.6700,7
2024-11-13,AP,etanol,15.5300,3
2024-11-13,AP,gasolina,99.9800,17
2024-11-13,BA,diesel_s10,290.9800,48
2024-11-13,BA,etanol,276.9700,61
2024-11-13,BA,gasolina,419.8600,67
2024-11-13,CE,diesel_s10,84.4500,14
2024-11-13,CE,etanol,83.9800,17
2024-11-13,CE,gasolina,97.8900,16
2024-11-13,ES,diesel_s10,6.4900,1
2024-11-13,ES,gasolina,6.5900,1
2024-11-13,GO,diesel_s10,168.1700,28
2024-11-13,GO,etanol,186.6000,46
2024-11-13,GO,gasolina,266.4000,44
2024-11-13,MA,diesel_s10,114.4700,20
2024-11-13,MA,etanol,69.4800,16
2024-11-13,MA,gasolina,163.8900,29
2024-11-13,MG,diesel_s10,268.0800,45
2024-11-13,MG,etanol,260.2600,63
2024-11-13,MG,gasolina,387.5200,64
2024-11-13,MS,etanol,3.7900,1
2024-11-13,MS,gasolina,5.8900,1
2024-11-13,MT,diesel_s10,31.0800,5
2024-11-13,MT,etanol,35.1700,9
2024-11-13,MT,gasolina,54.8100,9
2024-11-13,PA,diesel_s10,76.3900,11
2024-11-13,PA,etanol,15.8500,3
2024-11-13,PA,gasolina,82.1900,12
2024-11-13,PB,diesel_s10,5.7900,1
2024-11-13,PB,etanol,8.3600,2
2024-11-13,PB,gasolina,11.7600,2
2024-11-13,PE,diesel_s10,266.2300,46
2024-11-13,PE,etanol,181.3800,40
2024-11-13,PE,gasolina,312.7700,51
2024-11-13,PI,diesel_s10,47.5000,8
2024-11-13,PI,etanol,54.3100,12
2024-11-13,PI,gasolina,100.2600,17
2024-11-13,PR,diesel_s10,325.1900,54
2024-11-13,PR,etanol,355.9200,82
2024-11-13,PR,gasolina,498.7900,80
2024-11-13,RJ,diesel_s10,138.5900,23
2024-11-13,RJ,etanol,162.6100,35
2024-11-13,RJ,gasolina,241.2300,38
2024-11-13,RN,diesel_s10,48.3300,8
2024-11-13,RN,etanol,42.6100,10
2024-11-13,RN,gasolina,65.3000,10
2024-11-13,RO,diesel_s10,139.5400,20
2024-11-13,RO,etanol,41.8800,8
2024-11-13,RO,gasolina,163.4200,23
2024-11-13,RR,diesel_s10,41.1000,6
2024-11-13,RR,etanol,4.9900,1
2024-11-13,RR,gasolina,40.9800,6
2024-11-13,RS,diesel_s10,293.5400,47
2024-11-13,RS,etanol,121.4300,25
2024-11-13,RS,gasolina,366.3400,59
2024-11-13,SC,diesel_s10,122.2600,20
2024-11-13,SC,etanol,88.4600,19
2024-11-13,SC,gasolina,163.3600,26
2024-11-13,SP,diesel_s10,786.2600,131
2024-11-13,SP,etanol,736.2900,189
2024-11-13,SP,gasolina,1109.4300,188
2024-11-13,TO,diesel_s10,65.2000,11
2024-11-13,TO,etanol,35.6100,8
2024-11-13,TO,gasolina,76.0200,12
2024-11-14,AC,diesel_s10,7.5500,1
2024-11-14,AC,etanol,5.0500,1
2024-11-14,AC,gasolina,7.4800,1
2024-11-14,AM,diesel_s10,19.0600,3
2024-11-14,AM,etanol,14.8700,3
2024-11-14,AM,gasolina,20.8400,3
2024-11-14,AP,diesel_s10,32.5700,5
2024-11-14,AP,gasolina,29.8900,5
2024-11-14,BA,diesel_s10,151.2800,24
2024-11-14,BA,etanol,119.7900,26
2024-11-14,BA,gasolina,185.8500,29
2024-11-14,CE,diesel_s10,69.5300,11
2024-11-14,CE,etanol,78.7400,15
2024-11-14,CE,gasolina,111.1300,17
2024-11-14,GO,diesel_s10,83.9200,14
2024-11-14,GO,etanol,66.5100,17
2024-11-14,GO,gasolina,93.8000,16
2024-11-14,MA,diesel_s10,17.6700,3
2024-11-14,MA,etanol,9.3300,2
2024-11-14,MA,gasolina,19.0200,3
2024-11-14,MG,diesel_s10,78.5900,13
2024-11-14,MG,etanol,78.1600,19
2024-11-14,MG,gasolina,109.2600,18
2024-11-14,MT,diesel_s10,32.2200,5
2024-11-14,MT,etanol,20.1400,5
2024-11-14,MT,gasolina,51.5900,8
2024-11-14,PB,diesel_s10,81.0800,14
2024-11-14,PB,etanol,61.7100,16
2024-11-14,PB,gasolina,95.3100,16
2024-11-14,PE,diesel_s10,101.0400,17
2024-11-14,PE,etanol,71.8900,16
2024-11-14,PE,gasolina,117.1400,19
2024-11-14,PI,diesel_s10,59.7200,10
2024-11-14,PI,etanol,27.9900,6
2024-11-14,PI,gasolina,77.9600,13
2024-11-14,PR,diesel_s10,241.5700,40
2024-11-14,PR,etanol,222.8300,53
2024-11-14,PR,gasolina,326.4600,53
2024-11-14,RJ,diesel_s10,160.3600,26
2024-11-14,RJ,etanol,162.8400,37
2024-11-14,RJ,gasolina,239.1200,39
2024-11-14,RN,diesel_s10,123.2400,20
2024-11-14,RN,etanol,108.9700,25
2024-11-14,RN,gasolina,162.9800,26
2024-11-14,RO,diesel_s10,34.4200,5
2024-11-14,RO,etanol,12.4500,2
2024-11-14,RO,gasolina,42.1800,6
2024-11-14,RS,diesel_s10,221.0900,37
2024-11-14,RS,etanol,111.5200,24
2024-11-14,RS,gasolina,319.3500,53
2024-11-14,SP,diesel_s10,613.8900,100
2024-11-14,SP,etanol,579.4600,145
2024-11-14,SP,gasolina,882.9800,146
2024-11-15,MG,diesel_s10,35.7700,6
2024-11-15,MG,etanol,34.9700,9
2024-11-15,MG,gasolina,52.7000,9
2024-11-15,SP,diesel_s10,6.1900,1
2024-11-15,SP,etanol,8.1800,2
2024-11-15,SP,gasolina,12.2800,2
2024-11-16,SP,diesel_s10,18.2700,3
2024-11-16,SP,etanol,11.6500,3
2024-11-16,SP,gasolina,17.4700,3
2024-11-18,AC,etanol,5.0900,1
2024-11-18,AC,gasolina,7.3400,1
2024-11-18,AL,diesel_s10,184.7500,30
2024-11-18,AL,etanol,192.0700,41
2024-11-18,AL,gasolina,263.5500,42
2024-11-18,AM,diesel_s10,180.1100,27
2024-11-18,AM,etanol,155.1400,31
2024-11-18,AM,gasolina,279.4600,40
2024-11-18,AP,diesel_s10,45.6700,7
2024-11-18,AP,etanol,15.5300,3
2024-11-18,AP,gasolina,99.9800,17
2024-11-18,BA,diesel_s10,257.7100,42
2024-11-18,BA,etanol,223.1500,51
2024-11-18,BA,gasolina,341.4800,55
2024-11-18,CE,diesel_s10,84.7700,13
2024-11-18,CE,etanol,69.0400,13
2024-11-18,CE,gasolina,89.8400,14
2024-11-18,DF,diesel_s10,80.7100,14
2024-11-18,DF,etanol,76.0800,18
2024-11-18,DF,gasolina,135.9200,22
2024-11-18,ES,diesel_s10,149.6400,25
2024-11-18,ES,etanol,105.7800,24
2024-11-18,ES,gasolina,212.6500,34
2024-11-18,GO,diesel_s10,395.0900,67
2024-11-18,GO,etanol,346.6300,89
2024-11-18,GO,gasolina,530.3600,89
2024-11-18,MA,diesel_s10,141.6000,23
2024-11-18,MA,etanol,92.4100,19
2024-11-18,MA,gasolina,168.8900,27
2024-11-18,MG,diesel_s10,662.8900,111
2024-11-18,MG,etanol,700.1600,166
2024-11-18,MG,gasolina,1068.0000,175
2024-11-18,MS,diesel_s10,30.2000,5
2024-11-18,MS,etanol,23.9200,6
2024-11-18,MS,gasolina,114.1200,18
2024-11-18,MT,diesel_s10,78.0600,13
2024-11-18,MT,etanol,84.0000,22
2024-11-18,MT,gasolina,132.8800,22
2024-11-18,PA,diesel_s10,183.9900,29
2024-11-18,PA,etanol,76.1000,16
2024-11-18,PA,gasolina,276.6500,44
2024-11-18,PB,diesel_s10,116.4900,20
2024-11-18,PB,etanol,126.4800,30
2024-11-18,PB,gasolina,200.7100,34
2024-11-18,PE,diesel_s10,244.7300,42
2024-11-18,PE,etanol,210.6800,48
2024-11-18,PE,gasolina,348.3500,57
2024-11-18,PI,diesel_s10,55.4900,9
2024-11-18,PI,etanol,54.4300,12
2024-11-18,PI,gasolina,94.7000,16
2024-11-18,PR,diesel_s10,544.7200,89
2024-11-18,PR,etanol,550.7000,130
2024-11-18,PR,gasolina,809.7900,131
2024-11-18,RJ,diesel_s10,634.0100,104
2024-11-18,RJ,etanol,673.0900,153
2024-11-18,RJ,gasolina,989.8600,165
2024-11-18,RN,etanol,4.8900,1
2024-11-18,RN,gasolina,6.3900,1
2024-11-18,RO,diesel_s10,20.2300,3
2024-11-18,RO,etanol,4.9900,1
2024-11-18,RO,gasolina,28.6400,4
2024-11-18,RR,diesel_s10,27.4800,4
2024-11-18,RR,gasolina,27.3200,4
2024-11-18,RS,diesel_s10,602.3800,98
2024-11-18,RS,etanol,307.2800,64
2024-11-18,RS,gasolina,842.7900,139
2024-11-18,SC,diesel_s10,352.7700,58
2024-11-18,SC,etanol,266.9500,59
2024-11-18,SC,gasolina,557.1600,89
2024-11-18,SE,diesel_s10,53.1600,9
2024-11-18,SE,etanol,84.9100,19
2024-11-18,SE,gasolina,154.9300,25
2024-11-18,SP,diesel_s10,2274.2400,374
2024-11-18,SP,etanol,2320.4600,593
2024-11-18,SP,gasolina,3551.8400,596
2024-11-18,TO,diesel_s10,96.0200,16
2024-11-18,TO,etanol,67.6500,15
2024-11-18,TO,gasolina,120.7100,19
2024-11-19,BA,diesel_s10,159.8500,26
2024-11-19,BA,etanol,158.2300,35
2024-11-19,BA,gasolina,251.7300,40
2024-11-19,CE,diesel_s10,256.8600,43
2024-11-19,CE,etanol,230.4200,48
2024-11-19,CE,gasolina,327.7800,54
2024-11-19,DF,diesel_s10,41.4800,7
2024-11-19,DF,etanol,50.6000,12
2024-11-19,DF,gasolina,173.7700,28
2024-11-19,ES,diesel_s10,120.0100,20
2024-11-19,ES,etanol,86.8500,20
2024-11-19,ES,gasolina,225.3900,36
2024-11-19,GO,diesel_s10,72.3400,12
2024-11-19,GO,etanol,72.6900,18
2024-11-19,GO,gasolina,108.2100,18
2024-11-19,MA,diesel_s10,116.9800,20
2024-11-19,MA,etanol,53.7000,11
2024-11-19,MA,gasolina,138.9100,23
2024-11-19,MG,diesel_s10,466.8000,78
2024-11-19,MG,etanol,343.0500,84
2024-11-19,MG,gasolina,525.6900,88
2024-11-19,MS,diesel_s10,92.6400,15
2024-11-19,MS,etanol,88.6500,23
2024-11-19,MS,gasolina,196.1800,33
2024-11-19,MT,diesel_s10,139.8800,23
2024-11-19,MT,etanol,112.0100,29
2024-11-19,MT,gasolina,176.3600,29
2024-11-19,PA,diesel_s10,86.0700,14
2024-11-19,PA,etanol,44.9900,10
2024-11-19,PA,gasolina,129.7700,21
2024-11-19,PB,diesel_s10,124.1600,21
2024-11-19,PB,etanol,77.4300,19
2024-11-19,PB,gasolina,168.8600,28
2024-11-19,PE,diesel_s10,214.9800,37
2024-11-19,PE,etanol,158.4300,37
2024-11-19,PE,gasolina,235.4600,39
2024-11-19,PI,diesel_s10,121.7000,20
2024-11-19,PI,etanol,90.0900,20
2024-11-19,PI,gasolina,161.5500,27
2024-11-19,PR,diesel_s10,262.1800,44
2024-11-19,PR,etanol,246.9800,56
2024-11-19,PR,gasolina,332.8900,54
2024-11-19,RJ,diesel_s10,268.0400,44
2024-11-19,RJ,etanol,317.6200,71
2024-11-19,RJ,gasolina,483.2300,80
2024-11-19,RN,diesel_s10,45.5100,7
2024-11-19,RN,etanol,45.2400,10
2024-11-19,RN,gasolina,67.3800,11
2024-11-19,RO,diesel_s10,112.8000,17
2024-11-19,RO,etanol,36.6900,7
2024-11-19,RO,gasolina,134.8900,19
2024-11-19,RR,diesel_s10,61.6900,9
2024-11-19,RR,etanol,15.2900,3
2024-11-19,RR,gasolina,61.4700,9
2024-11-19,RS,diesel_s10,317.1900,53
2024-11-19,RS,etanol,151.2200,33
2024-11-19,RS,gasolina,449.8900,75
2024-11-19,SC,diesel_s10,78.0500,13
2024-11-19,SC,etanol,97.8200,21
2024-11-19,SC,gasolina,202.8600,32
2024-11-19,SP,diesel_s10,1303.5100,216
2024-11-19,SP,etanol,1206.2900,308
2024-11-19,SP,gasolina,1811.1800,307
2024-11-19,TO,diesel_s10,65.4900,11
2024-11-19,TO,etanol,67.3800,14
2024-11-19,TO,gasolina,93.8500,14
2024-11-20,BA,diesel_s10,239.4200,40
2024-11-20,BA,etanol,190.9500,43
2024-11-20,BA,gasolina,276.6000,44
2024-11-20,CE,diesel_s10,69.2300,11
2024-11-20,CE,etanol,55.7100,11
2024-11-20,CE,gasolina,75.2700,12
2024-11-20,ES,diesel_s10,5.7900,1
2024-11-20,ES,etanol,4.0900,1
2024-11-20,ES,gasolina,6.0500,1
2024-11-20,GO,diesel_s10,61.4300,10
2024-11-20,GO,etanol,63.4400,16
2024-11-20,GO,gasolina,97.4400,16
2024-11-20,MA,diesel_s10,79.2900,14
2024-11-20,MA,etanol,56.9000,13
2024-11-20,MA,gasolina,88.0200,16
2024-11-20,MG,diesel_s10,118.7400,20
2024-11-20,MG,etanol,117.1200,29
2024-11-20,MG,gasolina,179.7700,30
2024-11-20,PB,diesel_s10,5.7900,1
2024-11-20,PB,etanol,8.3400,2
2024-11-20,PB,gasolina,11.7400,2
2024-11-20,PE,diesel_s10,28.5900,5
2024-11-20,PE,etanol,37.0000,9
2024-11-20,PE,gasolina,54.9100,9
2024-11-20,PI,diesel_s10,61.3200,10
2024-11-20,PI,etanol,35.4700,8
2024-11-20,PI,gasolina,71.2600,12
2024-11-20,RJ,diesel_s10,96.6600,16
2024-11-20,RJ,etanol,98.5600,21
2024-11-20,RJ,gasolina,165.0800,26
2024-11-20,RN,diesel_s10,19.4700,3
2024-11-20,RN,etanol,8.4800,2
2024-11-20,RN,gasolina,18.0700,3
2024-11-20,RO,diesel_s10,80.0900,12
2024-11-20,RO,etanol,30.7000,6
2024-11-20,RO,gasolina,79.3200,11
2024-11-20,RR,diesel_s10,13.7000,2
2024-11-20,RR,gasolina,20.4900,3
2024-11-20,RS,diesel_s10,222.2000,36
2024-11-20,RS,etanol,90.7900,19
2024-11-20,RS,gasolina,262.5000,43
2024-11-20,SC,diesel_s10,18.4500,3
2024-11-20,SC,etanol,4.8900,1
2024-11-20,SC,gasolina,18.6700,3
2024-11-20,SP,diesel_s10,371.2100,62
2024-11-20,SP,etanol,389.0000,101
2024-11-20,SP,gasolina,596.6900,102
2024-11-21,AL,diesel_s10,35.6700,6
2024-11-21,AL,etanol,36.8500,8
2024-11-21,AL,gasolina,49.3200,8
2024-11-21,AM,diesel_s10,116.1300,16
2024-11-21,AM,etanol,35.6300,7
2024-11-21,AM,gasolina,111.7200,15
2024-11-21,AP,diesel_s10,39.3500,6
2024-11-21,AP,gasolina,36.0200,6
2024-11-21,BA,diesel_s10,112.1600,18
2024-11-21,BA,etanol,97.5000,21
2024-11-21,BA,gasolina,140.2700,22
2024-11-21,CE,diesel_s10,123.8800,20
2024-11-21,CE,etanol,127.1600,25
2024-11-21,CE,gasolina,170.9400,27
2024-11-21,GO,diesel_s10,133.3200,22
2024-11-21,GO,etanol,120.5600,30
2024-11-21,GO,gasolina,167.2600,28
2024-11-21,MA,diesel_s10,140.9700,24
2024-11-21,MA,etanol,77.0700,16
2024-11-21,MA,gasolina,158.6100,26
2024-11-21,MG,diesel_s10,585.0100,98
2024-11-21,MG,etanol,533.9900,127
2024-11-21,MG,gasolina,833.1600,137
2024-11-21,MS,diesel_s10,44.5700,7
2024-11-21,MS,etanol,29.2600,7
2024-11-21,MS,gasolina,37.5700,6
2024-11-21,MT,etanol,4.2900,1
2024-11-21,MT,gasolina,6.3900,1
2024-11-21,PB,diesel_s10,18.2600,3
2024-11-21,PB,etanol,12.6700,3
2024-11-21,PB,gasolina,17.9700,3
2024-11-21,PE,diesel_s10,156.4900,26
2024-11-21,PE,etanol,94.7800,20
2024-11-21,PE,gasolina,164.8100,26
2024-11-21,PI,diesel_s10,11.9400,2
2024-11-21,PI,etanol,9.8000,2
2024-11-21,PI,gasolina,23.8100,4
2024-11-21,PR,diesel_s10,192.5700,32
2024-11-21,PR,etanol,214.3400,51
2024-11-21,PR,gasolina,269.8600,44
2024-11-21,RJ,diesel_s10,106.0100,17
2024-11-21,RJ,etanol,112.9600,26
2024-11-21,RJ,gasolina,158.9300,26
2024-11-21,RN,diesel_s10,85.8100,14
2024-11-21,RN,etanol,74.1800,17
2024-11-21,RN,gasolina,112.7100,18
2024-11-21,RS,diesel_s10,193.7000,31
2024-11-21,RS,etanol,70.9000,15
2024-11-21,RS,gasolina,241.1000,38
2024-11-21,SC,diesel_s10,67.4100,11
2024-11-21,SC,etanol,22.8900,5
2024-11-21,SC,gasolina,74.3200,12
2024-11-21,SP,diesel_s10,548.1200,90
2024-11-21,SP,etanol,533.8200,132
2024-11-21,SP,gasolina,837.1800,139
2024-11-21,TO,diesel_s10,71.2500,12
2024-11-21,TO,etanol,39.5700,9
2024-11-21,TO,gasolina,82.2100,13
2024-11-22,AC,diesel_s10,45.4200,6
2024-11-22,AC,etanol,20.9600,4
2024-11-22,AC,gasolina,44.9700,6
2024-11-22,BA,diesel_s10,83.8900,13
2024-11-22,BA,etanol,76.7500,16
2024-11-22,BA,gasolina,116.4300,18
2024-11-22,CE,diesel_s10,71.2100,12
2024-11-22,CE,etanol,66.4500,14
2024-11-22,CE,gasolina,83.4400,14
2024-11-22,GO,diesel_s10,54.0600,9
2024-11-22,GO,etanol,43.2900,11
2024-11-22,GO,gasolina,64.9900,11
2024-11-22,MG,diesel_s10,53.9900,9
2024-11-22,MG,etanol,51.4300,13
2024-11-22,MG,gasolina,76.7200,13
2024-11-22,MT,diesel_s10,77.4500,12
2024-11-22,MT,etanol,54.0700,13
2024-11-22,MT,gasolina,96.0200,15
2024-11-22,PE,diesel_s10,98.4000,17
2024-11-22,PE,etanol,78.6400,18
2024-11-22,PE,gasolina,112.9500,19
2024-11-22,PR,diesel_s10,41.7100,7
2024-11-22,PR,etanol,48.3700,11
2024-11-22,PR,gasolina,75.2500,12
2024-11-22,RJ,diesel_s10,44.0300,7
2024-11-22,RJ,etanol,40.1000,8
2024-11-22,RJ,gasolina,71.8900,11
2024-11-22,RN,diesel_s10,30.2000,5
2024-11-22,RN,etanol,28.4200,6
2024-11-22,RN,gasolina,35.7400,6
2024-11-22,RO,diesel_s10,34.4200,5
2024-11-22,RO,etanol,5.1000,1
2024-11-22,RO,gasolina,42.1400,6
2024-11-22,RS,diesel_s10,25.2600,4
2024-11-22,RS,etanol,4.9900,1
2024-11-22,RS,gasolina,24.3600,4
2024-11-22,SC,diesel_s10,6.1700,1
2024-11-22,SC,etanol,4.2900,1
2024-11-22,SC,gasolina,18.8400,3
2024-11-22,SP,diesel_s10,162.1000,27
2024-11-22,SP,etanol,152.7700,39
2024-11-22,SP,gasolina,226.7100,38
2024-11-23,BA,diesel_s10,99.6000,16
2024-11-23,BA,etanol,80.5100,18
2024-11-23,BA,gasolina,84.9900,13
2024-11-23,SP,diesel_s10,5.8900,1
2024-11-23,SP,etanol,3.8700,1
2024-11-23,SP,gasolina,5.7900,1
2024-11-25,AL,diesel_s10,151.1600,25
2024-11-25,AL,etanol,173.2900,37
2024-11-25,AL,gasolina,244.9200,39
2024-11-25,AM,diesel_s10,99.0400,15
2024-11-25,AM,etanol,95.2700,19
2024-11-25,AM,gasolina,153.6700,22
2024-11-25,AP,diesel_s10,39.3500,6
2024-11-25,AP,gasolina,36.0200,6
2024-11-25,BA,diesel_s10,200.0600,33
2024-11-25,BA,etanol,173.2900,39
2024-11-25,BA,gasolina,247.1800,39
2024-11-25,CE,diesel_s10,233.6700,38
2024-11-25,CE,etanol,218.6100,44
2024-11-25,CE,gasolina,309.1000,50
2024-11-25,DF,diesel_s10,104.3800,18
2024-11-25,DF,etanol,90.8300,23
2024-11-25,DF,gasolina,212.6800,36
2024-11-25,ES,diesel_s10,71.6400,12
2024-11-25,ES,etanol,52.0900,12
2024-11-25,ES,gasolina,115.2400,19
2024-11-25,GO,diesel_s10,223.0000,38
2024-11-25,GO,etanol,166.3900,44
2024-11-25,GO,gasolina,259.5600,45
2024-11-25,MA,diesel_s10,132.7600,22
2024-11-25,MA,etanol,90.4800,19
2024-11-25,MA,gasolina,171.7900,28
2024-11-25,MG,diesel_s10,507.8500,85
2024-11-25,MG,etanol,468.0700,112
2024-11-25,MG,gasolina,745.6600,123
2024-11-25,MS,diesel_s10,88.3000,14
2024-11-25,MS,etanol,68.8800,17
2024-11-25,MS,gasolina,204.9700,33
2024-11-25,MT,diesel_s10,81.1900,13
2024-11-25,MT,etanol,63.6400,16
2024-11-25,MT,gasolina,98.2600,16
2024-11-25,PA,diesel_s10,144.1800,23
2024-11-25,PA,etanol,61.7300,13
2024-11-25,PA,gasolina,229.9100,37
2024-11-25,PB,diesel_s10,134.3300,23
2024-11-25,PB,etanol,139.3400,33
2024-11-25,PB,gasolina,212.3700,36
2024-11-25,PE,diesel_s10,150.4200,26
2024-11-25,PE,etanol,173.6100,42
2024-11-25,PE,gasolina,274.6500,46
2024-11-25,PI,diesel_s10,19.5700,3
2024-11-25,PI,etanol,18.2800,4
2024-11-25,PI,gasolina,40.8900,7
2024-11-25,PR,diesel_s10,339.9800,56
2024-11-25,PR,etanol,342.0800,80
2024-11-25,PR,gasolina,515.5900,84
2024-11-25,RJ,diesel_s10,697.8500,113
2024-11-25,RJ,etanol,723.1800,162
2024-11-25,RJ,gasolina,1078.4600,178
2024-11-25,RN,diesel_s10,23.9100,4
2024-11-25,RN,etanol,34.7400,9
2024-11-25,RN,gasolina,47.2000,8
2024-11-25,RO,diesel_s10,188.5500,28
2024-11-25,RO,etanol,56.5400,11
2024-11-25,RO,gasolina,226.1600,32
2024-11-25,RR,diesel_s10,6.8300,1
2024-11-25,RR,gasolina,13.6600,2
2024-11-25,RS,diesel_s10,459.1000,75
2024-11-25,RS,etanol,196.1700,41
2024-11-25,RS,gasolina,615.1400,102
2024-11-25,SC,diesel_s10,311.6300,51
2024-11-25,SC,etanol,243.7400,54
2024-11-25,SC,gasolina,549.1700,87
2024-11-25,SE,diesel_s10,80.7100,14
2024-11-25,SE,etanol,84.7000,19
2024-11-25,SE,gasolina,178.5100,29
2024-11-25,SP,diesel_s10,1944.1800,320
2024-11-25,SP,etanol,2019.6800,513
2024-11-25,SP,gasolina,3098.0800,519
2024-11-25,TO,diesel_s10,90.5500,15
2024-11-25,TO,etanol,71.1900,16
2024-11-25,TO,gasolina,120.2200,19
2024-11-26,AC,etanol,10.1900,2
2024-11-26,AC,gasolina,22.3900,3
2024-11-26,AM,diesel_s10,6.3900,1
2024-11-26,AM,etanol,4.9900,1
2024-11-26,AM,gasolina,6.9900,1
2024-11-26,AP,diesel_s10,45.6700,7
2024-11-26,AP,etanol,15.5300,3
2024-11-26,AP,gasolina,99.9800,17
2024-11-26,BA,diesel_s10,354.7600,57
2024-11-26,BA,etanol,333.4500,73
2024-11-26,BA,gasolina,481.1600,75
2024-11-26,CE,diesel_s10,142.6300,23
2024-11-26,CE,etanol,164.7300,34
2024-11-26,CE,gasolina,223.0800,37
2024-11-26,DF,diesel_s10,17.7200,3
2024-11-26,DF,etanol,24.3200,6
2024-11-26,DF,gasolina,84.6700,14
2024-11-26,ES,diesel_s10,119.7000,20
2024-11-26,ES,etanol,99.4400,23
2024-11-26,ES,gasolina,215.8400,35
2024-11-26,GO,diesel_s10,229.9000,38
2024-11-26,GO,etanol,226.0000,57
2024-11-26,GO,gasolina,334.0900,55
2024-11-26,MA,diesel_s10,131.0400,22
2024-11-26,MA,etanol,69.0800,14
2024-11-26,MA,gasolina,158.2800,26
2024-11-26,MG,diesel_s10,588.0700,99
2024-11-26,MG,etanol,564.1100,136
2024-11-26,MG,gasolina,843.7600,140
2024-11-26,MS,diesel_s10,86.4300,14
2024-11-26,MS,etanol,62.9300,16
2024-11-26,MS,gasolina,125.1100,21
2024-11-26,MT,diesel_s10,36.0700,6
2024-11-26,MT,etanol,48.6300,13
2024-11-26,MT,gasolina,77.8600,13
2024-11-26,PA,diesel_s10,76.3800,12
2024-11-26,PA,etanol,50.1100,11
2024-11-26,PA,gasolina,117.6400,19
2024-11-26,PB,diesel_s10,24.1400,4
2024-11-26,PB,etanol,12.9100,3
2024-11-26,PB,gasolina,36.0400,6
2024-11-26,PE,diesel_s10,215.9500,37
2024-11-26,PE,etanol,139.8900,33
2024-11-26,PE,gasolina,236.4700,39
2024-11-26,PI,diesel_s10,17.6600,3
2024-11-26,PI,etanol,13.9200,3
2024-11-26,PI,gasolina,35.4900,6
2024-11-26,PR,diesel_s10,172.0800,28
2024-11-26,PR,etanol,183.2600,43
2024-11-26,PR,gasolina,264.9500,43
2024-11-26,RJ,diesel_s10,165.7900,27
2024-11-26,RJ,etanol,204.6200,46
2024-11-26,RJ,gasolina,314.5500,52
2024-11-26,RN,diesel_s10,37.3300,6
2024-11-26,RN,etanol,31.6900,7
2024-11-26,RN,gasolina,41.8500,7
2024-11-26,RO,diesel_s10,61.4600,9
2024-11-26,RO,etanol,25.6700,5
2024-11-26,RO,gasolina,93.2200,13
2024-11-26,RR,diesel_s10,55.5500,8
2024-11-26,RR,etanol,10.3500,2
2024-11-26,RR,gasolina,55.0000,8
2024-11-26,RS,diesel_s10,329.0800,54
2024-11-26,RS,etanol,122.3000,26
2024-11-26,RS,gasolina,411.1000,68
2024-11-26,SC,diesel_s10,54.4400,9
2024-11-26,SC,etanol,41.6100,9
2024-11-26,SC,gasolina,81.1900,13
2024-11-26,SP,diesel_s10,1172.2300,193
2024-11-26,SP,etanol,1121.2800,286
2024-11-26,SP,gasolina,1709.1900,289
2024-11-26,TO,diesel_s10,47.5800,8
2024-11-26,TO,etanol,32.5300,7
2024-11-26,TO,gasolina,52.2400,8
2024-11-27,AL,diesel_s10,56.5000,9
2024-11-27,AL,etanol,51.5200,11
2024-11-27,AL,gasolina,74.8700,12
2024-11-27,AM,diesel_s10,126.9100,18
2024-11-27,AM,etanol,70.0300,14
2024-11-27,AM,gasolina,174.7500,24
2024-11-27,BA,diesel_s10,249.0000,41
2024-11-27,BA,etanol,186.3200,41
2024-11-27,BA,gasolina,271.9400,43
2024-11-27,CE,diesel_s10,12.4800,2
2024-11-27,CE,etanol,9.5600,2
2024-11-27,CE,gasolina,29.9900,5
2024-11-27,ES,diesel_s10,11.8400,2
2024-11-27,ES,etanol,4.0500,1
2024-11-27,ES,gasolina,12.1300,2
2024-11-27,GO,diesel_s10,135.1100,23
2024-11-27,GO,etanol,133.3300,34
2024-11-27,GO,gasolina,203.5900,34
2024-11-27,MA,diesel_s10,33.4800,6
2024-11-27,MA,etanol,26.7500,6
2024-11-27,MA,gasolina,49.2400,9
2024-11-27,MG,diesel_s10,345.2700,58
2024-11-27,MG,etanol,327.9000,78
2024-11-27,MG,gasolina,502.9100,83
2024-11-27,MS,diesel_s10,25.9800,4
2024-11-27,MS,etanol,16.5600,4
2024-11-27,MS,gasolina,25.3000,4
2024-11-27,MT,diesel_s10,123.2800,20
2024-11-27,MT,etanol,118.2800,30
2024-11-27,MT,gasolina,184.5100,30
2024-11-27,PA,diesel_s10,99.2300,15
2024-11-27,PA,etanol,24.9600,5
2024-11-27,PA,gasolina,151.9600,23
2024-11-27,PB,diesel_s10,70.8900,12
2024-11-27,PB,etanol,44.7300,11
2024-11-27,PB,gasolina,102.3800,17
2024-11-27,PE,diesel_s10,240.5700,41
2024-11-27,PE,etanol,143.6200,33
2024-11-27,PE,gasolina,266.9000,44
2024-11-27,PI,diesel_s10,133.0100,22
2024-11-27,PI,etanol,115.9200,26
2024-11-27,PI,gasolina,225.1100,38
2024-11-27,PR,diesel_s10,126.4200,21
2024-11-27,PR,etanol,155.6300,35
2024-11-27,PR,gasolina,224.9900,36
2024-11-27,RJ,diesel_s10,90.1500,15
2024-11-27,RJ,etanol,99.3300,22
2024-11-27,RJ,gasolina,161.5400,26
2024-11-27,RN,diesel_s10,46.7100,7
2024-11-27,RN,etanol,27.8400,6
2024-11-27,RN,gasolina,49.1100,8
2024-11-27,RO,diesel_s10,6.8500,1
2024-11-27,RO,gasolina,7.1200,1
2024-11-27,RR,diesel_s10,34.6400,5
2024-11-27,RR,etanol,5.1500,1
2024-11-27,RR,gasolina,34.3300,5
2024-11-27,RS,diesel_s10,449.5200,73
2024-11-27,RS,etanol,188.4800,40
2024-11-27,RS,gasolina,587.2800,95
2024-11-27,SC,diesel_s10,119.7100,20
2024-11-27,SC,etanol,50.0500,11
2024-11-27,SC,gasolina,171.3800,28
2024-11-27,SP,diesel_s10,756.8100,124
2024-11-27,SP,etanol,686.8100,172
2024-11-27,SP,gasolina,1052.3700,176
2024-11-27,TO,diesel_s10,89.1700,15
2024-11-27,TO,etanol,70.4800,15
2024-11-27,TO,gasolina,111.1000,17
2024-11-28,AC,diesel_s10,62.6200,8
2024-11-28,AC,etanol,27.3000,5
2024-11-28,AC,gasolina,68.8700,9
2024-11-28,AM,diesel_s10,53.4100,8
2024-11-28,AM,etanol,35.6300,7
2024-11-28,AM,gasolina,55.7900,8
2024-11-28,BA,diesel_s10,182.5600,30
2024-11-28,BA,etanol,150.5000,33
2024-11-28,BA,gasolina,253.0600,40
2024-11-28,CE,diesel_s10,81.9100,13
2024-11-28,CE,etanol,83.7300,16
2024-11-28,CE,gasolina,116.9300,18
2024-11-28,ES,diesel_s10,65.9500,11
2024-11-28,ES,etanol,45.4100,10
2024-11-28,ES,gasolina,92.5600,14
2024-11-28,GO,diesel_s10,66.2900,11
2024-11-28,GO,etanol,51.5900,13
2024-11-28,GO,gasolina,77.5500,13
2024-11-28,MA,diesel_s10,138.2400,24
2024-11-28,MA,etanol,51.1200,11
2024-11-28,MA,gasolina,133.3800,23
2024-11-28,MG,diesel_s10,377.5900,62
2024-11-28,MG,etanol,331.6600,80
2024-11-28,MG,gasolina,509.8700,84
2024-11-28,MT,diesel_s10,32.5700,5
2024-11-28,MT,etanol,24.2300,6
2024-11-28,MT,gasolina,51.6300,8
2024-11-28,PB,diesel_s10,35.2300,6
2024-11-28,PB,etanol,30.7200,8
2024-11-28,PB,gasolina,47.0900,8
2024-11-28,PE,diesel_s10,167.9100,28
2024-11-28,PE,etanol,131.6600,29
2024-11-28,PE,gasolina,207.3300,33
2024-11-28,PI,diesel_s10,35.9500,6
2024-11-28,PI,etanol,14.5500,3
2024-11-28,PI,gasolina,47.8200,8
2024-11-28,PR,diesel_s10,288.9300,48
2024-11-28,PR,etanol,307.0900,74
2024-11-28,PR,gasolina,405.0300,66
2024-11-28,RJ,diesel_s10,155.6200,25
2024-11-28,RJ,etanol,133.8800,30
2024-11-28,RJ,gasolina,204.6000,33
2024-11-28,RN,diesel_s10,61.4600,10
2024-11-28,RN,etanol,50.5100,12
2024-11-28,RN,gasolina,87.6700,14
2024-11-28,RO,diesel_s10,41.5700,6
2024-11-28,RO,etanol,5.1000,1
2024-11-28,RO,gasolina,49.1300,7
2024-11-28,RR,diesel_s10,6.9800,1
2024-11-28,RR,gasolina,13.7200,2
2024-11-28,RS,diesel_s10,98.4600,16
2024-11-28,RS,etanol,31.8400,7
2024-11-28,RS,gasolina,117.8000,19
2024-11-28,SC,diesel_s10,78.7100,13
2024-11-28,SC,etanol,59.2000,13
2024-11-28,SC,gasolina,107.0000,17
2024-11-28,SP,diesel_s10,601.7300,99
2024-11-28,SP,etanol,509.8200,129
2024-11-28,SP,gasolina,790.0300,131
2024-11-29,ES,diesel_s10,12.4800,2
2024-11-29,ES,etanol,4.5900,1
2024-11-29,ES,gasolina,13.4300,2
2024-11-29,GO,diesel_s10,36.6700,6
2024-11-29,GO,etanol,35.1200,9
2024-11-29,GO,gasolina,53.8100,9
2024-11-29,MA,diesel_s10,54.9200,9
2024-11-29,MA,etanol,35.3500,7
2024-11-29,MA,gasolina,59.6900,9
2024-11-29,MG,diesel_s10,18.0000,3
2024-11-29,MG,etanol,20.6100,5
2024-11-29,MG,gasolina,30.2200,5
2024-11-29,PR,diesel_s10,84.6600,14
2024-11-29,PR,etanol,81.4600,18
2024-11-29,PR,gasolina,114.3400,18
2024-11-29,RN,diesel_s10,5.9900,1
2024-11-29,RN,etanol,3.8900,1
2024-11-29,RN,gasolina,5.6900,1
2024-11-29,RS,diesel_s10,17.4900,3
2024-11-29,RS,etanol,8.8800,2
2024-11-29,RS,gasolina,17.8000,3
2024-11-29,SC,diesel_s10,12.5000,2
2024-11-29,SC,gasolina,18.9300,3
2024-11-29,SP,diesel_s10,42.0200,7
2024-11-29,SP,etanol,60.1900,15
2024-11-29,SP,gasolina,90.0900,15
2024-12-02,AL,diesel_s10,23.6600,4
2024-12-02,AL,etanol,49.5200,11
2024-12-02,AL,gasolina,73.3200,12
2024-12-02,AM,diesel_s10,90.8500,14
2024-12-02,AM,etanol,89.9800,18
2024-12-02,AM,gasolina,160.7400,23
2024-12-02,AP,diesel_s10,78.9600,12
2024-12-02,AP,etanol,15.8700,3
2024-12-02,AP,gasolina,130.1700,22
2024-12-02,BA,diesel_s10,240.9100,39
2024-12-02,BA,etanol,223.0300,49
2024-12-02,BA,gasolina,334.5600,52
2024-12-02,CE,diesel_s10,212.6200,33
2024-12-02,CE,etanol,190.9600,38
2024-12-02,CE,gasolina,250.6800,39
2024-12-02,DF,diesel_s10,80.6200,14
2024-12-02,DF,etanol,78.5700,19
2024-12-02,DF,gasolina,137.1100,23
2024-12-02,ES,diesel_s10,107.3800,18
2024-12-02,ES,etanol,69.1300,16
2024-12-02,ES,gasolina,140.1700,23
2024-12-02,GO,diesel_s10,372.6300,63
2024-12-02,GO,etanol,302.4300,78
2024-12-02,GO,gasolina,466.2700,79
2024-12-02,MA,diesel_s10,235.5900,39
2024-12-02,MA,etanol,132.7900,28
2024-12-02,MA,gasolina,280.8400,46
2024-12-02,MG,diesel_s10,443.7000,74
2024-12-02,MG,etanol,491.4000,116
2024-12-02,MG,gasolina,769.7500,126
2024-12-02,MS,diesel_s10,48.5300,8
2024-12-02,MS,etanol,44.8700,11
2024-12-02,MS,gasolina,145.5000,23
2024-12-02,MT,diesel_s10,114.6400,18
2024-12-02,MT,etanol,106.2500,26
2024-12-02,MT,gasolina,161.5500,26
2024-12-02,PA,diesel_s10,196.4800,31
2024-12-02,PA,etanol,81.4900,17
2024-12-02,PA,gasolina,287.4500,45
2024-12-02,PB,diesel_s10,147.3100,25
2024-12-02,PB,etanol,130.0300,31
2024-12-02,PB,gasolina,242.8800,41
2024-12-02,PE,diesel_s10,213.8500,37
2024-12-02,PE,etanol,195.3500,49
2024-12-02,PE,gasolina,326.0500,56
2024-12-02,PI,diesel_s10,49.8800,8
2024-12-02,PI,etanol,54.5400,12
2024-12-02,PI,gasolina,101.4500,17
2024-12-02,PR,diesel_s10,215.7700,35
2024-12-02,PR,etanol,232.0000,53
2024-12-02,PR,gasolina,348.8500,56
2024-12-02,RJ,diesel_s10,576.7400,94
2024-12-02,RJ,etanol,613.1200,139
2024-12-02,RJ,gasolina,907.3200,151
2024-12-02,RN,diesel_s10,5.9900,1
2024-12-02,RN,etanol,7.4500,2
2024-12-02,RN,gasolina,11.0300,2
2024-12-02,RO,diesel_s10,48.5700,7
2024-12-02,RO,etanol,20.5400,4
2024-12-02,RO,gasolina,76.7000,11
2024-12-02,RR,diesel_s10,14.0600,2
2024-12-02,RR,gasolina,20.6700,3
2024-12-02,RS,diesel_s10,382.8900,62
2024-12-02,RS,etanol,180.9300,37
2024-12-02,RS,gasolina,543.0700,88
2024-12-02,SC,diesel_s10,287.1700,47
2024-12-02,SC,etanol,230.9300,51
2024-12-02,SC,gasolina,523.6900,83
2024-12-02,SE,diesel_s10,53.0100,9
2024-12-02,SE,etanol,22.3500,5
2024-12-02,SE,gasolina,68.0900,11
2024-12-02,SP,diesel_s10,2096.0300,343
2024-12-02,SP,etanol,2208.6200,561
2024-12-02,SP,gasolina,3377.2100,566
2024-12-02,TO,diesel_s10,91.3600,15
2024-12-02,TO,etanol,77.2900,17
2024-12-02,TO,gasolina,128.5500,20
2024-12-03,AL,diesel_s10,61.5700,10
2024-12-03,AL,etanol,56.2500,12
2024-12-03,AL,gasolina,81.3500,13
2024-12-03,AP,diesel_s10,6.7800,1
2024-12-03,AP,gasolina,6.1300,1
2024-12-03,BA,diesel_s10,196.8300,32
2024-12-03,BA,etanol,194.5200,43
2024-12-03,BA,gasolina,302.9000,48
2024-12-03,CE,diesel_s10,81.4900,13
2024-12-03,CE,etanol,106.5000,22
2024-12-03,CE,gasolina,139.4400,22
2024-12-03,DF,diesel_s10,48.3000,8
2024-12-03,DF,etanol,49.1800,12
2024-12-03,DF,gasolina,157.7800,26
2024-12-03,ES,diesel_s10,96.1900,16
2024-12-03,ES,etanol,78.3500,18
2024-12-03,ES,gasolina,217.7200,35
2024-12-03,GO,diesel_s10,59.4800,10
2024-12-03,GO,etanol,60.1000,15
2024-12-03,GO,gasolina,89.6000,15
2024-12-03,MA,diesel_s10,192.8300,33
2024-12-03,MA,etanol,89.7300,19
2024-12-03,MA,gasolina,223.0700,38
2024-12-03,MG,diesel_s10,486.6300,82
2024-12-03,MG,etanol,468.4500,113
2024-12-03,MG,gasolina,698.8400,116
2024-12-03,MS,diesel_s10,48.6600,8
2024-12-03,MS,etanol,37.6100,10
2024-12-03,MS,gasolina,86.5300,15
2024-12-03,MT,diesel_s10,85.0900,14
2024-12-03,MT,etanol,75.0300,19
2024-12-03,MT,gasolina,115.1900,19
2024-12-03,PA,diesel_s10,87.0500,14
2024-12-03,PA,etanol,35.8900,8
2024-12-03,PA,gasolina,131.3500,21
2024-12-03,PB,diesel_s10,5.6900,1
2024-12-03,PB,etanol,3.9900,1
2024-12-03,PB,gasolina,5.8500,1
2024-12-03,PE,diesel_s10,181.7500,31
2024-12-03,PE,etanol,110.7800,27
2024-12-03,PE,gasolina,190.3200,32
2024-12-03,PI,diesel_s10,47.4600,8
2024-12-03,PI,etanol,40.0700,9
2024-12-03,PI,gasolina,81.7200,14
2024-12-03,PR,diesel_s10,170.5900,28
2024-12-03,PR,etanol,169.0700,41
2024-12-03,PR,gasolina,250.1700,41
2024-12-03,RJ,diesel_s10,194.0100,31
2024-12-03,RJ,etanol,204.2500,46
2024-12-03,RJ,gasolina,339.4300,56
2024-12-03,RN,diesel_s10,37.0800,6
2024-12-03,RN,etanol,32.7200,8
2024-12-03,RN,gasolina,41.1300,7
2024-12-03,RO,diesel_s10,167.0900,25
2024-12-03,RO,etanol,56.5500,11
2024-12-03,RO,gasolina,212.7700,30
2024-12-03,RR,diesel_s10,55.8400,8
2024-12-03,RR,etanol,10.3500,2
2024-12-03,RR,gasolina,55.1200,8
2024-12-03,RS,diesel_s10,488.0400,80
2024-12-03,RS,etanol,209.0100,44
2024-12-03,RS,gasolina,673.6900,112
2024-12-03,SC,diesel_s10,91.9100,15
2024-12-03,SC,etanol,62.9400,14
2024-12-03,SC,gasolina,125.1700,20
2024-12-03,SE,diesel_s10,24.0600,4
2024-12-03,SE,etanol,61.3900,14
2024-12-03,SE,gasolina,107.6200,17
2024-12-03,SP,diesel_s10,829.6300,134
2024-12-03,SP,etanol,825.1800,207
2024-12-03,SP,gasolina,1251.7100,207
2024-12-03,TO,diesel_s10,42.6900,7
2024-12-03,TO,etanol,47.6000,10
2024-12-03,TO,gasolina,66.5900,10
2024-12-04,AC,diesel_s10,55.0900,7
2024-12-04,AC,etanol,37.0500,7
2024-12-04,AC,gasolina,83.4200,11
2024-12-04,AL,diesel_s10,87.6600,14
2024-12-04,AL,etanol,76.1200,16
2024-12-04,AL,gasolina,116.2600,18
2024-12-04,AM,diesel_s10,126.6100,18
2024-12-04,AM,etanol,65.0600,13
2024-12-04,AM,gasolina,175.7500,24
2024-12-04,BA,diesel_s10,205.9300,33
2024-12-04,BA,etanol,175.6500,38
2024-12-04,BA,gasolina,242.9800,38
2024-12-04,CE,diesel_s10,87.8400,14
2024-12-04,CE,etanol,65.9600,13
2024-12-04,CE,gasolina,98.5300,16
2024-12-04,ES,diesel_s10,53.8700,9
2024-12-04,ES,etanol,40.2500,9
2024-12-04,ES,gasolina,70.2700,11
2024-12-04,GO,diesel_s10,187.0800,31
2024-12-04,GO,etanol,171.4600,44
2024-12-04,GO,gasolina,255.7500,43
2024-12-04,MA,diesel_s10,30.2600,5
2024-12-04,MA,etanol,14.9000,3
2024-12-04,MA,gasolina,27.0100,4
2024-12-04,MG,diesel_s10,365.0800,61
2024-12-04,MG,etanol,282.2700,69
2024-12-04,MG,gasolina,447.7300,75
2024-12-04,MS,diesel_s10,19.6400,3
2024-12-04,MS,etanol,8.3800,2
2024-12-04,MS,gasolina,43.8000,7
2024-12-04,MT,diesel_s10,38.2000,6
2024-12-04,MT,etanol,57.2500,14
2024-12-04,MT,gasolina,86.6800,14
2024-12-04,PA,diesel_s10,66.9000,10
2024-12-04,PA,etanol,35.1700,7
2024-12-04,PA,gasolina,79.2400,12
2024-12-04,PB,diesel_s10,37.4700,6
2024-12-04,PB,etanol,18.8500,4
2024-12-04,PB,gasolina,43.7200,7
2024-12-04,PE,diesel_s10,117.4300,20
2024-12-04,PE,etanol,81.3800,19
2024-12-04,PE,gasolina,142.2900,24
2024-12-04,PI,diesel_s10,90.8500,15
2024-12-04,PI,etanol,58.6400,13
2024-12-04,PI,gasolina,137.5000,23
2024-12-04,PR,diesel_s10,272.4100,45
2024-12-04,PR,etanol,303.9900,68
2024-12-04,PR,gasolina,426.3200,68
2024-12-04,RJ,diesel_s10,72.8400,12
2024-12-04,RJ,etanol,87.0400,19
2024-12-04,RJ,gasolina,137.5400,22
2024-12-04,RN,diesel_s10,65.8800,10
2024-12-04,RN,etanol,62.1700,13
2024-12-04,RN,gasolina,96.1200,15
2024-12-04,RO,diesel_s10,28.1300,4
2024-12-04,RO,etanol,4.9900,1
2024-12-04,RO,gasolina,37.0700,5
2024-12-04,RR,diesel_s10,27.7600,4
2024-12-04,RR,gasolina,27.5600,4
2024-12-04,RS,diesel_s10,333.4500,55
2024-12-04,RS,etanol,151.1800,33
2024-12-04,RS,gasolina,423.3200,69
2024-12-04,SC,diesel_s10,219.4200,36
2024-12-04,SC,etanol,137.4800,30
2024-12-04,SC,gasolina,285.4600,46
2024-12-04,SP,diesel_s10,677.5100,113
2024-12-04,SP,etanol,622.7400,160
2024-12-04,SP,gasolina,965.5000,165
2024-12-04,TO,diesel_s10,35.9100,6
2024-12-04,TO,etanol,17.3500,4
2024-12-04,TO,gasolina,38.4500,6
2024-12-05,AC,diesel_s10,15.1900,2
2024-12-05,AC,etanol,20.9600,4
2024-12-05,AC,gasolina,37.4000,5
2024-12-05,AL,diesel_s10,36.7400,6
2024-12-05,AL,etanol,32.5000,7
2024-12-05,AL,gasolina,49.2700,8
2024-12-05,AM,diesel_s10,53.4100,8
2024-12-05,AM,etanol,35.6300,7
2024-12-05,AM,gasolina,55.9000,8
2024-12-05,BA,diesel_s10,316.8800,51
2024-12-05,BA,etanol,237.5400,52
2024-12-05,BA,gasolina,352.3600,55
2024-12-05,CE,diesel_s10,126.0400,20
2024-12-05,CE,etanol,107.3800,21
2024-12-05,CE,gasolina,181.4000,28
2024-12-05,ES,diesel_s10,12.5800,2
2024-12-05,ES,etanol,4.5900,1
2024-12-05,ES,gasolina,13.4300,2
2024-12-05,GO,diesel_s10,157.7600,26
2024-12-05,GO,etanol,138.0500,35
2024-12-05,GO,gasolina,214.5900,36
2024-12-05,MA,diesel_s10,17.7700,3
2024-12-05,MA,etanol,18.5100,4
2024-12-05,MA,gasolina,24.8100,4
2024-12-05,MG,diesel_s10,497.5800,82
2024-12-05,MG,etanol,405.3900,97
2024-12-05,MG,gasolina,638.1200,105
2024-12-05,MS,diesel_s10,49.8900,8
2024-12-05,MS,etanol,49.2200,12
2024-12-05,MS,gasolina,86.1100,14
2024-12-05,MT,diesel_s10,5.9900,1
2024-12-05,MT,etanol,3.5900,1
2024-12-05,MT,gasolina,5.8900,1
2024-12-05,PB,diesel_s10,12.0400,2
2024-12-05,PB,etanol,8.8800,2
2024-12-05,PB,gasolina,12.1400,2
2024-12-05,PE,diesel_s10,225.0700,37
2024-12-05,PE,etanol,160.6400,35
2024-12-05,PE,gasolina,268.3900,42
2024-12-05,PR,diesel_s10,264.3400,44
2024-12-05,PR,etanol,282.6100,65
2024-12-05,PR,gasolina,372.8300,60
2024-12-05,RJ,diesel_s10,173.6600,28
2024-12-05,RJ,etanol,171.1500,39
2024-12-05,RJ,gasolina,266.8600,44
2024-12-05,RN,diesel_s10,31.5500,5
2024-12-05,RN,etanol,29.9400,6
2024-12-05,RN,gasolina,45.8300,7
2024-12-05,RO,diesel_s10,14.1700,2
2024-12-05,RO,gasolina,14.0900,2
2024-12-05,RS,diesel_s10,94.7800,15
2024-12-05,RS,etanol,14.5300,3
2024-12-05,RS,gasolina,137.3400,22
2024-12-05,SC,diesel_s10,5.8900,1
2024-12-05,SC,etanol,8.3800,2
2024-12-05,SC,gasolina,18.0200,3
2024-12-05,SP,diesel_s10,806.6800,132
2024-12-05,SP,etanol,693.5600,176
2024-12-05,SP,gasolina,1083.0200,182
2024-12-05,TO,diesel_s10,41.4200,7
2024-12-05,TO,etanol,27.8100,6
2024-12-05,TO,gasolina,50.3000,8
2024-12-06,BA,diesel_s10,42.7100,7
2024-12-06,BA,etanol,37.5300,8
2024-12-06,BA,gasolina,44.3400,7
2024-12-06,MG,diesel_s10,18.6200,3
2024-12-06,MG,etanol,25.3400,6
2024-12-06,MG,gasolina,37.3900,6
2024-12-06,RJ,diesel_s10,51.7400,8
2024-12-06,RJ,etanol,44.0200,10
2024-12-06,RJ,gasolina,61.6700,10
2024-12-06,RN,diesel_s10,19.1700,3
2024-12-06,RN,etanol,13.7700,3
2024-12-06,RN,gasolina,25.8600,4
2024-12-06,RS,diesel_s10,11.9800,2
2024-12-06,RS,etanol,10.1600,2
2024-12-06,RS,gasolina,18.2200,3
2024-12-06,SP,diesel_s10,145.7400,24
2024-12-06,SP,etanol,128.0500,32
2024-12-06,SP,gasolina,191.7100,32
2024-12-06,TO,diesel_s10,23.9800,4
2024-12-06,TO,etanol,18.9600,4
2024-12-06,TO,gasolina,26.7600,4
2024-12-09,AL,diesel_s10,55.2500,9
2024-12-09,AL,etanol,69.2300,15
2024-12-09,AL,gasolina,110.8900,18
2024-12-09,AM,diesel_s10,97.0400,15
2024-12-09,AM,etanol,79.9200,16
2024-12-09,AM,gasolina,125.8100,18
2024-12-09,AP,diesel_s10,19.6900,3
2024-12-09,AP,gasolina,18.0000,3
2024-12-09,BA,diesel_s10,217.3700,35
2024-12-09,BA,etanol,204.5100,45
2024-12-09,BA,gasolina,306.1300,48
2024-12-09,CE,diesel_s10,128.0800,20
2024-12-09,CE,etanol,89.0900,18
2024-12-09,CE,gasolina,146.3200,23
2024-12-09,DF,diesel_s10,107.8100,18
2024-12-09,DF,etanol,95.2300,23
2024-12-09,DF,gasolina,189.7700,32
2024-12-09,ES,diesel_s10,143.7300,24
2024-12-09,ES,etanol,114.2700,26
2024-12-09,ES,gasolina,230.3000,37
2024-12-09,GO,diesel_s10,307.8400,51
2024-12-09,GO,etanol,279.5100,63
2024-12-09,GO,gasolina,406.9900,64
2024-12-09,MA,diesel_s10,206.7600,34
2024-12-09,MA,etanol,105.6300,22
2024-12-09,MA,gasolina,239.9000,39
2024-12-09,MG,diesel_s10,518.3400,86
2024-12-09,MG,etanol,515.8100,124
2024-12-09,MG,gasolina,811.2000,134
2024-12-09,MS,diesel_s10,70.1500,11
2024-12-09,MS,etanol,50.6200,12
2024-12-09,MS,gasolina,157.0400,25
2024-12-09,MT,diesel_s10,60.3000,10
2024-12-09,MT,etanol,62.1700,16
2024-12-09,MT,gasolina,97.0000,16
2024-12-09,PA,diesel_s10,245.9300,38
2024-12-09,PA,etanol,117.4300,24
2024-12-09,PA,gasolina,368.3600,57
2024-12-09,PB,diesel_s10,47.4500,8
2024-12-09,PB,etanol,54.6700,13
2024-12-09,PB,gasolina,82.3900,14
2024-12-09,PE,diesel_s10,124.2100,21
2024-12-09,PE,etanol,150.0100,34
2024-12-09,PE,gasolina,233.1200,38
2024-12-09,PI,diesel_s10,6.1900,1
2024-12-09,PI,etanol,9.2400,2
2024-12-09,PI,gasolina,23.8600,4
2024-12-09,PR,diesel_s10,92.0900,15
2024-12-09,PR,etanol,118.8000,28
2024-12-09,PR,gasolina,192.6700,31
2024-12-09,RJ,diesel_s10,608.0600,100
2024-12-09,RJ,etanol,663.2400,149
2024-12-09,RJ,gasolina,965.3600,160
2024-12-09,RN,diesel_s10,6.0900,1
2024-12-09,RN,etanol,9.8800,2
2024-12-09,RN,gasolina,13.3800,2
2024-12-09,RO,diesel_s10,120.5300,18
2024-12-09,RO,etanol,51.2500,10
2024-12-09,RO,gasolina,184.3900,26
2024-12-09,RR,diesel_s10,13.9600,2
2024-12-09,RR,etanol,5.1500,1
2024-12-09,RR,gasolina,13.7800,2
2024-12-09,RS,diesel_s10,375.0600,61
2024-12-09,RS,etanol,176.1900,37
2024-12-09,RS,gasolina,495.0300,81
2024-12-09,SC,diesel_s10,347.2800,57
2024-12-09,SC,etanol,204.1900,45
2024-12-09,SC,gasolina,559.1600,89
2024-12-09,SE,diesel_s10,53.5100,9
2024-12-09,SE,etanol,65.6800,15
2024-12-09,SE,gasolina,138.5700,22
2024-12-09,SP,diesel_s10,2123.3200,348
2024-12-09,SP,etanol,2141.1100,542
2024-12-09,SP,gasolina,3278.1100,549
2024-12-09,TO,diesel_s10,139.2000,23
2024-12-09,TO,etanol,115.1000,25
2024-12-09,TO,gasolina,182.2200,28
2024-12-10,AC,diesel_s10,7.5500,1
2024-12-10,AC,etanol,10.1800,2
2024-12-10,AC,gasolina,22.1200,3
2024-12-10,AL,diesel_s10,36.9100,6
2024-12-10,AL,etanol,42.6500,9
2024-12-10,AL,gasolina,63.4700,10
2024-12-10,AP,diesel_s10,32.8100,5
2024-12-10,AP,etanol,15.8700,3
2024-12-10,AP,gasolina,100.1200,17
2024-12-10,BA,diesel_s10,240.7500,39
2024-12-10,BA,etanol,205.9200,46
2024-12-10,BA,gasolina,296.0500,47
2024-12-10,CE,diesel_s10,287.3200,45
2024-12-10,CE,etanol,298.5100,60
2024-12-10,CE,gasolina,404.7200,63
2024-12-10,DF,diesel_s10,17.7300,3
2024-12-10,DF,etanol,24.7000,6
2024-12-10,DF,gasolina,106.7400,18
2024-12-10,ES,diesel_s10,137.9900,23
2024-12-10,ES,etanol,82.5200,19
2024-12-10,ES,gasolina,197.1900,32
2024-12-10,GO,diesel_s10,132.3600,22
2024-12-10,GO,etanol,137.4700,33
2024-12-10,GO,gasolina,195.0600,32
2024-12-10,MA,diesel_s10,116.7600,20
2024-12-10,MA,etanol,72.0500,16
2024-12-10,MA,gasolina,131.8800,23
2024-12-10,MG,diesel_s10,237.7900,40
2024-12-10,MG,etanol,195.4100,47
2024-12-10,MG,gasolina,311.9300,52
2024-12-10,MS,diesel_s10,56.1900,9
2024-12-10,MS,etanol,62.1500,16
2024-12-10,MS,gasolina,123.1200,21
2024-12-10,MT,diesel_s10,81.5400,13
2024-12-10,MT,etanol,86.0900,22
2024-12-10,MT,gasolina,134.4100,22
2024-12-10,PA,diesel_s10,86.6000,14
2024-12-10,PA,etanol,40.8800,9
2024-12-10,PA,gasolina,131.4700,21
2024-12-10,PB,diesel_s10,137.8200,23
2024-12-10,PB,etanol,94.8400,24
2024-12-10,PB,gasolina,159.7400,27
2024-12-10,PE,diesel_s10,212.8200,36
2024-12-10,PE,etanol,163.4600,38
2024-12-10,PE,gasolina,279.6100,45
2024-12-10,PI,diesel_s10,98.1500,16
2024-12-10,PI,etanol,62.7100,14
2024-12-10,PI,gasolina,136.2000,23
2024-12-10,PR,diesel_s10,246.9100,40
2024-12-10,PR,etanol,227.6300,53
2024-12-10,PR,gasolina,342.5500,55
2024-12-10,RJ,diesel_s10,230.5500,37
2024-12-10,RJ,etanol,233.3900,52
2024-12-10,RJ,gasolina,364.9500,60
2024-12-10,RN,diesel_s10,19.1200,3
2024-12-10,RN,etanol,19.9200,4
2024-12-10,RN,gasolina,26.6800,4
2024-12-10,RO,diesel_s10,35.3400,5
2024-12-10,RO,etanol,15.8300,3
2024-12-10,RO,gasolina,55.8900,8
2024-12-10,RR,diesel_s10,55.8100,8
2024-12-10,RR,etanol,10.3500,2
2024-12-10,RR,gasolina,55.1200,8
2024-12-10,RS,diesel_s10,321.7700,53
2024-12-10,RS,etanol,168.0500,36
2024-12-10,RS,gasolina,503.5800,84
2024-12-10,SC,diesel_s10,79.0700,13
2024-12-10,SC,etanol,96.2500,21
2024-12-10,SC,gasolina,152.0200,24
2024-12-10,SP,diesel_s10,1056.5300,174
2024-12-10,SP,etanol,952.0600,243
2024-12-10,SP,gasolina,1441.7200,243
2024-12-10,TO,diesel_s10,29.6100,5
2024-12-10,TO,etanol,23.4500,5
2024-12-10,TO,gasolina,39.9400,6
2024-12-11,AC,diesel_s10,7.6900,1
2024-12-11,AC,etanol,5.2900,1
2024-12-11,AC,gasolina,7.4900,1
2024-12-11,AL,diesel_s10,75.1100,12
2024-12-11,AL,etanol,98.7200,21
2024-12-11,AL,gasolina,145.8700,23
2024-12-11,AM,diesel_s10,102.9300,16
2024-12-11,AM,etanol,90.0800,18
2024-12-11,AM,gasolina,146.7800,21
2024-12-11,BA,diesel_s10,125.4600,20
2024-12-11,BA,etanol,114.7700,25
2024-12-11,BA,gasolina,205.8500,32
2024-12-11,CE,diesel_s10,124.4000,20
2024-12-11,CE,etanol,139.2600,28
2024-12-11,CE,gasolina,191.7600,30
2024-12-11,ES,diesel_s10,11.8800,2
2024-12-11,ES,etanol,4.4900,1
2024-12-11,ES,gasolina,19.3700,3
2024-12-11,GO,diesel_s10,95.4300,16
2024-12-11,GO,etanol,109.3600,25
2024-12-11,GO,gasolina,158.0600,25
2024-12-11,MA,diesel_s10,95.5500,16
2024-12-11,MA,etanol,35.3900,7
2024-12-11,MA,gasolina,117.6600,19
2024-12-11,MG,diesel_s10,481.7800,80
2024-12-11,MG,etanol,460.4800,109
2024-12-11,MG,gasolina,708.0700,116
2024-12-11,MS,diesel_s10,6.3900,1
2024-12-11,MS,etanol,8.4300,2
2024-12-11,MS,gasolina,12.5200,2
2024-12-11,MT,diesel_s10,124.3700,20
2024-12-11,MT,etanol,105.0300,26
2024-12-11,MT,gasolina,160.2700,26
2024-12-11,PB,diesel_s10,53.6500,9
2024-12-11,PB,etanol,37.5400,9
2024-12-11,PB,gasolina,90.0800,15
2024-12-11,PE,diesel_s10,185.2500,31
2024-12-11,PE,etanol,125.7100,28
2024-12-11,PE,gasolina,192.2000,31
2024-12-11,PI,diesel_s10,79.1200,13
2024-12-11,PI,etanol,67.7200,15
2024-12-11,PI,gasolina,143.3400,24
2024-12-11,PR,diesel_s10,449.7000,74
2024-12-11,PR,etanol,479.2300,108
2024-12-11,PR,gasolina,688.1200,110
2024-12-11,RJ,diesel_s10,173.4400,28
2024-12-11,RJ,etanol,175.4300,39
2024-12-11,RJ,gasolina,287.3200,47
2024-12-11,RN,diesel_s10,53.6000,8
2024-12-11,RN,etanol,27.3400,6
2024-12-11,RN,gasolina,49.3900,8
2024-12-11,RO,diesel_s10,20.7800,3
2024-12-11,RO,gasolina,28.1400,4
2024-12-11,RR,diesel_s10,34.8700,5
2024-12-11,RR,gasolina,41.3400,6
2024-12-11,RS,diesel_s10,479.7000,78
2024-12-11,RS,etanol,170.3900,36
2024-12-11,RS,gasolina,572.4000,93
2024-12-11,SC,diesel_s10,6.1900,1
2024-12-11,SC,etanol,9.4800,2
2024-12-11,SC,gasolina,12.2600,2
2024-12-11,SE,diesel_s10,35.3400,6
2024-12-11,SE,etanol,22.0100,5
2024-12-11,SE,gasolina,49.5200,8
2024-12-11,SP,diesel_s10,865.7200,141
2024-12-11,SP,etanol,856.8300,217
2024-12-11,SP,gasolina,1321.3000,222
2024-12-11,TO,diesel_s10,83.4900,14
2024-12-11,TO,etanol,35.9200,8
2024-12-11,TO,gasolina,88.4200,14
2024-12-12,AC,diesel_s10,54.8400,7
2024-12-12,AC,etanol,36.9500,7
2024-12-12,AC,gasolina,83.4800,11
2024-12-12,AM,diesel_s10,109.3400,15
2024-12-12,AM,etanol,35.6300,7
2024-12-12,AM,gasolina,111.8300,15
2024-12-12,AP,diesel_s10,12.9900,2
2024-12-12,AP,gasolina,12.0900,2
2024-12-12,BA,diesel_s10,335.0200,54
2024-12-12,BA,etanol,307.3100,67
2024-12-12,BA,gasolina,438.7700,69
2024-12-12,CE,diesel_s10,30.5500,5
2024-12-12,CE,etanol,20.3600,4
2024-12-12,CE,gasolina,30.3700,5
2024-12-12,GO,diesel_s10,127.3900,21
2024-12-12,GO,etanol,111.9200,27
2024-12-12,GO,gasolina,164.7100,27
2024-12-12,MA,diesel_s10,104.1200,17
2024-12-12,MA,etanol,59.6500,12
2024-12-12,MA,gasolina,123.5200,19
2024-12-12,MG,diesel_s10,464.8600,77
2024-12-12,MG,etanol,427.7000,103
2024-12-12,MG,gasolina,645.2200,107
2024-12-12,PE,diesel_s10,136.8500,23
2024-12-12,PE,etanol,126.1700,28
2024-12-12,PE,gasolina,171.0300,28
2024-12-12,PR,diesel_s10,104.3200,17
2024-12-12,PR,etanol,105.9000,25
2024-12-12,PR,gasolina,147.0000,24
2024-12-12,RJ,diesel_s10,137.2800,22
2024-12-12,RJ,etanol,114.3100,26
2024-12-12,RJ,gasolina,177.3800,29
2024-12-12,RN,diesel_s10,119.0900,19
2024-12-12,RN,etanol,114.4800,25
2024-12-12,RN,gasolina,168.0600,26
2024-12-12,RO,diesel_s10,33.1200,5
2024-12-12,RO,etanol,14.9700,3
2024-12-12,RO,gasolina,43.7500,6
2024-12-12,RS,diesel_s10,92.9500,15
2024-12-12,RS,etanol,43.9300,9
2024-12-12,RS,gasolina,117.5200,19
2024-12-12,SC,diesel_s10,80.4600,13
2024-12-12,SC,etanol,22.9600,5
2024-12-12,SC,gasolina,99.0600,16
2024-12-12,SP,diesel_s10,505.4800,82
2024-12-12,SP,etanol,538.1000,134
2024-12-12,SP,gasolina,829.0200,136
2024-12-13,BA,diesel_s10,19.0700,3
2024-12-13,BA,etanol,13.8000,3
2024-12-13,BA,gasolina,18.7600,3
2024-12-13,GO,diesel_s10,102.3800,17
2024-12-13,GO,etanol,80.2700,19
2024-12-13,GO,gasolina,111.5900,18
2024-12-13,MG,diesel_s10,29.7900,5
2024-12-13,MG,etanol,20.0400,5
2024-12-13,MG,gasolina,29.6000,5
2024-12-13,MT,diesel_s10,32.9100,5
2024-12-13,MT,etanol,25.6500,6
2024-12-13,MT,gasolina,38.2500,6
2024-12-13,PE,diesel_s10,43.9600,7
2024-12-13,PE,etanol,19.1000,4
2024-12-13,PE,gasolina,50.4200,8
2024-12-13,PR,diesel_s10,113.5700,19
2024-12-13,PR,etanol,123.0100,28
2024-12-13,PR,gasolina,169.1000,27
2024-12-13,RJ,diesel_s10,19.5700,3
2024-12-13,RJ,etanol,17.6600,4
2024-12-13,RJ,gasolina,24.2600,4
2024-12-13,RN,diesel_s10,6.3900,1
2024-12-13,RN,etanol,4.9900,1
2024-12-13,RN,gasolina,6.6900,1
2024-12-13,RS,diesel_s10,48.5600,8
2024-12-13,RS,etanol,23.1500,5
2024-12-13,RS,gasolina,59.5000,10
2024-12-13,SP,diesel_s10,94.2300,15
2024-12-13,SP,etanol,78.7900,20
2024-12-13,SP,gasolina,118.8800,20
2024-12-16,AL,diesel_s10,100.8500,16
2024-12-16,AL,etanol,112.9500,24
2024-12-16,AL,gasolina,159.2600,25
2024-12-16,AM,diesel_s10,90.2500,14
2024-12-16,AM,etanol,80.0000,16
2024-12-16,AM,gasolina,153.7300,22
2024-12-16,AP,diesel_s10,39.5600,6
2024-12-16,AP,etanol,10.2200,2
2024-12-16,AP,gasolina,100.0800,17
2024-12-16,BA,diesel_s10,296.6300,48
2024-12-16,BA,etanol,244.3200,54
2024-12-16,BA,gasolina,346.8200,54
2024-12-16,CE,diesel_s10,335.9000,53
2024-12-16,CE,etanol,302.6500,61
2024-12-16,CE,gasolina,427.4900,67
2024-12-16,DF,diesel_s10,120.0400,20
2024-12-16,DF,etanol,97.8800,24
2024-12-16,DF,gasolina,219.7700,36
2024-12-16,ES,diesel_s10,168.1300,28
2024-12-16,ES,etanol,117.2500,27
2024-12-16,ES,gasolina,254.9900,41
2024-12-16,GO,diesel_s10,281.1800,47
2024-12-16,GO,etanol,248.1500,56
2024-12-16,GO,gasolina,368.8100,58
2024-12-16,MA,diesel_s10,177.2500,29
2024-12-16,MA,etanol,96.7300,20
2024-12-16,MA,gasolina,208.8200,34
2024-12-16,MG,diesel_s10,607.4600,101
2024-12-16,MG,etanol,536.3800,129
2024-12-16,MG,gasolina,853.4100,141
2024-12-16,MS,diesel_s10,64.2200,10
2024-12-16,MS,etanol,45.8300,11
2024-12-16,MS,gasolina,154.7600,25
2024-12-16,MT,diesel_s10,125.3300,20
2024-12-16,MT,etanol,108.6200,28
2024-12-16,MT,gasolina,171.3600,28
2024-12-16,PA,diesel_s10,150.2600,23
2024-12-16,PA,etanol,58.1000,12
2024-12-16,PA,gasolina,226.9200,35
2024-12-16,PB,diesel_s10,105.4000,18
2024-12-16,PB,etanol,87.9200,22
2024-12-16,PB,gasolina,152.1800,26
2024-12-16,PE,diesel_s10,195.5300,33
2024-12-16,PE,etanol,170.8200,40
2024-12-16,PE,gasolina,279.3500,46
2024-12-16,PI,etanol,4.7900,1
2024-12-16,PI,gasolina,17.6600,3
2024-12-16,PR,diesel_s10,148.4400,24
2024-12-16,PR,etanol,155.9300,36
2024-12-16,PR,gasolina,256.1500,41
2024-12-16,RJ,diesel_s10,627.7100,103
2024-12-16,RJ,etanol,640.8800,144
2024-12-16,RJ,gasolina,928.5900,155
2024-12-16,RO,diesel_s10,100.4000,15
2024-12-16,RO,etanol,30.4800,6
2024-12-16,RO,gasolina,133.9700,19
2024-12-16,RR,diesel_s10,55.9400,8
2024-12-16,RR,etanol,10.3500,2
2024-12-16,RR,gasolina,55.1200,8
2024-12-16,RS,diesel_s10,378.7900,61
2024-12-16,RS,etanol,176.4100,37
2024-12-16,RS,gasolina,576.6600,94
2024-12-16,SC,diesel_s10,242.4200,40
2024-12-16,SC,etanol,163.1300,36
2024-12-16,SC,gasolina,394.3300,63
2024-12-16,SE,diesel_s10,53.3100,9
2024-12-16,SE,etanol,82.4100,19
2024-12-16,SE,gasolina,157.1400,25
2024-12-16,SP,diesel_s10,2344.0400,384
2024-12-16,SP,etanol,2341.0400,594
2024-12-16,SP,gasolina,3545.5000,595
2024-12-16,TO,diesel_s10,43.1300,7
2024-12-16,TO,etanol,38.9200,8
2024-12-16,TO,gasolina,59.4900,9
2024-12-17,AL,diesel_s10,31.1900,5
2024-12-17,AL,etanol,32.3100,7
2024-12-17,AL,gasolina,43.1200,7
2024-12-17,AM,diesel_s10,12.7800,2
2024-12-17,AM,etanol,9.9800,2
2024-12-17,AM,gasolina,13.9800,2
2024-12-17,AP,diesel_s10,32.8900,5
2024-12-17,AP,gasolina,29.9500,5
2024-12-17,BA,diesel_s10,139.5400,22
2024-12-17,BA,etanol,133.6200,30
2024-12-17,BA,gasolina,213.8400,34
2024-12-17,CE,diesel_s10,113.7200,18
2024-12-17,CE,etanol,107.9100,22
2024-12-17,CE,gasolina,183.5000,29
2024-12-17,DF,diesel_s10,23.8400,4
2024-12-17,DF,etanol,20.4600,5
2024-12-17,DF,gasolina,85.4300,14
2024-12-17,ES,diesel_s10,72.2700,12
2024-12-17,ES,etanol,62.2900,14
2024-12-17,ES,gasolina,135.8200,22
2024-12-17,GO,diesel_s10,116.2100,19
2024-12-17,GO,etanol,109.0500,25
2024-12-17,GO,gasolina,177.8700,28
2024-12-17,MA,diesel_s10,94.7000,16
2024-12-17,MA,etanol,44.6700,9
2024-12-17,MA,gasolina,108.8700,18
2024-12-17,MG,diesel_s10,538.8600,90
2024-12-17,MG,etanol,458.3600,109
2024-12-17,MG,gasolina,674.1000,111
2024-12-17,MS,diesel_s10,94.4100,15
2024-12-17,MS,etanol,79.8900,20
2024-12-17,MS,gasolina,150.5700,25
2024-12-17,MT,diesel_s10,103.8100,16
2024-12-17,MT,etanol,77.6000,19
2024-12-17,MT,gasolina,125.2100,20
2024-12-17,PA,diesel_s10,121.4700,20
2024-12-17,PA,etanol,55.0100,12
2024-12-17,PA,gasolina,172.3500,28
2024-12-17,PB,diesel_s10,49.5600,8
2024-12-17,PB,etanol,14.3700,3
2024-12-17,PB,gasolina,61.4500,10
2024-12-17,PE,diesel_s10,144.7400,24
2024-12-17,PE,etanol,124.9600,27
2024-12-17,PE,gasolina,203.3600,32
2024-12-17,PI,etanol,4.5400,1
2024-12-17,PI,gasolina,11.8800,2
2024-12-17,PR,diesel_s10,316.6500,52
2024-12-17,PR,etanol,347.9100,77
2024-12-17,PR,gasolina,498.6200,79
2024-12-17,RJ,diesel_s10,177.6600,28
2024-12-17,RJ,etanol,222.0300,49
2024-12-17,RJ,gasolina,332.5800,54
2024-12-17,RN,diesel_s10,96.6000,15
2024-12-17,RN,etanol,77.8000,16
2024-12-17,RN,gasolina,104.3600,16
2024-12-17,RO,diesel_s10,117.7300,17
2024-12-17,RO,etanol,36.3900,7
2024-12-17,RO,gasolina,150.6500,21
2024-12-17,RR,diesel_s10,27.7600,4
2024-12-17,RR,gasolina,27.5600,4
2024-12-17,RS,diesel_s10,496.1400,81
2024-12-17,RS,etanol,228.6900,48
2024-12-17,RS,gasolina,670.4800,111
2024-12-17,SC,diesel_s10,148.4100,24
2024-12-17,SC,etanol,110.9900,24
2024-12-17,SC,gasolina,234.2100,37
2024-12-17,SP,diesel_s10,851.8100,140
2024-12-17,SP,etanol,847.4900,216
2024-12-17,SP,gasolina,1290.9800,218
2024-12-17,TO,diesel_s10,48.3700,8
2024-12-17,TO,etanol,40.2400,9
2024-12-17,TO,gasolina,68.8100,11
2024-12-18,AC,etanol,5.2900,1
2024-12-18,AC,gasolina,7.4400,1
2024-12-18,AL,diesel_s10,59.3400,10
2024-12-18,AL,etanol,68.6100,15
2024-12-18,AL,gasolina,104.7100,17
2024-12-18,AM,diesel_s10,111.6300,16
2024-12-18,AM,etanol,70.0300,14
2024-12-18,AM,gasolina,167.7600,23
2024-12-18,BA,diesel_s10,148.8000,24
2024-12-18,BA,etanol,134.8800,30
2024-12-18,BA,gasolina,225.9400,36
2024-12-18,CE,diesel_s10,66.9100,11
2024-12-18,CE,etanol,64.4200,14
2024-12-18,CE,gasolina,89.1500,14
2024-12-18,ES,diesel_s10,30.6100,5
2024-12-18,ES,etanol,27.0300,6
2024-12-18,ES,gasolina,71.2400,11
2024-12-18,GO,diesel_s10,132.5400,22
2024-12-18,GO,etanol,125.3500,30
2024-12-18,GO,gasolina,178.5600,29
2024-12-18,MA,diesel_s10,95.9100,16
2024-12-18,MA,etanol,37.3300,8
2024-12-18,MA,gasolina,127.8600,21
2024-12-18,MG,diesel_s10,374.9500,62
2024-12-18,MG,etanol,351.4800,84
2024-12-18,MG,gasolina,521.2300,86
2024-12-18,MS,diesel_s10,18.2700,3
2024-12-18,MS,etanol,16.2200,4
2024-12-18,MS,gasolina,56.7000,9
2024-12-18,MT,diesel_s10,103.5800,17
2024-12-18,MT,etanol,92.9100,24
2024-12-18,MT,gasolina,146.3200,24
2024-12-18,PA,diesel_s10,11.8100,2
2024-12-18,PA,etanol,4.5600,1
2024-12-18,PA,gasolina,18.2900,3
2024-12-18,PB,diesel_s10,37.6200,6
2024-12-18,PB,etanol,20.8900,5
2024-12-18,PB,gasolina,42.8300,7
2024-12-18,PE,diesel_s10,125.2700,21
2024-12-18,PE,etanol,97.6200,22
2024-12-18,PE,gasolina,170.1900,27
2024-12-18,PI,diesel_s10,166.0200,27
2024-12-18,PI,etanol,127.4800,28
2024-12-18,PI,gasolina,261.8700,44
2024-12-18,PR,diesel_s10,257.4600,42
2024-12-18,PR,etanol,267.5200,63
2024-12-18,PR,gasolina,381.5100,62
2024-12-18,RJ,diesel_s10,174.3200,28
2024-12-18,RJ,etanol,173.5400,38
2024-12-18,RJ,gasolina,309.1700,50
2024-12-18,RN,diesel_s10,38.5800,6
2024-12-18,RN,etanol,24.3000,5
2024-12-18,RN,gasolina,45.7400,7
2024-12-18,RO,diesel_s10,6.8500,1
2024-12-18,RO,etanol,4.9900,1
2024-12-18,RO,gasolina,20.9100,3
2024-12-18,RR,diesel_s10,20.9400,3
2024-12-18,RR,etanol,5.1500,1
2024-12-18,RR,gasolina,27.5600,4
2024-12-18,RS,diesel_s10,313.3200,51
2024-12-18,RS,etanol,137.3700,29
2024-12-18,RS,gasolina,408.6700,66
2024-12-18,SC,diesel_s10,163.7800,27
2024-12-18,SC,etanol,112.6400,25
2024-12-18,SC,gasolina,237.0700,38
2024-12-18,SP,diesel_s10,690.0500,114
2024-12-18,SP,etanol,660.5000,165
2024-12-18,SP,gasolina,998.7100,167
2024-12-18,TO,diesel_s10,36.0700,6
2024-12-18,TO,etanol,18.1300,4
2024-12-18,TO,gasolina,38.4500,6
2024-12-19,AC,diesel_s10,77.8600,10
2024-12-19,AC,etanol,52.7200,10
2024-12-19,AC,gasolina,120.8600,16
2024-12-19,AM,diesel_s10,46.7200,7
2024-12-19,AM,etanol,30.5400,6
2024-12-19,AM,gasolina,48.9100,7
2024-12-19,AP,diesel_s10,6.7800,1
2024-12-19,AP,gasolina,6.1300,1
2024-12-19,BA,diesel_s10,217.7100,35
2024-12-19,BA,etanol,190.7400,42
2024-12-19,BA,gasolina,278.2800,44
2024-12-19,CE,diesel_s10,44.6900,7
2024-12-19,CE,etanol,42.3300,8
2024-12-19,CE,gasolina,59.3600,9
2024-12-19,GO,diesel_s10,163.6700,27
2024-12-19,GO,etanol,157.0700,38
2024-12-19,GO,gasolina,231.9700,38
2024-12-19,MA,diesel_s10,121.4300,20
2024-12-19,MA,etanol,86.5200,18
2024-12-19,MA,gasolina,139.1900,22
2024-12-19,MG,diesel_s10,345.0800,57
2024-12-19,MG,etanol,345.2200,83
2024-12-19,MG,gasolina,527.2600,87
2024-12-19,PA,etanol,4.9900,1
2024-12-19,PE,diesel_s10,217.8700,37
2024-12-19,PE,etanol,163.4900,37
2024-12-19,PE,gasolina,244.3100,40
2024-12-19,PI,diesel_s10,54.8900,9
2024-12-19,PI,etanol,19.2500,4
2024-12-19,PI,gasolina,59.9900,10
2024-12-19,PR,diesel_s10,259.1600,43
2024-12-19,PR,etanol,284.3600,66
2024-12-19,PR,gasolina,378.4000,61
2024-12-19,RJ,diesel_s10,123.0400,20
2024-12-19,RJ,etanol,130.1900,29
2024-12-19,RJ,gasolina,202.4000,32
2024-12-19,RN,diesel_s10,93.3100,15
2024-12-19,RN,etanol,84.5500,19
2024-12-19,RN,gasolina,134.9100,21
2024-12-19,RO,diesel_s10,33.6300,5
2024-12-19,RO,etanol,4.7900,1
2024-12-19,RO,gasolina,34.8500,5
2024-12-19,RS,diesel_s10,104.0400,17
2024-12-19,RS,etanol,27.7300,6
2024-12-19,RS,gasolina,114.7100,19
2024-12-19,SC,diesel_s10,12.7400,2
2024-12-19,SC,etanol,4.5900,1
2024-12-19,SC,gasolina,38.1100,6
2024-12-19,SP,diesel_s10,677.4000,111
2024-12-19,SP,etanol,642.1300,161
2024-12-19,SP,gasolina,995.3800,164
2024-12-19,TO,diesel_s10,47.4400,8
2024-12-19,TO,etanol,18.6600,4
2024-12-19,TO,gasolina,50.1500,8
2024-12-20,GO,diesel_s10,91.5000,15
2024-12-20,GO,etanol,75.5900,18
2024-12-20,GO,gasolina,104.6600,17
2024-12-20,MG,diesel_s10,6.3900,1
2024-12-20,MG,etanol,4.0900,1
2024-12-20,MG,gasolina,5.9800,1
2024-12-20,MT,diesel_s10,32.9300,5
2024-12-20,MT,etanol,30.1400,7
2024-12-20,MT,gasolina,44.7900,7
2024-12-20,PB,diesel_s10,17.7700,3
2024-12-20,PB,etanol,11.7900,3
2024-12-20,PB,gasolina,17.4700,3
2024-12-20,PR,etanol,4.3900,1
2024-12-20,PR,gasolina,6.3900,1
2024-12-20,RJ,diesel_s10,60.0500,10
2024-12-20,RJ,etanol,52.0200,12
2024-12-20,RJ,gasolina,75.3400,13
2024-12-20,SP,diesel_s10,61.6900,10
2024-12-20,SP,etanol,50.4200,13
2024-12-20,SP,gasolina,71.5000,12
2024-12-23,AL,diesel_s10,73.1000,12
2024-12-23,AL,etanol,89.5800,19
2024-12-23,AL,gasolina,118.6100,19
2024-12-23,AM,diesel_s10,152.6700,22
2024-12-23,AM,etanol,89.8800,18
2024-12-23,AM,gasolina,209.6800,29
2024-12-23,AP,diesel_s10,39.8700,6
2024-12-23,AP,etanol,21.1500,4
2024-12-23,AP,gasolina,106.1700,18
2024-12-23,BA,diesel_s10,329.7900,52
2024-12-23,BA,etanol,275.2000,61
2024-12-23,BA,gasolina,394.9500,62
2024-12-23,CE,diesel_s10,160.7900,25
2024-12-23,CE,etanol,124.9500,24
2024-12-23,CE,gasolina,199.4000,31
2024-12-23,DF,diesel_s10,101.9000,17
2024-12-23,DF,etanol,77.1100,19
2024-12-23,DF,gasolina,169.2100,28
2024-12-23,ES,diesel_s10,191.9800,32
2024-12-23,ES,etanol,142.5100,33
2024-12-23,ES,gasolina,328.6600,54
2024-12-23,GO,diesel_s10,427.7600,71
2024-12-23,GO,etanol,360.2800,83
2024-12-23,GO,gasolina,533.7800,85
2024-12-23,MA,diesel_s10,115.0300,19
2024-12-23,MA,etanol,75.9200,16
2024-12-23,MA,gasolina,152.3400,25
2024-12-23,MG,diesel_s10,491.1400,81
2024-12-23,MG,etanol,469.1000,112
2024-12-23,MG,gasolina,732.4600,120
2024-12-23,MS,diesel_s10,94.4900,15
2024-12-23,MS,etanol,76.2300,19
2024-12-23,MS,gasolina,216.8300,35
2024-12-23,PA,diesel_s10,156.3100,24
2024-12-23,PA,etanol,67.7600,14
2024-12-23,PA,gasolina,232.9300,36
2024-12-23,PB,diesel_s10,53.1000,9
2024-12-23,PB,etanol,35.7000,9
2024-12-23,PB,gasolina,76.0300,13
2024-12-23,PE,diesel_s10,233.7000,40
2024-12-23,PE,etanol,230.9200,53
2024-12-23,PE,gasolina,359.6100,59
2024-12-23,PI,diesel_s10,42.3500,7
2024-12-23,PI,etanol,50.0000,11
2024-12-23,PI,gasolina,111.6400,19
2024-12-23,PR,diesel_s10,580.9500,95
2024-12-23,PR,etanol,593.0500,136
2024-12-23,PR,gasolina,872.6500,140
2024-12-23,RJ,diesel_s10,570.1300,93
2024-12-23,RJ,etanol,581.7600,129
2024-12-23,RJ,gasolina,823.8600,136
2024-12-23,RN,diesel_s10,12.2800,2
2024-12-23,RN,etanol,19.7100,4
2024-12-23,RN,gasolina,26.7200,4
2024-12-23,RO,diesel_s10,85.9500,13
2024-12-23,RO,etanol,25.8000,5
2024-12-23,RO,gasolina,83.4800,12
2024-12-23,RR,diesel_s10,41.8200,6
2024-12-23,RR,gasolina,41.3400,6
2024-12-23,RS,diesel_s10,483.4700,79
2024-12-23,RS,etanol,262.2900,55
2024-12-23,RS,gasolina,701.8100,116
2024-12-23,SC,diesel_s10,445.0900,73
2024-12-23,SC,etanol,318.6100,71
2024-12-23,SC,gasolina,731.9900,117
2024-12-23,SE,diesel_s10,24.3200,4
2024-12-23,SE,etanol,60.4000,14
2024-12-23,SE,gasolina,107.6200,17
2024-12-23,SP,diesel_s10,1941.1900,318
2024-12-23,SP,etanol,2031.8300,513
2024-12-23,SP,gasolina,3095.4200,518
2024-12-23,TO,diesel_s10,43.1300,7
2024-12-23,TO,etanol,39.3200,8
2024-12-23,TO,gasolina,59.4900,9
2024-12-24,AL,diesel_s10,27.0900,4
2024-12-24,AL,etanol,25.5200,5
2024-12-24,AL,gasolina,34.6400,5
2024-12-24,AM,diesel_s10,70.6800,11
2024-12-24,AM,etanol,65.0600,13
2024-12-24,AM,gasolina,111.8300,16
2024-12-24,BA,diesel_s10,113.5200,18
2024-12-24,BA,etanol,88.1300,20
2024-12-24,BA,gasolina,125.4800,20
2024-12-24,CE,diesel_s10,81.1900,13
2024-12-24,CE,etanol,89.8800,18
2024-12-24,CE,gasolina,129.7300,21
2024-12-24,DF,diesel_s10,30.3300,5
2024-12-24,DF,etanol,32.3500,8
2024-12-24,DF,gasolina,120.6800,20
2024-12-24,ES,diesel_s10,6.1900,1
2024-12-24,ES,etanol,8.6400,2
2024-12-24,ES,gasolina,18.5200,3
2024-12-24,GO,diesel_s10,113.1900,19
2024-12-24,GO,etanol,109.1000,24
2024-12-24,GO,gasolina,154.6600,24
2024-12-24,MA,diesel_s10,127.2300,21
2024-12-24,MA,etanol,55.3600,11
2024-12-24,MA,gasolina,141.0300,23
2024-12-24,MG,diesel_s10,309.3100,52
2024-12-24,MG,etanol,263.5500,63
2024-12-24,MG,gasolina,397.5400,66
2024-12-24,MS,diesel_s10,31.0800,5
2024-12-24,MS,etanol,22.6600,6
2024-12-24,MS,gasolina,46.1500,8
2024-12-24,MT,diesel_s10,126.6100,20
2024-12-24,MT,etanol,122.8900,31
2024-12-24,MT,gasolina,191.8000,31
2024-12-24,PA,diesel_s10,103.8400,17
2024-12-24,PA,etanol,51.0400,11
2024-12-24,PA,gasolina,172.9300,28
2024-12-24,PB,diesel_s10,12.4800,2
2024-12-24,PB,etanol,4.7900,1
2024-12-24,PB,gasolina,12.3600,2
2024-12-24,PE,diesel_s10,196.6800,33
2024-12-24,PE,etanol,145.0600,34
2024-12-24,PE,gasolina,259.4600,42
2024-12-24,PI,diesel_s10,79.2300,13
2024-12-24,PI,etanol,68.9200,15
2024-12-24,PI,gasolina,138.2900,23
2024-12-24,PR,diesel_s10,263.6500,43
2024-12-24,PR,etanol,274.0100,63
2024-12-24,PR,gasolina,380.1500,61
2024-12-24,RJ,diesel_s10,169.7800,27
2024-12-24,RJ,etanol,175.1800,39
2024-12-24,RJ,gasolina,279.1800,46
2024-12-24,RO,diesel_s10,157.7100,23
2024-12-24,RO,etanol,56.4200,11
2024-12-24,RO,gasolina,197.5800,28
2024-12-24,RR,diesel_s10,62.8200,9
2024-12-24,RR,etanol,15.5000,3
2024-12-24,RR,gasolina,68.9000,10
2024-12-24,RS,diesel_s10,305.1400,49
2024-12-24,RS,etanol,111.5000,23
2024-12-24,RS,gasolina,381.9100,62
2024-12-24,SC,diesel_s10,12.5900,2
2024-12-24,SC,etanol,20.2600,4
2024-12-24,SC,gasolina,25.6300,4
2024-12-24,SE,diesel_s10,41.8900,7
2024-12-24,SE,etanol,22.0100,5
2024-12-24,SE,gasolina,55.7100,9
2024-12-24,SP,diesel_s10,645.8200,106
2024-12-24,SP,etanol,680.7600,173
2024-12-24,SP,gasolina,1039.4900,174
2024-12-24,TO,diesel_s10,36.0700,6
2024-12-24,TO,etanol,18.1300,4
2024-12-24,TO,gasolina,38.4500,6
2024-12-25,AP,diesel_s10,6.7800,1
2024-12-25,AP,gasolina,6.1300,1
2024-12-25,DF,etanol,3.9500,1
2024-12-25,DF,gasolina,5.6200,1
2024-12-25,GO,diesel_s10,41.9700,7
2024-12-25,GO,etanol,48.3000,11
2024-12-25,GO,gasolina,76.7900,12
2024-12-25,MA,diesel_s10,60.6200,10
2024-12-25,MA,etanol,19.3600,4
2024-12-25,MA,gasolina,81.4400,13
2024-12-25,MG,diesel_s10,89.6600,15
2024-12-25,MG,etanol,100.3900,24
2024-12-25,MG,gasolina,151.8400,25
2024-12-25,PB,diesel_s10,109.7000,18
2024-12-25,PB,etanol,75.7600,18
2024-12-25,PB,gasolina,149.6200,25
2024-12-25,PI,diesel_s10,11.9300,2
2024-12-25,PI,gasolina,11.7800,2
2024-12-25,RJ,diesel_s10,78.4800,13
2024-12-25,RJ,etanol,104.6300,24
2024-12-25,RJ,gasolina,146.9200,25
2024-12-25,RN,diesel_s10,40.1200,6
2024-12-25,RN,etanol,27.3400,6
2024-12-25,RN,gasolina,49.3900,8
2024-12-25,RS,diesel_s10,49.4100,8
2024-12-25,RS,etanol,23.6100,5
2024-12-25,RS,gasolina,42.1300,7
2024-12-25,SC,diesel_s10,5.9400,1
2024-12-25,SC,etanol,4.2900,1
2024-12-25,SC,gasolina,6.1500,1
2024-12-25,SP,diesel_s10,49.5500,8
2024-12-25,SP,etanol,54.3100,14
2024-12-25,SP,gasolina,81.8200,14
2024-12-26,AC,diesel_s10,37.7100,5
2024-12-26,AC,etanol,41.0900,8
2024-12-26,AC,gasolina,81.9000,11
2024-12-26,AL,diesel_s10,92.5400,15
2024-12-26,AL,etanol,110.0900,24
2024-12-26,AL,gasolina,166.2200,27
2024-12-26,AM,diesel_s10,46.6600,7
2024-12-26,AM,etanol,30.3400,6
2024-12-26,AM,gasolina,48.9100,7
2024-12-26,AP,diesel_s10,25.7600,4
2024-12-26,AP,gasolina,23.8600,4
2024-12-26,BA,diesel_s10,259.9700,41
2024-12-26,BA,etanol,224.6700,49
2024-12-26,BA,gasolina,343.4900,54
2024-12-26,CE,diesel_s10,38.1300,6
2024-12-26,CE,etanol,42.2300,8
2024-12-26,CE,gasolina,58.6600,9
2024-12-26,DF,diesel_s10,5.9800,1
2024-12-26,DF,etanol,4.0900,1
2024-12-26,DF,gasolina,6.1300,1
2024-12-26,ES,diesel_s10,23.9600,4
2024-12-26,ES,etanol,13.4000,3
2024-12-26,ES,gasolina,38.8400,6
2024-12-26,GO,diesel_s10,158.1800,26
2024-12-26,GO,etanol,168.0300,42
2024-12-26,GO,gasolina,245.3700,41
2024-12-26,MA,diesel_s10,49.4200,8
2024-12-26,MA,etanol,30.1000,6
2024-12-26,MA,gasolina,53.4300,8
2024-12-26,MG,diesel_s10,537.1800,89
2024-12-26,MG,etanol,544.1600,131
2024-12-26,MG,gasolina,839.8100,139
2024-12-26,MS,diesel_s10,63.5600,10
2024-12-26,MS,etanol,45.4200,11
2024-12-26,MS,gasolina,74.4200,12
2024-12-26,MT,diesel_s10,96.0600,15
2024-12-26,MT,etanol,96.7700,24
2024-12-26,MT,gasolina,148.3600,24
2024-12-26,PA,diesel_s10,5.7900,1
2024-12-26,PA,etanol,4.4500,1
2024-12-26,PA,gasolina,5.6500,1
2024-12-26,PB,diesel_s10,135.9300,23
2024-12-26,PB,etanol,101.6400,26
2024-12-26,PB,gasolina,157.9800,27
2024-12-26,PE,diesel_s10,171.3800,28
2024-12-26,PE,etanol,110.4100,23
2024-12-26,PE,gasolina,177.2800,28
2024-12-26,PR,diesel_s10,67.0900,11
2024-12-26,PR,etanol,97.0000,23
2024-12-26,PR,gasolina,123.2700,20
2024-12-26,RJ,diesel_s10,193.7200,32
2024-12-26,RJ,etanol,229.8300,51
2024-12-26,RJ,gasolina,341.3400,56
2024-12-26,RN,diesel_s10,87.2200,14
2024-12-26,RN,etanol,78.7500,18
2024-12-26,RN,gasolina,127.3600,20
2024-12-26,RO,diesel_s10,28.3700,4
2024-12-26,RO,etanol,10.3800,2
2024-12-26,RO,gasolina,37.2500,5
2024-12-26,RS,diesel_s10,468.8300,76
2024-12-26,RS,etanol,189.0500,40
2024-12-26,RS,gasolina,610.3300,100
2024-12-26,SC,diesel_s10,55.0900,9
2024-12-26,SC,etanol,41.7700,9
2024-12-26,SC,gasolina,81.7300,13
2024-12-26,SP,diesel_s10,810.0700,131
2024-12-26,SP,etanol,729.3400,180
2024-12-26,SP,gasolina,1097.2800,181
2024-12-27,AC,diesel_s10,47.6000,6
2024-12-27,AC,etanol,16.9200,3
2024-12-27,AC,gasolina,46.4000,6
2024-12-27,BA,diesel_s10,232.4900,36
2024-12-27,BA,etanol,209.6200,45
2024-12-27,BA,gasolina,301.7400,47
2024-12-27,CE,diesel_s10,151.2200,24
2024-12-27,CE,etanol,112.3100,24
2024-12-27,CE,gasolina,153.7400,24
2024-12-27,ES,diesel_s10,53.7100,9
2024-12-27,ES,etanol,37.5600,8
2024-12-27,ES,gasolina,68.2200,10
2024-12-27,MA,diesel_s10,60.1300,10
2024-12-27,MA,etanol,43.4000,9
2024-12-27,MA,gasolina,69.5900,11
2024-12-27,MG,diesel_s10,247.4000,41
2024-12-27,MG,etanol,202.2700,49
2024-12-27,MG,gasolina,300.1900,50
2024-12-27,MS,diesel_s10,19.1700,3
2024-12-27,MS,etanol,8.4800,2
2024-12-27,MS,gasolina,18.5700,3
2024-12-27,MT,diesel_s10,65.7700,11
2024-12-27,MT,etanol,60.9700,16
2024-12-27,MT,gasolina,95.7100,16
2024-12-27,PE,diesel_s10,181.6500,30
2024-12-27,PE,etanol,122.9200,27
2024-12-27,PE,gasolina,207.7000,33
2024-12-27,PI,diesel_s10,80.9500,13
2024-12-27,PI,etanol,37.1900,8
2024-12-27,PI,gasolina,90.3800,15
2024-12-27,PR,diesel_s10,100.7500,17
2024-12-27,PR,etanol,113.0300,25
2024-12-27,PR,gasolina,157.6700,25
2024-12-27,RJ,diesel_s10,230.1600,37
2024-12-27,RJ,etanol,209.2300,47
2024-12-27,RJ,gasolina,338.6800,55
2024-12-27,RN,diesel_s10,44.4800,7
2024-12-27,RN,etanol,44.0600,9
2024-12-27,RN,gasolina,66.4400,10
2024-12-27,RS,diesel_s10,61.4000,10
2024-12-27,RS,etanol,29.7400,6
2024-12-27,RS,gasolina,73.4600,12
2024-12-27,SC,diesel_s10,68.5500,11
2024-12-27,SC,etanol,46.4700,10
2024-12-27,SC,gasolina,102.3600,16
2024-12-27,SP,diesel_s10,395.8500,64
2024-12-27,SP,etanol,329.0100,83
2024-12-27,SP,gasolina,527.5000,88
2024-12-28,CE,diesel_s10,68.7400,11
2024-12-28,CE,etanol,107.0300,23
2024-12-28,CE,gasolina,146.9300,23
2024-12-28,SP,diesel_s10,127.6700,21
2024-12-28,SP,etanol,123.7000,31
2024-12-28,SP,gasolina,184.4500,31
2024-12-30,AL,diesel_s10,156.7100,25
2024-12-30,AL,etanol,167.8700,36
2024-12-30,AL,gasolina,245.6500,39
2024-12-30,AM,diesel_s10,154.3500,22
2024-12-30,AM,etanol,84.8900,17
2024-12-30,AM,gasolina,202.6700,28
2024-12-30,AP,diesel_s10,39.3000,6
2024-12-30,AP,etanol,15.8700,3
2024-12-30,AP,gasolina,106.0700,18
2024-12-30,BA,diesel_s10,532.6300,84
2024-12-30,BA,etanol,445.9400,97
2024-12-30,BA,gasolina,684.5200,107
2024-12-30,CE,diesel_s10,121.7200,19
2024-12-30,CE,etanol,113.6200,22
2024-12-30,CE,gasolina,177.8900,28
2024-12-30,DF,diesel_s10,12.7800,2
2024-12-30,DF,etanol,8.8800,2
2024-12-30,DF,gasolina,24.8400,4
2024-12-30,ES,diesel_s10,114.0700,19
2024-12-30,ES,etanol,73.1500,17
2024-12-30,ES,gasolina,169.1400,28
2024-12-30,GO,diesel_s10,521.4700,87
2024-12-30,GO,etanol,482.4400,111
2024-12-30,GO,gasolina,691.6400,110
2024-12-30,MA,diesel_s10,195.4000,32
2024-12-30,MA,etanol,106.0400,22
2024-12-30,MA,gasolina,221.1500,36
2024-12-30,MG,diesel_s10,522.2800,87
2024-12-30,MG,etanol,506.8400,121
2024-12-30,MG,gasolina,806.4400,133
2024-12-30,MS,diesel_s10,43.3300,7
2024-12-30,MS,etanol,28.3500,7
2024-12-30,MS,gasolina,106.4500,17
2024-12-30,MT,diesel_s10,73.3800,12
2024-12-30,MT,etanol,85.0100,22
2024-12-30,MT,gasolina,134.4000,22
2024-12-30,PA,diesel_s10,205.6400,32
2024-12-30,PA,etanol,86.8500,18
2024-12-30,PA,gasolina,341.9600,53
2024-12-30,PB,diesel_s10,166.8800,28
2024-12-30,PB,etanol,139.5500,34
2024-12-30,PB,gasolina,261.2200,44
2024-12-30,PE,diesel_s10,325.6300,55
2024-12-30,PE,etanol,278.2400,64
2024-12-30,PE,gasolina,454.9700,73
2024-12-30,PI,diesel_s10,55.9900,9
2024-12-30,PI,etanol,41.4600,9
2024-12-30,PI,gasolina,95.8600,16
2024-12-30,PR,diesel_s10,317.2200,52
2024-12-30,PR,etanol,328.2700,75
2024-12-30,PR,gasolina,498.7400,80
2024-12-30,RJ,diesel_s10,751.4400,122
2024-12-30,RJ,etanol,771.7500,172
2024-12-30,RJ,gasolina,1131.3900,187
2024-12-30,RN,diesel_s10,18.8200,3
2024-12-30,RN,etanol,24.3300,5
2024-12-30,RN,gasolina,19.8300,3
2024-12-30,RO,diesel_s10,101.2900,15
2024-12-30,RO,etanol,30.9300,6
2024-12-30,RO,gasolina,119.7800,17
2024-12-30,RR,diesel_s10,104.7700,15
2024-12-30,RR,etanol,15.5000,3
2024-12-30,RR,gasolina,110.2800,16
2024-12-30,RS,diesel_s10,564.5200,92
2024-12-30,RS,etanol,283.6800,59
2024-12-30,RS,gasolina,783.2400,129
2024-12-30,SC,diesel_s10,286.1900,47
2024-12-30,SC,etanol,199.7400,44
2024-12-30,SC,gasolina,438.1400,70
2024-12-30,SE,diesel_s10,30.2900,5
2024-12-30,SE,etanol,60.7900,14
2024-12-30,SE,gasolina,113.8100,18
2024-12-30,SP,diesel_s10,2283.8900,373
2024-12-30,SP,etanol,2316.0900,582
2024-12-30,SP,gasolina,3512.2300,587
2024-12-30,TO,diesel_s10,79.2000,13
2024-12-30,TO,etanol,57.4500,12
2024-12-30,TO,gasolina,97.9400,15
2024-12-31,AL,diesel_s10,5.9900,1
2024-12-31,AL,etanol,17.3200,4
2024-12-31,AL,gasolina,23.7400,4
2024-12-31,AM,diesel_s10,83.1600,13
2024-12-31,AM,etanol,75.0200,15
2024-12-31,AM,gasolina,125.8100,18
2024-12-31,AP,diesel_s10,6.7800,1
2024-12-31,AP,gasolina,6.1300,1
2024-12-31,BA,diesel_s10,281.1800,44
2024-12-31,BA,etanol,255.4900,57
2024-12-31,BA,gasolina,384.8800,61
2024-12-31,CE,diesel_s10,101.0600,16
2024-12-31,CE,etanol,81.2900,16
2024-12-31,CE,gasolina,133.1500,21
2024-12-31,DF,etanol,4.0900,1
2024-12-31,DF,gasolina,24.1800,4
2024-12-31,ES,diesel_s10,78.2400,13
2024-12-31,ES,etanol,68.4600,16
2024-12-31,ES,gasolina,157.0700,26
2024-12-31,GO,diesel_s10,80.2300,13
2024-12-31,GO,etanol,78.8800,18
2024-12-31,GO,gasolina,127.8400,20
2024-12-31,MA,diesel_s10,147.7500,25
2024-12-31,MA,etanol,76.0300,16
2024-12-31,MA,gasolina,178.3200,30
2024-12-31,MG,diesel_s10,474.8900,78
2024-12-31,MG,etanol,426.7900,102
2024-12-31,MG,gasolina,639.6100,105
2024-12-31,MS,diesel_s10,73.3500,12
2024-12-31,MS,etanol,64.5700,17
2024-12-31,MS,gasolina,120.6700,21
2024-12-31,MT,diesel_s10,162.7900,26
2024-12-31,MT,etanol,118.6200,30
2024-12-31,MT,gasolina,190.6800,31
2024-12-31,PA,diesel_s10,54.0200,9
2024-12-31,PA,etanol,36.2300,8
2024-12-31,PA,gasolina,65.1600,11
2024-12-31,PB,diesel_s10,18.3700,3
2024-12-31,PB,etanol,16.3400,4
2024-12-31,PB,gasolina,29.5400,5
2024-12-31,PE,diesel_s10,197.4300,33
2024-12-31,PE,etanol,135.4600,32
2024-12-31,PE,gasolina,259.5100,43
2024-12-31,PI,diesel_s10,140.6000,23
2024-12-31,PI,etanol,100.9200,22
2024-12-31,PI,gasolina,233.1200,39
2024-12-31,PR,diesel_s10,312.8000,51
2024-12-31,PR,etanol,313.5000,71
2024-12-31,PR,gasolina,431.1100,69
2024-12-31,RJ,diesel_s10,98.3600,16
2024-12-31,RJ,etanol,141.1700,31
2024-12-31,RJ,gasolina,226.3000,37
2024-12-31,RN,diesel_s10,19.1700,3
2024-12-31,RN,etanol,14.4700,3
2024-12-31,RN,gasolina,19.8300,3
2024-12-31,RO,diesel_s10,55.2400,8
2024-12-31,RO,etanol,20.5200,4
2024-12-31,RO,gasolina,76.8400,11
2024-12-31,RS,diesel_s10,197.4100,32
2024-12-31,RS,etanol,66.9600,14
2024-12-31,RS,gasolina,254.5300,42
2024-12-31,SC,diesel_s10,153.0400,25
2024-12-31,SC,etanol,105.4200,23
2024-12-31,SC,gasolina,257.9200,41
2024-12-31,SP,diesel_s10,808.0700,132
2024-12-31,SP,etanol,878.4800,222
2024-12-31,SP,gasolina,1336.7200,222
2024-12-31,TO,diesel_s10,54.5600,9
2024-12-31,TO,etanol,40.2900,9
2024-12-31,TO,gasolina,68.8100,11
