data,uf,produto,soma,n
2025-01-01,CE,diesel_s10,44.5200,7
2025-01-01,CE,etanol,42.0200,8
2025-01-01,CE,gasolina,52.5500,8
2025-01-01,DF,diesel_s10,5.9900,1
2025-01-01,DF,etanol,4.0900,1
2025-01-01,DF,gasolina,6.1300,1
2025-01-01,MG,diesel_s10,173.7100,29
2025-01-01,MG,etanol,184.3000,43
2025-01-01,MG,gasolina,282.2700,46
2025-01-01,PB,diesel_s10,5.7900,1
2025-01-01,PB,etanol,3.9300,1
2025-01-01,PB,gasolina,5.8300,1
2025-01-01,PR,diesel_s10,44.3600,7
2025-01-01,PR,etanol,37.9500,9
2025-01-01,PR,gasolina,55.9500,9
2025-01-01,RJ,diesel_s10,54.3700,9
2025-01-01,RJ,etanol,65.3900,14
2025-01-01,RJ,gasolina,108.3300,17
2025-01-01,RN,diesel_s10,47.0100,7
2025-01-01,RN,etanol,27.7400,6
2025-01-01,RN,gasolina,49.3900,8
2025-01-01,RS,diesel_s10,12.5800,2
2025-01-01,RS,etanol,5.8400,1
2025-01-01,RS,gasolina,18.5700,3
2025-01-01,SP,diesel_s10,71.9100,12
2025-01-01,SP,etanol,101.0000,25
2025-01-01,SP,gasolina,147.8000,25
2025-01-02,AC,diesel_s10,53.7300,7
2025-01-02,AC,etanol,52.4200,10
2025-01-02,AC,gasolina,97.4800,13
2025-01-02,AL,diesel_s10,23.8600,4
2025-01-02,AL,etanol,31.3600,7
2025-01-02,AL,gasolina,42.6500,7
2025-01-02,AM,diesel_s10,53.3500,8
2025-01-02,AM,etanol,35.4300,7
2025-01-02,AM,gasolina,55.9000,8
2025-01-02,AP,diesel_s10,26.3900,4
2025-01-02,AP,gasolina,24.0000,4
2025-01-02,BA,diesel_s10,77.5700,12
2025-01-02,BA,etanol,63.0400,14
2025-01-02,BA,gasolina,70.6900,11
2025-01-02,CE,diesel_s10,140.5800,22
2025-01-02,CE,etanol,121.3900,25
2025-01-02,CE,gasolina,171.9500,27
2025-01-02,ES,diesel_s10,29.9500,5
2025-01-02,ES,etanol,17.8900,4
2025-01-02,ES,gasolina,58.2900,9
2025-01-02,GO,diesel_s10,86.5200,14
2025-01-02,GO,etanol,92.1400,23
2025-01-02,GO,gasolina,138.2000,23
2025-01-02,MA,diesel_s10,94.8100,16
2025-01-02,MA,etanol,37.2100,8
2025-01-02,MA,gasolina,107.0300,18
2025-01-02,MG,diesel_s10,529.4300,88
2025-01-02,MG,etanol,467.2300,112
2025-01-02,MG,gasolina,700.0600,116
2025-01-02,MS,diesel_s10,26.0400,4
2025-01-02,MS,etanol,24.9900,6
2025-01-02,MS,gasolina,37.9500,6
2025-01-02,MT,diesel_s10,24.3200,4
2025-01-02,MT,etanol,37.9600,10
2025-01-02,MT,gasolina,59.7800,10
2025-01-02,PB,diesel_s10,6.1900,1
2025-01-02,PB,etanol,4.0900,1
2025-01-02,PB,gasolina,11.8400,2
2025-01-02,PE,diesel_s10,70.0900,11
2025-01-02,PE,etanol,56.9900,11
2025-01-02,PE,gasolina,81.4000,12
2025-01-02,PR,diesel_s10,226.3200,38
2025-01-02,PR,etanol,239.5400,55
2025-01-02,PR,gasolina,349.3200,56
2025-01-02,RJ,diesel_s10,174.5600,28
2025-01-02,RJ,etanol,196.7800,44
2025-01-02,RJ,gasolina,305.0600,50
2025-01-02,RN,diesel_s10,12.5300,2
2025-01-02,RN,etanol,8.9700,2
2025-01-02,RN,gasolina,12.9000,2
2025-01-02,RO,diesel_s10,54.0500,8
2025-01-02,RO,etanol,24.9000,5
2025-01-02,RO,gasolina,64.6300,9
2025-01-02,RS,diesel_s10,317.1700,50
2025-01-02,RS,etanol,142.4200,29
2025-01-02,RS,gasolina,377.6800,60
2025-01-02,SC,diesel_s10,118.4100,19
2025-01-02,SC,etanol,101.0400,22
2025-01-02,SC,gasolina,183.3500,29
2025-01-02,SP,diesel_s10,428.2200,69
2025-01-02,SP,etanol,396.9100,99
2025-01-02,SP,gasolina,615.2500,102
2025-01-02,TO,diesel_s10,41.4900,7
2025-01-02,TO,etanol,28.5500,6
2025-01-02,TO,gasolina,50.3000,8
2025-01-03,AC,diesel_s10,23.7900,3
2025-01-03,AC,etanol,5.5900,1
2025-01-03,AC,gasolina,23.1900,3
2025-01-03,BA,diesel_s10,158.3100,25
2025-01-03,BA,etanol,110.7000,24
2025-01-03,BA,gasolina,160.0600,25
2025-01-03,CE,diesel_s10,72.2400,12
2025-01-03,CE,etanol,68.8100,15
2025-01-03,CE,gasolina,95.3900,15
2025-01-03,ES,diesel_s10,54.3100,9
2025-01-03,ES,etanol,42.4100,9
2025-01-03,ES,gasolina,75.1100,11
2025-01-03,GO,diesel_s10,72.3300,12
2025-01-03,GO,etanol,60.2200,15
2025-01-03,GO,gasolina,89.0700,15
2025-01-03,MA,diesel_s10,86.2100,14
2025-01-03,MA,etanol,45.8000,9
2025-01-03,MA,gasolina,94.0500,14
2025-01-03,MG,diesel_s10,59.7900,10
2025-01-03,MG,etanol,41.5000,10
2025-01-03,MG,gasolina,53.5300,9
2025-01-03,MS,diesel_s10,51.6700,8
2025-01-03,MS,etanol,34.7700,8
2025-01-03,MS,gasolina,97.5300,15
2025-01-03,MT,diesel_s10,39.1500,6
2025-01-03,MT,etanol,34.1400,8
2025-01-03,MT,gasolina,50.8400,8
2025-01-03,PE,diesel_s10,95.6000,16
2025-01-03,PE,etanol,79.0800,18
2025-01-03,PE,gasolina,111.7400,18
2025-01-03,PR,diesel_s10,140.4200,23
2025-01-03,PR,etanol,146.7000,35
2025-01-03,PR,gasolina,185.5600,30
2025-01-03,RJ,diesel_s10,113.2200,18
2025-01-03,RJ,etanol,110.8800,24
2025-01-03,RJ,gasolina,156.3700,25
2025-01-03,RN,diesel_s10,62.6900,10
2025-01-03,RN,etanol,57.5500,12
2025-01-03,RN,gasolina,85.1100,13
2025-01-03,RS,diesel_s10,301.9800,50
2025-01-03,RS,etanol,104.7400,23
2025-01-03,RS,gasolina,380.5200,64
2025-01-03,SC,diesel_s10,61.5400,10
2025-01-03,SC,etanol,42.9000,10
2025-01-03,SC,gasolina,79.9500,13
2025-01-03,SE,diesel_s10,35.9200,6
2025-01-03,SE,etanol,22.0500,5
2025-01-03,SE,gasolina,49.5200,8
2025-01-03,SP,diesel_s10,502.5400,83
2025-01-03,SP,etanol,454.5700,115
2025-01-03,SP,gasolina,698.3000,117
2025-01-04,BA,diesel_s10,6.5900,1
2025-01-04,BA,etanol,4.4900,1
2025-01-04,BA,gasolina,6.3900,1
2025-01-04,CE,diesel_s10,85.1400,14
2025-01-04,CE,etanol,111.5500,24
2025-01-04,CE,gasolina,146.9000,23
2025-01-04,DF,gasolina,6.0900,1
2025-01-04,SP,diesel_s10,158.4500,26
2025-01-04,SP,etanol,143.3000,36
2025-01-04,SP,gasolina,214.2800,36
2025-01-06,AC,diesel_s10,31.7400,4
2025-01-06,AC,etanol,11.3300,2
2025-01-06,AC,gasolina,30.9400,4
2025-01-06,AL,diesel_s10,105.3300,17
2025-01-06,AL,etanol,124.6400,27
2025-01-06,AL,gasolina,179.8000,29
2025-01-06,AM,diesel_s10,57.9000,9
2025-01-06,AM,etanol,54.8700,11
2025-01-06,AM,gasolina,111.8300,16
2025-01-06,AP,diesel_s10,12.9800,2
2025-01-06,AP,gasolina,12.0800,2
2025-01-06,BA,diesel_s10,305.4500,48
2025-01-06,BA,etanol,253.9500,55
2025-01-06,BA,gasolina,380.3700,59
2025-01-06,CE,diesel_s10,121.7400,19
2025-01-06,CE,etanol,103.6100,20
2025-01-06,CE,gasolina,149.3400,23
2025-01-06,DF,diesel_s10,107.4700,18
2025-01-06,DF,etanol,80.4500,20
2025-01-06,DF,gasolina,180.1500,30
2025-01-06,ES,diesel_s10,143.9100,24
2025-01-06,ES,etanol,105.4400,24
2025-01-06,ES,gasolina,253.1300,41
2025-01-06,GO,diesel_s10,259.2000,43
2025-01-06,GO,etanol,229.7300,54
2025-01-06,GO,gasolina,336.2300,54
2025-01-06,MA,diesel_s10,152.8600,25
2025-01-06,MA,etanol,60.4800,12
2025-01-06,MA,gasolina,179.6100,29
2025-01-06,MG,diesel_s10,648.7900,108
2025-01-06,MG,etanol,598.0900,141
2025-01-06,MG,gasolina,929.5400,152
2025-01-06,MS,diesel_s10,145.5200,23
2025-01-06,MS,etanol,125.1500,31
2025-01-06,MS,gasolina,307.5500,50
2025-01-06,MT,diesel_s10,74.8500,12
2025-01-06,MT,etanol,65.9000,17
2025-01-06,MT,gasolina,103.6600,17
2025-01-06,PA,diesel_s10,213.5700,33
2025-01-06,PA,etanol,97.7700,20
2025-01-06,PA,gasolina,318.9400,50
2025-01-06,PB,diesel_s10,77.8600,13
2025-01-06,PB,etanol,77.3200,19
2025-01-06,PB,gasolina,135.3000,23
2025-01-06,PE,diesel_s10,206.1500,35
2025-01-06,PE,etanol,191.8100,45
2025-01-06,PE,gasolina,318.7100,53
2025-01-06,PI,diesel_s10,44.6600,7
2025-01-06,PI,etanol,37.7100,8
2025-01-06,PI,gasolina,65.5600,11
2025-01-06,PR,diesel_s10,299.2300,49
2025-01-06,PR,etanol,341.3300,77
2025-01-06,PR,gasolina,502.2600,80
2025-01-06,RJ,diesel_s10,634.5900,103
2025-01-06,RJ,etanol,679.1300,150
2025-01-06,RJ,gasolina,958.1800,158
2025-01-06,RN,diesel_s10,6.3900,1
2025-01-06,RN,etanol,8.4800,2
2025-01-06,RN,gasolina,18.4100,3
2025-01-06,RO,diesel_s10,46.6600,7
2025-01-06,RO,etanol,14.7100,3
2025-01-06,RO,gasolina,56.4400,8
2025-01-06,RR,diesel_s10,27.9200,4
2025-01-06,RR,etanol,5.1500,1
2025-01-06,RR,gasolina,27.5600,4
2025-01-06,RS,diesel_s10,613.0100,100
2025-01-06,RS,etanol,280.7700,58
2025-01-06,RS,gasolina,823.1400,136
2025-01-06,SC,diesel_s10,329.6000,54
2025-01-06,SC,etanol,219.6700,49
2025-01-06,SC,gasolina,512.3600,82
2025-01-06,SE,diesel_s10,96.0700,16
2025-01-06,SE,etanol,83.2100,19
2025-01-06,SE,gasolina,194.2800,31
2025-01-06,SP,diesel_s10,2417.4600,394
2025-01-06,SP,etanol,2329.7200,585
2025-01-06,SP,gasolina,3556.5800,591
2025-01-06,TO,diesel_s10,86.1100,14
2025-01-06,TO,etanol,76.6500,16
2025-01-06,TO,gasolina,129.0800,20
2025-01-07,AL,diesel_s10,33.7300,5
2025-01-07,AL,etanol,30.5000,6
2025-01-07,AL,gasolina,41.4300,6
2025-01-07,AM,diesel_s10,64.3800,10
2025-01-07,AM,etanol,59.9600,12
2025-01-07,AM,gasolina,111.7800,16
2025-01-07,AP,diesel_s10,46.5500,7
2025-01-07,AP,etanol,10.2200,2
2025-01-07,AP,gasolina,106.1700,18
2025-01-07,BA,diesel_s10,219.0700,35
2025-01-07,BA,etanol,182.5400,41
2025-01-07,BA,gasolina,271.9700,43
2025-01-07,CE,diesel_s10,304.7800,49
2025-01-07,CE,etanol,304.6200,63
2025-01-07,CE,gasolina,437.9800,69
2025-01-07,DF,diesel_s10,29.8300,5
2025-01-07,DF,etanol,32.5400,8
2025-01-07,DF,gasolina,121.8400,20
2025-01-07,ES,diesel_s10,103.5400,17
2025-01-07,ES,etanol,102.1200,23
2025-01-07,ES,gasolina,219.2500,35
2025-01-07,GO,diesel_s10,186.5200,31
2025-01-07,GO,etanol,189.2600,43
2025-01-07,GO,gasolina,266.0700,42
2025-01-07,MA,diesel_s10,59.1900,10
2025-01-07,MA,etanol,36.9200,8
2025-01-07,MA,gasolina,69.7700,12
2025-01-07,MG,diesel_s10,466.1000,78
2025-01-07,MG,etanol,447.9900,108
2025-01-07,MG,gasolina,664.3800,111
2025-01-07,MT,diesel_s10,89.5500,14
2025-01-07,MT,etanol,87.4200,22
2025-01-07,MT,gasolina,149.3100,24
2025-01-07,PA,diesel_s10,114.9600,18
2025-01-07,PA,etanol,55.9500,12
2025-01-07,PA,gasolina,161.6600,25
2025-01-07,PB,diesel_s10,43.2600,7
2025-01-07,PB,etanol,42.4200,10
2025-01-07,PB,gasolina,71.7300,12
2025-01-07,PE,diesel_s10,165.5300,28
2025-01-07,PE,etanol,122.7600,30
2025-01-07,PE,gasolina,197.3700,33
2025-01-07,PI,diesel_s10,18.8000,3
2025-01-07,PI,etanol,9.6900,2
2025-01-07,PI,gasolina,18.4200,3
2025-01-07,PR,diesel_s10,245.3100,40
2025-01-07,PR,etanol,269.1700,62
2025-01-07,PR,gasolina,385.5200,62
2025-01-07,RJ,diesel_s10,250.6400,41
2025-01-07,RJ,etanol,281.9600,63
2025-01-07,RJ,gasolina,432.7600,72
2025-01-07,RN,diesel_s10,18.5700,3
2025-01-07,RN,etanol,14.0700,3
2025-01-07,RN,gasolina,19.9500,3
2025-01-07,RO,diesel_s10,87.4800,13
2025-01-07,RO,etanol,36.4500,7
2025-01-07,RO,gasolina,111.0700,16
2025-01-07,RR,diesel_s10,34.9700,5
2025-01-07,RR,gasolina,34.4900,5
2025-01-07,RS,diesel_s10,233.6200,38
2025-01-07,RS,etanol,122.4400,26
2025-01-07,RS,gasolina,316.0700,52
2025-01-07,SC,diesel_s10,147.7300,24
2025-01-07,SC,etanol,90.1100,19
2025-01-07,SC,gasolina,199.7400,32
2025-01-07,SP,diesel_s10,972.0400,160
2025-01-07,SP,etanol,967.5700,246
2025-01-07,SP,gasolina,1460.5800,247
2025-01-08,AC,diesel_s10,15.8600,2
2025-01-08,AC,etanol,5.5900,1
2025-01-08,AC,gasolina,15.4600,2
2025-01-08,AL,diesel_s10,29.6500,5
2025-01-08,AL,etanol,54.4300,12
2025-01-08,AL,gasolina,85.6800,14
2025-01-08,AM,diesel_s10,32.2500,5
2025-01-08,AM,etanol,29.9300,6
2025-01-08,AM,gasolina,48.9300,7
2025-01-08,AP,diesel_s10,12.9000,2
2025-01-08,AP,gasolina,11.8600,2
2025-01-08,BA,diesel_s10,265.9400,41
2025-01-08,BA,etanol,249.0100,54
2025-01-08,BA,gasolina,388.4700,61
2025-01-08,CE,diesel_s10,12.9400,2
2025-01-08,CE,etanol,5.1900,1
2025-01-08,CE,gasolina,18.7900,3
2025-01-08,ES,etanol,4.2500,1
2025-01-08,ES,gasolina,12.9600,2
2025-01-08,GO,diesel_s10,119.3100,20
2025-01-08,GO,etanol,131.6600,30
2025-01-08,GO,gasolina,196.5500,31
2025-01-08,MA,diesel_s10,133.2900,22
2025-01-08,MA,etanol,86.3000,18
2025-01-08,MA,gasolina,172.7000,28
2025-01-08,MG,diesel_s10,217.7000,36
2025-01-08,MG,etanol,221.3700,52
2025-01-08,MG,gasolina,337.0500,55
2025-01-08,MS,diesel_s10,25.7400,4
2025-01-08,MS,etanol,12.3500,3
2025-01-08,MS,gasolina,30.6800,5
2025-01-08,MT,diesel_s10,100.0900,16
2025-01-08,MT,etanol,87.1000,22
2025-01-08,MT,gasolina,135.0200,22
2025-01-08,PA,diesel_s10,13.5400,2
2025-01-08,PA,etanol,4.8500,1
2025-01-08,PA,gasolina,20.1800,3
2025-01-08,PB,diesel_s10,78.1500,13
2025-01-08,PB,etanol,46.1500,11
2025-01-08,PB,gasolina,95.8700,16
2025-01-08,PE,diesel_s10,180.0300,30
2025-01-08,PE,etanol,114.0000,26
2025-01-08,PE,gasolina,193.1900,31
2025-01-08,PI,diesel_s10,115.8300,19
2025-01-08,PI,etanol,108.7600,24
2025-01-08,PI,gasolina,209.7700,35
2025-01-08,PR,diesel_s10,102.5200,17
2025-01-08,PR,etanol,111.6400,25
2025-01-08,PR,gasolina,156.5100,25
2025-01-08,RJ,diesel_s10,192.1600,31
2025-01-08,RJ,etanol,232.9600,50
2025-01-08,RJ,gasolina,370.7900,59
2025-01-08,RN,diesel_s10,46.2600,7
2025-01-08,RN,etanol,23.2500,5
2025-01-08,RN,gasolina,42.8000,7
2025-01-08,RO,diesel_s10,55.0200,8
2025-01-08,RO,etanol,20.3600,4
2025-01-08,RO,gasolina,64.3800,9
2025-01-08,RR,diesel_s10,41.8800,6
2025-01-08,RR,etanol,10.3500,2
2025-01-08,RR,gasolina,48.2300,7
2025-01-08,RS,diesel_s10,411.2800,68
2025-01-08,RS,etanol,151.6300,33
2025-01-08,RS,gasolina,524.5300,88
2025-01-08,SC,diesel_s10,37.2400,6
2025-01-08,SC,etanol,51.7200,11
2025-01-08,SC,gasolina,77.2700,12
2025-01-08,SP,diesel_s10,543.3900,88
2025-01-08,SP,etanol,556.3700,139
2025-01-08,SP,gasolina,870.9700,144
2025-01-08,TO,diesel_s10,84.4800,14
2025-01-08,TO,etanol,75.3100,16
2025-01-08,TO,gasolina,117.9200,18
2025-01-09,AL,diesel_s10,6.1900,1
2025-01-09,AL,etanol,8.8800,2
2025-01-09,AL,gasolina,11.9700,2
2025-01-09,AM,diesel_s10,109.2800,15
2025-01-09,AM,etanol,35.3300,7
2025-01-09,AM,gasolina,119.8200,16
2025-01-09,AP,diesel_s10,6.7800,1
2025-01-09,AP,gasolina,6.1300,1
2025-01-09,BA,diesel_s10,45.8700,7
2025-01-09,BA,etanol,54.3900,12
2025-01-09,BA,gasolina,68.7800,11
2025-01-09,CE,diesel_s10,93.1200,15
2025-01-09,CE,etanol,98.5700,20
2025-01-09,CE,gasolina,128.7500,20
2025-01-09,ES,diesel_s10,11.9800,2
2025-01-09,ES,etanol,4.4900,1
2025-01-09,ES,gasolina,19.3700,3
2025-01-09,GO,diesel_s10,128.7000,21
2025-01-09,GO,etanol,113.3300,28
2025-01-09,GO,gasolina,169.1500,28
2025-01-09,MA,diesel_s10,126.9700,21
2025-01-09,MA,etanol,72.4300,15
2025-01-09,MA,gasolina,143.1700,23
2025-01-09,MG,diesel_s10,343.6800,56
2025-01-09,MG,etanol,301.6700,72
2025-01-09,MG,gasolina,460.9300,76
2025-01-09,MS,diesel_s10,18.5300,3
2025-01-09,MS,etanol,12.3700,3
2025-01-09,MS,gasolina,24.3600,4
2025-01-09,MT,diesel_s10,63.1000,10
2025-01-09,MT,etanol,60.9600,15
2025-01-09,MT,gasolina,94.1600,15
2025-01-09,PB,diesel_s10,89.4200,15
2025-01-09,PB,etanol,63.5500,16
2025-01-09,PB,gasolina,94.5300,16
2025-01-09,PE,diesel_s10,227.1900,37
2025-01-09,PE,etanol,173.6300,38
2025-01-09,PE,gasolina,270.9100,43
2025-01-09,PI,diesel_s10,18.6600,3
2025-01-09,PI,etanol,9.9500,2
2025-01-09,PI,gasolina,24.0500,4
2025-01-09,PR,diesel_s10,152.4200,25
2025-01-09,PR,etanol,157.8600,37
2025-01-09,PR,gasolina,208.5900,34
2025-01-09,RJ,diesel_s10,86.7500,14
2025-01-09,RJ,etanol,71.2900,16
2025-01-09,RJ,gasolina,101.8400,17
2025-01-09,RN,diesel_s10,86.1900,14
2025-01-09,RN,etanol,71.4500,17
2025-01-09,RN,gasolina,118.0900,19
2025-01-09,RS,diesel_s10,169.9700,26
2025-01-09,RS,etanol,69.5700,14
2025-01-09,RS,gasolina,221.7600,34
2025-01-09,SC,diesel_s10,12.4200,2
2025-01-09,SC,etanol,8.8600,2
2025-01-09,SC,gasolina,25.2100,4
2025-01-09,SP,diesel_s10,707.7800,114
2025-01-09,SP,etanol,687.1200,170
2025-01-09,SP,gasolina,1053.2100,174
2025-01-09,TO,diesel_s10,53.9300,9
2025-01-09,TO,etanol,28.4500,6
2025-01-09,TO,gasolina,56.6000,9
2025-01-10,AC,etanol,5.0900,1
2025-01-10,AC,gasolina,14.8300,2
2025-01-10,BA,diesel_s10,149.3600,24
2025-01-10,BA,etanol,117.7800,26
2025-01-10,BA,gasolina,173.3400,28
2025-01-10,CE,diesel_s10,23.7600,4
2025-01-10,CE,etanol,18.9600,4
2025-01-10,CE,gasolina,25.5400,4
2025-01-10,GO,diesel_s10,115.2500,19
2025-01-10,GO,etanol,82.0600,20
2025-01-10,GO,gasolina,122.6500,20
2025-01-10,MA,diesel_s10,53.1100,9
2025-01-10,MA,etanol,27.6600,6
2025-01-10,MA,gasolina,65.7900,11
2025-01-10,MG,diesel_s10,128.4100,21
2025-01-10,MG,etanol,134.9400,33
2025-01-10,MG,gasolina,210.7100,35
2025-01-10,PI,diesel_s10,12.4300,2
2025-01-10,PI,gasolina,12.1600,2
2025-01-10,PR,diesel_s10,199.1000,33
2025-01-10,PR,etanol,209.4100,49
2025-01-10,PR,gasolina,280.5500,45
2025-01-10,RJ,diesel_s10,84.1800,13
2025-01-10,RJ,etanol,74.1200,16
2025-01-10,RJ,gasolina,113.8100,18
2025-01-10,RN,diesel_s10,25.4600,4
2025-01-10,RN,etanol,24.2600,5
2025-01-10,RN,gasolina,32.0500,5
2025-01-10,RS,diesel_s10,43.4300,7
2025-01-10,RS,etanol,10.4800,2
2025-01-10,RS,gasolina,48.7200,8
2025-01-10,SP,diesel_s10,36.5000,6
2025-01-10,SP,etanol,23.1300,6
2025-01-10,SP,gasolina,35.3400,6
2025-01-11,BA,diesel_s10,6.5900,1
2025-01-11,BA,etanol,8.9400,2
2025-01-11,BA,gasolina,6.4900,1
2025-01-13,AC,diesel_s10,7.4700,1
2025-01-13,AC,etanol,9.9500,2
2025-01-13,AC,gasolina,22.3200,3
2025-01-13,AL,diesel_s10,69.7300,11
2025-01-13,AL,etanol,106.6500,23
2025-01-13,AL,gasolina,150.1500,24
2025-01-13,AM,diesel_s10,109.5000,17
2025-01-13,AM,etanol,89.8800,18
2025-01-13,AM,gasolina,174.7000,25
2025-01-13,AP,diesel_s10,32.8800,5
2025-01-13,AP,etanol,15.8700,3
2025-01-13,AP,gasolina,100.1200,17
2025-01-13,BA,diesel_s10,313.0000,49
2025-01-13,BA,etanol,290.6600,62
2025-01-13,BA,gasolina,385.5500,60
2025-01-13,CE,diesel_s10,190.0100,30
2025-01-13,CE,etanol,209.9700,43
2025-01-13,CE,gasolina,277.2800,43
2025-01-13,DF,diesel_s10,65.9600,11
2025-01-13,DF,etanol,55.6800,14
2025-01-13,DF,gasolina,106.7800,18
2025-01-13,ES,diesel_s10,161.3500,27
2025-01-13,ES,etanol,122.2500,28
2025-01-13,ES,gasolina,264.5700,43
2025-01-13,GO,diesel_s10,330.1700,55
2025-01-13,GO,etanol,308.3400,71
2025-01-13,GO,gasolina,472.0900,75
2025-01-13,MA,diesel_s10,221.7300,37
2025-01-13,MA,etanol,117.5200,25
2025-01-13,MA,gasolina,251.3100,42
2025-01-13,MG,diesel_s10,495.1500,82
2025-01-13,MG,etanol,473.2100,112
2025-01-13,MG,gasolina,760.4900,125
2025-01-13,MS,diesel_s10,55.7100,9
2025-01-13,MS,etanol,47.0200,12
2025-01-13,MS,gasolina,140.2400,23
2025-01-13,MT,diesel_s10,99.7800,16
2025-01-13,MT,etanol,87.8700,22
2025-01-13,MT,gasolina,133.9400,22
2025-01-13,PA,diesel_s10,274.4400,42
2025-01-13,PA,etanol,116.0000,24
2025-01-13,PA,gasolina,414.3800,64
2025-01-13,PE,diesel_s10,179.7600,30
2025-01-13,PE,etanol,176.9200,41
2025-01-13,PE,gasolina,307.1900,50
2025-01-13,PI,diesel_s10,138.2300,22
2025-01-13,PI,etanol,101.4000,22
2025-01-13,PI,gasolina,184.7100,31
2025-01-13,PR,diesel_s10,239.2500,39
2025-01-13,PR,etanol,280.3800,64
2025-01-13,PR,gasolina,439.1100,70
2025-01-13,RJ,diesel_s10,706.2400,115
2025-01-13,RJ,etanol,785.9300,173
2025-01-13,RJ,gasolina,1125.6000,185
2025-01-13,RO,diesel_s10,66.0100,10
2025-01-13,RO,etanol,20.7200,4
2025-01-13,RO,gasolina,75.8100,11
2025-01-13,RR,diesel_s10,27.9200,4
2025-01-13,RR,etanol,5.1500,1
2025-01-13,RR,gasolina,27.5600,4
2025-01-13,RS,diesel_s10,643.7300,105
2025-01-13,RS,etanol,308.2100,64
2025-01-13,RS,gasolina,919.7500,152
2025-01-13,SC,diesel_s10,354.0600,58
2025-01-13,SC,etanol,243.2900,54
2025-01-13,SC,gasolina,543.7900,87
2025-01-13,SE,diesel_s10,60.9800,10
2025-01-13,SE,etanol,78.4100,17
2025-01-13,SE,gasolina,160.0200,25
2025-01-13,SP,diesel_s10,2071.0000,338
2025-01-13,SP,etanol,2085.8700,519
2025-01-13,SP,gasolina,3143.8200,523
2025-01-13,TO,diesel_s10,43.1300,7
2025-01-13,TO,etanol,38.9300,8
2025-01-13,TO,gasolina,59.4900,9
2025-01-14,AC,diesel_s10,7.5500,1
2025-01-14,AC,etanol,15.4700,3
2025-01-14,AC,gasolina,22.3200,3
2025-01-14,AL,diesel_s10,32.8800,5
2025-01-14,AL,etanol,25.4800,5
2025-01-14,AL,gasolina,40.3700,6
2025-01-14,AM,diesel_s10,121.5200,17
2025-01-14,AM,etanol,50.0900,10
2025-01-14,AM,gasolina,154.7800,21
2025-01-14,AP,diesel_s10,39.6500,6
2025-01-14,AP,gasolina,36.1600,6
2025-01-14,BA,diesel_s10,234.4300,37
2025-01-14,BA,etanol,179.5700,39
2025-01-14,BA,gasolina,275.1300,43
2025-01-14,CE,diesel_s10,257.7500,41
2025-01-14,CE,etanol,212.9400,43
2025-01-14,CE,gasolina,354.7100,56
2025-01-14,DF,diesel_s10,47.4100,8
2025-01-14,DF,etanol,27.7100,7
2025-01-14,DF,gasolina,88.8200,15
2025-01-14,ES,diesel_s10,73.2300,12
2025-01-14,ES,etanol,77.3400,18
2025-01-14,ES,gasolina,151.5400,25
2025-01-14,GO,diesel_s10,48.1300,8
2025-01-14,GO,etanol,53.0900,13
2025-01-14,GO,gasolina,78.3500,13
2025-01-14,MA,diesel_s10,92.5600,15
2025-01-14,MA,etanol,48.0800,10
2025-01-14,MA,gasolina,97.7500,16
2025-01-14,MG,diesel_s10,431.6400,72
2025-01-14,MG,etanol,446.3900,106
2025-01-14,MG,gasolina,670.8900,111
2025-01-14,MS,diesel_s10,42.9600,7
2025-01-14,MS,etanol,34.7200,9
2025-01-14,MS,gasolina,87.6200,15
2025-01-14,MT,diesel_s10,71.7200,11
2025-01-14,MT,etanol,64.4400,16
2025-01-14,MT,gasolina,112.8200,18
2025-01-14,PA,diesel_s10,67.5600,11
2025-01-14,PA,etanol,41.4300,9
2025-01-14,PA,gasolina,85.5400,14
2025-01-14,PB,diesel_s10,93.0300,15
2025-01-14,PB,etanol,52.0000,12
2025-01-14,PB,gasolina,128.1100,21
2025-01-14,PE,diesel_s10,262.1600,44
2025-01-14,PE,etanol,180.4700,42
2025-01-14,PE,gasolina,289.3600,48
2025-01-14,PI,diesel_s10,5.9900,1
2025-01-14,PI,etanol,9.2800,2
2025-01-14,PI,gasolina,18.2700,3
2025-01-14,PR,diesel_s10,267.8400,44
2025-01-14,PR,etanol,290.6500,65
2025-01-14,PR,gasolina,396.0200,63
2025-01-14,RJ,diesel_s10,223.6800,36
2025-01-14,RJ,etanol,273.6600,60
2025-01-14,RJ,gasolina,454.0900,74
2025-01-14,RN,diesel_s10,5.7400,1
2025-01-14,RN,etanol,3.9900,1
2025-01-14,RN,gasolina,5.7400,1
2025-01-14,RO,diesel_s10,54.1100,8
2025-01-14,RO,etanol,14.8700,3
2025-01-14,RO,gasolina,70.1100,10
2025-01-14,RR,diesel_s10,48.8300,7
2025-01-14,RR,etanol,15.4000,3
2025-01-14,RR,gasolina,48.2300,7
2025-01-14,RS,diesel_s10,285.6600,46
2025-01-14,RS,etanol,110.3600,23
2025-01-14,RS,gasolina,331.8400,54
2025-01-14,SC,diesel_s10,136.7300,22
2025-01-14,SC,etanol,102.1600,22
2025-01-14,SC,gasolina,253.2700,40
2025-01-14,SE,diesel_s10,36.3000,6
2025-01-14,SE,etanol,9.1800,2
2025-01-14,SE,gasolina,37.8600,6
2025-01-14,SP,diesel_s10,1242.5400,201
2025-01-14,SP,etanol,1218.0800,305
2025-01-14,SP,gasolina,1853.2000,308
2025-01-14,TO,diesel_s10,96.2000,16
2025-01-14,TO,etanol,63.8500,14
2025-01-14,TO,gasolina,119.0900,19
2025-01-15,AC,diesel_s10,39.6700,5
2025-01-15,AC,etanol,16.9200,3
2025-01-15,AC,gasolina,46.0600,6
2025-01-15,AL,diesel_s10,72.4500,12
2025-01-15,AL,etanol,84.3400,18
2025-01-15,AL,gasolina,131.5700,21
2025-01-15,AM,diesel_s10,20.0400,3
2025-01-15,AM,etanol,14.9700,3
2025-01-15,AM,gasolina,20.9700,3
2025-01-15,BA,diesel_s10,304.5700,47
2025-01-15,BA,etanol,257.1800,56
2025-01-15,BA,gasolina,408.4300,65
2025-01-15,DF,diesel_s10,23.9200,4
2025-01-15,DF,etanol,32.2500,8
2025-01-15,DF,gasolina,102.8500,17
2025-01-15,ES,diesel_s10,5.9900,1
2025-01-15,ES,gasolina,6.4900,1
2025-01-15,GO,diesel_s10,182.9100,30
2025-01-15,GO,etanol,194.6400,44
2025-01-15,GO,gasolina,283.8700,45
2025-01-15,MA,diesel_s10,139.5000,23
2025-01-15,MA,etanol,85.6200,17
2025-01-15,MA,gasolina,178.9000,28
2025-01-15,MG,diesel_s10,297.8800,49
2025-01-15,MG,etanol,287.5700,68
2025-01-15,MG,gasolina,421.7900,69
2025-01-15,MS,diesel_s10,41.2700,6
2025-01-15,MS,etanol,31.4900,7
2025-01-15,MS,gasolina,74.9000,11
2025-01-15,MT,diesel_s10,133.9100,22
2025-01-15,MT,etanol,99.8100,25
2025-01-15,MT,gasolina,145.3300,24
2025-01-15,PB,diesel_s10,212.8700,35
2025-01-15,PB,etanol,179.2300,42
2025-01-15,PB,gasolina,281.1600,46
2025-01-15,PE,diesel_s10,171.9900,29
2025-01-15,PE,etanol,150.1500,33
2025-01-15,PE,gasolina,225.1700,37
2025-01-15,PI,diesel_s10,85.6400,14
2025-01-15,PI,etanol,51.3500,11
2025-01-15,PI,gasolina,90.2800,15
2025-01-15,PR,diesel_s10,232.0800,38
2025-01-15,PR,etanol,221.6000,51
2025-01-15,PR,gasolina,299.5400,48
2025-01-15,RJ,diesel_s10,120.8400,19
2025-01-15,RJ,etanol,129.1700,28
2025-01-15,RJ,gasolina,193.5700,31
2025-01-15,RN,diesel_s10,57.6600,9
2025-01-15,RN,etanol,33.4500,8
2025-01-15,RN,gasolina,59.4600,10
2025-01-15,RO,diesel_s10,47.6500,7
2025-01-15,RO,etanol,15.5300,3
2025-01-15,RO,gasolina,55.3500,8
2025-01-15,RR,diesel_s10,28.0200,4
2025-01-15,RR,gasolina,34.4900,5
2025-01-15,RS,diesel_s10,317.0800,52
2025-01-15,RS,etanol,139.8000,30
2025-01-15,RS,gasolina,410.9700,68
2025-01-15,SC,diesel_s10,73.5600,12
2025-01-15,SC,etanol,62.1800,13
2025-01-15,SC,gasolina,112.2300,18
2025-01-15,SP,diesel_s10,844.8200,138
2025-01-15,SP,etanol,751.6800,186
2025-01-15,SP,gasolina,1157.0000,193
2025-01-15,TO,diesel_s10,60.6500,10
2025-01-15,TO,etanol,52.0600,11
2025-01-15,TO,gasolina,84.8700,13
2025-01-16,AC,diesel_s10,23.0600,3
2025-01-16,AC,etanol,10.3800,2
2025-01-16,AC,gasolina,22.4700,3
2025-01-16,AM,diesel_s10,33.3100,5
2025-01-16,AM,etanol,20.1600,4
2025-01-16,AM,gasolina,34.9300,5
2025-01-16,BA,diesel_s10,180.4800,28
2025-01-16,BA,etanol,136.8700,29
2025-01-16,BA,gasolina,202.4500,31
2025-01-16,CE,diesel_s10,98.7300,16
2025-01-16,CE,etanol,92.7300,19
2025-01-16,CE,gasolina,122.1700,19
2025-01-16,ES,diesel_s10,11.9800,2
2025-01-16,ES,etanol,4.7900,1
2025-01-16,ES,gasolina,20.1700,3
2025-01-16,GO,diesel_s10,134.4300,22
2025-01-16,GO,etanol,131.4400,31
2025-01-16,GO,gasolina,197.3400,32
2025-01-16,MA,diesel_s10,42.5200,7
2025-01-16,MA,etanol,9.7800,2
2025-01-16,MA,gasolina,49.8300,8
2025-01-16,MG,diesel_s10,422.9500,70
2025-01-16,MG,etanol,351.7000,83
2025-01-16,MG,gasolina,537.9300,89
2025-01-16,MS,diesel_s10,37.6900,6
2025-01-16,MS,etanol,29.0500,7
2025-01-16,MS,gasolina,49.3900,8
2025-01-16,MT,diesel_s10,39.1900,6
2025-01-16,MT,etanol,35.2400,8
2025-01-16,MT,gasolina,52.6800,8
2025-01-16,PE,diesel_s10,151.6700,24
2025-01-16,PE,etanol,100.9300,20
2025-01-16,PE,gasolina,163.0500,25
2025-01-16,PI,diesel_s10,24.1600,4
2025-01-16,PI,etanol,22.6600,5
2025-01-16,PI,gasolina,29.8100,5
2025-01-16,PR,diesel_s10,274.5100,45
2025-01-16,PR,etanol,266.6500,62
2025-01-16,PR,gasolina,360.2400,58
2025-01-16,RJ,diesel_s10,114.7700,19
2025-01-16,RJ,etanol,101.7600,23
2025-01-16,RJ,gasolina,154.1500,26
2025-01-16,RN,diesel_s10,132.4300,21
2025-01-16,RN,etanol,108.2100,24
2025-01-16,RN,gasolina,173.1800,27
2025-01-16,RO,diesel_s10,61.9400,9
2025-01-16,RO,etanol,30.5400,6
2025-01-16,RO,gasolina,70.0700,10
2025-01-16,RS,diesel_s10,158.5300,25
2025-01-16,RS,etanol,54.5900,11
2025-01-16,RS,gasolina,182.0700,29
2025-01-16,SC,diesel_s10,43.9200,7
2025-01-16,SC,etanol,18.8500,4
2025-01-16,SC,gasolina,55.9200,9
2025-01-16,SP,diesel_s10,426.1300,70
2025-01-16,SP,etanol,434.9200,109
2025-01-16,SP,gasolina,666.7100,112
2025-01-17,CE,diesel_s10,11.8600,2
2025-01-17,CE,etanol,9.4600,2
2025-01-17,CE,gasolina,12.7400,2
2025-01-17,GO,diesel_s10,36.3400,6
2025-01-17,GO,etanol,27.5100,7
2025-01-17,GO,gasolina,36.2300,6
2025-01-17,MG,diesel_s10,59.9000,10
2025-01-17,MG,etanol,55.9300,13
2025-01-17,MG,gasolina,85.3600,14
2025-01-17,MS,diesel_s10,12.9800,2
2025-01-17,MS,etanol,4.2900,1
2025-01-17,MS,gasolina,18.6600,3
2025-01-17,MT,diesel_s10,19.7700,3
2025-01-17,MT,etanol,22.4400,5
2025-01-17,MT,gasolina,32.9400,5
2025-01-17,PI,diesel_s10,25.0400,4
2025-01-17,PI,etanol,14.5900,3
2025-01-17,PI,gasolina,30.2300,5
2025-01-17,PR,diesel_s10,42.9600,7
2025-01-17,PR,etanol,46.2300,11
2025-01-17,PR,gasolina,66.5200,11
2025-01-17,RN,diesel_s10,18.5700,3
2025-01-17,RN,etanol,19.7600,4
2025-01-17,RN,gasolina,25.0600,4
2025-01-17,RS,diesel_s10,72.3800,12
2025-01-17,RS,etanol,27.6300,6
2025-01-17,RS,gasolina,95.2900,16
2025-01-17,SC,diesel_s10,36.8400,6
2025-01-17,SC,etanol,37.8400,8
2025-01-17,SC,gasolina,58.2200,9
2025-01-17,SP,diesel_s10,12.0100,2
2025-01-17,SP,etanol,12.0500,3
2025-01-17,SP,gasolina,17.7500,3
2025-01-20,AL,diesel_s10,113.8500,18
2025-01-20,AL,etanol,146.4000,31
2025-01-20,AL,gasolina,208.7400,33
2025-01-20,AM,diesel_s10,103.1100,16
2025-01-20,AM,etanol,99.8600,20
2025-01-20,AM,gasolina,167.7100,24
2025-01-20,AP,diesel_s10,39.5600,6
2025-01-20,AP,etanol,20.9900,4
2025-01-20,AP,gasolina,100.1200,17
2025-01-20,BA,diesel_s10,333.3100,51
2025-01-20,BA,etanol,316.1400,66
2025-01-20,BA,gasolina,493.1500,75
2025-01-20,CE,diesel_s10,167.1900,26
2025-01-20,CE,etanol,134.9300,26
2025-01-20,CE,gasolina,196.0600,30
2025-01-20,DF,diesel_s10,60.2700,10
2025-01-20,DF,etanol,56.5200,13
2025-01-20,DF,gasolina,103.4700,17
2025-01-20,ES,diesel_s10,186.0400,31
2025-01-20,ES,etanol,131.0200,30
2025-01-20,ES,gasolina,314.3300,51
2025-01-20,GO,diesel_s10,408.2400,67
2025-01-20,GO,etanol,424.1400,91
2025-01-20,GO,gasolina,636.5200,99
2025-01-20,MA,diesel_s10,103.9200,17
2025-01-20,MA,etanol,67.7900,14
2025-01-20,MA,gasolina,135.3900,22
2025-01-20,MG,diesel_s10,660.9000,109
2025-01-20,MG,etanol,588.3400,137
2025-01-20,MG,gasolina,905.6100,149
2025-01-20,MS,diesel_s10,76.9000,12
2025-01-20,MS,etanol,58.3800,14
2025-01-20,MS,gasolina,183.4600,29
2025-01-20,MT,diesel_s10,75.7900,12
2025-01-20,MT,etanol,84.5300,21
2025-01-20,MT,gasolina,129.3600,21
2025-01-20,PA,diesel_s10,303.4200,47
2025-01-20,PA,etanol,116.3600,24
2025-01-20,PA,gasolina,456.8400,71
2025-01-20,PB,diesel_s10,128.7300,21
2025-01-20,PB,etanol,109.1900,25
2025-01-20,PB,gasolina,184.6800,30
2025-01-20,PE,diesel_s10,125.5700,21
2025-01-20,PE,etanol,167.0400,34
2025-01-20,PE,gasolina,239.4200,38
2025-01-20,PI,diesel_s10,50.5400,8
2025-01-20,PI,etanol,55.4000,12
2025-01-20,PI,gasolina,88.7000,15
2025-01-20,PR,diesel_s10,307.3100,50
2025-01-20,PR,etanol,317.0700,73
2025-01-20,PR,gasolina,463.7200,74
2025-01-20,RJ,diesel_s10,726.3500,118
2025-01-20,RJ,etanol,757.7200,166
2025-01-20,RJ,gasolina,1101.7800,181
2025-01-20,RN,etanol,4.8900,1
2025-01-20,RN,gasolina,5.8500,1
2025-01-20,RS,diesel_s10,548.2100,88
2025-01-20,RS,etanol,224.1800,46
2025-01-20,RS,gasolina,652.8500,107
2025-01-20,SC,diesel_s10,239.3300,39
2025-01-20,SC,etanol,229.7800,50
2025-01-20,SC,gasolina,479.6000,76
2025-01-20,SE,diesel_s10,67.0300,11
2025-01-20,SE,etanol,78.9600,17
2025-01-20,SE,gasolina,160.0400,25
2025-01-20,SP,diesel_s10,2113.8100,344
2025-01-20,SP,etanol,2207.0700,545
2025-01-20,SP,gasolina,3298.6300,548
2025-01-20,TO,diesel_s10,97.5900,16
2025-01-20,TO,etanol,84.1100,18
2025-01-20,TO,gasolina,134.9400,21
2025-01-21,AL,diesel_s10,36.9500,6
2025-01-21,AL,etanol,38.1700,8
2025-01-21,AL,gasolina,57.1700,9
2025-01-21,AM,diesel_s10,70.3800,11
2025-01-21,AM,etanol,65.0400,13
2025-01-21,AM,gasolina,111.8300,16
2025-01-21,BA,diesel_s10,147.1300,23
2025-01-21,BA,etanol,116.4000,24
2025-01-21,BA,gasolina,170.3500,26
2025-01-21,CE,diesel_s10,238.2000,38
2025-01-21,CE,etanol,222.2200,46
2025-01-21,CE,gasolina,319.0300,50
2025-01-21,DF,diesel_s10,48.9500,8
2025-01-21,DF,etanol,58.6800,13
2025-01-21,DF,gasolina,200.1800,31
2025-01-21,ES,diesel_s10,47.8400,8
2025-01-21,ES,etanol,63.6700,14
2025-01-21,ES,gasolina,120.0200,19
2025-01-21,GO,diesel_s10,89.6000,15
2025-01-21,GO,etanol,79.9200,18
2025-01-21,GO,gasolina,106.4600,17
2025-01-21,MA,diesel_s10,169.6800,28
2025-01-21,MA,etanol,91.4600,19
2025-01-21,MA,gasolina,207.0000,34
2025-01-21,MG,diesel_s10,283.6300,47
2025-01-21,MG,etanol,322.1300,74
2025-01-21,MG,gasolina,477.0500,78
2025-01-21,MS,diesel_s10,74.7200,12
2025-01-21,MS,etanol,58.9900,15
2025-01-21,MS,gasolina,119.1500,20
2025-01-21,MT,diesel_s10,121.8300,19
2025-01-21,MT,etanol,115.6800,28
2025-01-21,MT,gasolina,175.4300,28
2025-01-21,PA,diesel_s10,67.2200,11
2025-01-21,PA,etanol,32.2500,7
2025-01-21,PA,gasolina,85.5600,14
2025-01-21,PB,diesel_s10,90.4100,15
2025-01-21,PB,etanol,62.2900,15
2025-01-21,PB,gasolina,100.7700,17
2025-01-21,PE,diesel_s10,269.9400,45
2025-01-21,PE,etanol,210.4200,46
2025-01-21,PE,gasolina,301.6700,49
2025-01-21,PI,diesel_s10,37.1100,6
2025-01-21,PI,etanol,14.4800,3
2025-01-21,PI,gasolina,36.7500,6
2025-01-21,PR,diesel_s10,245.3400,40
2025-01-21,PR,etanol,290.2100,64
2025-01-21,PR,gasolina,423.7100,67
2025-01-21,RJ,diesel_s10,225.5300,36
2025-01-21,RJ,etanol,276.6000,61
2025-01-21,RJ,gasolina,436.4100,72
2025-01-21,RN,etanol,4.4900,1
2025-01-21,RN,gasolina,5.9800,1
2025-01-21,RO,diesel_s10,53.1900,8
2025-01-21,RO,etanol,10.6400,2
2025-01-21,RO,gasolina,54.3800,8
2025-01-21,RR,diesel_s10,34.9000,5
2025-01-21,RR,etanol,15.2500,3
2025-01-21,RR,gasolina,41.3400,6
2025-01-21,RS,diesel_s10,483.4700,80
2025-01-21,RS,etanol,195.4400,42
2025-01-21,RS,gasolina,608.1300,101
2025-01-21,SC,diesel_s10,168.8600,27
2025-01-21,SC,etanol,100.5600,21
2025-01-21,SC,gasolina,206.6300,33
2025-01-21,SP,diesel_s10,825.2400,134
2025-01-21,SP,etanol,806.4000,197
2025-01-21,SP,gasolina,1205.2900,199
2025-01-21,TO,diesel_s10,84.4500,14
2025-01-21,TO,etanol,61.2500,13
2025-01-21,TO,gasolina,109.5200,17
2025-01-22,AC,diesel_s10,37.6500,5
2025-01-22,AC,etanol,16.4600,3
2025-01-22,AC,gasolina,44.0700,6
2025-01-22,AL,diesel_s10,23.9600,4
2025-01-22,AL,etanol,32.5600,7
2025-01-22,AL,gasolina,56.5600,9
2025-01-22,BA,diesel_s10,287.3100,45
2025-01-22,BA,etanol,219.2300,47
2025-01-22,BA,gasolina,318.2600,50
2025-01-22,CE,diesel_s10,88.5000,14
2025-01-22,CE,etanol,85.5800,17
2025-01-22,CE,gasolina,132.4400,21
2025-01-22,DF,etanol,4.3900,1
2025-01-22,DF,gasolina,12.8400,2
2025-01-22,ES,diesel_s10,24.2500,4
2025-01-22,ES,etanol,8.5800,2
2025-01-22,ES,gasolina,36.5400,6
2025-01-22,GO,diesel_s10,127.5900,21
2025-01-22,GO,etanol,131.6000,31
2025-01-22,GO,gasolina,191.4900,31
2025-01-22,MA,diesel_s10,114.6300,19
2025-01-22,MA,etanol,55.3300,12
2025-01-22,MA,gasolina,125.0500,21
2025-01-22,MG,diesel_s10,399.9600,66
2025-01-22,MG,etanol,376.3300,88
2025-01-22,MG,gasolina,543.6900,90
2025-01-22,MT,diesel_s10,84.3500,14
2025-01-22,MT,etanol,66.6800,17
2025-01-22,MT,gasolina,102.2500,17
2025-01-22,PB,diesel_s10,73.9100,12
2025-01-22,PB,etanol,63.2200,14
2025-01-22,PB,gasolina,116.9800,19
2025-01-22,PE,diesel_s10,311.5700,51
2025-01-22,PE,etanol,238.3600,49
2025-01-22,PE,gasolina,363.4500,57
2025-01-22,PI,diesel_s10,173.8200,28
2025-01-22,PI,etanol,110.7400,24
2025-01-22,PI,gasolina,199.1200,33
2025-01-22,PR,diesel_s10,363.6700,59
2025-01-22,PR,etanol,347.7600,81
2025-01-22,PR,gasolina,500.4000,81
2025-01-22,RJ,diesel_s10,105.4200,17
2025-01-22,RJ,etanol,123.2600,26
2025-01-22,RJ,gasolina,208.3400,33
2025-01-22,RN,diesel_s10,58.4000,9
2025-01-22,RN,etanol,47.4200,10
2025-01-22,RN,gasolina,82.1600,13
2025-01-22,RO,diesel_s10,169.0300,25
2025-01-22,RO,etanol,85.7300,17
2025-01-22,RO,gasolina,238.1100,34
2025-01-22,RR,diesel_s10,69.8700,10
2025-01-22,RR,etanol,5.2000,1
2025-01-22,RR,gasolina,68.9400,10
2025-01-22,RS,diesel_s10,232.7300,37
2025-01-22,RS,etanol,107.1100,22
2025-01-22,RS,gasolina,353.1900,57
2025-01-22,SC,diesel_s10,111.1800,18
2025-01-22,SC,etanol,93.9600,21
2025-01-22,SC,gasolina,187.3800,30
2025-01-22,SP,diesel_s10,557.4400,90
2025-01-22,SP,etanol,495.6900,123
2025-01-22,SP,gasolina,749.7300,125
2025-01-22,TO,diesel_s10,36.7000,6
2025-01-22,TO,etanol,33.3300,7
2025-01-22,TO,gasolina,46.3200,7
2025-01-23,AC,diesel_s10,14.9600,2
2025-01-23,AC,etanol,20.2800,4
2025-01-23,AC,gasolina,37.1000,5
2025-01-23,AM,diesel_s10,110.3800,15
2025-01-23,AM,etanol,35.1300,7
2025-01-23,AM,gasolina,119.8200,16
2025-01-23,AP,diesel_s10,32.8700,5
2025-01-23,AP,gasolina,30.0300,5
2025-01-23,BA,diesel_s10,250.1900,39
2025-01-23,BA,etanol,242.9400,50
2025-01-23,BA,gasolina,320.8900,49
2025-01-23,CE,diesel_s10,90.6200,14
2025-01-23,CE,etanol,77.3900,15
2025-01-23,CE,gasolina,105.3600,16
2025-01-23,ES,diesel_s10,54.9000,9
2025-01-23,ES,etanol,50.2500,11
2025-01-23,ES,gasolina,91.1600,14
2025-01-23,GO,diesel_s10,42.4300,7
2025-01-23,GO,etanol,51.2300,12
2025-01-23,GO,gasolina,75.0300,12
2025-01-23,MA,diesel_s10,98.8800,16
2025-01-23,MA,etanol,55.9200,11
2025-01-23,MA,gasolina,143.2800,22
2025-01-23,MG,diesel_s10,484.5300,80
2025-01-23,MG,etanol,437.6800,102
2025-01-23,MG,gasolina,642.5400,106
2025-01-23,MS,diesel_s10,5.9900,1
2025-01-23,MS,etanol,8.6500,2
2025-01-23,MS,gasolina,12.7000,2
2025-01-23,MT,diesel_s10,59.9800,9
2025-01-23,MT,etanol,34.8500,8
2025-01-23,MT,gasolina,65.6900,10
2025-01-23,PA,diesel_s10,77.7400,12
2025-01-23,PA,etanol,10.2400,2
2025-01-23,PA,gasolina,86.1100,13
2025-01-23,PB,diesel_s10,6.3900,1
2025-01-23,PB,etanol,4.2900,1
2025-01-23,PB,gasolina,5.9900,1
2025-01-23,PE,diesel_s10,93.7400,15
2025-01-23,PE,etanol,59.2600,12
2025-01-23,PE,gasolina,96.0800,15
2025-01-23,PI,diesel_s10,18.3300,3
2025-01-23,PI,etanol,14.2400,3
2025-01-23,PI,gasolina,30.0700,5
2025-01-23,PR,diesel_s10,159.8800,26
2025-01-23,PR,etanol,186.1000,42
2025-01-23,PR,gasolina,245.4800,39
2025-01-23,RJ,diesel_s10,78.9000,13
2025-01-23,RJ,etanol,81.6300,18
2025-01-23,RJ,gasolina,113.8500,19
2025-01-23,RN,diesel_s10,111.8800,18
2025-01-23,RN,etanol,93.2300,21
2025-01-23,RN,gasolina,145.5300,23
2025-01-23,RS,diesel_s10,271.9800,44
2025-01-23,RS,etanol,105.3500,22
2025-01-23,RS,gasolina,324.5400,53
2025-01-23,SC,diesel_s10,97.5400,16
2025-01-23,SC,etanol,46.7300,10
2025-01-23,SC,gasolina,124.3400,20
2025-01-23,SP,diesel_s10,699.6100,112
2025-01-23,SP,etanol,685.5500,166
2025-01-23,SP,gasolina,1028.4200,169
2025-01-23,TO,diesel_s10,11.7500,2
2025-01-23,TO,etanol,14.3700,3
2025-01-23,TO,gasolina,19.0200,3
2025-01-24,AC,diesel_s10,15.3700,2
2025-01-24,AC,etanol,20.9600,4
2025-01-24,AC,gasolina,37.4000,5
2025-01-24,BA,diesel_s10,128.7800,20
2025-01-24,BA,etanol,114.7500,25
2025-01-24,BA,gasolina,167.3000,27
2025-01-24,CE,diesel_s10,54.0100,9
2025-01-24,CE,etanol,48.3000,10
2025-01-24,CE,gasolina,63.1600,10
2025-01-24,GO,diesel_s10,109.3300,18
2025-01-24,GO,etanol,85.3200,21
2025-01-24,GO,gasolina,114.0100,19
2025-01-24,MA,diesel_s10,17.8700,3
2025-01-24,MA,etanol,14.2200,3
2025-01-24,MA,gasolina,19.0200,3
2025-01-24,MG,diesel_s10,159.2100,26
2025-01-24,MG,etanol,159.6500,37
2025-01-24,MG,gasolina,240.2800,39
2025-01-24,MS,diesel_s10,43.9900,7
2025-01-24,MS,etanol,24.7600,6
2025-01-24,MS,gasolina,55.3600,9
2025-01-24,MT,diesel_s10,13.1800,2
2025-01-24,MT,etanol,8.9800,2
2025-01-24,MT,gasolina,13.1800,2
2025-01-24,PE,diesel_s10,42.8900,7
2025-01-24,PE,etanol,19.7600,4
2025-01-24,PE,gasolina,52.7300,8
2025-01-24,PR,diesel_s10,71.5600,12
2025-01-24,PR,etanol,88.8000,20
2025-01-24,PR,gasolina,126.2100,20
2025-01-24,RJ,diesel_s10,69.9400,11
2025-01-24,RJ,etanol,57.3300,12
2025-01-24,RJ,gasolina,82.9700,13
2025-01-24,RN,diesel_s10,18.1200,3
2025-01-24,RN,etanol,22.5500,5
2025-01-24,RN,gasolina,29.3000,5
2025-01-24,RO,diesel_s10,102.4000,15
2025-01-24,RO,etanol,25.6700,5
2025-01-24,RO,gasolina,132.3300,19
2025-01-24,RS,diesel_s10,84.6800,14
2025-01-24,RS,etanol,38.5200,8
2025-01-24,RS,gasolina,115.1200,19
2025-01-24,SC,diesel_s10,6.3500,1
2025-01-24,SC,gasolina,6.2500,1
2025-01-24,SP,diesel_s10,137.8900,23
2025-01-24,SP,etanol,112.8200,28
2025-01-24,SP,gasolina,164.5800,28
2025-01-25,CE,diesel_s10,5.9900,1
2025-01-25,CE,etanol,4.7700,1
2025-01-25,CE,gasolina,6.3700,1
2025-01-27,AL,diesel_s10,102.8100,16
2025-01-27,AL,etanol,113.5200,23
2025-01-27,AL,gasolina,162.5200,25
2025-01-27,AM,diesel_s10,115.8900,18
2025-01-27,AM,etanol,94.8700,19
2025-01-27,AM,gasolina,167.7100,24
2025-01-27,AP,diesel_s10,20.1900,3
2025-01-27,AP,gasolina,18.1100,3
2025-01-27,BA,diesel_s10,277.4500,43
2025-01-27,BA,etanol,261.8100,55
2025-01-27,BA,gasolina,437.3900,68
2025-01-27,CE,diesel_s10,145.3700,22
2025-01-27,CE,etanol,117.0200,22
2025-01-27,CE,gasolina,157.1400,24
2025-01-27,DF,diesel_s10,66.2400,11
2025-01-27,DF,etanol,61.6200,14
2025-01-27,DF,gasolina,127.7600,20
2025-01-27,ES,diesel_s10,149.9600,25
2025-01-27,ES,etanol,106.6000,24
2025-01-27,ES,gasolina,238.8600,38
2025-01-27,GO,diesel_s10,318.2100,52
2025-01-27,GO,etanol,306.1600,67
2025-01-27,GO,gasolina,451.0600,71
2025-01-27,MA,diesel_s10,174.4400,29
2025-01-27,MA,etanol,118.0900,25
2025-01-27,MA,gasolina,199.3700,33
2025-01-27,MG,diesel_s10,616.4000,102
2025-01-27,MG,etanol,573.1000,132
2025-01-27,MG,gasolina,864.2800,142
2025-01-27,MS,diesel_s10,71.6100,11
2025-01-27,MS,etanol,52.3000,12
2025-01-27,MS,gasolina,163.1600,25
2025-01-27,MT,diesel_s10,100.8500,16
2025-01-27,MT,etanol,88.0300,21
2025-01-27,MT,gasolina,130.7000,21
2025-01-27,PA,diesel_s10,207.5600,32
2025-01-27,PA,etanol,82.3300,17
2025-01-27,PA,gasolina,330.5000,51
2025-01-27,PB,diesel_s10,156.4300,26
2025-01-27,PB,etanol,136.1300,31
2025-01-27,PB,gasolina,205.8000,34
2025-01-27,PE,diesel_s10,269.9100,45
2025-01-27,PE,etanol,277.3900,57
2025-01-27,PE,gasolina,418.2000,66
2025-01-27,PI,diesel_s10,44.5900,7
2025-01-27,PI,etanol,46.8500,10
2025-01-27,PI,gasolina,71.5300,12
2025-01-27,PR,diesel_s10,295.5700,48
2025-01-27,PR,etanol,351.6900,78
2025-01-27,PR,gasolina,501.1900,79
2025-01-27,RJ,diesel_s10,745.7900,121
2025-01-27,RJ,etanol,781.4400,170
2025-01-27,RJ,gasolina,1093.3100,180
2025-01-27,RN,etanol,9.9800,2
2025-01-27,RN,gasolina,12.7800,2
2025-01-27,RO,diesel_s10,121.0400,18
2025-01-27,RO,etanol,40.1800,8
2025-01-27,RO,gasolina,146.1400,21
2025-01-27,RR,diesel_s10,20.9400,3
2025-01-27,RR,gasolina,20.7100,3
2025-01-27,RS,diesel_s10,641.8100,105
2025-01-27,RS,etanol,256.6000,54
2025-01-27,RS,gasolina,819.4400,135
2025-01-27,SC,diesel_s10,321.3000,52
2025-01-27,SC,etanol,277.4200,60
2025-01-27,SC,gasolina,568.2400,90
2025-01-27,SE,diesel_s10,36.3000,6
2025-01-27,SE,etanol,23.1500,5
2025-01-27,SE,gasolina,50.4800,8
2025-01-27,SP,diesel_s10,1926.7300,313
2025-01-27,SP,etanol,1986.8500,486
2025-01-27,SP,gasolina,2964.6700,491
2025-01-27,TO,diesel_s10,85.8100,14
2025-01-27,TO,etanol,83.9600,18
2025-01-27,TO,gasolina,128.5700,20
2025-01-28,AL,diesel_s10,48.1900,8
2025-01-28,AL,etanol,67.9400,14
2025-01-28,AL,gasolina,99.0500,16
2025-01-28,AM,diesel_s10,70.5800,11
2025-01-28,AM,etanol,60.0500,12
2025-01-28,AM,gasolina,104.8400,15
2025-01-28,AP,diesel_s10,32.8800,5
2025-01-28,AP,etanol,21.4600,4
2025-01-28,AP,gasolina,100.9300,17
2025-01-28,BA,diesel_s10,285.9400,44
2025-01-28,BA,etanol,249.0400,52
2025-01-28,BA,gasolina,348.3400,53
2025-01-28,CE,diesel_s10,281.7300,45
2025-01-28,CE,etanol,288.9900,59
2025-01-28,CE,gasolina,441.3300,70
2025-01-28,DF,diesel_s10,54.6900,9
2025-01-28,DF,etanol,35.1800,8
2025-01-28,DF,gasolina,154.0900,24
2025-01-28,ES,diesel_s10,79.1900,13
2025-01-28,ES,etanol,62.7100,14
2025-01-28,ES,gasolina,170.3500,27
2025-01-28,GO,diesel_s10,237.1600,39
2025-01-28,GO,etanol,275.3800,61
2025-01-28,GO,gasolina,400.0800,63
2025-01-28,MA,diesel_s10,109.4700,18
2025-01-28,MA,etanol,70.7700,15
2025-01-28,MA,gasolina,127.2400,21
2025-01-28,MG,diesel_s10,342.3800,57
2025-01-28,MG,etanol,385.4100,88
2025-01-28,MG,gasolina,558.7700,91
2025-01-28,MS,diesel_s10,61.9300,10
2025-01-28,MS,etanol,58.4000,15
2025-01-28,MS,gasolina,121.4600,21
2025-01-28,MT,diesel_s10,70.5100,11
2025-01-28,MT,etanol,70.4700,17
2025-01-28,MT,gasolina,119.3900,19
2025-01-28,PA,diesel_s10,109.8000,18
2025-01-28,PA,etanol,46.2000,10
2025-01-28,PA,gasolina,134.7500,22
2025-01-28,PB,diesel_s10,37.5100,6
2025-01-28,PB,etanol,22.6900,5
2025-01-28,PB,gasolina,48.6900,8
2025-01-28,PE,diesel_s10,152.7500,25
2025-01-28,PE,etanol,94.6600,20
2025-01-28,PE,gasolina,174.8700,28
2025-01-28,PI,diesel_s10,80.6600,13
2025-01-28,PI,etanol,33.1300,7
2025-01-28,PI,gasolina,85.6500,14
2025-01-28,PR,diesel_s10,188.9600,31
2025-01-28,PR,etanol,236.8600,53
2025-01-28,PR,gasolina,319.2500,51
2025-01-28,RJ,diesel_s10,302.6700,49
2025-01-28,RJ,etanol,361.6000,79
2025-01-28,RJ,gasolina,571.5000,94
2025-01-28,RN,diesel_s10,12.6800,2
2025-01-28,RN,etanol,15.4400,3
2025-01-28,RN,gasolina,19.4400,3
2025-01-28,RO,diesel_s10,82.9900,12
2025-01-28,RO,etanol,51.7000,10
2025-01-28,RO,gasolina,160.4300,23
2025-01-28,RR,diesel_s10,69.9000,10
2025-01-28,RR,etanol,20.4500,4
2025-01-28,RR,gasolina,75.7900,11
2025-01-28,RS,diesel_s10,305.5500,50
2025-01-28,RS,etanol,126.8600,27
2025-01-28,RS,gasolina,425.1700,70
2025-01-28,SC,diesel_s10,117.9200,19
2025-01-28,SC,etanol,72.4000,16
2025-01-28,SC,gasolina,155.1300,25
2025-01-28,SE,diesel_s10,24.6800,4
2025-01-28,SE,etanol,56.0800,12
2025-01-28,SE,gasolina,109.5600,17
2025-01-28,SP,diesel_s10,1182.4700,192
2025-01-28,SP,etanol,1176.9200,286
2025-01-28,SP,gasolina,1761.3700,292
2025-01-29,AC,diesel_s10,22.6100,3
2025-01-29,AC,etanol,20.3700,4
2025-01-29,AC,gasolina,37.1000,5
2025-01-29,AL,diesel_s10,29.8500,5
2025-01-29,AL,etanol,38.8200,8
2025-01-29,AL,gasolina,62.8300,10
2025-01-29,BA,diesel_s10,181.3000,28
2025-01-29,BA,etanol,148.6000,30
2025-01-29,BA,gasolina,195.4500,30
2025-01-29,CE,diesel_s10,18.1700,3
2025-01-29,CE,etanol,9.7800,2
2025-01-29,CE,gasolina,17.9500,3
2025-01-29,DF,diesel_s10,5.9900,1
2025-01-29,DF,etanol,13.2300,3
2025-01-29,DF,gasolina,38.5500,6
2025-01-29,ES,diesel_s10,55.5000,9
2025-01-29,ES,etanol,37.2600,8
2025-01-29,ES,gasolina,89.3800,14
2025-01-29,GO,diesel_s10,47.4000,8
2025-01-29,GO,etanol,45.3400,11
2025-01-29,GO,gasolina,74.2300,12
2025-01-29,MA,diesel_s10,102.2300,17
2025-01-29,MA,etanol,49.3300,10
2025-01-29,MA,gasolina,129.2900,21
2025-01-29,MG,diesel_s10,212.4200,35
2025-01-29,MG,etanol,229.6500,54
2025-01-29,MG,gasolina,342.4600,57
2025-01-29,MS,diesel_s10,19.6300,3
2025-01-29,MS,etanol,21.2200,5
2025-01-29,MS,gasolina,31.4700,5
2025-01-29,MT,diesel_s10,148.6700,23
2025-01-29,MT,etanol,131.0600,31
2025-01-29,MT,gasolina,202.7200,32
2025-01-29,PA,diesel_s10,18.9000,3
2025-01-29,PA,etanol,5.1500,1
2025-01-29,PA,gasolina,13.0000,2
2025-01-29,PB,diesel_s10,104.3400,17
2025-01-29,PB,etanol,86.6200,19
2025-01-29,PB,gasolina,153.4500,25
2025-01-29,PE,diesel_s10,141.8300,23
2025-01-29,PE,etanol,118.6900,25
2025-01-29,PE,gasolina,175.4400,28
2025-01-29,PI,diesel_s10,73.5600,12
2025-01-29,PI,etanol,73.8100,16
2025-01-29,PI,gasolina,100.9600,17
2025-01-29,PR,diesel_s10,240.3100,38
2025-01-29,PR,etanol,210.5000,50
2025-01-29,PR,gasolina,294.9900,48
2025-01-29,RJ,diesel_s10,105.4500,17
2025-01-29,RJ,etanol,100.8600,21
2025-01-29,RJ,gasolina,185.6300,29
2025-01-29,RN,diesel_s10,40.4400,6
2025-01-29,RN,etanol,30.0400,6
2025-01-29,RN,gasolina,53.3500,8
2025-01-29,RO,diesel_s10,74.2400,11
2025-01-29,RO,etanol,26.0200,5
2025-01-29,RO,gasolina,106.1500,15
2025-01-29,RR,diesel_s10,13.9300,2
2025-01-29,RR,gasolina,13.7800,2
2025-01-29,RS,diesel_s10,282.9000,46
2025-01-29,RS,etanol,154.4800,32
2025-01-29,RS,gasolina,392.6300,65
2025-01-29,SC,diesel_s10,158.4600,26
2025-01-29,SC,etanol,110.8400,23
2025-01-29,SC,gasolina,239.5700,38
2025-01-29,SP,diesel_s10,588.9800,95
2025-01-29,SP,etanol,574.5500,137
2025-01-29,SP,gasolina,857.9400,141
2025-01-29,TO,diesel_s10,36.3700,6
2025-01-29,TO,etanol,18.1300,4
2025-01-29,TO,gasolina,38.5100,6
2025-01-30,AC,diesel_s10,60.4000,8
2025-01-30,AC,etanol,37.4200,7
2025-01-30,AC,gasolina,81.5200,11
2025-01-30,AM,diesel_s10,102.3900,14
2025-01-30,AM,etanol,35.1300,7
2025-01-30,AM,gasolina,119.8000,16
2025-01-30,BA,diesel_s10,235.5700,37
2025-01-30,BA,etanol,189.9600,41
2025-01-30,BA,gasolina,266.9600,43
2025-01-30,CE,diesel_s10,151.5000,24
2025-01-30,CE,etanol,126.1100,25
2025-01-30,CE,gasolina,166.5300,26
2025-01-30,ES,diesel_s10,12.2400,2
2025-01-30,ES,etanol,19.7400,4
2025-01-30,ES,gasolina,53.0700,8
2025-01-30,GO,diesel_s10,78.7500,13
2025-01-30,GO,etanol,87.4000,20
2025-01-30,GO,gasolina,139.9600,22
2025-01-30,MA,diesel_s10,136.2900,22
2025-01-30,MA,etanol,65.6800,13
2025-01-30,MA,gasolina,160.2200,25
2025-01-30,MG,diesel_s10,581.7100,95
2025-01-30,MG,etanol,517.9800,120
2025-01-30,MG,gasolina,761.7500,125
2025-01-30,MS,diesel_s10,44.1300,7
2025-01-30,MS,etanol,25.2200,6
2025-01-30,MS,gasolina,55.6400,9
2025-01-30,MT,diesel_s10,38.8700,6
2025-01-30,MT,etanol,30.3300,7
2025-01-30,MT,gasolina,44.9100,7
2025-01-30,PA,diesel_s10,39.6900,6
2025-01-30,PA,etanol,5.0900,1
2025-01-30,PA,gasolina,59.7700,9
2025-01-30,PE,diesel_s10,103.6800,17
2025-01-30,PE,etanol,100.0900,20
2025-01-30,PE,gasolina,129.4400,20
2025-01-30,PR,diesel_s10,323.5700,53
2025-01-30,PR,etanol,356.6800,80
2025-01-30,PR,gasolina,496.9400,79
2025-01-30,RJ,diesel_s10,63.7600,10
2025-01-30,RJ,etanol,65.4400,14
2025-01-30,RJ,gasolina,88.8600,14
2025-01-30,RN,diesel_s10,69.8800,11
2025-01-30,RN,etanol,46.2600,9
2025-01-30,RN,gasolina,80.0500,12
2025-01-30,RO,diesel_s10,6.6400,1
2025-01-30,RO,etanol,9.9800,2
2025-01-30,RO,gasolina,14.3400,2
2025-01-30,RS,diesel_s10,286.1400,45
2025-01-30,RS,etanol,115.8600,23
2025-01-30,RS,gasolina,346.8800,54
2025-01-30,SC,diesel_s10,55.7000,9
2025-01-30,SC,etanol,28.1300,6
2025-01-30,SC,gasolina,55.5600,9
2025-01-30,SP,diesel_s10,563.7300,92
2025-01-30,SP,etanol,510.0300,125
2025-01-30,SP,gasolina,759.8400,126
2025-01-30,TO,diesel_s10,42.1200,7
2025-01-30,TO,etanol,23.5600,5
2025-01-30,TO,gasolina,50.4500,8
2025-01-31,BA,diesel_s10,6.9900,1
2025-01-31,BA,etanol,9.9000,2
2025-01-31,BA,gasolina,13.8000,2
2025-01-31,GO,diesel_s10,29.8500,5
2025-01-31,GO,etanol,20.8100,5
2025-01-31,GO,gasolina,30.5000,5
2025-01-31,MG,diesel_s10,31.3400,5
2025-01-31,MG,etanol,25.9300,6
2025-01-31,MG,gasolina,36.4800,6
2025-01-31,PA,diesel_s10,62.1000,9
2025-01-31,PA,etanol,31.2400,6
2025-01-31,PA,gasolina,60.4400,9
2025-01-31,PE,diesel_s10,42.6100,7
2025-01-31,PE,etanol,29.8200,6
2025-01-31,PE,gasolina,44.5900,7
2025-01-31,PR,diesel_s10,74.9200,12
2025-01-31,PR,etanol,76.5100,17
2025-01-31,PR,gasolina,108.2700,17
2025-01-31,RO,diesel_s10,13.2400,2
2025-01-31,RO,etanol,4.9900,1
2025-01-31,RO,gasolina,14.3400,2
2025-01-31,RS,diesel_s10,36.1900,6
2025-01-31,RS,etanol,18.5300,4
2025-01-31,RS,gasolina,54.6300,9
2025-01-31,SP,diesel_s10,111.8500,18
2025-01-31,SP,etanol,112.0800,27
2025-01-31,SP,gasolina,159.0300,26
2025-02-03,AC,diesel_s10,44.5200,6
2025-02-03,AC,etanol,10.8700,2
2025-02-03,AC,gasolina,43.6500,6
2025-02-03,AL,diesel_s10,129.9700,20
2025-02-03,AL,etanol,178.5000,36
2025-02-03,AL,gasolina,246.3800,38
2025-02-03,AM,diesel_s10,109.8000,17
2025-02-03,AM,etanol,99.8600,20
2025-02-03,AM,gasolina,174.7000,25
2025-02-03,AP,diesel_s10,13.1400,2
2025-02-03,AP,etanol,10.6500,2
2025-02-03,AP,gasolina,83.1800,14
2025-02-03,BA,diesel_s10,220.2900,34
2025-02-03,BA,etanol,211.4800,44
2025-02-03,BA,gasolina,325.8900,50
2025-02-03,CE,diesel_s10,166.4600,25
2025-02-03,CE,etanol,180.8200,35
2025-02-03,CE,gasolina,224.5600,35
2025-02-03,DF,diesel_s10,63.2400,10
2025-02-03,DF,etanol,54.3900,12
2025-02-03,DF,gasolina,91.8500,14
2025-02-03,ES,diesel_s10,118.0100,19
2025-02-03,ES,etanol,88.5700,19
2025-02-03,ES,gasolina,213.5300,33
2025-02-03,GO,diesel_s10,200.0100,32
2025-02-03,GO,etanol,173.9600,37
2025-02-03,GO,gasolina,265.3600,41
2025-02-03,MA,diesel_s10,271.0900,43
2025-02-03,MA,etanol,123.8600,25
2025-02-03,MA,gasolina,327.6300,52
2025-02-03,MG,diesel_s10,432.9700,68
2025-02-03,MG,etanol,441.9100,99
2025-02-03,MG,gasolina,671.3900,108
2025-02-03,MS,diesel_s10,79.2500,12
2025-02-03,MS,etanol,51.5400,12
2025-02-03,MS,gasolina,194.3400,30
2025-02-03,MT,diesel_s10,146.3300,22
2025-02-03,MT,etanol,126.7900,30
2025-02-03,MT,gasolina,197.2600,31
2025-02-03,PA,diesel_s10,242.7700,36
2025-02-03,PA,etanol,104.8000,21
2025-02-03,PA,gasolina,340.4100,52
2025-02-03,PB,diesel_s10,98.1000,16
2025-02-03,PB,etanol,91.1400,20
2025-02-03,PB,gasolina,135.5700,22
2025-02-03,PE,diesel_s10,274.7900,44
2025-02-03,PE,etanol,264.0000,54
2025-02-03,PE,gasolina,415.3600,65
2025-02-03,PI,diesel_s10,109.1600,17
2025-02-03,PI,etanol,74.3100,16
2025-02-03,PI,gasolina,157.9100,26
2025-02-03,PR,diesel_s10,344.5900,54
2025-02-03,PR,etanol,368.3000,83
2025-02-03,PR,gasolina,526.4700,83
2025-02-03,RJ,diesel_s10,681.6300,107
2025-02-03,RJ,etanol,716.3500,155
2025-02-03,RJ,gasolina,1020.7100,166
2025-02-03,RN,etanol,10.9800,2
2025-02-03,RN,gasolina,13.7800,2
2025-02-03,RO,diesel_s10,91.0200,13
2025-02-03,RO,etanol,38.2100,7
2025-02-03,RO,gasolina,134.5600,19
2025-02-03,RR,diesel_s10,27.9200,4
2025-02-03,RR,etanol,15.2500,3
2025-02-03,RR,gasolina,27.5600,4
2025-02-03,RS,diesel_s10,421.3300,65
2025-02-03,RS,etanol,176.4600,35
2025-02-03,RS,gasolina,530.3900,84
2025-02-03,SC,diesel_s10,353.6500,55
2025-02-03,SC,etanol,269.0800,57
2025-02-03,SC,gasolina,591.3700,91
2025-02-03,SE,diesel_s10,36.7800,6
2025-02-03,SE,etanol,56.9300,12
2025-02-03,SE,gasolina,122.9500,19
2025-02-03,SP,diesel_s10,1552.2800,242
2025-02-03,SP,etanol,1616.9900,385
2025-02-03,SP,gasolina,2392.3400,387
2025-02-03,TO,diesel_s10,43.9300,7
2025-02-03,TO,etanol,38.8300,8
2025-02-03,TO,gasolina,59.7500,9
2025-02-04,AM,diesel_s10,70.5800,11
2025-02-04,AM,etanol,60.0700,12
2025-02-04,AM,gasolina,104.8400,15
2025-02-04,AP,diesel_s10,14.0200,2
2025-02-04,AP,etanol,11.2300,2
2025-02-04,AP,gasolina,18.2300,3
2025-02-04,BA,diesel_s10,265.1500,41
2025-02-04,BA,etanol,252.5700,52
2025-02-04,BA,gasolina,368.4000,56
2025-02-04,CE,diesel_s10,285.3900,44
2025-02-04,CE,etanol,237.2200,47
2025-02-04,CE,gasolina,378.4300,59
2025-02-04,DF,diesel_s10,65.4100,10
2025-02-04,DF,etanol,47.9200,10
2025-02-04,DF,gasolina,177.1200,27
2025-02-04,ES,diesel_s10,89.2000,14
2025-02-04,ES,etanol,90.9600,20
2025-02-04,ES,gasolina,193.5600,30
2025-02-04,GO,diesel_s10,290.0500,45
2025-02-04,GO,etanol,312.0300,68
2025-02-04,GO,gasolina,457.1300,71
2025-02-04,MA,diesel_s10,200.4900,31
2025-02-04,MA,etanol,100.2500,20
2025-02-04,MA,gasolina,206.1900,32
2025-02-04,MG,diesel_s10,489.0900,77
2025-02-04,MG,etanol,458.1400,103
2025-02-04,MG,gasolina,685.6900,109
2025-02-04,MS,diesel_s10,50.9600,8
2025-02-04,MS,etanol,43.5100,11
2025-02-04,MS,gasolina,82.8700,14
2025-02-04,MT,diesel_s10,47.6700,7
2025-02-04,MT,etanol,50.1600,12
2025-02-04,MT,gasolina,81.7200,13
2025-02-04,PA,diesel_s10,81.6500,13
2025-02-04,PA,etanol,41.9400,9
2025-02-04,PA,gasolina,124.0800,20
2025-02-04,PB,diesel_s10,113.9000,18
2025-02-04,PB,etanol,86.7600,19
2025-02-04,PB,gasolina,136.6800,22
2025-02-04,PE,diesel_s10,189.2900,30
2025-02-04,PE,etanol,128.0700,28
2025-02-04,PE,gasolina,214.2200,34
2025-02-04,PI,etanol,9.5300,2
2025-02-04,PI,gasolina,18.1700,3
2025-02-04,PR,diesel_s10,232.6100,36
2025-02-04,PR,etanol,209.2400,46
2025-02-04,PR,gasolina,310.4600,48
2025-02-04,RJ,diesel_s10,270.0500,42
2025-02-04,RJ,etanol,338.6500,71
2025-02-04,RJ,gasolina,516.9600,82
2025-02-04,RN,diesel_s10,6.5900,1
2025-02-04,RN,etanol,5.3400,1
2025-02-04,RN,gasolina,13.6300,2
2025-02-04,RO,diesel_s10,105.3200,15
2025-02-04,RO,etanol,63.2000,12
2025-02-04,RO,gasolina,187.5800,26
2025-02-04,RR,diesel_s10,35.5400,5
2025-02-04,RR,etanol,5.0500,1
2025-02-04,RR,gasolina,42.3400,6
2025-02-04,RS,diesel_s10,525.4900,81
2025-02-04,RS,etanol,203.3100,41
2025-02-04,RS,gasolina,657.7600,104
2025-02-04,SC,diesel_s10,267.8200,41
2025-02-04,SC,etanol,171.8300,35
2025-02-04,SC,gasolina,355.0700,54
2025-02-04,SP,diesel_s10,1306.6100,205
2025-02-04,SP,etanol,1357.8300,325
2025-02-04,SP,gasolina,1999.5600,325
2025-02-04,TO,diesel_s10,36.7700,6
2025-02-04,TO,etanol,18.1300,4
2025-02-04,TO,gasolina,38.6100,6
2025-02-05,AC,diesel_s10,15.0200,2
2025-02-05,AC,etanol,25.9600,5
2025-02-05,AC,gasolina,44.6400,6
2025-02-05,AL,diesel_s10,20.2700,3
2025-02-05,AL,etanol,15.1600,3
2025-02-05,AL,gasolina,19.7500,3
2025-02-05,AM,diesel_s10,40.0600,6
2025-02-05,AM,etanol,30.0400,6
2025-02-05,AM,gasolina,41.9200,6
2025-02-05,AP,diesel_s10,6.7800,1
2025-02-05,AP,gasolina,6.1300,1
2025-02-05,BA,diesel_s10,205.8100,31
2025-02-05,BA,etanol,159.8900,32
2025-02-05,BA,gasolina,221.1600,33
2025-02-05,CE,diesel_s10,6.3900,1
2025-02-05,CE,etanol,5.4900,1
2025-02-05,CE,gasolina,6.4900,1
2025-02-05,DF,diesel_s10,13.2100,2
2025-02-05,DF,etanol,19.3100,4
2025-02-05,DF,gasolina,52.6000,8
2025-02-05,ES,diesel_s10,45.2200,7
2025-02-05,ES,etanol,43.4600,9
2025-02-05,ES,gasolina,86.1400,13
2025-02-05,GO,diesel_s10,132.9700,21
2025-02-05,GO,etanol,176.1500,39
2025-02-05,GO,gasolina,248.8400,39
2025-02-05,MA,diesel_s10,44.7300,7
2025-02-05,MA,etanol,39.3400,8
2025-02-05,MA,gasolina,56.2100,9
2025-02-05,MG,diesel_s10,421.3500,66
2025-02-05,MG,etanol,350.2200,79
2025-02-05,MG,gasolina,486.6300,78
2025-02-05,MS,diesel_s10,19.9600,3
2025-02-05,MS,etanol,21.2300,5
2025-02-05,MS,gasolina,31.6500,5
2025-02-05,MT,diesel_s10,139.9400,21
2025-02-05,MT,etanol,114.2500,27
2025-02-05,MT,gasolina,177.5900,28
2025-02-05,PA,diesel_s10,107.1400,15
2025-02-05,PA,etanol,25.0600,5
2025-02-05,PA,gasolina,141.6600,20
2025-02-05,PB,diesel_s10,83.6200,13
2025-02-05,PB,etanol,56.9500,12
2025-02-05,PB,gasolina,126.4600,20
2025-02-05,PE,diesel_s10,12.8800,2
2025-02-05,PE,etanol,9.3800,2
2025-02-05,PE,gasolina,12.5200,2
2025-02-05,PI,diesel_s10,70.5900,11
2025-02-05,PI,etanol,61.6100,13
2025-02-05,PI,gasolina,121.9000,20
2025-02-05,PR,diesel_s10,310.7500,48
2025-02-05,PR,etanol,327.4100,71
2025-02-05,PR,gasolina,470.8100,72
2025-02-05,RJ,diesel_s10,227.5800,36
2025-02-05,RJ,etanol,211.2900,45
2025-02-05,RJ,gasolina,337.7400,54
2025-02-05,RN,diesel_s10,28.2600,4
2025-02-05,RN,etanol,36.6300,7
2025-02-05,RN,gasolina,54.6000,8
2025-02-05,RO,diesel_s10,34.4100,5
2025-02-05,RO,etanol,15.9700,3
2025-02-05,RO,gasolina,36.4900,5
2025-02-05,RR,diesel_s10,43.3100,6
2025-02-05,RR,etanol,5.2000,1
2025-02-05,RR,gasolina,42.5400,6
2025-02-05,RS,diesel_s10,212.6500,32
2025-02-05,RS,etanol,114.4700,23
2025-02-05,RS,gasolina,311.3500,48
2025-02-05,SC,diesel_s10,84.4200,13
2025-02-05,SC,etanol,38.1800,8
2025-02-05,SC,gasolina,89.9100,14
2025-02-05,SP,diesel_s10,1188.0500,184
2025-02-05,SP,etanol,1063.5200,251
2025-02-05,SP,gasolina,1564.3200,251
2025-02-05,TO,diesel_s10,25.2200,4
2025-02-05,TO,etanol,34.8300,7
2025-02-05,TO,gasolina,46.6200,7
2025-02-06,AC,diesel_s10,7.9900,1
2025-02-06,AC,etanol,15.8300,3
2025-02-06,AC,gasolina,30.7600,4
2025-02-06,AL,diesel_s10,38.3600,6
2025-02-06,AL,etanol,34.2000,7
2025-02-06,AL,gasolina,51.3900,8
2025-02-06,AM,diesel_s10,70.7100,9
2025-02-06,AM,etanol,5.0900,1
2025-02-06,AM,gasolina,77.8800,10
2025-02-06,AP,diesel_s10,33.8400,5
2025-02-06,AP,gasolina,30.7300,5
2025-02-06,BA,diesel_s10,415.7900,64
2025-02-06,BA,etanol,356.5700,72
2025-02-06,BA,gasolina,500.9200,76
2025-02-06,CE,diesel_s10,96.8000,15
2025-02-06,CE,etanol,86.9600,17
2025-02-06,CE,gasolina,109.7300,17
2025-02-06,ES,diesel_s10,63.8400,10
2025-02-06,ES,etanol,39.6800,9
2025-02-06,ES,gasolina,76.3500,12
2025-02-06,GO,diesel_s10,89.7900,14
2025-02-06,GO,etanol,101.2300,23
2025-02-06,GO,gasolina,151.8400,24
2025-02-06,MA,diesel_s10,32.3700,5
2025-02-06,MA,etanol,19.3700,4
2025-02-06,MA,gasolina,51.0400,8
2025-02-06,MG,diesel_s10,412.0400,64
2025-02-06,MG,etanol,397.6600,90
2025-02-06,MG,gasolina,585.5200,93
2025-02-06,MS,diesel_s10,32.3300,5
2025-02-06,MS,etanol,29.9500,7
2025-02-06,MS,gasolina,50.2500,8
2025-02-06,MT,diesel_s10,20.6000,3
2025-02-06,MT,etanol,13.4600,3
2025-02-06,MT,gasolina,19.7500,3
2025-02-06,PA,diesel_s10,64.5000,10
2025-02-06,PA,etanol,10.2300,2
2025-02-06,PA,gasolina,58.7000,9
2025-02-06,PE,diesel_s10,308.2100,48
2025-02-06,PE,etanol,256.1000,51
2025-02-06,PE,gasolina,353.7300,54
2025-02-06,PI,diesel_s10,57.5500,9
2025-02-06,PI,etanol,25.4100,5
2025-02-06,PI,gasolina,62.2100,10
2025-02-06,PR,diesel_s10,149.8300,23
2025-02-06,PR,etanol,169.7700,37
2025-02-06,PR,gasolina,223.9000,34
2025-02-06,RJ,diesel_s10,132.1200,20
2025-02-06,RJ,etanol,124.2600,26
2025-02-06,RJ,gasolina,190.3400,30
2025-02-06,RN,diesel_s10,119.9800,18
2025-02-06,RN,etanol,111.2200,21
2025-02-06,RN,gasolina,155.1000,23
2025-02-06,RO,diesel_s10,28.0600,4
2025-02-06,RO,etanol,15.2500,3
2025-02-06,RO,gasolina,63.4700,9
2025-02-06,RS,diesel_s10,247.3200,39
2025-02-06,RS,etanol,108.2600,23
2025-02-06,RS,gasolina,388.7200,62
2025-02-06,SC,diesel_s10,6.6900,1
2025-02-06,SC,etanol,5.2200,1
2025-02-06,SC,gasolina,19.6700,3
2025-02-06,SP,diesel_s10,716.8000,111
2025-02-06,SP,etanol,622.9800,149
2025-02-06,SP,gasolina,957.6200,156
2025-02-06,TO,diesel_s10,88.2500,14
2025-02-06,TO,etanol,61.6100,13
2025-02-06,TO,gasolina,101.7700,15
2025-02-07,MG,diesel_s10,121.1100,19
2025-02-07,MG,etanol,117.9800,27
2025-02-07,MG,gasolina,167.1700,27
2025-02-07,MS,diesel_s10,19.9700,3
2025-02-07,MS,etanol,8.7800,2
2025-02-07,MS,gasolina,18.9700,3
2025-02-07,MT,diesel_s10,6.9900,1
2025-02-07,MT,etanol,8.9800,2
2025-02-07,MT,gasolina,13.1800,2
2025-02-07,PB,diesel_s10,12.8700,2
2025-02-07,PB,etanol,9.1700,2
2025-02-07,PB,gasolina,12.5200,2
2025-02-07,PR,diesel_s10,186.4100,29
2025-02-07,PR,etanol,187.0600,41
2025-02-07,PR,gasolina,273.3900,42
2025-02-07,RN,etanol,5.3400,1
2025-02-07,RN,gasolina,6.7400,1
2025-02-07,RS,diesel_s10,90.4900,14
2025-02-07,RS,etanol,19.0500,4
2025-02-07,RS,gasolina,109.0300,17
2025-02-07,SP,diesel_s10,83.3300,13
2025-02-07,SP,etanol,77.7000,20
2025-02-07,SP,gasolina,120.3500,20
2025-02-10,AL,diesel_s10,80.3300,12
2025-02-10,AL,etanol,110.0500,22
2025-02-10,AL,gasolina,150.5100,23
2025-02-10,AM,diesel_s10,116.7300,17
2025-02-10,AM,etanol,108.2600,20
2025-02-10,AM,gasolina,166.7600,23
2025-02-10,BA,diesel_s10,406.3200,63
2025-02-10,BA,etanol,369.1400,76
2025-02-10,BA,gasolina,598.9000,92
2025-02-10,CE,diesel_s10,192.3200,29
2025-02-10,CE,etanol,185.5800,36
2025-02-10,CE,gasolina,241.4700,38
2025-02-10,DF,diesel_s10,97.0200,15
2025-02-10,DF,etanol,95.3500,20
2025-02-10,DF,gasolina,169.7800,26
2025-02-10,ES,diesel_s10,203.5500,32
2025-02-10,ES,etanol,157.7800,35
2025-02-10,ES,gasolina,381.7400,59
2025-02-10,GO,diesel_s10,384.9800,60
2025-02-10,GO,etanol,356.6400,77
2025-02-10,GO,gasolina,539.4300,83
2025-02-10,MA,diesel_s10,252.3900,39
2025-02-10,MA,etanol,143.4200,29
2025-02-10,MA,gasolina,277.3600,44
2025-02-10,MG,diesel_s10,524.3800,82
2025-02-10,MG,etanol,494.3300,110
2025-02-10,MG,gasolina,732.4800,117
2025-02-10,MS,diesel_s10,88.6000,13
2025-02-10,MS,etanol,66.8200,15
2025-02-10,MS,gasolina,197.5600,30
2025-02-10,MT,diesel_s10,94.6800,14
2025-02-10,MT,etanol,89.0400,21
2025-02-10,MT,gasolina,140.4500,22
2025-02-10,PA,diesel_s10,273.5200,40
2025-02-10,PA,etanol,115.7700,23
2025-02-10,PA,gasolina,384.4300,58
2025-02-10,PB,diesel_s10,163.8000,26
2025-02-10,PB,etanol,157.7000,34
2025-02-10,PB,gasolina,238.0000,38
2025-02-10,PE,diesel_s10,212.8800,34
2025-02-10,PE,etanol,195.3900,40
2025-02-10,PE,gasolina,359.8500,55
2025-02-10,PI,diesel_s10,65.3900,10
2025-02-10,PI,etanol,61.7500,13
2025-02-10,PI,gasolina,110.6300,18
2025-02-10,PR,diesel_s10,238.9500,37
2025-02-10,PR,etanol,271.8600,59
2025-02-10,PR,gasolina,421.0200,64
2025-02-10,RJ,diesel_s10,575.8600,90
2025-02-10,RJ,etanol,636.2400,135
2025-02-10,RJ,gasolina,910.3200,146
2025-02-10,RN,etanol,5.4900,1
2025-02-10,RN,gasolina,6.7900,1
2025-02-10,RO,diesel_s10,41.4400,6
2025-02-10,RO,etanol,16.8300,3
2025-02-10,RO,gasolina,56.2700,8
2025-02-10,RR,diesel_s10,21.6400,3
2025-02-10,RR,etanol,5.2500,1
2025-02-10,RR,gasolina,21.2700,3
2025-02-10,RS,diesel_s10,305.6400,47
2025-02-10,RS,etanol,121.9300,25
2025-02-10,RS,gasolina,358.2200,57
2025-02-10,SC,diesel_s10,371.4500,57
2025-02-10,SC,etanol,320.1100,66
2025-02-10,SC,gasolina,667.2600,101
2025-02-10,SE,diesel_s10,49.9800,8
2025-02-10,SE,etanol,24.0900,5
2025-02-10,SE,gasolina,65.1000,10
2025-02-10,SP,diesel_s10,2131.3500,330
2025-02-10,SP,etanol,2169.0400,516
2025-02-10,SP,gasolina,3209.3300,518
2025-02-10,TO,diesel_s10,97.0700,15
2025-02-10,TO,etanol,76.8000,16
2025-02-10,TO,gasolina,132.6000,20
2025-02-11,AL,diesel_s10,28.0300,4
2025-02-11,AL,etanol,25.4200,5
2025-02-11,AL,gasolina,43.0000,6
2025-02-11,AM,diesel_s10,82.4800,12
2025-02-11,AM,etanol,65.8800,12
2025-02-11,AM,gasolina,116.6400,16
2025-02-11,AP,diesel_s10,33.8300,5
2025-02-11,AP,etanol,22.0900,4
2025-02-11,AP,gasolina,109.4700,18
2025-02-11,BA,diesel_s10,237.4700,36
2025-02-11,BA,etanol,224.8900,46
2025-02-11,BA,gasolina,305.9600,46
2025-02-11,CE,diesel_s10,282.5300,43
2025-02-11,CE,etanol,278.1400,55
2025-02-11,CE,gasolina,396.8300,62
2025-02-11,DF,diesel_s10,32.6200,5
2025-02-11,DF,etanol,23.9100,5
2025-02-11,DF,gasolina,98.0800,15
2025-02-11,ES,diesel_s10,64.3800,10
2025-02-11,ES,etanol,47.3800,10
2025-02-11,ES,gasolina,118.4300,18
2025-02-11,GO,diesel_s10,133.8700,21
2025-02-11,GO,etanol,132.8600,29
2025-02-11,GO,gasolina,192.7600,30
2025-02-11,MA,diesel_s10,151.8300,24
2025-02-11,MA,etanol,75.6500,15
2025-02-11,MA,gasolina,193.2000,31
2025-02-11,MG,diesel_s10,576.7600,91
2025-02-11,MG,etanol,531.1600,119
2025-02-11,MG,gasolina,829.4900,132
2025-02-11,MS,diesel_s10,83.1500,13
2025-02-11,MS,etanol,59.7800,15
2025-02-11,MS,gasolina,113.3000,19
2025-02-11,MT,diesel_s10,66.9600,10
2025-02-11,MT,etanol,76.6400,18
2025-02-11,MT,gasolina,120.9200,19
2025-02-11,PA,diesel_s10,105.9900,16
2025-02-11,PA,etanol,37.9000,8
2025-02-11,PA,gasolina,151.3400,23
2025-02-11,PB,diesel_s10,45.2300,7
2025-02-11,PB,etanol,23.7100,5
2025-02-11,PB,gasolina,50.2500,8
2025-02-11,PE,diesel_s10,161.2400,26
2025-02-11,PE,etanol,127.8000,28
2025-02-11,PE,gasolina,192.1700,31
2025-02-11,PI,diesel_s10,90.3600,14
2025-02-11,PI,etanol,43.9200,9
2025-02-11,PI,gasolina,93.4000,15
2025-02-11,PR,diesel_s10,377.6700,58
2025-02-11,PR,etanol,402.8000,87
2025-02-11,PR,gasolina,570.8300,86
2025-02-11,RJ,diesel_s10,286.2100,44
2025-02-11,RJ,etanol,327.2000,70
2025-02-11,RJ,gasolina,540.5500,87
2025-02-11,RN,etanol,5.4900,1
2025-02-11,RN,gasolina,6.8900,1
2025-02-11,RO,diesel_s10,127.0000,18
2025-02-11,RO,etanol,52.0500,10
2025-02-11,RO,gasolina,172.7100,24
2025-02-11,RR,diesel_s10,21.4200,3
2025-02-11,RR,gasolina,28.3600,4
2025-02-11,RS,diesel_s10,454.4900,70
2025-02-11,RS,etanol,252.8200,51
2025-02-11,RS,gasolina,631.0900,100
2025-02-11,SC,diesel_s10,90.1600,14
2025-02-11,SC,etanol,74.1500,16
2025-02-11,SC,gasolina,135.7100,21
2025-02-11,SE,diesel_s10,25.5700,4
2025-02-11,SE,etanol,58.2700,12
2025-02-11,SE,gasolina,112.9800,17
2025-02-11,SP,diesel_s10,1121.4200,175
2025-02-11,SP,etanol,1053.7600,249
2025-02-11,SP,gasolina,1543.3500,249
2025-02-11,TO,diesel_s10,68.5100,11
2025-02-11,TO,etanol,67.1200,14
2025-02-11,TO,gasolina,92.8600,14
2025-02-12,AC,diesel_s10,7.8500,1
2025-02-12,AC,etanol,20.9800,4
2025-02-12,AC,gasolina,38.0500,5
2025-02-12,AL,diesel_s10,82.1300,13
2025-02-12,AL,etanol,94.0600,19
2025-02-12,AL,gasolina,139.7500,22
2025-02-12,AM,diesel_s10,91.7000,12
2025-02-12,AM,etanol,24.9500,5
2025-02-12,AM,gasolina,101.6500,13
2025-02-12,BA,diesel_s10,110.4000,17
2025-02-12,BA,etanol,106.3900,22
2025-02-12,BA,gasolina,137.5500,21
2025-02-12,CE,diesel_s10,12.7800,2
2025-02-12,CE,etanol,16.4700,3
2025-02-12,CE,gasolina,19.4700,3
2025-02-12,DF,etanol,9.5100,2
2025-02-12,DF,gasolina,58.7800,9
2025-02-12,ES,diesel_s10,13.2800,2
2025-02-12,ES,etanol,14.7200,3
2025-02-12,ES,gasolina,20.7900,3
2025-02-12,GO,diesel_s10,76.5300,12
2025-02-12,GO,etanol,80.3700,19
2025-02-12,GO,gasolina,124.4100,20
2025-02-12,MA,diesel_s10,13.1000,2
2025-02-12,MA,etanol,10.2900,2
2025-02-12,MA,gasolina,20.5200,3
2025-02-12,MG,diesel_s10,319.6100,50
2025-02-12,MG,etanol,339.5500,77
2025-02-12,MG,gasolina,506.9600,81
2025-02-12,MS,diesel_s10,39.6200,6
2025-02-12,MS,etanol,21.4100,5
2025-02-12,MS,gasolina,44.0500,7
2025-02-12,MT,diesel_s10,151.3900,23
2025-02-12,MT,etanol,128.8900,30
2025-02-12,MT,gasolina,191.4900,30
2025-02-12,PA,diesel_s10,71.9600,11
2025-02-12,PA,etanol,14.9200,3
2025-02-12,PA,gasolina,83.4500,13
2025-02-12,PB,diesel_s10,102.4900,16
2025-02-12,PB,etanol,65.1500,14
2025-02-12,PB,gasolina,126.6100,20
2025-02-12,PE,diesel_s10,288.3800,45
2025-02-12,PE,etanol,235.9100,47
2025-02-12,PE,gasolina,323.4400,49
2025-02-12,PI,diesel_s10,110.5900,17
2025-02-12,PI,etanol,52.1800,11
2025-02-12,PI,gasolina,116.7300,19
2025-02-12,PR,diesel_s10,224.6500,34
2025-02-12,PR,etanol,217.2100,48
2025-02-12,PR,gasolina,312.7700,48
2025-02-12,RJ,diesel_s10,277.9700,43
2025-02-12,RJ,etanol,268.8000,57
2025-02-12,RJ,gasolina,401.1900,64
2025-02-12,RN,diesel_s10,54.9800,8
2025-02-12,RN,etanol,47.1600,9
2025-02-12,RN,gasolina,68.1300,10
2025-02-12,RO,diesel_s10,83.8400,12
2025-02-12,RO,etanol,41.6700,8
2025-02-12,RO,gasolina,107.2200,15
2025-02-12,RR,diesel_s10,64.9000,9
2025-02-12,RR,etanol,20.8500,4
2025-02-12,RR,gasolina,63.8100,9
2025-02-12,RS,diesel_s10,395.4300,62
2025-02-12,RS,etanol,157.3000,33
2025-02-12,RS,gasolina,566.7000,90
2025-02-12,SC,diesel_s10,52.3800,8
2025-02-12,SC,etanol,33.3500,7
2025-02-12,SC,gasolina,64.7700,10
2025-02-12,SP,diesel_s10,745.8200,115
2025-02-12,SP,etanol,775.1700,185
2025-02-12,SP,gasolina,1165.9700,190
2025-02-12,TO,diesel_s10,38.2000,6
2025-02-12,TO,etanol,18.4300,4
2025-02-12,TO,gasolina,39.0600,6
2025-02-13,AC,diesel_s10,56.7700,7
2025-02-13,AC,etanol,39.5500,7
2025-02-13,AC,gasolina,86.9000,11
2025-02-13,AM,diesel_s10,20.3600,3
2025-02-13,AM,etanol,10.1800,2
2025-02-13,AM,gasolina,20.9500,3
2025-02-13,AP,diesel_s10,33.8400,5
2025-02-13,AP,gasolina,30.7300,5
2025-02-13,BA,diesel_s10,237.2100,36
2025-02-13,BA,etanol,188.4600,38
2025-02-13,BA,gasolina,274.0700,41
2025-02-13,CE,diesel_s10,103.4500,16
2025-02-13,CE,etanol,103.4300,20
2025-02-13,CE,gasolina,141.4800,22
2025-02-13,ES,diesel_s10,45.4200,7
2025-02-13,ES,etanol,34.1300,7
2025-02-13,ES,gasolina,53.1600,8
2025-02-13,GO,diesel_s10,190.0300,30
2025-02-13,GO,etanol,173.5200,40
2025-02-13,GO,gasolina,252.2900,40
2025-02-13,MA,diesel_s10,57.6200,9
2025-02-13,MA,etanol,24.8200,5
2025-02-13,MA,gasolina,88.6000,14
2025-02-13,MG,diesel_s10,514.6600,81
2025-02-13,MG,etanol,461.2000,105
2025-02-13,MG,gasolina,657.7600,106
2025-02-13,MS,diesel_s10,6.6900,1
2025-02-13,MS,etanol,8.9400,2
2025-02-13,MS,gasolina,12.8700,2
2025-02-13,MT,diesel_s10,40.8500,6
2025-02-13,MT,etanol,30.9500,7
2025-02-13,MT,gasolina,45.8400,7
2025-02-13,PA,diesel_s10,33.8500,5
2025-02-13,PA,gasolina,33.7900,5
2025-02-13,PE,diesel_s10,204.8700,32
2025-02-13,PE,etanol,141.3200,28
2025-02-13,PE,gasolina,213.0300,33
2025-02-13,PI,diesel_s10,6.2900,1
2025-02-13,PI,etanol,9.5800,2
2025-02-13,PI,gasolina,12.1400,2
2025-02-13,PR,diesel_s10,225.7900,35
2025-02-13,PR,etanol,250.4500,56
2025-02-13,PR,gasolina,342.0600,53
2025-02-13,RJ,diesel_s10,162.8700,25
2025-02-13,RJ,etanol,148.9900,32
2025-02-13,RJ,gasolina,211.8600,34
2025-02-13,RN,diesel_s10,92.8200,14
2025-02-13,RN,etanol,104.0600,20
2025-02-13,RN,gasolina,147.6900,22
2025-02-13,RS,diesel_s10,403.2200,61
2025-02-13,RS,etanol,119.3600,24
2025-02-13,RS,gasolina,532.2800,83
2025-02-13,SC,diesel_s10,39.3400,6
2025-02-13,SC,etanol,15.0000,3
2025-02-13,SC,gasolina,51.2200,8
2025-02-13,SP,diesel_s10,878.5300,136
2025-02-13,SP,etanol,817.7200,194
2025-02-13,SP,gasolina,1211.7800,195
2025-02-13,TO,diesel_s10,50.2400,8
2025-02-13,TO,etanol,19.4900,4
2025-02-13,TO,gasolina,54.8400,8
2025-02-14,GO,diesel_s10,24.9400,4
2025-02-14,GO,etanol,16.6800,4
2025-02-14,GO,gasolina,24.4800,4
2025-02-14,MA,diesel_s10,46.5800,7
2025-02-14,MA,etanol,32.2200,6
2025-02-14,MA,gasolina,48.8900,7
2025-02-14,MG,diesel_s10,59.4700,9
2025-02-14,MG,etanol,39.8900,9
2025-02-14,MG,gasolina,64.1900,10
2025-02-14,MS,diesel_s10,6.3900,1
2025-02-14,MS,etanol,8.3200,2
2025-02-14,MS,gasolina,12.2400,2
2025-02-14,PR,diesel_s10,52.1200,8
2025-02-14,PR,etanol,49.4100,10
2025-02-14,PR,gasolina,69.3100,10
2025-02-14,RJ,diesel_s10,6.9900,1
2025-02-14,RJ,etanol,4.9900,1
2025-02-14,RJ,gasolina,13.4800,2
2025-02-14,RN,diesel_s10,40.4900,6
2025-02-14,RN,etanol,37.0900,7
2025-02-14,RN,gasolina,53.8200,8
2025-02-14,RO,diesel_s10,6.8300,1
2025-02-14,RO,gasolina,6.9900,1
2025-02-14,RS,diesel_s10,69.7800,11
2025-02-14,RS,etanol,38.4800,8
2025-02-14,RS,gasolina,94.7300,15
2025-02-14,SP,diesel_s10,6.3900,1
2025-02-14,SP,etanol,3.8900,1
2025-02-14,SP,gasolina,5.9900,1
2025-02-17,AL,diesel_s10,132.4100,20
2025-02-17,AL,etanol,160.3000,32
2025-02-17,AL,gasolina,237.8800,36
2025-02-17,AM,diesel_s10,110.0200,16
2025-02-17,AM,etanol,98.7100,18
2025-02-17,AM,gasolina,167.6400,23
2025-02-17,AP,diesel_s10,27.3100,4
2025-02-17,AP,gasolina,24.5500,4
2025-02-17,BA,diesel_s10,270.9600,42
2025-02-17,BA,etanol,224.7800,46
2025-02-17,BA,gasolina,335.2900,51
2025-02-17,CE,diesel_s10,67.0900,10
2025-02-17,CE,etanol,74.5200,14
2025-02-17,CE,gasolina,113.5400,17
2025-02-17,DF,diesel_s10,65.2800,10
2025-02-17,DF,etanol,67.1700,14
2025-02-17,DF,gasolina,170.6500,26
2025-02-17,ES,diesel_s10,128.0000,20
2025-02-17,ES,etanol,93.9000,20
2025-02-17,ES,gasolina,217.1000,33
2025-02-17,GO,diesel_s10,378.3300,59
2025-02-17,GO,etanol,398.6500,88
2025-02-17,GO,gasolina,607.3900,95
2025-02-17,MA,diesel_s10,129.9500,20
2025-02-17,MA,etanol,75.5200,15
2025-02-17,MA,gasolina,155.2800,24
2025-02-17,MG,diesel_s10,631.2100,99
2025-02-17,MG,etanol,624.4200,140
2025-02-17,MG,gasolina,902.4700,145
2025-02-17,MS,diesel_s10,54.6200,8
2025-02-17,MS,etanol,41.5700,9
2025-02-17,MS,gasolina,153.4800,23
2025-02-17,MT,diesel_s10,183.4900,27
2025-02-17,MT,etanol,156.3900,37
2025-02-17,MT,gasolina,244.2600,38
2025-02-17,PA,diesel_s10,272.3900,41
2025-02-17,PA,etanol,128.6700,26
2025-02-17,PA,gasolina,437.2900,67
2025-02-17,PB,diesel_s10,133.5400,21
2025-02-17,PB,etanol,121.4300,26
2025-02-17,PB,gasolina,200.7600,32
2025-02-17,PE,diesel_s10,200.7200,32
2025-02-17,PE,etanol,206.0600,42
2025-02-17,PE,gasolina,318.9200,49
2025-02-17,PI,diesel_s10,104.8600,16
2025-02-17,PI,etanol,94.0300,20
2025-02-17,PI,gasolina,146.4200,24
2025-02-17,PR,diesel_s10,318.2300,49
2025-02-17,PR,etanol,372.3500,81
2025-02-17,PR,gasolina,521.5200,79
2025-02-17,RJ,diesel_s10,651.8300,102
2025-02-17,RJ,etanol,678.3000,145
2025-02-17,RJ,gasolina,933.1800,151
2025-02-17,RN,etanol,5.1300,1
2025-02-17,RN,gasolina,6.6900,1
2025-02-17,RO,diesel_s10,111.6000,16
2025-02-17,RO,etanol,46.0900,9
2025-02-17,RO,gasolina,149.9100,21
2025-02-17,RR,diesel_s10,43.2800,6
2025-02-17,RR,etanol,10.4000,2
2025-02-17,RR,gasolina,42.5400,6
2025-02-17,RS,diesel_s10,310.6600,48
2025-02-17,RS,etanol,134.0700,27
2025-02-17,RS,gasolina,408.7400,65
2025-02-17,SC,diesel_s10,388.5400,60
2025-02-17,SC,etanol,274.0500,57
2025-02-17,SC,gasolina,589.4300,90
2025-02-17,SP,diesel_s10,2425.5400,377
2025-02-17,SP,etanol,2410.9000,572
2025-02-17,SP,gasolina,3589.0900,579
2025-02-17,TO,diesel_s10,171.8300,27
2025-02-17,TO,etanol,138.5000,29
2025-02-17,TO,gasolina,225.2100,34
2025-02-18,AC,diesel_s10,7.8500,1
2025-02-18,AC,etanol,10.6300,2
2025-02-18,AC,gasolina,23.0700,3
2025-02-18,AM,diesel_s10,82.4800,12
2025-02-18,AM,etanol,65.8800,12
2025-02-18,AM,gasolina,116.6400,16
2025-02-18,AP,diesel_s10,40.3600,6
2025-02-18,AP,etanol,21.8900,4
2025-02-18,AP,gasolina,115.3900,19
2025-02-18,BA,diesel_s10,331.3700,51
2025-02-18,BA,etanol,291.8200,60
2025-02-18,BA,gasolina,446.7900,69
2025-02-18,CE,diesel_s10,373.8100,57
2025-02-18,CE,etanol,342.4400,68
2025-02-18,CE,gasolina,462.3300,74
2025-02-18,DF,diesel_s10,26.2300,4
2025-02-18,DF,etanol,33.8100,7
2025-02-18,DF,gasolina,118.6700,18
2025-02-18,ES,diesel_s10,159.4200,25
2025-02-18,ES,etanol,132.4900,29
2025-02-18,ES,gasolina,263.7200,41
2025-02-18,GO,diesel_s10,103.0400,16
2025-02-18,GO,etanol,93.6700,22
2025-02-18,GO,gasolina,137.0200,22
2025-02-18,MA,diesel_s10,136.6200,21
2025-02-18,MA,etanol,63.3700,12
2025-02-18,MA,gasolina,160.5700,25
2025-02-18,MG,diesel_s10,378.5300,59
2025-02-18,MG,etanol,331.2600,74
2025-02-18,MG,gasolina,534.7600,85
2025-02-18,MS,diesel_s10,70.8600,11
2025-02-18,MS,etanol,52.8500,13
2025-02-18,MS,gasolina,120.5400,20
2025-02-18,MT,diesel_s10,60.7300,9
2025-02-18,MT,etanol,53.3300,13
2025-02-18,MT,gasolina,88.6100,14
2025-02-18,PA,diesel_s10,155.8100,23
2025-02-18,PA,etanol,49.4800,10
2025-02-18,PA,gasolina,179.1700,27
2025-02-18,PB,diesel_s10,134.0600,21
2025-02-18,PB,etanol,88.6200,19
2025-02-18,PB,gasolina,163.7200,26
2025-02-18,PE,diesel_s10,214.9400,34
2025-02-18,PE,etanol,160.7700,33
2025-02-18,PE,gasolina,271.5600,42
2025-02-18,PI,diesel_s10,153.3900,24
2025-02-18,PI,etanol,99.9900,21
2025-02-18,PI,gasolina,177.5700,29
2025-02-18,PR,diesel_s10,155.5500,24
2025-02-18,PR,etanol,158.0700,34
2025-02-18,PR,gasolina,222.5000,34
2025-02-18,RJ,diesel_s10,399.3000,61
2025-02-18,RJ,etanol,449.8200,96
2025-02-18,RJ,gasolina,703.6900,113
2025-02-18,RN,diesel_s10,6.3900,1
2025-02-18,RN,etanol,4.9300,1
2025-02-18,RN,gasolina,6.6700,1
2025-02-18,RO,diesel_s10,69.6900,10
2025-02-18,RO,etanol,47.8200,9
2025-02-18,RO,gasolina,120.4100,17
2025-02-18,RR,diesel_s10,28.7900,4
2025-02-18,RR,etanol,5.2500,1
2025-02-18,RR,gasolina,28.3600,4
2025-02-18,RS,diesel_s10,452.3500,70
2025-02-18,RS,etanol,171.6900,35
2025-02-18,RS,gasolina,567.5900,90
2025-02-18,SC,diesel_s10,132.4800,20
2025-02-18,SC,etanol,109.5000,22
2025-02-18,SC,gasolina,238.0800,36
2025-02-18,SE,diesel_s10,44.2800,7
2025-02-18,SE,etanol,58.5200,12
2025-02-18,SE,gasolina,132.5100,20
2025-02-18,SP,diesel_s10,899.7400,140
2025-02-18,SP,etanol,865.7700,207
2025-02-18,SP,gasolina,1275.5700,207
2025-02-18,TO,diesel_s10,38.2000,6
2025-02-18,TO,etanol,18.4300,4
2025-02-18,TO,gasolina,39.0600,6
2025-02-19,AC,diesel_s10,49.1000,6
2025-02-19,AC,etanol,17.9800,3
2025-02-19,AC,gasolina,48.5000,6
2025-02-19,AL,diesel_s10,57.2700,9
2025-02-19,AL,etanol,64.5900,13
2025-02-19,AL,gasolina,95.7300,15
2025-02-19,AM,diesel_s10,58.7300,7
2025-02-19,AM,gasolina,67.1200,8
2025-02-19,BA,diesel_s10,349.5600,54
2025-02-19,BA,etanol,294.0300,61
2025-02-19,BA,gasolina,431.7700,66
2025-02-19,CE,diesel_s10,61.4700,9
2025-02-19,CE,etanol,71.0700,13
2025-02-19,CE,gasolina,113.4700,17
2025-02-19,DF,diesel_s10,19.4200,3
2025-02-19,DF,etanol,23.9100,5
2025-02-19,DF,gasolina,39.4200,6
2025-02-19,ES,diesel_s10,13.2800,2
2025-02-19,ES,etanol,17.5600,4
2025-02-19,ES,gasolina,39.0100,6
2025-02-19,GO,diesel_s10,63.0000,10
2025-02-19,GO,etanol,45.4900,10
2025-02-19,GO,gasolina,70.5800,11
2025-02-19,MA,diesel_s10,182.9600,29
2025-02-19,MA,etanol,83.3600,17
2025-02-19,MA,gasolina,194.4800,32
2025-02-19,MG,diesel_s10,470.1800,74
2025-02-19,MG,etanol,429.5200,98
2025-02-19,MG,gasolina,627.6600,101
2025-02-19,MS,diesel_s10,33.8000,5
2025-02-19,MS,etanol,25.2400,6
2025-02-19,MS,gasolina,43.8000,7
2025-02-19,MT,diesel_s10,110.7400,17
2025-02-19,MT,etanol,89.2500,22
2025-02-19,MT,gasolina,144.4000,23
2025-02-19,PA,diesel_s10,65.6600,10
2025-02-19,PA,etanol,24.2000,5
2025-02-19,PA,gasolina,64.7500,10
2025-02-19,PB,diesel_s10,37.6800,6
2025-02-19,PB,etanol,31.9200,7
2025-02-19,PB,gasolina,43.6200,7
2025-02-19,PE,diesel_s10,240.2400,38
2025-02-19,PE,etanol,173.3800,36
2025-02-19,PE,gasolina,250.7400,39
2025-02-19,PI,diesel_s10,26.3200,4
2025-02-19,PI,etanol,14.1400,3
2025-02-19,PI,gasolina,37.5600,6
2025-02-19,PR,diesel_s10,332.9300,51
2025-02-19,PR,etanol,314.7300,68
2025-02-19,PR,gasolina,492.4500,74
2025-02-19,RJ,diesel_s10,59.6100,9
2025-02-19,RJ,etanol,59.7800,12
2025-02-19,RJ,gasolina,113.0000,17
2025-02-19,RN,diesel_s10,33.9900,5
2025-02-19,RN,etanol,46.9500,9
2025-02-19,RN,gasolina,61.1100,9
2025-02-19,RO,diesel_s10,55.0700,8
2025-02-19,RO,etanol,20.2600,4
2025-02-19,RO,gasolina,64.4700,9
2025-02-19,RR,diesel_s10,36.0600,5
2025-02-19,RR,etanol,10.3500,2
2025-02-19,RR,gasolina,42.5400,6
2025-02-19,RS,diesel_s10,303.8700,47
2025-02-19,RS,etanol,140.5200,29
2025-02-19,RS,gasolina,396.3600,63
2025-02-19,SC,diesel_s10,123.6600,19
2025-02-19,SC,etanol,82.3200,17
2025-02-19,SC,gasolina,176.2100,27
2025-02-19,SP,diesel_s10,1049.7100,162
2025-02-19,SP,etanol,982.1900,233
2025-02-19,SP,gasolina,1447.6300,235
2025-02-20,AC,diesel_s10,23.6400,3
2025-02-20,AC,etanol,31.9200,6
2025-02-20,AC,gasolina,53.4700,7
2025-02-20,AM,diesel_s10,20.5800,3
2025-02-20,AM,etanol,10.4900,2
2025-02-20,AM,gasolina,21.7900,3
2025-02-20,BA,diesel_s10,141.1800,21
2025-02-20,BA,etanol,118.3300,24
2025-02-20,BA,gasolina,165.9800,25
2025-02-20,CE,diesel_s10,39.9400,6
2025-02-20,CE,etanol,32.2400,6
2025-02-20,CE,gasolina,47.4900,7
2025-02-20,ES,diesel_s10,51.6100,8
2025-02-20,ES,etanol,38.3400,8
2025-02-20,ES,gasolina,65.6300,10
2025-02-20,GO,diesel_s10,116.9000,18
2025-02-20,GO,etanol,103.8700,24
2025-02-20,GO,gasolina,150.5800,24
2025-02-20,MA,diesel_s10,116.4800,18
2025-02-20,MA,etanol,77.4700,15
2025-02-20,MA,gasolina,140.1100,21
2025-02-20,MG,diesel_s10,452.7700,71
2025-02-20,MG,etanol,433.9800,98
2025-02-20,MG,gasolina,633.5200,101
2025-02-20,MS,etanol,4.5500,1
2025-02-20,MS,gasolina,6.5800,1
2025-02-20,MT,diesel_s10,6.8400,1
2025-02-20,MT,etanol,4.4900,1
2025-02-20,MT,gasolina,6.8900,1
2025-02-20,PA,diesel_s10,55.4400,8
2025-02-20,PA,etanol,19.7900,4
2025-02-20,PA,gasolina,92.9000,14
2025-02-20,PE,diesel_s10,135.8900,22
2025-02-20,PE,etanol,110.0300,23
2025-02-20,PE,gasolina,156.8500,25
2025-02-20,PR,diesel_s10,169.7100,26
2025-02-20,PR,etanol,205.1400,47
2025-02-20,PR,gasolina,272.0800,43
2025-02-20,RJ,diesel_s10,182.6800,28
2025-02-20,RJ,etanol,163.1400,34
2025-02-20,RJ,gasolina,255.9400,40
2025-02-20,RN,diesel_s10,107.6200,16
2025-02-20,RN,etanol,101.5100,20
2025-02-20,RN,gasolina,147.2500,22
2025-02-20,RO,diesel_s10,92.0000,13
2025-02-20,RO,etanol,41.3400,8
2025-02-20,RO,gasolina,114.9700,16
2025-02-20,RS,diesel_s10,409.5600,62
2025-02-20,RS,etanol,205.5900,41
2025-02-20,RS,gasolina,549.4700,86
2025-02-20,SC,diesel_s10,13.3300,2
2025-02-20,SC,etanol,10.6500,2
2025-02-20,SC,gasolina,32.6500,5
2025-02-20,SP,diesel_s10,504.6400,78
2025-02-20,SP,etanol,521.2500,123
2025-02-20,SP,gasolina,786.4300,126
2025-02-20,TO,diesel_s10,43.8500,7
2025-02-20,TO,etanol,28.8800,6
2025-02-20,TO,gasolina,54.1800,8
2025-02-21,BA,diesel_s10,6.2900,1
2025-02-21,BA,etanol,9.4600,2
2025-02-21,BA,gasolina,12.8800,2
2025-02-21,MG,diesel_s10,57.9200,9
2025-02-21,MG,etanol,48.2000,11
2025-02-21,MG,gasolina,81.2700,13
2025-02-21,MT,diesel_s10,6.9900,1
2025-02-21,MT,etanol,8.6800,2
2025-02-21,MT,gasolina,13.1800,2
2025-02-21,PR,diesel_s10,155.3000,24
2025-02-21,PR,etanol,151.2700,32
2025-02-21,PR,gasolina,221.6900,33
2025-02-21,RN,diesel_s10,19.5200,3
2025-02-21,RN,etanol,14.4200,3
2025-02-21,RN,gasolina,19.7400,3
2025-02-21,RS,diesel_s10,62.9800,10
2025-02-21,RS,etanol,33.4600,7
2025-02-21,RS,gasolina,101.7400,16
2025-02-21,SC,diesel_s10,6.5900,1
2025-02-21,SC,etanol,5.1900,1
2025-02-21,SC,gasolina,6.4500,1
2025-02-21,SP,diesel_s10,94.8000,15
2025-02-21,SP,etanol,79.1600,20
2025-02-21,SP,gasolina,120.6500,20
2025-02-24,AL,diesel_s10,99.9600,15
2025-02-24,AL,etanol,110.3200,22
2025-02-24,AL,gasolina,179.2400,27
2025-02-24,AM,diesel_s10,130.6900,19
2025-02-24,AM,etanol,115.2300,21
2025-02-24,AM,gasolina,204.0700,28
2025-02-24,BA,diesel_s10,447.6300,69
2025-02-24,BA,etanol,414.6200,85
2025-02-24,BA,gasolina,656.7600,100
2025-02-24,CE,diesel_s10,196.8900,29
2025-02-24,CE,etanol,173.4000,32
2025-02-24,CE,gasolina,252.3500,38
2025-02-24,DF,diesel_s10,70.9100,11
2025-02-24,DF,etanol,66.6500,14
2025-02-24,DF,gasolina,104.6100,16
2025-02-24,ES,diesel_s10,146.5600,23
2025-02-24,ES,etanol,108.8900,24
2025-02-24,ES,gasolina,273.0300,42
2025-02-24,GO,diesel_s10,260.7800,41
2025-02-24,GO,etanol,242.6400,55
2025-02-24,GO,gasolina,384.5400,61
2025-02-24,MA,diesel_s10,215.8000,34
2025-02-24,MA,etanol,136.5500,28
2025-02-24,MA,gasolina,243.3600,39
2025-02-24,MG,diesel_s10,652.8400,102
2025-02-24,MG,etanol,588.9800,133
2025-02-24,MG,gasolina,921.8000,148
2025-02-24,MS,diesel_s10,99.5500,15
2025-02-24,MS,etanol,81.3300,19
2025-02-24,MS,gasolina,248.2400,39
2025-02-24,MT,diesel_s10,66.9200,10
2025-02-24,MT,etanol,78.1900,19
2025-02-24,MT,gasolina,119.8100,19
2025-02-24,PA,diesel_s10,264.3000,40
2025-02-24,PA,etanol,98.3200,20
2025-02-24,PA,gasolina,421.7200,66
2025-02-24,PB,diesel_s10,139.5300,22
2025-02-24,PB,etanol,121.1300,26
2025-02-24,PB,gasolina,206.2800,33
2025-02-24,PE,diesel_s10,292.4600,47
2025-02-24,PE,etanol,273.6300,57
2025-02-24,PE,gasolina,408.7900,64
2025-02-24,PI,diesel_s10,65.5800,10
2025-02-24,PI,etanol,69.8600,15
2025-02-24,PI,gasolina,102.6700,17
2025-02-24,PR,diesel_s10,364.7000,56
2025-02-24,PR,etanol,365.5500,82
2025-02-24,PR,gasolina,535.1600,83
2025-02-24,RJ,diesel_s10,867.6900,135
2025-02-24,RJ,etanol,886.8200,189
2025-02-24,RJ,gasolina,1261.7300,203
2025-02-24,RN,diesel_s10,32.8500,5
2025-02-24,RN,etanol,42.3300,8
2025-02-24,RN,gasolina,53.2600,8
2025-02-24,RO,diesel_s10,90.0700,13
2025-02-24,RO,etanol,20.8700,4
2025-02-24,RO,gasolina,78.2700,11
2025-02-24,RR,diesel_s10,36.0200,5
2025-02-24,RR,etanol,10.4000,2
2025-02-24,RR,gasolina,35.4500,5
2025-02-24,RS,diesel_s10,602.5600,94
2025-02-24,RS,etanol,252.7700,52
2025-02-24,RS,gasolina,789.5900,126
2025-02-24,SC,diesel_s10,508.8900,78
2025-02-24,SC,etanol,364.9600,76
2025-02-24,SC,gasolina,773.3500,118
2025-02-24,SE,diesel_s10,56.2100,9
2025-02-24,SE,etanol,24.0900,5
2025-02-24,SE,gasolina,71.6100,11
2025-02-24,SP,diesel_s10,2512.0000,389
2025-02-24,SP,etanol,2510.0400,595
2025-02-24,SP,gasolina,3688.9600,595
2025-02-24,TO,diesel_s10,158.8900,25
2025-02-24,TO,etanol,133.4100,28
2025-02-24,TO,gasolina,211.4300,32
2025-02-25,AC,diesel_s10,23.4700,3
2025-02-25,AC,etanol,37.4100,7
2025-02-25,AC,gasolina,61.1100,8
2025-02-25,AL,diesel_s10,31.7700,5
2025-02-25,AL,etanol,34.9200,7
2025-02-25,AL,gasolina,50.9500,8
2025-02-25,AM,diesel_s10,122.0400,16
2025-02-25,AM,etanol,54.9000,10
2025-02-25,AM,gasolina,154.6000,20
2025-02-25,AP,diesel_s10,33.8700,5
2025-02-25,AP,etanol,21.8900,4
2025-02-25,AP,gasolina,103.0200,17
2025-02-25,BA,diesel_s10,159.1700,25
2025-02-25,BA,etanol,153.8900,32
2025-02-25,BA,gasolina,209.6800,33
2025-02-25,CE,diesel_s10,59.6700,9
2025-02-25,CE,etanol,31.0400,6
2025-02-25,CE,gasolina,74.1300,11
2025-02-25,DF,diesel_s10,45.7200,7
2025-02-25,DF,etanol,62.0100,13
2025-02-25,DF,gasolina,215.0500,33
2025-02-25,ES,diesel_s10,185.1400,29
2025-02-25,ES,etanol,146.2400,32
2025-02-25,ES,gasolina,275.7400,43
2025-02-25,GO,diesel_s10,127.6800,20
2025-02-25,GO,etanol,111.5600,26
2025-02-25,GO,gasolina,168.6900,27
2025-02-25,MA,diesel_s10,123.1800,19
2025-02-25,MA,etanol,74.3000,15
2025-02-25,MA,gasolina,130.0500,21
2025-02-25,MG,diesel_s10,410.2500,65
2025-02-25,MG,etanol,414.6900,93
2025-02-25,MG,gasolina,617.2000,99
2025-02-25,MS,diesel_s10,32.7100,5
2025-02-25,MS,etanol,24.6400,6
2025-02-25,MS,gasolina,55.6700,9
2025-02-25,MT,diesel_s10,79.6200,12
2025-02-25,MT,etanol,68.7100,17
2025-02-25,MT,gasolina,112.5700,18
2025-02-25,PA,diesel_s10,130.9900,20
2025-02-25,PA,etanol,47.9700,10
2025-02-25,PA,gasolina,160.2100,25
2025-02-25,PB,diesel_s10,70.9500,11
2025-02-25,PB,etanol,33.4500,7
2025-02-25,PB,gasolina,95.3600,15
2025-02-25,PE,diesel_s10,187.2200,30
2025-02-25,PE,etanol,154.6700,31
2025-02-25,PE,gasolina,243.9900,37
2025-02-25,PR,diesel_s10,240.2600,37
2025-02-25,PR,etanol,260.8600,55
2025-02-25,PR,gasolina,397.4800,59
2025-02-25,RJ,diesel_s10,324.5700,50
2025-02-25,RJ,etanol,345.5700,74
2025-02-25,RJ,gasolina,549.4600,89
2025-02-25,RN,diesel_s10,13.3700,2
2025-02-25,RN,etanol,20.8200,4
2025-02-25,RN,gasolina,26.8700,4
2025-02-25,RO,diesel_s10,202.8800,29
2025-02-25,RO,etanol,98.0500,19
2025-02-25,RO,gasolina,314.4600,44
2025-02-25,RR,diesel_s10,14.4900,2
2025-02-25,RR,etanol,5.1500,1
2025-02-25,RR,gasolina,14.1800,2
2025-02-25,RS,diesel_s10,300.9500,47
2025-02-25,RS,etanol,183.0600,37
2025-02-25,RS,gasolina,466.9000,75
2025-02-25,SC,diesel_s10,98.0300,15
2025-02-25,SC,etanol,78.2700,16
2025-02-25,SC,gasolina,157.9600,24
2025-02-25,SE,diesel_s10,25.5700,4
2025-02-25,SE,etanol,58.5200,12
2025-02-25,SE,gasolina,112.9800,17
2025-02-25,SP,diesel_s10,1293.0400,202
2025-02-25,SP,etanol,1183.1600,283
2025-02-25,SP,gasolina,1756.2400,286
2025-02-25,TO,diesel_s10,12.6300,2
2025-02-25,TO,gasolina,13.0300,2
2025-02-26,AC,diesel_s10,49.1000,6
2025-02-26,AC,etanol,12.0300,2
2025-02-26,AC,gasolina,48.5000,6
2025-02-26,AL,diesel_s10,45.8200,7
2025-02-26,AL,etanol,74.0000,15
2025-02-26,AL,gasolina,102.8100,16
2025-02-26,AM,diesel_s10,40.6100,6
2025-02-26,AM,etanol,26.8700,5
2025-02-26,AM,gasolina,43.5400,6
2025-02-26,BA,diesel_s10,184.1100,28
2025-02-26,BA,etanol,153.6500,31
2025-02-26,BA,gasolina,218.9300,33
2025-02-26,CE,diesel_s10,253.6500,40
2025-02-26,CE,etanol,241.1200,49
2025-02-26,CE,gasolina,324.4900,53
2025-02-26,ES,diesel_s10,71.3400,11
2025-02-26,ES,etanol,43.4300,9
2025-02-26,ES,gasolina,92.7300,14
2025-02-26,GO,diesel_s10,123.2800,19
2025-02-26,GO,etanol,104.4100,24
2025-02-26,GO,gasolina,152.2100,24
2025-02-26,MA,diesel_s10,94.3300,15
2025-02-26,MA,etanol,31.6700,6
2025-02-26,MA,gasolina,120.9900,19
2025-02-26,MG,diesel_s10,379.7400,60
2025-02-26,MG,etanol,338.5600,76
2025-02-26,MG,gasolina,504.8300,80
2025-02-26,MS,diesel_s10,46.1400,7
2025-02-26,MS,etanol,43.0800,10
2025-02-26,MS,gasolina,76.0500,12
2025-02-26,MT,diesel_s10,106.4200,16
2025-02-26,MT,etanol,90.1100,22
2025-02-26,MT,gasolina,145.0800,23
2025-02-26,PA,diesel_s10,22.1700,3
2025-02-26,PA,gasolina,21.2900,3
2025-02-26,PB,diesel_s10,62.9000,10
2025-02-26,PB,etanol,59.5700,13
2025-02-26,PB,gasolina,81.4600,13
2025-02-26,PE,diesel_s10,199.4900,32
2025-02-26,PE,etanol,174.5500,36
2025-02-26,PE,gasolina,265.4000,41
2025-02-26,PI,diesel_s10,121.0400,19
2025-02-26,PI,etanol,91.4400,19
2025-02-26,PI,gasolina,159.0800,26
2025-02-26,PR,diesel_s10,221.3200,34
2025-02-26,PR,etanol,199.4900,43
2025-02-26,PR,gasolina,304.0600,46
2025-02-26,RJ,diesel_s10,54.4200,8
2025-02-26,RJ,etanol,50.0800,10
2025-02-26,RJ,gasolina,85.5400,13
2025-02-26,RN,diesel_s10,62.3700,9
2025-02-26,RN,etanol,50.9400,10
2025-02-26,RN,gasolina,88.3200,13
2025-02-26,RO,diesel_s10,21.1600,3
2025-02-26,RO,etanol,10.2900,2
2025-02-26,RO,gasolina,28.0600,4
2025-02-26,RR,diesel_s10,50.4200,7
2025-02-26,RR,etanol,10.4500,2
2025-02-26,RR,gasolina,56.7200,8
2025-02-26,RS,diesel_s10,310.5200,48
2025-02-26,RS,etanol,133.3800,27
2025-02-26,RS,gasolina,374.2800,59
2025-02-26,SC,diesel_s10,19.4000,3
2025-02-26,SC,etanol,14.4600,3
2025-02-26,SC,gasolina,32.1600,5
2025-02-26,SP,diesel_s10,618.8900,96
2025-02-26,SP,etanol,596.0400,142
2025-02-26,SP,gasolina,896.2300,146
2025-02-26,TO,diesel_s10,38.1500,6
2025-02-26,TO,etanol,18.4300,4
2025-02-26,TO,gasolina,38.9600,6
2025-02-27,AC,diesel_s10,7.8500,1
2025-02-27,AC,etanol,10.6300,2
2025-02-27,AC,gasolina,23.0700,3
2025-02-27,AM,diesel_s10,13.7000,2
2025-02-27,AM,etanol,10.8000,2
2025-02-27,AM,gasolina,14.5200,2
2025-02-27,BA,diesel_s10,168.0500,26
2025-02-27,BA,etanol,111.4300,23
2025-02-27,BA,gasolina,160.4100,24
2025-02-27,CE,diesel_s10,59.6300,9
2025-02-27,CE,etanol,48.0400,9
2025-02-27,CE,gasolina,66.8300,10
2025-02-27,ES,diesel_s10,25.6100,4
2025-02-27,ES,etanol,29.5200,6
2025-02-27,ES,gasolina,59.9900,9
2025-02-27,GO,diesel_s10,44.8800,7
2025-02-27,GO,etanol,54.2100,12
2025-02-27,GO,gasolina,70.1500,11
2025-02-27,MA,diesel_s10,32.5400,5
2025-02-27,MA,etanol,15.4400,3
2025-02-27,MA,gasolina,45.1800,7
2025-02-27,MG,diesel_s10,700.7600,110
2025-02-27,MG,etanol,589.0800,133
2025-02-27,MG,gasolina,856.6700,137
2025-02-27,MT,diesel_s10,20.7300,3
2025-02-27,MT,etanol,30.4500,7
2025-02-27,MT,gasolina,47.1000,7
2025-02-27,PA,diesel_s10,163.5800,24
2025-02-27,PA,etanol,61.0700,12
2025-02-27,PA,gasolina,190.4900,28
2025-02-27,PE,diesel_s10,162.3000,25
2025-02-27,PE,etanol,104.2800,20
2025-02-27,PE,gasolina,166.5900,25
2025-02-27,PI,diesel_s10,45.4600,7
2025-02-27,PI,etanol,32.8200,7
2025-02-27,PI,gasolina,49.1200,8
2025-02-27,PR,diesel_s10,303.9300,47
2025-02-27,PR,etanol,358.9000,79
2025-02-27,PR,gasolina,476.0700,73
2025-02-27,RJ,diesel_s10,181.3300,28
2025-02-27,RJ,etanol,153.8500,32
2025-02-27,RJ,gasolina,217.6000,34
2025-02-27,RN,diesel_s10,58.0400,9
2025-02-27,RN,etanol,65.9900,13
2025-02-27,RN,gasolina,92.8700,14
2025-02-27,RS,diesel_s10,373.2000,56
2025-02-27,RS,etanol,114.0300,23
2025-02-27,RS,gasolina,473.7800,73
2025-02-27,SC,diesel_s10,45.4900,7
2025-02-27,SC,etanol,25.2500,5
2025-02-27,SC,gasolina,51.0800,8
2025-02-27,SP,diesel_s10,655.4700,101
2025-02-27,SP,etanol,604.7600,143
2025-02-27,SP,gasolina,920.6000,147
2025-02-27,TO,diesel_s10,43.6500,7
2025-02-27,TO,etanol,24.4800,5
2025-02-27,TO,gasolina,53.6800,8
2025-02-28,AP,diesel_s10,33.8400,5
2025-02-28,AP,gasolina,30.8300,5
2025-02-28,MA,diesel_s10,46.4600,7
2025-02-28,MA,etanol,37.1100,7
2025-02-28,MA,gasolina,55.8300,8
2025-02-28,MG,diesel_s10,6.4900,1
2025-02-28,MG,etanol,17.3300,4
2025-02-28,MG,gasolina,25.1600,4
2025-02-28,MT,diesel_s10,47.4700,7
2025-02-28,MT,etanol,43.9800,10
2025-02-28,MT,gasolina,65.2100,10
2025-02-28,PA,diesel_s10,14.0300,2
2025-02-28,PA,etanol,4.9000,1
2025-02-28,PA,gasolina,14.0900,2
2025-02-28,SP,diesel_s10,58.2800,9
2025-02-28,SP,etanol,39.5500,10
2025-02-28,SP,gasolina,54.2400,9
2025-03-03,AL,diesel_s10,125.1600,19
2025-03-03,AL,etanol,178.8200,36
2025-03-03,AL,gasolina,268.4600,41
2025-03-03,AM,diesel_s10,116.9100,17
2025-03-03,AM,etanol,109.7400,20
2025-03-03,AM,gasolina,182.2200,25
2025-03-03,BA,diesel_s10,74.9600,12
2025-03-03,BA,etanol,73.8900,15
2025-03-03,BA,gasolina,117.4700,18
2025-03-03,CE,diesel_s10,161.9600,24
2025-03-03,CE,etanol,137.2400,26
2025-03-03,CE,gasolina,190.8400,29
2025-03-03,DF,diesel_s10,97.0300,15
2025-03-03,DF,etanol,85.5800,18
2025-03-03,DF,gasolina,163.7400,25
2025-03-03,ES,diesel_s10,83.6700,13
2025-03-03,ES,etanol,60.5900,13
2025-03-03,ES,gasolina,155.0100,24
2025-03-03,GO,diesel_s10,65.3000,10
2025-03-03,GO,etanol,55.6800,12
2025-03-03,GO,gasolina,78.1300,12
2025-03-03,MA,diesel_s10,198.8200,31
2025-03-03,MA,etanol,92.3200,18
2025-03-03,MA,gasolina,232.4600,36
2025-03-03,MG,diesel_s10,489.8400,77
2025-03-03,MG,etanol,433.0300,97
2025-03-03,MG,gasolina,616.4400,99
2025-03-03,MS,diesel_s10,112.1100,17
2025-03-03,MS,etanol,97.0600,23
2025-03-03,MS,gasolina,259.4400,41
2025-03-03,MT,diesel_s10,79.7000,12
2025-03-03,MT,etanol,80.8200,19
2025-03-03,MT,gasolina,126.8300,20
2025-03-03,PA,diesel_s10,126.3000,19
2025-03-03,PA,etanol,35.3400,7
2025-03-03,PA,gasolina,169.8300,26
2025-03-03,PB,diesel_s10,139.1200,22
2025-03-03,PB,etanol,139.9000,30
2025-03-03,PB,gasolina,206.2300,33
2025-03-03,PE,diesel_s10,149.2800,24
2025-03-03,PE,etanol,188.2200,38
2025-03-03,PE,gasolina,268.2000,41
2025-03-03,PI,diesel_s10,32.7800,5
2025-03-03,PI,etanol,32.7200,7
2025-03-03,PI,gasolina,42.0100,7
2025-03-03,PR,diesel_s10,272.2100,42
2025-03-03,PR,etanol,312.2400,67
2025-03-03,PR,gasolina,449.8000,68
2025-03-03,RJ,diesel_s10,754.3500,118
2025-03-03,RJ,etanol,792.6600,169
2025-03-03,RJ,gasolina,1134.2200,183
2025-03-03,RR,diesel_s10,28.7000,4
2025-03-03,RR,etanol,10.3000,2
2025-03-03,RR,gasolina,28.3600,4
2025-03-03,RS,diesel_s10,317.5800,49
2025-03-03,RS,etanol,141.6500,28
2025-03-03,RS,gasolina,379.7300,60
2025-03-03,SC,diesel_s10,266.3000,41
2025-03-03,SC,etanol,220.0200,46
2025-03-03,SC,gasolina,452.7800,69
2025-03-03,SE,diesel_s10,75.4500,12
2025-03-03,SE,etanol,68.1200,14
2025-03-03,SE,gasolina,165.0600,25
2025-03-03,SP,diesel_s10,1681.7000,262
2025-03-03,SP,etanol,1734.6800,412
2025-03-03,SP,gasolina,2568.6100,415
2025-03-03,TO,diesel_s10,126.6200,20
2025-03-03,TO,etanol,106.2100,22
2025-03-03,TO,gasolina,154.3900,23
2025-03-04,AM,diesel_s10,82.4800,12
2025-03-04,AM,etanol,71.3700,13
2025-03-04,AM,gasolina,102.0600,14
2025-03-04,AP,diesel_s10,27.2400,4
2025-03-04,AP,etanol,16.5600,3
2025-03-04,AP,gasolina,103.2900,17
2025-03-04,BA,diesel_s10,163.5400,25
2025-03-04,BA,etanol,185.8000,37
2025-03-04,BA,gasolina,267.2400,40
2025-03-04,CE,diesel_s10,87.4200,13
2025-03-04,CE,etanol,78.9500,15
2025-03-04,CE,gasolina,118.1300,18
2025-03-04,DF,diesel_s10,32.8400,5
2025-03-04,DF,etanol,28.8100,6
2025-03-04,DF,gasolina,144.2700,22
2025-03-04,ES,diesel_s10,127.4800,20
2025-03-04,ES,etanol,115.3300,25
2025-03-04,ES,gasolina,236.0200,37
2025-03-04,GO,diesel_s10,136.0200,21
2025-03-04,GO,etanol,155.8000,34
2025-03-04,GO,gasolina,237.4500,37
2025-03-04,MA,etanol,4.9500,1
2025-03-04,MA,gasolina,6.3400,1
2025-03-04,MG,diesel_s10,271.8900,43
2025-03-04,MG,etanol,273.4500,62
2025-03-04,MG,gasolina,415.2400,67
2025-03-04,MT,diesel_s10,27.5700,4
2025-03-04,MT,etanol,21.0800,5
2025-03-04,MT,gasolina,31.7700,5
2025-03-04,PB,diesel_s10,6.7900,1
2025-03-04,PB,gasolina,6.2500,1
2025-03-04,PE,diesel_s10,173.6700,28
2025-03-04,PE,etanol,127.2100,27
2025-03-04,PE,gasolina,189.9200,30
2025-03-04,PI,diesel_s10,70.9500,11
2025-03-04,PI,etanol,33.7300,7
2025-03-04,PI,gasolina,74.8900,12
2025-03-04,PR,diesel_s10,188.9800,29
2025-03-04,PR,etanol,198.4600,45
2025-03-04,PR,gasolina,274.4200,43
2025-03-04,RJ,diesel_s10,154.3400,23
2025-03-04,RJ,etanol,200.3600,42
2025-03-04,RJ,gasolina,334.9100,52
2025-03-04,RR,diesel_s10,7.2400,1
2025-03-04,RR,gasolina,14.1800,2
2025-03-04,RS,diesel_s10,350.3700,56
2025-03-04,RS,etanol,175.5100,37
2025-03-04,RS,gasolina,480.7400,77
2025-03-04,SC,diesel_s10,169.3100,26
2025-03-04,SC,etanol,104.8700,21
2025-03-04,SC,gasolina,194.9000,30
2025-03-04,SP,diesel_s10,764.7700,120
2025-03-04,SP,etanol,749.6700,182
2025-03-04,SP,gasolina,1111.9300,183
2025-03-05,AL,diesel_s10,13.7800,2
2025-03-05,AL,etanol,10.5800,2
2025-03-05,AL,gasolina,13.3400,2
2025-03-05,BA,diesel_s10,134.0000,21
2025-03-05,BA,etanol,124.2500,26
2025-03-05,BA,gasolina,165.1800,26
2025-03-05,CE,diesel_s10,85.6600,13
2025-03-05,CE,etanol,73.0600,14
2025-03-05,CE,gasolina,117.6500,18
2025-03-05,DF,etanol,9.5800,2
2025-03-05,DF,gasolina,13.1000,2
2025-03-05,ES,diesel_s10,25.5500,4
2025-03-05,ES,etanol,31.8200,7
2025-03-05,ES,gasolina,70.7800,11
2025-03-05,GO,diesel_s10,421.1000,67
2025-03-05,GO,etanol,401.1300,90
2025-03-05,GO,gasolina,592.3700,94
2025-03-05,MA,diesel_s10,37.4000,6
2025-03-05,MA,etanol,14.9700,3
2025-03-05,MA,gasolina,42.2900,7
2025-03-05,MG,diesel_s10,376.4000,59
2025-03-05,MG,etanol,336.0900,77
2025-03-05,MG,gasolina,516.0000,83
2025-03-05,MS,diesel_s10,40.3000,6
2025-03-05,MS,etanol,30.6900,7
2025-03-05,MS,gasolina,51.3700,8
2025-03-05,MT,diesel_s10,142.4500,21
2025-03-05,MT,etanol,137.9100,32
2025-03-05,MT,gasolina,213.2600,33
2025-03-05,PA,diesel_s10,114.3900,18
2025-03-05,PA,etanol,47.9600,10
2025-03-05,PA,gasolina,194.9000,31
2025-03-05,PB,diesel_s10,32.1500,5
2025-03-05,PB,etanol,18.9200,4
2025-03-05,PB,gasolina,37.6600,6
2025-03-05,PE,diesel_s10,172.0100,28
2025-03-05,PE,etanol,114.3100,24
2025-03-05,PE,gasolina,211.4300,33
2025-03-05,PI,diesel_s10,108.2100,17
2025-03-05,PI,etanol,118.1100,25
2025-03-05,PI,gasolina,193.8200,32
2025-03-05,PR,diesel_s10,415.6800,64
2025-03-05,PR,etanol,422.9800,90
2025-03-05,PR,gasolina,616.0100,92
2025-03-05,RJ,diesel_s10,117.9900,18
2025-03-05,RJ,etanol,125.0900,26
2025-03-05,RJ,gasolina,225.8000,36
2025-03-05,RN,diesel_s10,34.0300,5
2025-03-05,RN,etanol,30.5900,6
2025-03-05,RN,gasolina,46.5600,7
2025-03-05,RO,diesel_s10,186.4900,27
2025-03-05,RO,etanol,67.9400,13
2025-03-05,RO,gasolina,230.6600,33
2025-03-05,RR,diesel_s10,28.9200,4
2025-03-05,RR,etanol,5.2000,1
2025-03-05,RR,gasolina,28.3600,4
2025-03-05,RS,diesel_s10,442.2900,67
2025-03-05,RS,etanol,145.8300,29
2025-03-05,RS,gasolina,520.7100,81
2025-03-05,SC,diesel_s10,155.0200,24
2025-03-05,SC,etanol,82.5100,17
2025-03-05,SC,gasolina,186.1100,29
2025-03-05,SP,diesel_s10,1192.8700,184
2025-03-05,SP,etanol,1134.7700,270
2025-03-05,SP,gasolina,1694.0700,274
2025-03-06,AC,diesel_s10,96.5500,12
2025-03-06,AC,etanol,55.3900,10
2025-03-06,AC,gasolina,117.6500,15
2025-03-06,AL,diesel_s10,38.2000,6
2025-03-06,AL,etanol,35.0200,7
2025-03-06,AL,gasolina,50.9500,8
2025-03-06,AM,diesel_s10,108.3000,14
2025-03-06,AM,etanol,26.6800,5
2025-03-06,AM,gasolina,102.2400,13
2025-03-06,BA,diesel_s10,627.6600,96
2025-03-06,BA,etanol,521.4100,108
2025-03-06,BA,gasolina,758.3300,116
2025-03-06,CE,diesel_s10,208.8100,32
2025-03-06,CE,etanol,222.3100,43
2025-03-06,CE,gasolina,297.4500,46
2025-03-06,ES,diesel_s10,185.0500,29
2025-03-06,ES,etanol,106.4300,23
2025-03-06,ES,gasolina,230.7900,35
2025-03-06,GO,diesel_s10,75.5000,12
2025-03-06,GO,etanol,89.0200,21
2025-03-06,GO,gasolina,124.3500,20
2025-03-06,MA,diesel_s10,250.5900,39
2025-03-06,MA,etanol,150.5900,30
2025-03-06,MA,gasolina,269.7400,43
2025-03-06,MG,diesel_s10,633.1700,100
2025-03-06,MG,etanol,637.4600,144
2025-03-06,MG,gasolina,920.2000,147
2025-03-06,MS,diesel_s10,6.6900,1
2025-03-06,MS,etanol,8.9400,2
2025-03-06,MS,gasolina,12.9700,2
2025-03-06,MT,diesel_s10,96.5600,15
2025-03-06,MT,etanol,84.5500,20
2025-03-06,MT,gasolina,125.0500,20
2025-03-06,PA,diesel_s10,141.0900,21
2025-03-06,PA,etanol,58.1100,12
2025-03-06,PA,gasolina,192.7600,29
2025-03-06,PB,diesel_s10,145.1900,23
2025-03-06,PB,etanol,96.4500,21
2025-03-06,PB,gasolina,170.0600,27
2025-03-06,PE,diesel_s10,171.4700,28
2025-03-06,PE,etanol,122.6300,26
2025-03-06,PE,gasolina,186.3600,30
2025-03-06,PR,diesel_s10,136.7900,21
2025-03-06,PR,etanol,183.5300,42
2025-03-06,PR,gasolina,247.4500,39
2025-03-06,RJ,diesel_s10,230.6800,36
2025-03-06,RJ,etanol,222.2100,47
2025-03-06,RJ,gasolina,317.5300,51
2025-03-06,RN,diesel_s10,89.9400,14
2025-03-06,RN,etanol,81.3900,16
2025-03-06,RN,gasolina,106.1900,16
2025-03-06,RO,diesel_s10,63.6600,9
2025-03-06,RO,etanol,31.4600,6
2025-03-06,RO,gasolina,92.9900,13
2025-03-06,RR,diesel_s10,43.2700,6
2025-03-06,RR,etanol,15.6500,3
2025-03-06,RR,gasolina,42.5400,6
2025-03-06,RS,diesel_s10,423.3500,65
2025-03-06,RS,etanol,167.2600,34
2025-03-06,RS,gasolina,581.2600,92
2025-03-06,SC,diesel_s10,26.2800,4
2025-03-06,SC,etanol,14.5300,3
2025-03-06,SC,gasolina,32.0300,5
2025-03-06,SP,diesel_s10,1223.2200,190
2025-03-06,SP,etanol,1063.2800,253
2025-03-06,SP,gasolina,1597.4200,257
2025-03-06,TO,diesel_s10,88.1000,14
2025-03-06,TO,etanol,42.3200,9
2025-03-06,TO,gasolina,92.4900,14
2025-03-07,AC,diesel_s10,7.8500,1
2025-03-07,AC,etanol,10.6300,2
2025-03-07,AC,gasolina,23.0700,3
2025-03-07,AM,diesel_s10,13.5400,2
2025-03-07,AM,etanol,10.9900,2
2025-03-07,AM,gasolina,14.5000,2
2025-03-07,BA,diesel_s10,158.3400,25
2025-03-07,BA,etanol,125.2100,25
2025-03-07,BA,gasolina,171.2300,26
2025-03-07,CE,diesel_s10,27.0300,4
2025-03-07,CE,etanol,15.8200,3
2025-03-07,CE,gasolina,26.3700,4
2025-03-07,GO,diesel_s10,82.7500,13
2025-03-07,GO,etanol,91.4200,21
2025-03-07,GO,gasolina,124.9600,20
2025-03-07,MA,diesel_s10,70.7100,11
2025-03-07,MA,etanol,39.7400,8
2025-03-07,MA,gasolina,102.2600,16
2025-03-07,MG,diesel_s10,212.2000,33
2025-03-07,MG,etanol,165.7300,37
2025-03-07,MG,gasolina,252.4800,40
2025-03-07,MS,diesel_s10,39.2400,6
2025-03-07,MS,etanol,29.9200,7
2025-03-07,MS,gasolina,56.3900,9
2025-03-07,PA,diesel_s10,130.2200,19
2025-03-07,PA,etanol,45.7000,9
2025-03-07,PA,gasolina,160.7800,24
2025-03-07,PE,diesel_s10,317.0200,49
2025-03-07,PE,etanol,235.0900,46
2025-03-07,PE,gasolina,337.0000,51
2025-03-07,PR,diesel_s10,162.2800,25
2025-03-07,PR,etanol,134.6300,30
2025-03-07,PR,gasolina,187.3500,29
2025-03-07,RJ,diesel_s10,85.3900,13
2025-03-07,RJ,etanol,82.4700,17
2025-03-07,RJ,gasolina,120.2700,19
2025-03-07,RN,diesel_s10,94.9100,14
2025-03-07,RN,etanol,86.6200,17
2025-03-07,RN,gasolina,127.4000,19
2025-03-07,RO,diesel_s10,41.8200,6
2025-03-07,RO,etanol,9.9900,2
2025-03-07,RO,gasolina,63.1900,9
2025-03-07,RS,diesel_s10,145.6900,23
2025-03-07,RS,etanol,56.9800,12
2025-03-07,RS,gasolina,205.1700,33
2025-03-07,SC,diesel_s10,59.1500,9
2025-03-07,SC,etanol,59.8300,12
2025-03-07,SC,gasolina,94.9300,14
2025-03-07,SE,diesel_s10,37.5000,6
2025-03-07,SE,etanol,24.0900,5
2025-03-07,SE,gasolina,52.0800,8
2025-03-07,SP,diesel_s10,260.7600,41
2025-03-07,SP,etanol,217.1200,52
2025-03-07,SP,gasolina,332.4600,54
2025-03-08,BA,diesel_s10,76.3800,12
2025-03-08,BA,etanol,58.2200,12
2025-03-08,BA,gasolina,78.4200,12
2025-03-08,MG,diesel_s10,6.1900,1
2025-03-08,MG,etanol,8.8900,2
2025-03-08,MG,gasolina,12.4000,2
2025-03-08,RN,diesel_s10,13.0800,2
2025-03-08,RN,etanol,15.1500,3
2025-03-08,RN,gasolina,19.7400,3
2025-03-08,RS,diesel_s10,6.4900,1
2025-03-08,RS,etanol,5.1900,1
2025-03-08,RS,gasolina,6.2900,1
2025-03-08,SC,diesel_s10,32.7600,5
2025-03-08,SC,etanol,42.2400,9
2025-03-08,SC,gasolina,106.7200,16
2025-03-08,SP,diesel_s10,12.4600,2
2025-03-08,SP,etanol,21.3400,5
2025-03-08,SP,gasolina,30.9700,5
2025-03-10,AL,diesel_s10,37.8200,6
2025-03-10,AL,etanol,54.4100,11
2025-03-10,AL,gasolina,82.1600,13
2025-03-10,AM,diesel_s10,137.6000,20
2025-03-10,AM,etanol,137.1900,25
2025-03-10,AM,gasolina,211.4000,29
2025-03-10,BA,diesel_s10,381.0400,59
2025-03-10,BA,etanol,345.5900,70
2025-03-10,BA,gasolina,536.7700,82
2025-03-10,CE,diesel_s10,75.7300,11
2025-03-10,CE,etanol,75.3800,14
2025-03-10,CE,gasolina,85.4900,13
2025-03-10,DF,diesel_s10,83.8600,13
2025-03-10,DF,etanol,86.0400,18
2025-03-10,DF,gasolina,145.7200,22
2025-03-10,ES,diesel_s10,69.4300,11
2025-03-10,ES,etanol,45.8200,10
2025-03-10,ES,gasolina,130.2100,20
2025-03-10,GO,diesel_s10,362.0000,57
2025-03-10,GO,etanol,353.5400,78
2025-03-10,GO,gasolina,547.1500,86
2025-03-10,MA,diesel_s10,298.6700,46
2025-03-10,MA,etanol,159.9900,32
2025-03-10,MA,gasolina,359.6100,57
2025-03-10,MG,diesel_s10,710.4800,112
2025-03-10,MG,etanol,707.3000,160
2025-03-10,MG,gasolina,1043.7400,169
2025-03-10,MS,diesel_s10,66.6100,10
2025-03-10,MS,etanol,58.0300,14
2025-03-10,MS,gasolina,163.1400,26
2025-03-10,MT,diesel_s10,101.1100,15
2025-03-10,MT,etanol,105.6000,25
2025-03-10,MT,gasolina,151.7600,24
2025-03-10,PA,diesel_s10,299.0200,45
2025-03-10,PA,etanol,114.1400,23
2025-03-10,PA,gasolina,414.2400,64
2025-03-10,PB,diesel_s10,182.1800,29
2025-03-10,PB,etanol,175.5100,38
2025-03-10,PB,gasolina,262.4900,42
2025-03-10,PE,diesel_s10,302.7500,49
2025-03-10,PE,etanol,304.6800,64
2025-03-10,PE,gasolina,447.5700,71
2025-03-10,PI,diesel_s10,46.0400,7
2025-03-10,PI,etanol,65.8000,14
2025-03-10,PI,gasolina,90.4200,15
2025-03-10,PR,diesel_s10,294.4500,45
2025-03-10,PR,etanol,366.2900,78
2025-03-10,PR,gasolina,541.0500,81
2025-03-10,RJ,diesel_s10,868.8500,135
2025-03-10,RJ,etanol,882.7700,188
2025-03-10,RJ,gasolina,1270.7200,205
2025-03-10,RN,diesel_s10,32.4400,5
2025-03-10,RN,etanol,25.3200,5
2025-03-10,RN,gasolina,32.8200,5
2025-03-10,RO,diesel_s10,54.4200,8
2025-03-10,RO,etanol,11.4900,2
2025-03-10,RO,gasolina,49.2500,7
2025-03-10,RR,diesel_s10,28.7800,4
2025-03-10,RR,etanol,10.4000,2
2025-03-10,RR,gasolina,28.3600,4
2025-03-10,RS,diesel_s10,668.0800,104
2025-03-10,RS,etanol,296.4800,60
2025-03-10,RS,gasolina,882.2000,140
2025-03-10,SC,diesel_s10,531.0200,82
2025-03-10,SC,etanol,385.5100,80
2025-03-10,SC,gasolina,764.9900,117
2025-03-10,SE,diesel_s10,43.7300,7
2025-03-10,SE,etanol,24.0900,5
2025-03-10,SE,gasolina,58.5900,9
2025-03-10,SP,diesel_s10,2236.6800,348
2025-03-10,SP,etanol,2361.3100,565
2025-03-10,SP,gasolina,3508.1600,569
2025-03-10,TO,diesel_s10,177.9000,28
2025-03-10,TO,etanol,138.8000,29
2025-03-10,TO,gasolina,223.9200,34
2025-03-11,AC,diesel_s10,32.7400,4
2025-03-11,AC,etanol,6.0800,1
2025-03-11,AC,gasolina,32.3400,4
2025-03-11,AL,diesel_s10,75.0500,11
2025-03-11,AL,etanol,79.8900,16
2025-03-11,AL,gasolina,128.2000,19
2025-03-11,AM,diesel_s10,54.9200,8
2025-03-11,AM,etanol,49.4100,9
2025-03-11,AM,gasolina,80.1900,11
2025-03-11,AP,diesel_s10,33.8700,5
2025-03-11,AP,etanol,21.8900,4
2025-03-11,AP,gasolina,103.0200,17
2025-03-11,BA,diesel_s10,131.7100,20
2025-03-11,BA,etanol,117.9000,24
2025-03-11,BA,gasolina,176.5800,26
2025-03-11,CE,diesel_s10,313.3700,48
2025-03-11,CE,etanol,280.2000,55
2025-03-11,CE,gasolina,411.9000,65
2025-03-11,DF,diesel_s10,39.4900,6
2025-03-11,DF,etanol,42.8200,9
2025-03-11,DF,gasolina,178.4000,27
2025-03-11,ES,diesel_s10,185.8600,29
2025-03-11,ES,etanol,146.0400,32
2025-03-11,ES,gasolina,280.0600,44
2025-03-11,GO,diesel_s10,51.0500,8
2025-03-11,GO,etanol,58.3600,13
2025-03-11,GO,gasolina,83.2200,13
2025-03-11,MA,diesel_s10,94.2200,15
2025-03-11,MA,etanol,41.6500,8
2025-03-11,MA,gasolina,119.5200,19
2025-03-11,MG,diesel_s10,342.6400,54
2025-03-11,MG,etanol,359.3300,82
2025-03-11,MG,gasolina,522.0200,84
2025-03-11,MS,diesel_s10,33.4000,5
2025-03-11,MS,etanol,25.3400,6
2025-03-11,MS,gasolina,50.0800,8
2025-03-11,MT,diesel_s10,53.7300,8
2025-03-11,MT,etanol,50.1100,12
2025-03-11,MT,gasolina,80.9000,13
2025-03-11,PA,diesel_s10,133.3000,20
2025-03-11,PA,etanol,48.0300,10
2025-03-11,PA,gasolina,211.9300,32
2025-03-11,PB,diesel_s10,45.6900,7
2025-03-11,PB,etanol,14.7700,3
2025-03-11,PB,gasolina,57.5400,9
2025-03-11,PE,diesel_s10,89.5800,14
2025-03-11,PE,etanol,52.6300,11
2025-03-11,PE,gasolina,89.8300,14
2025-03-11,PI,diesel_s10,65.2800,10
2025-03-11,PI,etanol,33.0400,7
2025-03-11,PI,gasolina,67.9700,11
2025-03-11,PR,diesel_s10,299.3900,46
2025-03-11,PR,etanol,304.8100,66
2025-03-11,PR,gasolina,444.5200,67
2025-03-11,RJ,diesel_s10,278.9200,43
2025-03-11,RJ,etanol,284.2700,60
2025-03-11,RJ,gasolina,456.9800,73
2025-03-11,RO,diesel_s10,138.8200,20
2025-03-11,RO,etanol,61.3000,12
2025-03-11,RO,gasolina,185.7600,27
2025-03-11,RR,diesel_s10,64.7000,9
2025-03-11,RR,etanol,5.2000,1
2025-03-11,RR,gasolina,70.8000,10
2025-03-11,RS,diesel_s10,424.0400,66
2025-03-11,RS,etanol,237.5900,48
2025-03-11,RS,gasolina,607.6500,97
2025-03-11,SC,diesel_s10,103.2300,16
2025-03-11,SC,etanol,75.6500,16
2025-03-11,SC,gasolina,176.6500,27
2025-03-11,SE,diesel_s10,25.5700,4
2025-03-11,SE,etanol,58.5200,12
2025-03-11,SE,gasolina,112.9800,17
2025-03-11,SP,diesel_s10,1210.6300,188
2025-03-11,SP,etanol,1116.0300,266
2025-03-11,SP,gasolina,1661.3900,270
2025-03-11,TO,diesel_s10,37.9600,6
2025-03-11,TO,etanol,18.4300,4
2025-03-11,TO,gasolina,38.9600,6
2025-03-12,AL,diesel_s10,76.2500,12
2025-03-12,AL,etanol,79.4200,16
2025-03-12,AL,gasolina,119.6500,19
2025-03-12,BA,diesel_s10,363.7500,57
2025-03-12,BA,etanol,313.9000,63
2025-03-12,BA,gasolina,430.8000,65
2025-03-12,CE,diesel_s10,13.0300,2
2025-03-12,CE,etanol,20.2400,4
2025-03-12,CE,gasolina,24.4900,4
2025-03-12,DF,etanol,4.7500,1
2025-03-12,DF,gasolina,6.5400,1
2025-03-12,ES,diesel_s10,108.8700,17
2025-03-12,ES,etanol,88.0900,19
2025-03-12,ES,gasolina,161.4100,25
2025-03-12,GO,diesel_s10,124.2400,19
2025-03-12,GO,etanol,139.6100,32
2025-03-12,GO,gasolina,228.3900,36
2025-03-12,MA,diesel_s10,107.8800,17
2025-03-12,MA,etanol,85.7600,17
2025-03-12,MA,gasolina,134.8300,21
2025-03-12,MG,diesel_s10,383.3300,60
2025-03-12,MG,etanol,338.5500,77
2025-03-12,MG,gasolina,494.2500,79
2025-03-12,MS,diesel_s10,45.9400,7
2025-03-12,MS,etanol,34.9700,8
2025-03-12,MS,gasolina,116.3700,18
2025-03-12,MT,diesel_s10,169.2900,26
2025-03-12,MT,etanol,132.8600,32
2025-03-12,MT,gasolina,199.4300,32
2025-03-12,PA,diesel_s10,47.7400,7
2025-03-12,PA,etanol,9.8900,2
2025-03-12,PA,gasolina,54.1500,8
2025-03-12,PB,diesel_s10,50.7200,8
2025-03-12,PB,etanol,41.3600,9
2025-03-12,PB,gasolina,56.3800,9
2025-03-12,PE,diesel_s10,306.8200,50
2025-03-12,PE,etanol,212.0400,44
2025-03-12,PE,gasolina,333.2500,52
2025-03-12,PI,diesel_s10,103.1700,16
2025-03-12,PI,etanol,76.9000,16
2025-03-12,PI,gasolina,159.1600,26
2025-03-12,PR,diesel_s10,259.5200,40
2025-03-12,PR,etanol,211.0400,47
2025-03-12,PR,gasolina,308.6800,48
2025-03-12,RJ,diesel_s10,26.7500,4
2025-03-12,RJ,etanol,20.1500,4
2025-03-12,RJ,gasolina,32.3500,5
2025-03-12,RN,diesel_s10,32.7400,5
2025-03-12,RN,etanol,45.4700,9
2025-03-12,RN,gasolina,59.6700,9
2025-03-12,RO,diesel_s10,104.4000,15
2025-03-12,RO,etanol,45.7400,9
2025-03-12,RO,gasolina,157.3500,22
2025-03-12,RR,diesel_s10,14.4000,2
2025-03-12,RR,etanol,10.4000,2
2025-03-12,RR,gasolina,14.1800,2
2025-03-12,RS,diesel_s10,278.6600,42
2025-03-12,RS,etanol,85.6000,17
2025-03-12,RS,gasolina,313.5900,48
2025-03-12,SC,diesel_s10,19.8300,3
2025-03-12,SC,etanol,15.8700,3
2025-03-12,SC,gasolina,46.4800,7
2025-03-12,SP,diesel_s10,883.8000,137
2025-03-12,SP,etanol,828.6700,196
2025-03-12,SP,gasolina,1236.1100,199
2025-03-13,AC,diesel_s10,55.2800,7
2025-03-13,AC,etanol,42.9600,8
2025-03-13,AC,gasolina,84.6100,11
2025-03-13,AM,diesel_s10,86.2000,11
2025-03-13,AM,etanol,16.0800,3
2025-03-13,AM,gasolina,87.7400,11
2025-03-13,BA,diesel_s10,214.8900,33
2025-03-13,BA,etanol,171.0900,35
2025-03-13,BA,gasolina,241.8200,37
2025-03-13,CE,diesel_s10,91.0500,14
2025-03-13,CE,etanol,115.9900,22
2025-03-13,CE,gasolina,168.3100,26
2025-03-13,ES,diesel_s10,44.8800,7
2025-03-13,ES,etanol,47.4800,10
2025-03-13,ES,gasolina,103.1400,16
2025-03-13,GO,diesel_s10,164.6300,26
2025-03-13,GO,etanol,155.2900,36
2025-03-13,GO,gasolina,218.7800,35
2025-03-13,MA,diesel_s10,37.8000,6
2025-03-13,MA,etanol,19.9800,4
2025-03-13,MA,gasolina,44.8500,7
2025-03-13,MG,diesel_s10,567.9500,89
2025-03-13,MG,etanol,510.0500,116
2025-03-13,MG,gasolina,748.6000,120
2025-03-13,MS,diesel_s10,33.2200,5
2025-03-13,MS,etanol,21.5100,5
2025-03-13,MS,gasolina,50.6800,8
2025-03-13,MT,diesel_s10,41.5600,6
2025-03-13,MT,etanol,26.5900,6
2025-03-13,MT,gasolina,46.8700,7
2025-03-13,PA,diesel_s10,33.1400,5
2025-03-13,PA,gasolina,33.0300,5
2025-03-13,PB,diesel_s10,25.9600,4
2025-03-13,PB,etanol,13.9900,3
2025-03-13,PB,gasolina,31.5300,5
2025-03-13,PE,diesel_s10,338.8000,53
2025-03-13,PE,etanol,222.3200,43
2025-03-13,PE,gasolina,370.2300,56
2025-03-13,PI,diesel_s10,32.2800,5
2025-03-13,PI,etanol,28.3300,6
2025-03-13,PI,gasolina,36.3400,6
2025-03-13,PR,diesel_s10,280.6800,44
2025-03-13,PR,etanol,299.6000,67
2025-03-13,PR,gasolina,426.4000,66
2025-03-13,RJ,diesel_s10,166.7500,26
2025-03-13,RJ,etanol,160.5300,34
2025-03-13,RJ,gasolina,243.3400,39
2025-03-13,RN,diesel_s10,108.5900,16
2025-03-13,RN,etanol,101.4400,20
2025-03-13,RN,gasolina,147.0200,22
2025-03-13,RO,diesel_s10,14.5700,2
2025-03-13,RO,gasolina,21.0600,3
2025-03-13,RS,diesel_s10,297.0100,46
2025-03-13,RS,etanol,101.4400,21
2025-03-13,RS,gasolina,361.5300,57
2025-03-13,SC,diesel_s10,66.0100,10
2025-03-13,SC,etanol,31.2100,6
2025-03-13,SC,gasolina,71.7400,11
2025-03-13,SE,diesel_s10,38.1000,6
2025-03-13,SE,etanol,24.8100,5
2025-03-13,SE,gasolina,53.2400,8
2025-03-13,SP,diesel_s10,663.3200,103
2025-03-13,SP,etanol,613.8200,147
2025-03-13,SP,gasolina,918.7400,148
2025-03-13,TO,diesel_s10,37.6600,6
2025-03-13,TO,etanol,24.3900,5
2025-03-13,TO,gasolina,53.8800,8
2025-03-14,AP,diesel_s10,6.6500,1
2025-03-14,AP,gasolina,6.0200,1
2025-03-14,BA,diesel_s10,56.0300,9
2025-03-14,BA,etanol,43.8300,9
2025-03-14,BA,gasolina,57.3300,9
2025-03-14,CE,diesel_s10,6.4900,1
2025-03-14,CE,etanol,4.8900,1
2025-03-14,CE,gasolina,6.1900,1
2025-03-14,ES,diesel_s10,6.4900,1
2025-03-14,ES,etanol,4.2500,1
2025-03-14,ES,gasolina,5.9800,1
2025-03-14,GO,diesel_s10,31.8100,5
2025-03-14,GO,etanol,23.5500,5
2025-03-14,GO,gasolina,32.5500,5
2025-03-14,MA,etanol,4.6900,1
2025-03-14,MA,gasolina,6.1200,1
2025-03-14,MG,diesel_s10,19.0900,3
2025-03-14,MG,etanol,17.9800,4
2025-03-14,MG,gasolina,24.7400,4
2025-03-14,MT,etanol,4.2900,1
2025-03-14,MT,gasolina,6.5400,1
2025-03-14,PR,diesel_s10,97.7500,15
2025-03-14,PR,etanol,89.0400,20
2025-03-14,PR,gasolina,109.5200,17
2025-03-14,RN,diesel_s10,6.3900,1
2025-03-14,RN,etanol,4.9300,1
2025-03-14,RN,gasolina,6.5800,1
2025-03-14,RS,diesel_s10,39.5900,6
2025-03-14,RS,etanol,14.6700,3
2025-03-14,RS,gasolina,50.7700,8
2025-03-14,SP,diesel_s10,62.8700,10
2025-03-14,SP,etanol,63.8000,16
2025-03-14,SP,gasolina,97.3700,16
2025-03-17,AL,diesel_s10,117.8100,18
2025-03-17,AL,etanol,119.4100,24
2025-03-17,AL,gasolina,180.1500,28
2025-03-17,AM,diesel_s10,165.1400,24
2025-03-17,AM,etanol,142.6600,26
2025-03-17,AM,gasolina,233.2500,32
2025-03-17,AP,diesel_s10,6.7200,1
2025-03-17,AP,gasolina,6.1900,1
2025-03-17,BA,diesel_s10,235.5200,37
2025-03-17,BA,etanol,199.5400,41
2025-03-17,BA,gasolina,326.7000,50
2025-03-17,CE,diesel_s10,18.2500,3
2025-03-17,CE,etanol,14.6700,3
2025-03-17,CE,gasolina,17.8300,3
2025-03-17,DF,diesel_s10,90.2500,14
2025-03-17,DF,etanol,85.7300,18
2025-03-17,DF,gasolina,151.9700,23
2025-03-17,ES,diesel_s10,159.8300,25
2025-03-17,ES,etanol,98.3200,21
2025-03-17,ES,gasolina,239.2800,37
2025-03-17,GO,diesel_s10,338.5200,53
2025-03-17,GO,etanol,345.4600,76
2025-03-17,GO,gasolina,535.8900,84
2025-03-17,MA,diesel_s10,135.3700,21
2025-03-17,MA,etanol,85.1900,17
2025-03-17,MA,gasolina,192.4200,30
2025-03-17,MG,diesel_s10,576.8700,91
2025-03-17,MG,etanol,566.7000,129
2025-03-17,MG,gasolina,813.2300,132
2025-03-17,MS,diesel_s10,93.2700,14
2025-03-17,MS,etanol,68.2900,16
2025-03-17,MS,gasolina,213.1400,33
2025-03-17,MT,diesel_s10,107.6700,16
2025-03-17,MT,etanol,96.0300,23
2025-03-17,MT,gasolina,146.2700,23
2025-03-17,PA,diesel_s10,348.8400,52
2025-03-17,PA,etanol,159.2900,32
2025-03-17,PA,gasolina,485.3300,74
2025-03-17,PB,diesel_s10,119.6200,19
2025-03-17,PB,etanol,130.1300,28
2025-03-17,PB,gasolina,199.8300,32
2025-03-17,PE,diesel_s10,258.9900,42
2025-03-17,PE,etanol,234.7700,50
2025-03-17,PE,gasolina,357.7200,57
2025-03-17,PI,diesel_s10,85.3600,13
2025-03-17,PI,etanol,80.0700,17
2025-03-17,PI,gasolina,127.0300,21
2025-03-17,PR,diesel_s10,458.4900,71
2025-03-17,PR,etanol,472.6800,105
2025-03-17,PR,gasolina,688.1900,106
2025-03-17,RJ,diesel_s10,844.2700,131
2025-03-17,RJ,etanol,861.5900,184
2025-03-17,RJ,gasolina,1241.1800,201
2025-03-17,RN,diesel_s10,47.6300,7
2025-03-17,RN,etanol,65.4500,13
2025-03-17,RN,gasolina,87.0000,13
2025-03-17,RO,diesel_s10,54.1900,8
2025-03-17,RO,etanol,21.3300,4
2025-03-17,RO,gasolina,69.1300,10
2025-03-17,RR,diesel_s10,21.3000,3
2025-03-17,RR,etanol,5.1500,1
2025-03-17,RR,gasolina,35.3500,5
2025-03-17,RS,diesel_s10,444.4300,68
2025-03-17,RS,etanol,168.0700,34
2025-03-17,RS,gasolina,538.8000,85
2025-03-17,SC,diesel_s10,299.0200,46
2025-03-17,SC,etanol,256.0400,53
2025-03-17,SC,gasolina,572.6200,87
2025-03-17,SE,diesel_s10,63.0800,10
2025-03-17,SE,etanol,24.4800,5
2025-03-17,SE,gasolina,79.3300,12
2025-03-17,SP,diesel_s10,2372.4500,368
2025-03-17,SP,etanol,2386.4100,565
2025-03-17,SP,gasolina,3511.1700,566
2025-03-17,TO,diesel_s10,77.2000,12
2025-03-17,TO,etanol,72.6000,15
2025-03-17,TO,gasolina,107.9600,16
2025-03-18,AL,diesel_s10,14.0700,2
2025-03-18,AL,etanol,15.2800,3
2025-03-18,AL,gasolina,21.5300,3
2025-03-18,AM,diesel_s10,27.5600,4
2025-03-18,AM,etanol,32.9400,6
2025-03-18,AM,gasolina,58.3200,8
2025-03-18,AP,diesel_s10,54.2700,8
2025-03-18,AP,etanol,21.8900,4
2025-03-18,AP,gasolina,121.5100,20
2025-03-18,BA,diesel_s10,183.8900,28
2025-03-18,BA,etanol,206.2500,42
2025-03-18,BA,gasolina,302.2100,46
2025-03-18,CE,diesel_s10,386.9600,59
2025-03-18,CE,etanol,394.0500,76
2025-03-18,CE,gasolina,510.5500,81
2025-03-18,DF,diesel_s10,45.9400,7
2025-03-18,DF,etanol,38.6400,8
2025-03-18,DF,gasolina,165.6000,25
2025-03-18,ES,diesel_s10,89.4800,14
2025-03-18,ES,etanol,90.8200,20
2025-03-18,ES,gasolina,189.0400,30
2025-03-18,GO,diesel_s10,140.3900,22
2025-03-18,GO,etanol,132.2500,30
2025-03-18,GO,gasolina,196.4800,31
2025-03-18,MA,diesel_s10,288.4800,45
2025-03-18,MA,etanol,176.3600,35
2025-03-18,MA,gasolina,299.6800,48
2025-03-18,MG,diesel_s10,407.2400,64
2025-03-18,MG,etanol,431.8700,98
2025-03-18,MG,gasolina,655.2200,105
2025-03-18,MS,diesel_s10,45.8000,7
2025-03-18,MS,etanol,44.0600,11
2025-03-18,MS,gasolina,90.7000,15
2025-03-18,MT,diesel_s10,142.1400,22
2025-03-18,MT,etanol,131.9500,32
2025-03-18,MT,gasolina,206.0600,33
2025-03-18,PA,diesel_s10,110.6700,17
2025-03-18,PA,etanol,42.8200,9
2025-03-18,PA,gasolina,146.2500,23
2025-03-18,PB,diesel_s10,84.1900,13
2025-03-18,PB,etanol,33.6100,7
2025-03-18,PB,gasolina,95.1500,15
2025-03-18,PE,diesel_s10,176.0200,29
2025-03-18,PE,etanol,129.3100,27
2025-03-18,PE,gasolina,217.8500,34
2025-03-18,PR,diesel_s10,223.4200,34
2025-03-18,PR,etanol,216.5100,46
2025-03-18,PR,gasolina,329.4700,49
2025-03-18,RJ,diesel_s10,226.5800,35
2025-03-18,RJ,etanol,303.3500,64
2025-03-18,RJ,gasolina,493.9400,78
2025-03-18,RN,diesel_s10,19.4500,3
2025-03-18,RN,etanol,20.3900,4
2025-03-18,RN,gasolina,19.9500,3
2025-03-18,RO,diesel_s10,75.3700,11
2025-03-18,RO,etanol,47.5300,9
2025-03-18,RO,gasolina,110.6100,16
2025-03-18,RR,diesel_s10,21.7300,3
2025-03-18,RR,gasolina,21.2700,3
2025-03-18,RS,diesel_s10,428.2300,67
2025-03-18,RS,etanol,212.5600,43
2025-03-18,RS,gasolina,632.3300,100
2025-03-18,SC,diesel_s10,90.1700,14
2025-03-18,SC,etanol,48.0500,10
2025-03-18,SC,gasolina,89.2200,14
2025-03-18,SE,diesel_s10,25.5700,4
2025-03-18,SE,etanol,58.5200,12
2025-03-18,SE,gasolina,112.9800,17
2025-03-18,SP,diesel_s10,967.5200,151
2025-03-18,SP,etanol,951.5500,228
2025-03-18,SP,gasolina,1417.5600,231
2025-03-18,TO,diesel_s10,43.4900,7
2025-03-18,TO,etanol,33.0300,7
2025-03-18,TO,gasolina,46.1300,7
2025-03-19,AC,diesel_s10,40.9300,5
2025-03-19,AC,etanol,17.9800,3
2025-03-19,AC,gasolina,40.4300,5
2025-03-19,AL,diesel_s10,37.9100,6
2025-03-19,AL,etanol,44.0400,9
2025-03-19,AL,gasolina,68.4600,11
2025-03-19,AP,diesel_s10,13.6400,2
2025-03-19,AP,gasolina,12.2700,2
2025-03-19,BA,diesel_s10,264.0900,41
2025-03-19,BA,etanol,214.7500,44
2025-03-19,BA,gasolina,292.8700,45
2025-03-19,CE,diesel_s10,132.7700,20
2025-03-19,CE,etanol,110.3900,21
2025-03-19,CE,gasolina,183.9300,28
2025-03-19,DF,etanol,4.7900,1
2025-03-19,DF,gasolina,6.6500,1
2025-03-19,ES,diesel_s10,82.8400,13
2025-03-19,ES,etanol,53.9500,12
2025-03-19,ES,gasolina,101.8700,16
2025-03-19,GO,diesel_s10,115.6300,18
2025-03-19,GO,etanol,115.0000,26
2025-03-19,GO,gasolina,184.3000,29
2025-03-19,MA,diesel_s10,93.8300,15
2025-03-19,MA,etanol,36.5600,7
2025-03-19,MA,gasolina,107.9100,17
2025-03-19,MG,diesel_s10,483.6700,77
2025-03-19,MG,etanol,466.8900,107
2025-03-19,MG,gasolina,683.0700,110
2025-03-19,MS,diesel_s10,19.9000,3
2025-03-19,MS,etanol,12.9100,3
2025-03-19,MS,gasolina,18.9400,3
2025-03-19,MT,diesel_s10,87.1900,13
2025-03-19,MT,etanol,78.5300,19
2025-03-19,MT,gasolina,119.2000,19
2025-03-19,PA,diesel_s10,64.7800,10
2025-03-19,PA,etanol,9.6900,2
2025-03-19,PA,gasolina,81.5600,13
2025-03-19,PB,diesel_s10,106.1500,17
2025-03-19,PB,etanol,86.2500,19
2025-03-19,PB,gasolina,118.3000,19
2025-03-19,PE,diesel_s10,294.9000,48
2025-03-19,PE,etanol,264.9400,54
2025-03-19,PE,gasolina,366.9000,57
2025-03-19,PI,diesel_s10,94.8700,15
2025-03-19,PI,etanol,84.8500,18
2025-03-19,PI,gasolina,133.0700,22
2025-03-19,PR,diesel_s10,312.3300,49
2025-03-19,PR,etanol,324.1500,70
2025-03-19,PR,gasolina,468.4500,71
2025-03-19,RJ,diesel_s10,188.6000,29
2025-03-19,RJ,etanol,170.6500,36
2025-03-19,RJ,gasolina,245.2100,39
2025-03-19,RO,diesel_s10,113.7700,16
2025-03-19,RO,etanol,47.6100,9
2025-03-19,RO,gasolina,150.2800,21
2025-03-19,RR,diesel_s10,57.7000,8
2025-03-19,RR,etanol,20.7500,4
2025-03-19,RR,gasolina,56.7200,8
2025-03-19,RS,diesel_s10,354.9800,55
2025-03-19,RS,etanol,144.1000,29
2025-03-19,RS,gasolina,462.4400,72
2025-03-19,SC,diesel_s10,84.9900,13
2025-03-19,SC,etanol,79.5800,16
2025-03-19,SC,gasolina,151.5000,23
2025-03-19,SP,diesel_s10,928.4700,144
2025-03-19,SP,etanol,845.2200,201
2025-03-19,SP,gasolina,1276.1500,207
2025-03-19,TO,diesel_s10,37.9600,6
2025-03-19,TO,etanol,18.4300,4
2025-03-19,TO,gasolina,38.9600,6
2025-03-20,AC,diesel_s10,47.1100,6
2025-03-20,AC,etanol,48.4500,9
2025-03-20,AC,gasolina,84.1800,11
2025-03-20,AL,diesel_s10,20.0700,3
2025-03-20,AL,etanol,29.6300,6
2025-03-20,AL,gasolina,57.2700,9
2025-03-20,AM,diesel_s10,114.9400,15
2025-03-20,AM,etanol,32.5900,6
2025-03-20,AM,gasolina,117.9400,15
2025-03-20,BA,diesel_s10,258.0800,40
2025-03-20,BA,etanol,235.7200,48
2025-03-20,BA,gasolina,327.3300,50
2025-03-20,CE,diesel_s10,135.0000,21
2025-03-20,CE,etanol,91.9200,18
2025-03-20,CE,gasolina,139.8300,22
2025-03-20,ES,diesel_s10,71.0200,11
2025-03-20,ES,etanol,52.4000,11
2025-03-20,ES,gasolina,111.0600,17
2025-03-20,GO,diesel_s10,139.3600,22
2025-03-20,GO,etanol,145.0500,34
2025-03-20,GO,gasolina,191.8800,31
2025-03-20,MA,diesel_s10,12.4800,2
2025-03-20,MA,etanol,10.0400,2
2025-03-20,MA,gasolina,13.1800,2
2025-03-20,MG,diesel_s10,454.7700,71
2025-03-20,MG,etanol,392.6100,89
2025-03-20,MG,gasolina,579.9700,93
2025-03-20,MS,diesel_s10,39.6100,6
2025-03-20,MS,etanol,25.5400,6
2025-03-20,MS,gasolina,56.6100,9
2025-03-20,MT,diesel_s10,7.0900,1
2025-03-20,MT,etanol,4.2900,1
2025-03-20,MT,gasolina,13.3300,2
2025-03-20,PA,diesel_s10,89.3700,13
2025-03-20,PA,etanol,9.7800,2
2025-03-20,PA,gasolina,101.4400,15
2025-03-20,PE,diesel_s10,210.5100,33
2025-03-20,PE,etanol,137.5200,27
2025-03-20,PE,gasolina,233.0800,35
2025-03-20,PI,diesel_s10,96.8500,15
2025-03-20,PI,etanol,49.8100,10
2025-03-20,PI,gasolina,98.4700,16
2025-03-20,PR,diesel_s10,110.3100,17
2025-03-20,PR,etanol,132.3000,30
2025-03-20,PR,gasolina,165.8200,26
2025-03-20,RJ,diesel_s10,44.3300,7
2025-03-20,RJ,etanol,39.2400,8
2025-03-20,RJ,gasolina,50.4200,8
2025-03-20,RN,diesel_s10,46.1800,7
2025-03-20,RN,etanol,50.0700,10
2025-03-20,RN,gasolina,72.5600,11
2025-03-20,RO,diesel_s10,34.5700,5
2025-03-20,RO,etanol,9.9900,2
2025-03-20,RO,gasolina,63.1900,9
2025-03-20,RS,diesel_s10,298.0000,46
2025-03-20,RS,etanol,122.4700,25
2025-03-20,RS,gasolina,398.2800,61
2025-03-20,SC,diesel_s10,46.9800,7
2025-03-20,SC,etanol,27.1300,5
2025-03-20,SC,gasolina,65.6700,10
2025-03-20,SP,diesel_s10,706.0100,108
2025-03-20,SP,etanol,596.4700,141
2025-03-20,SP,gasolina,891.1000,143
2025-03-20,TO,diesel_s10,50.4000,8
2025-03-20,TO,etanol,33.6700,7
2025-03-20,TO,gasolina,66.5100,10
2025-03-21,AL,diesel_s10,33.3000,5
2025-03-21,AL,etanol,30.4100,6
2025-03-21,AL,gasolina,51.5800,8
2025-03-21,BA,diesel_s10,38.8000,6
2025-03-21,BA,etanol,36.1100,7
2025-03-21,BA,gasolina,54.3200,8
2025-03-21,GO,diesel_s10,18.4700,3
2025-03-21,GO,etanol,12.6700,3
2025-03-21,GO,gasolina,18.4700,3
2025-03-21,MA,diesel_s10,6.2900,1
2025-03-21,MA,gasolina,12.7800,2
2025-03-21,MG,diesel_s10,56.9600,9
2025-03-21,MG,etanol,38.9000,9
2025-03-21,MG,gasolina,61.5600,10
2025-03-21,PE,diesel_s10,12.0700,2
2025-03-21,PE,etanol,4.7900,1
2025-03-21,PE,gasolina,11.9400,2
2025-03-21,PR,diesel_s10,71.3000,11
2025-03-21,PR,etanol,67.2300,15
2025-03-21,PR,gasolina,96.8500,15
2025-03-21,RN,etanol,4.9900,1
2025-03-21,RN,gasolina,6.5800,1
2025-03-21,RO,diesel_s10,27.7200,4
2025-03-21,RO,etanol,19.9600,4
2025-03-21,RO,gasolina,36.1400,5
2025-03-21,RS,diesel_s10,68.3400,11
2025-03-21,RS,etanol,32.7200,7
2025-03-21,RS,gasolina,89.4800,14
2025-03-21,SP,diesel_s10,110.2000,17
2025-03-21,SP,etanol,99.9000,25
2025-03-21,SP,gasolina,150.7500,25
2025-03-21,TO,diesel_s10,44.1200,7
2025-03-21,TO,etanol,32.7400,7
2025-03-21,TO,gasolina,56.5700,9
2025-03-24,AL,diesel_s10,85.2400,13
2025-03-24,AL,etanol,132.2600,27
2025-03-24,AL,gasolina,195.7800,31
2025-03-24,AM,diesel_s10,116.9300,17
2025-03-24,AM,etanol,115.2100,21
2025-03-24,AM,gasolina,189.5100,26
2025-03-24,BA,diesel_s10,211.8600,33
2025-03-24,BA,etanol,204.2500,41
2025-03-24,BA,gasolina,302.6100,46
2025-03-24,CE,diesel_s10,126.2100,19
2025-03-24,CE,etanol,118.5800,23
2025-03-24,CE,gasolina,187.7500,29
2025-03-24,DF,diesel_s10,90.2500,14
2025-03-24,DF,etanol,85.6800,18
2025-03-24,DF,gasolina,145.6400,22
2025-03-24,ES,diesel_s10,82.6500,13
2025-03-24,ES,etanol,56.3500,12
2025-03-24,ES,gasolina,128.6600,20
2025-03-24,GO,diesel_s10,246.4600,39
2025-03-24,GO,etanol,230.8800,52
2025-03-24,GO,gasolina,367.1000,58
2025-03-24,MA,diesel_s10,202.4000,31
2025-03-24,MA,etanol,117.2300,23
2025-03-24,MA,gasolina,223.6800,35
2025-03-24,MG,diesel_s10,427.4400,67
2025-03-24,MG,etanol,500.5700,114
2025-03-24,MG,gasolina,727.0000,118
2025-03-24,MS,diesel_s10,91.7800,14
2025-03-24,MS,etanol,72.2500,17
2025-03-24,MS,gasolina,238.1500,37
2025-03-24,MT,diesel_s10,79.4900,12
2025-03-24,MT,etanol,77.4900,19
2025-03-24,MT,gasolina,117.8300,19
2025-03-24,PA,diesel_s10,239.9900,36
2025-03-24,PA,etanol,118.3700,24
2025-03-24,PA,gasolina,353.3100,55
2025-03-24,PB,diesel_s10,149.3900,24
2025-03-24,PB,etanol,151.0500,33
2025-03-24,PB,gasolina,223.7600,36
2025-03-24,PE,diesel_s10,199.4200,33
2025-03-24,PE,etanol,198.0800,42
2025-03-24,PE,gasolina,281.7900,45
2025-03-24,PI,diesel_s10,26.7600,4
2025-03-24,PI,etanol,37.5800,8
2025-03-24,PI,gasolina,54.6200,9
2025-03-24,PR,diesel_s10,402.9400,62
2025-03-24,PR,etanol,383.2100,86
2025-03-24,PR,gasolina,583.3000,90
2025-03-24,RJ,diesel_s10,826.3400,129
2025-03-24,RJ,etanol,824.5800,176
2025-03-24,RJ,gasolina,1169.1300,189
2025-03-24,RO,diesel_s10,47.9100,7
2025-03-24,RO,etanol,11.4900,2
2025-03-24,RO,gasolina,63.2100,9
2025-03-24,RR,diesel_s10,28.9700,4
2025-03-24,RR,etanol,5.2000,1
2025-03-24,RR,gasolina,28.3600,4
2025-03-24,RS,diesel_s10,591.0800,91
2025-03-24,RS,etanol,233.3200,47
2025-03-24,RS,gasolina,770.8200,122
2025-03-24,SC,diesel_s10,510.0500,79
2025-03-24,SC,etanol,357.8200,75
2025-03-24,SC,gasolina,787.2300,121
2025-03-24,SE,diesel_s10,75.6400,12
2025-03-24,SE,etanol,48.5700,10
2025-03-24,SE,gasolina,105.3700,16
2025-03-24,SP,diesel_s10,1668.6900,258
2025-03-24,SP,etanol,1735.4100,415
2025-03-24,SP,gasolina,2598.6700,422
2025-03-24,TO,diesel_s10,157.8100,25
2025-03-24,TO,etanol,123.2400,26
2025-03-24,TO,gasolina,203.4200,31
2025-03-25,AL,diesel_s10,19.1200,3
2025-03-25,AL,etanol,19.5700,4
2025-03-25,AL,gasolina,37.7000,6
2025-03-25,AP,diesel_s10,40.6900,6
2025-03-25,AP,etanol,21.8900,4
2025-03-25,AP,gasolina,103.0500,17
2025-03-25,BA,diesel_s10,208.4400,33
2025-03-25,BA,etanol,185.9200,39
2025-03-25,BA,gasolina,267.9600,42
2025-03-25,CE,diesel_s10,297.9500,46
2025-03-25,CE,etanol,314.0900,61
2025-03-25,CE,gasolina,384.8300,62
2025-03-25,DF,diesel_s10,39.4900,6
2025-03-25,DF,etanol,23.9100,5
2025-03-25,DF,gasolina,152.1900,23
2025-03-25,ES,diesel_s10,153.9600,24
2025-03-25,ES,etanol,114.0000,25
2025-03-25,ES,gasolina,219.2200,35
2025-03-25,GO,diesel_s10,95.7700,15
2025-03-25,GO,etanol,105.3200,24
2025-03-25,GO,gasolina,158.1200,25
2025-03-25,MA,diesel_s10,111.4200,18
2025-03-25,MA,etanol,58.1300,12
2025-03-25,MA,gasolina,120.7500,20
2025-03-25,MG,diesel_s10,635.4200,100
2025-03-25,MG,etanol,579.2300,132
2025-03-25,MG,gasolina,849.7300,137
2025-03-25,MS,diesel_s10,58.0400,9
2025-03-25,MS,etanol,39.7300,10
2025-03-25,MS,gasolina,77.6500,13
2025-03-25,MT,diesel_s10,157.0900,24
2025-03-25,MT,etanol,131.9800,32
2025-03-25,MT,gasolina,207.3000,33
2025-03-25,PA,diesel_s10,246.8800,38
2025-03-25,PA,etanol,93.4800,19
2025-03-25,PA,gasolina,324.4200,50
2025-03-25,PB,diesel_s10,12.7800,2
2025-03-25,PB,etanol,4.7900,1
2025-03-25,PB,gasolina,12.5100,2
2025-03-25,PE,diesel_s10,379.6700,61
2025-03-25,PE,etanol,264.0600,55
2025-03-25,PE,gasolina,411.9100,65
2025-03-25,PI,diesel_s10,64.8300,10
2025-03-25,PI,etanol,23.3500,5
2025-03-25,PI,gasolina,68.1300,11
2025-03-25,PR,diesel_s10,340.9400,52
2025-03-25,PR,etanol,372.9900,79
2025-03-25,PR,gasolina,537.7600,80
2025-03-25,RJ,diesel_s10,330.3500,51
2025-03-25,RJ,etanol,358.7400,76
2025-03-25,RJ,gasolina,540.9400,86
2025-03-25,RN,diesel_s10,91.5500,14
2025-03-25,RN,etanol,73.8000,15
2025-03-25,RN,gasolina,104.6000,16
2025-03-25,RO,diesel_s10,96.9700,14
2025-03-25,RO,etanol,57.8600,11
2025-03-25,RO,gasolina,147.1400,21
2025-03-25,RR,diesel_s10,34.7400,5
2025-03-25,RR,etanol,15.4500,3
2025-03-25,RR,gasolina,34.9500,5
2025-03-25,RS,diesel_s10,262.6800,41
2025-03-25,RS,etanol,164.1300,33
2025-03-25,RS,gasolina,386.5600,61
2025-03-25,SC,diesel_s10,71.9000,11
2025-03-25,SC,etanol,29.6900,6
2025-03-25,SC,gasolina,77.8900,12
2025-03-25,SE,diesel_s10,25.5700,4
2025-03-25,SE,etanol,58.5200,12
2025-03-25,SE,gasolina,112.9800,17
2025-03-25,SP,diesel_s10,1519.2700,237
2025-03-25,SP,etanol,1398.0600,332
2025-03-25,SP,gasolina,2056.8700,333
2025-03-26,AL,diesel_s10,65.3300,10
2025-03-26,AL,etanol,64.0100,13
2025-03-26,AL,gasolina,92.2700,14
2025-03-26,AM,diesel_s10,130.3000,19
2025-03-26,AM,etanol,98.3700,18
2025-03-26,AM,gasolina,160.0800,22
2025-03-26,BA,diesel_s10,395.4400,61
2025-03-26,BA,etanol,342.0000,70
2025-03-26,BA,gasolina,492.4100,75
2025-03-26,CE,diesel_s10,132.7500,20
2025-03-26,CE,etanol,89.0400,17
2025-03-26,CE,gasolina,158.6100,24
2025-03-26,DF,diesel_s10,6.3900,1
2025-03-26,DF,etanol,14.5200,3
2025-03-26,DF,gasolina,26.4900,4
2025-03-26,ES,diesel_s10,127.4700,20
2025-03-26,ES,etanol,105.3400,23
2025-03-26,ES,gasolina,210.9900,33
2025-03-26,GO,diesel_s10,145.3100,23
2025-03-26,GO,etanol,128.1800,29
2025-03-26,GO,gasolina,176.4400,28
2025-03-26,MA,diesel_s10,100.4300,16
2025-03-26,MA,etanol,56.5500,11
2025-03-26,MA,gasolina,141.1600,22
2025-03-26,MG,diesel_s10,481.3100,76
2025-03-26,MG,etanol,412.5300,93
2025-03-26,MG,gasolina,600.6200,96
2025-03-26,MS,diesel_s10,20.5200,3
2025-03-26,MS,etanol,21.3300,5
2025-03-26,MS,gasolina,32.1000,5
2025-03-26,MT,diesel_s10,87.0500,13
2025-03-26,MT,etanol,89.8400,22
2025-03-26,MT,gasolina,144.3300,23
2025-03-26,PA,diesel_s10,94.1400,14
2025-03-26,PA,etanol,15.5300,3
2025-03-26,PA,gasolina,133.1700,20
2025-03-26,PB,diesel_s10,146.7200,23
2025-03-26,PB,etanol,94.1800,20
2025-03-26,PB,gasolina,163.6500,26
2025-03-26,PE,diesel_s10,285.2200,46
2025-03-26,PE,etanol,258.7100,53
2025-03-26,PE,gasolina,387.2700,60
2025-03-26,PI,diesel_s10,120.1700,19
2025-03-26,PI,etanol,111.9900,24
2025-03-26,PI,gasolina,168.2300,28
2025-03-26,PR,diesel_s10,215.8600,34
2025-03-26,PR,etanol,227.3800,51
2025-03-26,PR,gasolina,320.6300,50
2025-03-26,RJ,diesel_s10,196.0400,30
2025-03-26,RJ,etanol,204.1200,43
2025-03-26,RJ,gasolina,312.1100,50
2025-03-26,RN,diesel_s10,59.5000,9
2025-03-26,RN,etanol,65.5500,13
2025-03-26,RN,gasolina,78.8000,12
2025-03-26,RO,diesel_s10,68.6100,10
2025-03-26,RO,etanol,30.8300,6
2025-03-26,RO,gasolina,112.4400,16
2025-03-26,RR,diesel_s10,35.0700,5
2025-03-26,RR,etanol,5.1500,1
2025-03-26,RR,gasolina,49.2300,7
2025-03-26,RS,diesel_s10,415.2400,64
2025-03-26,RS,etanol,143.5700,29
2025-03-26,RS,gasolina,495.6900,78
2025-03-26,SC,diesel_s10,98.8300,15
2025-03-26,SC,etanol,85.6600,17
2025-03-26,SC,gasolina,166.1300,25
2025-03-26,SE,diesel_s10,18.8100,3
2025-03-26,SE,gasolina,19.5300,3
2025-03-26,SP,diesel_s10,873.5000,135
2025-03-26,SP,etanol,814.4100,194
2025-03-26,SP,gasolina,1244.8400,201
2025-03-26,TO,diesel_s10,81.9500,13
2025-03-26,TO,etanol,43.2800,9
2025-03-26,TO,gasolina,99.4300,15
2025-03-27,AC,diesel_s10,47.4500,6
2025-03-27,AC,etanol,43.7700,8
2025-03-27,AC,gasolina,69.2000,9
2025-03-27,AL,diesel_s10,39.9300,6
2025-03-27,AL,etanol,30.4700,6
2025-03-27,AL,gasolina,51.4000,8
2025-03-27,AM,diesel_s10,58.7300,7
2025-03-27,AM,gasolina,67.1200,8
2025-03-27,BA,diesel_s10,298.1100,47
2025-03-27,BA,etanol,270.4700,57
2025-03-27,BA,gasolina,383.3500,60
2025-03-27,CE,diesel_s10,33.7100,5
2025-03-27,CE,etanol,32.4500,6
2025-03-27,CE,gasolina,46.9200,7
2025-03-27,ES,diesel_s10,64.4200,10
2025-03-27,ES,etanol,57.6200,12
2025-03-27,ES,gasolina,122.8500,19
2025-03-27,GO,diesel_s10,101.7900,16
2025-03-27,GO,etanol,116.4800,27
2025-03-27,GO,gasolina,161.5900,26
2025-03-27,MA,diesel_s10,107.7700,17
2025-03-27,MA,etanol,71.6300,14
2025-03-27,MA,gasolina,164.3900,26
2025-03-27,MG,diesel_s10,394.4300,62
2025-03-27,MG,etanol,401.6300,92
2025-03-27,MG,gasolina,595.2200,96
2025-03-27,MS,diesel_s10,19.7700,3
2025-03-27,MS,etanol,17.2900,4
2025-03-27,MS,gasolina,31.7200,5
2025-03-27,MT,diesel_s10,12.9800,2
2025-03-27,MT,etanol,8.6800,2
2025-03-27,MT,gasolina,12.9900,2
2025-03-27,PE,diesel_s10,98.5700,16
2025-03-27,PE,etanol,47.0800,9
2025-03-27,PE,gasolina,109.7900,17
2025-03-27,PI,diesel_s10,56.4100,9
2025-03-27,PI,etanol,20.2800,4
2025-03-27,PI,gasolina,61.2200,10
2025-03-27,PR,diesel_s10,228.4000,36
2025-03-27,PR,etanol,248.8000,55
2025-03-27,PR,gasolina,344.8500,53
2025-03-27,RJ,diesel_s10,91.1600,14
2025-03-27,RJ,etanol,76.4400,16
2025-03-27,RJ,gasolina,113.5600,18
2025-03-27,RN,diesel_s10,46.6300,7
2025-03-27,RN,etanol,29.5400,6
2025-03-27,RN,gasolina,46.2400,7
2025-03-27,RO,diesel_s10,42.0700,6
2025-03-27,RO,etanol,20.5600,4
2025-03-27,RO,gasolina,49.6600,7
2025-03-27,RS,diesel_s10,363.8300,57
2025-03-27,RS,etanol,140.2600,29
2025-03-27,RS,gasolina,444.1800,68
2025-03-27,SP,diesel_s10,1054.7900,165
2025-03-27,SP,etanol,1037.1100,250
2025-03-27,SP,gasolina,1571.8600,255
2025-03-28,CE,diesel_s10,6.3900,1
2025-03-28,CE,etanol,5.1500,1
2025-03-28,CE,gasolina,6.5400,1
2025-03-28,MA,diesel_s10,12.8900,2
2025-03-28,MA,gasolina,13.1800,2
2025-03-28,MG,diesel_s10,19.2700,3
2025-03-28,MG,etanol,21.6500,5
2025-03-28,MG,gasolina,31.6800,5
2025-03-28,MT,diesel_s10,12.7600,2
2025-03-28,MT,etanol,8.3100,2
2025-03-28,MT,gasolina,12.5200,2
2025-03-28,PB,diesel_s10,12.4800,2
2025-03-28,PB,etanol,8.9500,2
2025-03-28,PB,gasolina,12.3800,2
2025-03-28,PE,diesel_s10,36.3200,6
2025-03-28,PE,etanol,28.3700,6
2025-03-28,PE,gasolina,38.3900,6
2025-03-28,RN,diesel_s10,63.9000,10
2025-03-28,RN,etanol,64.8900,13
2025-03-28,RN,gasolina,98.6100,15
2025-03-28,RS,diesel_s10,97.0300,15
2025-03-28,RS,etanol,47.7100,9
2025-03-28,RS,gasolina,119.5600,18
2025-03-28,SP,diesel_s10,18.3700,3
2025-03-28,SP,etanol,19.0800,5
2025-03-28,SP,gasolina,29.8800,5
2025-03-31,AL,diesel_s10,190.5700,29
2025-03-31,AL,etanol,246.6400,50
2025-03-31,AL,gasolina,369.8600,58
2025-03-31,AM,diesel_s10,164.7500,24
2025-03-31,AM,etanol,147.7200,27
2025-03-31,AM,gasolina,240.2500,33
2025-03-31,AP,diesel_s10,40.4200,6
2025-03-31,AP,etanol,21.8900,4
2025-03-31,AP,gasolina,109.2100,18
2025-03-31,BA,diesel_s10,492.2300,77
2025-03-31,BA,etanol,459.3000,95
2025-03-31,BA,gasolina,691.5600,107
2025-03-31,CE,diesel_s10,126.3700,19
2025-03-31,CE,etanol,94.3700,18
2025-03-31,CE,gasolina,153.8400,24
2025-03-31,DF,diesel_s10,89.7000,14
2025-03-31,DF,etanol,84.1900,18
2025-03-31,DF,gasolina,149.4200,23
2025-03-31,ES,diesel_s10,210.5500,33
2025-03-31,ES,etanol,136.2300,30
2025-03-31,ES,gasolina,316.6300,50
2025-03-31,GO,diesel_s10,207.5400,33
2025-03-31,GO,etanol,148.3800,35
2025-03-31,GO,gasolina,234.6500,38
2025-03-31,MA,diesel_s10,322.9500,51
2025-03-31,MA,etanol,183.7800,37
2025-03-31,MA,gasolina,379.5200,60
2025-03-31,MG,diesel_s10,850.0100,134
2025-03-31,MG,etanol,832.8500,190
2025-03-31,MG,gasolina,1236.2400,199
2025-03-31,MS,diesel_s10,97.1500,15
2025-03-31,MS,etanol,68.0700,16
2025-03-31,MS,gasolina,211.2700,33
2025-03-31,MT,diesel_s10,65.5800,10
2025-03-31,MT,etanol,67.8200,17
2025-03-31,MT,gasolina,111.7000,18
2025-03-31,PA,diesel_s10,268.7700,40
2025-03-31,PA,etanol,100.8800,20
2025-03-31,PA,gasolina,378.3200,58
2025-03-31,PB,diesel_s10,176.8500,28
2025-03-31,PB,etanol,159.2500,34
2025-03-31,PB,gasolina,274.9800,44
2025-03-31,PE,diesel_s10,640.2400,104
2025-03-31,PE,etanol,549.3100,114
2025-03-31,PE,gasolina,836.5900,132
2025-03-31,PI,diesel_s10,76.8200,12
2025-03-31,PI,etanol,61.6900,13
2025-03-31,PI,gasolina,110.2100,18
2025-03-31,PR,diesel_s10,443.9400,69
2025-03-31,PR,etanol,449.7700,98
2025-03-31,PR,gasolina,672.2200,102
2025-03-31,RJ,diesel_s10,1007.3900,157
2025-03-31,RJ,etanol,1010.1900,215
2025-03-31,RJ,gasolina,1471.3100,237
2025-03-31,RN,diesel_s10,154.8700,24
2025-03-31,RN,etanol,134.1900,27
2025-03-31,RN,gasolina,189.0800,29
2025-03-31,RO,diesel_s10,47.7400,7
2025-03-31,RO,etanol,11.4900,2
2025-03-31,RO,gasolina,56.3200,8
2025-03-31,RR,diesel_s10,97.0100,14
2025-03-31,RR,etanol,30.9500,6
2025-03-31,RR,gasolina,111.9400,16
2025-03-31,RS,diesel_s10,759.0400,118
2025-03-31,RS,etanol,316.3100,64
2025-03-31,RS,gasolina,988.4700,156
2025-03-31,SC,diesel_s10,396.3900,61
2025-03-31,SC,etanol,308.0700,64
2025-03-31,SC,gasolina,685.0000,105
2025-03-31,SE,diesel_s10,107.4400,17
2025-03-31,SE,etanol,92.4600,19
2025-03-31,SE,gasolina,211.8400,32
2025-03-31,SP,diesel_s10,2372.2900,368
2025-03-31,SP,etanol,2345.5700,561
2025-03-31,SP,gasolina,3506.5000,567
2025-03-31,TO,diesel_s10,177.4700,28
2025-03-31,TO,etanol,138.3800,29
2025-03-31,TO,gasolina,217.1100,33
2025-04-01,AM,diesel_s10,68.7000,10
2025-04-01,AM,etanol,60.3900,11
2025-04-01,AM,gasolina,102.0600,14
2025-04-01,BA,diesel_s10,198.9900,30
2025-04-01,BA,etanol,200.2600,40
2025-04-01,BA,gasolina,282.4700,42
2025-04-01,CE,diesel_s10,369.8500,57
2025-04-01,CE,etanol,370.1400,72
2025-04-01,CE,gasolina,483.2900,77
2025-04-01,DF,diesel_s10,39.4200,6
2025-04-01,DF,etanol,33.2600,7
2025-04-01,DF,gasolina,156.8400,24
2025-04-01,ES,diesel_s10,102.2000,16
2025-04-01,ES,etanol,105.7800,23
2025-04-01,ES,gasolina,177.4900,28
2025-04-01,GO,diesel_s10,128.0300,20
2025-04-01,GO,etanol,146.8300,33
2025-04-01,GO,gasolina,209.4600,33
2025-04-01,MA,diesel_s10,102.6800,16
2025-04-01,MA,etanol,60.1500,12
2025-04-01,MA,gasolina,116.4700,19
2025-04-01,MG,diesel_s10,349.9700,55
2025-04-01,MG,etanol,279.8500,63
2025-04-01,MG,gasolina,436.8100,70
2025-04-01,MS,diesel_s10,40.0400,6
2025-04-01,MS,etanol,41.0500,10
2025-04-01,MS,gasolina,73.2200,12
2025-04-01,MT,diesel_s10,99.4300,16
2025-04-01,MT,etanol,81.7800,21
2025-04-01,MT,gasolina,126.6700,21
2025-04-01,PA,diesel_s10,120.8400,19
2025-04-01,PA,etanol,62.5700,13
2025-04-01,PA,gasolina,164.0700,26
2025-04-01,PB,diesel_s10,19.7700,3
2025-04-01,PB,etanol,13.9900,3
2025-04-01,PB,gasolina,31.4300,5
2025-04-01,PE,diesel_s10,6.0900,1
2025-04-01,PE,etanol,4.7900,1
2025-04-01,PE,gasolina,6.3500,1
2025-04-01,PI,diesel_s10,77.3800,12
2025-04-01,PI,etanol,65.2100,14
2025-04-01,PI,gasolina,108.9800,18
2025-04-01,PR,diesel_s10,223.7200,35
2025-04-01,PR,etanol,202.2300,47
2025-04-01,PR,gasolina,293.1500,46
2025-04-01,RJ,diesel_s10,178.3400,28
2025-04-01,RJ,etanol,229.8700,49
2025-04-01,RJ,gasolina,356.9700,57
2025-04-01,RN,diesel_s10,41.2000,6
2025-04-01,RN,etanol,45.2900,9
2025-04-01,RN,gasolina,66.7700,10
2025-04-01,RO,diesel_s10,125.9500,18
2025-04-01,RO,etanol,52.1900,10
2025-04-01,RO,gasolina,188.8400,27
2025-04-01,RS,diesel_s10,292.0900,45
2025-04-01,RS,etanol,98.5700,20
2025-04-01,RS,gasolina,363.1400,57
2025-04-01,SC,diesel_s10,51.6200,8
2025-04-01,SC,etanol,29.5600,6
2025-04-01,SC,gasolina,59.2700,9
2025-04-01,SP,diesel_s10,1275.2200,200
2025-04-01,SP,etanol,1212.2000,291
2025-04-01,SP,gasolina,1810.1100,295
2025-04-02,BA,diesel_s10,121.5700,19
2025-04-02,BA,etanol,106.7500,22
2025-04-02,BA,gasolina,165.7600,25
2025-04-02,CE,diesel_s10,13.7300,2
2025-04-02,CE,etanol,11.0700,2
2025-04-02,CE,gasolina,19.8400,3
2025-04-02,DF,etanol,9.5600,2
2025-04-02,DF,gasolina,13.1300,2
2025-04-02,ES,diesel_s10,64.1400,10
2025-04-02,ES,etanol,47.1800,10
2025-04-02,ES,gasolina,112.3800,17
2025-04-02,GO,diesel_s10,82.1300,13
2025-04-02,GO,etanol,80.1500,18
2025-04-02,GO,gasolina,107.8700,17
2025-04-02,MA,diesel_s10,117.9100,19
2025-04-02,MA,etanol,42.4800,8
2025-04-02,MA,gasolina,132.2400,21
2025-04-02,MG,diesel_s10,259.2600,41
2025-04-02,MG,etanol,262.0600,61
2025-04-02,MG,gasolina,393.6200,64
2025-04-02,MS,diesel_s10,45.4800,7
2025-04-02,MS,etanol,33.8000,8
2025-04-02,MS,gasolina,81.9600,13
2025-04-02,MT,diesel_s10,166.5800,25
2025-04-02,MT,etanol,139.6100,34
2025-04-02,MT,gasolina,226.8700,36
2025-04-02,PA,diesel_s10,64.9600,10
2025-04-02,PA,etanol,34.4000,7
2025-04-02,PA,gasolina,108.0400,17
2025-04-02,PB,diesel_s10,6.3900,1
2025-04-02,PB,etanol,4.7700,1
2025-04-02,PB,gasolina,6.0700,1
2025-04-02,PE,diesel_s10,262.3000,43
2025-04-02,PE,etanol,180.7800,38
2025-04-02,PE,gasolina,290.7000,46
2025-04-02,PI,diesel_s10,44.6300,7
2025-04-02,PI,etanol,45.9400,10
2025-04-02,PI,gasolina,71.1500,12
2025-04-02,PR,diesel_s10,252.1300,39
2025-04-02,PR,etanol,263.3000,57
2025-04-02,PR,gasolina,403.3000,61
2025-04-02,RJ,diesel_s10,94.6300,14
2025-04-02,RJ,etanol,101.6500,21
2025-04-02,RJ,gasolina,155.2800,24
2025-04-02,RN,diesel_s10,6.7900,1
2025-04-02,RN,etanol,4.7900,1
2025-04-02,RN,gasolina,6.5800,1
2025-04-02,RO,diesel_s10,34.0600,5
2025-04-02,RO,etanol,26.4400,5
2025-04-02,RO,gasolina,56.5700,8
2025-04-02,RS,diesel_s10,123.6100,19
2025-04-02,RS,etanol,30.3800,6
2025-04-02,RS,gasolina,119.0300,19
2025-04-02,SC,diesel_s10,136.0400,21
2025-04-02,SC,etanol,123.7700,26
2025-04-02,SC,gasolina,222.8500,34
2025-04-02,SP,diesel_s10,768.4900,121
2025-04-02,SP,etanol,706.3700,171
2025-04-02,SP,gasolina,1061.7300,174
2025-04-02,TO,diesel_s10,37.7600,6
2025-04-02,TO,etanol,24.0900,5
2025-04-02,TO,gasolina,45.8500,7
2025-04-03,AC,diesel_s10,88.5600,11
2025-04-03,AC,etanol,44.9600,8
2025-04-03,AC,gasolina,102.3600,13
2025-04-03,AM,diesel_s10,58.7300,7
2025-04-03,AM,gasolina,67.1200,8
2025-04-03,AP,diesel_s10,27.2600,4
2025-04-03,AP,gasolina,24.5200,4
2025-04-03,BA,diesel_s10,400.7100,63
2025-04-03,BA,etanol,303.6600,64
2025-04-03,BA,gasolina,463.2400,73
2025-04-03,CE,diesel_s10,19.2900,3
2025-04-03,CE,etanol,15.4900,3
2025-04-03,CE,gasolina,26.1900,4
2025-04-03,ES,diesel_s10,51.5200,8
2025-04-03,ES,etanol,28.6300,6
2025-04-03,ES,gasolina,62.4300,10
2025-04-03,GO,diesel_s10,105.8000,17
2025-04-03,GO,etanol,120.6800,30
2025-04-03,GO,gasolina,189.0300,31
2025-04-03,MG,diesel_s10,285.2100,45
2025-04-03,MG,etanol,249.6000,57
2025-04-03,MG,gasolina,350.5300,56
2025-04-03,MS,diesel_s10,6.7900,1
2025-04-03,MS,etanol,8.9100,2
2025-04-03,MS,gasolina,12.9500,2
2025-04-03,MT,diesel_s10,13.6800,2
2025-04-03,MT,etanol,16.9200,4
2025-04-03,MT,gasolina,25.4700,4
2025-04-03,PA,diesel_s10,87.8700,13
2025-04-03,PA,etanol,34.8400,7
2025-04-03,PA,gasolina,113.8100,17
2025-04-03,PB,diesel_s10,66.8700,11
2025-04-03,PB,etanol,62.4500,14
2025-04-03,PB,gasolina,85.9400,14
2025-04-03,PE,diesel_s10,85.6200,14
2025-04-03,PE,etanol,73.9300,15
2025-04-03,PE,gasolina,110.9900,17
2025-04-03,PI,diesel_s10,55.9900,9
2025-04-03,PI,etanol,20.2800,4
2025-04-03,PI,gasolina,60.8700,10
2025-04-03,PR,diesel_s10,130.6000,21
2025-04-03,PR,etanol,150.2800,35
2025-04-03,PR,gasolina,194.8600,31
2025-04-03,RJ,diesel_s10,102.6400,16
2025-04-03,RJ,etanol,101.8100,22
2025-04-03,RJ,gasolina,148.9500,24
2025-04-03,RN,diesel_s10,14.2800,2
2025-04-03,RN,etanol,5.4900,1
2025-04-03,RN,gasolina,13.7800,2
2025-04-03,RO,diesel_s10,97.1700,14
2025-04-03,RO,etanol,31.0200,6
2025-04-03,RO,gasolina,134.1800,19
2025-04-03,RS,diesel_s10,228.0200,35
2025-04-03,RS,etanol,49.2700,10
2025-04-03,RS,gasolina,256.6500,40
2025-04-03,SC,diesel_s10,76.3400,12
2025-04-03,SC,etanol,19.2700,4
2025-04-03,SC,gasolina,82.8800,13
2025-04-03,SP,diesel_s10,389.5600,60
2025-04-03,SP,etanol,435.9500,102
2025-04-03,SP,gasolina,649.3000,102
2025-04-03,TO,diesel_s10,43.7600,7
2025-04-03,TO,etanol,28.9800,6
2025-04-03,TO,gasolina,53.8500,8
2025-04-04,BA,etanol,4.8600,1
2025-04-04,BA,gasolina,6.3600,1
2025-04-04,CE,etanol,5.3400,1
2025-04-04,CE,gasolina,6.8400,1
2025-04-04,MG,diesel_s10,19.1800,3
2025-04-04,MG,etanol,13.5800,3
2025-04-04,MG,gasolina,18.5900,3
2025-04-04,PR,diesel_s10,50.7500,8
2025-04-04,PR,etanol,53.8300,11
2025-04-04,PR,gasolina,75.7300,11
2025-04-04,RN,diesel_s10,6.6500,1
2025-04-04,RN,etanol,9.9800,2
2025-04-04,RN,gasolina,6.5700,1
2025-04-04,RS,diesel_s10,99.5800,16
2025-04-04,RS,etanol,47.4400,10
2025-04-04,RS,gasolina,134.7900,21
2025-04-04,SP,diesel_s10,126.8400,20
2025-04-04,SP,etanol,107.5400,27
2025-04-04,SP,gasolina,164.5300,27
2025-04-07,AL,diesel_s10,78.8200,12
2025-04-07,AL,etanol,91.2100,18
2025-04-07,AL,gasolina,139.4000,21
2025-04-07,AM,diesel_s10,110.0400,16
2025-04-07,AM,etanol,98.8000,18
2025-04-07,AM,gasolina,167.6400,23
2025-04-07,AP,diesel_s10,26.9000,4
2025-04-07,AP,etanol,21.8900,4
2025-04-07,AP,gasolina,102.9100,17
2025-04-07,BA,diesel_s10,491.1400,77
2025-04-07,BA,etanol,479.4400,99
2025-04-07,BA,gasolina,735.5900,114
2025-04-07,CE,diesel_s10,165.8800,25
2025-04-07,CE,etanol,151.5100,29
2025-04-07,CE,gasolina,217.4300,33
2025-04-07,DF,diesel_s10,83.1200,13
2025-04-07,DF,etanol,83.9300,18
2025-04-07,DF,gasolina,148.9300,23
2025-04-07,ES,diesel_s10,69.9200,11
2025-04-07,ES,etanol,51.0800,11
2025-04-07,ES,gasolina,126.1800,20
2025-04-07,GO,diesel_s10,349.1000,55
2025-04-07,GO,etanol,312.2800,74
2025-04-07,GO,gasolina,490.9800,79
2025-04-07,MA,diesel_s10,181.9500,28
2025-04-07,MA,etanol,107.2300,21
2025-04-07,MA,gasolina,218.6400,34
2025-04-07,MG,diesel_s10,493.4900,78
2025-04-07,MG,etanol,469.3600,108
2025-04-07,MG,gasolina,707.2900,114
2025-04-07,MS,diesel_s10,64.8300,10
2025-04-07,MS,etanol,59.5900,14
2025-04-07,MS,gasolina,200.6400,31
2025-04-07,MT,diesel_s10,83.1100,13
2025-04-07,MT,etanol,95.6700,23
2025-04-07,MT,gasolina,144.0700,23
2025-04-07,PA,diesel_s10,229.3400,36
2025-04-07,PA,etanol,111.9200,23
2025-04-07,PA,gasolina,328.8100,53
2025-04-07,PB,diesel_s10,223.3800,36
2025-04-07,PB,etanol,184.1200,40
2025-04-07,PB,gasolina,298.4100,48
2025-04-07,PE,diesel_s10,350.9100,58
2025-04-07,PE,etanol,331.5800,70
2025-04-07,PE,gasolina,469.0500,75
2025-04-07,PI,diesel_s10,44.8400,7
2025-04-07,PI,etanol,48.1300,10
2025-04-07,PI,gasolina,79.1600,13
2025-04-07,PR,diesel_s10,276.2300,44
2025-04-07,PR,etanol,276.5300,63
2025-04-07,PR,gasolina,405.4900,63
2025-04-07,RJ,diesel_s10,932.0500,146
2025-04-07,RJ,etanol,943.5100,202
2025-04-07,RJ,gasolina,1316.7600,213
2025-04-07,RN,diesel_s10,86.1900,13
2025-04-07,RN,etanol,58.7200,12
2025-04-07,RN,gasolina,84.3800,13
2025-04-07,RO,diesel_s10,81.0000,12
2025-04-07,RO,etanol,16.8800,3
2025-04-07,RO,gasolina,84.7400,12
2025-04-07,RR,diesel_s10,13.8700,2
2025-04-07,RR,etanol,5.1500,1
2025-04-07,RR,gasolina,20.9700,3
2025-04-07,RS,diesel_s10,237.2900,38
2025-04-07,RS,etanol,104.8100,22
2025-04-07,RS,gasolina,361.4900,57
2025-04-07,SC,diesel_s10,353.2200,55
2025-04-07,SC,etanol,259.1100,54
2025-04-07,SC,gasolina,604.5700,93
2025-04-07,SE,diesel_s10,61.2400,10
2025-04-07,SE,etanol,38.7300,8
2025-04-07,SE,gasolina,92.0300,14
2025-04-07,SP,diesel_s10,2152.3400,337
2025-04-07,SP,etanol,2131.4500,514
2025-04-07,SP,gasolina,3164.8300,515
2025-04-07,TO,diesel_s10,89.3300,14
2025-04-07,TO,etanol,76.5600,16
2025-04-07,TO,gasolina,117.0200,18
2025-04-08,AL,diesel_s10,14.1500,2
2025-04-08,AL,etanol,10.2300,2
2025-04-08,AL,gasolina,14.3700,2
2025-04-08,AM,diesel_s10,82.4800,12
2025-04-08,AM,etanol,71.3700,13
2025-04-08,AM,gasolina,116.6400,16
2025-04-08,BA,diesel_s10,97.3500,15
2025-04-08,BA,etanol,98.7200,20
2025-04-08,BA,gasolina,139.1600,21
2025-04-08,CE,diesel_s10,279.1400,44
2025-04-08,CE,etanol,310.3600,58
2025-04-08,CE,gasolina,422.7300,65
2025-04-08,DF,diesel_s10,32.4300,5
2025-04-08,DF,etanol,33.1700,7
2025-04-08,DF,gasolina,156.7400,24
2025-04-08,ES,diesel_s10,171.9400,27
2025-04-08,ES,etanol,125.5600,28
2025-04-08,ES,gasolina,259.1000,41
2025-04-08,GO,diesel_s10,93.9800,15
2025-04-08,GO,etanol,92.5500,21
2025-04-08,GO,gasolina,131.5300,21
2025-04-08,MA,diesel_s10,204.8000,33
2025-04-08,MA,etanol,106.4600,21
2025-04-08,MA,gasolina,225.6600,36
2025-04-08,MG,diesel_s10,575.7000,92
2025-04-08,MG,etanol,514.7300,116
2025-04-08,MG,gasolina,772.1300,124
2025-04-08,MS,diesel_s10,76.9200,12
2025-04-08,MS,etanol,49.0400,12
2025-04-08,MS,gasolina,103.0300,17
2025-04-08,MT,diesel_s10,31.6600,5
2025-04-08,MT,etanol,33.2000,8
2025-04-08,MT,gasolina,43.5900,7
2025-04-08,PA,diesel_s10,158.1800,24
2025-04-08,PA,etanol,62.2100,13
2025-04-08,PA,gasolina,203.2200,31
2025-04-08,PB,diesel_s10,6.3900,1
2025-04-08,PB,gasolina,6.2500,1
2025-04-08,PE,diesel_s10,74.2300,12
2025-04-08,PE,etanol,63.8400,13
2025-04-08,PE,gasolina,101.3000,16
2025-04-08,PI,diesel_s10,50.3000,8
2025-04-08,PI,etanol,57.4100,12
2025-04-08,PI,gasolina,78.7600,13
2025-04-08,PR,diesel_s10,364.2600,57
2025-04-08,PR,etanol,374.2700,79
2025-04-08,PR,gasolina,539.3400,80
2025-04-08,RJ,diesel_s10,222.0000,34
2025-04-08,RJ,etanol,262.5700,56
2025-04-08,RJ,gasolina,415.0500,66
2025-04-08,RN,diesel_s10,92.3600,14
2025-04-08,RN,etanol,74.9600,15
2025-04-08,RN,gasolina,110.7600,17
2025-04-08,RO,diesel_s10,47.9700,7
2025-04-08,RO,etanol,41.3600,8
2025-04-08,RO,gasolina,90.1500,13
2025-04-08,RR,diesel_s10,20.9400,3
2025-04-08,RR,gasolina,27.9600,4
2025-04-08,RS,diesel_s10,518.0100,80
2025-04-08,RS,etanol,209.9700,42
2025-04-08,RS,gasolina,688.5800,109
2025-04-08,SC,diesel_s10,109.3800,17
2025-04-08,SC,etanol,73.0800,15
2025-04-08,SC,gasolina,149.8100,23
2025-04-08,SE,diesel_s10,37.7700,6
2025-04-08,SE,etanol,68.2200,14
2025-04-08,SE,gasolina,126.3200,19
2025-04-08,SP,diesel_s10,918.4900,145
2025-04-08,SP,etanol,941.7400,227
2025-04-08,SP,gasolina,1386.5500,227
2025-04-08,TO,diesel_s10,12.3000,2
2025-04-08,TO,etanol,4.7900,1
2025-04-08,TO,gasolina,12.8300,2
2025-04-09,AC,diesel_s10,57.2900,7
2025-04-09,AC,etanol,17.9800,3
2025-04-09,AC,gasolina,48.5000,6
2025-04-09,AL,diesel_s10,88.2100,14
2025-04-09,AL,etanol,124.5400,25
2025-04-09,AL,gasolina,176.1100,28
2025-04-09,BA,diesel_s10,364.2100,57
2025-04-09,BA,etanol,295.5500,61
2025-04-09,BA,gasolina,421.6100,65
2025-04-09,CE,diesel_s10,69.9500,11
2025-04-09,CE,etanol,56.6700,11
2025-04-09,CE,gasolina,77.9500,12
2025-04-09,DF,etanol,9.5600,2
2025-04-09,DF,gasolina,13.1300,2
2025-04-09,ES,diesel_s10,63.6200,10
2025-04-09,ES,etanol,55.8700,12
2025-04-09,ES,gasolina,119.2000,19
2025-04-09,GO,etanol,3.8900,1
2025-04-09,GO,gasolina,6.1900,1
2025-04-09,MA,diesel_s10,25.2000,4
2025-04-09,MA,gasolina,37.4200,6
2025-04-09,MG,diesel_s10,452.2000,72
2025-04-09,MG,etanol,453.5400,104
2025-04-09,MG,gasolina,670.2700,108
2025-04-09,MS,diesel_s10,6.3500,1
2025-04-09,MS,etanol,3.9700,1
2025-04-09,MS,gasolina,5.9700,1
2025-04-09,MT,diesel_s10,119.0300,19
2025-04-09,MT,etanol,107.9000,26
2025-04-09,MT,gasolina,170.4500,27
2025-04-09,PA,diesel_s10,59.4200,9
2025-04-09,PA,etanol,14.2800,3
2025-04-09,PA,gasolina,90.4300,14
2025-04-09,PB,diesel_s10,63.9800,10
2025-04-09,PB,etanol,56.1900,12
2025-04-09,PB,gasolina,94.2500,15
2025-04-09,PE,diesel_s10,220.7200,37
2025-04-09,PE,etanol,177.2900,37
2025-04-09,PE,gasolina,264.0400,42
2025-04-09,PI,diesel_s10,56.3600,9
2025-04-09,PI,etanol,56.1600,12
2025-04-09,PI,gasolina,95.0000,16
2025-04-09,PR,diesel_s10,188.8900,29
2025-04-09,PR,etanol,178.3600,41
2025-04-09,PR,gasolina,267.2300,42
2025-04-09,RJ,diesel_s10,154.1400,24
2025-04-09,RJ,etanol,153.1500,32
2025-04-09,RJ,gasolina,230.4800,36
2025-04-09,RN,diesel_s10,25.5500,4
2025-04-09,RN,etanol,33.9900,7
2025-04-09,RN,gasolina,44.5100,7
2025-04-09,RO,diesel_s10,102.2500,15
2025-04-09,RO,etanol,48.1200,9
2025-04-09,RO,gasolina,148.1400,21
2025-04-09,RR,diesel_s10,62.2000,9
2025-04-09,RR,etanol,25.8000,5
2025-04-09,RR,gasolina,62.9100,9
2025-04-09,RS,diesel_s10,477.5700,75
2025-04-09,RS,etanol,261.5000,53
2025-04-09,RS,gasolina,730.6500,115
2025-04-09,SC,diesel_s10,84.3600,13
2025-04-09,SC,etanol,54.0900,11
2025-04-09,SC,gasolina,117.3400,18
2025-04-09,SP,diesel_s10,794.2700,126
2025-04-09,SP,etanol,784.9200,190
2025-04-09,SP,gasolina,1200.3500,196
2025-04-09,TO,diesel_s10,93.6600,15
2025-04-09,TO,etanol,75.8800,16
2025-04-09,TO,gasolina,118.2300,18
2025-04-10,AC,diesel_s10,47.0800,6
2025-04-10,AC,etanol,37.7200,7
2025-04-10,AC,gasolina,61.1100,8
2025-04-10,AM,diesel_s10,121.8300,16
2025-04-10,AM,etanol,37.9600,7
2025-04-10,AM,gasolina,125.1400,16
2025-04-10,BA,diesel_s10,207.0800,33
2025-04-10,BA,etanol,156.2900,33
2025-04-10,BA,gasolina,233.6900,37
2025-04-10,CE,diesel_s10,6.5500,1
2025-04-10,CE,etanol,5.9900,1
2025-04-10,CE,gasolina,6.5900,1
2025-04-10,ES,diesel_s10,76.4700,12
2025-04-10,ES,etanol,56.6600,12
2025-04-10,ES,gasolina,138.2600,21
2025-04-10,GO,diesel_s10,181.8100,29
2025-04-10,GO,etanol,203.4200,48
2025-04-10,GO,gasolina,296.7400,48
2025-04-10,MA,diesel_s10,90.0600,15
2025-04-10,MA,etanol,42.7300,9
2025-04-10,MA,gasolina,93.3500,16
2025-04-10,MG,diesel_s10,288.8700,46
2025-04-10,MG,etanol,260.2200,61
2025-04-10,MG,gasolina,380.8500,62
2025-04-10,MS,diesel_s10,6.7900,1
2025-04-10,MS,etanol,8.8900,2
2025-04-10,MS,gasolina,12.8700,2
2025-04-10,MT,diesel_s10,107.2900,16
2025-04-10,MT,etanol,79.4100,19
2025-04-10,MT,gasolina,133.3800,21
2025-04-10,PA,diesel_s10,137.6000,20
2025-04-10,PA,etanol,32.6000,6
2025-04-10,PA,gasolina,164.2600,24
2025-04-10,PE,diesel_s10,304.1000,49
2025-04-10,PE,etanol,201.4900,39
2025-04-10,PE,gasolina,346.6200,52
2025-04-10,PI,diesel_s10,49.7600,8
2025-04-10,PI,etanol,20.2900,4
2025-04-10,PI,gasolina,54.3900,9
2025-04-10,PR,diesel_s10,299.3000,48
2025-04-10,PR,etanol,302.6200,68
2025-04-10,PR,gasolina,418.7000,65
2025-04-10,RJ,diesel_s10,108.3900,17
2025-04-10,RJ,etanol,94.0800,20
2025-04-10,RJ,gasolina,136.0900,22
2025-04-10,RN,diesel_s10,50.4800,8
2025-04-10,RN,etanol,64.9100,13
2025-04-10,RN,gasolina,98.4500,15
2025-04-10,RO,diesel_s10,41.3900,6
2025-04-10,RO,etanol,15.3300,3
2025-04-10,RO,gasolina,84.0500,12
2025-04-10,RS,diesel_s10,315.7300,48
2025-04-10,RS,etanol,100.2100,20
2025-04-10,RS,gasolina,378.6100,58
2025-04-10,SC,diesel_s10,39.3500,6
2025-04-10,SC,etanol,29.9400,6
2025-04-10,SC,gasolina,54.3800,8
2025-04-10,SP,diesel_s10,886.3800,140
2025-04-10,SP,etanol,835.7900,201
2025-04-10,SP,gasolina,1250.4200,201
2025-04-10,TO,diesel_s10,49.2000,8
2025-04-10,TO,etanol,38.3600,8
2025-04-10,TO,gasolina,66.5100,10
2025-04-11,AP,diesel_s10,40.0200,6
2025-04-11,AP,gasolina,36.8300,6
2025-04-11,BA,diesel_s10,12.7700,2
2025-04-11,BA,etanol,19.1900,4
2025-04-11,BA,gasolina,30.5900,5
2025-04-11,CE,diesel_s10,111.6200,18
2025-04-11,CE,etanol,106.8800,20
2025-04-11,CE,gasolina,130.9600,20
2025-04-11,MA,diesel_s10,38.0300,6
2025-04-11,MA,etanol,15.8800,3
2025-04-11,MA,gasolina,51.4900,8
2025-04-11,MG,diesel_s10,31.8400,5
2025-04-11,MG,etanol,26.1400,6
2025-04-11,MG,gasolina,38.0200,6
2025-04-11,PE,diesel_s10,42.1300,7
2025-04-11,PE,etanol,44.5900,9
2025-04-11,PE,gasolina,58.9400,9
2025-04-11,RO,diesel_s10,13.6800,2
2025-04-11,RO,etanol,9.9800,2
2025-04-11,RO,gasolina,14.3800,2
2025-04-11,RS,diesel_s10,36.5500,6
2025-04-11,RS,etanol,27.9600,6
2025-04-11,RS,gasolina,70.2000,11
2025-04-11,SP,diesel_s10,100.0600,16
2025-04-11,SP,etanol,82.1300,20
2025-04-11,SP,gasolina,123.1100,20
2025-04-14,AL,diesel_s10,163.1200,25
2025-04-14,AL,etanol,176.6900,35
2025-04-14,AL,gasolina,267.1700,41
2025-04-14,AM,diesel_s10,184.0500,25
2025-04-14,AM,etanol,120.7000,22
2025-04-14,AM,gasolina,263.9200,35
2025-04-14,AP,diesel_s10,6.9900,1
2025-04-14,AP,gasolina,6.2500,1
2025-04-14,BA,diesel_s10,211.4600,34
2025-04-14,BA,etanol,207.9300,42
2025-04-14,BA,gasolina,329.3500,50
2025-04-14,CE,diesel_s10,150.0600,23
2025-04-14,CE,etanol,125.2100,24
2025-04-14,CE,gasolina,176.8700,27
2025-04-14,DF,diesel_s10,45.4700,7
2025-04-14,DF,etanol,46.8500,10
2025-04-14,DF,gasolina,103.0500,16
2025-04-14,ES,diesel_s10,102.0400,16
2025-04-14,ES,etanol,82.2100,18
2025-04-14,ES,gasolina,213.5100,34
2025-04-14,GO,diesel_s10,246.8300,39
2025-04-14,GO,etanol,211.5800,48
2025-04-14,GO,gasolina,320.8000,51
2025-04-14,MA,diesel_s10,198.4000,31
2025-04-14,MA,etanol,117.7700,23
2025-04-14,MA,gasolina,229.8800,36
2025-04-14,MG,diesel_s10,464.4600,74
2025-04-14,MG,etanol,421.1000,96
2025-04-14,MG,gasolina,676.4000,108
2025-04-14,MS,diesel_s10,45.7300,7
2025-04-14,MS,etanol,35.4800,8
2025-04-14,MS,gasolina,152.7900,23
2025-04-14,MT,diesel_s10,51.7800,8
2025-04-14,MT,etanol,69.8800,17
2025-04-14,MT,gasolina,106.7200,17
2025-04-14,PA,diesel_s10,141.1000,23
2025-04-14,PA,etanol,66.8100,14
2025-04-14,PA,gasolina,237.4500,39
2025-04-14,PB,diesel_s10,129.9900,21
2025-04-14,PB,etanol,130.4100,28
2025-04-14,PB,gasolina,205.3200,33
2025-04-14,PE,diesel_s10,287.0000,48
2025-04-14,PE,etanol,268.5400,56
2025-04-14,PE,gasolina,415.6600,65
2025-04-14,PI,diesel_s10,18.7700,3
2025-04-14,PI,etanol,28.6000,6
2025-04-14,PI,gasolina,41.7100,7
2025-04-14,PR,diesel_s10,251.6000,40
2025-04-14,PR,etanol,301.7600,67
2025-04-14,PR,gasolina,416.9200,64
2025-04-14,RJ,diesel_s10,939.0900,147
2025-04-14,RJ,etanol,964.7200,206
2025-04-14,RJ,gasolina,1410.5700,227
2025-04-14,RN,diesel_s10,50.2700,8
2025-04-14,RN,etanol,43.6700,9
2025-04-14,RN,gasolina,55.9300,9
2025-04-14,RO,diesel_s10,46.8000,7
2025-04-14,RO,etanol,16.4800,3
2025-04-14,RO,gasolina,63.4800,9
2025-04-14,RR,diesel_s10,20.6000,3
2025-04-14,RR,etanol,5.1500,1
2025-04-14,RR,gasolina,20.9700,3
2025-04-14,RS,diesel_s10,371.6200,59
2025-04-14,RS,etanol,174.8500,37
2025-04-14,RS,gasolina,556.8100,88
2025-04-14,SC,diesel_s10,395.7500,62
2025-04-14,SC,etanol,344.3800,72
2025-04-14,SC,gasolina,695.5700,107
2025-04-14,SE,diesel_s10,78.1400,13
2025-04-14,SE,etanol,48.6000,10
2025-04-14,SE,gasolina,110.2800,17
2025-04-14,SP,diesel_s10,2327.9700,364
2025-04-14,SP,etanol,2318.3400,559
2025-04-14,SP,gasolina,3447.1300,559
2025-04-14,TO,diesel_s10,200.1400,32
2025-04-14,TO,etanol,163.4900,34
2025-04-14,TO,gasolina,262.2300,40
2025-04-15,AM,diesel_s10,61.8100,9
2025-04-15,AM,etanol,60.4900,11
2025-04-15,AM,gasolina,94.3700,13
2025-04-15,AP,diesel_s10,33.6900,5
2025-04-15,AP,etanol,21.8900,4
2025-04-15,AP,gasolina,102.9600,17
2025-04-15,BA,diesel_s10,309.5400,49
2025-04-15,BA,etanol,298.1100,61
2025-04-15,BA,gasolina,422.9400,66
2025-04-15,CE,diesel_s10,244.7700,39
2025-04-15,CE,etanol,275.8900,51
2025-04-15,CE,gasolina,333.2900,51
2025-04-15,DF,diesel_s10,63.7400,10
2025-04-15,DF,etanol,59.8600,13
2025-04-15,DF,gasolina,142.7500,22
2025-04-15,ES,diesel_s10,113.6300,18
2025-04-15,ES,etanol,88.9100,20
2025-04-15,ES,gasolina,174.2800,28
2025-04-15,GO,diesel_s10,98.9700,16
2025-04-15,GO,etanol,98.9900,22
2025-04-15,GO,gasolina,150.8800,24
2025-04-15,MA,diesel_s10,23.3400,4
2025-04-15,MA,etanol,13.9400,3
2025-04-15,MA,gasolina,28.5200,5
2025-04-15,MG,diesel_s10,300.4500,48
2025-04-15,MG,etanol,297.1500,68
2025-04-15,MG,gasolina,439.1800,71
2025-04-15,MS,diesel_s10,76.7000,12
2025-04-15,MS,etanol,60.5900,15
2025-04-15,MS,gasolina,144.0400,24
2025-04-15,MT,diesel_s10,104.4100,17
2025-04-15,MT,etanol,104.6800,26
2025-04-15,MT,gasolina,159.4100,26
2025-04-15,PA,diesel_s10,111.3600,17
2025-04-15,PA,etanol,43.1600,9
2025-04-15,PA,gasolina,141.3000,22
2025-04-15,PB,diesel_s10,128.8200,21
2025-04-15,PB,etanol,85.6300,19
2025-04-15,PB,gasolina,153.9900,25
2025-04-15,PE,diesel_s10,98.1000,16
2025-04-15,PE,etanol,96.3700,20
2025-04-15,PE,gasolina,152.1000,24
2025-04-15,PI,diesel_s10,75.0600,12
2025-04-15,PI,etanol,57.4000,12
2025-04-15,PI,gasolina,109.3000,18
2025-04-15,PR,diesel_s10,399.8200,63
2025-04-15,PR,etanol,382.1800,82
2025-04-15,PR,gasolina,591.2100,89
2025-04-15,RJ,diesel_s10,213.0500,33
2025-04-15,RJ,etanol,261.0700,56
2025-04-15,RJ,gasolina,392.5700,63
2025-04-15,RN,diesel_s10,14.2800,2
2025-04-15,RN,etanol,20.5600,4
2025-04-15,RN,gasolina,26.8600,4
2025-04-15,RO,diesel_s10,142.4600,21
2025-04-15,RO,etanol,62.8600,12
2025-04-15,RO,gasolina,215.6200,31
2025-04-15,RR,diesel_s10,55.7500,8
2025-04-15,RR,etanol,10.3500,2
2025-04-15,RR,gasolina,62.9100,9
2025-04-15,RS,diesel_s10,462.6100,72
2025-04-15,RS,etanol,243.8200,48
2025-04-15,RS,gasolina,677.4700,107
2025-04-15,SC,diesel_s10,141.5300,22
2025-04-15,SC,etanol,82.9200,17
2025-04-15,SC,gasolina,184.4800,28
2025-04-15,SE,diesel_s10,24.6700,4
2025-04-15,SE,etanol,58.3700,12
2025-04-15,SE,gasolina,111.2700,17
2025-04-15,SP,diesel_s10,1589.3800,252
2025-04-15,SP,etanol,1528.5100,368
2025-04-15,SP,gasolina,2299.5200,373
2025-04-16,AL,diesel_s10,18.1400,3
2025-04-16,AL,etanol,25.1200,5
2025-04-16,AL,gasolina,38.0200,6
2025-04-16,BA,diesel_s10,513.0700,81
2025-04-16,BA,etanol,470.4500,97
2025-04-16,BA,gasolina,664.9600,103
2025-04-16,CE,diesel_s10,150.4100,23
2025-04-16,CE,etanol,126.4500,24
2025-04-16,CE,gasolina,190.6400,29
2025-04-16,DF,diesel_s10,12.7300,2
2025-04-16,DF,etanol,14.2500,3
2025-04-16,DF,gasolina,72.3000,11
2025-04-16,ES,diesel_s10,44.3500,7
2025-04-16,ES,etanol,41.8000,9
2025-04-16,ES,gasolina,93.7300,15
2025-04-16,GO,diesel_s10,167.8800,27
2025-04-16,GO,etanol,185.6600,43
2025-04-16,GO,gasolina,269.2600,43
2025-04-16,MA,diesel_s10,229.9200,38
2025-04-16,MA,etanol,123.3800,25
2025-04-16,MA,gasolina,271.1200,45
2025-04-16,MG,diesel_s10,394.4400,63
2025-04-16,MG,etanol,371.3800,86
2025-04-16,MG,gasolina,531.6400,86
2025-04-16,MS,diesel_s10,6.3500,1
2025-04-16,MS,etanol,8.3400,2
2025-04-16,MS,gasolina,12.4800,2
2025-04-16,MT,diesel_s10,124.8000,19
2025-04-16,MT,etanol,105.7700,26
2025-04-16,MT,gasolina,173.7600,28
2025-04-16,PA,diesel_s10,120.2100,18
2025-04-16,PA,etanol,53.9800,11
2025-04-16,PA,gasolina,183.7700,28
2025-04-16,PB,diesel_s10,18.2700,3
2025-04-16,PB,etanol,27.7100,6
2025-04-16,PB,gasolina,43.7900,7
2025-04-16,PE,diesel_s10,358.4700,61
2025-04-16,PE,etanol,289.6000,60
2025-04-16,PE,gasolina,428.6600,68
2025-04-16,PI,diesel_s10,105.2200,17
2025-04-16,PI,etanol,99.0500,21
2025-04-16,PI,gasolina,166.6500,28
2025-04-16,PR,diesel_s10,294.3500,46
2025-04-16,PR,etanol,291.5400,66
2025-04-16,PR,gasolina,411.3900,64
2025-04-16,RJ,diesel_s10,120.1800,19
2025-04-16,RJ,etanol,110.8200,24
2025-04-16,RJ,gasolina,185.6900,30
2025-04-16,RN,diesel_s10,26.9200,4
2025-04-16,RN,etanol,24.1400,5
2025-04-16,RN,gasolina,38.8200,6
2025-04-16,RO,diesel_s10,54.5100,8
2025-04-16,RO,etanol,20.6800,4
2025-04-16,RO,gasolina,92.2400,13
2025-04-16,RR,diesel_s10,20.6600,3
2025-04-16,RR,etanol,10.3000,2
2025-04-16,RR,gasolina,27.9600,4
2025-04-16,RS,diesel_s10,398.3300,62
2025-04-16,RS,etanol,136.1600,27
2025-04-16,RS,gasolina,459.8500,73
2025-04-16,SC,diesel_s10,70.4600,11
2025-04-16,SC,etanol,54.0200,11
2025-04-16,SC,gasolina,111.0800,17
2025-04-16,SP,diesel_s10,784.2800,124
2025-04-16,SP,etanol,773.5400,187
2025-04-16,SP,gasolina,1158.1900,189
2025-04-16,TO,diesel_s10,36.4500,6
2025-04-16,TO,etanol,18.6000,4
2025-04-16,TO,gasolina,38.9600,6
2025-04-17,AC,diesel_s10,87.3600,11
2025-04-17,AC,etanol,49.6200,9
2025-04-17,AC,gasolina,108.6100,14
2025-04-17,AM,diesel_s10,53.7100,8
2025-04-17,AM,etanol,37.9600,7
2025-04-17,AM,gasolina,58.0200,8
2025-04-17,AP,diesel_s10,26.3600,4
2025-04-17,AP,gasolina,24.4900,4
2025-04-17,BA,diesel_s10,99.6900,16
2025-04-17,BA,etanol,83.2200,17
2025-04-17,BA,gasolina,123.6400,19
2025-04-17,CE,diesel_s10,80.0200,13
2025-04-17,CE,etanol,64.9400,12
2025-04-17,CE,gasolina,91.0600,14
2025-04-17,ES,diesel_s10,38.2300,6
2025-04-17,ES,etanol,28.0300,6
2025-04-17,ES,gasolina,59.6700,9
2025-04-17,GO,diesel_s10,86.4600,14
2025-04-17,GO,etanol,109.8500,26
2025-04-17,GO,gasolina,153.9800,25
2025-04-17,MA,diesel_s10,75.7400,12
2025-04-17,MA,etanol,52.4400,10
2025-04-17,MA,gasolina,99.5600,15
2025-04-17,MG,diesel_s10,619.1900,99
2025-04-17,MG,etanol,621.3300,141
2025-04-17,MG,gasolina,893.2200,143
2025-04-17,MS,diesel_s10,13.3300,2
2025-04-17,MS,etanol,8.8900,2
2025-04-17,MS,gasolina,12.8700,2
2025-04-17,MT,diesel_s10,50.9600,8
2025-04-17,MT,etanol,28.4900,7
2025-04-17,MT,gasolina,50.1000,8
2025-04-17,PA,diesel_s10,123.3500,18
2025-04-17,PA,etanol,27.0100,5
2025-04-17,PA,gasolina,150.3300,22
2025-04-17,PB,diesel_s10,6.2900,1
2025-04-17,PB,etanol,4.4900,1
2025-04-17,PB,gasolina,6.1900,1
2025-04-17,PE,diesel_s10,156.6600,26
2025-04-17,PE,etanol,126.7800,25
2025-04-17,PE,gasolina,201.1700,31
2025-04-17,PR,diesel_s10,105.8000,17
2025-04-17,PR,etanol,93.6400,21
2025-04-17,PR,gasolina,128.1800,20
2025-04-17,RJ,diesel_s10,81.2700,13
2025-04-17,RJ,etanol,64.5600,14
2025-04-17,RJ,gasolina,91.3500,15
2025-04-17,RN,diesel_s10,83.4300,13
2025-04-17,RN,etanol,79.1400,16
2025-04-17,RN,gasolina,102.6700,16
2025-04-17,RO,diesel_s10,47.8200,7
2025-04-17,RO,etanol,19.8700,4
2025-04-17,RO,gasolina,49.5500,7
2025-04-17,RS,diesel_s10,399.1300,62
2025-04-17,RS,etanol,188.5000,38
2025-04-17,RS,gasolina,494.1100,76
2025-04-17,SC,diesel_s10,64.6100,10
2025-04-17,SC,etanol,26.2100,5
2025-04-17,SC,gasolina,77.7100,12
2025-04-17,SP,diesel_s10,300.0000,48
2025-04-17,SP,etanol,288.8800,71
2025-04-17,SP,gasolina,427.1000,70
2025-04-17,TO,diesel_s10,12.3100,2
2025-04-17,TO,etanol,9.5900,2
2025-04-17,TO,gasolina,13.5800,2
2025-04-18,BA,diesel_s10,47.4600,8
2025-04-18,BA,etanol,37.2900,8
2025-04-18,BA,gasolina,48.4100,8
2025-04-18,CE,diesel_s10,12.9800,2
2025-04-18,CE,etanol,15.7700,3
2025-04-18,CE,gasolina,19.6700,3
2025-04-18,ES,diesel_s10,44.0900,7
2025-04-18,ES,etanol,32.6300,7
2025-04-18,ES,gasolina,73.1900,11
2025-04-18,GO,diesel_s10,55.9900,9
2025-04-18,GO,etanol,57.5900,12
2025-04-18,GO,gasolina,83.8900,13
2025-04-18,MG,diesel_s10,87.9100,14
2025-04-18,MG,etanol,74.6900,18
2025-04-18,MG,gasolina,102.3400,17
2025-04-18,PE,diesel_s10,30.6600,5
2025-04-18,PE,etanol,18.8400,4
2025-04-18,PE,gasolina,30.7800,5
2025-04-18,PR,diesel_s10,122.8800,20
2025-04-18,PR,etanol,140.5900,32
2025-04-18,PR,gasolina,191.9700,30
2025-04-18,RJ,diesel_s10,12.5800,2
2025-04-18,RJ,etanol,20.0600,4
2025-04-18,RJ,gasolina,25.4600,4
2025-04-18,RN,diesel_s10,31.4100,5
2025-04-18,RN,etanol,28.6900,6
2025-04-18,RN,gasolina,37.2200,6
2025-04-18,RS,diesel_s10,39.6400,6
2025-04-18,RS,etanol,4.8900,1
2025-04-18,RS,gasolina,32.2900,5
2025-04-18,SP,diesel_s10,49.2500,8
2025-04-18,SP,etanol,63.1900,16
2025-04-18,SP,gasolina,97.9000,16
2025-04-19,RS,diesel_s10,25.7800,4
2025-04-19,RS,etanol,4.6900,1
2025-04-19,RS,gasolina,31.9700,5
2025-04-21,AL,diesel_s10,113.9100,17
2025-04-21,AL,etanol,140.3700,28
2025-04-21,AL,gasolina,231.1100,36
2025-04-21,AM,diesel_s10,110.0200,16
2025-04-21,AM,etanol,115.2100,21
2025-04-21,AM,gasolina,177.4300,25
2025-04-21,AP,diesel_s10,33.2600,5
2025-04-21,AP,etanol,21.8900,4
2025-04-21,AP,gasolina,102.9600,17
2025-04-21,BA,diesel_s10,213.8000,34
2025-04-21,BA,etanol,204.8500,41
2025-04-21,BA,gasolina,347.3500,54
2025-04-21,CE,diesel_s10,81.8300,12
2025-04-21,CE,etanol,82.4600,15
2025-04-21,CE,gasolina,107.6700,16
2025-04-21,DF,diesel_s10,108.4200,17
2025-04-21,DF,etanol,98.4500,21
2025-04-21,DF,gasolina,234.1000,36
2025-04-21,ES,diesel_s10,25.2700,4
2025-04-21,ES,etanol,18.8900,4
2025-04-21,ES,gasolina,53.1800,8
2025-04-21,GO,diesel_s10,24.9900,4
2025-04-21,GO,etanol,16.9400,4
2025-04-21,GO,gasolina,24.4900,4
2025-04-21,MA,diesel_s10,76.0300,12
2025-04-21,MA,etanol,65.9300,13
2025-04-21,MA,gasolina,103.3400,16
2025-04-21,MG,diesel_s10,131.5500,21
2025-04-21,MG,etanol,117.9900,28
2025-04-21,MG,gasolina,184.2500,30
2025-04-21,MS,diesel_s10,83.1300,13
2025-04-21,MS,etanol,67.1400,16
2025-04-21,MS,gasolina,217.8600,34
2025-04-21,MT,diesel_s10,6.5900,1
2025-04-21,MT,etanol,4.1900,1
2025-04-21,MT,gasolina,6.3900,1
2025-04-21,PA,diesel_s10,96.4500,15
2025-04-21,PA,etanol,38.8000,8
2025-04-21,PA,gasolina,146.4300,23
2025-04-21,PB,diesel_s10,153.7600,25
2025-04-21,PB,etanol,158.0500,34
2025-04-21,PB,gasolina,235.7200,38
2025-04-21,PE,diesel_s10,100.7800,17
2025-04-21,PE,etanol,137.4200,28
2025-04-21,PE,gasolina,201.5300,31
2025-04-21,PI,diesel_s10,18.3700,3
2025-04-21,PI,etanol,42.2000,9
2025-04-21,PI,gasolina,53.1200,9
2025-04-21,PR,diesel_s10,319.9100,51
2025-04-21,PR,etanol,349.6800,79
2025-04-21,PR,gasolina,511.3300,80
2025-04-21,RJ,diesel_s10,458.2200,72
2025-04-21,RJ,etanol,434.4000,94
2025-04-21,RJ,gasolina,618.8900,101
2025-04-21,RN,diesel_s10,37.3700,6
2025-04-21,RN,etanol,47.7800,10
2025-04-21,RN,gasolina,61.6400,10
2025-04-21,RO,diesel_s10,47.6700,7
2025-04-21,RO,etanol,14.9700,3
2025-04-21,RO,gasolina,83.3000,12
2025-04-21,RR,diesel_s10,34.4500,5
2025-04-21,RR,etanol,5.1500,1
2025-04-21,RR,gasolina,48.7300,7
2025-04-21,RS,diesel_s10,102.1600,16
2025-04-21,RS,etanol,57.8900,11
2025-04-21,RS,gasolina,142.1100,22
2025-04-21,SC,diesel_s10,200.1300,31
2025-04-21,SC,etanol,195.6800,40
2025-04-21,SC,gasolina,361.0400,55
2025-04-21,SE,diesel_s10,100.0900,17
2025-04-21,SE,etanol,48.4100,10
2025-04-21,SE,gasolina,135.3800,21
2025-04-21,SP,diesel_s10,1777.3600,279
2025-04-21,SP,etanol,1813.4700,440
2025-04-21,SP,gasolina,2725.7500,443
2025-04-21,TO,diesel_s10,107.8500,17
2025-04-21,TO,etanol,92.2000,19
2025-04-21,TO,gasolina,138.4100,21
2025-04-22,AL,gasolina,6.1900,1
2025-04-22,AM,diesel_s10,75.5900,11
2025-04-22,AM,etanol,60.3900,11
2025-04-22,AM,gasolina,92.1700,13
2025-04-22,AP,diesel_s10,6.6300,1
2025-04-22,AP,gasolina,6.0900,1
2025-04-22,BA,diesel_s10,236.7100,37
2025-04-22,BA,etanol,250.8900,52
2025-04-22,BA,gasolina,358.8600,56
2025-04-22,CE,diesel_s10,211.2800,34
2025-04-22,CE,etanol,230.4900,43
2025-04-22,CE,gasolina,295.7100,45
2025-04-22,DF,diesel_s10,12.7100,2
2025-04-22,DF,etanol,14.2500,3
2025-04-22,DF,gasolina,78.6600,12
2025-04-22,ES,diesel_s10,215.1000,34
2025-04-22,ES,etanol,143.8700,32
2025-04-22,ES,gasolina,310.7800,50
2025-04-22,GO,diesel_s10,208.8400,33
2025-04-22,GO,etanol,189.1900,42
2025-04-22,GO,gasolina,294.2800,46
2025-04-22,MA,diesel_s10,150.1700,23
2025-04-22,MA,etanol,78.3700,15
2025-04-22,MA,gasolina,177.2200,27
2025-04-22,MG,diesel_s10,497.1800,79
2025-04-22,MG,etanol,430.9500,97
2025-04-22,MG,gasolina,656.4000,104
2025-04-22,MS,diesel_s10,18.9100,3
2025-04-22,MS,etanol,20.0800,5
2025-04-22,MS,gasolina,53.0200,9
2025-04-22,MT,diesel_s10,50.5400,8
2025-04-22,MT,etanol,55.4400,14
2025-04-22,MT,gasolina,85.8400,14
2025-04-22,PA,diesel_s10,61.0500,10
2025-04-22,PA,etanol,33.1300,7
2025-04-22,PA,gasolina,64.9500,11
2025-04-22,PB,diesel_s10,37.6400,6
2025-04-22,PB,etanol,9.9800,2
2025-04-22,PB,gasolina,43.2900,7
2025-04-22,PE,diesel_s10,221.6400,37
2025-04-22,PE,etanol,146.4800,30
2025-04-22,PE,gasolina,289.3900,45
2025-04-22,PI,diesel_s10,36.7400,6
2025-04-22,PI,etanol,23.9100,5
2025-04-22,PI,gasolina,42.2500,7
2025-04-22,PR,diesel_s10,304.9000,48
2025-04-22,PR,etanol,285.6900,64
2025-04-22,PR,gasolina,422.8700,65
2025-04-22,RJ,diesel_s10,475.3700,75
2025-04-22,RJ,etanol,523.9100,113
2025-04-22,RJ,gasolina,786.2400,127
2025-04-22,RN,diesel_s10,44.0800,7
2025-04-22,RN,etanol,33.5100,7
2025-04-22,RN,gasolina,42.7800,7
2025-04-22,RO,diesel_s10,88.4000,13
2025-04-22,RO,etanol,40.5100,8
2025-04-22,RO,gasolina,103.7800,15
2025-04-22,RR,diesel_s10,61.8400,9
2025-04-22,RR,etanol,30.9500,6
2025-04-22,RR,gasolina,62.6700,9
2025-04-22,RS,diesel_s10,507.9600,79
2025-04-22,RS,etanol,221.5600,45
2025-04-22,RS,gasolina,686.5600,109
2025-04-22,SC,diesel_s10,119.9900,19
2025-04-22,SC,etanol,102.8500,22
2025-04-22,SC,gasolina,228.1400,35
2025-04-22,SE,diesel_s10,42.6400,7
2025-04-22,SE,etanol,58.5700,12
2025-04-22,SE,gasolina,124.6200,19
2025-04-22,SP,diesel_s10,1331.0900,211
2025-04-22,SP,etanol,1228.9100,296
2025-04-22,SP,gasolina,1846.7700,299
2025-04-23,AL,diesel_s10,62.1700,10
2025-04-23,AL,etanol,90.4800,18
2025-04-23,AL,gasolina,132.0300,21
2025-04-23,BA,diesel_s10,159.9500,25
2025-04-23,BA,etanol,146.0800,30
2025-04-23,BA,gasolina,186.0700,29
2025-04-23,CE,diesel_s10,39.9900,6
2025-04-23,CE,etanol,30.8600,6
2025-04-23,CE,gasolina,64.4900,10
2025-04-23,DF,etanol,9.5600,2
2025-04-23,DF,gasolina,13.1300,2
2025-04-23,ES,diesel_s10,50.2400,8
2025-04-23,ES,etanol,54.3100,12
2025-04-23,ES,gasolina,105.5800,17
2025-04-23,GO,diesel_s10,177.6900,29
2025-04-23,GO,etanol,171.2500,38
2025-04-23,GO,gasolina,240.0000,38
2025-04-23,MA,diesel_s10,64.8500,11
2025-04-23,MA,etanol,42.7400,9
2025-04-23,MA,gasolina,74.9500,13
2025-04-23,MG,diesel_s10,394.7300,64
2025-04-23,MG,etanol,396.7000,90
2025-04-23,MG,gasolina,605.2400,97
2025-04-23,MS,diesel_s10,26.2300,4
2025-04-23,MS,etanol,25.5500,6
2025-04-23,MS,gasolina,44.4100,7
2025-04-23,MT,diesel_s10,176.2600,27
2025-04-23,MT,etanol,159.7000,39
2025-04-23,MT,gasolina,256.9900,41
2025-04-23,PA,diesel_s10,161.0100,25
2025-04-23,PA,etanol,83.5600,17
2025-04-23,PA,gasolina,252.7000,40
2025-04-23,PB,diesel_s10,103.4000,17
2025-04-23,PB,etanol,80.5900,18
2025-04-23,PB,gasolina,122.7100,20
2025-04-23,PE,diesel_s10,155.0200,27
2025-04-23,PE,etanol,136.6100,29
2025-04-23,PE,gasolina,198.9800,32
2025-04-23,PI,diesel_s10,75.2200,12
2025-04-23,PI,etanol,34.2900,7
2025-04-23,PI,gasolina,97.3300,16
2025-04-23,PR,diesel_s10,150.5500,24
2025-04-23,PR,etanol,154.9500,33
2025-04-23,PR,gasolina,233.4000,35
2025-04-23,RJ,diesel_s10,157.8100,25
2025-04-23,RJ,etanol,130.5000,29
2025-04-23,RJ,gasolina,204.8500,34
2025-04-23,RN,diesel_s10,27.5200,4
2025-04-23,RN,etanol,19.7100,4
2025-04-23,RN,gasolina,27.0600,4
2025-04-23,RO,diesel_s10,94.0500,14
2025-04-23,RO,etanol,51.7200,10
2025-04-23,RO,gasolina,142.5100,20
2025-04-23,RS,diesel_s10,357.5700,57
2025-04-23,RS,etanol,162.4400,34
2025-04-23,RS,gasolina,575.9000,92
2025-04-23,SC,diesel_s10,202.7800,32
2025-04-23,SC,etanol,142.1000,30
2025-04-23,SC,gasolina,283.1700,44
2025-04-23,SP,diesel_s10,786.6300,125
2025-04-23,SP,etanol,772.2600,187
2025-04-23,SP,gasolina,1158.7000,190
2025-04-23,TO,diesel_s10,79.0200,13
2025-04-23,TO,etanol,71.7700,15
2025-04-23,TO,gasolina,108.7900,17
2025-04-24,AC,diesel_s10,57.2900,7
2025-04-24,AC,etanol,17.9800,3
2025-04-24,AC,gasolina,48.5000,6
2025-04-24,AM,diesel_s10,54.6700,8
2025-04-24,AM,etanol,37.9600,7
2025-04-24,AM,gasolina,58.0200,8
2025-04-24,BA,diesel_s10,318.0500,51
2025-04-24,BA,etanol,278.8200,57
2025-04-24,BA,gasolina,418.4300,64
2025-04-24,CE,diesel_s10,78.9300,13
2025-04-24,CE,etanol,85.9400,16
2025-04-24,CE,gasolina,104.5100,16
2025-04-24,ES,diesel_s10,50.4700,8
2025-04-24,ES,etanol,43.4700,9
2025-04-24,ES,gasolina,105.1100,16
2025-04-24,GO,diesel_s10,116.8400,19
2025-04-24,GO,etanol,129.9400,31
2025-04-24,GO,gasolina,190.4800,31
2025-04-24,MA,diesel_s10,179.8400,30
2025-04-24,MA,etanol,100.2100,21
2025-04-24,MA,gasolina,189.2300,32
2025-04-24,MG,diesel_s10,595.3100,96
2025-04-24,MG,etanol,572.3400,132
2025-04-24,MG,gasolina,850.5600,138
2025-04-24,MS,diesel_s10,12.9000,2
2025-04-24,MS,etanol,8.7800,2
2025-04-24,MS,gasolina,6.4900,1
2025-04-24,MT,diesel_s10,70.8900,12
2025-04-24,MT,etanol,76.4200,19
2025-04-24,MT,gasolina,115.6000,19
2025-04-24,PA,diesel_s10,128.4400,19
2025-04-24,PA,etanol,35.7100,7
2025-04-24,PA,gasolina,179.9800,27
2025-04-24,PE,diesel_s10,127.0800,20
2025-04-24,PE,etanol,91.2800,18
2025-04-24,PE,gasolina,132.5600,20
2025-04-24,PI,diesel_s10,99.3900,16
2025-04-24,PI,etanol,83.5200,18
2025-04-24,PI,gasolina,148.2100,25
2025-04-24,PR,diesel_s10,281.5600,45
2025-04-24,PR,etanol,297.9400,66
2025-04-24,PR,gasolina,416.3200,64
2025-04-24,RJ,diesel_s10,208.1500,32
2025-04-24,RJ,etanol,203.0100,43
2025-04-24,RJ,gasolina,280.9800,45
2025-04-24,RN,diesel_s10,76.4900,12
2025-04-24,RN,etanol,80.3100,16
2025-04-24,RN,gasolina,117.3000,18
2025-04-24,RO,diesel_s10,13.7300,2
2025-04-24,RO,etanol,9.9700,2
2025-04-24,RO,gasolina,14.1800,2
2025-04-24,RS,diesel_s10,381.4600,59
2025-04-24,RS,etanol,142.2200,28
2025-04-24,RS,gasolina,449.9400,70
2025-04-24,SC,diesel_s10,37.8400,6
2025-04-24,SC,etanol,19.4600,4
2025-04-24,SC,gasolina,38.3000,6
2025-04-24,SP,diesel_s10,787.8000,125
2025-04-24,SP,etanol,750.2200,181
2025-04-24,SP,gasolina,1126.6400,183
2025-04-24,TO,diesel_s10,48.6100,8
2025-04-24,TO,etanol,28.7700,6
2025-04-24,TO,gasolina,59.3000,9
2025-04-25,AM,diesel_s10,58.7300,7
2025-04-25,AM,gasolina,67.1200,8
2025-04-25,BA,diesel_s10,145.5400,24
2025-04-25,BA,etanol,119.7500,26
2025-04-25,BA,gasolina,170.8100,28
2025-04-25,CE,diesel_s10,38.6600,6
2025-04-25,CE,etanol,43.2200,8
2025-04-25,CE,gasolina,46.0300,7
2025-04-25,ES,diesel_s10,6.4900,1
2025-04-25,ES,etanol,9.2800,2
2025-04-25,ES,gasolina,20.0700,3
2025-04-25,GO,diesel_s10,97.3200,16
2025-04-25,GO,etanol,80.1600,19
2025-04-25,GO,gasolina,110.0500,18
2025-04-25,MA,diesel_s10,18.4700,3
2025-04-25,MA,etanol,5.0900,1
2025-04-25,MA,gasolina,19.7700,3
2025-04-25,MG,diesel_s10,256.3300,41
2025-04-25,MG,etanol,269.4800,62
2025-04-25,MG,gasolina,401.1100,65
2025-04-25,MT,diesel_s10,25.8800,4
2025-04-25,MT,etanol,16.3600,4
2025-04-25,MT,gasolina,24.6100,4
2025-04-25,PA,diesel_s10,21.7700,3
2025-04-25,PA,gasolina,35.1800,5
2025-04-25,PB,diesel_s10,6.1900,1
2025-04-25,PB,etanol,4.4600,1
2025-04-25,PB,gasolina,6.1600,1
2025-04-25,PE,diesel_s10,350.3500,60
2025-04-25,PE,etanol,278.9600,59
2025-04-25,PE,gasolina,400.3100,65
2025-04-25,PR,diesel_s10,75.4100,12
2025-04-25,PR,etanol,75.6300,16
2025-04-25,PR,gasolina,101.5000,15
2025-04-25,RJ,diesel_s10,43.8900,7
2025-04-25,RJ,etanol,57.1800,12
2025-04-25,RJ,gasolina,102.5800,16
2025-04-25,RN,diesel_s10,6.2900,1
2025-04-25,RN,etanol,4.7800,1
2025-04-25,RN,gasolina,6.1500,1
2025-04-25,RO,diesel_s10,6.8500,1
2025-04-25,RO,gasolina,7.1500,1
2025-04-25,RS,diesel_s10,223.2000,36
2025-04-25,RS,etanol,85.4800,18
2025-04-25,RS,gasolina,272.1200,43
2025-04-25,SC,diesel_s10,57.6300,9
2025-04-25,SC,etanol,24.4700,5
2025-04-25,SC,gasolina,66.3000,10
2025-04-25,SP,diesel_s10,126.2800,20
2025-04-25,SP,etanol,124.2800,30
2025-04-25,SP,gasolina,184.3000,30
2025-04-26,GO,diesel_s10,154.6500,25
2025-04-26,GO,etanol,158.1400,33
2025-04-26,GO,gasolina,212.5600,33
2025-04-28,AL,diesel_s10,167.8300,26
2025-04-28,AL,etanol,189.2200,38
2025-04-28,AL,gasolina,285.8000,44
2025-04-28,AM,diesel_s10,109.8200,16
2025-04-28,AM,etanol,115.2300,21
2025-04-28,AM,gasolina,177.2300,25
2025-04-28,BA,diesel_s10,251.0900,41
2025-04-28,BA,etanol,249.4900,52
2025-04-28,BA,gasolina,348.6800,55
2025-04-28,CE,diesel_s10,243.0100,37
2025-04-28,CE,etanol,201.6900,38
2025-04-28,CE,gasolina,296.1400,45
2025-04-28,DF,diesel_s10,75.5100,12
2025-04-28,DF,etanol,69.6400,15
2025-04-28,DF,gasolina,109.7100,17
2025-04-28,ES,diesel_s10,170.0400,27
2025-04-28,ES,etanol,138.0300,30
2025-04-28,ES,gasolina,283.7100,45
2025-04-28,GO,diesel_s10,357.2800,58
2025-04-28,GO,etanol,376.7300,81
2025-04-28,GO,gasolina,545.9600,85
2025-04-28,MA,diesel_s10,246.8500,40
2025-04-28,MA,etanol,122.7800,24
2025-04-28,MA,gasolina,292.7200,47
2025-04-28,MG,diesel_s10,492.4600,80
2025-04-28,MG,etanol,505.7000,116
2025-04-28,MG,gasolina,781.1900,126
2025-04-28,MS,diesel_s10,76.5900,12
2025-04-28,MS,etanol,51.1700,12
2025-04-28,MS,gasolina,206.8200,32
2025-04-28,MT,diesel_s10,68.4500,11
2025-04-28,MT,etanol,87.4400,21
2025-04-28,MT,gasolina,136.5800,22
2025-04-28,PA,diesel_s10,112.4500,18
2025-04-28,PA,etanol,67.2300,14
2025-04-28,PA,gasolina,221.1800,35
2025-04-28,PB,diesel_s10,115.9200,19
2025-04-28,PB,etanol,129.9900,28
2025-04-28,PB,gasolina,191.8700,31
2025-04-28,PE,diesel_s10,356.4800,61
2025-04-28,PE,etanol,339.6400,73
2025-04-28,PE,gasolina,511.6200,83
2025-04-28,PI,diesel_s10,74.8100,12
2025-04-28,PI,etanol,56.4300,12
2025-04-28,PI,gasolina,107.2900,18
2025-04-28,PR,diesel_s10,361.2800,58
2025-04-28,PR,etanol,417.6300,90
2025-04-28,PR,gasolina,617.2800,93
2025-04-28,RJ,diesel_s10,962.2200,151
2025-04-28,RJ,etanol,964.8500,207
2025-04-28,RJ,gasolina,1402.6900,226
2025-04-28,RN,diesel_s10,71.6600,11
2025-04-28,RN,etanol,66.1400,12
2025-04-28,RN,gasolina,79.1900,12
2025-04-28,RO,diesel_s10,7.5800,1
2025-04-28,RO,gasolina,7.2900,1
2025-04-28,RR,diesel_s10,27.4700,4
2025-04-28,RR,etanol,5.1500,1
2025-04-28,RR,gasolina,41.7400,6
2025-04-28,RS,diesel_s10,400.9600,63
2025-04-28,RS,etanol,248.5000,50
2025-04-28,RS,gasolina,668.9700,107
2025-04-28,SC,diesel_s10,352.4300,55
2025-04-28,SC,etanol,260.1000,55
2025-04-28,SC,gasolina,568.2900,87
2025-04-28,SE,diesel_s10,36.2400,6
2025-04-28,SE,etanol,24.6100,5
2025-04-28,SE,gasolina,53.0300,8
2025-04-28,SP,diesel_s10,2356.2800,374
2025-04-28,SP,etanol,2471.6900,601
2025-04-28,SP,gasolina,3666.8000,598
2025-04-28,TO,diesel_s10,106.0500,17
2025-04-28,TO,etanol,100.9300,21
2025-04-28,TO,gasolina,147.2000,22
2025-04-29,AC,diesel_s10,15.5800,2
2025-04-29,AC,etanol,10.6100,2
2025-04-29,AC,gasolina,22.8800,3
2025-04-29,AM,diesel_s10,75.5900,11
2025-04-29,AM,etanol,71.3700,13
2025-04-29,AM,gasolina,106.3500,15
2025-04-29,AP,diesel_s10,32.8300,5
2025-04-29,AP,etanol,21.5800,4
2025-04-29,AP,gasolina,102.9200,17
2025-04-29,BA,diesel_s10,347.8300,55
2025-04-29,BA,etanol,305.0600,63
2025-04-29,BA,gasolina,460.3400,72
2025-04-29,CE,diesel_s10,225.8500,37
2025-04-29,CE,etanol,278.1900,52
2025-04-29,CE,gasolina,365.0000,56
2025-04-29,DF,diesel_s10,63.8300,10
2025-04-29,DF,etanol,70.2100,15
2025-04-29,DF,gasolina,207.3500,32
2025-04-29,ES,diesel_s10,69.1700,11
2025-04-29,ES,etanol,68.1900,15
2025-04-29,ES,gasolina,137.4900,22
2025-04-29,GO,diesel_s10,210.9200,34
2025-04-29,GO,etanol,219.1100,49
2025-04-29,GO,gasolina,309.1600,49
2025-04-29,MA,diesel_s10,151.6500,26
2025-04-29,MA,etanol,88.8500,19
2025-04-29,MA,gasolina,176.1500,31
2025-04-29,MG,diesel_s10,646.3400,104
2025-04-29,MG,etanol,667.8900,154
2025-04-29,MG,gasolina,1009.0400,163
2025-04-29,MS,diesel_s10,64.0600,10
2025-04-29,MS,etanol,52.7000,13
2025-04-29,MS,gasolina,101.5600,17
2025-04-29,MT,diesel_s10,83.5200,14
2025-04-29,MT,etanol,83.0600,20
2025-04-29,MT,gasolina,123.6600,20
2025-04-29,PA,diesel_s10,160.5400,25
2025-04-29,PA,etanol,76.7200,16
2025-04-29,PA,gasolina,205.2100,32
2025-04-29,PB,diesel_s10,159.5300,26
2025-04-29,PB,etanol,100.1500,22
2025-04-29,PB,gasolina,190.4900,31
2025-04-29,PE,diesel_s10,256.8900,44
2025-04-29,PE,etanol,187.3600,39
2025-04-29,PE,gasolina,310.9400,49
2025-04-29,PI,diesel_s10,60.7200,10
2025-04-29,PI,etanol,69.7800,15
2025-04-29,PI,gasolina,95.0700,16
2025-04-29,PR,diesel_s10,153.3000,24
2025-04-29,PR,etanol,171.9700,37
2025-04-29,PR,gasolina,266.5800,40
2025-04-29,RJ,diesel_s10,256.7600,40
2025-04-29,RJ,etanol,291.6100,63
2025-04-29,RJ,gasolina,471.8000,76
2025-04-29,RN,diesel_s10,67.0600,10
2025-04-29,RN,etanol,41.8400,8
2025-04-29,RN,gasolina,59.5400,9
2025-04-29,RO,diesel_s10,79.2400,12
2025-04-29,RO,etanol,30.8500,6
2025-04-29,RO,gasolina,98.3500,14
2025-04-29,RR,diesel_s10,68.8200,10
2025-04-29,RR,etanol,30.9500,6
2025-04-29,RR,gasolina,69.5400,10
2025-04-29,RS,diesel_s10,592.2800,93
2025-04-29,RS,etanol,257.2900,52
2025-04-29,RS,gasolina,783.2500,124
2025-04-29,SC,diesel_s10,121.9400,19
2025-04-29,SC,etanol,79.2000,16
2025-04-29,SC,gasolina,183.3800,28
2025-04-29,SE,diesel_s10,65.0300,11
2025-04-29,SE,etanol,63.3000,13
2025-04-29,SE,gasolina,163.8400,25
2025-04-29,SP,diesel_s10,1285.8100,204
2025-04-29,SP,etanol,1260.7000,305
2025-04-29,SP,gasolina,1915.0900,310
2025-04-29,TO,diesel_s10,49.0200,8
2025-04-29,TO,etanol,46.6600,10
2025-04-29,TO,gasolina,67.0500,11
2025-04-30,AC,diesel_s10,7.9900,1
2025-04-30,AC,etanol,10.9400,2
2025-04-30,AC,gasolina,15.3300,2
2025-04-30,AL,diesel_s10,25.6600,4
2025-04-30,AL,etanol,61.2100,13
2025-04-30,AL,gasolina,83.2900,14
2025-04-30,AM,diesel_s10,67.1200,8
2025-04-30,AM,gasolina,67.1200,8
2025-04-30,BA,diesel_s10,245.2900,39
2025-04-30,BA,etanol,226.7300,47
2025-04-30,BA,gasolina,358.5700,56
2025-04-30,CE,diesel_s10,110.7700,18
2025-04-30,CE,etanol,94.5200,18
2025-04-30,CE,gasolina,130.5100,20
2025-04-30,DF,gasolina,6.5500,1
2025-04-30,ES,diesel_s10,37.6000,6
2025-04-30,ES,etanol,18.8600,4
2025-04-30,ES,gasolina,78.8600,12
2025-04-30,GO,diesel_s10,25.7600,4
2025-04-30,GO,etanol,36.9000,8
2025-04-30,GO,gasolina,51.8000,8
2025-04-30,MA,diesel_s10,159.3800,25
2025-04-30,MA,etanol,89.3600,17
2025-04-30,MA,gasolina,174.4900,26
2025-04-30,MG,diesel_s10,453.1300,73
2025-04-30,MG,etanol,424.7000,98
2025-04-30,MG,gasolina,594.4000,96
2025-04-30,MT,diesel_s10,83.7900,13
2025-04-30,MT,etanol,78.9400,19
2025-04-30,MT,gasolina,119.7800,19
2025-04-30,PA,diesel_s10,180.7100,27
2025-04-30,PA,etanol,35.7400,7
2025-04-30,PA,gasolina,238.5300,36
2025-04-30,PB,diesel_s10,6.1900,1
2025-04-30,PB,etanol,13.7600,3
2025-04-30,PB,gasolina,18.5500,3
2025-04-30,PE,diesel_s10,330.5300,55
2025-04-30,PE,etanol,252.3500,52
2025-04-30,PE,gasolina,360.0400,58
2025-04-30,PI,diesel_s10,80.4800,13
2025-04-30,PI,etanol,52.4300,11
2025-04-30,PI,gasolina,101.4500,17
2025-04-30,PR,diesel_s10,322.5600,51
2025-04-30,PR,etanol,295.1300,67
2025-04-30,PR,gasolina,448.8100,70
2025-04-30,RJ,diesel_s10,112.1100,18
2025-04-30,RJ,etanol,106.1500,22
2025-04-30,RJ,gasolina,157.8600,25
2025-04-30,RN,diesel_s10,89.2100,14
2025-04-30,RN,etanol,94.8500,19
2025-04-30,RN,gasolina,136.7400,21
2025-04-30,RO,diesel_s10,75.3700,11
2025-04-30,RO,etanol,39.4900,8
2025-04-30,RO,gasolina,117.2700,17
2025-04-30,RS,diesel_s10,393.0500,63
2025-04-30,RS,etanol,135.6200,28
2025-04-30,RS,gasolina,495.5600,80
2025-04-30,SC,diesel_s10,75.2000,12
2025-04-30,SC,etanol,67.7800,14
2025-04-30,SC,gasolina,129.6700,20
2025-04-30,SP,diesel_s10,860.9700,138
2025-04-30,SP,etanol,816.5800,199
2025-04-30,SP,gasolina,1232.8400,202
2025-04-30,TO,diesel_s10,60.3300,10
2025-04-30,TO,etanol,32.9000,7
2025-04-30,TO,gasolina,65.1200,10
2025-05-01,AC,diesel_s10,23.4200,3
2025-05-01,AC,etanol,21.3600,4
2025-05-01,AC,gasolina,45.9700,6
2025-05-01,BA,diesel_s10,176.2900,28
2025-05-01,BA,etanol,183.6300,37
2025-05-01,BA,gasolina,242.3300,37
2025-05-01,ES,diesel_s10,62.1300,10
2025-05-01,ES,etanol,53.4700,12
2025-05-01,ES,gasolina,86.6200,14
2025-05-01,GO,diesel_s10,30.6000,5
2025-05-01,GO,etanol,32.3500,7
2025-05-01,GO,gasolina,45.0600,7
2025-05-01,MG,diesel_s10,122.1400,20
2025-05-01,MG,etanol,104.5000,24
2025-05-01,MG,gasolina,153.5300,25
2025-05-01,MT,diesel_s10,26.7500,4
2025-05-01,MT,etanol,21.6700,5
2025-05-01,MT,gasolina,46.7400,7
2025-05-01,PA,diesel_s10,39.6800,6
2025-05-01,PA,etanol,10.5400,2
2025-05-01,PA,gasolina,39.7400,6
2025-05-01,PE,diesel_s10,23.1400,4
2025-05-01,PE,etanol,18.2600,4
2025-05-01,PE,gasolina,30.9800,5
2025-05-01,PR,diesel_s10,137.5700,22
2025-05-01,PR,etanol,128.8400,30
2025-05-01,PR,gasolina,163.9900,26
2025-05-01,RJ,diesel_s10,62.4000,10
2025-05-01,RJ,etanol,50.8400,11
2025-05-01,RJ,gasolina,95.9100,15
2025-05-01,RN,diesel_s10,13.2800,2
2025-05-01,RN,etanol,4.7600,1
2025-05-01,RN,gasolina,12.8800,2
2025-05-01,RO,diesel_s10,20.3700,3
2025-05-01,RO,etanol,4.8900,1
2025-05-01,RO,gasolina,20.9400,3
2025-05-01,RS,diesel_s10,199.8700,31
2025-05-01,RS,etanol,68.7000,14
2025-05-01,RS,gasolina,236.9000,36
2025-05-01,SC,diesel_s10,76.4000,12
2025-05-01,SC,etanol,59.2900,12
2025-05-01,SC,gasolina,103.1800,16
2025-05-01,SP,diesel_s10,153.9200,25
2025-05-01,SP,etanol,156.8900,38
2025-05-01,SP,gasolina,228.8900,37
2025-05-01,TO,diesel_s10,18.4000,3
2025-05-01,TO,etanol,14.6800,3
2025-05-01,TO,gasolina,26.9100,4
2025-05-02,AC,diesel_s10,57.2700,7
2025-05-02,AC,etanol,17.9800,3
2025-05-02,AC,gasolina,56.5700,7
2025-05-02,AM,diesel_s10,6.8500,1
2025-05-02,AM,etanol,5.3900,1
2025-05-02,AM,gasolina,6.9600,1
2025-05-02,BA,diesel_s10,71.2900,12
2025-05-02,BA,etanol,50.2900,11
2025-05-02,BA,gasolina,77.3600,13
2025-05-02,CE,diesel_s10,6.5500,1
2025-05-02,CE,etanol,5.2900,1
2025-05-02,CE,gasolina,13.0900,2
2025-05-02,GO,diesel_s10,97.1800,16
2025-05-02,GO,etanol,93.2500,22
2025-05-02,GO,gasolina,146.1900,24
2025-05-02,MA,diesel_s10,44.9600,7
2025-05-02,MA,etanol,10.1900,2
2025-05-02,MA,gasolina,38.2500,6
2025-05-02,MG,diesel_s10,104.0500,17
2025-05-02,MG,etanol,97.6300,22
2025-05-02,MG,gasolina,149.1600,24
2025-05-02,MT,diesel_s10,63.9200,10
2025-05-02,MT,etanol,44.9000,11
2025-05-02,MT,gasolina,67.7700,11
2025-05-02,PA,etanol,5.2500,1
2025-05-02,PB,diesel_s10,12.3800,2
2025-05-02,PB,etanol,9.0500,2
2025-05-02,PB,gasolina,12.2800,2
2025-05-02,PI,diesel_s10,50.1900,8
2025-05-02,PI,etanol,18.8700,4
2025-05-02,PI,gasolina,48.5100,8
2025-05-02,PR,diesel_s10,111.4500,18
2025-05-02,PR,etanol,111.9300,26
2025-05-02,PR,gasolina,163.5500,26
2025-05-02,RJ,gasolina,6.6900,1
2025-05-02,RN,diesel_s10,25.7600,4
2025-05-02,RN,etanol,26.6100,5
2025-05-02,RN,gasolina,32.2500,5
2025-05-02,RO,diesel_s10,40.1700,6
2025-05-02,RO,etanol,9.9900,2
2025-05-02,RO,gasolina,62.2700,9
2025-05-02,RS,diesel_s10,18.0700,3
2025-05-02,RS,etanol,4.5500,1
2025-05-02,RS,gasolina,18.2700,3
2025-05-02,SC,diesel_s10,17.9700,3
2025-05-02,SC,etanol,9.6600,2
2025-05-02,SC,gasolina,25.0400,4
2025-05-02,SE,diesel_s10,34.7100,6
2025-05-02,SE,etanol,23.9900,5
2025-05-02,SE,gasolina,52.0800,8
2025-05-02,SP,diesel_s10,401.3600,64
2025-05-02,SP,etanol,349.1600,83
2025-05-02,SP,gasolina,520.6200,84
2025-05-05,AL,diesel_s10,69.0600,11
2025-05-05,AL,etanol,90.9500,18
2025-05-05,AL,gasolina,128.6900,20
2025-05-05,AM,diesel_s10,109.6200,16
2025-05-05,AM,etanol,115.2300,21
2025-05-05,AM,gasolina,177.2300,25
2025-05-05,AP,diesel_s10,32.8300,5
2025-05-05,AP,etanol,21.5800,4
2025-05-05,AP,gasolina,102.9700,17
2025-05-05,BA,diesel_s10,359.7100,57
2025-05-05,BA,etanol,324.9500,66
2025-05-05,BA,gasolina,507.3400,79
2025-05-05,CE,diesel_s10,210.7400,33
2025-05-05,CE,etanol,200.7100,38
2025-05-05,CE,gasolina,279.7300,43
2025-05-05,DF,diesel_s10,87.6100,14
2025-05-05,DF,etanol,79.3200,17
2025-05-05,DF,gasolina,136.6400,21
2025-05-05,ES,diesel_s10,37.7100,6
2025-05-05,ES,etanol,38.4900,8
2025-05-05,ES,gasolina,103.2300,16
2025-05-05,GO,diesel_s10,260.0500,42
2025-05-05,GO,etanol,262.6900,55
2025-05-05,GO,gasolina,387.9000,60
2025-05-05,MA,diesel_s10,202.0900,33
2025-05-05,MA,etanol,121.5500,24
2025-05-05,MA,gasolina,256.2200,41
2025-05-05,MG,diesel_s10,424.3000,69
2025-05-05,MG,etanol,424.9000,97
2025-05-05,MG,gasolina,643.5200,104
2025-05-05,MS,diesel_s10,76.2600,12
2025-05-05,MS,etanol,58.1800,14
2025-05-05,MS,gasolina,209.7700,33
2025-05-05,MT,diesel_s10,63.9500,10
2025-05-05,MT,etanol,81.6400,20
2025-05-05,MT,gasolina,131.1900,21
2025-05-05,PA,diesel_s10,187.4400,30
2025-05-05,PA,etanol,76.7300,16
2025-05-05,PA,gasolina,285.7600,45
2025-05-05,PB,diesel_s10,61.5800,10
2025-05-05,PB,etanol,46.2600,10
2025-05-05,PB,gasolina,97.7400,16
2025-05-05,PE,diesel_s10,249.3500,43
2025-05-05,PE,etanol,265.6600,57
2025-05-05,PE,gasolina,400.6900,66
2025-05-05,PI,diesel_s10,57.0600,9
2025-05-05,PI,etanol,70.4200,15
2025-05-05,PI,gasolina,119.4200,20
2025-05-05,PR,diesel_s10,249.1900,40
2025-05-05,PR,etanol,287.2900,65
2025-05-05,PR,gasolina,419.1300,65
2025-05-05,RJ,diesel_s10,828.8900,131
2025-05-05,RJ,etanol,871.4900,187
2025-05-05,RJ,gasolina,1240.1100,200
2025-05-05,RN,diesel_s10,32.3300,5
2025-05-05,RN,etanol,33.1900,6
2025-05-05,RN,gasolina,39.6900,6
2025-05-05,RR,diesel_s10,6.8900,1
2025-05-05,RR,etanol,5.1500,1
2025-05-05,RR,gasolina,20.8900,3
2025-05-05,RS,diesel_s10,471.1600,74
2025-05-05,RS,etanol,213.2400,43
2025-05-05,RS,gasolina,657.1600,104
2025-05-05,SC,diesel_s10,296.0100,47
2025-05-05,SC,etanol,248.0700,52
2025-05-05,SC,gasolina,561.3600,86
2025-05-05,SE,diesel_s10,136.4500,23
2025-05-05,SE,etanol,112.0000,23
2025-05-05,SE,gasolina,263.9400,40
2025-05-05,SP,diesel_s10,1949.6600,311
2025-05-05,SP,etanol,2077.3900,507
2025-05-05,SP,gasolina,3104.2600,506
2025-05-05,TO,diesel_s10,118.9300,19
2025-05-05,TO,etanol,105.9200,22
2025-05-05,TO,gasolina,154.0900,23
2025-05-06,AL,diesel_s10,60.4400,9
2025-05-06,AL,etanol,55.7700,11
2025-05-06,AL,gasolina,93.8400,14
2025-05-06,AM,diesel_s10,68.7000,10
2025-05-06,AM,etanol,60.3900,11
2025-05-06,AM,gasolina,99.2600,14
2025-05-06,BA,diesel_s10,192.9000,30
2025-05-06,BA,etanol,178.1800,37
2025-05-06,BA,gasolina,258.3700,40
2025-05-06,CE,diesel_s10,151.3700,24
2025-05-06,CE,etanol,183.5600,34
2025-05-06,CE,gasolina,222.5100,34
2025-05-06,DF,diesel_s10,32.1300,5
2025-05-06,DF,etanol,23.7600,5
2025-05-06,DF,gasolina,150.2200,23
2025-05-06,ES,diesel_s10,68.3400,11
2025-05-06,ES,etanol,40.6000,9
2025-05-06,ES,gasolina,102.8700,17
2025-05-06,GO,diesel_s10,255.3600,42
2025-05-06,GO,etanol,247.0300,56
2025-05-06,GO,gasolina,351.8000,56
2025-05-06,MA,diesel_s10,171.5800,27
2025-05-06,MA,etanol,106.4300,21
2025-05-06,MA,gasolina,197.2000,31
2025-05-06,MG,diesel_s10,384.5300,62
2025-05-06,MG,etanol,379.3000,87
2025-05-06,MG,gasolina,597.4900,96
2025-05-06,MS,diesel_s10,44.0800,7
2025-05-06,MS,etanol,40.9800,10
2025-05-06,MS,gasolina,78.8600,13
2025-05-06,MT,diesel_s10,102.4200,17
2025-05-06,MT,etanol,88.1700,22
2025-05-06,MT,gasolina,141.2700,23
2025-05-06,PA,diesel_s10,115.4000,18
2025-05-06,PA,etanol,49.1100,10
2025-05-06,PA,gasolina,140.7300,22
2025-05-06,PB,diesel_s10,31.4000,5
2025-05-06,PB,etanol,9.9800,2
2025-05-06,PB,gasolina,42.9300,7
2025-05-06,PE,diesel_s10,63.4500,11
2025-05-06,PE,etanol,47.8100,10
2025-05-06,PE,gasolina,77.2800,13
2025-05-06,PI,diesel_s10,36.7500,6
2025-05-06,PI,etanol,19.2800,4
2025-05-06,PI,gasolina,36.1300,6
2025-05-06,PR,diesel_s10,106.7600,17
2025-05-06,PR,etanol,108.1200,25
2025-05-06,PR,gasolina,157.5600,25
2025-05-06,RJ,diesel_s10,322.1700,51
2025-05-06,RJ,etanol,332.5100,72
2025-05-06,RJ,gasolina,532.0800,86
2025-05-06,RN,diesel_s10,67.8100,10
2025-05-06,RN,etanol,65.0700,12
2025-05-06,RN,gasolina,87.3200,13
2025-05-06,RO,diesel_s10,113.4200,17
2025-05-06,RO,etanol,45.6400,9
2025-05-06,RO,gasolina,152.5300,22
2025-05-06,RR,diesel_s10,54.9900,8
2025-05-06,RR,etanol,5.2000,1
2025-05-06,RR,gasolina,55.6000,8
2025-05-06,RS,diesel_s10,494.0500,78
2025-05-06,RS,etanol,266.5000,54
2025-05-06,RS,gasolina,679.0600,109
2025-05-06,SC,diesel_s10,100.9300,16
2025-05-06,SC,etanol,52.3700,11
2025-05-06,SC,gasolina,109.2500,17
2025-05-06,SE,diesel_s10,5.6400,1
2025-05-06,SE,gasolina,6.5100,1
2025-05-06,SP,diesel_s10,1087.2200,173
2025-05-06,SP,etanol,1068.9700,258
2025-05-06,SP,gasolina,1623.2900,262
2025-05-07,AL,diesel_s10,60.6100,10
2025-05-07,AL,etanol,63.3000,13
2025-05-07,AL,gasolina,97.9400,16
2025-05-07,AM,diesel_s10,54.6800,8
2025-05-07,AM,etanol,37.9500,7
2025-05-07,AM,gasolina,55.6400,8
2025-05-07,BA,diesel_s10,208.9600,34
2025-05-07,BA,etanol,209.7200,44
2025-05-07,BA,gasolina,286.6900,45
2025-05-07,CE,diesel_s10,97.3200,15
2025-05-07,CE,etanol,64.2400,12
2025-05-07,CE,gasolina,107.6200,16
2025-05-07,DF,diesel_s10,6.0500,1
2025-05-07,DF,etanol,14.5000,3
2025-05-07,DF,gasolina,39.6600,6
2025-05-07,ES,diesel_s10,199.5500,32
2025-05-07,ES,etanol,176.6500,39
2025-05-07,ES,gasolina,324.2100,52
2025-05-07,GO,diesel_s10,107.7000,17
2025-05-07,GO,etanol,113.9200,25
2025-05-07,GO,gasolina,168.0000,26
2025-05-07,MA,diesel_s10,74.8100,13
2025-05-07,MA,etanol,64.9100,14
2025-05-07,MA,gasolina,108.2900,19
2025-05-07,MG,diesel_s10,539.6200,88
2025-05-07,MG,etanol,533.4200,123
2025-05-07,MG,gasolina,796.3000,130
2025-05-07,MS,diesel_s10,19.4500,3
2025-05-07,MS,etanol,12.8800,3
2025-05-07,MS,gasolina,18.8600,3
2025-05-07,MT,diesel_s10,134.7900,21
2025-05-07,MT,etanol,110.5300,27
2025-05-07,MT,gasolina,174.1000,28
2025-05-07,PA,diesel_s10,162.0600,25
2025-05-07,PA,etanol,63.7600,13
2025-05-07,PA,gasolina,202.4200,31
2025-05-07,PB,diesel_s10,192.8900,32
2025-05-07,PB,etanol,191.4400,42
2025-05-07,PB,gasolina,263.4200,43
2025-05-07,PE,diesel_s10,331.3000,58
2025-05-07,PE,etanol,244.8000,52
2025-05-07,PE,gasolina,402.2200,65
2025-05-07,PI,diesel_s10,49.7300,8
2025-05-07,PI,etanol,40.9500,9
2025-05-07,PI,gasolina,70.4400,12
2025-05-07,PR,diesel_s10,364.6900,58
2025-05-07,PR,etanol,376.8500,82
2025-05-07,PR,gasolina,560.9900,85
2025-05-07,RJ,diesel_s10,70.3000,11
2025-05-07,RJ,etanol,78.0000,17
2025-05-07,RJ,gasolina,140.7500,23
2025-05-07,RN,diesel_s10,53.2700,8
2025-05-07,RN,etanol,26.1900,5
2025-05-07,RN,gasolina,46.4900,7
2025-05-07,RO,diesel_s10,41.5600,6
2025-05-07,RO,etanol,29.4600,6
2025-05-07,RO,gasolina,63.2800,9
2025-05-07,RR,diesel_s10,34.2900,5
2025-05-07,RR,etanol,25.7500,5
2025-05-07,RR,gasolina,34.7500,5
2025-05-07,RS,diesel_s10,278.6900,44
2025-05-07,RS,etanol,100.4800,20
2025-05-07,RS,gasolina,313.1500,50
2025-05-07,SC,diesel_s10,96.3400,15
2025-05-07,SC,etanol,94.9900,19
2025-05-07,SC,gasolina,170.9100,26
2025-05-07,SP,diesel_s10,1015.8100,163
2025-05-07,SP,etanol,907.6400,221
2025-05-07,SP,gasolina,1383.9700,227
2025-05-07,TO,diesel_s10,90.8100,15
2025-05-07,TO,etanol,60.1500,13
2025-05-07,TO,gasolina,105.9300,17
2025-05-08,AC,diesel_s10,96.3900,12
2025-05-08,AC,etanol,55.9000,10
2025-05-08,AC,gasolina,117.7000,15
2025-05-08,AM,diesel_s10,58.7300,7
2025-05-08,AM,gasolina,58.7300,7
2025-05-08,BA,diesel_s10,291.6200,48
2025-05-08,BA,etanol,272.8100,57
2025-05-08,BA,gasolina,402.1400,63
2025-05-08,CE,diesel_s10,47.9300,8
2025-05-08,CE,etanol,80.2400,15
2025-05-08,CE,gasolina,90.6000,14
2025-05-08,ES,diesel_s10,56.5300,9
2025-05-08,ES,etanol,37.4200,8
2025-05-08,ES,gasolina,79.8700,12
2025-05-08,GO,diesel_s10,132.0900,22
2025-05-08,GO,etanol,123.7700,29
2025-05-08,GO,gasolina,183.6300,30
2025-05-08,MA,diesel_s10,67.3300,11
2025-05-08,MA,etanol,10.1900,2
2025-05-08,MA,gasolina,79.4100,13
2025-05-08,MG,diesel_s10,566.5400,92
2025-05-08,MG,etanol,519.2600,121
2025-05-08,MG,gasolina,772.6100,125
2025-05-08,MT,diesel_s10,19.8100,3
2025-05-08,MT,etanol,21.6200,5
2025-05-08,MT,gasolina,33.2000,5
2025-05-08,PA,diesel_s10,106.4600,16
2025-05-08,PA,etanol,24.8900,5
2025-05-08,PA,gasolina,169.7700,26
2025-05-08,PE,diesel_s10,302.7000,51
2025-05-08,PE,etanol,230.5200,46
2025-05-08,PE,gasolina,344.4800,53
2025-05-08,PI,diesel_s10,97.8400,16
2025-05-08,PI,etanol,61.5800,13
2025-05-08,PI,gasolina,119.3000,20
2025-05-08,PR,diesel_s10,252.0100,41
2025-05-08,PR,etanol,269.7700,59
2025-05-08,PR,gasolina,380.2300,58
2025-05-08,RJ,diesel_s10,128.4900,20
2025-05-08,RJ,etanol,101.1600,21
2025-05-08,RJ,gasolina,159.6400,25
2025-05-08,RN,diesel_s10,81.6200,13
2025-05-08,RN,etanol,96.6100,19
2025-05-08,RN,gasolina,135.8100,21
2025-05-08,RO,diesel_s10,46.7900,7
2025-05-08,RO,etanol,9.9900,2
2025-05-08,RO,gasolina,76.0500,11
2025-05-08,RS,diesel_s10,336.3300,54
2025-05-08,RS,etanol,129.1500,27
2025-05-08,RS,gasolina,449.9400,72
2025-05-08,SC,diesel_s10,62.5600,10
2025-05-08,SC,etanol,38.9000,8
2025-05-08,SC,gasolina,90.0300,14
2025-05-08,SP,diesel_s10,826.9600,134
2025-05-08,SP,etanol,777.4100,190
2025-05-08,SP,gasolina,1168.5800,192
2025-05-08,TO,diesel_s10,36.2600,6
2025-05-08,TO,etanol,28.9800,6
2025-05-08,TO,gasolina,53.0700,8
2025-05-09,BA,diesel_s10,5.5600,1
2025-05-09,BA,etanol,4.4500,1
2025-05-09,BA,gasolina,5.7700,1
2025-05-09,MA,diesel_s10,5.9400,1
2025-05-09,MA,gasolina,6.5900,1
2025-05-09,MG,diesel_s10,24.3600,4
2025-05-09,MG,etanol,16.7600,4
2025-05-09,MG,gasolina,24.4600,4
2025-05-09,MT,etanol,4.3900,1
2025-05-09,PA,diesel_s10,6.9500,1
2025-05-09,PA,etanol,4.9900,1
2025-05-09,PA,gasolina,6.9900,1
2025-05-09,PB,diesel_s10,6.2900,1
2025-05-09,PB,etanol,4.4900,1
2025-05-09,PB,gasolina,6.0900,1
2025-05-09,PI,diesel_s10,5.7400,1
2025-05-09,PI,etanol,4.6700,1
2025-05-09,PI,gasolina,5.7400,1
2025-05-09,PR,diesel_s10,24.3100,4
2025-05-09,PR,etanol,34.2000,8
2025-05-09,PR,gasolina,31.9400,5
2025-05-09,RS,diesel_s10,25.3400,4
2025-05-09,RS,etanol,6.0500,1
2025-05-09,RS,gasolina,38.8000,6
2025-05-09,SP,diesel_s10,29.6800,5
2025-05-09,SP,etanol,36.0300,9
2025-05-09,SP,gasolina,54.7300,9
2025-05-12,AL,diesel_s10,54.9000,8
2025-05-12,AL,etanol,55.5600,11
2025-05-12,AL,gasolina,89.5200,13
2025-05-12,AM,diesel_s10,116.5300,17
2025-05-12,AM,etanol,115.2300,21
2025-05-12,AM,gasolina,177.2500,25
2025-05-12,BA,diesel_s10,280.9500,45
2025-05-12,BA,etanol,238.2300,49
2025-05-12,BA,gasolina,368.6500,57
2025-05-12,CE,diesel_s10,136.1000,22
2025-05-12,CE,etanol,190.6000,36
2025-05-12,CE,gasolina,246.7900,38
2025-05-12,DF,diesel_s10,92.3100,15
2025-05-12,DF,etanol,91.9400,19
2025-05-12,DF,gasolina,159.3800,24
2025-05-12,ES,diesel_s10,49.8100,8
2025-05-12,ES,etanol,36.2900,8
2025-05-12,ES,gasolina,80.9700,13
2025-05-12,GO,diesel_s10,368.5400,60
2025-05-12,GO,etanol,365.3800,79
2025-05-12,GO,gasolina,548.9200,86
2025-05-12,MA,diesel_s10,211.7200,34
2025-05-12,MA,etanol,117.4600,23
2025-05-12,MA,gasolina,268.8900,43
2025-05-12,MG,diesel_s10,562.3600,93
2025-05-12,MG,etanol,573.6900,132
2025-05-12,MG,gasolina,865.9500,141
2025-05-12,MS,diesel_s10,69.0300,11
2025-05-12,MS,etanol,51.0900,12
2025-05-12,MS,gasolina,199.8400,31
2025-05-12,MT,diesel_s10,34.2700,5
2025-05-12,MT,etanol,25.7500,6
2025-05-12,MT,gasolina,39.4200,6
2025-05-12,PA,diesel_s10,254.0000,40
2025-05-12,PA,etanol,127.1500,26
2025-05-12,PA,gasolina,403.3300,63
2025-05-12,PB,diesel_s10,126.1700,21
2025-05-12,PB,etanol,142.9900,31
2025-05-12,PB,gasolina,209.7400,34
2025-05-12,PE,diesel_s10,340.7100,59
2025-05-12,PE,etanol,317.9500,66
2025-05-12,PE,gasolina,493.9700,78
2025-05-12,PI,diesel_s10,79.1700,13
2025-05-12,PI,etanol,52.0800,11
2025-05-12,PI,gasolina,106.9100,18
2025-05-12,PR,diesel_s10,281.9400,46
2025-05-12,PR,etanol,292.9800,66
2025-05-12,PR,gasolina,444.5300,69
2025-05-12,RJ,diesel_s10,862.7800,138
2025-05-12,RJ,etanol,914.0300,197
2025-05-12,RJ,gasolina,1322.6600,214
2025-05-12,RN,diesel_s10,12.0600,2
2025-05-12,RN,etanol,9.5200,2
2025-05-12,RN,gasolina,11.9600,2
2025-05-12,RO,diesel_s10,27.6700,4
2025-05-12,RO,etanol,9.8800,2
2025-05-12,RO,gasolina,27.9500,4
2025-05-12,RR,diesel_s10,27.4100,4
2025-05-12,RR,etanol,15.5500,3
2025-05-12,RR,gasolina,27.8000,4
2025-05-12,RS,diesel_s10,432.6700,69
2025-05-12,RS,etanol,180.1500,37
2025-05-12,RS,gasolina,610.7900,98
2025-05-12,SC,diesel_s10,340.8800,54
2025-05-12,SC,etanol,274.3800,58
2025-05-12,SC,gasolina,613.7700,94
2025-05-12,SE,diesel_s10,93.3000,16
2025-05-12,SE,etanol,87.6400,18
2025-05-12,SE,gasolina,197.8500,30
2025-05-12,SP,diesel_s10,2229.3100,357
2025-05-12,SP,etanol,2315.5000,564
2025-05-12,SP,gasolina,3492.6300,569
2025-05-12,TO,diesel_s10,45.1300,7
2025-05-12,TO,etanol,44.3700,9
2025-05-12,TO,gasolina,68.4200,10
2025-05-13,AL,diesel_s10,38.8000,6
2025-05-13,AL,etanol,30.0600,6
2025-05-13,AL,gasolina,50.6100,8
2025-05-13,AM,diesel_s10,75.5900,11
2025-05-13,AM,etanol,65.8800,12
2025-05-13,AM,gasolina,106.3500,15
2025-05-13,AP,diesel_s10,32.8800,5
2025-05-13,AP,etanol,21.4800,4
2025-05-13,AP,gasolina,103.1400,17
2025-05-13,BA,diesel_s10,304.6500,49
2025-05-13,BA,etanol,290.6300,60
2025-05-13,BA,gasolina,464.3200,73
2025-05-13,CE,diesel_s10,218.8200,35
2025-05-13,CE,etanol,200.3200,38
2025-05-13,CE,gasolina,284.7700,44
2025-05-13,DF,diesel_s10,18.8500,3
2025-05-13,DF,etanol,14.5500,3
2025-05-13,DF,gasolina,119.6000,18
2025-05-13,ES,diesel_s10,186.6600,30
2025-05-13,ES,etanol,151.0300,33
2025-05-13,ES,gasolina,296.9100,48
2025-05-13,GO,diesel_s10,132.6100,22
2025-05-13,GO,etanol,144.0700,32
2025-05-13,GO,gasolina,201.5100,32
2025-05-13,MA,diesel_s10,88.9500,14
2025-05-13,MA,etanol,49.4200,10
2025-05-13,MA,gasolina,111.1600,18
2025-05-13,MG,diesel_s10,302.6300,49
2025-05-13,MG,etanol,349.4600,81
2025-05-13,MG,gasolina,556.4300,90
2025-05-13,MS,diesel_s10,44.4300,7
2025-05-13,MS,etanol,39.6700,10
2025-05-13,MS,gasolina,89.5100,15
2025-05-13,MT,diesel_s10,61.8800,10
2025-05-13,MT,etanol,60.6500,15
2025-05-13,MT,gasolina,100.1800,16
2025-05-13,PA,diesel_s10,78.8400,13
2025-05-13,PA,etanol,33.4100,7
2025-05-13,PA,gasolina,90.2400,15
2025-05-13,PB,diesel_s10,70.6600,12
2025-05-13,PB,etanol,62.1600,14
2025-05-13,PB,gasolina,83.4200,14
2025-05-13,PE,diesel_s10,79.4700,14
2025-05-13,PE,etanol,80.3500,17
2025-05-13,PE,gasolina,116.4000,19
2025-05-13,PI,diesel_s10,79.6600,13
2025-05-13,PI,etanol,75.0000,16
2025-05-13,PI,gasolina,125.9300,21
2025-05-13,PR,diesel_s10,215.4700,35
2025-05-13,PR,etanol,236.1500,51
2025-05-13,PR,gasolina,356.8800,54
2025-05-13,RJ,diesel_s10,178.2800,28
2025-05-13,RJ,etanol,220.1500,48
2025-05-13,RJ,gasolina,353.6700,57
2025-05-13,RN,diesel_s10,71.3200,11
2025-05-13,RN,etanol,59.9700,12
2025-05-13,RN,gasolina,88.6200,14
2025-05-13,RO,diesel_s10,107.4400,16
2025-05-13,RO,etanol,41.2100,8
2025-05-13,RO,gasolina,134.0800,19
2025-05-13,RR,diesel_s10,41.3000,6
2025-05-13,RR,etanol,10.3500,2
2025-05-13,RR,gasolina,41.7000,6
2025-05-13,RS,diesel_s10,512.8900,82
2025-05-13,RS,etanol,313.2000,64
2025-05-13,RS,gasolina,847.1200,136
2025-05-13,SC,diesel_s10,107.2600,17
2025-05-13,SC,etanol,63.6300,13
2025-05-13,SC,gasolina,129.3700,20
2025-05-13,SE,diesel_s10,46.6200,8
2025-05-13,SE,etanol,19.9200,4
2025-05-13,SE,gasolina,65.8700,10
2025-05-13,SP,diesel_s10,1089.7000,176
2025-05-13,SP,etanol,1076.5400,259
2025-05-13,SP,gasolina,1608.3200,259
2025-05-13,TO,diesel_s10,42.2900,7
2025-05-13,TO,etanol,23.8900,5
2025-05-13,TO,gasolina,52.7200,8
2025-05-14,AL,diesel_s10,83.5500,14
2025-05-14,AL,etanol,143.0800,29
2025-05-14,AL,gasolina,213.8700,35
2025-05-14,BA,diesel_s10,218.1300,35
2025-05-14,BA,etanol,196.2000,42
2025-05-14,BA,gasolina,266.2400,43
2025-05-14,CE,diesel_s10,31.1500,5
2025-05-14,CE,etanol,37.0100,7
2025-05-14,CE,gasolina,38.9400,6
2025-05-14,DF,diesel_s10,18.7100,3
2025-05-14,DF,etanol,19.4000,4
2025-05-14,DF,gasolina,53.2000,8
2025-05-14,ES,diesel_s10,24.6000,4
2025-05-14,ES,etanol,27.4500,6
2025-05-14,ES,gasolina,45.2600,7
2025-05-14,GO,diesel_s10,158.9900,26
2025-05-14,GO,etanol,157.4900,35
2025-05-14,GO,gasolina,221.5900,35
2025-05-14,MA,diesel_s10,183.7800,31
2025-05-14,MA,etanol,129.8500,27
2025-05-14,MA,gasolina,206.3100,34
2025-05-14,MG,diesel_s10,503.0400,82
2025-05-14,MG,etanol,435.7600,99
2025-05-14,MG,gasolina,674.1600,108
2025-05-14,MS,diesel_s10,6.2500,1
2025-05-14,MS,etanol,8.4800,2
2025-05-14,MS,gasolina,12.3800,2
2025-05-14,MT,diesel_s10,152.8100,25
2025-05-14,MT,etanol,132.6000,33
2025-05-14,MT,gasolina,226.4900,37
2025-05-14,PA,diesel_s10,91.5300,14
2025-05-14,PA,etanol,29.4200,6
2025-05-14,PA,gasolina,99.6300,15
2025-05-14,PB,diesel_s10,86.4200,14
2025-05-14,PB,etanol,38.4500,8
2025-05-14,PB,gasolina,102.9900,17
2025-05-14,PE,diesel_s10,179.8300,31
2025-05-14,PE,etanol,128.0300,26
2025-05-14,PE,gasolina,213.3100,33
2025-05-14,PI,diesel_s10,54.2500,9
2025-05-14,PI,etanol,66.3400,14
2025-05-14,PI,gasolina,98.8300,17
2025-05-14,PR,diesel_s10,394.6000,64
2025-05-14,PR,etanol,375.3400,84
2025-05-14,PR,gasolina,543.6700,84
2025-05-14,RJ,diesel_s10,78.7800,12
2025-05-14,RJ,etanol,64.6300,13
2025-05-14,RJ,gasolina,96.7900,15
2025-05-14,RN,diesel_s10,66.4900,10
2025-05-14,RN,etanol,52.7000,10
2025-05-14,RN,gasolina,76.6700,12
2025-05-14,RO,diesel_s10,45.6400,7
2025-05-14,RO,etanol,19.7700,4
2025-05-14,RO,gasolina,62.1500,9
2025-05-14,RR,diesel_s10,27.4600,4
2025-05-14,RR,etanol,10.3000,2
2025-05-14,RR,gasolina,41.7400,6
2025-05-14,RS,diesel_s10,346.3200,55
2025-05-14,RS,etanol,129.2600,26
2025-05-14,RS,gasolina,431.7000,69
2025-05-14,SC,diesel_s10,130.1300,21
2025-05-14,SC,etanol,64.7700,13
2025-05-14,SC,gasolina,166.7300,26
2025-05-14,SP,diesel_s10,851.1300,137
2025-05-14,SP,etanol,872.1300,211
2025-05-14,SP,gasolina,1363.4300,222
2025-05-14,TO,diesel_s10,90.1400,15
2025-05-14,TO,etanol,71.2000,15
2025-05-14,TO,gasolina,111.3900,17
2025-05-15,AC,diesel_s10,23.0800,3
2025-05-15,AC,etanol,21.6600,4
2025-05-15,AC,gasolina,38.1300,5
2025-05-15,AL,diesel_s10,12.6800,2
2025-05-15,AL,etanol,9.4800,2
2025-05-15,AL,gasolina,17.8700,3
2025-05-15,AM,diesel_s10,121.8000,16
2025-05-15,AM,etanol,37.9500,7
2025-05-15,AM,gasolina,122.7800,16
2025-05-15,BA,diesel_s10,287.3600,48
2025-05-15,BA,etanol,260.1200,55
2025-05-15,BA,gasolina,353.1000,57
2025-05-15,CE,diesel_s10,122.5300,19
2025-05-15,CE,etanol,81.6300,15
2025-05-15,CE,gasolina,127.2400,19
2025-05-15,ES,diesel_s10,74.0900,12
2025-05-15,ES,etanol,68.4700,15
2025-05-15,ES,gasolina,125.1400,20
2025-05-15,GO,diesel_s10,105.2700,18
2025-05-15,GO,etanol,118.2500,28
2025-05-15,GO,gasolina,158.4300,26
2025-05-15,MA,diesel_s10,59.0300,10
2025-05-15,MA,etanol,10.1500,2
2025-05-15,MA,gasolina,80.1200,13
2025-05-15,MG,diesel_s10,470.0200,77
2025-05-15,MG,etanol,418.0000,97
2025-05-15,MG,gasolina,618.0600,100
2025-05-15,MS,diesel_s10,6.5700,1
2025-05-15,MS,etanol,8.8900,2
2025-05-15,MS,gasolina,12.8700,2
2025-05-15,MT,diesel_s10,29.8300,5
2025-05-15,MT,etanol,40.5400,10
2025-05-15,MT,gasolina,67.9900,11
2025-05-15,PA,diesel_s10,101.7200,16
2025-05-15,PA,etanol,24.8900,5
2025-05-15,PA,gasolina,155.9800,24
2025-05-15,PE,diesel_s10,218.8700,37
2025-05-15,PE,etanol,161.1100,33
2025-05-15,PE,gasolina,250.4200,40
2025-05-15,PI,diesel_s10,18.1100,3
2025-05-15,PI,etanol,5.0000,1
2025-05-15,PI,gasolina,17.7200,3
2025-05-15,PR,diesel_s10,207.4100,34
2025-05-15,PR,etanol,228.3700,53
2025-05-15,PR,gasolina,323.5000,51
2025-05-15,RJ,diesel_s10,176.2300,28
2025-05-15,RJ,etanol,165.0900,35
2025-05-15,RJ,gasolina,272.8800,43
2025-05-15,RN,diesel_s10,68.0700,11
2025-05-15,RN,etanol,89.5900,18
2025-05-15,RN,gasolina,127.4600,20
2025-05-15,RO,diesel_s10,40.0600,6
2025-05-15,RO,etanol,20.7600,4
2025-05-15,RO,gasolina,74.5000,11
2025-05-15,RS,diesel_s10,186.3300,29
2025-05-15,RS,etanol,56.0300,11
2025-05-15,RS,gasolina,202.4500,31
2025-05-15,SC,diesel_s10,113.0700,18
2025-05-15,SC,etanol,108.5900,22
2025-05-15,SC,gasolina,177.9300,27
2025-05-15,SP,diesel_s10,572.1300,93
2025-05-15,SP,etanol,616.2300,150
2025-05-15,SP,gasolina,937.4100,153
2025-05-15,TO,diesel_s10,17.3700,3
2025-05-15,TO,etanol,14.0700,3
2025-05-15,TO,gasolina,19.7700,3
2025-05-16,MG,diesel_s10,17.8700,3
2025-05-16,MG,etanol,16.0800,4
2025-05-16,MG,gasolina,24.0500,4
2025-05-16,MT,diesel_s10,23.9900,4
2025-05-16,MT,etanol,26.6900,7
2025-05-16,MT,gasolina,41.7500,7
2025-05-16,PR,diesel_s10,60.9000,10
2025-05-16,PR,etanol,63.7400,13
2025-05-16,PR,gasolina,89.2300,13
2025-05-16,RN,diesel_s10,12.2600,2
2025-05-16,RN,etanol,9.6800,2
2025-05-16,RN,gasolina,12.0500,2
2025-05-16,RS,diesel_s10,96.3000,16
2025-05-16,RS,etanol,41.9500,9
2025-05-16,RS,gasolina,115.6700,19
2025-05-16,SP,diesel_s10,60.0000,10
2025-05-16,SP,etanol,57.1900,15
2025-05-16,SP,gasolina,88.1500,15
2025-05-19,AL,diesel_s10,99.9000,16
2025-05-19,AL,etanol,124.1600,24
2025-05-19,AL,gasolina,169.9400,26
2025-05-19,AM,diesel_s10,101.1300,15
2025-05-19,AM,etanol,109.7400,20
2025-05-19,AM,gasolina,170.1400,24
2025-05-19,AP,diesel_s10,32.8800,5
2025-05-19,AP,etanol,21.4800,4
2025-05-19,AP,gasolina,103.1400,17
2025-05-19,BA,diesel_s10,350.1000,56
2025-05-19,BA,etanol,332.8200,69
2025-05-19,BA,gasolina,540.5000,85
2025-05-19,CE,diesel_s10,101.4300,17
2025-05-19,CE,etanol,117.0100,22
2025-05-19,CE,gasolina,154.5300,24
2025-05-19,DF,diesel_s10,79.7500,13
2025-05-19,DF,etanol,86.8400,18
2025-05-19,DF,gasolina,146.0400,22
2025-05-19,ES,diesel_s10,154.1300,25
2025-05-19,ES,etanol,138.2700,30
2025-05-19,ES,gasolina,278.9600,45
2025-05-19,GO,diesel_s10,295.3200,49
2025-05-19,GO,etanol,246.4100,55
2025-05-19,GO,gasolina,383.8000,61
2025-05-19,MA,diesel_s10,355.1000,58
2025-05-19,MA,etanol,185.1400,37
2025-05-19,MA,gasolina,392.6500,64
2025-05-19,MG,diesel_s10,482.3300,80
2025-05-19,MG,etanol,438.3300,101
2025-05-19,MG,gasolina,723.6000,118
2025-05-19,MS,diesel_s10,86.8300,14
2025-05-19,MS,etanol,50.1400,12
2025-05-19,MS,gasolina,197.7000,31
2025-05-19,MT,diesel_s10,101.4000,16
2025-05-19,MT,etanol,92.3500,23
2025-05-19,MT,gasolina,143.3100,23
2025-05-19,PA,diesel_s10,133.2500,22
2025-05-19,PA,etanol,66.8500,14
2025-05-19,PA,gasolina,234.2000,38
2025-05-19,PB,diesel_s10,137.6000,23
2025-05-19,PB,etanol,151.8200,33
2025-05-19,PB,gasolina,227.6100,37
2025-05-19,PE,diesel_s10,310.2200,54
2025-05-19,PE,etanol,319.6100,66
2025-05-19,PE,gasolina,462.7100,73
2025-05-19,PI,diesel_s10,98.2600,16
2025-05-19,PI,etanol,79.5500,17
2025-05-19,PI,gasolina,143.6300,24
2025-05-19,PR,diesel_s10,339.0100,56
2025-05-19,PR,etanol,353.3200,80
2025-05-19,PR,gasolina,509.3000,80
2025-05-19,RJ,diesel_s10,854.5800,137
2025-05-19,RJ,etanol,872.0100,189
2025-05-19,RJ,gasolina,1249.1500,203
2025-05-19,RN,diesel_s10,56.2700,9
2025-05-19,RN,etanol,50.9700,10
2025-05-19,RN,gasolina,61.2000,10
2025-05-19,RO,diesel_s10,33.9900,5
2025-05-19,RO,etanol,10.3100,2
2025-05-19,RO,gasolina,41.8800,6
2025-05-19,RR,diesel_s10,13.8300,2
2025-05-19,RR,gasolina,13.9000,2
2025-05-19,RS,diesel_s10,497.5700,79
2025-05-19,RS,etanol,221.1500,45
2025-05-19,RS,gasolina,685.0800,109
2025-05-19,SC,diesel_s10,328.1700,53
2025-05-19,SC,etanol,252.1200,53
2025-05-19,SC,gasolina,562.5000,87
2025-05-19,SE,diesel_s10,127.0700,22
2025-05-19,SE,etanol,103.0600,21
2025-05-19,SE,gasolina,256.2100,39
2025-05-19,SP,diesel_s10,1940.0300,313
2025-05-19,SP,etanol,1975.5400,482
2025-05-19,SP,gasolina,2962.4300,483
2025-05-19,TO,diesel_s10,134.4800,22
2025-05-19,TO,etanol,129.1400,27
2025-05-19,TO,gasolina,194.8300,30
2025-05-20,AL,diesel_s10,13.9200,2
2025-05-20,AL,etanol,10.1000,2
2025-05-20,AL,gasolina,21.4700,3
2025-05-20,AM,diesel_s10,80.4800,12
2025-05-20,AM,etanol,71.3700,13
2025-05-20,AM,gasolina,106.3500,15
2025-05-20,BA,diesel_s10,132.1900,22
2025-05-20,BA,etanol,126.9400,26
2025-05-20,BA,gasolina,181.0900,28
2025-05-20,CE,diesel_s10,231.4600,37
2025-05-20,CE,etanol,245.3400,46
2025-05-20,CE,gasolina,331.6600,51
2025-05-20,DF,diesel_s10,12.5300,2
2025-05-20,DF,etanol,14.5500,3
2025-05-20,DF,gasolina,79.6800,12
2025-05-20,ES,diesel_s10,97.8700,16
2025-05-20,ES,etanol,66.0300,15
2025-05-20,ES,gasolina,126.9300,21
2025-05-20,GO,diesel_s10,208.4900,34
2025-05-20,GO,etanol,240.8300,51
2025-05-20,GO,gasolina,352.8500,55
2025-05-20,MA,diesel_s10,11.8700,2
2025-05-20,MA,etanol,5.2500,1
2025-05-20,MA,gasolina,12.1600,2
2025-05-20,MG,diesel_s10,541.3900,90
2025-05-20,MG,etanol,546.2400,125
2025-05-20,MG,gasolina,815.2600,132
2025-05-20,MS,diesel_s10,50.0900,8
2025-05-20,MS,etanol,40.2700,10
2025-05-20,MS,gasolina,90.9600,15
2025-05-20,MT,diesel_s10,68.7100,11
2025-05-20,MT,etanol,68.4100,17
2025-05-20,MT,gasolina,111.0800,18
2025-05-20,PA,diesel_s10,53.8800,9
2025-05-20,PA,etanol,32.3900,7
2025-05-20,PA,gasolina,70.8800,12
2025-05-20,PB,diesel_s10,48.7200,8
2025-05-20,PB,etanol,23.9100,5
2025-05-20,PB,gasolina,66.2900,11
2025-05-20,PE,diesel_s10,162.2100,28
2025-05-20,PE,etanol,118.0000,24
2025-05-20,PE,gasolina,199.5200,31
2025-05-20,PI,diesel_s10,36.1400,6
2025-05-20,PI,etanol,9.2800,2
2025-05-20,PI,gasolina,36.3900,6
2025-05-20,PR,diesel_s10,342.3200,56
2025-05-20,PR,etanol,395.6900,91
2025-05-20,PR,gasolina,584.6800,92
2025-05-20,RJ,diesel_s10,245.2100,39
2025-05-20,RJ,etanol,283.0800,61
2025-05-20,RJ,gasolina,429.7900,69
2025-05-20,RN,diesel_s10,53.8800,8
2025-05-20,RN,etanol,34.8800,7
2025-05-20,RN,gasolina,59.5300,9
2025-05-20,RO,diesel_s10,146.0000,22
2025-05-20,RO,etanol,61.2000,12
2025-05-20,RO,gasolina,179.9100,26
2025-05-20,RR,diesel_s10,41.1400,6
2025-05-20,RR,etanol,25.7500,5
2025-05-20,RR,gasolina,48.6500,7
2025-05-20,RS,diesel_s10,322.7500,52
2025-05-20,RS,etanol,159.3600,32
2025-05-20,RS,gasolina,454.4100,73
2025-05-20,SC,diesel_s10,124.5900,20
2025-05-20,SC,etanol,93.2000,19
2025-05-20,SC,gasolina,196.7000,30
2025-05-20,SE,diesel_s10,5.7300,1
2025-05-20,SE,gasolina,6.6200,1
2025-05-20,SP,diesel_s10,1567.7200,255
2025-05-20,SP,etanol,1644.8400,401
2025-05-20,SP,gasolina,2501.5100,409
2025-05-21,AC,diesel_s10,30.7300,4
2025-05-21,AC,etanol,26.9800,5
2025-05-21,AC,gasolina,45.7800,6
2025-05-21,AL,diesel_s10,24.5100,4
2025-05-21,AL,etanol,30.6400,6
2025-05-21,AL,gasolina,38.9100,6
2025-05-21,BA,diesel_s10,265.0200,43
2025-05-21,BA,etanol,218.3100,46
2025-05-21,BA,gasolina,310.3700,50
2025-05-21,CE,diesel_s10,56.3200,9
2025-05-21,CE,etanol,54.3500,10
2025-05-21,CE,gasolina,70.9300,11
2025-05-21,DF,diesel_s10,25.0300,4
2025-05-21,DF,etanol,24.2500,5
2025-05-21,DF,gasolina,106.4200,16
2025-05-21,ES,diesel_s10,31.0100,5
2025-05-21,ES,etanol,30.5900,7
2025-05-21,ES,gasolina,81.4900,13
2025-05-21,GO,diesel_s10,178.8600,30
2025-05-21,GO,etanol,193.1200,45
2025-05-21,GO,gasolina,271.9900,44
2025-05-21,MA,diesel_s10,56.5900,10
2025-05-21,MA,etanol,27.3800,6
2025-05-21,MA,gasolina,51.5300,9
2025-05-21,MG,diesel_s10,404.1200,67
2025-05-21,MG,etanol,382.5600,90
2025-05-21,MG,gasolina,555.0400,90
2025-05-21,MS,diesel_s10,12.7600,2
2025-05-21,MS,etanol,12.8800,3
2025-05-21,MS,gasolina,18.8600,3
2025-05-21,MT,diesel_s10,81.7900,14
2025-05-21,MT,etanol,80.8200,21
2025-05-21,MT,gasolina,126.9200,21
2025-05-21,PA,diesel_s10,167.8700,25
2025-05-21,PA,etanol,70.2200,14
2025-05-21,PA,gasolina,208.9500,31
2025-05-21,PB,diesel_s10,100.5800,17
2025-05-21,PB,etanol,76.6800,17
2025-05-21,PB,gasolina,113.3100,19
2025-05-21,PE,diesel_s10,97.9300,17
2025-05-21,PE,etanol,85.9700,17
2025-05-21,PE,gasolina,142.8900,22
2025-05-21,PI,diesel_s10,67.1200,11
2025-05-21,PI,etanol,86.4700,19
2025-05-21,PI,gasolina,115.6700,20
2025-05-21,PR,diesel_s10,284.2600,46
2025-05-21,PR,etanol,331.4500,70
2025-05-21,PR,gasolina,497.4100,74
2025-05-21,RJ,diesel_s10,117.9400,19
2025-05-21,RJ,etanol,108.6100,23
2025-05-21,RJ,gasolina,175.8000,28
2025-05-21,RN,diesel_s10,43.5500,7
2025-05-21,RN,etanol,53.4400,11
2025-05-21,RN,gasolina,61.1600,10
2025-05-21,RO,diesel_s10,6.5900,1
2025-05-21,RO,etanol,9.7600,2
2025-05-21,RO,gasolina,13.9600,2
2025-05-21,RR,diesel_s10,41.1600,6
2025-05-21,RR,etanol,5.2000,1
2025-05-21,RR,gasolina,48.6900,7
2025-05-21,RS,diesel_s10,399.5900,64
2025-05-21,RS,etanol,209.4000,43
2025-05-21,RS,gasolina,633.3600,102
2025-05-21,SC,diesel_s10,57.9300,9
2025-05-21,SC,etanol,58.2000,12
2025-05-21,SC,gasolina,92.7700,14
2025-05-21,SP,diesel_s10,757.5100,123
2025-05-21,SP,etanol,695.2100,168
2025-05-21,SP,gasolina,1068.1900,173
2025-05-21,TO,diesel_s10,17.7700,3
2025-05-21,TO,etanol,19.2600,4
2025-05-21,TO,gasolina,26.5600,4
2025-05-22,AC,diesel_s10,80.6600,10
2025-05-22,AC,etanol,39.6000,7
2025-05-22,AC,gasolina,94.9900,12
2025-05-22,AM,diesel_s10,46.9900,7
2025-05-22,AM,etanol,37.9400,7
2025-05-22,AM,gasolina,55.6400,8
2025-05-22,BA,diesel_s10,225.3700,38
2025-05-22,BA,etanol,205.9000,42
2025-05-22,BA,gasolina,292.0700,45
2025-05-22,CE,diesel_s10,102.4900,16
2025-05-22,CE,etanol,70.4400,13
2025-05-22,CE,gasolina,120.0700,18
2025-05-22,ES,diesel_s10,37.3100,6
2025-05-22,ES,etanol,42.8100,9
2025-05-22,ES,gasolina,72.0600,11
2025-05-22,GO,diesel_s10,84.2200,14
2025-05-22,GO,etanol,78.3100,18
2025-05-22,GO,gasolina,111.5100,18
2025-05-22,MA,diesel_s10,148.1300,25
2025-05-22,MA,etanol,80.1500,16
2025-05-22,MA,gasolina,192.4400,31
2025-05-22,MG,diesel_s10,392.0500,64
2025-05-22,MG,etanol,368.1600,85
2025-05-22,MG,gasolina,552.5000,89
2025-05-22,MS,etanol,4.2400,1
2025-05-22,MS,gasolina,6.3900,1
2025-05-22,MT,diesel_s10,87.3600,14
2025-05-22,MT,etanol,67.5900,16
2025-05-22,MT,gasolina,107.9400,17
2025-05-22,PA,diesel_s10,128.9000,20
2025-05-22,PA,etanol,44.1100,9
2025-05-22,PA,gasolina,232.4600,36
2025-05-22,PE,diesel_s10,164.5900,29
2025-05-22,PE,etanol,140.6900,29
2025-05-22,PE,gasolina,201.3600,32
2025-05-22,PI,diesel_s10,49.0600,8
2025-05-22,PI,etanol,30.0000,6
2025-05-22,PI,gasolina,53.4700,9
2025-05-22,PR,diesel_s10,163.3100,27
2025-05-22,PR,etanol,179.3300,39
2025-05-22,PR,gasolina,234.4600,35
2025-05-22,RJ,diesel_s10,119.5900,19
2025-05-22,RJ,etanol,91.3500,20
2025-05-22,RJ,gasolina,161.9000,26
2025-05-22,RN,diesel_s10,54.7000,9
2025-05-22,RN,etanol,64.8300,13
2025-05-22,RN,gasolina,102.6400,16
2025-05-22,RO,diesel_s10,39.2500,6
2025-05-22,RO,etanol,10.0800,2
2025-05-22,RO,gasolina,61.4700,9
2025-05-22,RS,diesel_s10,359.1900,58
2025-05-22,RS,etanol,153.2900,32
2025-05-22,RS,gasolina,427.2800,69
2025-05-22,SC,diesel_s10,31.5800,5
2025-05-22,SC,etanol,35.7500,7
2025-05-22,SC,gasolina,66.2100,10
2025-05-22,SP,diesel_s10,457.2900,75
2025-05-22,SP,etanol,479.0900,119
2025-05-22,SP,gasolina,727.2100,119
2025-05-22,TO,diesel_s10,71.1600,12
2025-05-22,TO,etanol,47.1300,10
2025-05-22,TO,gasolina,91.2100,14
2025-05-23,AL,diesel_s10,38.8100,6
2025-05-23,AL,etanol,25.3900,5
2025-05-23,AL,gasolina,44.4300,7
2025-05-23,AM,diesel_s10,67.1200,8
2025-05-23,AM,gasolina,58.7300,7
2025-05-23,BA,diesel_s10,24.1600,4
2025-05-23,BA,etanol,29.3600,6
2025-05-23,BA,gasolina,31.6900,5
2025-05-23,CE,diesel_s10,12.1500,2
2025-05-23,CE,etanol,15.5700,3
2025-05-23,CE,gasolina,25.4900,4
2025-05-23,MG,diesel_s10,48.5700,8
2025-05-23,MG,etanol,38.4800,9
2025-05-23,MG,gasolina,56.1300,9
2025-05-23,PA,diesel_s10,28.0500,4
2025-05-23,PA,etanol,4.9000,1
2025-05-23,PA,gasolina,42.4600,6
2025-05-23,PE,diesel_s10,140.7900,24
2025-05-23,PE,etanol,90.6200,19
2025-05-23,PE,gasolina,154.5400,25
2025-05-23,PR,diesel_s10,29.5400,5
2025-05-23,PR,etanol,37.4900,9
2025-05-23,PR,gasolina,55.7100,9
2025-05-23,RN,diesel_s10,5.8900,1
2025-05-23,RN,etanol,4.8400,1
2025-05-23,RN,gasolina,5.9900,1
2025-05-23,RS,diesel_s10,6.2900,1
2025-05-23,RS,gasolina,6.2900,1
2025-05-23,SC,diesel_s10,6.0900,1
2025-05-23,SC,gasolina,6.2900,1
2025-05-23,SP,diesel_s10,24.2400,4
2025-05-23,SP,etanol,23.2100,6
2025-05-23,SP,gasolina,35.4600,6
2025-05-26,AL,diesel_s10,78.0200,12
2025-05-26,AL,etanol,95.2400,19
2025-05-26,AL,gasolina,159.8400,25
2025-05-26,AM,diesel_s10,94.0600,14
2025-05-26,AM,etanol,109.8400,20
2025-05-26,AM,gasolina,170.1600,24
2025-05-26,AP,diesel_s10,32.7300,5
2025-05-26,AP,etanol,21.4800,4
2025-05-26,AP,gasolina,103.1200,17
2025-05-26,BA,diesel_s10,267.7000,44
2025-05-26,BA,etanol,259.0600,53
2025-05-26,BA,gasolina,393.6700,61
2025-05-26,CE,diesel_s10,89.7700,15
2025-05-26,CE,etanol,153.0700,29
2025-05-26,CE,gasolina,201.1200,31
2025-05-26,DF,diesel_s10,67.8300,11
2025-05-26,DF,etanol,63.0500,13
2025-05-26,DF,gasolina,99.7500,15
2025-05-26,ES,diesel_s10,73.2900,12
2025-05-26,ES,etanol,40.8000,9
2025-05-26,ES,gasolina,109.0300,18
2025-05-26,GO,diesel_s10,318.8800,53
2025-05-26,GO,etanol,333.4000,74
2025-05-26,GO,gasolina,476.4100,76
2025-05-26,MA,diesel_s10,131.4400,21
2025-05-26,MA,etanol,76.1700,15
2025-05-26,MA,gasolina,157.8700,25
2025-05-26,MG,diesel_s10,619.0600,102
2025-05-26,MG,etanol,591.6900,137
2025-05-26,MG,gasolina,934.2900,151
2025-05-26,MS,diesel_s10,63.1300,10
2025-05-26,MS,etanol,61.3200,15
2025-05-26,MS,gasolina,196.1500,31
2025-05-26,MT,diesel_s10,80.2300,13
2025-05-26,MT,etanol,70.0000,18
2025-05-26,MT,gasolina,128.5400,21
2025-05-26,PA,diesel_s10,131.7300,22
2025-05-26,PA,etanol,62.5900,13
2025-05-26,PA,gasolina,221.8900,36
2025-05-26,PB,diesel_s10,172.4100,29
2025-05-26,PB,etanol,165.4200,36
2025-05-26,PB,gasolina,255.4100,42
2025-05-26,PE,diesel_s10,313.0800,55
2025-05-26,PE,etanol,312.8200,65
2025-05-26,PE,gasolina,440.4900,71
2025-05-26,PI,diesel_s10,54.5300,9
2025-05-26,PI,etanol,41.8400,9
2025-05-26,PI,gasolina,76.5500,13
2025-05-26,PR,diesel_s10,413.1800,68
2025-05-26,PR,etanol,470.5000,105
2025-05-26,PR,gasolina,698.9400,108
2025-05-26,RJ,diesel_s10,800.5800,129
2025-05-26,RJ,etanol,804.9700,175
2025-05-26,RJ,gasolina,1154.3700,188
2025-05-26,RO,diesel_s10,51.9700,8
2025-05-26,RO,etanol,16.4800,3
2025-05-26,RO,gasolina,56.4400,8
2025-05-26,RR,diesel_s10,27.5600,4
2025-05-26,RR,etanol,5.1500,1
2025-05-26,RR,gasolina,34.7900,5
2025-05-26,RS,diesel_s10,325.8400,52
2025-05-26,RS,etanol,189.0900,39
2025-05-26,RS,gasolina,492.0300,79
2025-05-26,SC,diesel_s10,326.1800,53
2025-05-26,SC,etanol,256.8800,54
2025-05-26,SC,gasolina,576.2100,89
2025-05-26,SE,diesel_s10,91.1800,16
2025-05-26,SE,etanol,33.9200,7
2025-05-26,SE,gasolina,123.1700,19
2025-05-26,SP,diesel_s10,2252.7800,365
2025-05-26,SP,etanol,2305.4100,566
2025-05-26,SP,gasolina,3489.1500,570
2025-05-26,TO,diesel_s10,96.8900,16
2025-05-26,TO,etanol,101.2400,21
2025-05-26,TO,gasolina,147.4900,22
2025-05-27,AC,diesel_s10,7.6900,1
2025-05-27,AC,etanol,10.5300,2
2025-05-27,AC,gasolina,23.0700,3
2025-05-27,AL,diesel_s10,58.1100,10
2025-05-27,AL,etanol,81.4800,16
2025-05-27,AL,gasolina,99.8800,16
2025-05-27,AM,diesel_s10,80.4800,12
2025-05-27,AM,etanol,71.4700,13
2025-05-27,AM,gasolina,113.4400,16
2025-05-27,BA,diesel_s10,397.3200,64
2025-05-27,BA,etanol,392.9000,81
2025-05-27,BA,gasolina,567.4700,89
2025-05-27,CE,diesel_s10,196.3400,31
2025-05-27,CE,etanol,173.7100,33
2025-05-27,CE,gasolina,261.7000,40
2025-05-27,DF,diesel_s10,36.7400,6
2025-05-27,DF,etanol,43.2900,9
2025-05-27,DF,gasolina,139.2700,21
2025-05-27,ES,diesel_s10,68.3800,11
2025-05-27,ES,etanol,75.6000,17
2025-05-27,ES,gasolina,158.7600,26
2025-05-27,GO,diesel_s10,179.3400,30
2025-05-27,GO,etanol,164.2400,37
2025-05-27,GO,gasolina,246.5300,39
2025-05-27,MA,diesel_s10,75.8100,13
2025-05-27,MA,etanol,47.4200,10
2025-05-27,MA,gasolina,92.5500,16
2025-05-27,MG,diesel_s10,520.8000,87
2025-05-27,MG,etanol,553.4500,127
2025-05-27,MG,gasolina,798.4100,130
2025-05-27,MS,diesel_s10,54.7300,9
2025-05-27,MS,etanol,37.1500,9
2025-05-27,MS,gasolina,98.3000,16
2025-05-27,MT,diesel_s10,107.4100,18
2025-05-27,MT,etanol,88.3100,23
2025-05-27,MT,gasolina,145.4100,24
2025-05-27,PA,diesel_s10,147.2500,23
2025-05-27,PA,etanol,62.1800,13
2025-05-27,PA,gasolina,187.7500,29
2025-05-27,PB,diesel_s10,47.5200,8
2025-05-27,PB,etanol,40.1900,9
2025-05-27,PB,gasolina,53.9100,9
2025-05-27,PE,diesel_s10,69.4600,12
2025-05-27,PE,etanol,57.5900,12
2025-05-27,PE,gasolina,99.3200,16
2025-05-27,PI,diesel_s10,59.5700,10
2025-05-27,PI,etanol,60.7400,13
2025-05-27,PI,gasolina,106.7500,18
2025-05-27,PR,diesel_s10,292.7200,48
2025-05-27,PR,etanol,318.5400,73
2025-05-27,PR,gasolina,459.0400,72
2025-05-27,RJ,diesel_s10,140.5900,22
2025-05-27,RJ,etanol,171.1500,37
2025-05-27,RJ,gasolina,274.4700,44
2025-05-27,RN,diesel_s10,39.5000,6
2025-05-27,RN,etanol,44.6300,9
2025-05-27,RN,gasolina,56.4700,9
2025-05-27,RO,diesel_s10,80.8900,12
2025-05-27,RO,etanol,44.9300,9
2025-05-27,RO,gasolina,131.2200,19
2025-05-27,RR,diesel_s10,20.5800,3
2025-05-27,RR,etanol,10.3000,2
2025-05-27,RR,gasolina,27.8000,4
2025-05-27,RS,diesel_s10,451.7300,74
2025-05-27,RS,etanol,239.5500,49
2025-05-27,RS,gasolina,627.9600,102
2025-05-27,SC,diesel_s10,117.4900,19
2025-05-27,SC,etanol,72.3100,15
2025-05-27,SC,gasolina,126.6600,20
2025-05-27,SE,diesel_s10,41.9200,7
2025-05-27,SE,etanol,79.3800,16
2025-05-27,SE,gasolina,146.2800,22
2025-05-27,SP,diesel_s10,1331.6300,218
2025-05-27,SP,etanol,1311.2300,317
2025-05-27,SP,gasolina,1987.5200,321
2025-05-27,TO,diesel_s10,78.2000,13
2025-05-27,TO,etanol,56.7200,12
2025-05-27,TO,gasolina,99.9400,16
2025-05-28,AL,diesel_s10,11.8800,2
2025-05-28,AL,etanol,36.1600,7
2025-05-28,AL,gasolina,57.2800,9
2025-05-28,BA,diesel_s10,202.1000,33
2025-05-28,BA,etanol,200.1600,42
2025-05-28,BA,gasolina,269.0000,43
2025-05-28,CE,diesel_s10,121.3900,21
2025-05-28,CE,etanol,143.5800,27
2025-05-28,CE,gasolina,181.3000,28
2025-05-28,DF,diesel_s10,24.8500,4
2025-05-28,DF,etanol,19.4000,4
2025-05-28,DF,gasolina,86.4700,13
2025-05-28,ES,diesel_s10,84.8000,14
2025-05-28,ES,etanol,60.2400,13
2025-05-28,ES,gasolina,110.0500,18
2025-05-28,GO,diesel_s10,197.2000,33
2025-05-28,GO,etanol,159.4100,35
2025-05-28,GO,gasolina,236.2300,37
2025-05-28,MA,diesel_s10,183.0400,30
2025-05-28,MA,etanol,99.0600,19
2025-05-28,MA,gasolina,214.2500,34
2025-05-28,MG,diesel_s10,406.4400,68
2025-05-28,MG,etanol,379.1500,88
2025-05-28,MG,gasolina,552.8300,90
2025-05-28,MS,diesel_s10,12.3800,2
2025-05-28,MS,etanol,8.2900,2
2025-05-28,MS,gasolina,25.3000,4
2025-05-28,MT,diesel_s10,37.0800,6
2025-05-28,MT,etanol,40.3700,10
2025-05-28,MT,gasolina,55.3900,9
2025-05-28,PA,diesel_s10,105.2300,16
2025-05-28,PA,etanol,39.0700,8
2025-05-28,PA,gasolina,151.3700,23
2025-05-28,PB,diesel_s10,54.1200,9
2025-05-28,PB,etanol,46.6200,10
2025-05-28,PB,gasolina,91.7800,15
2025-05-28,PE,diesel_s10,124.0400,22
2025-05-28,PE,etanol,82.5200,17
2025-05-28,PE,gasolina,162.4800,25
2025-05-28,PI,diesel_s10,77.9900,13
2025-05-28,PI,etanol,82.4300,18
2025-05-28,PI,gasolina,133.9600,23
2025-05-28,PR,diesel_s10,115.4700,19
2025-05-28,PR,etanol,126.5600,27
2025-05-28,PR,gasolina,199.9800,30
2025-05-28,RJ,diesel_s10,179.3600,29
2025-05-28,RJ,etanol,177.0200,38
2025-05-28,RJ,gasolina,309.8500,49
2025-05-28,RN,diesel_s10,89.7000,14
2025-05-28,RN,etanol,49.1400,10
2025-05-28,RN,gasolina,87.6600,14
2025-05-28,RO,diesel_s10,39.8300,6
2025-05-28,RO,etanol,19.4900,4
2025-05-28,RO,gasolina,41.8800,6
2025-05-28,RR,diesel_s10,47.9900,7
2025-05-28,RR,etanol,20.6500,4
2025-05-28,RR,gasolina,48.6500,7
2025-05-28,RS,diesel_s10,294.9100,48
2025-05-28,RS,etanol,129.5600,27
2025-05-28,RS,gasolina,370.6400,61
2025-05-28,SC,diesel_s10,125.4100,20
2025-05-28,SC,etanol,117.1800,24
2025-05-28,SC,gasolina,210.0800,32
2025-05-28,SP,diesel_s10,650.9100,105
2025-05-28,SP,etanol,665.4200,161
2025-05-28,SP,gasolina,1030.6100,168
2025-05-28,TO,diesel_s10,5.7900,1
2025-05-28,TO,etanol,4.6900,1
2025-05-28,TO,gasolina,6.5900,1
2025-05-29,AC,diesel_s10,103.5600,13
2025-05-29,AC,etanol,55.5000,10
2025-05-29,AC,gasolina,117.7000,15
2025-05-29,AM,diesel_s10,107.5000,14
2025-05-29,AM,etanol,27.1600,5
2025-05-29,AM,gasolina,108.8400,14
2025-05-29,BA,diesel_s10,206.9000,35
2025-05-29,BA,etanol,190.1200,39
2025-05-29,BA,gasolina,268.8700,42
2025-05-29,CE,diesel_s10,122.5800,20
2025-05-29,CE,etanol,89.9500,17
2025-05-29,CE,gasolina,149.0600,23
2025-05-29,ES,diesel_s10,104.1200,17
2025-05-29,ES,etanol,92.2100,20
2025-05-29,ES,gasolina,191.0700,30
2025-05-29,GO,diesel_s10,77.5700,13
2025-05-29,GO,etanol,108.6600,25
2025-05-29,GO,gasolina,149.4700,24
2025-05-29,MA,diesel_s10,82.4900,14
2025-05-29,MA,etanol,39.2800,8
2025-05-29,MA,gasolina,127.7600,21
2025-05-29,MG,diesel_s10,295.4000,49
2025-05-29,MG,etanol,257.9100,61
2025-05-29,MG,gasolina,404.4800,66
2025-05-29,MT,diesel_s10,98.6100,16
2025-05-29,MT,etanol,96.4200,23
2025-05-29,MT,gasolina,151.3600,24
2025-05-29,PA,diesel_s10,141.9100,22
2025-05-29,PA,etanol,38.8500,8
2025-05-29,PA,gasolina,219.6300,34
2025-05-29,PE,diesel_s10,298.2200,51
2025-05-29,PE,etanol,220.3000,45
2025-05-29,PE,gasolina,346.7000,55
2025-05-29,PI,diesel_s10,30.1800,5
2025-05-29,PI,etanol,10.0700,2
2025-05-29,PI,gasolina,29.1700,5
2025-05-29,PR,diesel_s10,222.4100,37
2025-05-29,PR,etanol,230.3200,53
2025-05-29,PR,gasolina,324.6800,51
2025-05-29,RJ,diesel_s10,194.3800,31
2025-05-29,RJ,etanol,165.6600,35
2025-05-29,RJ,gasolina,256.0500,41
2025-05-29,RN,diesel_s10,108.3500,18
2025-05-29,RN,etanol,98.7200,20
2025-05-29,RN,gasolina,137.5700,22
2025-05-29,RO,diesel_s10,64.9400,10
2025-05-29,RO,etanol,19.9200,4
2025-05-29,RO,gasolina,104.0400,15
2025-05-29,RS,diesel_s10,245.7600,38
2025-05-29,RS,etanol,100.5700,19
2025-05-29,RS,gasolina,322.1800,49
2025-05-29,SP,diesel_s10,565.5800,93
2025-05-29,SP,etanol,530.0600,131
2025-05-29,SP,gasolina,790.9800,130
2025-05-29,TO,diesel_s10,52.9500,9
2025-05-29,TO,etanol,27.7900,6
2025-05-29,TO,gasolina,57.9600,9
2025-05-30,MG,diesel_s10,36.9400,6
2025-05-30,MG,etanol,30.6900,7
2025-05-30,MG,gasolina,44.2200,7
2025-05-30,PA,diesel_s10,19.5200,3
2025-05-30,PA,gasolina,19.5200,3
2025-05-30,PE,diesel_s10,89.7400,16
2025-05-30,PE,etanol,103.7900,21
2025-05-30,PE,gasolina,136.8500,21
2025-05-30,PR,diesel_s10,124.0900,21
2025-05-30,PR,etanol,126.8900,27
2025-05-30,PR,gasolina,186.5700,28
2025-05-30,RO,diesel_s10,6.3900,1
2025-05-30,RO,etanol,4.8700,1
2025-05-30,RO,gasolina,6.9700,1
2025-05-30,RS,diesel_s10,72.4000,12
2025-05-30,RS,etanol,27.0400,6
2025-05-30,RS,gasolina,96.5700,16
2025-05-30,SP,diesel_s10,36.3400,6
2025-05-30,SP,etanol,28.8200,7
2025-05-30,SP,gasolina,42.5200,7
2025-06-02,AL,diesel_s10,5.6900,1
2025-06-02,AL,etanol,20.6300,4
2025-06-02,AL,gasolina,25.4700,4
2025-06-02,AM,diesel_s10,107.1200,16
2025-06-02,AM,etanol,109.8400,20
2025-06-02,AM,gasolina,170.1400,24
2025-06-02,AP,diesel_s10,32.7300,5
2025-06-02,AP,etanol,21.4800,4
2025-06-02,AP,gasolina,103.1200,17
2025-06-02,BA,diesel_s10,313.4800,51
2025-06-02,BA,etanol,317.8800,65
2025-06-02,BA,gasolina,494.1800,77
2025-06-02,CE,diesel_s10,191.5300,32
2025-06-02,CE,etanol,237.7800,45
2025-06-02,CE,gasolina,316.6600,49
2025-06-02,DF,diesel_s10,79.1000,13
2025-06-02,DF,etanol,82.2500,17
2025-06-02,DF,gasolina,133.0000,20
2025-06-02,ES,diesel_s10,115.8000,19
2025-06-02,ES,etanol,81.8800,18
2025-06-02,ES,gasolina,202.3700,33
2025-06-02,GO,diesel_s10,328.9400,55
2025-06-02,GO,etanol,300.9100,66
2025-06-02,GO,gasolina,459.1700,73
2025-06-02,MA,diesel_s10,252.2300,42
2025-06-02,MA,etanol,138.8200,28
2025-06-02,MA,gasolina,306.0900,50
2025-06-02,MG,diesel_s10,582.3600,97
2025-06-02,MG,etanol,566.6500,133
2025-06-02,MG,gasolina,883.3300,145
2025-06-02,MS,diesel_s10,74.4900,12
2025-06-02,MS,etanol,69.0400,17
2025-06-02,MS,gasolina,233.4200,37
2025-06-02,MT,diesel_s10,58.0700,9
2025-06-02,MT,etanol,71.4300,18
2025-06-02,MT,gasolina,112.0900,18
2025-06-02,PA,diesel_s10,131.3100,22
2025-06-02,PA,etanol,66.9300,14
2025-06-02,PA,gasolina,215.5200,35
2025-06-02,PB,diesel_s10,147.6000,25
2025-06-02,PB,etanol,157.1400,34
2025-06-02,PB,gasolina,239.0900,39
2025-06-02,PE,diesel_s10,176.0100,31
2025-06-02,PE,etanol,202.9500,42
2025-06-02,PE,gasolina,292.2100,46
2025-06-02,PI,diesel_s10,55.1100,9
2025-06-02,PI,etanol,65.2400,14
2025-06-02,PI,gasolina,112.1000,19
2025-06-02,PR,diesel_s10,309.4100,51
2025-06-02,PR,etanol,345.8300,78
2025-06-02,PR,gasolina,507.8100,79
2025-06-02,RJ,diesel_s10,750.4900,121
2025-06-02,RJ,etanol,780.3800,169
2025-06-02,RJ,gasolina,1141.8800,185
2025-06-02,RN,diesel_s10,82.0200,13
2025-06-02,RN,etanol,73.3700,15
2025-06-02,RN,gasolina,97.0700,16
2025-06-02,RO,diesel_s10,6.3500,1
2025-06-02,RO,gasolina,14.3800,2
2025-06-02,RR,diesel_s10,34.4200,5
2025-06-02,RR,etanol,15.4500,3
2025-06-02,RR,gasolina,34.7500,5
2025-06-02,RS,diesel_s10,282.1500,46
2025-06-02,RS,etanol,135.1300,28
2025-06-02,RS,gasolina,352.7500,57
2025-06-02,SC,diesel_s10,310.5600,51
2025-06-02,SC,etanol,236.8500,50
2025-06-02,SC,gasolina,507.6800,79
2025-06-02,SE,diesel_s10,57.6900,10
2025-06-02,SE,etanol,39.0600,8
2025-06-02,SE,gasolina,91.0700,14
2025-06-02,SP,diesel_s10,2109.9000,344
2025-06-02,SP,etanol,2139.5700,527
2025-06-02,SP,gasolina,3257.6000,534
2025-06-02,TO,diesel_s10,96.4900,16
2025-06-02,TO,etanol,96.2400,20
2025-06-02,TO,gasolina,140.8900,21
2025-06-03,AL,diesel_s10,49.2100,7
2025-06-03,AL,etanol,40.7200,8
2025-06-03,AL,gasolina,64.5500,9
2025-06-03,AM,diesel_s10,80.1700,12
2025-06-03,AM,etanol,71.4700,13
2025-06-03,AM,gasolina,113.4400,16
2025-06-03,BA,diesel_s10,225.7600,36
2025-06-03,BA,etanol,208.8000,43
2025-06-03,BA,gasolina,325.2000,50
2025-06-03,CE,diesel_s10,170.0400,27
2025-06-03,CE,etanol,115.1000,22
2025-06-03,CE,gasolina,189.3100,29
2025-06-03,DF,diesel_s10,37.2800,6
2025-06-03,DF,etanol,33.9500,7
2025-06-03,DF,gasolina,179.1900,27
2025-06-03,ES,diesel_s10,134.6900,22
2025-06-03,ES,etanol,112.3900,25
2025-06-03,ES,gasolina,195.5800,32
2025-06-03,GO,diesel_s10,190.3100,32
2025-06-03,GO,etanol,211.4500,47
2025-06-03,GO,gasolina,310.6500,49
2025-06-03,MA,diesel_s10,94.1700,15
2025-06-03,MA,etanol,46.8700,9
2025-06-03,MA,gasolina,95.8700,15
2025-06-03,MG,diesel_s10,538.7700,90
2025-06-03,MG,etanol,519.6300,121
2025-06-03,MG,gasolina,796.7900,130
2025-06-03,MS,diesel_s10,42.0500,7
2025-06-03,MS,etanol,28.6200,7
2025-06-03,MS,gasolina,54.6000,9
2025-06-03,MT,diesel_s10,96.9000,16
2025-06-03,MT,etanol,94.5200,24
2025-06-03,MT,gasolina,146.9700,24
2025-06-03,PA,diesel_s10,94.6900,15
2025-06-03,PA,etanol,47.4100,10
2025-06-03,PA,gasolina,121.1200,19
2025-06-03,PB,diesel_s10,124.1300,21
2025-06-03,PB,etanol,85.8100,19
2025-06-03,PB,gasolina,155.4500,26
2025-06-03,PE,diesel_s10,146.7600,26
2025-06-03,PE,etanol,140.6400,29
2025-06-03,PE,gasolina,200.8900,32
2025-06-03,PI,diesel_s10,29.1600,5
2025-06-03,PI,etanol,18.7600,4
2025-06-03,PI,gasolina,35.5800,6
2025-06-03,PR,diesel_s10,253.6900,41
2025-06-03,PR,etanol,274.9600,62
2025-06-03,PR,gasolina,420.6700,65
2025-06-03,RJ,diesel_s10,168.7600,27
2025-06-03,RJ,etanol,203.7600,44
2025-06-03,RJ,gasolina,323.2300,52
2025-06-03,RN,diesel_s10,63.8700,10
2025-06-03,RN,etanol,58.1000,12
2025-06-03,RN,gasolina,85.6900,14
2025-06-03,RO,diesel_s10,138.2600,21
2025-06-03,RO,etanol,65.9800,13
2025-06-03,RO,gasolina,186.8000,27
2025-06-03,RR,diesel_s10,34.2800,5
2025-06-03,RR,etanol,15.5000,3
2025-06-03,RR,gasolina,48.6900,7
2025-06-03,RS,diesel_s10,297.4300,48
2025-06-03,RS,etanol,212.7200,44
2025-06-03,RS,gasolina,482.1800,78
2025-06-03,SC,diesel_s10,99.6000,16
2025-06-03,SC,etanol,70.0100,14
2025-06-03,SC,gasolina,175.6300,27
2025-06-03,SE,diesel_s10,69.3200,12
2025-06-03,SE,etanol,64.2600,13
2025-06-03,SE,gasolina,171.7100,26
2025-06-03,SP,diesel_s10,1086.1500,176
2025-06-03,SP,etanol,1112.8100,274
2025-06-03,SP,gasolina,1701.8000,276
2025-06-04,AL,diesel_s10,81.6100,14
2025-06-04,AL,etanol,111.8500,22
2025-06-04,AL,gasolina,167.7900,27
2025-06-04,BA,diesel_s10,183.5600,31
2025-06-04,BA,etanol,160.4600,34
2025-06-04,BA,gasolina,210.8200,34
2025-06-04,CE,diesel_s10,108.0600,17
2025-06-04,CE,etanol,102.8600,19
2025-06-04,CE,gasolina,124.3400,19
2025-06-04,DF,etanol,9.7000,2
2025-06-04,DF,gasolina,6.6500,1
2025-06-04,ES,diesel_s10,55.3700,9
2025-06-04,ES,etanol,45.1000,10
2025-06-04,ES,gasolina,97.6200,16
2025-06-04,GO,diesel_s10,167.1300,28
2025-06-04,GO,etanol,149.7000,34
2025-06-04,GO,gasolina,214.9100,34
2025-06-04,MA,diesel_s10,110.0400,19
2025-06-04,MA,etanol,84.0500,18
2025-06-04,MA,gasolina,136.1200,24
2025-06-04,MG,diesel_s10,378.3200,63
2025-06-04,MG,etanol,377.6200,87
2025-06-04,MG,gasolina,577.6700,93
2025-06-04,MS,diesel_s10,19.1700,3
2025-06-04,MS,etanol,12.7200,3
2025-06-04,MS,gasolina,19.4100,3
2025-06-04,MT,diesel_s10,162.9300,27
2025-06-04,MT,etanol,139.1900,35
2025-06-04,MT,gasolina,220.3600,36
2025-06-04,PA,diesel_s10,143.4100,22
2025-06-04,PA,etanol,43.9100,9
2025-06-04,PA,gasolina,201.3100,31
2025-06-04,PB,etanol,4.5900,1
2025-06-04,PB,gasolina,6.1900,1
2025-06-04,PE,diesel_s10,294.1400,52
2025-06-04,PE,etanol,251.1500,52
2025-06-04,PE,gasolina,379.3300,60
2025-06-04,PI,diesel_s10,107.6500,18
2025-06-04,PI,etanol,92.3400,20
2025-06-04,PI,gasolina,152.9100,26
2025-06-04,PR,diesel_s10,275.0500,46
2025-06-04,PR,etanol,312.8900,68
2025-06-04,PR,gasolina,466.2600,71
2025-06-04,RJ,diesel_s10,199.3400,32
2025-06-04,RJ,etanol,194.4300,42
2025-06-04,RJ,gasolina,303.7700,49
2025-06-04,RO,diesel_s10,40.1700,6
2025-06-04,RO,etanol,19.4800,4
2025-06-04,RO,gasolina,41.5700,6
2025-06-04,RR,diesel_s10,27.4300,4
2025-06-04,RR,etanol,5.1500,1
2025-06-04,RR,gasolina,27.8000,4
2025-06-04,RS,diesel_s10,547.0600,89
2025-06-04,RS,etanol,212.4100,44
2025-06-04,RS,gasolina,700.4600,114
2025-06-04,SC,diesel_s10,74.7600,12
2025-06-04,SC,etanol,63.2500,13
2025-06-04,SC,gasolina,123.2000,19
2025-06-04,SP,diesel_s10,897.2100,147
2025-06-04,SP,etanol,899.1600,221
2025-06-04,SP,gasolina,1355.4500,223
2025-06-04,TO,diesel_s10,12.4600,2
2025-06-04,TO,etanol,14.7800,3
2025-06-04,TO,gasolina,19.6200,3
2025-06-05,AC,diesel_s10,103.5600,13
2025-06-05,AC,etanol,55.5000,10
2025-06-05,AC,gasolina,117.6500,15
2025-06-05,AL,diesel_s10,62.2600,10
2025-06-05,AL,etanol,74.6900,15
2025-06-05,AL,gasolina,109.3000,18
2025-06-05,AM,diesel_s10,88.9400,12
2025-06-05,AM,etanol,32.5500,6
2025-06-05,AM,gasolina,107.4100,14
2025-06-05,BA,diesel_s10,211.0900,35
2025-06-05,BA,etanol,189.3200,40
2025-06-05,BA,gasolina,260.3300,41
2025-06-05,CE,diesel_s10,31.3300,5
2025-06-05,CE,etanol,32.1300,6
2025-06-05,CE,gasolina,38.9100,6
2025-06-05,ES,diesel_s10,24.5500,4
2025-06-05,ES,etanol,28.6500,6
2025-06-05,ES,gasolina,59.2100,9
2025-06-05,GO,diesel_s10,89.1600,15
2025-06-05,GO,etanol,117.9800,28
2025-06-05,GO,gasolina,164.8600,27
2025-06-05,MA,diesel_s10,22.5700,4
2025-06-05,MA,etanol,9.7400,2
2025-06-05,MA,gasolina,30.1000,5
2025-06-05,MG,diesel_s10,310.8300,52
2025-06-05,MG,etanol,275.2700,66
2025-06-05,MG,gasolina,419.0100,69
2025-06-05,MS,diesel_s10,6.1900,1
2025-06-05,MS,etanol,4.4900,1
2025-06-05,MS,gasolina,6.3900,1
2025-06-05,MT,diesel_s10,6.4900,1
2025-06-05,MT,etanol,4.4900,1
2025-06-05,MT,gasolina,6.5900,1
2025-06-05,PA,diesel_s10,145.4800,23
2025-06-05,PA,etanol,54.0800,11
2025-06-05,PA,gasolina,205.2300,32
2025-06-05,PE,diesel_s10,211.0100,36
2025-06-05,PE,etanol,148.5800,29
2025-06-05,PE,gasolina,257.1000,40
2025-06-05,PI,diesel_s10,34.8100,6
2025-06-05,PI,etanol,13.6400,3
2025-06-05,PI,gasolina,34.5700,6
2025-06-05,PR,diesel_s10,137.7500,23
2025-06-05,PR,etanol,121.0500,29
2025-06-05,PR,gasolina,154.9300,25
2025-06-05,RJ,diesel_s10,182.8000,29
2025-06-05,RJ,etanol,138.9100,30
2025-06-05,RJ,gasolina,256.9100,41
2025-06-05,RN,diesel_s10,89.8800,15
2025-06-05,RN,etanol,98.4200,20
2025-06-05,RN,gasolina,138.1500,22
2025-06-05,RO,diesel_s10,70.8000,11
2025-06-05,RO,etanol,29.9000,6
2025-06-05,RO,gasolina,103.3300,15
2025-06-05,RS,diesel_s10,193.8500,30
2025-06-05,RS,etanol,98.6300,19
2025-06-05,RS,gasolina,255.1100,39
2025-06-05,SC,diesel_s10,35.9300,6
2025-06-05,SC,etanol,52.6100,11
2025-06-05,SC,gasolina,70.8300,11
2025-06-05,SP,diesel_s10,745.7400,122
2025-06-05,SP,etanol,695.9800,171
2025-06-05,SP,gasolina,1047.5600,172
2025-06-05,TO,diesel_s10,69.8300,12
2025-06-05,TO,etanol,42.7800,9
2025-06-05,TO,gasolina,90.8900,14
2025-06-06,BA,diesel_s10,5.8100,1
2025-06-06,BA,etanol,25.4000,5
2025-06-06,BA,gasolina,32.5700,5
2025-06-06,CE,diesel_s10,5.8900,1
2025-06-06,CE,etanol,5.4900,1
2025-06-06,CE,gasolina,6.1900,1
2025-06-06,MA,diesel_s10,31.6200,5
2025-06-06,MA,etanol,21.3200,4
2025-06-06,MA,gasolina,33.6600,5
2025-06-06,MG,diesel_s10,30.2500,5
2025-06-06,MG,etanol,25.0500,6
2025-06-06,MG,gasolina,43.4700,7
2025-06-06,PR,diesel_s10,83.7100,14
2025-06-06,PR,etanol,85.7600,20
2025-06-06,PR,gasolina,124.5500,20
2025-06-06,RJ,diesel_s10,6.5900,1
2025-06-06,RJ,etanol,4.9900,1
2025-06-06,RJ,gasolina,6.5900,1
2025-06-06,RS,diesel_s10,47.4900,8
2025-06-06,RS,etanol,14.6000,3
2025-06-06,RS,gasolina,47.7500,8
2025-06-06,SC,diesel_s10,32.1600,5
2025-06-06,SC,etanol,19.5300,4
2025-06-06,SC,gasolina,40.1600,6
2025-06-06,SP,etanol,3.8900,1
2025-06-06,SP,gasolina,6.1200,1
2025-06-09,AL,diesel_s10,59.2100,9
2025-06-09,AL,etanol,84.9100,17
2025-06-09,AL,gasolina,140.5200,22
2025-06-09,AM,diesel_s10,112.9100,17
2025-06-09,AM,etanol,115.3300,21
2025-06-09,AM,gasolina,177.2300,25
2025-06-09,BA,diesel_s10,179.7700,29
2025-06-09,BA,etanol,173.9200,36
2025-06-09,BA,gasolina,251.2400,39
2025-06-09,CE,diesel_s10,229.7400,39
2025-06-09,CE,etanol,232.4400,44
2025-06-09,CE,gasolina,327.6100,51
2025-06-09,DF,diesel_s10,79.0000,13
2025-06-09,DF,etanol,77.6000,16
2025-06-09,DF,gasolina,144.1100,22
2025-06-09,ES,diesel_s10,91.5900,15
2025-06-09,ES,etanol,62.5800,14
2025-06-09,ES,gasolina,183.0900,30
2025-06-09,GO,diesel_s10,256.8800,43
2025-06-09,GO,etanol,235.8900,51
2025-06-09,GO,gasolina,372.6800,59
2025-06-09,MA,diesel_s10,251.3300,41
2025-06-09,MA,etanol,147.8200,30
2025-06-09,MA,gasolina,282.0700,46
2025-06-09,MG,diesel_s10,529.7200,88
2025-06-09,MG,etanol,483.3700,113
2025-06-09,MG,gasolina,745.3100,122
2025-06-09,MS,diesel_s10,55.8400,9
2025-06-09,MS,etanol,38.4300,9
2025-06-09,MS,gasolina,174.1300,27
2025-06-09,MT,diesel_s10,48.3300,8
2025-06-09,MT,etanol,53.4300,14
2025-06-09,MT,gasolina,84.6400,14
2025-06-09,PA,diesel_s10,166.5700,27
2025-06-09,PA,etanol,77.3800,16
2025-06-09,PA,gasolina,270.4600,43
2025-06-09,PB,diesel_s10,145.9100,25
2025-06-09,PB,etanol,161.7100,35
2025-06-09,PB,gasolina,244.6100,40
2025-06-09,PE,diesel_s10,323.8200,57
2025-06-09,PE,etanol,307.5100,63
2025-06-09,PE,gasolina,465.8900,73
2025-06-09,PI,diesel_s10,83.9300,14
2025-06-09,PI,etanol,115.2600,25
2025-06-09,PI,gasolina,162.1700,28
2025-06-09,PR,diesel_s10,233.9700,39
2025-06-09,PR,etanol,250.8100,57
2025-06-09,PR,gasolina,376.5000,59
2025-06-09,RJ,diesel_s10,796.0000,129
2025-06-09,RJ,etanol,825.2800,179
2025-06-09,RJ,gasolina,1194.3000,195
2025-06-09,RN,diesel_s10,36.7400,6
2025-06-09,RN,etanol,34.1300,7
2025-06-09,RN,gasolina,41.2700,7
2025-06-09,RO,etanol,4.9900,1
2025-06-09,RO,gasolina,13.9400,2
2025-06-09,RR,diesel_s10,13.7000,2
2025-06-09,RR,etanol,5.1500,1
2025-06-09,RR,gasolina,13.9000,2
2025-06-09,RS,diesel_s10,333.5800,55
2025-06-09,RS,etanol,151.4500,32
2025-06-09,RS,gasolina,467.7200,77
2025-06-09,SC,diesel_s10,229.9100,37
2025-06-09,SC,etanol,194.9100,41
2025-06-09,SC,gasolina,446.9300,69
2025-06-09,SE,diesel_s10,87.1900,15
2025-06-09,SE,etanol,84.1800,17
2025-06-09,SE,gasolina,211.7100,32
2025-06-09,SP,diesel_s10,2098.5800,341
2025-06-09,SP,etanol,2112.8800,524
2025-06-09,SP,gasolina,3205.8300,525
2025-06-09,TO,diesel_s10,72.5400,12
2025-06-09,TO,etanol,77.5000,16
2025-06-09,TO,gasolina,114.5300,17
2025-06-10,AL,diesel_s10,6.9700,1
2025-06-10,AL,etanol,5.1100,1
2025-06-10,AL,gasolina,6.9800,1
2025-06-10,AM,diesel_s10,72.7800,11
2025-06-10,AM,etanol,60.4900,11
2025-06-10,AM,gasolina,106.3500,15
2025-06-10,AP,diesel_s10,32.2800,5
2025-06-10,AP,etanol,21.4800,4
2025-06-10,AP,gasolina,103.0800,17
2025-06-10,BA,diesel_s10,248.9200,41
2025-06-10,BA,etanol,243.4800,50
2025-06-10,BA,gasolina,337.5700,52
2025-06-10,CE,diesel_s10,25.5800,4
2025-06-10,CE,etanol,47.2100,9
2025-06-10,CE,gasolina,57.6700,9
2025-06-10,DF,diesel_s10,37.1100,6
2025-06-10,DF,etanol,33.8600,7
2025-06-10,DF,gasolina,170.5100,26
2025-06-10,ES,diesel_s10,86.4500,14
2025-06-10,ES,etanol,94.9200,21
2025-06-10,ES,gasolina,130.7800,22
2025-06-10,GO,diesel_s10,261.0900,44
2025-06-10,GO,etanol,263.8600,60
2025-06-10,GO,gasolina,381.3300,61
2025-06-10,MA,diesel_s10,173.4800,30
2025-06-10,MA,etanol,73.6400,15
2025-06-10,MA,gasolina,219.8700,37
2025-06-10,MG,diesel_s10,433.4200,73
2025-06-10,MG,etanol,458.0000,108
2025-06-10,MG,gasolina,692.9000,114
2025-06-10,MS,diesel_s10,66.3900,11
2025-06-10,MS,etanol,50.1000,13
2025-06-10,MS,gasolina,92.6200,16
2025-06-10,MT,diesel_s10,113.1300,19
2025-06-10,MT,etanol,98.9600,26
2025-06-10,MT,gasolina,163.4600,27
2025-06-10,PA,diesel_s10,100.1200,16
2025-06-10,PA,etanol,52.1100,11
2025-06-10,PA,gasolina,138.9700,22
2025-06-10,PB,diesel_s10,64.9900,11
2025-06-10,PB,etanol,49.1500,11
2025-06-10,PB,gasolina,71.3000,12
2025-06-10,PE,diesel_s10,187.3800,33
2025-06-10,PE,etanol,182.4000,38
2025-06-10,PE,gasolina,254.0900,41
2025-06-10,PI,diesel_s10,53.9300,9
2025-06-10,PI,etanol,23.0100,5
2025-06-10,PI,gasolina,59.9900,10
2025-06-10,PR,diesel_s10,200.2800,33
2025-06-10,PR,etanol,251.9700,56
2025-06-10,PR,gasolina,368.7000,57
2025-06-10,RJ,diesel_s10,231.2200,37
2025-06-10,RJ,etanol,285.1100,62
2025-06-10,RJ,gasolina,461.6900,74
2025-06-10,RN,diesel_s10,48.5800,8
2025-06-10,RN,etanol,54.4500,11
2025-06-10,RN,gasolina,67.5700,11
2025-06-10,RO,diesel_s10,149.5700,23
2025-06-10,RO,etanol,68.2800,13
2025-06-10,RO,gasolina,205.8700,30
2025-06-10,RR,diesel_s10,54.8700,8
2025-06-10,RR,etanol,30.9500,6
2025-06-10,RR,gasolina,55.6000,8
2025-06-10,RS,diesel_s10,602.6300,97
2025-06-10,RS,etanol,289.5400,59
2025-06-10,RS,gasolina,834.3000,136
2025-06-10,SC,diesel_s10,133.7800,22
2025-06-10,SC,etanol,80.7600,17
2025-06-10,SC,gasolina,165.7900,26
2025-06-10,SE,diesel_s10,5.7300,1
2025-06-10,SE,gasolina,6.6200,1
2025-06-10,SP,diesel_s10,1199.0300,197
2025-06-10,SP,etanol,1179.9000,293
2025-06-10,SP,gasolina,1800.0000,295
2025-06-11,AL,diesel_s10,81.7200,14
2025-06-11,AL,etanol,126.2100,25
2025-06-11,AL,gasolina,174.7900,28
2025-06-11,BA,diesel_s10,232.8600,38
2025-06-11,BA,etanol,231.0800,48
2025-06-11,BA,gasolina,366.6900,58
2025-06-11,CE,diesel_s10,36.2500,6
2025-06-11,CE,etanol,79.1700,15
2025-06-11,CE,gasolina,102.7700,16
2025-06-11,DF,etanol,9.7000,2
2025-06-11,DF,gasolina,6.5600,1
2025-06-11,ES,diesel_s10,84.0300,14
2025-06-11,ES,etanol,53.0700,12
2025-06-11,ES,gasolina,100.1400,17
2025-06-11,GO,diesel_s10,249.1800,42
2025-06-11,GO,etanol,221.8200,53
2025-06-11,GO,gasolina,316.4700,52
2025-06-11,MA,diesel_s10,66.9400,11
2025-06-11,MA,etanol,54.6100,11
2025-06-11,MA,gasolina,74.6400,12
2025-06-11,MG,diesel_s10,494.1000,83
2025-06-11,MG,etanol,480.1400,113
2025-06-11,MG,gasolina,726.7500,119
2025-06-11,MS,diesel_s10,31.6600,5
2025-06-11,MS,etanol,25.5400,6
2025-06-11,MS,gasolina,44.1100,7
2025-06-11,MT,diesel_s10,115.1000,19
2025-06-11,MT,etanol,114.6700,29
2025-06-11,MT,gasolina,175.8800,29
2025-06-11,PA,diesel_s10,99.7800,16
2025-06-11,PA,etanol,39.2800,8
2025-06-11,PA,gasolina,128.7600,20
2025-06-11,PB,diesel_s10,71.1600,12
2025-06-11,PB,etanol,41.3700,9
2025-06-11,PB,gasolina,89.7100,15
2025-06-11,PE,diesel_s10,176.5300,31
2025-06-11,PE,etanol,142.6100,30
2025-06-11,PE,gasolina,212.5200,35
2025-06-11,PI,diesel_s10,59.1600,10
2025-06-11,PI,etanol,45.3700,10
2025-06-11,PI,gasolina,87.5200,15
2025-06-11,PR,diesel_s10,327.2200,54
2025-06-11,PR,etanol,355.2800,79
2025-06-11,PR,gasolina,531.1400,82
2025-06-11,RJ,diesel_s10,62.1300,10
2025-06-11,RJ,etanol,83.0100,18
2025-06-11,RJ,gasolina,123.2300,20
2025-06-11,RN,diesel_s10,55.8800,8
2025-06-11,RN,etanol,29.8400,6
2025-06-11,RN,gasolina,54.2200,8
2025-06-11,RO,diesel_s10,32.8600,5
2025-06-11,RO,etanol,10.1800,2
2025-06-11,RO,gasolina,34.5000,5
2025-06-11,RR,diesel_s10,27.5600,4
2025-06-11,RR,etanol,5.1500,1
2025-06-11,RR,gasolina,41.7400,6
2025-06-11,RS,diesel_s10,234.5700,39
2025-06-11,RS,etanol,119.3900,25
2025-06-11,RS,gasolina,329.2200,54
2025-06-11,SC,diesel_s10,106.7300,17
2025-06-11,SC,etanol,88.0600,18
2025-06-11,SC,gasolina,167.8400,26
2025-06-11,SP,diesel_s10,1034.5200,171
2025-06-11,SP,etanol,999.3700,249
2025-06-11,SP,gasolina,1524.9500,253
2025-06-11,TO,diesel_s10,40.2600,7
2025-06-11,TO,etanol,27.7800,6
2025-06-11,TO,gasolina,49.6700,8
2025-06-12,AC,diesel_s10,79.1300,10
2025-06-12,AC,etanol,55.2600,10
2025-06-12,AC,gasolina,109.2200,14
2025-06-12,AL,diesel_s10,31.9200,5
2025-06-12,AL,etanol,25.6100,5
2025-06-12,AL,gasolina,50.4700,8
2025-06-12,AM,diesel_s10,113.9100,15
2025-06-12,AM,etanol,32.5500,6
2025-06-12,AM,gasolina,115.8000,15
2025-06-12,BA,diesel_s10,342.7600,57
2025-06-12,BA,etanol,309.0700,64
2025-06-12,BA,gasolina,436.7900,68
2025-06-12,CE,diesel_s10,162.1800,27
2025-06-12,CE,etanol,137.3900,26
2025-06-12,CE,gasolina,186.5100,29
2025-06-12,ES,diesel_s10,55.6800,9
2025-06-12,ES,etanol,57.0000,12
2025-06-12,ES,gasolina,129.2500,20
2025-06-12,GO,diesel_s10,28.7800,5
2025-06-12,GO,etanol,39.4900,9
2025-06-12,GO,gasolina,50.5000,8
2025-06-12,MA,diesel_s10,29.0500,5
2025-06-12,MA,etanol,25.2300,5
2025-06-12,MA,gasolina,50.5900,8
2025-06-12,MG,diesel_s10,279.8600,47
2025-06-12,MG,etanol,269.1700,63
2025-06-12,MG,gasolina,425.8400,69
2025-06-12,MT,diesel_s10,31.8000,5
2025-06-12,MT,etanol,34.2800,8
2025-06-12,MT,gasolina,59.1500,9
2025-06-12,PA,diesel_s10,74.3200,11
2025-06-12,PA,etanol,20.0400,4
2025-06-12,PA,gasolina,121.2100,18
2025-06-12,PE,diesel_s10,151.4100,26
2025-06-12,PE,etanol,107.9100,21
2025-06-12,PE,gasolina,209.9300,32
2025-06-12,PI,diesel_s10,24.5000,4
2025-06-12,PI,etanol,16.2500,3
2025-06-12,PI,gasolina,35.6300,6
2025-06-12,PR,diesel_s10,263.5000,44
2025-06-12,PR,etanol,237.4900,55
2025-06-12,PR,gasolina,347.5100,55
2025-06-12,RJ,diesel_s10,190.4100,31
2025-06-12,RJ,etanol,163.9200,36
2025-06-12,RJ,gasolina,276.7000,45
2025-06-12,RN,diesel_s10,77.0800,13
2025-06-12,RN,etanol,79.1000,16
2025-06-12,RN,gasolina,113.9000,18
2025-06-12,RO,diesel_s10,58.0700,9
2025-06-12,RO,etanol,19.6200,4
2025-06-12,RO,gasolina,86.4700,13
2025-06-12,RS,diesel_s10,192.5300,31
2025-06-12,RS,etanol,54.5200,11
2025-06-12,RS,gasolina,232.9400,37
2025-06-12,SC,diesel_s10,25.2200,4
2025-06-12,SC,etanol,5.1500,1
2025-06-12,SC,gasolina,25.5400,4
2025-06-12,SP,diesel_s10,516.2800,86
2025-06-12,SP,etanol,534.2700,134
2025-06-12,SP,gasolina,804.8600,134
2025-06-12,TO,diesel_s10,118.8700,20
2025-06-12,TO,etanol,89.4900,19
2025-06-12,TO,gasolina,147.1900,23
2025-06-13,MG,diesel_s10,6.0900,1
2025-06-13,MG,etanol,4.6400,1
2025-06-13,MG,gasolina,6.4700,1
2025-06-13,PR,diesel_s10,29.1500,5
2025-06-13,PR,etanol,33.1600,7
2025-06-13,PR,gasolina,46.9800,7
2025-06-13,RN,diesel_s10,12.3700,2
2025-06-13,RN,etanol,15.1100,3
2025-06-13,RN,gasolina,12.3800,2
2025-06-13,RS,diesel_s10,6.2900,1
2025-06-13,RS,gasolina,6.2900,1
2025-06-13,SC,diesel_s10,47.8500,8
2025-06-13,SC,etanol,28.2000,6
2025-06-13,SC,gasolina,61.6500,10
2025-06-13,SP,diesel_s10,12.2800,2
2025-06-13,SP,etanol,15.2600,4
2025-06-13,SP,gasolina,23.9600,4
2025-06-16,AL,diesel_s10,53.9200,9
2025-06-16,AL,etanol,79.5300,16
2025-06-16,AL,gasolina,136.5100,22
2025-06-16,AM,diesel_s10,106.2400,16
2025-06-16,AM,etanol,109.8600,20
2025-06-16,AM,gasolina,163.0700,23
2025-06-16,BA,diesel_s10,301.5900,49
2025-06-16,BA,etanol,287.2500,59
2025-06-16,BA,gasolina,451.3800,70
2025-06-16,CE,diesel_s10,200.8000,33
2025-06-16,CE,etanol,184.9300,35
2025-06-16,CE,gasolina,245.1800,38
2025-06-16,DF,diesel_s10,85.0500,14
2025-06-16,DF,etanol,83.2900,18
2025-06-16,DF,gasolina,155.9900,24
2025-06-16,ES,diesel_s10,42.7100,7
2025-06-16,ES,etanol,41.5200,9
2025-06-16,ES,gasolina,75.0300,12
2025-06-16,GO,diesel_s10,325.9900,55
2025-06-16,GO,etanol,308.6400,70
2025-06-16,GO,gasolina,474.0400,76
2025-06-16,MA,diesel_s10,243.7100,41
2025-06-16,MA,etanol,124.9700,25
2025-06-16,MA,gasolina,291.9700,48
2025-06-16,MG,diesel_s10,417.0000,70
2025-06-16,MG,etanol,398.8400,93
2025-06-16,MG,gasolina,601.0400,98
2025-06-16,MS,diesel_s10,19.8200,3
2025-06-16,MS,etanol,25.1500,6
2025-06-16,MS,gasolina,72.4000,11
2025-06-16,MT,diesel_s10,64.2300,10
2025-06-16,MT,etanol,50.1800,12
2025-06-16,MT,gasolina,89.6400,14
2025-06-16,PA,diesel_s10,160.4600,26
2025-06-16,PA,etanol,71.7500,15
2025-06-16,PA,gasolina,271.7400,43
2025-06-16,PB,diesel_s10,152.8600,26
2025-06-16,PB,etanol,147.6100,32
2025-06-16,PB,gasolina,236.1200,39
2025-06-16,PE,diesel_s10,134.2800,24
2025-06-16,PE,etanol,179.2100,37
2025-06-16,PE,gasolina,242.8300,38
2025-06-16,PI,diesel_s10,12.1300,2
2025-06-16,PI,etanol,13.3600,3
2025-06-16,PI,gasolina,29.4800,5
2025-06-16,PR,diesel_s10,285.5800,47
2025-06-16,PR,etanol,324.3400,74
2025-06-16,PR,gasolina,478.9900,75
2025-06-16,RJ,diesel_s10,752.8500,123
2025-06-16,RJ,etanol,782.0100,172
2025-06-16,RJ,gasolina,1130.2100,186
2025-06-16,RN,diesel_s10,30.4500,5
2025-06-16,RN,etanol,29.7900,6
2025-06-16,RN,gasolina,36.4400,6
2025-06-16,RR,diesel_s10,20.6900,3
2025-06-16,RR,etanol,10.3000,2
2025-06-16,RR,gasolina,20.8500,3
2025-06-16,RS,diesel_s10,392.8800,64
2025-06-16,RS,etanol,253.0300,53
2025-06-16,RS,gasolina,634.3800,105
2025-06-16,SC,diesel_s10,287.7700,47
2025-06-16,SC,etanol,212.5600,45
2025-06-16,SC,gasolina,451.9000,71
2025-06-16,SE,diesel_s10,35.6300,6
2025-06-16,SE,etanol,74.3900,15
2025-06-16,SE,gasolina,146.2800,22
2025-06-16,SP,diesel_s10,1880.3400,307
2025-06-16,SP,etanol,1855.7300,466
2025-06-16,SP,gasolina,2846.7800,470
2025-06-16,TO,diesel_s10,60.5600,10
2025-06-16,TO,etanol,63.0100,13
2025-06-16,TO,gasolina,94.7600,14
2025-06-17,AL,diesel_s10,41.5900,6
2025-06-17,AL,etanol,35.6100,7
2025-06-17,AL,gasolina,55.7600,8
2025-06-17,AM,diesel_s10,79.2800,12
2025-06-17,AM,etanol,71.4700,13
2025-06-17,AM,gasolina,113.4400,16
2025-06-17,AP,diesel_s10,32.2800,5
2025-06-17,AP,etanol,21.4800,4
2025-06-17,AP,gasolina,102.9600,17
2025-06-17,BA,diesel_s10,202.2900,33
2025-06-17,BA,etanol,167.2400,35
2025-06-17,BA,gasolina,230.3500,36
2025-06-17,CE,diesel_s10,51.2700,8
2025-06-17,CE,etanol,59.7100,11
2025-06-17,CE,gasolina,65.5700,10
2025-06-17,DF,diesel_s10,30.8500,5
2025-06-17,DF,etanol,33.6500,7
2025-06-17,DF,gasolina,150.6000,23
2025-06-17,ES,diesel_s10,42.6300,7
2025-06-17,ES,etanol,27.3100,6
2025-06-17,ES,gasolina,53.1100,9
2025-06-17,GO,diesel_s10,187.5700,32
2025-06-17,GO,etanol,158.4300,37
2025-06-17,GO,gasolina,238.3200,39
2025-06-17,MA,diesel_s10,125.4900,21
2025-06-17,MA,etanol,74.4300,15
2025-06-17,MA,gasolina,146.8500,24
2025-06-17,MG,diesel_s10,579.6900,97
2025-06-17,MG,etanol,550.5600,128
2025-06-17,MG,gasolina,868.2600,140
2025-06-17,MS,diesel_s10,72.4500,12
2025-06-17,MS,etanol,62.7100,16
2025-06-17,MS,gasolina,142.4900,24
2025-06-17,MT,diesel_s10,117.1600,20
2025-06-17,MT,etanol,113.1700,29
2025-06-17,MT,gasolina,174.0000,29
2025-06-17,PA,diesel_s10,97.9700,16
2025-06-17,PA,etanol,37.4500,8
2025-06-17,PA,gasolina,129.3100,21
2025-06-17,PB,diesel_s10,24.1600,4
2025-06-17,PB,etanol,9.8800,2
2025-06-17,PB,gasolina,48.9800,8
2025-06-17,PE,diesel_s10,184.3200,32
2025-06-17,PE,etanol,114.7300,24
2025-06-17,PE,gasolina,218.5000,35
2025-06-17,PI,diesel_s10,18.7300,3
2025-06-17,PI,etanol,9.5400,2
2025-06-17,PI,gasolina,24.8400,4
2025-06-17,PR,diesel_s10,226.0800,37
2025-06-17,PR,etanol,248.2200,55
2025-06-17,PR,gasolina,352.1200,54
2025-06-17,RJ,diesel_s10,316.7600,51
2025-06-17,RJ,etanol,311.2300,68
2025-06-17,RJ,gasolina,506.4400,82
2025-06-17,RN,diesel_s10,25.2100,4
2025-06-17,RN,etanol,26.5400,5
2025-06-17,RN,gasolina,31.9400,5
2025-06-17,RO,diesel_s10,97.3900,15
2025-06-17,RO,etanol,47.0200,9
2025-06-17,RO,gasolina,129.8400,19
2025-06-17,RR,diesel_s10,13.7300,2
2025-06-17,RR,etanol,5.1500,1
2025-06-17,RR,gasolina,27.8400,4
2025-06-17,RS,diesel_s10,186.3900,30
2025-06-17,RS,etanol,58.5300,12
2025-06-17,RS,gasolina,254.0200,42
2025-06-17,SC,diesel_s10,124.9100,20
2025-06-17,SC,etanol,112.0400,23
2025-06-17,SC,gasolina,221.6600,34
2025-06-17,SE,diesel_s10,17.8100,3
2025-06-17,SE,etanol,4.9900,1
2025-06-17,SE,gasolina,19.9700,3
2025-06-17,SP,diesel_s10,1192.3000,197
2025-06-17,SP,etanol,1206.9800,303
2025-06-17,SP,gasolina,1865.8000,309
2025-06-18,AL,diesel_s10,65.5200,11
2025-06-18,AL,etanol,95.8100,19
2025-06-18,AL,gasolina,125.0500,20
2025-06-18,BA,diesel_s10,239.1200,40
2025-06-18,BA,etanol,183.1800,39
2025-06-18,BA,gasolina,262.3100,41
2025-06-18,CE,diesel_s10,110.2000,19
2025-06-18,CE,etanol,127.0900,24
2025-06-18,CE,gasolina,153.0700,24
2025-06-18,DF,etanol,9.7000,2
2025-06-18,DF,gasolina,13.1200,2
2025-06-18,ES,diesel_s10,175.6300,29
2025-06-18,ES,etanol,145.5600,33
2025-06-18,ES,gasolina,260.3100,44
2025-06-18,GO,diesel_s10,124.8400,21
2025-06-18,GO,etanol,143.8600,33
2025-06-18,GO,gasolina,207.4300,33
2025-06-18,MA,diesel_s10,57.2000,10
2025-06-18,MA,etanol,41.3700,9
2025-06-18,MA,gasolina,67.4400,12
2025-06-18,MG,diesel_s10,490.1600,81
2025-06-18,MG,etanol,491.7300,116
2025-06-18,MG,gasolina,761.6900,125
2025-06-18,MS,diesel_s10,31.0500,5
2025-06-18,MS,etanol,25.4000,6
2025-06-18,MS,gasolina,101.0000,16
2025-06-18,MT,diesel_s10,87.3000,14
2025-06-18,MT,etanol,92.2800,23
2025-06-18,MT,gasolina,147.2500,24
2025-06-18,PA,diesel_s10,184.0500,28
2025-06-18,PA,etanol,57.6200,12
2025-06-18,PA,gasolina,237.8200,36
2025-06-18,PB,diesel_s10,5.9900,1
2025-06-18,PB,etanol,13.8200,3
2025-06-18,PB,gasolina,17.9400,3
2025-06-18,PE,diesel_s10,190.8400,34
2025-06-18,PE,etanol,188.2500,39
2025-06-18,PE,gasolina,270.5300,43
2025-06-18,PI,diesel_s10,88.3800,15
2025-06-18,PI,etanol,75.7900,16
2025-06-18,PI,gasolina,141.4300,24
2025-06-18,PR,diesel_s10,268.0600,45
2025-06-18,PR,etanol,285.2700,63
2025-06-18,PR,gasolina,428.0800,66
2025-06-18,RJ,diesel_s10,86.4100,14
2025-06-18,RJ,etanol,97.3300,21
2025-06-18,RJ,gasolina,154.9000,25
2025-06-18,RN,diesel_s10,30.4200,5
2025-06-18,RN,etanol,26.0200,5
2025-06-18,RN,gasolina,30.9500,5
2025-06-18,RO,diesel_s10,13.6100,2
2025-06-18,RO,gasolina,20.7400,3
2025-06-18,RR,diesel_s10,61.7100,9
2025-06-18,RR,etanol,25.8000,5
2025-06-18,RR,gasolina,62.5500,9
2025-06-18,RS,diesel_s10,30.2100,5
2025-06-18,RS,etanol,15.9700,3
2025-06-18,RS,gasolina,36.4300,6
2025-06-18,SC,diesel_s10,74.8300,12
2025-06-18,SC,etanol,57.7200,12
2025-06-18,SC,gasolina,135.1700,21
2025-06-18,SE,diesel_s10,39.4800,7
2025-06-18,SE,etanol,4.8000,1
2025-06-18,SE,gasolina,52.0800,8
2025-06-18,SP,diesel_s10,823.4300,134
2025-06-18,SP,etanol,804.0800,199
2025-06-18,SP,gasolina,1241.4000,204
2025-06-18,TO,diesel_s10,46.3300,8
2025-06-18,TO,etanol,27.8800,6
2025-06-18,TO,gasolina,50.7500,8
2025-06-19,AC,diesel_s10,86.8000,11
2025-06-19,AC,etanol,55.2600,10
2025-06-19,AC,gasolina,108.6300,14
2025-06-19,AM,diesel_s10,46.9900,7
2025-06-19,AM,etanol,32.5500,6
2025-06-19,AM,gasolina,48.6800,7
2025-06-19,BA,diesel_s10,222.7200,37
2025-06-19,BA,etanol,209.6700,44
2025-06-19,BA,gasolina,308.7600,49
2025-06-19,CE,diesel_s10,61.2200,10
2025-06-19,CE,etanol,36.6900,7
2025-06-19,CE,gasolina,71.3900,11
2025-06-19,ES,diesel_s10,78.2800,13
2025-06-19,ES,etanol,41.4000,9
2025-06-19,ES,gasolina,148.3000,23
2025-06-19,GO,diesel_s10,85.2500,14
2025-06-19,GO,etanol,84.1400,19
2025-06-19,GO,gasolina,120.8200,19
2025-06-19,MA,diesel_s10,11.1200,2
2025-06-19,MA,gasolina,11.3700,2
2025-06-19,MG,diesel_s10,112.3400,19
2025-06-19,MG,etanol,105.7200,25
2025-06-19,MG,gasolina,145.3800,24
2025-06-19,MT,diesel_s10,17.9700,3
2025-06-19,MT,etanol,20.3100,5
2025-06-19,MT,gasolina,30.6100,5
2025-06-19,PA,diesel_s10,85.8100,14
2025-06-19,PA,etanol,33.8600,7
2025-06-19,PA,gasolina,124.5600,20
2025-06-19,PE,diesel_s10,100.3000,17
2025-06-19,PE,etanol,52.7200,10
2025-06-19,PE,gasolina,124.4600,19
2025-06-19,PI,diesel_s10,59.9700,10
2025-06-19,PI,etanol,74.6900,16
2025-06-19,PI,gasolina,105.5100,18
2025-06-19,PR,diesel_s10,114.3000,19
2025-06-19,PR,etanol,122.2900,29
2025-06-19,PR,gasolina,162.5800,26
2025-06-19,RJ,diesel_s10,148.1600,24
2025-06-19,RJ,etanol,131.4300,29
2025-06-19,RJ,gasolina,227.2900,37
2025-06-19,RN,diesel_s10,70.8700,12
2025-06-19,RN,etanol,90.0500,17
2025-06-19,RN,gasolina,111.0900,17
2025-06-19,RO,diesel_s10,96.8700,15
2025-06-19,RO,etanol,57.1900,11
2025-06-19,RO,gasolina,131.4600,19
2025-06-19,RS,diesel_s10,344.0800,56
2025-06-19,RS,etanol,152.4600,32
2025-06-19,RS,gasolina,443.1100,72
2025-06-19,SC,diesel_s10,45.2700,7
2025-06-19,SC,etanol,35.4400,7
2025-06-19,SC,gasolina,60.0200,9
2025-06-19,SP,diesel_s10,670.8300,109
2025-06-19,SP,etanol,639.2600,156
2025-06-19,SP,gasolina,942.9100,154
2025-06-19,TO,diesel_s10,118.9400,20
2025-06-19,TO,etanol,103.5600,22
2025-06-19,TO,gasolina,165.8500,26
2025-06-20,AC,diesel_s10,7.6900,1
2025-06-20,AC,etanol,10.5300,2
2025-06-20,AC,gasolina,22.8200,3
2025-06-20,AM,diesel_s10,67.1200,8
2025-06-20,AM,gasolina,67.1200,8
2025-06-20,BA,diesel_s10,124.9500,21
2025-06-20,BA,etanol,123.7800,25
2025-06-20,BA,gasolina,173.2500,27
2025-06-20,CE,diesel_s10,131.0800,22
2025-06-20,CE,etanol,117.5900,23
2025-06-20,CE,gasolina,172.6200,27
2025-06-20,ES,diesel_s10,5.9900,1
2025-06-20,ES,etanol,9.2800,2
2025-06-20,ES,gasolina,18.1400,3
2025-06-20,GO,diesel_s10,63.5500,11
2025-06-20,GO,etanol,53.9200,13
2025-06-20,GO,gasolina,84.9500,14
2025-06-20,MA,diesel_s10,29.5600,5
2025-06-20,MA,etanol,10.1900,2
2025-06-20,MA,gasolina,37.5100,6
2025-06-20,MG,diesel_s10,125.9500,21
2025-06-20,MG,etanol,110.2200,26
2025-06-20,MG,gasolina,164.1700,27
2025-06-20,MT,diesel_s10,29.2300,5
2025-06-20,MT,etanol,27.5100,7
2025-06-20,MT,gasolina,42.0500,7
2025-06-20,PB,diesel_s10,5.6900,1
2025-06-20,PB,etanol,4.5500,1
2025-06-20,PB,gasolina,6.0700,1
2025-06-20,PE,diesel_s10,154.6100,27
2025-06-20,PE,etanol,123.9100,26
2025-06-20,PE,gasolina,185.2100,30
2025-06-20,PI,diesel_s10,48.8900,8
2025-06-20,PI,etanol,18.8700,4
2025-06-20,PI,gasolina,48.1900,8
2025-06-20,PR,diesel_s10,202.8300,34
2025-06-20,PR,etanol,198.0200,45
2025-06-20,PR,gasolina,279.1300,44
2025-06-20,RJ,diesel_s10,36.4900,6
2025-06-20,RJ,etanol,47.7100,9
2025-06-20,RJ,gasolina,60.5100,9
2025-06-20,RN,diesel_s10,92.3100,14
2025-06-20,RN,etanol,76.8500,15
2025-06-20,RN,gasolina,118.2200,18
2025-06-20,RO,diesel_s10,32.1100,5
2025-06-20,RO,etanol,4.9400,1
2025-06-20,RO,gasolina,60.2000,9
2025-06-20,RS,diesel_s10,103.5900,17
2025-06-20,RS,etanol,51.1200,10
2025-06-20,RS,gasolina,135.4100,22
2025-06-20,SC,diesel_s10,52.7800,9
2025-06-20,SC,etanol,33.0900,7
2025-06-20,SC,gasolina,67.9100,11
2025-06-20,SE,diesel_s10,33.9400,6
2025-06-20,SE,etanol,24.1300,5
2025-06-20,SE,gasolina,51.1200,8
2025-06-20,SP,diesel_s10,301.0700,50
2025-06-20,SP,etanol,330.6300,84
2025-06-20,SP,gasolina,505.8800,84
2025-06-21,RS,diesel_s10,139.6500,23
2025-06-21,RS,etanol,85.4500,17
2025-06-21,RS,gasolina,167.8200,27
2025-06-23,AL,diesel_s10,124.6600,20
2025-06-23,AL,etanol,167.5300,34
2025-06-23,AL,gasolina,262.6700,42
2025-06-23,AM,diesel_s10,106.1400,16
2025-06-23,AM,etanol,115.3300,21
2025-06-23,AM,gasolina,170.1400,24
2025-06-23,AP,diesel_s10,32.2800,5
2025-06-23,AP,etanol,21.4800,4
2025-06-23,AP,gasolina,103.0600,17
2025-06-23,BA,diesel_s10,313.1700,51
2025-06-23,BA,etanol,268.9200,55
2025-06-23,BA,gasolina,448.9500,69
2025-06-23,CE,diesel_s10,321.8100,53
2025-06-23,CE,etanol,329.5200,62
2025-06-23,CE,gasolina,425.9500,66
2025-06-23,DF,diesel_s10,78.8600,13
2025-06-23,DF,etanol,83.2400,18
2025-06-23,DF,gasolina,136.5600,21
2025-06-23,ES,diesel_s10,48.8100,8
2025-06-23,ES,etanol,39.5700,9
2025-06-23,ES,gasolina,77.2800,13
2025-06-23,GO,diesel_s10,331.6300,56
2025-06-23,GO,etanol,326.5900,74
2025-06-23,GO,gasolina,485.0800,78
2025-06-23,MA,diesel_s10,212.5100,34
2025-06-23,MA,etanol,121.9000,24
2025-06-23,MA,gasolina,246.1000,39
2025-06-23,MG,diesel_s10,470.8300,79
2025-06-23,MG,etanol,459.3700,107
2025-06-23,MG,gasolina,702.4300,114
2025-06-23,MS,diesel_s10,17.9800,3
2025-06-23,MS,etanol,11.7000,3
2025-06-23,MS,gasolina,17.6200,3
2025-06-23,MT,diesel_s10,89.4700,14
2025-06-23,MT,etanol,80.6000,20
2025-06-23,MT,gasolina,136.8100,22
2025-06-23,PA,diesel_s10,124.9300,20
2025-06-23,PA,etanol,67.7600,14
2025-06-23,PA,gasolina,226.8800,36
2025-06-23,PB,diesel_s10,106.1400,18
2025-06-23,PB,etanol,128.8300,28
2025-06-23,PB,gasolina,205.2900,34
2025-06-23,PE,diesel_s10,170.3100,30
2025-06-23,PE,etanol,199.1500,41
2025-06-23,PE,gasolina,277.9700,44
2025-06-23,PI,diesel_s10,30.0300,5
2025-06-23,PI,etanol,42.4000,9
2025-06-23,PI,gasolina,59.8400,10
2025-06-23,PR,diesel_s10,146.9600,24
2025-06-23,PR,etanol,158.7700,38
2025-06-23,PR,gasolina,229.6300,37
2025-06-23,RJ,diesel_s10,801.9800,131
2025-06-23,RJ,etanol,839.0000,185
2025-06-23,RJ,gasolina,1206.0500,199
2025-06-23,RN,diesel_s10,49.7900,8
2025-06-23,RN,etanol,58.0100,11
2025-06-23,RN,gasolina,71.2400,11
2025-06-23,RR,diesel_s10,68.5700,10
2025-06-23,RR,etanol,36.1000,7
2025-06-23,RR,gasolina,69.5000,10
2025-06-23,RS,diesel_s10,291.2200,47
2025-06-23,RS,etanol,95.9500,20
2025-06-23,RS,gasolina,357.3000,59
2025-06-23,SC,diesel_s10,261.7400,43
2025-06-23,SC,etanol,225.6000,48
2025-06-23,SC,gasolina,475.7600,75
2025-06-23,SE,diesel_s10,33.9400,6
2025-06-23,SE,etanol,24.1300,5
2025-06-23,SE,gasolina,51.1200,8
2025-06-23,SP,diesel_s10,2061.1500,336
2025-06-23,SP,etanol,2077.6100,517
2025-06-23,SP,gasolina,3169.3400,521
2025-06-23,TO,diesel_s10,31.7400,5
2025-06-23,TO,etanol,39.5800,8
2025-06-23,TO,gasolina,61.8100,9
2025-06-24,AL,diesel_s10,6.9700,1
2025-06-24,AL,etanol,5.1100,1
2025-06-24,AL,gasolina,6.9800,1
2025-06-24,AM,diesel_s10,72.6900,11
2025-06-24,AM,etanol,71.4700,13
2025-06-24,AM,gasolina,106.3500,15
2025-06-24,BA,diesel_s10,74.3200,12
2025-06-24,BA,etanol,76.7400,16
2025-06-24,BA,gasolina,101.7600,16
2025-06-24,CE,diesel_s10,6.8000,1
2025-06-24,CE,etanol,31.2500,6
2025-06-24,CE,gasolina,30.0200,5
2025-06-24,DF,diesel_s10,37.0400,6
2025-06-24,DF,etanol,33.6500,7
2025-06-24,DF,gasolina,176.6000,27
2025-06-24,ES,diesel_s10,121.6900,20
2025-06-24,ES,etanol,125.1300,28
2025-06-24,ES,gasolina,203.0900,34
2025-06-24,GO,diesel_s10,83.9900,14
2025-06-24,GO,etanol,96.4600,23
2025-06-24,GO,gasolina,166.1600,27
2025-06-24,MA,diesel_s10,183.6300,32
2025-06-24,MA,etanol,100.5900,21
2025-06-24,MA,gasolina,223.3900,38
2025-06-24,MG,diesel_s10,385.5700,64
2025-06-24,MG,etanol,371.9200,87
2025-06-24,MG,gasolina,567.0700,92
2025-06-24,MS,diesel_s10,96.4500,16
2025-06-24,MS,etanol,74.0600,19
2025-06-24,MS,gasolina,211.2800,35
2025-06-24,MT,diesel_s10,140.0800,23
2025-06-24,MT,etanol,117.8000,31
2025-06-24,MT,gasolina,194.2400,32
2025-06-24,PA,diesel_s10,53.0200,9
2025-06-24,PA,etanol,32.2300,7
2025-06-24,PA,gasolina,57.3900,10
2025-06-24,PE,diesel_s10,5.8900,1
2025-06-24,PE,etanol,4.9000,1
2025-06-24,PE,gasolina,6.8900,1
2025-06-24,PI,diesel_s10,60.1600,10
2025-06-24,PI,etanol,41.8700,9
2025-06-24,PI,gasolina,83.4300,14
2025-06-24,PR,diesel_s10,145.0500,24
2025-06-24,PR,etanol,161.5600,36
2025-06-24,PR,gasolina,239.6400,37
2025-06-24,RJ,diesel_s10,174.6500,28
2025-06-24,RJ,etanol,170.5400,37
2025-06-24,RJ,gasolina,238.9900,39
2025-06-24,RO,diesel_s10,72.5100,11
2025-06-24,RO,etanol,41.0200,8
2025-06-24,RO,gasolina,102.2200,15
2025-06-24,RR,diesel_s10,20.5800,3
2025-06-24,RR,gasolina,20.8500,3
2025-06-24,RS,diesel_s10,369.7200,60
2025-06-24,RS,etanol,247.0900,51
2025-06-24,RS,gasolina,573.7300,94
2025-06-24,SC,diesel_s10,194.3400,31
2025-06-24,SC,etanol,164.9300,34
2025-06-24,SC,gasolina,333.7100,51
2025-06-24,SE,diesel_s10,23.8500,4
2025-06-24,SE,etanol,54.4700,11
2025-06-24,SE,gasolina,112.9600,17
2025-06-24,SP,diesel_s10,1078.0800,175
2025-06-24,SP,etanol,1086.6800,269
2025-06-24,SP,gasolina,1675.7600,273
2025-06-24,TO,diesel_s10,48.0800,8
2025-06-24,TO,etanol,46.1900,10
2025-06-24,TO,gasolina,66.8300,11
2025-06-25,AM,diesel_s10,50.3400,6
2025-06-25,AM,gasolina,67.1200,8
2025-06-25,BA,diesel_s10,123.7100,20
2025-06-25,BA,etanol,144.4800,30
2025-06-25,BA,gasolina,222.1000,34
2025-06-25,CE,diesel_s10,103.8800,17
2025-06-25,CE,etanol,84.8900,16
2025-06-25,CE,gasolina,130.0000,20
2025-06-25,DF,etanol,9.7000,2
2025-06-25,DF,gasolina,6.5600,1
2025-06-25,ES,diesel_s10,95.4500,16
2025-06-25,ES,etanol,57.3200,13
2025-06-25,ES,gasolina,124.9300,21
2025-06-25,GO,diesel_s10,204.9900,35
2025-06-25,GO,etanol,176.6900,41
2025-06-25,GO,gasolina,255.0600,41
2025-06-25,MA,diesel_s10,82.5600,14
2025-06-25,MA,etanol,49.4700,10
2025-06-25,MA,gasolina,104.1200,17
2025-06-25,MG,diesel_s10,419.8200,70
2025-06-25,MG,etanol,423.0900,98
2025-06-25,MG,gasolina,649.5300,105
2025-06-25,MS,diesel_s10,32.8100,5
2025-06-25,MS,etanol,30.3400,7
2025-06-25,MS,gasolina,79.5500,12
2025-06-25,MT,diesel_s10,79.4300,13
2025-06-25,MT,etanol,81.7800,21
2025-06-25,MT,gasolina,126.3500,21
2025-06-25,PA,diesel_s10,149.7200,23
2025-06-25,PA,etanol,38.5800,8
2025-06-25,PA,gasolina,215.0300,33
2025-06-25,PB,diesel_s10,69.8400,12
2025-06-25,PB,etanol,46.6300,10
2025-06-25,PB,gasolina,103.6900,17
2025-06-25,PE,diesel_s10,278.0200,49
2025-06-25,PE,etanol,237.3100,49
2025-06-25,PE,gasolina,381.5400,60
2025-06-25,PI,diesel_s10,53.6700,9
2025-06-25,PI,etanol,74.6200,16
2025-06-25,PI,gasolina,117.7500,20
2025-06-25,PR,diesel_s10,479.9800,79
2025-06-25,PR,etanol,492.1100,110
2025-06-25,PR,gasolina,739.9100,114
2025-06-25,RJ,diesel_s10,98.3000,16
2025-06-25,RJ,etanol,118.0700,26
2025-06-25,RJ,gasolina,185.9300,30
2025-06-25,RN,diesel_s10,58.1000,9
2025-06-25,RN,etanol,52.6900,10
2025-06-25,RN,gasolina,66.0200,10
2025-06-25,RO,diesel_s10,116.4200,18
2025-06-25,RO,etanol,38.1400,7
2025-06-25,RO,gasolina,124.3900,18
2025-06-25,RR,diesel_s10,13.8300,2
2025-06-25,RR,etanol,5.1500,1
2025-06-25,RR,gasolina,20.8500,3
2025-06-25,RS,diesel_s10,527.3600,86
2025-06-25,RS,etanol,239.5000,50
2025-06-25,RS,gasolina,691.4300,113
2025-06-25,SC,diesel_s10,84.8800,14
2025-06-25,SC,etanol,33.8000,7
2025-06-25,SC,gasolina,94.8900,15
2025-06-25,SE,diesel_s10,57.7500,10
2025-06-25,SE,etanol,19.7300,4
2025-06-25,SE,gasolina,85.4100,13
2025-06-25,SP,diesel_s10,1007.3000,167
2025-06-25,SP,etanol,999.7500,253
2025-06-25,SP,gasolina,1540.6100,257
2025-06-25,TO,diesel_s10,88.7300,15
2025-06-25,TO,etanol,76.2800,16
2025-06-25,TO,gasolina,117.8000,18
2025-06-26,AC,diesel_s10,79.7000,10
2025-06-26,AC,etanol,49.8100,9
2025-06-26,AC,gasolina,101.5100,13
2025-06-26,AM,diesel_s10,46.9900,7
2025-06-26,AM,etanol,32.3500,6
2025-06-26,AM,gasolina,48.6800,7
2025-06-26,BA,diesel_s10,492.6100,81
2025-06-26,BA,etanol,384.7500,82
2025-06-26,BA,gasolina,587.9600,93
2025-06-26,CE,diesel_s10,80.7300,14
2025-06-26,CE,etanol,90.6200,18
2025-06-26,CE,gasolina,121.2800,19
2025-06-26,ES,diesel_s10,36.2000,6
2025-06-26,ES,etanol,37.4900,8
2025-06-26,ES,gasolina,87.4300,14
2025-06-26,GO,diesel_s10,123.7200,20
2025-06-26,GO,etanol,156.4600,36
2025-06-26,GO,gasolina,225.8500,36
2025-06-26,MA,diesel_s10,43.1100,7
2025-06-26,MA,etanol,31.5200,6
2025-06-26,MA,gasolina,47.3800,7
2025-06-26,MG,diesel_s10,373.2800,63
2025-06-26,MG,etanol,329.2700,79
2025-06-26,MG,gasolina,488.4400,81
2025-06-26,MT,diesel_s10,6.5900,1
2025-06-26,MT,etanol,8.3800,2
2025-06-26,MT,gasolina,18.9800,3
2025-06-26,PA,diesel_s10,180.8300,28
2025-06-26,PA,etanol,63.5200,13
2025-06-26,PA,gasolina,246.0500,38
2025-06-26,PB,diesel_s10,69.0600,12
2025-06-26,PB,etanol,62.1400,14
2025-06-26,PB,gasolina,82.9100,14
2025-06-26,PE,diesel_s10,370.4700,63
2025-06-26,PE,etanol,281.1300,57
2025-06-26,PE,gasolina,459.1500,72
2025-06-26,PI,diesel_s10,24.3600,4
2025-06-26,PI,etanol,19.7300,4
2025-06-26,PI,gasolina,41.8100,7
2025-06-26,PR,diesel_s10,196.5700,33
2025-06-26,PR,etanol,220.0300,51
2025-06-26,PR,gasolina,310.7100,49
2025-06-26,RJ,diesel_s10,130.3600,21
2025-06-26,RJ,etanol,120.6800,26
2025-06-26,RJ,gasolina,206.6900,33
2025-06-26,RN,diesel_s10,124.1700,20
2025-06-26,RN,etanol,109.7900,21
2025-06-26,RN,gasolina,170.3500,26
2025-06-26,RO,diesel_s10,25.4300,4
2025-06-26,RO,etanol,30.2400,6
2025-06-26,RO,gasolina,48.7900,7
2025-06-26,RS,diesel_s10,148.1700,24
2025-06-26,RS,etanol,84.4300,17
2025-06-26,RS,gasolina,211.6300,34
2025-06-26,SC,diesel_s10,82.3000,13
2025-06-26,SC,etanol,47.1400,10
2025-06-26,SC,gasolina,99.9300,16
2025-06-26,SE,diesel_s10,11.6800,2
2025-06-26,SE,etanol,4.9900,1
2025-06-26,SE,gasolina,13.2900,2
2025-06-26,SP,diesel_s10,663.1700,110
2025-06-26,SP,etanol,600.4700,152
2025-06-26,SP,gasolina,920.1500,153
2025-06-26,TO,diesel_s10,53.1100,9
2025-06-26,TO,etanol,38.2100,8
2025-06-26,TO,gasolina,65.8800,10
2025-06-27,BA,diesel_s10,42.2000,7
2025-06-27,BA,etanol,44.8000,9
2025-06-27,BA,gasolina,58.6900,9
2025-06-27,ES,diesel_s10,36.7300,6
2025-06-27,ES,etanol,18.7900,4
2025-06-27,ES,gasolina,52.1400,8
2025-06-27,GO,diesel_s10,41.0800,7
2025-06-27,GO,etanol,33.6800,8
2025-06-27,GO,gasolina,49.0800,8
2025-06-27,MG,diesel_s10,144.9600,24
2025-06-27,MG,etanol,107.9000,26
2025-06-27,MG,gasolina,182.0400,30
2025-06-27,PA,diesel_s10,13.8000,2
2025-06-27,PA,etanol,9.8000,2
2025-06-27,PA,gasolina,21.2400,3
2025-06-27,PR,diesel_s10,125.0200,21
2025-06-27,PR,etanol,118.1900,26
2025-06-27,PR,gasolina,168.5900,26
2025-06-27,RO,diesel_s10,6.3400,1
2025-06-27,RO,gasolina,13.9600,2
2025-06-27,SC,diesel_s10,18.7300,3
2025-06-27,SC,etanol,9.6800,2
2025-06-27,SC,gasolina,25.1400,4
2025-06-27,SP,diesel_s10,41.2000,7
2025-06-27,SP,etanol,52.4400,14
2025-06-27,SP,gasolina,84.9200,14
2025-06-30,AL,diesel_s10,41.3300,7
2025-06-30,AL,etanol,77.6900,15
2025-06-30,AL,gasolina,114.9700,18
2025-06-30,AM,diesel_s10,105.8400,16
2025-06-30,AM,etanol,115.3300,21
2025-06-30,AM,gasolina,170.1400,24
2025-06-30,BA,diesel_s10,506.5100,82
2025-06-30,BA,etanol,478.0500,100
2025-06-30,BA,gasolina,740.8400,116
2025-06-30,CE,diesel_s10,106.7900,18
2025-06-30,CE,etanol,149.0000,28
2025-06-30,CE,gasolina,154.8500,24
2025-06-30,DF,diesel_s10,78.8600,13
2025-06-30,DF,etanol,83.1800,18
2025-06-30,DF,gasolina,136.5000,21
2025-06-30,ES,diesel_s10,205.2100,34
2025-06-30,ES,etanol,178.3700,40
2025-06-30,ES,gasolina,350.9100,59
2025-06-30,GO,diesel_s10,326.5800,55
2025-06-30,GO,etanol,313.8900,72
2025-06-30,GO,gasolina,473.3500,76
2025-06-30,MA,diesel_s10,161.3800,27
2025-06-30,MA,etanol,92.8400,18
2025-06-30,MA,gasolina,206.0700,33
2025-06-30,MG,diesel_s10,701.3000,118
2025-06-30,MG,etanol,638.7200,150
2025-06-30,MG,gasolina,984.5600,161
2025-06-30,MS,diesel_s10,67.4900,11
2025-06-30,MS,etanol,71.4600,18
2025-06-30,MS,gasolina,216.9200,35
2025-06-30,MT,diesel_s10,58.2300,9
2025-06-30,MT,etanol,54.2400,14
2025-06-30,MT,gasolina,105.1200,17
2025-06-30,PA,diesel_s10,197.4200,32
2025-06-30,PA,etanol,90.5100,19
2025-06-30,PA,gasolina,351.3000,56
2025-06-30,PB,diesel_s10,159.6800,27
2025-06-30,PB,etanol,115.5700,25
2025-06-30,PB,gasolina,235.9200,39
2025-06-30,PE,diesel_s10,503.1100,88
2025-06-30,PE,etanol,454.6300,94
2025-06-30,PE,gasolina,708.8800,112
2025-06-30,PI,diesel_s10,119.5400,20
2025-06-30,PI,etanol,110.7300,24
2025-06-30,PI,gasolina,190.4000,32
2025-06-30,PR,diesel_s10,490.4500,80
2025-06-30,PR,etanol,514.7200,115
2025-06-30,PR,gasolina,752.8800,116
2025-06-30,RJ,diesel_s10,729.7100,120
2025-06-30,RJ,etanol,802.0500,179
2025-06-30,RJ,gasolina,1149.3900,191
2025-06-30,RN,diesel_s10,85.0800,14
2025-06-30,RN,etanol,85.2000,16
2025-06-30,RN,gasolina,110.8300,17
2025-06-30,RO,diesel_s10,44.6100,7
2025-06-30,RO,etanol,11.4900,2
2025-06-30,RO,gasolina,48.4600,7
2025-06-30,RR,diesel_s10,48.1500,7
2025-06-30,RR,etanol,20.6000,4
2025-06-30,RR,gasolina,55.6000,8
2025-06-30,RS,diesel_s10,432.7600,70
2025-06-30,RS,etanol,250.1500,52
2025-06-30,RS,gasolina,687.6700,114
2025-06-30,SC,diesel_s10,244.7100,40
2025-06-30,SC,etanol,220.3400,47
2025-06-30,SC,gasolina,443.3100,70
2025-06-30,SE,diesel_s10,35.5300,6
2025-06-30,SE,etanol,59.4600,12
2025-06-30,SE,gasolina,126.2500,19
2025-06-30,SP,diesel_s10,2283.5900,373
2025-06-30,SP,etanol,2322.0200,584
2025-06-30,SP,gasolina,3563.4500,590
2025-06-30,TO,diesel_s10,103.3600,17
2025-06-30,TO,etanol,100.9900,21
2025-06-30,TO,gasolina,147.7800,22
2025-07-01,AL,diesel_s10,78.3300,12
2025-07-01,AL,etanol,95.0100,19
2025-07-01,AL,gasolina,153.4900,24
2025-07-01,AM,diesel_s10,79.2800,12
2025-07-01,AM,etanol,71.4700,13
2025-07-01,AM,gasolina,106.3500,15
2025-07-01,AP,diesel_s10,32.2800,5
2025-07-01,AP,etanol,21.4800,4
2025-07-01,AP,gasolina,103.0500,17
2025-07-01,BA,diesel_s10,92.2900,15
2025-07-01,BA,etanol,97.5500,20
2025-07-01,BA,gasolina,131.9800,20
2025-07-01,CE,diesel_s10,171.1300,27
2025-07-01,CE,etanol,125.8200,24
2025-07-01,CE,gasolina,214.6800,33
2025-07-01,DF,diesel_s10,30.8500,5
2025-07-01,DF,etanol,33.6500,7
2025-07-01,DF,gasolina,176.3800,27
2025-07-01,ES,diesel_s10,60.5400,10
2025-07-01,ES,etanol,30.6400,7
2025-07-01,ES,gasolina,66.2000,11
2025-07-01,GO,diesel_s10,88.7000,15
2025-07-01,GO,etanol,90.0200,21
2025-07-01,GO,gasolina,136.8700,22
2025-07-01,MA,diesel_s10,95.7600,15
2025-07-01,MA,etanol,30.9900,6
2025-07-01,MA,gasolina,106.8100,17
2025-07-01,MG,diesel_s10,306.9700,51
2025-07-01,MG,etanol,320.2100,75
2025-07-01,MG,gasolina,499.9500,81
2025-07-01,MS,diesel_s10,49.0400,8
2025-07-01,MS,etanol,37.2200,9
2025-07-01,MS,gasolina,67.3900,11
2025-07-01,MT,diesel_s10,150.2700,24
2025-07-01,MT,etanol,138.4300,35
2025-07-01,MT,gasolina,226.4700,37
2025-07-01,PA,diesel_s10,85.1900,14
2025-07-01,PA,etanol,32.5300,7
2025-07-01,PA,gasolina,91.6600,15
2025-07-01,PE,diesel_s10,46.4800,8
2025-07-01,PE,etanol,29.4300,6
2025-07-01,PE,gasolina,48.0100,8
2025-07-01,PI,diesel_s10,48.7900,8
2025-07-01,PI,etanol,18.8700,4
2025-07-01,PI,gasolina,48.1900,8
2025-07-01,PR,diesel_s10,76.1200,13
2025-07-01,PR,etanol,101.6100,24
2025-07-01,PR,gasolina,148.0500,24
2025-07-01,RJ,diesel_s10,123.6900,19
2025-07-01,RJ,etanol,114.1300,24
2025-07-01,RJ,gasolina,174.1100,27
2025-07-01,RN,diesel_s10,55.9400,9
2025-07-01,RN,etanol,55.7400,11
2025-07-01,RN,gasolina,68.5500,11
2025-07-01,RO,diesel_s10,65.4900,10
2025-07-01,RO,etanol,25.3100,5
2025-07-01,RO,gasolina,95.6000,14
2025-07-01,RR,diesel_s10,6.8500,1
2025-07-01,RR,gasolina,6.9500,1
2025-07-01,RS,diesel_s10,276.6800,46
2025-07-01,RS,etanol,100.0400,21
2025-07-01,RS,gasolina,328.9700,54
2025-07-01,SC,diesel_s10,107.0600,17
2025-07-01,SC,etanol,108.2000,22
2025-07-01,SC,gasolina,209.6100,32
2025-07-01,SE,diesel_s10,39.4800,7
2025-07-01,SE,etanol,4.8000,1
2025-07-01,SE,gasolina,52.0800,8
2025-07-01,SP,diesel_s10,1178.8000,193
2025-07-01,SP,etanol,1113.9000,275
2025-07-01,SP,gasolina,1697.9500,278
2025-07-01,TO,diesel_s10,48.2800,8
2025-07-01,TO,etanol,41.8000,9
2025-07-01,TO,gasolina,66.8300,11
2025-07-02,AL,etanol,5.1900,1
2025-07-02,AL,gasolina,6.3900,1
2025-07-02,BA,diesel_s10,11.9800,2
2025-07-02,BA,etanol,8.7800,2
2025-07-02,BA,gasolina,11.9800,2
2025-07-02,CE,diesel_s10,123.7700,21
2025-07-02,CE,etanol,141.6600,27
2025-07-02,CE,gasolina,183.1000,29
2025-07-02,DF,etanol,9.7000,2
2025-07-02,DF,gasolina,6.5600,1
2025-07-02,ES,diesel_s10,35.9400,6
2025-07-02,ES,etanol,27.4900,6
2025-07-02,ES,gasolina,71.2900,11
2025-07-02,GO,diesel_s10,209.0100,35
2025-07-02,GO,etanol,186.1000,44
2025-07-02,GO,gasolina,285.1900,46
2025-07-02,MA,diesel_s10,156.4200,27
2025-07-02,MA,etanol,101.6700,22
2025-07-02,MA,gasolina,167.2500,29
2025-07-02,MG,diesel_s10,336.2300,56
2025-07-02,MG,etanol,299.0400,70
2025-07-02,MG,gasolina,459.0100,75
2025-07-02,MS,diesel_s10,18.6300,3
2025-07-02,MS,etanol,12.3700,3
2025-07-02,MS,gasolina,30.9000,5
2025-07-02,MT,diesel_s10,112.4100,19
2025-07-02,MT,etanol,96.9000,26
2025-07-02,MT,gasolina,149.6600,25
2025-07-02,PA,diesel_s10,139.8300,21
2025-07-02,PA,etanol,74.4100,15
2025-07-02,PA,gasolina,219.6000,33
2025-07-02,PB,diesel_s10,98.2600,17
2025-07-02,PB,etanol,112.5400,25
2025-07-02,PB,gasolina,155.6100,26
2025-07-02,PE,diesel_s10,5.6900,1
2025-07-02,PE,gasolina,13.7800,2
2025-07-02,PI,diesel_s10,17.5900,3
2025-07-02,PI,etanol,36.7800,8
2025-07-02,PI,gasolina,58.9300,10
2025-07-02,PR,diesel_s10,196.0000,32
2025-07-02,PR,etanol,178.3500,42
2025-07-02,PR,gasolina,268.9700,43
2025-07-02,RJ,diesel_s10,154.7400,25
2025-07-02,RJ,etanol,178.8700,38
2025-07-02,RJ,gasolina,284.5400,45
2025-07-02,RN,diesel_s10,64.2900,10
2025-07-02,RN,etanol,67.5500,13
2025-07-02,RN,gasolina,83.1200,13
2025-07-02,RO,diesel_s10,72.3100,11
2025-07-02,RO,etanol,40.9900,8
2025-07-02,RO,gasolina,81.8600,12
2025-07-02,RR,diesel_s10,47.9800,7
2025-07-02,RR,etanol,20.6500,4
2025-07-02,RR,gasolina,48.6500,7
2025-07-02,RS,diesel_s10,295.9700,48
2025-07-02,RS,etanol,106.0700,21
2025-07-02,RS,gasolina,395.3300,64
2025-07-02,SC,diesel_s10,43.0200,7
2025-07-02,SC,etanol,51.4100,11
2025-07-02,SC,gasolina,117.2500,18
2025-07-02,SP,diesel_s10,623.5300,102
2025-07-02,SP,etanol,568.6600,143
2025-07-02,SP,gasolina,902.6500,150
2025-07-03,AC,diesel_s10,86.2700,11
2025-07-03,AC,etanol,65.7900,12
2025-07-03,AC,gasolina,131.3700,17
2025-07-03,AL,diesel_s10,28.9000,5
2025-07-03,AL,etanol,31.1300,6
2025-07-03,AL,gasolina,44.5300,7
2025-07-03,AM,diesel_s10,53.6400,8
2025-07-03,AM,etanol,37.7400,7
2025-07-03,AM,gasolina,64.0300,9
2025-07-03,BA,diesel_s10,468.3300,78
2025-07-03,BA,etanol,377.9000,80
2025-07-03,BA,gasolina,545.0600,86
2025-07-03,CE,diesel_s10,52.9400,8
2025-07-03,CE,etanol,44.2300,8
2025-07-03,CE,gasolina,39.7000,6
2025-07-03,ES,diesel_s10,24.2600,4
2025-07-03,ES,etanol,13.8100,3
2025-07-03,ES,gasolina,52.1500,8
2025-07-03,GO,diesel_s10,142.0100,24
2025-07-03,GO,etanol,130.9100,32
2025-07-03,GO,gasolina,193.7300,32
2025-07-03,MA,diesel_s10,74.2100,12
2025-07-03,MA,etanol,52.1700,10
2025-07-03,MA,gasolina,88.6900,13
2025-07-03,MG,diesel_s10,289.8800,49
2025-07-03,MG,etanol,321.6400,76
2025-07-03,MG,gasolina,473.0600,77
2025-07-03,PA,diesel_s10,40.3100,6
2025-07-03,PA,etanol,14.7000,3
2025-07-03,PA,gasolina,68.5000,10
2025-07-03,PE,diesel_s10,165.5600,28
2025-07-03,PE,etanol,125.8600,25
2025-07-03,PE,gasolina,180.8500,28
2025-07-03,PI,diesel_s10,24.2200,4
2025-07-03,PI,etanol,15.0700,3
2025-07-03,PI,gasolina,29.7500,5
2025-07-03,PR,diesel_s10,216.9700,36
2025-07-03,PR,etanol,235.8800,54
2025-07-03,PR,gasolina,318.3800,50
2025-07-03,RJ,diesel_s10,172.7000,28
2025-07-03,RJ,etanol,172.2700,38
2025-07-03,RJ,gasolina,268.0400,44
2025-07-03,RN,diesel_s10,34.9100,5
2025-07-03,RN,etanol,9.7800,2
2025-07-03,RN,gasolina,33.8500,5
2025-07-03,RO,diesel_s10,76.8000,12
2025-07-03,RO,etanol,40.5200,8
2025-07-03,RO,gasolina,118.4500,17
2025-07-03,RS,diesel_s10,336.2800,54
2025-07-03,RS,etanol,153.8700,31
2025-07-03,RS,gasolina,452.1300,72
2025-07-03,SC,diesel_s10,94.0700,15
2025-07-03,SC,etanol,53.9800,11
2025-07-03,SC,gasolina,115.1200,18
2025-07-03,SP,diesel_s10,568.5900,95
2025-07-03,SP,etanol,513.0700,130
2025-07-03,SP,gasolina,799.3900,131
2025-07-03,TO,diesel_s10,75.7200,13
2025-07-03,TO,etanol,41.9400,9
2025-07-03,TO,gasolina,90.5700,14
2025-07-04,AM,diesel_s10,58.7300,7
2025-07-04,AM,gasolina,58.7300,7
2025-07-04,BA,diesel_s10,61.0100,10
2025-07-04,BA,etanol,67.7600,14
2025-07-04,BA,gasolina,89.2800,14
2025-07-04,CE,diesel_s10,30.4500,5
2025-07-04,CE,etanol,42.5800,8
2025-07-04,CE,gasolina,51.0400,8
2025-07-04,GO,diesel_s10,17.6200,3
2025-07-04,GO,etanol,17.3800,4
2025-07-04,GO,gasolina,25.0800,4
2025-07-04,MA,diesel_s10,71.5000,12
2025-07-04,MA,etanol,30.0700,6
2025-07-04,MA,gasolina,88.9100,14
2025-07-04,MG,diesel_s10,222.2300,37
2025-07-04,MG,etanol,196.5300,47
2025-07-04,MG,gasolina,321.2100,53
2025-07-04,PA,diesel_s10,24.5100,4
2025-07-04,PA,etanol,4.9900,1
2025-07-04,PA,gasolina,32.0100,5
2025-07-04,PE,diesel_s10,42.1300,7
2025-07-04,PE,etanol,26.5500,5
2025-07-04,PE,gasolina,54.2300,8
2025-07-04,PI,diesel_s10,18.2800,3
2025-07-04,PI,etanol,9.6700,2
2025-07-04,PI,gasolina,23.7400,4
2025-07-04,PR,diesel_s10,147.5500,25
2025-07-04,PR,etanol,151.0700,33
2025-07-04,PR,gasolina,221.4300,34
2025-07-04,RJ,diesel_s10,54.4600,9
2025-07-04,RJ,etanol,51.4900,11
2025-07-04,RJ,gasolina,73.9400,12
2025-07-04,RN,diesel_s10,5.9900,1
2025-07-04,RN,etanol,14.6700,3
2025-07-04,RN,gasolina,18.3700,3
2025-07-04,RO,diesel_s10,6.3900,1
2025-07-04,RO,etanol,5.2900,1
2025-07-04,RO,gasolina,6.8900,1
2025-07-04,RS,diesel_s10,37.7400,6
2025-07-04,RS,etanol,25.7500,5
2025-07-04,RS,gasolina,58.8200,9
2025-07-04,SC,diesel_s10,96.5700,16
2025-07-04,SC,etanol,54.6600,12
2025-07-04,SC,gasolina,111.6300,18
2025-07-04,SE,diesel_s10,58.3000,10
2025-07-04,SE,etanol,44.0500,9
2025-07-04,SE,gasolina,91.1200,14
2025-07-04,SP,diesel_s10,167.9800,27
2025-07-04,SP,etanol,172.6400,43
2025-07-04,SP,gasolina,261.7900,43
2025-07-04,TO,diesel_s10,6.4700,1
2025-07-04,TO,etanol,4.8900,1
2025-07-04,TO,gasolina,6.5700,1
2025-07-05,SP,diesel_s10,67.8600,11
2025-07-05,SP,etanol,39.5600,10
2025-07-05,SP,gasolina,66.2500,11
2025-07-07,AC,diesel_s10,15.3800,2
2025-07-07,AC,etanol,15.9200,3
2025-07-07,AC,gasolina,30.2100,4
2025-07-07,AL,diesel_s10,64.2800,11
2025-07-07,AL,etanol,105.9400,21
2025-07-07,AL,gasolina,153.3500,25
2025-07-07,AM,diesel_s10,105.6400,16
2025-07-07,AM,etanol,120.8200,22
2025-07-07,AM,gasolina,170.1600,24
2025-07-07,BA,diesel_s10,196.1800,32
2025-07-07,BA,etanol,174.6700,36
2025-07-07,BA,gasolina,258.8200,40
2025-07-07,CE,diesel_s10,123.6400,21
2025-07-07,CE,etanol,159.7400,30
2025-07-07,CE,gasolina,173.9900,27
2025-07-07,DF,diesel_s10,78.8600,13
2025-07-07,DF,etanol,79.1400,17
2025-07-07,DF,gasolina,137.7800,21
2025-07-07,ES,diesel_s10,30.5500,5
2025-07-07,ES,etanol,25.7000,6
2025-07-07,ES,gasolina,46.3700,8
2025-07-07,GO,diesel_s10,220.8500,37
2025-07-07,GO,etanol,192.2000,45
2025-07-07,GO,gasolina,298.5900,48
2025-07-07,MA,diesel_s10,125.0900,20
2025-07-07,MA,etanol,76.1200,15
2025-07-07,MA,gasolina,157.5100,25
2025-07-07,MG,diesel_s10,516.2400,86
2025-07-07,MG,etanol,470.2100,109
2025-07-07,MG,gasolina,732.0500,119
2025-07-07,MS,diesel_s10,55.7000,9
2025-07-07,MS,etanol,54.2900,13
2025-07-07,MS,gasolina,184.0900,29
2025-07-07,MT,diesel_s10,75.2700,12
2025-07-07,MT,etanol,73.3700,19
2025-07-07,MT,gasolina,123.2000,20
2025-07-07,PA,diesel_s10,135.5200,22
2025-07-07,PA,etanol,71.6300,15
2025-07-07,PA,gasolina,258.6100,41
2025-07-07,PB,diesel_s10,114.9100,20
2025-07-07,PB,etanol,123.2000,27
2025-07-07,PB,gasolina,187.1800,31
2025-07-07,PE,diesel_s10,153.3500,27
2025-07-07,PE,etanol,180.7400,38
2025-07-07,PE,gasolina,246.5000,40
2025-07-07,PI,diesel_s10,18.8900,3
2025-07-07,PI,etanol,32.1900,7
2025-07-07,PI,gasolina,41.1900,7
2025-07-07,PR,diesel_s10,297.0300,49
2025-07-07,PR,etanol,330.0500,76
2025-07-07,PR,gasolina,469.2100,74
2025-07-07,RJ,diesel_s10,688.7400,113
2025-07-07,RJ,etanol,743.8800,164
2025-07-07,RJ,gasolina,1111.0400,183
2025-07-07,RN,diesel_s10,24.1600,4
2025-07-07,RN,etanol,30.3100,6
2025-07-07,RN,gasolina,30.7300,5
2025-07-07,RO,diesel_s10,44.5900,7
2025-07-07,RO,etanol,5.9900,1
2025-07-07,RO,gasolina,48.5600,7
2025-07-07,RR,diesel_s10,27.4400,4
2025-07-07,RR,etanol,15.4500,3
2025-07-07,RR,gasolina,27.8000,4
2025-07-07,RS,diesel_s10,317.6700,52
2025-07-07,RS,etanol,146.3500,30
2025-07-07,RS,gasolina,470.0600,77
2025-07-07,SC,diesel_s10,268.9800,44
2025-07-07,SC,etanol,223.4600,48
2025-07-07,SC,gasolina,517.9200,81
2025-07-07,SE,diesel_s10,35.9400,6
2025-07-07,SE,etanol,24.9100,5
2025-07-07,SE,gasolina,53.2900,8
2025-07-07,SP,diesel_s10,2128.6900,348
2025-07-07,SP,etanol,2212.9800,555
2025-07-07,SP,gasolina,3372.6800,556
2025-07-07,TO,diesel_s10,102.7000,17
2025-07-07,TO,etanol,100.4500,21
2025-07-07,TO,gasolina,147.1400,22
2025-07-08,AM,diesel_s10,72.6900,11
2025-07-08,AM,etanol,65.9800,12
2025-07-08,AM,gasolina,106.3500,15
2025-07-08,AP,diesel_s10,32.2800,5
2025-07-08,AP,etanol,21.4800,4
2025-07-08,AP,gasolina,103.0500,17
2025-07-08,BA,diesel_s10,332.5400,53
2025-07-08,BA,etanol,289.8900,60
2025-07-08,BA,gasolina,416.4600,65
2025-07-08,CE,diesel_s10,156.2900,24
2025-07-08,CE,etanol,129.0200,24
2025-07-08,CE,gasolina,189.7700,29
2025-07-08,DF,diesel_s10,37.0400,6
2025-07-08,DF,etanol,33.8000,7
2025-07-08,DF,gasolina,177.2700,27
2025-07-08,ES,diesel_s10,174.6700,29
2025-07-08,ES,etanol,154.2500,35
2025-07-08,ES,gasolina,268.6300,46
2025-07-08,GO,diesel_s10,77.7500,13
2025-07-08,GO,etanol,74.8000,18
2025-07-08,GO,gasolina,117.3900,19
2025-07-08,MA,diesel_s10,91.4700,15
2025-07-08,MA,etanol,55.6600,11
2025-07-08,MA,gasolina,110.0700,18
2025-07-08,MG,diesel_s10,335.6800,56
2025-07-08,MG,etanol,311.4100,73
2025-07-08,MG,gasolina,495.4500,80
2025-07-08,MS,diesel_s10,78.7400,13
2025-07-08,MS,etanol,53.8000,14
2025-07-08,MS,gasolina,111.7900,19
2025-07-08,MT,diesel_s10,177.2800,29
2025-07-08,MT,etanol,157.9700,41
2025-07-08,MT,gasolina,260.1700,43
2025-07-08,PA,diesel_s10,147.9100,24
2025-07-08,PA,etanol,70.6500,15
2025-07-08,PA,gasolina,206.9900,33
2025-07-08,PB,diesel_s10,142.0400,24
2025-07-08,PB,etanol,100.3500,22
2025-07-08,PB,gasolina,191.4200,32
2025-07-08,PE,diesel_s10,126.2100,22
2025-07-08,PE,etanol,116.1200,24
2025-07-08,PE,gasolina,204.8600,32
2025-07-08,PI,diesel_s10,78.1700,13
2025-07-08,PI,etanol,39.3100,8
2025-07-08,PI,gasolina,94.6900,16
2025-07-08,PR,diesel_s10,359.9900,60
2025-07-08,PR,etanol,380.8100,85
2025-07-08,PR,gasolina,551.3700,85
2025-07-08,RJ,diesel_s10,182.1900,29
2025-07-08,RJ,etanol,150.4500,33
2025-07-08,RJ,gasolina,209.4400,34
2025-07-08,RN,diesel_s10,54.8000,9
2025-07-08,RN,etanol,54.3500,11
2025-07-08,RN,gasolina,66.5100,11
2025-07-08,RO,diesel_s10,108.4600,17
2025-07-08,RO,etanol,59.7400,12
2025-07-08,RO,gasolina,167.9400,25
2025-07-08,RR,diesel_s10,47.9800,7
2025-07-08,RR,etanol,10.3500,2
2025-07-08,RR,gasolina,48.6500,7
2025-07-08,RS,diesel_s10,206.2400,34
2025-07-08,RS,etanol,148.2600,31
2025-07-08,RS,gasolina,336.4400,56
2025-07-08,SC,diesel_s10,135.7200,22
2025-07-08,SC,etanol,72.5600,15
2025-07-08,SC,gasolina,151.1900,24
2025-07-08,SE,diesel_s10,63.3300,11
2025-07-08,SE,etanol,59.2300,12
2025-07-08,SE,gasolina,165.0100,25
2025-07-08,SP,diesel_s10,1224.4900,201
2025-07-08,SP,etanol,1157.8500,289
2025-07-08,SP,gasolina,1792.0800,294
2025-07-08,TO,diesel_s10,40.4900,7
2025-07-08,TO,etanol,18.2000,4
2025-07-08,TO,gasolina,44.5700,7
2025-07-09,AL,diesel_s10,71.3900,11
2025-07-09,AL,etanol,82.0300,16
2025-07-09,AL,gasolina,120.0900,18
2025-07-09,BA,diesel_s10,171.5500,28
2025-07-09,BA,etanol,161.4000,34
2025-07-09,BA,gasolina,245.8300,38
2025-07-09,CE,diesel_s10,119.0700,20
2025-07-09,CE,etanol,144.9500,28
2025-07-09,CE,gasolina,221.2600,35
2025-07-09,DF,etanol,9.7000,2
2025-07-09,DF,gasolina,6.5600,1
2025-07-09,ES,diesel_s10,48.5200,8
2025-07-09,ES,etanol,23.0100,5
2025-07-09,ES,gasolina,90.0900,14
2025-07-09,GO,diesel_s10,178.4100,30
2025-07-09,GO,etanol,160.6400,38
2025-07-09,GO,gasolina,245.7500,40
2025-07-09,MA,diesel_s10,195.6100,34
2025-07-09,MA,etanol,95.9000,20
2025-07-09,MA,gasolina,223.6900,38
2025-07-09,MG,diesel_s10,432.3600,73
2025-07-09,MG,etanol,405.8200,97
2025-07-09,MG,gasolina,612.9000,101
2025-07-09,MS,diesel_s10,6.0900,1
2025-07-09,MS,etanol,3.7900,1
2025-07-09,MS,gasolina,5.7900,1
2025-07-09,MT,diesel_s10,48.3800,8
2025-07-09,MT,etanol,53.5200,14
2025-07-09,MT,gasolina,78.0300,13
2025-07-09,PA,diesel_s10,161.1800,25
2025-07-09,PA,etanol,59.3000,12
2025-07-09,PA,gasolina,202.6400,31
2025-07-09,PB,diesel_s10,5.6500,1
2025-07-09,PB,etanol,13.5600,3
2025-07-09,PB,gasolina,18.0600,3
2025-07-09,PE,diesel_s10,231.5300,41
2025-07-09,PE,etanol,213.7900,44
2025-07-09,PE,gasolina,301.9700,48
2025-07-09,PI,diesel_s10,82.9700,14
2025-07-09,PI,etanol,113.8900,25
2025-07-09,PI,gasolina,164.5300,28
2025-07-09,PR,diesel_s10,152.7600,25
2025-07-09,PR,etanol,128.4700,30
2025-07-09,PR,gasolina,193.5000,31
2025-07-09,RJ,diesel_s10,74.0200,12
2025-07-09,RJ,etanol,100.8100,22
2025-07-09,RJ,gasolina,174.8200,28
2025-07-09,RN,diesel_s10,76.4400,12
2025-07-09,RN,etanol,62.0300,12
2025-07-09,RN,gasolina,81.2700,13
2025-07-09,RO,diesel_s10,38.4500,6
2025-07-09,RO,etanol,35.2200,7
2025-07-09,RO,gasolina,69.6500,10
2025-07-09,RR,diesel_s10,27.5600,4
2025-07-09,RR,etanol,10.3000,2
2025-07-09,RR,gasolina,34.7500,5
2025-07-09,RS,diesel_s10,343.7000,56
2025-07-09,RS,etanol,163.2200,33
2025-07-09,RS,gasolina,464.4800,75
2025-07-09,SC,diesel_s10,132.3000,21
2025-07-09,SC,etanol,104.8500,21
2025-07-09,SC,gasolina,173.6400,27
2025-07-09,SP,diesel_s10,516.7500,85
2025-07-09,SP,etanol,494.7000,125
2025-07-09,SP,gasolina,788.8900,132
2025-07-09,TO,diesel_s10,53.5000,9
2025-07-09,TO,etanol,61.0900,13
2025-07-09,TO,gasolina,92.9800,15
2025-07-10,AC,diesel_s10,71.0900,9
2025-07-10,AC,etanol,39.3400,7
2025-07-10,AC,gasolina,78.4400,10
2025-07-10,AL,diesel_s10,28.9000,5
2025-07-10,AL,etanol,31.2000,6
2025-07-10,AL,gasolina,44.8000,7
2025-07-10,AM,diesel_s10,53.6400,8
2025-07-10,AM,etanol,37.7400,7
2025-07-10,AM,gasolina,55.6400,8
2025-07-10,BA,diesel_s10,350.0400,58
2025-07-10,BA,etanol,320.6400,68
2025-07-10,BA,gasolina,491.1500,79
2025-07-10,CE,diesel_s10,18.2700,3
2025-07-10,CE,etanol,21.4600,4
2025-07-10,CE,gasolina,25.5100,4
2025-07-10,ES,diesel_s10,29.5700,5
2025-07-10,ES,etanol,36.3000,8
2025-07-10,ES,gasolina,95.4500,15
2025-07-10,GO,diesel_s10,61.9400,10
2025-07-10,GO,etanol,76.5900,17
2025-07-10,GO,gasolina,109.7800,17
2025-07-10,MA,diesel_s10,109.7700,18
2025-07-10,MA,etanol,57.5700,11
2025-07-10,MA,gasolina,148.7500,23
2025-07-10,MG,diesel_s10,279.4800,47
2025-07-10,MG,etanol,287.9300,68
2025-07-10,MG,gasolina,416.5400,68
2025-07-10,MS,diesel_s10,6.2900,1
2025-07-10,MS,etanol,8.6700,2
2025-07-10,MS,gasolina,12.5700,2
2025-07-10,MT,diesel_s10,12.8200,2
2025-07-10,MT,etanol,12.9300,3
2025-07-10,MT,gasolina,19.8900,3
2025-07-10,PA,diesel_s10,18.4600,3
2025-07-10,PA,etanol,4.8700,1
2025-07-10,PA,gasolina,32.0500,5
2025-07-10,PE,diesel_s10,236.8000,41
2025-07-10,PE,etanol,142.4600,29
2025-07-10,PE,gasolina,265.9600,42
2025-07-10,PR,diesel_s10,242.2000,40
2025-07-10,PR,etanol,262.8800,60
2025-07-10,PR,gasolina,371.2700,58
2025-07-10,RJ,diesel_s10,174.6900,29
2025-07-10,RJ,etanol,154.0200,35
2025-07-10,RJ,gasolina,243.9800,41
2025-07-10,RN,diesel_s10,119.0600,19
2025-07-10,RN,etanol,90.6800,17
2025-07-10,RN,gasolina,144.3200,22
2025-07-10,RO,diesel_s10,19.4200,3
2025-07-10,RO,etanol,10.5800,2
2025-07-10,RO,gasolina,62.6000,9
2025-07-10,RS,diesel_s10,485.7300,78
2025-07-10,RS,etanol,173.7100,36
2025-07-10,RS,gasolina,571.9100,90
2025-07-10,SC,diesel_s10,18.1300,3
2025-07-10,SC,etanol,33.0000,7
2025-07-10,SC,gasolina,45.3100,7
2025-07-10,SP,diesel_s10,632.1700,104
2025-07-10,SP,etanol,631.2400,159
2025-07-10,SP,gasolina,970.3100,161
2025-07-10,TO,diesel_s10,23.6600,4
2025-07-10,TO,etanol,14.1800,3
2025-07-10,TO,gasolina,26.2600,4
2025-07-11,AC,diesel_s10,7.6900,1
2025-07-11,AC,etanol,10.5300,2
2025-07-11,AC,gasolina,22.8200,3
2025-07-11,AM,diesel_s10,67.1200,8
2025-07-11,AM,gasolina,67.1200,8
2025-07-11,BA,diesel_s10,56.6900,10
2025-07-11,BA,etanol,45.8900,10
2025-07-11,BA,gasolina,67.1600,11
2025-07-11,CE,diesel_s10,92.1200,16
2025-07-11,CE,etanol,96.2700,19
2025-07-11,CE,gasolina,120.1500,19
2025-07-11,ES,diesel_s10,5.9500,1
2025-07-11,ES,etanol,9.0400,2
2025-07-11,ES,gasolina,13.3800,2
2025-07-11,GO,diesel_s10,36.2100,6
2025-07-11,GO,etanol,37.2900,9
2025-07-11,GO,gasolina,55.8900,9
2025-07-11,MA,diesel_s10,35.6900,6
2025-07-11,MA,etanol,19.7200,4
2025-07-11,MA,gasolina,45.4300,7
2025-07-11,MG,diesel_s10,118.8500,20
2025-07-11,MG,etanol,134.6000,32
2025-07-11,MG,gasolina,212.5600,35
2025-07-11,PR,diesel_s10,23.3600,4
2025-07-11,PR,etanol,38.1800,8
2025-07-11,PR,gasolina,53.7600,8
2025-07-11,RJ,diesel_s10,127.6100,20
2025-07-11,RJ,etanol,96.8200,20
2025-07-11,RJ,gasolina,183.9100,29
2025-07-11,RN,etanol,4.7900,1
2025-07-11,RS,diesel_s10,18.6200,3
2025-07-11,RS,etanol,14.6700,3
2025-07-11,RS,gasolina,44.3000,7
2025-07-11,SC,diesel_s10,56.5700,9
2025-07-11,SC,etanol,23.8800,5
2025-07-11,SC,gasolina,64.4700,10
2025-07-11,SP,diesel_s10,308.6500,51
2025-07-11,SP,etanol,301.6700,75
2025-07-11,SP,gasolina,454.8700,75
2025-07-12,RS,diesel_s10,30.5500,5
2025-07-12,RS,etanol,14.5700,3
2025-07-12,RS,gasolina,36.7000,6
2025-07-12,SP,diesel_s10,17.0700,3
2025-07-12,SP,etanol,15.6400,4
2025-07-12,SP,gasolina,23.8400,4
2025-07-14,AL,diesel_s10,5.6900,1
2025-07-14,AL,etanol,20.7300,4
2025-07-14,AL,gasolina,31.9300,5
2025-07-14,AM,diesel_s10,161.3700,23
2025-07-14,AM,etanol,115.3200,21
2025-07-14,AM,gasolina,234.0800,32
2025-07-14,BA,diesel_s10,94.0700,15
2025-07-14,BA,etanol,87.2900,19
2025-07-14,BA,gasolina,165.8400,27
2025-07-14,CE,diesel_s10,263.8000,44
2025-07-14,CE,etanol,289.5400,55
2025-07-14,CE,gasolina,333.1300,52
2025-07-14,DF,diesel_s10,84.8900,14
2025-07-14,DF,etanol,83.0400,18
2025-07-14,DF,gasolina,149.3900,23
2025-07-14,ES,diesel_s10,96.7100,16
2025-07-14,ES,etanol,63.9600,14
2025-07-14,ES,gasolina,196.5800,32
2025-07-14,GO,diesel_s10,311.6600,52
2025-07-14,GO,etanol,322.4400,75
2025-07-14,GO,gasolina,494.8100,80
2025-07-14,MA,diesel_s10,168.4900,28
2025-07-14,MA,etanol,127.6600,26
2025-07-14,MA,gasolina,201.3500,33
2025-07-14,MG,diesel_s10,310.5700,53
2025-07-14,MG,etanol,358.7900,82
2025-07-14,MG,gasolina,530.4300,85
2025-07-14,MS,diesel_s10,62.7600,10
2025-07-14,MS,etanol,47.9700,12
2025-07-14,MS,gasolina,142.8400,23
2025-07-14,MT,diesel_s10,71.1100,12
2025-07-14,MT,etanol,85.5600,23
2025-07-14,MT,gasolina,130.8300,22
2025-07-14,PA,diesel_s10,77.5900,13
2025-07-14,PA,etanol,23.8200,5
2025-07-14,PA,gasolina,102.2000,17
2025-07-14,PB,diesel_s10,156.3600,27
2025-07-14,PB,etanol,163.4600,36
2025-07-14,PB,gasolina,240.9200,40
2025-07-14,PE,diesel_s10,139.8700,25
2025-07-14,PE,etanol,187.9200,38
2025-07-14,PE,gasolina,261.8500,40
2025-07-14,PI,diesel_s10,12.7800,2
2025-07-14,PI,etanol,32.0000,7
2025-07-14,PI,gasolina,40.9900,7
2025-07-14,PR,diesel_s10,380.6000,63
2025-07-14,PR,etanol,360.6500,83
2025-07-14,PR,gasolina,508.2500,80
2025-07-14,RJ,diesel_s10,735.3200,121
2025-07-14,RJ,etanol,776.6900,172
2025-07-14,RJ,gasolina,1145.3900,189
2025-07-14,RO,diesel_s10,44.5400,7
2025-07-14,RO,etanol,11.4900,2
2025-07-14,RO,gasolina,48.4600,7
2025-07-14,RR,diesel_s10,27.4000,4
2025-07-14,RR,etanol,5.1500,1
2025-07-14,RR,gasolina,27.8000,4
2025-07-14,RS,diesel_s10,378.2400,61
2025-07-14,RS,etanol,224.8900,45
2025-07-14,RS,gasolina,546.5000,88
2025-07-14,SC,diesel_s10,179.9300,29
2025-07-14,SC,etanol,161.8000,35
2025-07-14,SC,gasolina,338.6100,53
2025-07-14,SP,diesel_s10,2429.7600,396
2025-07-14,SP,etanol,2426.2800,608
2025-07-14,SP,gasolina,3699.9300,609
2025-07-14,TO,diesel_s10,96.5400,16
2025-07-14,TO,etanol,105.6200,22
2025-07-14,TO,gasolina,153.8300,23
2025-07-15,AC,diesel_s10,15.2400,2
2025-07-15,AC,etanol,10.9400,2
2025-07-15,AC,gasolina,14.9300,2
2025-07-15,AL,diesel_s10,36.4900,6
2025-07-15,AL,etanol,54.4500,11
2025-07-15,AL,gasolina,83.5900,14
2025-07-15,AM,diesel_s10,71.7900,11
2025-07-15,AM,etanol,65.9800,12
2025-07-15,AM,gasolina,104.8500,15
2025-07-15,AP,diesel_s10,32.2800,5
2025-07-15,AP,etanol,21.4800,4
2025-07-15,AP,gasolina,103.0500,17
2025-07-15,BA,diesel_s10,97.9400,15
2025-07-15,BA,etanol,87.0400,19
2025-07-15,BA,gasolina,111.1500,18
2025-07-15,CE,etanol,10.6400,2
2025-07-15,CE,gasolina,12.9500,2
2025-07-15,DF,diesel_s10,37.0400,6
2025-07-15,DF,etanol,33.4800,7
2025-07-15,DF,gasolina,169.8500,26
2025-07-15,ES,diesel_s10,30.9500,5
2025-07-15,ES,etanol,27.0900,6
2025-07-15,ES,gasolina,63.3000,10
2025-07-15,GO,diesel_s10,129.4300,21
2025-07-15,GO,etanol,110.6700,25
2025-07-15,GO,gasolina,183.9700,29
2025-07-15,MA,diesel_s10,99.7100,17
2025-07-15,MA,etanol,56.9400,12
2025-07-15,MA,gasolina,113.5000,19
2025-07-15,MG,diesel_s10,307.5000,52
2025-07-15,MG,etanol,334.0300,78
2025-07-15,MG,gasolina,524.7500,85
2025-07-15,MS,diesel_s10,47.1700,8
2025-07-15,MS,etanol,30.8300,8
2025-07-15,MS,gasolina,108.1500,18
2025-07-15,MT,diesel_s10,47.3300,8
2025-07-15,MT,etanol,61.8300,17
2025-07-15,MT,gasolina,106.6400,18
2025-07-15,PA,diesel_s10,111.0300,17
2025-07-15,PA,etanol,52.5100,11
2025-07-15,PA,gasolina,152.1300,23
2025-07-15,PE,diesel_s10,11.2800,2
2025-07-15,PE,etanol,4.8500,1
2025-07-15,PE,gasolina,12.9200,2
2025-07-15,PI,diesel_s10,108.7000,18
2025-07-15,PI,etanol,48.1400,10
2025-07-15,PI,gasolina,131.5800,22
2025-07-15,PR,diesel_s10,189.0300,31
2025-07-15,PR,etanol,186.7300,42
2025-07-15,PR,gasolina,297.4000,46
2025-07-15,RJ,diesel_s10,168.4800,27
2025-07-15,RJ,etanol,130.5200,29
2025-07-15,RJ,gasolina,213.5900,35
2025-07-15,RN,diesel_s10,79.5800,12
2025-07-15,RN,etanol,52.6500,10
2025-07-15,RN,gasolina,77.2700,12
2025-07-15,RO,diesel_s10,102.6100,16
2025-07-15,RO,etanol,59.6700,12
2025-07-15,RO,gasolina,140.6200,21
2025-07-15,RR,diesel_s10,20.5800,3
2025-07-15,RR,gasolina,20.8500,3
2025-07-15,RS,diesel_s10,508.1300,84
2025-07-15,RS,etanol,226.4700,48
2025-07-15,RS,gasolina,710.9000,115
2025-07-15,SC,diesel_s10,245.0400,40
2025-07-15,SC,etanol,174.1000,36
2025-07-15,SC,gasolina,353.4200,55
2025-07-15,SE,diesel_s10,23.8500,4
2025-07-15,SE,etanol,54.4300,11
2025-07-15,SE,gasolina,112.9300,17
2025-07-15,SP,diesel_s10,944.2000,154
2025-07-15,SP,etanol,984.9600,246
2025-07-15,SP,gasolina,1510.4800,247
2025-07-15,TO,diesel_s10,48.2800,8
2025-07-15,TO,etanol,41.7100,9
2025-07-15,TO,gasolina,66.8800,11
2025-07-16,AL,diesel_s10,29.6500,5
2025-07-16,AL,etanol,61.9900,12
2025-07-16,AL,gasolina,95.3300,15
2025-07-16,BA,diesel_s10,140.0800,23
2025-07-16,BA,etanol,149.8900,31
2025-07-16,BA,gasolina,235.7300,37
2025-07-16,CE,diesel_s10,169.7500,27
2025-07-16,CE,etanol,159.5700,30
2025-07-16,CE,gasolina,229.3500,35
2025-07-16,ES,diesel_s10,162.5200,27
2025-07-16,ES,etanol,116.0100,26
2025-07-16,ES,gasolina,227.2500,38
2025-07-16,GO,diesel_s10,43.8000,7
2025-07-16,GO,etanol,48.6600,11
2025-07-16,GO,gasolina,70.6600,11
2025-07-16,MA,diesel_s10,43.5500,7
2025-07-16,MA,etanol,14.4200,3
2025-07-16,MA,gasolina,48.6600,8
2025-07-16,MG,diesel_s10,197.6700,33
2025-07-16,MG,etanol,199.8400,50
2025-07-16,MG,gasolina,297.1100,50
2025-07-16,MS,diesel_s10,37.6800,6
2025-07-16,MS,etanol,29.1800,7
2025-07-16,MS,gasolina,62.5400,10
2025-07-16,MT,diesel_s10,29.9500,5
2025-07-16,MT,etanol,19.9300,5
2025-07-16,MT,gasolina,30.9100,5
2025-07-16,PA,diesel_s10,141.8800,22
2025-07-16,PA,etanol,60.0300,12
2025-07-16,PA,gasolina,175.7900,27
2025-07-16,PB,diesel_s10,46.2600,8
2025-07-16,PB,etanol,44.5700,10
2025-07-16,PB,gasolina,59.3900,10
2025-07-16,PE,diesel_s10,40.3800,7
2025-07-16,PE,etanol,36.6500,8
2025-07-16,PE,gasolina,59.7600,10
2025-07-16,PI,diesel_s10,47.3900,8
2025-07-16,PI,etanol,72.4700,16
2025-07-16,PI,gasolina,99.1400,17
2025-07-16,PR,diesel_s10,210.5400,35
2025-07-16,PR,etanol,248.1500,55
2025-07-16,PR,gasolina,356.6100,55
2025-07-16,RJ,diesel_s10,85.5800,14
2025-07-16,RJ,etanol,81.4400,18
2025-07-16,RJ,gasolina,142.3800,23
2025-07-16,RN,diesel_s10,55.5000,9
2025-07-16,RN,etanol,59.7300,12
2025-07-16,RN,gasolina,60.1500,10
2025-07-16,RO,diesel_s10,70.4600,11
2025-07-16,RO,etanol,48.9900,10
2025-07-16,RO,gasolina,97.5200,14
2025-07-16,RR,diesel_s10,55.0000,8
2025-07-16,RR,etanol,36.1000,7
2025-07-16,RR,gasolina,62.5500,9
2025-07-16,RS,diesel_s10,256.7500,41
2025-07-16,RS,etanol,105.0300,21
2025-07-16,RS,gasolina,312.3200,50
2025-07-16,SC,diesel_s10,133.2900,22
2025-07-16,SC,etanol,100.3300,21
2025-07-16,SC,gasolina,190.0800,30
2025-07-16,SP,diesel_s10,659.6500,110
2025-07-16,SP,etanol,648.1300,162
2025-07-16,SP,gasolina,1013.3100,168
2025-07-17,AC,diesel_s10,71.2000,9
2025-07-17,AC,etanol,44.3200,8
2025-07-17,AC,gasolina,93.6700,12
2025-07-17,AL,diesel_s10,23.1600,4
2025-07-17,AL,etanol,36.3800,7
2025-07-17,AL,gasolina,44.8000,7
2025-07-17,BA,diesel_s10,156.9600,27
2025-07-17,BA,etanol,127.0200,28
2025-07-17,BA,gasolina,207.7400,34
2025-07-17,CE,diesel_s10,65.3200,11
2025-07-17,CE,etanol,88.3900,17
2025-07-17,CE,gasolina,111.4000,18
2025-07-17,ES,diesel_s10,24.2600,4
2025-07-17,ES,etanol,13.8100,3
2025-07-17,ES,gasolina,52.1500,8
2025-07-17,GO,diesel_s10,117.7000,20
2025-07-17,GO,etanol,99.9700,25
2025-07-17,GO,gasolina,155.4500,26
2025-07-17,MA,diesel_s10,95.6200,16
2025-07-17,MA,etanol,57.0200,11
2025-07-17,MA,gasolina,121.9100,19
2025-07-17,MG,diesel_s10,136.6100,23
2025-07-17,MG,etanol,106.1900,26
2025-07-17,MG,gasolina,160.5600,27
2025-07-17,MT,diesel_s10,26.6500,4
2025-07-17,MT,etanol,20.9600,5
2025-07-17,MT,gasolina,32.3600,5
2025-07-17,PA,diesel_s10,34.5100,5
2025-07-17,PA,etanol,9.8000,2
2025-07-17,PA,gasolina,69.0300,10
2025-07-17,PE,diesel_s10,242.2500,42
2025-07-17,PE,etanol,198.7300,40
2025-07-17,PE,gasolina,296.9900,47
2025-07-17,PI,diesel_s10,17.8700,3
2025-07-17,PI,etanol,18.3600,4
2025-07-17,PI,gasolina,29.3200,5
2025-07-17,PR,diesel_s10,187.8600,31
2025-07-17,PR,etanol,203.4700,45
2025-07-17,PR,gasolina,300.0800,46
2025-07-17,RJ,diesel_s10,139.6900,22
2025-07-17,RJ,etanol,119.1500,26
2025-07-17,RJ,gasolina,184.7300,30
2025-07-17,RN,diesel_s10,101.7400,17
2025-07-17,RN,etanol,117.6700,23
2025-07-17,RN,gasolina,162.6100,26
2025-07-17,RO,diesel_s10,32.8700,5
2025-07-17,RO,etanol,10.5800,2
2025-07-17,RO,gasolina,62.6000,9
2025-07-17,RS,diesel_s10,33.8900,5
2025-07-17,RS,etanol,15.4700,3
2025-07-17,RS,gasolina,33.7000,5
2025-07-17,SP,diesel_s10,600.4900,100
2025-07-17,SP,etanol,570.4900,147
2025-07-17,SP,gasolina,903.4100,151
2025-07-18,MG,diesel_s10,5.9900,1
2025-07-18,MG,etanol,4.3700,1
2025-07-18,MG,gasolina,6.2900,1
2025-07-18,PR,diesel_s10,142.5200,24
2025-07-18,PR,etanol,136.0200,31
2025-07-18,PR,gasolina,208.6100,33
2025-07-18,RJ,diesel_s10,12.2200,2
2025-07-18,RJ,etanol,4.3900,1
2025-07-18,RJ,gasolina,12.7300,2
2025-07-18,RS,diesel_s10,6.0900,1
2025-07-18,RS,gasolina,6.2900,1
2025-07-18,SC,diesel_s10,30.5400,5
2025-07-18,SC,etanol,4.6900,1
2025-07-18,SC,gasolina,31.8500,5
2025-07-18,SP,diesel_s10,41.8300,7
2025-07-18,SP,etanol,43.0400,11
2025-07-18,SP,gasolina,64.7900,11
2025-07-21,AL,diesel_s10,46.9300,8
2025-07-21,AL,etanol,88.0200,17
2025-07-21,AL,gasolina,120.9500,19
2025-07-21,BA,diesel_s10,145.0100,24
2025-07-21,BA,etanol,135.3200,29
2025-07-21,BA,gasolina,249.8100,40
2025-07-21,CE,diesel_s10,269.5700,45
2025-07-21,CE,etanol,325.8200,62
2025-07-21,CE,gasolina,380.1700,59
2025-07-21,DF,diesel_s10,90.9400,15
2025-07-21,DF,etanol,76.0100,17
2025-07-21,DF,gasolina,170.2600,27
2025-07-21,ES,diesel_s10,139.2400,23
2025-07-21,ES,etanol,115.7400,26
2025-07-21,ES,gasolina,204.1600,34
2025-07-21,GO,diesel_s10,148.8100,25
2025-07-21,GO,etanol,114.5300,29
2025-07-21,GO,gasolina,183.2100,31
2025-07-21,MA,diesel_s10,158.9800,26
2025-07-21,MA,etanol,104.3000,21
2025-07-21,MA,gasolina,190.3700,31
2025-07-21,MG,diesel_s10,367.5500,62
2025-07-21,MG,etanol,362.2900,86
2025-07-21,MG,gasolina,572.8900,94
2025-07-21,MS,diesel_s10,98.8900,16
2025-07-21,MS,etanol,76.7400,19
2025-07-21,MS,gasolina,204.5800,33
2025-07-21,MT,diesel_s10,67.2700,11
2025-07-21,MT,etanol,70.8200,18
2025-07-21,MT,gasolina,109.6100,18
2025-07-21,PA,diesel_s10,241.8600,38
2025-07-21,PA,etanol,115.7600,24
2025-07-21,PA,gasolina,364.4200,57
2025-07-21,PB,diesel_s10,84.9800,15
2025-07-21,PB,etanol,86.0000,19
2025-07-21,PB,gasolina,138.1600,23
2025-07-21,PE,diesel_s10,105.9900,19
2025-07-21,PE,etanol,147.3200,30
2025-07-21,PE,gasolina,201.8000,31
2025-07-21,PI,diesel_s10,25.0800,4
2025-07-21,PI,etanol,41.2800,9
2025-07-21,PI,gasolina,52.6700,9
2025-07-21,PR,diesel_s10,246.9300,41
2025-07-21,PR,etanol,268.4500,60
2025-07-21,PR,gasolina,389.5000,60
2025-07-21,RJ,diesel_s10,666.9900,110
2025-07-21,RJ,etanol,655.0600,147
2025-07-21,RJ,gasolina,971.6600,162
2025-07-21,RN,diesel_s10,30.4300,5
2025-07-21,RN,etanol,29.4000,6
2025-07-21,RN,gasolina,35.5300,6
2025-07-21,RO,diesel_s10,96.0400,15
2025-07-21,RO,etanol,35.4300,7
2025-07-21,RO,gasolina,109.3900,16
2025-07-21,RR,diesel_s10,34.2800,5
2025-07-21,RR,etanol,10.3000,2
2025-07-21,RR,gasolina,41.7000,6
2025-07-21,RS,diesel_s10,150.8100,25
2025-07-21,RS,etanol,61.4200,13
2025-07-21,RS,gasolina,216.7700,35
2025-07-21,SC,diesel_s10,211.6600,35
2025-07-21,SC,etanol,194.7000,42
2025-07-21,SC,gasolina,433.9400,68
2025-07-21,SP,diesel_s10,2106.5700,343
2025-07-21,SP,etanol,2148.4800,541
2025-07-21,SP,gasolina,3280.3300,541
2025-07-21,TO,diesel_s10,31.6400,5
2025-07-21,TO,etanol,39.0800,8
2025-07-21,TO,gasolina,61.0900,9
2025-07-22,AP,diesel_s10,32.2800,5
2025-07-22,AP,etanol,21.4800,4
2025-07-22,AP,gasolina,103.0300,17
2025-07-22,BA,diesel_s10,128.9800,20
2025-07-22,BA,etanol,134.4800,28
2025-07-22,BA,gasolina,200.5800,32
2025-07-22,CE,diesel_s10,23.9700,4
2025-07-22,CE,etanol,41.2000,8
2025-07-22,CE,gasolina,55.5100,9
2025-07-22,DF,diesel_s10,30.7100,5
2025-07-22,DF,etanol,28.3400,6
2025-07-22,DF,gasolina,141.2800,22
2025-07-22,ES,etanol,4.4900,1
2025-07-22,ES,gasolina,5.9900,1
2025-07-22,GO,diesel_s10,107.8600,18
2025-07-22,GO,etanol,92.1900,22
2025-07-22,GO,gasolina,148.2100,24
2025-07-22,MA,diesel_s10,97.4300,17
2025-07-22,MA,etanol,55.3500,12
2025-07-22,MA,gasolina,102.5400,18
2025-07-22,MG,diesel_s10,220.0600,37
2025-07-22,MG,etanol,234.4200,55
2025-07-22,MG,gasolina,358.6300,58
2025-07-22,MS,diesel_s10,23.4500,4
2025-07-22,MS,etanol,26.1800,7
2025-07-22,MS,gasolina,46.0000,8
2025-07-22,MT,diesel_s10,54.5700,9
2025-07-22,MT,etanol,63.7600,16
2025-07-22,MT,gasolina,99.0900,16
2025-07-22,PA,diesel_s10,204.6600,33
2025-07-22,PA,etanol,60.8600,13
2025-07-22,PA,gasolina,280.9900,45
2025-07-22,PE,diesel_s10,141.1700,25
2025-07-22,PE,etanol,125.5200,26
2025-07-22,PE,gasolina,173.4100,28
2025-07-22,PI,diesel_s10,54.0800,9
2025-07-22,PI,etanol,20.0500,4
2025-07-22,PI,gasolina,59.0200,10
2025-07-22,PR,diesel_s10,296.6000,49
2025-07-22,PR,etanol,318.5300,73
2025-07-22,PR,gasolina,478.7000,75
2025-07-22,RJ,diesel_s10,141.6200,23
2025-07-22,RJ,etanol,123.4800,28
2025-07-22,RJ,gasolina,202.7800,34
2025-07-22,RN,diesel_s10,74.3000,12
2025-07-22,RN,etanol,67.9600,14
2025-07-22,RN,gasolina,76.8300,13
2025-07-22,RO,diesel_s10,57.2600,9
2025-07-22,RO,etanol,44.8600,9
2025-07-22,RO,gasolina,92.6200,14
2025-07-22,RR,diesel_s10,34.4100,5
2025-07-22,RR,etanol,5.2000,1
2025-07-22,RR,gasolina,34.7500,5
2025-07-22,RS,diesel_s10,591.8000,95
2025-07-22,RS,etanol,309.9100,64
2025-07-22,RS,gasolina,766.6300,125
2025-07-22,SC,diesel_s10,100.1800,16
2025-07-22,SC,etanol,94.0600,19
2025-07-22,SC,gasolina,154.8400,24
2025-07-22,SE,diesel_s10,23.8500,4
2025-07-22,SE,etanol,54.4300,11
2025-07-22,SE,gasolina,112.9300,17
2025-07-22,SP,diesel_s10,843.8400,138
2025-07-22,SP,etanol,862.9300,216
2025-07-22,SP,gasolina,1342.0400,221
2025-07-22,TO,diesel_s10,54.1800,9
2025-07-22,TO,etanol,41.7100,9
2025-07-22,TO,gasolina,66.8800,11
2025-07-23,AM,diesel_s10,175.9300,27
2025-07-23,AM,etanol,181.2000,33
2025-07-23,AM,gasolina,272.6100,39
2025-07-23,BA,diesel_s10,103.3000,17
2025-07-23,BA,etanol,92.5900,20
2025-07-23,BA,gasolina,108.3900,17
2025-07-23,CE,diesel_s10,144.8100,23
2025-07-23,CE,etanol,134.2800,25
2025-07-23,CE,gasolina,149.9400,23
2025-07-23,ES,diesel_s10,119.8800,20
2025-07-23,ES,etanol,88.3400,20
2025-07-23,ES,gasolina,241.7600,39
2025-07-23,GO,diesel_s10,114.3300,19
2025-07-23,GO,etanol,123.5700,29
2025-07-23,GO,gasolina,187.2500,30
2025-07-23,MA,diesel_s10,40.3500,7
2025-07-23,MA,etanol,14.8800,3
2025-07-23,MA,gasolina,35.2900,6
2025-07-23,MG,diesel_s10,242.2400,41
2025-07-23,MG,etanol,227.5800,53
2025-07-23,MG,gasolina,340.8900,55
2025-07-23,MS,diesel_s10,24.2800,4
2025-07-23,MS,etanol,16.4600,4
2025-07-23,MS,gasolina,62.9900,10
2025-07-23,MT,diesel_s10,114.7300,19
2025-07-23,MT,etanol,107.6700,27
2025-07-23,MT,gasolina,159.8800,26
2025-07-23,PA,diesel_s10,23.8900,4
2025-07-23,PA,etanol,4.7900,1
2025-07-23,PA,gasolina,43.6200,7
2025-07-23,PB,diesel_s10,35.1100,6
2025-07-23,PB,etanol,50.5700,11
2025-07-23,PB,gasolina,66.5700,11
2025-07-23,PI,diesel_s10,70.7900,12
2025-07-23,PI,etanol,86.3400,19
2025-07-23,PI,gasolina,122.6600,21
2025-07-23,PR,diesel_s10,229.7400,38
2025-07-23,PR,etanol,224.5900,52
2025-07-23,PR,gasolina,320.2600,51
2025-07-23,RJ,diesel_s10,192.7300,31
2025-07-23,RJ,etanol,222.0900,47
2025-07-23,RJ,gasolina,342.5300,54
2025-07-23,RN,diesel_s10,36.1400,6
2025-07-23,RN,etanol,44.5300,9
2025-07-23,RN,gasolina,53.3300,9
2025-07-23,RO,diesel_s10,75.8300,12
2025-07-23,RO,etanol,49.5300,10
2025-07-23,RO,gasolina,117.9900,17
2025-07-23,RR,diesel_s10,34.2900,5
2025-07-23,RR,etanol,25.7500,5
2025-07-23,RR,gasolina,34.7500,5
2025-07-23,RS,diesel_s10,284.2300,47
2025-07-23,RS,etanol,138.7100,29
2025-07-23,RS,gasolina,379.4100,61
2025-07-23,SC,diesel_s10,148.2400,24
2025-07-23,SC,etanol,162.2500,35
2025-07-23,SC,gasolina,248.5700,39
2025-07-23,SP,diesel_s10,1010.3900,167
2025-07-23,SP,etanol,992.2800,250
2025-07-23,SP,gasolina,1512.2700,252
2025-07-24,AC,diesel_s10,53.2000,7
2025-07-24,AC,etanol,47.4600,9
2025-07-24,AC,gasolina,75.0300,10
2025-07-24,AL,diesel_s10,28.7000,5
2025-07-24,AL,etanol,31.2000,6
2025-07-24,AL,gasolina,44.7700,7
2025-07-24,AM,diesel_s10,50.3400,6
2025-07-24,AM,gasolina,67.1200,8
2025-07-24,BA,diesel_s10,135.1500,23
2025-07-24,BA,etanol,103.6600,22
2025-07-24,BA,gasolina,163.2200,26
2025-07-24,CE,diesel_s10,60.7900,10
2025-07-24,CE,etanol,41.9800,8
2025-07-24,CE,gasolina,83.0900,13
2025-07-24,ES,diesel_s10,41.8500,7
2025-07-24,ES,etanol,32.8700,7
2025-07-24,ES,gasolina,76.8400,12
2025-07-24,GO,diesel_s10,47.7500,8
2025-07-24,GO,etanol,41.3000,10
2025-07-24,GO,gasolina,61.1800,10
2025-07-24,MA,diesel_s10,103.5900,17
2025-07-24,MA,etanol,56.6600,11
2025-07-24,MA,gasolina,135.3900,21
2025-07-24,MG,diesel_s10,30.5900,5
2025-07-24,MG,etanol,28.4900,7
2025-07-24,MG,gasolina,41.6900,7
2025-07-24,MT,diesel_s10,50.5800,8
2025-07-24,MT,etanol,36.2200,9
2025-07-24,MT,gasolina,56.5900,9
2025-07-24,PA,diesel_s10,18.6200,3
2025-07-24,PA,etanol,4.9900,1
2025-07-24,PA,gasolina,25.8200,4
2025-07-24,PB,diesel_s10,33.8600,6
2025-07-24,PB,etanol,31.1800,7
2025-07-24,PB,gasolina,41.3800,7
2025-07-24,PE,diesel_s10,128.5500,22
2025-07-24,PE,etanol,83.8400,17
2025-07-24,PE,gasolina,163.6500,26
2025-07-24,PI,diesel_s10,61.0600,10
2025-07-24,PI,etanol,28.4900,6
2025-07-24,PI,gasolina,66.3400,11
2025-07-24,PR,diesel_s10,200.6000,33
2025-07-24,PR,etanol,242.3000,55
2025-07-24,PR,gasolina,364.8600,57
2025-07-24,RJ,diesel_s10,144.7800,23
2025-07-24,RJ,etanol,128.7800,27
2025-07-24,RJ,gasolina,182.8100,29
2025-07-24,RN,diesel_s10,53.7900,9
2025-07-24,RN,etanol,48.0800,9
2025-07-24,RN,gasolina,62.7100,10
2025-07-24,RS,diesel_s10,209.8200,33
2025-07-24,RS,etanol,77.6200,16
2025-07-24,RS,gasolina,286.3000,45
2025-07-24,SC,diesel_s10,64.8800,11
2025-07-24,SC,etanol,33.0100,7
2025-07-24,SC,gasolina,79.6600,13
2025-07-24,SP,diesel_s10,341.3200,57
2025-07-24,SP,etanol,334.2500,87
2025-07-24,SP,gasolina,535.7000,90
2025-07-24,TO,diesel_s10,5.9900,1
2025-07-24,TO,etanol,9.3800,2
2025-07-24,TO,gasolina,13.1800,2
2025-07-25,AC,diesel_s10,40.9300,5
2025-07-25,AC,etanol,17.9800,3
2025-07-25,AC,gasolina,48.5000,6
2025-07-25,GO,diesel_s10,24.9600,4
2025-07-25,GO,etanol,30.6100,7
2025-07-25,GO,gasolina,44.6100,7
2025-07-25,MG,diesel_s10,47.1800,8
2025-07-25,MG,etanol,39.1900,9
2025-07-25,MG,gasolina,49.9200,8
2025-07-25,PB,diesel_s10,51.4600,9
2025-07-25,PB,etanol,40.0800,9
2025-07-25,PB,gasolina,53.1800,9
2025-07-25,PR,diesel_s10,52.9100,9
2025-07-25,PR,etanol,56.6200,12
2025-07-25,PR,gasolina,80.5200,12
2025-07-25,RO,diesel_s10,13.0700,2
2025-07-25,RO,etanol,5.2900,1
2025-07-25,RO,gasolina,20.7700,3
2025-07-25,RS,diesel_s10,34.7100,6
2025-07-25,RS,etanol,22.7700,5
2025-07-25,RS,gasolina,50.2500,8
2025-07-25,SC,diesel_s10,36.7800,6
2025-07-25,SC,etanol,14.1600,3
2025-07-25,SC,gasolina,31.4100,5
2025-07-25,SP,diesel_s10,129.4000,21
2025-07-25,SP,etanol,124.6100,30
2025-07-25,SP,gasolina,192.8500,31
2025-07-28,AL,diesel_s10,42.0000,7
2025-07-28,AL,etanol,78.3300,16
2025-07-28,AL,gasolina,119.7000,20
2025-07-28,AM,diesel_s10,123.9100,19
2025-07-28,AM,etanol,109.8300,20
2025-07-28,AM,gasolina,174.7500,25
2025-07-28,BA,diesel_s10,81.6900,13
2025-07-28,BA,etanol,97.1900,20
2025-07-28,BA,gasolina,149.7300,23
2025-07-28,CE,diesel_s10,221.5400,37
2025-07-28,CE,etanol,289.0100,55
2025-07-28,CE,gasolina,347.2300,54
2025-07-28,DF,diesel_s10,85.0400,14
2025-07-28,DF,etanol,70.8000,16
2025-07-28,DF,gasolina,169.0000,27
2025-07-28,ES,diesel_s10,94.9400,16
2025-07-28,ES,etanol,93.2500,21
2025-07-28,ES,gasolina,218.9200,36
2025-07-28,GO,diesel_s10,322.3600,54
2025-07-28,GO,etanol,283.3300,65
2025-07-28,GO,gasolina,459.3600,74
2025-07-28,MA,diesel_s10,112.6600,18
2025-07-28,MA,etanol,66.4700,13
2025-07-28,MA,gasolina,139.3700,22
2025-07-28,MG,diesel_s10,364.7800,62
2025-07-28,MG,etanol,375.9000,89
2025-07-28,MG,gasolina,559.3600,91
2025-07-28,MS,diesel_s10,31.6800,5
2025-07-28,MS,etanol,26.7100,6
2025-07-28,MS,gasolina,142.9200,22
2025-07-28,MT,diesel_s10,48.1200,8
2025-07-28,MT,etanol,56.1900,14
2025-07-28,MT,gasolina,80.1500,13
2025-07-28,PA,diesel_s10,230.0700,37
2025-07-28,PA,etanol,115.9700,24
2025-07-28,PA,gasolina,362.4300,58
2025-07-28,PB,diesel_s10,97.0600,17
2025-07-28,PB,etanol,113.3700,25
2025-07-28,PB,gasolina,174.0900,29
2025-07-28,PE,diesel_s10,10.8600,2
2025-07-28,PE,etanol,23.3500,5
2025-07-28,PE,gasolina,30.2700,5
2025-07-28,PI,diesel_s10,25.0800,4
2025-07-28,PI,etanol,50.5100,11
2025-07-28,PI,gasolina,64.0000,11
2025-07-28,PR,diesel_s10,251.9200,42
2025-07-28,PR,etanol,271.3600,60
2025-07-28,PR,gasolina,402.3600,62
2025-07-28,RJ,diesel_s10,811.2600,133
2025-07-28,RJ,etanol,811.2500,180
2025-07-28,RJ,gasolina,1236.3200,203
2025-07-28,RN,diesel_s10,30.4300,5
2025-07-28,RN,etanol,29.1400,6
2025-07-28,RN,gasolina,35.1900,6
2025-07-28,RO,diesel_s10,77.0000,12
2025-07-28,RO,etanol,21.0200,4
2025-07-28,RO,gasolina,110.0700,16
2025-07-28,RR,diesel_s10,68.6700,10
2025-07-28,RR,etanol,20.6500,4
2025-07-28,RR,gasolina,69.5000,10
2025-07-28,RS,diesel_s10,146.6500,24
2025-07-28,RS,etanol,42.3500,9
2025-07-28,RS,gasolina,198.4100,32
2025-07-28,SC,diesel_s10,377.4300,62
2025-07-28,SC,etanol,289.4000,63
2025-07-28,SC,gasolina,535.5000,85
2025-07-28,SE,diesel_s10,23.8900,4
2025-07-28,SE,etanol,54.4300,11
2025-07-28,SE,gasolina,112.9300,17
2025-07-28,SP,diesel_s10,1714.3100,279
2025-07-28,SP,etanol,1690.7800,426
2025-07-28,SP,gasolina,2585.8200,428
2025-07-28,TO,diesel_s10,103.8500,17
2025-07-28,TO,etanol,101.2300,21
2025-07-28,TO,gasolina,147.0400,22
2025-07-29,AM,diesel_s10,78.2800,12
2025-07-29,AM,etanol,60.4800,11
2025-07-29,AM,gasolina,97.8600,14
2025-07-29,AP,diesel_s10,32.2800,5
2025-07-29,AP,etanol,21.4800,4
2025-07-29,AP,gasolina,103.0000,17
2025-07-29,BA,diesel_s10,140.7400,23
2025-07-29,BA,etanol,142.3000,30
2025-07-29,BA,gasolina,270.8400,43
2025-07-29,CE,diesel_s10,23.9200,4
2025-07-29,CE,etanol,21.0800,4
2025-07-29,CE,gasolina,26.0100,4
2025-07-29,DF,diesel_s10,24.4300,4
2025-07-29,DF,etanol,23.5000,5
2025-07-29,DF,gasolina,138.9400,22
2025-07-29,ES,diesel_s10,102.9000,17
2025-07-29,ES,etanol,84.6200,19
2025-07-29,ES,gasolina,185.1900,30
2025-07-29,GO,diesel_s10,178.0300,30
2025-07-29,GO,etanol,175.4900,42
2025-07-29,GO,gasolina,258.2200,42
2025-07-29,MA,diesel_s10,46.6700,8
2025-07-29,MA,etanol,42.1700,9
2025-07-29,MA,gasolina,69.1900,12
2025-07-29,MG,diesel_s10,221.3800,37
2025-07-29,MG,etanol,258.5000,61
2025-07-29,MG,gasolina,405.2400,66
2025-07-29,MS,diesel_s10,102.8100,17
2025-07-29,MS,etanol,88.2700,23
2025-07-29,MS,gasolina,152.0100,26
2025-07-29,MT,diesel_s10,94.4300,15
2025-07-29,MT,etanol,96.0200,24
2025-07-29,MT,gasolina,161.6600,26
2025-07-29,PA,diesel_s10,80.7200,13
2025-07-29,PA,etanol,51.2200,11
2025-07-29,PA,gasolina,112.6000,18
2025-07-29,PE,diesel_s10,61.3900,11
2025-07-29,PE,etanol,52.6400,11
2025-07-29,PE,gasolina,74.6800,12
2025-07-29,PI,diesel_s10,30.1200,5
2025-07-29,PI,etanol,14.3300,3
2025-07-29,PI,gasolina,29.6000,5
2025-07-29,PR,diesel_s10,213.3300,35
2025-07-29,PR,etanol,208.5800,48
2025-07-29,PR,gasolina,300.9700,47
2025-07-29,RJ,diesel_s10,172.5600,28
2025-07-29,RJ,etanol,155.1800,34
2025-07-29,RJ,gasolina,226.6100,37
2025-07-29,RN,diesel_s10,47.5200,8
2025-07-29,RN,etanol,48.4400,10
2025-07-29,RN,gasolina,58.2900,10
2025-07-29,RO,diesel_s10,102.7700,16
2025-07-29,RO,etanol,74.1700,15
2025-07-29,RO,gasolina,149.4500,22
2025-07-29,RR,diesel_s10,20.5500,3
2025-07-29,RR,etanol,10.3000,2
2025-07-29,RR,gasolina,27.8000,4
2025-07-29,RS,diesel_s10,333.4000,54
2025-07-29,RS,etanol,233.9000,49
2025-07-29,RS,gasolina,523.1400,87
2025-07-29,SC,diesel_s10,105.6200,17
2025-07-29,SC,etanol,108.8300,23
2025-07-29,SC,gasolina,216.2000,33
2025-07-29,SP,diesel_s10,1379.0700,227
2025-07-29,SP,etanol,1399.9800,357
2025-07-29,SP,gasolina,2183.7800,362
2025-07-30,AC,diesel_s10,40.9300,5
2025-07-30,AC,etanol,17.9800,3
2025-07-30,AC,gasolina,48.5000,6
2025-07-30,AL,diesel_s10,24.2600,4
2025-07-30,AL,etanol,61.8700,12
2025-07-30,AL,gasolina,88.9100,14
2025-07-30,BA,diesel_s10,62.6900,10
2025-07-30,BA,etanol,47.9700,11
2025-07-30,BA,gasolina,62.4500,10
2025-07-30,CE,diesel_s10,100.5000,16
2025-07-30,CE,etanol,115.2600,22
2025-07-30,CE,gasolina,152.7000,24
2025-07-30,ES,diesel_s10,66.9900,11
2025-07-30,ES,etanol,55.0700,12
2025-07-30,ES,gasolina,97.5300,16
2025-07-30,GO,diesel_s10,63.7800,10
2025-07-30,GO,etanol,55.4300,12
2025-07-30,GO,gasolina,85.0100,13
2025-07-30,MA,diesel_s10,110.2100,19
2025-07-30,MA,etanol,74.5200,16
2025-07-30,MA,gasolina,120.3600,21
2025-07-30,MG,diesel_s10,153.5600,26
2025-07-30,MG,etanol,153.3900,37
2025-07-30,MG,gasolina,228.7500,38
2025-07-30,MS,diesel_s10,12.2800,2
2025-07-30,MS,etanol,12.4600,3
2025-07-30,MS,gasolina,18.3600,3
2025-07-30,MT,diesel_s10,127.1800,21
2025-07-30,MT,etanol,114.4000,29
2025-07-30,MT,gasolina,177.2400,29
2025-07-30,PA,diesel_s10,144.3100,23
2025-07-30,PA,etanol,57.6200,12
2025-07-30,PA,gasolina,189.1300,30
2025-07-30,PB,diesel_s10,85.7500,15
2025-07-30,PB,etanol,80.3000,18
2025-07-30,PB,gasolina,112.0800,19
2025-07-30,PE,diesel_s10,232.6900,41
2025-07-30,PE,etanol,235.7300,50
2025-07-30,PE,gasolina,323.9100,54
2025-07-30,PI,diesel_s10,18.1600,3
2025-07-30,PI,etanol,40.9700,9
2025-07-30,PI,gasolina,52.6000,9
2025-07-30,PR,diesel_s10,283.9600,47
2025-07-30,PR,etanol,328.9600,75
2025-07-30,PR,gasolina,490.5500,77
2025-07-30,RJ,diesel_s10,72.5100,12
2025-07-30,RJ,etanol,94.5200,21
2025-07-30,RJ,gasolina,165.4000,27
2025-07-30,RN,diesel_s10,54.3400,9
2025-07-30,RN,etanol,43.6800,9
2025-07-30,RN,gasolina,52.5900,9
2025-07-30,RO,diesel_s10,6.3900,1
2025-07-30,RO,etanol,9.5500,2
2025-07-30,RO,gasolina,13.5500,2
2025-07-30,RR,diesel_s10,13.7000,2
2025-07-30,RR,etanol,10.3000,2
2025-07-30,RR,gasolina,13.9000,2
2025-07-30,RS,diesel_s10,97.2300,16
2025-07-30,RS,etanol,57.3600,12
2025-07-30,RS,gasolina,162.8300,27
2025-07-30,SC,diesel_s10,24.2100,4
2025-07-30,SC,etanol,34.4700,7
2025-07-30,SC,gasolina,70.8400,11
2025-07-30,SP,diesel_s10,776.3600,126
2025-07-30,SP,etanol,758.4600,189
2025-07-30,SP,gasolina,1194.3100,196
2025-07-31,AM,diesel_s10,41.9500,5
2025-07-31,AM,gasolina,67.1200,8
2025-07-31,BA,diesel_s10,187.1200,31
2025-07-31,BA,etanol,167.5100,37
2025-07-31,BA,gasolina,255.8900,42
2025-07-31,CE,diesel_s10,81.8100,13
2025-07-31,CE,etanol,48.6700,9
2025-07-31,CE,gasolina,91.7200,14
2025-07-31,ES,diesel_s10,30.5100,5
2025-07-31,ES,etanol,22.7100,5
2025-07-31,ES,gasolina,46.8300,7
2025-07-31,GO,diesel_s10,47.9700,8
2025-07-31,GO,etanol,45.4900,11
2025-07-31,GO,gasolina,67.3900,11
2025-07-31,MA,diesel_s10,62.0900,10
2025-07-31,MA,etanol,42.3900,8
2025-07-31,MA,gasolina,66.3900,10
2025-07-31,MG,diesel_s10,180.2900,30
2025-07-31,MG,etanol,161.1400,37
2025-07-31,MG,gasolina,234.7100,38
2025-07-31,MT,diesel_s10,12.3500,2
2025-07-31,MT,etanol,11.7300,3
2025-07-31,MT,gasolina,18.4800,3
2025-07-31,PA,diesel_s10,5.7600,1
2025-07-31,PA,gasolina,12.3400,2
2025-07-31,PE,diesel_s10,145.1900,25
2025-07-31,PE,etanol,107.4700,22
2025-07-31,PE,gasolina,174.9400,28
2025-07-31,PI,diesel_s10,132.1300,22
2025-07-31,PI,etanol,75.0700,16
2025-07-31,PI,gasolina,153.8500,26
2025-07-31,PR,diesel_s10,170.7600,28
2025-07-31,PR,etanol,170.7200,39
2025-07-31,PR,gasolina,262.9500,41
2025-07-31,RJ,diesel_s10,114.4600,18
2025-07-31,RJ,etanol,98.1100,21
2025-07-31,RJ,gasolina,161.0000,26
2025-07-31,RN,diesel_s10,65.4000,11
2025-07-31,RN,etanol,69.3100,13
2025-07-31,RN,gasolina,93.4200,15
2025-07-31,RO,diesel_s10,38.2500,6
2025-07-31,RO,etanol,15.3500,3
2025-07-31,RO,gasolina,62.4000,9
2025-07-31,RS,diesel_s10,466.1900,74
2025-07-31,RS,etanol,184.5000,37
2025-07-31,RS,gasolina,598.1700,94
2025-07-31,SC,diesel_s10,121.8500,20
2025-07-31,SC,etanol,42.8300,9
2025-07-31,SC,gasolina,129.5500,21
2025-07-31,SP,diesel_s10,569.5100,94
2025-07-31,SP,etanol,507.8000,128
2025-07-31,SP,gasolina,781.8300,130
2025-08-01,CE,diesel_s10,36.5400,6
2025-08-01,CE,etanol,36.8900,7
2025-08-01,CE,gasolina,44.6900,7
2025-08-01,MG,diesel_s10,95.6200,16
2025-08-01,MG,etanol,70.5300,18
2025-08-01,MG,gasolina,105.9900,18
2025-08-01,PR,diesel_s10,29.7000,5
2025-08-01,PR,etanol,38.2100,9
2025-08-01,PR,gasolina,55.4100,9
2025-08-01,RS,diesel_s10,6.1700,1
2025-08-01,RS,etanol,4.4900,1
2025-08-01,RS,gasolina,6.2600,1
2025-08-01,SC,diesel_s10,5.9900,1
2025-08-01,SC,etanol,4.7400,1
2025-08-01,SC,gasolina,6.3700,1
2025-08-01,SP,diesel_s10,71.5200,12
2025-08-01,SP,etanol,49.0200,13
2025-08-01,SP,gasolina,83.5600,14
2025-08-04,AL,diesel_s10,42.3800,7
2025-08-04,AL,etanol,75.7400,15
2025-08-04,AL,gasolina,105.2200,17
2025-08-04,AM,diesel_s10,110.9300,17
2025-08-04,AM,etanol,109.8300,20
2025-08-04,AM,gasolina,167.7600,24
2025-08-04,AP,diesel_s10,32.2800,5
2025-08-04,AP,etanol,21.4800,4
2025-08-04,AP,gasolina,103.0000,17
2025-08-04,BA,diesel_s10,13.4800,2
2025-08-04,BA,etanol,14.4800,3
2025-08-04,BA,gasolina,38.3100,6
2025-08-04,CE,diesel_s10,163.7300,28
2025-08-04,CE,etanol,221.0400,42
2025-08-04,CE,gasolina,244.0200,38
2025-08-04,DF,diesel_s10,78.6000,13
2025-08-04,DF,etanol,73.4100,16
2025-08-04,DF,gasolina,148.4000,23
2025-08-04,ES,diesel_s10,66.9800,11
2025-08-04,ES,etanol,65.1600,15
2025-08-04,ES,gasolina,119.2500,20
2025-08-04,GO,diesel_s10,337.1000,56
2025-08-04,GO,etanol,326.4500,73
2025-08-04,GO,gasolina,499.7700,80
2025-08-04,MA,diesel_s10,67.5900,11
2025-08-04,MA,etanol,60.9900,12
2025-08-04,MA,gasolina,94.9800,15
2025-08-04,MG,diesel_s10,372.7200,63
2025-08-04,MG,etanol,379.9600,91
2025-08-04,MG,gasolina,603.1400,99
2025-08-04,MS,diesel_s10,31.8200,5
2025-08-04,MS,etanol,21.7900,5
2025-08-04,MS,gasolina,117.7400,18
2025-08-04,MT,diesel_s10,36.6200,6
2025-08-04,MT,etanol,55.7400,14
2025-08-04,MT,gasolina,86.2400,14
2025-08-04,PA,diesel_s10,261.0100,42
2025-08-04,PA,etanol,128.8700,27
2025-08-04,PA,gasolina,391.7400,62
2025-08-04,PB,diesel_s10,102.8900,18
2025-08-04,PB,etanol,126.7100,28
2025-08-04,PB,gasolina,190.9400,32
2025-08-04,PE,diesel_s10,119.3700,21
2025-08-04,PE,etanol,142.5200,31
2025-08-04,PE,gasolina,187.1900,32
2025-08-04,PI,diesel_s10,43.0000,7
2025-08-04,PI,etanol,50.9200,11
2025-08-04,PI,gasolina,70.3200,12
2025-08-04,PR,diesel_s10,307.2700,50
2025-08-04,PR,etanol,308.8900,71
2025-08-04,PR,gasolina,465.7500,73
2025-08-04,RJ,diesel_s10,711.3900,117
2025-08-04,RJ,etanol,749.7200,167
2025-08-04,RJ,gasolina,1132.9700,187
2025-08-04,RN,diesel_s10,25.0500,4
2025-08-04,RN,etanol,24.5500,5
2025-08-04,RN,gasolina,35.3300,6
2025-08-04,RO,diesel_s10,77.2400,12
2025-08-04,RO,etanol,16.3600,3
2025-08-04,RO,gasolina,82.3100,12
2025-08-04,RR,diesel_s10,6.8500,1
2025-08-04,RR,etanol,5.1500,1
2025-08-04,RR,gasolina,6.9500,1
2025-08-04,RS,diesel_s10,18.1900,3
2025-08-04,RS,etanol,22.5100,5
2025-08-04,RS,gasolina,109.7700,18
2025-08-04,SC,diesel_s10,257.5700,42
2025-08-04,SC,etanol,216.3300,48
2025-08-04,SC,gasolina,403.6500,64
2025-08-04,SP,diesel_s10,2256.5000,368
2025-08-04,SP,etanol,2290.8000,578
2025-08-04,SP,gasolina,3517.7600,583
2025-08-04,TO,diesel_s10,85.7100,14
2025-08-04,TO,etanol,81.5700,17
2025-08-04,TO,gasolina,120.3900,18
2025-08-05,AM,diesel_s10,78.2800,12
2025-08-05,AM,etanol,65.9800,12
2025-08-05,AM,gasolina,104.8500,15
2025-08-05,BA,diesel_s10,66.0100,10
2025-08-05,BA,etanol,77.4100,16
2025-08-05,BA,gasolina,114.7400,18
2025-08-05,CE,diesel_s10,107.4400,17
2025-08-05,CE,etanol,88.6000,17
2025-08-05,CE,gasolina,127.2900,20
2025-08-05,DF,diesel_s10,37.0100,6
2025-08-05,DF,etanol,23.7300,5
2025-08-05,DF,gasolina,169.7700,26
2025-08-05,ES,diesel_s10,119.8200,20
2025-08-05,ES,etanol,119.7300,27
2025-08-05,ES,gasolina,209.1400,35
2025-08-05,GO,diesel_s10,24.4700,4
2025-08-05,GO,etanol,27.0600,6
2025-08-05,GO,gasolina,38.7200,6
2025-08-05,MA,diesel_s10,166.3200,28
2025-08-05,MA,etanol,80.6700,17
2025-08-05,MA,gasolina,174.2300,30
2025-08-05,MG,diesel_s10,221.1700,37
2025-08-05,MG,etanol,256.3700,61
2025-08-05,MG,gasolina,378.1800,62
2025-08-05,MS,diesel_s10,103.9100,17
2025-08-05,MS,etanol,93.6000,24
2025-08-05,MS,gasolina,159.1500,27
2025-08-05,MT,diesel_s10,99.0200,16
2025-08-05,MT,etanol,99.6600,25
2025-08-05,MT,gasolina,161.7400,26
2025-08-05,PA,diesel_s10,187.7000,30
2025-08-05,PA,etanol,86.4200,18
2025-08-05,PA,gasolina,258.9900,41
2025-08-05,PE,diesel_s10,96.9500,17
2025-08-05,PE,etanol,80.8800,17
2025-08-05,PE,gasolina,107.3400,18
2025-08-05,PI,diesel_s10,24.0200,4
2025-08-05,PI,etanol,19.9600,4
2025-08-05,PI,gasolina,35.7400,6
2025-08-05,PR,diesel_s10,200.1300,33
2025-08-05,PR,etanol,229.9900,54
2025-08-05,PR,gasolina,333.0400,53
2025-08-05,RJ,diesel_s10,36.0700,6
2025-08-05,RJ,etanol,39.3100,9
2025-08-05,RJ,gasolina,58.6000,10
2025-08-05,RN,diesel_s10,46.7200,8
2025-08-05,RN,etanol,47.5100,10
2025-08-05,RN,gasolina,57.4000,10
2025-08-05,RO,diesel_s10,95.1300,15
2025-08-05,RO,etanol,59.0500,12
2025-08-05,RO,gasolina,119.4700,18
2025-08-05,RR,diesel_s10,20.6800,3
2025-08-05,RR,etanol,5.1500,1
2025-08-05,RR,gasolina,27.8000,4
2025-08-05,RS,diesel_s10,346.4900,56
2025-08-05,RS,etanol,221.1100,46
2025-08-05,RS,gasolina,530.4000,88
2025-08-05,SC,diesel_s10,176.7900,29
2025-08-05,SC,etanol,101.1100,21
2025-08-05,SC,gasolina,247.6400,39
2025-08-05,SE,diesel_s10,23.8900,4
2025-08-05,SE,etanol,54.4300,11
2025-08-05,SE,gasolina,112.9300,17
2025-08-05,SP,diesel_s10,901.4200,147
2025-08-05,SP,etanol,869.6200,218
2025-08-05,SP,gasolina,1357.6500,223
2025-08-06,AL,diesel_s10,58.2000,10
2025-08-06,AL,etanol,102.3100,20
2025-08-06,AL,gasolina,150.2800,24
2025-08-06,BA,diesel_s10,75.6000,12
2025-08-06,BA,etanol,66.7200,15
2025-08-06,BA,gasolina,70.1700,11
2025-08-06,CE,diesel_s10,92.0300,15
2025-08-06,CE,etanol,98.1500,19
2025-08-06,CE,gasolina,128.5800,20
2025-08-06,ES,diesel_s10,42.0800,7
2025-08-06,ES,etanol,37.0400,8
2025-08-06,ES,gasolina,92.5700,15
2025-08-06,GO,diesel_s10,201.7400,33
2025-08-06,GO,etanol,205.0300,48
2025-08-06,GO,gasolina,299.4600,48
2025-08-06,MA,diesel_s10,98.1400,16
2025-08-06,MA,etanol,58.3300,11
2025-08-06,MA,gasolina,109.7900,17
2025-08-06,MG,diesel_s10,198.4800,33
2025-08-06,MG,etanol,203.7800,47
2025-08-06,MG,gasolina,285.3500,46
2025-08-06,MS,diesel_s10,6.1900,1
2025-08-06,MS,etanol,3.7900,1
2025-08-06,MS,gasolina,30.9200,5
2025-08-06,MT,diesel_s10,122.1900,20
2025-08-06,MT,etanol,99.1400,25
2025-08-06,MT,gasolina,153.6200,25
2025-08-06,PA,diesel_s10,43.4200,7
2025-08-06,PA,etanol,9.3700,2
2025-08-06,PA,gasolina,55.6100,9
2025-08-06,PB,diesel_s10,11.1400,2
2025-08-06,PB,etanol,8.9400,2
2025-08-06,PB,gasolina,11.9400,2
2025-08-06,PE,diesel_s10,100.0700,17
2025-08-06,PE,etanol,72.5700,15
2025-08-06,PE,gasolina,126.9700,20
2025-08-06,PI,diesel_s10,102.0200,17
2025-08-06,PI,etanol,90.9500,20
2025-08-06,PI,gasolina,157.7200,27
2025-08-06,PR,diesel_s10,184.4400,30
2025-08-06,PR,etanol,180.5900,40
2025-08-06,PR,gasolina,274.4800,42
2025-08-06,RJ,diesel_s10,157.2400,26
2025-08-06,RJ,etanol,145.0100,33
2025-08-06,RJ,gasolina,238.7300,40
2025-08-06,RN,diesel_s10,96.6800,15
2025-08-06,RN,etanol,72.0100,14
2025-08-06,RN,gasolina,93.8300,15
2025-08-06,RO,diesel_s10,58.0300,9
2025-08-06,RO,etanol,30.2400,6
2025-08-06,RO,gasolina,104.7400,15
2025-08-06,RR,diesel_s10,68.5400,10
2025-08-06,RR,etanol,30.9500,6
2025-08-06,RR,gasolina,69.5000,10
2025-08-06,RS,diesel_s10,539.6900,88
2025-08-06,RS,etanol,231.1800,48
2025-08-06,RS,gasolina,712.8600,115
2025-08-06,SC,diesel_s10,201.1800,32
2025-08-06,SC,etanol,177.0100,37
2025-08-06,SC,gasolina,302.8300,47
2025-08-06,SP,diesel_s10,978.8700,161
2025-08-06,SP,etanol,936.1000,235
2025-08-06,SP,gasolina,1448.0800,240
2025-08-06,TO,diesel_s10,73.3200,12
2025-08-06,TO,etanol,66.5700,14
2025-08-06,TO,gasolina,100.2000,16
2025-08-07,AC,diesel_s10,70.5300,9
2025-08-07,AC,etanol,43.3600,8
2025-08-07,AC,gasolina,92.6500,12
2025-08-07,BA,diesel_s10,255.9300,43
2025-08-07,BA,etanol,226.6200,49
2025-08-07,BA,gasolina,349.4100,56
2025-08-07,CE,diesel_s10,132.0800,21
2025-08-07,CE,etanol,128.7200,24
2025-08-07,CE,gasolina,175.0400,27
2025-08-07,ES,diesel_s10,72.8400,12
2025-08-07,ES,etanol,36.6200,8
2025-08-07,ES,gasolina,111.5600,17
2025-08-07,GO,diesel_s10,59.7800,10
2025-08-07,GO,etanol,49.1800,12
2025-08-07,GO,gasolina,73.2700,12
2025-08-07,MA,diesel_s10,70.0700,12
2025-08-07,MA,etanol,27.7800,6
2025-08-07,MA,gasolina,70.9100,12
2025-08-07,MG,diesel_s10,88.9300,15
2025-08-07,MG,etanol,83.4200,20
2025-08-07,MG,gasolina,125.9200,21
2025-08-07,MT,diesel_s10,38.2200,6
2025-08-07,MT,etanol,27.6300,7
2025-08-07,MT,gasolina,41.9300,7
2025-08-07,PB,diesel_s10,79.8900,14
2025-08-07,PB,etanol,66.4500,15
2025-08-07,PB,gasolina,93.4400,16
2025-08-07,PE,diesel_s10,76.8300,13
2025-08-07,PE,etanol,51.6400,10
2025-08-07,PE,gasolina,89.1000,14
2025-08-07,PI,diesel_s10,24.3600,4
2025-08-07,PI,etanol,13.8500,3
2025-08-07,PI,gasolina,36.0600,6
2025-08-07,PR,diesel_s10,219.8500,37
2025-08-07,PR,etanol,249.4700,55
2025-08-07,PR,gasolina,355.6300,55
2025-08-07,RJ,diesel_s10,161.7600,26
2025-08-07,RJ,etanol,135.0200,29
2025-08-07,RJ,gasolina,192.4800,31
2025-08-07,RN,diesel_s10,84.1600,14
2025-08-07,RN,etanol,74.6300,14
2025-08-07,RN,gasolina,106.5800,17
2025-08-07,RO,diesel_s10,25.3800,4
2025-08-07,RO,etanol,9.4600,2
2025-08-07,RO,gasolina,26.8800,4
2025-08-07,RR,diesel_s10,6.8500,1
2025-08-07,RR,etanol,5.1500,1
2025-08-07,RR,gasolina,6.9500,1
2025-08-07,RS,diesel_s10,192.9600,31
2025-08-07,RS,etanol,90.5300,18
2025-08-07,RS,gasolina,213.0200,34
2025-08-07,SP,diesel_s10,417.3500,69
2025-08-07,SP,etanol,422.5400,107
2025-08-07,SP,gasolina,647.5600,108
2025-08-08,AM,diesel_s10,50.3400,6
2025-08-08,AM,gasolina,58.7300,7
2025-08-08,BA,diesel_s10,80.0500,13
2025-08-08,BA,etanol,84.8900,18
2025-08-08,BA,gasolina,145.5300,23
2025-08-08,MG,diesel_s10,5.9900,1
2025-08-08,MG,etanol,4.3700,1
2025-08-08,MG,gasolina,6.2900,1
2025-08-08,PR,diesel_s10,41.2800,7
2025-08-08,PR,etanol,47.8600,10
2025-08-08,PR,gasolina,67.6600,10
2025-08-08,RJ,diesel_s10,80.6500,12
2025-08-08,RJ,etanol,64.0200,13
2025-08-08,RJ,gasolina,110.5500,17
2025-08-08,RS,diesel_s10,6.3100,1
2025-08-08,RS,etanol,9.6800,2
2025-08-08,RS,gasolina,24.9600,4
2025-08-08,SP,diesel_s10,5.7900,1
2025-08-08,SP,etanol,3.6900,1
2025-08-08,SP,gasolina,5.6900,1
2025-08-11,AL,diesel_s10,5.6900,1
2025-08-11,AL,etanol,25.3300,5
2025-08-11,AL,gasolina,37.8000,6
2025-08-11,AM,diesel_s10,110.6300,17
2025-08-11,AM,etanol,114.8400,21
2025-08-11,AM,gasolina,174.5500,25
2025-08-11,AP,diesel_s10,32.2400,5
2025-08-11,AP,etanol,21.6600,4
2025-08-11,AP,gasolina,102.9800,17
2025-08-11,BA,diesel_s10,66.0500,11
2025-08-11,BA,etanol,71.8300,15
2025-08-11,BA,gasolina,129.6900,20
2025-08-11,CE,diesel_s10,269.8500,45
2025-08-11,CE,etanol,290.1600,56
2025-08-11,CE,gasolina,358.9500,56
2025-08-11,DF,diesel_s10,72.6200,12
2025-08-11,DF,etanol,64.7200,14
2025-08-11,DF,gasolina,148.4400,23
2025-08-11,ES,diesel_s10,47.9700,8
2025-08-11,ES,etanol,36.8900,8
2025-08-11,ES,gasolina,132.1500,21
2025-08-11,GO,diesel_s10,258.8700,43
2025-08-11,GO,etanol,236.1700,53
2025-08-11,GO,gasolina,387.8300,62
2025-08-11,MA,diesel_s10,106.1900,17
2025-08-11,MA,etanol,71.3700,14
2025-08-11,MA,gasolina,138.4300,22
2025-08-11,MG,diesel_s10,348.0300,59
2025-08-11,MG,etanol,356.0600,83
2025-08-11,MG,gasolina,518.8400,85
2025-08-11,MS,diesel_s10,37.7100,6
2025-08-11,MS,etanol,44.2100,11
2025-08-11,MS,gasolina,150.3900,24
2025-08-11,MT,diesel_s10,19.1300,3
2025-08-11,MT,etanol,37.3900,9
2025-08-11,MT,gasolina,57.2400,9
2025-08-11,PA,diesel_s10,194.3600,31
2025-08-11,PA,etanol,124.1900,26
2025-08-11,PA,gasolina,326.8800,51
2025-08-11,PB,diesel_s10,108.4800,19
2025-08-11,PB,etanol,130.3900,28
2025-08-11,PB,gasolina,194.4600,32
2025-08-11,PE,diesel_s10,107.6200,19
2025-08-11,PE,etanol,163.4700,33
2025-08-11,PE,gasolina,235.7300,36
2025-08-11,PI,diesel_s10,11.9800,2
2025-08-11,PI,etanol,26.9400,6
2025-08-11,PI,gasolina,40.4500,7
2025-08-11,PR,diesel_s10,299.2000,49
2025-08-11,PR,etanol,325.9700,75
2025-08-11,PR,gasolina,476.9100,75
2025-08-11,RJ,diesel_s10,787.0200,129
2025-08-11,RJ,etanol,768.5000,171
2025-08-11,RJ,gasolina,1157.6200,192
2025-08-11,RN,diesel_s10,69.1300,11
2025-08-11,RN,etanol,83.6300,16
2025-08-11,RN,gasolina,96.2200,15
2025-08-11,RO,diesel_s10,63.8000,10
2025-08-11,RO,etanol,16.1800,3
2025-08-11,RO,gasolina,68.8700,10
2025-08-11,RR,diesel_s10,13.7000,2
2025-08-11,RR,etanol,5.1500,1
2025-08-11,RR,gasolina,13.9000,2
2025-08-11,RS,diesel_s10,214.0100,34
2025-08-11,RS,etanol,59.6700,12
2025-08-11,RS,gasolina,241.8000,39
2025-08-11,SC,diesel_s10,313.0900,51
2025-08-11,SC,etanol,264.1900,58
2025-08-11,SC,gasolina,531.4300,84
2025-08-11,SP,diesel_s10,1736.6500,281
2025-08-11,SP,etanol,1745.6100,434
2025-08-11,SP,gasolina,2640.9600,434
2025-08-11,TO,diesel_s10,139.0800,23
2025-08-11,TO,etanol,143.4500,30
2025-08-11,TO,gasolina,213.8900,33
2025-08-12,AL,diesel_s10,22.8500,4
2025-08-12,AL,etanol,25.2700,5
2025-08-12,AL,gasolina,37.6800,6
2025-08-12,AM,diesel_s10,65.1000,10
2025-08-12,AM,etanol,60.4900,11
2025-08-12,AM,gasolina,97.8600,14
2025-08-12,BA,diesel_s10,174.8600,29
2025-08-12,BA,etanol,150.2200,33
2025-08-12,BA,gasolina,279.4900,46
2025-08-12,CE,diesel_s10,61.4100,10
2025-08-12,CE,etanol,47.2400,9
2025-08-12,CE,gasolina,83.5300,13
2025-08-12,DF,diesel_s10,37.0100,6
2025-08-12,DF,etanol,23.8800,5
2025-08-12,DF,gasolina,175.8500,27
2025-08-12,ES,diesel_s10,138.0000,23
2025-08-12,ES,etanol,129.4300,30
2025-08-12,ES,gasolina,245.0400,41
2025-08-12,GO,diesel_s10,179.1000,30
2025-08-12,GO,etanol,189.8900,45
2025-08-12,GO,gasolina,275.2300,45
2025-08-12,MA,diesel_s10,117.8400,20
2025-08-12,MA,etanol,66.4000,14
2025-08-12,MA,gasolina,127.2300,22
2025-08-12,MG,diesel_s10,233.3800,39
2025-08-12,MG,etanol,251.9700,59
2025-08-12,MG,gasolina,404.8600,66
2025-08-12,MS,diesel_s10,41.5300,7
2025-08-12,MS,etanol,37.7900,10
2025-08-12,MS,gasolina,63.6600,11
2025-08-12,MT,diesel_s10,87.7300,14
2025-08-12,MT,etanol,90.0600,22
2025-08-12,MT,gasolina,145.3800,23
2025-08-12,PA,diesel_s10,141.2800,23
2025-08-12,PA,etanol,32.2200,7
2025-08-12,PA,gasolina,175.7500,29
2025-08-12,PE,diesel_s10,24.7600,4
2025-08-12,PE,etanol,21.0000,4
2025-08-12,PE,gasolina,27.0800,4
2025-08-12,PI,diesel_s10,35.5800,6
2025-08-12,PI,etanol,23.4900,5
2025-08-12,PI,gasolina,46.7700,8
2025-08-12,PR,diesel_s10,192.1500,31
2025-08-12,PR,etanol,216.4700,50
2025-08-12,PR,gasolina,324.8700,51
2025-08-12,RJ,diesel_s10,88.5700,14
2025-08-12,RJ,etanol,78.3800,17
2025-08-12,RJ,gasolina,111.5400,18
2025-08-12,RN,diesel_s10,29.9200,5
2025-08-12,RN,etanol,24.9200,5
2025-08-12,RN,gasolina,30.3700,5
2025-08-12,RO,diesel_s10,52.3400,8
2025-08-12,RO,etanol,39.4900,8
2025-08-12,RO,gasolina,92.8400,14
2025-08-12,RR,diesel_s10,61.6900,9
2025-08-12,RR,etanol,25.8000,5
2025-08-12,RR,gasolina,62.5500,9
2025-08-12,RS,diesel_s10,350.1800,56
2025-08-12,RS,etanol,141.5900,29
2025-08-12,RS,gasolina,461.0000,75
2025-08-12,SC,diesel_s10,160.4600,26
2025-08-12,SC,etanol,97.2900,20
2025-08-12,SC,gasolina,202.2600,32
2025-08-12,SE,diesel_s10,17.6000,3
2025-08-12,SE,etanol,54.4300,11
2025-08-12,SE,gasolina,112.9300,17
2025-08-12,SP,diesel_s10,1428.3500,232
2025-08-12,SP,etanol,1438.0200,361
2025-08-12,SP,gasolina,2222.0700,366
2025-08-13,AC,diesel_s10,8.1900,1
2025-08-13,AC,etanol,6.0800,1
2025-08-13,AC,gasolina,8.0900,1
2025-08-13,AL,diesel_s10,72.8200,12
2025-08-13,AL,etanol,115.8900,23
2025-08-13,AL,gasolina,175.6700,28
2025-08-13,BA,diesel_s10,188.4500,30
2025-08-13,BA,etanol,179.5600,39
2025-08-13,BA,gasolina,241.4800,38
2025-08-13,CE,diesel_s10,66.5700,11
2025-08-13,CE,etanol,71.7900,14
2025-08-13,CE,gasolina,95.0200,15
2025-08-13,ES,diesel_s10,78.7300,13
2025-08-13,ES,etanol,67.7800,15
2025-08-13,ES,gasolina,112.7300,19
2025-08-13,GO,diesel_s10,68.7900,11
2025-08-13,GO,etanol,45.0500,11
2025-08-13,GO,gasolina,66.8500,11
2025-08-13,MA,diesel_s10,58.2700,10
2025-08-13,MA,etanol,41.5800,9
2025-08-13,MA,gasolina,68.2200,12
2025-08-13,MG,diesel_s10,128.5900,21
2025-08-13,MG,etanol,139.1000,33
2025-08-13,MG,gasolina,208.6500,34
2025-08-13,MS,diesel_s10,44.0200,7
2025-08-13,MS,etanol,24.5200,6
2025-08-13,MS,gasolina,80.8700,13
2025-08-13,MT,diesel_s10,107.9000,17
2025-08-13,MT,etanol,95.4700,23
2025-08-13,MT,gasolina,138.9700,22
2025-08-13,PA,diesel_s10,30.3800,5
2025-08-13,PA,etanol,4.9900,1
2025-08-13,PA,gasolina,57.1400,9
2025-08-13,PB,diesel_s10,74.2100,13
2025-08-13,PB,etanol,71.4900,16
2025-08-13,PB,gasolina,94.0000,16
2025-08-13,PE,diesel_s10,137.9600,24
2025-08-13,PE,etanol,122.8900,26
2025-08-13,PE,gasolina,173.3500,29
2025-08-13,PI,diesel_s10,113.4800,19
2025-08-13,PI,etanol,104.2400,23
2025-08-13,PI,gasolina,182.0600,31
2025-08-13,PR,diesel_s10,232.2100,39
2025-08-13,PR,etanol,258.0500,57
2025-08-13,PR,gasolina,395.3900,61
2025-08-13,RJ,diesel_s10,138.1700,22
2025-08-13,RJ,etanol,163.1200,36
2025-08-13,RJ,gasolina,265.9600,43
2025-08-13,RN,diesel_s10,105.6000,16
2025-08-13,RN,etanol,69.4800,13
2025-08-13,RN,gasolina,105.4100,16
2025-08-13,RO,diesel_s10,101.2000,16
2025-08-13,RO,etanol,63.5100,13
2025-08-13,RO,gasolina,129.2000,19
2025-08-13,RR,diesel_s10,27.5300,4
2025-08-13,RR,etanol,5.1500,1
2025-08-13,RR,gasolina,34.7500,5
2025-08-13,RS,diesel_s10,440.7000,72
2025-08-13,RS,etanol,288.6000,60
2025-08-13,RS,gasolina,659.5800,108
2025-08-13,SC,diesel_s10,108.6900,18
2025-08-13,SC,etanol,64.7900,14
2025-08-13,SC,gasolina,159.5600,25
2025-08-13,SP,diesel_s10,932.0000,152
2025-08-13,SP,etanol,850.8800,213
2025-08-13,SP,gasolina,1326.7500,220
2025-08-13,TO,diesel_s10,5.9900,1
2025-08-13,TO,etanol,4.6900,1
2025-08-13,TO,gasolina,6.5900,1
2025-08-14,AC,diesel_s10,63.2300,8
2025-08-14,AC,etanol,43.3600,8
2025-08-14,AC,gasolina,85.3100,11
2025-08-14,BA,diesel_s10,59.1200,10
2025-08-14,BA,etanol,55.0100,12
2025-08-14,BA,gasolina,73.7500,12
2025-08-14,CE,diesel_s10,40.1100,6
2025-08-14,CE,etanol,53.6500,10
2025-08-14,CE,gasolina,51.0400,8
2025-08-14,ES,diesel_s10,30.0500,5
2025-08-14,ES,etanol,18.7600,4
2025-08-14,ES,gasolina,53.5200,8
2025-08-14,GO,diesel_s10,79.8200,13
2025-08-14,GO,etanol,72.1000,17
2025-08-14,GO,gasolina,105.9000,17
2025-08-14,MA,diesel_s10,73.0600,12
2025-08-14,MA,etanol,41.4000,8
2025-08-14,MA,gasolina,79.3000,12
2025-08-14,MG,diesel_s10,153.6600,26
2025-08-14,MG,etanol,129.1300,30
2025-08-14,MG,gasolina,189.3200,31
2025-08-14,MS,diesel_s10,12.5900,2
2025-08-14,MS,etanol,8.3600,2
2025-08-14,MS,gasolina,12.5300,2
2025-08-14,MT,diesel_s10,69.9600,11
2025-08-14,MT,etanol,67.9400,17
2025-08-14,MT,gasolina,103.9600,17
2025-08-14,PE,diesel_s10,169.7700,29
2025-08-14,PE,etanol,132.2700,26
2025-08-14,PE,gasolina,221.9800,34
2025-08-14,PI,diesel_s10,24.4600,4
2025-08-14,PI,etanol,16.2500,3
2025-08-14,PI,gasolina,29.4700,5
2025-08-14,PR,diesel_s10,231.2400,38
2025-08-14,PR,etanol,205.1200,46
2025-08-14,PR,gasolina,302.2300,47
2025-08-14,RJ,diesel_s10,80.8700,13
2025-08-14,RJ,etanol,65.1100,14
2025-08-14,RJ,gasolina,112.2700,18
2025-08-14,RN,diesel_s10,64.3700,11
2025-08-14,RN,etanol,68.9600,13
2025-08-14,RN,gasolina,93.0600,15
2025-08-14,RO,diesel_s10,26.1300,4
2025-08-14,RO,etanol,5.2900,1
2025-08-14,RO,gasolina,41.8300,6
2025-08-14,RS,diesel_s10,247.4100,41
2025-08-14,RS,etanol,115.7300,24
2025-08-14,RS,gasolina,339.7100,56
2025-08-14,SC,diesel_s10,56.3200,9
2025-08-14,SC,etanol,28.3000,6
2025-08-14,SC,gasolina,51.2300,8
2025-08-14,SP,diesel_s10,544.5500,90
2025-08-14,SP,etanol,523.3300,134
2025-08-14,SP,gasolina,818.1500,137
2025-08-15,BA,diesel_s10,12.0800,2
2025-08-15,BA,etanol,5.1900,1
2025-08-15,BA,gasolina,13.3000,2
2025-08-15,CE,diesel_s10,12.3800,2
2025-08-15,CE,etanol,16.2700,3
2025-08-15,CE,gasolina,19.2100,3
2025-08-15,MG,diesel_s10,35.5100,6
2025-08-15,MG,etanol,31.6100,8
2025-08-15,MG,gasolina,48.6400,8
2025-08-15,PR,diesel_s10,54.6700,9
2025-08-15,PR,etanol,53.5600,12
2025-08-15,PR,gasolina,77.2800,12
2025-08-15,RO,diesel_s10,13.0700,2
2025-08-15,RO,etanol,5.2900,1
2025-08-15,RO,gasolina,20.7700,3
2025-08-15,SC,diesel_s10,6.0900,1
2025-08-15,SC,etanol,4.6900,1
2025-08-15,SC,gasolina,6.3900,1
2025-08-18,AL,diesel_s10,17.2700,3
2025-08-18,AL,etanol,40.3800,8
2025-08-18,AL,gasolina,55.7500,9
2025-08-18,AM,diesel_s10,110.9300,17
2025-08-18,AM,etanol,109.8500,20
2025-08-18,AM,gasolina,174.7500,25
2025-08-18,BA,diesel_s10,58.8200,10
2025-08-18,BA,etanol,58.0300,12
2025-08-18,BA,gasolina,110.4200,17
2025-08-18,CE,diesel_s10,318.3600,53
2025-08-18,CE,etanol,307.5600,60
2025-08-18,CE,gasolina,422.2800,66
2025-08-18,DF,diesel_s10,78.9400,13
2025-08-18,DF,etanol,64.6600,14
2025-08-18,DF,gasolina,162.4200,25
2025-08-18,ES,diesel_s10,18.3700,3
2025-08-18,ES,etanol,12.8100,3
2025-08-18,ES,gasolina,23.3300,4
2025-08-18,GO,diesel_s10,241.4900,40
2025-08-18,GO,etanol,179.9500,42
2025-08-18,GO,gasolina,309.9100,50
2025-08-18,MA,diesel_s10,123.2300,20
2025-08-18,MA,etanol,85.9300,17
2025-08-18,MA,gasolina,156.2300,25
2025-08-18,MG,diesel_s10,287.1300,48
2025-08-18,MG,etanol,285.1900,67
2025-08-18,MG,gasolina,457.2000,75
2025-08-18,MS,diesel_s10,79.9800,13
2025-08-18,MS,etanol,64.9900,16
2025-08-18,MS,gasolina,212.7200,34
2025-08-18,MT,diesel_s10,75.7300,12
2025-08-18,MT,etanol,82.1400,20
2025-08-18,MT,gasolina,132.4100,21
2025-08-18,PA,diesel_s10,235.1500,38
2025-08-18,PA,etanol,105.8000,22
2025-08-18,PA,gasolina,333.9100,53
2025-08-18,PB,diesel_s10,90.7800,16
2025-08-18,PB,etanol,85.7600,18
2025-08-18,PB,gasolina,123.4800,20
2025-08-18,PE,diesel_s10,157.8700,28
2025-08-18,PE,etanol,197.4600,41
2025-08-18,PE,gasolina,280.6500,45
2025-08-18,PI,diesel_s10,43.1100,7
2025-08-18,PI,etanol,64.3900,14
2025-08-18,PI,gasolina,87.1600,15
2025-08-18,PR,diesel_s10,226.0100,37
2025-08-18,PR,etanol,241.8000,56
2025-08-18,PR,gasolina,353.2500,56
2025-08-18,RJ,diesel_s10,757.4800,125
2025-08-18,RJ,etanol,781.8200,174
2025-08-18,RJ,gasolina,1168.3200,194
2025-08-18,RN,diesel_s10,86.6700,14
2025-08-18,RN,etanol,81.8900,16
2025-08-18,RN,gasolina,95.8300,15
2025-08-18,RO,diesel_s10,32.5100,5
2025-08-18,RO,etanol,30.3200,6
2025-08-18,RO,gasolina,52.0100,8
2025-08-18,RR,diesel_s10,20.5500,3
2025-08-18,RR,gasolina,20.8500,3
2025-08-18,RS,diesel_s10,340.7200,55
2025-08-18,RS,etanol,216.1900,45
2025-08-18,RS,gasolina,514.0100,85
2025-08-18,SC,diesel_s10,378.1200,62
2025-08-18,SC,etanol,293.3300,64
2025-08-18,SC,gasolina,611.9400,97
2025-08-18,SP,diesel_s10,2228.2200,362
2025-08-18,SP,etanol,2228.5900,558
2025-08-18,SP,gasolina,3403.0700,563
2025-08-18,TO,diesel_s10,79.3200,13
2025-08-18,TO,etanol,76.7800,16
2025-08-18,TO,gasolina,120.5300,18
2025-08-19,AM,diesel_s10,71.5900,11
2025-08-19,AM,etanol,60.4900,11
2025-08-19,AM,gasolina,97.8600,14
2025-08-19,AP,diesel_s10,32.3900,5
2025-08-19,AP,etanol,21.5800,4
2025-08-19,AP,gasolina,101.9900,17
2025-08-19,BA,diesel_s10,69.1000,11
2025-08-19,BA,etanol,67.0100,15
2025-08-19,BA,gasolina,97.4400,16
2025-08-19,CE,diesel_s10,138.2100,23
2025-08-19,CE,etanol,143.5900,28
2025-08-19,CE,gasolina,180.6200,29
2025-08-19,DF,diesel_s10,30.8200,5
2025-08-19,DF,etanol,23.7900,5
2025-08-19,DF,gasolina,156.6600,24
2025-08-19,ES,diesel_s10,127.1300,21
2025-08-19,ES,etanol,109.2700,25
2025-08-19,ES,gasolina,239.5300,40
2025-08-19,GO,diesel_s10,181.1200,30
2025-08-19,GO,etanol,210.0300,50
2025-08-19,GO,gasolina,325.1600,53
2025-08-19,MA,diesel_s10,40.5900,7
2025-08-19,MA,etanol,32.7000,7
2025-08-19,MA,gasolina,50.8800,9
2025-08-19,MG,diesel_s10,184.4500,31
2025-08-19,MG,etanol,223.1800,53
2025-08-19,MG,gasolina,336.0500,55
2025-08-19,MS,diesel_s10,36.1100,6
2025-08-19,MS,etanol,37.6700,10
2025-08-19,MS,gasolina,63.4700,11
2025-08-19,MT,diesel_s10,75.6500,12
2025-08-19,MT,etanol,86.7200,21
2025-08-19,MT,gasolina,137.9800,22
2025-08-19,PA,diesel_s10,141.4400,23
2025-08-19,PA,etanol,80.0800,17
2025-08-19,PA,gasolina,192.1000,31
2025-08-19,PB,diesel_s10,63.0700,11
2025-08-19,PB,etanol,57.7400,13
2025-08-19,PB,gasolina,81.7400,14
2025-08-19,PE,etanol,4.8900,1
2025-08-19,PE,gasolina,6.4900,1
2025-08-19,PI,diesel_s10,47.0800,8
2025-08-19,PI,etanol,46.4300,10
2025-08-19,PI,gasolina,64.1100,11
2025-08-19,PR,diesel_s10,92.1100,15
2025-08-19,PR,etanol,126.2500,28
2025-08-19,PR,gasolina,188.9900,29
2025-08-19,RJ,diesel_s10,187.6000,30
2025-08-19,RJ,etanol,187.9400,42
2025-08-19,RJ,gasolina,288.8800,47
2025-08-19,RN,diesel_s10,50.5800,8
2025-08-19,RN,etanol,62.4800,12
2025-08-19,RN,gasolina,77.2400,12
2025-08-19,RO,diesel_s10,108.1700,17
2025-08-19,RO,etanol,45.3900,9
2025-08-19,RO,gasolina,138.9000,21
2025-08-19,RR,diesel_s10,20.5900,3
2025-08-19,RR,etanol,15.4500,3
2025-08-19,RR,gasolina,27.8000,4
2025-08-19,RS,diesel_s10,213.1600,35
2025-08-19,RS,etanol,78.1900,16
2025-08-19,RS,gasolina,290.4300,48
2025-08-19,SC,diesel_s10,126.2700,20
2025-08-19,SC,etanol,88.2100,18
2025-08-19,SC,gasolina,171.9500,27
2025-08-19,SE,diesel_s10,17.6000,3
2025-08-19,SE,etanol,49.5300,10
2025-08-19,SE,gasolina,112.9300,17
2025-08-19,SP,diesel_s10,1126.4500,184
2025-08-19,SP,etanol,1109.4500,275
2025-08-19,SP,gasolina,1694.8900,278
2025-08-20,AC,diesel_s10,37.9200,5
2025-08-20,AC,etanol,31.1600,6
2025-08-20,AC,gasolina,52.2300,7
2025-08-20,AL,diesel_s10,79.0200,13
2025-08-20,AL,etanol,115.4600,23
2025-08-20,AL,gasolina,156.3600,25
2025-08-20,BA,diesel_s10,179.1300,28
2025-08-20,BA,etanol,167.5300,37
2025-08-20,BA,gasolina,254.1700,41
2025-08-20,CE,diesel_s10,66.2500,11
2025-08-20,CE,etanol,65.6200,13
2025-08-20,CE,gasolina,88.5300,14
2025-08-20,ES,diesel_s10,107.5900,18
2025-08-20,ES,etanol,102.0800,23
2025-08-20,ES,gasolina,220.5000,36
2025-08-20,GO,diesel_s10,72.6600,12
2025-08-20,GO,etanol,65.5000,16
2025-08-20,GO,gasolina,97.9400,16
2025-08-20,MA,diesel_s10,121.3500,21
2025-08-20,MA,etanol,65.8100,14
2025-08-20,MA,gasolina,114.2800,20
2025-08-20,MG,diesel_s10,163.4000,27
2025-08-20,MG,etanol,181.1200,42
2025-08-20,MG,gasolina,253.3500,41
2025-08-20,MS,diesel_s10,25.4700,4
2025-08-20,MS,etanol,12.1500,3
2025-08-20,MS,gasolina,31.1900,5
2025-08-20,MT,diesel_s10,88.7900,14
2025-08-20,MT,etanol,78.8400,19
2025-08-20,MT,gasolina,120.3200,19
2025-08-20,PA,diesel_s10,115.9100,18
2025-08-20,PA,etanol,44.4400,9
2025-08-20,PA,gasolina,172.6500,26
2025-08-20,PB,diesel_s10,23.7300,4
2025-08-20,PB,etanol,55.8100,12
2025-08-20,PB,gasolina,84.9900,14
2025-08-20,PE,diesel_s10,45.5200,8
2025-08-20,PE,etanol,58.5800,12
2025-08-20,PE,gasolina,78.0200,12
2025-08-20,PI,diesel_s10,42.1500,7
2025-08-20,PI,etanol,27.3400,6
2025-08-20,PI,gasolina,58.7600,10
2025-08-20,PR,diesel_s10,224.2400,37
2025-08-20,PR,etanol,238.5700,54
2025-08-20,PR,gasolina,372.0900,58
2025-08-20,RJ,diesel_s10,80.6900,13
2025-08-20,RJ,etanol,62.6700,14
2025-08-20,RJ,gasolina,96.6000,16
2025-08-20,RN,diesel_s10,12.3800,2
2025-08-20,RN,etanol,10.3800,2
2025-08-20,RN,gasolina,12.9000,2
2025-08-20,RO,diesel_s10,76.4200,12
2025-08-20,RO,etanol,39.1800,8
2025-08-20,RO,gasolina,95.1200,14
2025-08-20,RR,diesel_s10,61.7800,9
2025-08-20,RR,etanol,25.8000,5
2025-08-20,RR,gasolina,62.5500,9
2025-08-20,RS,diesel_s10,450.8000,74
2025-08-20,RS,etanol,198.1900,42
2025-08-20,RS,gasolina,611.8100,102
2025-08-20,SC,diesel_s10,105.3100,17
2025-08-20,SC,etanol,93.4100,20
2025-08-20,SC,gasolina,173.0400,27
2025-08-20,SP,diesel_s10,729.0400,119
2025-08-20,SP,etanol,698.4300,176
2025-08-20,SP,gasolina,1103.6200,184
2025-08-20,TO,diesel_s10,79.4100,13
2025-08-20,TO,etanol,71.3400,15
2025-08-20,TO,gasolina,103.7400,16
2025-08-21,AC,diesel_s10,56.1700,7
2025-08-21,AC,etanol,28.7200,5
2025-08-21,AC,gasolina,63.3800,8
2025-08-21,AL,diesel_s10,28.8400,5
2025-08-21,AL,etanol,30.7400,6
2025-08-21,AL,gasolina,43.4700,7
2025-08-21,AM,diesel_s10,67.1200,8
2025-08-21,AM,gasolina,67.1200,8
2025-08-21,BA,diesel_s10,200.9300,34
2025-08-21,BA,etanol,161.0800,34
2025-08-21,BA,gasolina,269.1200,43
2025-08-21,CE,diesel_s10,56.8900,9
2025-08-21,CE,etanol,64.4600,12
2025-08-21,CE,gasolina,71.0000,11
2025-08-21,ES,diesel_s10,5.9900,1
2025-08-21,ES,etanol,4.1900,1
2025-08-21,ES,gasolina,13.3800,2
2025-08-21,GO,diesel_s10,67.2900,11
2025-08-21,GO,etanol,69.1500,16
2025-08-21,GO,gasolina,101.1500,16
2025-08-21,MA,diesel_s10,115.0900,19
2025-08-21,MA,etanol,57.4800,11
2025-08-21,MA,gasolina,128.3300,20
2025-08-21,MG,diesel_s10,118.1300,20
2025-08-21,MG,etanol,117.3400,28
2025-08-21,MG,gasolina,174.7000,29
2025-08-21,MT,diesel_s10,44.3500,7
2025-08-21,MT,etanol,36.1700,9
2025-08-21,MT,gasolina,55.1900,9
2025-08-21,PB,diesel_s10,11.9400,2
2025-08-21,PB,etanol,9.0800,2
2025-08-21,PB,gasolina,11.7800,2
2025-08-21,PE,diesel_s10,186.3700,32
2025-08-21,PE,etanol,133.1900,27
2025-08-21,PE,gasolina,227.3100,36
2025-08-21,PI,diesel_s10,65.9800,11
2025-08-21,PI,etanol,42.5700,9
2025-08-21,PI,gasolina,88.0000,15
2025-08-21,PR,diesel_s10,351.5000,58
2025-08-21,PR,etanol,337.5600,77
2025-08-21,PR,gasolina,477.3700,75
2025-08-21,RJ,diesel_s10,116.0700,18
2025-08-21,RJ,etanol,81.5900,17
2025-08-21,RJ,gasolina,138.6200,22
2025-08-21,RN,diesel_s10,94.8000,15
2025-08-21,RN,etanol,111.1900,21
2025-08-21,RN,gasolina,139.5800,22
2025-08-21,RO,diesel_s10,12.9000,2
2025-08-21,RO,gasolina,20.9400,3
2025-08-21,RS,diesel_s10,210.5900,33
2025-08-21,RS,etanol,107.9600,21
2025-08-21,RS,gasolina,274.9800,42
2025-08-21,SC,diesel_s10,25.0000,4
2025-08-21,SC,etanol,9.4700,2
2025-08-21,SC,gasolina,19.4400,3
2025-08-21,SP,diesel_s10,431.1700,71
2025-08-21,SP,etanol,427.1700,109
2025-08-21,SP,gasolina,648.5400,109
2025-08-22,ES,diesel_s10,5.9900,1
2025-08-22,ES,etanol,4.2900,1
2025-08-22,ES,gasolina,6.6900,1
2025-08-22,MG,etanol,4.3700,1
2025-08-22,MG,gasolina,6.2900,1
2025-08-22,PR,diesel_s10,83.7100,14
2025-08-22,PR,etanol,85.6200,19
2025-08-22,PR,gasolina,123.3700,19
2025-08-22,RO,diesel_s10,6.9700,1
2025-08-22,RO,etanol,5.2900,1
2025-08-22,RO,gasolina,20.8900,3
2025-08-22,SC,diesel_s10,37.1300,6
2025-08-22,SC,etanol,9.6400,2
2025-08-22,SC,gasolina,38.2400,6
2025-08-22,SP,diesel_s10,18.2100,3
2025-08-22,SP,etanol,23.4400,6
2025-08-22,SP,gasolina,36.3000,6
2025-08-25,AL,diesel_s10,5.6900,1
2025-08-25,AL,etanol,24.9500,5
2025-08-25,AL,gasolina,36.9100,6
2025-08-25,AM,diesel_s10,123.9100,19
2025-08-25,AM,etanol,115.3400,21
2025-08-25,AM,gasolina,181.7400,26
2025-08-25,AP,diesel_s10,25.9900,4
2025-08-25,AP,etanol,21.7300,4
2025-08-25,AP,gasolina,101.9900,17
2025-08-25,BA,diesel_s10,116.6100,19
2025-08-25,BA,etanol,125.0700,27
2025-08-25,BA,gasolina,195.0600,32
2025-08-25,CE,diesel_s10,128.0900,22
2025-08-25,CE,etanol,161.8400,32
2025-08-25,CE,gasolina,190.4200,30
2025-08-25,DF,diesel_s10,84.2100,14
2025-08-25,DF,etanol,71.8000,16
2025-08-25,DF,gasolina,167.1600,26
2025-08-25,ES,diesel_s10,5.9900,1
2025-08-25,ES,etanol,8.9800,2
2025-08-25,ES,gasolina,11.7800,2
2025-08-25,GO,diesel_s10,235.7000,39
2025-08-25,GO,etanol,193.1600,49
2025-08-25,GO,gasolina,313.4400,53
2025-08-25,MA,diesel_s10,97.8200,16
2025-08-25,MA,etanol,85.5000,17
2025-08-25,MA,gasolina,130.6800,21
2025-08-25,MG,diesel_s10,257.7900,43
2025-08-25,MG,etanol,274.6200,64
2025-08-25,MG,gasolina,408.6200,67
2025-08-25,MS,diesel_s10,73.6600,12
2025-08-25,MS,etanol,71.4900,18
2025-08-25,MS,gasolina,229.4500,37
2025-08-25,MT,diesel_s10,74.9800,12
2025-08-25,MT,etanol,82.6800,20
2025-08-25,MT,gasolina,132.5300,21
2025-08-25,PA,diesel_s10,116.0000,19
2025-08-25,PA,etanol,71.2300,15
2025-08-25,PA,gasolina,214.1700,34
2025-08-25,PB,diesel_s10,131.6500,23
2025-08-25,PB,etanol,149.8000,33
2025-08-25,PB,gasolina,221.8400,37
2025-08-25,PE,diesel_s10,107.2800,19
2025-08-25,PE,etanol,157.4700,33
2025-08-25,PE,gasolina,239.6700,38
2025-08-25,PI,diesel_s10,54.8100,9
2025-08-25,PI,etanol,47.3600,10
2025-08-25,PI,gasolina,82.3900,14
2025-08-25,PR,diesel_s10,311.3600,51
2025-08-25,PR,etanol,331.4000,76
2025-08-25,PR,gasolina,490.7200,77
2025-08-25,RJ,diesel_s10,743.3700,122
2025-08-25,RJ,etanol,713.2500,158
2025-08-25,RJ,gasolina,1054.2800,174
2025-08-25,RN,diesel_s10,6.1900,1
2025-08-25,RN,etanol,9.9800,2
2025-08-25,RN,gasolina,12.5800,2
2025-08-25,RO,diesel_s10,57.7500,9
2025-08-25,RO,etanol,26.7400,5
2025-08-25,RO,gasolina,81.1100,12
2025-08-25,RR,diesel_s10,13.7000,2
2025-08-25,RR,etanol,10.3000,2
2025-08-25,RR,gasolina,20.8500,3
2025-08-25,RS,diesel_s10,246.1400,40
2025-08-25,RS,etanol,96.3500,20
2025-08-25,RS,gasolina,334.7200,55
2025-08-25,SC,diesel_s10,394.1200,64
2025-08-25,SC,etanol,304.7900,66
2025-08-25,SC,gasolina,622.8000,99
2025-08-25,SP,diesel_s10,1921.3800,311
2025-08-25,SP,etanol,1955.6100,490
2025-08-25,SP,gasolina,2952.9000,490
2025-08-25,TO,diesel_s10,103.1400,17
2025-08-25,TO,etanol,101.1300,21
2025-08-25,TO,gasolina,153.4500,23
2025-08-26,AC,diesel_s10,8.1900,1
2025-08-26,AC,etanol,6.0800,1
2025-08-26,AC,gasolina,8.0900,1
2025-08-26,AM,diesel_s10,71.5900,11
2025-08-26,AM,etanol,60.4700,11
2025-08-26,AM,gasolina,90.8600,13
2025-08-26,BA,diesel_s10,65.8500,10
2025-08-26,BA,etanol,63.0200,13
2025-08-26,BA,gasolina,95.2200,15
2025-08-26,CE,diesel_s10,91.8700,15
2025-08-26,CE,etanol,98.5500,19
2025-08-26,CE,gasolina,151.2000,24
2025-08-26,DF,diesel_s10,30.6100,5
2025-08-26,DF,etanol,23.4600,5
2025-08-26,DF,gasolina,155.7700,24
2025-08-26,ES,diesel_s10,120.9500,20
2025-08-26,ES,etanol,121.4800,28
2025-08-26,ES,gasolina,209.0200,36
2025-08-26,GO,diesel_s10,84.3200,14
2025-08-26,GO,etanol,82.0900,19
2025-08-26,GO,gasolina,138.9600,22
2025-08-26,MA,diesel_s10,88.8200,15
2025-08-26,MA,etanol,56.2700,12
2025-08-26,MA,gasolina,110.1500,19
2025-08-26,MG,diesel_s10,269.3200,45
2025-08-26,MG,etanol,297.2400,70
2025-08-26,MG,gasolina,452.0900,74
2025-08-26,MS,diesel_s10,17.9400,3
2025-08-26,MS,etanol,18.6400,5
2025-08-26,MS,gasolina,34.3200,6
2025-08-26,MT,diesel_s10,113.7600,18
2025-08-26,MT,etanol,115.6900,28
2025-08-26,MT,gasolina,175.3000,28
2025-08-26,PA,diesel_s10,123.1100,20
2025-08-26,PA,etanol,75.5800,16
2025-08-26,PA,gasolina,169.3300,27
2025-08-26,PE,diesel_s10,124.0600,22
2025-08-26,PE,etanol,112.9100,24
2025-08-26,PE,gasolina,149.1300,25
2025-08-26,PI,diesel_s10,48.3600,8
2025-08-26,PI,etanol,19.2500,4
2025-08-26,PI,gasolina,59.1700,10
2025-08-26,PR,diesel_s10,136.1600,22
2025-08-26,PR,etanol,126.5100,29
2025-08-26,PR,gasolina,177.9300,28
2025-08-26,RJ,diesel_s10,69.9700,11
2025-08-26,RJ,etanol,59.6500,13
2025-08-26,RJ,gasolina,87.4200,14
2025-08-26,RN,diesel_s10,30.9500,5
2025-08-26,RN,etanol,25.7400,5
2025-08-26,RN,gasolina,31.6600,5
2025-08-26,RO,diesel_s10,95.5400,15
2025-08-26,RO,etanol,57.9400,12
2025-08-26,RO,gasolina,129.6700,20
2025-08-26,RR,diesel_s10,48.1100,7
2025-08-26,RR,etanol,5.2000,1
2025-08-26,RR,gasolina,48.6500,7
2025-08-26,RS,diesel_s10,416.0400,68
2025-08-26,RS,etanol,186.7300,39
2025-08-26,RS,gasolina,558.3100,93
2025-08-26,SC,diesel_s10,115.8800,19
2025-08-26,SC,etanol,99.0000,21
2025-08-26,SC,gasolina,151.1800,24
2025-08-26,SP,diesel_s10,1163.6400,189
2025-08-26,SP,etanol,1124.1500,282
2025-08-26,SP,gasolina,1718.2600,284
2025-08-26,TO,diesel_s10,48.3000,8
2025-08-26,TO,etanol,42.0000,9
2025-08-26,TO,gasolina,69.2900,11
2025-08-27,AL,diesel_s10,17.8700,3
2025-08-27,AL,etanol,55.3200,11
2025-08-27,AL,gasolina,80.0000,13
2025-08-27,BA,diesel_s10,131.7300,21
2025-08-27,BA,etanol,140.0700,30
2025-08-27,BA,gasolina,247.7200,39
2025-08-27,CE,diesel_s10,190.5800,31
2025-08-27,CE,etanol,199.4900,39
2025-08-27,CE,gasolina,273.6000,43
2025-08-27,ES,diesel_s10,65.8100,11
2025-08-27,ES,etanol,48.3700,11
2025-08-27,ES,gasolina,93.4100,16
2025-08-27,GO,diesel_s10,178.9800,30
2025-08-27,GO,etanol,167.9400,43
2025-08-27,GO,gasolina,254.8200,43
2025-08-27,MA,diesel_s10,130.1500,22
2025-08-27,MA,etanol,73.9700,15
2025-08-27,MA,gasolina,139.6000,23
2025-08-27,MG,diesel_s10,65.4600,11
2025-08-27,MG,etanol,67.8000,17
2025-08-27,MG,gasolina,106.7600,18
2025-08-27,MS,diesel_s10,6.1900,1
2025-08-27,MS,etanol,3.8900,1
2025-08-27,MS,gasolina,5.7900,1
2025-08-27,MT,diesel_s10,95.1000,15
2025-08-27,MT,etanol,87.0300,21
2025-08-27,MT,gasolina,138.4500,22
2025-08-27,PA,diesel_s10,172.2400,27
2025-08-27,PA,etanol,64.3000,13
2025-08-27,PA,gasolina,233.2100,36
2025-08-27,PB,diesel_s10,68.4400,12
2025-08-27,PB,etanol,57.7500,13
2025-08-27,PB,gasolina,76.3900,13
2025-08-27,PE,diesel_s10,41.1800,7
2025-08-27,PE,etanol,26.5100,5
2025-08-27,PE,gasolina,48.3500,8
2025-08-27,PI,diesel_s10,77.4900,13
2025-08-27,PI,etanol,84.8500,19
2025-08-27,PI,gasolina,127.8200,22
2025-08-27,PR,diesel_s10,170.2000,28
2025-08-27,PR,etanol,206.3500,47
2025-08-27,PR,gasolina,340.5400,53
2025-08-27,RJ,diesel_s10,167.3100,28
2025-08-27,RJ,etanol,187.6100,43
2025-08-27,RJ,gasolina,314.9200,53
2025-08-27,RN,diesel_s10,61.4400,10
2025-08-27,RN,etanol,61.6700,12
2025-08-27,RN,gasolina,75.6200,12
2025-08-27,RO,diesel_s10,51.6500,8
2025-08-27,RO,etanol,34.6100,7
2025-08-27,RO,gasolina,69.0800,10
2025-08-27,RR,diesel_s10,41.1100,6
2025-08-27,RR,etanol,20.6000,4
2025-08-27,RR,gasolina,41.7000,6
2025-08-27,RS,diesel_s10,330.9900,53
2025-08-27,RS,etanol,240.2700,49
2025-08-27,RS,gasolina,476.0500,78
2025-08-27,SC,diesel_s10,57.0200,9
2025-08-27,SC,etanol,61.1700,13
2025-08-27,SC,gasolina,110.6900,17
2025-08-27,SE,diesel_s10,17.6000,3
2025-08-27,SE,etanol,49.5300,10
2025-08-27,SE,gasolina,106.2400,16
2025-08-27,SP,diesel_s10,829.7500,136
2025-08-27,SP,etanol,816.5000,201
2025-08-27,SP,gasolina,1264.7000,208
2025-08-28,AC,diesel_s10,32.7400,4
2025-08-28,AC,etanol,11.9000,2
2025-08-28,AC,gasolina,40.4100,5
2025-08-28,AL,diesel_s10,28.9400,5
2025-08-28,AL,etanol,30.4400,6
2025-08-28,AL,gasolina,43.2300,7
2025-08-28,BA,diesel_s10,141.1900,24
2025-08-28,BA,etanol,116.9600,25
2025-08-28,BA,gasolina,185.5700,30
2025-08-28,CE,diesel_s10,75.1300,13
2025-08-28,CE,etanol,65.8300,13
2025-08-28,CE,gasolina,88.1700,14
2025-08-28,ES,diesel_s10,48.1000,8
2025-08-28,ES,etanol,22.5400,5
2025-08-28,ES,gasolina,116.0300,18
2025-08-28,GO,diesel_s10,31.2500,5
2025-08-28,GO,etanol,34.4700,8
2025-08-28,GO,gasolina,50.4700,8
2025-08-28,MA,diesel_s10,41.3100,7
2025-08-28,MA,etanol,15.2000,3
2025-08-28,MA,gasolina,68.5800,11
2025-08-28,MG,diesel_s10,120.6000,20
2025-08-28,MG,etanol,159.1400,37
2025-08-28,MG,gasolina,228.9800,37
2025-08-28,PA,diesel_s10,55.6500,9
2025-08-28,PA,etanol,4.4900,1
2025-08-28,PA,gasolina,62.4800,10
2025-08-28,PE,diesel_s10,110.5500,19
2025-08-28,PE,etanol,95.0300,19
2025-08-28,PE,gasolina,145.9900,22
2025-08-28,PI,diesel_s10,17.7300,3
2025-08-28,PI,etanol,22.8300,5
2025-08-28,PI,gasolina,29.1100,5
2025-08-28,PR,diesel_s10,158.3600,26
2025-08-28,PR,etanol,139.5600,32
2025-08-28,PR,gasolina,214.6800,34
2025-08-28,RJ,diesel_s10,148.5300,24
2025-08-28,RJ,etanol,119.9700,26
2025-08-28,RJ,gasolina,177.7200,29
2025-08-28,RN,diesel_s10,155.4200,25
2025-08-28,RN,etanol,120.2200,23
2025-08-28,RN,gasolina,164.5100,26
2025-08-28,RO,diesel_s10,6.3800,1
2025-08-28,RO,etanol,5.2900,1
2025-08-28,RO,gasolina,6.8900,1
2025-08-28,RS,diesel_s10,219.6400,36
2025-08-28,RS,etanol,65.8800,14
2025-08-28,RS,gasolina,256.6800,42
2025-08-28,SC,diesel_s10,74.2200,12
2025-08-28,SC,etanol,29.0000,6
2025-08-28,SC,gasolina,88.6500,14
2025-08-28,SP,diesel_s10,589.4000,97
2025-08-28,SP,etanol,553.5300,140
2025-08-28,SP,gasolina,837.6200,140
2025-08-29,AM,diesel_s10,66.6600,8
2025-08-29,AM,gasolina,66.3200,8
2025-08-29,BA,diesel_s10,22.7500,4
2025-08-29,BA,etanol,23.3800,5
2025-08-29,BA,gasolina,30.9600,5
2025-08-29,MG,diesel_s10,64.8000,11
2025-08-29,MG,etanol,42.4700,10
2025-08-29,MG,gasolina,66.1900,11
2025-08-29,PR,diesel_s10,64.3900,11
2025-08-29,PR,etanol,68.9400,15
2025-08-29,PR,gasolina,98.2000,15
2025-08-29,RJ,diesel_s10,34.5400,5
2025-08-29,RJ,etanol,29.8000,6
2025-08-29,RJ,gasolina,51.7000,8
2025-08-29,RS,diesel_s10,6.1600,1
2025-08-29,RS,gasolina,5.9900,1
2025-08-29,SC,diesel_s10,18.2700,3
2025-08-29,SC,etanol,9.4300,2
2025-08-29,SC,gasolina,19.0900,3
2025-08-29,SP,diesel_s10,72.2700,12
2025-08-29,SP,etanol,59.6200,15
2025-08-29,SP,gasolina,90.2700,15
2025-09-01,AL,diesel_s10,5.6900,1
2025-09-01,AL,etanol,23.9900,5
2025-09-01,AL,gasolina,36.0500,6
2025-09-01,AM,diesel_s10,110.9300,17
2025-09-01,AM,etanol,109.8500,20
2025-09-01,AM,gasolina,174.7500,25
2025-09-01,AP,diesel_s10,38.7200,6
2025-09-01,AP,etanol,21.7300,4
2025-09-01,AP,gasolina,101.9500,17
2025-09-01,BA,diesel_s10,89.9600,15
2025-09-01,BA,etanol,79.3700,17
2025-09-01,BA,gasolina,119.8800,20
2025-09-01,CE,diesel_s10,256.8700,43
2025-09-01,CE,etanol,274.1100,54
2025-09-01,CE,gasolina,367.0000,58
2025-09-01,DF,diesel_s10,72.1400,12
2025-09-01,DF,etanol,67.2900,15
2025-09-01,DF,gasolina,147.3900,23
2025-09-01,ES,diesel_s10,48.2000,8
2025-09-01,ES,etanol,30.4000,7
2025-09-01,ES,gasolina,70.0400,12
2025-09-01,GO,diesel_s10,162.0100,27
2025-09-01,GO,etanol,117.1100,30
2025-09-01,GO,gasolina,203.2100,35
2025-09-01,MA,diesel_s10,77.6400,13
2025-09-01,MA,etanol,37.6100,8
2025-09-01,MA,gasolina,93.3000,16
2025-09-01,MG,diesel_s10,316.8900,53
2025-09-01,MG,etanol,376.5100,88
2025-09-01,MG,gasolina,556.7400,91
2025-09-01,MS,diesel_s10,14.6500,2
2025-09-01,MS,etanol,9.7900,2
2025-09-01,MS,gasolina,47.9600,7
2025-09-01,MT,diesel_s10,19.0300,3
2025-09-01,MT,etanol,38.5300,9
2025-09-01,MT,gasolina,57.4300,9
2025-09-01,PA,diesel_s10,152.0500,24
2025-09-01,PA,etanol,96.5500,20
2025-09-01,PA,gasolina,260.3200,40
2025-09-01,PB,diesel_s10,108.8600,19
2025-09-01,PB,etanol,127.6900,28
2025-09-01,PB,gasolina,192.3500,32
2025-09-01,PE,diesel_s10,64.4200,11
2025-09-01,PE,etanol,110.4000,22
2025-09-01,PE,gasolina,151.7800,23
2025-09-01,PI,diesel_s10,31.2500,5
2025-09-01,PI,etanol,41.1900,9
2025-09-01,PI,gasolina,58.3000,10
2025-09-01,PR,diesel_s10,178.0400,29
2025-09-01,PR,etanol,184.5700,42
2025-09-01,PR,gasolina,294.4000,46
2025-09-01,RJ,diesel_s10,848.3600,140
2025-09-01,RJ,etanol,869.8900,194
2025-09-01,RJ,gasolina,1312.6400,218
2025-09-01,RN,diesel_s10,37.0300,6
2025-09-01,RN,etanol,35.9200,7
2025-09-01,RN,gasolina,43.6900,7
2025-09-01,RO,diesel_s10,44.6300,7
2025-09-01,RO,etanol,11.4900,2
2025-09-01,RO,gasolina,55.6200,8
2025-09-01,RR,diesel_s10,6.9500,1
2025-09-01,RR,gasolina,6.9500,1
2025-09-01,RS,diesel_s10,325.4600,53
2025-09-01,RS,etanol,193.4400,40
2025-09-01,RS,gasolina,464.4200,77
2025-09-01,SC,diesel_s10,351.0900,57
2025-09-01,SC,etanol,291.2600,63
2025-09-01,SC,gasolina,578.4100,92
2025-09-01,SP,diesel_s10,1985.0400,322
2025-09-01,SP,etanol,2092.0400,519
2025-09-01,SP,gasolina,3141.7400,519
2025-09-01,TO,diesel_s10,61.1100,10
2025-09-01,TO,etanol,62.8100,13
2025-09-01,TO,gasolina,107.1400,16
2025-09-02,AM,diesel_s10,71.5900,11
2025-09-02,AM,etanol,60.4900,11
2025-09-02,AM,gasolina,97.8600,14
2025-09-02,BA,diesel_s10,84.4700,14
2025-09-02,BA,etanol,101.6100,22
2025-09-02,BA,gasolina,141.3900,23
2025-09-02,CE,diesel_s10,30.7900,5
2025-09-02,CE,etanol,20.2800,4
2025-09-02,CE,gasolina,31.2400,5
2025-09-02,DF,diesel_s10,36.8000,6
2025-09-02,DF,etanol,23.4400,5
2025-09-02,DF,gasolina,168.0600,26
2025-09-02,ES,diesel_s10,84.8600,14
2025-09-02,ES,etanol,79.1100,18
2025-09-02,ES,gasolina,141.0600,24
2025-09-02,GO,diesel_s10,95.9600,16
2025-09-02,GO,etanol,119.7200,29
2025-09-02,GO,gasolina,177.6400,29
2025-09-02,MA,diesel_s10,11.8600,2
2025-09-02,MA,etanol,4.9900,1
2025-09-02,MA,gasolina,11.5300,2
2025-09-02,MG,diesel_s10,162.5600,27
2025-09-02,MG,etanol,174.8900,41
2025-09-02,MG,gasolina,270.5600,44
2025-09-02,MS,diesel_s10,66.0000,11
2025-09-02,MS,etanol,63.9200,17
2025-09-02,MS,gasolina,120.8300,21
2025-09-02,MT,diesel_s10,154.6500,24
2025-09-02,MT,etanol,146.4300,35
2025-09-02,MT,gasolina,219.8000,35
2025-09-02,PA,diesel_s10,141.3100,23
2025-09-02,PA,etanol,60.8300,13
2025-09-02,PA,gasolina,187.5000,30
2025-09-02,PI,diesel_s10,77.3300,13
2025-09-02,PI,etanol,55.3500,12
2025-09-02,PI,gasolina,105.9100,18
2025-09-02,PR,diesel_s10,326.9000,54
2025-09-02,PR,etanol,330.4400,74
2025-09-02,PR,gasolina,453.2600,70
2025-09-02,RJ,diesel_s10,214.6800,34
2025-09-02,RJ,etanol,171.5200,38
2025-09-02,RJ,gasolina,270.7500,44
2025-09-02,RN,diesel_s10,30.1100,5
2025-09-02,RN,etanol,24.4800,5
2025-09-02,RN,gasolina,30.6800,5
2025-09-02,RO,diesel_s10,83.4300,13
2025-09-02,RO,etanol,63.7200,13
2025-09-02,RO,gasolina,130.8800,20
2025-09-02,RR,diesel_s10,61.6900,9
2025-09-02,RR,etanol,25.8000,5
2025-09-02,RR,gasolina,62.5500,9
2025-09-02,RS,diesel_s10,331.2200,54
2025-09-02,RS,etanol,154.7100,32
2025-09-02,RS,gasolina,486.6000,80
2025-09-02,SC,diesel_s10,142.1500,23
2025-09-02,SC,etanol,122.3000,26
2025-09-02,SC,gasolina,224.4400,35
2025-09-02,SE,diesel_s10,24.2000,4
2025-09-02,SE,etanol,44.5400,9
2025-09-02,SE,gasolina,112.9300,17
2025-09-02,SP,diesel_s10,1043.7500,169
2025-09-02,SP,etanol,1038.7500,254
2025-09-02,SP,gasolina,1599.2800,261
2025-09-03,AC,diesel_s10,8.1900,1
2025-09-03,AC,etanol,6.0800,1
2025-09-03,AC,gasolina,8.0900,1
2025-09-03,AL,diesel_s10,23.8600,4
2025-09-03,AL,etanol,53.8600,11
2025-09-03,AL,gasolina,77.9700,13
2025-09-03,BA,diesel_s10,147.4700,24
2025-09-03,BA,etanol,141.1500,31
2025-09-03,BA,gasolina,248.9800,40
2025-09-03,CE,diesel_s10,151.2300,25
2025-09-03,CE,etanol,124.3200,24
2025-09-03,CE,gasolina,191.2900,30
2025-09-03,ES,diesel_s10,113.6700,19
2025-09-03,ES,etanol,88.5400,20
2025-09-03,ES,gasolina,183.8700,30
2025-09-03,GO,diesel_s10,54.9800,9
2025-09-03,GO,etanol,45.7600,10
2025-09-03,GO,gasolina,64.2600,10
2025-09-03,MA,diesel_s10,228.9700,38
2025-09-03,MA,etanol,144.2500,29
2025-09-03,MA,gasolina,294.5800,48
2025-09-03,MG,diesel_s10,234.9400,40
2025-09-03,MG,etanol,250.5700,59
2025-09-03,MG,gasolina,370.2400,61
2025-09-03,MS,diesel_s10,24.6400,4
2025-09-03,MS,etanol,16.3100,4
2025-09-03,MS,gasolina,100.5400,16
2025-09-03,MT,diesel_s10,100.0500,16
2025-09-03,MT,etanol,97.9000,23
2025-09-03,MT,gasolina,145.0200,23
2025-09-03,PA,diesel_s10,101.9500,16
2025-09-03,PA,etanol,59.6900,12
2025-09-03,PA,gasolina,128.9900,20
2025-09-03,PB,diesel_s10,11.3600,2
2025-09-03,PB,etanol,8.9400,2
2025-09-03,PB,gasolina,11.9400,2
2025-09-03,PE,diesel_s10,127.7400,22
2025-09-03,PE,etanol,117.0100,24
2025-09-03,PE,gasolina,185.1800,29
2025-09-03,PI,diesel_s10,71.7800,12
2025-09-03,PI,etanol,69.1600,15
2025-09-03,PI,gasolina,110.5500,19
2025-09-03,PR,diesel_s10,242.0500,40
2025-09-03,PR,etanol,270.3800,63
2025-09-03,PR,gasolina,409.1400,65
2025-09-03,RJ,etanol,5.0900,1
2025-09-03,RJ,gasolina,18.7700,3
2025-09-03,RN,diesel_s10,110.6400,17
2025-09-03,RN,etanol,94.6100,18
2025-09-03,RN,gasolina,135.4000,21
2025-09-03,RO,diesel_s10,76.5400,12
2025-09-03,RO,etanol,34.6100,7
2025-09-03,RO,gasolina,101.2900,15
2025-09-03,RR,diesel_s10,34.2800,5
2025-09-03,RR,etanol,10.3000,2
2025-09-03,RR,gasolina,41.7000,6
2025-09-03,RS,diesel_s10,298.3000,49
2025-09-03,RS,etanol,121.9500,26
2025-09-03,RS,gasolina,404.8200,67
2025-09-03,SC,diesel_s10,135.0300,22
2025-09-03,SC,etanol,76.2300,16
2025-09-03,SC,gasolina,170.4400,27
2025-09-03,SP,diesel_s10,860.2800,142
2025-09-03,SP,etanol,858.7600,215
2025-09-03,SP,gasolina,1337.9000,223
2025-09-03,TO,diesel_s10,85.1600,14
2025-09-03,TO,etanol,76.4300,16
2025-09-03,TO,gasolina,115.3600,18
2025-09-04,AC,diesel_s10,60.2900,8
2025-09-04,AC,etanol,42.3400,8
2025-09-04,AC,gasolina,66.5300,9
2025-09-04,AL,diesel_s10,28.9400,5
2025-09-04,AL,etanol,34.6800,7
2025-09-04,AL,gasolina,42.1300,7
2025-09-04,BA,diesel_s10,165.7100,27
2025-09-04,BA,etanol,133.8000,29
2025-09-04,BA,gasolina,216.7500,35
2025-09-04,CE,diesel_s10,57.3500,9
2025-09-04,CE,etanol,85.4800,16
2025-09-04,CE,gasolina,95.0600,15
2025-09-04,ES,diesel_s10,24.1600,4
2025-09-04,ES,etanol,23.3500,5
2025-09-04,ES,gasolina,51.6400,8
2025-09-04,GO,diesel_s10,67.1600,11
2025-09-04,GO,etanol,68.3200,16
2025-09-04,GO,gasolina,100.3300,16
2025-09-04,MA,diesel_s10,34.4800,6
2025-09-04,MA,etanol,5.3000,1
2025-09-04,MA,gasolina,36.1600,6
2025-09-04,MG,diesel_s10,57.6000,10
2025-09-04,MG,etanol,47.8600,11
2025-09-04,MG,gasolina,71.9600,12
2025-09-04,MT,diesel_s10,5.9900,1
2025-09-04,MT,etanol,12.6200,3
2025-09-04,MT,gasolina,18.5700,3
2025-09-04,PA,diesel_s10,73.0500,12
2025-09-04,PA,etanol,9.4800,2
2025-09-04,PA,gasolina,99.5500,16
2025-09-04,PE,diesel_s10,253.8300,44
2025-09-04,PE,etanol,194.9300,40
2025-09-04,PE,gasolina,283.8300,46
2025-09-04,PI,diesel_s10,18.0800,3
2025-09-04,PI,etanol,9.6700,2
2025-09-04,PI,gasolina,23.4900,4
2025-09-04,PR,diesel_s10,212.1400,35
2025-09-04,PR,etanol,194.8800,44
2025-09-04,PR,gasolina,300.8700,47
2025-09-04,RJ,diesel_s10,77.1300,12
2025-09-04,RJ,etanol,62.0200,13
2025-09-04,RJ,gasolina,87.6400,14
2025-09-04,RN,diesel_s10,82.8400,14
2025-09-04,RN,etanol,96.0900,19
2025-09-04,RN,gasolina,115.6000,19
2025-09-04,RS,diesel_s10,132.0800,20
2025-09-04,RS,etanol,62.9200,12
2025-09-04,RS,gasolina,172.9300,26
2025-09-04,SP,diesel_s10,411.1800,68
2025-09-04,SP,etanol,426.8800,106
2025-09-04,SP,gasolina,635.8100,105
2025-09-05,AC,diesel_s10,8.1900,1
2025-09-05,AC,gasolina,8.0900,1
2025-09-05,AM,diesel_s10,58.3300,7
2025-09-05,AM,gasolina,58.0300,7
2025-09-05,BA,diesel_s10,12.0800,2
2025-09-05,BA,etanol,5.1900,1
2025-09-05,BA,gasolina,13.3000,2
2025-09-05,CE,diesel_s10,44.6200,8
2025-09-05,CE,etanol,38.8400,8
2025-09-05,CE,gasolina,49.3100,8
2025-09-05,MG,diesel_s10,43.5100,7
2025-09-05,MG,etanol,31.9800,8
2025-09-05,MG,gasolina,47.3400,8
2025-09-05,RN,etanol,4.7900,1
2025-09-05,RN,gasolina,6.0800,1
2025-09-05,RS,diesel_s10,29.1600,5
2025-09-05,RS,etanol,22.3600,5
2025-09-05,RS,gasolina,59.7800,10
2025-09-08,AL,diesel_s10,17.9700,3
2025-09-08,AL,etanol,47.8600,10
2025-09-08,AL,gasolina,66.1700,11
2025-09-08,AM,diesel_s10,110.9300,17
2025-09-08,AM,etanol,104.3600,19
2025-09-08,AM,gasolina,174.7500,25
2025-09-08,AP,diesel_s10,32.3900,5
2025-09-08,AP,etanol,21.9500,4
2025-09-08,AP,gasolina,102.7600,17
2025-09-08,BA,diesel_s10,84.3000,14
2025-09-08,BA,etanol,85.5100,18
2025-09-08,BA,gasolina,139.6400,23
2025-09-08,CE,diesel_s10,175.5800,30
2025-09-08,CE,etanol,240.5400,48
2025-09-08,CE,gasolina,284.2300,45
2025-09-08,DF,diesel_s10,77.9200,13
2025-09-08,DF,etanol,65.7900,15
2025-09-08,DF,gasolina,131.6200,22
2025-09-08,ES,diesel_s10,23.9600,4
2025-09-08,ES,etanol,31.8900,7
2025-09-08,ES,gasolina,69.6100,11
2025-09-08,GO,diesel_s10,251.4100,42
2025-09-08,GO,etanol,192.1500,48
2025-09-08,GO,gasolina,319.9200,54
2025-09-08,MA,diesel_s10,192.0300,32
2025-09-08,MA,etanol,113.0600,23
2025-09-08,MA,gasolina,216.6900,36
2025-09-08,MG,diesel_s10,213.7800,36
2025-09-08,MG,etanol,238.3100,55
2025-09-08,MG,gasolina,372.3800,61
2025-09-08,MS,diesel_s10,43.5000,7
2025-09-08,MS,etanol,30.0700,7
2025-09-08,MS,gasolina,148.2800,23
2025-09-08,MT,diesel_s10,75.7800,12
2025-09-08,MT,etanol,75.6800,18
2025-09-08,MT,gasolina,114.0500,18
2025-09-08,PA,diesel_s10,281.5100,45
2025-09-08,PA,etanol,154.8000,32
2025-09-08,PA,gasolina,453.8100,71
2025-09-08,PB,diesel_s10,22.6800,4
2025-09-08,PB,etanol,22.2100,5
2025-09-08,PB,gasolina,28.9500,5
2025-09-08,PE,diesel_s10,123.2900,21
2025-09-08,PE,etanol,175.3100,35
2025-09-08,PE,gasolina,257.2500,39
2025-09-08,PI,diesel_s10,25.3600,4
2025-09-08,PI,etanol,40.9200,9
2025-09-08,PI,gasolina,63.7600,11
2025-09-08,PR,diesel_s10,304.6600,50
2025-09-08,PR,etanol,317.3800,72
2025-09-08,PR,gasolina,447.3000,70
2025-09-08,RJ,diesel_s10,677.1600,111
2025-09-08,RJ,etanol,685.3200,153
2025-09-08,RJ,gasolina,1039.9500,173
2025-09-08,RN,diesel_s10,42.7800,7
2025-09-08,RN,etanol,45.7700,9
2025-09-08,RN,gasolina,55.5900,9
2025-09-08,RO,diesel_s10,44.6300,7
2025-09-08,RO,etanol,11.4900,2
2025-09-08,RO,gasolina,55.6200,8
2025-09-08,RR,diesel_s10,27.5300,4
2025-09-08,RR,etanol,5.1500,1
2025-09-08,RR,gasolina,34.7500,5
2025-09-08,RS,diesel_s10,155.7300,26
2025-09-08,RS,etanol,63.6000,14
2025-09-08,RS,gasolina,251.5300,42
2025-09-08,SC,diesel_s10,406.1900,66
2025-09-08,SC,etanol,343.5000,74
2025-09-08,SC,gasolina,682.7700,108
2025-09-08,SP,diesel_s10,2227.8100,363
2025-09-08,SP,etanol,2296.8500,562
2025-09-08,SP,gasolina,3400.5100,561
2025-09-08,TO,diesel_s10,31.4400,5
2025-09-08,TO,etanol,34.2900,7
2025-09-08,TO,gasolina,61.0500,9
2025-09-09,AL,diesel_s10,42.9800,7
2025-09-09,AL,etanol,54.3200,11
2025-09-09,AL,gasolina,80.4400,13
2025-09-09,AM,diesel_s10,71.5900,11
2025-09-09,AM,etanol,60.4900,11
2025-09-09,AM,gasolina,97.8600,14
2025-09-09,BA,diesel_s10,137.2100,22
2025-09-09,BA,etanol,121.3100,26
2025-09-09,BA,gasolina,154.0800,24
2025-09-09,CE,diesel_s10,181.4600,29
2025-09-09,CE,etanol,151.0300,29
2025-09-09,CE,gasolina,215.8700,34
2025-09-09,DF,diesel_s10,30.5900,5
2025-09-09,DF,etanol,27.8800,6
2025-09-09,DF,gasolina,167.5200,28
2025-09-09,ES,diesel_s10,132.6200,22
2025-09-09,ES,etanol,131.7500,30
2025-09-09,ES,gasolina,214.3100,36
2025-09-09,GO,diesel_s10,170.3000,28
2025-09-09,GO,etanol,183.2200,43
2025-09-09,GO,gasolina,284.3900,46
2025-09-09,MA,diesel_s10,120.9000,21
2025-09-09,MA,etanol,85.5300,18
2025-09-09,MA,gasolina,137.3100,24
2025-09-09,MG,diesel_s10,220.7800,37
2025-09-09,MG,etanol,270.7800,62
2025-09-09,MG,gasolina,409.5600,66
2025-09-09,MS,diesel_s10,72.4000,12
2025-09-09,MS,etanol,64.6600,17
2025-09-09,MS,gasolina,115.3100,20
2025-09-09,MT,diesel_s10,107.0900,17
2025-09-09,MT,etanol,101.5800,24
2025-09-09,MT,gasolina,151.2000,24
2025-09-09,PA,diesel_s10,111.9500,18
2025-09-09,PA,etanol,64.8500,14
2025-09-09,PA,gasolina,144.5100,23
2025-09-09,PB,diesel_s10,58.7600,10
2025-09-09,PB,etanol,48.8900,11
2025-09-09,PB,gasolina,63.6700,11
2025-09-09,PE,diesel_s10,108.3400,19
2025-09-09,PE,etanol,133.1200,27
2025-09-09,PE,gasolina,182.5500,28
2025-09-09,PI,diesel_s10,18.0400,3
2025-09-09,PI,etanol,14.0700,3
2025-09-09,PI,gasolina,23.3500,4
2025-09-09,PR,diesel_s10,226.0500,37
2025-09-09,PR,etanol,236.4500,52
2025-09-09,PR,gasolina,353.6700,54
2025-09-09,RJ,diesel_s10,298.2200,49
2025-09-09,RJ,etanol,288.1200,63
2025-09-09,RJ,gasolina,402.9900,66
2025-09-09,RO,diesel_s10,102.0600,16
2025-09-09,RO,etanol,62.0300,12
2025-09-09,RO,gasolina,137.1700,20
2025-09-09,RR,diesel_s10,54.8300,8
2025-09-09,RR,etanol,25.8000,5
2025-09-09,RR,gasolina,55.6000,8
2025-09-09,RS,diesel_s10,358.6200,58
2025-09-09,RS,etanol,144.6700,30
2025-09-09,RS,gasolina,439.4700,72
2025-09-09,SC,diesel_s10,61.6900,10
2025-09-09,SC,etanol,43.9200,9
2025-09-09,SC,gasolina,112.8100,18
2025-09-09,SE,diesel_s10,24.3200,4
2025-09-09,SE,etanol,49.5300,10
2025-09-09,SE,gasolina,112.9300,17
2025-09-09,SP,diesel_s10,879.4000,142
2025-09-09,SP,etanol,866.8600,210
2025-09-09,SP,gasolina,1327.7500,215
2025-09-10,AL,diesel_s10,46.3100,8
2025-09-10,AL,etanol,67.9700,14
2025-09-10,AL,gasolina,99.6000,17
2025-09-10,BA,diesel_s10,159.8700,25
2025-09-10,BA,etanol,166.2800,35
2025-09-10,BA,gasolina,271.0000,43
2025-09-10,CE,diesel_s10,56.0400,9
2025-09-10,CE,etanol,72.1000,14
2025-09-10,CE,gasolina,100.0500,16
2025-09-10,ES,diesel_s10,54.4000,9
2025-09-10,ES,etanol,49.1700,11
2025-09-10,ES,gasolina,89.9100,15
2025-09-10,GO,diesel_s10,18.3400,3
2025-09-10,GO,etanol,37.7100,9
2025-09-10,GO,gasolina,54.9500,9
2025-09-10,MA,diesel_s10,62.2000,10
2025-09-10,MA,etanol,42.2900,8
2025-09-10,MA,gasolina,66.0900,10
2025-09-10,MG,diesel_s10,241.1000,40
2025-09-10,MG,etanol,229.6400,54
2025-09-10,MG,gasolina,334.5800,55
2025-09-10,MS,diesel_s10,6.1900,1
2025-09-10,MS,etanol,3.8900,1
2025-09-10,MS,gasolina,5.7900,1
2025-09-10,MT,diesel_s10,51.0700,8
2025-09-10,MT,etanol,72.7100,17
2025-09-10,MT,gasolina,113.8600,18
2025-09-10,PA,diesel_s10,72.9600,12
2025-09-10,PA,gasolina,93.7500,15
2025-09-10,PB,diesel_s10,93.1600,16
2025-09-10,PB,etanol,77.1800,17
2025-09-10,PB,gasolina,149.7700,25
2025-09-10,PE,diesel_s10,193.8100,34
2025-09-10,PE,etanol,175.4400,37
2025-09-10,PE,gasolina,275.2300,45
2025-09-10,PI,diesel_s10,77.8000,13
2025-09-10,PI,etanol,72.0500,16
2025-09-10,PI,gasolina,134.4000,23
2025-09-10,PR,diesel_s10,288.6700,48
2025-09-10,PR,etanol,300.6200,70
2025-09-10,PR,gasolina,463.5100,74
2025-09-10,RJ,diesel_s10,102.3300,17
2025-09-10,RJ,etanol,123.7700,28
2025-09-10,RJ,gasolina,186.1700,31
2025-09-10,RN,diesel_s10,75.6700,12
2025-09-10,RN,etanol,66.6900,13
2025-09-10,RN,gasolina,87.7800,14
2025-09-10,RO,diesel_s10,77.1400,12
2025-09-10,RO,etanol,38.1800,7
2025-09-10,RO,gasolina,104.5000,15
2025-09-10,RR,diesel_s10,20.5600,3
2025-09-10,RR,etanol,5.1500,1
2025-09-10,RR,gasolina,20.8500,3
2025-09-10,RS,diesel_s10,573.2900,93
2025-09-10,RS,etanol,293.1900,61
2025-09-10,RS,gasolina,804.8400,132
2025-09-10,SC,diesel_s10,98.5800,16
2025-09-10,SC,etanol,79.4800,17
2025-09-10,SC,gasolina,146.4900,23
2025-09-10,SP,diesel_s10,674.6100,110
2025-09-10,SP,etanol,710.3600,175
2025-09-10,SP,gasolina,1090.9900,181
2025-09-10,TO,diesel_s10,28.5900,5
2025-09-10,TO,etanol,18.4000,4
2025-09-10,TO,gasolina,31.6700,5
2025-09-11,AC,diesel_s10,93.6200,12
2025-09-11,AC,etanol,60.3200,11
2025-09-11,AC,gasolina,115.4500,15
2025-09-11,AM,diesel_s10,33.4900,5
2025-09-11,AM,etanol,26.9600,5
2025-09-11,AM,gasolina,41.7000,6
2025-09-11,BA,diesel_s10,146.5300,25
2025-09-11,BA,etanol,122.8200,28
2025-09-11,BA,gasolina,196.0600,33
2025-09-11,CE,diesel_s10,80.1900,14
2025-09-11,CE,etanol,79.5200,16
2025-09-11,CE,gasolina,99.6300,16
2025-09-11,ES,diesel_s10,67.3900,11
2025-09-11,ES,etanol,41.6500,9
2025-09-11,ES,gasolina,103.2700,16
2025-09-11,GO,diesel_s10,54.8100,9
2025-09-11,GO,etanol,47.5700,11
2025-09-11,GO,gasolina,69.0300,11
2025-09-11,MA,diesel_s10,11.4300,2
2025-09-11,MA,etanol,5.1500,1
2025-09-11,MA,gasolina,11.8300,2
2025-09-11,MG,diesel_s10,166.6000,28
2025-09-11,MG,etanol,177.6500,42
2025-09-11,MG,gasolina,247.8600,41
2025-09-11,MT,diesel_s10,57.5800,9
2025-09-11,MT,etanol,46.3100,11
2025-09-11,MT,gasolina,68.0300,11
2025-09-11,PA,diesel_s10,50.8500,8
2025-09-11,PA,etanol,10.4000,2
2025-09-11,PA,gasolina,51.7100,8
2025-09-11,PB,diesel_s10,62.8500,11
2025-09-11,PB,etanol,64.5700,14
2025-09-11,PB,gasolina,90.7500,15
2025-09-11,PE,diesel_s10,85.5000,15
2025-09-11,PE,etanol,65.6100,13
2025-09-11,PE,gasolina,100.9800,16
2025-09-11,PI,diesel_s10,17.5200,3
2025-09-11,PI,etanol,9.4600,2
2025-09-11,PI,gasolina,17.3700,3
2025-09-11,PR,diesel_s10,219.2000,36
2025-09-11,PR,etanol,174.2000,41
2025-09-11,PR,gasolina,262.3700,42
2025-09-11,RJ,diesel_s10,87.9000,14
2025-09-11,RJ,etanol,58.7700,13
2025-09-11,RJ,gasolina,104.9100,17
2025-09-11,RN,diesel_s10,122.0500,20
2025-09-11,RN,etanol,134.4600,27
2025-09-11,RN,gasolina,170.8800,28
2025-09-11,RS,diesel_s10,215.6100,34
2025-09-11,RS,etanol,111.8000,22
2025-09-11,RS,gasolina,276.0600,43
2025-09-11,SC,diesel_s10,18.7400,3
2025-09-11,SC,etanol,9.3800,2
2025-09-11,SC,gasolina,26.3000,4
2025-09-11,SP,diesel_s10,558.7000,92
2025-09-11,SP,etanol,546.5300,135
2025-09-11,SP,gasolina,824.3000,138
2025-09-11,TO,diesel_s10,5.7500,1
2025-09-11,TO,gasolina,6.4000,1
2025-09-12,AM,diesel_s10,58.2300,7
2025-09-12,AM,gasolina,66.3200,8
2025-09-12,BA,diesel_s10,22.9100,4
2025-09-12,BA,etanol,28.0700,6
2025-09-12,BA,gasolina,37.2900,6
2025-09-12,CE,diesel_s10,13.3300,2
2025-09-12,CE,etanol,16.7700,3
2025-09-12,CE,gasolina,20.2100,3
2025-09-12,ES,diesel_s10,6.1500,1
2025-09-12,ES,etanol,4.7900,1
2025-09-12,ES,gasolina,12.8800,2
2025-09-12,MG,diesel_s10,69.2200,12
2025-09-12,MG,etanol,59.9500,14
2025-09-12,MG,gasolina,89.7900,15
2025-09-12,PR,diesel_s10,58.4600,10
2025-09-12,PR,etanol,72.1200,16
2025-09-12,PR,gasolina,109.1200,17
2025-09-12,RN,diesel_s10,6.9900,1
2025-09-12,RN,etanol,5.5900,1
2025-09-12,RN,gasolina,6.7900,1
2025-09-12,RS,diesel_s10,6.0900,1
2025-09-12,RS,gasolina,6.2900,1
2025-09-12,SC,diesel_s10,43.5700,7
2025-09-12,SC,etanol,4.6900,1
2025-09-12,SC,gasolina,44.6100,7
2025-09-12,SP,diesel_s10,17.4200,3
2025-09-12,SP,etanol,33.2600,8
2025-09-12,SP,gasolina,48.2000,8
2025-09-12,TO,diesel_s10,78.0900,13
2025-09-12,TO,etanol,71.3200,15
2025-09-12,TO,gasolina,115.6000,18
2025-09-15,AL,diesel_s10,45.6200,8
2025-09-15,AL,etanol,74.0200,16
2025-09-15,AL,gasolina,108.2200,19
2025-09-15,AM,diesel_s10,117.4200,18
2025-09-15,AM,etanol,115.8400,21
2025-09-15,AM,gasolina,181.7400,26
2025-09-15,AP,diesel_s10,26.0200,4
2025-09-15,AP,etanol,21.9500,4
2025-09-15,AP,gasolina,102.8200,17
2025-09-15,BA,diesel_s10,51.8200,8
2025-09-15,BA,etanol,62.5000,13
2025-09-15,BA,gasolina,89.1800,14
2025-09-15,CE,diesel_s10,302.0800,51
2025-09-15,CE,etanol,311.2000,62
2025-09-15,CE,gasolina,441.4200,70
2025-09-15,DF,diesel_s10,84.0600,14
2025-09-15,DF,etanol,74.3200,16
2025-09-15,DF,gasolina,181.0200,28
2025-09-15,ES,diesel_s10,54.1900,9
2025-09-15,ES,etanol,44.8000,10
2025-09-15,ES,gasolina,83.8200,14
2025-09-15,GO,diesel_s10,259.4600,43
2025-09-15,GO,etanol,249.0000,56
2025-09-15,GO,gasolina,384.2800,61
2025-09-15,MA,diesel_s10,257.5500,43
2025-09-15,MA,etanol,154.6000,31
2025-09-15,MA,gasolina,301.5300,50
2025-09-15,MG,diesel_s10,352.1500,59
2025-09-15,MG,etanol,374.6400,85
2025-09-15,MG,gasolina,556.9900,90
2025-09-15,MS,diesel_s10,49.8900,8
2025-09-15,MS,etanol,36.9100,9
2025-09-15,MS,gasolina,171.3600,27
2025-09-15,MT,diesel_s10,31.2900,5
2025-09-15,MT,etanol,51.6600,12
2025-09-15,MT,gasolina,69.4500,11
2025-09-15,PA,diesel_s10,343.1000,55
2025-09-15,PA,etanol,169.4400,35
2025-09-15,PA,gasolina,510.5600,80
2025-09-15,PB,diesel_s10,137.1300,24
2025-09-15,PB,etanol,153.6800,34
2025-09-15,PB,gasolina,226.5200,38
2025-09-15,PE,diesel_s10,90.3200,16
2025-09-15,PE,etanol,142.4900,29
2025-09-15,PE,gasolina,208.5700,32
2025-09-15,PI,diesel_s10,31.2100,5
2025-09-15,PI,etanol,49.0000,11
2025-09-15,PI,gasolina,69.3100,12
2025-09-15,PR,diesel_s10,249.1100,41
2025-09-15,PR,etanol,292.5400,65
2025-09-15,PR,gasolina,414.1000,64
2025-09-15,RJ,diesel_s10,851.3300,140
2025-09-15,RJ,etanol,890.5900,197
2025-09-15,RJ,gasolina,1370.3200,227
2025-09-15,RN,diesel_s10,36.9800,6
2025-09-15,RN,etanol,35.0900,7
2025-09-15,RN,gasolina,41.9300,7
2025-09-15,RO,diesel_s10,44.6300,7
2025-09-15,RO,etanol,11.4900,2
2025-09-15,RO,gasolina,55.6200,8
2025-09-15,RR,diesel_s10,20.5500,3
2025-09-15,RR,gasolina,20.8500,3
2025-09-15,RS,diesel_s10,148.0900,25
2025-09-15,RS,etanol,79.2800,17
2025-09-15,RS,gasolina,216.0200,36
2025-09-15,SC,diesel_s10,406.0600,66
2025-09-15,SC,etanol,339.4700,73
2025-09-15,SC,gasolina,654.7100,104
2025-09-15,SP,diesel_s10,2355.8800,382
2025-09-15,SP,etanol,2478.6300,602
2025-09-15,SP,gasolina,3688.2100,607
2025-09-15,TO,diesel_s10,67.8400,11
2025-09-15,TO,etanol,73.0100,15
2025-09-15,TO,gasolina,114.0000,17
2025-09-16,AC,diesel_s10,15.2400,2
2025-09-16,AC,etanol,10.7400,2
2025-09-16,AC,gasolina,14.8900,2
2025-09-16,AM,diesel_s10,71.5900,11
2025-09-16,AM,etanol,60.4900,11
2025-09-16,AM,gasolina,90.8700,13
2025-09-16,BA,diesel_s10,267.5200,43
2025-09-16,BA,etanol,241.2200,52
2025-09-16,BA,gasolina,377.3500,61
2025-09-16,CE,diesel_s10,6.4000,1
2025-09-16,CE,etanol,35.8900,7
2025-09-16,CE,gasolina,47.6500,8
2025-09-16,DF,diesel_s10,30.5900,5
2025-09-16,DF,etanol,23.3300,5
2025-09-16,DF,gasolina,136.1000,21
2025-09-16,ES,diesel_s10,126.6500,21
2025-09-16,ES,etanol,152.0500,34
2025-09-16,ES,gasolina,240.0300,40
2025-09-16,GO,diesel_s10,42.7100,7
2025-09-16,GO,etanol,53.0800,12
2025-09-16,GO,gasolina,76.2800,12
2025-09-16,MA,diesel_s10,17.2700,3
2025-09-16,MA,etanol,13.8700,3
2025-09-16,MA,gasolina,22.3400,4
2025-09-16,MG,diesel_s10,252.7800,42
2025-09-16,MG,etanol,300.9700,70
2025-09-16,MG,gasolina,470.8100,77
2025-09-16,MS,diesel_s10,47.7800,8
2025-09-16,MS,etanol,45.7000,12
2025-09-16,MS,gasolina,86.5400,15
2025-09-16,MT,diesel_s10,95.7600,15
2025-09-16,MT,etanol,102.8300,24
2025-09-16,MT,gasolina,158.8200,25
2025-09-16,PA,diesel_s10,88.4700,14
2025-09-16,PA,etanol,55.1500,12
2025-09-16,PA,gasolina,120.7700,19
2025-09-16,PB,diesel_s10,69.8300,12
2025-09-16,PB,etanol,50.3500,11
2025-09-16,PB,gasolina,88.4600,15
2025-09-16,PE,diesel_s10,17.0200,3
2025-09-16,PE,etanol,29.3700,6
2025-09-16,PE,gasolina,39.1100,6
2025-09-16,PI,diesel_s10,47.7700,8
2025-09-16,PI,etanol,28.1400,6
2025-09-16,PI,gasolina,65.0600,11
2025-09-16,PR,diesel_s10,306.3200,50
2025-09-16,PR,etanol,302.4000,69
2025-09-16,PR,gasolina,434.2700,68
2025-09-16,RJ,diesel_s10,158.8300,25
2025-09-16,RJ,etanol,143.5100,31
2025-09-16,RJ,gasolina,213.8900,34
2025-09-16,RN,diesel_s10,67.0000,11
2025-09-16,RN,etanol,65.9600,13
2025-09-16,RN,gasolina,79.7600,13
2025-09-16,RO,diesel_s10,102.5600,16
2025-09-16,RO,etanol,63.2500,12
2025-09-16,RO,gasolina,151.4600,22
2025-09-16,RR,diesel_s10,13.7300,2
2025-09-16,RR,etanol,10.3000,2
2025-09-16,RR,gasolina,20.8500,3
2025-09-16,RS,diesel_s10,645.2000,104
2025-09-16,RS,etanol,232.8900,48
2025-09-16,RS,gasolina,808.6100,131
2025-09-16,SC,diesel_s10,141.2300,23
2025-09-16,SC,etanol,86.1000,18
2025-09-16,SC,gasolina,187.0300,30
2025-09-16,SE,etanol,14.8400,3
2025-09-16,SE,gasolina,39.9100,6
2025-09-16,SP,diesel_s10,1131.5500,185
2025-09-16,SP,etanol,1177.5900,286
2025-09-16,SP,gasolina,1768.0200,291
2025-09-16,TO,diesel_s10,79.1000,13
2025-09-16,TO,etanol,66.3400,14
2025-09-16,TO,gasolina,109.5600,17
2025-09-17,AL,diesel_s10,40.8200,7
2025-09-17,AL,etanol,54.3300,11
2025-09-17,AL,gasolina,72.1600,12
2025-09-17,BA,diesel_s10,24.4100,4
2025-09-17,BA,etanol,22.6100,5
2025-09-17,BA,gasolina,36.7400,6
2025-09-17,CE,diesel_s10,87.2600,14
2025-09-17,CE,etanol,63.6700,12
2025-09-17,CE,gasolina,97.8400,15
2025-09-17,ES,diesel_s10,6.1500,1
2025-09-17,ES,gasolina,6.4400,1
2025-09-17,GO,diesel_s10,99.2600,16
2025-09-17,GO,etanol,88.0400,19
2025-09-17,GO,gasolina,141.1200,22
2025-09-17,MA,diesel_s10,117.6300,20
2025-09-17,MA,etanol,68.7400,14
2025-09-17,MA,gasolina,127.0200,21
2025-09-17,MG,diesel_s10,165.3300,28
2025-09-17,MG,etanol,196.7200,45
2025-09-17,MG,gasolina,271.3100,44
2025-09-17,MS,diesel_s10,6.1900,1
2025-09-17,MS,etanol,7.5800,2
2025-09-17,MS,gasolina,11.4800,2
2025-09-17,MT,diesel_s10,88.6200,14
2025-09-17,MT,etanol,99.6300,23
2025-09-17,MT,gasolina,151.4500,24
2025-09-17,PA,diesel_s10,18.4600,3
2025-09-17,PA,gasolina,31.9800,5
2025-09-17,PB,diesel_s10,16.9300,3
2025-09-17,PB,etanol,17.8300,4
2025-09-17,PB,gasolina,23.8500,4
2025-09-17,PE,diesel_s10,215.0700,38
2025-09-17,PE,etanol,173.8500,37
2025-09-17,PE,gasolina,252.2600,42
2025-09-17,PI,diesel_s10,42.1200,7
2025-09-17,PI,etanol,52.9900,12
2025-09-17,PI,gasolina,80.8000,14
2025-09-17,PR,diesel_s10,181.4900,30
2025-09-17,PR,etanol,191.7500,45
2025-09-17,PR,gasolina,280.9800,45
2025-09-17,RJ,diesel_s10,5.8900,1
2025-09-17,RJ,etanol,8.4800,2
2025-09-17,RJ,gasolina,12.1800,2
2025-09-17,RN,diesel_s10,51.1200,8
2025-09-17,RN,etanol,42.6200,8
2025-09-17,RN,gasolina,51.2200,8
2025-09-17,RO,diesel_s10,64.4600,10
2025-09-17,RO,etanol,32.9000,6
2025-09-17,RO,gasolina,90.9500,13
2025-09-17,RR,diesel_s10,13.7100,2
2025-09-17,RR,etanol,10.3000,2
2025-09-17,RR,gasolina,13.9000,2
2025-09-17,RS,diesel_s10,418.8300,68
2025-09-17,RS,etanol,264.9500,55
2025-09-17,RS,gasolina,639.3300,105
2025-09-17,SC,diesel_s10,36.8600,6
2025-09-17,SC,etanol,32.9400,7
2025-09-17,SC,gasolina,71.5800,11
2025-09-17,SE,diesel_s10,18.3300,3
2025-09-17,SE,etanol,34.6900,7
2025-09-17,SE,gasolina,73.0900,11
2025-09-17,SP,diesel_s10,487.3300,81
2025-09-17,SP,etanol,493.1800,121
2025-09-17,SP,gasolina,762.0200,127
2025-09-17,TO,diesel_s10,57.8500,10
2025-09-17,TO,etanol,28.3300,6
2025-09-17,TO,gasolina,63.9400,10
2025-09-18,AC,diesel_s10,70.1500,9
2025-09-18,AC,etanol,43.4900,8
2025-09-18,AC,gasolina,92.4100,12
2025-09-18,AL,diesel_s10,36.9900,6
2025-09-18,AL,etanol,40.1200,8
2025-09-18,AL,gasolina,62.7500,10
2025-09-18,AM,diesel_s10,91.8200,12
2025-09-18,AM,etanol,26.9600,5
2025-09-18,AM,gasolina,108.0200,14
2025-09-18,BA,diesel_s10,214.3300,36
2025-09-18,BA,etanol,176.4000,37
2025-09-18,BA,gasolina,266.9500,42
2025-09-18,CE,diesel_s10,118.9700,20
2025-09-18,CE,etanol,107.3600,21
2025-09-18,CE,gasolina,132.6700,21
2025-09-18,ES,diesel_s10,48.3200,8
2025-09-18,ES,etanol,32.5700,7
2025-09-18,ES,gasolina,103.8700,16
2025-09-18,GO,diesel_s10,71.7300,12
2025-09-18,GO,etanol,75.8400,18
2025-09-18,GO,gasolina,98.8200,16
2025-09-18,MA,diesel_s10,17.1800,3
2025-09-18,MA,etanol,4.5200,1
2025-09-18,MA,gasolina,16.9300,3
2025-09-18,MG,diesel_s10,203.2500,34
2025-09-18,MG,etanol,231.5500,55
2025-09-18,MG,gasolina,329.9000,55
2025-09-18,MT,diesel_s10,51.1000,8
2025-09-18,MT,etanol,46.1600,11
2025-09-18,MT,gasolina,67.8600,11
2025-09-18,PA,diesel_s10,38.1800,6
2025-09-18,PA,etanol,10.4000,2
2025-09-18,PA,gasolina,38.8600,6
2025-09-18,PE,diesel_s10,190.3000,33
2025-09-18,PE,etanol,158.0800,32
2025-09-18,PE,gasolina,245.0800,38
2025-09-18,PI,diesel_s10,17.5700,3
2025-09-18,PI,etanol,13.8500,3
2025-09-18,PI,gasolina,17.3700,3
2025-09-18,PR,diesel_s10,338.6100,56
2025-09-18,PR,etanol,307.0400,69
2025-09-18,PR,gasolina,432.0400,67
2025-09-18,RJ,diesel_s10,133.7600,22
2025-09-18,RJ,etanol,114.0300,26
2025-09-18,RJ,gasolina,171.6000,29
2025-09-18,RN,diesel_s10,111.6700,18
2025-09-18,RN,etanol,92.0500,18
2025-09-18,RN,gasolina,136.4000,22
2025-09-18,RR,diesel_s10,54.9300,8
2025-09-18,RR,etanol,20.6500,4
2025-09-18,RR,gasolina,55.6000,8
2025-09-18,RS,diesel_s10,113.9300,18
2025-09-18,RS,etanol,39.5700,8
2025-09-18,RS,gasolina,165.1200,26
2025-09-18,SC,diesel_s10,30.2900,5
2025-09-18,SC,etanol,28.5100,6
2025-09-18,SC,gasolina,58.3400,9
2025-09-18,SP,diesel_s10,296.1000,49
2025-09-18,SP,etanol,359.6800,89
2025-09-18,SP,gasolina,527.7400,88
2025-09-18,TO,diesel_s10,17.6700,3
2025-09-18,TO,etanol,14.5800,3
2025-09-18,TO,gasolina,26.5000,4
2025-09-19,BA,diesel_s10,17.1200,3
2025-09-19,BA,etanol,18.5400,4
2025-09-19,BA,gasolina,24.5700,4
2025-09-19,MA,diesel_s10,11.6000,2
2025-09-19,MA,etanol,4.5400,1
2025-09-19,MA,gasolina,11.2900,2
2025-09-19,MG,diesel_s10,58.4700,10
2025-09-19,MG,etanol,49.8200,11
2025-09-19,MG,gasolina,73.9800,12
2025-09-19,PI,diesel_s10,5.9500,1
2025-09-19,PI,etanol,4.4000,1
2025-09-19,PI,gasolina,5.8500,1
2025-09-19,PR,diesel_s10,95.2400,16
2025-09-19,PR,etanol,101.3400,23
2025-09-19,PR,gasolina,159.3600,25
2025-09-19,RJ,diesel_s10,6.1400,1
2025-09-19,RJ,gasolina,6.4900,1
2025-09-19,SC,diesel_s10,43.5300,7
2025-09-19,SC,etanol,19.0700,4
2025-09-19,SC,gasolina,44.6000,7
2025-09-22,AL,diesel_s10,11.6800,2
2025-09-22,AL,etanol,32.1000,7
2025-09-22,AL,gasolina,45.0700,8
2025-09-22,AM,diesel_s10,110.9300,17
2025-09-22,AM,etanol,109.8500,20
2025-09-22,AM,gasolina,174.7500,25
2025-09-22,AP,diesel_s10,26.0200,4
2025-09-22,AP,etanol,21.9500,4
2025-09-22,AP,gasolina,102.3400,17
2025-09-22,BA,diesel_s10,242.5300,39
2025-09-22,BA,etanol,261.5200,53
2025-09-22,BA,gasolina,413.1400,65
2025-09-22,CE,diesel_s10,209.9800,35
2025-09-22,CE,etanol,232.6200,46
2025-09-22,CE,gasolina,321.2500,51
2025-09-22,DF,diesel_s10,72.0000,12
2025-09-22,DF,etanol,69.1100,15
2025-09-22,DF,gasolina,148.4900,23
2025-09-22,ES,diesel_s10,157.0300,26
2025-09-22,ES,etanol,154.7900,34
2025-09-22,ES,gasolina,302.7000,49
2025-09-22,GO,diesel_s10,251.6400,42
2025-09-22,GO,etanol,242.7300,53
2025-09-22,GO,gasolina,357.5100,56
2025-09-22,MA,diesel_s10,156.7000,26
2025-09-22,MA,etanol,113.6800,23
2025-09-22,MA,gasolina,187.6300,31
2025-09-22,MG,diesel_s10,191.0400,32
2025-09-22,MG,etanol,186.7500,43
2025-09-22,MG,gasolina,273.7000,45
2025-09-22,MS,diesel_s10,54.9400,9
2025-09-22,MS,etanol,48.9700,12
2025-09-22,MS,gasolina,176.8100,28
2025-09-22,MT,diesel_s10,19.0300,3
2025-09-22,MT,etanol,39.4300,9
2025-09-22,MT,gasolina,57.4300,9
2025-09-22,PA,diesel_s10,129.5900,21
2025-09-22,PA,etanol,76.2800,16
2025-09-22,PA,gasolina,220.4200,35
2025-09-22,PB,diesel_s10,97.7700,17
2025-09-22,PB,etanol,118.0700,26
2025-09-22,PB,gasolina,180.1500,30
2025-09-22,PE,diesel_s10,156.9000,28
2025-09-22,PE,etanol,206.1800,44
2025-09-22,PE,gasolina,283.4000,47
2025-09-22,PI,diesel_s10,25.4000,4
2025-09-22,PI,etanol,48.8500,11
2025-09-22,PI,gasolina,63.6200,11
2025-09-22,PR,diesel_s10,120.0300,20
2025-09-22,PR,etanol,99.6800,23
2025-09-22,PR,gasolina,145.9200,23
2025-09-22,RJ,diesel_s10,760.4200,125
2025-09-22,RJ,etanol,831.2800,183
2025-09-22,RJ,gasolina,1271.6600,210
2025-09-22,RN,diesel_s10,44.1200,7
2025-09-22,RN,etanol,44.6100,8
2025-09-22,RN,gasolina,52.4100,8
2025-09-22,RO,diesel_s10,50.8500,8
2025-09-22,RO,etanol,11.4900,2
2025-09-22,RO,gasolina,55.6200,8
2025-09-22,RR,diesel_s10,34.3800,5
2025-09-22,RR,etanol,5.1500,1
2025-09-22,RR,gasolina,41.7000,6
2025-09-22,RS,diesel_s10,132.7700,21
2025-09-22,RS,etanol,40.8600,8
2025-09-22,RS,gasolina,131.4600,21
2025-09-22,SC,diesel_s10,266.9800,43
2025-09-22,SC,etanol,193.4400,41
2025-09-22,SC,gasolina,386.0100,62
2025-09-22,SE,diesel_s10,24.3200,4
2025-09-22,SE,etanol,49.5300,10
2025-09-22,SE,gasolina,113.0000,17
2025-09-22,SP,diesel_s10,1130.4500,182
2025-09-22,SP,etanol,1263.2800,303
2025-09-22,SP,gasolina,1868.3600,306
2025-09-22,TO,diesel_s10,79.6400,13
2025-09-22,TO,etanol,77.2900,16
2025-09-22,TO,gasolina,129.5100,20
2025-09-23,AL,diesel_s10,12.5800,2
2025-09-23,AL,etanol,10.0800,2
2025-09-23,AL,gasolina,12.5800,2
2025-09-23,AM,diesel_s10,71.5900,11
2025-09-23,AM,etanol,55.0000,10
2025-09-23,AM,gasolina,97.8600,14
2025-09-23,BA,diesel_s10,116.9700,19
2025-09-23,BA,etanol,120.9100,26
2025-09-23,BA,gasolina,170.4500,27
2025-09-23,CE,diesel_s10,55.5300,9
2025-09-23,CE,etanol,61.5600,12
2025-09-23,CE,gasolina,100.6700,16
2025-09-23,DF,diesel_s10,30.8100,5
2025-09-23,DF,etanol,13.9500,3
2025-09-23,DF,gasolina,142.3700,22
2025-09-23,ES,diesel_s10,36.2400,6
2025-09-23,ES,etanol,52.4200,12
2025-09-23,ES,gasolina,86.5100,14
2025-09-23,GO,diesel_s10,90.5900,15
2025-09-23,GO,etanol,106.6800,24
2025-09-23,GO,gasolina,158.0200,25
2025-09-23,MA,diesel_s10,233.7900,40
2025-09-23,MA,etanol,128.7200,27
2025-09-23,MA,gasolina,253.9700,43
2025-09-23,MG,diesel_s10,225.1700,38
2025-09-23,MG,etanol,255.8300,60
2025-09-23,MG,gasolina,395.8000,66
2025-09-23,MS,diesel_s10,54.9500,9
2025-09-23,MS,etanol,38.8000,10
2025-09-23,MS,gasolina,87.2100,15
2025-09-23,MT,diesel_s10,108.0300,17
2025-09-23,MT,etanol,107.0000,25
2025-09-23,MT,gasolina,164.7700,26
2025-09-23,PA,diesel_s10,182.4000,29
2025-09-23,PA,etanol,75.0400,16
2025-09-23,PA,gasolina,239.6700,38
2025-09-23,PB,diesel_s10,29.8500,5
2025-09-23,PB,etanol,9.8800,2
2025-09-23,PB,gasolina,48.0200,8
2025-09-23,PE,diesel_s10,45.4500,8
2025-09-23,PE,etanol,41.1300,9
2025-09-23,PE,gasolina,64.8800,11
2025-09-23,PI,diesel_s10,36.2200,6
2025-09-23,PI,etanol,18.5500,4
2025-09-23,PI,gasolina,53.5900,9
2025-09-23,PR,diesel_s10,347.3100,57
2025-09-23,PR,etanol,351.6600,80
2025-09-23,PR,gasolina,496.8600,78
2025-09-23,RJ,diesel_s10,197.5800,32
2025-09-23,RJ,etanol,159.8600,36
2025-09-23,RJ,gasolina,223.1400,37
2025-09-23,RN,diesel_s10,42.2600,7
2025-09-23,RN,etanol,44.9900,9
2025-09-23,RN,gasolina,54.9000,9
2025-09-23,RO,diesel_s10,120.7700,19
2025-09-23,RO,etanol,79.3400,15
2025-09-23,RO,gasolina,171.3700,25
2025-09-23,RR,diesel_s10,13.7000,2
2025-09-23,RR,etanol,5.1500,1
2025-09-23,RR,gasolina,13.9000,2
2025-09-23,RS,diesel_s10,455.6900,73
2025-09-23,RS,etanol,174.6000,36
2025-09-23,RS,gasolina,626.4600,102
2025-09-23,SC,diesel_s10,146.2100,24
2025-09-23,SC,etanol,112.0400,24
2025-09-23,SC,gasolina,286.7400,45
2025-09-23,SP,diesel_s10,1279.6500,210
2025-09-23,SP,etanol,1353.3700,334
2025-09-23,SP,gasolina,2046.4000,342
2025-09-24,AC,diesel_s10,7.3900,1
2025-09-24,AC,etanol,10.6300,2
2025-09-24,AC,gasolina,22.3200,3
2025-09-24,AL,diesel_s10,53.1500,9
2025-09-24,AL,etanol,87.4900,18
2025-09-24,AL,gasolina,144.4900,24
2025-09-24,BA,diesel_s10,99.0900,16
2025-09-24,BA,etanol,87.1900,19
2025-09-24,BA,gasolina,132.8700,21
2025-09-24,CE,diesel_s10,146.2600,24
2025-09-24,CE,etanol,154.7400,30
2025-09-24,CE,gasolina,204.8600,32
2025-09-24,DF,diesel_s10,5.9700,1
2025-09-24,DF,etanol,9.3400,2
2025-09-24,DF,gasolina,32.4000,5
2025-09-24,ES,diesel_s10,11.7400,2
2025-09-24,ES,etanol,13.1800,3
2025-09-24,ES,gasolina,25.1200,4
2025-09-24,GO,diesel_s10,93.3800,15
2025-09-24,GO,etanol,101.8200,22
2025-09-24,GO,gasolina,154.1100,24
2025-09-24,MA,diesel_s10,24.6400,4
2025-09-24,MA,etanol,21.5100,4
2025-09-24,MA,gasolina,26.6000,4
2025-09-24,MG,diesel_s10,183.5700,31
2025-09-24,MG,etanol,191.0700,45
2025-09-24,MG,gasolina,267.0500,44
2025-09-24,MS,diesel_s10,6.1900,1
2025-09-24,MS,etanol,3.8900,1
2025-09-24,MS,gasolina,5.7900,1
2025-09-24,MT,diesel_s10,99.7700,16
2025-09-24,MT,etanol,90.6100,21
2025-09-24,MT,gasolina,132.5400,21
2025-09-24,PA,diesel_s10,54.3600,9
2025-09-24,PA,etanol,14.6400,3
2025-09-24,PA,gasolina,73.9800,12
2025-09-24,PB,diesel_s10,16.9300,3
2025-09-24,PB,etanol,17.8600,4
2025-09-24,PB,gasolina,23.8800,4
2025-09-24,PE,diesel_s10,100.5500,17
2025-09-24,PE,etanol,75.5100,15
2025-09-24,PE,gasolina,138.9700,22
2025-09-24,PI,diesel_s10,58.5800,10
2025-09-24,PI,etanol,45.4700,10
2025-09-24,PI,gasolina,74.8600,13
2025-09-24,PR,diesel_s10,389.2800,64
2025-09-24,PR,etanol,421.2400,95
2025-09-24,PR,gasolina,611.2900,95
2025-09-24,RJ,diesel_s10,90.1000,15
2025-09-24,RJ,etanol,85.0400,19
2025-09-24,RJ,gasolina,131.9300,22
2025-09-24,RN,diesel_s10,43.1100,7
2025-09-24,RN,etanol,36.4200,7
2025-09-24,RN,gasolina,43.5600,7
2025-09-24,RO,diesel_s10,44.5500,7
2025-09-24,RO,etanol,38.1600,7
2025-09-24,RO,gasolina,69.6100,10
2025-09-24,RR,diesel_s10,54.8400,8
2025-09-24,RR,etanol,30.9500,6
2025-09-24,RR,gasolina,55.6000,8
2025-09-24,RS,diesel_s10,276.4800,45
2025-09-24,RS,etanol,155.0700,32
2025-09-24,RS,gasolina,433.8700,69
2025-09-24,SC,diesel_s10,197.6000,32
2025-09-24,SC,etanol,175.5200,38
2025-09-24,SC,gasolina,292.2800,46
2025-09-24,SP,diesel_s10,1107.1600,180
2025-09-24,SP,etanol,1168.4000,283
2025-09-24,SP,gasolina,1709.3500,282
2025-09-25,AC,diesel_s10,52.5500,7
2025-09-25,AC,etanol,42.2000,8
2025-09-25,AC,gasolina,66.8900,9
2025-09-25,AL,diesel_s10,23.1500,4
2025-09-25,AL,etanol,31.4800,6
2025-09-25,AL,gasolina,42.3700,7
2025-09-25,AM,diesel_s10,76.6800,10
2025-09-25,AM,etanol,21.5700,4
2025-09-25,AM,gasolina,101.0800,13
2025-09-25,BA,diesel_s10,94.9600,16
2025-09-25,BA,etanol,76.2500,16
2025-09-25,BA,gasolina,124.5300,20
2025-09-25,CE,diesel_s10,24.3600,4
2025-09-25,CE,etanol,31.1000,6
2025-09-25,CE,gasolina,37.6700,6
2025-09-25,ES,diesel_s10,30.4100,5
2025-09-25,ES,etanol,13.8100,3
2025-09-25,ES,gasolina,51.9500,8
2025-09-25,GO,diesel_s10,79.9100,13
2025-09-25,GO,etanol,75.3800,17
2025-09-25,GO,gasolina,120.1900,19
2025-09-25,MA,diesel_s10,41.2600,7
2025-09-25,MA,etanol,4.9500,1
2025-09-25,MA,gasolina,54.6800,9
2025-09-25,MG,diesel_s10,189.5500,32
2025-09-25,MG,etanol,199.4100,47
2025-09-25,MG,gasolina,282.4400,47
2025-09-25,MT,diesel_s10,70.0000,11
2025-09-25,MT,etanol,65.0000,15
2025-09-25,MT,gasolina,94.7400,15
2025-09-25,PA,diesel_s10,101.5300,16
2025-09-25,PA,etanol,35.3900,7
2025-09-25,PA,gasolina,123.6500,19
2025-09-25,PB,diesel_s10,56.9600,10
2025-09-25,PB,etanol,51.5700,12
2025-09-25,PB,gasolina,74.7700,13
2025-09-25,PE,diesel_s10,180.0400,32
2025-09-25,PE,etanol,159.5700,34
2025-09-25,PE,gasolina,223.6500,35
2025-09-25,PI,diesel_s10,35.8000,6
2025-09-25,PI,etanol,35.5400,8
2025-09-25,PI,gasolina,46.1200,8
2025-09-25,PR,diesel_s10,146.5000,24
2025-09-25,PR,etanol,147.3600,34
2025-09-25,PR,gasolina,201.9100,32
2025-09-25,RJ,diesel_s10,69.5800,11
2025-09-25,RJ,etanol,54.2300,12
2025-09-25,RJ,gasolina,85.2900,14
2025-09-25,RN,diesel_s10,114.2600,18
2025-09-25,RN,etanol,108.6500,21
2025-09-25,RN,gasolina,149.8400,24
2025-09-25,RS,diesel_s10,223.2600,37
2025-09-25,RS,etanol,101.8000,21
2025-09-25,RS,gasolina,300.0300,48
2025-09-25,SC,gasolina,6.3000,1
2025-09-25,SP,diesel_s10,463.1600,75
2025-09-25,SP,etanol,465.2500,114
2025-09-25,SP,gasolina,713.5100,116
2025-09-25,TO,diesel_s10,105.9900,18
2025-09-25,TO,etanol,90.5300,19
2025-09-25,TO,gasolina,150.4000,23
2025-09-26,BA,diesel_s10,28.6500,5
2025-09-26,BA,etanol,28.0700,6
2025-09-26,BA,gasolina,37.2100,6
2025-09-26,ES,diesel_s10,17.9300,3
2025-09-26,ES,etanol,8.7400,2
2025-09-26,ES,gasolina,26.1600,4
2025-09-26,GO,diesel_s10,42.2300,7
2025-09-26,GO,etanol,42.9600,10
2025-09-26,GO,gasolina,62.8200,10
2025-09-26,MG,diesel_s10,51.8400,9
2025-09-26,MG,etanol,35.5900,8
2025-09-26,MG,gasolina,54.7100,9
2025-09-26,PR,diesel_s10,77.8700,13
2025-09-26,PR,etanol,75.9200,17
2025-09-26,PR,gasolina,116.4300,18
2025-09-26,RJ,diesel_s10,85.4000,13
2025-09-26,RJ,etanol,67.0500,14
2025-09-26,RJ,gasolina,114.9600,18
2025-09-26,RS,diesel_s10,6.0900,1
2025-09-26,RS,gasolina,6.2900,1
2025-09-26,SC,diesel_s10,49.5100,8
2025-09-26,SC,etanol,19.0700,4
2025-09-26,SC,gasolina,50.9800,8
2025-09-26,SP,diesel_s10,19.2200,3
2025-09-26,SP,etanol,12.5000,3
2025-09-26,SP,gasolina,18.9500,3
2025-09-26,TO,diesel_s10,24.0600,4
2025-09-26,TO,etanol,23.5400,5
2025-09-26,TO,gasolina,33.1500,5
2025-09-29,AL,diesel_s10,5.6900,1
2025-09-29,AL,etanol,25.8100,5
2025-09-29,AL,gasolina,37.6000,6
2025-09-29,AM,diesel_s10,110.7300,17
2025-09-29,AM,etanol,104.3600,19
2025-09-29,AM,gasolina,174.7500,25
2025-09-29,AP,diesel_s10,32.4700,5
2025-09-29,AP,etanol,21.9500,4
2025-09-29,AP,gasolina,102.3400,17
2025-09-29,BA,diesel_s10,181.3100,29
2025-09-29,BA,etanol,166.4800,34
2025-09-29,BA,gasolina,293.8900,47
2025-09-29,CE,diesel_s10,280.2600,47
2025-09-29,CE,etanol,269.9300,54
2025-09-29,CE,gasolina,385.0200,61
2025-09-29,DF,diesel_s10,77.9600,13
2025-09-29,DF,etanol,69.1700,15
2025-09-29,DF,gasolina,174.2300,27
2025-09-29,ES,diesel_s10,48.3300,8
2025-09-29,ES,etanol,41.1800,9
2025-09-29,ES,gasolina,75.2700,12
2025-09-29,GO,diesel_s10,246.5100,41
2025-09-29,GO,etanol,216.0700,47
2025-09-29,GO,gasolina,346.1600,54
2025-09-29,MA,diesel_s10,181.1100,30
2025-09-29,MA,etanol,112.3000,22
2025-09-29,MA,gasolina,215.6700,35
2025-09-29,MG,diesel_s10,337.5700,57
2025-09-29,MG,etanol,321.8300,75
2025-09-29,MG,gasolina,478.7600,79
2025-09-29,MS,diesel_s10,49.6100,8
2025-09-29,MS,etanol,52.0500,13
2025-09-29,MS,gasolina,161.8100,26
2025-09-29,MT,diesel_s10,50.1800,8
2025-09-29,MT,etanol,65.0100,15
2025-09-29,MT,gasolina,94.9800,15
2025-09-29,PA,diesel_s10,118.0200,19
2025-09-29,PA,etanol,56.7800,12
2025-09-29,PA,gasolina,203.6900,32
2025-09-29,PB,diesel_s10,127.1000,22
2025-09-29,PB,etanol,131.8200,29
2025-09-29,PB,gasolina,222.1200,37
2025-09-29,PE,diesel_s10,136.7400,24
2025-09-29,PE,etanol,162.6300,34
2025-09-29,PE,gasolina,271.2400,41
2025-09-29,PI,diesel_s10,5.9900,1
2025-09-29,PI,etanol,21.8000,5
2025-09-29,PI,gasolina,29.2600,5
2025-09-29,PR,diesel_s10,257.5500,42
2025-09-29,PR,etanol,285.5600,63
2025-09-29,PR,gasolina,429.6700,66
2025-09-29,RJ,diesel_s10,853.7700,140
2025-09-29,RJ,etanol,843.9400,186
2025-09-29,RJ,gasolina,1258.7500,207
2025-09-29,RO,diesel_s10,38.1400,6
2025-09-29,RO,etanol,11.4900,2
2025-09-29,RO,gasolina,55.5200,8
2025-09-29,RR,diesel_s10,61.6900,9
2025-09-29,RR,etanol,36.1000,7
2025-09-29,RR,gasolina,69.5000,10
2025-09-29,RS,diesel_s10,547.2800,88
2025-09-29,RS,etanol,360.1000,74
2025-09-29,RS,gasolina,860.3000,139
2025-09-29,SC,diesel_s10,472.5500,77
2025-09-29,SC,etanol,377.7200,81
2025-09-29,SC,gasolina,748.0300,119
2025-09-29,SE,diesel_s10,40.3200,7
2025-09-29,SE,etanol,14.4000,3
2025-09-29,SE,gasolina,52.0800,8
2025-09-29,SP,diesel_s10,2219.3200,359
2025-09-29,SP,etanol,2346.1500,566
2025-09-29,SP,gasolina,3495.2300,571
2025-09-29,TO,diesel_s10,31.3400,5
2025-09-29,TO,etanol,34.2900,7
2025-09-29,TO,gasolina,61.0200,9
2025-09-30,AL,diesel_s10,48.0700,8
2025-09-30,AL,etanol,91.4400,18
2025-09-30,AL,gasolina,143.4500,23
2025-09-30,AM,diesel_s10,113.2400,16
2025-09-30,AM,etanol,60.4900,11
2025-09-30,AM,gasolina,155.8900,21
2025-09-30,BA,diesel_s10,105.3100,17
2025-09-30,BA,etanol,120.3000,25
2025-09-30,BA,gasolina,185.4200,29
2025-09-30,CE,diesel_s10,19.1300,3
2025-09-30,CE,etanol,35.8900,7
2025-09-30,CE,gasolina,48.1200,8
2025-09-30,DF,diesel_s10,24.2100,4
2025-09-30,DF,etanol,18.6000,4
2025-09-30,DF,gasolina,148.4600,23
2025-09-30,ES,diesel_s10,126.4900,21
2025-09-30,ES,etanol,133.5500,30
2025-09-30,ES,gasolina,227.3000,37
2025-09-30,GO,diesel_s10,108.1700,18
2025-09-30,GO,etanol,131.6500,30
2025-09-30,GO,gasolina,194.6300,31
2025-09-30,MA,diesel_s10,61.1700,10
2025-09-30,MA,etanol,45.9300,9
2025-09-30,MA,gasolina,75.7300,12
2025-09-30,MG,diesel_s10,348.1300,58
2025-09-30,MG,etanol,360.7000,84
2025-09-30,MG,gasolina,540.8900,89
2025-09-30,MS,diesel_s10,54.4600,9
2025-09-30,MS,etanol,47.2400,12
2025-09-30,MS,gasolina,101.9900,17
2025-09-30,MT,diesel_s10,133.6900,21
2025-09-30,MT,etanol,133.0100,31
2025-09-30,MT,gasolina,196.6100,31
2025-09-30,PA,diesel_s10,314.1400,50
2025-09-30,PA,etanol,152.9600,32
2025-09-30,PA,gasolina,430.8800,68
2025-09-30,PE,diesel_s10,241.6200,42
2025-09-30,PE,etanol,195.1800,41
2025-09-30,PE,gasolina,311.2800,51
2025-09-30,PI,diesel_s10,71.7500,12
2025-09-30,PI,etanol,50.0900,11
2025-09-30,PI,gasolina,105.5500,18
2025-09-30,PR,diesel_s10,254.3200,42
2025-09-30,PR,etanol,275.7800,62
2025-09-30,PR,gasolina,428.7200,67
2025-09-30,RJ,diesel_s10,262.4400,42
2025-09-30,RJ,etanol,268.5500,60
2025-09-30,RJ,gasolina,404.2700,67
2025-09-30,RN,diesel_s10,119.2000,20
2025-09-30,RN,etanol,128.9800,26
2025-09-30,RN,gasolina,167.7100,28
2025-09-30,RO,diesel_s10,70.2400,11
2025-09-30,RO,etanol,57.6500,11
2025-09-30,RO,gasolina,107.9700,16
2025-09-30,RR,diesel_s10,41.2300,6
2025-09-30,RR,etanol,5.1500,1
2025-09-30,RR,gasolina,41.7000,6
2025-09-30,RS,diesel_s10,295.4500,50
2025-09-30,RS,etanol,134.6100,29
2025-09-30,RS,gasolina,411.4200,66
2025-09-30,SC,diesel_s10,56.1700,9
2025-09-30,SC,etanol,28.7900,6
2025-09-30,SC,gasolina,75.2700,12
2025-09-30,SE,diesel_s10,24.3200,4
2025-09-30,SE,etanol,49.5300,10
2025-09-30,SE,gasolina,113.0000,17
2025-09-30,SP,diesel_s10,1529.7300,253
2025-09-30,SP,etanol,1620.5100,397
2025-09-30,SP,gasolina,2408.3500,401
2025-09-30,TO,diesel_s10,5.7500,1
2025-09-30,TO,gasolina,6.4000,1
2025-10-01,AC,diesel_s10,32.7000,4
2025-10-01,AC,etanol,5.9500,1
2025-10-01,AC,gasolina,40.3700,5
2025-10-01,AM,diesel_s10,53.4400,8
2025-10-01,AM,etanol,38.3400,7
2025-10-01,AM,gasolina,55.6200,8
2025-10-01,BA,diesel_s10,118.4200,19
2025-10-01,BA,etanol,107.0200,23
2025-10-01,BA,gasolina,123.3100,19
2025-10-01,CE,diesel_s10,123.9700,20
2025-10-01,CE,etanol,113.7800,22
2025-10-01,CE,gasolina,159.5700,25
2025-10-01,ES,diesel_s10,54.4300,9
2025-10-01,ES,etanol,22.8200,5
2025-10-01,ES,gasolina,96.4400,15
2025-10-01,GO,diesel_s10,117.1300,19
2025-10-01,GO,etanol,133.8100,29
2025-10-01,GO,gasolina,186.1900,29
2025-10-01,MA,diesel_s10,114.4300,20
2025-10-01,MA,etanol,59.1600,13
2025-10-01,MA,gasolina,124.0900,22
2025-10-01,MG,diesel_s10,227.4400,38
2025-10-01,MG,etanol,267.6900,62
2025-10-01,MG,gasolina,399.8000,66
2025-10-01,MS,diesel_s10,6.1900,1
2025-10-01,MS,etanol,3.8900,1
2025-10-01,MS,gasolina,5.8900,1
2025-10-01,MT,diesel_s10,100.3800,16
2025-10-01,MT,etanol,99.8900,23
2025-10-01,MT,gasolina,151.9800,24
2025-10-01,PA,diesel_s10,64.1800,10
2025-10-01,PA,etanol,20.7600,4
2025-10-01,PA,gasolina,99.7600,15
2025-10-01,PB,diesel_s10,5.5700,1
2025-10-01,PB,etanol,8.9200,2
2025-10-01,PB,gasolina,11.9400,2
2025-10-01,PI,diesel_s10,52.7900,9
2025-10-01,PI,etanol,61.6300,14
2025-10-01,PI,gasolina,97.5200,17
2025-10-01,PR,diesel_s10,259.0500,43
2025-10-01,PR,etanol,264.3100,62
2025-10-01,PR,gasolina,375.9100,60
2025-10-01,RJ,diesel_s10,44.3800,7
2025-10-01,RJ,etanol,56.3500,12
2025-10-01,RJ,gasolina,74.1500,12
2025-10-01,RN,diesel_s10,36.3400,6
2025-10-01,RN,etanol,24.2500,5
2025-10-01,RN,gasolina,29.3800,5
2025-10-01,RO,diesel_s10,37.8000,6
2025-10-01,RO,etanol,16.2300,3
2025-10-01,RO,gasolina,54.4400,8
2025-10-01,RS,diesel_s10,186.6400,30
2025-10-01,RS,etanol,54.3400,11
2025-10-01,RS,gasolina,254.5400,41
2025-10-01,SC,diesel_s10,79.8300,13
2025-10-01,SC,etanol,74.6600,16
2025-10-01,SC,gasolina,122.1200,19
2025-10-01,SP,diesel_s10,444.6000,73
2025-10-01,SP,etanol,432.4800,105
2025-10-01,SP,gasolina,664.7200,110
2025-10-02,AC,diesel_s10,60.7400,8
2025-10-02,AC,etanol,48.2800,9
2025-10-02,AC,gasolina,74.9800,10
2025-10-02,AL,diesel_s10,58.6400,10
2025-10-02,AL,etanol,55.5700,11
2025-10-02,AL,gasolina,68.7500,11
2025-10-02,BA,diesel_s10,246.0000,41
2025-10-02,BA,etanol,217.0700,46
2025-10-02,BA,gasolina,316.5600,51
2025-10-02,CE,diesel_s10,124.2900,21
2025-10-02,CE,etanol,126.9800,25
2025-10-02,CE,gasolina,164.3300,26
2025-10-02,ES,diesel_s10,54.8100,9
2025-10-02,ES,etanol,47.3800,10
2025-10-02,ES,gasolina,97.2500,15
2025-10-02,GO,diesel_s10,102.7300,17
2025-10-02,GO,etanol,127.3300,29
2025-10-02,GO,gasolina,188.4500,30
2025-10-02,MA,diesel_s10,80.8300,14
2025-10-02,MA,etanol,36.5900,8
2025-10-02,MA,gasolina,86.8800,15
2025-10-02,MG,diesel_s10,277.7900,47
2025-10-02,MG,etanol,277.7600,65
2025-10-02,MG,gasolina,387.7000,65
2025-10-02,MT,diesel_s10,5.9200,1
2025-10-02,MT,etanol,3.8900,1
2025-10-02,MT,gasolina,5.7900,1
2025-10-02,PA,diesel_s10,37.8500,6
2025-10-02,PA,etanol,5.2500,1
2025-10-02,PA,gasolina,38.8900,6
2025-10-02,PE,diesel_s10,141.0100,25
2025-10-02,PE,etanol,137.9300,29
2025-10-02,PE,gasolina,189.3300,29
2025-10-02,PI,diesel_s10,5.9900,1
2025-10-02,PI,etanol,4.7900,1
2025-10-02,PI,gasolina,5.8900,1
2025-10-02,PR,diesel_s10,262.1900,43
2025-10-02,PR,etanol,222.6800,52
2025-10-02,PR,gasolina,318.0500,51
2025-10-02,RJ,diesel_s10,99.1900,16
2025-10-02,RJ,etanol,92.4600,19
2025-10-02,RJ,gasolina,133.4200,21
2025-10-02,RN,diesel_s10,74.0900,11
2025-10-02,RN,etanol,52.8900,10
2025-10-02,RN,gasolina,77.8800,12
2025-10-02,RO,diesel_s10,64.5300,10
2025-10-02,RO,etanol,38.3300,7
2025-10-02,RO,gasolina,76.5700,11
2025-10-02,RS,diesel_s10,267.3500,42
2025-10-02,RS,etanol,110.6200,22
2025-10-02,RS,gasolina,313.0700,49
2025-10-02,SC,diesel_s10,24.8300,4
2025-10-02,SC,etanol,4.5900,1
2025-10-02,SC,gasolina,38.7100,6
2025-10-02,SP,diesel_s10,211.1300,34
2025-10-02,SP,etanol,187.4500,45
2025-10-02,SP,gasolina,296.2200,48
2025-10-02,TO,diesel_s10,135.8600,23
2025-10-02,TO,etanol,95.0900,20
2025-10-02,TO,gasolina,153.5000,24
2025-10-03,BA,diesel_s10,12.7700,2
2025-10-03,BA,etanol,9.9800,2
2025-10-03,BA,gasolina,12.5800,2
2025-10-03,GO,diesel_s10,83.4400,14
2025-10-03,GO,etanol,138.9700,29
2025-10-03,GO,gasolina,208.7700,32
2025-10-03,MA,diesel_s10,5.9000,1
2025-10-03,MA,etanol,5.4000,1
2025-10-03,MA,gasolina,6.5900,1
2025-10-03,MG,diesel_s10,18.5600,3
2025-10-03,MG,etanol,12.1700,3
2025-10-03,MG,gasolina,17.8700,3
2025-10-03,PR,diesel_s10,132.3600,22
2025-10-03,PR,etanol,123.6200,27
2025-10-03,PR,gasolina,177.4000,27
2025-10-03,RJ,diesel_s10,6.8900,1
2025-10-03,RJ,etanol,4.9900,1
2025-10-03,RJ,gasolina,13.2800,2
2025-10-03,RS,etanol,4.9900,1
2025-10-03,RS,gasolina,6.1900,1
2025-10-03,SC,diesel_s10,6.3900,1
2025-10-03,SC,etanol,4.9500,1
2025-10-03,SC,gasolina,6.3900,1
2025-10-06,AL,diesel_s10,68.9200,12
2025-10-06,AL,etanol,102.8900,20
2025-10-06,AL,gasolina,150.5400,24
2025-10-06,AM,diesel_s10,117.4200,18
2025-10-06,AM,etanol,104.3600,19
2025-10-06,AM,gasolina,174.7500,25
2025-10-06,AP,diesel_s10,32.4700,5
2025-10-06,AP,etanol,21.9500,4
2025-10-06,AP,gasolina,102.2400,17
2025-10-06,BA,diesel_s10,141.1300,23
2025-10-06,BA,etanol,146.5900,29
2025-10-06,BA,gasolina,273.5500,43
2025-10-06,CE,diesel_s10,198.2900,34
2025-10-06,CE,etanol,232.5700,47
2025-10-06,CE,gasolina,289.2800,46
2025-10-06,DF,diesel_s10,83.9200,14
2025-10-06,DF,etanol,77.9400,17
2025-10-06,DF,gasolina,218.8500,34
2025-10-06,ES,diesel_s10,162.7300,27
2025-10-06,ES,etanol,140.5100,31
2025-10-06,ES,gasolina,281.2200,45
2025-10-06,GO,diesel_s10,216.0800,36
2025-10-06,GO,etanol,216.6400,47
2025-10-06,GO,gasolina,320.6400,50
2025-10-06,MA,diesel_s10,260.6600,44
2025-10-06,MA,etanol,157.0300,32
2025-10-06,MA,gasolina,303.2700,51
2025-10-06,MG,diesel_s10,364.4300,61
2025-10-06,MG,etanol,385.5400,89
2025-10-06,MG,gasolina,585.2900,96
2025-10-06,MS,diesel_s10,47.7800,8
2025-10-06,MS,etanol,56.4900,14
2025-10-06,MS,gasolina,199.6700,32
2025-10-06,MT,diesel_s10,100.6600,16
2025-10-06,MT,etanol,99.7100,23
2025-10-06,MT,gasolina,152.0600,24
2025-10-06,PA,diesel_s10,200.8300,33
2025-10-06,PA,etanol,95.4000,20
2025-10-06,PA,gasolina,311.8200,50
2025-10-06,PB,diesel_s10,34.1300,6
2025-10-06,PB,etanol,39.7700,9
2025-10-06,PB,gasolina,53.6600,9
2025-10-06,PE,diesel_s10,261.3900,46
2025-10-06,PE,etanol,293.1800,62
2025-10-06,PE,gasolina,440.9900,69
2025-10-06,PI,diesel_s10,42.7800,7
2025-10-06,PI,etanol,66.0300,15
2025-10-06,PI,gasolina,91.8800,16
2025-10-06,PR,diesel_s10,415.4200,68
2025-10-06,PR,etanol,444.4900,99
2025-10-06,PR,gasolina,635.5800,98
2025-10-06,RJ,diesel_s10,846.2100,138
2025-10-06,RJ,etanol,890.9000,196
2025-10-06,RJ,gasolina,1346.3100,221
2025-10-06,RN,diesel_s10,37.5300,6
2025-10-06,RN,etanol,35.1300,7
2025-10-06,RN,gasolina,41.8100,7
2025-10-06,RO,diesel_s10,51.1200,8
2025-10-06,RO,etanol,16.6600,3
2025-10-06,RO,gasolina,62.2100,9
2025-10-06,RR,diesel_s10,13.7000,2
2025-10-06,RR,etanol,15.4500,3
2025-10-06,RR,gasolina,20.8500,3
2025-10-06,RS,diesel_s10,93.4500,15
2025-10-06,RS,etanol,25.5300,5
2025-10-06,RS,gasolina,93.3400,15
2025-10-06,SC,diesel_s10,307.9400,50
2025-10-06,SC,etanol,262.2900,56
2025-10-06,SC,gasolina,544.2100,86
2025-10-06,SE,diesel_s10,64.6400,11
2025-10-06,SE,etanol,59.1300,12
2025-10-06,SE,gasolina,165.0800,25
2025-10-06,SP,diesel_s10,2060.8700,334
2025-10-06,SP,etanol,2308.9600,556
2025-10-06,SP,gasolina,3404.3900,556
2025-10-06,TO,diesel_s10,79.3200,13
2025-10-06,TO,etanol,67.3000,14
2025-10-06,TO,gasolina,113.7100,17
2025-10-07,AM,diesel_s10,71.5900,11
2025-10-07,AM,etanol,60.4900,11
2025-10-07,AM,gasolina,97.8600,14
2025-10-07,BA,diesel_s10,70.8400,12
2025-10-07,BA,etanol,75.4000,16
2025-10-07,BA,gasolina,106.0800,17
2025-10-07,CE,diesel_s10,137.2100,22
2025-10-07,CE,etanol,124.3800,24
2025-10-07,CE,gasolina,194.6900,31
2025-10-07,DF,diesel_s10,18.2500,3
2025-10-07,DF,etanol,9.2900,2
2025-10-07,DF,gasolina,102.5200,16
2025-10-07,ES,diesel_s10,42.3300,7
2025-10-07,ES,etanol,44.9700,10
2025-10-07,ES,gasolina,86.0700,14
2025-10-07,GO,diesel_s10,148.8900,25
2025-10-07,GO,etanol,158.6100,35
2025-10-07,GO,gasolina,242.6400,38
2025-10-07,MA,diesel_s10,90.4300,15
2025-10-07,MA,etanol,55.4500,11
2025-10-07,MA,gasolina,99.5100,16
2025-10-07,MG,diesel_s10,427.0800,72
2025-10-07,MG,etanol,424.2600,99
2025-10-07,MG,gasolina,609.9800,101
2025-10-07,MS,diesel_s10,30.3600,5
2025-10-07,MS,etanol,31.0600,8
2025-10-07,MS,gasolina,69.9900,12
2025-10-07,MT,diesel_s10,69.3000,11
2025-10-07,MT,etanol,69.7800,16
2025-10-07,MT,gasolina,101.6000,16
2025-10-07,PA,diesel_s10,214.2400,34
2025-10-07,PA,etanol,99.7300,21
2025-10-07,PA,gasolina,273.1600,43
2025-10-07,PB,diesel_s10,75.2200,13
2025-10-07,PB,etanol,54.7000,13
2025-10-07,PB,gasolina,105.1800,18
2025-10-07,PE,diesel_s10,54.2900,9
2025-10-07,PE,etanol,26.1500,5
2025-10-07,PE,gasolina,68.0600,10
2025-10-07,PI,diesel_s10,53.9800,9
2025-10-07,PI,etanol,28.0300,6
2025-10-07,PI,gasolina,70.7500,12
2025-10-07,PR,diesel_s10,133.1200,22
2025-10-07,PR,etanol,154.0800,36
2025-10-07,PR,gasolina,217.2700,35
2025-10-07,RJ,diesel_s10,236.3300,38
2025-10-07,RJ,etanol,221.8800,49
2025-10-07,RJ,gasolina,317.4500,52
2025-10-07,RN,diesel_s10,29.8500,5
2025-10-07,RN,etanol,28.3400,6
2025-10-07,RN,gasolina,28.8200,5
2025-10-07,RO,diesel_s10,90.4300,14
2025-10-07,RO,etanol,64.0600,12
2025-10-07,RO,gasolina,128.8100,19
2025-10-07,RR,diesel_s10,47.9900,7
2025-10-07,RR,etanol,20.6500,4
2025-10-07,RR,gasolina,48.6500,7
2025-10-07,RS,diesel_s10,452.3000,74
2025-10-07,RS,etanol,313.6100,65
2025-10-07,RS,gasolina,759.0200,123
2025-10-07,SC,diesel_s10,183.2800,30
2025-10-07,SC,etanol,144.7700,31
2025-10-07,SC,gasolina,275.9600,44
2025-10-07,SP,diesel_s10,1208.8700,198
2025-10-07,SP,etanol,1186.4700,290
2025-10-07,SP,gasolina,1758.9400,293
2025-10-08,AC,diesel_s10,22.4700,3
2025-10-08,AC,etanol,21.0700,4
2025-10-08,AC,gasolina,37.0200,5
2025-10-08,AL,diesel_s10,35.5000,6
2025-10-08,AL,etanol,59.6000,12
2025-10-08,AL,gasolina,74.3900,12
2025-10-08,BA,diesel_s10,178.8400,29
2025-10-08,BA,etanol,160.9400,33
2025-10-08,BA,gasolina,232.5200,36
2025-10-08,CE,diesel_s10,74.8800,12
2025-10-08,CE,etanol,67.2300,13
2025-10-08,CE,gasolina,81.9500,13
2025-10-08,ES,diesel_s10,48.3400,8
2025-10-08,ES,etanol,26.9100,6
2025-10-08,ES,gasolina,77.1700,12
2025-10-08,GO,diesel_s10,261.9400,43
2025-10-08,GO,etanol,312.3400,68
2025-10-08,GO,gasolina,479.9400,75
2025-10-08,MA,diesel_s10,34.5500,6
2025-10-08,MA,etanol,28.9100,6
2025-10-08,MA,gasolina,45.9100,8
2025-10-08,MG,diesel_s10,147.3600,25
2025-10-08,MG,etanol,131.0300,31
2025-10-08,MG,gasolina,191.0800,32
2025-10-08,MS,diesel_s10,6.1900,1
2025-10-08,MS,etanol,3.9900,1
2025-10-08,MS,gasolina,5.9900,1
2025-10-08,MT,diesel_s10,56.5900,9
2025-10-08,MT,etanol,46.4400,11
2025-10-08,MT,gasolina,68.7300,11
2025-10-08,PA,diesel_s10,37.0900,6
2025-10-08,PA,etanol,9.6900,2
2025-10-08,PA,gasolina,52.0200,8
2025-10-08,PB,diesel_s10,102.1300,18
2025-10-08,PB,etanol,115.3800,26
2025-10-08,PB,gasolina,172.9700,29
2025-10-08,PE,diesel_s10,205.7300,36
2025-10-08,PE,etanol,146.3200,31
2025-10-08,PE,gasolina,246.0100,40
2025-10-08,PI,diesel_s10,29.6000,5
2025-10-08,PI,etanol,30.8900,7
2025-10-08,PI,gasolina,39.9700,7
2025-10-08,PR,diesel_s10,204.6700,34
2025-10-08,PR,etanol,215.8900,49
2025-10-08,PR,gasolina,352.2900,55
2025-10-08,RJ,gasolina,6.6900,1
2025-10-08,RN,diesel_s10,42.5500,7
2025-10-08,RN,etanol,34.0900,7
2025-10-08,RN,gasolina,41.2000,7
2025-10-08,RO,diesel_s10,69.2800,11
2025-10-08,RO,etanol,43.5800,8
2025-10-08,RO,gasolina,103.4000,15
2025-10-08,RR,diesel_s10,41.2300,6
2025-10-08,RR,etanol,5.1500,1
2025-10-08,RR,gasolina,41.7000,6
2025-10-08,RS,diesel_s10,258.9900,43
2025-10-08,RS,etanol,128.4900,27
2025-10-08,RS,gasolina,387.1900,62
2025-10-08,SC,diesel_s10,31.5200,5
2025-10-08,SC,etanol,42.2100,9
2025-10-08,SC,gasolina,58.4200,9
2025-10-08,SP,diesel_s10,450.1800,75
2025-10-08,SP,etanol,411.5500,102
2025-10-08,SP,gasolina,620.8700,104
2025-10-08,TO,diesel_s10,30.3100,5
2025-10-08,TO,etanol,29.3400,6
2025-10-08,TO,gasolina,38.8200,6
2025-10-09,AC,diesel_s10,45.6600,6
2025-10-09,AC,etanol,39.9900,7
2025-10-09,AC,gasolina,60.1300,8
2025-10-09,AL,diesel_s10,18.3200,3
2025-10-09,AL,etanol,14.9700,3
2025-10-09,AL,gasolina,31.1500,5
2025-10-09,AM,diesel_s10,53.4400,8
2025-10-09,AM,etanol,37.7400,7
2025-10-09,AM,gasolina,55.4700,8
2025-10-09,BA,diesel_s10,230.3100,37
2025-10-09,BA,etanol,211.4500,45
2025-10-09,BA,gasolina,286.1600,45
2025-10-09,CE,diesel_s10,33.3800,5
2025-10-09,CE,etanol,27.9300,5
2025-10-09,CE,gasolina,26.9000,4
2025-10-09,ES,diesel_s10,18.2300,3
2025-10-09,ES,etanol,9.2800,2
2025-10-09,ES,gasolina,32.3000,5
2025-10-09,GO,diesel_s10,54.0100,9
2025-10-09,GO,etanol,60.3500,14
2025-10-09,GO,gasolina,87.6600,14
2025-10-09,MA,diesel_s10,63.9600,11
2025-10-09,MA,etanol,18.6900,4
2025-10-09,MA,gasolina,75.6600,13
2025-10-09,MG,diesel_s10,255.5100,43
2025-10-09,MG,etanol,290.9400,69
2025-10-09,MG,gasolina,412.1800,69
2025-10-09,MT,diesel_s10,109.9200,17
2025-10-09,MT,etanol,73.6100,17
2025-10-09,MT,gasolina,121.4300,19
2025-10-09,PA,diesel_s10,108.5200,16
2025-10-09,PA,etanol,20.8200,4
2025-10-09,PA,gasolina,135.7000,20
2025-10-09,PI,diesel_s10,34.9800,6
2025-10-09,PI,etanol,22.9200,5
2025-10-09,PI,gasolina,34.5300,6
2025-10-09,PR,diesel_s10,296.5800,49
2025-10-09,PR,etanol,277.0200,64
2025-10-09,PR,gasolina,391.8600,62
2025-10-09,RJ,diesel_s10,158.6100,25
2025-10-09,RJ,etanol,127.8500,28
2025-10-09,RJ,gasolina,184.5900,30
2025-10-09,RN,diesel_s10,119.8400,19
2025-10-09,RN,etanol,101.0600,20
2025-10-09,RN,gasolina,152.2600,24
2025-10-09,RS,diesel_s10,400.2600,64
2025-10-09,RS,etanol,188.9500,38
2025-10-09,RS,gasolina,512.6600,81
2025-10-09,SC,diesel_s10,92.6300,15
2025-10-09,SC,etanol,57.1700,12
2025-10-09,SC,gasolina,134.2100,21
2025-10-09,SP,diesel_s10,537.1700,88
2025-10-09,SP,etanol,573.3400,138
2025-10-09,SP,gasolina,862.6200,141
2025-10-09,TO,diesel_s10,123.3000,21
2025-10-09,TO,etanol,80.2200,17
2025-10-09,TO,gasolina,159.0600,25
2025-10-10,AC,diesel_s10,8.1700,1
2025-10-10,AC,gasolina,16.1400,2
2025-10-10,AM,diesel_s10,66.6100,8
2025-10-10,AM,gasolina,66.3200,8
2025-10-10,BA,diesel_s10,6.1800,1
2025-10-10,BA,etanol,4.9000,1
2025-10-10,BA,gasolina,6.1900,1
2025-10-10,CE,diesel_s10,12.1800,2
2025-10-10,CE,etanol,10.4800,2
2025-10-10,CE,gasolina,12.7600,2
2025-10-10,ES,diesel_s10,24.0600,4
2025-10-10,ES,etanol,9.4700,2
2025-10-10,ES,gasolina,26.1600,4
2025-10-10,MA,diesel_s10,5.6700,1
2025-10-10,MG,diesel_s10,18.5700,3
2025-10-10,MG,etanol,17.0700,4
2025-10-10,MG,gasolina,24.3600,4
2025-10-10,PR,diesel_s10,41.9200,7
2025-10-10,PR,etanol,45.8900,11
2025-10-10,PR,gasolina,67.4900,11
2025-10-10,RS,diesel_s10,6.0900,1
2025-10-10,RS,etanol,4.9900,1
2025-10-10,RS,gasolina,13.2800,2
2025-10-10,SC,diesel_s10,24.5100,4
2025-10-10,SC,etanol,9.4300,2
2025-10-10,SC,gasolina,25.1800,4
2025-10-13,AL,diesel_s10,28.4500,5
2025-10-13,AL,etanol,46.2200,9
2025-10-13,AL,gasolina,62.6200,10
2025-10-13,AM,diesel_s10,104.3400,16
2025-10-13,AM,etanol,104.3800,19
2025-10-13,AM,gasolina,174.7500,25
2025-10-13,AP,diesel_s10,32.4700,5
2025-10-13,AP,etanol,21.8700,4
2025-10-13,AP,gasolina,101.8900,17
2025-10-13,BA,diesel_s10,138.8500,23
2025-10-13,BA,etanol,166.6900,33
2025-10-13,BA,gasolina,226.2300,35
2025-10-13,CE,diesel_s10,258.7900,44
2025-10-13,CE,etanol,276.2200,56
2025-10-13,CE,gasolina,396.9700,63
2025-10-13,DF,diesel_s10,77.8600,13
2025-10-13,DF,etanol,73.3100,16
2025-10-13,DF,gasolina,134.7000,21
2025-10-13,ES,diesel_s10,72.4700,12
2025-10-13,ES,etanol,84.6600,19
2025-10-13,ES,gasolina,160.9100,26
2025-10-13,GO,diesel_s10,290.0900,48
2025-10-13,GO,etanol,272.4500,59
2025-10-13,GO,gasolina,436.2500,68
2025-10-13,MA,diesel_s10,163.9900,27
2025-10-13,MA,etanol,97.3200,19
2025-10-13,MA,gasolina,190.7500,31
2025-10-13,MG,diesel_s10,279.7900,47
2025-10-13,MG,etanol,311.7100,73
2025-10-13,MG,gasolina,485.8200,81
2025-10-13,MS,diesel_s10,73.9100,12
2025-10-13,MS,etanol,53.0500,13
2025-10-13,MS,gasolina,195.3500,31
2025-10-13,MT,diesel_s10,56.9500,9
2025-10-13,MT,etanol,60.2500,14
2025-10-13,MT,gasolina,88.5700,14
2025-10-13,PA,diesel_s10,156.3500,26
2025-10-13,PA,etanol,92.2800,19
2025-10-13,PA,gasolina,257.7100,42
2025-10-13,PB,diesel_s10,10.9800,2
2025-10-13,PB,etanol,13.1900,3
2025-10-13,PB,gasolina,23.8400,4
2025-10-13,PE,diesel_s10,142.6900,25
2025-10-13,PE,etanol,157.6000,33
2025-10-13,PE,gasolina,270.9300,41
2025-10-13,PI,diesel_s10,25.0600,4
2025-10-13,PI,etanol,48.7600,11
2025-10-13,PI,gasolina,63.5800,11
2025-10-13,PR,diesel_s10,297.6500,49
2025-10-13,PR,etanol,278.3900,62
2025-10-13,PR,gasolina,413.4800,64
2025-10-13,RJ,diesel_s10,793.9500,130
2025-10-13,RJ,etanol,849.4200,187
2025-10-13,RJ,gasolina,1269.2000,208
2025-10-13,RO,diesel_s10,31.9500,5
2025-10-13,RO,etanol,17.0200,3
2025-10-13,RO,gasolina,55.5200,8
2025-10-13,RR,diesel_s10,41.1300,6
2025-10-13,RR,etanol,20.6000,4
2025-10-13,RR,gasolina,48.6500,7
2025-10-13,RS,diesel_s10,396.0200,64
2025-10-13,RS,etanol,215.7600,44
2025-10-13,RS,gasolina,604.2300,97
2025-10-13,SC,diesel_s10,332.3500,54
2025-10-13,SC,etanol,307.9500,66
2025-10-13,SC,gasolina,645.5800,102
2025-10-13,SE,diesel_s10,64.6400,11
2025-10-13,SE,etanol,54.3300,11
2025-10-13,SE,gasolina,165.0800,25
2025-10-13,SP,diesel_s10,1811.2700,291
2025-10-13,SP,etanol,1885.4700,454
2025-10-13,SP,gasolina,2823.7000,460
2025-10-13,TO,diesel_s10,158.3500,26
2025-10-13,TO,etanol,148.3200,31
2025-10-13,TO,gasolina,221.8100,34
2025-10-14,AL,diesel_s10,59.9000,10
2025-10-14,AL,etanol,94.7600,19
2025-10-14,AL,gasolina,136.8500,22
2025-10-14,AM,diesel_s10,45.6300,7
2025-10-14,AM,etanol,44.0000,8
2025-10-14,AM,gasolina,69.8900,10
2025-10-14,BA,diesel_s10,247.5300,40
2025-10-14,BA,etanol,254.9500,53
2025-10-14,BA,gasolina,392.9300,62
2025-10-14,CE,diesel_s10,81.3200,13
2025-10-14,CE,etanol,92.9400,18
2025-10-14,CE,gasolina,124.1900,20
2025-10-14,DF,diesel_s10,17.9300,3
2025-10-14,DF,etanol,18.4100,4
2025-10-14,DF,gasolina,122.5300,19
2025-10-14,ES,diesel_s10,60.5200,10
2025-10-14,ES,etanol,45.8200,10
2025-10-14,ES,gasolina,126.0300,20
2025-10-14,GO,diesel_s10,94.9500,16
2025-10-14,GO,etanol,115.2700,26
2025-10-14,GO,gasolina,164.2700,26
2025-10-14,MA,diesel_s10,58.4900,10
2025-10-14,MA,etanol,38.3900,8
2025-10-14,MA,gasolina,82.2000,14
2025-10-14,MG,diesel_s10,340.9300,57
2025-10-14,MG,etanol,339.0500,79
2025-10-14,MG,gasolina,508.3700,84
2025-10-14,MS,diesel_s10,41.9300,7
2025-10-14,MS,etanol,46.0400,12
2025-10-14,MS,gasolina,80.0500,14
2025-10-14,MT,diesel_s10,90.8100,14
2025-10-14,MT,etanol,95.4600,22
2025-10-14,MT,gasolina,140.5500,22
2025-10-14,PA,diesel_s10,205.9100,32
2025-10-14,PA,etanol,82.4500,17
2025-10-14,PA,gasolina,245.9000,38
2025-10-14,PB,diesel_s10,23.6600,4
2025-10-14,PB,etanol,9.8800,2
2025-10-14,PB,gasolina,36.1400,6
2025-10-14,PE,diesel_s10,117.9000,21
2025-10-14,PE,etanol,113.3900,25
2025-10-14,PE,gasolina,163.5300,27
2025-10-14,PR,diesel_s10,320.4500,53
2025-10-14,PR,etanol,348.9300,79
2025-10-14,PR,gasolina,494.6100,77
2025-10-14,RJ,diesel_s10,278.8600,45
2025-10-14,RJ,etanol,241.2000,54
2025-10-14,RJ,gasolina,356.9000,59
2025-10-14,RN,diesel_s10,6.3900,1
2025-10-14,RN,etanol,5.5900,1
2025-10-14,RN,gasolina,6.5900,1
2025-10-14,RO,diesel_s10,95.8200,15
2025-10-14,RO,etanol,74.6000,14
2025-10-14,RO,gasolina,149.4100,22
2025-10-14,RR,diesel_s10,61.7900,9
2025-10-14,RR,etanol,20.6500,4
2025-10-14,RR,gasolina,62.5500,9
2025-10-14,RS,diesel_s10,398.9800,65
2025-10-14,RS,etanol,183.0400,38
2025-10-14,RS,gasolina,592.5200,96
2025-10-14,SC,diesel_s10,125.1700,20
2025-10-14,SC,etanol,57.2600,12
2025-10-14,SC,gasolina,138.2100,22
2025-10-14,SP,diesel_s10,1402.1600,231
2025-10-14,SP,etanol,1526.6600,373
2025-10-14,SP,gasolina,2246.7700,372
2025-10-15,AC,diesel_s10,37.5000,5
2025-10-15,AC,etanol,42.0900,8
2025-10-15,AC,gasolina,73.9400,10
2025-10-15,AL,diesel_s10,35.0900,6
2025-10-15,AL,etanol,41.0700,8
2025-10-15,AL,gasolina,56.5700,9
2025-10-15,AM,diesel_s10,25.9600,4
2025-10-15,AM,etanol,16.4700,3
2025-10-15,AM,gasolina,27.9600,4
2025-10-15,BA,diesel_s10,55.2200,9
2025-10-15,BA,etanol,51.8100,11
2025-10-15,BA,gasolina,52.5100,8
2025-10-15,CE,diesel_s10,24.0600,4
2025-10-15,CE,etanol,20.3200,4
2025-10-15,CE,gasolina,25.2100,4
2025-10-15,DF,diesel_s10,12.2600,2
2025-10-15,DF,etanol,9.2900,2
2025-10-15,DF,gasolina,63.7300,10
2025-10-15,ES,diesel_s10,18.0300,3
2025-10-15,ES,etanol,9.4800,2
2025-10-15,ES,gasolina,37.8200,6
2025-10-15,GO,diesel_s10,235.2700,39
2025-10-15,GO,etanol,235.4400,50
2025-10-15,GO,gasolina,356.9500,55
2025-10-15,MA,diesel_s10,47.0800,8
2025-10-15,MA,etanol,28.6000,6
2025-10-15,MA,gasolina,53.0000,9
2025-10-15,MG,diesel_s10,237.6100,40
2025-10-15,MG,etanol,241.1500,55
2025-10-15,MG,gasolina,351.1900,57
2025-10-15,MT,diesel_s10,125.2400,20
2025-10-15,MT,etanol,130.0100,30
2025-10-15,MT,gasolina,196.2500,31
2025-10-15,PA,diesel_s10,151.9500,24
2025-10-15,PA,etanol,39.0400,8
2025-10-15,PA,gasolina,193.5400,30
2025-10-15,PB,diesel_s10,159.8600,28
2025-10-15,PB,etanol,174.7100,40
2025-10-15,PB,gasolina,254.2400,43
2025-10-15,PE,diesel_s10,216.1300,38
2025-10-15,PE,etanol,194.1400,41
2025-10-15,PE,gasolina,308.8700,48
2025-10-15,PI,diesel_s10,65.4100,11
2025-10-15,PI,etanol,53.2400,12
2025-10-15,PI,gasolina,104.6300,18
2025-10-15,PR,diesel_s10,99.5000,16
2025-10-15,PR,etanol,136.4800,32
2025-10-15,PR,gasolina,199.8500,32
2025-10-15,RJ,diesel_s10,76.1500,12
2025-10-15,RJ,etanol,75.2000,16
2025-10-15,RJ,gasolina,104.4700,17
2025-10-15,RN,diesel_s10,43.6300,7
2025-10-15,RN,etanol,38.1100,7
2025-10-15,RN,gasolina,45.0100,7
2025-10-15,RO,diesel_s10,115.3600,18
2025-10-15,RO,etanol,43.6200,8
2025-10-15,RO,gasolina,151.8200,22
2025-10-15,RS,diesel_s10,372.9900,61
2025-10-15,RS,etanol,195.8300,41
2025-10-15,RS,gasolina,531.1900,84
2025-10-15,SC,diesel_s10,164.1300,27
2025-10-15,SC,etanol,107.9400,23
2025-10-15,SC,gasolina,211.5000,33
2025-10-15,SP,diesel_s10,773.3100,128
2025-10-15,SP,etanol,726.7500,179
2025-10-15,SP,gasolina,1094.4200,182
2025-10-16,AC,diesel_s10,15.1400,2
2025-10-16,AC,etanol,10.7400,2
2025-10-16,AC,gasolina,14.8900,2
2025-10-16,AM,diesel_s10,46.7900,7
2025-10-16,AM,etanol,37.7400,7
2025-10-16,AM,gasolina,55.1300,8
2025-10-16,BA,diesel_s10,202.7000,33
2025-10-16,BA,etanol,154.1500,34
2025-10-16,BA,gasolina,214.5900,35
2025-10-16,CE,diesel_s10,116.3400,19
2025-10-16,CE,etanol,111.3600,22
2025-10-16,CE,gasolina,146.3400,23
2025-10-16,ES,diesel_s10,96.5600,16
2025-10-16,ES,etanol,86.4200,19
2025-10-16,ES,gasolina,178.0700,28
2025-10-16,GO,diesel_s10,29.2500,5
2025-10-16,GO,etanol,40.3000,9
2025-10-16,GO,gasolina,57.7000,9
2025-10-16,MA,diesel_s10,205.4400,35
2025-10-16,MA,etanol,100.7100,21
2025-10-16,MA,gasolina,232.0800,39
2025-10-16,MG,diesel_s10,223.0700,37
2025-10-16,MG,etanol,234.8100,56
2025-10-16,MG,gasolina,323.9100,54
2025-10-16,MT,diesel_s10,6.4500,1
2025-10-16,MT,etanol,8.8800,2
2025-10-16,MT,gasolina,12.8800,2
2025-10-16,PB,diesel_s10,5.6900,1
2025-10-16,PB,etanol,4.3500,1
2025-10-16,PB,gasolina,5.9500,1
2025-10-16,PE,diesel_s10,60.9300,10
2025-10-16,PE,etanol,45.7500,9
2025-10-16,PE,gasolina,66.7900,10
2025-10-16,PI,diesel_s10,42.4800,7
2025-10-16,PI,etanol,32.5600,7
2025-10-16,PI,gasolina,52.8200,9
2025-10-16,PR,diesel_s10,344.1100,57
2025-10-16,PR,etanol,366.0800,83
2025-10-16,PR,gasolina,522.6700,82
2025-10-16,RJ,diesel_s10,69.2900,11
2025-10-16,RJ,etanol,49.2400,11
2025-10-16,RJ,gasolina,99.7700,16
2025-10-16,RN,diesel_s10,162.5100,26
2025-10-16,RN,etanol,154.7000,30
2025-10-16,RN,gasolina,204.8700,32
2025-10-16,RS,diesel_s10,272.9200,44
2025-10-16,RS,etanol,125.7500,25
2025-10-16,RS,gasolina,331.6000,53
2025-10-16,SC,diesel_s10,18.5000,3
2025-10-16,SC,etanol,14.5300,3
2025-10-16,SC,gasolina,31.6500,5
2025-10-16,SP,diesel_s10,548.4200,90
2025-10-16,SP,etanol,561.6300,137
2025-10-16,SP,gasolina,839.5300,139
2025-10-16,TO,diesel_s10,70.0300,12
2025-10-16,TO,etanol,43.0100,9
2025-10-16,TO,gasolina,90.4400,14
2025-10-17,BA,diesel_s10,5.7400,1
2025-10-17,BA,etanol,4.5800,1
2025-10-17,BA,gasolina,6.0900,1
2025-10-17,CE,diesel_s10,6.0900,1
2025-10-17,CE,etanol,5.4900,1
2025-10-17,CE,gasolina,6.3800,1
2025-10-17,ES,diesel_s10,24.0600,4
2025-10-17,ES,etanol,18.7500,4
2025-10-17,ES,gasolina,38.9400,6
2025-10-17,GO,diesel_s10,11.8800,2
2025-10-17,GO,etanol,8.1600,2
2025-10-17,GO,gasolina,11.7600,2
2025-10-17,MA,diesel_s10,39.4400,7
2025-10-17,MA,etanol,9.0900,2
2025-10-17,MA,gasolina,33.4100,6
2025-10-17,MG,diesel_s10,62.9600,11
2025-10-17,MG,etanol,51.6100,12
2025-10-17,MG,gasolina,78.4300,13
2025-10-17,PE,diesel_s10,130.9600,22
2025-10-17,PE,etanol,90.5600,18
2025-10-17,PE,gasolina,143.4300,23
2025-10-17,PI,diesel_s10,5.8900,1
2025-10-17,PI,etanol,13.6700,3
2025-10-17,PI,gasolina,17.2700,3
2025-10-17,PR,diesel_s10,81.4600,14
2025-10-17,PR,etanol,85.6000,19
2025-10-17,PR,gasolina,122.4600,19
2025-10-17,RN,diesel_s10,12.5800,2
2025-10-17,RN,etanol,10.5800,2
2025-10-17,RN,gasolina,12.8800,2
2025-10-17,SC,diesel_s10,6.1900,1
2025-10-17,SC,etanol,4.7900,1
2025-10-17,SC,gasolina,6.2900,1
2025-10-17,SP,etanol,4.7500,1
2025-10-17,SP,gasolina,6.6700,1
2025-10-20,AL,diesel_s10,52.1600,9
2025-10-20,AL,etanol,91.3800,18
2025-10-20,AL,gasolina,137.5700,22
2025-10-20,AM,diesel_s10,97.6300,15
2025-10-20,AM,etanol,104.3600,19
2025-10-20,AM,gasolina,167.7400,24
2025-10-20,AP,diesel_s10,45.4800,7
2025-10-20,AP,etanol,5.5400,1
2025-10-20,AP,gasolina,66.6600,11
2025-10-20,BA,diesel_s10,175.6000,28
2025-10-20,BA,etanol,194.9100,40
2025-10-20,BA,gasolina,307.8500,48
2025-10-20,CE,diesel_s10,285.0600,48
2025-10-20,CE,etanol,284.2000,58
2025-10-20,CE,gasolina,388.4800,62
2025-10-20,DF,diesel_s10,77.8600,13
2025-10-20,DF,etanol,82.1600,18
2025-10-20,DF,gasolina,170.9800,27
2025-10-20,ES,diesel_s10,115.0200,19
2025-10-20,ES,etanol,100.6200,22
2025-10-20,ES,gasolina,277.9100,44
2025-10-20,GO,diesel_s10,226.7400,38
2025-10-20,GO,etanol,220.9000,50
2025-10-20,GO,gasolina,338.5800,54
2025-10-20,MA,diesel_s10,201.4300,34
2025-10-20,MA,etanol,118.3400,24
2025-10-20,MA,gasolina,244.2200,41
2025-10-20,MG,diesel_s10,380.6500,64
2025-10-20,MG,etanol,421.2800,100
2025-10-20,MG,gasolina,623.8800,104
2025-10-20,MS,diesel_s10,61.5100,10
2025-10-20,MS,etanol,52.3200,13
2025-10-20,MS,gasolina,211.5900,34
2025-10-20,MT,diesel_s10,68.2800,11
2025-10-20,MT,etanol,81.8600,19
2025-10-20,MT,gasolina,113.5900,18
2025-10-20,PA,diesel_s10,198.2400,32
2025-10-20,PA,etanol,112.9600,23
2025-10-20,PA,gasolina,310.0200,49
2025-10-20,PB,diesel_s10,113.9300,20
2025-10-20,PB,etanol,137.4000,31
2025-10-20,PB,gasolina,203.5000,34
2025-10-20,PE,diesel_s10,228.3100,40
2025-10-20,PE,etanol,253.2200,54
2025-10-20,PE,gasolina,417.0600,64
2025-10-20,PI,diesel_s10,37.9400,6
2025-10-20,PI,etanol,62.9200,14
2025-10-20,PI,gasolina,87.5000,15
2025-10-20,PR,diesel_s10,440.6900,73
2025-10-20,PR,etanol,467.9200,104
2025-10-20,PR,gasolina,692.8200,107
2025-10-20,RJ,diesel_s10,703.6700,115
2025-10-20,RJ,etanol,759.1800,166
2025-10-20,RJ,gasolina,1140.8200,187
2025-10-20,RN,diesel_s10,31.5100,5
2025-10-20,RN,etanol,43.1900,8
2025-10-20,RN,gasolina,58.1700,9
2025-10-20,RR,diesel_s10,48.0900,7
2025-10-20,RR,etanol,15.4000,3
2025-10-20,RR,gasolina,55.6000,8
2025-10-20,RS,diesel_s10,419.4400,69
2025-10-20,RS,etanol,190.8000,40
2025-10-20,RS,gasolina,590.3700,95
2025-10-20,SC,diesel_s10,487.7700,79
2025-10-20,SC,etanol,396.6200,85
2025-10-20,SC,gasolina,754.0000,119
2025-10-20,SE,diesel_s10,64.5300,11
2025-10-20,SE,etanol,54.1400,11
2025-10-20,SE,gasolina,158.3900,24
2025-10-20,SP,diesel_s10,2050.9500,334
2025-10-20,SP,etanol,2073.9800,506
2025-10-20,SP,gasolina,3087.0000,509
2025-10-20,TO,diesel_s10,31.4400,5
2025-10-20,TO,etanol,34.2900,7
2025-10-20,TO,gasolina,61.0200,9
2025-10-21,AL,diesel_s10,47.4100,8
2025-10-21,AL,etanol,74.2700,15
2025-10-21,AL,gasolina,111.8100,18
2025-10-21,AM,diesel_s10,78.0800,12
2025-10-21,AM,etanol,65.9600,12
2025-10-21,AM,gasolina,104.8400,15
2025-10-21,CE,diesel_s10,73.7100,12
2025-10-21,CE,etanol,56.8600,11
2025-10-21,CE,gasolina,95.1200,15
2025-10-21,DF,diesel_s10,30.3200,5
2025-10-21,DF,etanol,37.1200,8
2025-10-21,DF,gasolina,147.3800,23
2025-10-21,ES,diesel_s10,47.7400,8
2025-10-21,ES,etanol,48.2500,11
2025-10-21,ES,gasolina,92.3700,15
2025-10-21,GO,diesel_s10,29.7800,5
2025-10-21,GO,etanol,41.0500,9
2025-10-21,GO,gasolina,64.1300,10
2025-10-21,MA,diesel_s10,12.5100,2
2025-10-21,MA,etanol,5.2500,1
2025-10-21,MA,gasolina,12.9700,2
2025-10-21,MG,diesel_s10,370.2200,61
2025-10-21,MG,etanol,394.5100,90
2025-10-21,MG,gasolina,591.3100,96
2025-10-21,MS,diesel_s10,47.3300,8
2025-10-21,MS,etanol,41.3200,11
2025-10-21,MS,gasolina,62.6300,11
2025-10-21,MT,diesel_s10,38.6900,6
2025-10-21,MT,etanol,56.4000,13
2025-10-21,MT,gasolina,89.8200,14
2025-10-21,PA,diesel_s10,134.4100,22
2025-10-21,PA,etanol,75.5400,16
2025-10-21,PA,gasolina,156.9300,26
2025-10-21,PB,diesel_s10,87.0000,15
2025-10-21,PB,etanol,64.0800,15
2025-10-21,PB,gasolina,122.6500,21
2025-10-21,PE,diesel_s10,179.8900,30
2025-10-21,PE,etanol,133.6600,27
2025-10-21,PE,gasolina,195.6900,30
2025-10-21,PI,diesel_s10,11.6700,2
2025-10-21,PI,etanol,9.3800,2
2025-10-21,PI,gasolina,23.1000,4
2025-10-21,PR,diesel_s10,133.6700,22
2025-10-21,PR,etanol,187.1500,43
2025-10-21,PR,gasolina,271.5600,43
2025-10-21,RJ,diesel_s10,177.3700,29
2025-10-21,RJ,etanol,174.4400,39
2025-10-21,RJ,gasolina,263.6000,43
2025-10-21,RN,diesel_s10,25.0600,4
2025-10-21,RN,etanol,21.9000,4
2025-10-21,RN,gasolina,26.1100,4
2025-10-21,RO,diesel_s10,141.9500,22
2025-10-21,RO,etanol,64.4000,12
2025-10-21,RO,gasolina,184.3700,27
2025-10-21,RR,diesel_s10,20.5500,3
2025-10-21,RR,etanol,5.1500,1
2025-10-21,RR,gasolina,20.8500,3
2025-10-21,RS,diesel_s10,421.4100,68
2025-10-21,RS,etanol,271.2500,56
2025-10-21,RS,gasolina,712.4000,115
2025-10-21,SC,diesel_s10,115.3600,19
2025-10-21,SC,etanol,62.7400,13
2025-10-21,SC,gasolina,146.4700,23
2025-10-21,SP,diesel_s10,1271.6400,209
2025-10-21,SP,etanol,1358.1400,335
2025-10-21,SP,gasolina,2046.2300,342
2025-10-21,TO,diesel_s10,103.1300,17
2025-10-21,TO,etanol,95.0400,20
2025-10-21,TO,gasolina,141.2600,22
2025-10-22,AM,diesel_s10,53.4400,8
2025-10-22,AM,etanol,37.7400,7
2025-10-22,AM,gasolina,54.4200,8
2025-10-22,BA,diesel_s10,99.1500,16
2025-10-22,BA,etanol,74.4600,15
2025-10-22,BA,gasolina,123.6300,19
2025-10-22,CE,diesel_s10,12.0800,2
2025-10-22,CE,etanol,40.4200,8
2025-10-22,CE,gasolina,48.0400,8
2025-10-22,ES,diesel_s10,78.0700,13
2025-10-22,ES,etanol,62.5500,14
2025-10-22,ES,gasolina,138.5700,22
2025-10-22,GO,diesel_s10,313.1500,52
2025-10-22,GO,etanol,348.4500,74
2025-10-22,GO,gasolina,524.3200,81
2025-10-22,MA,diesel_s10,40.6000,7
2025-10-22,MA,etanol,19.8800,4
2025-10-22,MA,gasolina,54.3500,9
2025-10-22,MG,diesel_s10,159.1300,27
2025-10-22,MG,etanol,177.2100,41
2025-10-22,MG,gasolina,249.1200,41
2025-10-22,MS,gasolina,6.8100,1
2025-10-22,MT,diesel_s10,125.5200,20
2025-10-22,MT,etanol,107.6200,25
2025-10-22,MT,gasolina,157.0700,25
2025-10-22,PA,diesel_s10,99.6300,16
2025-10-22,PA,etanol,28.8600,6
2025-10-22,PA,gasolina,135.6300,21
2025-10-22,PE,diesel_s10,85.3900,15
2025-10-22,PE,etanol,74.0800,16
2025-10-22,PE,gasolina,111.2200,18
2025-10-22,PI,diesel_s10,29.4700,5
2025-10-22,PI,etanol,39.9700,9
2025-10-22,PI,gasolina,57.7200,10
2025-10-22,PR,diesel_s10,192.0300,32
2025-10-22,PR,etanol,178.2700,41
2025-10-22,PR,gasolina,242.2700,38
2025-10-22,RJ,diesel_s10,163.8700,27
2025-10-22,RJ,etanol,154.4900,35
2025-10-22,RJ,gasolina,226.9700,38
2025-10-22,RN,diesel_s10,44.0100,7
2025-10-22,RN,etanol,38.1500,7
2025-10-22,RN,gasolina,44.5500,7
2025-10-22,RO,diesel_s10,75.8100,12
2025-10-22,RO,etanol,48.9300,9
2025-10-22,RO,gasolina,96.4900,14
2025-10-22,RR,diesel_s10,13.7300,2
2025-10-22,RR,etanol,5.1500,1
2025-10-22,RR,gasolina,13.9000,2
2025-10-22,RS,diesel_s10,293.9200,47
2025-10-22,RS,etanol,142.1900,29
2025-10-22,RS,gasolina,390.5400,62
2025-10-22,SC,diesel_s10,30.9100,5
2025-10-22,SC,etanol,28.2400,6
2025-10-22,SC,gasolina,57.6200,9
2025-10-22,SP,diesel_s10,515.5100,85
2025-10-22,SP,etanol,521.4800,126
2025-10-22,SP,gasolina,778.3600,129
2025-10-22,TO,diesel_s10,17.9500,3
2025-10-22,TO,etanol,14.3700,3
2025-10-22,TO,gasolina,19.7500,3
2025-10-23,AC,diesel_s10,59.7000,8
2025-10-23,AC,etanol,52.8300,10
2025-10-23,AC,gasolina,88.6000,12
2025-10-23,BA,diesel_s10,234.5400,39
2025-10-23,BA,etanol,233.4100,49
2025-10-23,BA,gasolina,340.3400,55
2025-10-23,CE,diesel_s10,46.7500,7
2025-10-23,CE,etanol,44.6800,8
2025-10-23,CE,gasolina,47.0800,7
2025-10-23,ES,diesel_s10,5.9900,1
2025-10-23,ES,gasolina,6.3900,1
2025-10-23,GO,diesel_s10,42.3800,7
2025-10-23,GO,etanol,57.1600,13
2025-10-23,GO,gasolina,81.8600,13
2025-10-23,MA,diesel_s10,130.5600,22
2025-10-23,MA,etanol,61.4900,13
2025-10-23,MA,gasolina,136.4500,23
2025-10-23,MG,diesel_s10,170.4800,29
2025-10-23,MG,etanol,188.1600,46
2025-10-23,MG,gasolina,263.1300,45
2025-10-23,MT,diesel_s10,69.5700,11
2025-10-23,MT,etanol,51.5200,12
2025-10-23,MT,gasolina,75.5200,12
2025-10-23,PA,diesel_s10,67.5900,10
2025-10-23,PA,etanol,14.8700,3
2025-10-23,PA,gasolina,80.7700,12
2025-10-23,PB,diesel_s10,11.9400,2
2025-10-23,PB,etanol,8.3800,2
2025-10-23,PB,gasolina,11.5800,2
2025-10-23,PE,diesel_s10,146.2400,25
2025-10-23,PE,etanol,112.2400,23
2025-10-23,PE,gasolina,187.3600,29
2025-10-23,PI,diesel_s10,23.8600,4
2025-10-23,PI,etanol,27.6700,6
2025-10-23,PI,gasolina,40.7900,7
2025-10-23,PR,diesel_s10,272.8000,45
2025-10-23,PR,etanol,283.1700,65
2025-10-23,PR,gasolina,400.1200,63
2025-10-23,RJ,diesel_s10,107.8500,17
2025-10-23,RJ,etanol,72.9200,16
2025-10-23,RJ,gasolina,124.2500,20
2025-10-23,RN,diesel_s10,139.8100,22
2025-10-23,RN,etanol,146.3800,29
2025-10-23,RN,gasolina,181.4200,29
2025-10-23,RO,diesel_s10,39.0800,6
2025-10-23,RO,etanol,10.7800,2
2025-10-23,RO,gasolina,61.9400,9
2025-10-23,RS,diesel_s10,191.2000,31
2025-10-23,RS,etanol,74.4700,15
2025-10-23,RS,gasolina,257.7100,41
2025-10-23,SC,diesel_s10,36.7200,6
2025-10-23,SC,etanol,24.2100,5
2025-10-23,SC,gasolina,56.6500,9
2025-10-23,SP,diesel_s10,540.4700,89
2025-10-23,SP,etanol,597.6300,144
2025-10-23,SP,gasolina,880.6300,145
2025-10-23,TO,diesel_s10,46.5400,8
2025-10-23,TO,etanol,28.0100,6
2025-10-23,TO,gasolina,57.3900,9
2025-10-24,AC,diesel_s10,32.7000,4
2025-10-24,AC,etanol,12.0500,2
2025-10-24,AC,gasolina,32.1800,4
2025-10-24,AM,diesel_s10,58.3300,7
2025-10-24,AM,gasolina,66.3200,8
2025-10-24,BA,diesel_s10,37.5000,6
2025-10-24,BA,etanol,26.2900,6
2025-10-24,BA,gasolina,25.5400,4
2025-10-24,CE,diesel_s10,11.9900,2
2025-10-24,CE,etanol,5.0900,1
2025-10-24,CE,gasolina,11.7500,2
2025-10-24,ES,diesel_s10,36.5400,6
2025-10-24,ES,etanol,23.3400,5
2025-10-24,ES,gasolina,45.6300,7
2025-10-24,GO,diesel_s10,5.9900,1
2025-10-24,GO,etanol,4.2800,1
2025-10-24,GO,gasolina,6.2400,1
2025-10-24,MA,diesel_s10,45.3500,8
2025-10-24,MA,etanol,22.7400,5
2025-10-24,MA,gasolina,45.2800,8
2025-10-24,MG,diesel_s10,112.6500,19
2025-10-24,MG,etanol,107.4700,26
2025-10-24,MG,gasolina,151.9600,26
2025-10-24,MT,diesel_s10,12.7600,2
2025-10-24,MT,etanol,8.7600,2
2025-10-24,MT,gasolina,12.5600,2
2025-10-24,PA,diesel_s10,13.4800,2
2025-10-24,PA,etanol,4.4900,1
2025-10-24,PA,gasolina,13.8500,2
2025-10-24,PI,diesel_s10,17.6900,3
2025-10-24,PI,etanol,17.5200,4
2025-10-24,PI,gasolina,28.7700,5
2025-10-24,PR,diesel_s10,160.1500,27
2025-10-24,PR,etanol,160.8900,36
2025-10-24,PR,gasolina,228.9700,36
2025-10-24,RJ,diesel_s10,145.8000,23
2025-10-24,RJ,etanol,123.2900,25
2025-10-24,RJ,gasolina,210.6000,32
2025-10-24,RS,diesel_s10,12.1800,2
2025-10-24,RS,etanol,4.5900,1
2025-10-24,RS,gasolina,12.2800,2
2025-10-24,SC,diesel_s10,49.3700,8
2025-10-24,SC,etanol,19.0700,4
2025-10-24,SC,gasolina,49.9400,8
2025-10-24,SP,diesel_s10,78.5000,13
2025-10-24,SP,etanol,79.4100,20
2025-10-24,SP,gasolina,119.1700,20
2025-10-24,TO,diesel_s10,17.6300,3
2025-10-24,TO,etanol,14.5800,3
2025-10-24,TO,gasolina,32.9000,5
2025-10-25,SP,diesel_s10,24.6600,4
2025-10-25,SP,etanol,23.5900,6
2025-10-25,SP,gasolina,36.2000,6
2025-10-27,AL,diesel_s10,24.2600,4
2025-10-27,AL,etanol,59.8500,12
2025-10-27,AL,gasolina,92.8100,15
2025-10-27,AM,diesel_s10,110.8100,17
2025-10-27,AM,etanol,109.8500,20
2025-10-27,AM,gasolina,174.7300,25
2025-10-27,AP,diesel_s10,39.0300,6
2025-10-27,AP,gasolina,60.6200,10
2025-10-27,BA,diesel_s10,176.3900,29
2025-10-27,BA,etanol,171.6400,34
2025-10-27,BA,gasolina,239.9600,37
2025-10-27,CE,diesel_s10,197.0200,34
2025-10-27,CE,etanol,217.8800,45
2025-10-27,CE,gasolina,287.8800,46
2025-10-27,DF,diesel_s10,71.9800,12
2025-10-27,DF,etanol,62.7200,15
2025-10-27,DF,gasolina,136.4500,23
2025-10-27,ES,diesel_s10,72.8700,12
2025-10-27,ES,etanol,81.2800,18
2025-10-27,ES,gasolina,162.0500,26
2025-10-27,GO,diesel_s10,305.8700,51
2025-10-27,GO,etanol,272.7300,60
2025-10-27,GO,gasolina,437.2800,69
2025-10-27,MA,diesel_s10,183.8700,31
2025-10-27,MA,etanol,124.4200,26
2025-10-27,MA,gasolina,218.5000,37
2025-10-27,MG,diesel_s10,389.2900,65
2025-10-27,MG,etanol,415.7100,97
2025-10-27,MG,gasolina,644.0300,106
2025-10-27,MS,diesel_s10,30.5500,5
2025-10-27,MS,etanol,32.2600,8
2025-10-27,MS,gasolina,117.5300,19
2025-10-27,MT,diesel_s10,88.1600,14
2025-10-27,MT,etanol,90.0300,21
2025-10-27,MT,gasolina,131.3000,21
2025-10-27,PA,diesel_s10,263.8900,42
2025-10-27,PA,etanol,145.1500,30
2025-10-27,PA,gasolina,409.5100,64
2025-10-27,PB,diesel_s10,62.8900,11
2025-10-27,PB,etanol,50.0600,12
2025-10-27,PB,gasolina,93.4700,16
2025-10-27,PE,diesel_s10,194.7000,33
2025-10-27,PE,etanol,209.1300,44
2025-10-27,PE,gasolina,342.0600,52
2025-10-27,PI,diesel_s10,35.1100,6
2025-10-27,PI,etanol,48.6700,11
2025-10-27,PI,gasolina,74.7500,13
2025-10-27,PR,diesel_s10,108.5400,18
2025-10-27,PR,etanol,133.7600,30
2025-10-27,PR,gasolina,210.6700,33
2025-10-27,RJ,diesel_s10,797.3600,130
2025-10-27,RJ,etanol,854.9800,187
2025-10-27,RJ,gasolina,1275.6200,209
2025-10-27,RN,diesel_s10,24.6400,4
2025-10-27,RN,etanol,31.8200,6
2025-10-27,RN,gasolina,38.6400,6
2025-10-27,RO,diesel_s10,82.8200,13
2025-10-27,RO,etanol,38.6800,7
2025-10-27,RO,gasolina,123.6200,18
2025-10-27,RR,diesel_s10,75.5200,11
2025-10-27,RR,etanol,20.8400,4
2025-10-27,RR,gasolina,83.4000,12
2025-10-27,RS,diesel_s10,294.5300,48
2025-10-27,RS,etanol,258.5000,53
2025-10-27,RS,gasolina,600.0800,97
2025-10-27,SC,diesel_s10,442.1400,72
2025-10-27,SC,etanol,300.6400,64
2025-10-27,SC,gasolina,600.1500,96
2025-10-27,SE,diesel_s10,40.3200,7
2025-10-27,SE,etanol,9.6000,2
2025-10-27,SE,gasolina,51.5800,8
2025-10-27,SP,diesel_s10,2059.6800,337
2025-10-27,SP,etanol,2185.0700,534
2025-10-27,SP,gasolina,3261.5000,540
2025-10-27,TO,diesel_s10,31.5400,5
2025-10-27,TO,etanol,34.2900,7
2025-10-27,TO,gasolina,60.9100,9
2025-10-28,AL,diesel_s10,23.0500,4
2025-10-28,AL,etanol,25.2800,5
2025-10-28,AL,gasolina,37.0400,6
2025-10-28,AM,diesel_s10,71.5900,11
2025-10-28,AM,etanol,60.4700,11
2025-10-28,AM,gasolina,97.8500,14
2025-10-28,BA,diesel_s10,223.7500,36
2025-10-28,BA,etanol,220.5700,46
2025-10-28,BA,gasolina,349.2600,55
2025-10-28,CE,diesel_s10,87.3400,14
2025-10-28,CE,etanol,61.8200,12
2025-10-28,CE,gasolina,87.4100,14
2025-10-28,DF,diesel_s10,30.1900,5
2025-10-28,DF,etanol,17.3500,4
2025-10-28,DF,gasolina,166.4800,27
2025-10-28,ES,diesel_s10,95.6200,16
2025-10-28,ES,etanol,92.1700,21
2025-10-28,ES,gasolina,178.9600,29
2025-10-28,GO,diesel_s10,36.4500,6
2025-10-28,GO,etanol,46.7200,11
2025-10-28,GO,gasolina,66.7200,11
2025-10-28,MA,diesel_s10,166.7600,29
2025-10-28,MA,etanol,89.4700,19
2025-10-28,MA,gasolina,188.9000,33
2025-10-28,MG,diesel_s10,319.7400,54
2025-10-28,MG,etanol,361.4800,86
2025-10-28,MG,gasolina,522.9700,88
2025-10-28,MS,diesel_s10,59.6300,10
2025-10-28,MS,etanol,58.6000,15
2025-10-28,MS,gasolina,157.5600,26
2025-10-28,MT,diesel_s10,105.7100,17
2025-10-28,MT,etanol,90.2600,21
2025-10-28,MT,gasolina,137.1600,22
2025-10-28,PA,diesel_s10,91.6200,15
2025-10-28,PA,etanol,42.2700,9
2025-10-28,PA,gasolina,115.0200,19
2025-10-28,PB,diesel_s10,12.1800,2
2025-10-28,PB,etanol,9.8800,2
2025-10-28,PB,gasolina,30.1500,5
2025-10-28,PE,diesel_s10,59.0500,10
2025-10-28,PE,etanol,52.4500,11
2025-10-28,PE,gasolina,78.7100,12
2025-10-28,PI,diesel_s10,65.9700,11
2025-10-28,PI,etanol,80.3500,18
2025-10-28,PI,gasolina,115.1200,20
2025-10-28,PR,diesel_s10,139.0400,23
2025-10-28,PR,etanol,159.1300,36
2025-10-28,PR,gasolina,236.4800,37
2025-10-28,RJ,diesel_s10,221.2700,36
2025-10-28,RJ,etanol,189.6000,42
2025-10-28,RJ,gasolina,260.4100,43
2025-10-28,RN,diesel_s10,17.6700,3
2025-10-28,RN,etanol,30.1400,6
2025-10-28,RN,gasolina,37.8400,6
2025-10-28,RO,diesel_s10,77.2000,12
2025-10-28,RO,etanol,36.6800,7
2025-10-28,RO,gasolina,94.7300,14
2025-10-28,RR,diesel_s10,6.8500,1
2025-10-28,RR,etanol,5.1500,1
2025-10-28,RR,gasolina,6.9500,1
2025-10-28,RS,diesel_s10,508.7600,84
2025-10-28,RS,etanol,229.6000,49
2025-10-28,RS,gasolina,700.7000,114
2025-10-28,SC,diesel_s10,55.6800,9
2025-10-28,SC,etanol,84.8300,18
2025-10-28,SC,gasolina,207.4700,32
2025-10-28,SE,diesel_s10,18.3300,3
2025-10-28,SE,etanol,29.0700,6
2025-10-28,SE,gasolina,91.7400,14
2025-10-28,SP,diesel_s10,1084.5100,178
2025-10-28,SP,etanol,1058.2100,259
2025-10-28,SP,gasolina,1577.9500,262
2025-10-28,TO,diesel_s10,48.3000,8
2025-10-28,TO,etanol,42.1000,9
2025-10-28,TO,gasolina,68.0700,11
2025-10-29,AL,diesel_s10,41.8800,7
2025-10-29,AL,etanol,80.1000,16
2025-10-29,AL,gasolina,117.5300,19
2025-10-29,BA,diesel_s10,55.9800,9
2025-10-29,BA,etanol,52.4000,11
2025-10-29,BA,gasolina,71.3300,11
2025-10-29,CE,diesel_s10,72.7800,12
2025-10-29,CE,etanol,80.9000,16
2025-10-29,CE,gasolina,110.0900,18
2025-10-29,ES,diesel_s10,48.0800,8
2025-10-29,ES,etanol,27.5200,6
2025-10-29,ES,gasolina,68.4900,11
2025-10-29,GO,diesel_s10,245.9700,41
2025-10-29,GO,etanol,306.3300,66
2025-10-29,GO,gasolina,437.1300,69
2025-10-29,MA,diesel_s10,46.6700,8
2025-10-29,MA,etanol,20.5400,4
2025-10-29,MA,gasolina,61.0700,10
2025-10-29,MG,diesel_s10,267.7500,45
2025-10-29,MG,etanol,237.0100,55
2025-10-29,MG,gasolina,347.9500,58
2025-10-29,MT,diesel_s10,57.0300,9
2025-10-29,MT,etanol,65.3800,15
2025-10-29,MT,gasolina,94.7700,15
2025-10-29,PA,diesel_s10,81.8800,13
2025-10-29,PA,etanol,25.2600,5
2025-10-29,PA,gasolina,96.4000,15
2025-10-29,PB,diesel_s10,121.8800,21
2025-10-29,PB,etanol,150.7300,35
2025-10-29,PB,gasolina,206.9300,35
2025-10-29,PE,diesel_s10,348.0900,60
2025-10-29,PE,etanol,265.9600,57
2025-10-29,PE,gasolina,431.9800,68
2025-10-29,PI,etanol,4.7900,1
2025-10-29,PI,gasolina,12.0800,2
2025-10-29,PR,diesel_s10,389.1100,64
2025-10-29,PR,etanol,393.5400,91
2025-10-29,PR,gasolina,589.8500,93
2025-10-29,RJ,diesel_s10,106.2400,17
2025-10-29,RJ,etanol,111.4800,25
2025-10-29,RJ,gasolina,163.1600,27
2025-10-29,RN,diesel_s10,43.8300,7
2025-10-29,RN,etanol,32.2800,6
2025-10-29,RN,gasolina,38.0700,6
2025-10-29,RO,diesel_s10,38.0200,6
2025-10-29,RO,etanol,32.8000,6
2025-10-29,RO,gasolina,62.6100,9
2025-10-29,RS,diesel_s10,159.7800,26
2025-10-29,RS,etanol,50.9000,10
2025-10-29,RS,gasolina,215.6800,35
2025-10-29,SC,diesel_s10,49.3200,8
2025-10-29,SC,etanol,55.2500,12
2025-10-29,SC,gasolina,101.5800,16
2025-10-29,SE,etanol,14.8700,3
2025-10-29,SE,gasolina,19.5600,3
2025-10-29,SP,diesel_s10,581.2300,96
2025-10-29,SP,etanol,554.4300,136
2025-10-29,SP,gasolina,846.4300,141
2025-10-29,TO,diesel_s10,29.9300,5
2025-10-29,TO,etanol,34.0300,7
2025-10-29,TO,gasolina,46.4000,7
2025-10-30,AC,diesel_s10,75.3600,10
2025-10-30,AC,etanol,58.3100,11
2025-10-30,AC,gasolina,95.2800,13
2025-10-30,AM,diesel_s10,53.4400,8
2025-10-30,AM,etanol,37.7400,7
2025-10-30,AM,gasolina,56.4700,8
2025-10-30,BA,diesel_s10,187.0200,31
2025-10-30,BA,etanol,147.2900,33
2025-10-30,BA,gasolina,228.6900,38
2025-10-30,CE,diesel_s10,135.2600,22
2025-10-30,CE,etanol,109.6100,21
2025-10-30,CE,gasolina,153.6200,24
2025-10-30,ES,diesel_s10,84.5200,14
2025-10-30,ES,etanol,50.9000,11
2025-10-30,ES,gasolina,136.2000,21
2025-10-30,GO,diesel_s10,101.8800,17
2025-10-30,GO,etanol,106.3900,25
2025-10-30,GO,gasolina,155.8900,25
2025-10-30,MA,diesel_s10,46.1800,8
2025-10-30,MA,etanol,29.8000,6
2025-10-30,MA,gasolina,74.5900,12
2025-10-30,MG,diesel_s10,118.8800,20
2025-10-30,MG,etanol,139.2900,34
2025-10-30,MG,gasolina,189.9600,32
2025-10-30,MT,diesel_s10,50.8900,8
2025-10-30,MT,etanol,47.9400,11
2025-10-30,MT,gasolina,69.9100,11
2025-10-30,PA,diesel_s10,60.3700,9
2025-10-30,PA,etanol,14.4400,3
2025-10-30,PA,gasolina,84.7300,13
2025-10-30,PE,diesel_s10,34.3400,6
2025-10-30,PE,etanol,32.2700,7
2025-10-30,PE,gasolina,45.1900,7
2025-10-30,PI,diesel_s10,30.0100,5
2025-10-30,PI,etanol,13.1700,3
2025-10-30,PI,gasolina,35.3900,6
2025-10-30,PR,diesel_s10,269.0600,44
2025-10-30,PR,etanol,261.8500,59
2025-10-30,PR,gasolina,361.1000,56
2025-10-30,RJ,diesel_s10,105.3400,17
2025-10-30,RJ,etanol,87.5700,18
2025-10-30,RJ,gasolina,163.4000,25
2025-10-30,RN,diesel_s10,163.8900,26
2025-10-30,RN,etanol,148.4600,29
2025-10-30,RN,gasolina,203.3800,32
2025-10-30,RO,diesel_s10,19.5700,3
2025-10-30,RO,etanol,5.3900,1
2025-10-30,RO,gasolina,41.3000,6
2025-10-30,RS,diesel_s10,247.4900,39
2025-10-30,RS,etanol,95.2200,19
2025-10-30,RS,gasolina,277.4400,44
2025-10-30,SC,diesel_s10,73.8800,12
2025-10-30,SC,etanol,47.9800,10
2025-10-30,SC,gasolina,100.4100,16
2025-10-30,SP,diesel_s10,514.6600,85
2025-10-30,SP,etanol,513.1600,123
2025-10-30,SP,gasolina,743.5500,122
2025-10-30,TO,diesel_s10,64.0000,11
2025-10-30,TO,etanol,42.3300,9
2025-10-30,TO,gasolina,83.9900,13
2025-10-31,AM,diesel_s10,58.3300,7
2025-10-31,AM,gasolina,58.0300,7
2025-10-31,BA,diesel_s10,6.1800,1
2025-10-31,BA,etanol,14.2200,3
2025-10-31,BA,gasolina,25.0500,4
2025-10-31,GO,diesel_s10,11.9100,2
2025-10-31,GO,etanol,8.4100,2
2025-10-31,GO,gasolina,5.8700,1
2025-10-31,MA,diesel_s10,13.1400,2
2025-10-31,MA,etanol,10.9300,2
2025-10-31,MA,gasolina,13.4200,2
2025-10-31,MG,diesel_s10,70.9400,12
2025-10-31,MG,etanol,55.3600,13
2025-10-31,MG,gasolina,96.9900,16
2025-10-31,MT,diesel_s10,11.9100,2
2025-10-31,MT,etanol,12.1200,3
2025-10-31,MT,gasolina,11.6800,2
2025-10-31,PE,diesel_s10,41.0400,7
2025-10-31,PE,etanol,28.3900,6
2025-10-31,PE,gasolina,42.2400,7
2025-10-31,PR,diesel_s10,154.2700,26
2025-10-31,PR,etanol,163.7200,37
2025-10-31,PR,gasolina,230.5400,36
2025-10-31,RJ,diesel_s10,58.0100,9
2025-10-31,RJ,etanol,47.1500,10
2025-10-31,RJ,gasolina,82.0200,13
2025-10-31,RO,diesel_s10,13.0700,2
2025-10-31,RO,etanol,5.2900,1
2025-10-31,RO,gasolina,20.6300,3
2025-10-31,RS,diesel_s10,116.4500,19
2025-10-31,RS,etanol,47.4700,10
2025-10-31,RS,gasolina,163.6000,26
2025-10-31,SC,diesel_s10,49.8800,8
2025-10-31,SC,etanol,14.3800,3
2025-10-31,SC,gasolina,56.4200,9
2025-10-31,SP,diesel_s10,279.8300,46
2025-10-31,SP,etanol,324.8700,79
2025-10-31,SP,gasolina,485.8200,80
2025-11-01,SP,diesel_s10,5.9000,1
2025-11-01,SP,etanol,20.1000,5
2025-11-01,SP,gasolina,29.6000,5
2025-11-01,TO,diesel_s10,36.4400,6
2025-11-01,TO,etanol,28.2200,6
2025-11-01,TO,gasolina,46.1000,7
2025-11-03,AL,diesel_s10,30.4000,5
2025-11-03,AL,etanol,54.5600,11
2025-11-03,AL,gasolina,92.6200,15
2025-11-03,AM,diesel_s10,97.7300,15
2025-11-03,AM,etanol,115.3400,21
2025-11-03,AM,gasolina,167.7400,24
2025-11-03,AP,diesel_s10,38.9400,6
2025-11-03,AP,etanol,5.5400,1
2025-11-03,AP,gasolina,66.6600,11
2025-11-03,BA,diesel_s10,190.0500,31
2025-11-03,BA,etanol,180.9800,36
2025-11-03,BA,gasolina,266.8400,41
2025-11-03,CE,diesel_s10,296.5800,50
2025-11-03,CE,etanol,299.9800,62
2025-11-03,CE,gasolina,429.5100,69
2025-11-03,DF,diesel_s10,18.0000,3
2025-11-03,DF,etanol,27.9400,6
2025-11-03,DF,gasolina,50.5800,8
2025-11-03,ES,diesel_s10,138.6500,23
2025-11-03,ES,etanol,118.2500,26
2025-11-03,ES,gasolina,250.5200,40
2025-11-03,GO,diesel_s10,104.7400,17
2025-11-03,GO,etanol,74.7900,16
2025-11-03,GO,gasolina,122.3800,19
2025-11-03,MA,diesel_s10,249.1500,42
2025-11-03,MA,etanol,141.5900,29
2025-11-03,MA,gasolina,298.6100,50
2025-11-03,MG,diesel_s10,475.2400,79
2025-11-03,MG,etanol,515.5300,120
2025-11-03,MG,gasolina,816.3300,136
2025-11-03,MS,diesel_s10,79.8700,13
2025-11-03,MS,etanol,60.6400,15
2025-11-03,MS,gasolina,205.4900,33
2025-11-03,MT,diesel_s10,58.0800,9
2025-11-03,MT,etanol,55.4900,13
2025-11-03,MT,gasolina,96.2200,15
2025-11-03,PA,diesel_s10,270.7400,43
2025-11-03,PA,etanol,135.1700,28
2025-11-03,PA,gasolina,408.5800,64
2025-11-03,PB,diesel_s10,109.5000,19
2025-11-03,PB,etanol,124.9600,29
2025-11-03,PB,gasolina,207.7700,35
2025-11-03,PE,diesel_s10,200.4500,34
2025-11-03,PE,etanol,231.6400,49
2025-11-03,PE,gasolina,350.2600,54
2025-11-03,PI,diesel_s10,62.1600,10
2025-11-03,PI,etanol,63.0900,14
2025-11-03,PI,gasolina,105.0400,18
2025-11-03,PR,diesel_s10,357.9200,59
2025-11-03,PR,etanol,394.8300,87
2025-11-03,PR,gasolina,579.2900,89
2025-11-03,RJ,diesel_s10,737.0300,121
2025-11-03,RJ,etanol,757.3800,167
2025-11-03,RJ,gasolina,1151.1300,191
2025-11-03,RN,diesel_s10,18.0700,3
2025-11-03,RN,etanol,19.5800,4
2025-11-03,RN,gasolina,24.7000,4
2025-11-03,RO,diesel_s10,6.3200,1
2025-11-03,RO,etanol,5.3800,1
2025-11-03,RO,gasolina,6.7900,1
2025-11-03,RR,diesel_s10,20.6500,3
2025-11-03,RR,etanol,5.1500,1
2025-11-03,RR,gasolina,20.8500,3
2025-11-03,RS,diesel_s10,329.3400,54
2025-11-03,RS,etanol,195.0000,41
2025-11-03,RS,gasolina,569.1700,92
2025-11-03,SC,diesel_s10,405.4000,66
2025-11-03,SC,etanol,287.9300,62
2025-11-03,SC,gasolina,569.9400,91
2025-11-03,SP,diesel_s10,2270.4600,371
2025-11-03,SP,etanol,2375.5100,579
2025-11-03,SP,gasolina,3533.2900,585
2025-11-03,TO,diesel_s10,68.1500,11
2025-11-03,TO,etanol,62.8100,13
2025-11-03,TO,gasolina,106.9800,16
2025-11-04,AC,diesel_s10,8.1700,1
2025-11-04,AC,gasolina,7.9800,1
2025-11-04,AL,diesel_s10,48.5600,7
2025-11-04,AL,etanol,40.7200,8
2025-11-04,AL,gasolina,62.6900,9
2025-11-04,AM,diesel_s10,78.0800,12
2025-11-04,AM,etanol,60.4700,11
2025-11-04,AM,gasolina,104.8400,15
2025-11-04,BA,diesel_s10,240.3900,38
2025-11-04,BA,etanol,218.0900,47
2025-11-04,BA,gasolina,339.3700,54
2025-11-04,CE,diesel_s10,102.6700,17
2025-11-04,CE,etanol,80.3800,16
2025-11-04,CE,gasolina,123.7100,20
2025-11-04,DF,diesel_s10,90.4100,15
2025-11-04,DF,etanol,73.1000,16
2025-11-04,DF,gasolina,239.0700,38
2025-11-04,ES,diesel_s10,61.3000,10
2025-11-04,ES,etanol,55.0600,12
2025-11-04,ES,gasolina,89.3200,14
2025-11-04,GO,diesel_s10,177.4700,30
2025-11-04,GO,etanol,187.8800,41
2025-11-04,GO,gasolina,273.3100,43
2025-11-04,MA,diesel_s10,100.1200,17
2025-11-04,MA,etanol,61.1100,13
2025-11-04,MA,gasolina,113.5300,20
2025-11-04,MG,diesel_s10,412.2400,69
2025-11-04,MG,etanol,365.1400,86
2025-11-04,MG,gasolina,551.7500,91
2025-11-04,MS,diesel_s10,29.6700,5
2025-11-04,MS,etanol,26.2500,7
2025-11-04,MS,gasolina,62.8000,11
2025-11-04,MT,diesel_s10,47.3900,7
2025-11-04,MT,etanol,33.9500,8
2025-11-04,MT,gasolina,50.3800,8
2025-11-04,PA,diesel_s10,110.8000,18
2025-11-04,PA,etanol,47.1600,10
2025-11-04,PA,gasolina,167.1500,27
2025-11-04,PE,diesel_s10,133.0600,23
2025-11-04,PE,etanol,89.0300,19
2025-11-04,PE,gasolina,171.1800,27
2025-11-04,PI,diesel_s10,5.6900,1
2025-11-04,PI,etanol,4.7900,1
2025-11-04,PI,gasolina,5.8900,1
2025-11-04,PR,diesel_s10,116.7900,19
2025-11-04,PR,etanol,114.7500,28
2025-11-04,PR,gasolina,165.7600,27
2025-11-04,RJ,diesel_s10,224.8100,36
2025-11-04,RJ,etanol,201.5600,44
2025-11-04,RJ,gasolina,293.7900,48
2025-11-04,RN,diesel_s10,67.6200,11
2025-11-04,RN,etanol,54.0600,11
2025-11-04,RN,gasolina,67.9000,11
2025-11-04,RO,diesel_s10,121.2700,19
2025-11-04,RO,etanol,90.9000,17
2025-11-04,RO,gasolina,170.2700,25
2025-11-04,RR,diesel_s10,41.1400,6
2025-11-04,RR,etanol,15.6900,3
2025-11-04,RR,gasolina,41.7000,6
2025-11-04,RS,diesel_s10,412.2400,67
2025-11-04,RS,etanol,248.6600,51
2025-11-04,RS,gasolina,627.3100,102
2025-11-04,SC,diesel_s10,55.5600,9
2025-11-04,SC,etanol,43.1900,9
2025-11-04,SC,gasolina,88.0800,14
2025-11-04,SE,diesel_s10,93.3000,16
2025-11-04,SE,etanol,57.5100,12
2025-11-04,SE,gasolina,180.7400,28
2025-11-04,SP,diesel_s10,1335.0900,219
2025-11-04,SP,etanol,1388.9700,339
2025-11-04,SP,gasolina,2074.2300,344
2025-11-05,AC,diesel_s10,8.1700,1
2025-11-05,AC,etanol,6.0800,1
2025-11-05,AC,gasolina,7.9900,1
2025-11-05,AL,diesel_s10,76.0700,13
2025-11-05,AL,etanol,108.7400,22
2025-11-05,AL,gasolina,154.3100,25
2025-11-05,AM,diesel_s10,53.3400,8
2025-11-05,AM,etanol,37.7400,7
2025-11-05,AM,gasolina,54.2700,8
2025-11-05,BA,diesel_s10,147.6200,24
2025-11-05,BA,etanol,126.8900,27
2025-11-05,BA,gasolina,184.9000,29
2025-11-05,CE,diesel_s10,165.4200,27
2025-11-05,CE,etanol,140.7200,28
2025-11-05,CE,gasolina,183.1900,29
2025-11-05,DF,diesel_s10,6.2900,1
2025-11-05,DF,etanol,4.6500,1
2025-11-05,DF,gasolina,25.4500,4
2025-11-05,ES,diesel_s10,119.8200,20
2025-11-05,ES,etanol,89.8000,20
2025-11-05,ES,gasolina,199.4900,32
2025-11-05,GO,diesel_s10,234.6000,39
2025-11-05,GO,etanol,258.9300,55
2025-11-05,GO,gasolina,391.0200,61
2025-11-05,MA,diesel_s10,43.9900,7
2025-11-05,MA,etanol,26.3600,5
2025-11-05,MA,gasolina,51.6900,8
2025-11-05,MG,diesel_s10,125.3900,21
2025-11-05,MG,etanol,138.6600,32
2025-11-05,MG,gasolina,187.2600,31
2025-11-05,MT,diesel_s10,65.0900,10
2025-11-05,MT,etanol,52.5400,12
2025-11-05,MT,gasolina,70.3400,11
2025-11-05,PA,diesel_s10,60.7700,10
2025-11-05,PA,etanol,24.4400,5
2025-11-05,PA,gasolina,79.3400,13
2025-11-05,PB,diesel_s10,54.6800,9
2025-11-05,PB,etanol,36.8900,8
2025-11-05,PB,gasolina,71.0400,12
2025-11-05,PE,diesel_s10,144.9000,25
2025-11-05,PE,etanol,138.4300,30
2025-11-05,PE,gasolina,197.7200,31
2025-11-05,PI,diesel_s10,29.5900,5
2025-11-05,PI,etanol,48.4100,11
2025-11-05,PI,gasolina,62.9100,11
2025-11-05,PR,diesel_s10,150.2400,25
2025-11-05,PR,etanol,138.9900,31
2025-11-05,PR,gasolina,180.6300,28
2025-11-05,RJ,diesel_s10,149.9600,24
2025-11-05,RJ,etanol,145.3000,32
2025-11-05,RJ,gasolina,222.8700,36
2025-11-05,RN,diesel_s10,30.1300,5
2025-11-05,RN,etanol,33.1800,7
2025-11-05,RN,gasolina,43.0900,7
2025-11-05,RO,diesel_s10,71.2800,11
2025-11-05,RO,etanol,38.2300,7
2025-11-05,RO,gasolina,90.7200,13
2025-11-05,RR,diesel_s10,20.5800,3
2025-11-05,RR,etanol,5.1500,1
2025-11-05,RR,gasolina,27.8000,4
2025-11-05,RS,diesel_s10,234.1000,37
2025-11-05,RS,etanol,105.8800,21
2025-11-05,RS,gasolina,310.8300,49
2025-11-05,SC,diesel_s10,106.5600,17
2025-11-05,SC,etanol,95.6300,20
2025-11-05,SC,gasolina,203.5500,32
2025-11-05,SE,diesel_s10,30.1500,5
2025-11-05,SE,etanol,44.0600,9
2025-11-05,SE,gasolina,72.0500,11
2025-11-05,SP,diesel_s10,489.4900,81
2025-11-05,SP,etanol,489.8800,118
2025-11-05,SP,gasolina,734.8100,121
2025-11-06,AC,diesel_s10,68.6300,9
2025-11-06,AC,etanol,47.8500,9
2025-11-06,AC,gasolina,81.9300,11
2025-11-06,AL,diesel_s10,31.4200,5
2025-11-06,AL,etanol,30.8000,6
2025-11-06,AL,gasolina,49.9300,8
2025-11-06,BA,diesel_s10,323.6000,54
2025-11-06,BA,etanol,266.3800,57
2025-11-06,BA,gasolina,382.2800,62
2025-11-06,CE,diesel_s10,5.7900,1
2025-11-06,CE,etanol,4.7900,1
2025-11-06,CE,gasolina,12.1400,2
2025-11-06,GO,diesel_s10,102.1700,17
2025-11-06,GO,etanol,106.4500,24
2025-11-06,GO,gasolina,151.3000,24
2025-11-06,MA,diesel_s10,41.6400,7
2025-11-06,MA,etanol,15.1700,3
2025-11-06,MA,gasolina,42.9200,7
2025-11-06,MG,diesel_s10,403.6900,67
2025-11-06,MG,etanol,406.3100,95
2025-11-06,MG,gasolina,590.7600,98
2025-11-06,MT,diesel_s10,95.6900,15
2025-11-06,MT,etanol,109.3500,25
2025-11-06,MT,gasolina,157.8900,25
2025-11-06,PA,diesel_s10,49.0300,7
2025-11-06,PA,etanol,9.7400,2
2025-11-06,PA,gasolina,68.9000,10
2025-11-06,PE,diesel_s10,151.5100,26
2025-11-06,PE,etanol,118.8100,25
2025-11-06,PE,gasolina,191.0500,30
2025-11-06,PI,diesel_s10,87.9200,15
2025-11-06,PI,etanol,54.2600,12
2025-11-06,PI,gasolina,104.4200,18
2025-11-06,PR,diesel_s10,352.7400,58
2025-11-06,PR,etanol,364.2400,84
2025-11-06,PR,gasolina,524.4700,83
2025-11-06,RJ,diesel_s10,75.1300,12
2025-11-06,RJ,etanol,65.4100,14
2025-11-06,RJ,gasolina,99.8700,16
2025-11-06,RN,diesel_s10,120.5700,19
2025-11-06,RN,etanol,101.8800,20
2025-11-06,RN,gasolina,152.7500,24
2025-11-06,RO,diesel_s10,77.9500,12
2025-11-06,RO,etanol,21.3000,4
2025-11-06,RO,gasolina,114.7600,17
2025-11-06,RS,diesel_s10,329.1500,54
2025-11-06,RS,etanol,130.8100,27
2025-11-06,RS,gasolina,413.5700,67
2025-11-06,SC,diesel_s10,41.4200,7
2025-11-06,SC,etanol,29.0200,6
2025-11-06,SC,gasolina,56.1300,9
2025-11-06,SE,diesel_s10,11.7600,2
2025-11-06,SE,gasolina,12.8400,2
2025-11-06,SP,diesel_s10,412.9400,68
2025-11-06,SP,etanol,439.5900,108
2025-11-06,SP,gasolina,643.5300,107
2025-11-06,TO,diesel_s10,154.8600,26
2025-11-06,TO,etanol,122.3100,26
2025-11-06,TO,gasolina,204.2000,32
2025-11-07,AM,diesel_s10,66.6200,8
2025-11-07,AM,gasolina,66.3200,8
2025-11-07,BA,diesel_s10,23.5300,4
2025-11-07,BA,etanol,33.0900,7
2025-11-07,BA,gasolina,44.0900,7
2025-11-07,GO,diesel_s10,11.7800,2
2025-11-07,GO,etanol,8.1800,2
2025-11-07,GO,gasolina,11.9200,2
2025-11-07,MG,diesel_s10,34.3000,6
2025-11-07,MG,etanol,30.9000,7
2025-11-07,MG,gasolina,48.4100,8
2025-11-07,PE,diesel_s10,91.8200,16
2025-11-07,PE,etanol,71.5800,16
2025-11-07,PE,gasolina,101.5600,17
2025-11-07,PR,diesel_s10,64.8900,11
2025-11-07,PR,etanol,64.8800,14
2025-11-07,PR,gasolina,91.7900,14
2025-11-07,SP,diesel_s10,23.8900,4
2025-11-07,SP,etanol,15.4900,4
2025-11-07,SP,gasolina,23.7600,4
2025-11-10,AL,diesel_s10,90.5400,14
2025-11-10,AL,etanol,118.8900,24
2025-11-10,AL,gasolina,198.5900,31
2025-11-10,AM,diesel_s10,91.3600,14
2025-11-10,AM,etanol,109.8700,20
2025-11-10,AM,gasolina,174.7500,25
2025-11-10,AP,diesel_s10,45.4800,7
2025-11-10,AP,etanol,5.5400,1
2025-11-10,AP,gasolina,66.6600,11
2025-11-10,BA,diesel_s10,115.7800,19
2025-11-10,BA,etanol,107.8900,23
2025-11-10,BA,gasolina,151.9500,24
2025-11-10,CE,diesel_s10,343.5800,58
2025-11-10,CE,etanol,300.9000,63
2025-11-10,CE,gasolina,435.5400,70
2025-11-10,DF,diesel_s10,29.7700,5
2025-11-10,DF,etanol,40.9400,9
2025-11-10,DF,gasolina,88.0600,14
2025-11-10,ES,diesel_s10,29.9700,5
2025-11-10,ES,etanol,22.1400,5
2025-11-10,ES,gasolina,37.1100,6
2025-11-10,GO,diesel_s10,121.1700,20
2025-11-10,GO,etanol,98.4800,21
2025-11-10,GO,gasolina,160.5100,25
2025-11-10,MA,diesel_s10,225.6000,38
2025-11-10,MA,etanol,135.3600,28
2025-11-10,MA,gasolina,250.5400,42
2025-11-10,MG,diesel_s10,625.9700,104
2025-11-10,MG,etanol,581.3600,134
2025-11-10,MG,gasolina,894.5400,147
2025-11-10,MS,diesel_s10,48.2300,8
2025-11-10,MS,etanol,37.1100,9
2025-11-10,MS,gasolina,164.7500,26
2025-11-10,MT,diesel_s10,77.8100,12
2025-11-10,MT,etanol,78.1100,18
2025-11-10,MT,gasolina,121.6600,19
2025-11-10,PA,diesel_s10,194.7900,31
2025-11-10,PA,etanol,87.2800,18
2025-11-10,PA,gasolina,306.6100,48
2025-11-10,PB,diesel_s10,97.2800,17
2025-11-10,PB,etanol,133.0600,31
2025-11-10,PB,gasolina,201.2700,34
2025-11-10,PE,diesel_s10,171.9900,29
2025-11-10,PE,etanol,202.6300,43
2025-11-10,PE,gasolina,291.0800,45
2025-11-10,PI,diesel_s10,25.3100,4
2025-11-10,PI,etanol,44.5800,10
2025-11-10,PI,gasolina,57.5800,10
2025-11-10,PR,diesel_s10,344.1100,57
2025-11-10,PR,etanol,353.4600,80
2025-11-10,PR,gasolina,514.9300,81
2025-11-10,RJ,diesel_s10,898.2800,146
2025-11-10,RJ,etanol,950.9600,209
2025-11-10,RJ,gasolina,1461.2900,241
2025-11-10,RN,diesel_s10,29.8100,5
2025-11-10,RN,etanol,23.6200,5
2025-11-10,RN,gasolina,30.2800,5
2025-11-10,RO,diesel_s10,90.3200,14
2025-11-10,RO,etanol,49.0300,9
2025-11-10,RO,gasolina,128.0400,19
2025-11-10,RR,diesel_s10,20.5800,3
2025-11-10,RR,etanol,5.1500,1
2025-11-10,RR,gasolina,27.8000,4
2025-11-10,RS,diesel_s10,357.7100,58
2025-11-10,RS,etanol,166.7200,35
2025-11-10,RS,gasolina,510.8500,83
2025-11-10,SC,diesel_s10,443.3000,72
2025-11-10,SC,etanol,334.9500,72
2025-11-10,SC,gasolina,678.3900,108
2025-11-10,SE,diesel_s10,58.3900,10
2025-11-10,SE,etanol,14.2900,3
2025-11-10,SE,gasolina,77.5200,12
2025-11-10,SP,diesel_s10,1834.3200,299
2025-11-10,SP,etanol,1944.2800,470
2025-11-10,SP,gasolina,2909.1300,478
2025-11-10,TO,diesel_s10,37.9300,6
2025-11-10,TO,etanol,34.1900,7
2025-11-10,TO,gasolina,60.9100,9
2025-11-11,AL,diesel_s10,46.8100,8
2025-11-11,AL,etanol,74.6400,15
2025-11-11,AL,gasolina,111.9600,18
2025-11-11,AM,diesel_s10,71.3900,11
2025-11-11,AM,etanol,60.3500,11
2025-11-11,AM,gasolina,97.8400,14
2025-11-11,BA,diesel_s10,162.3200,26
2025-11-11,BA,etanol,155.5400,33
2025-11-11,BA,gasolina,236.2200,37
2025-11-11,CE,diesel_s10,61.7700,10
2025-11-11,CE,etanol,72.0600,14
2025-11-11,CE,gasolina,105.2800,17
2025-11-11,DF,diesel_s10,78.0200,13
2025-11-11,DF,etanol,46.2300,10
2025-11-11,DF,gasolina,177.4300,28
2025-11-11,ES,diesel_s10,155.8200,26
2025-11-11,ES,etanol,129.2300,29
2025-11-11,ES,gasolina,259.0600,42
2025-11-11,GO,diesel_s10,146.8400,24
2025-11-11,GO,etanol,173.7900,39
2025-11-11,GO,gasolina,271.1000,43
2025-11-11,MA,diesel_s10,160.5400,27
2025-11-11,MA,etanol,82.5800,17
2025-11-11,MA,gasolina,159.5400,27
2025-11-11,MG,diesel_s10,376.1900,63
2025-11-11,MG,etanol,386.8500,90
2025-11-11,MG,gasolina,605.6800,100
2025-11-11,MS,diesel_s10,60.4600,10
2025-11-11,MS,etanol,57.7800,15
2025-11-11,MS,gasolina,103.7800,18
2025-11-11,MT,diesel_s10,87.6400,14
2025-11-11,MT,etanol,91.1800,21
2025-11-11,MT,gasolina,138.6700,22
2025-11-11,PA,diesel_s10,219.3900,35
2025-11-11,PA,etanol,109.1200,23
2025-11-11,PA,gasolina,296.4900,47
2025-11-11,PB,diesel_s10,6.0900,1
2025-11-11,PB,etanol,4.7400,1
2025-11-11,PB,gasolina,11.8500,2
2025-11-11,PE,diesel_s10,116.3100,20
2025-11-11,PE,etanol,95.1300,21
2025-11-11,PE,gasolina,162.6800,26
2025-11-11,PI,diesel_s10,12.1800,2
2025-11-11,PI,etanol,22.8400,5
2025-11-11,PI,gasolina,35.3600,6
2025-11-11,PR,diesel_s10,172.3400,29
2025-11-11,PR,etanol,178.4900,40
2025-11-11,PR,gasolina,250.7000,39
2025-11-11,RJ,diesel_s10,134.9500,22
2025-11-11,RJ,etanol,118.6900,26
2025-11-11,RJ,gasolina,184.3600,30
2025-11-11,RN,diesel_s10,36.2900,6
2025-11-11,RN,etanol,32.4100,7
2025-11-11,RN,gasolina,42.0900,7
2025-11-11,RO,diesel_s10,26.1200,4
2025-11-11,RO,etanol,30.9300,6
2025-11-11,RO,gasolina,53.8500,8
2025-11-11,RR,diesel_s10,48.0900,7
2025-11-11,RR,etanol,20.8400,4
2025-11-11,RR,gasolina,48.6500,7
2025-11-11,RS,diesel_s10,525.4500,85
2025-11-11,RS,etanol,327.5500,67
2025-11-11,RS,gasolina,838.7100,136
2025-11-11,SC,diesel_s10,73.3800,12
2025-11-11,SC,etanol,41.9700,9
2025-11-11,SC,gasolina,99.9400,16
2025-11-11,SE,diesel_s10,18.3300,3
2025-11-11,SE,etanol,43.6100,9
2025-11-11,SE,gasolina,111.3000,17
2025-11-11,SP,diesel_s10,1519.2700,250
2025-11-11,SP,etanol,1558.8900,382
2025-11-11,SP,gasolina,2318.3100,386
2025-11-12,AC,diesel_s10,29.7800,4
2025-11-12,AC,etanol,26.0200,5
2025-11-12,AC,gasolina,36.1700,5
2025-11-12,AL,diesel_s10,18.7900,3
2025-11-12,AL,etanol,15.3600,3
2025-11-12,AL,gasolina,18.9100,3
2025-11-12,BA,diesel_s10,133.1300,22
2025-11-12,BA,etanol,110.2900,23
2025-11-12,BA,gasolina,170.5700,27
2025-11-12,CE,diesel_s10,91.6200,15
2025-11-12,CE,etanol,89.2400,18
2025-11-12,CE,gasolina,117.2000,19
2025-11-12,DF,diesel_s10,5.9700,1
2025-11-12,DF,etanol,9.3500,2
2025-11-12,DF,gasolina,51.0400,8
2025-11-12,ES,diesel_s10,54.7000,9
2025-11-12,ES,etanol,53.5600,12
2025-11-12,ES,gasolina,126.4100,20
2025-11-12,GO,diesel_s10,78.2000,13
2025-11-12,GO,etanol,67.9700,15
2025-11-12,GO,gasolina,101.3400,16
2025-11-12,MA,diesel_s10,60.9600,10
2025-11-12,MA,etanol,40.4500,8
2025-11-12,MA,gasolina,74.3300,12
2025-11-12,MG,diesel_s10,385.2500,65
2025-11-12,MG,etanol,396.0600,92
2025-11-12,MG,gasolina,562.5900,94
2025-11-12,MT,diesel_s10,95.5300,15
2025-11-12,MT,etanol,100.9600,23
2025-11-12,MT,gasolina,144.8200,23
2025-11-12,PA,diesel_s10,67.0300,11
2025-11-12,PA,etanol,24.5400,5
2025-11-12,PA,gasolina,73.1500,12
2025-11-12,PB,diesel_s10,12.0800,2
2025-11-12,PB,etanol,4.8900,1
2025-11-12,PB,gasolina,30.4500,5
2025-11-12,PE,diesel_s10,255.8300,44
2025-11-12,PE,etanol,188.7500,40
2025-11-12,PE,gasolina,312.4900,49
2025-11-12,PI,diesel_s10,102.3800,17
2025-11-12,PI,etanol,75.8600,17
2025-11-12,PI,gasolina,151.4300,26
2025-11-12,PR,diesel_s10,164.3400,27
2025-11-12,PR,etanol,192.1600,43
2025-11-12,PR,gasolina,316.8300,49
2025-11-12,RJ,diesel_s10,37.5200,6
2025-11-12,RJ,etanol,45.5900,10
2025-11-12,RJ,gasolina,61.3300,10
2025-11-12,RN,diesel_s10,55.0100,9
2025-11-12,RN,etanol,50.8000,11
2025-11-12,RN,gasolina,59.2500,10
2025-11-12,RR,diesel_s10,13.7000,2
2025-11-12,RR,etanol,5.1500,1
2025-11-12,RR,gasolina,13.9000,2
2025-11-12,RS,diesel_s10,210.4600,34
2025-11-12,RS,etanol,95.8800,19
2025-11-12,RS,gasolina,270.9000,44
2025-11-12,SC,diesel_s10,97.0800,16
2025-11-12,SC,etanol,68.7400,14
2025-11-12,SC,gasolina,130.3800,21
2025-11-12,SE,diesel_s10,12.0800,2
2025-11-12,SE,etanol,14.7000,3
2025-11-12,SE,gasolina,19.6800,3
2025-11-12,SP,diesel_s10,608.2600,99
2025-11-12,SP,etanol,596.9600,147
2025-11-12,SP,gasolina,883.9400,148
2025-11-12,TO,diesel_s10,120.3300,20
2025-11-12,TO,etanol,94.4700,20
2025-11-12,TO,gasolina,139.6700,22
2025-11-13,AC,diesel_s10,32.6600,4
2025-11-13,AC,etanol,17.9800,3
2025-11-13,AC,gasolina,31.9100,4
2025-11-13,AL,diesel_s10,18.9900,3
2025-11-13,AL,etanol,15.1900,3
2025-11-13,AL,gasolina,31.0800,5
2025-11-13,AM,diesel_s10,53.3300,8
2025-11-13,AM,etanol,37.7400,7
2025-11-13,AM,gasolina,54.4700,8
2025-11-13,BA,diesel_s10,432.0100,71
2025-11-13,BA,etanol,384.2900,83
2025-11-13,BA,gasolina,577.2700,94
2025-11-13,CE,diesel_s10,90.0800,14
2025-11-13,CE,etanol,67.4000,13
2025-11-13,CE,gasolina,89.1600,14
2025-11-13,ES,diesel_s10,48.3600,8
2025-11-13,ES,etanol,33.3100,7
2025-11-13,ES,gasolina,101.2700,16
2025-11-13,GO,diesel_s10,107.5300,18
2025-11-13,GO,etanol,125.0600,28
2025-11-13,GO,gasolina,190.5700,30
2025-11-13,MA,diesel_s10,11.5300,2
2025-11-13,MA,etanol,4.4900,1
2025-11-13,MA,gasolina,11.4600,2
2025-11-13,MG,diesel_s10,334.7100,56
2025-11-13,MG,etanol,316.6300,75
2025-11-13,MG,gasolina,451.2500,76
2025-11-13,MT,diesel_s10,57.0600,9
2025-11-13,MT,etanol,47.9900,11
2025-11-13,MT,gasolina,69.7300,11
2025-11-13,PA,diesel_s10,29.1600,4
2025-11-13,PA,gasolina,55.6200,8
2025-11-13,PB,diesel_s10,18.2600,3
2025-11-13,PB,etanol,13.9400,3
2025-11-13,PB,gasolina,23.8200,4
2025-11-13,PE,diesel_s10,206.3700,36
2025-11-13,PE,etanol,170.5000,38
2025-11-13,PE,gasolina,251.8300,41
2025-11-13,PI,diesel_s10,23.6600,4
2025-11-13,PI,etanol,26.7600,6
2025-11-13,PI,gasolina,40.1100,7
2025-11-13,PR,diesel_s10,344.1900,57
2025-11-13,PR,etanol,349.9600,81
2025-11-13,PR,gasolina,502.1600,80
2025-11-13,RJ,diesel_s10,106.2800,17
2025-11-13,RJ,etanol,63.7100,14
2025-11-13,RJ,gasolina,138.7900,22
2025-11-13,RN,diesel_s10,107.7700,17
2025-11-13,RN,etanol,90.6000,18
2025-11-13,RN,gasolina,139.5400,22
2025-11-13,RO,diesel_s10,168.0900,26
2025-11-13,RO,etanol,86.8400,16
2025-11-13,RO,gasolina,200.4100,29
2025-11-13,RS,diesel_s10,278.6600,45
2025-11-13,RS,etanol,118.9500,25
2025-11-13,RS,gasolina,373.4500,59
2025-11-13,SC,diesel_s10,12.7100,2
2025-11-13,SC,etanol,5.1500,1
2025-11-13,SC,gasolina,12.6400,2
2025-11-13,SE,diesel_s10,46.4100,8
2025-11-13,SE,etanol,28.7800,6
2025-11-13,SE,gasolina,57.1300,9
2025-11-13,SP,diesel_s10,451.2100,74
2025-11-13,SP,etanol,451.9800,108
2025-11-13,SP,gasolina,655.4100,108
2025-11-13,TO,diesel_s10,34.9900,6
2025-11-13,TO,etanol,28.7800,6
2025-11-13,TO,gasolina,52.3800,8
2025-11-14,GO,diesel_s10,84.6300,14
2025-11-14,GO,etanol,76.7900,16
2025-11-14,GO,gasolina,116.2200,18
2025-11-14,MA,diesel_s10,40.5200,7
2025-11-14,MA,etanol,9.3800,2
2025-11-14,MA,gasolina,46.1900,8
2025-11-14,MT,diesel_s10,5.8900,1
2025-11-14,MT,etanol,8.7600,2
2025-11-14,MT,gasolina,6.2300,1
2025-11-14,PA,diesel_s10,5.7900,1
2025-11-14,PA,gasolina,5.9900,1
2025-11-14,PB,diesel_s10,6.5900,1
2025-11-14,PB,gasolina,5.8800,1
2025-11-14,PR,diesel_s10,47.0000,8
2025-11-14,PR,etanol,42.0100,9
2025-11-14,PR,gasolina,66.9600,10
2025-11-14,RS,diesel_s10,11.6400,2
2025-11-14,RS,etanol,4.4900,1
2025-11-14,RS,gasolina,11.7300,2
2025-11-14,SC,diesel_s10,24.6600,4
2025-11-14,SC,etanol,9.4300,2
2025-11-14,SC,gasolina,31.1200,5
2025-11-14,SP,diesel_s10,139.1300,22
2025-11-14,SP,etanol,180.6100,43
2025-11-14,SP,gasolina,266.4300,43
2025-11-17,AL,diesel_s10,30.2500,5
2025-11-17,AL,etanol,68.7500,14
2025-11-17,AL,gasolina,118.2400,19
2025-11-17,AM,diesel_s10,97.8300,15
2025-11-17,AM,etanol,104.3600,19
2025-11-17,AM,gasolina,167.7400,24
2025-11-17,AP,diesel_s10,45.3700,7
2025-11-17,AP,etanol,5.5400,1
2025-11-17,AP,gasolina,66.5900,11
2025-11-17,BA,diesel_s10,235.3000,38
2025-11-17,BA,etanol,245.0600,51
2025-11-17,BA,gasolina,369.8600,58
2025-11-17,CE,diesel_s10,338.5600,57
2025-11-17,CE,etanol,296.4900,62
2025-11-17,CE,gasolina,391.8700,63
2025-11-17,DF,diesel_s10,83.7100,14
2025-11-17,DF,etanol,82.1900,18
2025-11-17,DF,gasolina,184.6200,29
2025-11-17,ES,diesel_s10,78.1800,13
2025-11-17,ES,etanol,50.8300,11
2025-11-17,ES,gasolina,108.2500,17
2025-11-17,GO,diesel_s10,228.4100,38
2025-11-17,GO,etanol,194.0400,43
2025-11-17,GO,gasolina,295.1700,47
2025-11-17,MA,diesel_s10,226.7500,38
2025-11-17,MA,etanol,148.4300,31
2025-11-17,MA,gasolina,266.4700,45
2025-11-17,MG,diesel_s10,473.9900,79
2025-11-17,MG,etanol,517.9000,119
2025-11-17,MG,gasolina,786.6600,130
2025-11-17,MS,diesel_s10,18.3500,3
2025-11-17,MS,etanol,17.3900,4
2025-11-17,MS,gasolina,135.6000,21
2025-11-17,MT,diesel_s10,96.4600,15
2025-11-17,MT,etanol,96.3000,22
2025-11-17,MT,gasolina,146.4400,23
2025-11-17,PA,diesel_s10,123.7000,20
2025-11-17,PA,etanol,61.6000,13
2025-11-17,PA,gasolina,213.5600,34
2025-11-17,PB,diesel_s10,57.8500,10
2025-11-17,PB,etanol,74.7800,17
2025-11-17,PB,gasolina,131.0100,22
2025-11-17,PE,diesel_s10,121.9700,21
2025-11-17,PE,etanol,126.1600,28
2025-11-17,PE,gasolina,192.0500,30
2025-11-17,PI,diesel_s10,5.9900,1
2025-11-17,PI,etanol,26.0600,6
2025-11-17,PI,gasolina,34.5800,6
2025-11-17,PR,diesel_s10,97.6300,16
2025-11-17,PR,etanol,79.3800,18
2025-11-17,PR,gasolina,125.5000,20
2025-11-17,RJ,diesel_s10,648.8400,106
2025-11-17,RJ,etanol,658.6800,144
2025-11-17,RJ,gasolina,986.3500,163
2025-11-17,RN,diesel_s10,30.1700,5
2025-11-17,RN,etanol,27.7900,6
2025-11-17,RN,gasolina,29.6000,5
2025-11-17,RO,diesel_s10,96.5700,15
2025-11-17,RO,etanol,70.7100,13
2025-11-17,RO,gasolina,116.7600,17
2025-11-17,RR,diesel_s10,34.3800,5
2025-11-17,RR,etanol,10.3000,2
2025-11-17,RR,gasolina,41.7000,6
2025-11-17,RS,diesel_s10,98.0300,16
2025-11-17,RS,etanol,33.9900,7
2025-11-17,RS,gasolina,159.5100,26
2025-11-17,SC,diesel_s10,446.8200,73
2025-11-17,SC,etanol,325.2800,70
2025-11-17,SC,gasolina,624.7900,100
2025-11-17,SE,diesel_s10,70.1700,12
2025-11-17,SE,etanol,28.8900,6
2025-11-17,SE,gasolina,90.6300,14
2025-11-17,SP,diesel_s10,1799.2000,295
2025-11-17,SP,etanol,1960.1300,473
2025-11-17,SP,gasolina,2912.2000,480
2025-11-18,AL,diesel_s10,48.5600,7
2025-11-18,AL,etanol,45.6700,9
2025-11-18,AL,gasolina,68.9400,10
2025-11-18,AM,diesel_s10,77.9800,12
2025-11-18,AM,etanol,65.8400,12
2025-11-18,AM,gasolina,104.7300,15
2025-11-18,BA,diesel_s10,233.0300,37
2025-11-18,BA,etanol,209.1800,44
2025-11-18,BA,gasolina,301.5500,47
2025-11-18,CE,diesel_s10,66.7300,11
2025-11-18,CE,etanol,64.7500,13
2025-11-18,CE,gasolina,105.1100,17
2025-11-18,DF,diesel_s10,24.2100,4
2025-11-18,DF,etanol,18.6500,4
2025-11-18,DF,gasolina,135.5400,21
2025-11-18,ES,diesel_s10,174.7000,29
2025-11-18,ES,etanol,181.2600,41
2025-11-18,ES,gasolina,300.8700,49
2025-11-18,GO,diesel_s10,199.1400,33
2025-11-18,GO,etanol,245.3200,53
2025-11-18,GO,gasolina,365.0100,57
2025-11-18,MA,diesel_s10,134.2500,22
2025-11-18,MA,etanol,71.7800,14
2025-11-18,MA,gasolina,165.5800,27
2025-11-18,MG,diesel_s10,453.9100,76
2025-11-18,MG,etanol,419.8900,97
2025-11-18,MG,gasolina,645.7300,107
2025-11-18,MS,diesel_s10,72.1700,12
2025-11-18,MS,etanol,70.0300,18
2025-11-18,MS,gasolina,132.8300,23
2025-11-18,MT,diesel_s10,63.2400,10
2025-11-18,MT,etanol,74.3800,17
2025-11-18,MT,gasolina,107.5100,17
2025-11-18,PA,diesel_s10,93.0100,15
2025-11-18,PA,etanol,40.9400,9
2025-11-18,PA,gasolina,110.3200,18
2025-11-18,PB,diesel_s10,18.2600,3
2025-11-18,PB,etanol,14.0400,3
2025-11-18,PB,gasolina,23.9400,4
2025-11-18,PE,diesel_s10,181.7600,31
2025-11-18,PE,etanol,136.2700,30
2025-11-18,PE,gasolina,202.5100,32
2025-11-18,PI,diesel_s10,49.1300,8
2025-11-18,PI,etanol,18.7200,4
2025-11-18,PI,gasolina,47.9600,8
2025-11-18,PR,diesel_s10,192.9600,32
2025-11-18,PR,etanol,240.4600,53
2025-11-18,PR,gasolina,379.1400,58
2025-11-18,RJ,diesel_s10,271.1700,44
2025-11-18,RJ,etanol,259.4300,57
2025-11-18,RJ,gasolina,404.8000,67
2025-11-18,RN,diesel_s10,55.6900,9
2025-11-18,RN,etanol,40.7100,9
2025-11-18,RN,gasolina,59.3900,10
2025-11-18,RO,diesel_s10,32.2100,5
2025-11-18,RO,etanol,36.3200,7
2025-11-18,RO,gasolina,60.6200,9
2025-11-18,RR,diesel_s10,47.9900,7
2025-11-18,RR,etanol,20.6900,4
2025-11-18,RR,gasolina,48.6500,7
2025-11-18,RS,diesel_s10,619.9000,99
2025-11-18,RS,etanol,357.4300,72
2025-11-18,RS,gasolina,920.3100,149
2025-11-18,SC,diesel_s10,72.7300,12
2025-11-18,SC,etanol,107.3600,22
2025-11-18,SC,gasolina,217.0200,34
2025-11-18,SE,diesel_s10,12.0400,2
2025-11-18,SE,etanol,38.6300,8
2025-11-18,SE,gasolina,111.3000,17
2025-11-18,SP,diesel_s10,1475.1800,243
2025-11-18,SP,etanol,1542.0700,378
2025-11-18,SP,gasolina,2313.3700,386
2025-11-18,TO,diesel_s10,54.4800,9
2025-11-18,TO,etanol,48.0400,10
2025-11-18,TO,gasolina,83.0700,13
2025-11-19,AC,diesel_s10,44.5700,6
2025-11-19,AC,etanol,41.9000,8
2025-11-19,AC,gasolina,65.1300,9
2025-11-19,AL,diesel_s10,64.7900,11
2025-11-19,AL,etanol,94.2300,19
2025-11-19,AL,gasolina,137.6300,22
2025-11-19,AM,diesel_s10,53.3300,8
2025-11-19,AM,etanol,37.7400,7
2025-11-19,AM,gasolina,54.2700,8
2025-11-19,BA,diesel_s10,228.1100,37
2025-11-19,BA,etanol,206.1200,44
2025-11-19,BA,gasolina,286.3900,45
2025-11-19,CE,diesel_s10,54.3600,9
2025-11-19,CE,etanol,65.2600,14
2025-11-19,CE,gasolina,91.5000,15
2025-11-19,ES,diesel_s10,30.0500,5
2025-11-19,ES,etanol,18.1500,4
2025-11-19,ES,gasolina,51.7200,8
2025-11-19,GO,diesel_s10,148.8900,25
2025-11-19,GO,etanol,138.5100,30
2025-11-19,GO,gasolina,205.0200,32
2025-11-19,MA,diesel_s10,81.7500,14
2025-11-19,MA,etanol,24.2700,5
2025-11-19,MA,gasolina,74.8900,13
2025-11-19,MG,diesel_s10,384.1700,64
2025-11-19,MG,etanol,433.9900,101
2025-11-19,MG,gasolina,636.4800,105
2025-11-19,MT,diesel_s10,100.9800,16
2025-11-19,MT,etanol,106.8100,24
2025-11-19,MT,gasolina,151.6500,24
2025-11-19,PA,diesel_s10,113.0000,17
2025-11-19,PA,etanol,25.2100,5
2025-11-19,PA,gasolina,141.9600,21
2025-11-19,PB,diesel_s10,63.2200,11
2025-11-19,PB,etanol,63.0000,15
2025-11-19,PB,gasolina,100.1000,17
2025-11-19,PE,diesel_s10,225.9900,39
2025-11-19,PE,etanol,182.2800,40
2025-11-19,PE,gasolina,321.5100,52
2025-11-19,PI,diesel_s10,100.5000,17
2025-11-19,PI,etanol,118.3300,27
2025-11-19,PI,gasolina,201.6400,35
2025-11-19,PR,diesel_s10,374.8000,62
2025-11-19,PR,etanol,393.0000,89
2025-11-19,PR,gasolina,530.0500,83
2025-11-19,RJ,diesel_s10,124.1500,19
2025-11-19,RJ,etanol,125.3900,27
2025-11-19,RJ,gasolina,209.7700,33
2025-11-19,RN,diesel_s10,18.5400,3
2025-11-19,RN,etanol,13.0700,3
2025-11-19,RN,gasolina,17.7500,3
2025-11-19,RO,diesel_s10,69.5500,11
2025-11-19,RO,etanol,38.4300,7
2025-11-19,RO,gasolina,89.6600,13
2025-11-19,RS,diesel_s10,250.4400,41
2025-11-19,RS,etanol,136.0700,28
2025-11-19,RS,gasolina,371.2700,60
2025-11-19,SC,diesel_s10,56.6000,9
2025-11-19,SC,etanol,19.8200,4
2025-11-19,SC,gasolina,68.7600,11
2025-11-19,SE,gasolina,6.5700,1
2025-11-19,SP,diesel_s10,749.6400,122
2025-11-19,SP,etanol,698.3700,168
2025-11-19,SP,gasolina,1031.5400,171
2025-11-19,TO,diesel_s10,18.3300,3
2025-11-19,TO,etanol,19.1700,4
2025-11-19,TO,gasolina,25.1600,4
2025-11-20,AC,diesel_s10,32.6600,4
2025-11-20,AC,etanol,17.9800,3
2025-11-20,AC,gasolina,31.9000,4
2025-11-20,BA,diesel_s10,227.9000,38
2025-11-20,BA,etanol,196.9300,41
2025-11-20,BA,gasolina,308.4700,49
2025-11-20,CE,diesel_s10,53.4300,8
2025-11-20,CE,etanol,44.6700,8
2025-11-20,CE,gasolina,53.0600,8
2025-11-20,ES,diesel_s10,36.4200,6
2025-11-20,ES,etanol,13.6500,3
2025-11-20,ES,gasolina,57.5900,9
2025-11-20,GO,diesel_s10,47.5100,8
2025-11-20,GO,etanol,44.3700,10
2025-11-20,GO,gasolina,62.2000,10
2025-11-20,MA,diesel_s10,6.1000,1
2025-11-20,MA,etanol,5.4000,1
2025-11-20,MA,gasolina,6.5900,1
2025-11-20,MG,diesel_s10,232.2300,39
2025-11-20,MG,etanol,200.2500,47
2025-11-20,MG,gasolina,285.8900,48
2025-11-20,PA,diesel_s10,80.0400,13
2025-11-20,PA,etanol,14.8900,3
2025-11-20,PA,gasolina,93.8500,15
2025-11-20,PB,diesel_s10,6.5900,1
2025-11-20,PB,etanol,4.7400,1
2025-11-20,PB,gasolina,11.8400,2
2025-11-20,PE,diesel_s10,181.4700,31
2025-11-20,PE,etanol,125.9300,29
2025-11-20,PE,gasolina,229.4300,36
2025-11-20,PR,diesel_s10,248.7000,41
2025-11-20,PR,etanol,266.6700,61
2025-11-20,PR,gasolina,386.6000,61
2025-11-20,RJ,diesel_s10,86.9700,14
2025-11-20,RJ,etanol,63.8400,14
2025-11-20,RJ,gasolina,98.7900,16
2025-11-20,RN,diesel_s10,59.4900,10
2025-11-20,RN,etanol,56.9500,12
2025-11-20,RN,gasolina,86.1900,14
2025-11-20,RO,diesel_s10,98.0000,15
2025-11-20,RO,etanol,26.6000,5
2025-11-20,RO,gasolina,121.7000,18
2025-11-20,RS,diesel_s10,229.1300,38
2025-11-20,RS,etanol,123.4600,26
2025-11-20,RS,gasolina,332.5600,54
2025-11-20,SC,diesel_s10,18.5100,3
2025-11-20,SC,etanol,9.6100,2
2025-11-20,SC,gasolina,18.5000,3
2025-11-20,SE,diesel_s10,34.6700,6
2025-11-20,SE,etanol,23.8900,5
2025-11-20,SE,gasolina,50.5600,8
2025-11-20,SP,diesel_s10,426.9700,70
2025-11-20,SP,etanol,454.3600,108
2025-11-20,SP,gasolina,673.9100,110
2025-11-20,TO,diesel_s10,40.8800,7
2025-11-20,TO,etanol,28.7800,6
2025-11-20,TO,gasolina,52.3300,8
2025-11-21,AC,diesel_s10,14.7800,2
2025-11-21,AC,etanol,10.3300,2
2025-11-21,AC,gasolina,21.9700,3
2025-11-21,BA,diesel_s10,116.9600,19
2025-11-21,BA,etanol,106.1700,22
2025-11-21,BA,gasolina,128.6100,20
2025-11-21,CE,diesel_s10,71.9400,12
2025-11-21,CE,etanol,59.7700,13
2025-11-21,CE,gasolina,103.4800,17
2025-11-21,ES,diesel_s10,18.4700,3
2025-11-21,ES,etanol,9.6800,2
2025-11-21,ES,gasolina,44.7300,7
2025-11-21,GO,diesel_s10,42.2300,7
2025-11-21,GO,etanol,43.0400,10
2025-11-21,GO,gasolina,62.3000,10
2025-11-21,MA,diesel_s10,23.7600,4
2025-11-21,MA,gasolina,25.7300,4
2025-11-21,MG,diesel_s10,85.0500,14
2025-11-21,MG,etanol,81.6200,19
2025-11-21,MG,gasolina,118.5600,20
2025-11-21,MT,diesel_s10,70.4600,11
2025-11-21,MT,etanol,61.0800,14
2025-11-21,MT,gasolina,88.9400,14
2025-11-21,PA,diesel_s10,89.2400,14
2025-11-21,PA,etanol,48.5200,10
2025-11-21,PA,gasolina,91.6200,14
2025-11-21,PB,diesel_s10,17.2200,3
2025-11-21,PB,etanol,15.9600,4
2025-11-21,PB,gasolina,23.1600,4
2025-11-21,PR,diesel_s10,169.0700,28
2025-11-21,PR,etanol,169.2800,39
2025-11-21,PR,gasolina,245.6700,39
2025-11-21,RJ,diesel_s10,54.4500,9
2025-11-21,RJ,etanol,41.4200,8
2025-11-21,RJ,gasolina,87.1700,13
2025-11-21,RN,diesel_s10,78.9300,12
2025-11-21,RN,etanol,54.6800,11
2025-11-21,RN,gasolina,76.9300,12
2025-11-21,RS,diesel_s10,216.4100,35
2025-11-21,RS,etanol,91.1600,19
2025-11-21,RS,gasolina,313.7300,50
2025-11-21,SC,diesel_s10,12.4300,2
2025-11-21,SC,gasolina,12.4200,2
2025-11-21,SP,diesel_s10,130.9900,21
2025-11-21,SP,etanol,139.9500,34
2025-11-21,SP,gasolina,205.9400,34
2025-11-22,SP,diesel_s10,96.3000,16
2025-11-22,SP,etanol,120.3500,29
2025-11-22,SP,gasolina,186.3200,31
2025-11-24,AL,diesel_s10,35.0400,6
2025-11-24,AL,etanol,54.3700,11
2025-11-24,AL,gasolina,87.4100,14
2025-11-24,AM,diesel_s10,143.2600,22
2025-11-24,AM,etanol,148.2800,27
2025-11-24,AM,gasolina,230.6500,33
2025-11-24,AP,diesel_s10,45.3700,7
2025-11-24,AP,etanol,5.5400,1
2025-11-24,AP,gasolina,66.5900,11
2025-11-24,BA,diesel_s10,144.3300,23
2025-11-24,BA,etanol,150.3900,31
2025-11-24,BA,gasolina,229.6200,36
2025-11-24,CE,diesel_s10,317.5000,54
2025-11-24,CE,etanol,267.5400,57
2025-11-24,CE,gasolina,341.0400,56
2025-11-24,DF,diesel_s10,89.5500,15
2025-11-24,DF,etanol,77.9200,17
2025-11-24,DF,gasolina,164.7400,26
2025-11-24,ES,diesel_s10,85.1300,14
2025-11-24,ES,etanol,73.0100,16
2025-11-24,ES,gasolina,141.8100,23
2025-11-24,GO,diesel_s10,222.7600,37
2025-11-24,GO,etanol,184.8600,41
2025-11-24,GO,gasolina,288.1100,46
2025-11-24,MA,diesel_s10,244.5900,41
2025-11-24,MA,etanol,141.5200,29
2025-11-24,MA,gasolina,286.2800,48
2025-11-24,MG,diesel_s10,613.7000,103
2025-11-24,MG,etanol,704.7100,160
2025-11-24,MG,gasolina,1050.4400,174
2025-11-24,MS,diesel_s10,24.3000,4
2025-11-24,MS,etanol,21.6800,5
2025-11-24,MS,gasolina,135.6000,21
2025-11-24,MT,diesel_s10,108.4400,17
2025-11-24,MT,etanol,110.0700,25
2025-11-24,MT,gasolina,166.1200,26
2025-11-24,PA,diesel_s10,190.9200,31
2025-11-24,PA,etanol,101.2000,21
2025-11-24,PA,gasolina,283.0500,45
2025-11-24,PB,diesel_s10,80.6200,14
2025-11-24,PB,etanol,65.4600,16
2025-11-24,PB,gasolina,98.7900,17
2025-11-24,PE,diesel_s10,219.5100,38
2025-11-24,PE,etanol,201.7000,48
2025-11-24,PE,gasolina,336.1900,56
2025-11-24,PI,diesel_s10,55.1200,9
2025-11-24,PI,etanol,44.7100,10
2025-11-24,PI,gasolina,82.1900,14
2025-11-24,PR,diesel_s10,144.7100,24
2025-11-24,PR,etanol,154.2500,35
2025-11-24,PR,gasolina,235.8500,37
2025-11-24,RJ,diesel_s10,651.0400,106
2025-11-24,RJ,etanol,744.9700,161
2025-11-24,RJ,gasolina,1145.3800,188
2025-11-24,RN,diesel_s10,35.7000,6
2025-11-24,RN,etanol,25.4400,6
2025-11-24,RN,gasolina,35.2200,6
2025-11-24,RO,diesel_s10,37.6700,6
2025-11-24,RO,etanol,27.5600,5
2025-11-24,RO,gasolina,55.0100,8
2025-11-24,RR,diesel_s10,27.4300,4
2025-11-24,RR,etanol,10.3900,2
2025-11-24,RR,gasolina,27.8000,4
2025-11-24,RS,diesel_s10,344.8000,56
2025-11-24,RS,etanol,219.2700,45
2025-11-24,RS,gasolina,554.7600,90
2025-11-24,SC,diesel_s10,315.1300,51
2025-11-24,SC,etanol,251.7800,53
2025-11-24,SC,gasolina,503.2200,80
2025-11-24,SE,diesel_s10,46.2000,8
2025-11-24,SE,etanol,9.4000,2
2025-11-24,SE,gasolina,51.2800,8
2025-11-24,SP,diesel_s10,1719.9200,280
2025-11-24,SP,etanol,1886.5100,451
2025-11-24,SP,gasolina,2785.5600,456
2025-11-24,TO,diesel_s10,44.2200,7
2025-11-24,TO,etanol,34.1900,7
2025-11-24,TO,gasolina,60.9000,9
2025-11-25,AL,diesel_s10,29.1000,5
2025-11-25,AL,etanol,29.5500,6
2025-11-25,AL,gasolina,43.8600,7
2025-11-25,BA,diesel_s10,254.5800,41
2025-11-25,BA,etanol,227.2400,48
2025-11-25,BA,gasolina,312.2400,49
2025-11-25,CE,diesel_s10,29.3500,5
2025-11-25,CE,etanol,28.7600,6
2025-11-25,CE,gasolina,34.6200,6
2025-11-25,DF,diesel_s10,24.2100,4
2025-11-25,DF,etanol,18.6500,4
2025-11-25,DF,gasolina,147.5600,23
2025-11-25,ES,diesel_s10,59.9500,10
2025-11-25,ES,etanol,65.8700,15
2025-11-25,ES,gasolina,116.7400,19
2025-11-25,GO,diesel_s10,254.5000,42
2025-11-25,GO,etanol,318.5000,69
2025-11-25,GO,gasolina,451.8800,71
2025-11-25,MA,diesel_s10,167.2400,28
2025-11-25,MA,etanol,82.2900,17
2025-11-25,MA,gasolina,171.1200,29
2025-11-25,MG,diesel_s10,455.1800,76
2025-11-25,MG,etanol,402.8800,93
2025-11-25,MG,gasolina,621.3700,103
2025-11-25,MS,diesel_s10,90.3700,15
2025-11-25,MS,etanol,73.9200,19
2025-11-25,MS,gasolina,132.6700,23
2025-11-25,MT,diesel_s10,57.9700,9
2025-11-25,MT,etanol,65.7500,15
2025-11-25,MT,gasolina,94.3400,15
2025-11-25,PA,diesel_s10,76.2900,13
2025-11-25,PA,etanol,36.8600,8
2025-11-25,PA,gasolina,97.9300,17
2025-11-25,PB,diesel_s10,36.1300,6
2025-11-25,PB,etanol,30.5100,7
2025-11-25,PB,gasolina,53.0400,9
2025-11-25,PE,diesel_s10,248.3800,42
2025-11-25,PE,etanol,184.8300,39
2025-11-25,PE,gasolina,297.1700,47
2025-11-25,PI,diesel_s10,17.4000,3
2025-11-25,PI,etanol,14.0700,3
2025-11-25,PI,gasolina,28.9200,5
2025-11-25,PR,diesel_s10,399.9800,66
2025-11-25,PR,etanol,453.6200,102
2025-11-25,PR,gasolina,655.9400,103
2025-11-25,RJ,diesel_s10,154.6600,25
2025-11-25,RJ,etanol,178.5500,38
2025-11-25,RJ,gasolina,242.0300,39
2025-11-25,RN,diesel_s10,86.0800,14
2025-11-25,RN,etanol,73.0200,16
2025-11-25,RN,gasolina,101.4800,17
2025-11-25,RO,diesel_s10,114.7700,18
2025-11-25,RO,etanol,69.6300,13
2025-11-25,RO,gasolina,135.2300,20
2025-11-25,RR,diesel_s10,41.1400,6
2025-11-25,RR,etanol,20.6000,4
2025-11-25,RR,gasolina,48.6500,7
2025-11-25,RS,diesel_s10,295.9300,48
2025-11-25,RS,etanol,196.5400,40
2025-11-25,RS,gasolina,469.8600,76
2025-11-25,SC,diesel_s10,231.9200,38
2025-11-25,SC,etanol,180.3600,39
2025-11-25,SC,gasolina,339.1200,54
2025-11-25,SE,diesel_s10,24.1200,4
2025-11-25,SE,etanol,43.2400,9
2025-11-25,SE,gasolina,117.8200,18
2025-11-25,SP,diesel_s10,1512.8600,248
2025-11-25,SP,etanol,1565.0800,378
2025-11-25,SP,gasolina,2279.9200,379
2025-11-25,TO,diesel_s10,48.4500,8
2025-11-25,TO,etanol,42.1900,9
2025-11-25,TO,gasolina,68.2700,11
2025-11-26,AC,diesel_s10,15.4300,2
2025-11-26,AC,etanol,10.4600,2
2025-11-26,AC,gasolina,14.6600,2
2025-11-26,AL,diesel_s10,101.9000,16
2025-11-26,AL,etanol,118.6200,24
2025-11-26,AL,gasolina,180.6500,28
2025-11-26,AM,diesel_s10,26.0600,4
2025-11-26,AM,etanol,27.4300,5
2025-11-26,AM,gasolina,41.8300,6
2025-11-26,BA,diesel_s10,300.9800,48
2025-11-26,BA,etanol,247.7400,52
2025-11-26,BA,gasolina,364.4300,57
2025-11-26,CE,diesel_s10,130.0500,21
2025-11-26,CE,etanol,131.3200,27
2025-11-26,CE,gasolina,205.7000,33
2025-11-26,ES,diesel_s10,113.7300,19
2025-11-26,ES,etanol,85.6500,19
2025-11-26,ES,gasolina,201.4900,32
2025-11-26,GO,diesel_s10,47.8800,8
2025-11-26,GO,etanol,47.3000,10
2025-11-26,GO,gasolina,77.2800,12
2025-11-26,MA,diesel_s10,5.7400,1
2025-11-26,MA,gasolina,5.9600,1
2025-11-26,MG,diesel_s10,428.4900,71
2025-11-26,MG,etanol,413.9500,94
2025-11-26,MG,gasolina,600.9800,99
2025-11-26,MT,diesel_s10,114.0300,18
2025-11-26,MT,etanol,123.6400,28
2025-11-26,MT,gasolina,176.3300,28
2025-11-26,PA,diesel_s10,149.0000,23
2025-11-26,PA,etanol,54.7900,11
2025-11-26,PA,gasolina,190.1700,29
2025-11-26,PB,diesel_s10,81.7700,14
2025-11-26,PB,etanol,95.4300,22
2025-11-26,PB,gasolina,172.0300,29
2025-11-26,PE,diesel_s10,137.8800,24
2025-11-26,PE,etanol,119.9600,27
2025-11-26,PE,gasolina,185.2900,30
2025-11-26,PI,diesel_s10,88.2600,15
2025-11-26,PI,etanol,100.9600,23
2025-11-26,PI,gasolina,155.2400,27
2025-11-26,PR,diesel_s10,243.3600,40
2025-11-26,PR,etanol,236.8100,54
2025-11-26,PR,gasolina,349.9100,55
2025-11-26,RJ,diesel_s10,61.7500,10
2025-11-26,RJ,etanol,77.6500,17
2025-11-26,RJ,gasolina,112.1100,18
2025-11-26,RN,diesel_s10,11.7500,2
2025-11-26,RN,etanol,7.9800,2
2025-11-26,RN,gasolina,11.4400,2
2025-11-26,RO,diesel_s10,51.0300,8
2025-11-26,RO,etanol,27.4500,5
2025-11-26,RO,gasolina,55.8400,8
2025-11-26,RR,diesel_s10,13.8000,2
2025-11-26,RR,etanol,5.1500,1
2025-11-26,RR,gasolina,13.9000,2
2025-11-26,RS,diesel_s10,419.7400,67
2025-11-26,RS,etanol,187.8700,38
2025-11-26,RS,gasolina,636.4800,102
2025-11-26,SC,diesel_s10,37.1800,6
2025-11-26,SC,etanol,14.8300,3
2025-11-26,SC,gasolina,49.8400,8
2025-11-26,SE,diesel_s10,23.8600,4
2025-11-26,SE,etanol,24.4800,5
2025-11-26,SE,gasolina,39.3900,6
2025-11-26,SP,diesel_s10,835.1700,137
2025-11-26,SP,etanol,845.0200,204
2025-11-26,SP,gasolina,1247.9000,207
2025-11-26,TO,diesel_s10,35.0800,6
2025-11-26,TO,etanol,33.5300,7
2025-11-26,TO,gasolina,52.6200,8
2025-11-27,AC,diesel_s10,52.7900,7
2025-11-27,AC,etanol,42.7800,8
2025-11-27,AC,gasolina,66.7500,9
2025-11-27,AM,diesel_s10,53.3300,8
2025-11-27,AM,etanol,37.7400,7
2025-11-27,AM,gasolina,54.2700,8
2025-11-27,BA,diesel_s10,276.6100,45
2025-11-27,BA,etanol,254.2500,53
2025-11-27,BA,gasolina,376.9100,59
2025-11-27,CE,diesel_s10,108.3900,17
2025-11-27,CE,etanol,92.4400,17
2025-11-27,CE,gasolina,110.5700,17
2025-11-27,ES,diesel_s10,5.9900,1
2025-11-27,ES,gasolina,6.3900,1
2025-11-27,GO,diesel_s10,168.4100,28
2025-11-27,GO,etanol,175.4500,40
2025-11-27,GO,gasolina,250.5900,40
2025-11-27,MA,diesel_s10,12.5500,2
2025-11-27,MA,etanol,5.2900,1
2025-11-27,MA,gasolina,13.2300,2
2025-11-27,MG,diesel_s10,305.9500,51
2025-11-27,MG,etanol,302.8000,70
2025-11-27,MG,gasolina,432.5700,72
2025-11-27,MT,diesel_s10,37.9300,6
2025-11-27,MT,etanol,30.7900,7
2025-11-27,MT,gasolina,51.4000,8
2025-11-27,PA,diesel_s10,114.1200,18
2025-11-27,PA,etanol,42.6300,9
2025-11-27,PA,gasolina,148.0200,23
2025-11-27,PB,diesel_s10,6.5900,1
2025-11-27,PB,gasolina,5.8800,1
2025-11-27,PE,diesel_s10,191.4800,33
2025-11-27,PE,etanol,155.2900,34
2025-11-27,PE,gasolina,240.5300,38
2025-11-27,PI,diesel_s10,18.5300,3
2025-11-27,PI,etanol,4.3900,1
2025-11-27,PI,gasolina,18.0300,3
2025-11-27,PR,diesel_s10,265.4900,44
2025-11-27,PR,etanol,285.6200,65
2025-11-27,PR,gasolina,374.1500,59
2025-11-27,RJ,diesel_s10,202.7300,33
2025-11-27,RJ,etanol,177.6400,38
2025-11-27,RJ,gasolina,264.0300,43
2025-11-27,RN,diesel_s10,29.5800,5
2025-11-27,RN,etanol,40.6000,9
2025-11-27,RN,gasolina,59.8500,10
2025-11-27,RO,diesel_s10,104.0100,16
2025-11-27,RO,etanol,32.0900,6
2025-11-27,RO,gasolina,135.0600,20
2025-11-27,RS,diesel_s10,380.8800,62
2025-11-27,RS,etanol,149.0200,31
2025-11-27,RS,gasolina,454.6700,73
2025-11-27,SC,diesel_s10,36.1900,6
2025-11-27,SC,etanol,19.1400,4
2025-11-27,SC,gasolina,36.9100,6
2025-11-27,SE,diesel_s10,46.9100,8
2025-11-27,SE,etanol,23.8900,5
2025-11-27,SE,gasolina,57.1400,9
2025-11-27,SP,diesel_s10,469.8400,76
2025-11-27,SP,etanol,473.6800,112
2025-11-27,SP,gasolina,695.6700,114
2025-11-27,TO,diesel_s10,35.5200,6
2025-11-27,TO,etanol,24.4800,5
2025-11-27,TO,gasolina,45.9300,7
2025-11-28,BA,diesel_s10,18.0600,3
2025-11-28,BA,etanol,13.8900,3
2025-11-28,BA,gasolina,18.5800,3
2025-11-28,PR,diesel_s10,17.6500,3
2025-11-28,PR,etanol,18.6100,4
2025-11-28,PR,gasolina,26.7100,4
2025-11-28,RJ,diesel_s10,41.2200,6
2025-11-28,RJ,etanol,30.1700,6
2025-11-28,RJ,gasolina,45.4100,7
2025-11-28,SC,diesel_s10,31.4000,5
2025-11-28,SC,etanol,9.6900,2
2025-11-28,SC,gasolina,31.2200,5
2025-11-28,SP,diesel_s10,72.9800,12
2025-11-28,SP,etanol,66.3900,16
2025-11-28,SP,gasolina,96.5300,16
2025-12-01,AL,diesel_s10,41.5800,7
2025-12-01,AL,etanol,73.0200,15
2025-12-01,AL,gasolina,117.7900,19
2025-12-01,AM,diesel_s10,104.3200,16
2025-12-01,AM,etanol,109.8500,20
2025-12-01,AM,gasolina,174.7300,25
2025-12-01,AP,diesel_s10,45.2200,7
2025-12-01,AP,etanol,5.5400,1
2025-12-01,AP,gasolina,66.5900,11
2025-12-01,BA,diesel_s10,394.2300,63
2025-12-01,BA,etanol,388.6700,80
2025-12-01,BA,gasolina,573.6200,90
2025-12-01,CE,diesel_s10,357.5700,60
2025-12-01,CE,etanol,324.3400,69
2025-12-01,CE,gasolina,428.8800,70
2025-12-01,DF,diesel_s10,24.1000,4
2025-12-01,DF,etanol,39.7800,9
2025-12-01,DF,gasolina,103.4000,17
2025-12-01,ES,diesel_s10,90.2100,15
2025-12-01,ES,etanol,60.0300,13
2025-12-01,ES,gasolina,138.2300,22
2025-12-01,GO,diesel_s10,192.3400,32
2025-12-01,GO,etanol,240.1700,52
2025-12-01,GO,gasolina,327.9800,52
2025-12-01,MA,diesel_s10,182.5100,30
2025-12-01,MA,etanol,111.3300,22
2025-12-01,MA,gasolina,226.1400,37
2025-12-01,MG,diesel_s10,664.3500,111
2025-12-01,MG,etanol,735.9100,167
2025-12-01,MG,gasolina,1093.2300,180
2025-12-01,MS,diesel_s10,17.9200,3
2025-12-01,MS,etanol,16.9400,4
2025-12-01,MS,gasolina,64.4900,10
2025-12-01,MT,diesel_s10,45.3000,7
2025-12-01,MT,etanol,70.8300,16
2025-12-01,MT,gasolina,116.2900,18
2025-12-01,PA,diesel_s10,289.8000,47
2025-12-01,PA,etanol,139.6700,29
2025-12-01,PA,gasolina,420.4200,67
2025-12-01,PB,diesel_s10,133.6600,23
2025-12-01,PB,etanol,155.0600,37
2025-12-01,PB,gasolina,234.9600,40
2025-12-01,PE,diesel_s10,110.1100,19
2025-12-01,PE,etanol,161.7100,36
2025-12-01,PE,gasolina,256.5600,40
2025-12-01,PI,diesel_s10,74.1000,12
2025-12-01,PI,etanol,63.8200,14
2025-12-01,PI,gasolina,111.4300,19
2025-12-01,PR,diesel_s10,275.1200,46
2025-12-01,PR,etanol,285.6700,65
2025-12-01,PR,gasolina,371.5900,59
2025-12-01,RJ,diesel_s10,657.4100,107
2025-12-01,RJ,etanol,768.2100,166
2025-12-01,RJ,gasolina,1142.7700,189
2025-12-01,RN,diesel_s10,16.9500,3
2025-12-01,RN,etanol,13.1700,3
2025-12-01,RN,gasolina,16.5700,3
2025-12-01,RO,diesel_s10,88.2300,14
2025-12-01,RO,etanol,48.7900,9
2025-12-01,RO,gasolina,115.7600,17
2025-12-01,RR,diesel_s10,26.6500,4
2025-12-01,RR,gasolina,26.8000,4
2025-12-01,RS,diesel_s10,269.3400,44
2025-12-01,RS,etanol,133.4300,27
2025-12-01,RS,gasolina,394.8600,63
2025-12-01,SC,diesel_s10,406.6200,66
2025-12-01,SC,etanol,299.9200,64
2025-12-01,SC,gasolina,579.7600,93
2025-12-01,SE,diesel_s10,46.6100,8
2025-12-01,SE,etanol,9.4000,2
2025-12-01,SE,gasolina,57.8600,9
2025-12-01,SP,diesel_s10,2257.2100,369
2025-12-01,SP,etanol,2450.1300,583
2025-12-01,SP,gasolina,3586.6600,591
2025-12-01,TO,diesel_s10,140.9900,23
2025-12-01,TO,etanol,119.8300,25
2025-12-01,TO,gasolina,189.7400,29
2025-12-02,AL,diesel_s10,83.4600,13
2025-12-02,AL,etanol,75.3100,15
2025-12-02,AL,gasolina,112.6600,17
2025-12-02,AM,diesel_s10,71.5900,11
2025-12-02,AM,etanol,60.4500,11
2025-12-02,AM,gasolina,97.8400,14
2025-12-02,BA,diesel_s10,114.5600,19
2025-12-02,BA,etanol,112.7300,24
2025-12-02,BA,gasolina,159.1300,25
2025-12-02,CE,diesel_s10,102.6500,17
2025-12-02,CE,etanol,73.3300,15
2025-12-02,CE,gasolina,118.3700,19
2025-12-02,DF,diesel_s10,18.9300,3
2025-12-02,DF,etanol,18.4300,4
2025-12-02,DF,gasolina,114.4300,18
2025-12-02,ES,diesel_s10,65.5400,11
2025-12-02,ES,etanol,83.0500,19
2025-12-02,ES,gasolina,191.6300,31
2025-12-02,GO,diesel_s10,175.9900,29
2025-12-02,GO,etanol,183.8800,41
2025-12-02,GO,gasolina,274.4100,44
2025-12-02,MA,diesel_s10,249.7800,42
2025-12-02,MA,etanol,125.8600,26
2025-12-02,MA,gasolina,264.1800,45
2025-12-02,MG,diesel_s10,330.6300,56
2025-12-02,MG,etanol,338.3800,77
2025-12-02,MG,gasolina,500.9500,83
2025-12-02,MS,diesel_s10,84.1600,14
2025-12-02,MS,etanol,79.1000,20
2025-12-02,MS,gasolina,203.3400,34
2025-12-02,MT,diesel_s10,95.4300,15
2025-12-02,MT,etanol,105.8200,24
2025-12-02,MT,gasolina,145.1300,23
2025-12-02,PA,diesel_s10,147.3200,23
2025-12-02,PA,etanol,46.1100,10
2025-12-02,PA,gasolina,182.9400,29
2025-12-02,PB,diesel_s10,41.7300,7
2025-12-02,PB,etanol,37.3200,9
2025-12-02,PB,gasolina,58.8700,10
2025-12-02,PE,diesel_s10,206.3400,36
2025-12-02,PE,etanol,142.9000,32
2025-12-02,PE,gasolina,248.9200,40
2025-12-02,PI,diesel_s10,30.0500,5
2025-12-02,PI,etanol,48.6500,11
2025-12-02,PI,gasolina,63.3600,11
2025-12-02,PR,diesel_s10,192.4800,31
2025-12-02,PR,etanol,179.9200,41
2025-12-02,PR,gasolina,284.5500,45
2025-12-02,RJ,diesel_s10,193.1400,30
2025-12-02,RJ,etanol,190.1000,40
2025-12-02,RJ,gasolina,280.0600,44
2025-12-02,RO,diesel_s10,38.6600,6
2025-12-02,RO,etanol,31.7300,6
2025-12-02,RO,gasolina,53.8300,8
2025-12-02,RR,diesel_s10,46.5000,7
2025-12-02,RR,etanol,30.5000,6
2025-12-02,RR,gasolina,53.6000,8
2025-12-02,RS,diesel_s10,428.8900,69
2025-12-02,RS,etanol,314.2200,64
2025-12-02,RS,gasolina,722.7800,117
2025-12-02,SC,diesel_s10,129.2300,21
2025-12-02,SC,etanol,101.9500,21
2025-12-02,SC,gasolina,242.3900,38
2025-12-02,SE,diesel_s10,42.3900,7
2025-12-02,SE,etanol,29.1900,6
2025-12-02,SE,gasolina,72.0700,11
2025-12-02,SP,diesel_s10,1300.5900,213
2025-12-02,SP,etanol,1319.1600,317
2025-12-02,SP,gasolina,1924.7500,319
2025-12-03,AC,diesel_s10,59.4700,8
2025-12-03,AC,etanol,47.2900,9
2025-12-03,AC,gasolina,72.9100,10
2025-12-03,AL,diesel_s10,42.1300,7
2025-12-03,AL,etanol,64.2300,13
2025-12-03,AL,gasolina,93.5100,15
2025-12-03,AM,diesel_s10,53.3300,8
2025-12-03,AM,etanol,37.7400,7
2025-12-03,AM,gasolina,54.2700,8
2025-12-03,BA,diesel_s10,162.1800,26
2025-12-03,BA,etanol,127.4900,27
2025-12-03,BA,gasolina,191.7500,30
2025-12-03,CE,diesel_s10,37.3600,6
2025-12-03,CE,etanol,24.1500,5
2025-12-03,CE,gasolina,40.7300,7
2025-12-03,DF,diesel_s10,24.5200,4
2025-12-03,DF,etanol,32.2000,7
2025-12-03,DF,gasolina,88.4000,14
2025-12-03,ES,diesel_s10,78.1900,13
2025-12-03,ES,etanol,71.7700,16
2025-12-03,ES,gasolina,122.5100,20
2025-12-03,GO,diesel_s10,201.3400,34
2025-12-03,GO,etanol,161.2800,34
2025-12-03,GO,gasolina,264.0700,41
2025-12-03,MA,diesel_s10,30.6100,5
2025-12-03,MA,etanol,10.2400,2
2025-12-03,MA,gasolina,26.3000,4
2025-12-03,MG,diesel_s10,422.4400,70
2025-12-03,MG,etanol,401.8700,91
2025-12-03,MG,gasolina,600.6100,99
2025-12-03,MS,diesel_s10,44.2100,7
2025-12-03,MS,etanol,25.6700,6
2025-12-03,MS,gasolina,56.2900,9
2025-12-03,MT,diesel_s10,81.5900,13
2025-12-03,MT,etanol,80.3000,18
2025-12-03,MT,gasolina,112.7800,18
2025-12-03,PA,diesel_s10,84.0900,13
2025-12-03,PA,etanol,30.6000,6
2025-12-03,PA,gasolina,92.4000,14
2025-12-03,PB,diesel_s10,59.6000,10
2025-12-03,PB,etanol,30.1900,7
2025-12-03,PB,gasolina,83.2100,14
2025-12-03,PE,diesel_s10,275.9300,47
2025-12-03,PE,etanol,207.7000,44
2025-12-03,PE,gasolina,308.4100,49
2025-12-03,PI,diesel_s10,36.1600,6
2025-12-03,PI,etanol,22.7500,5
2025-12-03,PI,gasolina,58.6900,10
2025-12-03,PR,diesel_s10,306.8100,51
2025-12-03,PR,etanol,309.2100,70
2025-12-03,PR,gasolina,443.3400,70
2025-12-03,RJ,diesel_s10,44.3800,7
2025-12-03,RJ,etanol,52.2500,11
2025-12-03,RJ,gasolina,74.6600,12
2025-12-03,RN,diesel_s10,45.4300,7
2025-12-03,RN,etanol,38.3200,8
2025-12-03,RN,gasolina,50.0200,8
2025-12-03,RO,diesel_s10,72.2700,11
2025-12-03,RO,etanol,38.2300,7
2025-12-03,RO,gasolina,91.2800,13
2025-12-03,RR,diesel_s10,6.6800,1
2025-12-03,RR,gasolina,6.7000,1
2025-12-03,RS,diesel_s10,338.6300,55
2025-12-03,RS,etanol,147.0800,30
2025-12-03,RS,gasolina,424.4100,69
2025-12-03,SC,diesel_s10,60.2700,10
2025-12-03,SC,etanol,23.3100,5
2025-12-03,SC,gasolina,62.3900,10
2025-12-03,SE,diesel_s10,5.9900,1
2025-12-03,SE,etanol,4.8900,1
2025-12-03,SE,gasolina,6.5700,1
2025-12-03,SP,diesel_s10,489.4700,81
2025-12-03,SP,etanol,533.8000,127
2025-12-03,SP,gasolina,791.8000,130
2025-12-04,AM,diesel_s10,8.3300,1
2025-12-04,AM,gasolina,66.3200,8
2025-12-04,BA,diesel_s10,263.0600,43
2025-12-04,BA,etanol,211.2200,46
2025-12-04,BA,gasolina,289.6000,47
2025-12-04,CE,diesel_s10,89.7200,14
2025-12-04,CE,etanol,76.3900,14
2025-12-04,CE,gasolina,90.6400,14
2025-12-04,DF,diesel_s10,5.8900,1
2025-12-04,DF,etanol,4.1900,1
2025-12-04,DF,gasolina,5.8900,1
2025-12-04,ES,diesel_s10,30.1300,5
2025-12-04,ES,etanol,13.3500,3
2025-12-04,ES,gasolina,57.8400,9
2025-12-04,GO,diesel_s10,24.1100,4
2025-12-04,GO,etanol,39.9900,9
2025-12-04,GO,gasolina,56.6500,9
2025-12-04,MG,diesel_s10,353.9300,59
2025-12-04,MG,etanol,326.0600,75
2025-12-04,MG,gasolina,470.3600,79
2025-12-04,MT,diesel_s10,102.1200,16
2025-12-04,MT,etanol,78.5800,18
2025-12-04,MT,gasolina,114.3100,18
2025-12-04,PA,diesel_s10,56.1000,9
2025-12-04,PA,etanol,9.8000,2
2025-12-04,PA,gasolina,71.3500,11
2025-12-04,PE,diesel_s10,238.8900,41
2025-12-04,PE,etanol,170.4600,38
2025-12-04,PE,gasolina,290.8800,47
2025-12-04,PI,diesel_s10,5.9900,1
2025-12-04,PI,etanol,18.4500,4
2025-12-04,PI,gasolina,29.5000,5
2025-12-04,PR,diesel_s10,237.2000,39
2025-12-04,PR,etanol,310.6200,68
2025-12-04,PR,gasolina,450.7300,69
2025-12-04,RJ,diesel_s10,93.0000,15
2025-12-04,RJ,etanol,85.6700,19
2025-12-04,RJ,gasolina,126.4400,21
2025-12-04,RN,diesel_s10,65.8000,11
2025-12-04,RN,etanol,68.8900,15
2025-12-04,RN,gasolina,101.4200,17
2025-12-04,RO,diesel_s10,104.6500,16
2025-12-04,RO,etanol,32.9300,6
2025-12-04,RO,gasolina,128.4400,19
2025-12-04,RS,diesel_s10,227.8400,37
2025-12-04,RS,etanol,118.6600,25
2025-12-04,RS,gasolina,338.6300,53
2025-12-04,SC,diesel_s10,19.0500,3
2025-12-04,SC,etanol,9.7400,2
2025-12-04,SC,gasolina,31.4000,5
2025-12-04,SE,diesel_s10,34.6500,6
2025-12-04,SE,etanol,23.8900,5
2025-12-04,SE,gasolina,50.5600,8
2025-12-04,SP,diesel_s10,580.1400,95
2025-12-04,SP,etanol,643.0400,150
2025-12-04,SP,gasolina,934.9100,154
2025-12-04,TO,diesel_s10,41.0500,7
2025-12-04,TO,etanol,28.7800,6
2025-12-04,TO,gasolina,52.3800,8
2025-12-05,BA,diesel_s10,6.8900,1
2025-12-05,BA,etanol,4.7900,1
2025-12-05,BA,gasolina,6.4500,1
2025-12-05,MG,diesel_s10,12.2900,2
2025-12-05,MG,etanol,18.3500,4
2025-12-05,MG,gasolina,25.3400,4
2025-12-05,PI,diesel_s10,18.0000,3
2025-12-05,PI,etanol,13.1800,3
2025-12-05,PI,gasolina,23.1200,4
2025-12-05,PR,diesel_s10,36.2400,6
2025-12-05,PR,etanol,33.0500,7
2025-12-05,PR,gasolina,46.8100,7
2025-12-05,RN,diesel_s10,27.5100,4
2025-12-05,RN,etanol,11.1800,2
2025-12-05,RN,gasolina,27.0600,4
2025-12-05,RS,diesel_s10,13.3800,2
2025-12-05,RS,etanol,15.3700,3
2025-12-05,RS,gasolina,20.2600,3
2025-12-05,SP,diesel_s10,55.2000,9
2025-12-05,SP,etanol,57.3900,14
2025-12-05,SP,gasolina,85.0400,14
2025-12-08,AL,diesel_s10,66.4400,10
2025-12-08,AL,etanol,79.5700,16
2025-12-08,AL,gasolina,137.1700,21
2025-12-08,AM,diesel_s10,97.6300,15
2025-12-08,AM,etanol,104.3700,19
2025-12-08,AM,gasolina,167.5400,24
2025-12-08,BA,diesel_s10,168.9800,27
2025-12-08,BA,etanol,177.8500,38
2025-12-08,BA,gasolina,252.9300,40
2025-12-08,CE,diesel_s10,457.2700,77
2025-12-08,CE,etanol,380.6200,80
2025-12-08,CE,gasolina,499.2800,81
2025-12-08,DF,diesel_s10,77.3800,13
2025-12-08,DF,etanol,77.1800,16
2025-12-08,DF,gasolina,146.0500,23
2025-12-08,ES,diesel_s10,119.9200,20
2025-12-08,ES,etanol,98.1600,22
2025-12-08,ES,gasolina,191.8100,31
2025-12-08,GO,diesel_s10,89.2000,15
2025-12-08,GO,etanol,88.7400,20
2025-12-08,GO,gasolina,135.1800,22
2025-12-08,MA,diesel_s10,226.5400,38
2025-12-08,MA,etanol,137.2600,28
2025-12-08,MA,gasolina,273.5000,46
2025-12-08,MG,diesel_s10,468.2800,78
2025-12-08,MG,etanol,462.6700,103
2025-12-08,MG,gasolina,736.5000,120
2025-12-08,MS,diesel_s10,24.6800,4
2025-12-08,MS,etanol,12.4900,3
2025-12-08,MS,gasolina,94.2100,15
2025-12-08,MT,diesel_s10,44.8800,7
2025-12-08,MT,etanol,34.8300,8
2025-12-08,MT,gasolina,57.8900,9
2025-12-08,PA,diesel_s10,142.0300,23
2025-12-08,PA,etanol,51.7800,11
2025-12-08,PA,gasolina,247.3800,39
2025-12-08,PB,diesel_s10,133.3300,23
2025-12-08,PB,etanol,110.2600,27
2025-12-08,PB,gasolina,163.4500,28
2025-12-08,PE,diesel_s10,153.8800,26
2025-12-08,PE,etanol,166.0500,36
2025-12-08,PE,gasolina,260.0200,40
2025-12-08,PI,diesel_s10,83.9800,14
2025-12-08,PI,etanol,81.4200,18
2025-12-08,PI,gasolina,127.5100,22
2025-12-08,PR,diesel_s10,203.9800,34
2025-12-08,PR,etanol,216.5700,48
2025-12-08,PR,gasolina,301.7400,47
2025-12-08,RJ,diesel_s10,758.3300,123
2025-12-08,RJ,etanol,827.6800,177
2025-12-08,RJ,gasolina,1238.3800,203
2025-12-08,RN,diesel_s10,17.4900,3
2025-12-08,RN,etanol,31.0900,7
2025-12-08,RN,gasolina,40.4100,7
2025-12-08,RO,diesel_s10,68.7500,11
2025-12-08,RO,etanol,37.8400,7
2025-12-08,RO,gasolina,88.2200,13
2025-12-08,RR,diesel_s10,6.6000,1
2025-12-08,RR,gasolina,6.7000,1
2025-12-08,RS,diesel_s10,425.5900,70
2025-12-08,RS,etanol,259.0600,54
2025-12-08,RS,gasolina,645.8600,103
2025-12-08,SC,diesel_s10,440.2700,72
2025-12-08,SC,etanol,357.7700,76
2025-12-08,SC,gasolina,717.0000,114
2025-12-08,SE,diesel_s10,41.9000,7
2025-12-08,SE,etanol,34.1200,7
2025-12-08,SE,gasolina,72.1900,11
2025-12-08,SP,diesel_s10,2135.7100,348
2025-12-08,SP,etanol,2310.2400,547
2025-12-08,SP,gasolina,3357.6800,552
2025-12-08,TO,diesel_s10,92.2000,15
2025-12-08,TO,etanol,87.1300,18
2025-12-08,TO,gasolina,140.1400,21
2025-12-09,AC,diesel_s10,32.6600,4
2025-12-09,AC,etanol,17.9800,3
2025-12-09,AC,gasolina,31.9000,4
2025-12-09,AL,diesel_s10,11.9800,2
2025-12-09,AL,etanol,29.9000,6
2025-12-09,AL,gasolina,37.6800,6
2025-12-09,AM,diesel_s10,71.5900,11
2025-12-09,AM,etanol,65.9700,12
2025-12-09,AM,gasolina,104.6400,15
2025-12-09,BA,diesel_s10,155.1100,25
2025-12-09,BA,etanol,151.6200,33
2025-12-09,BA,gasolina,234.5800,38
2025-12-09,CE,diesel_s10,84.7300,14
2025-12-09,CE,etanol,53.5500,11
2025-12-09,CE,gasolina,92.8200,15
2025-12-09,DF,diesel_s10,36.1800,6
2025-12-09,DF,etanol,28.1700,6
2025-12-09,DF,gasolina,172.2300,27
2025-12-09,ES,diesel_s10,72.2400,12
2025-12-09,ES,etanol,55.2800,12
2025-12-09,ES,gasolina,107.0400,17
2025-12-09,GO,diesel_s10,258.0800,43
2025-12-09,GO,etanol,265.6600,54
2025-12-09,GO,gasolina,355.4000,55
2025-12-09,MA,diesel_s10,223.9100,37
2025-12-09,MA,etanol,119.6100,24
2025-12-09,MA,gasolina,228.7900,38
2025-12-09,MG,diesel_s10,382.7400,64
2025-12-09,MG,etanol,401.9400,91
2025-12-09,MG,gasolina,603.9200,100
2025-12-09,MS,diesel_s10,91.7800,15
2025-12-09,MS,etanol,107.1000,26
2025-12-09,MS,gasolina,212.2700,35
2025-12-09,MT,diesel_s10,120.3400,19
2025-12-09,MT,etanol,164.4700,37
2025-12-09,MT,gasolina,234.4200,37
2025-12-09,PA,diesel_s10,157.4100,25
2025-12-09,PA,etanol,65.3800,14
2025-12-09,PA,gasolina,218.4600,35
2025-12-09,PB,diesel_s10,53.8200,9
2025-12-09,PB,etanol,22.3500,5
2025-12-09,PB,gasolina,65.5400,11
2025-12-09,PE,diesel_s10,58.7100,10
2025-12-09,PE,etanol,42.1600,9
2025-12-09,PE,gasolina,87.3000,13
2025-12-09,PI,diesel_s10,23.8500,4
2025-12-09,PI,etanol,19.4700,4
2025-12-09,PI,gasolina,28.8500,5
2025-12-09,PR,diesel_s10,180.6600,30
2025-12-09,PR,etanol,195.2200,44
2025-12-09,PR,gasolina,284.9800,45
2025-12-09,RJ,diesel_s10,136.0300,22
2025-12-09,RJ,etanol,118.9800,26
2025-12-09,RJ,gasolina,164.3400,27
2025-12-09,RN,diesel_s10,44.5500,7
2025-12-09,RN,etanol,28.1400,6
2025-12-09,RN,gasolina,43.6500,7
2025-12-09,RO,diesel_s10,85.5300,13
2025-12-09,RO,etanol,59.3900,11
2025-12-09,RO,gasolina,123.7000,18
2025-12-09,RR,diesel_s10,46.4800,7
2025-12-09,RR,etanol,15.2500,3
2025-12-09,RR,gasolina,46.9000,7
2025-12-09,RS,diesel_s10,217.7100,35
2025-12-09,RS,etanol,107.3600,22
2025-12-09,RS,gasolina,297.1900,48
2025-12-09,SC,diesel_s10,43.3300,7
2025-12-09,SC,etanol,34.0100,7
2025-12-09,SC,gasolina,68.0700,11
2025-12-09,SE,diesel_s10,52.3600,9
2025-12-09,SE,etanol,28.5000,6
2025-12-09,SE,gasolina,83.9500,13
2025-12-09,SP,diesel_s10,619.1200,101
2025-12-09,SP,etanol,664.3300,158
2025-12-09,SP,gasolina,948.6900,157
2025-12-10,AC,diesel_s10,74.2500,10
2025-12-10,AC,etanol,57.6400,11
2025-12-10,AC,gasolina,94.2800,13
2025-12-10,AL,diesel_s10,77.6800,13
2025-12-10,AL,etanol,83.9900,17
2025-12-10,AL,gasolina,149.8300,24
2025-12-10,AM,diesel_s10,41.7500,5
2025-12-10,AM,gasolina,49.7400,6
2025-12-10,BA,diesel_s10,336.2000,54
2025-12-10,BA,etanol,290.3500,60
2025-12-10,BA,gasolina,429.3800,67
2025-12-10,CE,diesel_s10,43.4500,7
2025-12-10,CE,etanol,24.5500,5
2025-12-10,CE,gasolina,43.3200,7
2025-12-10,ES,diesel_s10,5.9900,1
2025-12-10,ES,etanol,14.0700,3
2025-12-10,ES,gasolina,58.9100,9
2025-12-10,GO,diesel_s10,216.6100,36
2025-12-10,GO,etanol,234.7500,49
2025-12-10,GO,gasolina,325.0100,51
2025-12-10,MA,diesel_s10,5.8900,1
2025-12-10,MA,gasolina,6.3900,1
2025-12-10,MG,diesel_s10,335.8600,56
2025-12-10,MG,etanol,414.6100,94
2025-12-10,MG,gasolina,598.5800,99
2025-12-10,MS,etanol,7.8800,2
2025-12-10,MS,gasolina,18.0600,3
2025-12-10,MT,diesel_s10,63.2400,10
2025-12-10,MT,etanol,80.4600,18
2025-12-10,MT,gasolina,119.8800,19
2025-12-10,PA,diesel_s10,89.3500,14
2025-12-10,PA,etanol,31.8600,6
2025-12-10,PA,gasolina,111.1300,17
2025-12-10,PB,diesel_s10,46.5300,8
2025-12-10,PB,etanol,73.2400,17
2025-12-10,PB,gasolina,112.1900,19
2025-12-10,PE,diesel_s10,281.1300,48
2025-12-10,PE,etanol,195.7600,42
2025-12-10,PE,gasolina,334.2600,53
2025-12-10,PI,diesel_s10,12.1400,2
2025-12-10,PI,etanol,4.7900,1
2025-12-10,PI,gasolina,17.8700,3
2025-12-10,PR,diesel_s10,194.8200,32
2025-12-10,PR,etanol,260.1700,57
2025-12-10,PR,gasolina,393.2000,61
2025-12-10,RJ,diesel_s10,31.1400,5
2025-12-10,RJ,etanol,37.3900,8
2025-12-10,RJ,gasolina,48.5700,8
2025-12-10,RN,diesel_s10,63.9300,10
2025-12-10,RN,etanol,51.8500,11
2025-12-10,RN,gasolina,60.9100,10
2025-12-10,RO,diesel_s10,103.8100,16
2025-12-10,RO,etanol,48.8600,9
2025-12-10,RO,gasolina,122.3800,18
2025-12-10,RR,diesel_s10,26.7500,4
2025-12-10,RR,etanol,15.1900,3
2025-12-10,RR,gasolina,33.5000,5
2025-12-10,RS,diesel_s10,155.9700,25
2025-12-10,RS,etanol,66.7500,13
2025-12-10,RS,gasolina,215.3500,35
2025-12-10,SC,diesel_s10,98.4600,16
2025-12-10,SC,etanol,58.4800,12
2025-12-10,SC,gasolina,124.6700,20
2025-12-10,SE,diesel_s10,6.2900,1
2025-12-10,SE,gasolina,6.5800,1
2025-12-10,SP,diesel_s10,857.9600,141
2025-12-10,SP,etanol,854.9000,204
2025-12-10,SP,gasolina,1283.8900,213
2025-12-11,AM,diesel_s10,69.9500,10
2025-12-11,AM,etanol,37.7400,7
2025-12-11,AM,gasolina,70.8700,10
2025-12-11,AP,diesel_s10,45.2600,7
2025-12-11,AP,etanol,5.7900,1
2025-12-11,AP,gasolina,66.6600,11
2025-12-11,BA,diesel_s10,352.2900,58
2025-12-11,BA,etanol,286.6200,62
2025-12-11,BA,gasolina,388.7900,63
2025-12-11,CE,diesel_s10,81.2700,13
2025-12-11,CE,etanol,67.0800,13
2025-12-11,CE,gasolina,82.7200,13
2025-12-11,ES,diesel_s10,114.3500,19
2025-12-11,ES,etanol,91.1500,20
2025-12-11,ES,gasolina,189.7200,30
2025-12-11,GO,diesel_s10,66.9700,11
2025-12-11,GO,etanol,84.9600,19
2025-12-11,GO,gasolina,124.0000,20
2025-12-11,MG,diesel_s10,484.6600,81
2025-12-11,MG,etanol,457.5400,104
2025-12-11,MG,gasolina,650.3300,108
2025-12-11,MT,diesel_s10,32.1300,5
2025-12-11,MT,etanol,26.5000,6
2025-12-11,MT,gasolina,38.3400,6
2025-12-11,PA,diesel_s10,161.3600,26
2025-12-11,PA,etanol,82.6400,17
2025-12-11,PA,gasolina,187.4700,30
2025-12-11,PB,diesel_s10,18.4700,3
2025-12-11,PB,etanol,16.9700,4
2025-12-11,PB,gasolina,29.5700,5
2025-12-11,PE,diesel_s10,351.1600,61
2025-12-11,PE,etanol,250.4800,57
2025-12-11,PE,gasolina,391.3500,66
2025-12-11,PI,diesel_s10,97.3200,16
2025-12-11,PI,etanol,91.1700,20
2025-12-11,PI,gasolina,158.3300,27
2025-12-11,PR,diesel_s10,329.8000,54
2025-12-11,PR,etanol,328.2300,75
2025-12-11,PR,gasolina,445.5000,71
2025-12-11,RJ,diesel_s10,82.8700,13
2025-12-11,RJ,etanol,67.8600,14
2025-12-11,RJ,gasolina,100.2900,16
2025-12-11,RN,diesel_s10,97.9500,16
2025-12-11,RN,etanol,86.3300,19
2025-12-11,RN,gasolina,126.8800,21
2025-12-11,RO,diesel_s10,32.1300,5
2025-12-11,RO,etanol,5.3900,1
2025-12-11,RO,gasolina,41.3000,6
2025-12-11,RS,diesel_s10,572.7300,92
2025-12-11,RS,etanol,347.3300,71
2025-12-11,RS,gasolina,905.4800,145
2025-12-11,SC,diesel_s10,31.1400,5
2025-12-11,SC,etanol,19.7200,4
2025-12-11,SC,gasolina,49.8300,8
2025-12-11,SE,diesel_s10,28.8900,5
2025-12-11,SE,etanol,14.2000,3
2025-12-11,SE,gasolina,50.5600,8
2025-12-11,SP,diesel_s10,741.3400,120
2025-12-11,SP,etanol,762.7000,179
2025-12-11,SP,gasolina,1112.4800,183
2025-12-11,TO,diesel_s10,23.1900,4
2025-12-11,TO,etanol,14.8900,3
2025-12-11,TO,gasolina,32.4200,5
2025-12-12,BA,diesel_s10,24.0200,4
2025-12-12,BA,etanol,19.7600,4
2025-12-12,BA,gasolina,39.7800,6
2025-12-12,MG,diesel_s10,18.2600,3
2025-12-12,MG,etanol,21.6100,5
2025-12-12,MG,gasolina,29.9200,5
2025-12-12,PR,diesel_s10,11.7800,2
2025-12-12,PR,etanol,14.0700,3
2025-12-12,PR,gasolina,20.0700,3
2025-12-12,SP,diesel_s10,89.4000,15
2025-12-12,SP,etanol,103.2100,25
2025-12-12,SP,gasolina,148.4400,25
2025-12-15,AL,diesel_s10,5.7900,1
2025-12-15,AL,etanol,19.8000,4
2025-12-15,AL,gasolina,37.6600,6
2025-12-15,AM,diesel_s10,168.9400,24
2025-12-15,AM,etanol,109.8600,20
2025-12-15,AM,gasolina,248.0400,34
2025-12-15,BA,diesel_s10,258.9000,42
2025-12-15,BA,etanol,224.0400,46
2025-12-15,BA,gasolina,367.2900,58
2025-12-15,CE,diesel_s10,303.1600,52
2025-12-15,CE,etanol,257.5400,57
2025-12-15,CE,gasolina,359.4700,59
2025-12-15,DF,diesel_s10,77.7100,13
2025-12-15,DF,etanol,61.8300,13
2025-12-15,DF,gasolina,210.4400,33
2025-12-15,ES,diesel_s10,108.3000,18
2025-12-15,ES,etanol,101.4000,22
2025-12-15,ES,gasolina,208.4400,33
2025-12-15,GO,diesel_s10,369.0700,61
2025-12-15,GO,etanol,386.7500,79
2025-12-15,GO,gasolina,539.5600,85
2025-12-15,MA,diesel_s10,179.8200,30
2025-12-15,MA,etanol,102.7900,21
2025-12-15,MA,gasolina,202.7400,34
2025-12-15,MG,diesel_s10,523.4300,87
2025-12-15,MG,etanol,539.7400,121
2025-12-15,MG,gasolina,822.7900,135
2025-12-15,MS,diesel_s10,66.0100,11
2025-12-15,MS,etanol,71.7100,18
2025-12-15,MS,gasolina,174.0000,29
2025-12-15,MT,diesel_s10,96.2400,15
2025-12-15,MT,etanol,115.7300,26
2025-12-15,MT,gasolina,172.8600,27
2025-12-15,PA,diesel_s10,158.2300,26
2025-12-15,PA,etanol,70.6200,15
2025-12-15,PA,gasolina,262.2100,42
2025-12-15,PB,diesel_s10,145.3500,25
2025-12-15,PB,etanol,158.4300,38
2025-12-15,PB,gasolina,246.2100,42
2025-12-15,PE,diesel_s10,165.5000,28
2025-12-15,PE,etanol,158.2700,34
2025-12-15,PE,gasolina,275.9600,42
2025-12-15,PI,diesel_s10,5.9900,1
2025-12-15,PI,etanol,26.6500,6
2025-12-15,PI,gasolina,34.8500,6
2025-12-15,PR,diesel_s10,197.8300,33
2025-12-15,PR,etanol,215.4400,48
2025-12-15,PR,gasolina,298.5300,47
2025-12-15,RJ,diesel_s10,633.8400,103
2025-12-15,RJ,etanol,700.4800,149
2025-12-15,RJ,gasolina,1030.3400,170
2025-12-15,RN,diesel_s10,31.1800,5
2025-12-15,RN,etanol,27.0900,6
2025-12-15,RN,gasolina,28.9000,5
2025-12-15,RO,diesel_s10,108.2000,17
2025-12-15,RO,etanol,59.9100,11
2025-12-15,RO,gasolina,117.0800,17
2025-12-15,RR,diesel_s10,13.4500,2
2025-12-15,RR,etanol,5.1500,1
2025-12-15,RR,gasolina,20.1000,3
2025-12-15,RS,diesel_s10,142.8700,24
2025-12-15,RS,etanol,103.3700,22
2025-12-15,RS,gasolina,303.3700,49
2025-12-15,SC,diesel_s10,422.1400,69
2025-12-15,SC,etanol,355.1300,75
2025-12-15,SC,gasolina,690.9500,109
2025-12-15,SE,diesel_s10,88.5100,15
2025-12-15,SE,etanol,43.5200,9
2025-12-15,SE,gasolina,130.0500,20
2025-12-15,SP,diesel_s10,2123.6600,345
2025-12-15,SP,etanol,2335.0400,550
2025-12-15,SP,gasolina,3409.4700,560
2025-12-15,TO,diesel_s10,122.4600,20
2025-12-15,TO,etanol,125.6600,26
2025-12-15,TO,gasolina,182.8400,28
2025-12-16,AL,diesel_s10,78.7700,12
2025-12-16,AL,etanol,75.9100,15
2025-12-16,AL,gasolina,112.8500,17
2025-12-16,AM,diesel_s10,52.1200,8
2025-12-16,AM,etanol,38.5200,7
2025-12-16,AM,gasolina,76.8800,11
2025-12-16,BA,diesel_s10,152.2700,24
2025-12-16,BA,etanol,155.5900,33
2025-12-16,BA,gasolina,234.3500,37
2025-12-16,CE,diesel_s10,198.8100,32
2025-12-16,CE,etanol,142.5800,28
2025-12-16,CE,gasolina,227.5200,36
2025-12-16,DF,diesel_s10,41.7400,7
2025-12-16,DF,etanol,42.6700,9
2025-12-16,DF,gasolina,101.3500,16
2025-12-16,ES,diesel_s10,126.0400,21
2025-12-16,ES,etanol,116.2100,26
2025-12-16,ES,gasolina,178.9500,29
2025-12-16,GO,diesel_s10,193.6800,33
2025-12-16,GO,etanol,199.4700,40
2025-12-16,GO,gasolina,275.1900,43
2025-12-16,MA,diesel_s10,245.9300,41
2025-12-16,MA,etanol,118.5000,24
2025-12-16,MA,gasolina,263.2900,44
2025-12-16,MG,diesel_s10,479.5800,80
2025-12-16,MG,etanol,491.4200,111
2025-12-16,MG,gasolina,715.1900,118
2025-12-16,MS,diesel_s10,24.3000,4
2025-12-16,MS,etanol,16.7100,4
2025-12-16,MS,gasolina,94.6500,15
2025-12-16,MT,diesel_s10,57.1100,9
2025-12-16,MT,etanol,57.2700,13
2025-12-16,MT,gasolina,88.1200,14
2025-12-16,PA,diesel_s10,183.8500,29
2025-12-16,PA,etanol,90.6700,19
2025-12-16,PA,gasolina,226.9800,36
2025-12-16,PB,diesel_s10,64.7800,11
2025-12-16,PB,etanol,47.6100,11
2025-12-16,PB,gasolina,76.6100,13
2025-12-16,PE,diesel_s10,68.5800,12
2025-12-16,PE,etanol,70.7900,16
2025-12-16,PE,gasolina,112.2300,18
2025-12-16,PI,gasolina,5.9900,1
2025-12-16,PR,diesel_s10,290.7400,48
2025-12-16,PR,etanol,301.5800,67
2025-12-16,PR,gasolina,431.7900,68
2025-12-16,RJ,diesel_s10,266.5700,43
2025-12-16,RJ,etanol,243.9100,52
2025-12-16,RJ,gasolina,378.8900,62
2025-12-16,RN,diesel_s10,6.1900,1
2025-12-16,RN,etanol,4.3900,1
2025-12-16,RN,gasolina,5.8500,1
2025-12-16,RO,diesel_s10,63.8400,10
2025-12-16,RO,etanol,42.4700,8
2025-12-16,RO,gasolina,87.6100,13
2025-12-16,RR,diesel_s10,53.3300,8
2025-12-16,RR,etanol,26.1100,5
2025-12-16,RR,gasolina,53.6000,8
2025-12-16,RS,diesel_s10,364.5300,59
2025-12-16,RS,etanol,177.8400,36
2025-12-16,RS,gasolina,502.1200,81
2025-12-16,SC,diesel_s10,161.4100,26
2025-12-16,SC,etanol,77.1300,16
2025-12-16,SC,gasolina,169.0300,27
2025-12-16,SP,diesel_s10,1229.4700,202
2025-12-16,SP,etanol,1283.0400,305
2025-12-16,SP,gasolina,1857.2300,308
2025-12-16,TO,diesel_s10,6.4900,1
2025-12-16,TO,etanol,4.9900,1
2025-12-16,TO,gasolina,6.7400,1
2025-12-17,AL,diesel_s10,46.7800,8
2025-12-17,AL,etanol,66.1600,13
2025-12-17,AL,gasolina,101.4900,16
2025-12-17,AM,diesel_s10,6.4900,1
2025-12-17,AM,etanol,10.9700,2
2025-12-17,AM,gasolina,13.9700,2
2025-12-17,AP,diesel_s10,45.2600,7
2025-12-17,AP,etanol,5.7900,1
2025-12-17,AP,gasolina,66.6600,11
2025-12-17,BA,diesel_s10,329.6700,52
2025-12-17,BA,etanol,279.1000,58
2025-12-17,BA,gasolina,416.8900,65
2025-12-17,CE,diesel_s10,69.2700,11
2025-12-17,CE,etanol,51.4500,10
2025-12-17,CE,gasolina,63.5700,10
2025-12-17,ES,diesel_s10,11.8600,2
2025-12-17,ES,etanol,9.2800,2
2025-12-17,ES,gasolina,59.3100,9
2025-12-17,GO,diesel_s10,78.7300,13
2025-12-17,GO,etanol,113.1700,23
2025-12-17,GO,gasolina,153.4100,24
2025-12-17,MA,diesel_s10,41.6300,7
2025-12-17,MA,etanol,25.1300,5
2025-12-17,MA,gasolina,53.6600,9
2025-12-17,MG,diesel_s10,359.2000,60
2025-12-17,MG,etanol,386.5900,88
2025-12-17,MG,gasolina,542.9200,91
2025-12-17,MT,diesel_s10,140.1600,22
2025-12-17,MT,etanol,163.2400,37
2025-12-17,MT,gasolina,227.6300,36
2025-12-17,PA,diesel_s10,95.4900,15
2025-12-17,PA,etanol,26.9500,5
2025-12-17,PA,gasolina,105.3500,16
2025-12-17,PB,diesel_s10,29.9100,5
2025-12-17,PB,etanol,12.9700,3
2025-12-17,PB,gasolina,48.0800,8
2025-12-17,PE,diesel_s10,123.1000,21
2025-12-17,PE,etanol,124.0300,27
2025-12-17,PE,gasolina,181.9900,29
2025-12-17,PI,diesel_s10,119.9000,20
2025-12-17,PI,etanol,115.6100,26
2025-12-17,PI,gasolina,196.9300,34
2025-12-17,PR,diesel_s10,258.6100,43
2025-12-17,PR,etanol,302.3600,65
2025-12-17,PR,gasolina,436.8700,67
2025-12-17,RJ,diesel_s10,30.7800,5
2025-12-17,RJ,etanol,36.6800,8
2025-12-17,RJ,gasolina,47.6400,8
2025-12-17,RN,diesel_s10,79.1300,13
2025-12-17,RN,etanol,62.4900,14
2025-12-17,RN,gasolina,88.7700,15
2025-12-17,RO,diesel_s10,44.7500,7
2025-12-17,RO,etanol,27.4500,5
2025-12-17,RO,gasolina,55.8400,8
2025-12-17,RR,diesel_s10,13.2000,2
2025-12-17,RR,gasolina,13.4000,2
2025-12-17,RS,diesel_s10,344.6200,55
2025-12-17,RS,etanol,311.0500,63
2025-12-17,RS,gasolina,647.1500,103
2025-12-17,SC,diesel_s10,25.0900,4
2025-12-17,SC,etanol,9.8400,2
2025-12-17,SC,gasolina,37.6600,6
2025-12-17,SE,diesel_s10,12.0400,2
2025-12-17,SE,etanol,9.6000,2
2025-12-17,SE,gasolina,32.7200,5
2025-12-17,SP,diesel_s10,556.7500,91
2025-12-17,SP,etanol,560.9600,133
2025-12-17,SP,gasolina,817.6200,135
2025-12-18,AL,diesel_s10,12.1800,2
2025-12-18,AL,etanol,38.5700,8
2025-12-18,AL,gasolina,66.9700,11
2025-12-18,AM,diesel_s10,40.0300,6
2025-12-18,AM,etanol,26.9500,5
2025-12-18,AM,gasolina,40.7100,6
2025-12-18,BA,diesel_s10,263.2000,43
2025-12-18,BA,etanol,212.6800,46
2025-12-18,BA,gasolina,299.7400,48
2025-12-18,CE,diesel_s10,109.8700,18
2025-12-18,CE,etanol,89.1000,18
2025-12-18,CE,gasolina,105.2000,17
2025-12-18,ES,diesel_s10,48.7300,8
2025-12-18,ES,etanol,22.7700,5
2025-12-18,ES,gasolina,70.4700,11
2025-12-18,GO,diesel_s10,94.9000,16
2025-12-18,GO,etanol,75.9500,17
2025-12-18,GO,gasolina,111.8900,18
2025-12-18,MA,diesel_s10,12.8100,2
2025-12-18,MA,gasolina,18.6400,3
2025-12-18,MG,diesel_s10,444.2300,74
2025-12-18,MG,etanol,427.9200,95
2025-12-18,MG,gasolina,628.3900,103
2025-12-18,PA,diesel_s10,54.0300,8
2025-12-18,PA,etanol,9.5300,2
2025-12-18,PA,gasolina,75.1800,11
2025-12-18,PE,diesel_s10,407.5800,70
2025-12-18,PE,etanol,277.6600,61
2025-12-18,PE,gasolina,470.3500,76
2025-12-18,PI,diesel_s10,49.3300,8
2025-12-18,PI,etanol,18.7200,4
2025-12-18,PI,gasolina,47.4000,8
2025-12-18,PR,diesel_s10,332.2100,55
2025-12-18,PR,etanol,336.1800,75
2025-12-18,PR,gasolina,482.5100,76
2025-12-18,RJ,diesel_s10,96.3200,15
2025-12-18,RJ,etanol,76.8800,16
2025-12-18,RJ,gasolina,112.5800,18
2025-12-18,RN,diesel_s10,94.4600,15
2025-12-18,RN,etanol,66.9700,14
2025-12-18,RN,gasolina,98.6200,16
2025-12-18,RO,diesel_s10,59.5900,9
2025-12-18,RO,etanol,15.9200,3
2025-12-18,RO,gasolina,66.5700,10
2025-12-18,RS,diesel_s10,390.4200,64
2025-12-18,RS,etanol,161.7100,34
2025-12-18,RS,gasolina,508.9900,82
2025-12-18,SC,diesel_s10,18.3200,3
2025-12-18,SC,etanol,9.9700,2
2025-12-18,SC,gasolina,24.5900,4
2025-12-18,SE,diesel_s10,34.6500,6
2025-12-18,SE,etanol,23.6500,5
2025-12-18,SE,gasolina,50.5600,8
2025-12-18,SP,diesel_s10,689.7600,112
2025-12-18,SP,etanol,694.4200,162
2025-12-18,SP,gasolina,1002.1300,165
2025-12-18,TO,diesel_s10,5.7500,1
2025-12-18,TO,gasolina,6.4000,1
2025-12-19,BA,diesel_s10,41.3700,7
2025-12-19,BA,etanol,32.6200,7
2025-12-19,BA,gasolina,48.9200,8
2025-12-19,GO,diesel_s10,35.3200,6
2025-12-19,GO,etanol,37.8100,9
2025-12-19,GO,gasolina,46.8900,8
2025-12-19,MA,diesel_s10,6.4500,1
2025-12-19,MA,etanol,5.2400,1
2025-12-19,MA,gasolina,6.6300,1
2025-12-19,MG,diesel_s10,72.0100,12
2025-12-19,MG,etanol,77.2600,17
2025-12-19,MG,gasolina,103.5600,17
2025-12-19,PR,diesel_s10,59.2100,10
2025-12-19,PR,etanol,66.4100,14
2025-12-19,PR,gasolina,79.3200,12
2025-12-19,RJ,gasolina,6.5900,1
2025-12-19,RO,diesel_s10,32.7800,5
2025-12-19,RO,gasolina,55.0400,8
2025-12-19,SC,diesel_s10,5.9800,1
2025-12-19,SC,gasolina,5.9900,1
2025-12-19,TO,diesel_s10,17.5100,3
2025-12-19,TO,etanol,4.6900,1
2025-12-19,TO,gasolina,19.3500,3
2025-12-22,AL,diesel_s10,58.9000,10
2025-12-22,AL,etanol,101.4900,20
2025-12-22,AL,gasolina,169.9200,27
2025-12-22,AM,diesel_s10,193.8700,28
2025-12-22,AM,etanol,109.5600,20
2025-12-22,AM,gasolina,261.1900,36
2025-12-22,BA,diesel_s10,154.8300,25
2025-12-22,BA,etanol,161.4800,32
2025-12-22,BA,gasolina,253.6700,39
2025-12-22,CE,diesel_s10,436.2400,74
2025-12-22,CE,etanol,338.4400,71
2025-12-22,CE,gasolina,463.1300,76
2025-12-22,DF,diesel_s10,77.3800,13
2025-12-22,DF,etanol,74.3300,15
2025-12-22,DF,gasolina,148.1800,23
2025-12-22,ES,diesel_s10,126.3200,21
2025-12-22,ES,etanol,118.2100,26
2025-12-22,ES,gasolina,218.0800,35
2025-12-22,GO,diesel_s10,338.5800,56
2025-12-22,GO,etanol,392.3300,80
2025-12-22,GO,gasolina,522.0900,82
2025-12-22,MA,diesel_s10,232.0100,38
2025-12-22,MA,etanol,141.1100,28
2025-12-22,MA,gasolina,263.7900,43
2025-12-22,MG,diesel_s10,790.2300,132
2025-12-22,MG,etanol,885.0400,195
2025-12-22,MG,gasolina,1280.1500,209
2025-12-22,MS,diesel_s10,126.5300,21
2025-12-22,MS,etanol,92.6300,23
2025-12-22,MS,gasolina,268.7400,44
2025-12-22,MT,diesel_s10,95.9000,15
2025-12-22,MT,etanol,129.7600,29
2025-12-22,MT,gasolina,191.5500,30
2025-12-22,PA,diesel_s10,81.4700,13
2025-12-22,PA,etanol,42.0500,9
2025-12-22,PA,gasolina,166.3500,26
2025-12-22,PB,diesel_s10,87.6100,15
2025-12-22,PB,etanol,84.5700,20
2025-12-22,PB,gasolina,136.6800,23
2025-12-22,PE,diesel_s10,307.5500,53
2025-12-22,PE,etanol,297.0400,66
2025-12-22,PE,gasolina,436.1500,69
2025-12-22,PI,diesel_s10,5.9900,1
2025-12-22,PI,etanol,13.5700,3
2025-12-22,PI,gasolina,17.4600,3
2025-12-22,PR,diesel_s10,296.8100,49
2025-12-22,PR,etanol,309.6900,69
2025-12-22,PR,gasolina,424.5200,67
2025-12-22,RJ,diesel_s10,768.5600,125
2025-12-22,RJ,etanol,839.4200,178
2025-12-22,RJ,gasolina,1258.0700,207
2025-12-22,RN,diesel_s10,12.4300,2
2025-12-22,RN,etanol,8.7900,2
2025-12-22,RN,gasolina,5.5400,1
2025-12-22,RO,diesel_s10,62.6000,10
2025-12-22,RO,etanol,38.1400,7
2025-12-22,RO,gasolina,82.0800,12
2025-12-22,RR,diesel_s10,33.1800,5
2025-12-22,RR,etanol,15.8700,3
2025-12-22,RR,gasolina,40.2000,6
2025-12-22,RS,diesel_s10,432.7300,71
2025-12-22,RS,etanol,197.6700,41
2025-12-22,RS,gasolina,633.7500,101
2025-12-22,SC,diesel_s10,394.2500,64
2025-12-22,SC,etanol,325.1300,68
2025-12-22,SC,gasolina,596.0100,94
2025-12-22,SE,diesel_s10,76.4600,13
2025-12-22,SE,etanol,33.8800,7
2025-12-22,SE,gasolina,103.7700,16
2025-12-22,SP,diesel_s10,2168.6100,352
2025-12-22,SP,etanol,2345.8400,547
2025-12-22,SP,gasolina,3355.9800,549
2025-12-22,TO,diesel_s10,72.9600,12
2025-12-22,TO,etanol,65.1600,13
2025-12-22,TO,gasolina,113.0200,17
2025-12-23,AM,diesel_s10,65.1000,10
2025-12-23,AM,etanol,54.9900,10
2025-12-23,AM,gasolina,90.8600,13
2025-12-23,BA,diesel_s10,326.1300,52
2025-12-23,BA,etanol,325.4900,68
2025-12-23,BA,gasolina,483.5000,76
2025-12-23,CE,diesel_s10,123.9600,20
2025-12-23,CE,etanol,88.0400,17
2025-12-23,CE,gasolina,146.0200,23
2025-12-23,DF,diesel_s10,36.1800,6
2025-12-23,DF,etanol,28.9400,6
2025-12-23,DF,gasolina,166.9500,26
2025-12-23,ES,diesel_s10,78.7000,13
2025-12-23,ES,etanol,51.3100,11
2025-12-23,ES,gasolina,147.4300,23
2025-12-23,GO,diesel_s10,339.3000,57
2025-12-23,GO,etanol,339.7000,69
2025-12-23,GO,gasolina,453.1800,71
2025-12-23,MA,diesel_s10,123.4600,21
2025-12-23,MA,etanol,61.4500,13
2025-12-23,MA,gasolina,163.0900,28
2025-12-23,MG,diesel_s10,503.4700,84
2025-12-23,MG,etanol,532.3200,120
2025-12-23,MG,gasolina,742.5100,123
2025-12-23,MT,diesel_s10,144.7100,23
2025-12-23,MT,etanol,142.1700,32
2025-12-23,MT,gasolina,196.5400,31
2025-12-23,PA,diesel_s10,216.1100,35
2025-12-23,PA,etanol,101.9800,21
2025-12-23,PA,gasolina,259.6100,42
2025-12-23,PB,diesel_s10,77.8800,13
2025-12-23,PB,etanol,72.5900,17
2025-12-23,PB,gasolina,118.3200,20
2025-12-23,PE,diesel_s10,117.6200,20
2025-12-23,PE,etanol,98.3200,21
2025-12-23,PE,gasolina,152.8500,24
2025-12-23,PI,diesel_s10,67.4500,11
2025-12-23,PI,etanol,28.9100,6
2025-12-23,PI,gasolina,65.3500,11
2025-12-23,PR,diesel_s10,555.1200,92
2025-12-23,PR,etanol,588.5100,129
2025-12-23,PR,gasolina,867.8100,135
2025-12-23,RJ,diesel_s10,143.2300,23
2025-12-23,RJ,etanol,147.4200,31
2025-12-23,RJ,gasolina,203.4700,33
2025-12-23,RN,diesel_s10,84.0700,13
2025-12-23,RN,etanol,63.5400,13
2025-12-23,RN,gasolina,86.7200,14
2025-12-23,RO,diesel_s10,160.7300,25
2025-12-23,RO,etanol,97.2000,18
2025-12-23,RO,gasolina,185.7000,27
2025-12-23,RR,diesel_s10,46.6500,7
2025-12-23,RR,etanol,21.2100,4
2025-12-23,RR,gasolina,46.9000,7
2025-12-23,RS,diesel_s10,481.2500,77
2025-12-23,RS,etanol,340.3400,69
2025-12-23,RS,gasolina,793.5600,128
2025-12-23,SC,diesel_s10,155.2100,25
2025-12-23,SC,etanol,73.2400,15
2025-12-23,SC,gasolina,175.2200,28
2025-12-23,SE,diesel_s10,40.4100,7
2025-12-23,SE,etanol,33.2900,7
2025-12-23,SE,gasolina,76.8500,12
2025-12-23,SP,diesel_s10,1325.5100,217
2025-12-23,SP,etanol,1431.2600,333
2025-12-23,SP,gasolina,2063.1500,339
2025-12-24,AL,diesel_s10,48.7100,8
2025-12-24,AL,etanol,40.2200,8
2025-12-24,AL,gasolina,57.5800,9
2025-12-24,AM,diesel_s10,19.9500,3
2025-12-24,AM,etanol,16.1700,3
2025-12-24,AM,gasolina,20.3700,3
2025-12-24,AP,diesel_s10,13.0100,2
2025-12-24,AP,gasolina,18.1200,3
2025-12-24,BA,diesel_s10,141.3300,23
2025-12-24,BA,etanol,135.2700,29
2025-12-24,BA,gasolina,193.2000,31
2025-12-24,CE,diesel_s10,145.5000,23
2025-12-24,CE,etanol,100.2300,19
2025-12-24,CE,gasolina,140.6100,22
2025-12-24,ES,diesel_s10,66.0800,11
2025-12-24,ES,etanol,58.3500,13
2025-12-24,ES,gasolina,91.9300,15
2025-12-24,GO,diesel_s10,23.5300,4
2025-12-24,GO,etanol,18.1900,4
2025-12-24,GO,gasolina,24.4900,4
2025-12-24,MA,diesel_s10,66.6300,11
2025-12-24,MA,etanol,39.2300,8
2025-12-24,MA,gasolina,64.9400,11
2025-12-24,MG,diesel_s10,415.0000,69
2025-12-24,MG,etanol,427.9100,94
2025-12-24,MG,gasolina,614.3600,101
2025-12-24,MT,diesel_s10,89.2800,14
2025-12-24,MT,etanol,78.5800,18
2025-12-24,MT,gasolina,114.4100,18
2025-12-24,PA,diesel_s10,50.0700,8
2025-12-24,PA,etanol,15.2000,3
2025-12-24,PA,gasolina,65.2400,10
2025-12-24,PB,diesel_s10,34.6400,6
2025-12-24,PB,etanol,48.3000,11
2025-12-24,PB,gasolina,71.1100,12
2025-12-24,PE,diesel_s10,180.7200,31
2025-12-24,PE,etanol,138.1700,30
2025-12-24,PE,gasolina,228.2200,37
2025-12-24,PI,diesel_s10,169.3500,28
2025-12-24,PI,etanol,149.2900,33
2025-12-24,PI,gasolina,256.1300,44
2025-12-24,PR,diesel_s10,186.4800,31
2025-12-24,PR,etanol,201.6300,45
2025-12-24,PR,gasolina,272.7600,43
2025-12-24,RJ,diesel_s10,20.5700,3
2025-12-24,RJ,etanol,14.9700,3
2025-12-24,RJ,gasolina,33.4500,5
2025-12-24,RN,diesel_s10,41.3600,7
2025-12-24,RN,etanol,34.8300,8
2025-12-24,RN,gasolina,51.6500,9
2025-12-24,RO,diesel_s10,78.9900,12
2025-12-24,RO,etanol,20.9100,4
2025-12-24,RO,gasolina,79.7100,12
2025-12-24,RS,diesel_s10,200.9900,33
2025-12-24,RS,etanol,121.6200,25
2025-12-24,RS,gasolina,312.6600,51
2025-12-24,SC,etanol,4.6900,1
2025-12-24,SC,gasolina,6.1900,1
2025-12-24,SE,diesel_s10,12.0400,2
2025-12-24,SE,etanol,14.4000,3
2025-12-24,SE,gasolina,39.3000,6
2025-12-24,SP,diesel_s10,518.6500,85
2025-12-24,SP,etanol,497.9700,118
2025-12-24,SP,gasolina,747.9800,124
2025-12-25,AL,diesel_s10,46.9400,7
2025-12-25,AL,etanol,45.4600,9
2025-12-25,AL,gasolina,91.0900,14
2025-12-25,AM,diesel_s10,6.6500,1
2025-12-25,AM,etanol,5.4000,1
2025-12-25,AM,gasolina,6.7700,1
2025-12-25,BA,diesel_s10,113.1400,19
2025-12-25,BA,etanol,92.8700,20
2025-12-25,BA,gasolina,147.0900,24
2025-12-25,GO,diesel_s10,18.1200,3
2025-12-25,GO,etanol,29.2500,6
2025-12-25,GO,gasolina,38.6500,6
2025-12-25,MA,diesel_s10,12.4000,2
2025-12-25,MA,etanol,5.2900,1
2025-12-25,MA,gasolina,13.0300,2
2025-12-25,MG,diesel_s10,18.6500,3
2025-12-25,MG,etanol,18.3200,4
2025-12-25,MG,gasolina,24.2800,4
2025-12-25,PB,diesel_s10,46.9400,8
2025-12-25,PB,etanol,21.7500,5
2025-12-25,PB,gasolina,53.5300,9
2025-12-25,PE,diesel_s10,71.6200,12
2025-12-25,PE,etanol,43.6900,9
2025-12-25,PE,gasolina,101.5100,15
2025-12-25,PI,diesel_s10,5.8900,1
2025-12-25,PI,gasolina,5.9900,1
2025-12-25,PR,diesel_s10,37.0400,6
2025-12-25,PR,etanol,39.3800,9
2025-12-25,PR,gasolina,56.4800,9
2025-12-25,RJ,etanol,5.2900,1
2025-12-25,RJ,gasolina,6.7900,1
2025-12-25,RN,diesel_s10,59.7800,10
2025-12-25,RN,etanol,59.2000,13
2025-12-25,RN,gasolina,89.2000,15
2025-12-25,SP,diesel_s10,196.5600,33
2025-12-25,SP,etanol,235.3100,54
2025-12-25,SP,gasolina,332.5800,54
2025-12-26,AP,diesel_s10,38.8800,6
2025-12-26,AP,etanol,5.7900,1
2025-12-26,AP,gasolina,48.4100,8
2025-12-26,BA,diesel_s10,206.9900,34
2025-12-26,BA,etanol,175.5600,36
2025-12-26,BA,gasolina,238.0100,37
2025-12-26,ES,diesel_s10,48.5200,8
2025-12-26,ES,etanol,37.7400,8
2025-12-26,ES,gasolina,117.3800,18
2025-12-26,GO,diesel_s10,18.1700,3
2025-12-26,GO,etanol,18.7500,4
2025-12-26,GO,gasolina,19.1500,3
2025-12-26,MA,diesel_s10,5.8000,1
2025-12-26,MA,gasolina,5.9600,1
2025-12-26,MG,diesel_s10,90.7300,15
2025-12-26,MG,etanol,84.1400,19
2025-12-26,MG,gasolina,115.2800,19
2025-12-26,PE,diesel_s10,168.2900,29
2025-12-26,PE,etanol,118.5000,26
2025-12-26,PE,gasolina,196.8900,32
2025-12-26,PR,diesel_s10,106.6300,18
2025-12-26,PR,etanol,95.2200,20
2025-12-26,PR,gasolina,129.9700,20
2025-12-26,RJ,diesel_s10,165.7500,26
2025-12-26,RJ,etanol,133.8500,28
2025-12-26,RJ,gasolina,232.2800,37
2025-12-26,RN,diesel_s10,19.9700,3
2025-12-26,RN,etanol,9.8800,2
2025-12-26,RN,gasolina,19.3200,3
2025-12-26,RS,diesel_s10,160.4400,26
2025-12-26,RS,etanol,89.1100,18
2025-12-26,RS,gasolina,235.4800,38
2025-12-26,SC,diesel_s10,23.5900,4
2025-12-26,SC,etanol,23.5300,5
2025-12-26,SC,gasolina,41.7300,7
2025-12-26,SP,diesel_s10,280.2800,45
2025-12-26,SP,etanol,299.7400,68
2025-12-26,SP,gasolina,420.8100,68
2025-12-26,TO,diesel_s10,47.8800,8
2025-12-26,TO,etanol,47.9000,10
2025-12-26,TO,gasolina,65.9600,10
2025-12-27,AC,diesel_s10,32.6600,4
2025-12-27,AC,etanol,17.9800,3
2025-12-27,AC,gasolina,31.9000,4
2025-12-27,SP,diesel_s10,19.7700,3
2025-12-27,SP,etanol,14.0700,3
2025-12-27,SP,gasolina,19.3700,3
2025-12-29,AC,diesel_s10,14.8800,2
2025-12-29,AC,etanol,15.6700,3
2025-12-29,AC,gasolina,29.4600,4
2025-12-29,AL,diesel_s10,48.4200,8
2025-12-29,AL,etanol,98.1800,20
2025-12-29,AL,gasolina,161.4100,26
2025-12-29,AM,diesel_s10,177.3700,25
2025-12-29,AM,etanol,98.8800,18
2025-12-29,AM,gasolina,234.0600,32
2025-12-29,BA,diesel_s10,280.2400,45
2025-12-29,BA,etanol,310.3700,62
2025-12-29,BA,gasolina,428.2100,66
2025-12-29,CE,diesel_s10,438.7100,74
2025-12-29,CE,etanol,361.7300,75
2025-12-29,CE,gasolina,460.5200,75
2025-12-29,DF,diesel_s10,71.1500,12
2025-12-29,DF,etanol,68.2000,14
2025-12-29,DF,gasolina,128.5300,20
2025-12-29,ES,diesel_s10,114.2900,19
2025-12-29,ES,etanol,97.8300,21
2025-12-29,ES,gasolina,208.9200,33
2025-12-29,GO,diesel_s10,335.1700,56
2025-12-29,GO,etanol,342.5700,68
2025-12-29,GO,gasolina,456.6300,71
2025-12-29,MA,diesel_s10,183.1400,30
2025-12-29,MA,etanol,102.3900,20
2025-12-29,MA,gasolina,196.9100,32
2025-12-29,MG,diesel_s10,603.5800,100
2025-12-29,MG,etanol,593.5200,131
2025-12-29,MG,gasolina,860.9000,141
2025-12-29,MS,diesel_s10,79.7600,13
2025-12-29,MS,etanol,45.6400,11
2025-12-29,MS,gasolina,199.9500,32
2025-12-29,MT,diesel_s10,89.9800,14
2025-12-29,MT,etanol,95.4700,21
2025-12-29,MT,gasolina,147.7000,23
2025-12-29,PA,diesel_s10,151.5300,25
2025-12-29,PA,etanol,70.9600,15
2025-12-29,PA,gasolina,255.5900,41
2025-12-29,PB,diesel_s10,70.5900,12
2025-12-29,PB,etanol,63.6200,15
2025-12-29,PB,gasolina,107.7200,18
2025-12-29,PE,diesel_s10,243.4100,42
2025-12-29,PE,etanol,241.1500,54
2025-12-29,PE,gasolina,374.5100,60
2025-12-29,PI,diesel_s10,54.5700,9
2025-12-29,PI,etanol,54.1900,12
2025-12-29,PI,gasolina,105.3100,18
2025-12-29,PR,diesel_s10,387.6500,64
2025-12-29,PR,etanol,384.1300,87
2025-12-29,PR,gasolina,545.2400,87
2025-12-29,RJ,diesel_s10,854.7700,138
2025-12-29,RJ,etanol,870.1000,183
2025-12-29,RJ,gasolina,1267.7900,208
2025-12-29,RN,diesel_s10,18.5600,3
2025-12-29,RN,etanol,28.2800,6
2025-12-29,RN,gasolina,35.2500,6
2025-12-29,RO,diesel_s10,94.3100,15
2025-12-29,RO,etanol,48.6900,9
2025-12-29,RO,gasolina,115.9500,17
2025-12-29,RR,diesel_s10,39.9500,6
2025-12-29,RR,etanol,21.2100,4
2025-12-29,RR,gasolina,40.2000,6
2025-12-29,RS,diesel_s10,550.9400,89
2025-12-29,RS,etanol,234.4500,48
2025-12-29,RS,gasolina,797.4400,127
2025-12-29,SC,diesel_s10,466.0200,76
2025-12-29,SC,etanol,312.7400,65
2025-12-29,SC,gasolina,586.0600,93
2025-12-29,SE,diesel_s10,51.8400,9
2025-12-29,SE,etanol,23.8400,5
2025-12-29,SE,gasolina,84.0800,13
2025-12-29,SP,diesel_s10,2183.5800,355
2025-12-29,SP,etanol,2334.2100,543
2025-12-29,SP,gasolina,3372.9900,552
2025-12-29,TO,diesel_s10,49.4000,8
2025-12-29,TO,etanol,40.2800,8
2025-12-29,TO,gasolina,73.8100,11
2025-12-30,AC,diesel_s10,29.7400,4
2025-12-30,AC,etanol,20.7800,4
2025-12-30,AC,gasolina,28.5700,4
2025-12-30,AL,diesel_s10,101.8600,16
2025-12-30,AL,etanol,113.3200,23
2025-12-30,AL,gasolina,170.8700,27
2025-12-30,AM,diesel_s10,98.0300,15
2025-12-30,AM,etanol,82.1300,15
2025-12-30,AM,gasolina,125.2000,18
2025-12-30,BA,diesel_s10,226.1800,37
2025-12-30,BA,etanol,225.9700,47
2025-12-30,BA,gasolina,324.7600,51
2025-12-30,CE,diesel_s10,112.4200,18
2025-12-30,CE,etanol,83.9500,16
2025-12-30,CE,gasolina,121.4100,19
2025-12-30,DF,diesel_s10,36.0600,6
2025-12-30,DF,etanol,23.9400,5
2025-12-30,DF,gasolina,141.0600,22
2025-12-30,ES,diesel_s10,96.8100,16
2025-12-30,ES,etanol,81.8400,18
2025-12-30,ES,gasolina,169.6400,27
2025-12-30,GO,diesel_s10,288.7300,48
2025-12-30,GO,etanol,281.2900,58
2025-12-30,GO,gasolina,379.9100,60
2025-12-30,MA,diesel_s10,230.3700,39
2025-12-30,MA,etanol,134.8700,28
2025-12-30,MA,gasolina,275.2700,47
2025-12-30,MG,diesel_s10,379.7300,63
2025-12-30,MG,etanol,349.2200,78
2025-12-30,MG,gasolina,511.0600,84
2025-12-30,MS,diesel_s10,41.9700,7
2025-12-30,MS,etanol,46.9700,12
2025-12-30,MS,gasolina,68.5600,12
2025-12-30,MT,diesel_s10,139.2400,22
2025-12-30,MT,etanol,151.7900,34
2025-12-30,MT,gasolina,210.2400,33
2025-12-30,PA,diesel_s10,83.1300,14
2025-12-30,PA,etanol,38.7500,8
2025-12-30,PA,gasolina,107.7400,18
2025-12-30,PB,diesel_s10,76.9400,13
2025-12-30,PB,etanol,83.5900,19
2025-12-30,PB,gasolina,130.5300,22
2025-12-30,PE,diesel_s10,286.0800,49
2025-12-30,PE,etanol,221.8400,48
2025-12-30,PE,gasolina,355.4000,56
2025-12-30,PI,diesel_s10,73.3600,12
2025-12-30,PI,etanol,28.2000,6
2025-12-30,PI,gasolina,82.7000,14
2025-12-30,PR,diesel_s10,303.5400,50
2025-12-30,PR,etanol,356.3000,75
2025-12-30,PR,gasolina,526.5500,80
2025-12-30,RJ,diesel_s10,209.0700,34
2025-12-30,RJ,etanol,209.9900,45
2025-12-30,RJ,gasolina,325.8500,53
2025-12-30,RN,diesel_s10,108.3000,17
2025-12-30,RN,etanol,72.9900,15
2025-12-30,RN,gasolina,111.6900,18
2025-12-30,RO,diesel_s10,65.7300,10
2025-12-30,RO,etanol,42.7200,8
2025-12-30,RO,gasolina,82.6600,12
2025-12-30,RR,diesel_s10,39.8300,6
2025-12-30,RR,etanol,15.8700,3
2025-12-30,RR,gasolina,46.9000,7
2025-12-30,RS,diesel_s10,413.0700,67
2025-12-30,RS,etanol,349.8600,71
2025-12-30,RS,gasolina,766.7900,124
2025-12-30,SC,diesel_s10,49.7900,8
2025-12-30,SC,etanol,33.7500,7
2025-12-30,SC,gasolina,56.2900,9
2025-12-30,SE,diesel_s10,71.3100,12
2025-12-30,SE,etanol,48.1800,10
2025-12-30,SE,gasolina,116.3600,18
2025-12-30,SP,diesel_s10,1094.4600,178
2025-12-30,SP,etanol,1175.0400,273
2025-12-30,SP,gasolina,1700.2700,279
2025-12-30,TO,diesel_s10,17.3400,3
2025-12-30,TO,etanol,9.8400,2
2025-12-30,TO,gasolina,25.8800,4
2025-12-31,AL,diesel_s10,5.6900,1
2025-12-31,AL,etanol,19.1600,4
2025-12-31,AL,gasolina,30.5500,5
2025-12-31,AM,diesel_s10,33.3800,5
2025-12-31,AM,etanol,21.5700,4
2025-12-31,AM,gasolina,33.9000,5
2025-12-31,BA,diesel_s10,154.7500,25
2025-12-31,BA,etanol,156.4900,33
2025-12-31,BA,gasolina,210.7800,33
2025-12-31,CE,diesel_s10,113.0600,18
2025-12-31,CE,etanol,78.2700,15
2025-12-31,CE,gasolina,131.4200,21
2025-12-31,DF,diesel_s10,5.9700,1
2025-12-31,DF,etanol,14.5400,3
2025-12-31,DF,gasolina,38.6700,6
2025-12-31,ES,diesel_s10,59.7900,10
2025-12-31,ES,etanol,58.7600,13
2025-12-31,ES,gasolina,85.9100,14
2025-12-31,GO,diesel_s10,36.1900,6
2025-12-31,GO,etanol,37.1800,8
2025-12-31,GO,gasolina,50.6200,8
2025-12-31,MA,diesel_s10,31.6300,5
2025-12-31,MA,etanol,9.7400,2
2025-12-31,MA,gasolina,36.3500,6
2025-12-31,MG,diesel_s10,403.7500,67
2025-12-31,MG,etanol,438.4800,97
2025-12-31,MG,gasolina,610.7300,100
2025-12-31,MT,diesel_s10,95.9000,15
2025-12-31,MT,etanol,88.4800,20
2025-12-31,MT,gasolina,134.0700,21
2025-12-31,PA,diesel_s10,58.9700,9
2025-12-31,PA,etanol,18.4600,4
2025-12-31,PA,gasolina,67.6000,10
2025-12-31,PB,diesel_s10,81.8600,14
2025-12-31,PB,etanol,72.5000,17
2025-12-31,PB,gasolina,136.5900,23
2025-12-31,PE,diesel_s10,112.8400,19
2025-12-31,PE,etanol,94.9000,20
2025-12-31,PE,gasolina,144.3300,23
2025-12-31,PI,diesel_s10,77.0800,13
2025-12-31,PI,etanol,85.9100,19
2025-12-31,PI,gasolina,133.3700,23
2025-12-31,PR,diesel_s10,360.9800,60
2025-12-31,PR,etanol,361.4800,81
2025-12-31,PR,gasolina,472.6300,75
2025-12-31,RJ,diesel_s10,6.2900,1
2025-12-31,RJ,etanol,10.4800,2
2025-12-31,RJ,gasolina,20.2500,3
2025-12-31,RN,diesel_s10,41.5500,7
2025-12-31,RN,etanol,41.4000,9
2025-12-31,RN,gasolina,52.1100,9
2025-12-31,RO,diesel_s10,57.4600,9
2025-12-31,RO,etanol,38.1200,7
2025-12-31,RO,gasolina,76.0100,11
2025-12-31,RS,diesel_s10,223.1100,36
2025-12-31,RS,etanol,84.0800,17
2025-12-31,RS,gasolina,273.2000,44
2025-12-31,SC,diesel_s10,31.3400,5
2025-12-31,SC,etanol,14.8300,3
2025-12-31,SC,gasolina,43.9100,7
2025-12-31,SP,diesel_s10,456.5700,75
2025-12-31,SP,etanol,530.1800,124
2025-12-31,SP,gasolina,758.4600,126
