data,uf,produto,soma,n
2019-01-02,AC,diesel_s10,123.5800,28
2019-01-02,AC,etanol,68.3500,17
2019-01-02,AC,gasolina,138.2200,29
2019-01-02,AL,diesel_s10,179.8420,47
2019-01-02,AL,etanol,190.7590,56
2019-01-02,AL,gasolina,268.6160,58
2019-01-02,AM,diesel_s10,64.7670,16
2019-01-02,AM,etanol,18.9680,5
2019-01-02,AM,gasolina,135.4290,29
2019-01-02,AP,diesel_s10,58.0200,13
2019-01-02,AP,gasolina,94.4100,24
2019-01-02,BA,diesel_s10,745.5330,208
2019-01-02,BA,etanol,924.1830,270
2019-01-02,BA,gasolina,1248.5280,275
2019-01-02,CE,diesel_s10,783.3610,208
2019-01-02,CE,etanol,673.2990,192
2019-01-02,CE,gasolina,916.5780,208
2019-01-02,DF,diesel_s10,122.6340,32
2019-01-02,DF,etanol,142.7630,43
2019-01-02,DF,gasolina,205.2510,47
2019-01-02,ES,diesel_s10,135.4270,39
2019-01-02,ES,etanol,80.4880,22
2019-01-02,ES,gasolina,202.6280,45
2019-01-02,GO,diesel_s10,291.3900,81
2019-01-02,GO,etanol,316.8740,103
2019-01-02,GO,gasolina,458.1760,101
2019-01-02,MA,diesel_s10,182.5630,50
2019-01-02,MA,etanol,108.1380,29
2019-01-02,MA,gasolina,231.7260,53
2019-01-02,MG,diesel_s10,1028.6670,289
2019-01-02,MG,etanol,1130.5930,372
2019-01-02,MG,gasolina,1730.5610,370
2019-01-02,MS,diesel_s10,215.9000,60
2019-01-02,MS,etanol,243.3960,73
2019-01-02,MS,gasolina,304.5470,74
2019-01-02,MT,diesel_s10,250.2600,62
2019-01-02,MT,etanol,222.6150,78
2019-01-02,MT,gasolina,352.4630,77
2019-01-02,PA,diesel_s10,261.7350,69
2019-01-02,PA,etanol,99.6910,26
2019-01-02,PA,gasolina,349.3420,76
2019-01-02,PB,diesel_s10,93.5380,26
2019-01-02,PB,etanol,85.7970,28
2019-01-02,PB,gasolina,128.9810,30
2019-01-02,PE,diesel_s10,464.3460,134
2019-01-02,PE,etanol,407.9840,129
2019-01-02,PE,gasolina,607.7360,142
2019-01-02,PI,diesel_s10,232.5490,63
2019-01-02,PI,etanol,156.8440,47
2019-01-02,PI,gasolina,295.3740,66
2019-01-02,PR,diesel_s10,770.7480,231
2019-01-02,PR,etanol,894.0780,307
2019-01-02,PR,gasolina,1273.7420,303
2019-01-02,RJ,diesel_s10,477.4900,133
2019-01-02,RJ,etanol,591.1350,175
2019-01-02,RJ,gasolina,855.8300,178
2019-01-02,RN,diesel_s10,157.5280,43
2019-01-02,RN,etanol,140.2390,43
2019-01-02,RN,gasolina,193.1360,46
2019-01-02,RO,diesel_s10,60.1080,16
2019-01-02,RO,etanol,30.1180,7
2019-01-02,RO,gasolina,68.5740,15
2019-01-02,RR,diesel_s10,47.1100,13
2019-01-02,RR,etanol,15.6500,4
2019-01-02,RR,gasolina,52.7600,13
2019-01-02,RS,diesel_s10,658.5700,189
2019-01-02,RS,etanol,434.4670,109
2019-01-02,RS,gasolina,1046.4250,233
2019-01-02,SC,diesel_s10,600.2940,173
2019-01-02,SC,etanol,477.1700,138
2019-01-02,SC,gasolina,876.9500,216
2019-01-02,SE,diesel_s10,73.5670,21
2019-01-02,SE,etanol,49.4970,15
2019-01-02,SE,gasolina,91.2460,21
2019-01-02,SP,diesel_s10,2582.4890,756
2019-01-02,SP,etanol,2659.6730,999
2019-01-02,SP,gasolina,4085.6450,987
2019-01-02,TO,diesel_s10,159.9190,45
2019-01-02,TO,etanol,133.7650,36
2019-01-02,TO,gasolina,206.7100,45
2019-01-03,AC,diesel_s10,42.0300,9
2019-01-03,AC,etanol,4.5500,1
2019-01-03,AC,gasolina,51.5300,10
2019-01-03,AM,diesel_s10,117.9480,31
2019-01-03,AM,etanol,131.5580,37
2019-01-03,AM,gasolina,169.1890,44
2019-01-03,AP,diesel_s10,8.7580,2
2019-01-03,AP,gasolina,19.3860,5
2019-01-03,BA,diesel_s10,177.0410,50
2019-01-03,BA,etanol,179.4300,53
2019-01-03,BA,gasolina,263.1710,58
2019-01-03,CE,diesel_s10,30.0290,8
2019-01-03,CE,etanol,21.1490,6
2019-01-03,CE,gasolina,40.7790,9
2019-01-03,ES,diesel_s10,190.5480,54
2019-01-03,ES,etanol,147.2980,42
2019-01-03,ES,gasolina,308.3380,70
2019-01-03,GO,diesel_s10,320.4950,88
2019-01-03,GO,etanol,401.9130,131
2019-01-03,GO,gasolina,579.5530,129
2019-01-03,MA,diesel_s10,222.8130,64
2019-01-03,MA,etanol,48.4100,14
2019-01-03,MA,gasolina,285.4910,70
2019-01-03,MG,diesel_s10,587.4150,164
2019-01-03,MG,etanol,657.9110,220
2019-01-03,MG,gasolina,1000.2040,217
2019-01-03,MS,diesel_s10,35.8960,10
2019-01-03,MS,etanol,37.7560,11
2019-01-03,MS,gasolina,56.5160,13
2019-01-03,MT,diesel_s10,261.0450,66
2019-01-03,MT,etanol,219.5470,81
2019-01-03,MT,gasolina,367.4270,81
2019-01-03,PA,diesel_s10,143.6650,37
2019-01-03,PA,etanol,85.7860,23
2019-01-03,PA,gasolina,181.8240,40
2019-01-03,PB,diesel_s10,112.6290,31
2019-01-03,PB,etanol,95.2180,31
2019-01-03,PB,gasolina,140.6520,33
2019-01-03,PE,diesel_s10,135.1530,38
2019-01-03,PE,etanol,137.0380,44
2019-01-03,PE,gasolina,216.0040,51
2019-01-03,PR,diesel_s10,174.2410,52
2019-01-03,PR,etanol,187.0830,67
2019-01-03,PR,gasolina,279.0960,66
2019-01-03,RJ,diesel_s10,687.1420,188
2019-01-03,RJ,etanol,818.6370,238
2019-01-03,RJ,gasolina,1160.8390,240
2019-01-03,RN,diesel_s10,62.3020,17
2019-01-03,RN,etanol,58.2530,17
2019-01-03,RN,gasolina,74.4480,17
2019-01-03,RO,diesel_s10,167.7920,44
2019-01-03,RO,etanol,97.6350,25
2019-01-03,RO,gasolina,256.9190,58
2019-01-03,RS,diesel_s10,399.9600,113
2019-01-03,RS,etanol,277.2750,68
2019-01-03,RS,gasolina,595.5610,131
2019-01-03,SC,diesel_s10,111.9970,33
2019-01-03,SC,etanol,73.1420,21
2019-01-03,SC,gasolina,150.7890,37
2019-01-03,SE,diesel_s10,69.3060,19
2019-01-03,SE,etanol,68.6450,21
2019-01-03,SE,gasolina,92.2920,21
2019-01-03,SP,diesel_s10,1745.6930,501
2019-01-03,SP,etanol,1763.9930,663
2019-01-03,SP,gasolina,2738.7010,657
2019-01-03,TO,etanol,3.4900,1
2019-01-03,TO,gasolina,4.1900,1
2019-01-04,BA,etanol,3.5690,1
2019-01-04,BA,gasolina,4.7890,1
2019-01-04,PA,diesel_s10,3.9900,1
2019-01-04,PA,gasolina,4.9000,1
2019-01-07,AL,diesel_s10,96.3780,26
2019-01-07,AL,etanol,101.5480,31
2019-01-07,AL,gasolina,143.2570,32
2019-01-07,AM,diesel_s10,7.7000,2
2019-01-07,AM,etanol,3.4900,1
2019-01-07,AM,gasolina,8.4300,2
2019-01-07,BA,diesel_s10,142.6610,40
2019-01-07,BA,etanol,135.5180,40
2019-01-07,BA,gasolina,167.5810,37
2019-01-07,CE,diesel_s10,23.8670,6
2019-01-07,CE,etanol,29.8340,8
2019-01-07,CE,gasolina,36.8150,8
2019-01-07,ES,diesel_s10,66.9490,19
2019-01-07,ES,etanol,52.6500,14
2019-01-07,ES,gasolina,104.8500,23
2019-01-07,GO,diesel_s10,29.6300,8
2019-01-07,GO,etanol,39.4510,13
2019-01-07,GO,gasolina,58.1510,13
2019-01-07,MA,diesel_s10,66.7230,18
2019-01-07,MA,etanol,41.4250,11
2019-01-07,MA,gasolina,82.9410,19
2019-01-07,MG,diesel_s10,227.3420,65
2019-01-07,MG,etanol,241.1550,80
2019-01-07,MG,gasolina,375.8820,81
2019-01-07,MS,diesel_s10,7.5980,2
2019-01-07,MS,etanol,6.9980,2
2019-01-07,MS,gasolina,8.5980,2
2019-01-07,MT,diesel_s10,73.0060,18
2019-01-07,MT,etanol,63.8220,21
2019-01-07,MT,gasolina,97.2320,21
2019-01-07,PA,diesel_s10,104.9240,27
2019-01-07,PA,etanol,39.9350,11
2019-01-07,PA,gasolina,137.9880,30
2019-01-07,PB,diesel_s10,82.2580,23
2019-01-07,PB,etanol,76.4470,25
2019-01-07,PB,gasolina,111.5410,26
2019-01-07,PE,diesel_s10,101.1340,29
2019-01-07,PE,etanol,75.1130,23
2019-01-07,PE,gasolina,131.5810,30
2019-01-07,PI,diesel_s10,25.2930,7
2019-01-07,PI,etanol,19.4140,6
2019-01-07,PI,gasolina,43.7710,10
2019-01-07,PR,diesel_s10,136.8250,41
2019-01-07,PR,etanol,148.2250,51
2019-01-07,PR,gasolina,209.7300,49
2019-01-07,RJ,diesel_s10,128.0460,35
2019-01-07,RJ,etanol,138.8810,40
2019-01-07,RJ,gasolina,204.0360,42
2019-01-07,RN,diesel_s10,26.1590,7
2019-01-07,RN,etanol,13.8380,4
2019-01-07,RN,gasolina,24.9800,6
2019-01-07,RO,diesel_s10,49.3870,13
2019-01-07,RO,etanol,25.3080,6
2019-01-07,RO,gasolina,54.3530,12
2019-01-07,RS,diesel_s10,149.9210,42
2019-01-07,RS,etanol,106.5900,26
2019-01-07,RS,gasolina,243.2430,53
2019-01-07,SC,diesel_s10,163.7780,47
2019-01-07,SC,etanol,133.4870,39
2019-01-07,SC,gasolina,212.0930,52
2019-01-07,SP,diesel_s10,842.0020,246
2019-01-07,SP,etanol,843.9810,317
2019-01-07,SP,gasolina,1300.6210,315
2019-01-07,TO,diesel_s10,45.0560,13
2019-01-07,TO,etanol,49.2260,13
2019-01-07,TO,gasolina,59.2330,13
2019-01-08,AL,diesel_s10,73.8220,19
2019-01-08,AL,etanol,72.9590,21
2019-01-08,AL,gasolina,99.4550,21
2019-01-08,AM,diesel_s10,61.0780,15
2019-01-08,AM,etanol,15.3780,4
2019-01-08,AM,gasolina,125.3590,27
2019-01-08,BA,diesel_s10,489.4370,137
2019-01-08,BA,etanol,564.6680,167
2019-01-08,BA,gasolina,782.0790,172
2019-01-08,CE,diesel_s10,754.6220,201
2019-01-08,CE,etanol,640.3900,182
2019-01-08,CE,gasolina,868.4600,199
2019-01-08,DF,diesel_s10,147.5780,39
2019-01-08,DF,etanol,140.5910,43
2019-01-08,DF,gasolina,189.8850,47
2019-01-08,ES,diesel_s10,72.5690,21
2019-01-08,ES,etanol,32.5180,9
2019-01-08,ES,gasolina,107.5180,24
2019-01-08,GO,diesel_s10,260.8300,73
2019-01-08,GO,etanol,270.5630,88
2019-01-08,GO,gasolina,384.4250,85
2019-01-08,MA,diesel_s10,120.1710,33
2019-01-08,MA,etanol,77.7800,21
2019-01-08,MA,gasolina,157.1820,36
2019-01-08,MG,diesel_s10,757.1380,212
2019-01-08,MG,etanol,841.3570,276
2019-01-08,MG,gasolina,1288.8850,275
2019-01-08,MS,diesel_s10,248.7590,69
2019-01-08,MS,etanol,243.9150,73
2019-01-08,MS,gasolina,297.6090,73
2019-01-08,MT,diesel_s10,90.1830,22
2019-01-08,MT,etanol,77.1930,25
2019-01-08,MT,gasolina,112.0240,24
2019-01-08,PA,diesel_s10,164.5000,44
2019-01-08,PA,etanol,47.8170,12
2019-01-08,PA,gasolina,215.1500,47
2019-01-08,PB,diesel_s10,11.2800,3
2019-01-08,PB,etanol,9.3500,3
2019-01-08,PB,gasolina,17.4400,4
2019-01-08,PE,diesel_s10,359.6310,104
2019-01-08,PE,etanol,333.7610,106
2019-01-08,PE,gasolina,475.7580,112
2019-01-08,PI,diesel_s10,144.0990,39
2019-01-08,PI,etanol,87.3320,26
2019-01-08,PI,gasolina,180.6850,40
2019-01-08,PR,diesel_s10,592.0660,177
2019-01-08,PR,etanol,682.4390,234
2019-01-08,PR,gasolina,971.1460,229
2019-01-08,RJ,diesel_s10,380.0160,106
2019-01-08,RJ,etanol,488.3200,141
2019-01-08,RJ,gasolina,676.7440,141
2019-01-08,RN,diesel_s10,127.4400,35
2019-01-08,RN,etanol,124.4680,38
2019-01-08,RN,gasolina,163.0230,39
2019-01-08,RO,diesel_s10,33.6080,9
2019-01-08,RO,etanol,24.2170,6
2019-01-08,RO,gasolina,44.7070,10
2019-01-08,RR,diesel_s10,43.1100,12
2019-01-08,RR,etanol,11.7400,3
2019-01-08,RR,gasolina,51.8400,13
2019-01-08,RS,diesel_s10,378.5360,110
2019-01-08,RS,etanol,233.2180,59
2019-01-08,RS,gasolina,545.9010,124
2019-01-08,SC,diesel_s10,321.1260,94
2019-01-08,SC,etanol,239.0590,69
2019-01-08,SC,gasolina,470.6050,117
2019-01-08,SE,diesel_s10,145.5030,41
2019-01-08,SE,etanol,110.8830,34
2019-01-08,SE,gasolina,181.4910,42
2019-01-08,SP,diesel_s10,2011.4950,589
2019-01-08,SP,etanol,2067.8910,775
2019-01-08,SP,gasolina,3140.8330,762
2019-01-08,TO,diesel_s10,115.1510,32
2019-01-08,TO,etanol,95.2250,26
2019-01-08,TO,gasolina,145.7140,32
2019-01-09,AC,diesel_s10,46.4700,10
2019-01-09,AC,etanol,14.1500,3
2019-01-09,AC,gasolina,50.8200,10
2019-01-09,AM,diesel_s10,119.9280,32
2019-01-09,AM,etanol,134.5030,38
2019-01-09,AM,gasolina,157.0910,43
2019-01-09,AP,diesel_s10,22.0000,5
2019-01-09,AP,gasolina,27.2600,7
2019-01-09,BA,diesel_s10,286.9700,80
2019-01-09,BA,etanol,366.5310,106
2019-01-09,BA,gasolina,491.3750,109
2019-01-09,CE,diesel_s10,30.0290,8
2019-01-09,CE,etanol,21.1490,6
2019-01-09,CE,gasolina,40.7790,9
2019-01-09,ES,diesel_s10,32.8190,9
2019-01-09,ES,etanol,33.3970,9
2019-01-09,ES,gasolina,55.8290,12
2019-01-09,GO,diesel_s10,237.3050,66
2019-01-09,GO,etanol,305.4490,102
2019-01-09,GO,gasolina,442.9540,101
2019-01-09,MA,diesel_s10,28.1860,8
2019-01-09,MA,gasolina,43.2270,10
2019-01-09,MG,diesel_s10,382.3610,107
2019-01-09,MG,etanol,421.2740,141
2019-01-09,MG,gasolina,640.3140,140
2019-01-09,MS,diesel_s10,18.8500,5
2019-01-09,MS,etanol,21.5200,6
2019-01-09,MS,gasolina,35.7900,8
2019-01-09,MT,diesel_s10,128.4760,33
2019-01-09,MT,etanol,114.1480,44
2019-01-09,MT,gasolina,197.4720,44
2019-01-09,PA,diesel_s10,92.6590,24
2019-01-09,PA,etanol,58.9190,16
2019-01-09,PA,gasolina,124.2550,28
2019-01-09,PB,diesel_s10,67.6880,19
2019-01-09,PB,etanol,69.2800,24
2019-01-09,PB,gasolina,97.5180,24
2019-01-09,PE,diesel_s10,100.6980,28
2019-01-09,PE,etanol,108.2700,35
2019-01-09,PE,gasolina,149.0470,36
2019-01-09,PI,diesel_s10,50.4770,14
2019-01-09,PI,etanol,45.4960,14
2019-01-09,PI,gasolina,69.7450,16
2019-01-09,PR,diesel_s10,75.7190,23
2019-01-09,PR,etanol,89.1990,32
2019-01-09,PR,gasolina,134.3390,32
2019-01-09,RJ,diesel_s10,393.6160,108
2019-01-09,RJ,etanol,533.7370,146
2019-01-09,RJ,gasolina,701.1740,146
2019-01-09,RN,diesel_s10,3.6600,1
2019-01-09,RN,etanol,3.0300,1
2019-01-09,RN,gasolina,4.1700,1
2019-01-09,RO,diesel_s10,60.3430,16
2019-01-09,RO,etanol,37.4120,9
2019-01-09,RO,gasolina,87.0800,19
2019-01-09,RS,diesel_s10,232.2280,66
2019-01-09,RS,etanol,200.6470,50
2019-01-09,RS,gasolina,404.4210,90
2019-01-09,SC,diesel_s10,90.0190,27
2019-01-09,SC,etanol,57.5190,17
2019-01-09,SC,gasolina,120.0340,30
2019-01-09,SP,diesel_s10,812.5530,231
2019-01-09,SP,etanol,866.8690,329
2019-01-09,SP,gasolina,1366.3070,328
2019-01-10,AC,diesel_s10,114.5790,26
2019-01-10,AC,etanol,60.0650,15
2019-01-10,AC,gasolina,137.7370,29
2019-01-10,AL,diesel_s10,7.5880,2
2019-01-10,AL,etanol,15.5560,5
2019-01-10,AL,gasolina,21.9860,5
2019-01-10,AM,diesel_s10,3.8900,1
2019-01-10,AM,etanol,3.6900,1
2019-01-10,AM,gasolina,4.3900,1
2019-01-10,AP,diesel_s10,45.5780,10
2019-01-10,AP,gasolina,85.9360,22
2019-01-10,BA,diesel_s10,53.7670,15
2019-01-10,BA,etanol,54.7260,16
2019-01-10,BA,gasolina,72.9250,16
2019-01-10,ES,diesel_s10,165.0030,47
2019-01-10,ES,etanol,128.8390,37
2019-01-10,ES,gasolina,250.2180,58
2019-01-10,GO,diesel_s10,74.5660,20
2019-01-10,GO,etanol,95.0460,31
2019-01-10,GO,gasolina,135.7240,30
2019-01-10,MA,diesel_s10,189.1280,54
2019-01-10,MA,etanol,34.4030,10
2019-01-10,MA,gasolina,235.7460,58
2019-01-10,MG,diesel_s10,241.7000,67
2019-01-10,MG,etanol,278.8200,94
2019-01-10,MG,gasolina,422.1050,92
2019-01-10,MS,diesel_s10,13.5470,4
2019-01-10,MS,etanol,12.8870,4
2019-01-10,MS,gasolina,16.4770,4
2019-01-10,MT,diesel_s10,228.2310,58
2019-01-10,MT,etanol,189.1330,70
2019-01-10,MT,gasolina,317.4140,70
2019-01-10,PA,diesel_s10,48.0780,12
2019-01-10,PA,etanol,23.5570,6
2019-01-10,PA,gasolina,58.0810,12
2019-01-10,PB,diesel_s10,33.5240,9
2019-01-10,PB,etanol,24.2160,7
2019-01-10,PB,gasolina,40.2240,9
2019-01-10,PE,diesel_s10,49.8180,14
2019-01-10,PE,etanol,33.8700,10
2019-01-10,PE,gasolina,68.1640,15
2019-01-10,PR,diesel_s10,125.3520,38
2019-01-10,PR,etanol,158.1940,57
2019-01-10,PR,gasolina,225.9530,57
2019-01-10,RJ,diesel_s10,269.1670,74
2019-01-10,RJ,etanol,303.1310,87
2019-01-10,RJ,gasolina,432.7080,89
2019-01-10,RN,diesel_s10,62.1040,17
2019-01-10,RN,etanol,57.9350,17
2019-01-10,RN,gasolina,75.1680,17
2019-01-10,RO,diesel_s10,92.2330,24
2019-01-10,RO,etanol,63.6740,17
2019-01-10,RO,gasolina,140.0500,32
2019-01-10,RS,diesel_s10,308.9450,87
2019-01-10,RS,etanol,211.9060,52
2019-01-10,RS,gasolina,439.1080,97
2019-01-10,SC,diesel_s10,121.8810,34
2019-01-10,SC,etanol,115.1610,33
2019-01-10,SC,gasolina,216.9010,54
2019-01-10,SP,diesel_s10,628.3250,182
2019-01-10,SP,etanol,644.9280,241
2019-01-10,SP,gasolina,993.1820,238
2019-01-10,TO,etanol,3.4900,1
2019-01-10,TO,gasolina,4.1900,1
2019-01-14,AC,diesel_s10,90.1000,20
2019-01-14,AC,etanol,53.8200,13
2019-01-14,AC,gasolina,101.9000,21
2019-01-14,AL,diesel_s10,81.2010,21
2019-01-14,AL,etanol,110.8450,33
2019-01-14,AL,gasolina,164.5410,37
2019-01-14,AM,diesel_s10,12.1200,3
2019-01-14,AM,gasolina,32.3400,7
2019-01-14,BA,diesel_s10,152.0280,41
2019-01-14,BA,etanol,191.2010,55
2019-01-14,BA,gasolina,280.3460,61
2019-01-14,CE,diesel_s10,632.9950,171
2019-01-14,CE,etanol,561.2960,162
2019-01-14,CE,gasolina,755.8040,176
2019-01-14,ES,diesel_s10,45.1200,13
2019-01-14,ES,etanol,18.7590,5
2019-01-14,ES,gasolina,78.2100,17
2019-01-14,GO,diesel_s10,14.1660,4
2019-01-14,GO,etanol,23.6120,8
2019-01-14,GO,gasolina,33.2100,8
2019-01-14,MA,diesel_s10,43.3760,12
2019-01-14,MA,etanol,18.5190,5
2019-01-14,MA,gasolina,56.3260,13
2019-01-14,MG,diesel_s10,801.1530,225
2019-01-14,MG,etanol,882.2400,291
2019-01-14,MG,gasolina,1343.2580,290
2019-01-14,MS,diesel_s10,21.5750,6
2019-01-14,MS,etanol,20.5450,6
2019-01-14,MS,gasolina,25.9140,6
2019-01-14,MT,diesel_s10,299.3440,76
2019-01-14,MT,etanol,254.3330,95
2019-01-14,MT,gasolina,429.0360,95
2019-01-14,PA,diesel_s10,70.5370,18
2019-01-14,PA,etanol,27.3670,7
2019-01-14,PA,gasolina,80.4000,17
2019-01-14,PB,diesel_s10,44.4740,12
2019-01-14,PB,etanol,33.4260,10
2019-01-14,PB,gasolina,56.9240,13
2019-01-14,PI,diesel_s10,107.6600,30
2019-01-14,PI,etanol,76.8540,23
2019-01-14,PI,gasolina,150.1570,34
2019-01-14,PR,diesel_s10,562.6620,170
2019-01-14,PR,etanol,624.2940,218
2019-01-14,PR,gasolina,896.5940,216
2019-01-14,RJ,diesel_s10,327.5890,90
2019-01-14,RJ,etanol,392.3570,108
2019-01-14,RJ,gasolina,525.1930,109
2019-01-14,RN,diesel_s10,56.0080,15
2019-01-14,RN,etanol,47.4960,14
2019-01-14,RN,gasolina,70.4680,17
2019-01-14,RO,diesel_s10,37.4770,10
2019-01-14,RO,etanol,27.8690,7
2019-01-14,RO,gasolina,35.4360,8
2019-01-14,RS,diesel_s10,253.6410,72
2019-01-14,RS,etanol,164.2170,41
2019-01-14,RS,gasolina,356.7880,82
2019-01-14,SC,diesel_s10,135.3940,39
2019-01-14,SC,etanol,97.9700,28
2019-01-14,SC,gasolina,184.3420,45
2019-01-14,SE,diesel_s10,16.9600,5
2019-01-14,SE,etanol,13.1970,4
2019-01-14,SE,gasolina,21.0400,5
2019-01-14,SP,diesel_s10,1402.5590,409
2019-01-14,SP,etanol,1439.6100,540
2019-01-14,SP,gasolina,2169.1960,536
2019-01-14,TO,diesel_s10,34.6360,10
2019-01-14,TO,etanol,37.7520,10
2019-01-14,TO,gasolina,44.9850,10
2019-01-15,AM,diesel_s10,20.1800,5
2019-01-15,AM,etanol,7.3800,2
2019-01-15,AM,gasolina,47.7200,10
2019-01-15,AP,diesel_s10,9.0980,2
2019-01-15,AP,gasolina,19.0760,5
2019-01-15,BA,diesel_s10,471.2250,133
2019-01-15,BA,etanol,613.5420,181
2019-01-15,BA,gasolina,800.3990,179
2019-01-15,CE,diesel_s10,106.9160,29
2019-01-15,CE,etanol,98.4840,28
2019-01-15,CE,gasolina,139.7340,32
2019-01-15,ES,diesel_s10,63.1300,18
2019-01-15,ES,etanol,40.5190,11
2019-01-15,ES,gasolina,86.9770,20
2019-01-15,GO,diesel_s10,157.6820,44
2019-01-15,GO,etanol,154.1740,51
2019-01-15,GO,gasolina,219.4070,50
2019-01-15,MA,diesel_s10,305.9570,86
2019-01-15,MA,etanol,134.2110,37
2019-01-15,MA,gasolina,380.3360,91
2019-01-15,MG,diesel_s10,498.6070,139
2019-01-15,MG,etanol,540.9890,181
2019-01-15,MG,gasolina,812.1290,177
2019-01-15,MS,diesel_s10,94.1660,26
2019-01-15,MS,etanol,93.0200,27
2019-01-15,MS,gasolina,114.4350,27
2019-01-15,MT,diesel_s10,124.1450,31
2019-01-15,MT,etanol,107.2520,36
2019-01-15,MT,gasolina,156.0430,34
2019-01-15,PA,diesel_s10,307.0100,81
2019-01-15,PA,etanol,135.3630,36
2019-01-15,PA,gasolina,394.6580,88
2019-01-15,PB,diesel_s10,42.0390,12
2019-01-15,PB,etanol,39.7440,13
2019-01-15,PB,gasolina,55.3650,13
2019-01-15,PE,diesel_s10,307.0340,90
2019-01-15,PE,etanol,251.3550,80
2019-01-15,PE,gasolina,392.8560,93
2019-01-15,PI,diesel_s10,78.7430,21
2019-01-15,PI,etanol,49.7190,15
2019-01-15,PI,gasolina,94.6260,21
2019-01-15,PR,diesel_s10,198.6980,58
2019-01-15,PR,etanol,224.9550,76
2019-01-15,PR,gasolina,322.0330,75
2019-01-15,RJ,diesel_s10,433.8230,120
2019-01-15,RJ,etanol,577.4360,157
2019-01-15,RJ,gasolina,769.4050,161
2019-01-15,RN,diesel_s10,134.5290,36
2019-01-15,RN,etanol,143.3540,44
2019-01-15,RN,gasolina,190.9300,46
2019-01-15,RO,diesel_s10,93.7310,25
2019-01-15,RO,etanol,58.7020,14
2019-01-15,RO,gasolina,121.5650,27
2019-01-15,RR,diesel_s10,42.6280,12
2019-01-15,RR,etanol,7.7900,2
2019-01-15,RR,gasolina,51.6780,13
2019-01-15,RS,diesel_s10,220.5430,62
2019-01-15,RS,etanol,110.8350,27
2019-01-15,RS,gasolina,312.2510,69
2019-01-15,SC,diesel_s10,147.7660,44
2019-01-15,SC,etanol,116.6860,34
2019-01-15,SC,gasolina,208.5020,52
2019-01-15,SE,diesel_s10,23.9860,7
2019-01-15,SE,etanol,9.8970,3
2019-01-15,SE,gasolina,29.5480,7
2019-01-15,SP,diesel_s10,912.3740,261
2019-01-15,SP,etanol,938.8850,348
2019-01-15,SP,gasolina,1415.9420,344
2019-01-15,TO,diesel_s10,100.3210,28
2019-01-15,TO,etanol,84.1600,23
2019-01-15,TO,gasolina,129.7420,29
2019-01-16,AC,diesel_s10,75.2300,17
2019-01-16,AC,etanol,23.9100,6
2019-01-16,AC,gasolina,85.7500,18
2019-01-16,AL,diesel_s10,67.3400,18
2019-01-16,AL,etanol,60.0380,18
2019-01-16,AL,gasolina,92.2280,20
2019-01-16,AM,diesel_s10,35.0100,9
2019-01-16,AM,etanol,11.6500,3
2019-01-16,AM,gasolina,55.2200,13
2019-01-16,AP,diesel_s10,50.2100,11
2019-01-16,AP,gasolina,94.1500,24
2019-01-16,BA,diesel_s10,176.5420,49
2019-01-16,BA,etanol,168.2910,49
2019-01-16,BA,gasolina,238.4690,52
2019-01-16,CE,diesel_s10,37.0390,10
2019-01-16,CE,etanol,31.6500,9
2019-01-16,CE,gasolina,44.4990,10
2019-01-16,DF,diesel_s10,56.2060,15
2019-01-16,DF,etanol,59.1150,18
2019-01-16,DF,gasolina,76.2580,18
2019-01-16,ES,diesel_s10,25.4100,7
2019-01-16,ES,etanol,14.9690,4
2019-01-16,ES,gasolina,41.2590,9
2019-01-16,GO,diesel_s10,391.2000,108
2019-01-16,GO,etanol,415.2160,137
2019-01-16,GO,gasolina,594.3370,135
2019-01-16,MA,diesel_s10,60.0530,17
2019-01-16,MA,etanol,25.6840,7
2019-01-16,MA,gasolina,74.7330,18
2019-01-16,MG,diesel_s10,201.7810,56
2019-01-16,MG,etanol,234.8720,81
2019-01-16,MG,gasolina,363.0710,80
2019-01-16,MS,diesel_s10,37.3330,10
2019-01-16,MS,etanol,34.5340,10
2019-01-16,MS,gasolina,45.1420,11
2019-01-16,MT,diesel_s10,37.6760,10
2019-01-16,MT,etanol,33.4650,12
2019-01-16,MT,gasolina,53.5050,12
2019-01-16,PA,diesel_s10,36.0670,9
2019-01-16,PA,etanol,12.3300,3
2019-01-16,PA,gasolina,61.5290,13
2019-01-16,PB,diesel_s10,57.3800,16
2019-01-16,PB,etanol,49.9550,17
2019-01-16,PB,gasolina,69.3290,17
2019-01-16,PE,diesel_s10,207.7060,58
2019-01-16,PE,etanol,194.2810,61
2019-01-16,PE,gasolina,286.7190,67
2019-01-16,PI,diesel_s10,36.3900,10
2019-01-16,PI,etanol,32.7900,10
2019-01-16,PI,gasolina,52.2780,12
2019-01-16,PR,diesel_s10,69.1490,21
2019-01-16,PR,etanol,71.3990,25
2019-01-16,PR,gasolina,97.6690,23
2019-01-16,RJ,diesel_s10,254.2380,71
2019-01-16,RJ,etanol,325.3760,90
2019-01-16,RJ,gasolina,443.3900,93
2019-01-16,RO,diesel_s10,101.8210,27
2019-01-16,RO,etanol,64.5640,17
2019-01-16,RO,gasolina,152.2510,35
2019-01-16,RS,diesel_s10,339.9630,100
2019-01-16,RS,etanol,232.7540,60
2019-01-16,RS,gasolina,522.4410,122
2019-01-16,SC,diesel_s10,400.8070,115
2019-01-16,SC,etanol,322.1100,93
2019-01-16,SC,gasolina,551.9830,138
2019-01-16,SE,diesel_s10,108.3700,30
2019-01-16,SE,etanol,87.5780,27
2019-01-16,SE,gasolina,126.5640,30
2019-01-16,SP,diesel_s10,1122.6030,327
2019-01-16,SP,etanol,1115.2970,427
2019-01-16,SP,gasolina,1687.7500,413
2019-01-16,TO,diesel_s10,24.6780,7
2019-01-16,TO,etanol,26.1090,7
2019-01-16,TO,gasolina,31.4480,7
2019-01-17,AM,diesel_s10,109.4880,30
2019-01-17,AM,etanol,126.3160,37
2019-01-17,AM,gasolina,150.5610,43
2019-01-17,BA,diesel_s10,127.3990,37
2019-01-17,BA,etanol,141.7360,43
2019-01-17,BA,gasolina,193.0490,43
2019-01-17,CE,diesel_s10,7.2800,2
2019-01-17,CE,etanol,6.9800,2
2019-01-17,CE,gasolina,8.9600,2
2019-01-17,DF,diesel_s10,71.5930,19
2019-01-17,DF,etanol,91.8290,28
2019-01-17,DF,gasolina,120.7090,29
2019-01-17,ES,diesel_s10,190.1560,55
2019-01-17,ES,etanol,172.1640,50
2019-01-17,ES,gasolina,303.1130,70
2019-01-17,GO,diesel_s10,81.0470,23
2019-01-17,GO,etanol,108.1700,37
2019-01-17,GO,gasolina,156.7140,37
2019-01-17,MA,diesel_s10,3.4990,1
2019-01-17,MA,gasolina,4.0990,1
2019-01-17,MG,diesel_s10,126.6610,36
2019-01-17,MG,etanol,119.2940,40
2019-01-17,MG,gasolina,180.5450,40
2019-01-17,MS,diesel_s10,123.5350,35
2019-01-17,MS,etanol,139.2700,43
2019-01-17,MS,gasolina,170.0530,43
2019-01-17,MT,diesel_s10,42.5730,11
2019-01-17,MT,etanol,43.6280,17
2019-01-17,MT,gasolina,75.0340,17
2019-01-17,PA,diesel_s10,3.3600,1
2019-01-17,PA,gasolina,4.2900,1
2019-01-17,PB,diesel_s10,53.1980,15
2019-01-17,PB,etanol,57.6250,20
2019-01-17,PB,gasolina,80.5000,20
2019-01-17,PE,diesel_s10,100.4300,28
2019-01-17,PE,etanol,98.9210,32
2019-01-17,PE,gasolina,131.0710,32
2019-01-17,PR,diesel_s10,140.2780,42
2019-01-17,PR,etanol,149.7810,53
2019-01-17,PR,gasolina,215.5960,54
2019-01-17,RJ,diesel_s10,142.8610,39
2019-01-17,RJ,etanol,205.5180,57
2019-01-17,RJ,gasolina,270.6750,57
2019-01-17,RO,diesel_s10,3.9990,1
2019-01-17,RO,gasolina,4.1990,1
2019-01-17,RS,diesel_s10,229.9000,65
2019-01-17,RS,etanol,222.2520,55
2019-01-17,RS,gasolina,390.9090,88
2019-01-17,SC,diesel_s10,61.2980,18
2019-01-17,SC,etanol,34.3160,10
2019-01-17,SC,gasolina,73.1100,18
2019-01-17,SP,diesel_s10,942.8990,273
2019-01-17,SP,etanol,908.1860,347
2019-01-17,SP,gasolina,1390.9370,339
2019-01-21,AC,diesel_s10,37.1700,8
2019-01-21,AC,etanol,13.6500,3
2019-01-21,AC,gasolina,40.1100,8
2019-01-21,AL,diesel_s10,55.0430,14
2019-01-21,AL,etanol,48.7330,14
2019-01-21,AL,gasolina,74.7070,16
2019-01-21,AM,diesel_s10,104.4470,28
2019-01-21,AM,etanol,105.6700,31
2019-01-21,AM,gasolina,215.1420,50
2019-01-21,AP,diesel_s10,44.7490,10
2019-01-21,AP,gasolina,68.2390,18
2019-01-21,BA,diesel_s10,191.3760,52
2019-01-21,BA,etanol,238.4190,69
2019-01-21,BA,gasolina,350.4730,77
2019-01-21,CE,diesel_s10,190.1160,50
2019-01-21,CE,etanol,149.7280,42
2019-01-21,CE,gasolina,247.9330,55
2019-01-21,ES,diesel_s10,55.8490,16
2019-01-21,ES,etanol,29.9380,8
2019-01-21,ES,gasolina,87.2090,19
2019-01-21,GO,diesel_s10,25.2540,7
2019-01-21,GO,etanol,32.6400,11
2019-01-21,GO,gasolina,46.9290,11
2019-01-21,MA,diesel_s10,50.8650,14
2019-01-21,MA,etanol,22.2180,6
2019-01-21,MA,gasolina,69.7340,16
2019-01-21,MG,diesel_s10,897.5510,251
2019-01-21,MG,etanol,1006.2090,333
2019-01-21,MG,gasolina,1527.2520,331
2019-01-21,MS,diesel_s10,64.2050,18
2019-01-21,MS,etanol,82.3690,25
2019-01-21,MS,gasolina,97.0390,24
2019-01-21,MT,diesel_s10,90.5360,22
2019-01-21,MT,etanol,73.1350,24
2019-01-21,MT,gasolina,112.0960,24
2019-01-21,PA,diesel_s10,97.9930,25
2019-01-21,PA,etanol,31.2160,8
2019-01-21,PA,gasolina,117.4560,25
2019-01-21,PB,diesel_s10,44.4740,12
2019-01-21,PB,etanol,33.3560,10
2019-01-21,PB,gasolina,56.8640,13
2019-01-21,PI,diesel_s10,103.8610,29
2019-01-21,PI,etanol,74.3950,22
2019-01-21,PI,gasolina,147.0990,33
2019-01-21,PR,diesel_s10,524.3810,158
2019-01-21,PR,etanol,579.7490,201
2019-01-21,PR,gasolina,830.3100,200
2019-01-21,RJ,diesel_s10,509.3980,139
2019-01-21,RJ,etanol,654.2770,177
2019-01-21,RJ,gasolina,851.4180,177
2019-01-21,RN,diesel_s10,55.9080,15
2019-01-21,RN,etanol,47.1660,14
2019-01-21,RN,gasolina,70.4280,17
2019-01-21,RO,diesel_s10,147.6780,39
2019-01-21,RO,etanol,96.1910,25
2019-01-21,RO,gasolina,182.7500,42
2019-01-21,RS,diesel_s10,324.1550,92
2019-01-21,RS,etanol,216.0220,54
2019-01-21,RS,gasolina,474.8130,109
2019-01-21,SC,diesel_s10,135.4350,39
2019-01-21,SC,etanol,94.7210,27
2019-01-21,SC,gasolina,187.9340,46
2019-01-21,SE,diesel_s10,16.8600,5
2019-01-21,SE,etanol,13.0970,4
2019-01-21,SE,gasolina,20.8400,5
2019-01-21,SP,diesel_s10,1269.6160,371
2019-01-21,SP,etanol,1366.1110,514
2019-01-21,SP,gasolina,2047.5700,509
2019-01-21,TO,diesel_s10,38.1370,11
2019-01-21,TO,etanol,41.4830,11
2019-01-21,TO,gasolina,49.2450,11
2019-01-22,AM,diesel_s10,20.1800,5
2019-01-22,AM,etanol,7.3800,2
2019-01-22,AM,gasolina,47.7200,10
2019-01-22,AP,diesel_s10,9.0980,2
2019-01-22,AP,gasolina,19.0760,5
2019-01-22,BA,diesel_s10,544.6190,155
2019-01-22,BA,etanol,633.5350,191
2019-01-22,BA,gasolina,828.3330,188
2019-01-22,CE,diesel_s10,554.6400,151
2019-01-22,CE,etanol,509.0670,147
2019-01-22,CE,gasolina,646.3630,153
2019-01-22,ES,diesel_s10,63.5100,18
2019-01-22,ES,etanol,40.4190,11
2019-01-22,ES,gasolina,87.3690,20
2019-01-22,GO,diesel_s10,132.2760,37
2019-01-22,GO,etanol,130.4400,43
2019-01-22,GO,gasolina,184.3320,42
2019-01-22,MA,diesel_s10,176.1930,49
2019-01-22,MA,etanol,116.4740,32
2019-01-22,MA,gasolina,225.2340,53
2019-01-22,MG,diesel_s10,357.9960,100
2019-01-22,MG,etanol,386.7110,128
2019-01-22,MG,gasolina,572.6190,124
2019-01-22,MS,diesel_s10,94.3690,26
2019-01-22,MS,etanol,92.7170,27
2019-01-22,MS,gasolina,117.9740,28
2019-01-22,MT,diesel_s10,111.9690,28
2019-01-22,MT,etanol,97.2970,33
2019-01-22,MT,gasolina,141.6800,31
2019-01-22,PA,diesel_s10,283.2070,75
2019-01-22,PA,etanol,119.2970,32
2019-01-22,PA,gasolina,359.8880,81
2019-01-22,PB,diesel_s10,42.0390,12
2019-01-22,PB,etanol,39.7440,13
2019-01-22,PB,gasolina,55.3650,13
2019-01-22,PE,diesel_s10,311.0140,91
2019-01-22,PE,etanol,254.6650,81
2019-01-22,PE,gasolina,396.9920,94
2019-01-22,PI,diesel_s10,94.0890,25
2019-01-22,PI,etanol,57.3160,17
2019-01-22,PI,gasolina,112.4020,25
2019-01-22,PR,diesel_s10,260.4790,77
2019-01-22,PR,etanol,271.2480,94
2019-01-22,PR,gasolina,384.0450,91
2019-01-22,RJ,diesel_s10,267.0160,75
2019-01-22,RJ,etanol,314.2860,88
2019-01-22,RJ,gasolina,436.5540,91
2019-01-22,RN,diesel_s10,140.1740,38
2019-01-22,RN,etanol,144.9330,44
2019-01-22,RN,gasolina,190.6980,46
2019-01-22,RO,diesel_s10,86.6310,23
2019-01-22,RO,etanol,58.7020,14
2019-01-22,RO,gasolina,112.5850,25
2019-01-22,RS,diesel_s10,227.2850,64
2019-01-22,RS,etanol,126.4930,31
2019-01-22,RS,gasolina,316.4440,70
2019-01-22,SC,diesel_s10,148.0840,44
2019-01-22,SC,etanol,123.7960,36
2019-01-22,SC,gasolina,207.8600,52
2019-01-22,SE,diesel_s10,23.9860,7
2019-01-22,SE,etanol,9.8970,3
2019-01-22,SE,gasolina,29.4970,7
2019-01-22,SP,diesel_s10,930.0010,268
2019-01-22,SP,etanol,970.7890,365
2019-01-22,SP,gasolina,1465.3890,361
2019-01-22,TO,diesel_s10,116.7380,33
2019-01-22,TO,etanol,98.0850,27
2019-01-22,TO,gasolina,155.9000,35
2019-01-23,AC,diesel_s10,31.7200,7
2019-01-23,AC,etanol,11.9300,3
2019-01-23,AC,gasolina,34.0100,7
2019-01-23,AL,diesel_s10,104.0020,28
2019-01-23,AL,etanol,128.8650,39
2019-01-23,AL,gasolina,176.9350,40
2019-01-23,AM,diesel_s10,35.0100,9
2019-01-23,AM,etanol,11.6500,3
2019-01-23,AM,gasolina,55.2200,13
2019-01-23,AP,diesel_s10,9.0400,2
2019-01-23,AP,gasolina,24.1100,6
2019-01-23,BA,diesel_s10,169.8620,47
2019-01-23,BA,etanol,161.2590,47
2019-01-23,BA,gasolina,228.9660,50
2019-01-23,CE,diesel_s10,37.0390,10
2019-01-23,CE,etanol,31.6500,9
2019-01-23,CE,gasolina,44.4990,10
2019-01-23,DF,diesel_s10,142.9620,38
2019-01-23,DF,etanol,143.0720,44
2019-01-23,DF,gasolina,197.0110,47
2019-01-23,ES,diesel_s10,18.0100,5
2019-01-23,ES,etanol,11.2790,3
2019-01-23,ES,gasolina,32.1190,7
2019-01-23,GO,diesel_s10,398.0090,110
2019-01-23,GO,etanol,419.4180,142
2019-01-23,GO,gasolina,596.7840,138
2019-01-23,MA,diesel_s10,136.7010,39
2019-01-23,MA,etanol,25.7950,7
2019-01-23,MA,gasolina,163.3320,40
2019-01-23,MG,diesel_s10,295.6680,82
2019-01-23,MG,etanol,378.2980,131
2019-01-23,MG,gasolina,578.7880,129
2019-01-23,MS,diesel_s10,87.6880,24
2019-01-23,MS,etanol,106.3420,32
2019-01-23,MS,gasolina,132.2390,33
2019-01-23,MT,diesel_s10,300.0360,78
2019-01-23,MT,etanol,265.7800,102
2019-01-23,MT,gasolina,452.3080,102
2019-01-23,PA,diesel_s10,36.1070,9
2019-01-23,PA,etanol,8.7400,2
2019-01-23,PA,gasolina,57.2300,12
2019-01-23,PB,diesel_s10,113.2490,32
2019-01-23,PB,etanol,106.7270,37
2019-01-23,PB,gasolina,147.8490,37
2019-01-23,PE,diesel_s10,307.2220,86
2019-01-23,PE,etanol,285.7430,91
2019-01-23,PE,gasolina,411.9780,98
2019-01-23,PI,diesel_s10,29.3820,8
2019-01-23,PI,etanol,30.4410,9
2019-01-23,PI,gasolina,39.7510,9
2019-01-23,PR,diesel_s10,66.0400,20
2019-01-23,PR,etanol,68.2800,24
2019-01-23,PR,gasolina,93.7400,22
2019-01-23,RJ,diesel_s10,295.6660,82
2019-01-23,RJ,etanol,399.1400,110
2019-01-23,RJ,gasolina,534.6060,113
2019-01-23,RO,diesel_s10,18.5490,5
2019-01-23,RO,etanol,4.2900,1
2019-01-23,RO,gasolina,23.0100,5
2019-01-23,RR,diesel_s10,41.7900,12
2019-01-23,RR,etanol,15.4300,4
2019-01-23,RR,gasolina,50.6800,13
2019-01-23,RS,diesel_s10,357.8180,105
2019-01-23,RS,etanol,238.6820,61
2019-01-23,RS,gasolina,534.1200,125
2019-01-23,SC,diesel_s10,391.1680,113
2019-01-23,SC,etanol,318.2950,93
2019-01-23,SC,gasolina,542.8600,137
2019-01-23,SE,diesel_s10,104.7830,29
2019-01-23,SE,etanol,88.1370,27
2019-01-23,SE,gasolina,126.5200,30
2019-01-23,SP,diesel_s10,1366.8770,396
2019-01-23,SP,etanol,1331.8860,514
2019-01-23,SP,gasolina,2039.7700,500
2019-01-24,AC,diesel_s10,100.5800,23
2019-01-24,AC,etanol,52.0700,13
2019-01-24,AC,gasolina,113.2000,24
2019-01-24,BA,diesel_s10,60.9310,17
2019-01-24,BA,etanol,77.5310,22
2019-01-24,BA,gasolina,96.9690,21
2019-01-24,CE,diesel_s10,7.2800,2
2019-01-24,CE,etanol,6.9800,2
2019-01-24,CE,gasolina,8.9600,2
2019-01-24,ES,diesel_s10,188.2680,54
2019-01-24,ES,etanol,172.7280,50
2019-01-24,ES,gasolina,303.3450,70
2019-01-24,GO,diesel_s10,78.4410,22
2019-01-24,GO,etanol,107.5530,37
2019-01-24,GO,gasolina,156.8200,37
2019-01-24,MA,diesel_s10,48.6360,14
2019-01-24,MA,etanol,10.6470,3
2019-01-24,MA,gasolina,55.9860,14
2019-01-24,MG,etanol,3.1990,1
2019-01-24,MG,gasolina,4.7990,1
2019-01-24,MT,etanol,2.5490,1
2019-01-24,MT,gasolina,4.3790,1
2019-01-24,PA,diesel_s10,3.3600,1
2019-01-24,PA,gasolina,4.2900,1
2019-01-24,PR,diesel_s10,130.0280,39
2019-01-24,PR,etanol,157.4120,56
2019-01-24,PR,gasolina,222.3940,56
2019-01-24,RJ,diesel_s10,85.3720,23
2019-01-24,RJ,etanol,132.0340,36
2019-01-24,RJ,gasolina,170.9440,36
2019-01-24,RS,diesel_s10,155.6810,44
2019-01-24,RS,etanol,117.5270,29
2019-01-24,RS,gasolina,254.4120,57
2019-01-24,SC,diesel_s10,61.3480,18
2019-01-24,SC,etanol,34.3160,10
2019-01-24,SC,gasolina,73.0600,18
2019-01-24,SP,diesel_s10,721.2420,209
2019-01-24,SP,etanol,706.1750,269
2019-01-24,SP,gasolina,1082.4320,265
2019-01-28,AC,diesel_s10,113.9800,26
2019-01-28,AC,etanol,60.1900,15
2019-01-28,AC,gasolina,126.4100,27
2019-01-28,AL,diesel_s10,67.1550,18
2019-01-28,AL,etanol,79.2680,24
2019-01-28,AL,gasolina,102.8500,24
2019-01-28,AM,diesel_s10,149.1090,40
2019-01-28,AM,etanol,136.7450,40
2019-01-28,AM,gasolina,190.7610,49
2019-01-28,AP,diesel_s10,27.0000,6
2019-01-28,AP,gasolina,74.3600,20
2019-01-28,BA,diesel_s10,105.2530,28
2019-01-28,BA,etanol,110.9800,31
2019-01-28,BA,gasolina,158.3030,34
2019-01-28,CE,diesel_s10,173.3350,46
2019-01-28,CE,etanol,130.4870,37
2019-01-28,CE,gasolina,192.0480,44
2019-01-28,ES,diesel_s10,17.6390,5
2019-01-28,ES,etanol,10.6700,3
2019-01-28,ES,gasolina,26.5690,6
2019-01-28,GO,diesel_s10,214.2730,59
2019-01-28,GO,etanol,207.7730,69
2019-01-28,GO,gasolina,293.6250,67
2019-01-28,MA,diesel_s10,169.9720,48
2019-01-28,MA,etanol,58.3310,16
2019-01-28,MA,gasolina,210.1520,51
2019-01-28,MG,diesel_s10,350.7740,97
2019-01-28,MG,etanol,356.2340,118
2019-01-28,MG,gasolina,542.9220,117
2019-01-28,MS,diesel_s10,21.7150,6
2019-01-28,MS,etanol,20.0760,6
2019-01-28,MS,gasolina,25.2250,6
2019-01-28,MT,diesel_s10,14.9970,4
2019-01-28,MT,etanol,13.9080,5
2019-01-28,MT,gasolina,22.2080,5
2019-01-28,PA,diesel_s10,58.4890,16
2019-01-28,PA,etanol,19.2600,5
2019-01-28,PA,gasolina,71.3290,16
2019-01-28,PB,diesel_s10,21.5460,6
2019-01-28,PB,etanol,17.2230,5
2019-01-28,PB,gasolina,21.7670,5
2019-01-28,PE,diesel_s10,67.6330,19
2019-01-28,PE,etanol,68.6260,20
2019-01-28,PE,gasolina,105.1510,23
2019-01-28,PI,diesel_s10,84.8760,23
2019-01-28,PI,etanol,46.2370,14
2019-01-28,PI,gasolina,105.8770,24
2019-01-28,PR,diesel_s10,520.1710,155
2019-01-28,PR,etanol,552.2900,193
2019-01-28,PR,gasolina,788.4580,190
2019-01-28,RJ,diesel_s10,397.1280,111
2019-01-28,RJ,etanol,474.8490,133
2019-01-28,RJ,gasolina,645.4630,136
2019-01-28,RN,diesel_s10,7.3700,2
2019-01-28,RN,etanol,6.6890,2
2019-01-28,RN,gasolina,4.0800,1
2019-01-28,RS,diesel_s10,766.2200,222
2019-01-28,RS,etanol,497.0080,126
2019-01-28,RS,gasolina,1154.4420,268
2019-01-28,SC,diesel_s10,453.1410,133
2019-01-28,SC,etanol,352.0170,102
2019-01-28,SC,gasolina,622.1730,156
2019-01-28,SE,diesel_s10,28.7650,8
2019-01-28,SE,etanol,22.3170,7
2019-01-28,SE,gasolina,33.8850,8
2019-01-28,SP,diesel_s10,1478.6610,431
2019-01-28,SP,etanol,1483.0730,563
2019-01-28,SP,gasolina,2232.0790,559
2019-01-28,TO,diesel_s10,40.6010,11
2019-01-28,TO,etanol,26.2250,7
2019-01-28,TO,gasolina,49.2020,11
2019-01-29,AC,diesel_s10,4.2400,1
2019-01-29,AC,etanol,3.9400,1
2019-01-29,AC,gasolina,4.5900,1
2019-01-29,AL,diesel_s10,87.9190,23
2019-01-29,AL,etanol,85.8140,25
2019-01-29,AL,gasolina,123.8760,27
2019-01-29,AM,diesel_s10,23.6000,6
2019-01-29,AM,etanol,15.6000,4
2019-01-29,AM,gasolina,64.3700,15
2019-01-29,AP,diesel_s10,8.9890,2
2019-01-29,AP,gasolina,22.7480,6
2019-01-29,BA,diesel_s10,481.2180,135
2019-01-29,BA,etanol,530.1120,158
2019-01-29,BA,gasolina,697.0620,157
2019-01-29,CE,diesel_s10,232.9390,62
2019-01-29,CE,etanol,212.5250,60
2019-01-29,CE,gasolina,294.9470,67
2019-01-29,DF,diesel_s10,117.9870,31
2019-01-29,DF,etanol,138.0960,43
2019-01-29,DF,gasolina,188.2320,47
2019-01-29,ES,diesel_s10,99.9090,28
2019-01-29,ES,etanol,58.1380,16
2019-01-29,ES,gasolina,147.1380,33
2019-01-29,GO,diesel_s10,152.8130,43
2019-01-29,GO,etanol,157.6650,53
2019-01-29,GO,gasolina,225.4740,52
2019-01-29,MA,diesel_s10,209.9050,59
2019-01-29,MA,etanol,84.2780,23
2019-01-29,MA,gasolina,255.1080,61
2019-01-29,MG,diesel_s10,753.2640,210
2019-01-29,MG,etanol,834.9710,280
2019-01-29,MG,gasolina,1273.2990,280
2019-01-29,MS,diesel_s10,102.9100,28
2019-01-29,MS,etanol,96.8890,28
2019-01-29,MS,gasolina,120.5630,29
2019-01-29,MT,diesel_s10,189.4350,47
2019-01-29,MT,etanol,152.6290,52
2019-01-29,MT,gasolina,233.2660,51
2019-01-29,PA,diesel_s10,175.9450,46
2019-01-29,PA,etanol,51.8140,14
2019-01-29,PA,gasolina,226.6740,50
2019-01-29,PB,diesel_s10,123.7290,35
2019-01-29,PB,etanol,108.6800,37
2019-01-29,PB,gasolina,152.5830,38
2019-01-29,PE,diesel_s10,144.4940,42
2019-01-29,PE,etanol,142.8880,46
2019-01-29,PE,gasolina,200.2270,49
2019-01-29,PI,diesel_s10,119.4410,33
2019-01-29,PI,etanol,87.9150,26
2019-01-29,PI,gasolina,158.5270,36
2019-01-29,PR,diesel_s10,233.3560,70
2019-01-29,PR,etanol,262.0840,90
2019-01-29,PR,gasolina,370.0350,89
2019-01-29,RJ,diesel_s10,230.6320,63
2019-01-29,RJ,etanol,282.5840,77
2019-01-29,RJ,gasolina,379.6050,78
2019-01-29,RN,diesel_s10,200.2040,55
2019-01-29,RN,etanol,193.5820,58
2019-01-29,RN,gasolina,255.6730,62
2019-01-29,RO,diesel_s10,98.2400,26
2019-01-29,RO,etanol,73.9110,18
2019-01-29,RO,gasolina,123.5950,28
2019-01-29,RR,diesel_s10,42.3390,12
2019-01-29,RR,etanol,15.0800,4
2019-01-29,RR,gasolina,46.3190,12
2019-01-29,RS,diesel_s10,203.4200,56
2019-01-29,RS,etanol,150.1680,36
2019-01-29,RS,gasolina,284.2350,63
2019-01-29,SC,diesel_s10,267.2690,76
2019-01-29,SC,etanol,243.9870,70
2019-01-29,SC,gasolina,377.7380,94
2019-01-29,SE,diesel_s10,48.2030,14
2019-01-29,SE,etanol,29.3830,9
2019-01-29,SE,gasolina,58.2050,14
2019-01-29,SP,diesel_s10,797.6550,229
2019-01-29,SP,etanol,793.4240,298
2019-01-29,SP,gasolina,1194.8110,294
2019-01-29,TO,diesel_s10,114.8690,33
2019-01-29,TO,etanol,117.8510,32
2019-01-29,TO,gasolina,150.9390,34
2019-01-30,AL,diesel_s10,22.9100,6
2019-01-30,AL,etanol,20.2660,6
2019-01-30,AL,gasolina,25.9660,6
2019-01-30,AM,diesel_s10,19.7600,5
2019-01-30,AM,etanol,3.6900,1
2019-01-30,AM,gasolina,36.3100,8
2019-01-30,AP,diesel_s10,4.6900,1
2019-01-30,AP,gasolina,12.5600,3
2019-01-30,BA,diesel_s10,339.3770,96
2019-01-30,BA,etanol,468.8420,140
2019-01-30,BA,gasolina,634.5260,145
2019-01-30,CE,diesel_s10,390.7310,106
2019-01-30,CE,etanol,361.6020,104
2019-01-30,CE,gasolina,437.8410,106
2019-01-30,ES,diesel_s10,23.8500,7
2019-01-30,ES,etanol,3.5900,1
2019-01-30,ES,gasolina,31.8400,7
2019-01-30,GO,diesel_s10,234.2210,65
2019-01-30,GO,etanol,258.5810,88
2019-01-30,GO,gasolina,386.9580,88
2019-01-30,MA,diesel_s10,31.9660,9
2019-01-30,MA,etanol,14.7480,4
2019-01-30,MA,gasolina,42.3060,10
2019-01-30,MG,diesel_s10,315.7020,88
2019-01-30,MG,etanol,370.9360,124
2019-01-30,MG,gasolina,581.0430,126
2019-01-30,MS,diesel_s10,111.5400,31
2019-01-30,MS,etanol,131.2690,40
2019-01-30,MS,gasolina,160.2550,40
2019-01-30,MT,diesel_s10,296.3320,77
2019-01-30,MT,etanol,260.9900,102
2019-01-30,MT,gasolina,443.7420,101
2019-01-30,PA,diesel_s10,187.3850,49
2019-01-30,PA,etanol,84.9070,22
2019-01-30,PA,gasolina,216.2530,49
2019-01-30,PB,diesel_s10,59.8450,17
2019-01-30,PB,etanol,54.6610,18
2019-01-30,PB,gasolina,83.3520,20
2019-01-30,PE,diesel_s10,315.6420,91
2019-01-30,PE,etanol,256.0890,82
2019-01-30,PE,gasolina,403.3010,96
2019-01-30,PI,diesel_s10,24.9930,7
2019-01-30,PI,etanol,22.8730,7
2019-01-30,PI,gasolina,34.2720,8
2019-01-30,PR,diesel_s10,217.6540,65
2019-01-30,PR,etanol,237.3980,86
2019-01-30,PR,gasolina,336.9080,84
2019-01-30,RJ,diesel_s10,433.5060,119
2019-01-30,RJ,etanol,617.4910,170
2019-01-30,RJ,gasolina,801.2190,170
2019-01-30,RO,diesel_s10,140.3400,37
2019-01-30,RO,etanol,80.5350,21
2019-01-30,RO,gasolina,189.5880,44
2019-01-30,RR,diesel_s10,3.5400,1
2019-01-30,RR,etanol,3.7500,1
2019-01-30,RR,gasolina,3.8300,1
2019-01-30,RS,diesel_s10,68.4960,19
2019-01-30,RS,etanol,72.5310,18
2019-01-30,RS,gasolina,111.4490,25
2019-01-30,SC,diesel_s10,10.2040,3
2019-01-30,SC,etanol,6.3850,2
2019-01-30,SC,gasolina,11.4290,3
2019-01-30,SE,diesel_s10,3.6900,1
2019-01-30,SE,etanol,3.3900,1
2019-01-30,SE,gasolina,4.1700,1
2019-01-30,SP,diesel_s10,1364.6270,396
2019-01-30,SP,etanol,1292.1820,501
2019-01-30,SP,gasolina,1994.6740,493
2019-01-30,TO,diesel_s10,3.4990,1
2019-01-30,TO,etanol,3.7490,1
2019-01-30,TO,gasolina,4.3900,1
2019-01-31,AC,diesel_s10,41.6100,9
2019-01-31,AC,etanol,8.5200,2
2019-01-31,AC,gasolina,55.6800,11
2019-01-31,ES,diesel_s10,182.3130,52
2019-01-31,ES,etanol,191.1440,55
2019-01-31,ES,gasolina,302.0540,70
2019-01-31,GO,diesel_s10,45.9650,13
2019-01-31,GO,etanol,67.4520,23
2019-01-31,GO,gasolina,100.9420,23
2019-01-31,MA,diesel_s10,3.6990,1
2019-01-31,MA,etanol,3.6900,1
2019-01-31,MA,gasolina,4.2990,1
2019-01-31,MG,diesel_s10,198.4050,56
2019-01-31,MG,etanol,193.5140,69
2019-01-31,MG,gasolina,304.9440,69
2019-01-31,MS,diesel_s10,39.7290,11
2019-01-31,MS,etanol,39.6370,12
2019-01-31,MS,gasolina,47.4560,12
2019-01-31,MT,diesel_s10,4.0200,1
2019-01-31,MT,etanol,3.0200,1
2019-01-31,MT,gasolina,4.7900,1
2019-01-31,PA,diesel_s10,3.4300,1
2019-01-31,PA,etanol,3.5900,1
2019-01-31,PA,gasolina,8.1390,2
2019-01-31,PE,diesel_s10,79.8410,23
2019-01-31,PE,etanol,76.6250,25
2019-01-31,PE,gasolina,101.4380,25
2019-01-31,PR,diesel_s10,13.4070,4
2019-01-31,PR,etanol,11.2870,4
2019-01-31,PR,gasolina,15.9860,4
2019-01-31,RJ,diesel_s10,108.3840,30
2019-01-31,RJ,etanol,128.1000,36
2019-01-31,RJ,gasolina,168.1620,36
2019-01-31,RS,diesel_s10,21.4740,6
2019-01-31,RS,etanol,3.9990,1
2019-01-31,RS,gasolina,25.7930,6
2019-01-31,SE,diesel_s10,61.7090,17
2019-01-31,SE,etanol,62.3780,19
2019-01-31,SE,gasolina,79.5450,19
2019-01-31,SP,diesel_s10,798.4810,231
2019-01-31,SP,etanol,770.4270,301
2019-01-31,SP,gasolina,1202.6280,297
2019-02-04,AL,diesel_s10,10.9880,3
2019-02-04,AL,etanol,22.8170,7
2019-02-04,AL,gasolina,28.5570,7
2019-02-04,AM,diesel_s10,153.9650,41
2019-02-04,AM,etanol,127.1450,38
2019-02-04,AM,gasolina,237.4160,61
2019-02-04,BA,diesel_s10,108.9020,29
2019-02-04,BA,etanol,114.5690,32
2019-02-04,BA,gasolina,163.2020,35
2019-02-04,CE,diesel_s10,119.0920,31
2019-02-04,CE,etanol,82.6350,23
2019-02-04,CE,gasolina,135.8020,30
2019-02-04,ES,diesel_s10,29.5380,8
2019-02-04,ES,etanol,14.7600,4
2019-02-04,ES,gasolina,40.8690,9
2019-02-04,GO,diesel_s10,214.1220,59
2019-02-04,GO,etanol,206.3110,69
2019-02-04,GO,gasolina,292.6050,67
2019-02-04,MA,diesel_s10,78.9880,22
2019-02-04,MA,etanol,47.6530,13
2019-02-04,MA,gasolina,98.3390,23
2019-02-04,MG,diesel_s10,412.5020,114
2019-02-04,MG,etanol,422.6960,141
2019-02-04,MG,gasolina,633.4450,138
2019-02-04,MS,diesel_s10,21.7240,6
2019-02-04,MS,etanol,20.0760,6
2019-02-04,MS,gasolina,25.1250,6
2019-02-04,MT,diesel_s10,14.9980,4
2019-02-04,MT,etanol,16.6590,6
2019-02-04,MT,gasolina,26.7990,6
2019-02-04,PA,diesel_s10,77.5180,21
2019-02-04,PA,etanol,23.3590,6
2019-02-04,PA,gasolina,102.2090,23
2019-02-04,PB,diesel_s10,21.6460,6
2019-02-04,PB,etanol,17.2230,5
2019-02-04,PB,gasolina,21.7770,5
2019-02-04,PE,diesel_s10,67.6430,19
2019-02-04,PE,etanol,68.6260,20
2019-02-04,PE,gasolina,105.1310,23
2019-02-04,PI,diesel_s10,129.3940,36
2019-02-04,PI,etanol,80.8880,25
2019-02-04,PI,gasolina,159.4490,37
2019-02-04,PR,diesel_s10,630.9370,189
2019-02-04,PR,etanol,668.0790,235
2019-02-04,PR,gasolina,950.1250,232
2019-02-04,RJ,diesel_s10,361.8560,101
2019-02-04,RJ,etanol,450.5050,125
2019-02-04,RJ,gasolina,597.2490,126
2019-02-04,RN,diesel_s10,14.5500,4
2019-02-04,RN,etanol,13.3880,4
2019-02-04,RN,gasolina,12.3600,3
2019-02-04,RO,diesel_s10,21.8500,6
2019-02-04,RO,etanol,16.3390,4
2019-02-04,RO,gasolina,26.8100,6
2019-02-04,RS,diesel_s10,728.1360,211
2019-02-04,RS,etanol,459.7580,117
2019-02-04,RS,gasolina,1066.1890,249
2019-02-04,SC,diesel_s10,453.6920,133
2019-02-04,SC,etanol,350.8580,102
2019-02-04,SC,gasolina,617.4610,155
2019-02-04,SE,diesel_s10,28.8050,8
2019-02-04,SE,etanol,22.3470,7
2019-02-04,SE,gasolina,33.8450,8
2019-02-04,SP,diesel_s10,1476.6630,431
2019-02-04,SP,etanol,1434.1690,548
2019-02-04,SP,gasolina,2173.7290,546
2019-02-04,TO,diesel_s10,44.3410,12
2019-02-04,TO,etanol,29.6050,8
2019-02-04,TO,gasolina,53.5820,12
2019-02-05,AL,diesel_s10,124.6820,33
2019-02-05,AL,etanol,142.1200,42
2019-02-05,AL,gasolina,197.9540,44
2019-02-05,AM,diesel_s10,3.7900,1
2019-02-05,AM,etanol,6.4600,2
2019-02-05,AM,gasolina,34.2100,8
2019-02-05,AP,diesel_s10,8.9800,2
2019-02-05,AP,gasolina,18.9000,5
2019-02-05,BA,diesel_s10,619.7300,173
2019-02-05,BA,etanol,760.3860,224
2019-02-05,BA,gasolina,994.6660,223
2019-02-05,CE,diesel_s10,303.1880,81
2019-02-05,CE,etanol,276.1220,78
2019-02-05,CE,gasolina,369.7900,85
2019-02-05,ES,diesel_s10,92.9290,26
2019-02-05,ES,etanol,54.4390,15
2019-02-05,ES,gasolina,132.8890,30
2019-02-05,GO,diesel_s10,156.5830,44
2019-02-05,GO,etanol,160.0310,54
2019-02-05,GO,gasolina,229.4490,53
2019-02-05,MA,diesel_s10,174.7760,49
2019-02-05,MA,etanol,80.7890,22
2019-02-05,MA,gasolina,214.4480,51
2019-02-05,MG,diesel_s10,729.1250,203
2019-02-05,MG,etanol,785.3500,264
2019-02-05,MG,gasolina,1201.2060,264
2019-02-05,MS,diesel_s10,102.8700,28
2019-02-05,MS,etanol,96.8590,28
2019-02-05,MS,gasolina,120.0640,29
2019-02-05,MT,diesel_s10,381.4970,97
2019-02-05,MT,etanol,308.8150,116
2019-02-05,MT,gasolina,510.4310,115
2019-02-05,PA,diesel_s10,167.9360,44
2019-02-05,PA,etanol,51.6740,14
2019-02-05,PA,gasolina,216.5670,48
2019-02-05,PB,diesel_s10,50.0760,14
2019-02-05,PB,etanol,43.2500,14
2019-02-05,PB,gasolina,62.5510,15
2019-02-05,PE,diesel_s10,148.5940,43
2019-02-05,PE,etanol,143.1380,46
2019-02-05,PE,gasolina,200.1960,49
2019-02-05,PI,diesel_s10,79.7490,22
2019-02-05,PI,etanol,54.5130,16
2019-02-05,PI,gasolina,111.1360,25
2019-02-05,PR,diesel_s10,332.7280,99
2019-02-05,PR,etanol,351.1150,123
2019-02-05,PR,gasolina,499.9160,121
2019-02-05,RJ,diesel_s10,212.1410,58
2019-02-05,RJ,etanol,259.9510,71
2019-02-05,RJ,gasolina,349.0110,72
2019-02-05,RN,diesel_s10,176.7640,48
2019-02-05,RN,etanol,182.9750,56
2019-02-05,RN,gasolina,232.9470,57
2019-02-05,RO,diesel_s10,90.9090,24
2019-02-05,RO,etanol,69.6310,17
2019-02-05,RO,gasolina,110.2450,25
2019-02-05,RR,diesel_s10,35.1400,10
2019-02-05,RR,etanol,15.0700,4
2019-02-05,RR,gasolina,38.0200,10
2019-02-05,RS,diesel_s10,153.8710,42
2019-02-05,RS,etanol,113.8980,27
2019-02-05,RS,gasolina,213.2010,47
2019-02-05,SC,diesel_s10,288.8000,82
2019-02-05,SC,etanol,255.8520,74
2019-02-05,SC,gasolina,379.9050,95
2019-02-05,SE,diesel_s10,44.7640,13
2019-02-05,SE,etanol,26.1930,8
2019-02-05,SE,gasolina,53.7160,13
2019-02-05,SP,diesel_s10,933.6910,270
2019-02-05,SP,etanol,916.5220,350
2019-02-05,SP,gasolina,1393.4050,346
2019-02-05,TO,diesel_s10,115.4640,33
2019-02-05,TO,etanol,121.2780,33
2019-02-05,TO,gasolina,150.9830,34
2019-02-06,AL,diesel_s10,22.8480,6
2019-02-06,AL,etanol,20.2660,6
2019-02-06,AL,gasolina,25.9580,6
2019-02-06,AM,diesel_s10,3.8900,1
2019-02-06,AM,etanol,3.6900,1
2019-02-06,AM,gasolina,13.2800,3
2019-02-06,AP,diesel_s10,78.5000,17
2019-02-06,AP,etanol,3.5900,1
2019-02-06,AP,gasolina,90.7700,24
2019-02-06,BA,diesel_s10,139.8290,39
2019-02-06,BA,etanol,181.3550,53
2019-02-06,BA,gasolina,248.4540,55
2019-02-06,CE,diesel_s10,371.8800,101
2019-02-06,CE,etanol,350.0990,101
2019-02-06,CE,gasolina,416.1100,102
2019-02-06,DF,diesel_s10,118.5950,31
2019-02-06,DF,etanol,139.7890,44
2019-02-06,DF,gasolina,191.8070,47
2019-02-06,ES,diesel_s10,24.0500,7
2019-02-06,ES,etanol,3.5900,1
2019-02-06,ES,gasolina,31.5400,7
2019-02-06,GO,diesel_s10,177.2360,49
2019-02-06,GO,etanol,215.5800,73
2019-02-06,GO,gasolina,323.7920,73
2019-02-06,MA,diesel_s10,164.4780,47
2019-02-06,MA,etanol,21.7460,6
2019-02-06,MA,gasolina,190.4180,48
2019-02-06,MG,diesel_s10,481.4040,134
2019-02-06,MG,etanol,533.6890,182
2019-02-06,MG,gasolina,842.8450,184
2019-02-06,MS,diesel_s10,149.5280,42
2019-02-06,MS,etanol,167.2530,52
2019-02-06,MS,gasolina,200.4720,51
2019-02-06,MT,diesel_s10,98.1380,25
2019-02-06,MT,etanol,87.8090,34
2019-02-06,MT,gasolina,140.4740,32
2019-02-06,PA,diesel_s10,172.0790,45
2019-02-06,PA,etanol,91.0560,24
2019-02-06,PA,gasolina,202.0520,46
2019-02-06,PB,diesel_s10,130.9680,37
2019-02-06,PB,etanol,120.5110,41
2019-02-06,PB,gasolina,173.2610,43
2019-02-06,PE,diesel_s10,319.6580,92
2019-02-06,PE,etanol,266.2280,85
2019-02-06,PE,gasolina,412.6280,98
2019-02-06,PI,diesel_s10,17.9950,5
2019-02-06,PI,etanol,19.2740,6
2019-02-06,PI,gasolina,25.1740,6
2019-02-06,PR,diesel_s10,43.8390,13
2019-02-06,PR,etanol,45.0990,16
2019-02-06,PR,gasolina,62.5890,15
2019-02-06,RJ,diesel_s10,163.4680,45
2019-02-06,RJ,etanol,244.5120,67
2019-02-06,RJ,gasolina,316.4980,67
2019-02-06,RN,diesel_s10,7.4800,2
2019-02-06,RN,etanol,3.2800,1
2019-02-06,RN,gasolina,8.1690,2
2019-02-06,RO,diesel_s10,136.4010,36
2019-02-06,RO,etanol,72.5460,19
2019-02-06,RO,gasolina,176.7640,41
2019-02-06,RR,diesel_s10,10.5900,3
2019-02-06,RR,etanol,7.5500,2
2019-02-06,RR,gasolina,11.4300,3
2019-02-06,RS,diesel_s10,179.7300,50
2019-02-06,RS,etanol,146.4020,37
2019-02-06,RS,gasolina,267.2580,62
2019-02-06,SC,diesel_s10,10.2040,3
2019-02-06,SC,etanol,6.3850,2
2019-02-06,SC,gasolina,11.4290,3
2019-02-06,SE,diesel_s10,69.2220,19
2019-02-06,SE,etanol,62.0220,19
2019-02-06,SE,gasolina,87.3180,21
2019-02-06,SP,diesel_s10,1260.1900,366
2019-02-06,SP,etanol,1227.3610,480
2019-02-06,SP,gasolina,1897.4080,470
2019-02-07,AC,diesel_s10,155.0400,35
2019-02-07,AC,etanol,72.6500,18
2019-02-07,AC,gasolina,186.0400,39
2019-02-07,BA,diesel_s10,74.0560,22
2019-02-07,BA,etanol,72.6090,22
2019-02-07,BA,gasolina,98.7280,23
2019-02-07,ES,diesel_s10,197.4350,56
2019-02-07,ES,etanol,169.1070,48
2019-02-07,ES,gasolina,300.3330,70
2019-02-07,GO,diesel_s10,85.1400,24
2019-02-07,GO,etanol,104.7390,37
2019-02-07,GO,gasolina,158.9240,37
2019-02-07,MA,diesel_s10,3.6990,1
2019-02-07,MA,etanol,3.6900,1
2019-02-07,MA,gasolina,4.2990,1
2019-02-07,MG,diesel_s10,4.3190,1
2019-02-07,MG,etanol,8.4280,3
2019-02-07,MG,gasolina,13.5180,3
2019-02-07,MT,diesel_s10,15.5170,4
2019-02-07,MT,etanol,10.4910,4
2019-02-07,MT,gasolina,17.8870,4
2019-02-07,PE,diesel_s10,62.3960,18
2019-02-07,PE,etanol,63.8690,21
2019-02-07,PE,gasolina,88.6120,22
2019-02-07,RJ,diesel_s10,427.9840,118
2019-02-07,RJ,etanol,544.0480,152
2019-02-07,RJ,gasolina,715.9270,153
2019-02-07,RS,diesel_s10,17.6400,5
2019-02-07,RS,etanol,11.2960,3
2019-02-07,RS,gasolina,21.6220,5
2019-02-07,SP,diesel_s10,760.2490,220
2019-02-07,SP,etanol,728.8630,285
2019-02-07,SP,gasolina,1133.2840,281
2019-02-11,AC,diesel_s10,32.2000,7
2019-02-11,AC,etanol,4.5500,1
2019-02-11,AC,gasolina,45.2600,9
2019-02-11,AL,diesel_s10,43.9640,12
2019-02-11,AL,etanol,39.7420,12
2019-02-11,AL,gasolina,57.1330,13
2019-02-11,AM,diesel_s10,23.9800,6
2019-02-11,AM,gasolina,65.2400,14
2019-02-11,AP,diesel_s10,87.4890,19
2019-02-11,AP,etanol,3.5900,1
2019-02-11,AP,gasolina,109.4090,29
2019-02-11,BA,diesel_s10,327.9370,89
2019-02-11,BA,etanol,353.5290,102
2019-02-11,BA,gasolina,467.1870,102
2019-02-11,CE,diesel_s10,23.6890,6
2019-02-11,CE,etanol,18.4790,5
2019-02-11,CE,gasolina,32.0690,7
2019-02-11,DF,diesel_s10,155.7480,41
2019-02-11,DF,etanol,136.1530,43
2019-02-11,DF,gasolina,185.4240,45
2019-02-11,ES,diesel_s10,138.0490,39
2019-02-11,ES,etanol,60.6190,17
2019-02-11,ES,gasolina,202.1690,46
2019-02-11,GO,diesel_s10,122.0730,33
2019-02-11,GO,etanol,111.3450,37
2019-02-11,GO,gasolina,159.8740,36
2019-02-11,MA,diesel_s10,101.8060,28
2019-02-11,MA,etanol,59.0810,16
2019-02-11,MA,gasolina,125.3070,29
2019-02-11,MG,diesel_s10,806.2610,224
2019-02-11,MG,etanol,878.0710,299
2019-02-11,MG,gasolina,1359.6670,299
2019-02-11,MS,diesel_s10,62.5560,17
2019-02-11,MS,etanol,61.3850,18
2019-02-11,MS,gasolina,65.3850,16
2019-02-11,MT,diesel_s10,72.4870,18
2019-02-11,MT,etanol,59.2060,21
2019-02-11,MT,gasolina,95.6070,21
2019-02-11,PA,diesel_s10,27.5000,7
2019-02-11,PA,etanol,8.6000,2
2019-02-11,PA,gasolina,38.3500,8
2019-02-11,PB,diesel_s10,46.9230,13
2019-02-11,PB,etanol,36.6650,11
2019-02-11,PB,gasolina,54.7940,13
2019-02-11,PE,diesel_s10,76.7950,21
2019-02-11,PE,etanol,70.7240,20
2019-02-11,PE,gasolina,108.0920,23
2019-02-11,PI,diesel_s10,60.2710,17
2019-02-11,PI,etanol,56.4410,17
2019-02-11,PI,gasolina,90.6200,21
2019-02-11,PR,diesel_s10,568.3150,171
2019-02-11,PR,etanol,600.2390,213
2019-02-11,PR,gasolina,856.9150,211
2019-02-11,RJ,diesel_s10,196.1220,54
2019-02-11,RJ,etanol,237.9840,67
2019-02-11,RJ,gasolina,334.8280,70
2019-02-11,RO,diesel_s10,124.4730,33
2019-02-11,RO,etanol,90.0340,22
2019-02-11,RO,gasolina,149.2980,34
2019-02-11,RS,diesel_s10,521.2210,150
2019-02-11,RS,etanol,329.6280,84
2019-02-11,RS,gasolina,788.2730,187
2019-02-11,SC,diesel_s10,283.0660,83
2019-02-11,SC,etanol,197.3100,57
2019-02-11,SC,gasolina,382.0130,96
2019-02-11,SE,diesel_s10,3.6990,1
2019-02-11,SE,etanol,3.3990,1
2019-02-11,SE,gasolina,4.2950,1
2019-02-11,SP,diesel_s10,1010.0270,294
2019-02-11,SP,etanol,1038.1080,403
2019-02-11,SP,gasolina,1572.3470,398
2019-02-11,TO,diesel_s10,126.4930,36
2019-02-11,TO,etanol,125.3250,34
2019-02-11,TO,gasolina,167.0030,38
2019-02-12,AC,diesel_s10,4.9500,1
2019-02-12,AC,gasolina,4.9900,1
2019-02-12,AM,diesel_s10,23.4300,6
2019-02-12,AM,etanol,15.2000,4
2019-02-12,AM,gasolina,47.6100,12
2019-02-12,BA,diesel_s10,25.9220,7
2019-02-12,BA,etanol,29.9640,9
2019-02-12,BA,gasolina,46.3430,10
2019-02-12,CE,diesel_s10,726.1160,195
2019-02-12,CE,etanol,625.7330,178
2019-02-12,CE,gasolina,855.7360,202
2019-02-12,DF,diesel_s10,3.5990,1
2019-02-12,DF,etanol,2.9990,1
2019-02-12,DF,gasolina,3.9470,1
2019-02-12,GO,diesel_s10,93.8030,26
2019-02-12,GO,etanol,79.9260,27
2019-02-12,GO,gasolina,114.1850,26
2019-02-12,MA,diesel_s10,194.5320,55
2019-02-12,MA,etanol,69.7540,19
2019-02-12,MA,gasolina,236.7620,58
2019-02-12,MG,diesel_s10,132.3350,37
2019-02-12,MG,etanol,137.2020,46
2019-02-12,MG,gasolina,214.9890,47
2019-02-12,MS,diesel_s10,83.8010,23
2019-02-12,MS,etanol,89.9110,27
2019-02-12,MS,gasolina,123.5350,31
2019-02-12,MT,diesel_s10,119.3710,30
2019-02-12,MT,etanol,91.9950,33
2019-02-12,MT,gasolina,146.4190,33
2019-02-12,PA,diesel_s10,43.8520,12
2019-02-12,PA,etanol,7.1700,2
2019-02-12,PA,gasolina,62.2850,14
2019-02-12,PE,diesel_s10,69.4110,20
2019-02-12,PE,etanol,65.3470,21
2019-02-12,PE,gasolina,90.5080,22
2019-02-12,PI,diesel_s10,46.8710,13
2019-02-12,PI,etanol,25.9840,8
2019-02-12,PI,gasolina,56.0810,13
2019-02-12,PR,diesel_s10,174.1310,52
2019-02-12,PR,etanol,194.1760,68
2019-02-12,PR,gasolina,274.6200,66
2019-02-12,RJ,diesel_s10,501.4450,140
2019-02-12,RJ,etanol,611.3790,172
2019-02-12,RJ,gasolina,820.7860,175
2019-02-12,RO,diesel_s10,41.3900,11
2019-02-12,RO,etanol,17.0200,4
2019-02-12,RO,gasolina,48.1900,11
2019-02-12,RR,diesel_s10,28.6100,8
2019-02-12,RR,etanol,7.5200,2
2019-02-12,RR,gasolina,38.0100,10
2019-02-12,RS,diesel_s10,107.3920,31
2019-02-12,RS,etanol,74.3150,19
2019-02-12,RS,gasolina,167.6790,40
2019-02-12,SC,diesel_s10,177.8100,52
2019-02-12,SC,etanol,162.5700,48
2019-02-12,SC,gasolina,228.0940,58
2019-02-12,SE,diesel_s10,28.1860,8
2019-02-12,SE,etanol,9.9470,3
2019-02-12,SE,gasolina,33.3950,8
2019-02-12,SP,diesel_s10,395.0150,114
2019-02-12,SP,etanol,367.9990,143
2019-02-12,SP,gasolina,563.0100,143
2019-02-13,AC,diesel_s10,117.6500,27
2019-02-13,AC,etanol,75.9900,19
2019-02-13,AC,gasolina,129.7390,28
2019-02-13,AL,diesel_s10,120.4510,32
2019-02-13,AL,etanol,144.5730,43
2019-02-13,AL,gasolina,192.3100,44
2019-02-13,AM,diesel_s10,114.7140,31
2019-02-13,AM,etanol,109.0770,33
2019-02-13,AM,gasolina,147.0140,42
2019-02-13,BA,diesel_s10,382.7210,109
2019-02-13,BA,etanol,426.7920,130
2019-02-13,BA,gasolina,566.3580,129
2019-02-13,CE,diesel_s10,3.6590,1
2019-02-13,CE,etanol,3.4590,1
2019-02-13,CE,gasolina,4.0990,1
2019-02-13,GO,diesel_s10,302.2660,84
2019-02-13,GO,etanol,350.2690,120
2019-02-13,GO,gasolina,519.0610,119
2019-02-13,MA,diesel_s10,52.7860,15
2019-02-13,MA,etanol,10.9280,3
2019-02-13,MA,gasolina,59.2460,15
2019-02-13,MG,diesel_s10,519.9270,145
2019-02-13,MG,etanol,564.3270,196
2019-02-13,MG,gasolina,882.6670,196
2019-02-13,MS,diesel_s10,81.1380,23
2019-02-13,MS,etanol,101.6930,32
2019-02-13,MS,gasolina,124.6170,32
2019-02-13,MT,diesel_s10,329.3590,85
2019-02-13,MT,etanol,263.3170,106
2019-02-13,MT,gasolina,453.2880,105
2019-02-13,PA,diesel_s10,251.3700,66
2019-02-13,PA,etanol,116.3450,31
2019-02-13,PA,gasolina,322.5680,73
2019-02-13,PB,diesel_s10,76.7880,22
2019-02-13,PB,etanol,65.2560,23
2019-02-13,PB,gasolina,88.9140,23
2019-02-13,PE,diesel_s10,92.7070,27
2019-02-13,PE,etanol,70.1400,22
2019-02-13,PE,gasolina,119.0160,28
2019-02-13,PI,diesel_s10,70.9500,20
2019-02-13,PI,etanol,57.9120,18
2019-02-13,PI,gasolina,88.2490,21
2019-02-13,PR,diesel_s10,176.6670,53
2019-02-13,PR,etanol,189.0800,68
2019-02-13,PR,gasolina,278.3890,70
2019-02-13,RJ,diesel_s10,317.7250,86
2019-02-13,RJ,etanol,408.3760,111
2019-02-13,RJ,gasolina,535.7500,113
2019-02-13,RN,diesel_s10,211.3530,58
2019-02-13,RN,etanol,184.4740,56
2019-02-13,RN,gasolina,257.7730,63
2019-02-13,RR,diesel_s10,10.3000,3
2019-02-13,RR,gasolina,11.3400,3
2019-02-13,RS,diesel_s10,257.6310,73
2019-02-13,RS,etanol,201.5800,50
2019-02-13,RS,gasolina,372.6720,85
2019-02-13,SC,diesel_s10,259.0680,73
2019-02-13,SC,etanol,201.5590,58
2019-02-13,SC,gasolina,366.8370,92
2019-02-13,SE,diesel_s10,41.9970,12
2019-02-13,SE,etanol,32.3530,10
2019-02-13,SE,gasolina,49.7250,12
2019-02-13,SP,diesel_s10,2610.4160,754
2019-02-13,SP,etanol,2562.5810,990
2019-02-13,SP,gasolina,3899.3070,972
2019-02-13,TO,diesel_s10,29.5850,8
2019-02-13,TO,etanol,29.6170,8
2019-02-13,TO,gasolina,36.1750,8
2019-02-14,AC,diesel_s10,4.4600,1
2019-02-14,AC,gasolina,4.6900,1
2019-02-14,AM,diesel_s10,7.5400,2
2019-02-14,AM,etanol,7.0900,2
2019-02-14,AM,gasolina,19.0400,5
2019-02-14,BA,diesel_s10,203.2390,58
2019-02-14,BA,etanol,299.6670,91
2019-02-14,BA,gasolina,411.1540,94
2019-02-14,CE,diesel_s10,35.0640,10
2019-02-14,CE,etanol,32.6560,10
2019-02-14,CE,gasolina,38.8390,10
2019-02-14,DF,diesel_s10,3.8190,1
2019-02-14,DF,etanol,3.2900,1
2019-02-14,DF,gasolina,4.1290,1
2019-02-14,ES,diesel_s10,193.4280,56
2019-02-14,ES,etanol,175.0980,51
2019-02-14,ES,gasolina,296.2380,70
2019-02-14,GO,diesel_s10,129.4790,36
2019-02-14,GO,etanol,137.5030,49
2019-02-14,GO,gasolina,206.0540,49
2019-02-14,MA,diesel_s10,73.2790,21
2019-02-14,MA,etanol,6.8580,2
2019-02-14,MA,gasolina,81.2490,21
2019-02-14,MG,diesel_s10,146.5300,41
2019-02-14,MG,etanol,148.2530,50
2019-02-14,MG,gasolina,231.0030,50
2019-02-14,MS,diesel_s10,22.7100,6
2019-02-14,MS,etanol,21.2800,6
2019-02-14,MS,gasolina,35.0500,8
2019-02-14,PA,diesel_s10,91.8460,24
2019-02-14,PA,etanol,48.3550,13
2019-02-14,PA,gasolina,97.1910,22
2019-02-14,PB,diesel_s10,87.9130,25
2019-02-14,PB,etanol,79.9780,27
2019-02-14,PB,gasolina,109.9570,27
2019-02-14,PE,diesel_s10,392.4970,113
2019-02-14,PE,etanol,351.2180,113
2019-02-14,PE,gasolina,492.6360,120
2019-02-14,PI,diesel_s10,45.9060,12
2019-02-14,PI,etanol,20.2080,6
2019-02-14,PI,gasolina,59.3550,13
2019-02-14,PR,diesel_s10,63.1200,19
2019-02-14,PR,etanol,62.3300,22
2019-02-14,PR,gasolina,83.9900,20
2019-02-14,RJ,diesel_s10,176.0900,49
2019-02-14,RJ,etanol,215.0670,60
2019-02-14,RJ,gasolina,279.8590,60
2019-02-14,RO,diesel_s10,75.9390,20
2019-02-14,RO,etanol,44.1840,12
2019-02-14,RO,gasolina,113.0820,27
2019-02-14,RS,diesel_s10,138.7190,40
2019-02-14,RS,etanol,92.3170,24
2019-02-14,RS,gasolina,211.0810,50
2019-02-14,SC,diesel_s10,20.8660,6
2019-02-14,SC,etanol,10.3200,3
2019-02-14,SC,gasolina,28.4580,7
2019-02-14,SE,diesel_s10,65.3810,18
2019-02-14,SE,etanol,65.7360,20
2019-02-14,SE,gasolina,87.3720,21
2019-02-14,SP,diesel_s10,339.0770,99
2019-02-14,SP,etanol,320.7920,127
2019-02-14,SP,gasolina,504.5540,125
2019-02-18,AC,diesel_s10,32.2000,7
2019-02-18,AC,etanol,4.5500,1
2019-02-18,AC,gasolina,45.2600,9
2019-02-18,AL,diesel_s10,51.1330,14
2019-02-18,AL,etanol,56.3500,17
2019-02-18,AL,gasolina,78.7660,18
2019-02-18,AM,diesel_s10,54.5290,14
2019-02-18,AM,etanol,3.1990,1
2019-02-18,AM,gasolina,117.1200,27
2019-02-18,AP,diesel_s10,78.7090,17
2019-02-18,AP,gasolina,110.3290,29
2019-02-18,BA,diesel_s10,327.9560,89
2019-02-18,BA,etanol,353.0410,102
2019-02-18,BA,gasolina,466.6490,102
2019-02-18,CE,diesel_s10,61.5530,16
2019-02-18,CE,etanol,58.1360,16
2019-02-18,CE,gasolina,80.7250,18
2019-02-18,ES,diesel_s10,138.3400,39
2019-02-18,ES,etanol,60.7000,17
2019-02-18,ES,gasolina,201.7690,46
2019-02-18,GO,diesel_s10,114.6970,31
2019-02-18,GO,etanol,107.7690,36
2019-02-18,GO,gasolina,154.9700,35
2019-02-18,MA,diesel_s10,171.3060,48
2019-02-18,MA,etanol,62.5500,17
2019-02-18,MA,gasolina,211.7850,51
2019-02-18,MG,diesel_s10,817.6740,227
2019-02-18,MG,etanol,880.4890,299
2019-02-18,MG,gasolina,1356.7740,298
2019-02-18,MS,diesel_s10,62.5560,17
2019-02-18,MS,etanol,61.3850,18
2019-02-18,MS,gasolina,65.3760,16
2019-02-18,MT,diesel_s10,76.6360,19
2019-02-18,MT,etanol,61.7150,22
2019-02-18,MT,gasolina,100.1960,22
2019-02-18,PA,diesel_s10,62.9380,16
2019-02-18,PA,etanol,8.6000,2
2019-02-18,PA,gasolina,92.5300,20
2019-02-18,PB,diesel_s10,47.0630,13
2019-02-18,PB,etanol,36.3550,11
2019-02-18,PB,gasolina,54.2440,13
2019-02-18,PE,diesel_s10,80.1950,22
2019-02-18,PE,etanol,70.6240,20
2019-02-18,PE,gasolina,113.0520,24
2019-02-18,PI,diesel_s10,63.8090,18
2019-02-18,PI,etanol,52.8000,16
2019-02-18,PI,gasolina,80.6070,19
2019-02-18,PR,diesel_s10,625.5200,189
2019-02-18,PR,etanol,684.9000,242
2019-02-18,PR,gasolina,972.7690,241
2019-02-18,RJ,diesel_s10,189.6100,52
2019-02-18,RJ,etanol,235.7190,66
2019-02-18,RJ,gasolina,326.2540,68
2019-02-18,RN,diesel_s10,18.3780,5
2019-02-18,RN,etanol,16.7690,5
2019-02-18,RN,gasolina,20.6280,5
2019-02-18,RO,diesel_s10,131.3330,35
2019-02-18,RO,etanol,81.8540,20
2019-02-18,RO,gasolina,153.7990,35
2019-02-18,RS,diesel_s10,463.9480,134
2019-02-18,RS,etanol,283.7210,72
2019-02-18,RS,gasolina,690.5600,163
2019-02-18,SC,diesel_s10,290.7630,85
2019-02-18,SC,etanol,201.2880,58
2019-02-18,SC,gasolina,390.1900,98
2019-02-18,SE,diesel_s10,3.6990,1
2019-02-18,SE,etanol,3.3990,1
2019-02-18,SE,gasolina,4.2950,1
2019-02-18,SP,diesel_s10,1024.1360,298
2019-02-18,SP,etanol,1085.2080,417
2019-02-18,SP,gasolina,1627.8710,411
2019-02-18,TO,diesel_s10,98.6070,28
2019-02-18,TO,etanol,92.5400,25
2019-02-18,TO,gasolina,126.8750,29
2019-02-19,AC,diesel_s10,4.9500,1
2019-02-19,AC,gasolina,4.9900,1
2019-02-19,AL,diesel_s10,40.7000,11
2019-02-19,AL,etanol,56.4310,17
2019-02-19,AL,gasolina,82.2730,19
2019-02-19,BA,diesel_s10,25.9220,7
2019-02-19,BA,etanol,29.9640,9
2019-02-19,BA,gasolina,46.2820,10
2019-02-19,CE,diesel_s10,325.2840,86
2019-02-19,CE,etanol,251.6290,70
2019-02-19,CE,gasolina,403.6500,92
2019-02-19,GO,diesel_s10,90.8040,25
2019-02-19,GO,etanol,79.9440,27
2019-02-19,GO,gasolina,109.6750,25
2019-02-19,MA,diesel_s10,152.1730,43
2019-02-19,MA,etanol,73.0340,20
2019-02-19,MA,gasolina,190.5660,46
2019-02-19,MG,diesel_s10,211.8280,59
2019-02-19,MG,etanol,232.3390,79
2019-02-19,MG,gasolina,362.7140,80
2019-02-19,MS,diesel_s10,51.3360,14
2019-02-19,MS,etanol,41.6900,12
2019-02-19,MS,gasolina,57.2830,14
2019-02-19,MT,diesel_s10,115.2720,29
2019-02-19,MT,etanol,91.4530,33
2019-02-19,MT,gasolina,145.9490,33
2019-02-19,PA,diesel_s10,39.8720,11
2019-02-19,PA,etanol,7.1700,2
2019-02-19,PA,gasolina,57.5250,13
2019-02-19,PB,diesel_s10,3.3590,1
2019-02-19,PB,etanol,2.7990,1
2019-02-19,PB,gasolina,3.7490,1
2019-02-19,PE,diesel_s10,130.0940,37
2019-02-19,PE,etanol,124.1220,40
2019-02-19,PE,gasolina,166.4260,41
2019-02-19,PI,diesel_s10,71.1530,20
2019-02-19,PI,etanol,44.9070,14
2019-02-19,PI,gasolina,83.7530,20
2019-02-19,PR,diesel_s10,234.0700,70
2019-02-19,PR,etanol,247.0350,89
2019-02-19,PR,gasolina,350.2690,86
2019-02-19,RJ,diesel_s10,552.7780,153
2019-02-19,RJ,etanol,698.3990,195
2019-02-19,RJ,gasolina,917.7870,196
2019-02-19,RO,diesel_s10,26.5100,7
2019-02-19,RO,etanol,8.6800,2
2019-02-19,RO,gasolina,35.5900,8
2019-02-19,RR,diesel_s10,17.4200,5
2019-02-19,RR,etanol,7.5500,2
2019-02-19,RR,gasolina,18.9200,5
2019-02-19,RS,diesel_s10,125.4680,36
2019-02-19,RS,etanol,98.4530,25
2019-02-19,RS,gasolina,185.9060,44
2019-02-19,SC,diesel_s10,177.8310,52
2019-02-19,SC,etanol,162.3600,48
2019-02-19,SC,gasolina,230.6560,59
2019-02-19,SE,diesel_s10,24.4960,7
2019-02-19,SE,etanol,6.6980,2
2019-02-19,SE,gasolina,29.1960,7
2019-02-19,SP,diesel_s10,524.2250,150
2019-02-19,SP,etanol,511.8620,198
2019-02-19,SP,gasolina,780.9950,198
2019-02-20,AC,diesel_s10,121.7700,28
2019-02-20,AC,etanol,63.5500,16
2019-02-20,AC,gasolina,133.7500,29
2019-02-20,AL,diesel_s10,69.9630,18
2019-02-20,AL,etanol,70.0510,20
2019-02-20,AL,gasolina,91.3630,20
2019-02-20,AM,diesel_s10,120.1540,33
2019-02-20,AM,etanol,123.6810,38
2019-02-20,AM,gasolina,160.5920,41
2019-02-20,BA,diesel_s10,595.6740,169
2019-02-20,BA,etanol,720.1700,219
2019-02-20,BA,gasolina,947.7240,217
2019-02-20,CE,diesel_s10,360.2460,99
2019-02-20,CE,etanol,334.8310,97
2019-02-20,CE,gasolina,404.5180,100
2019-02-20,DF,diesel_s10,90.5600,24
2019-02-20,DF,etanol,143.9940,46
2019-02-20,DF,gasolina,185.3620,47
2019-02-20,GO,diesel_s10,326.9550,91
2019-02-20,GO,etanol,356.5080,122
2019-02-20,GO,gasolina,527.5330,121
2019-02-20,MA,diesel_s10,73.7300,21
2019-02-20,MA,etanol,14.3680,4
2019-02-20,MA,gasolina,88.0090,22
2019-02-20,MG,diesel_s10,527.8010,146
2019-02-20,MG,etanol,548.4430,189
2019-02-20,MG,gasolina,859.0350,189
2019-02-20,MS,diesel_s10,143.2780,40
2019-02-20,MS,etanol,156.1460,49
2019-02-20,MS,gasolina,189.0750,49
2019-02-20,MT,diesel_s10,307.8020,80
2019-02-20,MT,etanol,252.7320,104
2019-02-20,MT,gasolina,434.8670,102
2019-02-20,PA,diesel_s10,216.8190,57
2019-02-20,PA,etanol,97.3140,26
2019-02-20,PA,gasolina,271.5940,62
2019-02-20,PB,diesel_s10,73.9230,21
2019-02-20,PB,etanol,65.2090,23
2019-02-20,PB,gasolina,88.7100,23
2019-02-20,PE,diesel_s10,71.2290,21
2019-02-20,PE,etanol,51.6130,16
2019-02-20,PE,gasolina,94.6400,22
2019-02-20,PI,diesel_s10,53.0590,15
2019-02-20,PI,etanol,35.5100,11
2019-02-20,PI,gasolina,67.3980,16
2019-02-20,PR,diesel_s10,62.1600,18
2019-02-20,PR,etanol,58.4900,20
2019-02-20,PR,gasolina,83.6700,20
2019-02-20,RJ,diesel_s10,365.0250,100
2019-02-20,RJ,etanol,468.0350,130
2019-02-20,RJ,gasolina,621.8420,132
2019-02-20,RN,diesel_s10,195.7430,54
2019-02-20,RN,etanol,169.7490,52
2019-02-20,RN,gasolina,236.7830,58
2019-02-20,RO,diesel_s10,83.8260,22
2019-02-20,RO,etanol,58.7330,16
2019-02-20,RO,gasolina,125.9120,29
2019-02-20,RR,diesel_s10,24.7100,7
2019-02-20,RR,etanol,7.3700,2
2019-02-20,RR,gasolina,30.4300,8
2019-02-20,RS,diesel_s10,305.3000,86
2019-02-20,RS,etanol,213.2580,53
2019-02-20,RS,gasolina,440.5230,102
2019-02-20,SC,diesel_s10,256.8890,73
2019-02-20,SC,etanol,197.2410,57
2019-02-20,SC,gasolina,350.5000,89
2019-02-20,SE,diesel_s10,118.4290,33
2019-02-20,SE,etanol,94.9370,29
2019-02-20,SE,gasolina,138.2760,33
2019-02-20,SP,diesel_s10,2421.8890,701
2019-02-20,SP,etanol,2384.5620,915
2019-02-20,SP,gasolina,3584.9920,894
2019-02-20,TO,diesel_s10,59.5150,17
2019-02-20,TO,etanol,61.8060,17
2019-02-20,TO,gasolina,74.3650,17
2019-02-21,AM,diesel_s10,3.8900,1
2019-02-21,AM,etanol,3.6900,1
2019-02-21,AM,gasolina,15.5600,4
2019-02-21,BA,diesel_s10,14.5870,4
2019-02-21,BA,etanol,16.4680,5
2019-02-21,BA,gasolina,27.1570,6
2019-02-21,CE,diesel_s10,35.3730,10
2019-02-21,CE,etanol,32.9850,10
2019-02-21,CE,gasolina,39.1670,10
2019-02-21,ES,diesel_s10,195.0190,56
2019-02-21,ES,etanol,180.0690,52
2019-02-21,ES,gasolina,296.5780,70
2019-02-21,GO,diesel_s10,133.1290,37
2019-02-21,GO,etanol,138.9120,49
2019-02-21,GO,gasolina,206.8940,49
2019-02-21,MA,diesel_s10,13.9260,4
2019-02-21,MA,etanol,6.9790,2
2019-02-21,MA,gasolina,15.6260,4
2019-02-21,MG,diesel_s10,79.1740,22
2019-02-21,MG,etanol,78.6570,26
2019-02-21,MG,gasolina,117.7380,26
2019-02-21,MS,diesel_s10,22.7100,6
2019-02-21,MS,etanol,21.2800,6
2019-02-21,MS,gasolina,35.0500,8
2019-02-21,MT,diesel_s10,3.5990,1
2019-02-21,MT,etanol,2.2770,1
2019-02-21,MT,gasolina,4.0770,1
2019-02-21,PA,diesel_s10,91.8460,24
2019-02-21,PA,etanol,48.3640,13
2019-02-21,PA,gasolina,97.1810,22
2019-02-21,PB,diesel_s10,83.8060,24
2019-02-21,PB,etanol,77.0010,26
2019-02-21,PB,gasolina,105.6470,26
2019-02-21,PE,diesel_s10,346.3790,100
2019-02-21,PE,etanol,314.2400,101
2019-02-21,PE,gasolina,435.5150,106
2019-02-21,PI,diesel_s10,45.9060,12
2019-02-21,PI,etanol,20.2080,6
2019-02-21,PI,gasolina,59.3550,13
2019-02-21,PR,diesel_s10,63.0100,19
2019-02-21,PR,etanol,62.9800,22
2019-02-21,PR,gasolina,83.7500,20
2019-02-21,RJ,diesel_s10,46.8070,13
2019-02-21,RJ,etanol,70.8260,19
2019-02-21,RJ,gasolina,89.9170,19
2019-02-21,RS,diesel_s10,145.7100,42
2019-02-21,RS,etanol,96.0160,25
2019-02-21,RS,gasolina,223.4080,53
2019-02-21,SC,diesel_s10,20.8860,6
2019-02-21,SC,etanol,10.3200,3
2019-02-21,SC,gasolina,28.3990,7
2019-02-21,SE,diesel_s10,3.4190,1
2019-02-21,SE,etanol,3.1990,1
2019-02-21,SE,gasolina,4.1590,1
2019-02-21,SP,diesel_s10,331.2870,95
2019-02-21,SP,etanol,336.7670,132
2019-02-21,SP,gasolina,528.4100,130
2019-02-25,AC,diesel_s10,60.7400,14
2019-02-25,AC,etanol,24.2400,6
2019-02-25,AC,gasolina,64.3110,14
2019-02-25,AL,diesel_s10,51.3370,13
2019-02-25,AL,etanol,42.6900,12
2019-02-25,AL,gasolina,61.2900,13
2019-02-25,AM,diesel_s10,134.5000,36
2019-02-25,AM,etanol,129.1790,39
2019-02-25,AM,gasolina,269.5720,67
2019-02-25,AP,diesel_s10,87.5300,19
2019-02-25,AP,etanol,3.5900,1
2019-02-25,AP,gasolina,110.4300,29
2019-02-25,BA,diesel_s10,430.6470,119
2019-02-25,BA,etanol,480.4590,141
2019-02-25,BA,gasolina,664.3400,147
2019-02-25,CE,diesel_s10,3.7900,1
2019-02-25,CE,etanol,3.5990,1
2019-02-25,CE,gasolina,4.5590,1
2019-02-25,ES,diesel_s10,110.2800,31
2019-02-25,ES,etanol,67.8900,19
2019-02-25,ES,gasolina,174.4900,39
2019-02-25,GO,diesel_s10,154.5660,42
2019-02-25,GO,etanol,155.6000,53
2019-02-25,GO,gasolina,225.4760,52
2019-02-25,MA,diesel_s10,104.2030,29
2019-02-25,MA,etanol,65.7890,18
2019-02-25,MA,gasolina,123.9620,29
2019-02-25,MG,diesel_s10,807.7710,221
2019-02-25,MG,etanol,833.5100,273
2019-02-25,MG,gasolina,1268.0380,273
2019-02-25,MS,diesel_s10,64.2310,17
2019-02-25,MS,etanol,59.6280,17
2019-02-25,MS,gasolina,79.3680,19
2019-02-25,MT,diesel_s10,121.2910,30
2019-02-25,MT,etanol,93.3020,33
2019-02-25,MT,gasolina,147.9900,33
2019-02-25,PA,diesel_s10,80.3040,20
2019-02-25,PA,etanol,46.1170,12
2019-02-25,PA,gasolina,100.4750,21
2019-02-25,PB,diesel_s10,117.1690,33
2019-02-25,PB,etanol,99.1400,33
2019-02-25,PB,gasolina,138.9100,35
2019-02-25,PE,diesel_s10,103.5850,29
2019-02-25,PE,etanol,96.6500,28
2019-02-25,PE,gasolina,146.5850,32
2019-02-25,PI,diesel_s10,78.6420,22
2019-02-25,PI,etanol,56.9630,17
2019-02-25,PI,gasolina,99.1360,23
2019-02-25,PR,diesel_s10,434.0970,129
2019-02-25,PR,etanol,459.4770,157
2019-02-25,PR,gasolina,650.4870,157
2019-02-25,RJ,diesel_s10,382.6530,104
2019-02-25,RJ,etanol,508.9830,136
2019-02-25,RJ,gasolina,651.9940,137
2019-02-25,RO,diesel_s10,187.6430,49
2019-02-25,RO,etanol,124.7380,32
2019-02-25,RO,gasolina,248.1120,57
2019-02-25,RS,diesel_s10,778.6660,223
2019-02-25,RS,etanol,502.5550,128
2019-02-25,RS,gasolina,1184.9820,279
2019-02-25,SC,diesel_s10,698.5170,201
2019-02-25,SC,etanol,567.2470,164
2019-02-25,SC,gasolina,904.0730,228
2019-02-25,SE,diesel_s10,31.3460,9
2019-02-25,SE,etanol,13.2170,4
2019-02-25,SE,gasolina,37.9560,9
2019-02-25,SP,diesel_s10,1149.5400,332
2019-02-25,SP,etanol,1225.3040,448
2019-02-25,SP,gasolina,1769.3870,444
2019-02-25,TO,diesel_s10,40.6610,11
2019-02-25,TO,etanol,29.6240,8
2019-02-25,TO,gasolina,49.1520,11
2019-02-26,AC,diesel_s10,107.0400,24
2019-02-26,AC,etanol,48.8100,12
2019-02-26,AC,gasolina,119.0800,25
2019-02-26,AL,diesel_s10,55.0910,15
2019-02-26,AL,etanol,59.7750,18
2019-02-26,AL,gasolina,87.7060,20
2019-02-26,AM,diesel_s10,4.1500,1
2019-02-26,AM,gasolina,5.0500,1
2019-02-26,BA,diesel_s10,363.5940,102
2019-02-26,BA,etanol,394.0690,119
2019-02-26,BA,gasolina,511.9360,116
2019-02-26,CE,diesel_s10,799.3330,212
2019-02-26,CE,etanol,701.9040,196
2019-02-26,CE,gasolina,995.9900,220
2019-02-26,DF,diesel_s10,121.4250,32
2019-02-26,DF,etanol,141.6570,44
2019-02-26,DF,gasolina,195.4650,47
2019-02-26,GO,diesel_s10,252.9900,70
2019-02-26,GO,etanol,256.7520,87
2019-02-26,GO,gasolina,374.8480,85
2019-02-26,MA,diesel_s10,259.1200,73
2019-02-26,MA,etanol,69.9340,19
2019-02-26,MA,gasolina,313.5800,78
2019-02-26,MG,diesel_s10,502.0600,137
2019-02-26,MG,etanol,509.4820,168
2019-02-26,MG,gasolina,766.8250,167
2019-02-26,MS,diesel_s10,98.9540,27
2019-02-26,MS,etanol,93.0610,27
2019-02-26,MS,gasolina,104.3200,25
2019-02-26,MT,diesel_s10,119.8770,30
2019-02-26,MT,etanol,94.0250,34
2019-02-26,MT,gasolina,148.1650,33
2019-02-26,PA,diesel_s10,227.9250,60
2019-02-26,PA,etanol,118.4720,32
2019-02-26,PA,gasolina,285.2930,66
2019-02-26,PB,diesel_s10,52.4240,15
2019-02-26,PB,etanol,45.9820,15
2019-02-26,PB,gasolina,62.2010,15
2019-02-26,PE,diesel_s10,302.8280,88
2019-02-26,PE,etanol,260.1110,83
2019-02-26,PE,gasolina,378.4740,92
2019-02-26,PI,diesel_s10,106.1760,30
2019-02-26,PI,etanol,83.2900,26
2019-02-26,PI,gasolina,132.2380,32
2019-02-26,PR,diesel_s10,290.5820,85
2019-02-26,PR,etanol,320.1430,110
2019-02-26,PR,gasolina,441.0600,107
2019-02-26,RJ,diesel_s10,229.5040,65
2019-02-26,RJ,etanol,295.2000,84
2019-02-26,RJ,gasolina,391.4920,84
2019-02-26,RN,diesel_s10,62.6620,17
2019-02-26,RN,etanol,53.7440,16
2019-02-26,RN,gasolina,77.6780,19
2019-02-26,RO,diesel_s10,3.9700,1
2019-02-26,RO,gasolina,4.3700,1
2019-02-26,RR,diesel_s10,42.5000,12
2019-02-26,RR,etanol,11.2300,3
2019-02-26,RR,gasolina,50.4000,13
2019-02-26,RS,diesel_s10,131.2460,37
2019-02-26,RS,etanol,104.0650,26
2019-02-26,RS,gasolina,197.7320,45
2019-02-26,SC,diesel_s10,65.7780,19
2019-02-26,SC,etanol,48.4390,14
2019-02-26,SC,gasolina,84.5740,21
2019-02-26,SE,diesel_s10,33.0920,9
2019-02-26,SE,etanol,27.2740,8
2019-02-26,SE,gasolina,39.0480,9
2019-02-26,SP,diesel_s10,871.4880,249
2019-02-26,SP,etanol,862.7060,314
2019-02-26,SP,gasolina,1243.5430,311
2019-02-26,TO,diesel_s10,112.3530,32
2019-02-26,TO,etanol,117.5330,32
2019-02-26,TO,gasolina,148.2080,34
2019-02-27,AL,etanol,3.2900,1
2019-02-27,AL,gasolina,4.3500,1
2019-02-27,AM,diesel_s10,8.3000,2
2019-02-27,AM,gasolina,24.1970,5
2019-02-27,BA,diesel_s10,136.0590,38
2019-02-27,BA,etanol,195.4340,56
2019-02-27,BA,gasolina,257.9170,57
2019-02-27,ES,diesel_s10,24.7600,7
2019-02-27,ES,etanol,11.2700,3
2019-02-27,ES,gasolina,29.3500,7
2019-02-27,GO,diesel_s10,92.9810,26
2019-02-27,GO,etanol,112.7130,39
2019-02-27,GO,gasolina,165.9250,38
2019-02-27,MA,diesel_s10,28.5140,8
2019-02-27,MA,etanol,10.9280,3
2019-02-27,MA,gasolina,33.2440,8
2019-02-27,MG,diesel_s10,272.1430,75
2019-02-27,MG,etanol,303.3360,102
2019-02-27,MG,gasolina,463.1500,102
2019-02-27,MS,diesel_s10,121.4530,34
2019-02-27,MS,etanol,136.7670,43
2019-02-27,MS,gasolina,159.7610,42
2019-02-27,MT,diesel_s10,304.2470,79
2019-02-27,MT,etanol,225.3130,92
2019-02-27,MT,gasolina,399.8280,92
2019-02-27,PA,diesel_s10,49.6240,13
2019-02-27,PA,etanol,3.9500,1
2019-02-27,PA,gasolina,59.9180,13
2019-02-27,PB,diesel_s10,39.6130,11
2019-02-27,PB,etanol,38.0790,13
2019-02-27,PB,gasolina,51.8170,13
2019-02-27,PE,diesel_s10,167.7440,48
2019-02-27,PE,etanol,159.6830,51
2019-02-27,PE,gasolina,236.0360,57
2019-02-27,PR,diesel_s10,117.7080,35
2019-02-27,PR,etanol,153.0990,52
2019-02-27,PR,gasolina,212.0580,52
2019-02-27,RJ,diesel_s10,551.9260,151
2019-02-27,RJ,etanol,690.5510,186
2019-02-27,RJ,gasolina,904.3080,191
2019-02-27,RN,diesel_s10,136.3960,37
2019-02-27,RN,etanol,139.8280,43
2019-02-27,RN,gasolina,175.5260,43
2019-02-27,RO,diesel_s10,53.7700,14
2019-02-27,RO,etanol,30.1100,7
2019-02-27,RO,gasolina,62.6500,14
2019-02-27,RS,diesel_s10,49.9160,14
2019-02-27,RS,etanol,36.2290,9
2019-02-27,RS,gasolina,66.2370,15
2019-02-27,SC,diesel_s10,10.8770,3
2019-02-27,SC,etanol,7.1980,2
2019-02-27,SC,gasolina,11.7680,3
2019-02-27,SE,diesel_s10,72.3870,20
2019-02-27,SE,etanol,70.0540,21
2019-02-27,SE,gasolina,97.1380,23
2019-02-27,SP,diesel_s10,1898.3560,542
2019-02-27,SP,etanol,1943.5550,704
2019-02-27,SP,gasolina,2837.8380,695
2019-02-27,TO,diesel_s10,3.9900,1
2019-02-27,TO,etanol,3.9000,1
2019-02-27,TO,gasolina,4.3700,1
2019-02-28,AL,diesel_s10,47.9510,13
2019-02-28,AL,etanol,76.8770,23
2019-02-28,AL,gasolina,95.7230,22
2019-02-28,BA,diesel_s10,37.0190,10
2019-02-28,BA,etanol,40.9580,12
2019-02-28,BA,gasolina,64.3870,14
2019-02-28,ES,diesel_s10,180.3780,52
2019-02-28,ES,etanol,176.0460,51
2019-02-28,ES,gasolina,297.2400,70
2019-02-28,GO,diesel_s10,139.4270,38
2019-02-28,GO,etanol,161.1560,55
2019-02-28,GO,gasolina,238.1800,55
2019-02-28,MA,diesel_s10,25.0260,7
2019-02-28,MA,etanol,3.7300,1
2019-02-28,MA,gasolina,32.9070,8
2019-02-28,MG,diesel_s10,155.7780,43
2019-02-28,MG,etanol,143.4490,49
2019-02-28,MG,gasolina,220.0990,48
2019-02-28,MT,diesel_s10,3.8990,1
2019-02-28,MT,etanol,2.5590,1
2019-02-28,MT,gasolina,4.4990,1
2019-02-28,PA,diesel_s10,55.7580,15
2019-02-28,PA,etanol,11.9990,3
2019-02-28,PA,gasolina,78.9970,18
2019-02-28,PE,diesel_s10,39.6700,11
2019-02-28,PE,etanol,37.2460,12
2019-02-28,PE,gasolina,48.5260,12
2019-02-28,PI,diesel_s10,46.4940,12
2019-02-28,PI,etanol,20.5670,6
2019-02-28,PI,gasolina,58.9150,13
2019-02-28,PR,diesel_s10,132.0210,40
2019-02-28,PR,etanol,160.4200,55
2019-02-28,PR,gasolina,213.8100,54
2019-02-28,RJ,diesel_s10,19.4240,5
2019-02-28,RJ,etanol,19.8740,5
2019-02-28,RJ,gasolina,35.5390,7
2019-02-28,RS,diesel_s10,55.1600,15
2019-02-28,RS,etanol,53.6780,13
2019-02-28,RS,gasolina,105.8320,23
2019-02-28,SC,diesel_s10,3.3590,1
2019-02-28,SC,gasolina,3.9190,1
2019-02-28,SE,diesel_s10,3.4990,1
2019-02-28,SE,etanol,3.2990,1
2019-02-28,SE,gasolina,4.2790,1
2019-02-28,SP,diesel_s10,507.5550,144
2019-02-28,SP,etanol,534.2770,198
2019-02-28,SP,gasolina,777.1160,193
2019-03-04,AL,diesel_s10,51.4870,13
2019-03-04,AL,etanol,42.9900,12
2019-03-04,AL,gasolina,61.3230,13
2019-03-04,AM,diesel_s10,3.8900,1
2019-03-04,AM,etanol,3.6900,1
2019-03-04,AM,gasolina,33.6400,8
2019-03-04,AP,diesel_s10,8.8800,2
2019-03-04,AP,gasolina,23.1900,6
2019-03-04,BA,diesel_s10,338.7490,93
2019-03-04,BA,etanol,362.2430,107
2019-03-04,BA,gasolina,511.9920,113
2019-03-04,CE,diesel_s10,3.7900,1
2019-03-04,CE,etanol,3.5990,1
2019-03-04,CE,gasolina,4.5590,1
2019-03-04,ES,diesel_s10,95.5200,27
2019-03-04,ES,etanol,60.8100,17
2019-03-04,ES,gasolina,155.8700,35
2019-03-04,GO,diesel_s10,152.2080,41
2019-03-04,GO,etanol,153.8130,52
2019-03-04,GO,gasolina,221.7480,51
2019-03-04,MA,diesel_s10,89.5170,25
2019-03-04,MA,etanol,54.6420,15
2019-03-04,MA,gasolina,106.9660,25
2019-03-04,MG,diesel_s10,763.8250,208
2019-03-04,MG,etanol,797.0780,258
2019-03-04,MG,gasolina,1210.4440,260
2019-03-04,MS,diesel_s10,64.2410,17
2019-03-04,MS,etanol,59.7290,17
2019-03-04,MS,gasolina,74.8780,18
2019-03-04,MT,diesel_s10,117.5520,29
2019-03-04,MT,etanol,90.8830,32
2019-03-04,MT,gasolina,143.6910,32
2019-03-04,PA,diesel_s10,64.6940,16
2019-03-04,PA,etanol,38.2270,10
2019-03-04,PA,gasolina,86.2750,18
2019-03-04,PB,diesel_s10,40.2940,11
2019-03-04,PB,etanol,33.5650,10
2019-03-04,PB,gasolina,50.2750,12
2019-03-04,PE,diesel_s10,103.8050,29
2019-03-04,PE,etanol,96.8300,28
2019-03-04,PE,gasolina,146.2550,32
2019-03-04,PI,diesel_s10,97.2330,27
2019-03-04,PI,etanol,76.0740,23
2019-03-04,PI,gasolina,123.6100,29
2019-03-04,PR,diesel_s10,492.2350,145
2019-03-04,PR,etanol,525.8370,178
2019-03-04,PR,gasolina,732.5280,176
2019-03-04,RJ,diesel_s10,274.2770,74
2019-03-04,RJ,etanol,362.1770,95
2019-03-04,RJ,gasolina,461.6260,96
2019-03-04,RO,diesel_s10,111.2580,29
2019-03-04,RO,etanol,79.4740,20
2019-03-04,RO,gasolina,127.6590,29
2019-03-04,RS,diesel_s10,663.5900,190
2019-03-04,RS,etanol,408.1390,103
2019-03-04,RS,gasolina,994.8960,232
2019-03-04,SC,diesel_s10,580.2790,168
2019-03-04,SC,etanol,452.0610,131
2019-03-04,SC,gasolina,758.0380,191
2019-03-04,SE,diesel_s10,24.7270,7
2019-03-04,SE,etanol,6.7890,2
2019-03-04,SE,gasolina,29.6960,7
2019-03-04,SP,diesel_s10,1107.3160,319
2019-03-04,SP,etanol,1167.4860,424
2019-03-04,SP,gasolina,1672.5970,420
2019-03-04,TO,diesel_s10,40.6610,11
2019-03-04,TO,etanol,29.6240,8
2019-03-04,TO,gasolina,49.1520,11
2019-03-05,AC,diesel_s10,37.1500,8
2019-03-05,AC,etanol,9.1000,2
2019-03-05,AC,gasolina,40.1600,8
2019-03-05,AL,diesel_s10,58.7410,16
2019-03-05,AL,etanol,56.6860,17
2019-03-05,AL,gasolina,83.1970,19
2019-03-05,AM,diesel_s10,4.1500,1
2019-03-05,AM,gasolina,5.0500,1
2019-03-05,BA,diesel_s10,278.8170,77
2019-03-05,BA,etanol,310.8660,92
2019-03-05,BA,gasolina,399.7960,89
2019-03-05,CE,diesel_s10,336.2960,88
2019-03-05,CE,etanol,262.7210,72
2019-03-05,CE,gasolina,427.6180,95
2019-03-05,DF,diesel_s10,11.4970,3
2019-03-05,DF,etanol,9.8880,3
2019-03-05,DF,gasolina,16.8470,4
2019-03-05,GO,diesel_s10,188.9410,52
2019-03-05,GO,etanol,175.6070,59
2019-03-05,GO,gasolina,251.2550,57
2019-03-05,MA,diesel_s10,79.2100,22
2019-03-05,MA,etanol,47.9680,13
2019-03-05,MA,gasolina,104.9600,25
2019-03-05,MG,diesel_s10,403.9670,110
2019-03-05,MG,etanol,414.5600,137
2019-03-05,MG,gasolina,630.5590,137
2019-03-05,MS,diesel_s10,99.5530,27
2019-03-05,MS,etanol,93.9120,27
2019-03-05,MS,gasolina,104.5900,25
2019-03-05,MT,diesel_s10,120.7670,30
2019-03-05,MT,etanol,94.5850,34
2019-03-05,MT,gasolina,143.9860,32
2019-03-05,PA,diesel_s10,135.5870,36
2019-03-05,PA,etanol,52.9180,14
2019-03-05,PA,gasolina,175.3570,40
2019-03-05,PB,diesel_s10,45.4350,13
2019-03-05,PB,etanol,40.2020,13
2019-03-05,PB,gasolina,54.0030,13
2019-03-05,PE,diesel_s10,289.4990,84
2019-03-05,PE,etanol,251.8540,80
2019-03-05,PE,gasolina,362.9000,88
2019-03-05,PR,diesel_s10,146.0460,43
2019-03-05,PR,etanol,171.9860,58
2019-03-05,PR,gasolina,235.3350,57
2019-03-05,RJ,diesel_s10,215.7680,61
2019-03-05,RJ,etanol,285.7720,81
2019-03-05,RJ,gasolina,372.9260,80
2019-03-05,RN,diesel_s10,62.5930,17
2019-03-05,RN,etanol,53.6040,16
2019-03-05,RN,gasolina,78.0480,19
2019-03-05,RS,diesel_s10,114.2200,32
2019-03-05,RS,etanol,73.5760,18
2019-03-05,RS,gasolina,167.1430,38
2019-03-05,SC,diesel_s10,167.2220,46
2019-03-05,SC,etanol,136.1750,38
2019-03-05,SC,gasolina,231.1390,56
2019-03-05,SE,diesel_s10,29.3930,8
2019-03-05,SE,etanol,23.7840,7
2019-03-05,SE,gasolina,34.8990,8
2019-03-05,SP,diesel_s10,463.8220,132
2019-03-05,SP,etanol,489.3740,176
2019-03-05,SP,gasolina,695.4350,173
2019-03-05,TO,diesel_s10,76.9430,22
2019-03-05,TO,etanol,82.0230,22
2019-03-05,TO,gasolina,95.6600,22
2019-03-06,AC,diesel_s10,17.8100,4
2019-03-06,AC,etanol,8.4400,2
2019-03-06,AC,gasolina,19.1700,4
2019-03-06,AL,diesel_s10,69.7360,19
2019-03-06,AL,etanol,80.2820,24
2019-03-06,AL,gasolina,110.1680,25
2019-03-06,AM,diesel_s10,151.3380,40
2019-03-06,AM,etanol,114.7650,35
2019-03-06,AM,gasolina,265.1040,64
2019-03-06,BA,diesel_s10,103.1500,29
2019-03-06,BA,etanol,108.3930,32
2019-03-06,BA,gasolina,141.3520,31
2019-03-06,CE,diesel_s10,457.6120,123
2019-03-06,CE,etanol,435.2370,122
2019-03-06,CE,gasolina,565.1610,124
2019-03-06,ES,diesel_s10,39.2200,11
2019-03-06,ES,etanol,14.6600,4
2019-03-06,ES,gasolina,47.1900,11
2019-03-06,GO,diesel_s10,75.7000,21
2019-03-06,GO,etanol,69.8030,24
2019-03-06,GO,gasolina,100.0940,23
2019-03-06,MA,diesel_s10,181.4090,52
2019-03-06,MA,etanol,28.2830,8
2019-03-06,MA,gasolina,212.9600,53
2019-03-06,MG,diesel_s10,467.4820,128
2019-03-06,MG,etanol,518.7400,169
2019-03-06,MG,gasolina,778.1300,168
2019-03-06,MS,gasolina,4.2900,1
2019-03-06,MT,diesel_s10,61.5780,16
2019-03-06,MT,etanol,52.8560,21
2019-03-06,MT,gasolina,91.9520,21
2019-03-06,PA,diesel_s10,162.8430,42
2019-03-06,PA,etanol,62.8670,17
2019-03-06,PA,gasolina,186.3650,42
2019-03-06,PB,diesel_s10,120.3900,34
2019-03-06,PB,etanol,110.5630,38
2019-03-06,PB,gasolina,147.7480,38
2019-03-06,PE,diesel_s10,118.2960,34
2019-03-06,PE,etanol,108.3640,34
2019-03-06,PE,gasolina,168.5910,40
2019-03-06,PI,diesel_s10,89.1650,25
2019-03-06,PI,etanol,60.4630,19
2019-03-06,PI,gasolina,108.9480,26
2019-03-06,PR,diesel_s10,343.2030,102
2019-03-06,PR,etanol,395.7890,135
2019-03-06,PR,gasolina,542.6320,134
2019-03-06,RJ,diesel_s10,367.7870,100
2019-03-06,RJ,etanol,475.1090,125
2019-03-06,RJ,gasolina,616.1550,129
2019-03-06,RN,diesel_s10,133.1530,36
2019-03-06,RN,etanol,136.6750,42
2019-03-06,RN,gasolina,179.4210,44
2019-03-06,RO,diesel_s10,53.8100,14
2019-03-06,RO,etanol,25.9400,6
2019-03-06,RO,gasolina,67.1700,15
2019-03-06,RR,diesel_s10,39.6400,11
2019-03-06,RR,etanol,26.1100,7
2019-03-06,RR,gasolina,50.4800,13
2019-03-06,RS,diesel_s10,61.6670,17
2019-03-06,RS,etanol,19.7840,5
2019-03-06,RS,gasolina,80.0210,18
2019-03-06,SC,diesel_s10,17.7660,5
2019-03-06,SC,etanol,10.5970,3
2019-03-06,SC,gasolina,20.0270,5
2019-03-06,SE,diesel_s10,17.3500,5
2019-03-06,SE,etanol,12.9790,4
2019-03-06,SE,gasolina,20.5500,5
2019-03-06,SP,diesel_s10,1874.8160,534
2019-03-06,SP,etanol,1923.5020,691
2019-03-06,SP,gasolina,2766.6040,674
2019-03-06,TO,diesel_s10,45.6880,13
2019-03-06,TO,etanol,43.5260,12
2019-03-06,TO,gasolina,57.7390,13
2019-03-07,AC,diesel_s10,112.8900,26
2019-03-07,AC,etanol,51.7600,13
2019-03-07,AC,gasolina,126.3200,27
2019-03-07,AP,diesel_s10,51.7400,11
2019-03-07,AP,gasolina,91.6090,23
2019-03-07,BA,diesel_s10,213.4980,59
2019-03-07,BA,etanol,313.0080,88
2019-03-07,BA,gasolina,401.6620,88
2019-03-07,CE,diesel_s10,3.8800,1
2019-03-07,CE,etanol,3.8400,1
2019-03-07,CE,gasolina,4.5500,1
2019-03-07,ES,diesel_s10,103.9820,30
2019-03-07,ES,etanol,116.2020,34
2019-03-07,ES,gasolina,186.3690,44
2019-03-07,GO,diesel_s10,185.2480,51
2019-03-07,GO,etanol,219.5930,75
2019-03-07,GO,gasolina,328.8260,75
2019-03-07,MA,diesel_s10,62.6580,17
2019-03-07,MA,etanol,29.7020,8
2019-03-07,MA,gasolina,81.2490,19
2019-03-07,MG,diesel_s10,43.6010,12
2019-03-07,MG,etanol,61.1990,20
2019-03-07,MG,gasolina,89.7810,20
2019-03-07,MS,diesel_s10,3.6980,1
2019-03-07,MS,etanol,3.2980,1
2019-03-07,MS,gasolina,3.9880,1
2019-03-07,MT,diesel_s10,220.7240,57
2019-03-07,MT,etanol,184.9990,73
2019-03-07,MT,gasolina,322.5010,73
2019-03-07,PA,diesel_s10,4.1000,1
2019-03-07,PA,gasolina,17.7300,4
2019-03-07,PE,diesel_s10,93.5060,26
2019-03-07,PE,etanol,103.7060,33
2019-03-07,PE,gasolina,134.2850,33
2019-03-07,PR,diesel_s10,3.3990,1
2019-03-07,PR,etanol,2.9990,1
2019-03-07,PR,gasolina,3.9990,1
2019-03-07,RJ,diesel_s10,325.1090,88
2019-03-07,RJ,etanol,419.7750,110
2019-03-07,RJ,gasolina,535.3840,112
2019-03-07,RO,diesel_s10,84.6050,22
2019-03-07,RO,etanol,54.7620,15
2019-03-07,RO,gasolina,121.9610,28
2019-03-07,RS,diesel_s10,135.3190,38
2019-03-07,RS,etanol,110.2010,28
2019-03-07,RS,gasolina,223.4870,51
2019-03-07,SC,diesel_s10,3.3900,1
2019-03-07,SC,etanol,3.6900,1
2019-03-07,SC,gasolina,3.9900,1
2019-03-07,SE,diesel_s10,73.7810,20
2019-03-07,SE,etanol,68.1100,20
2019-03-07,SE,gasolina,90.9960,21
2019-03-07,SP,diesel_s10,690.6520,196
2019-03-07,SP,etanol,736.6980,269
2019-03-07,SP,gasolina,1073.4880,268
2019-03-08,BA,diesel_s10,37.0190,10
2019-03-08,BA,etanol,40.9580,12
2019-03-08,BA,gasolina,59.4760,13
2019-03-08,DF,diesel_s10,110.5270,29
2019-03-08,DF,etanol,133.3790,41
2019-03-08,DF,gasolina,176.8000,43
2019-03-08,ES,diesel_s10,74.8530,21
2019-03-08,ES,etanol,61.2620,17
2019-03-08,ES,gasolina,114.1340,26
2019-03-08,GO,diesel_s10,60.3170,16
2019-03-08,GO,etanol,72.1870,24
2019-03-08,GO,gasolina,104.9420,24
2019-03-08,MG,diesel_s10,25.9360,7
2019-03-08,MG,etanol,25.4860,8
2019-03-08,MG,gasolina,33.3480,7
2019-03-08,MS,diesel_s10,83.1660,23
2019-03-08,MS,etanol,130.3460,40
2019-03-08,MS,gasolina,161.8970,42
2019-03-08,PA,diesel_s10,51.7880,14
2019-03-08,PA,etanol,12.1790,3
2019-03-08,PA,gasolina,61.3870,14
2019-03-08,PI,diesel_s10,46.5440,12
2019-03-08,PI,etanol,20.6670,6
2019-03-08,PI,gasolina,58.9460,13
2019-03-08,PR,diesel_s10,3.2600,1
2019-03-08,PR,etanol,2.7900,1
2019-03-08,PR,gasolina,3.8900,1
2019-03-08,RJ,diesel_s10,3.6900,1
2019-03-08,RJ,etanol,4.1900,1
2019-03-08,RJ,gasolina,4.9900,1
2019-03-08,RS,diesel_s10,55.1600,15
2019-03-08,RS,etanol,53.6780,13
2019-03-08,RS,gasolina,105.7320,23
2019-03-08,SE,diesel_s10,3.4990,1
2019-03-08,SE,etanol,3.2990,1
2019-03-08,SE,gasolina,4.2790,1
2019-03-08,SP,diesel_s10,287.3280,82
2019-03-08,SP,etanol,285.3820,104
2019-03-08,SP,gasolina,404.9070,101
2019-03-11,AC,diesel_s10,128.4100,29
2019-03-11,AC,etanol,67.9500,17
2019-03-11,AC,gasolina,142.8500,30
2019-03-11,AM,diesel_s10,89.0990,24
2019-03-11,AM,etanol,95.0080,29
2019-03-11,AM,gasolina,132.0890,33
2019-03-11,AP,diesel_s10,56.4900,12
2019-03-11,AP,gasolina,96.2690,24
2019-03-11,BA,diesel_s10,132.6200,36
2019-03-11,BA,etanol,135.1550,39
2019-03-11,BA,gasolina,172.7270,38
2019-03-11,CE,diesel_s10,125.4970,32
2019-03-11,CE,etanol,91.0390,25
2019-03-11,CE,gasolina,147.0460,32
2019-03-11,GO,diesel_s10,127.8840,35
2019-03-11,GO,etanol,123.3970,42
2019-03-11,GO,gasolina,177.1810,41
2019-03-11,MA,diesel_s10,92.8920,25
2019-03-11,MA,etanol,56.5460,15
2019-03-11,MA,gasolina,120.1710,27
2019-03-11,MG,diesel_s10,619.1090,166
2019-03-11,MG,etanol,667.8670,209
2019-03-11,MG,gasolina,975.1880,208
2019-03-11,MS,diesel_s10,136.1860,36
2019-03-11,MS,etanol,120.9250,34
2019-03-11,MS,gasolina,156.7270,37
2019-03-11,MT,diesel_s10,54.0720,14
2019-03-11,MT,etanol,44.3900,17
2019-03-11,MT,gasolina,75.1270,17
2019-03-11,PA,diesel_s10,114.1140,30
2019-03-11,PA,etanol,31.5800,8
2019-03-11,PA,gasolina,160.2190,35
2019-03-11,PB,diesel_s10,21.7800,6
2019-03-11,PB,etanol,19.1400,6
2019-03-11,PB,gasolina,29.0300,7
2019-03-11,PE,diesel_s10,112.9090,31
2019-03-11,PE,etanol,96.8440,28
2019-03-11,PE,gasolina,146.3920,32
2019-03-11,PI,diesel_s10,61.6190,17
2019-03-11,PI,etanol,42.4310,13
2019-03-11,PI,gasolina,78.5390,18
2019-03-11,PR,diesel_s10,384.6130,112
2019-03-11,PR,etanol,459.6040,149
2019-03-11,PR,gasolina,616.8130,146
2019-03-11,RJ,diesel_s10,275.4170,75
2019-03-11,RJ,etanol,347.7790,91
2019-03-11,RJ,gasolina,445.7650,93
2019-03-11,RO,diesel_s10,35.0080,9
2019-03-11,RO,etanol,15.7740,4
2019-03-11,RO,gasolina,35.2940,8
2019-03-11,RS,diesel_s10,733.0600,207
2019-03-11,RS,etanol,477.6860,119
2019-03-11,RS,gasolina,1144.4250,260
2019-03-11,SC,diesel_s10,465.4770,134
2019-03-11,SC,etanol,338.4660,97
2019-03-11,SC,gasolina,584.6060,146
2019-03-11,SE,diesel_s10,44.4650,12
2019-03-11,SE,etanol,34.1550,10
2019-03-11,SE,gasolina,51.6560,12
2019-03-11,SP,diesel_s10,860.2120,244
2019-03-11,SP,etanol,1002.5500,351
2019-03-11,SP,gasolina,1421.9400,348
2019-03-11,TO,diesel_s10,82.1530,23
2019-03-11,TO,etanol,80.0260,22
2019-03-11,TO,gasolina,107.1350,24
2019-03-12,AC,diesel_s10,38.3500,8
2019-03-12,AC,etanol,4.7000,1
2019-03-12,AC,gasolina,41.5400,8
2019-03-12,AL,diesel_s10,93.6660,25
2019-03-12,AL,etanol,89.3900,26
2019-03-12,AL,gasolina,118.7950,27
2019-03-12,AM,diesel_s10,66.0400,17
2019-03-12,AM,etanol,37.8380,11
2019-03-12,AM,gasolina,105.5600,25
2019-03-12,BA,diesel_s10,393.4680,106
2019-03-12,BA,etanol,432.8730,126
2019-03-12,BA,gasolina,597.2040,130
2019-03-12,CE,diesel_s10,144.7100,38
2019-03-12,CE,etanol,125.0030,34
2019-03-12,CE,gasolina,191.5140,42
2019-03-12,DF,diesel_s10,3.7990,1
2019-03-12,DF,etanol,3.2590,1
2019-03-12,DF,gasolina,4.3990,1
2019-03-12,ES,diesel_s10,136.7700,38
2019-03-12,ES,etanol,76.9500,21
2019-03-12,ES,gasolina,205.3590,46
2019-03-12,GO,diesel_s10,167.0190,45
2019-03-12,GO,etanol,153.8540,51
2019-03-12,GO,gasolina,211.1210,48
2019-03-12,MA,diesel_s10,233.9340,64
2019-03-12,MA,etanol,37.0950,10
2019-03-12,MA,gasolina,275.7340,65
2019-03-12,MG,diesel_s10,467.6810,126
2019-03-12,MG,etanol,492.4940,156
2019-03-12,MG,gasolina,716.3410,154
2019-03-12,MS,diesel_s10,25.7530,7
2019-03-12,MS,etanol,24.3920,7
2019-03-12,MS,gasolina,29.7140,7
2019-03-12,MT,diesel_s10,93.0840,22
2019-03-12,MT,etanol,70.7210,24
2019-03-12,MT,gasolina,107.0010,23
2019-03-12,PA,diesel_s10,259.9340,67
2019-03-12,PA,etanol,126.4530,34
2019-03-12,PA,gasolina,304.1840,69
2019-03-12,PB,diesel_s10,14.2380,4
2019-03-12,PB,etanol,14.7060,5
2019-03-12,PB,gasolina,20.2070,5
2019-03-12,PE,diesel_s10,21.2460,6
2019-03-12,PE,etanol,7.0680,2
2019-03-12,PE,gasolina,32.9240,7
2019-03-12,PI,diesel_s10,32.9080,9
2019-03-12,PI,etanol,27.5290,8
2019-03-12,PI,gasolina,53.4290,12
2019-03-12,PR,diesel_s10,137.8300,40
2019-03-12,PR,etanol,137.5400,46
2019-03-12,PR,gasolina,194.4090,46
2019-03-12,RJ,diesel_s10,110.3030,30
2019-03-12,RJ,etanol,145.4690,37
2019-03-12,RJ,gasolina,188.4770,39
2019-03-12,RN,diesel_s10,222.3740,59
2019-03-12,RN,etanol,204.8050,60
2019-03-12,RN,gasolina,269.0740,62
2019-03-12,RO,diesel_s10,81.6390,21
2019-03-12,RO,etanol,48.0040,12
2019-03-12,RO,gasolina,92.8850,21
2019-03-12,RR,diesel_s10,32.1590,9
2019-03-12,RR,etanol,7.5900,2
2019-03-12,RR,gasolina,38.8490,10
2019-03-12,RS,diesel_s10,127.5660,36
2019-03-12,RS,etanol,91.9390,23
2019-03-12,RS,gasolina,186.7400,42
2019-03-12,SC,diesel_s10,88.3720,25
2019-03-12,SC,etanol,63.9220,18
2019-03-12,SC,gasolina,106.6570,26
2019-03-12,SE,diesel_s10,59.0820,16
2019-03-12,SE,etanol,38.9410,11
2019-03-12,SE,gasolina,73.3500,17
2019-03-12,SP,diesel_s10,673.3470,190
2019-03-12,SP,etanol,706.7500,248
2019-03-12,SP,gasolina,1003.9790,246
2019-03-12,TO,diesel_s10,34.6030,9
2019-03-12,TO,etanol,26.5850,7
2019-03-12,TO,gasolina,40.2730,9
2019-03-13,AC,diesel_s10,4.3800,1
2019-03-13,AC,gasolina,4.5900,1
2019-03-13,AL,diesel_s10,27.9490,7
2019-03-13,AL,etanol,22.2600,6
2019-03-13,AL,gasolina,33.3790,7
2019-03-13,AM,diesel_s10,20.0900,5
2019-03-13,AM,etanol,10.4700,3
2019-03-13,AM,gasolina,57.3170,13
2019-03-13,AP,diesel_s10,8.8800,2
2019-03-13,AP,gasolina,18.9500,5
2019-03-13,BA,diesel_s10,289.3270,81
2019-03-13,BA,etanol,371.4860,109
2019-03-13,BA,gasolina,497.7020,111
2019-03-13,CE,diesel_s10,534.8900,142
2019-03-13,CE,etanol,502.4710,139
2019-03-13,CE,gasolina,657.2110,144
2019-03-13,DF,diesel_s10,111.2890,29
2019-03-13,DF,etanol,145.2250,44
2019-03-13,DF,gasolina,198.0470,46
2019-03-13,GO,diesel_s10,269.7310,73
2019-03-13,GO,etanol,304.2960,103
2019-03-13,GO,gasolina,447.1000,102
2019-03-13,MA,diesel_s10,28.8620,8
2019-03-13,MA,etanol,20.4240,6
2019-03-13,MA,gasolina,47.0110,11
2019-03-13,MG,diesel_s10,448.3360,121
2019-03-13,MG,etanol,495.8490,158
2019-03-13,MG,gasolina,737.9740,158
2019-03-13,MT,diesel_s10,376.5000,96
2019-03-13,MT,etanol,302.7850,117
2019-03-13,MT,gasolina,511.4000,116
2019-03-13,PA,diesel_s10,51.8740,13
2019-03-13,PA,etanol,27.8850,7
2019-03-13,PA,gasolina,58.0550,12
2019-03-13,PB,diesel_s10,177.7630,50
2019-03-13,PB,etanol,152.7780,50
2019-03-13,PB,gasolina,199.7040,50
2019-03-13,PE,diesel_s10,485.5030,138
2019-03-13,PE,etanol,462.1770,144
2019-03-13,PE,gasolina,635.4370,153
2019-03-13,PI,diesel_s10,125.3140,34
2019-03-13,PI,etanol,82.5520,25
2019-03-13,PI,gasolina,163.7620,37
2019-03-13,PR,diesel_s10,335.4780,98
2019-03-13,PR,etanol,372.2410,124
2019-03-13,PR,gasolina,499.4410,120
2019-03-13,RJ,diesel_s10,556.0780,152
2019-03-13,RJ,etanol,702.8220,183
2019-03-13,RJ,gasolina,906.3660,189
2019-03-13,RO,diesel_s10,31.0800,8
2019-03-13,RO,etanol,4.1700,1
2019-03-13,RO,gasolina,36.4400,8
2019-03-13,RR,diesel_s10,7.1400,2
2019-03-13,RR,etanol,7.1800,2
2019-03-13,RR,gasolina,11.6700,3
2019-03-13,RS,diesel_s10,168.9080,46
2019-03-13,RS,etanol,120.9340,29
2019-03-13,RS,gasolina,248.2110,54
2019-03-13,SC,diesel_s10,257.0050,72
2019-03-13,SC,etanol,206.1840,59
2019-03-13,SC,gasolina,320.1490,79
2019-03-13,SE,diesel_s10,48.8100,13
2019-03-13,SE,etanol,42.1700,12
2019-03-13,SE,gasolina,57.4680,13
2019-03-13,SP,diesel_s10,2168.8160,613
2019-03-13,SP,etanol,2251.2400,794
2019-03-13,SP,gasolina,3177.4650,778
2019-03-13,TO,diesel_s10,42.0440,12
2019-03-13,TO,etanol,45.1660,12
2019-03-13,TO,gasolina,52.6530,12
2019-03-14,AL,diesel_s10,55.8400,15
2019-03-14,AL,etanol,81.0640,24
2019-03-14,AL,gasolina,105.3160,24
2019-03-14,AM,gasolina,4.5200,1
2019-03-14,BA,diesel_s10,119.9150,33
2019-03-14,BA,etanol,183.5640,54
2019-03-14,BA,gasolina,247.2180,56
2019-03-14,CE,diesel_s10,3.7900,1
2019-03-14,CE,etanol,3.6900,1
2019-03-14,CE,gasolina,4.5500,1
2019-03-14,ES,diesel_s10,195.2370,54
2019-03-14,ES,etanol,189.0330,54
2019-03-14,ES,gasolina,302.6630,70
2019-03-14,GO,diesel_s10,86.2360,24
2019-03-14,GO,etanol,106.0850,37
2019-03-14,GO,gasolina,160.3910,37
2019-03-14,MA,diesel_s10,69.3250,19
2019-03-14,MA,etanol,25.3850,7
2019-03-14,MA,gasolina,85.5050,20
2019-03-14,MG,diesel_s10,202.5020,55
2019-03-14,MG,etanol,206.8560,67
2019-03-14,MG,gasolina,311.3860,66
2019-03-14,MS,diesel_s10,128.1220,35
2019-03-14,MS,etanol,137.7450,42
2019-03-14,MS,gasolina,167.0040,43
2019-03-14,MT,diesel_s10,4.0490,1
2019-03-14,MT,etanol,2.8990,1
2019-03-14,MT,gasolina,4.4900,1
2019-03-14,PA,diesel_s10,7.2800,2
2019-03-14,PA,etanol,7.1900,2
2019-03-14,PA,gasolina,8.5600,2
2019-03-14,PB,diesel_s10,3.4990,1
2019-03-14,PB,etanol,2.9790,1
2019-03-14,PB,gasolina,3.7990,1
2019-03-14,PE,diesel_s10,3.4490,1
2019-03-14,PE,etanol,3.2590,1
2019-03-14,PE,gasolina,4.0990,1
2019-03-14,PI,diesel_s10,3.6700,1
2019-03-14,PI,etanol,3.3900,1
2019-03-14,PI,gasolina,4.4800,1
2019-03-14,PR,diesel_s10,158.2860,47
2019-03-14,PR,etanol,166.4560,55
2019-03-14,PR,gasolina,228.4460,56
2019-03-14,RJ,diesel_s10,249.6200,66
2019-03-14,RJ,etanol,385.5000,99
2019-03-14,RJ,gasolina,475.8910,100
2019-03-14,RO,diesel_s10,104.0150,27
2019-03-14,RO,etanol,54.0930,14
2019-03-14,RO,gasolina,150.6000,34
2019-03-14,RS,diesel_s10,13.8590,4
2019-03-14,RS,etanol,11.9970,3
2019-03-14,RS,gasolina,26.1940,6
2019-03-14,SC,diesel_s10,7.1980,2
2019-03-14,SC,etanol,3.7490,1
2019-03-14,SC,gasolina,8.3980,2
2019-03-14,SP,diesel_s10,766.0600,214
2019-03-14,SP,etanol,770.0500,270
2019-03-14,SP,gasolina,1096.3990,265
2019-03-14,TO,diesel_s10,3.1500,1
2019-03-14,TO,etanol,3.4500,1
2019-03-14,TO,gasolina,3.9990,1
2019-03-18,AC,diesel_s10,9.6300,2
2019-03-18,AC,etanol,4.3900,1
2019-03-18,AC,gasolina,10.6700,2
2019-03-18,AM,diesel_s10,11.8600,3
2019-03-18,AM,gasolina,22.5800,5
2019-03-18,BA,diesel_s10,137.3400,37
2019-03-18,BA,etanol,139.2360,40
2019-03-18,BA,gasolina,177.9200,39
2019-03-18,CE,diesel_s10,121.5950,31
2019-03-18,CE,etanol,98.6880,27
2019-03-18,CE,gasolina,146.9960,32
2019-03-18,ES,diesel_s10,7.5800,2
2019-03-18,ES,etanol,3.8900,1
2019-03-18,ES,gasolina,8.8800,2
2019-03-18,GO,diesel_s10,127.9930,35
2019-03-18,GO,etanol,126.5460,43
2019-03-18,GO,gasolina,181.9010,42
2019-03-18,MA,diesel_s10,103.8390,28
2019-03-18,MA,etanol,70.9320,19
2019-03-18,MA,gasolina,141.8770,32
2019-03-18,MG,diesel_s10,607.1290,162
2019-03-18,MG,etanol,657.9970,205
2019-03-18,MG,gasolina,964.2920,204
2019-03-18,MS,diesel_s10,216.0710,58
2019-03-18,MS,etanol,220.4270,64
2019-03-18,MS,gasolina,270.7220,66
2019-03-18,MT,diesel_s10,39.4660,10
2019-03-18,MT,etanol,32.8960,12
2019-03-18,MT,gasolina,54.0660,12
2019-03-18,PA,diesel_s10,133.4930,35
2019-03-18,PA,etanol,35.5790,9
2019-03-18,PA,gasolina,191.5760,42
2019-03-18,PB,diesel_s10,21.6300,6
2019-03-18,PB,etanol,19.1900,6
2019-03-18,PB,gasolina,29.2450,7
2019-03-18,PE,diesel_s10,112.9590,31
2019-03-18,PE,etanol,96.8440,28
2019-03-18,PE,gasolina,146.5620,32
2019-03-18,PI,diesel_s10,59.0910,16
2019-03-18,PI,etanol,35.1030,10
2019-03-18,PI,gasolina,77.4610,17
2019-03-18,PR,diesel_s10,484.3650,140
2019-03-18,PR,etanol,563.1230,182
2019-03-18,PR,gasolina,752.1960,177
2019-03-18,RJ,diesel_s10,202.1470,55
2019-03-18,RJ,etanol,272.5820,71
2019-03-18,RJ,gasolina,353.4340,73
2019-03-18,RO,diesel_s10,124.1640,32
2019-03-18,RO,etanol,85.0970,22
2019-03-18,RO,gasolina,180.4580,40
2019-03-18,RS,diesel_s10,680.8440,192
2019-03-18,RS,etanol,425.2980,105
2019-03-18,RS,gasolina,1038.2210,234
2019-03-18,SC,diesel_s10,470.3610,135
2019-03-18,SC,etanol,339.6310,97
2019-03-18,SC,gasolina,594.2680,147
2019-03-18,SE,diesel_s10,14.1200,4
2019-03-18,SE,etanol,12.9680,4
2019-03-18,SE,gasolina,16.6500,4
2019-03-18,SP,diesel_s10,833.5240,237
2019-03-18,SP,etanol,981.4610,343
2019-03-18,SP,gasolina,1387.6020,339
2019-03-18,TO,diesel_s10,54.3640,15
2019-03-18,TO,etanol,52.2350,14
2019-03-18,TO,gasolina,71.8140,16
2019-03-19,AC,diesel_s10,38.5500,8
2019-03-19,AC,etanol,4.7000,1
2019-03-19,AC,gasolina,41.9800,8
2019-03-19,AL,diesel_s10,93.7750,25
2019-03-19,AL,etanol,90.0080,26
2019-03-19,AL,gasolina,118.6910,27
2019-03-19,AM,diesel_s10,39.7100,10
2019-03-19,AM,etanol,11.5500,3
2019-03-19,AM,gasolina,60.8130,14
2019-03-19,BA,diesel_s10,393.9000,106
2019-03-19,BA,etanol,434.2360,126
2019-03-19,BA,gasolina,593.4630,129
2019-03-19,CE,diesel_s10,623.5820,164
2019-03-19,CE,etanol,568.4460,155
2019-03-19,CE,gasolina,759.2110,166
2019-03-19,DF,diesel_s10,3.9290,1
2019-03-19,DF,etanol,6.3980,2
2019-03-19,DF,gasolina,8.4580,2
2019-03-19,ES,diesel_s10,129.6700,36
2019-03-19,ES,etanol,77.2100,21
2019-03-19,ES,gasolina,197.6200,44
2019-03-19,GO,diesel_s10,163.4190,44
2019-03-19,GO,etanol,151.2140,50
2019-03-19,GO,gasolina,207.5310,47
2019-03-19,MA,diesel_s10,76.7470,21
2019-03-19,MA,etanol,29.8070,8
2019-03-19,MA,gasolina,90.9290,21
2019-03-19,MG,diesel_s10,334.7120,90
2019-03-19,MG,etanol,344.2600,108
2019-03-19,MG,gasolina,500.4840,106
2019-03-19,MS,diesel_s10,73.1370,20
2019-03-19,MS,etanol,67.4850,20
2019-03-19,MS,gasolina,80.8200,20
2019-03-19,MT,diesel_s10,88.8050,21
2019-03-19,MT,etanol,67.7920,23
2019-03-19,MT,gasolina,102.5220,22
2019-03-19,PA,diesel_s10,159.5600,41
2019-03-19,PA,etanol,75.9050,20
2019-03-19,PA,gasolina,188.4660,42
2019-03-19,PB,diesel_s10,14.3570,4
2019-03-19,PB,etanol,14.7660,5
2019-03-19,PB,gasolina,20.1660,5
2019-03-19,PE,diesel_s10,50.6390,14
2019-03-19,PE,etanol,38.9690,12
2019-03-19,PE,gasolina,74.1440,17
2019-03-19,PI,diesel_s10,110.6660,30
2019-03-19,PI,etanol,97.9780,28
2019-03-19,PI,gasolina,150.9660,33
2019-03-19,PR,diesel_s10,137.8300,40
2019-03-19,PR,etanol,141.7600,47
2019-03-19,PR,gasolina,199.0190,47
2019-03-19,RJ,diesel_s10,120.6730,33
2019-03-19,RJ,etanol,167.3650,43
2019-03-19,RJ,gasolina,223.9850,46
2019-03-19,RN,diesel_s10,225.9920,60
2019-03-19,RN,etanol,210.3190,60
2019-03-19,RN,gasolina,273.2990,62
2019-03-19,RO,diesel_s10,81.7110,21
2019-03-19,RO,etanol,48.0040,12
2019-03-19,RO,gasolina,92.9850,21
2019-03-19,RS,diesel_s10,131.9660,37
2019-03-19,RS,etanol,97.3780,24
2019-03-19,RS,gasolina,193.2510,43
2019-03-19,SC,diesel_s10,81.6140,23
2019-03-19,SC,etanol,56.8740,16
2019-03-19,SC,gasolina,99.0710,24
2019-03-19,SE,diesel_s10,29.0690,8
2019-03-19,SE,etanol,6.9480,2
2019-03-19,SE,gasolina,33.9470,8
2019-03-19,SP,diesel_s10,504.0400,142
2019-03-19,SP,etanol,526.5490,184
2019-03-19,SP,gasolina,734.3840,180
2019-03-19,TO,diesel_s10,59.3710,16
2019-03-19,TO,etanol,55.9020,15
2019-03-19,TO,gasolina,76.8410,17
2019-03-20,AC,diesel_s10,123.0100,28
2019-03-20,AC,etanol,67.5200,17
2019-03-20,AC,gasolina,137.2400,29
2019-03-20,AL,diesel_s10,75.7790,20
2019-03-20,AL,etanol,100.1630,29
2019-03-20,AL,gasolina,132.5790,30
2019-03-20,AM,diesel_s10,124.2260,33
2019-03-20,AM,etanol,119.2940,36
2019-03-20,AM,gasolina,223.1630,54
2019-03-20,AP,diesel_s10,50.5200,11
2019-03-20,AP,gasolina,115.7380,29
2019-03-20,BA,diesel_s10,410.0160,114
2019-03-20,BA,etanol,571.5040,165
2019-03-20,BA,gasolina,744.3030,165
2019-03-20,CE,diesel_s10,76.1300,20
2019-03-20,CE,etanol,61.5540,17
2019-03-20,CE,gasolina,91.2760,20
2019-03-20,DF,diesel_s10,114.2340,30
2019-03-20,DF,etanol,138.1510,42
2019-03-20,DF,gasolina,187.7900,44
2019-03-20,ES,diesel_s10,78.0540,21
2019-03-20,ES,etanol,68.7830,19
2019-03-20,ES,gasolina,115.7640,26
2019-03-20,GO,diesel_s10,204.6350,55
2019-03-20,GO,etanol,234.2230,79
2019-03-20,GO,gasolina,348.0350,79
2019-03-20,MA,diesel_s10,246.0260,68
2019-03-20,MA,etanol,50.1780,14
2019-03-20,MA,gasolina,300.5370,70
2019-03-20,MG,diesel_s10,632.2330,170
2019-03-20,MG,etanol,711.6500,227
2019-03-20,MG,gasolina,1055.5830,227
2019-03-20,MT,diesel_s10,403.9860,103
2019-03-20,MT,etanol,321.1980,124
2019-03-20,MT,gasolina,548.4930,124
2019-03-20,PA,diesel_s10,136.2970,35
2019-03-20,PA,etanol,79.9120,21
2019-03-20,PA,gasolina,153.8290,34
2019-03-20,PB,diesel_s10,175.0600,49
2019-03-20,PB,etanol,154.8670,50
2019-03-20,PB,gasolina,200.8460,50
2019-03-20,PE,diesel_s10,468.9300,133
2019-03-20,PE,etanol,437.8580,135
2019-03-20,PE,gasolina,603.8450,144
2019-03-20,PI,diesel_s10,57.3230,15
2019-03-20,PI,etanol,27.6750,8
2019-03-20,PI,gasolina,73.2120,16
2019-03-20,PR,diesel_s10,361.1860,106
2019-03-20,PR,etanol,433.7220,144
2019-03-20,PR,gasolina,587.7340,142
2019-03-20,RJ,diesel_s10,866.6490,234
2019-03-20,RJ,etanol,1163.5160,297
2019-03-20,RJ,gasolina,1437.9200,299
2019-03-20,RO,diesel_s10,38.9500,10
2019-03-20,RO,etanol,13.1800,3
2019-03-20,RO,gasolina,46.3500,10
2019-03-20,RR,diesel_s10,47.9800,13
2019-03-20,RR,etanol,18.7700,5
2019-03-20,RR,gasolina,51.7700,13
2019-03-20,RS,diesel_s10,231.6160,63
2019-03-20,RS,etanol,167.0690,40
2019-03-20,RS,gasolina,388.5920,85
2019-03-20,SC,diesel_s10,248.1310,69
2019-03-20,SC,etanol,228.1640,64
2019-03-20,SC,gasolina,334.2550,82
2019-03-20,SE,diesel_s10,101.5410,27
2019-03-20,SE,etanol,93.7210,27
2019-03-20,SE,gasolina,132.5140,30
2019-03-20,SP,diesel_s10,3045.3030,856
2019-03-20,SP,etanol,3152.6430,1107
2019-03-20,SP,gasolina,4449.0230,1083
2019-03-20,TO,diesel_s10,42.0330,12
2019-03-20,TO,etanol,45.4450,12
2019-03-20,TO,gasolina,53.2150,12
2019-03-21,AL,diesel_s10,3.6590,1
2019-03-21,AL,etanol,3.3990,1
2019-03-21,AL,gasolina,4.2900,1
2019-03-21,BA,gasolina,4.6900,1
2019-03-21,DF,diesel_s10,3.7990,1
2019-03-21,DF,etanol,3.3990,1
2019-03-21,DF,gasolina,4.1990,1
2019-03-21,ES,diesel_s10,117.0530,33
2019-03-21,ES,etanol,117.3520,34
2019-03-21,ES,gasolina,190.6730,44
2019-03-21,GO,diesel_s10,145.4720,40
2019-03-21,GO,etanol,168.7380,60
2019-03-21,GO,gasolina,256.6940,60
2019-03-21,MA,diesel_s10,3.6990,1
2019-03-21,MA,etanol,3.5490,1
2019-03-21,MA,gasolina,4.1990,1
2019-03-21,MG,diesel_s10,136.9530,37
2019-03-21,MG,etanol,154.1080,51
2019-03-21,MG,gasolina,234.8530,51
2019-03-21,PB,diesel_s10,3.5990,1
2019-03-21,PB,etanol,2.9990,1
2019-03-21,PB,gasolina,3.7990,1
2019-03-21,PI,diesel_s10,7.3690,2
2019-03-21,PI,etanol,6.8890,2
2019-03-21,PI,gasolina,8.9390,2
2019-03-21,PR,diesel_s10,3.5300,1
2019-03-21,PR,etanol,2.9900,1
2019-03-21,PR,gasolina,4.1900,1
2019-03-21,RJ,diesel_s10,3.8290,1
2019-03-21,RJ,etanol,4.1290,1
2019-03-21,RJ,gasolina,4.8690,1
2019-03-21,SP,diesel_s10,64.3880,18
2019-03-21,SP,etanol,79.4950,29
2019-03-21,SP,gasolina,104.4720,25
2019-03-21,TO,diesel_s10,3.1500,1
2019-03-21,TO,etanol,3.4500,1
2019-03-21,TO,gasolina,3.9990,1
2019-03-25,AC,diesel_s10,48.0200,10
2019-03-25,AC,etanol,4.7000,1
2019-03-25,AC,gasolina,52.2700,10
2019-03-25,AM,diesel_s10,3.7500,1
2019-03-25,AM,etanol,3.2500,1
2019-03-25,AM,gasolina,8.4200,2
2019-03-25,AP,diesel_s10,41.6400,9
2019-03-25,AP,gasolina,96.1890,24
2019-03-25,BA,diesel_s10,240.1130,64
2019-03-25,BA,etanol,255.6150,73
2019-03-25,BA,gasolina,342.8420,74
2019-03-25,CE,diesel_s10,34.3980,9
2019-03-25,CE,etanol,36.5100,10
2019-03-25,CE,gasolina,49.5190,11
2019-03-25,DF,diesel_s10,114.7670,30
2019-03-25,DF,etanol,148.4930,45
2019-03-25,DF,gasolina,202.6930,47
2019-03-25,ES,diesel_s10,48.1900,13
2019-03-25,ES,etanol,26.0300,7
2019-03-25,ES,gasolina,73.0590,16
2019-03-25,GO,diesel_s10,153.6200,41
2019-03-25,GO,etanol,140.2060,46
2019-03-25,GO,gasolina,197.6510,44
2019-03-25,MA,diesel_s10,37.4490,10
2019-03-25,MA,etanol,26.9890,7
2019-03-25,MA,gasolina,49.0980,11
2019-03-25,MG,diesel_s10,784.1390,211
2019-03-25,MG,etanol,841.9840,263
2019-03-25,MG,gasolina,1234.2020,261
2019-03-25,MS,diesel_s10,110.7780,29
2019-03-25,MS,etanol,101.5080,28
2019-03-25,MS,gasolina,130.3430,30
2019-03-25,MT,diesel_s10,174.2720,43
2019-03-25,MT,etanol,134.5430,49
2019-03-25,MT,gasolina,223.0770,49
2019-03-25,PA,diesel_s10,111.6900,29
2019-03-25,PA,etanol,79.1300,21
2019-03-25,PA,gasolina,145.1640,32
2019-03-25,PB,diesel_s10,36.5840,10
2019-03-25,PB,etanol,34.4550,10
2019-03-25,PB,gasolina,47.2320,11
2019-03-25,PE,diesel_s10,36.3950,10
2019-03-25,PE,etanol,24.9680,7
2019-03-25,PE,gasolina,47.0640,10
2019-03-25,PI,diesel_s10,48.1220,13
2019-03-25,PI,etanol,27.7640,8
2019-03-25,PI,gasolina,64.0910,14
2019-03-25,PR,diesel_s10,389.2550,113
2019-03-25,PR,etanol,448.0170,144
2019-03-25,PR,gasolina,607.1380,143
2019-03-25,RJ,diesel_s10,375.3170,101
2019-03-25,RJ,etanol,505.9000,129
2019-03-25,RJ,gasolina,666.8320,136
2019-03-25,RS,diesel_s10,496.1010,138
2019-03-25,RS,etanol,361.9300,87
2019-03-25,RS,gasolina,810.7900,176
2019-03-25,SC,diesel_s10,648.4300,181
2019-03-25,SC,etanol,497.5760,138
2019-03-25,SC,gasolina,831.9200,200
2019-03-25,SP,diesel_s10,1241.1920,351
2019-03-25,SP,etanol,1384.6000,484
2019-03-25,SP,gasolina,1963.6940,478
2019-03-25,TO,diesel_s10,110.1200,30
2019-03-25,TO,etanol,99.3150,26
2019-03-25,TO,gasolina,137.3210,30
2019-03-26,AL,diesel_s10,84.6880,22
2019-03-26,AL,etanol,121.2340,35
2019-03-26,AL,gasolina,166.8570,37
2019-03-26,AM,diesel_s10,175.4570,45
2019-03-26,AM,etanol,133.0530,39
2019-03-26,AM,gasolina,312.0710,70
2019-03-26,BA,diesel_s10,288.6040,81
2019-03-26,BA,etanol,359.0620,105
2019-03-26,BA,gasolina,485.5160,107
2019-03-26,CE,diesel_s10,648.3620,171
2019-03-26,CE,etanol,580.4120,158
2019-03-26,CE,gasolina,812.4100,178
2019-03-26,ES,diesel_s10,21.9700,6
2019-03-26,ES,etanol,11.7900,3
2019-03-26,ES,gasolina,26.4800,6
2019-03-26,GO,diesel_s10,116.6570,31
2019-03-26,GO,etanol,123.1110,41
2019-03-26,GO,gasolina,178.5230,40
2019-03-26,MA,diesel_s10,162.3530,44
2019-03-26,MA,etanol,37.7450,10
2019-03-26,MA,gasolina,214.8060,49
2019-03-26,MG,diesel_s10,406.0400,108
2019-03-26,MG,etanol,431.2150,135
2019-03-26,MG,gasolina,646.6910,136
2019-03-26,MS,diesel_s10,52.8790,14
2019-03-26,MS,etanol,49.2080,14
2019-03-26,MS,gasolina,63.7270,15
2019-03-26,MT,diesel_s10,45.9110,11
2019-03-26,MT,etanol,34.2210,12
2019-03-26,MT,gasolina,56.0030,12
2019-03-26,PA,diesel_s10,149.9110,39
2019-03-26,PA,etanol,40.6390,10
2019-03-26,PA,gasolina,177.8310,39
2019-03-26,PB,diesel_s10,49.5870,14
2019-03-26,PB,etanol,46.0050,14
2019-03-26,PB,gasolina,58.4840,14
2019-03-26,PE,diesel_s10,252.6810,72
2019-03-26,PE,etanol,227.3670,68
2019-03-26,PE,gasolina,320.0470,75
2019-03-26,PI,diesel_s10,182.5390,49
2019-03-26,PI,etanol,140.6610,40
2019-03-26,PI,gasolina,248.1160,54
2019-03-26,PR,diesel_s10,301.7180,87
2019-03-26,PR,etanol,341.4790,111
2019-03-26,PR,gasolina,463.8190,108
2019-03-26,RJ,diesel_s10,430.2820,117
2019-03-26,RJ,etanol,548.1040,140
2019-03-26,RJ,gasolina,703.2340,146
2019-03-26,RN,diesel_s10,120.6090,32
2019-03-26,RN,etanol,111.5580,33
2019-03-26,RN,gasolina,157.9700,36
2019-03-26,RO,diesel_s10,85.5260,22
2019-03-26,RO,etanol,48.4830,12
2019-03-26,RO,gasolina,91.2220,20
2019-03-26,RR,diesel_s10,40.6690,11
2019-03-26,RR,etanol,7.4400,2
2019-03-26,RR,gasolina,43.7500,11
2019-03-26,RS,diesel_s10,159.1620,43
2019-03-26,RS,etanol,98.4680,23
2019-03-26,RS,gasolina,213.1770,45
2019-03-26,SC,diesel_s10,63.1720,18
2019-03-26,SC,etanol,43.4880,12
2019-03-26,SC,gasolina,82.8610,20
2019-03-26,SE,diesel_s10,58.9680,16
2019-03-26,SE,etanol,34.7400,10
2019-03-26,SE,gasolina,70.0060,16
2019-03-26,SP,diesel_s10,942.3090,266
2019-03-26,SP,etanol,956.5000,332
2019-03-26,SP,gasolina,1360.6550,330
2019-03-26,TO,diesel_s10,34.7570,10
2019-03-26,TO,etanol,31.7570,9
2019-03-26,TO,gasolina,45.0900,10
2019-03-27,AC,diesel_s10,123.2700,28
2019-03-27,AC,etanol,67.3400,17
2019-03-27,AC,gasolina,137.6800,29
2019-03-27,AL,diesel_s10,64.0280,17
2019-03-27,AL,etanol,63.3570,18
2019-03-27,AL,gasolina,91.8090,20
2019-03-27,AP,diesel_s10,8.9800,2
2019-03-27,AP,gasolina,15.7200,4
2019-03-27,BA,diesel_s10,410.5550,112
2019-03-27,BA,etanol,544.5070,156
2019-03-27,BA,gasolina,698.1080,152
2019-03-27,CE,diesel_s10,118.8330,31
2019-03-27,CE,etanol,113.4470,31
2019-03-27,CE,gasolina,145.7550,32
2019-03-27,ES,diesel_s10,67.6700,19
2019-03-27,ES,etanol,50.8300,14
2019-03-27,ES,gasolina,108.0400,24
2019-03-27,GO,diesel_s10,366.0690,100
2019-03-27,GO,etanol,405.1910,143
2019-03-27,GO,gasolina,610.1250,142
2019-03-27,MA,diesel_s10,205.2450,56
2019-03-27,MA,etanol,98.1170,27
2019-03-27,MA,gasolina,262.3840,61
2019-03-27,MG,diesel_s10,371.4020,100
2019-03-27,MG,etanol,407.9740,132
2019-03-27,MG,gasolina,608.6150,132
2019-03-27,MS,diesel_s10,7.5580,2
2019-03-27,MS,etanol,6.6980,2
2019-03-27,MS,gasolina,7.9980,2
2019-03-27,MT,diesel_s10,302.6090,77
2019-03-27,MT,etanol,260.1710,99
2019-03-27,MT,gasolina,429.1630,97
2019-03-27,PA,diesel_s10,161.1440,41
2019-03-27,PA,etanol,75.6480,20
2019-03-27,PA,gasolina,192.7800,42
2019-03-27,PB,diesel_s10,118.5620,33
2019-03-27,PB,etanol,114.2170,37
2019-03-27,PB,gasolina,147.3000,37
2019-03-27,PE,diesel_s10,235.5930,66
2019-03-27,PE,etanol,221.5750,67
2019-03-27,PE,gasolina,335.2150,77
2019-03-27,PR,diesel_s10,264.1320,77
2019-03-27,PR,etanol,346.7900,113
2019-03-27,PR,gasolina,477.8100,113
2019-03-27,RJ,diesel_s10,257.0310,70
2019-03-27,RJ,etanol,404.7330,105
2019-03-27,RJ,gasolina,505.9680,106
2019-03-27,RN,diesel_s10,7.4800,2
2019-03-27,RN,etanol,7.0790,2
2019-03-27,RN,gasolina,8.9000,2
2019-03-27,RO,diesel_s10,166.4730,43
2019-03-27,RO,etanol,89.4370,23
2019-03-27,RO,gasolina,230.4990,51
2019-03-27,RR,diesel_s10,7.2600,2
2019-03-27,RR,etanol,3.5900,1
2019-03-27,RR,gasolina,7.9600,2
2019-03-27,RS,diesel_s10,409.9830,116
2019-03-27,RS,etanol,247.3640,61
2019-03-27,RS,gasolina,615.3630,135
2019-03-27,SC,diesel_s10,109.9920,31
2019-03-27,SC,etanol,77.6150,22
2019-03-27,SC,gasolina,130.3620,32
2019-03-27,SE,diesel_s10,97.2030,26
2019-03-27,SE,etanol,80.4300,23
2019-03-27,SE,gasolina,114.6880,26
2019-03-27,SP,diesel_s10,1504.8220,423
2019-03-27,SP,etanol,1617.3040,570
2019-03-27,SP,gasolina,2319.2010,557
2019-03-27,TO,diesel_s10,16.9900,5
2019-03-27,TO,etanol,17.9700,5
2019-03-27,TO,gasolina,25.6400,6
2019-03-28,AM,diesel_s10,3.8900,1
2019-03-28,AM,gasolina,4.4800,1
2019-03-28,BA,diesel_s10,7.1090,2
2019-03-28,BA,etanol,6.7500,2
2019-03-28,BA,gasolina,4.5600,1
2019-03-28,ES,diesel_s10,192.3770,53
2019-03-28,ES,etanol,189.5460,54
2019-03-28,ES,gasolina,307.4260,70
2019-03-28,GO,diesel_s10,3.4900,1
2019-03-28,GO,etanol,5.3890,2
2019-03-28,GO,gasolina,8.3890,2
2019-03-28,MA,diesel_s10,7.4980,2
2019-03-28,MA,gasolina,8.5980,2
2019-03-28,MG,diesel_s10,170.5110,46
2019-03-28,MG,etanol,173.1900,57
2019-03-28,MG,gasolina,266.0700,57
2019-03-28,MS,diesel_s10,86.7330,24
2019-03-28,MS,etanol,132.2690,40
2019-03-28,MS,gasolina,161.8770,41
2019-03-28,PA,diesel_s10,11.7300,3
2019-03-28,PA,etanol,3.9400,1
2019-03-28,PA,gasolina,14.2600,3
2019-03-28,PE,diesel_s10,97.1330,27
2019-03-28,PE,etanol,101.1990,31
2019-03-28,PE,gasolina,131.3370,31
2019-03-28,PR,diesel_s10,13.5880,4
2019-03-28,PR,etanol,17.9960,6
2019-03-28,PR,gasolina,24.1960,6
2019-03-28,RJ,diesel_s10,94.7880,26
2019-03-28,RJ,etanol,122.9570,32
2019-03-28,RJ,gasolina,152.5450,32
2019-03-28,RN,diesel_s10,75.3180,20
2019-03-28,RN,etanol,86.7370,25
2019-03-28,RN,gasolina,106.3680,24
2019-03-28,RS,diesel_s10,21.7140,6
2019-03-28,RS,etanol,3.7990,1
2019-03-28,RS,gasolina,27.6810,6
2019-03-28,SC,diesel_s10,3.5250,1
2019-03-28,SC,etanol,3.5950,1
2019-03-28,SC,gasolina,3.9900,1
2019-03-28,SP,diesel_s10,751.2820,210
2019-03-28,SP,etanol,788.3120,279
2019-03-28,SP,gasolina,1131.3840,272
2019-04-01,AC,diesel_s10,48.0200,10
2019-04-01,AC,etanol,4.7000,1
2019-04-01,AC,gasolina,52.2700,10
2019-04-01,AM,diesel_s10,37.1900,9
2019-04-01,AM,etanol,11.9300,3
2019-04-01,AM,gasolina,73.3800,16
2019-04-01,BA,diesel_s10,247.4410,66
2019-04-01,BA,etanol,255.4830,73
2019-04-01,BA,gasolina,348.0420,75
2019-04-01,CE,diesel_s10,99.8500,26
2019-04-01,CE,etanol,91.8750,25
2019-04-01,CE,gasolina,131.7330,29
2019-04-01,DF,diesel_s10,23.2230,6
2019-04-01,DF,etanol,29.9310,9
2019-04-01,DF,gasolina,39.4310,9
2019-04-01,ES,diesel_s10,51.7800,14
2019-04-01,ES,etanol,26.2300,7
2019-04-01,ES,gasolina,77.4700,17
2019-04-01,GO,diesel_s10,153.3510,41
2019-04-01,GO,etanol,142.5270,47
2019-04-01,GO,gasolina,202.2810,45
2019-04-01,MA,diesel_s10,44.9470,12
2019-04-01,MA,etanol,27.2690,7
2019-04-01,MA,gasolina,57.8660,13
2019-04-01,MG,diesel_s10,944.0430,254
2019-04-01,MG,etanol,1036.5490,328
2019-04-01,MG,gasolina,1525.3990,325
2019-04-01,MS,diesel_s10,106.8080,28
2019-04-01,MS,etanol,104.8270,29
2019-04-01,MS,gasolina,130.4030,30
2019-04-01,MT,diesel_s10,132.3770,32
2019-04-01,MT,etanol,105.8250,37
2019-04-01,MT,gasolina,170.5870,37
2019-04-01,PA,diesel_s10,124.1980,32
2019-04-01,PA,etanol,79.4200,21
2019-04-01,PA,gasolina,168.3540,37
2019-04-01,PB,diesel_s10,36.6250,10
2019-04-01,PB,etanol,37.4450,11
2019-04-01,PB,gasolina,51.5120,12
2019-04-01,PE,diesel_s10,39.9940,11
2019-04-01,PE,etanol,25.0680,7
2019-04-01,PE,gasolina,51.5530,11
2019-04-01,PI,diesel_s10,44.6130,12
2019-04-01,PI,etanol,24.4750,7
2019-04-01,PI,gasolina,59.4720,13
2019-04-01,PR,diesel_s10,643.9140,188
2019-04-01,PR,etanol,713.2560,235
2019-04-01,PR,gasolina,979.8880,233
2019-04-01,RJ,diesel_s10,421.4100,114
2019-04-01,RJ,etanol,552.7660,142
2019-04-01,RJ,gasolina,720.7080,147
2019-04-01,RN,diesel_s10,15.0900,4
2019-04-01,RN,etanol,13.7200,4
2019-04-01,RN,gasolina,13.3200,3
2019-04-01,RO,diesel_s10,85.1770,22
2019-04-01,RO,etanol,63.8920,17
2019-04-01,RO,gasolina,136.0220,30
2019-04-01,RS,diesel_s10,419.0430,117
2019-04-01,RS,etanol,300.0110,72
2019-04-01,RS,gasolina,673.5520,146
2019-04-01,SC,diesel_s10,537.2070,151
2019-04-01,SC,etanol,401.7910,112
2019-04-01,SC,gasolina,697.5420,168
2019-04-01,SE,diesel_s10,3.4600,1
2019-04-01,SE,etanol,3.3000,1
2019-04-01,SE,gasolina,4.3300,1
2019-04-01,SP,diesel_s10,1358.4500,384
2019-04-01,SP,etanol,1460.2620,516
2019-04-01,SP,gasolina,2091.1470,509
2019-04-01,TO,diesel_s10,110.1390,30
2019-04-01,TO,etanol,98.5550,26
2019-04-01,TO,gasolina,137.1420,30
2019-04-02,AL,diesel_s10,51.5760,13
2019-04-02,AL,etanol,50.3720,14
2019-04-02,AL,gasolina,65.2210,14
2019-04-02,AM,diesel_s10,136.7150,36
2019-04-02,AM,etanol,116.5550,35
2019-04-02,AM,gasolina,244.8050,55
2019-04-02,BA,diesel_s10,295.7240,83
2019-04-02,BA,etanol,351.1100,103
2019-04-02,BA,gasolina,479.5100,106
2019-04-02,CE,diesel_s10,663.6930,175
2019-04-02,CE,etanol,588.7850,161
2019-04-02,CE,gasolina,832.6170,182
2019-04-02,DF,diesel_s10,99.5320,26
2019-04-02,DF,etanol,118.7240,36
2019-04-02,DF,gasolina,165.0510,38
2019-04-02,ES,diesel_s10,21.9700,6
2019-04-02,ES,etanol,11.7900,3
2019-04-02,ES,gasolina,26.4800,6
2019-04-02,GO,diesel_s10,94.6490,25
2019-04-02,GO,etanol,101.1170,33
2019-04-02,GO,gasolina,145.1580,32
2019-04-02,MA,diesel_s10,88.9800,24
2019-04-02,MA,etanol,37.7540,10
2019-04-02,MA,gasolina,120.5070,27
2019-04-02,MG,diesel_s10,386.4370,103
2019-04-02,MG,etanol,401.8660,127
2019-04-02,MG,gasolina,607.8590,128
2019-04-02,MS,diesel_s10,52.8790,14
2019-04-02,MS,etanol,49.2080,14
2019-04-02,MS,gasolina,63.9270,15
2019-04-02,MT,diesel_s10,42.2120,10
2019-04-02,MT,etanol,29.2730,10
2019-04-02,MT,gasolina,47.2730,10
2019-04-02,PA,diesel_s10,137.8480,36
2019-04-02,PA,etanol,40.6390,10
2019-04-02,PA,gasolina,164.1590,36
2019-04-02,PB,diesel_s10,53.1860,15
2019-04-02,PB,etanol,52.2940,16
2019-04-02,PB,gasolina,66.3820,16
2019-04-02,PE,diesel_s10,313.2310,89
2019-04-02,PE,etanol,286.0240,86
2019-04-02,PE,gasolina,395.7970,93
2019-04-02,PI,diesel_s10,105.0400,28
2019-04-02,PI,etanol,70.5910,20
2019-04-02,PI,gasolina,142.3870,31
2019-04-02,PR,diesel_s10,228.3930,66
2019-04-02,PR,etanol,257.2650,83
2019-04-02,PR,gasolina,348.8850,81
2019-04-02,RJ,diesel_s10,547.7710,147
2019-04-02,RJ,etanol,740.5800,189
2019-04-02,RJ,gasolina,924.2500,192
2019-04-02,RN,diesel_s10,220.1480,58
2019-04-02,RN,etanol,197.9590,57
2019-04-02,RN,gasolina,265.2300,60
2019-04-02,RO,diesel_s10,77.8050,20
2019-04-02,RO,etanol,44.0830,11
2019-04-02,RO,gasolina,77.2720,17
2019-04-02,RR,diesel_s10,47.7900,13
2019-04-02,RR,etanol,7.3400,2
2019-04-02,RR,gasolina,51.7400,13
2019-04-02,RS,diesel_s10,134.2700,36
2019-04-02,RS,etanol,110.9960,26
2019-04-02,RS,gasolina,181.0220,38
2019-04-02,SC,diesel_s10,44.5770,13
2019-04-02,SC,etanol,28.3920,8
2019-04-02,SC,gasolina,61.6550,15
2019-04-02,SE,diesel_s10,59.0180,16
2019-04-02,SE,etanol,34.7400,10
2019-04-02,SE,gasolina,70.1560,16
2019-04-02,SP,diesel_s10,1100.9470,311
2019-04-02,SP,etanol,1095.3500,389
2019-04-02,SP,gasolina,1598.4140,387
2019-04-02,TO,diesel_s10,28.5480,8
2019-04-02,TO,etanol,30.0390,8
2019-04-02,TO,gasolina,36.0290,8
2019-04-03,AC,diesel_s10,118.8200,27
2019-04-03,AC,etanol,67.3400,17
2019-04-03,AC,gasolina,133.2200,28
2019-04-03,AL,diesel_s10,64.0490,17
2019-04-03,AL,etanol,63.4170,18
2019-04-03,AL,gasolina,91.8090,20
2019-04-03,AM,diesel_s10,3.7900,1
2019-04-03,AM,etanol,3.2990,1
2019-04-03,AM,gasolina,8.9710,2
2019-04-03,AP,diesel_s10,55.6100,12
2019-04-03,AP,gasolina,109.0600,28
2019-04-03,BA,diesel_s10,221.7850,60
2019-04-03,BA,etanol,245.0550,70
2019-04-03,BA,gasolina,306.2200,66
2019-04-03,CE,diesel_s10,35.0700,9
2019-04-03,CE,etanol,33.1400,9
2019-04-03,CE,gasolina,45.4080,10
2019-04-03,ES,diesel_s10,64.2300,18
2019-04-03,ES,etanol,47.0400,13
2019-04-03,ES,gasolina,103.9600,23
2019-04-03,GO,diesel_s10,388.6500,107
2019-04-03,GO,etanol,413.8910,150
2019-04-03,GO,gasolina,634.4730,149
2019-04-03,MA,diesel_s10,292.8510,80
2019-04-03,MA,etanol,83.9110,23
2019-04-03,MA,gasolina,355.9140,83
2019-04-03,MG,diesel_s10,167.3840,45
2019-04-03,MG,etanol,177.1870,57
2019-04-03,MG,gasolina,267.8820,57
2019-04-03,MS,diesel_s10,131.0160,36
2019-04-03,MS,etanol,139.2530,42
2019-04-03,MS,gasolina,171.1500,43
2019-04-03,MT,diesel_s10,326.6780,84
2019-04-03,MT,etanol,290.4380,113
2019-04-03,MT,gasolina,493.1330,112
2019-04-03,PA,diesel_s10,154.4330,39
2019-04-03,PA,etanol,64.6400,17
2019-04-03,PA,gasolina,182.0760,40
2019-04-03,PB,diesel_s10,115.4090,32
2019-04-03,PB,etanol,106.5410,34
2019-04-03,PB,gasolina,136.9940,34
2019-04-03,PE,diesel_s10,250.3830,70
2019-04-03,PE,etanol,245.1230,74
2019-04-03,PE,gasolina,365.0310,84
2019-04-03,PI,diesel_s10,81.3500,22
2019-04-03,PI,etanol,69.9820,20
2019-04-03,PI,gasolina,105.9160,23
2019-04-03,PR,diesel_s10,118.6050,34
2019-04-03,PR,etanol,153.7240,50
2019-04-03,PR,gasolina,216.4350,50
2019-04-03,RJ,diesel_s10,112.6770,31
2019-04-03,RJ,etanol,153.0520,40
2019-04-03,RJ,gasolina,187.1250,39
2019-04-03,RO,diesel_s10,84.4590,22
2019-04-03,RO,etanol,36.9940,9
2019-04-03,RO,gasolina,108.7570,24
2019-04-03,RS,diesel_s10,487.8550,137
2019-04-03,RS,etanol,341.7470,84
2019-04-03,RS,gasolina,766.2070,167
2019-04-03,SC,diesel_s10,233.4890,64
2019-04-03,SC,etanol,158.3730,44
2019-04-03,SC,gasolina,286.9540,69
2019-04-03,SE,diesel_s10,81.4480,22
2019-04-03,SE,etanol,83.7430,24
2019-04-03,SE,gasolina,109.3420,25
2019-04-03,SP,diesel_s10,1261.6350,357
2019-04-03,SP,etanol,1320.0320,476
2019-04-03,SP,gasolina,1910.2030,463
2019-04-03,TO,diesel_s10,23.8490,7
2019-04-03,TO,etanol,25.3590,7
2019-04-03,TO,gasolina,34.4190,8
2019-04-04,AC,diesel_s10,4.4500,1
2019-04-04,AC,gasolina,4.7500,1
2019-04-04,AL,diesel_s10,37.3650,10
2019-04-04,AL,etanol,77.1840,22
2019-04-04,AL,gasolina,97.3890,22
2019-04-04,BA,diesel_s10,216.9120,60
2019-04-04,BA,etanol,296.2410,86
2019-04-04,BA,gasolina,390.9360,87
2019-04-04,ES,diesel_s10,196.1180,54
2019-04-04,ES,etanol,179.4600,51
2019-04-04,ES,gasolina,308.1470,70
2019-04-04,GO,diesel_s10,7.1890,2
2019-04-04,GO,etanol,8.0880,3
2019-04-04,GO,gasolina,12.4880,3
2019-04-04,MG,diesel_s10,203.6520,55
2019-04-04,MG,etanol,232.3870,76
2019-04-04,MG,gasolina,359.4430,76
2019-04-04,PA,diesel_s10,11.7300,3
2019-04-04,PA,etanol,3.9400,1
2019-04-04,PA,gasolina,14.2600,3
2019-04-04,PE,diesel_s10,10.9970,3
2019-04-04,PE,etanol,16.3850,5
2019-04-04,PE,gasolina,21.2440,5
2019-04-04,PI,etanol,3.4990,1
2019-04-04,PI,gasolina,4.5990,1
2019-04-04,PR,diesel_s10,18.1500,5
2019-04-04,PR,etanol,16.4500,5
2019-04-04,PR,gasolina,21.9500,5
2019-04-04,RJ,diesel_s10,117.0660,32
2019-04-04,RJ,etanol,152.0180,40
2019-04-04,RJ,gasolina,190.2180,40
2019-04-04,RS,diesel_s10,32.0650,9
2019-04-04,RS,etanol,8.0980,2
2019-04-04,RS,gasolina,46.1300,10
2019-04-04,SC,diesel_s10,3.5250,1
2019-04-04,SC,etanol,3.5950,1
2019-04-04,SC,gasolina,3.9900,1
2019-04-04,SP,diesel_s10,790.2470,220
2019-04-04,SP,etanol,794.6220,284
2019-04-04,SP,gasolina,1156.3130,277
2019-04-08,AC,diesel_s10,48.1500,10
2019-04-08,AC,etanol,4.7000,1
2019-04-08,AC,gasolina,52.2900,10
2019-04-08,AL,diesel_s10,11.6470,3
2019-04-08,AL,etanol,10.9180,3
2019-04-08,AL,gasolina,13.9790,3
2019-04-08,AM,diesel_s10,24.9980,6
2019-04-08,AM,etanol,3.3900,1
2019-04-08,AM,gasolina,73.2850,15
2019-04-08,AP,diesel_s10,51.4200,11
2019-04-08,AP,gasolina,112.3900,28
2019-04-08,BA,diesel_s10,83.1150,23
2019-04-08,BA,etanol,82.3460,24
2019-04-08,BA,gasolina,119.9550,26
2019-04-08,CE,diesel_s10,11.7500,3
2019-04-08,CE,etanol,11.4300,3
2019-04-08,CE,gasolina,14.0700,3
2019-04-08,ES,diesel_s10,39.9900,11
2019-04-08,ES,etanol,32.9500,9
2019-04-08,ES,gasolina,59.5800,13
2019-04-08,GO,diesel_s10,175.2680,47
2019-04-08,GO,etanol,162.7310,54
2019-04-08,GO,gasolina,238.9270,53
2019-04-08,MG,diesel_s10,507.8520,137
2019-04-08,MG,etanol,544.7950,173
2019-04-08,MG,gasolina,815.5390,171
2019-04-08,MS,diesel_s10,121.5540,32
2019-04-08,MS,etanol,111.5540,31
2019-04-08,MS,gasolina,148.4780,34
2019-04-08,MT,diesel_s10,85.1960,20
2019-04-08,MT,etanol,60.7210,21
2019-04-08,MT,gasolina,101.6110,21
2019-04-08,PA,diesel_s10,63.2970,16
2019-04-08,PA,etanol,36.4650,10
2019-04-08,PA,gasolina,82.1620,18
2019-04-08,PE,diesel_s10,32.5550,9
2019-04-08,PE,etanol,21.9680,6
2019-04-08,PE,gasolina,43.6110,9
2019-04-08,PI,diesel_s10,65.9820,17
2019-04-08,PI,etanol,35.3210,10
2019-04-08,PI,gasolina,94.1680,20
2019-04-08,PR,diesel_s10,480.4640,140
2019-04-08,PR,etanol,550.9510,182
2019-04-08,PR,gasolina,758.4730,179
2019-04-08,RJ,diesel_s10,193.4710,53
2019-04-08,RJ,etanol,271.1920,70
2019-04-08,RJ,gasolina,349.4070,71
2019-04-08,RN,diesel_s10,65.0470,17
2019-04-08,RN,etanol,58.2280,16
2019-04-08,RN,gasolina,76.1510,17
2019-04-08,RO,diesel_s10,96.9450,25
2019-04-08,RO,etanol,66.0790,17
2019-04-08,RO,gasolina,138.4270,30
2019-04-08,RS,diesel_s10,796.6350,223
2019-04-08,RS,etanol,539.1970,131
2019-04-08,RS,gasolina,1278.5090,276
2019-04-08,SC,diesel_s10,448.2550,127
2019-04-08,SC,etanol,309.2740,87
2019-04-08,SC,gasolina,577.1210,140
2019-04-08,SE,diesel_s10,58.9970,16
2019-04-08,SE,etanol,31.5910,9
2019-04-08,SE,gasolina,71.5740,16
2019-04-08,SP,diesel_s10,1020.3200,288
2019-04-08,SP,etanol,1059.9760,380
2019-04-08,SP,gasolina,1561.2140,377
2019-04-08,TO,diesel_s10,109.2670,30
2019-04-08,TO,etanol,99.3850,26
2019-04-08,TO,gasolina,137.6120,30
2019-04-09,AC,diesel_s10,118.8900,27
2019-04-09,AC,etanol,71.2100,18
2019-04-09,AC,gasolina,138.7900,29
2019-04-09,AL,diesel_s10,28.4690,7
2019-04-09,AL,etanol,22.2870,6
2019-04-09,AL,gasolina,34.4790,7
2019-04-09,AM,diesel_s10,82.3190,22
2019-04-09,AM,etanol,102.8590,31
2019-04-09,AM,gasolina,195.0310,46
2019-04-09,BA,diesel_s10,341.8250,92
2019-04-09,BA,etanol,385.6070,111
2019-04-09,BA,gasolina,529.4530,114
2019-04-09,CE,diesel_s10,664.5060,173
2019-04-09,CE,etanol,601.1860,163
2019-04-09,CE,gasolina,791.9530,172
2019-04-09,ES,diesel_s10,83.0800,23
2019-04-09,ES,etanol,43.8700,12
2019-04-09,ES,gasolina,120.8300,26
2019-04-09,GO,diesel_s10,170.3520,46
2019-04-09,GO,etanol,144.9500,49
2019-04-09,GO,gasolina,209.1070,47
2019-04-09,MA,diesel_s10,125.3120,34
2019-04-09,MA,etanol,67.7300,18
2019-04-09,MA,gasolina,157.0630,35
2019-04-09,MG,diesel_s10,675.5750,181
2019-04-09,MG,etanol,715.8710,230
2019-04-09,MG,gasolina,1084.6680,228
2019-04-09,MS,diesel_s10,38.1420,10
2019-04-09,MS,etanol,39.8420,11
2019-04-09,MS,gasolina,48.8130,11
2019-04-09,MT,diesel_s10,31.4070,8
2019-04-09,MT,etanol,26.5770,10
2019-04-09,MT,gasolina,45.2660,10
2019-04-09,PA,diesel_s10,251.1790,64
2019-04-09,PA,etanol,112.3530,29
2019-04-09,PA,gasolina,317.1910,68
2019-04-09,PB,diesel_s10,212.9550,59
2019-04-09,PB,etanol,191.5350,59
2019-04-09,PB,gasolina,259.9130,62
2019-04-09,PE,diesel_s10,231.9750,66
2019-04-09,PE,etanol,201.5870,59
2019-04-09,PE,gasolina,304.4300,69
2019-04-09,PI,diesel_s10,151.2060,41
2019-04-09,PI,etanol,112.4020,32
2019-04-09,PI,gasolina,202.0870,43
2019-04-09,PR,diesel_s10,484.4710,141
2019-04-09,PR,etanol,566.0280,190
2019-04-09,PR,gasolina,796.6190,186
2019-04-09,RJ,diesel_s10,164.3000,45
2019-04-09,RJ,etanol,225.6040,60
2019-04-09,RJ,gasolina,310.7310,64
2019-04-09,RN,diesel_s10,64.3080,17
2019-04-09,RN,etanol,60.5960,17
2019-04-09,RN,gasolina,75.0280,17
2019-04-09,RO,diesel_s10,92.9220,24
2019-04-09,RO,etanol,46.8450,12
2019-04-09,RO,gasolina,125.5620,27
2019-04-09,RR,diesel_s10,29.7400,8
2019-04-09,RR,etanol,7.4900,2
2019-04-09,RR,gasolina,33.9800,8
2019-04-09,RS,diesel_s10,157.6870,43
2019-04-09,RS,etanol,113.3430,27
2019-04-09,RS,gasolina,233.4550,50
2019-04-09,SC,diesel_s10,242.5290,66
2019-04-09,SC,etanol,245.1340,66
2019-04-09,SC,gasolina,341.4010,79
2019-04-09,SE,diesel_s10,17.7800,5
2019-04-09,SE,etanol,13.3590,4
2019-04-09,SE,gasolina,20.8990,5
2019-04-09,SP,diesel_s10,912.7600,259
2019-04-09,SP,etanol,913.1960,331
2019-04-09,SP,gasolina,1356.5830,327
2019-04-09,TO,diesel_s10,52.4490,15
2019-04-09,TO,etanol,54.3160,15
2019-04-09,TO,gasolina,71.3080,16
2019-04-10,AL,diesel_s10,146.9060,39
2019-04-10,AL,etanol,163.1240,46
2019-04-10,AL,gasolina,214.0640,47
2019-04-10,AM,diesel_s10,28.4800,7
2019-04-10,AM,etanol,15.7200,4
2019-04-10,AM,gasolina,54.1600,12
2019-04-10,BA,diesel_s10,535.1880,148
2019-04-10,BA,etanol,668.6080,196
2019-04-10,BA,gasolina,866.6310,193
2019-04-10,CE,diesel_s10,150.1230,39
2019-04-10,CE,etanol,125.7670,34
2019-04-10,CE,gasolina,193.4380,42
2019-04-10,DF,diesel_s10,3.9990,1
2019-04-10,DF,etanol,6.4880,2
2019-04-10,DF,gasolina,8.9280,2
2019-04-10,ES,diesel_s10,21.9300,6
2019-04-10,ES,etanol,7.9000,2
2019-04-10,ES,gasolina,31.1600,7
2019-04-10,GO,diesel_s10,316.2060,86
2019-04-10,GO,etanol,383.1250,130
2019-04-10,GO,gasolina,586.8750,129
2019-04-10,MA,diesel_s10,291.6380,79
2019-04-10,MA,etanol,80.9550,22
2019-04-10,MA,gasolina,377.4050,87
2019-04-10,MG,diesel_s10,320.8900,86
2019-04-10,MG,etanol,341.4650,113
2019-04-10,MG,gasolina,525.4960,114
2019-04-10,MS,diesel_s10,32.4460,9
2019-04-10,MS,etanol,39.5380,12
2019-04-10,MS,gasolina,48.0240,12
2019-04-10,MT,diesel_s10,343.3860,87
2019-04-10,MT,etanol,282.0320,109
2019-04-10,MT,gasolina,478.9140,108
2019-04-10,PA,diesel_s10,94.9090,25
2019-04-10,PA,etanol,24.0400,6
2019-04-10,PA,gasolina,119.1900,26
2019-04-10,PE,diesel_s10,361.3760,101
2019-04-10,PE,etanol,371.8250,111
2019-04-10,PE,gasolina,495.1010,114
2019-04-10,PI,diesel_s10,14.7140,4
2019-04-10,PI,etanol,17.4830,5
2019-04-10,PI,gasolina,24.0620,5
2019-04-10,PR,diesel_s10,3.3590,1
2019-04-10,PR,etanol,3.0990,1
2019-04-10,PR,gasolina,4.0990,1
2019-04-10,RJ,diesel_s10,714.9280,193
2019-04-10,RJ,etanol,917.3330,238
2019-04-10,RJ,gasolina,1157.4230,239
2019-04-10,RN,diesel_s10,99.0920,26
2019-04-10,RN,etanol,100.5440,28
2019-04-10,RN,gasolina,125.5020,28
2019-04-10,RO,diesel_s10,30.9200,8
2019-04-10,RO,etanol,8.4600,2
2019-04-10,RO,gasolina,37.6200,8
2019-04-10,RR,diesel_s10,18.3690,5
2019-04-10,RR,gasolina,21.3190,5
2019-04-10,RS,diesel_s10,69.2680,19
2019-04-10,RS,etanol,45.8730,11
2019-04-10,RS,gasolina,105.5310,22
2019-04-10,SC,diesel_s10,112.4460,32
2019-04-10,SC,etanol,84.6690,24
2019-04-10,SC,gasolina,142.2210,34
2019-04-10,SP,diesel_s10,2056.6270,578
2019-04-10,SP,etanol,1998.8270,728
2019-04-10,SP,gasolina,2957.4640,710
2019-04-11,CE,diesel_s10,3.6990,1
2019-04-11,CE,etanol,3.5900,1
2019-04-11,CE,gasolina,4.5900,1
2019-04-11,DF,diesel_s10,123.2920,32
2019-04-11,DF,etanol,142.2130,43
2019-04-11,DF,gasolina,196.4100,45
2019-04-11,ES,diesel_s10,206.8080,57
2019-04-11,ES,etanol,174.8470,49
2019-04-11,ES,gasolina,310.1880,70
2019-04-11,MG,diesel_s10,230.0500,62
2019-04-11,MG,etanol,221.4970,75
2019-04-11,MG,gasolina,353.1270,75
2019-04-11,MS,diesel_s10,91.0600,25
2019-04-11,MS,etanol,102.3620,31
2019-04-11,MS,gasolina,125.5670,31
2019-04-11,MT,diesel_s10,57.5350,15
2019-04-11,MT,etanol,49.2980,20
2019-04-11,MT,gasolina,87.4860,20
2019-04-11,PR,diesel_s10,10.1190,3
2019-04-11,PR,etanol,8.9880,3
2019-04-11,PR,gasolina,12.6880,3
2019-04-11,RJ,diesel_s10,155.0840,42
2019-04-11,RJ,etanol,171.7340,45
2019-04-11,RJ,gasolina,221.9840,46
2019-04-11,RS,diesel_s10,47.5620,13
2019-04-11,RS,etanol,16.3280,4
2019-04-11,RS,gasolina,58.6920,13
2019-04-11,SE,diesel_s10,68.9650,18
2019-04-11,SE,etanol,68.0150,19
2019-04-11,SE,gasolina,94.8710,21
2019-04-11,SP,diesel_s10,626.6830,176
2019-04-11,SP,etanol,618.6020,222
2019-04-11,SP,gasolina,914.3710,215
2019-04-15,AC,diesel_s10,38.5500,8
2019-04-15,AC,gasolina,41.8100,8
2019-04-15,AL,diesel_s10,11.6470,3
2019-04-15,AL,etanol,10.9180,3
2019-04-15,AL,gasolina,13.9790,3
2019-04-15,AM,diesel_s10,16.9990,4
2019-04-15,AM,gasolina,49.5280,10
2019-04-15,AP,diesel_s10,9.1900,2
2019-04-15,AP,gasolina,16.6100,4
2019-04-15,BA,diesel_s10,83.4840,23
2019-04-15,BA,etanol,79.2660,23
2019-04-15,BA,gasolina,116.9550,25
2019-04-15,CE,diesel_s10,23.5190,6
2019-04-15,CE,etanol,19.1100,5
2019-04-15,CE,gasolina,28.1300,6
2019-04-15,ES,diesel_s10,47.6700,13
2019-04-15,ES,etanol,40.6300,11
2019-04-15,ES,gasolina,69.2500,15
2019-04-15,GO,diesel_s10,164.0290,44
2019-04-15,GO,etanol,167.3160,55
2019-04-15,GO,gasolina,243.7670,54
2019-04-15,MA,diesel_s10,40.8390,11
2019-04-15,MA,etanol,3.5990,1
2019-04-15,MA,gasolina,47.6690,11
2019-04-15,MG,diesel_s10,520.2380,140
2019-04-15,MG,etanol,586.7740,185
2019-04-15,MG,gasolina,879.0510,184
2019-04-15,MS,diesel_s10,114.4380,30
2019-04-15,MS,etanol,108.5170,30
2019-04-15,MS,gasolina,144.8320,33
2019-04-15,MT,diesel_s10,71.5480,17
2019-04-15,MT,etanol,50.8000,18
2019-04-15,MT,gasolina,85.5530,18
2019-04-15,PA,diesel_s10,59.4380,15
2019-04-15,PA,etanol,33.2750,9
2019-04-15,PA,gasolina,78.5350,17
2019-04-15,PB,diesel_s10,3.4690,1
2019-04-15,PB,etanol,3.1390,1
2019-04-15,PB,gasolina,4.0590,1
2019-04-15,PE,diesel_s10,32.6160,9
2019-04-15,PE,etanol,22.1280,6
2019-04-15,PE,gasolina,43.5010,9
2019-04-15,PI,diesel_s10,101.7140,27
2019-04-15,PI,etanol,73.8370,20
2019-04-15,PI,gasolina,137.1740,29
2019-04-15,PR,diesel_s10,437.0750,127
2019-04-15,PR,etanol,495.4160,163
2019-04-15,PR,gasolina,687.1670,161
2019-04-15,RJ,diesel_s10,198.0150,54
2019-04-15,RJ,etanol,269.2930,69
2019-04-15,RJ,gasolina,350.6850,71
2019-04-15,RN,diesel_s10,61.1070,16
2019-04-15,RN,etanol,54.4280,15
2019-04-15,RN,gasolina,71.7420,16
2019-04-15,RO,diesel_s10,58.3680,15
2019-04-15,RO,etanol,31.5460,8
2019-04-15,RO,gasolina,69.0440,15
2019-04-15,RS,diesel_s10,691.6030,194
2019-04-15,RS,etanol,448.4720,109
2019-04-15,RS,gasolina,1075.8630,231
2019-04-15,SC,diesel_s10,419.1000,119
2019-04-15,SC,etanol,284.3430,80
2019-04-15,SC,gasolina,542.2010,131
2019-04-15,SE,diesel_s10,51.7870,14
2019-04-15,SE,etanol,31.5910,9
2019-04-15,SE,gasolina,62.7440,14
2019-04-15,SP,diesel_s10,898.9320,253
2019-04-15,SP,etanol,984.2750,348
2019-04-15,SP,gasolina,1437.4880,346
2019-04-15,TO,diesel_s10,96.6990,27
2019-04-15,TO,etanol,87.7270,23
2019-04-15,TO,gasolina,123.0240,27
2019-04-16,AL,diesel_s10,80.2330,21
2019-04-16,AL,etanol,100.4240,28
2019-04-16,AL,gasolina,135.1560,29
2019-04-16,AM,diesel_s10,31.3300,8
2019-04-16,AM,etanol,17.0590,5
2019-04-16,AM,gasolina,91.2700,21
2019-04-16,BA,diesel_s10,542.8780,149
2019-04-16,BA,etanol,605.3100,178
2019-04-16,BA,gasolina,816.3780,181
2019-04-16,CE,diesel_s10,641.0540,166
2019-04-16,CE,etanol,587.5300,156
2019-04-16,CE,gasolina,775.8310,164
2019-04-16,ES,diesel_s10,83.2900,23
2019-04-16,ES,etanol,37.0000,10
2019-04-16,ES,gasolina,117.0390,25
2019-04-16,GO,diesel_s10,167.0420,45
2019-04-16,GO,etanol,147.4310,49
2019-04-16,GO,gasolina,210.3350,47
2019-04-16,MA,diesel_s10,140.7080,38
2019-04-16,MA,etanol,74.9870,20
2019-04-16,MA,gasolina,174.6690,39
2019-04-16,MG,diesel_s10,756.2970,202
2019-04-16,MG,etanol,839.2320,267
2019-04-16,MG,gasolina,1249.9540,264
2019-04-16,MS,diesel_s10,41.8110,11
2019-04-16,MS,etanol,43.2420,12
2019-04-16,MS,gasolina,52.9810,12
2019-04-16,MT,diesel_s10,56.3260,14
2019-04-16,MT,etanol,45.6140,17
2019-04-16,MT,gasolina,78.3740,17
2019-04-16,PA,diesel_s10,249.7640,64
2019-04-16,PA,etanol,116.6440,30
2019-04-16,PA,gasolina,320.5170,69
2019-04-16,PB,diesel_s10,191.1180,53
2019-04-16,PB,etanol,176.3140,54
2019-04-16,PB,gasolina,240.2650,57
2019-04-16,PE,diesel_s10,228.8240,65
2019-04-16,PE,etanol,202.3850,59
2019-04-16,PE,gasolina,304.8660,69
2019-04-16,PI,diesel_s10,103.5010,28
2019-04-16,PI,etanol,66.9120,18
2019-04-16,PI,gasolina,136.9120,29
2019-04-16,PR,diesel_s10,320.9650,93
2019-04-16,PR,etanol,366.2930,121
2019-04-16,PR,gasolina,514.2630,118
2019-04-16,RJ,diesel_s10,183.9250,50
2019-04-16,RJ,etanol,256.9360,67
2019-04-16,RJ,gasolina,339.1730,70
2019-04-16,RN,diesel_s10,152.5550,40
2019-04-16,RN,etanol,153.7440,43
2019-04-16,RN,gasolina,194.3730,43
2019-04-16,RO,diesel_s10,123.7490,32
2019-04-16,RO,etanol,77.2900,20
2019-04-16,RO,gasolina,181.7160,39
2019-04-16,RR,diesel_s10,40.4300,11
2019-04-16,RR,etanol,7.4500,2
2019-04-16,RR,gasolina,46.1100,11
2019-04-16,RS,diesel_s10,158.0160,44
2019-04-16,RS,etanol,117.0410,28
2019-04-16,RS,gasolina,235.2450,50
2019-04-16,SC,diesel_s10,158.2120,44
2019-04-16,SC,etanol,150.8710,41
2019-04-16,SC,gasolina,236.1550,55
2019-04-16,SE,diesel_s10,17.7800,5
2019-04-16,SE,etanol,13.3590,4
2019-04-16,SE,gasolina,20.8990,5
2019-04-16,SP,diesel_s10,976.9180,277
2019-04-16,SP,etanol,979.7170,350
2019-04-16,SP,gasolina,1443.5020,348
2019-04-16,TO,diesel_s10,64.5780,18
2019-04-16,TO,etanol,59.7990,16
2019-04-16,TO,gasolina,85.8180,19
2019-04-17,AC,diesel_s10,128.2400,29
2019-04-17,AC,etanol,71.5100,18
2019-04-17,AC,gasolina,149.4700,31
2019-04-17,AL,diesel_s10,82.2430,22
2019-04-17,AL,etanol,78.4400,22
2019-04-17,AL,gasolina,104.9350,23
2019-04-17,AM,diesel_s10,114.3680,30
2019-04-17,AM,etanol,110.0090,33
2019-04-17,AM,gasolina,183.4740,42
2019-04-17,AP,diesel_s10,60.5200,13
2019-04-17,AP,etanol,7.6800,2
2019-04-17,AP,gasolina,98.0500,24
2019-04-17,BA,diesel_s10,377.2780,103
2019-04-17,BA,etanol,464.4890,134
2019-04-17,BA,gasolina,586.5180,130
2019-04-17,CE,diesel_s10,154.0520,40
2019-04-17,CE,etanol,129.5570,35
2019-04-17,CE,gasolina,198.7470,43
2019-04-17,DF,diesel_s10,122.6030,32
2019-04-17,DF,etanol,148.3970,45
2019-04-17,DF,gasolina,203.1760,47
2019-04-17,ES,diesel_s10,18.2800,5
2019-04-17,ES,etanol,3.8900,1
2019-04-17,ES,gasolina,27.0700,6
2019-04-17,GO,diesel_s10,260.9530,71
2019-04-17,GO,etanol,335.0610,112
2019-04-17,GO,gasolina,508.9650,111
2019-04-17,MA,diesel_s10,133.4310,36
2019-04-17,MA,etanol,67.2680,18
2019-04-17,MA,gasolina,172.0820,39
2019-04-17,MG,diesel_s10,356.0300,95
2019-04-17,MG,etanol,404.4400,130
2019-04-17,MG,gasolina,617.3010,130
2019-04-17,MS,diesel_s10,101.6290,28
2019-04-17,MS,etanol,141.0250,42
2019-04-17,MS,gasolina,176.4910,43
2019-04-17,MT,diesel_s10,395.9790,101
2019-04-17,MT,etanol,318.2540,124
2019-04-17,MT,gasolina,544.0760,123
2019-04-17,PA,diesel_s10,99.6170,26
2019-04-17,PA,etanol,24.0890,6
2019-04-17,PA,gasolina,124.4200,27
2019-04-17,PB,diesel_s10,11.0790,3
2019-04-17,PB,etanol,13.9380,4
2019-04-17,PB,gasolina,17.2180,4
2019-04-17,PE,diesel_s10,307.1670,86
2019-04-17,PE,etanol,310.4740,92
2019-04-17,PE,gasolina,414.1260,95
2019-04-17,PI,diesel_s10,33.5330,9
2019-04-17,PI,etanol,33.4440,9
2019-04-17,PI,gasolina,47.8060,10
2019-04-17,PR,diesel_s10,249.2610,73
2019-04-17,PR,etanol,259.8370,86
2019-04-17,PR,gasolina,360.5450,85
2019-04-17,RJ,diesel_s10,759.4130,204
2019-04-17,RJ,etanol,969.4100,250
2019-04-17,RJ,gasolina,1213.9400,250
2019-04-17,RN,diesel_s10,7.5300,2
2019-04-17,RN,etanol,3.5800,1
2019-04-17,RN,gasolina,8.8000,2
2019-04-17,RO,diesel_s10,34.4900,9
2019-04-17,RO,etanol,12.7300,3
2019-04-17,RO,gasolina,42.0600,9
2019-04-17,RR,diesel_s10,7.4300,2
2019-04-17,RR,gasolina,8.4000,2
2019-04-17,RS,diesel_s10,171.6150,47
2019-04-17,RS,etanol,137.4150,33
2019-04-17,RS,gasolina,310.5940,65
2019-04-17,SC,diesel_s10,173.8790,48
2019-04-17,SC,etanol,174.2440,48
2019-04-17,SC,gasolina,286.9070,67
2019-04-17,SE,diesel_s10,79.2930,21
2019-04-17,SE,etanol,75.5820,21
2019-04-17,SE,gasolina,108.4550,24
2019-04-17,SP,diesel_s10,2005.3000,564
2019-04-17,SP,etanol,2150.6080,763
2019-04-17,SP,gasolina,3138.1730,748
2019-04-18,AL,etanol,7.2690,2
2019-04-18,AL,gasolina,9.3690,2
2019-04-18,CE,diesel_s10,15.1600,4
2019-04-18,CE,etanol,15.2490,4
2019-04-18,CE,gasolina,19.0780,4
2019-04-18,ES,diesel_s10,209.7880,58
2019-04-18,ES,etanol,177.0690,50
2019-04-18,ES,gasolina,310.5500,70
2019-04-18,GO,diesel_s10,39.9110,11
2019-04-18,GO,etanol,50.5690,17
2019-04-18,GO,gasolina,75.2570,17
2019-04-18,MA,diesel_s10,115.7690,31
2019-04-18,MA,etanol,18.4450,5
2019-04-18,MA,gasolina,143.7270,33
2019-04-18,MG,diesel_s10,38.0950,10
2019-04-18,MG,etanol,33.4640,11
2019-04-18,MG,gasolina,52.6840,11
2019-04-18,MT,diesel_s10,3.8990,1
2019-04-18,MT,etanol,2.4770,1
2019-04-18,MT,gasolina,4.3790,1
2019-04-18,PE,diesel_s10,58.1750,16
2019-04-18,PE,etanol,65.9720,19
2019-04-18,PE,gasolina,81.9080,19
2019-04-18,PR,diesel_s10,6.9290,2
2019-04-18,PR,etanol,9.1880,3
2019-04-18,PR,gasolina,12.9580,3
2019-04-18,RJ,diesel_s10,84.5980,23
2019-04-18,RJ,etanol,102.8160,27
2019-04-18,RJ,gasolina,130.5450,27
2019-04-18,RO,diesel_s10,15.7580,4
2019-04-18,RO,gasolina,22.8970,5
2019-04-18,RS,diesel_s10,51.0700,14
2019-04-18,RS,etanol,25.0460,6
2019-04-18,RS,gasolina,68.6790,15
2019-04-18,SP,diesel_s10,568.7840,159
2019-04-18,SP,etanol,561.1570,199
2019-04-18,SP,gasolina,832.2150,194
2019-04-22,AL,diesel_s10,29.3720,8
2019-04-22,AL,etanol,54.7170,15
2019-04-22,AL,gasolina,68.3650,15
2019-04-22,AM,diesel_s10,129.7460,34
2019-04-22,AM,etanol,121.5260,36
2019-04-22,AM,gasolina,199.5100,47
2019-04-22,AP,diesel_s10,69.4500,15
2019-04-22,AP,etanol,7.6800,2
2019-04-22,AP,gasolina,113.8200,28
2019-04-22,BA,diesel_s10,163.8510,44
2019-04-22,BA,etanol,174.5700,49
2019-04-22,BA,gasolina,225.0550,48
2019-04-22,ES,diesel_s10,86.2300,23
2019-04-22,ES,etanol,37.9300,10
2019-04-22,ES,gasolina,122.9000,26
2019-04-22,GO,diesel_s10,262.0380,70
2019-04-22,GO,etanol,256.4890,82
2019-04-22,GO,gasolina,359.3850,79
2019-04-22,MA,diesel_s10,97.2960,26
2019-04-22,MA,etanol,53.8840,14
2019-04-22,MA,gasolina,130.7170,29
2019-04-22,MG,diesel_s10,568.6530,150
2019-04-22,MG,etanol,668.1720,199
2019-04-22,MG,gasolina,955.1410,196
2019-04-22,MS,diesel_s10,281.8950,74
2019-04-22,MS,etanol,285.6590,80
2019-04-22,MS,gasolina,352.8160,82
2019-04-22,MT,diesel_s10,158.7270,38
2019-04-22,MT,etanol,120.0640,43
2019-04-22,MT,gasolina,197.9630,42
2019-04-22,PA,diesel_s10,152.4040,39
2019-04-22,PA,etanol,78.1620,20
2019-04-22,PA,gasolina,193.0660,41
2019-04-22,PB,diesel_s10,63.4010,17
2019-04-22,PB,etanol,55.7520,16
2019-04-22,PB,gasolina,79.0200,18
2019-04-22,PE,diesel_s10,277.5820,77
2019-04-22,PE,etanol,296.7400,83
2019-04-22,PE,gasolina,399.6970,89
2019-04-22,PI,diesel_s10,41.5930,11
2019-04-22,PI,etanol,37.5910,10
2019-04-22,PI,gasolina,57.3630,12
2019-04-22,PR,diesel_s10,332.2040,95
2019-04-22,PR,etanol,349.6460,110
2019-04-22,PR,gasolina,492.8060,111
2019-04-22,RJ,diesel_s10,511.1700,139
2019-04-22,RJ,etanol,704.1610,181
2019-04-22,RJ,gasolina,917.7630,188
2019-04-22,RN,diesel_s10,3.7900,1
2019-04-22,RN,etanol,3.4900,1
2019-04-22,RN,gasolina,4.4200,1
2019-04-22,RO,diesel_s10,39.4730,10
2019-04-22,RO,etanol,16.7600,4
2019-04-22,RO,gasolina,51.7810,11
2019-04-22,RS,diesel_s10,514.7020,141
2019-04-22,RS,etanol,309.9820,74
2019-04-22,RS,gasolina,802.2460,168
2019-04-22,SC,diesel_s10,290.6050,81
2019-04-22,SC,etanol,228.2270,63
2019-04-22,SC,gasolina,364.0750,86
2019-04-22,SE,diesel_s10,51.7300,14
2019-04-22,SE,etanol,41.7810,12
2019-04-22,SE,gasolina,62.0550,14
2019-04-22,SP,diesel_s10,1182.8270,329
2019-04-22,SP,etanol,1255.7740,419
2019-04-22,SP,gasolina,1774.0870,417
2019-04-22,TO,diesel_s10,75.1370,20
2019-04-22,TO,etanol,56.8730,15
2019-04-22,TO,gasolina,92.7890,20
2019-04-23,AC,diesel_s10,42.9900,9
2019-04-23,AC,gasolina,52.1700,10
2019-04-23,AL,diesel_s10,63.1740,16
2019-04-23,AL,etanol,62.7110,17
2019-04-23,AL,gasolina,80.8290,17
2019-04-23,AM,diesel_s10,20.0300,5
2019-04-23,AM,etanol,6.6300,2
2019-04-23,AM,gasolina,38.9390,8
2019-04-23,BA,diesel_s10,453.6660,123
2019-04-23,BA,etanol,531.8170,151
2019-04-23,BA,gasolina,696.1990,150
2019-04-23,CE,diesel_s10,765.8530,199
2019-04-23,CE,etanol,701.9270,187
2019-04-23,CE,gasolina,983.6560,207
2019-04-23,ES,diesel_s10,64.9990,18
2019-04-23,ES,etanol,37.6390,10
2019-04-23,ES,gasolina,93.5890,20
2019-04-23,GO,diesel_s10,160.1530,42
2019-04-23,GO,etanol,157.9190,50
2019-04-23,GO,gasolina,225.3250,49
2019-04-23,MA,diesel_s10,197.9820,53
2019-04-23,MA,etanol,40.9110,11
2019-04-23,MA,gasolina,241.0300,54
2019-04-23,MG,diesel_s10,467.2050,123
2019-04-23,MG,etanol,516.4220,153
2019-04-23,MG,gasolina,744.5320,153
2019-04-23,MT,diesel_s10,81.6840,20
2019-04-23,MT,etanol,63.8280,23
2019-04-23,MT,gasolina,108.4800,24
2019-04-23,PA,diesel_s10,222.9380,56
2019-04-23,PA,etanol,97.5670,25
2019-04-23,PA,gasolina,275.5370,59
2019-04-23,PB,diesel_s10,47.1180,13
2019-04-23,PB,etanol,43.9760,13
2019-04-23,PB,gasolina,59.5760,14
2019-04-23,PE,diesel_s10,175.3470,49
2019-04-23,PE,etanol,191.6810,54
2019-04-23,PE,gasolina,250.6530,57
2019-04-23,PI,diesel_s10,125.8620,33
2019-04-23,PI,etanol,109.0570,29
2019-04-23,PI,gasolina,167.0170,35
2019-04-23,PR,diesel_s10,290.2750,82
2019-04-23,PR,etanol,325.6560,102
2019-04-23,PR,gasolina,434.4470,98
2019-04-23,RJ,diesel_s10,29.9230,8
2019-04-23,RJ,etanol,35.2630,9
2019-04-23,RJ,gasolina,45.0150,9
2019-04-23,RN,diesel_s10,208.2890,54
2019-04-23,RN,etanol,199.9300,55
2019-04-23,RN,gasolina,285.3290,62
2019-04-23,RO,diesel_s10,158.0640,40
2019-04-23,RO,etanol,77.3320,20
2019-04-23,RO,gasolina,221.8030,47
2019-04-23,RR,diesel_s10,41.3300,11
2019-04-23,RR,etanol,11.1800,3
2019-04-23,RR,gasolina,51.3800,12
2019-04-23,RS,diesel_s10,291.7870,79
2019-04-23,RS,etanol,199.9770,47
2019-04-23,RS,gasolina,438.4710,91
2019-04-23,SC,diesel_s10,332.4880,91
2019-04-23,SC,etanol,312.7190,85
2019-04-23,SC,gasolina,512.9860,120
2019-04-23,SP,diesel_s10,1068.3300,296
2019-04-23,SP,etanol,1100.1090,369
2019-04-23,SP,gasolina,1564.8810,366
2019-04-23,TO,diesel_s10,35.5000,10
2019-04-23,TO,etanol,36.6300,10
2019-04-23,TO,gasolina,46.3200,10
2019-04-24,AL,diesel_s10,75.6160,20
2019-04-24,AL,etanol,90.2990,25
2019-04-24,AL,gasolina,116.5400,25
2019-04-24,AM,diesel_s10,36.6300,9
2019-04-24,AM,etanol,11.6100,3
2019-04-24,AM,gasolina,77.9790,17
2019-04-24,BA,diesel_s10,231.1830,61
2019-04-24,BA,etanol,317.0910,87
2019-04-24,BA,gasolina,461.0560,97
2019-04-24,CE,diesel_s10,49.7990,13
2019-04-24,CE,etanol,44.0800,12
2019-04-24,CE,gasolina,65.5280,14
2019-04-24,GO,diesel_s10,214.6570,58
2019-04-24,GO,etanol,291.3530,92
2019-04-24,GO,gasolina,422.2810,92
2019-04-24,MA,diesel_s10,94.2200,25
2019-04-24,MA,etanol,40.6320,11
2019-04-24,MA,gasolina,135.8270,30
2019-04-24,MG,diesel_s10,608.0130,162
2019-04-24,MG,etanol,651.4820,197
2019-04-24,MG,gasolina,937.3780,196
2019-04-24,MT,diesel_s10,267.6540,69
2019-04-24,MT,etanol,235.4290,93
2019-04-24,MT,gasolina,410.7810,93
2019-04-24,PA,diesel_s10,30.9980,8
2019-04-24,PA,etanol,16.2190,4
2019-04-24,PA,gasolina,37.9900,8
2019-04-24,PE,diesel_s10,86.4540,24
2019-04-24,PE,etanol,83.1650,23
2019-04-24,PE,gasolina,106.4340,24
2019-04-24,PI,diesel_s10,58.1190,15
2019-04-24,PI,etanol,41.1760,11
2019-04-24,PI,gasolina,95.5560,20
2019-04-24,PR,diesel_s10,146.6060,42
2019-04-24,PR,etanol,208.2610,66
2019-04-24,PR,gasolina,281.1100,66
2019-04-24,RJ,diesel_s10,519.4520,137
2019-04-24,RJ,etanol,701.5670,170
2019-04-24,RJ,gasolina,847.9950,170
2019-04-24,RR,diesel_s10,3.7600,1
2019-04-24,RR,etanol,3.7900,1
2019-04-24,RR,gasolina,4.2900,1
2019-04-24,RS,diesel_s10,99.4950,27
2019-04-24,RS,etanol,87.6420,21
2019-04-24,RS,gasolina,164.9730,34
2019-04-24,SC,diesel_s10,61.6690,17
2019-04-24,SC,etanol,54.9300,15
2019-04-24,SC,gasolina,81.3770,19
2019-04-24,SE,diesel_s10,3.8290,1
2019-04-24,SE,etanol,3.6990,1
2019-04-24,SE,gasolina,4.4690,1
2019-04-24,SP,diesel_s10,1582.5930,436
2019-04-24,SP,etanol,1752.6770,584
2019-04-24,SP,gasolina,2454.6410,574
2019-04-24,TO,diesel_s10,53.2250,15
2019-04-24,TO,etanol,57.1940,15
2019-04-24,TO,gasolina,72.0640,16
2019-04-25,AC,diesel_s10,122.8800,28
2019-04-25,AC,etanol,67.1200,17
2019-04-25,AC,gasolina,141.7700,29
2019-04-25,BA,diesel_s10,129.8020,36
2019-04-25,BA,etanol,139.2520,40
2019-04-25,BA,gasolina,185.4510,40
2019-04-25,DF,diesel_s10,127.6230,33
2019-04-25,DF,etanol,154.6600,46
2019-04-25,DF,gasolina,206.6970,47
2019-04-25,ES,diesel_s10,179.5170,49
2019-04-25,ES,etanol,182.6770,51
2019-04-25,ES,gasolina,313.3020,70
2019-04-25,GO,diesel_s10,18.6160,5
2019-04-25,GO,etanol,32.4030,10
2019-04-25,GO,gasolina,46.6940,10
2019-04-25,MA,diesel_s10,36.6090,10
2019-04-25,MA,etanol,22.5960,6
2019-04-25,MA,gasolina,45.2410,10
2019-04-25,MG,diesel_s10,145.0970,38
2019-04-25,MG,etanol,149.8650,44
2019-04-25,MG,gasolina,222.1790,45
2019-04-25,MS,diesel_s10,22.8860,6
2019-04-25,MS,etanol,21.9510,6
2019-04-25,MS,gasolina,26.8120,6
2019-04-25,PA,diesel_s10,11.7300,3
2019-04-25,PA,gasolina,33.0000,7
2019-04-25,PB,diesel_s10,87.4230,24
2019-04-25,PB,etanol,103.8230,30
2019-04-25,PB,gasolina,130.1880,30
2019-04-25,PE,diesel_s10,72.0720,20
2019-04-25,PE,etanol,54.0250,15
2019-04-25,PE,gasolina,99.8580,22
2019-04-25,PI,diesel_s10,3.2600,1
2019-04-25,PI,gasolina,4.7500,1
2019-04-25,PR,diesel_s10,257.6020,74
2019-04-25,PR,etanol,301.2090,96
2019-04-25,PR,gasolina,399.6790,93
2019-04-25,RJ,diesel_s10,143.2190,38
2019-04-25,RJ,etanol,181.8010,44
2019-04-25,RJ,gasolina,230.7990,46
2019-04-25,RO,diesel_s10,43.3580,11
2019-04-25,RO,etanol,8.1380,2
2019-04-25,RO,gasolina,51.3590,11
2019-04-25,RS,diesel_s10,207.1390,57
2019-04-25,RS,etanol,157.8460,37
2019-04-25,RS,gasolina,323.8950,68
2019-04-25,SC,diesel_s10,84.9920,24
2019-04-25,SC,etanol,52.0400,14
2019-04-25,SC,gasolina,116.7370,27
2019-04-25,SE,diesel_s10,98.7510,26
2019-04-25,SE,etanol,67.7540,19
2019-04-25,SE,gasolina,127.3290,28
2019-04-25,SP,diesel_s10,787.7110,217
2019-04-25,SP,etanol,866.5240,291
2019-04-25,SP,gasolina,1210.6290,282
2019-04-29,AL,diesel_s10,3.7990,1
2019-04-29,AL,etanol,3.7990,1
2019-04-29,AL,gasolina,4.6990,1
2019-04-29,AM,diesel_s10,29.2990,7
2019-04-29,AM,etanol,3.9700,1
2019-04-29,AM,gasolina,90.1680,19
2019-04-29,AP,diesel_s10,9.0000,2
2019-04-29,AP,gasolina,16.5000,4
2019-04-29,BA,diesel_s10,167.5100,45
2019-04-29,BA,etanol,179.1180,50
2019-04-29,BA,gasolina,230.3530,49
2019-04-29,CE,diesel_s10,58.3350,15
2019-04-29,CE,etanol,52.5260,14
2019-04-29,CE,gasolina,75.8870,16
2019-04-29,DF,diesel_s10,123.8550,32
2019-04-29,DF,etanol,149.4560,44
2019-04-29,DF,gasolina,208.2780,47
2019-04-29,ES,diesel_s10,82.6200,22
2019-04-29,ES,etanol,49.5400,13
2019-04-29,ES,gasolina,122.2000,26
2019-04-29,GO,diesel_s10,290.6590,77
2019-04-29,GO,etanol,281.5180,89
2019-04-29,GO,gasolina,397.3380,86
2019-04-29,MA,diesel_s10,145.8330,39
2019-04-29,MA,etanol,46.2140,12
2019-04-29,MA,gasolina,193.0830,43
2019-04-29,MG,diesel_s10,745.9550,197
2019-04-29,MG,etanol,867.8880,259
2019-04-29,MG,gasolina,1242.9340,256
2019-04-29,MS,diesel_s10,144.0960,37
2019-04-29,MS,etanol,137.4940,37
2019-04-29,MS,gasolina,174.6330,39
2019-04-29,MT,diesel_s10,158.8470,38
2019-04-29,MT,etanol,121.4270,43
2019-04-29,MT,gasolina,198.2030,42
2019-04-29,PA,diesel_s10,275.6720,70
2019-04-29,PA,etanol,128.6020,33
2019-04-29,PA,gasolina,335.5380,72
2019-04-29,PB,diesel_s10,67.1590,18
2019-04-29,PB,etanol,59.5320,17
2019-04-29,PB,gasolina,83.5100,19
2019-04-29,PE,diesel_s10,233.5440,65
2019-04-29,PE,etanol,249.9630,69
2019-04-29,PE,gasolina,339.9120,75
2019-04-29,PI,diesel_s10,26.0190,7
2019-04-29,PI,etanol,10.8200,3
2019-04-29,PI,gasolina,37.6680,8
2019-04-29,PR,diesel_s10,452.4730,129
2019-04-29,PR,etanol,472.8770,148
2019-04-29,PR,gasolina,654.8370,147
2019-04-29,RJ,diesel_s10,438.4900,118
2019-04-29,RJ,etanol,625.2490,158
2019-04-29,RJ,gasolina,797.1260,162
2019-04-29,RN,diesel_s10,15.1300,4
2019-04-29,RN,etanol,10.6800,3
2019-04-29,RN,gasolina,22.4800,5
2019-04-29,RO,diesel_s10,114.5390,29
2019-04-29,RO,etanol,57.5040,15
2019-04-29,RO,gasolina,178.8460,38
2019-04-29,RS,diesel_s10,475.5690,130
2019-04-29,RS,etanol,258.7310,61
2019-04-29,RS,gasolina,700.4070,146
2019-04-29,SC,diesel_s10,352.8500,97
2019-04-29,SC,etanol,305.3430,83
2019-04-29,SC,gasolina,488.7420,114
2019-04-29,SE,diesel_s10,124.6560,33
2019-04-29,SE,etanol,121.2660,33
2019-04-29,SE,gasolina,162.8450,36
2019-04-29,SP,diesel_s10,1556.5900,432
2019-04-29,SP,etanol,1629.1340,549
2019-04-29,SP,gasolina,2327.0180,547
2019-04-29,TO,diesel_s10,107.7270,29
2019-04-29,TO,etanol,94.5830,25
2019-04-29,TO,gasolina,139.8390,30
2019-04-30,AC,diesel_s10,42.9900,9
2019-04-30,AC,gasolina,52.1700,10
2019-04-30,AL,diesel_s10,48.3470,12
2019-04-30,AL,etanol,50.2020,13
2019-04-30,AL,gasolina,62.8340,13
2019-04-30,AM,diesel_s10,12.6500,3
2019-04-30,AM,gasolina,34.7890,7
2019-04-30,AP,diesel_s10,55.9700,12
2019-04-30,AP,etanol,7.7800,2
2019-04-30,AP,gasolina,98.7900,24
2019-04-30,BA,diesel_s10,583.4220,159
2019-04-30,BA,etanol,659.1800,186
2019-04-30,BA,gasolina,841.7980,182
2019-04-30,CE,diesel_s10,723.5100,187
2019-04-30,CE,etanol,664.1940,176
2019-04-30,CE,gasolina,917.9000,193
2019-04-30,ES,diesel_s10,65.2190,18
2019-04-30,ES,etanol,37.6390,10
2019-04-30,ES,gasolina,93.6890,20
2019-04-30,GO,diesel_s10,309.6800,82
2019-04-30,GO,etanol,365.6990,115
2019-04-30,GO,gasolina,521.6800,113
2019-04-30,MA,diesel_s10,115.1440,31
2019-04-30,MA,etanol,37.3620,10
2019-04-30,MA,gasolina,137.8230,31
2019-04-30,MG,diesel_s10,648.5690,171
2019-04-30,MG,etanol,725.5990,217
2019-04-30,MG,gasolina,1052.2510,217
2019-04-30,MS,diesel_s10,130.0390,35
2019-04-30,MS,etanol,150.9520,43
2019-04-30,MS,gasolina,174.4610,42
2019-04-30,MT,diesel_s10,361.5610,92
2019-04-30,MT,etanol,311.0990,116
2019-04-30,MT,gasolina,520.8140,117
2019-04-30,PA,diesel_s10,112.0140,28
2019-04-30,PA,etanol,43.8580,11
2019-04-30,PA,gasolina,135.8070,28
2019-04-30,PB,diesel_s10,127.8340,35
2019-04-30,PB,etanol,129.2240,37
2019-04-30,PB,gasolina,164.5840,38
2019-04-30,PE,diesel_s10,249.6880,69
2019-04-30,PE,etanol,271.1810,75
2019-04-30,PE,gasolina,348.1330,79
2019-04-30,PI,diesel_s10,18.7490,5
2019-04-30,PI,etanol,14.5200,4
2019-04-30,PI,gasolina,23.5490,5
2019-04-30,PR,diesel_s10,461.3950,131
2019-04-30,PR,etanol,504.7380,159
2019-04-30,PR,gasolina,678.0490,155
2019-04-30,RJ,diesel_s10,309.4720,81
2019-04-30,RJ,etanol,443.9090,107
2019-04-30,RJ,gasolina,536.6190,107
2019-04-30,RN,diesel_s10,211.4540,55
2019-04-30,RN,etanol,195.8080,54
2019-04-30,RN,gasolina,271.7550,59
2019-04-30,RO,diesel_s10,79.2880,20
2019-04-30,RO,etanol,40.5590,10
2019-04-30,RO,gasolina,90.5090,19
2019-04-30,RR,diesel_s10,41.2700,11
2019-04-30,RR,etanol,11.2000,3
2019-04-30,RR,gasolina,55.6700,13
2019-04-30,RS,diesel_s10,365.7050,99
2019-04-30,RS,etanol,266.9750,62
2019-04-30,RS,gasolina,600.4910,125
2019-04-30,SC,diesel_s10,262.4260,73
2019-04-30,SC,etanol,242.1350,66
2019-04-30,SC,gasolina,398.3260,94
2019-04-30,SP,diesel_s10,1380.2310,380
2019-04-30,SP,etanol,1482.1680,500
2019-04-30,SP,gasolina,2103.3770,492
2019-05-01,AC,diesel_s10,118.6700,27
2019-05-01,AC,etanol,63.4100,16
2019-05-01,AC,gasolina,142.0100,29
2019-05-01,AL,diesel_s10,68.1710,18
2019-05-01,AL,etanol,73.3590,20
2019-05-01,AL,gasolina,93.9650,20
2019-05-01,AM,diesel_s10,3.8900,1
2019-05-01,AM,etanol,3.6900,1
2019-05-01,AM,gasolina,21.8590,5
2019-05-01,BA,diesel_s10,176.6140,46
2019-05-01,BA,etanol,239.4970,65
2019-05-01,BA,gasolina,343.9630,72
2019-05-01,CE,diesel_s10,42.4900,11
2019-05-01,CE,etanol,36.7000,10
2019-05-01,CE,gasolina,56.3080,12
2019-05-01,GO,diesel_s10,40.5920,11
2019-05-01,GO,etanol,62.0640,20
2019-05-01,GO,gasolina,90.9070,20
2019-05-01,MA,diesel_s10,53.0910,14
2019-05-01,MA,etanol,33.4340,9
2019-05-01,MA,gasolina,74.0410,16
2019-05-01,MG,diesel_s10,293.6470,78
2019-05-01,MG,etanol,331.5510,98
2019-05-01,MG,gasolina,466.9430,96
2019-05-01,PA,diesel_s10,23.0730,6
2019-05-01,PA,etanol,16.2190,4
2019-05-01,PA,gasolina,28.2520,6
2019-05-01,PE,diesel_s10,86.5150,24
2019-05-01,PE,etanol,83.5750,23
2019-05-01,PE,gasolina,106.4950,24
2019-05-01,PI,diesel_s10,62.1990,16
2019-05-01,PI,etanol,49.4740,13
2019-05-01,PI,gasolina,96.7110,20
2019-05-01,PR,diesel_s10,139.5670,40
2019-05-01,PR,etanol,195.9050,62
2019-05-01,PR,gasolina,264.7850,62
2019-05-01,RJ,diesel_s10,241.3540,64
2019-05-01,RJ,etanol,317.8530,77
2019-05-01,RJ,gasolina,384.7950,77
2019-05-01,RS,diesel_s10,51.7070,14
2019-05-01,RS,etanol,42.4620,10
2019-05-01,RS,gasolina,97.2650,20
2019-05-01,SC,diesel_s10,54.3200,15
2019-05-01,SC,etanol,47.5910,13
2019-05-01,SC,gasolina,72.6890,17
2019-05-01,SP,diesel_s10,1010.9030,278
2019-05-01,SP,etanol,1111.3720,370
2019-05-01,SP,gasolina,1559.4440,364
2019-05-01,TO,diesel_s10,53.2850,15
2019-05-01,TO,etanol,53.4940,14
2019-05-01,TO,gasolina,72.1040,16
2019-05-02,AL,diesel_s10,42.2390,11
2019-05-02,AL,etanol,84.4670,22
2019-05-02,AL,gasolina,104.8490,23
2019-05-02,AM,diesel_s10,103.2270,27
2019-05-02,AM,etanol,113.1570,33
2019-05-02,AM,gasolina,172.9060,42
2019-05-02,BA,diesel_s10,80.5540,22
2019-05-02,BA,etanol,111.4050,31
2019-05-02,BA,gasolina,145.8730,31
2019-05-02,ES,diesel_s10,194.0070,53
2019-05-02,ES,etanol,181.5880,51
2019-05-02,ES,gasolina,316.1930,70
2019-05-02,GO,diesel_s10,18.6160,5
2019-05-02,GO,etanol,32.5760,10
2019-05-02,GO,gasolina,46.7970,10
2019-05-02,MA,diesel_s10,118.6420,32
2019-05-02,MA,etanol,26.4450,7
2019-05-02,MA,gasolina,145.3190,33
2019-05-02,MG,diesel_s10,69.5850,18
2019-05-02,MG,etanol,66.0760,19
2019-05-02,MG,gasolina,99.0130,20
2019-05-02,MS,diesel_s10,22.8860,6
2019-05-02,MS,etanol,22.0010,6
2019-05-02,MS,gasolina,26.8620,6
2019-05-02,PA,diesel_s10,19.8770,5
2019-05-02,PA,etanol,7.7770,2
2019-05-02,PA,gasolina,41.9880,9
2019-05-02,PB,diesel_s10,11.1390,3
2019-05-02,PB,etanol,17.3590,5
2019-05-02,PB,gasolina,21.6490,5
2019-05-02,PE,diesel_s10,45.9190,13
2019-05-02,PE,etanol,28.3020,8
2019-05-02,PE,gasolina,64.1650,14
2019-05-02,PI,diesel_s10,120.3380,32
2019-05-02,PI,etanol,114.0960,30
2019-05-02,PI,gasolina,169.7630,35
2019-05-02,PR,diesel_s10,17.3700,5
2019-05-02,PR,etanol,16.1800,5
2019-05-02,PR,gasolina,22.1700,5
2019-05-02,RJ,diesel_s10,215.4860,57
2019-05-02,RJ,etanol,290.1080,70
2019-05-02,RJ,gasolina,361.3310,72
2019-05-02,RO,diesel_s10,43.5880,11
2019-05-02,RO,etanol,8.1380,2
2019-05-02,RO,gasolina,51.5210,11
2019-05-02,RS,diesel_s10,214.5770,59
2019-05-02,RS,etanol,166.9350,39
2019-05-02,RS,gasolina,332.7350,70
2019-05-02,SC,diesel_s10,85.1200,24
2019-05-02,SC,etanol,52.0400,14
2019-05-02,SC,gasolina,116.7460,27
2019-05-02,SE,diesel_s10,26.2150,7
2019-05-02,SE,etanol,3.6490,1
2019-05-02,SE,gasolina,30.8140,7
2019-05-02,SP,diesel_s10,653.8440,182
2019-05-02,SP,etanol,717.2320,244
2019-05-02,SP,gasolina,1011.1830,238
2019-05-06,AC,diesel_s10,44.9900,9
2019-05-06,AC,etanol,4.3900,1
2019-05-06,AC,gasolina,55.6700,10
2019-05-06,AL,diesel_s10,19.5870,5
2019-05-06,AL,etanol,31.9260,8
2019-05-06,AL,gasolina,42.8350,9
2019-05-06,AM,diesel_s10,12.6500,3
2019-05-06,AM,gasolina,35.6980,7
2019-05-06,AP,diesel_s10,55.9700,12
2019-05-06,AP,etanol,7.7800,2
2019-05-06,AP,gasolina,98.7900,24
2019-05-06,BA,diesel_s10,291.2740,78
2019-05-06,BA,etanol,357.8330,98
2019-05-06,BA,gasolina,475.2830,100
2019-05-06,CE,diesel_s10,63.7480,16
2019-05-06,CE,etanol,49.7000,13
2019-05-06,CE,gasolina,76.6660,16
2019-05-06,ES,diesel_s10,36.4790,10
2019-05-06,ES,etanol,15.0690,4
2019-05-06,ES,gasolina,51.5490,11
2019-05-06,GO,diesel_s10,131.5810,34
2019-05-06,GO,etanol,114.6080,36
2019-05-06,GO,gasolina,169.9960,35
2019-05-06,MA,diesel_s10,179.9560,48
2019-05-06,MA,etanol,23.5560,6
2019-05-06,MA,gasolina,220.4250,49
2019-05-06,MG,diesel_s10,425.5790,111
2019-05-06,MG,etanol,502.9950,150
2019-05-06,MG,gasolina,716.5740,145
2019-05-06,MS,diesel_s10,49.6130,13
2019-05-06,MS,etanol,47.9520,13
2019-05-06,MS,gasolina,55.4300,12
2019-05-06,MT,diesel_s10,69.2550,17
2019-05-06,MT,etanol,54.2450,19
2019-05-06,MT,gasolina,89.1450,19
2019-05-06,PA,diesel_s10,105.1400,26
2019-05-06,PA,etanol,27.1170,7
2019-05-06,PA,gasolina,123.7570,26
2019-05-06,PB,diesel_s10,65.9070,18
2019-05-06,PB,etanol,63.0040,18
2019-05-06,PB,gasolina,84.0040,19
2019-05-06,PE,diesel_s10,161.1940,45
2019-05-06,PE,etanol,157.2090,43
2019-05-06,PE,gasolina,219.5640,48
2019-05-06,PI,diesel_s10,75.8770,20
2019-05-06,PI,etanol,74.9580,19
2019-05-06,PI,gasolina,104.4610,21
2019-05-06,PR,diesel_s10,580.0050,164
2019-05-06,PR,etanol,654.5130,208
2019-05-06,PR,gasolina,895.7140,202
2019-05-06,RJ,diesel_s10,353.4480,93
2019-05-06,RJ,etanol,495.7100,122
2019-05-06,RJ,gasolina,644.4820,129
2019-05-06,RO,diesel_s10,99.3470,25
2019-05-06,RO,etanol,32.4260,8
2019-05-06,RO,gasolina,115.2140,24
2019-05-06,RS,diesel_s10,598.9580,163
2019-05-06,RS,etanol,428.6580,101
2019-05-06,RS,gasolina,972.5350,202
2019-05-06,SC,diesel_s10,515.4990,142
2019-05-06,SC,etanol,427.7210,115
2019-05-06,SC,gasolina,730.3280,170
2019-05-06,SE,diesel_s10,41.0960,11
2019-05-06,SE,etanol,18.6390,5
2019-05-06,SE,gasolina,48.9810,11
2019-05-06,SP,diesel_s10,1003.7570,277
2019-05-06,SP,etanol,1108.6570,379
2019-05-06,SP,gasolina,1607.9030,373
2019-05-06,TO,diesel_s10,82.0870,22
2019-05-06,TO,etanol,62.3430,16
2019-05-06,TO,gasolina,104.8590,22
2019-05-07,AM,diesel_s10,128.7250,33
2019-05-07,AM,etanol,133.9290,39
2019-05-07,AM,gasolina,209.2490,48
2019-05-07,BA,diesel_s10,337.0840,90
2019-05-07,BA,etanol,452.9820,126
2019-05-07,BA,gasolina,601.2950,128
2019-05-07,CE,diesel_s10,562.4370,144
2019-05-07,CE,etanol,526.9120,138
2019-05-07,CE,gasolina,689.2560,144
2019-05-07,DF,diesel_s10,3.8990,1
2019-05-07,DF,etanol,10.3480,3
2019-05-07,DF,gasolina,13.3980,3
2019-05-07,ES,diesel_s10,87.6300,23
2019-05-07,ES,etanol,55.3890,14
2019-05-07,ES,gasolina,134.1900,28
2019-05-07,GO,diesel_s10,238.9040,63
2019-05-07,GO,etanol,239.2730,78
2019-05-07,GO,gasolina,354.7730,76
2019-05-07,MA,diesel_s10,91.6460,24
2019-05-07,MA,etanol,65.8990,17
2019-05-07,MA,gasolina,125.4360,27
2019-05-07,MG,diesel_s10,604.0770,159
2019-05-07,MG,etanol,669.2890,201
2019-05-07,MG,gasolina,988.1920,202
2019-05-07,MS,diesel_s10,114.3450,29
2019-05-07,MS,etanol,113.6790,30
2019-05-07,MS,gasolina,147.0340,32
2019-05-07,MT,diesel_s10,344.6700,87
2019-05-07,MT,etanol,282.5860,105
2019-05-07,MT,gasolina,473.0690,105
2019-05-07,PA,diesel_s10,72.4110,19
2019-05-07,PA,etanol,24.7590,6
2019-05-07,PA,gasolina,90.2850,19
2019-05-07,PB,diesel_s10,22.9360,6
2019-05-07,PB,etanol,14.8980,4
2019-05-07,PB,gasolina,28.3260,6
2019-05-07,PE,diesel_s10,122.5800,34
2019-05-07,PE,etanol,110.8350,30
2019-05-07,PE,gasolina,160.1440,35
2019-05-07,PI,diesel_s10,34.0490,9
2019-05-07,PI,etanol,14.9500,4
2019-05-07,PI,gasolina,48.1380,10
2019-05-07,PR,diesel_s10,125.0320,35
2019-05-07,PR,etanol,139.9990,44
2019-05-07,PR,gasolina,197.3990,43
2019-05-07,RJ,diesel_s10,135.1860,36
2019-05-07,RJ,etanol,174.6110,42
2019-05-07,RJ,gasolina,224.3660,44
2019-05-07,RN,diesel_s10,156.0780,40
2019-05-07,RN,etanol,161.6160,44
2019-05-07,RN,gasolina,206.8860,43
2019-05-07,RR,diesel_s10,30.0700,8
2019-05-07,RR,etanol,11.3800,3
2019-05-07,RR,gasolina,39.7200,9
2019-05-07,RS,diesel_s10,67.3280,18
2019-05-07,RS,etanol,46.5570,11
2019-05-07,RS,gasolina,97.2350,20
2019-05-07,SC,diesel_s10,51.0560,14
2019-05-07,SC,etanol,39.8490,11
2019-05-07,SC,gasolina,79.3780,18
2019-05-07,SE,diesel_s10,22.4760,6
2019-05-07,SE,etanol,19.1410,5
2019-05-07,SE,gasolina,27.5710,6
2019-05-07,SP,diesel_s10,477.8820,131
2019-05-07,SP,etanol,457.2760,161
2019-05-07,SP,gasolina,671.6220,157
2019-05-07,TO,diesel_s10,85.7050,24
2019-05-07,TO,etanol,82.0760,22
2019-05-07,TO,gasolina,110.5650,24
2019-05-08,AL,diesel_s10,101.1920,26
2019-05-08,AL,etanol,153.4920,40
2019-05-08,AL,gasolina,195.6740,41
2019-05-08,AM,diesel_s10,36.4800,9
2019-05-08,AM,etanol,11.3300,3
2019-05-08,AM,gasolina,73.4300,16
2019-05-08,AP,diesel_s10,9.3500,2
2019-05-08,AP,gasolina,16.8300,4
2019-05-08,BA,diesel_s10,333.7720,88
2019-05-08,BA,etanol,360.0090,100
2019-05-08,BA,gasolina,478.7410,101
2019-05-08,CE,diesel_s10,217.2440,56
2019-05-08,CE,etanol,190.1370,50
2019-05-08,CE,gasolina,276.5530,58
2019-05-08,DF,diesel_s10,30.9670,8
2019-05-08,DF,etanol,40.7730,12
2019-05-08,DF,gasolina,54.0510,12
2019-05-08,ES,diesel_s10,18.9100,5
2019-05-08,ES,etanol,15.6190,4
2019-05-08,ES,gasolina,28.7700,6
2019-05-08,GO,diesel_s10,270.9520,72
2019-05-08,GO,etanol,304.6180,98
2019-05-08,GO,gasolina,463.1030,98
2019-05-08,MA,diesel_s10,165.8720,44
2019-05-08,MA,etanol,76.1150,20
2019-05-08,MA,gasolina,207.6240,45
2019-05-08,MG,diesel_s10,525.7900,138
2019-05-08,MG,etanol,538.0520,166
2019-05-08,MG,gasolina,807.0370,166
2019-05-08,MS,diesel_s10,101.0020,27
2019-05-08,MS,etanol,147.3040,42
2019-05-08,MS,gasolina,187.9650,44
2019-05-08,MT,diesel_s10,120.5180,29
2019-05-08,MT,etanol,100.2750,35
2019-05-08,MT,gasolina,157.5130,34
2019-05-08,PA,diesel_s10,252.2860,63
2019-05-08,PA,etanol,138.7420,35
2019-05-08,PA,gasolina,329.6760,69
2019-05-08,PB,diesel_s10,94.9630,26
2019-05-08,PB,etanol,102.3970,29
2019-05-08,PB,gasolina,126.7220,29
2019-05-08,PE,diesel_s10,350.1570,95
2019-05-08,PE,etanol,383.8440,102
2019-05-08,PE,gasolina,481.9880,106
2019-05-08,PI,diesel_s10,122.7890,32
2019-05-08,PI,etanol,93.6600,24
2019-05-08,PI,gasolina,182.1730,37
2019-05-08,PR,diesel_s10,354.6930,101
2019-05-08,PR,etanol,372.9430,122
2019-05-08,PR,gasolina,527.6960,121
2019-05-08,RJ,diesel_s10,481.2800,127
2019-05-08,RJ,etanol,673.0350,165
2019-05-08,RJ,gasolina,845.8340,168
2019-05-08,RN,diesel_s10,62.1700,16
2019-05-08,RN,etanol,52.0190,14
2019-05-08,RN,gasolina,85.3670,18
2019-05-08,RO,diesel_s10,151.2860,38
2019-05-08,RO,etanol,75.5140,19
2019-05-08,RO,gasolina,220.5980,46
2019-05-08,RR,diesel_s10,15.2400,4
2019-05-08,RR,etanol,3.8500,1
2019-05-08,RR,gasolina,17.7200,4
2019-05-08,RS,diesel_s10,286.4900,77
2019-05-08,RS,etanol,201.5020,46
2019-05-08,RS,gasolina,443.8230,90
2019-05-08,SC,diesel_s10,156.9870,43
2019-05-08,SC,etanol,145.9760,40
2019-05-08,SC,gasolina,205.6710,49
2019-05-08,SE,diesel_s10,91.9230,24
2019-05-08,SE,etanol,93.2130,24
2019-05-08,SE,gasolina,120.5670,26
2019-05-08,SP,diesel_s10,2525.1740,691
2019-05-08,SP,etanol,2640.1790,913
2019-05-08,SP,gasolina,3869.1280,896
2019-05-09,AC,diesel_s10,119.4300,27
2019-05-09,AC,etanol,71.4800,18
2019-05-09,AC,gasolina,145.0200,29
2019-05-09,AL,diesel_s10,23.5860,6
2019-05-09,AL,etanol,20.1870,5
2019-05-09,AL,gasolina,27.5270,6
2019-05-09,BA,diesel_s10,29.4960,8
2019-05-09,BA,etanol,31.8670,9
2019-05-09,BA,gasolina,45.8870,10
2019-05-09,DF,diesel_s10,98.2130,25
2019-05-09,DF,etanol,106.5290,31
2019-05-09,DF,gasolina,144.3960,32
2019-05-09,ES,diesel_s10,215.6590,57
2019-05-09,ES,etanol,186.7580,50
2019-05-09,ES,gasolina,323.2950,70
2019-05-09,GO,diesel_s10,33.6670,9
2019-05-09,GO,etanol,69.2690,22
2019-05-09,GO,gasolina,105.7980,22
2019-05-09,MG,diesel_s10,234.3170,61
2019-05-09,MG,etanol,256.0150,78
2019-05-09,MG,gasolina,379.7660,78
2019-05-09,MT,diesel_s10,4.1290,1
2019-05-09,MT,etanol,2.8290,1
2019-05-09,MT,gasolina,4.6290,1
2019-05-09,PB,diesel_s10,26.0250,7
2019-05-09,PB,etanol,28.1070,8
2019-05-09,PB,gasolina,34.8870,8
2019-05-09,PE,diesel_s10,7.1570,2
2019-05-09,PE,etanol,7.2870,2
2019-05-09,PE,gasolina,8.9860,2
2019-05-09,PR,diesel_s10,3.4500,1
2019-05-09,PR,etanol,2.9900,1
2019-05-09,PR,gasolina,4.3500,1
2019-05-09,RJ,diesel_s10,217.6960,58
2019-05-09,RJ,etanol,306.3790,76
2019-05-09,RJ,gasolina,377.2150,76
2019-05-09,RN,diesel_s10,3.8900,1
2019-05-09,RN,etanol,3.6900,1
2019-05-09,RN,gasolina,4.8900,1
2019-05-09,RS,diesel_s10,151.5350,42
2019-05-09,RS,etanol,48.7470,12
2019-05-09,RS,gasolina,233.3720,49
2019-05-09,SC,diesel_s10,53.4060,15
2019-05-09,SC,etanol,27.8190,8
2019-05-09,SC,gasolina,61.7180,15
2019-05-09,SP,diesel_s10,605.0530,164
2019-05-09,SP,etanol,603.5760,211
2019-05-09,SP,gasolina,902.5440,206
2019-05-13,AC,diesel_s10,44.9900,9
2019-05-13,AC,etanol,4.3900,1
2019-05-13,AC,gasolina,55.6700,10
2019-05-13,AL,diesel_s10,19.5870,5
2019-05-13,AL,etanol,31.7750,8
2019-05-13,AL,gasolina,43.0440,9
2019-05-13,AM,diesel_s10,33.3800,8
2019-05-13,AM,etanol,7.9000,2
2019-05-13,AM,gasolina,111.3370,23
2019-05-13,BA,diesel_s10,281.2660,75
2019-05-13,BA,etanol,336.3630,92
2019-05-13,BA,gasolina,443.5030,93
2019-05-13,CE,diesel_s10,71.6970,18
2019-05-13,CE,etanol,57.4800,15
2019-05-13,CE,gasolina,96.3150,20
2019-05-13,ES,diesel_s10,54.8690,15
2019-05-13,ES,etanol,30.7290,8
2019-05-13,ES,gasolina,75.4090,16
2019-05-13,GO,diesel_s10,135.5700,35
2019-05-13,GO,etanol,126.0860,40
2019-05-13,GO,gasolina,183.6140,38
2019-05-13,MA,diesel_s10,48.7910,13
2019-05-13,MA,etanol,15.7580,4
2019-05-13,MA,gasolina,59.5110,13
2019-05-13,MG,diesel_s10,534.2100,140
2019-05-13,MG,etanol,612.9270,186
2019-05-13,MG,gasolina,895.2550,182
2019-05-13,MS,diesel_s10,38.3740,10
2019-05-13,MS,etanol,36.7110,10
2019-05-13,MS,gasolina,46.5910,10
2019-05-13,MT,diesel_s10,86.5410,21
2019-05-13,MT,etanol,62.4920,22
2019-05-13,MT,gasolina,103.3510,22
2019-05-13,PA,diesel_s10,104.1340,26
2019-05-13,PA,etanol,27.1170,7
2019-05-13,PA,gasolina,127.5160,27
2019-05-13,PB,diesel_s10,65.8670,18
2019-05-13,PB,etanol,69.8930,20
2019-05-13,PB,gasolina,88.3630,20
2019-05-13,PE,diesel_s10,160.8500,45
2019-05-13,PE,etanol,161.7960,44
2019-05-13,PE,gasolina,219.4890,48
2019-05-13,PI,diesel_s10,15.7960,4
2019-05-13,PI,etanol,11.4870,3
2019-05-13,PI,gasolina,19.6470,4
2019-05-13,PR,diesel_s10,594.5340,168
2019-05-13,PR,etanol,655.2110,211
2019-05-13,PR,gasolina,915.3540,207
2019-05-13,RJ,diesel_s10,105.0520,28
2019-05-13,RJ,etanol,133.4690,33
2019-05-13,RJ,gasolina,176.4250,35
2019-05-13,RN,diesel_s10,11.7100,3
2019-05-13,RN,etanol,11.2700,3
2019-05-13,RN,gasolina,14.2300,3
2019-05-13,RO,diesel_s10,111.1070,28
2019-05-13,RO,etanol,45.1460,11
2019-05-13,RO,gasolina,130.2240,27
2019-05-13,RS,diesel_s10,537.0450,146
2019-05-13,RS,etanol,374.1120,88
2019-05-13,RS,gasolina,830.5130,172
2019-05-13,SC,diesel_s10,454.9680,126
2019-05-13,SC,etanol,343.1610,93
2019-05-13,SC,gasolina,628.5470,146
2019-05-13,SE,diesel_s10,41.0960,11
2019-05-13,SE,etanol,18.7390,5
2019-05-13,SE,gasolina,49.4320,11
2019-05-13,SP,diesel_s10,999.1390,276
2019-05-13,SP,etanol,1028.3350,359
2019-05-13,SP,gasolina,1525.8890,354
2019-05-13,TO,diesel_s10,85.7240,23
2019-05-13,TO,etanol,65.8330,17
2019-05-13,TO,gasolina,113.8760,24
2019-05-14,AM,diesel_s10,4.2490,1
2019-05-14,AM,gasolina,9.6690,2
2019-05-14,BA,diesel_s10,230.7490,62
2019-05-14,BA,etanol,257.1220,72
2019-05-14,BA,gasolina,345.7600,73
2019-05-14,CE,diesel_s10,653.0560,167
2019-05-14,CE,etanol,606.7280,157
2019-05-14,CE,gasolina,789.3070,165
2019-05-14,DF,diesel_s10,116.9360,30
2019-05-14,DF,etanol,138.8630,41
2019-05-14,DF,gasolina,189.6410,42
2019-05-14,ES,diesel_s10,75.9800,20
2019-05-14,ES,etanol,50.9170,13
2019-05-14,ES,gasolina,119.7490,25
2019-05-14,GO,diesel_s10,227.2650,60
2019-05-14,GO,etanol,228.0010,75
2019-05-14,GO,gasolina,341.6350,73
2019-05-14,MA,diesel_s10,91.5460,24
2019-05-14,MA,etanol,65.7490,17
2019-05-14,MA,gasolina,125.5260,27
2019-05-14,MG,diesel_s10,662.1190,174
2019-05-14,MG,etanol,712.7590,219
2019-05-14,MG,gasolina,1065.1230,219
2019-05-14,MS,diesel_s10,251.3180,65
2019-05-14,MS,etanol,267.7650,74
2019-05-14,MS,gasolina,334.6270,76
2019-05-14,MT,diesel_s10,338.8570,85
2019-05-14,MT,etanol,277.3380,104
2019-05-14,MT,gasolina,468.7820,104
2019-05-14,PA,diesel_s10,77.2440,20
2019-05-14,PA,etanol,20.6100,5
2019-05-14,PA,gasolina,100.4470,21
2019-05-14,PB,diesel_s10,22.9360,6
2019-05-14,PB,etanol,14.8980,4
2019-05-14,PB,gasolina,28.3260,6
2019-05-14,PE,diesel_s10,185.2020,51
2019-05-14,PE,etanol,185.8630,50
2019-05-14,PE,gasolina,250.0140,55
2019-05-14,PI,diesel_s10,60.5520,16
2019-05-14,PI,etanol,49.0720,13
2019-05-14,PI,gasolina,91.4800,19
2019-05-14,PR,diesel_s10,184.1890,51
2019-05-14,PR,etanol,193.8890,63
2019-05-14,PR,gasolina,285.4100,62
2019-05-14,RJ,diesel_s10,183.5470,49
2019-05-14,RJ,etanol,227.9480,56
2019-05-14,RJ,gasolina,314.4980,62
2019-05-14,RN,diesel_s10,168.2880,43
2019-05-14,RN,etanol,162.9160,43
2019-05-14,RN,gasolina,211.8360,44
2019-05-14,RO,diesel_s10,79.3570,20
2019-05-14,RO,etanol,45.5470,12
2019-05-14,RO,gasolina,134.1470,28
2019-05-14,RR,diesel_s10,45.3000,12
2019-05-14,RR,etanol,11.1800,3
2019-05-14,RR,gasolina,52.9390,12
2019-05-14,RS,diesel_s10,62.3970,17
2019-05-14,RS,etanol,33.5520,8
2019-05-14,RS,gasolina,86.7870,18
2019-05-14,SC,diesel_s10,127.1280,34
2019-05-14,SC,etanol,115.2790,31
2019-05-14,SC,gasolina,213.8520,49
2019-05-14,SE,diesel_s10,92.1810,24
2019-05-14,SE,etanol,93.2570,24
2019-05-14,SE,gasolina,126.1160,27
2019-05-14,SP,diesel_s10,648.8250,177
2019-05-14,SP,etanol,684.7590,243
2019-05-14,SP,gasolina,1027.4800,241
2019-05-14,TO,diesel_s10,79.1370,22
2019-05-14,TO,etanol,75.2070,20
2019-05-14,TO,gasolina,101.8760,22
2019-05-15,AC,diesel_s10,124.2800,28
2019-05-15,AC,etanol,71.8600,18
2019-05-15,AC,gasolina,145.1400,29
2019-05-15,AL,diesel_s10,123.7280,32
2019-05-15,AL,etanol,149.2990,40
2019-05-15,AL,gasolina,200.4870,42
2019-05-15,AM,diesel_s10,132.4900,35
2019-05-15,AM,etanol,126.2590,37
2019-05-15,AM,gasolina,199.9200,48
2019-05-15,AP,diesel_s10,65.6000,14
2019-05-15,AP,etanol,7.8400,2
2019-05-15,AP,gasolina,118.1800,28
2019-05-15,BA,diesel_s10,489.2730,129
2019-05-15,BA,etanol,572.0020,160
2019-05-15,BA,gasolina,745.6910,160
2019-05-15,CE,diesel_s10,120.7340,31
2019-05-15,CE,etanol,98.1260,26
2019-05-15,CE,gasolina,157.8060,33
2019-05-15,DF,diesel_s10,16.0830,4
2019-05-15,DF,etanol,17.3370,5
2019-05-15,DF,gasolina,22.8350,5
2019-05-15,ES,diesel_s10,15.0200,4
2019-05-15,ES,etanol,11.6290,3
2019-05-15,ES,gasolina,23.6900,5
2019-05-15,GO,diesel_s10,243.7280,65
2019-05-15,GO,etanol,326.1380,105
2019-05-15,GO,gasolina,500.3930,105
2019-05-15,MA,diesel_s10,302.9930,80
2019-05-15,MA,etanol,68.5480,18
2019-05-15,MA,gasolina,370.2170,81
2019-05-15,MG,diesel_s10,547.6730,143
2019-05-15,MG,etanol,568.7280,178
2019-05-15,MG,gasolina,879.0000,180
2019-05-15,MS,diesel_s10,7.6980,2
2019-05-15,MS,etanol,7.3980,2
2019-05-15,MS,gasolina,9.3490,2
2019-05-15,MT,diesel_s10,116.4380,28
2019-05-15,MT,etanol,94.3460,33
2019-05-15,MT,gasolina,148.2240,32
2019-05-15,PA,diesel_s10,243.8070,61
2019-05-15,PA,etanol,131.1530,33
2019-05-15,PA,gasolina,315.9460,66
2019-05-15,PB,diesel_s10,94.7360,26
2019-05-15,PB,etanol,103.1570,29
2019-05-15,PB,gasolina,126.7940,29
2019-05-15,PE,diesel_s10,287.4420,78
2019-05-15,PE,etanol,307.5090,82
2019-05-15,PE,gasolina,392.6580,86
2019-05-15,PI,diesel_s10,156.8130,41
2019-05-15,PI,etanol,117.7150,31
2019-05-15,PI,gasolina,212.9770,44
2019-05-15,PR,diesel_s10,262.2150,75
2019-05-15,PR,etanol,302.0550,100
2019-05-15,PR,gasolina,432.3460,100
2019-05-15,RJ,diesel_s10,747.2360,196
2019-05-15,RJ,etanol,1046.6600,260
2019-05-15,RJ,gasolina,1320.4720,263
2019-05-15,RN,diesel_s10,54.3900,14
2019-05-15,RN,etanol,44.6290,12
2019-05-15,RN,gasolina,75.8570,16
2019-05-15,RO,diesel_s10,64.2990,16
2019-05-15,RO,etanol,25.6780,6
2019-05-15,RO,gasolina,76.6120,16
2019-05-15,RR,diesel_s10,3.7600,1
2019-05-15,RR,etanol,3.8900,1
2019-05-15,RR,gasolina,4.4300,1
2019-05-15,RS,diesel_s10,374.1780,100
2019-05-15,RS,etanol,277.1750,64
2019-05-15,RS,gasolina,596.4160,122
2019-05-15,SC,diesel_s10,133.4340,37
2019-05-15,SC,etanol,125.9120,35
2019-05-15,SC,gasolina,173.6460,42
2019-05-15,SE,diesel_s10,18.6650,5
2019-05-15,SE,etanol,14.9440,4
2019-05-15,SE,gasolina,22.7930,5
2019-05-15,SP,diesel_s10,2379.1290,652
2019-05-15,SP,etanol,2342.5510,825
2019-05-15,SP,gasolina,3497.6600,810
2019-05-16,AL,diesel_s10,23.5260,6
2019-05-16,AL,etanol,20.1870,5
2019-05-16,AL,gasolina,27.3560,6
2019-05-16,BA,diesel_s10,29.5720,8
2019-05-16,BA,etanol,28.4070,8
2019-05-16,BA,gasolina,45.9260,10
2019-05-16,ES,diesel_s10,208.3400,55
2019-05-16,ES,etanol,202.3770,54
2019-05-16,ES,gasolina,324.5570,70
2019-05-16,GO,diesel_s10,22.6670,6
2019-05-16,GO,etanol,42.6490,14
2019-05-16,GO,gasolina,66.0200,14
2019-05-16,MG,diesel_s10,32.2850,8
2019-05-16,MG,etanol,37.7530,11
2019-05-16,MG,gasolina,54.8830,11
2019-05-16,MT,diesel_s10,4.1290,1
2019-05-16,MT,etanol,2.8290,1
2019-05-16,MT,gasolina,4.6290,1
2019-05-16,PB,diesel_s10,22.4450,6
2019-05-16,PB,etanol,24.9170,7
2019-05-16,PB,gasolina,30.6770,7
2019-05-16,PE,diesel_s10,7.1570,2
2019-05-16,PE,etanol,7.2870,2
2019-05-16,PE,gasolina,8.9860,2
2019-05-16,PI,diesel_s10,3.8930,1
2019-05-16,PI,etanol,3.7970,1
2019-05-16,PI,gasolina,4.9970,1
2019-05-16,PR,diesel_s10,3.4500,1
2019-05-16,PR,etanol,2.9900,1
2019-05-16,PR,gasolina,4.3500,1
2019-05-16,RJ,diesel_s10,172.8100,46
2019-05-16,RJ,etanol,238.0330,60
2019-05-16,RJ,gasolina,297.8080,60
2019-05-16,RS,diesel_s10,154.7870,43
2019-05-16,RS,etanol,48.7470,12
2019-05-16,RS,gasolina,232.9700,49
2019-05-16,SC,diesel_s10,53.4460,15
2019-05-16,SC,etanol,27.8190,8
2019-05-16,SC,gasolina,62.0380,15
2019-05-16,SP,diesel_s10,676.6570,184
2019-05-16,SP,etanol,670.9070,237
2019-05-16,SP,gasolina,1015.4160,233
2019-05-20,AC,diesel_s10,44.9790,9
2019-05-20,AC,etanol,4.3900,1
2019-05-20,AC,gasolina,55.6700,10
2019-05-20,AL,diesel_s10,61.7120,16
2019-05-20,AL,etanol,74.5810,19
2019-05-20,AL,gasolina,96.2560,20
2019-05-20,AM,diesel_s10,4.4700,1
2019-05-20,AM,gasolina,9.6000,2
2019-05-20,AP,diesel_s10,65.6000,14
2019-05-20,AP,etanol,7.8400,2
2019-05-20,AP,gasolina,118.1090,28
2019-05-20,BA,diesel_s10,338.7590,89
2019-05-20,BA,etanol,375.1270,103
2019-05-20,BA,gasolina,528.9370,110
2019-05-20,CE,diesel_s10,47.3900,12
2019-05-20,CE,etanol,39.2090,10
2019-05-20,CE,gasolina,67.4470,14
2019-05-20,ES,diesel_s10,153.9290,41
2019-05-20,ES,etanol,93.3380,24
2019-05-20,ES,gasolina,219.3890,46
2019-05-20,GO,diesel_s10,130.9580,34
2019-05-20,GO,etanol,123.0220,41
2019-05-20,GO,gasolina,187.0320,40
2019-05-20,MA,diesel_s10,138.1150,36
2019-05-20,MA,etanol,73.0680,19
2019-05-20,MA,gasolina,179.8440,38
2019-05-20,MG,diesel_s10,774.9180,202
2019-05-20,MG,etanol,826.3230,260
2019-05-20,MG,gasolina,1294.3530,263
2019-05-20,MS,diesel_s10,84.5980,22
2019-05-20,MS,etanol,80.9250,22
2019-05-20,MS,gasolina,95.6060,21
2019-05-20,MT,diesel_s10,149.2290,35
2019-05-20,MT,etanol,101.5690,36
2019-05-20,MT,gasolina,172.4120,36
2019-05-20,PA,diesel_s10,105.9050,26
2019-05-20,PA,etanol,41.9870,10
2019-05-20,PA,gasolina,129.3940,26
2019-05-20,PB,diesel_s10,69.8130,19
2019-05-20,PB,etanol,63.8940,18
2019-05-20,PB,gasolina,84.9720,19
2019-05-20,PE,diesel_s10,176.2760,48
2019-05-20,PE,etanol,176.5260,47
2019-05-20,PE,gasolina,245.4300,53
2019-05-20,PI,diesel_s10,95.0020,25
2019-05-20,PI,etanol,75.0250,20
2019-05-20,PI,gasolina,128.9620,27
2019-05-20,PR,diesel_s10,571.1680,161
2019-05-20,PR,etanol,609.2900,201
2019-05-20,PR,gasolina,882.3320,199
2019-05-20,RJ,diesel_s10,132.5160,35
2019-05-20,RJ,etanol,194.4820,49
2019-05-20,RJ,gasolina,246.9210,49
2019-05-20,RO,diesel_s10,111.3130,28
2019-05-20,RO,etanol,64.8580,17
2019-05-20,RO,gasolina,180.4380,38
2019-05-20,RS,diesel_s10,808.0800,220
2019-05-20,RS,etanol,553.1640,130
2019-05-20,RS,gasolina,1255.9640,262
2019-05-20,SC,diesel_s10,546.2650,151
2019-05-20,SC,etanol,408.6580,112
2019-05-20,SC,gasolina,726.5580,170
2019-05-20,SE,diesel_s10,79.4650,21
2019-05-20,SE,etanol,53.0740,14
2019-05-20,SE,gasolina,96.7640,21
2019-05-20,SP,diesel_s10,1365.5280,376
2019-05-20,SP,etanol,1317.2030,473
2019-05-20,SP,gasolina,2003.8300,468
2019-05-20,TO,diesel_s10,65.2580,17
2019-05-20,TO,etanol,41.9830,11
2019-05-20,TO,gasolina,81.8380,17
2019-05-21,AM,diesel_s10,144.2390,36
2019-05-21,AM,etanol,127.6700,37
2019-05-21,AM,gasolina,305.1790,70
2019-05-21,BA,diesel_s10,63.4720,16
2019-05-21,BA,etanol,68.9820,19
2019-05-21,BA,gasolina,96.0770,20
2019-05-21,CE,diesel_s10,706.4220,181
2019-05-21,CE,etanol,639.1110,167
2019-05-21,CE,gasolina,881.3570,187
2019-05-21,GO,diesel_s10,123.7020,32
2019-05-21,GO,etanol,122.9650,41
2019-05-21,GO,gasolina,188.9350,40
2019-05-21,MA,diesel_s10,55.8580,15
2019-05-21,MA,etanol,34.3740,9
2019-05-21,MA,gasolina,69.9400,15
2019-05-21,MG,diesel_s10,460.2120,120
2019-05-21,MG,etanol,491.1590,154
2019-05-21,MG,gasolina,746.7630,152
2019-05-21,MS,diesel_s10,143.3380,38
2019-05-21,MS,etanol,163.9430,47
2019-05-21,MS,gasolina,196.2740,46
2019-05-21,MT,diesel_s10,60.8140,15
2019-05-21,MT,etanol,48.1520,18
2019-05-21,MT,gasolina,83.0420,18
2019-05-21,PA,diesel_s10,168.3710,43
2019-05-21,PA,etanol,75.4870,20
2019-05-21,PA,gasolina,208.1130,45
2019-05-21,PB,diesel_s10,19.1570,5
2019-05-21,PB,etanol,14.8480,4
2019-05-21,PB,gasolina,18.4480,4
2019-05-21,PE,diesel_s10,173.4790,48
2019-05-21,PE,etanol,170.3620,46
2019-05-21,PE,gasolina,227.2250,50
2019-05-21,PI,diesel_s10,96.6940,25
2019-05-21,PI,etanol,78.5520,21
2019-05-21,PI,gasolina,140.4320,29
2019-05-21,PR,diesel_s10,85.6160,24
2019-05-21,PR,etanol,94.0750,30
2019-05-21,PR,gasolina,120.4040,27
2019-05-21,RJ,diesel_s10,271.4260,72
2019-05-21,RJ,etanol,356.8210,91
2019-05-21,RJ,gasolina,467.8230,93
2019-05-21,RN,diesel_s10,175.0570,45
2019-05-21,RN,etanol,175.0480,46
2019-05-21,RN,gasolina,244.5700,51
2019-05-21,RO,diesel_s10,43.7760,11
2019-05-21,RO,etanol,20.4370,5
2019-05-21,RO,gasolina,57.4460,12
2019-05-21,RR,diesel_s10,45.4900,12
2019-05-21,RR,etanol,7.4900,2
2019-05-21,RR,gasolina,57.3500,13
2019-05-21,RS,diesel_s10,225.2640,60
2019-05-21,RS,etanol,151.1030,35
2019-05-21,RS,gasolina,335.7400,69
2019-05-21,SC,diesel_s10,70.5580,19
2019-05-21,SC,etanol,49.6450,13
2019-05-21,SC,gasolina,98.4750,22
2019-05-21,SE,diesel_s10,3.6100,1
2019-05-21,SE,gasolina,4.4500,1
2019-05-21,SP,diesel_s10,557.5570,154
2019-05-21,SP,etanol,561.1140,203
2019-05-21,SP,gasolina,851.8220,199
2019-05-21,TO,diesel_s10,100.9210,28
2019-05-21,TO,etanol,97.6510,26
2019-05-21,TO,gasolina,134.9970,29
2019-05-22,AC,diesel_s10,124.3100,28
2019-05-22,AC,etanol,71.5980,18
2019-05-22,AC,gasolina,145.1700,29
2019-05-22,AL,diesel_s10,114.5830,29
2019-05-22,AL,etanol,140.2820,37
2019-05-22,AL,gasolina,174.4190,37
2019-05-22,AM,gasolina,4.8900,1
2019-05-22,BA,diesel_s10,562.8350,152
2019-05-22,BA,etanol,713.8220,206
2019-05-22,BA,gasolina,943.3140,207
2019-05-22,CE,diesel_s10,77.0880,20
2019-05-22,CE,etanol,69.6880,18
2019-05-22,CE,gasolina,95.1440,20
2019-05-22,GO,diesel_s10,309.0150,81
2019-05-22,GO,etanol,361.1230,116
2019-05-22,GO,gasolina,551.4710,115
2019-05-22,MA,diesel_s10,83.8160,22
2019-05-22,MA,etanol,49.8020,13
2019-05-22,MA,gasolina,110.7410,24
2019-05-22,MG,diesel_s10,546.4990,144
2019-05-22,MG,etanol,549.7620,176
2019-05-22,MG,gasolina,843.6030,174
2019-05-22,MS,diesel_s10,55.6200,14
2019-05-22,MS,etanol,59.1790,16
2019-05-22,MS,gasolina,83.3590,18
2019-05-22,MT,diesel_s10,328.3880,83
2019-05-22,MT,etanol,278.3390,106
2019-05-22,MT,gasolina,468.5900,105
2019-05-22,PA,diesel_s10,155.7080,39
2019-05-22,PA,etanol,68.3670,17
2019-05-22,PA,gasolina,194.3740,40
2019-05-22,PB,diesel_s10,117.1850,32
2019-05-22,PB,etanol,125.2950,35
2019-05-22,PB,gasolina,154.2680,35
2019-05-22,PE,diesel_s10,290.6510,80
2019-05-22,PE,etanol,295.5200,80
2019-05-22,PE,gasolina,400.4900,88
2019-05-22,PI,diesel_s10,41.8330,11
2019-05-22,PI,etanol,33.7090,9
2019-05-22,PI,gasolina,52.4250,11
2019-05-22,PR,diesel_s10,356.5930,101
2019-05-22,PR,etanol,360.8650,122
2019-05-22,PR,gasolina,528.5580,120
2019-05-22,RJ,diesel_s10,470.7230,125
2019-05-22,RJ,etanol,640.8620,161
2019-05-22,RJ,gasolina,825.5800,164
2019-05-22,RN,diesel_s10,47.3790,12
2019-05-22,RN,etanol,49.5700,13
2019-05-22,RN,gasolina,62.6870,13
2019-05-22,RO,diesel_s10,99.9690,25
2019-05-22,RO,etanol,29.4880,7
2019-05-22,RO,gasolina,120.4710,25
2019-05-22,RS,diesel_s10,44.6600,12
2019-05-22,RS,etanol,56.1500,13
2019-05-22,RS,gasolina,101.9850,20
2019-05-22,SC,diesel_s10,159.1020,43
2019-05-22,SC,etanol,147.1840,40
2019-05-22,SC,gasolina,208.2890,48
2019-05-22,SE,diesel_s10,76.5710,20
2019-05-22,SE,etanol,80.0610,21
2019-05-22,SE,gasolina,96.7630,21
2019-05-22,SP,diesel_s10,1962.2540,536
2019-05-22,SP,etanol,1881.9570,684
2019-05-22,SP,gasolina,2920.8680,675
2019-05-23,BA,diesel_s10,22.8680,6
2019-05-23,BA,etanol,21.9460,6
2019-05-23,BA,gasolina,24.8490,5
2019-05-23,DF,diesel_s10,115.8840,30
2019-05-23,DF,etanol,152.6170,46
2019-05-23,DF,gasolina,208.2910,47
2019-05-23,ES,diesel_s10,198.9960,53
2019-05-23,ES,etanol,184.8180,50
2019-05-23,ES,gasolina,322.3880,70
2019-05-23,GO,diesel_s10,78.5930,21
2019-05-23,GO,etanol,110.1460,36
2019-05-23,GO,gasolina,168.9760,36
2019-05-23,MA,diesel_s10,165.4460,44
2019-05-23,MA,etanol,23.0740,6
2019-05-23,MA,gasolina,210.3850,45
2019-05-23,MG,diesel_s10,7.5380,2
2019-05-23,MG,etanol,6.1680,2
2019-05-23,MG,gasolina,9.3960,2
2019-05-23,PA,gasolina,14.7600,3
2019-05-23,PB,diesel_s10,15.0980,4
2019-05-23,PB,etanol,14.1170,4
2019-05-23,PB,gasolina,17.6260,4
2019-05-23,PI,diesel_s10,3.8930,1
2019-05-23,PI,etanol,3.5970,1
2019-05-23,PI,gasolina,4.8970,1
2019-05-23,PR,diesel_s10,64.3500,18
2019-05-23,PR,etanol,63.6690,22
2019-05-23,PR,gasolina,92.2900,21
2019-05-23,RJ,diesel_s10,337.5610,90
2019-05-23,RJ,etanol,436.0740,112
2019-05-23,RJ,gasolina,572.4030,115
2019-05-23,RS,diesel_s10,26.2420,7
2019-05-23,RS,etanol,17.0370,4
2019-05-23,RS,gasolina,49.9340,10
2019-05-23,SC,diesel_s10,41.1320,11
2019-05-23,SC,etanol,37.5020,10
2019-05-23,SC,gasolina,52.3090,12
2019-05-23,SP,diesel_s10,893.5040,243
2019-05-23,SP,etanol,823.4070,303
2019-05-23,SP,gasolina,1290.2970,297
2019-05-27,AC,diesel_s10,44.9700,9
2019-05-27,AC,etanol,4.3900,1
2019-05-27,AC,gasolina,55.6700,10
2019-05-27,AL,diesel_s10,73.3090,19
2019-05-27,AL,etanol,74.4310,19
2019-05-27,AL,gasolina,96.0270,20
2019-05-27,AM,diesel_s10,39.4990,9
2019-05-27,AM,etanol,3.9700,1
2019-05-27,AM,gasolina,82.5490,17
2019-05-27,AP,diesel_s10,9.3500,2
2019-05-27,AP,gasolina,16.7490,4
2019-05-27,BA,diesel_s10,358.0620,94
2019-05-27,BA,etanol,399.4660,110
2019-05-27,BA,gasolina,562.3000,117
2019-05-27,CE,diesel_s10,113.9480,29
2019-05-27,CE,etanol,101.1160,26
2019-05-27,CE,gasolina,144.3050,30
2019-05-27,ES,diesel_s10,157.7590,42
2019-05-27,ES,etanol,97.0180,25
2019-05-27,ES,gasolina,224.2390,47
2019-05-27,GO,diesel_s10,161.6260,42
2019-05-27,GO,etanol,146.0110,49
2019-05-27,GO,gasolina,219.4900,47
2019-05-27,MA,diesel_s10,114.9970,30
2019-05-27,MA,etanol,68.9300,18
2019-05-27,MA,gasolina,146.8730,31
2019-05-27,MG,diesel_s10,785.8330,205
2019-05-27,MG,etanol,857.5490,271
2019-05-27,MG,gasolina,1346.4100,274
2019-05-27,MS,diesel_s10,115.8500,30
2019-05-27,MS,etanol,105.0980,29
2019-05-27,MS,gasolina,131.6720,29
2019-05-27,MT,diesel_s10,149.1290,35
2019-05-27,MT,etanol,100.9300,36
2019-05-27,MT,gasolina,172.2620,36
2019-05-27,PA,diesel_s10,133.6420,33
2019-05-27,PA,etanol,60.7450,15
2019-05-27,PA,gasolina,171.9910,35
2019-05-27,PB,diesel_s10,66.0960,18
2019-05-27,PB,etanol,60.1860,17
2019-05-27,PB,gasolina,80.4940,18
2019-05-27,PE,diesel_s10,183.8440,50
2019-05-27,PE,etanol,176.6260,47
2019-05-27,PE,gasolina,250.3190,54
2019-05-27,PI,diesel_s10,110.1480,29
2019-05-27,PI,etanol,74.2650,21
2019-05-27,PI,gasolina,149.6660,32
2019-05-27,PR,diesel_s10,570.8950,161
2019-05-27,PR,etanol,584.2200,194
2019-05-27,PR,gasolina,850.8120,192
2019-05-27,RJ,diesel_s10,143.7950,38
2019-05-27,RJ,etanol,207.6500,52
2019-05-27,RJ,gasolina,273.1480,54
2019-05-27,RN,diesel_s10,34.7500,9
2019-05-27,RN,etanol,26.3800,7
2019-05-27,RN,gasolina,43.4600,9
2019-05-27,RO,diesel_s10,127.1840,32
2019-05-27,RO,etanol,69.1980,18
2019-05-27,RO,gasolina,199.9390,42
2019-05-27,RS,diesel_s10,712.2560,194
2019-05-27,RS,etanol,452.1540,107
2019-05-27,RS,gasolina,1069.7590,223
2019-05-27,SC,diesel_s10,527.6580,146
2019-05-27,SC,etanol,388.6660,107
2019-05-27,SC,gasolina,680.6360,160
2019-05-27,SE,diesel_s10,71.6580,19
2019-05-27,SE,etanol,45.4830,12
2019-05-27,SE,gasolina,87.3100,19
2019-05-27,SP,diesel_s10,1106.7030,304
2019-05-27,SP,etanol,1089.8550,393
2019-05-27,SP,gasolina,1678.1170,390
2019-05-27,TO,diesel_s10,61.3900,16
2019-05-27,TO,etanol,42.0740,11
2019-05-27,TO,gasolina,77.0200,16
2019-05-28,AL,diesel_s10,45.5870,12
2019-05-28,AL,etanol,84.9960,23
2019-05-28,AL,gasolina,104.9170,23
2019-05-28,AM,diesel_s10,20.4300,5
2019-05-28,AM,etanol,3.3900,1
2019-05-28,AM,gasolina,61.8380,13
2019-05-28,AP,diesel_s10,9.3800,2
2019-05-28,AP,gasolina,36.1100,9
2019-05-28,BA,diesel_s10,135.2250,36
2019-05-28,BA,etanol,146.4800,42
2019-05-28,BA,gasolina,201.0340,43
2019-05-28,CE,diesel_s10,646.2640,165
2019-05-28,CE,etanol,602.7400,157
2019-05-28,CE,gasolina,810.3460,170
2019-05-28,DF,diesel_s10,124.2900,32
2019-05-28,DF,etanol,152.6350,46
2019-05-28,DF,gasolina,208.3950,47
2019-05-28,GO,diesel_s10,108.2040,28
2019-05-28,GO,etanol,101.1490,34
2019-05-28,GO,gasolina,160.3080,34
2019-05-28,MA,diesel_s10,175.3300,47
2019-05-28,MA,etanol,45.9500,12
2019-05-28,MA,gasolina,227.9560,49
2019-05-28,MG,diesel_s10,635.1070,166
2019-05-28,MG,etanol,662.0770,213
2019-05-28,MG,gasolina,1024.8400,211
2019-05-28,MS,diesel_s10,23.5120,6
2019-05-28,MS,etanol,22.6610,6
2019-05-28,MS,gasolina,27.1820,6
2019-05-28,MT,diesel_s10,299.9570,76
2019-05-28,MT,etanol,237.4490,91
2019-05-28,MT,gasolina,407.6290,91
2019-05-28,PA,diesel_s10,153.5510,39
2019-05-28,PA,etanol,72.7940,19
2019-05-28,PA,gasolina,193.9030,42
2019-05-28,PB,diesel_s10,96.0660,26
2019-05-28,PB,etanol,100.3940,27
2019-05-28,PB,gasolina,123.1420,27
2019-05-28,PE,diesel_s10,173.5360,48
2019-05-28,PE,etanol,170.1380,46
2019-05-28,PE,gasolina,227.3810,50
2019-05-28,PI,diesel_s10,96.0970,25
2019-05-28,PI,etanol,68.7800,19
2019-05-28,PI,gasolina,128.8530,27
2019-05-28,PR,diesel_s10,365.0540,103
2019-05-28,PR,etanol,383.1460,130
2019-05-28,PR,gasolina,542.6360,124
2019-05-28,RJ,diesel_s10,436.1690,115
2019-05-28,RJ,etanol,572.6150,146
2019-05-28,RJ,gasolina,760.5150,151
2019-05-28,RN,diesel_s10,142.0790,37
2019-05-28,RN,etanol,145.0070,39
2019-05-28,RN,gasolina,208.4030,44
2019-05-28,RO,diesel_s10,39.8760,10
2019-05-28,RO,etanol,15.9660,4
2019-05-28,RO,gasolina,52.7450,11
2019-05-28,RR,diesel_s10,41.6200,11
2019-05-28,RR,etanol,11.1800,3
2019-05-28,RR,gasolina,48.2290,11
2019-05-28,RS,diesel_s10,336.3270,90
2019-05-28,RS,etanol,204.4940,48
2019-05-28,RS,gasolina,518.5170,108
2019-05-28,SC,diesel_s10,74.2670,20
2019-05-28,SC,etanol,56.5720,15
2019-05-28,SC,gasolina,110.9620,25
2019-05-28,SE,diesel_s10,80.9130,21
2019-05-28,SE,etanol,72.4460,19
2019-05-28,SE,gasolina,102.7450,22
2019-05-28,SP,diesel_s10,1282.7790,354
2019-05-28,SP,etanol,1247.1120,461
2019-05-28,SP,gasolina,1951.4300,458
2019-05-28,TO,diesel_s10,98.3910,27
2019-05-28,TO,etanol,94.9510,25
2019-05-28,TO,gasolina,130.5770,28
2019-05-29,AL,diesel_s10,53.2280,13
2019-05-29,AL,etanol,56.0440,14
2019-05-29,AL,gasolina,68.5600,14
2019-05-29,AM,diesel_s10,134.4560,35
2019-05-29,AM,etanol,132.2230,39
2019-05-29,AM,gasolina,171.7720,43
2019-05-29,AP,diesel_s10,42.2100,9
2019-05-29,AP,etanol,3.9500,1
2019-05-29,AP,gasolina,64.0300,15
2019-05-29,BA,diesel_s10,367.7970,98
2019-05-29,BA,etanol,436.1600,123
2019-05-29,BA,gasolina,581.8830,125
2019-05-29,CE,diesel_s10,79.4470,21
2019-05-29,CE,etanol,78.8890,21
2019-05-29,CE,gasolina,96.5580,21
2019-05-29,GO,diesel_s10,326.2630,86
2019-05-29,GO,etanol,353.2440,115
2019-05-29,GO,gasolina,545.5600,114
2019-05-29,MA,diesel_s10,117.0420,31
2019-05-29,MA,etanol,45.7520,12
2019-05-29,MA,gasolina,152.2100,33
2019-05-29,MG,diesel_s10,338.6690,89
2019-05-29,MG,etanol,340.6660,108
2019-05-29,MG,gasolina,519.8730,106
2019-05-29,MS,diesel_s10,117.4830,31
2019-05-29,MS,etanol,170.5310,49
2019-05-29,MS,gasolina,220.7530,51
2019-05-29,MT,diesel_s10,125.8820,31
2019-05-29,MT,etanol,88.6250,33
2019-05-29,MT,gasolina,144.0120,32
2019-05-29,PA,diesel_s10,134.8830,34
2019-05-29,PA,etanol,60.3900,15
2019-05-29,PA,gasolina,170.8450,35
2019-05-29,PB,diesel_s10,48.2420,13
2019-05-29,PB,etanol,46.5450,13
2019-05-29,PB,gasolina,57.6650,13
2019-05-29,PE,diesel_s10,246.9590,68
2019-05-29,PE,etanol,247.4710,67
2019-05-29,PE,gasolina,342.1480,75
2019-05-29,PI,diesel_s10,26.4870,7
2019-05-29,PI,etanol,24.4910,7
2019-05-29,PI,gasolina,36.9880,8
2019-05-29,PR,diesel_s10,132.8780,37
2019-05-29,PR,etanol,144.4290,48
2019-05-29,PR,gasolina,217.3790,48
2019-05-29,RJ,diesel_s10,436.0780,114
2019-05-29,RJ,etanol,594.6900,149
2019-05-29,RJ,gasolina,761.8550,151
2019-05-29,RN,diesel_s10,35.5090,9
2019-05-29,RN,etanol,38.1000,10
2019-05-29,RN,gasolina,48.3190,10
2019-05-29,RO,diesel_s10,88.2490,22
2019-05-29,RO,etanol,25.1980,6
2019-05-29,RO,gasolina,106.0010,22
2019-05-29,RR,diesel_s10,7.4600,2
2019-05-29,RR,gasolina,8.7000,2
2019-05-29,RS,diesel_s10,55.8530,15
2019-05-29,RS,etanol,63.9580,15
2019-05-29,RS,gasolina,106.4840,21
2019-05-29,SC,diesel_s10,194.7320,52
2019-05-29,SC,etanol,175.6200,47
2019-05-29,SC,gasolina,259.0170,60
2019-05-29,SE,diesel_s10,7.7180,2
2019-05-29,SE,etanol,7.6870,2
2019-05-29,SE,gasolina,9.5940,2
2019-05-29,SP,diesel_s10,1491.1060,406
2019-05-29,SP,etanol,1475.6700,539
2019-05-29,SP,gasolina,2302.0200,530
2019-05-29,TO,diesel_s10,7.3990,2
2019-05-29,TO,etanol,3.7000,1
2019-05-29,TO,gasolina,9.3890,2
2019-05-30,AC,diesel_s10,119.9600,27
2019-05-30,AC,etanol,67.7300,17
2019-05-30,AC,gasolina,146.2690,29
2019-05-30,BA,diesel_s10,141.8370,38
2019-05-30,BA,etanol,208.7420,59
2019-05-30,BA,gasolina,268.2100,58
2019-05-30,ES,diesel_s10,180.4100,48
2019-05-30,ES,etanol,183.9610,50
2019-05-30,ES,gasolina,319.1800,70
2019-05-30,GO,diesel_s10,86.1260,23
2019-05-30,GO,etanol,109.3240,36
2019-05-30,GO,gasolina,168.5910,36
2019-05-30,MA,diesel_s10,33.9010,9
2019-05-30,MA,etanol,15.1560,4
2019-05-30,MA,gasolina,41.4510,9
2019-05-30,PA,gasolina,14.7600,3
2019-05-30,PB,diesel_s10,15.0980,4
2019-05-30,PB,etanol,14.1170,4
2019-05-30,PB,gasolina,17.6260,4
2019-05-30,PE,diesel_s10,31.3140,9
2019-05-30,PE,etanol,41.7390,12
2019-05-30,PE,gasolina,52.5900,12
2019-05-30,PI,diesel_s10,3.7930,1
2019-05-30,PI,etanol,3.6970,1
2019-05-30,PI,gasolina,4.5970,1
2019-05-30,PR,diesel_s10,7.1900,2
2019-05-30,PR,etanol,6.2800,2
2019-05-30,PR,gasolina,9.2800,2
2019-05-30,RJ,diesel_s10,182.6150,49
2019-05-30,RJ,etanol,241.1570,62
2019-05-30,RJ,gasolina,310.0900,62
2019-05-30,RS,diesel_s10,26.2420,7
2019-05-30,RS,etanol,17.0370,4
2019-05-30,RS,gasolina,44.8360,9
2019-05-30,SC,diesel_s10,21.9870,6
2019-05-30,SC,etanol,18.5870,5
2019-05-30,SC,gasolina,30.3140,7
2019-05-30,SP,diesel_s10,780.5520,213
2019-05-30,SP,etanol,724.2860,269
2019-05-30,SP,gasolina,1145.5320,264
2019-06-03,AC,diesel_s10,44.9700,9
2019-06-03,AC,etanol,4.3900,1
2019-06-03,AC,gasolina,55.6700,10
2019-06-03,AL,diesel_s10,77.3860,20
2019-06-03,AL,etanol,102.1760,27
2019-06-03,AL,gasolina,137.8560,29
2019-06-03,AM,diesel_s10,8.5000,2
2019-06-03,AM,gasolina,34.6890,7
2019-06-03,AP,diesel_s10,56.1800,12
2019-06-03,AP,gasolina,116.6290,28
2019-06-03,BA,diesel_s10,590.7920,154
2019-06-03,BA,etanol,638.2390,179
2019-06-03,BA,gasolina,857.2010,180
2019-06-03,CE,diesel_s10,23.4890,6
2019-06-03,CE,etanol,19.2700,5
2019-06-03,CE,gasolina,29.5600,6
2019-06-03,ES,diesel_s10,112.3190,30
2019-06-03,ES,etanol,69.1270,18
2019-06-03,ES,gasolina,156.7290,33
2019-06-03,GO,diesel_s10,275.1960,72
2019-06-03,GO,etanol,257.8180,87
2019-06-03,GO,gasolina,384.7960,83
2019-06-03,MA,diesel_s10,118.0760,31
2019-06-03,MA,etanol,65.7600,17
2019-06-03,MA,gasolina,149.9320,32
2019-06-03,MG,diesel_s10,814.2510,214
2019-06-03,MG,etanol,830.3430,268
2019-06-03,MG,gasolina,1285.9750,263
2019-06-03,MS,diesel_s10,112.8380,29
2019-06-03,MS,etanol,112.3590,31
2019-06-03,MS,gasolina,143.2710,31
2019-06-03,MT,diesel_s10,211.8010,51
2019-06-03,MT,etanol,152.9190,57
2019-06-03,MT,gasolina,261.5340,56
2019-06-03,PA,diesel_s10,78.1460,20
2019-06-03,PA,etanol,34.3180,9
2019-06-03,PA,gasolina,102.5740,22
2019-06-03,PB,diesel_s10,18.9200,5
2019-06-03,PB,etanol,21.7400,6
2019-06-03,PB,gasolina,26.8900,6
2019-06-03,PE,diesel_s10,107.6930,29
2019-06-03,PE,etanol,109.0480,28
2019-06-03,PE,gasolina,146.4600,30
2019-06-03,PI,diesel_s10,72.4870,19
2019-06-03,PI,etanol,56.3540,16
2019-06-03,PI,gasolina,93.2400,20
2019-06-03,PR,diesel_s10,714.4470,201
2019-06-03,PR,etanol,711.9110,239
2019-06-03,PR,gasolina,1036.6950,234
2019-06-03,RJ,diesel_s10,350.4290,93
2019-06-03,RJ,etanol,419.1740,107
2019-06-03,RJ,gasolina,572.7310,113
2019-06-03,RO,diesel_s10,63.9650,16
2019-06-03,RO,etanol,27.3450,7
2019-06-03,RO,gasolina,75.8830,16
2019-06-03,RS,diesel_s10,891.4680,243
2019-06-03,RS,etanol,587.5330,139
2019-06-03,RS,gasolina,1395.1170,294
2019-06-03,SC,diesel_s10,395.3250,109
2019-06-03,SC,etanol,258.5110,71
2019-06-03,SC,gasolina,514.7500,121
2019-06-03,SE,diesel_s10,48.7230,13
2019-06-03,SE,etanol,41.2150,11
2019-06-03,SE,gasolina,59.1770,13
2019-06-03,SP,diesel_s10,1685.0650,465
2019-06-03,SP,etanol,1615.4620,601
2019-06-03,SP,gasolina,2520.7590,592
2019-06-03,TO,diesel_s10,101.8440,27
2019-06-03,TO,etanol,76.6310,20
2019-06-03,TO,gasolina,128.8840,27
2019-06-04,AL,diesel_s10,3.6990,1
2019-06-04,AL,etanol,3.7990,1
2019-06-04,AL,gasolina,4.4690,1
2019-06-04,AM,diesel_s10,39.2500,9
2019-06-04,AM,etanol,7.9200,2
2019-06-04,AM,gasolina,85.8570,18
2019-06-04,BA,diesel_s10,51.3200,14
2019-06-04,BA,etanol,48.7120,14
2019-06-04,BA,gasolina,68.9010,15
2019-06-04,CE,diesel_s10,806.2430,208
2019-06-04,CE,etanol,738.6210,193
2019-06-04,CE,gasolina,993.4140,212
2019-06-04,ES,diesel_s10,18.8100,5
2019-06-04,ES,etanol,3.7900,1
2019-06-04,ES,gasolina,32.7890,7
2019-06-04,GO,diesel_s10,157.7680,41
2019-06-04,GO,etanol,146.9870,49
2019-06-04,GO,gasolina,228.1760,48
2019-06-04,MA,diesel_s10,88.2530,23
2019-06-04,MA,etanol,61.8690,16
2019-06-04,MA,gasolina,117.2700,25
2019-06-04,MG,diesel_s10,443.5180,116
2019-06-04,MG,etanol,472.3700,151
2019-06-04,MG,gasolina,748.9540,154
2019-06-04,MS,diesel_s10,31.8720,8
2019-06-04,MS,etanol,30.3420,8
2019-06-04,MS,gasolina,36.0810,8
2019-06-04,PA,diesel_s10,233.6610,58
2019-06-04,PA,etanol,89.9380,22
2019-06-04,PA,gasolina,291.9140,59
2019-06-04,PB,diesel_s10,74.3010,20
2019-06-04,PB,etanol,69.4920,19
2019-06-04,PB,gasolina,86.9720,19
2019-06-04,PE,diesel_s10,401.6250,112
2019-06-04,PE,etanol,409.5480,112
2019-06-04,PE,gasolina,554.7550,123
2019-06-04,PI,diesel_s10,80.9600,21
2019-06-04,PI,etanol,40.9830,11
2019-06-04,PI,gasolina,116.0580,24
2019-06-04,PR,diesel_s10,149.0660,42
2019-06-04,PR,etanol,150.0750,51
2019-06-04,PR,gasolina,226.5150,51
2019-06-04,RJ,diesel_s10,200.0670,54
2019-06-04,RJ,etanol,315.4590,82
2019-06-04,RJ,gasolina,407.8330,82
2019-06-04,RN,diesel_s10,102.1980,27
2019-06-04,RN,etanol,100.2380,27
2019-06-04,RN,gasolina,131.6140,28
2019-06-04,RO,diesel_s10,186.4480,47
2019-06-04,RO,etanol,92.1170,23
2019-06-04,RO,gasolina,259.7120,55
2019-06-04,RR,diesel_s10,37.6800,10
2019-06-04,RR,etanol,15.0100,4
2019-06-04,RR,gasolina,43.1400,10
2019-06-04,RS,diesel_s10,114.3460,30
2019-06-04,RS,etanol,82.0620,19
2019-06-04,RS,gasolina,184.1990,37
2019-06-04,SC,diesel_s10,50.9490,14
2019-06-04,SC,etanol,35.9190,10
2019-06-04,SC,gasolina,73.8380,17
2019-06-04,SE,diesel_s10,30.0760,8
2019-06-04,SE,etanol,7.4990,2
2019-06-04,SE,gasolina,36.1620,8
2019-06-04,SP,diesel_s10,642.5470,176
2019-06-04,SP,etanol,645.3230,241
2019-06-04,SP,gasolina,1013.6940,239
2019-06-04,TO,diesel_s10,60.5800,17
2019-06-04,TO,etanol,51.0800,14
2019-06-04,TO,gasolina,83.0830,18
2019-06-05,AL,diesel_s10,75.1350,19
2019-06-05,AL,etanol,99.8480,26
2019-06-05,AL,gasolina,122.8700,26
2019-06-05,AM,diesel_s10,11.9300,3
2019-06-05,AM,etanol,3.3900,1
2019-06-05,AM,gasolina,22.1590,5
2019-06-05,BA,diesel_s10,150.1870,41
2019-06-05,BA,etanol,171.9390,49
2019-06-05,BA,gasolina,228.1770,49
2019-06-05,DF,diesel_s10,109.1590,28
2019-06-05,DF,etanol,141.7430,43
2019-06-05,DF,gasolina,192.0640,44
2019-06-05,GO,diesel_s10,151.4870,40
2019-06-05,GO,etanol,173.5510,59
2019-06-05,GO,gasolina,278.7140,59
2019-06-05,MA,diesel_s10,34.1910,9
2019-06-05,MA,etanol,22.6940,6
2019-06-05,MA,gasolina,50.9940,11
2019-06-05,MG,diesel_s10,400.0990,105
2019-06-05,MG,etanol,395.9710,133
2019-06-05,MG,gasolina,634.2150,133
2019-06-05,MS,diesel_s10,7.4770,2
2019-06-05,MS,etanol,7.3970,2
2019-06-05,MS,gasolina,8.9970,2
2019-06-05,MT,diesel_s10,271.0330,69
2019-06-05,MT,etanol,234.6070,93
2019-06-05,MT,gasolina,413.3640,93
2019-06-05,PA,diesel_s10,110.6290,28
2019-06-05,PA,etanol,69.9760,18
2019-06-05,PA,gasolina,147.2610,32
2019-06-05,PB,diesel_s10,73.5680,20
2019-06-05,PB,etanol,78.5260,21
2019-06-05,PB,gasolina,96.0970,21
2019-06-05,PE,diesel_s10,109.4020,31
2019-06-05,PE,etanol,127.1570,36
2019-06-05,PE,gasolina,158.1990,36
2019-06-05,PI,diesel_s10,78.6570,21
2019-06-05,PI,etanol,66.1350,19
2019-06-05,PI,gasolina,100.3290,22
2019-06-05,PR,diesel_s10,184.8310,53
2019-06-05,PR,etanol,237.7590,83
2019-06-05,PR,gasolina,350.7880,82
2019-06-05,RJ,diesel_s10,495.9840,131
2019-06-05,RJ,etanol,704.4020,182
2019-06-05,RJ,gasolina,921.1640,185
2019-06-05,RN,diesel_s10,120.7480,31
2019-06-05,RN,etanol,113.6830,30
2019-06-05,RN,gasolina,157.4990,34
2019-06-05,RR,diesel_s10,7.5200,2
2019-06-05,RR,etanol,3.6900,1
2019-06-05,RR,gasolina,12.9100,3
2019-06-05,RS,diesel_s10,90.0410,24
2019-06-05,RS,etanol,43.2210,10
2019-06-05,RS,gasolina,133.5850,27
2019-06-05,SC,diesel_s10,327.4720,90
2019-06-05,SC,etanol,254.0590,70
2019-06-05,SC,gasolina,419.6670,101
2019-06-05,SE,diesel_s10,80.3130,21
2019-06-05,SE,etanol,75.3350,20
2019-06-05,SE,gasolina,99.9430,22
2019-06-05,SP,diesel_s10,1580.9120,433
2019-06-05,SP,etanol,1508.2440,566
2019-06-05,SP,gasolina,2398.9600,556
2019-06-05,TO,diesel_s10,3.5950,1
2019-06-05,TO,etanol,3.6790,1
2019-06-05,TO,gasolina,4.6910,1
2019-06-06,AC,diesel_s10,120.0700,27
2019-06-06,AC,etanol,67.2400,17
2019-06-06,AC,gasolina,146.1900,29
2019-06-06,AM,diesel_s10,110.8070,29
2019-06-06,AM,etanol,135.2560,39
2019-06-06,AM,gasolina,195.7850,43
2019-06-06,BA,diesel_s10,215.7070,59
2019-06-06,BA,etanol,307.4560,90
2019-06-06,BA,gasolina,413.9430,92
2019-06-06,DF,diesel_s10,11.3480,3
2019-06-06,DF,etanol,9.5660,3
2019-06-06,DF,gasolina,12.9060,3
2019-06-06,ES,diesel_s10,235.0200,63
2019-06-06,ES,etanol,195.2780,53
2019-06-06,ES,gasolina,345.2010,76
2019-06-06,GO,diesel_s10,101.4570,27
2019-06-06,GO,etanol,113.0910,39
2019-06-06,GO,gasolina,179.7810,39
2019-06-06,MA,diesel_s10,194.2980,52
2019-06-06,MA,etanol,11.6970,3
2019-06-06,MA,gasolina,245.9470,53
2019-06-06,MG,diesel_s10,127.0690,34
2019-06-06,MG,etanol,109.6890,38
2019-06-06,MG,gasolina,181.0180,38
2019-06-06,MS,diesel_s10,132.0430,35
2019-06-06,MS,etanol,150.2150,44
2019-06-06,MS,gasolina,185.9100,44
2019-06-06,MT,diesel_s10,42.4040,10
2019-06-06,MT,etanol,28.0490,10
2019-06-06,MT,gasolina,47.6230,10
2019-06-06,PB,diesel_s10,48.3030,13
2019-06-06,PB,etanol,59.8250,16
2019-06-06,PB,gasolina,73.2470,16
2019-06-06,PE,diesel_s10,3.6990,1
2019-06-06,PE,etanol,10.9280,3
2019-06-06,PE,gasolina,13.3780,3
2019-06-06,PI,diesel_s10,7.4920,2
2019-06-06,PI,etanol,6.9960,2
2019-06-06,PI,gasolina,8.9860,2
2019-06-06,PR,diesel_s10,3.4400,1
2019-06-06,PR,etanol,2.9400,1
2019-06-06,PR,gasolina,4.5600,1
2019-06-06,RJ,diesel_s10,118.6050,32
2019-06-06,RJ,etanol,145.3080,39
2019-06-06,RJ,gasolina,196.1740,40
2019-06-06,RS,diesel_s10,11.0270,3
2019-06-06,RS,etanol,8.1980,2
2019-06-06,RS,gasolina,13.8670,3
2019-06-06,SC,diesel_s10,42.6890,12
2019-06-06,SC,etanol,32.1220,9
2019-06-06,SC,gasolina,54.5720,13
2019-06-06,SP,diesel_s10,741.3060,202
2019-06-06,SP,etanol,671.5190,255
2019-06-06,SP,gasolina,1058.5420,244
2019-06-10,AC,diesel_s10,44.5700,9
2019-06-10,AC,etanol,4.3900,1
2019-06-10,AC,gasolina,54.9900,10
2019-06-10,AL,diesel_s10,77.5060,20
2019-06-10,AL,etanol,111.1460,29
2019-06-10,AL,gasolina,151.9740,32
2019-06-10,AM,diesel_s10,43.5390,10
2019-06-10,AM,etanol,7.9200,2
2019-06-10,AM,gasolina,91.3280,19
2019-06-10,AP,diesel_s10,9.0290,2
2019-06-10,AP,gasolina,16.4080,4
2019-06-10,BA,diesel_s10,570.1130,149
2019-06-10,BA,etanol,612.0280,172
2019-06-10,BA,gasolina,836.2310,176
2019-06-10,CE,diesel_s10,78.8560,20
2019-06-10,CE,etanol,77.1380,20
2019-06-10,CE,gasolina,106.7150,22
2019-06-10,ES,diesel_s10,108.4880,29
2019-06-10,ES,etanol,60.4280,16
2019-06-10,ES,gasolina,155.5890,33
2019-06-10,GO,diesel_s10,282.6070,74
2019-06-10,GO,etanol,266.0260,90
2019-06-10,GO,gasolina,398.4960,86
2019-06-10,MA,diesel_s10,246.7200,67
2019-06-10,MA,etanol,73.0790,19
2019-06-10,MA,gasolina,315.7750,69
2019-06-10,MG,diesel_s10,944.3110,248
2019-06-10,MG,etanol,946.9670,309
2019-06-10,MG,gasolina,1470.8850,303
2019-06-10,MS,diesel_s10,115.9380,30
2019-06-10,MS,etanol,119.0210,33
2019-06-10,MS,gasolina,150.9630,33
2019-06-10,MT,diesel_s10,210.7020,51
2019-06-10,MT,etanol,152.2390,57
2019-06-10,MT,gasolina,260.7930,56
2019-06-10,PA,diesel_s10,114.5350,29
2019-06-10,PA,etanol,50.1870,13
2019-06-10,PA,gasolina,146.4030,31
2019-06-10,PB,diesel_s10,22.5790,6
2019-06-10,PB,etanol,25.5090,7
2019-06-10,PB,gasolina,31.3290,7
2019-06-10,PE,diesel_s10,106.8810,29
2019-06-10,PE,etanol,108.0590,28
2019-06-10,PE,gasolina,150.3880,31
2019-06-10,PI,diesel_s10,53.6940,14
2019-06-10,PI,etanol,35.7290,10
2019-06-10,PI,gasolina,74.9130,16
2019-06-10,PR,diesel_s10,751.7670,214
2019-06-10,PR,etanol,753.8790,256
2019-06-10,PR,gasolina,1106.3020,254
2019-06-10,RJ,diesel_s10,366.7990,97
2019-06-10,RJ,etanol,458.3660,117
2019-06-10,RJ,gasolina,606.0510,120
2019-06-10,RN,diesel_s10,15.1700,4
2019-06-10,RN,etanol,14.8980,4
2019-06-10,RN,gasolina,18.6900,4
2019-06-10,RO,diesel_s10,79.1350,20
2019-06-10,RO,etanol,27.3950,7
2019-06-10,RO,gasolina,94.9830,20
2019-06-10,RS,diesel_s10,762.7460,209
2019-06-10,RS,etanol,485.1250,115
2019-06-10,RS,gasolina,1160.9180,246
2019-06-10,SC,diesel_s10,394.1250,109
2019-06-10,SC,etanol,260.5570,72
2019-06-10,SC,gasolina,516.9580,122
2019-06-10,SE,diesel_s10,44.3050,12
2019-06-10,SE,etanol,33.7260,9
2019-06-10,SE,gasolina,54.2190,12
2019-06-10,SP,diesel_s10,1528.8240,421
2019-06-10,SP,etanol,1475.6120,548
2019-06-10,SP,gasolina,2299.4450,542
2019-06-10,TO,diesel_s10,101.4850,27
2019-06-10,TO,etanol,80.4010,21
2019-06-10,TO,gasolina,128.9650,27
2019-06-11,AL,diesel_s10,3.6990,1
2019-06-11,AL,etanol,3.7990,1
2019-06-11,AL,gasolina,4.4690,1
2019-06-11,AM,diesel_s10,43.2580,11
2019-06-11,AM,etanol,33.5870,10
2019-06-11,AM,gasolina,97.8230,21
2019-06-11,BA,diesel_s10,189.1450,51
2019-06-11,BA,etanol,221.0160,66
2019-06-11,BA,gasolina,294.7690,67
2019-06-11,CE,diesel_s10,745.9000,192
2019-06-11,CE,etanol,687.4330,179
2019-06-11,CE,gasolina,897.7810,195
2019-06-11,DF,diesel_s10,119.5740,31
2019-06-11,DF,etanol,141.8430,44
2019-06-11,DF,gasolina,201.6650,47
2019-06-11,ES,diesel_s10,18.7600,5
2019-06-11,ES,etanol,3.8900,1
2019-06-11,ES,gasolina,32.8100,7
2019-06-11,GO,diesel_s10,145.2300,38
2019-06-11,GO,etanol,136.5460,46
2019-06-11,GO,gasolina,212.5950,45
2019-06-11,MA,diesel_s10,87.9830,23
2019-06-11,MA,etanol,61.8690,16
2019-06-11,MA,gasolina,116.9300,25
2019-06-11,MG,diesel_s10,467.8940,123
2019-06-11,MG,etanol,499.2810,162
2019-06-11,MG,gasolina,797.3560,165
2019-06-11,MS,diesel_s10,31.8720,8
2019-06-11,MS,etanol,30.3500,8
2019-06-11,MS,gasolina,36.0010,8
2019-06-11,MT,diesel_s10,98.7650,25
2019-06-11,MT,etanol,93.3760,39
2019-06-11,MT,gasolina,170.1330,39
2019-06-11,PA,diesel_s10,279.3320,70
2019-06-11,PA,etanol,122.5890,31
2019-06-11,PA,gasolina,341.5490,71
2019-06-11,PB,diesel_s10,74.2510,20
2019-06-11,PB,etanol,69.5820,19
2019-06-11,PB,gasolina,86.6610,19
2019-06-11,PE,diesel_s10,386.2800,108
2019-06-11,PE,etanol,390.5440,107
2019-06-11,PE,gasolina,534.9310,119
2019-06-11,PI,diesel_s10,95.5850,25
2019-06-11,PI,etanol,54.1410,15
2019-06-11,PI,gasolina,127.8160,27
2019-06-11,PR,diesel_s10,270.1940,76
2019-06-11,PR,etanol,253.5840,88
2019-06-11,PR,gasolina,380.5550,86
2019-06-11,RJ,diesel_s10,278.8810,76
2019-06-11,RJ,etanol,412.3660,108
2019-06-11,RJ,gasolina,534.8610,108
2019-06-11,RN,diesel_s10,187.8420,49
2019-06-11,RN,etanol,190.4410,51
2019-06-11,RN,gasolina,242.3520,53
2019-06-11,RO,diesel_s10,169.9490,43
2019-06-11,RO,etanol,79.0570,20
2019-06-11,RO,gasolina,238.6860,51
2019-06-11,RR,diesel_s10,37.0280,10
2019-06-11,RR,etanol,7.5800,2
2019-06-11,RR,gasolina,42.3880,10
2019-06-11,RS,diesel_s10,155.4300,41
2019-06-11,RS,etanol,99.0530,23
2019-06-11,RS,gasolina,230.6670,47
2019-06-11,SC,diesel_s10,47.2100,13
2019-06-11,SC,etanol,32.1200,9
2019-06-11,SC,gasolina,69.3690,16
2019-06-11,SE,diesel_s10,30.2550,8
2019-06-11,SE,etanol,7.3480,2
2019-06-11,SE,gasolina,36.1660,8
2019-06-11,SP,diesel_s10,982.7590,272
2019-06-11,SP,etanol,966.8710,369
2019-06-11,SP,gasolina,1542.0840,366
2019-06-11,TO,diesel_s10,57.7300,16
2019-06-11,TO,etanol,59.8200,16
2019-06-11,TO,gasolina,83.3840,18
2019-06-12,AC,diesel_s10,8.8000,2
2019-06-12,AC,etanol,7.7900,2
2019-06-12,AC,gasolina,9.7300,2
2019-06-12,AL,diesel_s10,74.7400,19
2019-06-12,AL,etanol,91.6650,24
2019-06-12,AL,gasolina,113.1790,24
2019-06-12,AM,diesel_s10,111.8570,29
2019-06-12,AM,etanol,90.9440,27
2019-06-12,AM,gasolina,151.3780,33
2019-06-12,AP,diesel_s10,51.0600,11
2019-06-12,AP,gasolina,94.4400,24
2019-06-12,BA,diesel_s10,246.0700,67
2019-06-12,BA,etanol,317.9480,93
2019-06-12,BA,gasolina,430.6140,95
2019-06-12,CE,diesel_s10,3.7900,1
2019-06-12,CE,etanol,3.7990,1
2019-06-12,CE,gasolina,4.4990,1
2019-06-12,GO,diesel_s10,205.0210,55
2019-06-12,GO,etanol,234.3650,80
2019-06-12,GO,gasolina,373.0440,80
2019-06-12,MA,diesel_s10,65.6460,18
2019-06-12,MA,etanol,14.6460,4
2019-06-12,MA,gasolina,81.9120,18
2019-06-12,MG,diesel_s10,239.9360,63
2019-06-12,MG,etanol,237.4880,80
2019-06-12,MG,gasolina,381.6460,80
2019-06-12,MS,diesel_s10,132.5780,36
2019-06-12,MS,etanol,146.4750,44
2019-06-12,MS,gasolina,179.7860,43
2019-06-12,MT,diesel_s10,167.5330,43
2019-06-12,MT,etanol,129.2230,54
2019-06-12,MT,gasolina,233.7080,54
2019-06-12,PA,diesel_s10,26.8770,7
2019-06-12,PA,etanol,11.8090,3
2019-06-12,PA,gasolina,51.8370,11
2019-06-12,PB,diesel_s10,76.9160,21
2019-06-12,PB,etanol,88.0550,24
2019-06-12,PB,gasolina,108.9950,24
2019-06-12,PE,diesel_s10,125.4650,35
2019-06-12,PE,etanol,150.9160,42
2019-06-12,PE,gasolina,185.8470,42
2019-06-12,PI,diesel_s10,89.8720,24
2019-06-12,PI,etanol,75.3780,22
2019-06-12,PI,gasolina,112.6070,25
2019-06-12,PR,diesel_s10,53.9990,15
2019-06-12,PR,etanol,81.0370,28
2019-06-12,PR,gasolina,119.9780,27
2019-06-12,RJ,diesel_s10,522.2190,138
2019-06-12,RJ,etanol,665.1050,172
2019-06-12,RJ,gasolina,869.9550,175
2019-06-12,RN,diesel_s10,19.4100,5
2019-06-12,RN,etanol,15.0290,4
2019-06-12,RN,gasolina,28.3200,6
2019-06-12,RR,diesel_s10,11.1400,3
2019-06-12,RR,gasolina,12.7100,3
2019-06-12,RS,diesel_s10,130.2710,35
2019-06-12,RS,etanol,102.2780,25
2019-06-12,RS,gasolina,210.1450,45
2019-06-12,SC,diesel_s10,306.7750,84
2019-06-12,SC,etanol,285.6980,78
2019-06-12,SC,gasolina,422.2960,102
2019-06-12,SE,diesel_s10,88.1250,23
2019-06-12,SE,etanol,85.6190,23
2019-06-12,SE,gasolina,103.4790,23
2019-06-12,SP,diesel_s10,1599.9580,438
2019-06-12,SP,etanol,1516.0490,571
2019-06-12,SP,gasolina,2423.5660,563
2019-06-12,TO,diesel_s10,3.5950,1
2019-06-12,TO,etanol,3.6790,1
2019-06-12,TO,gasolina,4.6910,1
2019-06-13,AC,diesel_s10,107.0400,24
2019-06-13,AC,etanol,63.3600,16
2019-06-13,AC,gasolina,135.3600,27
2019-06-13,BA,diesel_s10,3.9090,1
2019-06-13,BA,etanol,3.5890,1
2019-06-13,BA,gasolina,4.7990,1
2019-06-13,ES,diesel_s10,232.1430,63
2019-06-13,ES,etanol,199.6730,55
2019-06-13,ES,gasolina,339.4430,76
2019-06-13,GO,diesel_s10,52.2100,14
2019-06-13,GO,etanol,51.2550,18
2019-06-13,GO,gasolina,81.3300,18
2019-06-13,MA,diesel_s10,29.2930,8
2019-06-13,MA,etanol,11.2780,3
2019-06-13,MA,gasolina,41.3030,9
2019-06-13,MG,diesel_s10,113.5180,30
2019-06-13,MG,etanol,114.0400,40
2019-06-13,MG,gasolina,189.9400,40
2019-06-13,MS,diesel_s10,3.9900,1
2019-06-13,MS,etanol,3.6990,1
2019-06-13,MS,gasolina,4.3990,1
2019-06-13,MT,diesel_s10,42.4040,10
2019-06-13,MT,etanol,28.0890,10
2019-06-13,MT,gasolina,47.6230,10
2019-06-13,PA,diesel_s10,3.6200,1
2019-06-13,PA,gasolina,4.6000,1
2019-06-13,PB,diesel_s10,37.2850,10
2019-06-13,PB,etanol,44.7420,12
2019-06-13,PB,gasolina,54.8940,12
2019-06-13,PR,diesel_s10,7.2300,2
2019-06-13,PR,etanol,5.8800,2
2019-06-13,PR,gasolina,9.0100,2
2019-06-13,RJ,diesel_s10,48.2580,13
2019-06-13,RJ,etanol,63.9340,17
2019-06-13,RJ,gasolina,88.3340,18
2019-06-13,RS,diesel_s10,65.9500,18
2019-06-13,RS,etanol,56.5410,14
2019-06-13,RS,gasolina,106.8260,23
2019-06-13,SC,diesel_s10,38.9910,11
2019-06-13,SC,etanol,28.3230,8
2019-06-13,SC,gasolina,50.1270,12
2019-06-13,SP,diesel_s10,514.3120,142
2019-06-13,SP,etanol,459.1600,175
2019-06-13,SP,gasolina,737.6720,172
2019-06-17,AC,diesel_s10,43.3900,9
2019-06-17,AC,etanol,4.6900,1
2019-06-17,AC,gasolina,53.1500,10
2019-06-17,AL,diesel_s10,107.2230,28
2019-06-17,AL,etanol,127.8820,35
2019-06-17,AL,gasolina,179.0380,38
2019-06-17,AM,diesel_s10,21.1300,5
2019-06-17,AM,etanol,15.8400,4
2019-06-17,AM,gasolina,55.2100,12
2019-06-17,AP,diesel_s10,60.0890,13
2019-06-17,AP,gasolina,110.6480,28
2019-06-17,BA,diesel_s10,522.7260,139
2019-06-17,BA,etanol,575.3250,166
2019-06-17,BA,gasolina,788.7730,168
2019-06-17,CE,diesel_s10,135.2310,35
2019-06-17,CE,etanol,118.8060,31
2019-06-17,CE,gasolina,184.5180,40
2019-06-17,DF,diesel_s10,3.9000,1
2019-06-17,DF,etanol,3.2590,1
2019-06-17,DF,gasolina,4.4290,1
2019-06-17,ES,diesel_s10,148.3260,40
2019-06-17,ES,etanol,96.6560,26
2019-06-17,ES,gasolina,212.6880,46
2019-06-17,GO,diesel_s10,261.5860,69
2019-06-17,GO,etanol,231.9700,80
2019-06-17,GO,gasolina,360.5440,78
2019-06-17,MA,diesel_s10,80.7730,21
2019-06-17,MA,etanol,47.3450,12
2019-06-17,MA,gasolina,104.3830,22
2019-06-17,MG,diesel_s10,1187.8330,317
2019-06-17,MG,etanol,1196.4470,396
2019-06-17,MG,gasolina,1878.6690,392
2019-06-17,MS,diesel_s10,95.7830,25
2019-06-17,MS,etanol,92.8870,26
2019-06-17,MS,gasolina,117.1570,26
2019-06-17,MT,diesel_s10,244.8770,60
2019-06-17,MT,etanol,177.3660,67
2019-06-17,MT,gasolina,300.2310,65
2019-06-17,PA,diesel_s10,235.8380,60
2019-06-17,PA,etanol,105.5480,27
2019-06-17,PA,gasolina,293.3790,62
2019-06-17,PB,diesel_s10,73.7830,20
2019-06-17,PB,etanol,69.2180,19
2019-06-17,PB,gasolina,86.9470,19
2019-06-17,PE,diesel_s10,272.7070,77
2019-06-17,PE,etanol,287.1720,78
2019-06-17,PE,gasolina,392.0640,86
2019-06-17,PI,diesel_s10,91.8490,24
2019-06-17,PI,etanol,54.0540,15
2019-06-17,PI,gasolina,126.4240,27
2019-06-17,PR,diesel_s10,691.3740,198
2019-06-17,PR,etanol,708.2890,244
2019-06-17,PR,gasolina,1040.3230,239
2019-06-17,RJ,diesel_s10,180.3440,48
2019-06-17,RJ,etanol,225.5460,58
2019-06-17,RJ,gasolina,311.0990,62
2019-06-17,RN,diesel_s10,38.7290,10
2019-06-17,RN,etanol,36.8090,10
2019-06-17,RN,gasolina,48.1260,11
2019-06-17,RO,diesel_s10,125.3570,32
2019-06-17,RO,etanol,73.9180,19
2019-06-17,RO,gasolina,181.5910,39
2019-06-17,RR,diesel_s10,29.6100,8
2019-06-17,RR,etanol,7.4900,2
2019-06-17,RR,gasolina,37.7900,9
2019-06-17,RS,diesel_s10,899.5230,246
2019-06-17,RS,etanol,618.8550,148
2019-06-17,RS,gasolina,1385.5880,300
2019-06-17,SC,diesel_s10,712.5340,197
2019-06-17,SC,etanol,567.4650,156
2019-06-17,SC,gasolina,966.3510,234
2019-06-17,SE,diesel_s10,145.0180,39
2019-06-17,SE,etanol,114.6600,31
2019-06-17,SE,gasolina,177.8500,40
2019-06-17,SP,diesel_s10,1312.9210,366
2019-06-17,SP,etanol,1254.9430,472
2019-06-17,SP,gasolina,1964.6840,468
2019-06-17,TO,diesel_s10,74.8710,20
2019-06-17,TO,etanol,48.3860,13
2019-06-17,TO,gasolina,99.1710,21
2019-06-18,AC,diesel_s10,119.9400,27
2019-06-18,AC,etanol,70.5300,18
2019-06-18,AC,gasolina,139.2200,28
2019-06-18,AL,diesel_s10,74.9440,19
2019-06-18,AL,etanol,72.3740,19
2019-06-18,AL,gasolina,89.8480,19
2019-06-18,AM,diesel_s10,139.4680,36
2019-06-18,AM,etanol,124.5660,37
2019-06-18,AM,gasolina,283.5180,61
2019-06-18,BA,diesel_s10,467.6040,128
2019-06-18,BA,etanol,600.9050,169
2019-06-18,BA,gasolina,789.7990,171
2019-06-18,CE,diesel_s10,682.9500,177
2019-06-18,CE,etanol,628.3690,166
2019-06-18,CE,gasolina,816.3390,179
2019-06-18,DF,diesel_s10,115.7480,30
2019-06-18,DF,etanol,144.8310,45
2019-06-18,DF,gasolina,196.0800,46
2019-06-18,ES,diesel_s10,175.0520,48
2019-06-18,ES,etanol,179.5110,50
2019-06-18,ES,gasolina,308.7910,70
2019-06-18,GO,diesel_s10,370.0080,99
2019-06-18,GO,etanol,390.2900,135
2019-06-18,GO,gasolina,609.2470,133
2019-06-18,MA,diesel_s10,333.7560,91
2019-06-18,MA,etanol,126.5320,34
2019-06-18,MA,gasolina,430.9730,96
2019-06-18,MG,diesel_s10,320.1330,85
2019-06-18,MG,etanol,341.2190,113
2019-06-18,MG,gasolina,532.8990,111
2019-06-18,MS,diesel_s10,118.3200,32
2019-06-18,MS,etanol,162.3730,48
2019-06-18,MS,gasolina,208.1340,49
2019-06-18,MT,diesel_s10,309.5590,80
2019-06-18,MT,etanol,220.6260,93
2019-06-18,MT,gasolina,403.0110,93
2019-06-18,PA,diesel_s10,185.1420,46
2019-06-18,PA,etanol,88.4150,22
2019-06-18,PA,gasolina,244.8470,51
2019-06-18,PB,diesel_s10,121.8310,33
2019-06-18,PB,etanol,152.4870,42
2019-06-18,PB,gasolina,193.7660,43
2019-06-18,PE,diesel_s10,333.7780,94
2019-06-18,PE,etanol,342.7910,96
2019-06-18,PE,gasolina,467.0620,105
2019-06-18,PI,diesel_s10,142.6940,38
2019-06-18,PI,etanol,114.7030,33
2019-06-18,PI,gasolina,187.4410,41
2019-06-18,PR,diesel_s10,370.2310,107
2019-06-18,PR,etanol,367.8820,129
2019-06-18,PR,gasolina,546.5200,129
2019-06-18,RJ,diesel_s10,758.2120,204
2019-06-18,RJ,etanol,1008.4470,266
2019-06-18,RJ,gasolina,1340.0580,272
2019-06-18,RN,diesel_s10,169.9030,44
2019-06-18,RN,etanol,163.0910,44
2019-06-18,RN,gasolina,235.4050,52
2019-06-18,RO,diesel_s10,91.0480,23
2019-06-18,RO,etanol,33.0060,8
2019-06-18,RO,gasolina,112.1680,24
2019-06-18,RR,diesel_s10,14.5900,4
2019-06-18,RR,etanol,7.4700,2
2019-06-18,RR,gasolina,16.7600,4
2019-06-18,RS,diesel_s10,169.8680,46
2019-06-18,RS,etanol,131.5620,31
2019-06-18,RS,gasolina,258.7220,54
2019-06-18,SC,diesel_s10,64.4150,18
2019-06-18,SC,etanol,31.2710,9
2019-06-18,SC,gasolina,73.0070,18
2019-06-18,SE,diesel_s10,11.1290,3
2019-06-18,SE,etanol,10.8700,3
2019-06-18,SE,gasolina,13.2700,3
2019-06-18,SP,diesel_s10,2701.7710,752
2019-06-18,SP,etanol,2533.2800,976
2019-06-18,SP,gasolina,4059.6310,965
2019-06-18,TO,diesel_s10,89.5930,25
2019-06-18,TO,etanol,90.1270,24
2019-06-18,TO,gasolina,116.8300,25
2019-06-19,AC,diesel_s10,4.4700,1
2019-06-19,AC,etanol,3.9900,1
2019-06-19,AC,gasolina,4.9700,1
2019-06-19,CE,diesel_s10,3.7900,1
2019-06-19,CE,etanol,3.6900,1
2019-06-19,CE,gasolina,4.6900,1
2019-06-19,GO,diesel_s10,22.3060,6
2019-06-19,GO,etanol,56.2300,19
2019-06-19,GO,gasolina,88.5300,19
2019-06-19,MA,diesel_s10,10.5880,3
2019-06-19,MA,etanol,3.5800,1
2019-06-19,MA,gasolina,13.1880,3
2019-06-19,MG,diesel_s10,245.3790,66
2019-06-19,MG,etanol,232.0440,83
2019-06-19,MG,gasolina,387.3660,83
2019-06-19,MS,diesel_s10,38.7250,10
2019-06-19,MS,etanol,37.5300,10
2019-06-19,MS,gasolina,44.8300,10
2019-06-19,PE,etanol,3.5500,1
2019-06-19,PE,gasolina,4.3990,1
2019-06-19,RJ,diesel_s10,273.8420,74
2019-06-19,RJ,etanol,320.0890,84
2019-06-19,RJ,gasolina,415.6990,84
2019-06-19,RO,diesel_s10,31.1500,8
2019-06-19,RO,etanol,12.3100,3
2019-06-19,RO,gasolina,37.3790,8
2019-06-19,RS,diesel_s10,26.0830,7
2019-06-19,RS,etanol,7.9980,2
2019-06-19,RS,gasolina,32.6930,7
2019-06-19,SP,diesel_s10,602.0980,168
2019-06-19,SP,etanol,545.1860,213
2019-06-19,SP,gasolina,846.7400,202
2019-06-24,AC,diesel_s10,43.4200,9
2019-06-24,AC,etanol,9.0800,2
2019-06-24,AC,gasolina,53.1000,10
2019-06-24,AL,diesel_s10,68.9050,18
2019-06-24,AL,etanol,64.5990,17
2019-06-24,AL,gasolina,94.5830,20
2019-06-24,AM,diesel_s10,74.6800,20
2019-06-24,AM,etanol,99.6250,30
2019-06-24,AM,gasolina,173.5760,38
2019-06-24,AP,diesel_s10,4.2100,1
2019-06-24,AP,gasolina,12.2180,3
2019-06-24,BA,diesel_s10,484.8980,129
2019-06-24,BA,etanol,536.2050,155
2019-06-24,BA,gasolina,738.3550,157
2019-06-24,CE,diesel_s10,126.9520,33
2019-06-24,CE,etanol,107.3060,28
2019-06-24,CE,gasolina,170.0910,37
2019-06-24,DF,diesel_s10,45.7050,12
2019-06-24,DF,etanol,54.1590,17
2019-06-24,DF,gasolina,75.2890,17
2019-06-24,ES,diesel_s10,140.6860,38
2019-06-24,ES,etanol,85.3770,23
2019-06-24,ES,gasolina,198.2270,43
2019-06-24,GO,diesel_s10,256.9860,68
2019-06-24,GO,etanol,228.4890,79
2019-06-24,GO,gasolina,355.0340,77
2019-06-24,MA,diesel_s10,80.7530,21
2019-06-24,MA,etanol,47.2450,12
2019-06-24,MA,gasolina,104.3830,22
2019-06-24,MG,diesel_s10,975.6220,261
2019-06-24,MG,etanol,967.5140,319
2019-06-24,MG,gasolina,1514.6440,315
2019-06-24,MS,diesel_s10,95.4620,25
2019-06-24,MS,etanol,92.7470,26
2019-06-24,MS,gasolina,116.6670,26
2019-06-24,MT,diesel_s10,240.0670,59
2019-06-24,MT,etanol,171.7820,65
2019-06-24,MT,gasolina,290.5550,63
2019-06-24,PA,diesel_s10,227.5570,58
2019-06-24,PA,etanol,101.0680,26
2019-06-24,PA,gasolina,283.4880,60
2019-06-24,PB,diesel_s10,73.7930,20
2019-06-24,PB,etanol,69.3280,19
2019-06-24,PB,gasolina,86.9570,19
2019-06-24,PE,diesel_s10,274.7140,78
2019-06-24,PE,etanol,285.4880,78
2019-06-24,PE,gasolina,390.8390,86
2019-06-24,PI,diesel_s10,157.6940,42
2019-06-24,PI,etanol,113.7060,33
2019-06-24,PI,gasolina,203.8460,45
2019-06-24,PR,diesel_s10,567.3490,163
2019-06-24,PR,etanol,569.0440,196
2019-06-24,PR,gasolina,833.1060,192
2019-06-24,RJ,diesel_s10,138.7550,37
2019-06-24,RJ,etanol,185.5990,48
2019-06-24,RJ,gasolina,250.4320,50
2019-06-24,RN,diesel_s10,30.9990,8
2019-06-24,RN,etanol,29.4290,8
2019-06-24,RN,gasolina,39.2370,9
2019-06-24,RO,diesel_s10,35.0290,9
2019-06-24,RO,etanol,19.5690,5
2019-06-24,RO,gasolina,37.5680,8
2019-06-24,RS,diesel_s10,731.6640,202
2019-06-24,RS,etanol,482.0000,116
2019-06-24,RS,gasolina,1114.9680,243
2019-06-24,SC,diesel_s10,674.4740,187
2019-06-24,SC,etanol,510.4630,141
2019-06-24,SC,gasolina,953.5790,232
2019-06-24,SE,diesel_s10,77.1610,21
2019-06-24,SE,etanol,51.2420,14
2019-06-24,SE,gasolina,93.0330,21
2019-06-24,SP,diesel_s10,1008.2900,282
2019-06-24,SP,etanol,975.3070,366
2019-06-24,SP,gasolina,1523.8310,362
2019-06-24,TO,diesel_s10,71.3520,19
2019-06-24,TO,etanol,44.6870,12
2019-06-24,TO,gasolina,94.2820,20
2019-06-25,AL,diesel_s10,28.7290,7
2019-06-25,AL,etanol,28.2400,7
2019-06-25,AL,gasolina,35.1340,7
2019-06-25,AM,diesel_s10,38.1490,9
2019-06-25,AM,gasolina,59.8190,13
2019-06-25,AP,diesel_s10,55.2500,12
2019-06-25,AP,gasolina,98.1100,25
2019-06-25,BA,diesel_s10,74.4710,20
2019-06-25,BA,etanol,76.4850,22
2019-06-25,BA,gasolina,112.0500,24
2019-06-25,CE,diesel_s10,544.9340,143
2019-06-25,CE,etanol,527.7610,139
2019-06-25,CE,gasolina,644.3730,145
2019-06-25,DF,diesel_s10,73.3510,19
2019-06-25,DF,etanol,91.0600,29
2019-06-25,DF,gasolina,130.5010,30
2019-06-25,ES,diesel_s10,11.3900,3
2019-06-25,ES,etanol,3.8800,1
2019-06-25,ES,gasolina,13.8700,3
2019-06-25,GO,diesel_s10,60.6130,16
2019-06-25,GO,etanol,67.9590,23
2019-06-25,GO,gasolina,102.0760,22
2019-06-25,MA,diesel_s10,74.4350,20
2019-06-25,MA,etanol,53.1280,14
2019-06-25,MA,gasolina,91.0530,20
2019-06-25,MG,diesel_s10,310.0270,83
2019-06-25,MG,etanol,340.8160,116
2019-06-25,MG,gasolina,539.9200,115
2019-06-25,MS,diesel_s10,22.4550,6
2019-06-25,MS,etanol,21.1650,6
2019-06-25,MS,gasolina,27.2650,6
2019-06-25,MT,diesel_s10,4.0700,1
2019-06-25,MT,etanol,2.7990,1
2019-06-25,MT,gasolina,4.5990,1
2019-06-25,PA,diesel_s10,61.2660,15
2019-06-25,PA,etanol,12.2400,3
2019-06-25,PA,gasolina,98.8060,20
2019-06-25,PB,diesel_s10,40.5650,11
2019-06-25,PB,etanol,51.1520,14
2019-06-25,PB,gasolina,63.2820,14
2019-06-25,PI,diesel_s10,18.7280,5
2019-06-25,PI,etanol,16.7790,5
2019-06-25,PI,gasolina,26.6390,6
2019-06-25,PR,diesel_s10,236.3410,68
2019-06-25,PR,etanol,229.1010,80
2019-06-25,PR,gasolina,342.0810,79
2019-06-25,RJ,diesel_s10,118.0100,31
2019-06-25,RJ,etanol,155.8370,41
2019-06-25,RJ,gasolina,203.3620,41
2019-06-25,RN,diesel_s10,130.8890,34
2019-06-25,RN,etanol,119.6580,32
2019-06-25,RN,gasolina,166.2350,37
2019-06-25,RO,diesel_s10,50.4870,13
2019-06-25,RO,etanol,16.0590,4
2019-06-25,RO,gasolina,64.9370,14
2019-06-25,RR,diesel_s10,36.5600,10
2019-06-25,RR,etanol,11.1900,3
2019-06-25,RR,gasolina,45.7190,11
2019-06-25,RS,diesel_s10,212.5390,58
2019-06-25,RS,etanol,173.0940,42
2019-06-25,RS,gasolina,337.6460,73
2019-06-25,SC,gasolina,4.6980,1
2019-06-25,SE,diesel_s10,3.8200,1
2019-06-25,SE,gasolina,4.5990,1
2019-06-25,SP,diesel_s10,822.6650,229
2019-06-25,SP,etanol,819.1260,317
2019-06-25,SP,gasolina,1332.0590,315
2019-06-25,TO,diesel_s10,72.1750,20
2019-06-25,TO,etanol,68.0870,18
2019-06-25,TO,gasolina,94.3760,20
2019-06-26,AL,diesel_s10,22.7850,6
2019-06-26,AL,etanol,23.1670,6
2019-06-26,AL,gasolina,26.8860,6
2019-06-26,AM,diesel_s10,28.9300,7
2019-06-26,AM,etanol,3.3900,1
2019-06-26,AM,gasolina,80.8440,17
2019-06-26,BA,diesel_s10,356.7050,97
2019-06-26,BA,etanol,470.1050,135
2019-06-26,BA,gasolina,610.9650,134
2019-06-26,CE,diesel_s10,143.5340,37
2019-06-26,CE,etanol,117.2350,31
2019-06-26,CE,gasolina,178.8320,38
2019-06-26,ES,diesel_s10,65.9060,18
2019-06-26,ES,etanol,58.0070,16
2019-06-26,ES,gasolina,116.6850,26
2019-06-26,GO,diesel_s10,309.9140,84
2019-06-26,GO,etanol,317.9840,111
2019-06-26,GO,gasolina,500.1470,110
2019-06-26,MA,diesel_s10,266.3290,74
2019-06-26,MA,etanol,73.4060,20
2019-06-26,MA,gasolina,349.0710,78
2019-06-26,MG,diesel_s10,442.5340,119
2019-06-26,MG,etanol,435.5670,150
2019-06-26,MG,gasolina,714.2430,151
2019-06-26,MS,diesel_s10,125.2530,34
2019-06-26,MS,etanol,143.2380,43
2019-06-26,MS,gasolina,178.4040,43
2019-06-26,MT,diesel_s10,233.0020,60
2019-06-26,MT,etanol,175.8610,74
2019-06-26,MT,gasolina,320.3410,74
2019-06-26,PA,diesel_s10,131.4460,33
2019-06-26,PA,etanol,75.9760,19
2019-06-26,PA,gasolina,155.0410,33
2019-06-26,PB,diesel_s10,14.9690,4
2019-06-26,PB,etanol,18.0190,5
2019-06-26,PB,gasolina,22.2890,5
2019-06-26,PE,diesel_s10,341.4260,96
2019-06-26,PE,etanol,343.0870,96
2019-06-26,PE,gasolina,464.8400,105
2019-06-26,PI,diesel_s10,55.8870,15
2019-06-26,PI,etanol,35.0820,10
2019-06-26,PI,gasolina,78.1850,17
2019-06-26,PR,diesel_s10,278.8600,82
2019-06-26,PR,etanol,273.8650,97
2019-06-26,PR,gasolina,401.9250,96
2019-06-26,RJ,diesel_s10,717.0460,194
2019-06-26,RJ,etanol,908.2190,239
2019-06-26,RJ,gasolina,1207.4640,245
2019-06-26,RN,diesel_s10,53.4400,14
2019-06-26,RN,etanol,56.1190,15
2019-06-26,RN,gasolina,84.0980,18
2019-06-26,RO,diesel_s10,59.6900,15
2019-06-26,RO,etanol,21.0770,5
2019-06-26,RO,gasolina,71.0710,15
2019-06-26,RR,diesel_s10,7.2990,2
2019-06-26,RR,gasolina,8.3090,2
2019-06-26,RS,diesel_s10,133.8360,37
2019-06-26,RS,etanol,100.9920,24
2019-06-26,RS,gasolina,196.9440,42
2019-06-26,SC,diesel_s10,67.9540,19
2019-06-26,SC,etanol,34.3460,10
2019-06-26,SC,gasolina,76.6760,19
2019-06-26,SE,diesel_s10,71.5950,19
2019-06-26,SE,etanol,69.9970,19
2019-06-26,SE,gasolina,92.1920,21
2019-06-26,SP,diesel_s10,2203.0890,616
2019-06-26,SP,etanol,2024.1010,791
2019-06-26,SP,gasolina,3257.4990,781
2019-06-26,TO,diesel_s10,21.8270,6
2019-06-26,TO,etanol,22.5600,6
2019-06-26,TO,gasolina,27.3870,6
2019-06-27,AC,diesel_s10,124.3700,28
2019-06-27,AC,etanol,70.6300,18
2019-06-27,AC,gasolina,143.8600,29
2019-06-27,AL,diesel_s10,63.7790,17
2019-06-27,AL,etanol,85.6830,24
2019-06-27,AL,gasolina,107.1280,24
2019-06-27,AM,diesel_s10,15.0600,4
2019-06-27,AM,etanol,17.2100,5
2019-06-27,AM,gasolina,22.8600,5
2019-06-27,BA,diesel_s10,66.6170,19
2019-06-27,BA,etanol,72.3580,22
2019-06-27,BA,gasolina,96.7990,22
2019-06-27,CE,diesel_s10,3.7900,1
2019-06-27,CE,etanol,3.6900,1
2019-06-27,CE,gasolina,4.6900,1
2019-06-27,ES,diesel_s10,116.5220,32
2019-06-27,ES,etanol,118.2420,33
2019-06-27,ES,gasolina,191.0840,44
2019-06-27,GO,diesel_s10,25.8960,7
2019-06-27,GO,etanol,61.3810,21
2019-06-27,GO,gasolina,97.2000,21
2019-06-27,MA,diesel_s10,3.5990,1
2019-06-27,MA,gasolina,4.3990,1
2019-06-27,MG,diesel_s10,15.1420,4
2019-06-27,MG,etanol,18.3330,6
2019-06-27,MG,gasolina,28.9850,6
2019-06-27,MS,diesel_s10,38.6160,10
2019-06-27,MS,etanol,37.2710,10
2019-06-27,MS,gasolina,44.8300,10
2019-06-27,MT,diesel_s10,64.8030,17
2019-06-27,MT,etanol,46.2070,20
2019-06-27,MT,gasolina,85.7570,20
2019-06-27,PB,diesel_s10,72.6090,20
2019-06-27,PB,etanol,86.5300,24
2019-06-27,PB,gasolina,107.6790,24
2019-06-27,PE,etanol,3.5500,1
2019-06-27,PE,gasolina,4.3990,1
2019-06-27,RJ,diesel_s10,269.4190,73
2019-06-27,RJ,etanol,327.6680,86
2019-06-27,RJ,gasolina,423.5090,86
2019-06-27,RO,diesel_s10,101.3460,26
2019-06-27,RO,etanol,53.5270,14
2019-06-27,RO,gasolina,155.8100,34
2019-06-27,RS,diesel_s10,7.0880,2
2019-06-27,RS,etanol,8.4980,2
2019-06-27,RS,gasolina,14.0970,3
2019-06-27,SP,diesel_s10,539.3150,150
2019-06-27,SP,etanol,481.1520,188
2019-06-27,SP,gasolina,772.7590,186
2019-07-01,AC,diesel_s10,43.3600,9
2019-07-01,AC,etanol,8.9300,2
2019-07-01,AC,gasolina,53.0000,10
2019-07-01,AM,diesel_s10,16.8800,4
2019-07-01,AM,etanol,11.8700,3
2019-07-01,AM,gasolina,27.4500,6
2019-07-01,AP,diesel_s10,59.4690,13
2019-07-01,AP,gasolina,110.3280,28
2019-07-01,BA,diesel_s10,96.6290,26
2019-07-01,BA,etanol,97.5560,28
2019-07-01,BA,gasolina,151.9360,32
2019-07-01,CE,diesel_s10,14.9890,4
2019-07-01,CE,etanol,14.8000,4
2019-07-01,CE,gasolina,17.4400,4
2019-07-01,ES,diesel_s10,92.9370,25
2019-07-01,ES,etanol,62.9280,17
2019-07-01,ES,gasolina,129.3290,28
2019-07-01,GO,diesel_s10,326.3830,88
2019-07-01,GO,etanol,310.9300,108
2019-07-01,GO,gasolina,469.4040,103
2019-07-01,MA,diesel_s10,123.6720,33
2019-07-01,MA,etanol,71.3290,19
2019-07-01,MA,gasolina,160.1690,35
2019-07-01,MG,diesel_s10,496.2440,135
2019-07-01,MG,etanol,493.8750,167
2019-07-01,MG,gasolina,785.9900,166
2019-07-01,MS,diesel_s10,151.4320,40
2019-07-01,MS,etanol,149.7340,42
2019-07-01,MS,gasolina,195.2800,44
2019-07-01,MT,diesel_s10,82.5890,20
2019-07-01,MT,etanol,58.8060,22
2019-07-01,MT,gasolina,103.8660,22
2019-07-01,PA,diesel_s10,110.2770,29
2019-07-01,PA,etanol,56.0770,15
2019-07-01,PA,gasolina,136.9760,30
2019-07-01,PB,diesel_s10,46.6670,13
2019-07-01,PB,etanol,45.6850,13
2019-07-01,PB,gasolina,58.3150,13
2019-07-01,PE,diesel_s10,276.7910,79
2019-07-01,PE,etanol,289.4440,81
2019-07-01,PE,gasolina,397.3070,89
2019-07-01,PI,diesel_s10,119.0220,32
2019-07-01,PI,etanol,84.9150,25
2019-07-01,PI,gasolina,156.6160,35
2019-07-01,PR,diesel_s10,426.9130,122
2019-07-01,PR,etanol,435.5100,150
2019-07-01,PR,gasolina,634.7240,146
2019-07-01,RJ,diesel_s10,221.4020,61
2019-07-01,RJ,etanol,308.7870,82
2019-07-01,RJ,gasolina,402.8020,82
2019-07-01,RO,diesel_s10,113.4790,29
2019-07-01,RO,etanol,43.8950,11
2019-07-01,RO,gasolina,143.9870,31
2019-07-01,RS,diesel_s10,729.5650,202
2019-07-01,RS,etanol,467.9510,114
2019-07-01,RS,gasolina,1083.7220,239
2019-07-01,SC,diesel_s10,412.1120,116
2019-07-01,SC,etanol,254.2170,71
2019-07-01,SC,gasolina,513.0280,125
2019-07-01,SE,diesel_s10,29.0190,8
2019-07-01,SE,etanol,7.4000,2
2019-07-01,SE,gasolina,34.9990,8
2019-07-01,SP,diesel_s10,962.8750,271
2019-07-01,SP,etanol,926.9080,355
2019-07-01,SP,gasolina,1452.6030,350
2019-07-01,TO,diesel_s10,80.2620,22
2019-07-01,TO,etanol,56.9130,15
2019-07-01,TO,gasolina,104.0020,22
2019-07-02,AC,diesel_s10,124.1700,28
2019-07-02,AC,etanol,58.6600,15
2019-07-02,AC,gasolina,143.7900,29
2019-07-02,AM,diesel_s10,91.9570,24
2019-07-02,AM,etanol,81.2200,24
2019-07-02,AM,gasolina,164.6850,36
2019-07-02,BA,diesel_s10,158.8860,42
2019-07-02,BA,etanol,162.9670,46
2019-07-02,BA,gasolina,214.9160,46
2019-07-02,CE,diesel_s10,741.0960,195
2019-07-02,CE,etanol,685.3160,182
2019-07-02,CE,gasolina,880.5380,197
2019-07-02,ES,diesel_s10,22.8980,6
2019-07-02,ES,etanol,12.1790,3
2019-07-02,ES,gasolina,31.9980,7
2019-07-02,GO,diesel_s10,130.7560,35
2019-07-02,GO,etanol,119.0120,41
2019-07-02,GO,gasolina,188.8810,41
2019-07-02,MA,diesel_s10,71.6280,19
2019-07-02,MA,etanol,53.1920,14
2019-07-02,MA,gasolina,101.7780,22
2019-07-02,MG,diesel_s10,660.8050,177
2019-07-02,MG,etanol,669.4410,227
2019-07-02,MG,gasolina,1056.3570,224
2019-07-02,MS,diesel_s10,115.3760,32
2019-07-02,MS,etanol,133.8180,41
2019-07-02,MS,gasolina,163.8890,40
2019-07-02,MT,diesel_s10,163.5490,41
2019-07-02,MT,etanol,117.8510,45
2019-07-02,MT,gasolina,194.1250,43
2019-07-02,PA,diesel_s10,174.6170,44
2019-07-02,PA,etanol,51.2190,13
2019-07-02,PA,gasolina,217.3980,45
2019-07-02,PB,diesel_s10,26.5550,7
2019-07-02,PB,etanol,22.8760,6
2019-07-02,PB,gasolina,27.3460,6
2019-07-02,PE,diesel_s10,191.5030,55
2019-07-02,PE,etanol,172.4980,48
2019-07-02,PE,gasolina,255.3950,57
2019-07-02,PI,diesel_s10,41.3140,11
2019-07-02,PI,etanol,27.0590,8
2019-07-02,PI,gasolina,49.8700,11
2019-07-02,PR,diesel_s10,273.0260,79
2019-07-02,PR,etanol,283.5030,99
2019-07-02,PR,gasolina,423.3950,98
2019-07-02,RJ,diesel_s10,229.6990,62
2019-07-02,RJ,etanol,281.6090,77
2019-07-02,RJ,gasolina,368.6370,76
2019-07-02,RN,diesel_s10,106.1390,28
2019-07-02,RN,etanol,96.3080,26
2019-07-02,RN,gasolina,130.3310,28
2019-07-02,RO,diesel_s10,104.5250,27
2019-07-02,RO,etanol,62.4180,16
2019-07-02,RO,gasolina,156.3630,34
2019-07-02,RR,diesel_s10,43.6700,12
2019-07-02,RR,etanol,15.0200,4
2019-07-02,RR,gasolina,49.8690,12
2019-07-02,RS,diesel_s10,240.8560,66
2019-07-02,RS,etanol,152.1490,37
2019-07-02,RS,gasolina,367.3590,80
2019-07-02,SC,diesel_s10,117.1360,33
2019-07-02,SC,etanol,89.1390,26
2019-07-02,SC,gasolina,167.4800,42
2019-07-02,SE,diesel_s10,17.8760,5
2019-07-02,SE,etanol,14.3700,4
2019-07-02,SE,gasolina,21.4400,5
2019-07-02,SP,diesel_s10,1175.1600,331
2019-07-02,SP,etanol,1082.6180,419
2019-07-02,SP,gasolina,1735.8040,417
2019-07-02,TO,diesel_s10,81.5850,23
2019-07-02,TO,etanol,76.4180,21
2019-07-02,TO,gasolina,109.5350,24
2019-07-03,AL,diesel_s10,57.2400,15
2019-07-03,AL,etanol,70.5910,19
2019-07-03,AL,gasolina,93.8020,20
2019-07-03,AM,diesel_s10,71.5300,18
2019-07-03,AM,etanol,40.8380,12
2019-07-03,AM,gasolina,136.1060,29
2019-07-03,BA,diesel_s10,364.0730,99
2019-07-03,BA,etanol,399.6410,116
2019-07-03,BA,gasolina,539.3310,116
2019-07-03,CE,diesel_s10,66.0890,17
2019-07-03,CE,etanol,49.1580,13
2019-07-03,CE,gasolina,80.2170,17
2019-07-03,DF,diesel_s10,118.7720,31
2019-07-03,DF,etanol,140.9500,45
2019-07-03,DF,gasolina,201.3290,47
2019-07-03,ES,diesel_s10,31.5490,9
2019-07-03,ES,etanol,14.6690,4
2019-07-03,ES,gasolina,49.8190,11
2019-07-03,GO,diesel_s10,196.7700,53
2019-07-03,GO,etanol,221.3520,77
2019-07-03,GO,gasolina,351.8800,77
2019-07-03,MA,diesel_s10,215.7860,61
2019-07-03,MA,etanol,69.0100,19
2019-07-03,MA,gasolina,282.4640,64
2019-07-03,MG,diesel_s10,353.4960,95
2019-07-03,MG,etanol,383.0980,128
2019-07-03,MG,gasolina,612.1420,128
2019-07-03,MS,diesel_s10,3.6790,1
2019-07-03,MS,etanol,3.1990,1
2019-07-03,MS,gasolina,4.0590,1
2019-07-03,PA,diesel_s10,97.1380,25
2019-07-03,PA,etanol,42.0210,11
2019-07-03,PA,gasolina,137.9450,30
2019-07-03,PB,diesel_s10,18.4700,5
2019-07-03,PB,etanol,21.5700,6
2019-07-03,PB,gasolina,26.6300,6
2019-07-03,PE,diesel_s10,114.1640,32
2019-07-03,PE,etanol,135.5040,38
2019-07-03,PE,gasolina,171.2340,39
2019-07-03,PI,diesel_s10,70.3040,19
2019-07-03,PI,etanol,58.2730,17
2019-07-03,PI,gasolina,94.8860,21
2019-07-03,PR,diesel_s10,273.2670,80
2019-07-03,PR,etanol,248.1070,89
2019-07-03,PR,gasolina,361.0160,88
2019-07-03,RJ,diesel_s10,628.3450,168
2019-07-03,RJ,etanol,864.0360,226
2019-07-03,RJ,gasolina,1140.9310,231
2019-07-03,RN,diesel_s10,106.7390,28
2019-07-03,RN,etanol,113.7180,31
2019-07-03,RN,gasolina,160.6930,35
2019-07-03,RO,diesel_s10,30.5700,8
2019-07-03,RO,etanol,12.4500,3
2019-07-03,RO,gasolina,36.7080,8
2019-07-03,RR,diesel_s10,3.4500,1
2019-07-03,RR,gasolina,4.1500,1
2019-07-03,RS,diesel_s10,106.4400,29
2019-07-03,RS,etanol,86.9690,21
2019-07-03,RS,gasolina,181.6490,39
2019-07-03,SC,diesel_s10,190.6450,52
2019-07-03,SC,etanol,221.4120,61
2019-07-03,SC,gasolina,329.1640,82
2019-07-03,SE,diesel_s10,32.8930,9
2019-07-03,SE,etanol,28.5520,8
2019-07-03,SE,gasolina,39.3310,9
2019-07-03,SP,diesel_s10,1896.6980,532
2019-07-03,SP,etanol,1738.2500,686
2019-07-03,SP,gasolina,2781.3970,668
2019-07-04,AL,diesel_s10,73.8020,19
2019-07-04,AL,etanol,139.5550,37
2019-07-04,AL,gasolina,172.8260,37
2019-07-04,AM,diesel_s10,3.7900,1
2019-07-04,AM,etanol,6.8400,2
2019-07-04,AM,gasolina,9.1300,2
2019-07-04,BA,diesel_s10,344.3700,95
2019-07-04,BA,etanol,460.9350,140
2019-07-04,BA,gasolina,620.3510,140
2019-07-04,ES,diesel_s10,192.0700,52
2019-07-04,ES,etanol,194.5260,54
2019-07-04,ES,gasolina,302.6470,70
2019-07-04,GO,diesel_s10,7.5390,2
2019-07-04,GO,etanol,22.6270,8
2019-07-04,GO,gasolina,36.4470,8
2019-07-04,MG,diesel_s10,204.8800,56
2019-07-04,MG,etanol,188.7810,68
2019-07-04,MG,gasolina,320.5400,69
2019-07-04,MT,diesel_s10,269.9960,70
2019-07-04,MT,etanol,212.4870,93
2019-07-04,MT,gasolina,396.8740,93
2019-07-04,PA,diesel_s10,37.3970,9
2019-07-04,PA,etanol,25.6870,6
2019-07-04,PA,gasolina,36.2140,7
2019-07-04,PB,diesel_s10,126.9870,35
2019-07-04,PB,etanol,133.3340,37
2019-07-04,PB,gasolina,165.4700,37
2019-07-04,PE,diesel_s10,27.8440,8
2019-07-04,PE,etanol,28.5640,8
2019-07-04,PE,gasolina,34.8540,8
2019-07-04,PR,diesel_s10,89.6540,27
2019-07-04,PR,etanol,97.2660,36
2019-07-04,PR,gasolina,144.6650,36
2019-07-04,RJ,diesel_s10,75.5360,21
2019-07-04,RJ,etanol,101.9710,28
2019-07-04,RJ,gasolina,139.9210,29
2019-07-04,RS,diesel_s10,10.9970,3
2019-07-04,RS,etanol,8.5980,2
2019-07-04,RS,gasolina,13.6570,3
2019-07-04,SC,diesel_s10,7.0590,2
2019-07-04,SC,etanol,7.3390,2
2019-07-04,SC,gasolina,12.2080,3
2019-07-04,SE,diesel_s10,66.7360,18
2019-07-04,SE,etanol,75.9010,21
2019-07-04,SE,gasolina,91.7700,21
2019-07-04,SP,diesel_s10,505.3680,139
2019-07-04,SP,etanol,510.2290,202
2019-07-04,SP,gasolina,859.0040,202
2019-07-08,AC,diesel_s10,43.2400,9
2019-07-08,AC,etanol,8.7400,2
2019-07-08,AC,gasolina,52.2800,10
2019-07-08,AP,diesel_s10,8.5490,2
2019-07-08,AP,gasolina,16.0780,4
2019-07-08,BA,diesel_s10,92.9600,25
2019-07-08,BA,etanol,93.8470,27
2019-07-08,BA,gasolina,146.4460,31
2019-07-08,ES,diesel_s10,85.4580,23
2019-07-08,ES,etanol,55.3480,15
2019-07-08,ES,gasolina,120.1090,26
2019-07-08,GO,diesel_s10,307.1250,83
2019-07-08,GO,etanol,289.9610,101
2019-07-08,GO,gasolina,440.4300,97
2019-07-08,MA,diesel_s10,115.6620,31
2019-07-08,MA,etanol,67.5300,18
2019-07-08,MA,gasolina,145.6400,32
2019-07-08,MG,diesel_s10,397.7660,108
2019-07-08,MG,etanol,404.2690,137
2019-07-08,MG,gasolina,644.6170,136
2019-07-08,MS,diesel_s10,133.1580,35
2019-07-08,MS,etanol,135.8000,38
2019-07-08,MS,gasolina,168.9090,38
2019-07-08,MT,diesel_s10,78.2290,19
2019-07-08,MT,etanol,56.0160,21
2019-07-08,MT,gasolina,98.8670,21
2019-07-08,PA,diesel_s10,106.8270,28
2019-07-08,PA,etanol,53.0770,14
2019-07-08,PA,gasolina,132.3460,29
2019-07-08,PB,diesel_s10,46.6670,13
2019-07-08,PB,etanol,45.6850,13
2019-07-08,PB,gasolina,58.3150,13
2019-07-08,PE,diesel_s10,231.5460,66
2019-07-08,PE,etanol,247.6960,69
2019-07-08,PE,gasolina,339.5500,76
2019-07-08,PI,diesel_s10,104.4980,28
2019-07-08,PI,etanol,77.7290,23
2019-07-08,PI,gasolina,138.5790,31
2019-07-08,PR,diesel_s10,437.7540,125
2019-07-08,PR,etanol,442.3600,154
2019-07-08,PR,gasolina,644.8220,149
2019-07-08,RJ,diesel_s10,120.7040,33
2019-07-08,RJ,etanol,180.5120,47
2019-07-08,RJ,gasolina,237.3970,48
2019-07-08,RO,diesel_s10,160.2240,41
2019-07-08,RO,etanol,70.6850,18
2019-07-08,RO,gasolina,215.6440,47
2019-07-08,RS,diesel_s10,565.4280,157
2019-07-08,RS,etanol,354.6180,86
2019-07-08,RS,gasolina,825.4600,182
2019-07-08,SC,diesel_s10,407.6840,115
2019-07-08,SC,etanol,255.9220,72
2019-07-08,SC,gasolina,505.9800,124
2019-07-08,SE,diesel_s10,25.5600,7
2019-07-08,SE,etanol,7.4000,2
2019-07-08,SE,gasolina,30.7490,7
2019-07-08,SP,diesel_s10,908.5090,256
2019-07-08,SP,etanol,927.7170,357
2019-07-08,SP,gasolina,1467.1550,354
2019-07-08,TO,diesel_s10,77.0910,21
2019-07-08,TO,etanol,53.2140,14
2019-07-08,TO,gasolina,99.3060,21
2019-07-09,AM,diesel_s10,22.7390,6
2019-07-09,AM,etanol,30.9090,9
2019-07-09,AM,gasolina,41.0090,9
2019-07-09,BA,diesel_s10,235.6900,64
2019-07-09,BA,etanol,232.7120,68
2019-07-09,BA,gasolina,303.1690,67
2019-07-09,CE,diesel_s10,699.1700,184
2019-07-09,CE,etanol,656.9960,174
2019-07-09,CE,gasolina,821.8780,186
2019-07-09,ES,diesel_s10,23.0980,6
2019-07-09,ES,etanol,12.1790,3
2019-07-09,ES,gasolina,32.3980,7
2019-07-09,GO,diesel_s10,112.7080,30
2019-07-09,GO,etanol,97.9040,34
2019-07-09,GO,gasolina,155.4720,34
2019-07-09,MA,diesel_s10,71.7070,19
2019-07-09,MA,etanol,53.2410,14
2019-07-09,MA,gasolina,101.6070,22
2019-07-09,MG,diesel_s10,455.1010,121
2019-07-09,MG,etanol,464.4740,155
2019-07-09,MG,gasolina,733.9220,154
2019-07-09,MT,diesel_s10,155.9620,39
2019-07-09,MT,etanol,112.8340,43
2019-07-09,MT,gasolina,185.2460,41
2019-07-09,PA,diesel_s10,232.3860,59
2019-07-09,PA,etanol,96.9210,25
2019-07-09,PA,gasolina,286.9460,61
2019-07-09,PB,diesel_s10,26.6540,7
2019-07-09,PB,etanol,22.8660,6
2019-07-09,PB,gasolina,27.2270,6
2019-07-09,PE,diesel_s10,191.3240,55
2019-07-09,PE,etanol,176.0680,49
2019-07-09,PE,gasolina,255.5450,57
2019-07-09,PI,diesel_s10,78.2080,21
2019-07-09,PI,etanol,62.8370,19
2019-07-09,PI,gasolina,105.1120,24
2019-07-09,PR,diesel_s10,254.2190,73
2019-07-09,PR,etanol,240.9090,83
2019-07-09,PR,gasolina,363.4790,83
2019-07-09,RJ,diesel_s10,135.6680,37
2019-07-09,RJ,etanol,168.4940,47
2019-07-09,RJ,gasolina,221.3150,46
2019-07-09,RN,diesel_s10,185.6050,49
2019-07-09,RN,etanol,176.6020,48
2019-07-09,RN,gasolina,237.2920,52
2019-07-09,RO,diesel_s10,15.4000,4
2019-07-09,RO,etanol,16.5790,4
2019-07-09,RO,gasolina,23.4280,5
2019-07-09,RS,diesel_s10,233.4460,64
2019-07-09,RS,etanol,155.3560,38
2019-07-09,RS,gasolina,356.6600,78
2019-07-09,SC,diesel_s10,201.7030,55
2019-07-09,SC,etanol,172.5140,48
2019-07-09,SC,gasolina,297.3020,74
2019-07-09,SE,diesel_s10,93.5180,25
2019-07-09,SE,etanol,87.5940,24
2019-07-09,SE,gasolina,112.9690,26
2019-07-09,SP,diesel_s10,776.0890,217
2019-07-09,SP,etanol,724.5130,277
2019-07-09,SP,gasolina,1147.3720,275
2019-07-09,TO,diesel_s10,42.0540,12
2019-07-09,TO,etanol,40.2880,11
2019-07-09,TO,gasolina,58.7040,13
2019-07-10,AL,diesel_s10,99.0100,26
2019-07-10,AL,etanol,161.8900,44
2019-07-10,AL,gasolina,204.2310,44
2019-07-10,AM,diesel_s10,58.5790,14
2019-07-10,AM,etanol,3.3900,1
2019-07-10,AM,gasolina,130.9650,28
2019-07-10,AP,diesel_s10,51.0200,11
2019-07-10,AP,gasolina,95.1400,24
2019-07-10,BA,diesel_s10,587.5780,160
2019-07-10,BA,etanol,677.6630,205
2019-07-10,BA,gasolina,908.3670,204
2019-07-10,CE,diesel_s10,116.4580,30
2019-07-10,CE,etanol,102.8080,27
2019-07-10,CE,gasolina,154.2760,33
2019-07-10,DF,diesel_s10,3.7970,1
2019-07-10,DF,etanol,3.0970,1
2019-07-10,DF,gasolina,3.9990,1
2019-07-10,ES,diesel_s10,42.6390,12
2019-07-10,ES,etanol,25.7290,7
2019-07-10,ES,gasolina,64.1190,14
2019-07-10,GO,diesel_s10,211.0010,57
2019-07-10,GO,etanol,241.4730,88
2019-07-10,GO,gasolina,377.0550,84
2019-07-10,MA,diesel_s10,226.6650,64
2019-07-10,MA,etanol,76.8100,21
2019-07-10,MA,gasolina,297.6430,67
2019-07-10,MG,diesel_s10,645.5670,174
2019-07-10,MG,etanol,622.4120,214
2019-07-10,MG,gasolina,1007.5980,213
2019-07-10,MS,diesel_s10,18.6010,5
2019-07-10,MS,etanol,17.5510,5
2019-07-10,MS,gasolina,17.9220,4
2019-07-10,MT,diesel_s10,264.4290,68
2019-07-10,MT,etanol,215.0200,95
2019-07-10,MT,gasolina,406.0290,95
2019-07-10,PA,diesel_s10,44.9970,11
2019-07-10,PA,etanol,19.5790,5
2019-07-10,PA,gasolina,83.1770,17
2019-07-10,PB,diesel_s10,22.2400,6
2019-07-10,PB,etanol,28.8600,8
2019-07-10,PB,gasolina,35.6000,8
2019-07-10,PE,diesel_s10,131.9020,37
2019-07-10,PE,etanol,142.1850,40
2019-07-10,PE,gasolina,178.3410,41
2019-07-10,PI,diesel_s10,37.8070,10
2019-07-10,PI,etanol,26.1280,7
2019-07-10,PI,gasolina,56.9870,12
2019-07-10,PR,diesel_s10,173.2190,51
2019-07-10,PR,etanol,167.3720,59
2019-07-10,PR,gasolina,234.7200,57
2019-07-10,RJ,diesel_s10,471.1890,127
2019-07-10,RJ,etanol,594.3340,155
2019-07-10,RJ,gasolina,787.8600,159
2019-07-10,RN,diesel_s10,29.7900,8
2019-07-10,RN,etanol,32.9100,9
2019-07-10,RN,gasolina,44.6080,10
2019-07-10,RO,diesel_s10,68.8470,18
2019-07-10,RO,etanol,31.1590,8
2019-07-10,RO,gasolina,94.4040,21
2019-07-10,RR,diesel_s10,46.6800,13
2019-07-10,RR,etanol,7.4900,2
2019-07-10,RR,gasolina,53.8880,13
2019-07-10,RS,diesel_s10,233.5130,64
2019-07-10,RS,etanol,163.5960,40
2019-07-10,RS,gasolina,395.4610,85
2019-07-10,SC,diesel_s10,124.7740,35
2019-07-10,SC,etanol,134.9970,38
2019-07-10,SC,gasolina,202.7040,51
2019-07-10,SE,diesel_s10,36.4530,10
2019-07-10,SE,etanol,28.5520,8
2019-07-10,SE,gasolina,43.9610,10
2019-07-10,SP,diesel_s10,1618.5590,452
2019-07-10,SP,etanol,1460.9470,571
2019-07-10,SP,gasolina,2327.3100,556
2019-07-10,TO,diesel_s10,7.7890,2
2019-07-10,TO,etanol,3.9000,1
2019-07-10,TO,gasolina,9.4090,2
2019-07-11,AC,diesel_s10,124.0800,28
2019-07-11,AC,etanol,50.4300,13
2019-07-11,AC,gasolina,141.9400,29
2019-07-11,AL,diesel_s10,47.0510,12
2019-07-11,AL,etanol,46.7640,12
2019-07-11,AL,gasolina,56.2980,12
2019-07-11,AM,diesel_s10,102.7260,27
2019-07-11,AM,etanol,104.8370,31
2019-07-11,AM,gasolina,165.1050,36
2019-07-11,BA,diesel_s10,82.0590,22
2019-07-11,BA,etanol,103.3230,31
2019-07-11,BA,gasolina,139.0110,30
2019-07-11,DF,diesel_s10,123.4130,32
2019-07-11,DF,etanol,131.7840,42
2019-07-11,DF,gasolina,193.5540,46
2019-07-11,ES,diesel_s10,192.9130,53
2019-07-11,ES,etanol,177.6540,50
2019-07-11,ES,gasolina,299.8310,70
2019-07-11,GO,diesel_s10,18.8090,5
2019-07-11,GO,etanol,30.6260,11
2019-07-11,GO,gasolina,50.1260,11
2019-07-11,MG,diesel_s10,255.7220,69
2019-07-11,MG,etanol,245.3550,86
2019-07-11,MG,gasolina,398.3440,86
2019-07-11,MS,diesel_s10,102.0360,28
2019-07-11,MS,etanol,140.7380,43
2019-07-11,MS,gasolina,176.8850,43
2019-07-11,MT,diesel_s10,3.5990,1
2019-07-11,MT,etanol,2.1770,1
2019-07-11,MT,gasolina,4.0970,1
2019-07-11,PA,diesel_s10,29.0380,7
2019-07-11,PA,etanol,17.1590,4
2019-07-11,PA,gasolina,25.8740,5
2019-07-11,PB,diesel_s10,119.1780,33
2019-07-11,PB,etanol,125.3360,35
2019-07-11,PB,gasolina,155.8360,35
2019-07-11,PE,diesel_s10,64.4640,18
2019-07-11,PE,etanol,68.5550,19
2019-07-11,PE,gasolina,83.7660,19
2019-07-11,PR,diesel_s10,191.9150,57
2019-07-11,PR,etanol,206.8800,77
2019-07-11,PR,gasolina,310.9500,78
2019-07-11,RJ,diesel_s10,446.5320,122
2019-07-11,RJ,etanol,602.5100,164
2019-07-11,RJ,gasolina,795.5160,165
2019-07-11,RN,diesel_s10,3.7200,1
2019-07-11,RN,etanol,3.6900,1
2019-07-11,RN,gasolina,4.7300,1
2019-07-11,RO,diesel_s10,3.6700,1
2019-07-11,RO,gasolina,4.5490,1
2019-07-11,RS,diesel_s10,51.2710,14
2019-07-11,RS,etanol,32.8180,8
2019-07-11,RS,gasolina,74.9620,16
2019-07-11,SC,diesel_s10,7.0590,2
2019-07-11,SC,etanol,7.3390,2
2019-07-11,SC,gasolina,12.2080,3
2019-07-11,SP,diesel_s10,1237.5850,347
2019-07-11,SP,etanol,1148.3200,458
2019-07-11,SP,gasolina,1887.9000,455
2019-07-11,TO,diesel_s10,33.1800,9
2019-07-11,TO,etanol,37.3600,10
2019-07-11,TO,gasolina,45.9600,10
2019-07-12,PR,diesel_s10,3.2990,1
2019-07-12,PR,etanol,2.6990,1
2019-07-12,PR,gasolina,3.9990,1
2019-07-15,AM,diesel_s10,38.0480,9
2019-07-15,AM,etanol,3.9500,1
2019-07-15,AM,gasolina,77.5850,16
2019-07-15,AP,diesel_s10,18.2400,4
2019-07-15,AP,gasolina,23.6690,6
2019-07-15,BA,diesel_s10,256.8440,69
2019-07-15,BA,etanol,283.1860,81
2019-07-15,BA,gasolina,393.8210,84
2019-07-15,CE,diesel_s10,218.1030,58
2019-07-15,CE,etanol,188.9430,50
2019-07-15,CE,gasolina,294.3890,65
2019-07-15,ES,diesel_s10,146.2070,40
2019-07-15,ES,etanol,88.8580,24
2019-07-15,ES,gasolina,209.1060,46
2019-07-15,GO,diesel_s10,219.1330,59
2019-07-15,GO,etanol,201.5800,71
2019-07-15,GO,gasolina,304.4690,68
2019-07-15,MA,diesel_s10,158.4410,43
2019-07-15,MA,etanol,96.5860,26
2019-07-15,MA,gasolina,206.2780,46
2019-07-15,MG,diesel_s10,647.4380,176
2019-07-15,MG,etanol,666.4800,229
2019-07-15,MG,gasolina,1072.6610,229
2019-07-15,MS,diesel_s10,86.0770,23
2019-07-15,MS,etanol,87.7800,25
2019-07-15,MS,gasolina,109.6930,25
2019-07-15,MT,diesel_s10,78.1900,19
2019-07-15,MT,etanol,55.4300,21
2019-07-15,MT,gasolina,97.8030,21
2019-07-15,PA,diesel_s10,112.3830,29
2019-07-15,PA,etanol,69.2460,18
2019-07-15,PA,gasolina,149.8740,32
2019-07-15,PB,diesel_s10,65.2570,18
2019-07-15,PB,etanol,60.6150,17
2019-07-15,PB,gasolina,79.7430,18
2019-07-15,PE,diesel_s10,225.5140,65
2019-07-15,PE,etanol,211.4350,59
2019-07-15,PE,gasolina,319.5280,71
2019-07-15,PI,diesel_s10,55.7010,15
2019-07-15,PI,etanol,46.1320,14
2019-07-15,PI,gasolina,73.2030,17
2019-07-15,PR,diesel_s10,483.9990,140
2019-07-15,PR,etanol,462.1450,165
2019-07-15,PR,gasolina,686.4210,163
2019-07-15,RJ,diesel_s10,136.8010,37
2019-07-15,RJ,etanol,164.3900,43
2019-07-15,RJ,gasolina,222.1400,45
2019-07-15,RN,diesel_s10,3.7900,1
2019-07-15,RN,etanol,3.6400,1
2019-07-15,RN,gasolina,8.6890,2
2019-07-15,RO,diesel_s10,96.3350,25
2019-07-15,RO,etanol,38.3370,10
2019-07-15,RO,gasolina,126.2200,28
2019-07-15,RS,diesel_s10,529.5390,148
2019-07-15,RS,etanol,343.4290,86
2019-07-15,RS,gasolina,815.4910,181
2019-07-15,SC,diesel_s10,621.0400,174
2019-07-15,SC,etanol,448.3960,126
2019-07-15,SC,gasolina,810.1940,204
2019-07-15,SE,diesel_s10,62.5440,17
2019-07-15,SE,etanol,36.4330,10
2019-07-15,SE,gasolina,74.4720,17
2019-07-15,SP,diesel_s10,1241.8500,350
2019-07-15,SP,etanol,1172.1160,455
2019-07-15,SP,gasolina,1858.3790,451
2019-07-15,TO,diesel_s10,55.5330,15
2019-07-15,TO,etanol,29.7470,8
2019-07-15,TO,gasolina,70.0800,15
2019-07-16,AC,diesel_s10,42.8500,9
2019-07-16,AC,etanol,4.5000,1
2019-07-16,AC,gasolina,51.1700,10
2019-07-16,AM,diesel_s10,138.8160,36
2019-07-16,AM,etanol,133.6440,39
2019-07-16,AM,gasolina,232.3780,52
2019-07-16,AP,diesel_s10,18.3000,4
2019-07-16,AP,gasolina,57.5000,15
2019-07-16,BA,diesel_s10,59.8260,15
2019-07-16,BA,etanol,58.6480,16
2019-07-16,BA,gasolina,82.1370,17
2019-07-16,CE,diesel_s10,82.7550,22
2019-07-16,CE,etanol,74.1280,20
2019-07-16,CE,gasolina,110.2260,24
2019-07-16,GO,diesel_s10,11.0860,3
2019-07-16,GO,etanol,8.6860,3
2019-07-16,GO,gasolina,13.6060,3
2019-07-16,MA,diesel_s10,22.0770,6
2019-07-16,MA,etanol,11.5400,3
2019-07-16,MA,gasolina,26.7370,6
2019-07-16,MG,diesel_s10,418.5090,113
2019-07-16,MG,etanol,391.8650,135
2019-07-16,MG,gasolina,623.9810,134
2019-07-16,MS,diesel_s10,34.1140,9
2019-07-16,MS,etanol,32.1730,9
2019-07-16,MS,gasolina,42.6420,10
2019-07-16,MT,diesel_s10,56.4780,14
2019-07-16,MT,etanol,42.0750,16
2019-07-16,MT,gasolina,62.4850,14
2019-07-16,PA,diesel_s10,64.1080,16
2019-07-16,PA,etanol,8.0900,2
2019-07-16,PA,gasolina,81.2780,17
2019-07-16,PB,diesel_s10,7.5390,2
2019-07-16,PB,etanol,7.5990,2
2019-07-16,PB,gasolina,4.5300,1
2019-07-16,PE,diesel_s10,231.2200,67
2019-07-16,PE,etanol,235.8610,67
2019-07-16,PE,gasolina,324.5950,75
2019-07-16,PI,diesel_s10,64.6970,17
2019-07-16,PI,etanol,38.6540,11
2019-07-16,PI,gasolina,82.3770,18
2019-07-16,PR,diesel_s10,94.0900,27
2019-07-16,PR,etanol,103.2500,36
2019-07-16,PR,gasolina,146.2700,34
2019-07-16,RJ,diesel_s10,280.4120,76
2019-07-16,RJ,etanol,379.3440,104
2019-07-16,RJ,gasolina,505.2820,105
2019-07-16,RN,diesel_s10,112.8760,30
2019-07-16,RN,etanol,111.2170,30
2019-07-16,RN,gasolina,140.3530,32
2019-07-16,RO,diesel_s10,116.4050,30
2019-07-16,RO,etanol,46.8450,12
2019-07-16,RO,gasolina,166.9640,37
2019-07-16,RR,diesel_s10,39.9000,11
2019-07-16,RR,etanol,14.8700,4
2019-07-16,RR,gasolina,43.6600,11
2019-07-16,RS,diesel_s10,159.6880,45
2019-07-16,RS,etanol,150.6190,37
2019-07-16,RS,gasolina,249.4960,54
2019-07-16,SC,diesel_s10,13.9160,4
2019-07-16,SC,etanol,7.3490,2
2019-07-16,SC,gasolina,15.7650,4
2019-07-16,SP,diesel_s10,626.5860,176
2019-07-16,SP,etanol,577.1800,223
2019-07-16,SP,gasolina,916.6290,221
2019-07-16,TO,diesel_s10,3.6000,1
2019-07-16,TO,etanol,7.0900,2
2019-07-16,TO,gasolina,8.7700,2
2019-07-17,AL,diesel_s10,85.4520,22
2019-07-17,AL,etanol,97.7970,26
2019-07-17,AL,gasolina,145.8350,31
2019-07-17,AM,diesel_s10,4.1500,1
2019-07-17,AM,gasolina,4.9990,1
2019-07-17,AP,diesel_s10,18.4500,4
2019-07-17,AP,gasolina,24.0600,6
2019-07-17,BA,diesel_s10,466.4440,129
2019-07-17,BA,etanol,491.5100,150
2019-07-17,BA,gasolina,655.4450,148
2019-07-17,CE,diesel_s10,482.0930,130
2019-07-17,CE,etanol,449.9510,122
2019-07-17,CE,gasolina,558.9840,130
2019-07-17,DF,diesel_s10,7.6980,2
2019-07-17,DF,etanol,6.1980,2
2019-07-17,DF,gasolina,8.0880,2
2019-07-17,GO,diesel_s10,373.2640,102
2019-07-17,GO,etanol,440.8730,159
2019-07-17,GO,gasolina,698.7450,156
2019-07-17,MA,diesel_s10,89.0520,24
2019-07-17,MA,etanol,58.8880,16
2019-07-17,MA,gasolina,122.2710,27
2019-07-17,MG,diesel_s10,506.2960,136
2019-07-17,MG,etanol,491.3100,168
2019-07-17,MG,gasolina,771.3310,164
2019-07-17,MS,diesel_s10,146.9750,40
2019-07-17,MS,etanol,161.9660,49
2019-07-17,MS,gasolina,206.0690,50
2019-07-17,MT,diesel_s10,373.1810,95
2019-07-17,MT,etanol,283.0160,121
2019-07-17,MT,gasolina,523.0640,121
2019-07-17,PA,diesel_s10,82.7780,21
2019-07-17,PA,etanol,43.5490,11
2019-07-17,PA,gasolina,91.4340,19
2019-07-17,PB,diesel_s10,93.3570,26
2019-07-17,PB,etanol,106.5620,30
2019-07-17,PB,gasolina,132.6720,30
2019-07-17,PE,diesel_s10,128.0650,36
2019-07-17,PE,etanol,151.5140,43
2019-07-17,PE,gasolina,185.1870,43
2019-07-17,PI,diesel_s10,120.0300,32
2019-07-17,PI,etanol,77.6190,23
2019-07-17,PI,gasolina,142.6430,32
2019-07-17,PR,diesel_s10,334.0250,98
2019-07-17,PR,etanol,332.3460,120
2019-07-17,PR,gasolina,491.1130,119
2019-07-17,RJ,diesel_s10,240.7000,65
2019-07-17,RJ,etanol,292.2650,76
2019-07-17,RJ,gasolina,373.3700,76
2019-07-17,RN,diesel_s10,92.6600,25
2019-07-17,RN,etanol,98.0990,27
2019-07-17,RN,gasolina,131.6940,29
2019-07-17,RR,diesel_s10,3.5400,1
2019-07-17,RR,etanol,3.6900,1
2019-07-17,RR,gasolina,7.8000,2
2019-07-17,RS,diesel_s10,320.4290,88
2019-07-17,RS,etanol,188.3910,45
2019-07-17,RS,gasolina,471.2250,101
2019-07-17,SC,diesel_s10,136.9200,39
2019-07-17,SC,etanol,98.3810,28
2019-07-17,SC,gasolina,180.2860,44
2019-07-17,SE,diesel_s10,95.4790,26
2019-07-17,SE,etanol,89.4840,25
2019-07-17,SE,gasolina,112.4270,26
2019-07-17,SP,diesel_s10,1958.7800,548
2019-07-17,SP,etanol,1809.4440,710
2019-07-17,SP,gasolina,2892.2600,693
2019-07-17,TO,diesel_s10,105.6020,29
2019-07-17,TO,etanol,103.2720,28
2019-07-17,TO,gasolina,133.6900,29
2019-07-18,AC,diesel_s10,123.3600,28
2019-07-18,AC,etanol,58.0200,15
2019-07-18,AC,gasolina,139.8700,29
2019-07-18,AL,diesel_s10,91.1030,24
2019-07-18,AL,etanol,100.1720,27
2019-07-18,AL,gasolina,123.6760,27
2019-07-18,AM,diesel_s10,7.7800,2
2019-07-18,AM,etanol,3.3900,1
2019-07-18,AM,gasolina,16.8000,4
2019-07-18,AP,diesel_s10,4.8900,1
2019-07-18,AP,gasolina,3.8900,1
2019-07-18,BA,diesel_s10,191.0760,53
2019-07-18,BA,etanol,261.5940,86
2019-07-18,BA,gasolina,360.4160,88
2019-07-18,CE,diesel_s10,3.6990,1
2019-07-18,CE,etanol,3.6990,1
2019-07-18,CE,gasolina,4.2490,1
2019-07-18,DF,diesel_s10,126.6420,33
2019-07-18,DF,etanol,130.0140,42
2019-07-18,DF,gasolina,182.8580,45
2019-07-18,ES,diesel_s10,167.3910,46
2019-07-18,ES,etanol,185.3910,52
2019-07-18,ES,gasolina,298.0320,70
2019-07-18,MA,diesel_s10,137.6430,39
2019-07-18,MA,etanol,25.2260,7
2019-07-18,MA,gasolina,181.2220,42
2019-07-18,MG,diesel_s10,160.5930,43
2019-07-18,MG,etanol,161.6080,56
2019-07-18,MG,gasolina,268.6800,57
2019-07-18,MS,diesel_s10,3.7990,1
2019-07-18,MS,etanol,3.3990,1
2019-07-18,MS,gasolina,3.9990,1
2019-07-18,MT,diesel_s10,7.8980,2
2019-07-18,MT,etanol,4.5980,2
2019-07-18,MT,gasolina,8.6980,2
2019-07-18,PA,diesel_s10,152.3340,39
2019-07-18,PA,etanol,77.0710,20
2019-07-18,PA,gasolina,207.4210,45
2019-07-18,PB,diesel_s10,45.9740,13
2019-07-18,PB,etanol,46.0030,13
2019-07-18,PB,gasolina,56.8850,13
2019-07-18,PR,diesel_s10,143.3430,42
2019-07-18,PR,etanol,147.7560,52
2019-07-18,PR,gasolina,222.9140,53
2019-07-18,RJ,diesel_s10,579.3200,158
2019-07-18,RJ,etanol,689.3130,187
2019-07-18,RJ,gasolina,942.3770,195
2019-07-18,RN,diesel_s10,3.9990,1
2019-07-18,RN,etanol,3.7990,1
2019-07-18,RN,gasolina,4.3800,1
2019-07-18,RO,diesel_s10,22.3900,6
2019-07-18,RO,etanol,16.6890,4
2019-07-18,RO,gasolina,28.9400,6
2019-07-18,RS,diesel_s10,74.4380,20
2019-07-18,RS,etanol,53.6730,13
2019-07-18,RS,gasolina,118.7170,25
2019-07-18,SP,diesel_s10,765.3850,215
2019-07-18,SP,etanol,696.8880,277
2019-07-18,SP,gasolina,1132.0830,274
2019-07-22,AL,etanol,7.1890,2
2019-07-22,AL,gasolina,9.2800,2
2019-07-22,AM,diesel_s10,67.7990,16
2019-07-22,AM,gasolina,119.1460,25
2019-07-22,AP,diesel_s10,59.8800,13
2019-07-22,AP,gasolina,105.6290,27
2019-07-22,BA,diesel_s10,257.3760,69
2019-07-22,BA,etanol,283.1150,81
2019-07-22,BA,gasolina,393.4350,84
2019-07-22,CE,diesel_s10,318.0480,85
2019-07-22,CE,etanol,275.8480,74
2019-07-22,CE,gasolina,415.2790,93
2019-07-22,ES,diesel_s10,153.5570,42
2019-07-22,ES,etanol,95.8280,26
2019-07-22,ES,gasolina,212.9360,47
2019-07-22,GO,diesel_s10,222.1030,60
2019-07-22,GO,etanol,201.9600,71
2019-07-22,GO,gasolina,304.5200,68
2019-07-22,MA,diesel_s10,140.3170,38
2019-07-22,MA,etanol,92.7470,25
2019-07-22,MA,gasolina,188.9740,42
2019-07-22,MG,diesel_s10,640.0920,174
2019-07-22,MG,etanol,640.4280,219
2019-07-22,MG,gasolina,1022.7710,219
2019-07-22,MS,diesel_s10,92.7430,25
2019-07-22,MS,etanol,94.2360,27
2019-07-22,MS,gasolina,109.2200,25
2019-07-22,MT,diesel_s10,194.8160,49
2019-07-22,MT,etanol,148.5770,61
2019-07-22,MT,gasolina,270.0290,61
2019-07-22,PA,diesel_s10,136.7980,35
2019-07-22,PA,etanol,73.3860,19
2019-07-22,PA,gasolina,179.9170,38
2019-07-22,PB,diesel_s10,68.8270,19
2019-07-22,PB,etanol,64.1950,18
2019-07-22,PB,gasolina,84.2830,19
2019-07-22,PE,diesel_s10,231.8980,67
2019-07-22,PE,etanol,211.8210,59
2019-07-22,PE,gasolina,315.1270,70
2019-07-22,PI,diesel_s10,49.0790,13
2019-07-22,PI,etanol,37.6400,11
2019-07-22,PI,gasolina,62.7010,14
2019-07-22,PR,diesel_s10,574.2560,167
2019-07-22,PR,etanol,540.9050,192
2019-07-22,PR,gasolina,801.5400,190
2019-07-22,RJ,diesel_s10,106.8480,29
2019-07-22,RJ,etanol,144.1780,38
2019-07-22,RJ,gasolina,193.1610,39
2019-07-22,RN,diesel_s10,11.3190,3
2019-07-22,RN,etanol,10.9190,3
2019-07-22,RN,gasolina,17.3880,4
2019-07-22,RO,diesel_s10,102.9650,27
2019-07-22,RO,etanol,34.8970,9
2019-07-22,RO,gasolina,126.7520,28
2019-07-22,RS,diesel_s10,463.7110,130
2019-07-22,RS,etanol,283.7700,71
2019-07-22,RS,gasolina,671.7520,150
2019-07-22,SC,diesel_s10,536.9090,152
2019-07-22,SC,etanol,378.9660,108
2019-07-22,SC,gasolina,684.9710,173
2019-07-22,SE,diesel_s10,62.2840,17
2019-07-22,SE,etanol,36.1330,10
2019-07-22,SE,gasolina,74.2920,17
2019-07-22,SP,diesel_s10,1154.9580,326
2019-07-22,SP,etanol,1082.7680,419
2019-07-22,SP,gasolina,1713.7410,415
2019-07-22,TO,diesel_s10,55.7820,15
2019-07-22,TO,etanol,22.4480,6
2019-07-22,TO,gasolina,70.2000,15
2019-07-23,AC,diesel_s10,42.6100,9
2019-07-23,AC,etanol,4.5000,1
2019-07-23,AC,gasolina,51.1700,10
2019-07-23,AM,diesel_s10,118.2370,31
2019-07-23,AM,etanol,114.5470,34
2019-07-23,AM,gasolina,188.0240,43
2019-07-23,AP,gasolina,3.6500,1
2019-07-23,BA,diesel_s10,125.9910,34
2019-07-23,BA,etanol,128.4730,39
2019-07-23,BA,gasolina,175.1640,40
2019-07-23,CE,diesel_s10,301.9610,82
2019-07-23,CE,etanol,289.2020,79
2019-07-23,CE,gasolina,363.9680,84
2019-07-23,DF,diesel_s10,133.3440,35
2019-07-23,DF,etanol,136.7030,44
2019-07-23,DF,gasolina,193.8030,46
2019-07-23,GO,diesel_s10,69.6450,19
2019-07-23,GO,etanol,80.5250,30
2019-07-23,GO,gasolina,123.9750,28
2019-07-23,MA,diesel_s10,166.7660,47
2019-07-23,MA,etanol,25.8870,7
2019-07-23,MA,gasolina,210.4850,49
2019-07-23,MG,diesel_s10,536.7530,145
2019-07-23,MG,etanol,504.8400,175
2019-07-23,MG,gasolina,807.0660,174
2019-07-23,MS,diesel_s10,34.0640,9
2019-07-23,MS,etanol,32.0730,9
2019-07-23,MS,gasolina,42.6420,10
2019-07-23,MT,diesel_s10,48.4800,12
2019-07-23,MT,etanol,35.2280,13
2019-07-23,MT,gasolina,49.7100,11
2019-07-23,PA,diesel_s10,55.5480,14
2019-07-23,PA,etanol,8.0900,2
2019-07-23,PA,gasolina,70.9980,15
2019-07-23,PB,diesel_s10,7.5390,2
2019-07-23,PB,etanol,7.4990,2
2019-07-23,PB,gasolina,4.5300,1
2019-07-23,PE,diesel_s10,274.5280,79
2019-07-23,PE,etanol,298.3830,85
2019-07-23,PE,gasolina,393.3180,91
2019-07-23,PI,diesel_s10,91.0610,24
2019-07-23,PI,etanol,52.4160,15
2019-07-23,PI,gasolina,113.5610,25
2019-07-23,PR,diesel_s10,97.2750,28
2019-07-23,PR,etanol,98.8860,35
2019-07-23,PR,gasolina,140.3550,33
2019-07-23,RJ,diesel_s10,554.7500,151
2019-07-23,RJ,etanol,719.9620,196
2019-07-23,RJ,gasolina,956.9250,199
2019-07-23,RN,diesel_s10,99.6700,26
2019-07-23,RN,etanol,117.9780,32
2019-07-23,RN,gasolina,139.0810,32
2019-07-23,RO,diesel_s10,120.1350,31
2019-07-23,RO,etanol,54.0940,14
2019-07-23,RO,gasolina,170.6340,38
2019-07-23,RR,diesel_s10,43.2100,12
2019-07-23,RR,etanol,11.1000,3
2019-07-23,RR,gasolina,47.0400,12
2019-07-23,RS,diesel_s10,230.3140,64
2019-07-23,RS,etanol,197.5750,49
2019-07-23,RS,gasolina,397.2040,85
2019-07-23,SC,diesel_s10,21.4140,6
2019-07-23,SC,etanol,11.0480,3
2019-07-23,SC,gasolina,23.8630,6
2019-07-23,SE,diesel_s10,70.4750,19
2019-07-23,SE,etanol,64.6400,18
2019-07-23,SE,gasolina,90.0140,21
2019-07-23,SP,diesel_s10,652.9540,184
2019-07-23,SP,etanol,661.4420,258
2019-07-23,SP,gasolina,1042.0170,255
2019-07-23,TO,diesel_s10,14.2800,4
2019-07-23,TO,etanol,17.8100,5
2019-07-23,TO,gasolina,22.2900,5
2019-07-24,AC,diesel_s10,47.2400,11
2019-07-24,AC,etanol,23.2500,6
2019-07-24,AC,gasolina,51.9300,11
2019-07-24,AL,diesel_s10,73.9340,19
2019-07-24,AL,etanol,91.1570,24
2019-07-24,AL,gasolina,127.6370,27
2019-07-24,AM,diesel_s10,4.1500,1
2019-07-24,AM,gasolina,4.9990,1
2019-07-24,BA,diesel_s10,620.0670,171
2019-07-24,BA,etanol,687.6320,215
2019-07-24,BA,gasolina,905.4970,212
2019-07-24,CE,diesel_s10,162.6950,44
2019-07-24,CE,etanol,150.9930,41
2019-07-24,CE,gasolina,190.1550,44
2019-07-24,GO,diesel_s10,286.9690,79
2019-07-24,GO,etanol,335.5940,121
2019-07-24,GO,gasolina,531.9200,119
2019-07-24,MA,diesel_s10,74.8460,20
2019-07-24,MA,etanol,47.9210,13
2019-07-24,MA,gasolina,96.1060,21
2019-07-24,MG,diesel_s10,508.7080,137
2019-07-24,MG,etanol,499.3720,174
2019-07-24,MG,gasolina,797.4420,171
2019-07-24,MS,diesel_s10,145.0040,40
2019-07-24,MS,etanol,159.8650,49
2019-07-24,MS,gasolina,199.8710,49
2019-07-24,MT,diesel_s10,227.5420,58
2019-07-24,MT,etanol,161.1120,66
2019-07-24,MT,gasolina,290.5170,66
2019-07-24,PA,diesel_s10,148.3030,38
2019-07-24,PA,etanol,79.9690,21
2019-07-24,PA,gasolina,167.7880,37
2019-07-24,PB,diesel_s10,96.2060,27
2019-07-24,PB,etanol,102.6830,29
2019-07-24,PB,gasolina,127.4240,29
2019-07-24,PE,diesel_s10,52.0020,15
2019-07-24,PE,etanol,52.7300,15
2019-07-24,PE,gasolina,68.0680,16
2019-07-24,PI,diesel_s10,100.9320,27
2019-07-24,PI,etanol,68.8600,20
2019-07-24,PI,gasolina,127.0360,28
2019-07-24,PR,diesel_s10,264.2920,78
2019-07-24,PR,etanol,273.7510,100
2019-07-24,PR,gasolina,403.2280,99
2019-07-24,RJ,diesel_s10,203.2870,55
2019-07-24,RJ,etanol,257.2080,67
2019-07-24,RJ,gasolina,329.0490,67
2019-07-24,RN,diesel_s10,85.5500,23
2019-07-24,RN,etanol,91.2090,25
2019-07-24,RN,gasolina,122.8560,27
2019-07-24,RO,etanol,3.4900,1
2019-07-24,RO,gasolina,4.1990,1
2019-07-24,RR,diesel_s10,3.6000,1
2019-07-24,RR,etanol,3.6900,1
2019-07-24,RR,gasolina,3.8800,1
2019-07-24,RS,diesel_s10,315.3850,87
2019-07-24,RS,etanol,188.1990,45
2019-07-24,RS,gasolina,470.2240,101
2019-07-24,SC,diesel_s10,205.5690,57
2019-07-24,SC,etanol,169.9010,47
2019-07-24,SC,gasolina,299.0590,73
2019-07-24,SE,diesel_s10,17.7300,5
2019-07-24,SE,etanol,14.1000,4
2019-07-24,SE,gasolina,21.3700,5
2019-07-24,SP,diesel_s10,2191.7630,614
2019-07-24,SP,etanol,2034.2730,797
2019-07-24,SP,gasolina,3257.2120,785
2019-07-24,TO,diesel_s10,94.5420,26
2019-07-24,TO,etanol,91.8320,25
2019-07-24,TO,gasolina,120.1220,26
2019-07-25,AC,diesel_s10,74.5600,17
2019-07-25,AC,etanol,42.7900,11
2019-07-25,AC,gasolina,86.5700,18
2019-07-25,AL,diesel_s10,87.3230,23
2019-07-25,AL,etanol,102.4800,28
2019-07-25,AL,gasolina,132.6730,29
2019-07-25,AM,diesel_s10,7.7800,2
2019-07-25,AM,etanol,3.3900,1
2019-07-25,AM,gasolina,16.8000,4
2019-07-25,DF,diesel_s10,3.8390,1
2019-07-25,DF,etanol,3.1990,1
2019-07-25,DF,gasolina,4.1740,1
2019-07-25,ES,diesel_s10,198.1350,55
2019-07-25,ES,etanol,164.3480,46
2019-07-25,ES,gasolina,297.1250,70
2019-07-25,GO,diesel_s10,17.8900,5
2019-07-25,GO,etanol,28.8950,11
2019-07-25,GO,gasolina,46.3420,11
2019-07-25,MA,diesel_s10,24.6850,7
2019-07-25,MA,etanol,17.9370,5
2019-07-25,MA,gasolina,38.7740,9
2019-07-25,MG,diesel_s10,64.1340,17
2019-07-25,MG,etanol,60.0220,20
2019-07-25,MG,gasolina,99.9660,21
2019-07-25,MT,diesel_s10,57.4600,15
2019-07-25,MT,etanol,47.3380,20
2019-07-25,MT,gasolina,87.1580,20
2019-07-25,PA,diesel_s10,70.3170,18
2019-07-25,PA,etanol,23.5000,6
2019-07-25,PA,gasolina,109.7850,23
2019-07-25,PB,diesel_s10,45.9940,13
2019-07-25,PB,etanol,46.0030,13
2019-07-25,PB,gasolina,56.8550,13
2019-07-25,PE,diesel_s10,28.8530,8
2019-07-25,PE,etanol,38.8910,11
2019-07-25,PE,gasolina,47.4110,11
2019-07-25,PR,diesel_s10,132.7040,39
2019-07-25,PR,etanol,133.7470,47
2019-07-25,PR,gasolina,197.2550,47
2019-07-25,RJ,diesel_s10,329.1820,90
2019-07-25,RJ,etanol,413.7150,112
2019-07-25,RJ,gasolina,550.4740,114
2019-07-25,RO,diesel_s10,11.3900,3
2019-07-25,RO,etanol,12.6900,3
2019-07-25,RO,gasolina,14.5400,3
2019-07-25,RS,diesel_s10,74.2670,20
2019-07-25,RS,etanol,53.2730,13
2019-07-25,RS,gasolina,117.8410,25
2019-07-25,SP,diesel_s10,500.9310,141
2019-07-25,SP,etanol,470.5200,190
2019-07-25,SP,gasolina,771.5150,188
2019-07-29,AC,diesel_s10,103.7200,24
2019-07-29,AC,etanol,46.0300,12
2019-07-29,AC,gasolina,119.0000,25
2019-07-29,AM,diesel_s10,33.5980,8
2019-07-29,AM,gasolina,68.8820,14
2019-07-29,AP,diesel_s10,36.3900,8
2019-07-29,AP,gasolina,81.8690,21
2019-07-29,BA,diesel_s10,52.7710,14
2019-07-29,BA,etanol,71.6550,21
2019-07-29,BA,gasolina,95.5440,21
2019-07-29,CE,diesel_s10,398.7870,106
2019-07-29,CE,etanol,383.1140,102
2019-07-29,CE,gasolina,453.6550,106
2019-07-29,ES,diesel_s10,74.5890,21
2019-07-29,ES,etanol,51.1190,14
2019-07-29,ES,gasolina,109.8190,24
2019-07-29,GO,diesel_s10,70.0990,19
2019-07-29,GO,etanol,60.0880,21
2019-07-29,GO,gasolina,85.9090,19
2019-07-29,MA,diesel_s10,65.6220,18
2019-07-29,MA,etanol,19.2790,5
2019-07-29,MA,gasolina,84.5800,19
2019-07-29,MG,diesel_s10,606.2180,165
2019-07-29,MG,etanol,593.9290,205
2019-07-29,MG,gasolina,943.9090,204
2019-07-29,MS,diesel_s10,44.7730,12
2019-07-29,MS,etanol,42.1760,12
2019-07-29,MS,gasolina,62.6810,14
2019-07-29,MT,diesel_s10,78.0690,19
2019-07-29,MT,etanol,56.2430,21
2019-07-29,MT,gasolina,97.4830,21
2019-07-29,PA,diesel_s10,55.6160,15
2019-07-29,PA,etanol,35.9490,10
2019-07-29,PA,gasolina,69.0260,16
2019-07-29,PB,diesel_s10,25.9840,7
2019-07-29,PB,etanol,22.7350,6
2019-07-29,PB,gasolina,26.3350,6
2019-07-29,PE,diesel_s10,19.9160,6
2019-07-29,PE,etanol,3.5990,1
2019-07-29,PE,gasolina,33.1530,7
2019-07-29,PI,diesel_s10,128.4600,34
2019-07-29,PI,etanol,86.9020,25
2019-07-29,PI,gasolina,172.8980,38
2019-07-29,PR,diesel_s10,382.4860,111
2019-07-29,PR,etanol,376.3310,134
2019-07-29,PR,gasolina,551.8940,131
2019-07-29,RJ,diesel_s10,466.4340,126
2019-07-29,RJ,etanol,565.1600,152
2019-07-29,RJ,gasolina,750.7100,155
2019-07-29,RN,diesel_s10,64.2690,17
2019-07-29,RN,etanol,59.7400,16
2019-07-29,RN,gasolina,78.2990,17
2019-07-29,RO,diesel_s10,85.4560,22
2019-07-29,RO,etanol,24.2570,6
2019-07-29,RO,gasolina,91.4980,20
2019-07-29,RS,diesel_s10,673.8210,189
2019-07-29,RS,etanol,457.9940,113
2019-07-29,RS,gasolina,1048.6620,232
2019-07-29,SC,diesel_s10,497.5050,142
2019-07-29,SC,etanol,326.0710,94
2019-07-29,SC,gasolina,629.4100,159
2019-07-29,SP,diesel_s10,1228.6690,348
2019-07-29,SP,etanol,1207.1170,465
2019-07-29,SP,gasolina,1881.2170,460
2019-07-29,TO,diesel_s10,57.5910,16
2019-07-29,TO,etanol,58.3700,16
2019-07-29,TO,gasolina,79.0260,17
2019-07-30,AC,diesel_s10,46.4600,10
2019-07-30,AC,gasolina,55.9200,11
2019-07-30,AM,diesel_s10,107.7990,29
2019-07-30,AM,etanol,122.4960,37
2019-07-30,AM,gasolina,183.8020,43
2019-07-30,AP,diesel_s10,24.2300,5
2019-07-30,AP,gasolina,22.5000,6
2019-07-30,BA,diesel_s10,331.5750,91
2019-07-30,BA,etanol,339.6800,100
2019-07-30,BA,gasolina,516.0720,113
2019-07-30,CE,diesel_s10,297.3780,79
2019-07-30,CE,etanol,261.6100,70
2019-07-30,CE,gasolina,351.0620,79
2019-07-30,ES,diesel_s10,21.8200,6
2019-07-30,ES,etanol,13.9500,4
2019-07-30,ES,gasolina,26.4400,6
2019-07-30,GO,diesel_s10,117.2020,32
2019-07-30,GO,etanol,112.9120,40
2019-07-30,GO,gasolina,171.0210,38
2019-07-30,MA,diesel_s10,232.3940,64
2019-07-30,MA,etanol,62.2890,17
2019-07-30,MA,gasolina,293.1830,68
2019-07-30,MG,diesel_s10,297.5140,81
2019-07-30,MG,etanol,303.6050,105
2019-07-30,MG,gasolina,483.2030,105
2019-07-30,MS,diesel_s10,71.2130,19
2019-07-30,MS,etanol,66.3480,19
2019-07-30,MS,gasolina,76.7080,18
2019-07-30,MT,diesel_s10,123.3430,31
2019-07-30,MT,etanol,91.7290,35
2019-07-30,MT,gasolina,146.3930,33
2019-07-30,PA,diesel_s10,179.0510,46
2019-07-30,PA,etanol,86.3910,23
2019-07-30,PA,gasolina,215.3490,47
2019-07-30,PB,diesel_s10,107.4780,30
2019-07-30,PB,etanol,112.2920,32
2019-07-30,PB,gasolina,140.4950,32
2019-07-30,PE,diesel_s10,395.3510,115
2019-07-30,PE,etanol,397.1400,114
2019-07-30,PE,gasolina,524.2620,123
2019-07-30,PI,diesel_s10,66.5760,18
2019-07-30,PI,etanol,50.5860,15
2019-07-30,PI,gasolina,79.8220,18
2019-07-30,PR,diesel_s10,136.8500,40
2019-07-30,PR,etanol,155.5990,54
2019-07-30,PR,gasolina,221.9800,52
2019-07-30,RJ,diesel_s10,153.5840,42
2019-07-30,RJ,etanol,189.6790,51
2019-07-30,RJ,gasolina,257.0560,53
2019-07-30,RN,diesel_s10,60.0290,16
2019-07-30,RN,etanol,58.7250,16
2019-07-30,RN,gasolina,78.1950,18
2019-07-30,RO,diesel_s10,52.7200,14
2019-07-30,RO,etanol,20.5190,5
2019-07-30,RO,gasolina,63.4970,14
2019-07-30,RR,diesel_s10,39.1100,11
2019-07-30,RR,etanol,11.2300,3
2019-07-30,RR,gasolina,50.0200,13
2019-07-30,RS,diesel_s10,72.7320,21
2019-07-30,RS,etanol,71.4440,18
2019-07-30,RS,gasolina,135.6190,30
2019-07-30,SC,diesel_s10,89.4740,25
2019-07-30,SC,etanol,87.2560,24
2019-07-30,SC,gasolina,125.0670,32
2019-07-30,SE,diesel_s10,46.8390,13
2019-07-30,SE,etanol,21.3500,6
2019-07-30,SE,gasolina,55.9000,13
2019-07-30,SP,diesel_s10,606.4500,172
2019-07-30,SP,etanol,542.4510,208
2019-07-30,SP,gasolina,856.3490,208
2019-07-30,TO,diesel_s10,48.7330,13
2019-07-30,TO,etanol,25.6670,7
2019-07-30,TO,gasolina,60.2410,13
2019-07-31,AC,diesel_s10,4.5000,1
2019-07-31,AC,etanol,4.1500,1
2019-07-31,AC,gasolina,4.6500,1
2019-07-31,AL,diesel_s10,67.3190,18
2019-07-31,AL,etanol,59.5950,16
2019-07-31,AL,gasolina,85.9610,19
2019-07-31,AM,diesel_s10,37.5100,9
2019-07-31,AM,etanol,19.2300,5
2019-07-31,AM,gasolina,70.7100,16
2019-07-31,BA,diesel_s10,305.6860,83
2019-07-31,BA,etanol,335.0870,97
2019-07-31,BA,gasolina,443.4810,97
2019-07-31,CE,diesel_s10,112.1660,29
2019-07-31,CE,etanol,100.3750,26
2019-07-31,CE,gasolina,149.8380,33
2019-07-31,DF,diesel_s10,117.2890,31
2019-07-31,DF,etanol,141.2420,45
2019-07-31,DF,gasolina,200.1510,47
2019-07-31,ES,diesel_s10,22.5790,6
2019-07-31,ES,etanol,11.4890,3
2019-07-31,ES,gasolina,31.0680,7
2019-07-31,GO,diesel_s10,376.0390,103
2019-07-31,GO,etanol,405.2370,148
2019-07-31,GO,gasolina,630.2740,144
2019-07-31,MA,diesel_s10,117.2740,32
2019-07-31,MA,etanol,88.9520,24
2019-07-31,MA,gasolina,150.2210,34
2019-07-31,MG,diesel_s10,594.5210,162
2019-07-31,MG,etanol,557.6120,195
2019-07-31,MG,gasolina,885.6940,192
2019-07-31,MS,diesel_s10,127.8680,35
2019-07-31,MS,etanol,175.5550,53
2019-07-31,MS,gasolina,214.5440,53
2019-07-31,MT,diesel_s10,7.8690,2
2019-07-31,MT,etanol,5.0760,2
2019-07-31,MT,gasolina,8.8760,2
2019-07-31,PA,diesel_s10,158.9180,40
2019-07-31,PA,etanol,58.4250,14
2019-07-31,PA,gasolina,198.9060,41
2019-07-31,PB,diesel_s10,32.2240,9
2019-07-31,PB,etanol,45.6840,13
2019-07-31,PB,gasolina,56.6920,13
2019-07-31,PE,diesel_s10,79.9540,22
2019-07-31,PE,etanol,78.2730,21
2019-07-31,PE,gasolina,109.6610,23
2019-07-31,PI,diesel_s10,41.0610,11
2019-07-31,PI,etanol,27.0390,8
2019-07-31,PI,gasolina,48.1780,11
2019-07-31,PR,diesel_s10,291.0790,85
2019-07-31,PR,etanol,291.7450,104
2019-07-31,PR,gasolina,428.0260,103
2019-07-31,RJ,diesel_s10,392.9490,108
2019-07-31,RJ,etanol,492.9870,135
2019-07-31,RJ,gasolina,654.7690,137
2019-07-31,RO,diesel_s10,107.8000,28
2019-07-31,RO,etanol,52.2250,14
2019-07-31,RO,gasolina,162.5990,37
2019-07-31,RS,diesel_s10,160.8890,43
2019-07-31,RS,etanol,92.1180,22
2019-07-31,RS,gasolina,217.3580,45
2019-07-31,SC,diesel_s10,163.8290,46
2019-07-31,SC,etanol,142.3240,39
2019-07-31,SC,gasolina,230.0470,58
2019-07-31,SE,diesel_s10,72.7070,20
2019-07-31,SE,etanol,71.0670,20
2019-07-31,SE,gasolina,88.6040,21
2019-07-31,SP,diesel_s10,2195.0670,618
2019-07-31,SP,etanol,2093.7260,806
2019-07-31,SP,gasolina,3262.8450,790
2019-07-31,TO,diesel_s10,20.9190,6
2019-07-31,TO,etanol,18.5200,5
2019-07-31,TO,gasolina,26.4970,6
2019-08-01,AC,diesel_s10,8.8100,2
2019-08-01,AC,etanol,8.0700,2
2019-08-01,AC,gasolina,9.6300,2
2019-08-01,AL,diesel_s10,103.5210,27
2019-08-01,AL,etanol,143.2710,38
2019-08-01,AL,gasolina,173.3010,38
2019-08-01,AP,diesel_s10,4.9500,1
2019-08-01,AP,gasolina,4.2900,1
2019-08-01,BA,diesel_s10,262.3330,74
2019-08-01,BA,etanol,374.7440,107
2019-08-01,BA,gasolina,492.7820,108
2019-08-01,ES,diesel_s10,194.1110,54
2019-08-01,ES,etanol,209.8390,60
2019-08-01,ES,gasolina,331.7640,79
2019-08-01,GO,diesel_s10,64.0380,18
2019-08-01,GO,etanol,65.6170,24
2019-08-01,GO,gasolina,101.8870,24
2019-08-01,MG,diesel_s10,255.7950,69
2019-08-01,MG,etanol,254.3400,87
2019-08-01,MG,gasolina,391.9190,84
2019-08-01,MT,diesel_s10,315.3480,81
2019-08-01,MT,etanol,246.9420,102
2019-08-01,MT,gasolina,450.0310,102
2019-08-01,PA,diesel_s10,20.1200,5
2019-08-01,PA,etanol,4.1500,1
2019-08-01,PA,gasolina,44.1300,9
2019-08-01,PB,diesel_s10,38.6250,11
2019-08-01,PB,etanol,38.6630,11
2019-08-01,PB,gasolina,47.3330,11
2019-08-01,PE,diesel_s10,125.0210,36
2019-08-01,PE,etanol,129.3770,37
2019-08-01,PE,gasolina,162.5120,38
2019-08-01,PR,diesel_s10,215.9490,64
2019-08-01,PR,etanol,219.2990,81
2019-08-01,PR,gasolina,318.9000,80
2019-08-01,RJ,diesel_s10,232.7570,63
2019-08-01,RJ,etanol,295.8250,77
2019-08-01,RJ,gasolina,372.6850,77
2019-08-01,RN,diesel_s10,98.6820,26
2019-08-01,RN,etanol,98.9610,27
2019-08-01,RN,gasolina,119.0160,28
2019-08-01,RS,diesel_s10,160.3520,45
2019-08-01,RS,etanol,104.6470,26
2019-08-01,RS,gasolina,241.5810,54
2019-08-01,SC,diesel_s10,10.2430,3
2019-08-01,SC,etanol,3.2990,1
2019-08-01,SC,gasolina,11.5070,3
2019-08-01,SE,diesel_s10,32.6330,9
2019-08-01,SE,etanol,32.1010,9
2019-08-01,SE,gasolina,37.9420,9
2019-08-01,SP,diesel_s10,479.1880,136
2019-08-01,SP,etanol,470.4890,185
2019-08-01,SP,gasolina,760.3710,183
2019-08-01,TO,diesel_s10,34.6300,10
2019-08-01,TO,etanol,31.4500,9
2019-08-01,TO,gasolina,44.3600,10
2019-08-05,AC,diesel_s10,13.0600,3
2019-08-05,AC,etanol,11.3000,3
2019-08-05,AC,gasolina,14.0500,3
2019-08-05,AM,diesel_s10,140.7770,36
2019-08-05,AM,etanol,112.7990,34
2019-08-05,AM,gasolina,289.6460,66
2019-08-05,AP,diesel_s10,13.7500,3
2019-08-05,AP,gasolina,19.6100,5
2019-08-05,BA,diesel_s10,60.4290,16
2019-08-05,BA,etanol,89.2430,26
2019-08-05,BA,gasolina,118.2400,26
2019-08-05,CE,diesel_s10,552.8880,146
2019-08-05,CE,etanol,525.1510,139
2019-08-05,CE,gasolina,672.4400,147
2019-08-05,ES,diesel_s10,78.5290,22
2019-08-05,ES,etanol,54.7090,15
2019-08-05,ES,gasolina,118.5780,26
2019-08-05,GO,diesel_s10,92.3270,25
2019-08-05,GO,etanol,85.6960,30
2019-08-05,GO,gasolina,126.0270,28
2019-08-05,MA,diesel_s10,48.2670,13
2019-08-05,MA,etanol,15.6800,4
2019-08-05,MA,gasolina,55.0770,12
2019-08-05,MG,diesel_s10,651.0180,177
2019-08-05,MG,etanol,655.3620,225
2019-08-05,MG,gasolina,1045.4350,225
2019-08-05,MS,diesel_s10,55.8130,15
2019-08-05,MS,etanol,52.5670,15
2019-08-05,MS,gasolina,66.5030,15
2019-08-05,MT,diesel_s10,78.0090,19
2019-08-05,MT,etanol,56.5120,21
2019-08-05,MT,gasolina,97.2730,21
2019-08-05,PA,diesel_s10,75.6200,20
2019-08-05,PA,etanol,40.2490,11
2019-08-05,PA,gasolina,94.3380,21
2019-08-05,PB,diesel_s10,29.5740,8
2019-08-05,PB,etanol,26.3250,7
2019-08-05,PB,gasolina,30.8150,7
2019-08-05,PE,diesel_s10,20.5870,6
2019-08-05,PE,etanol,7.3290,2
2019-08-05,PE,gasolina,33.2610,7
2019-08-05,PI,diesel_s10,185.0250,49
2019-08-05,PI,etanol,131.5410,38
2019-08-05,PI,gasolina,241.5970,53
2019-08-05,PR,diesel_s10,306.3070,90
2019-08-05,PR,etanol,304.2250,108
2019-08-05,PR,gasolina,438.2800,105
2019-08-05,RJ,diesel_s10,239.7180,66
2019-08-05,RJ,etanol,285.5210,77
2019-08-05,RJ,gasolina,396.0560,81
2019-08-05,RN,diesel_s10,159.7730,42
2019-08-05,RN,etanol,160.7440,43
2019-08-05,RN,gasolina,199.5490,45
2019-08-05,RO,diesel_s10,177.1990,46
2019-08-05,RO,etanol,80.9830,21
2019-08-05,RO,gasolina,233.0080,52
2019-08-05,RS,diesel_s10,597.0280,168
2019-08-05,RS,etanol,397.8650,98
2019-08-05,RS,gasolina,902.6730,200
2019-08-05,SC,diesel_s10,503.2990,144
2019-08-05,SC,etanol,335.4210,97
2019-08-05,SC,gasolina,628.8680,159
2019-08-05,SE,diesel_s10,7.4890,2
2019-08-05,SE,etanol,6.9700,2
2019-08-05,SE,gasolina,8.4190,2
2019-08-05,SP,diesel_s10,1126.9820,321
2019-08-05,SP,etanol,1111.2320,427
2019-08-05,SP,gasolina,1738.7480,425
2019-08-05,TO,diesel_s10,61.2010,17
2019-08-05,TO,etanol,61.9190,17
2019-08-05,TO,gasolina,88.1160,19
2019-08-06,AC,diesel_s10,145.9700,33
2019-08-06,AC,etanol,42.2800,11
2019-08-06,AC,gasolina,174.4400,36
2019-08-06,BA,diesel_s10,390.0330,108
2019-08-06,BA,etanol,402.7720,119
2019-08-06,BA,gasolina,597.6230,131
2019-08-06,CE,diesel_s10,178.4850,47
2019-08-06,CE,etanol,158.1540,42
2019-08-06,CE,gasolina,207.1400,46
2019-08-06,ES,diesel_s10,18.4800,5
2019-08-06,ES,etanol,10.6600,3
2019-08-06,ES,gasolina,22.2500,5
2019-08-06,GO,diesel_s10,95.0930,26
2019-08-06,GO,etanol,90.2630,32
2019-08-06,GO,gasolina,134.9820,30
2019-08-06,MA,diesel_s10,195.4460,53
2019-08-06,MA,etanol,58.3700,16
2019-08-06,MA,gasolina,239.9460,55
2019-08-06,MG,diesel_s10,272.6150,74
2019-08-06,MG,etanol,268.9680,92
2019-08-06,MG,gasolina,429.4070,93
2019-08-06,MS,diesel_s10,56.3760,15
2019-08-06,MS,etanol,52.4810,15
2019-08-06,MS,gasolina,64.0900,15
2019-08-06,MT,diesel_s10,123.2430,31
2019-08-06,MT,etanol,91.8600,35
2019-08-06,MT,gasolina,146.3930,33
2019-08-06,PA,diesel_s10,98.3880,25
2019-08-06,PA,etanol,49.8080,13
2019-08-06,PA,gasolina,119.4710,25
2019-08-06,PB,diesel_s10,103.6880,29
2019-08-06,PB,etanol,108.6720,31
2019-08-06,PB,gasolina,136.0750,31
2019-08-06,PE,diesel_s10,348.9840,102
2019-08-06,PE,etanol,362.9740,104
2019-08-06,PE,gasolina,460.1870,108
2019-08-06,PI,diesel_s10,43.7220,12
2019-08-06,PI,etanol,33.8120,10
2019-08-06,PI,gasolina,53.6320,12
2019-08-06,PR,diesel_s10,152.2100,44
2019-08-06,PR,etanol,162.8990,56
2019-08-06,PR,gasolina,232.2400,54
2019-08-06,RJ,diesel_s10,220.0540,60
2019-08-06,RJ,etanol,266.1430,71
2019-08-06,RJ,gasolina,347.0030,72
2019-08-06,RN,diesel_s10,60.1390,16
2019-08-06,RN,etanol,58.8250,16
2019-08-06,RN,gasolina,78.1060,18
2019-08-06,RO,diesel_s10,37.9900,10
2019-08-06,RO,etanol,16.5200,4
2019-08-06,RO,gasolina,44.9370,10
2019-08-06,RR,diesel_s10,39.3100,11
2019-08-06,RR,etanol,11.1000,3
2019-08-06,RR,gasolina,47.1600,12
2019-08-06,RS,diesel_s10,69.6190,20
2019-08-06,RS,etanol,55.4470,14
2019-08-06,RS,gasolina,112.3910,25
2019-08-06,SC,diesel_s10,59.3430,17
2019-08-06,SC,etanol,53.7850,15
2019-08-06,SC,gasolina,77.4200,20
2019-08-06,SE,diesel_s10,108.9440,30
2019-08-06,SE,etanol,78.7580,22
2019-08-06,SE,gasolina,132.2240,31
2019-08-06,SP,diesel_s10,832.9460,235
2019-08-06,SP,etanol,770.6570,294
2019-08-06,SP,gasolina,1197.0800,290
2019-08-06,TO,diesel_s10,84.3720,23
2019-08-06,TO,etanol,61.8670,17
2019-08-06,TO,gasolina,104.6710,23
2019-08-07,AL,diesel_s10,67.2790,18
2019-08-07,AL,etanol,59.5950,16
2019-08-07,AL,gasolina,86.4890,19
2019-08-07,AM,diesel_s10,16.2800,4
2019-08-07,AM,etanol,3.3900,1
2019-08-07,AM,gasolina,31.3000,7
2019-08-07,BA,diesel_s10,475.2830,130
2019-08-07,BA,etanol,599.8260,173
2019-08-07,BA,gasolina,785.2990,173
2019-08-07,CE,diesel_s10,85.1280,22
2019-08-07,CE,etanol,73.4060,19
2019-08-07,CE,gasolina,113.4000,25
2019-08-07,DF,diesel_s10,139.9920,37
2019-08-07,DF,etanol,139.3920,45
2019-08-07,DF,gasolina,190.1040,47
2019-08-07,ES,diesel_s10,26.0790,7
2019-08-07,ES,etanol,11.4890,3
2019-08-07,ES,gasolina,30.8490,7
2019-08-07,GO,diesel_s10,380.1010,104
2019-08-07,GO,etanol,399.4400,146
2019-08-07,GO,gasolina,625.3350,143
2019-08-07,MA,diesel_s10,142.7660,39
2019-08-07,MA,etanol,89.1920,24
2019-08-07,MA,gasolina,184.4730,42
2019-08-07,MG,diesel_s10,615.9590,167
2019-08-07,MG,etanol,601.0610,212
2019-08-07,MG,gasolina,967.9870,210
2019-08-07,MS,diesel_s10,48.7880,13
2019-08-07,MS,etanol,52.6960,15
2019-08-07,MS,gasolina,68.7840,16
2019-08-07,MT,diesel_s10,286.9340,74
2019-08-07,MT,etanol,225.7860,93
2019-08-07,MT,gasolina,406.9100,93
2019-08-07,PA,diesel_s10,220.6240,56
2019-08-07,PA,etanol,90.7360,23
2019-08-07,PA,gasolina,270.2320,58
2019-08-07,PB,diesel_s10,73.0240,21
2019-08-07,PB,etanol,84.2480,24
2019-08-07,PB,gasolina,104.4770,24
2019-08-07,PE,diesel_s10,169.7610,47
2019-08-07,PE,etanol,186.6880,52
2019-08-07,PE,gasolina,244.6670,55
2019-08-07,PI,diesel_s10,7.4920,2
2019-08-07,PI,etanol,6.7720,2
2019-08-07,PI,gasolina,9.1720,2
2019-08-07,PR,diesel_s10,524.0540,153
2019-08-07,PR,etanol,528.0370,189
2019-08-07,PR,gasolina,771.6110,187
2019-08-07,RJ,diesel_s10,511.0040,140
2019-08-07,RJ,etanol,713.8060,193
2019-08-07,RJ,gasolina,931.8130,195
2019-08-07,RO,diesel_s10,30.4180,8
2019-08-07,RO,etanol,11.5390,3
2019-08-07,RO,gasolina,39.9280,9
2019-08-07,RR,diesel_s10,3.5500,1
2019-08-07,RR,etanol,3.7000,1
2019-08-07,RR,gasolina,3.8100,1
2019-08-07,RS,diesel_s10,162.3790,44
2019-08-07,RS,etanol,104.4370,25
2019-08-07,RS,gasolina,224.8260,48
2019-08-07,SC,diesel_s10,112.7920,32
2019-08-07,SC,etanol,86.7700,24
2019-08-07,SC,gasolina,154.5890,39
2019-08-07,SE,diesel_s10,3.5990,1
2019-08-07,SE,etanol,3.5690,1
2019-08-07,SE,gasolina,4.2990,1
2019-08-07,SP,diesel_s10,2224.0750,626
2019-08-07,SP,etanol,2141.4560,824
2019-08-07,SP,gasolina,3337.3020,809
2019-08-07,TO,diesel_s10,14.2900,4
2019-08-07,TO,etanol,14.7300,4
2019-08-07,TO,gasolina,17.8080,4
2019-08-08,AL,diesel_s10,104.0540,27
2019-08-08,AL,etanol,138.5140,37
2019-08-08,AL,gasolina,174.2850,38
2019-08-08,AP,diesel_s10,31.8000,7
2019-08-08,AP,gasolina,89.4400,23
2019-08-08,BA,diesel_s10,24.1150,7
2019-08-08,BA,etanol,26.3850,8
2019-08-08,BA,gasolina,35.0850,8
2019-08-08,ES,diesel_s10,211.5970,59
2019-08-08,ES,etanol,197.9670,56
2019-08-08,ES,gasolina,349.9920,78
2019-08-08,GO,diesel_s10,50.4470,14
2019-08-08,GO,etanol,67.7190,25
2019-08-08,GO,gasolina,106.7410,25
2019-08-08,MA,diesel_s10,40.0300,11
2019-08-08,MA,etanol,10.7790,3
2019-08-08,MA,gasolina,51.0600,12
2019-08-08,MG,diesel_s10,189.5220,51
2019-08-08,MG,etanol,186.8520,62
2019-08-08,MG,gasolina,283.1700,60
2019-08-08,MS,diesel_s10,112.7530,31
2019-08-08,MS,etanol,130.3240,40
2019-08-08,MS,gasolina,159.3990,40
2019-08-08,MT,diesel_s10,44.7370,11
2019-08-08,MT,etanol,30.5600,11
2019-08-08,MT,gasolina,51.4290,11
2019-08-08,PA,diesel_s10,20.1200,5
2019-08-08,PA,etanol,4.1500,1
2019-08-08,PA,gasolina,44.1300,9
2019-08-08,PE,diesel_s10,68.1050,20
2019-08-08,PE,etanol,70.6490,20
2019-08-08,PE,gasolina,85.4570,20
2019-08-08,PR,diesel_s10,63.8160,19
2019-08-08,PR,etanol,61.6640,22
2019-08-08,PR,gasolina,85.3050,21
2019-08-08,RJ,diesel_s10,219.9420,59
2019-08-08,RJ,etanol,289.2780,75
2019-08-08,RJ,gasolina,364.5460,75
2019-08-08,RS,diesel_s10,250.4220,70
2019-08-08,RS,etanol,168.1310,42
2019-08-08,RS,gasolina,392.3150,88
2019-08-08,SC,diesel_s10,98.1190,27
2019-08-08,SC,etanol,65.7810,18
2019-08-08,SC,gasolina,135.0750,34
2019-08-08,SE,diesel_s10,32.6330,9
2019-08-08,SE,etanol,32.1010,9
2019-08-08,SE,gasolina,37.9420,9
2019-08-08,SP,diesel_s10,297.4820,84
2019-08-08,SP,etanol,302.3510,118
2019-08-08,SP,gasolina,486.0960,117
2019-08-12,AC,diesel_s10,108.2000,25
2019-08-12,AC,etanol,46.4100,12
2019-08-12,AC,gasolina,128.0600,27
2019-08-12,AL,etanol,3.9990,1
2019-08-12,AL,gasolina,4.9990,1
2019-08-12,AM,diesel_s10,46.5500,11
2019-08-12,AM,etanol,15.8200,4
2019-08-12,AM,gasolina,88.5970,19
2019-08-12,AP,diesel_s10,55.4100,12
2019-08-12,AP,gasolina,107.6100,28
2019-08-12,BA,diesel_s10,281.8860,77
2019-08-12,BA,etanol,309.4840,89
2019-08-12,BA,gasolina,437.7980,95
2019-08-12,CE,diesel_s10,193.1200,51
2019-08-12,CE,etanol,178.1970,47
2019-08-12,CE,gasolina,260.5180,57
2019-08-12,ES,diesel_s10,100.5090,28
2019-08-12,ES,etanol,59.4290,16
2019-08-12,ES,gasolina,145.9590,32
2019-08-12,GO,diesel_s10,236.9510,64
2019-08-12,GO,etanol,229.0260,80
2019-08-12,GO,gasolina,341.8150,77
2019-08-12,MA,diesel_s10,255.6970,70
2019-08-12,MA,etanol,97.9370,26
2019-08-12,MA,gasolina,314.0080,71
2019-08-12,MG,diesel_s10,706.9610,192
2019-08-12,MG,etanol,697.0190,235
2019-08-12,MG,gasolina,1090.3530,233
2019-08-12,MS,diesel_s10,63.1970,17
2019-08-12,MS,etanol,59.0920,17
2019-08-12,MS,gasolina,70.9200,16
2019-08-12,MT,diesel_s10,158.5160,40
2019-08-12,MT,etanol,117.4950,44
2019-08-12,MT,gasolina,197.6640,44
2019-08-12,PA,diesel_s10,110.1570,29
2019-08-12,PA,etanol,31.5090,8
2019-08-12,PA,gasolina,143.7170,31
2019-08-12,PB,diesel_s10,82.9630,23
2019-08-12,PB,etanol,81.9140,23
2019-08-12,PB,gasolina,100.4650,23
2019-08-12,PE,diesel_s10,241.1100,70
2019-08-12,PE,etanol,237.9590,67
2019-08-12,PE,gasolina,331.6790,75
2019-08-12,PI,diesel_s10,93.3410,25
2019-08-12,PI,etanol,59.0310,17
2019-08-12,PI,gasolina,127.2480,28
2019-08-12,PR,diesel_s10,484.1350,142
2019-08-12,PR,etanol,490.5660,173
2019-08-12,PR,gasolina,720.7750,173
2019-08-12,RJ,diesel_s10,228.7670,63
2019-08-12,RJ,etanol,275.1870,74
2019-08-12,RJ,gasolina,368.5160,76
2019-08-12,RN,diesel_s10,3.6900,1
2019-08-12,RN,gasolina,4.2900,1
2019-08-12,RO,diesel_s10,119.6120,31
2019-08-12,RO,etanol,43.1850,11
2019-08-12,RO,gasolina,135.9140,30
2019-08-12,RR,diesel_s10,32.2900,9
2019-08-12,RR,etanol,3.7000,1
2019-08-12,RR,gasolina,35.3000,9
2019-08-12,RS,diesel_s10,818.8260,231
2019-08-12,RS,etanol,537.1790,134
2019-08-12,RS,gasolina,1258.2810,281
2019-08-12,SC,diesel_s10,645.3660,183
2019-08-12,SC,etanol,432.7880,123
2019-08-12,SC,gasolina,823.2490,208
2019-08-12,SE,diesel_s10,101.5860,28
2019-08-12,SE,etanol,74.5990,21
2019-08-12,SE,gasolina,119.7670,28
2019-08-12,SP,diesel_s10,1106.0720,314
2019-08-12,SP,etanol,1080.5390,414
2019-08-12,SP,gasolina,1673.9020,410
2019-08-12,TO,diesel_s10,98.1030,27
2019-08-12,TO,etanol,69.0130,19
2019-08-12,TO,gasolina,127.6550,28
2019-08-13,AL,diesel_s10,3.9890,1
2019-08-13,AL,etanol,4.0000,1
2019-08-13,AL,gasolina,4.7940,1
2019-08-13,BA,diesel_s10,55.5440,14
2019-08-13,BA,etanol,51.5000,15
2019-08-13,BA,gasolina,80.6410,17
2019-08-13,CE,diesel_s10,451.1420,119
2019-08-13,CE,etanol,434.1800,115
2019-08-13,CE,gasolina,556.9240,121
2019-08-13,ES,diesel_s10,3.5600,1
2019-08-13,ES,gasolina,4.5900,1
2019-08-13,GO,diesel_s10,180.0320,49
2019-08-13,GO,etanol,201.1930,75
2019-08-13,GO,gasolina,314.2920,73
2019-08-13,MA,diesel_s10,96.8930,27
2019-08-13,MA,etanol,14.3960,4
2019-08-13,MA,gasolina,124.6920,29
2019-08-13,MG,diesel_s10,256.1570,69
2019-08-13,MG,etanol,240.6710,81
2019-08-13,MG,gasolina,369.5400,79
2019-08-13,MS,diesel_s10,3.5990,1
2019-08-13,MS,etanol,3.4590,1
2019-08-13,MS,gasolina,4.3590,1
2019-08-13,PA,diesel_s10,123.3540,32
2019-08-13,PA,etanol,69.8500,19
2019-08-13,PA,gasolina,145.2820,33
2019-08-13,PB,diesel_s10,7.4600,2
2019-08-13,PB,etanol,3.5800,1
2019-08-13,PB,gasolina,8.6200,2
2019-08-13,PE,diesel_s10,179.5020,52
2019-08-13,PE,etanol,184.2100,53
2019-08-13,PE,gasolina,244.9670,58
2019-08-13,PI,diesel_s10,74.9140,20
2019-08-13,PI,etanol,67.4140,20
2019-08-13,PI,gasolina,98.4920,22
2019-08-13,PR,diesel_s10,260.7200,77
2019-08-13,PR,etanol,259.5080,93
2019-08-13,PR,gasolina,366.2780,90
2019-08-13,RJ,diesel_s10,148.7380,40
2019-08-13,RJ,etanol,182.9810,49
2019-08-13,RJ,gasolina,234.6670,48
2019-08-13,RN,diesel_s10,22.3400,6
2019-08-13,RN,etanol,11.0700,3
2019-08-13,RN,gasolina,25.8100,6
2019-08-13,RO,diesel_s10,77.7150,20
2019-08-13,RO,etanol,37.1870,10
2019-08-13,RO,gasolina,122.6920,28
2019-08-13,RR,diesel_s10,14.6900,4
2019-08-13,RR,etanol,11.1000,3
2019-08-13,RR,gasolina,15.7400,4
2019-08-13,RS,diesel_s10,35.6400,10
2019-08-13,RS,etanol,32.2120,8
2019-08-13,RS,gasolina,60.2780,13
2019-08-13,SC,diesel_s10,31.0130,9
2019-08-13,SC,etanol,16.9460,5
2019-08-13,SC,gasolina,35.8750,9
2019-08-13,SE,diesel_s10,50.9110,14
2019-08-13,SE,etanol,42.8810,12
2019-08-13,SE,gasolina,59.5160,14
2019-08-13,SP,diesel_s10,520.4240,146
2019-08-13,SP,etanol,525.0260,199
2019-08-13,SP,gasolina,813.5400,197
2019-08-13,TO,diesel_s10,61.3750,17
2019-08-13,TO,etanol,57.3240,16
2019-08-13,TO,gasolina,77.0570,17
2019-08-14,AC,diesel_s10,8.8400,2
2019-08-14,AC,etanol,3.8500,1
2019-08-14,AC,gasolina,9.4400,2
2019-08-14,AL,diesel_s10,87.7540,23
2019-08-14,AL,etanol,79.9200,21
2019-08-14,AL,gasolina,115.0550,25
2019-08-14,AM,diesel_s10,24.7780,6
2019-08-14,AM,etanol,3.3900,1
2019-08-14,AM,gasolina,50.6860,11
2019-08-14,BA,diesel_s10,269.4610,75
2019-08-14,BA,etanol,294.3360,90
2019-08-14,BA,gasolina,398.5250,91
2019-08-14,CE,diesel_s10,151.0060,39
2019-08-14,CE,etanol,138.6630,36
2019-08-14,CE,gasolina,176.4540,38
2019-08-14,ES,diesel_s10,21.8500,6
2019-08-14,ES,etanol,14.4500,4
2019-08-14,ES,gasolina,27.1900,6
2019-08-14,GO,diesel_s10,130.7670,36
2019-08-14,GO,etanol,160.1610,59
2019-08-14,GO,gasolina,256.1050,59
2019-08-14,MA,diesel_s10,66.7280,18
2019-08-14,MA,etanol,51.7900,14
2019-08-14,MA,gasolina,93.1550,21
2019-08-14,MG,diesel_s10,505.0080,137
2019-08-14,MG,etanol,509.6720,177
2019-08-14,MG,gasolina,810.5000,176
2019-08-14,MS,diesel_s10,83.0690,22
2019-08-14,MS,etanol,84.9760,24
2019-08-14,MS,gasolina,106.3170,25
2019-08-14,MT,diesel_s10,320.5300,82
2019-08-14,MT,etanol,256.5970,103
2019-08-14,MT,gasolina,456.2060,103
2019-08-14,PA,diesel_s10,87.1280,22
2019-08-14,PA,etanol,31.1490,8
2019-08-14,PA,gasolina,131.0520,27
2019-08-14,PB,diesel_s10,24.7570,7
2019-08-14,PB,etanol,24.3270,7
2019-08-14,PB,gasolina,30.1660,7
2019-08-14,PE,diesel_s10,169.6000,48
2019-08-14,PE,etanol,172.6350,49
2019-08-14,PE,gasolina,241.8040,56
2019-08-14,PI,diesel_s10,18.5120,5
2019-08-14,PI,etanol,16.7980,5
2019-08-14,PI,gasolina,22.5080,5
2019-08-14,PR,diesel_s10,302.3020,87
2019-08-14,PR,etanol,297.6120,104
2019-08-14,PR,gasolina,430.5910,101
2019-08-14,RJ,diesel_s10,418.7710,114
2019-08-14,RJ,etanol,565.4350,151
2019-08-14,RJ,gasolina,730.7480,152
2019-08-14,RN,diesel_s10,96.1800,26
2019-08-14,RN,etanol,95.8710,26
2019-08-14,RN,gasolina,125.1930,28
2019-08-14,RO,diesel_s10,30.7000,8
2019-08-14,RO,etanol,11.5600,3
2019-08-14,RO,gasolina,36.1690,8
2019-08-14,RS,diesel_s10,155.7540,42
2019-08-14,RS,etanol,87.5790,21
2019-08-14,RS,gasolina,206.1940,44
2019-08-14,SC,diesel_s10,87.9740,25
2019-08-14,SC,etanol,68.2310,19
2019-08-14,SC,gasolina,129.3330,33
2019-08-14,SE,etanol,3.4900,1
2019-08-14,SE,gasolina,4.1700,1
2019-08-14,SP,diesel_s10,2229.3410,628
2019-08-14,SP,etanol,2101.0930,792
2019-08-14,SP,gasolina,3220.1110,776
2019-08-14,TO,diesel_s10,3.6900,1
2019-08-14,TO,etanol,3.7900,1
2019-08-14,TO,gasolina,4.4900,1
2019-08-15,AC,diesel_s10,42.2500,9
2019-08-15,AC,gasolina,51.1700,10
2019-08-15,AL,diesel_s10,60.9700,16
2019-08-15,AL,etanol,111.6980,30
2019-08-15,AL,gasolina,131.4220,29
2019-08-15,AM,diesel_s10,125.5070,33
2019-08-15,AM,etanol,131.2980,39
2019-08-15,AM,gasolina,178.7940,43
2019-08-15,BA,diesel_s10,357.8600,99
2019-08-15,BA,etanol,478.5470,138
2019-08-15,BA,gasolina,612.6800,136
2019-08-15,CE,diesel_s10,4.0500,1
2019-08-15,CE,etanol,4.0500,1
2019-08-15,CE,gasolina,4.9300,1
2019-08-15,DF,diesel_s10,139.5120,37
2019-08-15,DF,etanol,141.7690,45
2019-08-15,DF,gasolina,201.7010,47
2019-08-15,ES,diesel_s10,210.4580,58
2019-08-15,ES,etanol,170.3890,48
2019-08-15,ES,gasolina,350.8010,77
2019-08-15,GO,diesel_s10,49.9840,14
2019-08-15,GO,etanol,47.4240,17
2019-08-15,GO,gasolina,75.8440,17
2019-08-15,MG,diesel_s10,289.0880,79
2019-08-15,MG,etanol,277.3340,99
2019-08-15,MG,gasolina,453.2190,100
2019-08-15,MS,diesel_s10,121.7100,34
2019-08-15,MS,etanol,138.8480,43
2019-08-15,MS,gasolina,166.0790,42
2019-08-15,MT,diesel_s10,48.5710,12
2019-08-15,MT,etanol,35.8080,13
2019-08-15,MT,gasolina,49.6600,11
2019-08-15,PA,diesel_s10,92.7340,23
2019-08-15,PA,etanol,61.3890,15
2019-08-15,PA,gasolina,112.7040,23
2019-08-15,PB,diesel_s10,98.3740,28
2019-08-15,PB,etanol,105.0320,30
2019-08-15,PB,gasolina,130.7810,30
2019-08-15,PE,diesel_s10,3.4200,1
2019-08-15,PE,etanol,3.4700,1
2019-08-15,PE,gasolina,4.1900,1
2019-08-15,PI,diesel_s10,42.5020,11
2019-08-15,PI,etanol,29.1830,8
2019-08-15,PI,gasolina,55.8600,12
2019-08-15,PR,diesel_s10,6.7370,2
2019-08-15,PR,etanol,8.4100,3
2019-08-15,PR,gasolina,12.1200,3
2019-08-15,RJ,diesel_s10,425.6250,116
2019-08-15,RJ,etanol,546.4990,144
2019-08-15,RJ,gasolina,702.0270,146
2019-08-15,RN,diesel_s10,88.2460,23
2019-08-15,RN,etanol,95.9060,26
2019-08-15,RN,gasolina,110.6080,26
2019-08-15,RO,diesel_s10,22.4000,6
2019-08-15,RO,etanol,16.4290,4
2019-08-15,RO,gasolina,28.3200,6
2019-08-15,RS,diesel_s10,64.9380,18
2019-08-15,RS,etanol,64.4770,16
2019-08-15,RS,gasolina,107.3990,23
2019-08-15,SC,diesel_s10,3.4990,1
2019-08-15,SC,etanol,3.5990,1
2019-08-15,SC,gasolina,7.6960,2
2019-08-15,SP,diesel_s10,698.1920,196
2019-08-15,SP,etanol,681.0340,260
2019-08-15,SP,gasolina,1056.4000,257
2019-08-19,AL,diesel_s10,41.0540,11
2019-08-19,AL,etanol,70.8510,19
2019-08-19,AL,gasolina,86.2290,19
2019-08-19,AM,diesel_s10,54.9400,13
2019-08-19,AM,gasolina,103.0880,22
2019-08-19,AP,diesel_s10,8.8600,2
2019-08-19,AP,gasolina,15.1800,4
2019-08-19,BA,diesel_s10,277.7160,76
2019-08-19,BA,etanol,305.7240,88
2019-08-19,BA,gasolina,432.8240,94
2019-08-19,CE,diesel_s10,152.8450,40
2019-08-19,CE,etanol,141.0780,37
2019-08-19,CE,gasolina,207.5340,45
2019-08-19,ES,diesel_s10,104.5080,29
2019-08-19,ES,etanol,63.1380,17
2019-08-19,ES,gasolina,150.1680,33
2019-08-19,GO,diesel_s10,244.1420,66
2019-08-19,GO,etanol,225.9960,79
2019-08-19,GO,gasolina,333.5270,75
2019-08-19,MA,diesel_s10,162.3020,44
2019-08-19,MA,etanol,97.3470,26
2019-08-19,MA,gasolina,202.3030,45
2019-08-19,MG,diesel_s10,742.8670,202
2019-08-19,MG,etanol,742.2740,251
2019-08-19,MG,gasolina,1162.1190,249
2019-08-19,MS,diesel_s10,70.9450,19
2019-08-19,MS,etanol,66.4510,19
2019-08-19,MS,gasolina,84.5370,19
2019-08-19,MT,diesel_s10,158.3840,40
2019-08-19,MT,etanol,118.1840,44
2019-08-19,MT,gasolina,197.7440,44
2019-08-19,PA,diesel_s10,147.2350,38
2019-08-19,PA,etanol,39.2080,10
2019-08-19,PA,gasolina,179.1190,38
2019-08-19,PB,diesel_s10,82.9630,23
2019-08-19,PB,etanol,81.8740,23
2019-08-19,PB,gasolina,100.2450,23
2019-08-19,PE,diesel_s10,251.7460,73
2019-08-19,PE,etanol,245.8030,69
2019-08-19,PE,gasolina,345.0500,78
2019-08-19,PI,diesel_s10,115.9850,31
2019-08-19,PI,etanol,79.5320,23
2019-08-19,PI,gasolina,140.3900,31
2019-08-19,PR,diesel_s10,517.4610,152
2019-08-19,PR,etanol,513.4250,181
2019-08-19,PR,gasolina,752.7040,181
2019-08-19,RJ,diesel_s10,414.2420,114
2019-08-19,RJ,etanol,469.6640,125
2019-08-19,RJ,gasolina,624.0900,129
2019-08-19,RN,diesel_s10,18.4500,5
2019-08-19,RN,etanol,14.3890,4
2019-08-19,RN,gasolina,21.7500,5
2019-08-19,RO,diesel_s10,130.4470,34
2019-08-19,RO,etanol,47.4350,12
2019-08-19,RO,gasolina,158.4820,35
2019-08-19,RS,diesel_s10,742.3130,210
2019-08-19,RS,etanol,488.4670,122
2019-08-19,RS,gasolina,1115.0090,250
2019-08-19,SC,diesel_s10,562.1340,161
2019-08-19,SC,etanol,369.9160,106
2019-08-19,SC,gasolina,693.7960,176
2019-08-19,SE,diesel_s10,42.8990,12
2019-08-19,SE,etanol,24.9480,7
2019-08-19,SE,gasolina,51.4990,12
2019-08-19,SP,diesel_s10,1103.1850,311
2019-08-19,SP,etanol,1080.5760,409
2019-08-19,SP,gasolina,1659.4640,405
2019-08-19,TO,diesel_s10,105.5430,29
2019-08-19,TO,etanol,73.0430,20
2019-08-19,TO,gasolina,132.2150,29
2019-08-20,AL,diesel_s10,11.7170,3
2019-08-20,AL,etanol,11.9580,3
2019-08-20,AL,gasolina,13.8630,3
2019-08-20,AP,diesel_s10,36.9900,8
2019-08-20,AP,gasolina,91.4300,24
2019-08-20,BA,diesel_s10,58.7240,15
2019-08-20,BA,etanol,54.7180,16
2019-08-20,BA,gasolina,85.0800,18
2019-08-20,CE,diesel_s10,521.4950,137
2019-08-20,CE,etanol,509.1820,134
2019-08-20,CE,gasolina,643.5880,140
2019-08-20,ES,diesel_s10,3.5600,1
2019-08-20,ES,gasolina,4.5900,1
2019-08-20,GO,diesel_s10,67.0790,18
2019-08-20,GO,etanol,67.3270,23
2019-08-20,GO,gasolina,103.3770,23
2019-08-20,MA,diesel_s10,179.8400,50
2019-08-20,MA,etanol,21.6350,6
2019-08-20,MA,gasolina,224.0300,52
2019-08-20,MG,diesel_s10,303.0550,82
2019-08-20,MG,etanol,285.9100,97
2019-08-20,MG,gasolina,440.5070,95
2019-08-20,MS,diesel_s10,50.9470,14
2019-08-20,MS,etanol,72.0550,22
2019-08-20,MS,gasolina,88.2930,22
2019-08-20,PA,diesel_s10,114.9350,30
2019-08-20,PA,etanol,73.2810,20
2019-08-20,PA,gasolina,135.3640,31
2019-08-20,PB,diesel_s10,7.4600,2
2019-08-20,PB,etanol,3.5800,1
2019-08-20,PB,gasolina,8.6200,2
2019-08-20,PE,diesel_s10,179.5120,52
2019-08-20,PE,etanol,191.3570,55
2019-08-20,PE,gasolina,244.7270,58
2019-08-20,PI,diesel_s10,49.0790,13
2019-08-20,PI,etanol,33.7300,10
2019-08-20,PI,gasolina,58.0510,13
2019-08-20,PR,diesel_s10,237.2790,69
2019-08-20,PR,etanol,216.5290,76
2019-08-20,PR,gasolina,297.8270,71
2019-08-20,RJ,diesel_s10,216.5210,59
2019-08-20,RJ,etanol,277.7800,74
2019-08-20,RJ,gasolina,353.3540,73
2019-08-20,RN,diesel_s10,18.6500,5
2019-08-20,RN,etanol,11.0700,3
2019-08-20,RN,gasolina,21.5700,5
2019-08-20,RO,diesel_s10,37.8380,10
2019-08-20,RO,etanol,39.0770,11
2019-08-20,RO,gasolina,69.4060,17
2019-08-20,RR,diesel_s10,32.0800,9
2019-08-20,RR,etanol,14.7700,4
2019-08-20,RR,gasolina,35.0100,9
2019-08-20,RS,diesel_s10,111.6840,31
2019-08-20,RS,etanol,88.0940,22
2019-08-20,RS,gasolina,200.2170,45
2019-08-20,SC,diesel_s10,102.7780,28
2019-08-20,SC,etanol,106.6970,29
2019-08-20,SC,gasolina,168.3350,41
2019-08-20,SE,diesel_s10,36.0630,10
2019-08-20,SE,etanol,28.7220,8
2019-08-20,SE,gasolina,42.4880,10
2019-08-20,SP,diesel_s10,704.4610,198
2019-08-20,SP,etanol,719.2760,270
2019-08-20,SP,gasolina,1106.3950,269
2019-08-20,TO,diesel_s10,32.8850,9
2019-08-20,TO,etanol,32.4740,9
2019-08-20,TO,gasolina,41.3670,9
2019-08-21,AL,diesel_s10,87.6980,23
2019-08-21,AL,etanol,79.7290,21
2019-08-21,AL,gasolina,114.4970,25
2019-08-21,AM,diesel_s10,125.3760,33
2019-08-21,AM,etanol,134.8070,40
2019-08-21,AM,gasolina,207.6020,51
2019-08-21,BA,diesel_s10,499.2900,139
2019-08-21,BA,etanol,594.9250,177
2019-08-21,BA,gasolina,793.2000,180
2019-08-21,CE,diesel_s10,120.3760,31
2019-08-21,CE,etanol,115.2740,30
2019-08-21,CE,gasolina,138.7470,30
2019-08-21,DF,diesel_s10,142.8500,38
2019-08-21,DF,etanol,148.1020,47
2019-08-21,DF,gasolina,201.0410,47
2019-08-21,ES,diesel_s10,25.6400,7
2019-08-21,ES,etanol,18.1400,5
2019-08-21,ES,gasolina,31.7300,7
2019-08-21,GO,diesel_s10,211.1520,58
2019-08-21,GO,etanol,281.3280,98
2019-08-21,GO,gasolina,420.8400,94
2019-08-21,MA,diesel_s10,74.4350,20
2019-08-21,MA,etanol,51.8100,14
2019-08-21,MA,gasolina,101.6130,23
2019-08-21,MG,diesel_s10,404.8280,110
2019-08-21,MG,etanol,402.4480,138
2019-08-21,MG,gasolina,631.6150,137
2019-08-21,MS,diesel_s10,129.1440,35
2019-08-21,MS,etanol,149.1200,44
2019-08-21,MS,gasolina,184.1400,45
2019-08-21,MT,diesel_s10,328.7260,84
2019-08-21,MT,etanol,276.7190,103
2019-08-21,MT,gasolina,460.7970,103
2019-08-21,PA,diesel_s10,79.1280,20
2019-08-21,PA,etanol,30.9880,8
2019-08-21,PA,gasolina,120.0610,25
2019-08-21,PB,diesel_s10,101.4100,29
2019-08-21,PB,etanol,108.0470,31
2019-08-21,PB,gasolina,133.8070,31
2019-08-21,PE,diesel_s10,175.6900,50
2019-08-21,PE,etanol,168.5810,48
2019-08-21,PE,gasolina,231.3050,54
2019-08-21,PI,diesel_s10,34.2910,9
2019-08-21,PI,etanol,30.4370,9
2019-08-21,PI,gasolina,49.3630,11
2019-08-21,PR,diesel_s10,293.3420,86
2019-08-21,PR,etanol,323.7920,114
2019-08-21,PR,gasolina,462.6920,112
2019-08-21,RJ,diesel_s10,371.3730,101
2019-08-21,RJ,etanol,503.1500,134
2019-08-21,RJ,gasolina,658.4610,137
2019-08-21,RN,diesel_s10,177.4350,47
2019-08-21,RN,etanol,181.5630,49
2019-08-21,RN,gasolina,221.1920,51
2019-08-21,RO,diesel_s10,50.6080,13
2019-08-21,RO,etanol,29.1280,8
2019-08-21,RO,gasolina,67.2080,15
2019-08-21,RR,diesel_s10,14.2690,4
2019-08-21,RR,gasolina,15.5290,4
2019-08-21,RS,diesel_s10,143.5980,39
2019-08-21,RS,etanol,84.1190,20
2019-08-21,RS,gasolina,200.9200,43
2019-08-21,SC,diesel_s10,94.9140,27
2019-08-21,SC,etanol,64.3820,18
2019-08-21,SC,gasolina,130.4040,33
2019-08-21,SE,diesel_s10,69.3900,19
2019-08-21,SE,etanol,57.1330,16
2019-08-21,SE,gasolina,88.9050,21
2019-08-21,SP,diesel_s10,2206.2280,621
2019-08-21,SP,etanol,2050.7780,776
2019-08-21,SP,gasolina,3152.0370,762
2019-08-21,TO,diesel_s10,28.1700,8
2019-08-21,TO,etanol,25.0400,7
2019-08-21,TO,gasolina,35.3100,8
2019-08-22,AC,diesel_s10,159.4900,36
2019-08-22,AC,etanol,54.0600,14
2019-08-22,AC,gasolina,188.5400,39
2019-08-22,AL,diesel_s10,22.8080,6
2019-08-22,AL,etanol,37.2180,10
2019-08-22,AL,gasolina,44.7280,10
2019-08-22,BA,diesel_s10,158.9780,44
2019-08-22,BA,etanol,175.3780,51
2019-08-22,BA,gasolina,217.4720,48
2019-08-22,CE,diesel_s10,7.8400,2
2019-08-22,CE,etanol,7.7400,2
2019-08-22,CE,gasolina,9.5200,2
2019-08-22,ES,diesel_s10,203.6660,56
2019-08-22,ES,etanol,165.0590,46
2019-08-22,ES,gasolina,341.8540,75
2019-08-22,GO,diesel_s10,103.5010,29
2019-08-22,GO,etanol,92.1010,33
2019-08-22,GO,gasolina,145.5340,33
2019-08-22,MA,diesel_s10,3.5990,1
2019-08-22,MA,gasolina,4.2990,1
2019-08-22,MG,diesel_s10,297.0630,80
2019-08-22,MG,etanol,291.2430,106
2019-08-22,MG,gasolina,482.3150,106
2019-08-22,MT,diesel_s10,48.5710,12
2019-08-22,MT,etanol,36.1080,13
2019-08-22,MT,gasolina,49.6800,11
2019-08-22,PA,diesel_s10,71.9240,18
2019-08-22,PA,etanol,39.9390,10
2019-08-22,PA,gasolina,87.1240,18
2019-08-22,PB,diesel_s10,21.6270,6
2019-08-22,PB,etanol,21.1270,6
2019-08-22,PB,gasolina,26.2880,6
2019-08-22,PE,diesel_s10,3.4200,1
2019-08-22,PE,etanol,3.4700,1
2019-08-22,PE,gasolina,4.1900,1
2019-08-22,PI,diesel_s10,42.5020,11
2019-08-22,PI,etanol,29.1830,8
2019-08-22,PI,gasolina,55.8600,12
2019-08-22,PR,diesel_s10,10.1870,3
2019-08-22,PR,etanol,8.6400,3
2019-08-22,PR,gasolina,12.4000,3
2019-08-22,RJ,diesel_s10,240.2380,66
2019-08-22,RJ,etanol,311.6080,82
2019-08-22,RJ,gasolina,405.2350,84
2019-08-22,RO,diesel_s10,19.0000,5
2019-08-22,RO,etanol,11.6390,3
2019-08-22,RO,gasolina,22.4400,5
2019-08-22,RS,diesel_s10,65.0290,18
2019-08-22,RS,etanol,64.9080,16
2019-08-22,RS,gasolina,107.0560,23
2019-08-22,SC,diesel_s10,3.3990,1
2019-08-22,SC,etanol,3.3990,1
2019-08-22,SC,gasolina,7.8870,2
2019-08-22,SP,diesel_s10,566.9240,158
2019-08-22,SP,etanol,556.2570,210
2019-08-22,SP,gasolina,848.4280,204
2019-08-26,AC,diesel_s10,104.0000,24
2019-08-26,AC,etanol,49.9200,13
2019-08-26,AC,gasolina,123.0200,26
2019-08-26,AL,diesel_s10,22.1740,6
2019-08-26,AL,etanol,22.8740,6
2019-08-26,AL,gasolina,25.9340,6
2019-08-26,AM,diesel_s10,21.2380,5
2019-08-26,AM,gasolina,33.8770,7
2019-08-26,AP,diesel_s10,36.8700,8
2019-08-26,AP,gasolina,87.8600,23
2019-08-26,BA,diesel_s10,176.9530,48
2019-08-26,BA,etanol,210.4940,61
2019-08-26,BA,gasolina,292.1130,64
2019-08-26,CE,diesel_s10,30.5790,8
2019-08-26,CE,etanol,26.2600,7
2019-08-26,CE,gasolina,41.4800,9
2019-08-26,DF,diesel_s10,7.3980,2
2019-08-26,DF,etanol,9.2270,3
2019-08-26,DF,gasolina,12.5470,3
2019-08-26,ES,diesel_s10,128.2990,36
2019-08-26,ES,etanol,83.6290,23
2019-08-26,ES,gasolina,179.5690,40
2019-08-26,GO,diesel_s10,162.7920,44
2019-08-26,GO,etanol,150.3760,52
2019-08-26,GO,gasolina,225.2250,50
2019-08-26,MA,diesel_s10,84.9940,23
2019-08-26,MA,etanol,60.1430,16
2019-08-26,MA,gasolina,106.5650,24
2019-08-26,MG,diesel_s10,496.2780,136
2019-08-26,MG,etanol,483.9290,162
2019-08-26,MG,gasolina,736.6650,158
2019-08-26,MS,diesel_s10,15.0520,4
2019-08-26,MS,etanol,13.9770,4
2019-08-26,MS,gasolina,13.2970,3
2019-08-26,MT,diesel_s10,152.2960,39
2019-08-26,MT,etanol,120.6930,44
2019-08-26,MT,gasolina,186.0890,42
2019-08-26,PA,diesel_s10,54.8110,15
2019-08-26,PA,etanol,38.8360,11
2019-08-26,PA,gasolina,63.3250,15
2019-08-26,PE,diesel_s10,74.8440,21
2019-08-26,PE,etanol,79.6730,22
2019-08-26,PE,gasolina,100.0170,22
2019-08-26,PI,diesel_s10,72.2540,19
2019-08-26,PI,etanol,55.9520,16
2019-08-26,PI,gasolina,86.8790,19
2019-08-26,PR,diesel_s10,590.6750,174
2019-08-26,PR,etanol,606.3420,215
2019-08-26,PR,gasolina,879.1430,214
2019-08-26,RJ,diesel_s10,420.2010,114
2019-08-26,RJ,etanol,516.8760,137
2019-08-26,RJ,gasolina,672.7430,139
2019-08-26,RN,diesel_s10,41.5570,11
2019-08-26,RN,etanol,40.1480,11
2019-08-26,RN,gasolina,50.7230,12
2019-08-26,RO,diesel_s10,17.8300,5
2019-08-26,RO,etanol,8.0890,2
2019-08-26,RO,gasolina,22.9300,5
2019-08-26,RS,diesel_s10,766.0870,216
2019-08-26,RS,etanol,508.1580,127
2019-08-26,RS,gasolina,1145.1250,264
2019-08-26,SC,diesel_s10,491.0630,141
2019-08-26,SC,etanol,353.7810,102
2019-08-26,SC,gasolina,621.7410,159
2019-08-26,SE,diesel_s10,61.3230,17
2019-08-26,SE,etanol,39.7210,11
2019-08-26,SE,gasolina,72.3080,17
2019-08-26,SP,diesel_s10,1472.8200,415
2019-08-26,SP,etanol,1429.9460,537
2019-08-26,SP,gasolina,2189.0080,534
2019-08-26,TO,diesel_s10,80.6920,22
2019-08-26,TO,etanol,54.9260,15
2019-08-26,TO,gasolina,99.9670,22
2019-08-27,AC,diesel_s10,55.1500,12
2019-08-27,AC,etanol,4.5000,1
2019-08-27,AC,gasolina,65.0500,13
2019-08-27,AL,diesel_s10,27.9210,7
2019-08-27,AL,etanol,27.7280,7
2019-08-27,AL,gasolina,33.6940,7
2019-08-27,AM,diesel_s10,45.7300,11
2019-08-27,AM,etanol,22.6200,6
2019-08-27,AM,gasolina,104.8680,24
2019-08-27,AP,diesel_s10,8.8600,2
2019-08-27,AP,gasolina,15.1800,4
2019-08-27,BA,diesel_s10,175.0180,48
2019-08-27,BA,etanol,183.3170,55
2019-08-27,BA,gasolina,240.6660,53
2019-08-27,CE,diesel_s10,245.0810,64
2019-08-27,CE,etanol,214.1240,57
2019-08-27,CE,gasolina,310.9020,68
2019-08-27,DF,diesel_s10,124.0550,33
2019-08-27,DF,etanol,138.5440,44
2019-08-27,DF,gasolina,187.2990,44
2019-08-27,ES,diesel_s10,18.1290,5
2019-08-27,ES,etanol,7.4390,2
2019-08-27,ES,gasolina,29.5490,7
2019-08-27,GO,diesel_s10,109.8480,30
2019-08-27,GO,etanol,100.2220,35
2019-08-27,GO,gasolina,155.7050,35
2019-08-27,MA,diesel_s10,100.4790,27
2019-08-27,MA,etanol,67.6700,18
2019-08-27,MA,gasolina,131.4070,29
2019-08-27,MG,diesel_s10,527.6410,143
2019-08-27,MG,etanol,523.6170,176
2019-08-27,MG,gasolina,822.8200,176
2019-08-27,MS,diesel_s10,86.3660,23
2019-08-27,MS,etanol,87.5650,25
2019-08-27,MS,gasolina,109.8950,26
2019-08-27,MT,diesel_s10,119.4460,30
2019-08-27,MT,etanol,91.9050,33
2019-08-27,MT,gasolina,148.1740,33
2019-08-27,PA,diesel_s10,115.0450,29
2019-08-27,PA,etanol,58.1190,14
2019-08-27,PA,gasolina,159.6050,33
2019-08-27,PB,diesel_s10,90.4590,25
2019-08-27,PB,etanol,85.0460,24
2019-08-27,PB,gasolina,108.2700,25
2019-08-27,PE,diesel_s10,309.1750,91
2019-08-27,PE,etanol,280.6410,80
2019-08-27,PE,gasolina,398.1290,92
2019-08-27,PI,diesel_s10,77.9040,21
2019-08-27,PI,etanol,31.7250,9
2019-08-27,PI,gasolina,105.0430,23
2019-08-27,PR,diesel_s10,247.7320,72
2019-08-27,PR,etanol,238.8080,83
2019-08-27,PR,gasolina,340.9460,82
2019-08-27,RJ,diesel_s10,265.6620,70
2019-08-27,RJ,etanol,348.9890,88
2019-08-27,RJ,gasolina,432.6560,89
2019-08-27,RN,diesel_s10,21.7490,6
2019-08-27,RN,etanol,10.7700,3
2019-08-27,RN,gasolina,29.9300,7
2019-08-27,RO,diesel_s10,126.3120,33
2019-08-27,RO,etanol,62.3660,17
2019-08-27,RO,gasolina,171.4960,39
2019-08-27,RR,diesel_s10,43.0600,12
2019-08-27,RR,etanol,11.1700,3
2019-08-27,RR,gasolina,50.5500,13
2019-08-27,RS,diesel_s10,128.2790,36
2019-08-27,RS,etanol,91.4500,23
2019-08-27,RS,gasolina,198.3550,44
2019-08-27,SC,diesel_s10,144.9690,41
2019-08-27,SC,etanol,100.5990,28
2019-08-27,SC,gasolina,193.9040,48
2019-08-27,SE,diesel_s10,14.1000,4
2019-08-27,SE,etanol,17.4000,5
2019-08-27,SE,gasolina,20.5000,5
2019-08-27,SP,diesel_s10,571.7800,160
2019-08-27,SP,etanol,518.2790,196
2019-08-27,SP,gasolina,784.3930,192
2019-08-27,TO,diesel_s10,17.3690,5
2019-08-27,TO,etanol,14.8200,4
2019-08-27,TO,gasolina,26.6190,6
2019-08-28,AL,diesel_s10,68.2560,18
2019-08-28,AL,etanol,71.0040,19
2019-08-28,AL,gasolina,96.0210,21
2019-08-28,AM,diesel_s10,125.1440,33
2019-08-28,AM,etanol,123.6040,37
2019-08-28,AM,gasolina,162.3260,41
2019-08-28,AP,gasolina,3.5700,1
2019-08-28,BA,diesel_s10,564.1320,157
2019-08-28,BA,etanol,689.0820,204
2019-08-28,BA,gasolina,894.9420,202
2019-08-28,CE,diesel_s10,480.9000,125
2019-08-28,CE,etanol,448.5480,117
2019-08-28,CE,gasolina,576.2490,125
2019-08-28,GO,diesel_s10,336.0190,92
2019-08-28,GO,etanol,420.3800,145
2019-08-28,GO,gasolina,632.3030,141
2019-08-28,MA,diesel_s10,211.7210,59
2019-08-28,MA,etanol,46.9070,13
2019-08-28,MA,gasolina,284.2450,66
2019-08-28,MG,diesel_s10,628.7320,171
2019-08-28,MG,etanol,617.6740,217
2019-08-28,MG,gasolina,987.5190,216
2019-08-28,MS,diesel_s10,44.5650,12
2019-08-28,MS,etanol,45.7060,13
2019-08-28,MS,gasolina,62.7420,14
2019-08-28,MT,diesel_s10,42.6690,10
2019-08-28,MT,etanol,32.7360,11
2019-08-28,MT,gasolina,52.8030,11
2019-08-28,PA,diesel_s10,176.0360,45
2019-08-28,PA,etanol,50.3890,13
2019-08-28,PA,gasolina,222.9680,47
2019-08-28,PB,diesel_s10,115.0450,33
2019-08-28,PB,etanol,127.9250,37
2019-08-28,PB,gasolina,159.0060,37
2019-08-28,PE,diesel_s10,224.7400,64
2019-08-28,PE,etanol,254.0990,73
2019-08-28,PE,gasolina,307.0900,74
2019-08-28,PI,diesel_s10,85.1420,23
2019-08-28,PI,etanol,74.2810,22
2019-08-28,PI,gasolina,106.6600,24
2019-08-28,PR,diesel_s10,176.3370,52
2019-08-28,PR,etanol,212.1650,74
2019-08-28,PR,gasolina,297.1850,71
2019-08-28,RJ,diesel_s10,451.7230,125
2019-08-28,RJ,etanol,577.4880,155
2019-08-28,RJ,gasolina,763.1820,159
2019-08-28,RN,diesel_s10,58.4900,16
2019-08-28,RN,etanol,58.5090,16
2019-08-28,RN,gasolina,78.2190,17
2019-08-28,RO,diesel_s10,95.5350,25
2019-08-28,RO,etanol,28.2270,7
2019-08-28,RO,gasolina,125.1500,28
2019-08-28,RS,diesel_s10,161.8680,44
2019-08-28,RS,etanol,123.1480,30
2019-08-28,RS,gasolina,240.9400,52
2019-08-28,SC,diesel_s10,118.9130,33
2019-08-28,SC,etanol,118.6630,33
2019-08-28,SC,gasolina,178.4830,44
2019-08-28,SE,diesel_s10,72.9960,20
2019-08-28,SE,etanol,68.0500,19
2019-08-28,SE,gasolina,88.1680,21
2019-08-28,SP,diesel_s10,1988.1700,560
2019-08-28,SP,etanol,1929.8320,727
2019-08-28,SP,gasolina,2942.3550,712
2019-08-28,TO,diesel_s10,29.5450,8
2019-08-28,TO,etanol,29.1840,8
2019-08-28,TO,gasolina,36.8470,8
2019-08-29,AL,diesel_s10,59.3130,16
2019-08-29,AL,etanol,78.1290,22
2019-08-29,AL,gasolina,101.2700,23
2019-08-29,AM,diesel_s10,3.7900,1
2019-08-29,AM,etanol,3.2900,1
2019-08-29,AM,gasolina,3.8500,1
2019-08-29,BA,diesel_s10,42.8330,12
2019-08-29,BA,etanol,46.2470,14
2019-08-29,BA,gasolina,64.1510,15
2019-08-29,CE,diesel_s10,72.0800,19
2019-08-29,CE,etanol,71.3800,19
2019-08-29,CE,gasolina,86.8900,19
2019-08-29,ES,diesel_s10,176.9540,49
2019-08-29,ES,etanol,183.8440,52
2019-08-29,ES,gasolina,313.9100,69
2019-08-29,MA,diesel_s10,7.0480,2
2019-08-29,MA,etanol,3.5990,1
2019-08-29,MA,gasolina,8.5980,2
2019-08-29,MG,diesel_s10,76.4620,21
2019-08-29,MG,etanol,105.7850,37
2019-08-29,MG,gasolina,165.8260,37
2019-08-29,MS,diesel_s10,123.1650,34
2019-08-29,MS,etanol,139.8740,43
2019-08-29,MS,gasolina,169.6850,43
2019-08-29,MT,diesel_s10,205.0320,53
2019-08-29,MT,etanol,192.9360,72
2019-08-29,MT,gasolina,320.4070,72
2019-08-29,PA,diesel_s10,69.2400,18
2019-08-29,PA,etanol,37.2730,10
2019-08-29,PA,gasolina,82.2180,19
2019-08-29,PI,diesel_s10,3.6590,1
2019-08-29,PI,etanol,3.3730,1
2019-08-29,PI,gasolina,4.4730,1
2019-08-29,PR,diesel_s10,3.5000,1
2019-08-29,PR,etanol,2.8700,1
2019-08-29,PR,gasolina,4.2900,1
2019-08-29,RJ,diesel_s10,99.2720,27
2019-08-29,RJ,etanol,123.1640,32
2019-08-29,RJ,gasolina,154.4950,32
2019-08-29,RN,diesel_s10,104.8280,28
2019-08-29,RN,etanol,99.0060,27
2019-08-29,RN,gasolina,119.7900,28
2019-08-29,RO,diesel_s10,3.6690,1
2019-08-29,RO,gasolina,4.4990,1
2019-08-29,RS,diesel_s10,7.1580,2
2019-08-29,RS,etanol,4.2450,1
2019-08-29,RS,gasolina,4.7490,1
2019-08-29,SC,diesel_s10,3.3990,1
2019-08-29,SC,etanol,3.5990,1
2019-08-29,SC,gasolina,3.8940,1
2019-08-29,SP,diesel_s10,570.1990,161
2019-08-29,SP,etanol,544.7820,203
2019-08-29,SP,gasolina,823.5390,199
2019-08-29,TO,diesel_s10,31.9800,9
2019-08-29,TO,etanol,35.7800,10
2019-08-29,TO,gasolina,44.7600,10
2019-09-02,AL,diesel_s10,26.0640,7
2019-09-02,AL,etanol,26.6730,7
2019-09-02,AL,gasolina,30.5420,7
2019-09-02,AM,diesel_s10,59.3980,14
2019-09-02,AM,gasolina,89.0570,20
2019-09-02,BA,diesel_s10,254.6440,70
2019-09-02,BA,etanol,304.9910,88
2019-09-02,BA,gasolina,418.3270,92
2019-09-02,CE,diesel_s10,231.9260,61
2019-09-02,CE,etanol,223.8950,59
2019-09-02,CE,gasolina,279.2760,61
2019-09-02,ES,diesel_s10,135.4490,38
2019-09-02,ES,etanol,83.8380,23
2019-09-02,ES,gasolina,191.5180,43
2019-09-02,GO,diesel_s10,177.9550,48
2019-09-02,GO,etanol,158.9890,55
2019-09-02,GO,gasolina,234.1170,52
2019-09-02,MA,diesel_s10,92.2320,25
2019-09-02,MA,etanol,63.0220,17
2019-09-02,MA,gasolina,114.8630,26
2019-09-02,MG,diesel_s10,608.5050,166
2019-09-02,MG,etanol,580.6250,195
2019-09-02,MG,gasolina,899.3670,193
2019-09-02,MS,diesel_s10,83.6600,23
2019-09-02,MS,etanol,86.2170,26
2019-09-02,MS,gasolina,97.8080,24
2019-09-02,MT,diesel_s10,87.5100,22
2019-09-02,MT,etanol,67.2050,24
2019-09-02,MT,gasolina,98.7070,22
2019-09-02,PA,diesel_s10,99.3710,26
2019-09-02,PA,etanol,50.9650,14
2019-09-02,PA,gasolina,126.5650,28
2019-09-02,PB,diesel_s10,3.7900,1
2019-09-02,PB,etanol,6.5800,2
2019-09-02,PB,gasolina,8.6700,2
2019-09-02,PE,diesel_s10,81.6520,23
2019-09-02,PE,etanol,83.2720,23
2019-09-02,PE,gasolina,109.5450,24
2019-09-02,PI,diesel_s10,57.1820,15
2019-09-02,PI,etanol,32.4250,9
2019-09-02,PI,gasolina,64.7070,14
2019-09-02,PR,diesel_s10,561.5800,166
2019-09-02,PR,etanol,553.0500,195
2019-09-02,PR,gasolina,802.0060,195
2019-09-02,RJ,diesel_s10,458.8530,126
2019-09-02,RJ,etanol,615.9030,164
2019-09-02,RJ,gasolina,806.7620,168
2019-09-02,RN,diesel_s10,76.3460,20
2019-09-02,RN,etanol,76.9030,21
2019-09-02,RN,gasolina,99.5710,23
2019-09-02,RO,diesel_s10,25.6680,7
2019-09-02,RO,etanol,12.3390,3
2019-09-02,RO,gasolina,27.7500,6
2019-09-02,RS,diesel_s10,721.6830,204
2019-09-02,RS,etanol,444.8610,111
2019-09-02,RS,gasolina,1070.2860,246
2019-09-02,SC,diesel_s10,494.1000,142
2019-09-02,SC,etanol,356.5040,103
2019-09-02,SC,gasolina,627.5770,160
2019-09-02,SE,diesel_s10,133.9590,37
2019-09-02,SE,etanol,107.1200,30
2019-09-02,SE,gasolina,160.3700,38
2019-09-02,SP,diesel_s10,1230.3410,346
2019-09-02,SP,etanol,1235.9400,462
2019-09-02,SP,gasolina,1884.0830,460
2019-09-02,TO,diesel_s10,87.5610,24
2019-09-02,TO,etanol,61.8250,17
2019-09-02,TO,gasolina,108.6150,24
2019-09-03,AC,diesel_s10,42.1600,9
2019-09-03,AC,etanol,4.5000,1
2019-09-03,AC,gasolina,51.1700,10
2019-09-03,AL,diesel_s10,58.1050,15
2019-09-03,AL,etanol,108.6480,29
2019-09-03,AL,gasolina,132.9760,29
2019-09-03,AM,diesel_s10,91.2690,24
2019-09-03,AM,etanol,82.9270,25
2019-09-03,AM,gasolina,137.2990,34
2019-09-03,AP,diesel_s10,41.9200,9
2019-09-03,AP,gasolina,107.6500,28
2019-09-03,BA,diesel_s10,172.5180,47
2019-09-03,BA,etanol,179.7980,54
2019-09-03,BA,gasolina,231.8280,51
2019-09-03,CE,diesel_s10,336.1050,88
2019-09-03,CE,etanol,313.1930,83
2019-09-03,CE,gasolina,425.1750,93
2019-09-03,ES,diesel_s10,7.1390,2
2019-09-03,ES,gasolina,16.7690,4
2019-09-03,GO,diesel_s10,99.2300,27
2019-09-03,GO,etanol,91.4450,32
2019-09-03,GO,gasolina,142.3670,32
2019-09-03,MA,diesel_s10,100.3690,27
2019-09-03,MA,etanol,67.6700,18
2019-09-03,MA,gasolina,126.9180,28
2019-09-03,MG,diesel_s10,526.3720,143
2019-09-03,MG,etanol,531.9130,180
2019-09-03,MG,gasolina,835.6930,180
2019-09-03,MS,diesel_s10,158.3910,43
2019-09-03,MS,etanol,165.0440,49
2019-09-03,MS,gasolina,200.1290,49
2019-09-03,MT,diesel_s10,119.7770,30
2019-09-03,MT,etanol,91.8240,33
2019-09-03,MT,gasolina,148.1130,33
2019-09-03,PA,diesel_s10,110.2060,28
2019-09-03,PA,etanol,49.7790,12
2019-09-03,PA,gasolina,148.8160,31
2019-09-03,PB,diesel_s10,86.8280,24
2019-09-03,PB,etanol,81.5560,23
2019-09-03,PB,gasolina,104.2600,24
2019-09-03,PE,diesel_s10,312.9460,92
2019-09-03,PE,etanol,281.6460,80
2019-09-03,PE,gasolina,389.0360,90
2019-09-03,PI,diesel_s10,145.0710,39
2019-09-03,PI,etanol,105.6490,31
2019-09-03,PI,gasolina,193.6020,43
2019-09-03,PR,diesel_s10,334.3970,97
2019-09-03,PR,etanol,325.1190,114
2019-09-03,PR,gasolina,463.5680,111
2019-09-03,RJ,diesel_s10,215.6540,60
2019-09-03,RJ,etanol,323.6140,86
2019-09-03,RJ,gasolina,414.5360,87
2019-09-03,RN,diesel_s10,80.4490,21
2019-09-03,RN,etanol,70.9000,19
2019-09-03,RN,gasolina,101.9550,23
2019-09-03,RO,diesel_s10,115.3140,30
2019-09-03,RO,etanol,51.5170,14
2019-09-03,RO,gasolina,144.8100,33
2019-09-03,RR,diesel_s10,39.6930,11
2019-09-03,RR,etanol,19.0900,5
2019-09-03,RR,gasolina,44.9500,11
2019-09-03,RS,diesel_s10,156.8100,44
2019-09-03,RS,etanol,125.0830,31
2019-09-03,RS,gasolina,228.6740,51
2019-09-03,SC,diesel_s10,191.1650,54
2019-09-03,SC,etanol,143.8790,40
2019-09-03,SC,gasolina,265.6610,67
2019-09-03,SE,diesel_s10,14.1000,4
2019-09-03,SE,etanol,17.3400,5
2019-09-03,SE,gasolina,20.5000,5
2019-09-03,SP,diesel_s10,559.4670,157
2019-09-03,SP,etanol,524.3530,201
2019-09-03,SP,gasolina,820.3050,201
2019-09-03,TO,diesel_s10,38.8300,11
2019-09-03,TO,etanol,35.8000,10
2019-09-03,TO,gasolina,57.3200,13
2019-09-04,AL,diesel_s10,64.6070,17
2019-09-04,AL,etanol,67.2950,18
2019-09-04,AL,gasolina,96.1410,21
2019-09-04,AM,diesel_s10,33.3000,9
2019-09-04,AM,etanol,46.6490,14
2019-09-04,AM,gasolina,72.5970,19
2019-09-04,BA,diesel_s10,528.9940,145
2019-09-04,BA,etanol,613.9500,178
2019-09-04,BA,gasolina,798.0570,177
2019-09-04,CE,diesel_s10,240.5220,63
2019-09-04,CE,etanol,227.8950,60
2019-09-04,CE,gasolina,305.3100,66
2019-09-04,DF,diesel_s10,121.9070,32
2019-09-04,DF,etanol,149.8290,47
2019-09-04,DF,gasolina,200.4890,47
2019-09-04,GO,diesel_s10,299.9700,82
2019-09-04,GO,etanol,334.3560,116
2019-09-04,GO,gasolina,513.8510,115
2019-09-04,MA,diesel_s10,65.2330,18
2019-09-04,MA,etanol,32.3110,9
2019-09-04,MA,gasolina,81.7520,19
2019-09-04,MG,diesel_s10,575.6630,156
2019-09-04,MG,etanol,574.9480,204
2019-09-04,MG,gasolina,926.0720,203
2019-09-04,MS,diesel_s10,37.1070,10
2019-09-04,MS,etanol,38.6470,11
2019-09-04,MS,gasolina,49.1930,11
2019-09-04,MT,diesel_s10,317.9130,81
2019-09-04,MT,etanol,278.4400,103
2019-09-04,MT,gasolina,460.8200,103
2019-09-04,PA,diesel_s10,205.6320,53
2019-09-04,PA,etanol,80.0640,21
2019-09-04,PA,gasolina,252.8240,55
2019-09-04,PB,diesel_s10,112.0310,32
2019-09-04,PB,etanol,123.2860,36
2019-09-04,PB,gasolina,153.9870,36
2019-09-04,PE,diesel_s10,201.0140,58
2019-09-04,PE,etanol,244.2520,71
2019-09-04,PE,gasolina,304.7580,74
2019-09-04,PI,diesel_s10,33.8960,9
2019-09-04,PI,etanol,30.2560,9
2019-09-04,PI,gasolina,44.6330,10
2019-09-04,PR,diesel_s10,137.5670,41
2019-09-04,PR,etanol,185.2530,65
2019-09-04,PR,gasolina,260.4120,63
2019-09-04,RJ,diesel_s10,302.4690,83
2019-09-04,RJ,etanol,409.7820,108
2019-09-04,RJ,gasolina,525.6980,109
2019-09-04,RN,diesel_s10,58.6800,16
2019-09-04,RN,etanol,58.5290,16
2019-09-04,RN,gasolina,78.1490,17
2019-09-04,RO,diesel_s10,117.5730,31
2019-09-04,RO,etanol,45.6140,12
2019-09-04,RO,gasolina,143.0190,32
2019-09-04,RR,diesel_s10,7.4300,2
2019-09-04,RR,gasolina,8.1700,2
2019-09-04,RS,diesel_s10,169.6120,46
2019-09-04,RS,etanol,110.2510,27
2019-09-04,RS,gasolina,246.4010,53
2019-09-04,SC,diesel_s10,62.7740,18
2019-09-04,SC,etanol,56.8860,16
2019-09-04,SC,gasolina,98.2390,24
2019-09-04,SP,diesel_s10,2201.8240,619
2019-09-04,SP,etanol,2119.4020,803
2019-09-04,SP,gasolina,3236.8880,786
2019-09-04,TO,diesel_s10,33.2350,9
2019-09-04,TO,etanol,33.0940,9
2019-09-04,TO,gasolina,41.2370,9
2019-09-05,AC,diesel_s10,117.0400,27
2019-09-05,AC,etanol,53.8100,14
2019-09-05,AC,gasolina,136.9600,29
2019-09-05,BA,diesel_s10,42.8330,12
2019-09-05,BA,etanol,46.2470,14
2019-09-05,BA,gasolina,64.8430,15
2019-09-05,ES,diesel_s10,195.0750,54
2019-09-05,ES,etanol,168.0250,47
2019-09-05,ES,gasolina,313.3360,69
2019-09-05,GO,diesel_s10,72.7130,20
2019-09-05,GO,etanol,87.8310,30
2019-09-05,GO,gasolina,135.8690,30
2019-09-05,MA,diesel_s10,168.4240,47
2019-09-05,MA,etanol,17.9760,5
2019-09-05,MA,gasolina,204.9630,48
2019-09-05,MG,diesel_s10,29.2950,8
2019-09-05,MG,etanol,34.3810,12
2019-09-05,MG,gasolina,54.7000,12
2019-09-05,PR,diesel_s10,3.5000,1
2019-09-05,PR,etanol,2.8700,1
2019-09-05,PR,gasolina,4.2900,1
2019-09-05,RJ,diesel_s10,154.5950,42
2019-09-05,RJ,etanol,215.6690,57
2019-09-05,RJ,gasolina,273.3780,57
2019-09-05,RO,diesel_s10,3.6690,1
2019-09-05,RO,gasolina,4.4990,1
2019-09-05,RS,diesel_s10,28.5520,8
2019-09-05,RS,etanol,23.2400,6
2019-09-05,RS,gasolina,46.8790,11
2019-09-05,SC,diesel_s10,3.3990,1
2019-09-05,SC,etanol,3.5990,1
2019-09-05,SC,gasolina,3.8940,1
2019-09-05,SP,diesel_s10,552.7220,156
2019-09-05,SP,etanol,527.6610,197
2019-09-05,SP,gasolina,796.9680,193
2019-09-09,AL,diesel_s10,34.3320,9
2019-09-09,AL,etanol,30.6060,8
2019-09-09,AL,gasolina,36.5750,8
2019-09-09,AP,diesel_s10,46.3700,10
2019-09-09,AP,gasolina,107.9400,28
2019-09-09,BA,diesel_s10,260.8620,70
2019-09-09,BA,etanol,291.8060,84
2019-09-09,BA,gasolina,404.8900,88
2019-09-09,CE,diesel_s10,185.1650,49
2019-09-09,CE,etanol,188.1990,50
2019-09-09,CE,gasolina,228.8140,50
2019-09-09,ES,diesel_s10,77.3400,22
2019-09-09,ES,etanol,38.6200,11
2019-09-09,ES,gasolina,104.1800,24
2019-09-09,GO,diesel_s10,263.6840,71
2019-09-09,GO,etanol,245.2490,85
2019-09-09,GO,gasolina,368.7880,82
2019-09-09,MA,diesel_s10,21.6050,6
2019-09-09,MA,etanol,18.5160,5
2019-09-09,MA,gasolina,29.6050,7
2019-09-09,MG,diesel_s10,283.5420,76
2019-09-09,MG,etanol,267.5870,91
2019-09-09,MG,gasolina,423.1050,91
2019-09-09,MS,diesel_s10,57.9110,16
2019-09-09,MS,etanol,78.3860,24
2019-09-09,MS,gasolina,95.5050,24
2019-09-09,MT,diesel_s10,43.4070,11
2019-09-09,MT,etanol,40.1150,15
2019-09-09,MT,gasolina,66.6790,15
2019-09-09,PA,diesel_s10,45.8130,12
2019-09-09,PA,etanol,33.5070,9
2019-09-09,PA,gasolina,55.0790,12
2019-09-09,PB,diesel_s10,18.4800,5
2019-09-09,PB,etanol,17.4590,5
2019-09-09,PB,gasolina,25.9700,6
2019-09-09,PE,diesel_s10,61.7350,17
2019-09-09,PE,etanol,68.1880,18
2019-09-09,PE,gasolina,105.4810,22
2019-09-09,PI,diesel_s10,77.9620,21
2019-09-09,PI,etanol,70.7720,21
2019-09-09,PI,gasolina,104.0920,23
2019-09-09,PR,diesel_s10,527.2010,152
2019-09-09,PR,etanol,526.5690,186
2019-09-09,PR,gasolina,770.2930,185
2019-09-09,RJ,diesel_s10,356.3940,97
2019-09-09,RJ,etanol,456.9980,120
2019-09-09,RJ,gasolina,599.6940,125
2019-09-09,RO,diesel_s10,31.0360,8
2019-09-09,RO,etanol,15.1880,4
2019-09-09,RO,gasolina,35.8740,8
2019-09-09,RS,diesel_s10,818.4750,232
2019-09-09,RS,etanol,504.0760,126
2019-09-09,RS,gasolina,1207.9340,280
2019-09-09,SC,diesel_s10,724.8250,206
2019-09-09,SC,etanol,586.3060,166
2019-09-09,SC,gasolina,937.9010,239
2019-09-09,SE,diesel_s10,80.0510,22
2019-09-09,SE,etanol,53.4810,15
2019-09-09,SE,gasolina,93.6520,22
2019-09-09,SP,diesel_s10,1121.7490,313
2019-09-09,SP,etanol,1151.0220,435
2019-09-09,SP,gasolina,1759.2880,433
2019-09-09,TO,diesel_s10,41.9430,11
2019-09-09,TO,etanol,18.2270,5
2019-09-09,TO,gasolina,50.5500,11
2019-09-10,AL,diesel_s10,88.2130,23
2019-09-10,AL,etanol,83.2940,22
2019-09-10,AL,gasolina,115.3620,25
2019-09-10,AM,diesel_s10,76.9790,19
2019-09-10,AM,etanol,29.1000,8
2019-09-10,AM,gasolina,130.5190,30
2019-09-10,BA,diesel_s10,137.2760,37
2019-09-10,BA,etanol,126.1290,38
2019-09-10,BA,gasolina,193.5830,42
2019-09-10,CE,diesel_s10,443.4990,116
2019-09-10,CE,etanol,413.7690,109
2019-09-10,CE,gasolina,551.8190,120
2019-09-10,GO,diesel_s10,149.1940,40
2019-09-10,GO,etanol,119.2520,41
2019-09-10,GO,gasolina,182.9990,41
2019-09-10,MA,diesel_s10,176.3600,48
2019-09-10,MA,etanol,110.3740,30
2019-09-10,MA,gasolina,231.2140,53
2019-09-10,MG,diesel_s10,648.7500,174
2019-09-10,MG,etanol,703.4300,241
2019-09-10,MG,gasolina,1093.3830,238
2019-09-10,MS,diesel_s10,107.8990,29
2019-09-10,MS,etanol,130.6160,39
2019-09-10,MS,gasolina,163.2590,40
2019-09-10,MT,diesel_s10,166.2310,42
2019-09-10,MT,etanol,129.9700,48
2019-09-10,MT,gasolina,215.8110,48
2019-09-10,PA,diesel_s10,166.5070,43
2019-09-10,PA,etanol,78.0180,21
2019-09-10,PA,gasolina,196.9350,44
2019-09-10,PB,diesel_s10,46.3950,13
2019-09-10,PB,etanol,47.9350,14
2019-09-10,PB,gasolina,60.0030,14
2019-09-10,PE,diesel_s10,136.2250,40
2019-09-10,PE,etanol,104.4470,30
2019-09-10,PE,gasolina,170.6320,40
2019-09-10,PI,diesel_s10,40.7930,11
2019-09-10,PI,etanol,23.6320,7
2019-09-10,PI,gasolina,54.3150,12
2019-09-10,PR,diesel_s10,314.7330,92
2019-09-10,PR,etanol,303.8920,107
2019-09-10,PR,gasolina,436.6490,106
2019-09-10,RJ,diesel_s10,264.0930,71
2019-09-10,RJ,etanol,315.7250,83
2019-09-10,RJ,gasolina,411.2400,85
2019-09-10,RN,diesel_s10,62.1570,16
2019-09-10,RN,etanol,63.5570,17
2019-09-10,RN,gasolina,75.9220,17
2019-09-10,RO,diesel_s10,85.1270,22
2019-09-10,RO,etanol,27.7060,7
2019-09-10,RO,gasolina,105.0090,23
2019-09-10,RR,diesel_s10,44.7300,12
2019-09-10,RR,etanol,15.2900,4
2019-09-10,RR,gasolina,53.1500,13
2019-09-10,RS,diesel_s10,113.6380,30
2019-09-10,RS,etanol,64.7270,16
2019-09-10,RS,gasolina,145.7240,32
2019-09-10,SC,diesel_s10,29.0920,8
2019-09-10,SC,etanol,25.2840,7
2019-09-10,SC,gasolina,31.5220,8
2019-09-10,SP,diesel_s10,495.7600,139
2019-09-10,SP,etanol,474.4870,181
2019-09-10,SP,gasolina,728.4830,178
2019-09-10,TO,diesel_s10,39.8670,11
2019-09-10,TO,etanol,36.7370,10
2019-09-10,TO,gasolina,48.7960,11
2019-09-11,AC,diesel_s10,154.8100,35
2019-09-11,AC,etanol,54.3200,14
2019-09-11,AC,gasolina,182.8600,38
2019-09-11,AL,diesel_s10,37.5630,10
2019-09-11,AL,etanol,89.1870,24
2019-09-11,AL,gasolina,104.0670,23
2019-09-11,AM,diesel_s10,88.3090,23
2019-09-11,AM,etanol,82.6000,25
2019-09-11,AM,gasolina,197.8900,44
2019-09-11,BA,diesel_s10,488.0000,134
2019-09-11,BA,etanol,650.1580,186
2019-09-11,BA,gasolina,880.0580,193
2019-09-11,CE,diesel_s10,138.5830,36
2019-09-11,CE,etanol,124.5640,33
2019-09-11,CE,gasolina,182.6230,40
2019-09-11,ES,diesel_s10,129.3820,35
2019-09-11,ES,etanol,106.4130,29
2019-09-11,ES,gasolina,184.9790,41
2019-09-11,GO,diesel_s10,202.9450,55
2019-09-11,GO,etanol,256.0920,89
2019-09-11,GO,gasolina,398.3750,89
2019-09-11,MA,diesel_s10,158.3500,43
2019-09-11,MA,etanol,89.8210,25
2019-09-11,MA,gasolina,187.4960,44
2019-09-11,MG,diesel_s10,505.6360,135
2019-09-11,MG,etanol,506.7120,169
2019-09-11,MG,gasolina,787.8440,168
2019-09-11,MS,diesel_s10,76.8610,20
2019-09-11,MS,etanol,78.2580,22
2019-09-11,MS,gasolina,97.3950,22
2019-09-11,MT,diesel_s10,316.9510,80
2019-09-11,MT,etanol,266.7110,97
2019-09-11,MT,gasolina,421.2060,94
2019-09-11,PA,diesel_s10,217.9440,55
2019-09-11,PA,etanol,77.4550,19
2019-09-11,PA,gasolina,281.3590,59
2019-09-11,PB,diesel_s10,119.9170,34
2019-09-11,PB,etanol,123.2910,36
2019-09-11,PB,gasolina,154.6180,36
2019-09-11,PE,diesel_s10,202.4900,59
2019-09-11,PE,etanol,173.6710,50
2019-09-11,PE,gasolina,257.4320,60
2019-09-11,PI,diesel_s10,125.6530,33
2019-09-11,PI,etanol,68.0760,19
2019-09-11,PI,gasolina,147.8090,32
2019-09-11,PR,diesel_s10,100.7190,29
2019-09-11,PR,etanol,111.5770,39
2019-09-11,PR,gasolina,148.7270,36
2019-09-11,RJ,diesel_s10,465.6850,127
2019-09-11,RJ,etanol,645.5690,172
2019-09-11,RJ,gasolina,830.1250,173
2019-09-11,RN,diesel_s10,101.7650,27
2019-09-11,RN,etanol,88.3790,24
2019-09-11,RN,gasolina,124.2870,28
2019-09-11,RO,diesel_s10,98.4040,26
2019-09-11,RO,etanol,55.4060,15
2019-09-11,RO,gasolina,129.0400,29
2019-09-11,RS,diesel_s10,123.3030,33
2019-09-11,RS,etanol,87.8330,21
2019-09-11,RS,gasolina,186.1320,40
2019-09-11,SC,diesel_s10,14.7360,4
2019-09-11,SC,etanol,3.7990,1
2019-09-11,SC,gasolina,16.2460,4
2019-09-11,SE,diesel_s10,75.3070,20
2019-09-11,SE,etanol,75.4270,21
2019-09-11,SE,gasolina,91.1510,21
2019-09-11,SP,diesel_s10,2095.0180,586
2019-09-11,SP,etanol,1935.0810,735
2019-09-11,SP,gasolina,2963.2820,722
2019-09-11,TO,diesel_s10,51.2610,14
2019-09-11,TO,etanol,44.0220,12
2019-09-11,TO,gasolina,63.6940,14
2019-09-12,AC,diesel_s10,4.3900,1
2019-09-12,AC,etanol,3.9900,1
2019-09-12,AC,gasolina,4.7900,1
2019-09-12,BA,diesel_s10,56.8840,16
2019-09-12,BA,etanol,61.8200,18
2019-09-12,BA,gasolina,76.2290,17
2019-09-12,CE,diesel_s10,29.6790,8
2019-09-12,CE,etanol,29.1880,8
2019-09-12,CE,gasolina,36.3500,8
2019-09-12,DF,diesel_s10,121.3870,32
2019-09-12,DF,etanol,149.3680,47
2019-09-12,DF,gasolina,198.6280,47
2019-09-12,ES,diesel_s10,128.1950,35
2019-09-12,ES,etanol,127.8750,36
2019-09-12,ES,gasolina,230.7960,51
2019-09-12,GO,diesel_s10,36.9440,10
2019-09-12,GO,etanol,44.0850,15
2019-09-12,GO,gasolina,68.0350,15
2019-09-12,MA,diesel_s10,49.4990,14
2019-09-12,MA,etanol,16.9670,5
2019-09-12,MA,gasolina,68.9370,17
2019-09-12,MG,diesel_s10,285.4300,77
2019-09-12,MG,etanol,246.3230,90
2019-09-12,MG,gasolina,410.0220,90
2019-09-12,PB,diesel_s10,21.3900,6
2019-09-12,PB,etanol,20.2850,6
2019-09-12,PB,gasolina,25.6750,6
2019-09-12,PE,diesel_s10,190.9080,54
2019-09-12,PE,etanol,225.7750,66
2019-09-12,PE,gasolina,279.6090,68
2019-09-12,PR,diesel_s10,95.8790,28
2019-09-12,PR,etanol,116.3060,42
2019-09-12,PR,gasolina,168.6360,42
2019-09-12,RJ,diesel_s10,113.2070,31
2019-09-12,RJ,etanol,135.4120,36
2019-09-12,RJ,gasolina,171.5800,36
2019-09-12,RN,diesel_s10,64.2800,17
2019-09-12,RN,etanol,55.8490,15
2019-09-12,RN,gasolina,77.7230,17
2019-09-12,RO,diesel_s10,30.9770,8
2019-09-12,RO,etanol,10.9200,3
2019-09-12,RO,gasolina,56.3730,13
2019-09-12,RS,diesel_s10,21.9630,6
2019-09-12,RS,etanol,16.1360,4
2019-09-12,RS,gasolina,42.1500,9
2019-09-12,SP,diesel_s10,891.5620,245
2019-09-12,SP,etanol,833.0080,313
2019-09-12,SP,gasolina,1291.8580,309
2019-09-12,TO,diesel_s10,32.9700,9
2019-09-12,TO,etanol,36.6800,10
2019-09-12,TO,gasolina,44.7000,10
2019-09-16,AC,diesel_s10,13.2590,3
2019-09-16,AC,etanol,3.9500,1
2019-09-16,AC,gasolina,14.3180,3
2019-09-16,AL,diesel_s10,34.3320,9
2019-09-16,AL,etanol,30.6060,8
2019-09-16,AL,gasolina,36.5750,8
2019-09-16,AM,diesel_s10,153.0960,39
2019-09-16,AM,etanol,104.5370,31
2019-09-16,AM,gasolina,228.8110,52
2019-09-16,AP,diesel_s10,8.8600,2
2019-09-16,AP,gasolina,15.1700,4
2019-09-16,BA,diesel_s10,399.5290,107
2019-09-16,BA,etanol,501.8190,143
2019-09-16,BA,gasolina,679.1790,148
2019-09-16,CE,diesel_s10,153.2660,40
2019-09-16,CE,etanol,155.0780,41
2019-09-16,CE,gasolina,192.9180,42
2019-09-16,DF,diesel_s10,126.7060,33
2019-09-16,DF,etanol,143.0110,45
2019-09-16,DF,gasolina,195.6300,45
2019-09-16,ES,diesel_s10,92.7790,26
2019-09-16,ES,etanol,56.9390,16
2019-09-16,ES,gasolina,121.8390,28
2019-09-16,GO,diesel_s10,279.6170,75
2019-09-16,GO,etanol,254.0230,88
2019-09-16,GO,gasolina,378.0230,84
2019-09-16,MA,diesel_s10,29.0850,8
2019-09-16,MA,etanol,22.3060,6
2019-09-16,MA,gasolina,38.7350,9
2019-09-16,MG,diesel_s10,325.4810,87
2019-09-16,MG,etanol,311.5100,105
2019-09-16,MG,gasolina,495.6920,106
2019-09-16,MS,diesel_s10,66.8910,18
2019-09-16,MS,etanol,66.4800,20
2019-09-16,MS,gasolina,81.4680,20
2019-09-16,MT,diesel_s10,82.1150,21
2019-09-16,MT,etanol,72.2580,27
2019-09-16,MT,gasolina,119.7310,27
2019-09-16,PA,diesel_s10,101.9550,26
2019-09-16,PA,etanol,52.2660,14
2019-09-16,PA,gasolina,131.3420,28
2019-09-16,PB,diesel_s10,29.1490,8
2019-09-16,PB,etanol,36.7030,11
2019-09-16,PB,gasolina,51.3440,12
2019-09-16,PE,diesel_s10,65.5430,18
2019-09-16,PE,etanol,71.8870,19
2019-09-16,PE,gasolina,109.7800,23
2019-09-16,PI,diesel_s10,11.1700,3
2019-09-16,PI,etanol,10.5700,3
2019-09-16,PI,gasolina,13.8700,3
2019-09-16,PR,diesel_s10,534.0220,154
2019-09-16,PR,etanol,539.3880,189
2019-09-16,PR,gasolina,784.0930,189
2019-09-16,RJ,diesel_s10,391.7560,107
2019-09-16,RJ,etanol,475.2690,126
2019-09-16,RJ,gasolina,617.0270,129
2019-09-16,RN,diesel_s10,26.3790,7
2019-09-16,RN,etanol,29.4290,8
2019-09-16,RN,gasolina,35.6760,8
2019-09-16,RO,diesel_s10,50.0060,13
2019-09-16,RO,etanol,19.8090,5
2019-09-16,RO,gasolina,58.6630,13
2019-09-16,RS,diesel_s10,785.2220,221
2019-09-16,RS,etanol,493.7550,124
2019-09-16,RS,gasolina,1161.1320,268
2019-09-16,SC,diesel_s10,655.7660,186
2019-09-16,SC,etanol,504.6660,144
2019-09-16,SC,gasolina,827.4890,210
2019-09-16,SE,diesel_s10,80.2710,22
2019-09-16,SE,etanol,53.3710,15
2019-09-16,SE,gasolina,93.8520,22
2019-09-16,SP,diesel_s10,1285.5910,358
2019-09-16,SP,etanol,1218.1590,460
2019-09-16,SP,gasolina,1868.5720,458
2019-09-16,TO,diesel_s10,45.4930,12
2019-09-16,TO,etanol,21.7270,6
2019-09-16,TO,gasolina,54.9490,12
2019-09-17,AC,diesel_s10,34.9500,8
2019-09-17,AC,etanol,19.3400,5
2019-09-17,AC,gasolina,37.4290,8
2019-09-17,AL,diesel_s10,107.3390,28
2019-09-17,AL,etanol,128.2330,34
2019-09-17,AL,gasolina,169.0020,37
2019-09-17,AM,diesel_s10,39.8090,10
2019-09-17,AM,etanol,19.9900,6
2019-09-17,AM,gasolina,79.9690,18
2019-09-17,BA,diesel_s10,170.8670,46
2019-09-17,BA,etanol,169.3190,50
2019-09-17,BA,gasolina,247.8830,54
2019-09-17,CE,diesel_s10,379.2560,99
2019-09-17,CE,etanol,343.6630,90
2019-09-17,CE,gasolina,459.9970,100
2019-09-17,DF,diesel_s10,4.1290,1
2019-09-17,DF,etanol,6.6280,2
2019-09-17,DF,gasolina,8.5580,2
2019-09-17,GO,diesel_s10,135.0020,36
2019-09-17,GO,etanol,119.3330,41
2019-09-17,GO,gasolina,183.6510,41
2019-09-17,MA,diesel_s10,118.7030,32
2019-09-17,MA,etanol,81.3490,22
2019-09-17,MA,gasolina,155.2790,35
2019-09-17,MG,diesel_s10,601.6060,161
2019-09-17,MG,etanol,598.0050,204
2019-09-17,MG,gasolina,926.2460,201
2019-09-17,MS,diesel_s10,133.5190,36
2019-09-17,MS,etanol,130.1490,39
2019-09-17,MS,gasolina,163.0460,40
2019-09-17,MT,diesel_s10,167.0340,42
2019-09-17,MT,etanol,127.5020,47
2019-09-17,MT,gasolina,212.0610,47
2019-09-17,PA,diesel_s10,53.8250,14
2019-09-17,PA,etanol,22.5580,6
2019-09-17,PA,gasolina,67.1850,15
2019-09-17,PB,diesel_s10,60.7230,17
2019-09-17,PB,etanol,60.9120,18
2019-09-17,PB,gasolina,81.3410,19
2019-09-17,PE,diesel_s10,136.4660,40
2019-09-17,PE,etanol,118.1470,34
2019-09-17,PE,gasolina,170.9540,40
2019-09-17,PI,diesel_s10,44.5910,12
2019-09-17,PI,etanol,31.0550,9
2019-09-17,PI,gasolina,64.0390,14
2019-09-17,PR,diesel_s10,458.9140,134
2019-09-17,PR,etanol,445.5940,158
2019-09-17,PR,gasolina,628.6580,154
2019-09-17,RJ,diesel_s10,208.7170,56
2019-09-17,RJ,etanol,267.9830,70
2019-09-17,RJ,gasolina,347.8330,72
2019-09-17,RN,diesel_s10,92.7480,24
2019-09-17,RN,etanol,85.3980,23
2019-09-17,RN,gasolina,107.3310,24
2019-09-17,RO,diesel_s10,93.5370,24
2019-09-17,RO,etanol,39.1850,10
2019-09-17,RO,gasolina,114.4790,25
2019-09-17,RR,diesel_s10,48.5700,13
2019-09-17,RR,etanol,19.1800,5
2019-09-17,RR,gasolina,53.1190,13
2019-09-17,RS,diesel_s10,162.0590,44
2019-09-17,RS,etanol,100.9790,25
2019-09-17,RS,gasolina,223.3020,50
2019-09-17,SC,diesel_s10,88.9950,24
2019-09-17,SC,etanol,81.4000,23
2019-09-17,SC,gasolina,147.0970,37
2019-09-17,SP,diesel_s10,662.3010,185
2019-09-17,SP,etanol,634.9470,242
2019-09-17,SP,gasolina,983.3150,240
2019-09-17,TO,diesel_s10,39.9170,11
2019-09-17,TO,etanol,36.7370,10
2019-09-17,TO,gasolina,48.7960,11
2019-09-18,AC,diesel_s10,116.4550,26
2019-09-18,AC,etanol,43.2090,11
2019-09-18,AC,gasolina,135.8460,28
2019-09-18,AL,diesel_s10,41.9620,11
2019-09-18,AL,etanol,47.9610,13
2019-09-18,AL,gasolina,58.3180,13
2019-09-18,AM,diesel_s10,12.7390,3
2019-09-18,AM,gasolina,24.1880,5
2019-09-18,BA,diesel_s10,420.8700,116
2019-09-18,BA,etanol,453.3460,132
2019-09-18,BA,gasolina,626.3300,138
2019-09-18,CE,diesel_s10,159.2540,41
2019-09-18,CE,etanol,140.8030,37
2019-09-18,CE,gasolina,206.9300,45
2019-09-18,ES,diesel_s10,107.5890,29
2019-09-18,ES,etanol,84.6580,23
2019-09-18,ES,gasolina,144.6290,32
2019-09-18,GO,diesel_s10,226.9170,61
2019-09-18,GO,etanol,270.6210,93
2019-09-18,GO,gasolina,413.5990,92
2019-09-18,MA,diesel_s10,238.9820,65
2019-09-18,MA,etanol,120.3970,34
2019-09-18,MA,gasolina,293.8170,70
2019-09-18,MG,diesel_s10,633.2260,169
2019-09-18,MG,etanol,625.6510,215
2019-09-18,MG,gasolina,993.1830,214
2019-09-18,MS,diesel_s10,88.5820,23
2019-09-18,MS,etanol,91.3830,26
2019-09-18,MS,gasolina,112.8570,26
2019-09-18,MT,diesel_s10,275.3460,69
2019-09-18,MT,etanol,236.5270,86
2019-09-18,MT,gasolina,372.6600,83
2019-09-18,PA,diesel_s10,264.4440,67
2019-09-18,PA,etanol,109.5580,28
2019-09-18,PA,gasolina,334.9660,72
2019-09-18,PB,diesel_s10,89.6930,25
2019-09-18,PB,etanol,89.3500,26
2019-09-18,PB,gasolina,111.9980,26
2019-09-18,PE,diesel_s10,282.8810,81
2019-09-18,PE,etanol,258.5890,75
2019-09-18,PE,gasolina,360.3890,85
2019-09-18,PI,diesel_s10,170.7410,45
2019-09-18,PI,etanol,118.8080,34
2019-09-18,PI,gasolina,207.9160,45
2019-09-18,PR,diesel_s10,70.7490,20
2019-09-18,PR,etanol,68.1490,23
2019-09-18,PR,gasolina,94.0290,22
2019-09-18,RJ,diesel_s10,412.3760,112
2019-09-18,RJ,etanol,564.7590,150
2019-09-18,RJ,gasolina,726.4090,151
2019-09-18,RN,diesel_s10,52.5090,14
2019-09-18,RN,etanol,43.8950,12
2019-09-18,RN,gasolina,66.1240,15
2019-09-18,RO,diesel_s10,38.4100,10
2019-09-18,RO,etanol,12.5000,3
2019-09-18,RO,gasolina,45.7880,10
2019-09-18,RS,diesel_s10,115.9870,31
2019-09-18,RS,etanol,75.1260,18
2019-09-18,RS,gasolina,163.3030,35
2019-09-18,SC,diesel_s10,14.7360,4
2019-09-18,SC,etanol,3.7990,1
2019-09-18,SC,gasolina,16.2460,4
2019-09-18,SE,diesel_s10,71.9340,19
2019-09-18,SE,etanol,75.7150,21
2019-09-18,SE,gasolina,91.6120,21
2019-09-18,SP,diesel_s10,2088.7720,580
2019-09-18,SP,etanol,1916.6400,729
2019-09-18,SP,gasolina,2918.7120,711
2019-09-18,TO,diesel_s10,80.4050,22
2019-09-18,TO,etanol,73.1850,20
2019-09-18,TO,gasolina,103.7610,23
2019-09-19,AP,diesel_s10,59.3090,13
2019-09-19,AP,etanol,3.5900,1
2019-09-19,AP,gasolina,92.3090,24
2019-09-19,CE,diesel_s10,118.7810,31
2019-09-19,CE,etanol,117.2320,31
2019-09-19,CE,gasolina,138.5060,30
2019-09-19,ES,diesel_s10,145.4090,39
2019-09-19,ES,etanol,147.8800,41
2019-09-19,ES,gasolina,252.7260,56
2019-09-19,GO,diesel_s10,15.1590,4
2019-09-19,GO,etanol,26.3860,9
2019-09-19,GO,gasolina,40.7160,9
2019-09-19,MA,diesel_s10,21.8040,6
2019-09-19,MA,etanol,3.6090,1
2019-09-19,MA,gasolina,28.4830,7
2019-09-19,MG,diesel_s10,181.7630,48
2019-09-19,MG,etanol,189.9120,67
2019-09-19,MG,gasolina,306.0790,67
2019-09-19,PB,diesel_s10,17.7910,5
2019-09-19,PB,etanol,16.7360,5
2019-09-19,PB,gasolina,21.3860,5
2019-09-19,PE,diesel_s10,134.7220,38
2019-09-19,PE,etanol,144.3650,42
2019-09-19,PE,gasolina,174.1650,42
2019-09-19,PI,diesel_s10,18.6450,5
2019-09-19,PI,etanol,13.7350,4
2019-09-19,PI,gasolina,22.7840,5
2019-09-19,PR,diesel_s10,13.9590,4
2019-09-19,PR,etanol,14.1390,5
2019-09-19,PR,gasolina,21.4190,5
2019-09-19,RJ,diesel_s10,199.6490,54
2019-09-19,RJ,etanol,264.7950,71
2019-09-19,RJ,gasolina,337.5320,71
2019-09-19,RN,diesel_s10,60.4800,16
2019-09-19,RN,etanol,55.5190,15
2019-09-19,RN,gasolina,73.1430,16
2019-09-19,RO,diesel_s10,78.9290,20
2019-09-19,RO,etanol,36.4490,10
2019-09-19,RO,gasolina,106.2530,24
2019-09-19,RS,diesel_s10,22.0130,6
2019-09-19,RS,etanol,16.1360,4
2019-09-19,RS,gasolina,42.1500,9
2019-09-19,SP,diesel_s10,642.3950,176
2019-09-19,SP,etanol,620.0200,233
2019-09-19,SP,gasolina,965.1920,231
2019-09-23,AC,diesel_s10,19.8000,4
2019-09-23,AC,etanol,9.1800,2
2019-09-23,AC,gasolina,20.8000,4
2019-09-23,AL,diesel_s10,23.4170,6
2019-09-23,AL,etanol,22.3760,6
2019-09-23,AL,gasolina,26.8140,6
2019-09-23,AM,diesel_s10,150.5000,38
2019-09-23,AM,etanol,104.5390,30
2019-09-23,AM,gasolina,259.1660,58
2019-09-23,AP,diesel_s10,9.1200,2
2019-09-23,AP,gasolina,15.3600,4
2019-09-23,BA,diesel_s10,328.2800,87
2019-09-23,BA,etanol,382.5100,109
2019-09-23,BA,gasolina,524.8190,113
2019-09-23,CE,diesel_s10,34.7180,9
2019-09-23,CE,etanol,14.8600,4
2019-09-23,CE,gasolina,42.2390,9
2019-09-23,DF,diesel_s10,26.9030,7
2019-09-23,DF,etanol,31.2700,10
2019-09-23,DF,gasolina,42.4700,10
2019-09-23,ES,diesel_s10,131.3070,35
2019-09-23,ES,etanol,80.0990,22
2019-09-23,ES,gasolina,173.8300,38
2019-09-23,GO,diesel_s10,259.1820,67
2019-09-23,GO,etanol,227.3180,78
2019-09-23,GO,gasolina,338.9970,75
2019-09-23,MA,diesel_s10,146.0220,38
2019-09-23,MA,etanol,87.2180,23
2019-09-23,MA,gasolina,176.9820,39
2019-09-23,MG,diesel_s10,673.1710,176
2019-09-23,MG,etanol,642.7650,218
2019-09-23,MG,gasolina,1019.0870,218
2019-09-23,MS,diesel_s10,166.9120,44
2019-09-23,MS,etanol,170.0890,51
2019-09-23,MS,gasolina,205.6410,50
2019-09-23,MT,diesel_s10,280.2960,68
2019-09-23,MT,etanol,210.9310,77
2019-09-23,MT,gasolina,348.8280,77
2019-09-23,PA,diesel_s10,170.6060,43
2019-09-23,PA,etanol,75.2230,20
2019-09-23,PA,gasolina,221.1490,48
2019-09-23,PB,diesel_s10,37.4160,10
2019-09-23,PB,etanol,43.7930,13
2019-09-23,PB,gasolina,60.4130,14
2019-09-23,PE,diesel_s10,76.1140,20
2019-09-23,PE,etanol,77.0080,20
2019-09-23,PE,gasolina,107.0670,22
2019-09-23,PI,diesel_s10,66.1270,17
2019-09-23,PI,etanol,51.2250,15
2019-09-23,PI,gasolina,87.1970,19
2019-09-23,PR,diesel_s10,330.2790,93
2019-09-23,PR,etanol,320.7740,112
2019-09-23,PR,gasolina,473.9940,112
2019-09-23,RJ,diesel_s10,338.6510,90
2019-09-23,RJ,etanol,465.5380,122
2019-09-23,RJ,gasolina,602.0360,124
2019-09-23,RN,diesel_s10,3.6900,1
2019-09-23,RN,etanol,3.5900,1
2019-09-23,RO,diesel_s10,113.0010,28
2019-09-23,RO,etanol,41.9560,11
2019-09-23,RO,gasolina,133.5350,29
2019-09-23,RR,diesel_s10,3.9900,1
2019-09-23,RR,gasolina,4.2200,1
2019-09-23,RS,diesel_s10,521.4450,145
2019-09-23,RS,etanol,318.1820,80
2019-09-23,RS,gasolina,777.2420,176
2019-09-23,SC,diesel_s10,372.0680,104
2019-09-23,SC,etanol,246.8900,70
2019-09-23,SC,gasolina,465.9640,115
2019-09-23,SE,diesel_s10,90.4300,24
2019-09-23,SE,etanol,60.7990,17
2019-09-23,SE,gasolina,104.4610,24
2019-09-23,SP,diesel_s10,1038.6490,282
2019-09-23,SP,etanol,979.8520,364
2019-09-23,SP,gasolina,1491.9160,362
2019-09-23,TO,diesel_s10,68.0940,18
2019-09-23,TO,etanol,42.8210,12
2019-09-23,TO,gasolina,87.8230,19
2019-09-24,AC,diesel_s10,35.3680,8
2019-09-24,AC,etanol,20.2190,5
2019-09-24,AC,gasolina,38.0380,8
2019-09-24,AL,diesel_s10,54.0350,14
2019-09-24,AL,etanol,69.9420,19
2019-09-24,AL,gasolina,85.9550,19
2019-09-24,AM,diesel_s10,26.9990,7
2019-09-24,AM,etanol,27.0890,8
2019-09-24,AM,gasolina,53.3170,12
2019-09-24,BA,diesel_s10,405.5520,107
2019-09-24,BA,etanol,435.9580,128
2019-09-24,BA,gasolina,570.8830,125
2019-09-24,CE,diesel_s10,530.3790,135
2019-09-24,CE,etanol,484.1310,126
2019-09-24,CE,gasolina,672.4560,144
2019-09-24,DF,diesel_s10,70.4470,18
2019-09-24,DF,etanol,75.3110,24
2019-09-24,DF,gasolina,107.0510,25
2019-09-24,GO,diesel_s10,95.7780,25
2019-09-24,GO,etanol,110.9620,38
2019-09-24,GO,gasolina,180.1580,40
2019-09-24,MA,diesel_s10,66.7740,18
2019-09-24,MA,etanol,53.1860,15
2019-09-24,MA,gasolina,93.9200,22
2019-09-24,MG,diesel_s10,507.3950,130
2019-09-24,MG,etanol,507.9210,168
2019-09-24,MG,gasolina,778.6080,164
2019-09-24,MS,diesel_s10,45.9630,12
2019-09-24,MS,etanol,40.9510,12
2019-09-24,MS,gasolina,53.5250,13
2019-09-24,MT,diesel_s10,182.3680,45
2019-09-24,MT,etanol,140.8540,52
2019-09-24,MT,gasolina,219.5210,49
2019-09-24,PA,diesel_s10,129.1740,32
2019-09-24,PA,etanol,64.4090,17
2019-09-24,PA,gasolina,152.5430,33
2019-09-24,PB,diesel_s10,61.7300,17
2019-09-24,PB,etanol,64.4970,19
2019-09-24,PB,gasolina,81.3180,19
2019-09-24,PE,diesel_s10,300.2510,85
2019-09-24,PE,etanol,238.3370,69
2019-09-24,PE,gasolina,375.9010,87
2019-09-24,PI,diesel_s10,86.6730,22
2019-09-24,PI,etanol,60.6460,18
2019-09-24,PI,gasolina,101.0270,22
2019-09-24,PR,diesel_s10,300.7890,83
2019-09-24,PR,etanol,297.4470,104
2019-09-24,PR,gasolina,421.8090,100
2019-09-24,RJ,diesel_s10,390.3530,103
2019-09-24,RJ,etanol,498.6250,131
2019-09-24,RJ,gasolina,634.2410,131
2019-09-24,RN,diesel_s10,177.8190,45
2019-09-24,RN,etanol,169.7410,46
2019-09-24,RN,gasolina,229.5690,50
2019-09-24,RO,diesel_s10,27.7000,7
2019-09-24,RO,etanol,14.4700,4
2019-09-24,RO,gasolina,40.7180,9
2019-09-24,RR,diesel_s10,39.6600,10
2019-09-24,RR,etanol,11.5100,3
2019-09-24,RR,gasolina,42.2900,10
2019-09-24,RS,diesel_s10,147.3570,38
2019-09-24,RS,etanol,94.4560,23
2019-09-24,RS,gasolina,201.7750,43
2019-09-24,SC,diesel_s10,140.4610,38
2019-09-24,SC,etanol,109.4200,30
2019-09-24,SC,gasolina,188.1670,47
2019-09-24,SE,diesel_s10,31.1940,8
2019-09-24,SE,etanol,28.5630,8
2019-09-24,SE,gasolina,35.8270,8
2019-09-24,SP,diesel_s10,1166.5920,317
2019-09-24,SP,etanol,1079.4360,404
2019-09-24,SP,gasolina,1641.0630,398
2019-09-24,TO,diesel_s10,75.8810,20
2019-09-24,TO,etanol,66.4840,18
2019-09-24,TO,gasolina,93.1690,20
2019-09-25,AC,diesel_s10,73.2500,16
2019-09-25,AC,etanol,27.2800,7
2019-09-25,AC,gasolina,87.6280,18
2019-09-25,AL,diesel_s10,60.0780,15
2019-09-25,AL,etanol,68.1110,18
2019-09-25,AL,gasolina,88.1780,19
2019-09-25,AM,gasolina,4.9500,1
2019-09-25,BA,diesel_s10,218.5330,58
2019-09-25,BA,etanol,271.5200,77
2019-09-25,BA,gasolina,352.3010,77
2019-09-25,CE,diesel_s10,85.4130,22
2019-09-25,CE,etanol,83.4930,22
2019-09-25,CE,gasolina,102.0450,22
2019-09-25,DF,diesel_s10,15.9560,4
2019-09-25,DF,etanol,19.5350,6
2019-09-25,DF,gasolina,25.7650,6
2019-09-25,ES,diesel_s10,88.0900,23
2019-09-25,ES,etanol,73.1800,20
2019-09-25,ES,gasolina,122.1600,27
2019-09-25,GO,diesel_s10,227.9560,59
2019-09-25,GO,etanol,251.8650,85
2019-09-25,GO,gasolina,393.2750,86
2019-09-25,MA,diesel_s10,163.6520,44
2019-09-25,MA,etanol,85.0250,24
2019-09-25,MA,gasolina,206.7480,48
2019-09-25,MG,diesel_s10,550.7040,143
2019-09-25,MG,etanol,526.1120,178
2019-09-25,MG,gasolina,838.6500,178
2019-09-25,MS,diesel_s10,78.2350,20
2019-09-25,MS,etanol,77.2650,22
2019-09-25,MS,gasolina,96.5040,22
2019-09-25,MT,diesel_s10,86.2900,22
2019-09-25,MT,etanol,67.3230,25
2019-09-25,MT,gasolina,110.6190,25
2019-09-25,PA,diesel_s10,127.7720,32
2019-09-25,PA,etanol,37.0860,9
2019-09-25,PA,gasolina,162.5470,34
2019-09-25,PB,diesel_s10,103.5040,28
2019-09-25,PB,etanol,95.1150,28
2019-09-25,PB,gasolina,120.8810,28
2019-09-25,PE,diesel_s10,219.3390,61
2019-09-25,PE,etanol,223.6300,66
2019-09-25,PE,gasolina,288.3600,68
2019-09-25,PI,diesel_s10,89.4370,23
2019-09-25,PI,etanol,50.1730,14
2019-09-25,PI,gasolina,121.6320,26
2019-09-25,PR,diesel_s10,440.9560,126
2019-09-25,PR,etanol,435.0600,152
2019-09-25,PR,gasolina,614.0920,150
2019-09-25,RJ,diesel_s10,430.3390,114
2019-09-25,RJ,etanol,496.9170,129
2019-09-25,RJ,gasolina,650.8330,134
2019-09-25,RN,diesel_s10,43.2800,11
2019-09-25,RN,etanol,40.8890,11
2019-09-25,RN,gasolina,55.2300,12
2019-09-25,RO,diesel_s10,96.4180,24
2019-09-25,RO,etanol,56.0890,15
2019-09-25,RO,gasolina,124.0080,27
2019-09-25,RR,diesel_s10,8.0500,2
2019-09-25,RR,etanol,3.8900,1
2019-09-25,RR,gasolina,8.4700,2
2019-09-25,RS,diesel_s10,438.7460,122
2019-09-25,RS,etanol,295.8060,73
2019-09-25,RS,gasolina,642.8220,143
2019-09-25,SC,diesel_s10,233.8420,67
2019-09-25,SC,etanol,199.6730,58
2019-09-25,SC,gasolina,337.9010,86
2019-09-25,SE,diesel_s10,7.7980,2
2019-09-25,SE,etanol,7.2150,2
2019-09-25,SE,gasolina,8.7890,2
2019-09-25,SP,diesel_s10,2308.4770,621
2019-09-25,SP,etanol,2186.1340,824
2019-09-25,SP,gasolina,3381.1150,811
2019-09-25,TO,diesel_s10,18.4170,5
2019-09-25,TO,etanol,18.3280,5
2019-09-25,TO,gasolina,26.8470,6
2019-09-26,AC,diesel_s10,31.4390,7
2019-09-26,AC,etanol,15.5900,4
2019-09-26,AC,gasolina,42.1980,9
2019-09-26,AL,diesel_s10,49.1960,13
2019-09-26,AL,etanol,40.2170,11
2019-09-26,AL,gasolina,58.5890,13
2019-09-26,AM,diesel_s10,4.2500,1
2019-09-26,AM,gasolina,20.0000,4
2019-09-26,AP,diesel_s10,63.9550,14
2019-09-26,AP,etanol,3.5900,1
2019-09-26,AP,gasolina,93.0420,24
2019-09-26,BA,diesel_s10,55.3870,15
2019-09-26,BA,etanol,59.0730,18
2019-09-26,BA,gasolina,80.2720,18
2019-09-26,CE,diesel_s10,162.9000,42
2019-09-26,CE,etanol,172.2900,46
2019-09-26,CE,gasolina,214.0560,46
2019-09-26,DF,diesel_s10,23.3640,6
2019-09-26,DF,etanol,18.6940,6
2019-09-26,DF,gasolina,24.9440,6
2019-09-26,ES,diesel_s10,132.2660,35
2019-09-26,ES,etanol,114.6670,32
2019-09-26,ES,gasolina,224.4260,50
2019-09-26,GO,diesel_s10,69.3710,18
2019-09-26,GO,etanol,70.7680,24
2019-09-26,GO,gasolina,109.4170,24
2019-09-26,MA,diesel_s10,38.5330,10
2019-09-26,MA,etanol,27.0750,7
2019-09-26,MA,gasolina,49.3920,11
2019-09-26,MG,diesel_s10,46.1970,12
2019-09-26,MG,etanol,75.4900,27
2019-09-26,MG,gasolina,121.8680,27
2019-09-26,MT,diesel_s10,19.5790,5
2019-09-26,MT,etanol,16.1890,6
2019-09-26,MT,gasolina,26.6890,6
2019-09-26,PA,diesel_s10,4.1590,1
2019-09-26,PA,etanol,3.6590,1
2019-09-26,PA,gasolina,4.3790,1
2019-09-26,PB,diesel_s10,3.5490,1
2019-09-26,PB,etanol,3.1900,1
2019-09-26,PB,gasolina,4.2490,1
2019-09-26,PE,diesel_s10,43.8230,12
2019-09-26,PE,etanol,41.1010,12
2019-09-26,PE,gasolina,56.0100,13
2019-09-26,PR,diesel_s10,14.0470,4
2019-09-26,PR,etanol,19.4640,7
2019-09-26,PR,gasolina,28.0440,7
2019-09-26,RJ,diesel_s10,104.7310,28
2019-09-26,RJ,etanol,124.5060,33
2019-09-26,RJ,gasolina,156.7460,33
2019-09-26,RO,diesel_s10,27.5500,7
2019-09-26,RO,etanol,24.3690,6
2019-09-26,RO,gasolina,32.8200,7
2019-09-26,SC,diesel_s10,7.2980,2
2019-09-26,SC,etanol,10.7970,3
2019-09-26,SC,gasolina,12.5970,3
2019-09-26,SE,diesel_s10,31.1650,8
2019-09-26,SE,etanol,32.3830,9
2019-09-26,SE,gasolina,40.1160,9
2019-09-26,SP,diesel_s10,207.6970,55
2019-09-26,SP,etanol,183.9090,69
2019-09-26,SP,gasolina,284.8900,68
2019-09-26,TO,diesel_s10,3.9900,1
2019-09-26,TO,etanol,3.9000,1
2019-09-26,TO,gasolina,4.5300,1
2019-09-30,AC,diesel_s10,19.8000,4
2019-09-30,AC,etanol,9.1800,2
2019-09-30,AC,gasolina,20.8000,4
2019-09-30,AL,diesel_s10,23.4170,6
2019-09-30,AL,etanol,22.3760,6
2019-09-30,AL,gasolina,26.8140,6
2019-09-30,AM,diesel_s10,104.9790,26
2019-09-30,AM,etanol,47.7900,14
2019-09-30,AM,gasolina,184.5770,41
2019-09-30,AP,diesel_s10,9.1200,2
2019-09-30,AP,gasolina,15.6390,4
2019-09-30,BA,diesel_s10,308.7690,81
2019-09-30,BA,etanol,355.8020,101
2019-09-30,BA,gasolina,493.9040,106
2019-09-30,CE,diesel_s10,167.2770,43
2019-09-30,CE,etanol,144.0740,38
2019-09-30,CE,gasolina,201.2380,43
2019-09-30,DF,diesel_s10,3.9490,1
2019-09-30,DF,etanol,6.2980,2
2019-09-30,DF,gasolina,8.6680,2
2019-09-30,ES,diesel_s10,131.6870,35
2019-09-30,ES,etanol,80.5590,22
2019-09-30,ES,gasolina,173.8800,38
2019-09-30,GO,diesel_s10,275.4300,71
2019-09-30,GO,etanol,233.4000,80
2019-09-30,GO,gasolina,348.3340,77
2019-09-30,MA,diesel_s10,146.1030,38
2019-09-30,MA,etanol,90.9180,24
2019-09-30,MA,gasolina,177.4030,39
2019-09-30,MG,diesel_s10,669.0790,174
2019-09-30,MG,etanol,629.2700,212
2019-09-30,MG,gasolina,998.4160,212
2019-09-30,MS,diesel_s10,99.0520,26
2019-09-30,MS,etanol,119.2340,35
2019-09-30,MS,gasolina,151.6550,36
2019-09-30,MT,diesel_s10,301.4450,73
2019-09-30,MT,etanol,228.8100,85
2019-09-30,MT,gasolina,380.2340,84
2019-09-30,PA,diesel_s10,184.8110,46
2019-09-30,PA,etanol,84.3210,22
2019-09-30,PA,gasolina,241.9060,52
2019-09-30,PB,diesel_s10,29.7690,8
2019-09-30,PB,etanol,36.5030,11
2019-09-30,PB,gasolina,51.5740,12
2019-09-30,PE,diesel_s10,76.6640,20
2019-09-30,PE,etanol,77.0080,20
2019-09-30,PE,gasolina,107.0670,22
2019-09-30,PI,diesel_s10,27.1980,7
2019-09-30,PI,etanol,10.6390,3
2019-09-30,PI,gasolina,32.2580,7
2019-09-30,PR,diesel_s10,475.0810,133
2019-09-30,PR,etanol,463.1530,161
2019-09-30,PR,gasolina,668.5740,159
2019-09-30,RJ,diesel_s10,325.4090,86
2019-09-30,RJ,etanol,452.5690,118
2019-09-30,RJ,gasolina,573.4690,118
2019-09-30,RN,diesel_s10,7.9700,2
2019-09-30,RN,etanol,7.5800,2
2019-09-30,RN,gasolina,13.7400,3
2019-09-30,RO,diesel_s10,152.5700,38
2019-09-30,RO,etanol,67.1460,18
2019-09-30,RO,gasolina,184.1450,40
2019-09-30,RS,diesel_s10,433.7460,120
2019-09-30,RS,etanol,248.2870,62
2019-09-30,RS,gasolina,620.3740,140
2019-09-30,SC,diesel_s10,404.5250,112
2019-09-30,SC,etanol,273.1810,77
2019-09-30,SC,gasolina,502.7480,124
2019-09-30,SE,diesel_s10,113.7040,30
2019-09-30,SE,etanol,81.5140,23
2019-09-30,SE,gasolina,131.1490,30
2019-09-30,SP,diesel_s10,1132.7610,307
2019-09-30,SP,etanol,1088.4270,404
2019-09-30,SP,gasolina,1664.8900,403
2019-09-30,TO,diesel_s10,46.3510,12
2019-09-30,TO,etanol,21.8370,6
2019-09-30,TO,gasolina,56.1100,12
2019-10-01,AC,diesel_s10,18.0900,4
2019-10-01,AC,etanol,7.7800,2
2019-10-01,AC,gasolina,19.1000,4
2019-10-01,AL,diesel_s10,65.8680,17
2019-10-01,AL,etanol,64.6800,18
2019-10-01,AL,gasolina,80.3030,18
2019-10-01,AM,diesel_s10,82.5290,21
2019-10-01,AM,etanol,70.9460,21
2019-10-01,AM,gasolina,131.3160,30
2019-10-01,AP,diesel_s10,64.2050,14
2019-10-01,AP,etanol,3.5990,1
2019-10-01,AP,gasolina,95.2190,24
2019-10-01,BA,diesel_s10,477.8230,126
2019-10-01,BA,etanol,505.9750,149
2019-10-01,BA,gasolina,665.0440,146
2019-10-01,CE,diesel_s10,474.0430,121
2019-10-01,CE,etanol,429.3400,112
2019-10-01,CE,gasolina,583.7590,125
2019-10-01,GO,diesel_s10,42.2840,11
2019-10-01,GO,etanol,60.6520,21
2019-10-01,GO,gasolina,102.8300,23
2019-10-01,MA,diesel_s10,74.5230,20
2019-10-01,MA,etanol,56.9860,16
2019-10-01,MA,gasolina,97.7790,23
2019-10-01,MG,diesel_s10,590.7840,152
2019-10-01,MG,etanol,610.4490,204
2019-10-01,MG,gasolina,950.3050,202
2019-10-01,MS,diesel_s10,90.4700,24
2019-10-01,MS,etanol,103.2640,31
2019-10-01,MS,gasolina,130.3910,32
2019-10-01,MT,diesel_s10,163.3890,40
2019-10-01,MT,etanol,118.8560,45
2019-10-01,MT,gasolina,188.0950,42
2019-10-01,PA,diesel_s10,130.8460,32
2019-10-01,PA,etanol,57.1110,15
2019-10-01,PA,gasolina,152.3930,33
2019-10-01,PB,diesel_s10,69.6650,19
2019-10-01,PB,etanol,77.0980,23
2019-10-01,PB,gasolina,93.8720,22
2019-10-01,PE,diesel_s10,272.3230,77
2019-10-01,PE,etanol,232.0260,67
2019-10-01,PE,gasolina,356.0280,82
2019-10-01,PI,diesel_s10,31.3200,8
2019-10-01,PI,etanol,27.4910,8
2019-10-01,PI,gasolina,36.6000,8
2019-10-01,PR,diesel_s10,246.3080,69
2019-10-01,PR,etanol,260.9740,92
2019-10-01,PR,gasolina,377.4320,91
2019-10-01,RJ,diesel_s10,302.8470,80
2019-10-01,RJ,etanol,429.5500,113
2019-10-01,RJ,gasolina,547.6010,113
2019-10-01,RN,diesel_s10,182.4090,46
2019-10-01,RN,etanol,174.4820,47
2019-10-01,RN,gasolina,234.8280,51
2019-10-01,RR,diesel_s10,35.7500,9
2019-10-01,RR,etanol,11.4700,3
2019-10-01,RR,gasolina,38.0400,9
2019-10-01,RS,diesel_s10,197.7210,52
2019-10-01,RS,etanol,108.5500,27
2019-10-01,RS,gasolina,286.6120,63
2019-10-01,SC,diesel_s10,139.7320,38
2019-10-01,SC,etanol,112.0010,31
2019-10-01,SC,gasolina,188.1790,47
2019-10-01,SE,diesel_s10,31.1850,8
2019-10-01,SE,etanol,28.7830,8
2019-10-01,SE,gasolina,35.9500,8
2019-10-01,SP,diesel_s10,945.6960,254
2019-10-01,SP,etanol,901.9890,337
2019-10-01,SP,gasolina,1376.9160,332
2019-10-01,TO,diesel_s10,102.3670,27
2019-10-01,TO,etanol,95.3470,26
2019-10-01,TO,gasolina,125.8840,27
2019-10-02,AC,diesel_s10,55.9780,12
2019-10-02,AC,etanol,15.6000,4
2019-10-02,AC,gasolina,64.7670,13
2019-10-02,AL,diesel_s10,66.7130,17
2019-10-02,AL,etanol,70.3610,19
2019-10-02,AL,gasolina,87.5120,19
2019-10-02,BA,diesel_s10,214.6860,57
2019-10-02,BA,etanol,247.4260,70
2019-10-02,BA,gasolina,320.4050,70
2019-10-02,CE,diesel_s10,119.6120,31
2019-10-02,CE,etanol,119.8870,32
2019-10-02,CE,gasolina,149.3880,32
2019-10-02,ES,diesel_s10,87.7100,23
2019-10-02,ES,etanol,79.9920,22
2019-10-02,ES,gasolina,117.7270,26
2019-10-02,GO,diesel_s10,269.3660,70
2019-10-02,GO,etanol,293.1490,98
2019-10-02,GO,gasolina,453.8980,99
2019-10-02,MA,diesel_s10,38.1790,10
2019-10-02,MA,etanol,22.5870,6
2019-10-02,MA,gasolina,49.2970,11
2019-10-02,MG,diesel_s10,367.9370,95
2019-10-02,MG,etanol,379.5230,127
2019-10-02,MG,gasolina,602.7260,127
2019-10-02,MS,diesel_s10,66.3580,17
2019-10-02,MS,etanol,66.3980,19
2019-10-02,MS,gasolina,82.9270,19
2019-10-02,MT,diesel_s10,78.0860,20
2019-10-02,MT,etanol,62.1520,24
2019-10-02,MT,gasolina,106.6850,24
2019-10-02,PA,diesel_s10,115.5830,29
2019-10-02,PA,etanol,32.8870,8
2019-10-02,PA,gasolina,147.9210,31
2019-10-02,PB,diesel_s10,96.5860,26
2019-10-02,PB,etanol,88.7400,26
2019-10-02,PB,gasolina,116.8640,27
2019-10-02,PE,diesel_s10,230.8920,64
2019-10-02,PE,etanol,227.8880,67
2019-10-02,PE,gasolina,293.8970,69
2019-10-02,PI,diesel_s10,127.9400,33
2019-10-02,PI,etanol,80.3880,23
2019-10-02,PI,gasolina,166.9490,36
2019-10-02,PR,diesel_s10,373.2070,105
2019-10-02,PR,etanol,349.3710,121
2019-10-02,PR,gasolina,501.9730,120
2019-10-02,RJ,diesel_s10,438.3720,116
2019-10-02,RJ,etanol,512.3900,134
2019-10-02,RJ,gasolina,668.0940,138
2019-10-02,RN,diesel_s10,35.5500,9
2019-10-02,RN,etanol,33.5190,9
2019-10-02,RN,gasolina,46.0800,10
2019-10-02,RO,diesel_s10,59.9170,15
2019-10-02,RO,etanol,23.3190,6
2019-10-02,RO,gasolina,69.0280,15
2019-10-02,RR,diesel_s10,15.8700,4
2019-10-02,RR,etanol,3.8900,1
2019-10-02,RR,gasolina,16.9290,4
2019-10-02,RS,diesel_s10,487.9120,134
2019-10-02,RS,etanol,299.2640,74
2019-10-02,RS,gasolina,704.4570,157
2019-10-02,SC,diesel_s10,236.3890,67
2019-10-02,SC,etanol,185.4960,54
2019-10-02,SC,gasolina,307.7140,78
2019-10-02,SE,diesel_s10,3.8990,1
2019-10-02,SE,etanol,3.5490,1
2019-10-02,SE,gasolina,4.2900,1
2019-10-02,SP,diesel_s10,2418.8320,650
2019-10-02,SP,etanol,2275.9150,853
2019-10-02,SP,gasolina,3508.0660,839
2019-10-02,TO,diesel_s10,18.4170,5
2019-10-02,TO,etanol,18.3280,5
2019-10-02,TO,gasolina,26.8470,6
2019-10-03,AC,diesel_s10,75.2950,17
2019-10-03,AC,etanol,35.3170,9
2019-10-03,AC,gasolina,85.3930,18
2019-10-03,AL,diesel_s10,49.1960,13
2019-10-03,AL,etanol,40.2170,11
2019-10-03,AL,gasolina,58.5890,13
2019-10-03,AM,diesel_s10,4.2500,1
2019-10-03,AM,gasolina,20.0000,4
2019-10-03,BA,diesel_s10,22.6890,6
2019-10-03,BA,etanol,38.9700,11
2019-10-03,BA,gasolina,45.7200,10
2019-10-03,CE,diesel_s10,81.7980,21
2019-10-03,CE,etanol,79.5790,21
2019-10-03,CE,gasolina,97.2420,21
2019-10-03,DF,diesel_s10,113.8920,29
2019-10-03,DF,etanol,143.7040,45
2019-10-03,DF,gasolina,194.9870,45
2019-10-03,ES,diesel_s10,132.9610,35
2019-10-03,ES,etanol,118.8930,33
2019-10-03,ES,gasolina,224.6580,50
2019-10-03,GO,diesel_s10,61.7620,16
2019-10-03,GO,etanol,77.9120,26
2019-10-03,GO,gasolina,119.1500,26
2019-10-03,MA,diesel_s10,155.9600,42
2019-10-03,MA,etanol,90.0040,26
2019-10-03,MA,gasolina,199.9440,48
2019-10-03,MG,diesel_s10,124.8340,32
2019-10-03,MG,etanol,139.8190,48
2019-10-03,MG,gasolina,223.1420,48
2019-10-03,MT,diesel_s10,19.5790,5
2019-10-03,MT,etanol,16.0590,6
2019-10-03,MT,gasolina,26.6490,6
2019-10-03,PE,diesel_s10,52.6270,15
2019-10-03,PE,etanol,56.0710,17
2019-10-03,PE,gasolina,70.7390,17
2019-10-03,PI,diesel_s10,58.3280,15
2019-10-03,PI,etanol,50.6990,15
2019-10-03,PI,gasolina,73.2960,16
2019-10-03,PR,diesel_s10,3.5500,1
2019-10-03,PR,etanol,2.7900,1
2019-10-03,PR,gasolina,4.0900,1
2019-10-03,RJ,diesel_s10,150.9170,40
2019-10-03,RJ,etanol,184.2700,49
2019-10-03,RJ,gasolina,244.1750,51
2019-10-03,RO,diesel_s10,52.3700,13
2019-10-03,RO,etanol,38.2390,10
2019-10-03,RO,gasolina,78.2170,17
2019-10-03,RS,diesel_s10,3.6980,1
2019-10-03,RS,gasolina,8.8770,2
2019-10-03,SC,diesel_s10,7.2980,2
2019-10-03,SC,etanol,10.7970,3
2019-10-03,SC,gasolina,12.5970,3
2019-10-03,SE,diesel_s10,11.6880,3
2019-10-03,SE,etanol,14.4970,4
2019-10-03,SE,gasolina,17.8360,4
2019-10-03,SP,diesel_s10,208.3950,56
2019-10-03,SP,etanol,179.9630,69
2019-10-03,SP,gasolina,271.8580,66
2019-10-03,TO,diesel_s10,3.9900,1
2019-10-03,TO,etanol,3.9000,1
2019-10-03,TO,gasolina,4.5300,1
2019-10-07,AM,diesel_s10,28.6580,7
2019-10-07,AM,gasolina,59.3660,13
2019-10-07,AP,diesel_s10,9.1400,2
2019-10-07,AP,gasolina,15.6790,4
2019-10-07,BA,diesel_s10,269.6690,71
2019-10-07,BA,etanol,292.7820,84
2019-10-07,BA,gasolina,425.4420,92
2019-10-07,DF,diesel_s10,35.0510,9
2019-10-07,DF,etanol,46.6850,15
2019-10-07,DF,gasolina,64.4840,15
2019-10-07,ES,diesel_s10,53.1970,14
2019-10-07,ES,etanol,37.4690,10
2019-10-07,ES,gasolina,69.1700,15
2019-10-07,GO,diesel_s10,179.0780,46
2019-10-07,GO,etanol,168.9390,55
2019-10-07,GO,gasolina,245.1130,53
2019-10-07,MA,diesel_s10,165.6870,43
2019-10-07,MA,etanol,105.8650,28
2019-10-07,MA,gasolina,204.0630,45
2019-10-07,MG,diesel_s10,684.0570,176
2019-10-07,MG,etanol,641.8540,213
2019-10-07,MG,gasolina,1016.6260,214
2019-10-07,MS,diesel_s10,140.1700,36
2019-10-07,MS,etanol,140.9200,41
2019-10-07,MS,gasolina,176.4360,42
2019-10-07,MT,diesel_s10,36.1030,9
2019-10-07,MT,etanol,29.9070,12
2019-10-07,MT,gasolina,49.1610,11
2019-10-07,PA,diesel_s10,145.4910,36
2019-10-07,PA,etanol,38.9770,10
2019-10-07,PA,gasolina,179.3300,38
2019-10-07,PB,diesel_s10,33.6570,9
2019-10-07,PB,etanol,29.8580,9
2019-10-07,PB,gasolina,43.1360,10
2019-10-07,PI,diesel_s10,31.0480,8
2019-10-07,PI,etanol,10.5760,3
2019-10-07,PI,gasolina,37.1640,8
2019-10-07,PR,diesel_s10,300.8150,83
2019-10-07,PR,etanol,290.4110,99
2019-10-07,PR,gasolina,405.1090,95
2019-10-07,RJ,diesel_s10,82.8380,22
2019-10-07,RJ,etanol,105.3850,27
2019-10-07,RJ,gasolina,143.3380,29
2019-10-07,RO,diesel_s10,112.1330,28
2019-10-07,RO,etanol,70.6560,19
2019-10-07,RO,gasolina,133.0920,29
2019-10-07,RR,diesel_s10,19.8300,5
2019-10-07,RR,etanol,7.6800,2
2019-10-07,RR,gasolina,21.1000,5
2019-10-07,RS,diesel_s10,443.7350,123
2019-10-07,RS,etanol,259.1870,65
2019-10-07,RS,gasolina,708.4860,161
2019-10-07,SC,diesel_s10,132.7040,37
2019-10-07,SC,etanol,105.7600,30
2019-10-07,SC,gasolina,170.7790,42
2019-10-07,SE,diesel_s10,18.5490,5
2019-10-07,SE,etanol,13.8900,4
2019-10-07,SE,gasolina,21.0090,5
2019-10-07,SP,diesel_s10,657.4590,177
2019-10-07,SP,etanol,661.4080,248
2019-10-07,SP,gasolina,1004.1220,246
2019-10-07,TO,diesel_s10,42.8610,11
2019-10-07,TO,etanol,22.2760,6
2019-10-07,TO,gasolina,52.0700,11
2019-10-08,AC,diesel_s10,80.2460,17
2019-10-08,AC,etanol,23.7090,6
2019-10-08,AC,gasolina,94.7880,19
2019-10-08,AL,diesel_s10,73.2380,19
2019-10-08,AL,etanol,66.3100,19
2019-10-08,AL,gasolina,98.1680,22
2019-10-08,AM,diesel_s10,78.1470,20
2019-10-08,AM,etanol,81.3880,24
2019-10-08,AM,gasolina,126.0270,29
2019-10-08,AP,gasolina,3.9990,1
2019-10-08,BA,diesel_s10,162.9150,43
2019-10-08,BA,etanol,187.8520,53
2019-10-08,BA,gasolina,237.5360,52
2019-10-08,CE,diesel_s10,100.8200,26
2019-10-08,CE,etanol,98.1600,26
2019-10-08,CE,gasolina,120.9340,26
2019-10-08,DF,diesel_s10,35.0060,9
2019-10-08,DF,etanol,34.3430,11
2019-10-08,DF,gasolina,47.3730,11
2019-10-08,ES,diesel_s10,40.6700,11
2019-10-08,ES,etanol,10.4300,3
2019-10-08,ES,gasolina,48.2100,11
2019-10-08,GO,diesel_s10,46.5390,12
2019-10-08,GO,etanol,41.2520,14
2019-10-08,GO,gasolina,62.5270,14
2019-10-08,MA,diesel_s10,18.4060,5
2019-10-08,MA,etanol,14.6980,4
2019-10-08,MA,gasolina,20.9950,5
2019-10-08,MG,diesel_s10,497.3480,128
2019-10-08,MG,etanol,521.2630,175
2019-10-08,MG,gasolina,809.0980,172
2019-10-08,MS,diesel_s10,95.4700,25
2019-10-08,MS,etanol,93.6410,28
2019-10-08,MS,gasolina,114.5950,28
2019-10-08,MT,diesel_s10,247.0230,61
2019-10-08,MT,etanol,189.5010,74
2019-10-08,MT,gasolina,324.6770,73
2019-10-08,PA,diesel_s10,139.5770,34
2019-10-08,PA,etanol,76.9980,20
2019-10-08,PA,gasolina,171.9830,37
2019-10-08,PB,diesel_s10,65.4280,18
2019-10-08,PB,etanol,63.8870,19
2019-10-08,PB,gasolina,85.3350,20
2019-10-08,PE,diesel_s10,293.6720,82
2019-10-08,PE,etanol,249.2670,73
2019-10-08,PE,gasolina,362.6360,84
2019-10-08,PI,diesel_s10,87.0340,22
2019-10-08,PI,etanol,47.1060,13
2019-10-08,PI,gasolina,113.4970,24
2019-10-08,PR,diesel_s10,385.9900,109
2019-10-08,PR,etanol,429.0850,151
2019-10-08,PR,gasolina,613.6710,149
2019-10-08,RJ,diesel_s10,559.6630,146
2019-10-08,RJ,etanol,673.5290,174
2019-10-08,RJ,gasolina,860.4990,176
2019-10-08,RN,diesel_s10,102.8990,26
2019-10-08,RN,etanol,96.9790,26
2019-10-08,RN,gasolina,129.4100,28
2019-10-08,RO,diesel_s10,64.0300,16
2019-10-08,RO,etanol,34.0600,9
2019-10-08,RO,gasolina,91.6570,20
2019-10-08,RR,diesel_s10,31.8500,8
2019-10-08,RR,etanol,7.6800,2
2019-10-08,RR,gasolina,33.8800,8
2019-10-08,RS,diesel_s10,290.7230,79
2019-10-08,RS,etanol,190.4220,47
2019-10-08,RS,gasolina,417.0720,93
2019-10-08,SC,diesel_s10,309.0740,84
2019-10-08,SC,etanol,241.0510,68
2019-10-08,SC,gasolina,426.6780,106
2019-10-08,SE,diesel_s10,76.7870,20
2019-10-08,SE,etanol,68.4840,20
2019-10-08,SE,gasolina,92.2660,21
2019-10-08,SP,diesel_s10,656.0050,176
2019-10-08,SP,etanol,609.7050,225
2019-10-08,SP,gasolina,920.2710,222
2019-10-08,TO,diesel_s10,85.6650,23
2019-10-08,TO,etanol,80.3710,22
2019-10-08,TO,gasolina,109.8100,24
2019-10-09,AC,diesel_s10,79.2970,18
2019-10-09,AC,etanol,50.6080,13
2019-10-09,AC,gasolina,94.7640,20
2019-10-09,AL,diesel_s10,119.0730,30
2019-10-09,AL,etanol,123.0620,33
2019-10-09,AL,gasolina,159.7490,35
2019-10-09,AM,diesel_s10,65.4290,16
2019-10-09,AM,etanol,52.5670,15
2019-10-09,AM,gasolina,150.3960,33
2019-10-09,AP,diesel_s10,64.2050,14
2019-10-09,AP,etanol,3.5990,1
2019-10-09,AP,gasolina,90.9200,23
2019-10-09,BA,diesel_s10,563.0310,147
2019-10-09,BA,etanol,588.0000,171
2019-10-09,BA,gasolina,791.8410,172
2019-10-09,CE,diesel_s10,611.9270,155
2019-10-09,CE,etanol,540.3150,141
2019-10-09,CE,gasolina,736.6460,158
2019-10-09,DF,diesel_s10,55.0820,14
2019-10-09,DF,etanol,47.6010,15
2019-10-09,DF,gasolina,64.7140,15
2019-10-09,ES,diesel_s10,129.6310,34
2019-10-09,ES,etanol,116.7310,32
2019-10-09,ES,gasolina,182.9850,40
2019-10-09,GO,diesel_s10,436.2940,113
2019-10-09,GO,etanol,455.5850,151
2019-10-09,GO,gasolina,684.7580,150
2019-10-09,MA,diesel_s10,227.8160,61
2019-10-09,MA,etanol,109.3960,31
2019-10-09,MA,gasolina,289.8770,69
2019-10-09,MG,diesel_s10,473.6360,123
2019-10-09,MG,etanol,479.4130,160
2019-10-09,MG,gasolina,749.0270,159
2019-10-09,MS,diesel_s10,58.9330,15
2019-10-09,MS,etanol,52.9740,15
2019-10-09,MS,gasolina,72.1700,16
2019-10-09,MT,diesel_s10,284.9000,69
2019-10-09,MT,etanol,195.0520,74
2019-10-09,MT,gasolina,327.6570,72
2019-10-09,PA,diesel_s10,148.5480,37
2019-10-09,PA,etanol,80.7120,21
2019-10-09,PA,gasolina,192.0590,41
2019-10-09,PB,diesel_s10,112.1080,30
2019-10-09,PB,etanol,103.8680,31
2019-10-09,PB,gasolina,133.9500,31
2019-10-09,PE,diesel_s10,334.9900,92
2019-10-09,PE,etanol,305.7110,88
2019-10-09,PE,gasolina,436.9840,98
2019-10-09,PR,diesel_s10,185.3060,51
2019-10-09,PR,etanol,198.1060,68
2019-10-09,PR,gasolina,287.7860,67
2019-10-09,RJ,diesel_s10,578.3200,153
2019-10-09,RJ,etanol,687.0950,180
2019-10-09,RJ,gasolina,898.8360,186
2019-10-09,RN,diesel_s10,116.1100,29
2019-10-09,RN,etanol,118.9450,32
2019-10-09,RN,gasolina,147.4990,32
2019-10-09,RO,diesel_s10,84.4480,21
2019-10-09,RO,etanol,27.7280,7
2019-10-09,RO,gasolina,102.5200,22
2019-10-09,RS,diesel_s10,256.2770,68
2019-10-09,RS,etanol,115.2870,28
2019-10-09,RS,gasolina,348.6970,76
2019-10-09,SC,diesel_s10,251.9370,70
2019-10-09,SC,etanol,172.0630,49
2019-10-09,SC,gasolina,302.8380,75
2019-10-09,SE,diesel_s10,56.7620,15
2019-10-09,SE,etanol,32.3420,9
2019-10-09,SE,gasolina,65.7220,15
2019-10-09,SP,diesel_s10,2527.4820,678
2019-10-09,SP,etanol,2298.2150,852
2019-10-09,SP,gasolina,3499.0070,837
2019-10-09,TO,diesel_s10,42.9630,11
2019-10-09,TO,etanol,33.1760,9
2019-10-09,TO,gasolina,51.6620,11
2019-10-10,BA,diesel_s10,67.5430,18
2019-10-10,BA,etanol,69.2450,20
2019-10-10,BA,gasolina,94.8670,21
2019-10-10,CE,diesel_s10,125.0510,32
2019-10-10,CE,etanol,121.0230,32
2019-10-10,CE,gasolina,149.2630,32
2019-10-10,DF,diesel_s10,11.6580,3
2019-10-10,DF,etanol,19.0840,6
2019-10-10,DF,gasolina,26.3680,6
2019-10-10,ES,diesel_s10,135.7530,36
2019-10-10,ES,etanol,121.8170,34
2019-10-10,ES,gasolina,226.0460,50
2019-10-10,GO,diesel_s10,15.3180,4
2019-10-10,GO,etanol,33.8620,11
2019-10-10,GO,gasolina,50.6620,11
2019-10-10,MA,diesel_s10,3.5990,1
2019-10-10,MA,gasolina,4.0990,1
2019-10-10,MG,diesel_s10,139.1200,36
2019-10-10,MG,etanol,113.8050,39
2019-10-10,MG,gasolina,181.5130,39
2019-10-10,PE,diesel_s10,29.1840,8
2019-10-10,PE,etanol,29.7020,9
2019-10-10,PE,gasolina,38.0820,9
2019-10-10,PI,diesel_s10,124.2950,32
2019-10-10,PI,etanol,117.7980,34
2019-10-10,PI,gasolina,166.2740,36
2019-10-10,PR,diesel_s10,186.2690,52
2019-10-10,PR,etanol,162.4980,57
2019-10-10,PR,gasolina,233.0190,56
2019-10-10,RJ,diesel_s10,90.8710,24
2019-10-10,RJ,etanol,111.3500,29
2019-10-10,RJ,gasolina,139.8460,29
2019-10-10,RS,diesel_s10,93.0980,25
2019-10-10,RS,etanol,80.2330,20
2019-10-10,RS,gasolina,140.6150,32
2019-10-10,SC,diesel_s10,94.2040,27
2019-10-10,SC,etanol,52.8530,15
2019-10-10,SC,gasolina,116.6600,29
2019-10-10,SE,diesel_s10,3.7290,1
2019-10-10,SE,etanol,3.3290,1
2019-10-10,SE,gasolina,4.2990,1
2019-10-10,SP,diesel_s10,986.3280,266
2019-10-10,SP,etanol,905.7510,339
2019-10-10,SP,gasolina,1395.1790,333
2019-10-14,AC,diesel_s10,4.9500,1
2019-10-14,AC,etanol,4.5900,1
2019-10-14,AC,gasolina,5.2000,1
2019-10-14,AM,diesel_s10,41.3080,10
2019-10-14,AM,etanol,3.9500,1
2019-10-14,AM,gasolina,91.6450,20
2019-10-14,AP,diesel_s10,9.1400,2
2019-10-14,AP,gasolina,15.5790,4
2019-10-14,BA,diesel_s10,307.6200,80
2019-10-14,BA,etanol,323.1140,92
2019-10-14,BA,gasolina,438.7640,95
2019-10-14,CE,diesel_s10,173.7180,45
2019-10-14,CE,etanol,166.2080,44
2019-10-14,CE,gasolina,221.9060,48
2019-10-14,DF,diesel_s10,35.1890,9
2019-10-14,DF,etanol,37.5060,12
2019-10-14,DF,gasolina,50.7860,12
2019-10-14,ES,diesel_s10,72.3270,19
2019-10-14,ES,etanol,52.2990,14
2019-10-14,ES,gasolina,96.0200,21
2019-10-14,GO,diesel_s10,145.0540,37
2019-10-14,GO,etanol,134.7010,44
2019-10-14,GO,gasolina,193.9120,42
2019-10-14,MA,diesel_s10,173.7760,45
2019-10-14,MA,etanol,109.2540,29
2019-10-14,MA,gasolina,213.1430,47
2019-10-14,MG,diesel_s10,715.2390,184
2019-10-14,MG,etanol,686.2260,227
2019-10-14,MG,gasolina,1082.0280,228
2019-10-14,MS,diesel_s10,154.9070,40
2019-10-14,MS,etanol,147.6070,43
2019-10-14,MS,gasolina,180.0760,43
2019-10-14,MT,diesel_s10,104.3760,26
2019-10-14,MT,etanol,81.4030,33
2019-10-14,MT,gasolina,142.5390,32
2019-10-14,PA,diesel_s10,162.8330,40
2019-10-14,PA,etanol,43.8650,11
2019-10-14,PA,gasolina,203.8770,43
2019-10-14,PB,diesel_s10,41.0370,11
2019-10-14,PB,etanol,39.5330,12
2019-10-14,PB,gasolina,55.8130,13
2019-10-14,PE,diesel_s10,21.8350,6
2019-10-14,PE,etanol,19.4340,6
2019-10-14,PE,gasolina,25.6850,6
2019-10-14,PI,diesel_s10,31.1280,8
2019-10-14,PI,etanol,14.1340,4
2019-10-14,PI,gasolina,41.6860,9
2019-10-14,PR,diesel_s10,358.2850,99
2019-10-14,PR,etanol,348.1110,119
2019-10-14,PR,gasolina,492.0090,116
2019-10-14,RJ,diesel_s10,221.2840,58
2019-10-14,RJ,etanol,257.8470,66
2019-10-14,RJ,gasolina,337.4670,69
2019-10-14,RN,diesel_s10,44.0780,11
2019-10-14,RN,etanol,44.8280,12
2019-10-14,RN,gasolina,60.5180,13
2019-10-14,RO,diesel_s10,67.8150,17
2019-10-14,RO,etanol,33.5780,9
2019-10-14,RO,gasolina,68.6950,15
2019-10-14,RR,diesel_s10,15.9200,4
2019-10-14,RR,gasolina,16.9100,4
2019-10-14,RS,diesel_s10,411.4060,113
2019-10-14,RS,etanol,197.5840,49
2019-10-14,RS,gasolina,572.7920,129
2019-10-14,SC,diesel_s10,130.2440,36
2019-10-14,SC,etanol,106.5510,30
2019-10-14,SC,gasolina,170.7880,42
2019-10-14,SE,diesel_s10,38.1960,10
2019-10-14,SE,etanol,27.8170,8
2019-10-14,SE,gasolina,43.3860,10
2019-10-14,SP,diesel_s10,902.1530,243
2019-10-14,SP,etanol,825.3230,304
2019-10-14,SP,gasolina,1260.4100,304
2019-10-14,TO,diesel_s10,42.8610,11
2019-10-14,TO,etanol,22.2760,6
2019-10-14,TO,gasolina,52.1200,11
2019-10-15,AC,diesel_s10,88.6870,19
2019-10-15,AC,etanol,35.5100,9
2019-10-15,AC,gasolina,99.2860,20
2019-10-15,AL,diesel_s10,77.6050,20
2019-10-15,AL,etanol,77.3840,22
2019-10-15,AL,gasolina,107.9140,24
2019-10-15,AM,diesel_s10,111.6480,29
2019-10-15,AM,etanol,107.4750,32
2019-10-15,AM,gasolina,183.8720,43
2019-10-15,AP,diesel_s10,4.5500,1
2019-10-15,AP,gasolina,3.9900,1
2019-10-15,BA,diesel_s10,139.4410,37
2019-10-15,BA,etanol,187.5920,53
2019-10-15,BA,gasolina,237.4760,52
2019-10-15,CE,diesel_s10,155.2170,40
2019-10-15,CE,etanol,151.1170,40
2019-10-15,CE,gasolina,184.9400,40
2019-10-15,DF,diesel_s10,31.7560,8
2019-10-15,DF,etanol,25.0900,8
2019-10-15,DF,gasolina,33.8460,8
2019-10-15,ES,diesel_s10,40.6100,11
2019-10-15,ES,etanol,10.4700,3
2019-10-15,ES,gasolina,48.0900,11
2019-10-15,GO,diesel_s10,50.3500,13
2019-10-15,GO,etanol,44.6930,15
2019-10-15,GO,gasolina,67.4780,15
2019-10-15,MA,diesel_s10,40.8030,11
2019-10-15,MA,etanol,35.3450,10
2019-10-15,MA,gasolina,45.4520,11
2019-10-15,MG,diesel_s10,491.7680,127
2019-10-15,MG,etanol,518.2550,174
2019-10-15,MG,gasolina,800.4930,171
2019-10-15,MS,diesel_s10,75.7800,20
2019-10-15,MS,etanol,82.7560,25
2019-10-15,MS,gasolina,101.6640,25
2019-10-15,MT,diesel_s10,183.1750,45
2019-10-15,MT,etanol,133.2570,52
2019-10-15,MT,gasolina,230.8630,52
2019-10-15,PA,diesel_s10,110.5600,27
2019-10-15,PA,etanol,58.0830,15
2019-10-15,PA,gasolina,145.6670,31
2019-10-15,PB,diesel_s10,62.4900,17
2019-10-15,PB,etanol,60.8790,18
2019-10-15,PB,gasolina,81.6550,19
2019-10-15,PE,diesel_s10,246.4500,69
2019-10-15,PE,etanol,217.6340,63
2019-10-15,PE,gasolina,294.6450,68
2019-10-15,PI,diesel_s10,79.3120,20
2019-10-15,PI,etanol,40.2640,11
2019-10-15,PI,gasolina,99.5160,21
2019-10-15,PR,diesel_s10,431.0910,120
2019-10-15,PR,etanol,436.6190,152
2019-10-15,PR,gasolina,630.5190,151
2019-10-15,RJ,diesel_s10,435.2700,115
2019-10-15,RJ,etanol,537.8440,140
2019-10-15,RJ,gasolina,692.3020,142
2019-10-15,RN,diesel_s10,119.2280,30
2019-10-15,RN,etanol,111.9880,30
2019-10-15,RN,gasolina,153.0790,33
2019-10-15,RO,diesel_s10,39.5850,10
2019-10-15,RO,etanol,15.1800,4
2019-10-15,RO,gasolina,50.3600,11
2019-10-15,RR,diesel_s10,31.8700,8
2019-10-15,RR,etanol,7.7800,2
2019-10-15,RR,gasolina,38.1590,9
2019-10-15,RS,diesel_s10,308.6750,84
2019-10-15,RS,etanol,226.3300,56
2019-10-15,RS,gasolina,436.1200,98
2019-10-15,SC,diesel_s10,313.8500,85
2019-10-15,SC,etanol,245.7990,69
2019-10-15,SC,gasolina,435.6900,108
2019-10-15,SE,diesel_s10,19.2640,5
2019-10-15,SE,etanol,10.2390,3
2019-10-15,SE,gasolina,21.9200,5
2019-10-15,SP,diesel_s10,737.5270,199
2019-10-15,SP,etanol,694.7760,257
2019-10-15,SP,gasolina,1048.9920,254
2019-10-15,TO,diesel_s10,100.2700,27
2019-10-15,TO,etanol,94.5070,26
2019-10-15,TO,gasolina,128.1050,28
2019-10-16,AC,diesel_s10,75.5250,17
2019-10-16,AC,etanol,39.4090,10
2019-10-16,AC,gasolina,85.8540,18
2019-10-16,AL,diesel_s10,111.4810,28
2019-10-16,AL,etanol,116.1460,31
2019-10-16,AL,gasolina,146.3580,32
2019-10-16,AM,diesel_s10,25.3000,6
2019-10-16,AM,gasolina,57.2090,12
2019-10-16,AP,diesel_s10,60.5670,13
2019-10-16,AP,etanol,3.5790,1
2019-10-16,AP,gasolina,90.9910,23
2019-10-16,BA,diesel_s10,566.9660,149
2019-10-16,BA,etanol,581.4610,170
2019-10-16,BA,gasolina,785.9870,171
2019-10-16,CE,diesel_s10,498.6800,126
2019-10-16,CE,etanol,450.2640,118
2019-10-16,CE,gasolina,604.6460,130
2019-10-16,DF,diesel_s10,62.5200,16
2019-10-16,DF,etanol,65.4370,21
2019-10-16,DF,gasolina,89.5830,21
2019-10-16,ES,diesel_s10,94.3080,25
2019-10-16,ES,etanol,83.4500,23
2019-10-16,ES,gasolina,136.9190,30
2019-10-16,GO,diesel_s10,460.8040,119
2019-10-16,GO,etanol,479.0120,158
2019-10-16,GO,gasolina,718.6230,157
2019-10-16,MA,diesel_s10,205.8760,55
2019-10-16,MA,etanol,88.1200,25
2019-10-16,MA,gasolina,253.2920,60
2019-10-16,MG,diesel_s10,450.4720,117
2019-10-16,MG,etanol,453.8690,151
2019-10-16,MG,gasolina,709.8800,150
2019-10-16,MS,diesel_s10,62.8580,16
2019-10-16,MS,etanol,56.4440,16
2019-10-16,MS,gasolina,76.1700,17
2019-10-16,MT,diesel_s10,277.2790,67
2019-10-16,MT,etanol,197.0110,75
2019-10-16,MT,gasolina,331.6660,73
2019-10-16,PA,diesel_s10,160.0090,40
2019-10-16,PA,etanol,76.5520,20
2019-10-16,PA,gasolina,194.4770,42
2019-10-16,PB,diesel_s10,104.2640,28
2019-10-16,PB,etanol,93.8500,28
2019-10-16,PB,gasolina,120.8530,28
2019-10-16,PE,diesel_s10,357.8350,98
2019-10-16,PE,etanol,332.5650,96
2019-10-16,PE,gasolina,471.3290,106
2019-10-16,PI,diesel_s10,77.7360,20
2019-10-16,PI,etanol,69.2480,20
2019-10-16,PI,gasolina,96.7080,21
2019-10-16,PR,diesel_s10,180.8560,50
2019-10-16,PR,etanol,203.7820,70
2019-10-16,PR,gasolina,292.1820,69
2019-10-16,RJ,diesel_s10,559.2430,148
2019-10-16,RJ,etanol,707.6690,185
2019-10-16,RJ,gasolina,904.3160,187
2019-10-16,RN,diesel_s10,55.4130,14
2019-10-16,RN,etanol,51.7390,14
2019-10-16,RN,gasolina,72.7830,16
2019-10-16,RO,diesel_s10,119.7260,30
2019-10-16,RO,etanol,45.6970,12
2019-10-16,RO,gasolina,151.8460,33
2019-10-16,RS,diesel_s10,290.7490,78
2019-10-16,RS,etanol,175.4070,44
2019-10-16,RS,gasolina,472.2640,105
2019-10-16,SC,diesel_s10,245.5010,68
2019-10-16,SC,etanol,164.9650,47
2019-10-16,SC,gasolina,294.8060,73
2019-10-16,SE,diesel_s10,99.3640,26
2019-10-16,SE,etanol,72.5060,21
2019-10-16,SE,gasolina,114.1070,26
2019-10-16,SP,diesel_s10,2504.0670,670
2019-10-16,SP,etanol,2343.1260,866
2019-10-16,SP,gasolina,3563.4770,853
2019-10-16,TO,diesel_s10,12.7100,3
2019-10-16,TO,etanol,11.5000,3
2019-10-16,TO,gasolina,14.7700,3
2019-10-17,BA,diesel_s10,52.9750,14
2019-10-17,BA,etanol,60.0990,17
2019-10-17,BA,gasolina,81.6780,18
2019-10-17,DF,diesel_s10,11.6580,3
2019-10-17,DF,etanol,19.0840,6
2019-10-17,DF,gasolina,26.3680,6
2019-10-17,ES,diesel_s10,145.0590,38
2019-10-17,ES,etanol,134.1090,37
2019-10-17,ES,gasolina,244.5290,54
2019-10-17,GO,diesel_s10,22.9060,6
2019-10-17,GO,etanol,43.5740,14
2019-10-17,GO,gasolina,60.0040,13
2019-10-17,MA,diesel_s10,3.5990,1
2019-10-17,MA,gasolina,4.0990,1
2019-10-17,MG,diesel_s10,117.3430,30
2019-10-17,MG,etanol,113.5370,39
2019-10-17,MG,gasolina,182.0910,39
2019-10-17,PB,etanol,3.1990,1
2019-10-17,PB,gasolina,4.2390,1
2019-10-17,PE,diesel_s10,33.2660,9
2019-10-17,PE,etanol,36.2900,11
2019-10-17,PE,gasolina,46.9300,11
2019-10-17,PI,diesel_s10,46.1560,12
2019-10-17,PI,etanol,51.5730,15
2019-10-17,PI,gasolina,78.7180,17
2019-10-17,PR,diesel_s10,109.9590,31
2019-10-17,PR,etanol,98.3280,34
2019-10-17,PR,gasolina,141.8890,34
2019-10-17,RJ,diesel_s10,72.2260,19
2019-10-17,RJ,etanol,85.8950,22
2019-10-17,RJ,gasolina,107.2510,22
2019-10-17,RO,diesel_s10,27.6470,7
2019-10-17,RO,etanol,14.3600,4
2019-10-17,RO,gasolina,48.7840,11
2019-10-17,RS,diesel_s10,86.1590,23
2019-10-17,RS,etanol,80.2410,20
2019-10-17,RS,gasolina,131.7030,30
2019-10-17,SC,diesel_s10,96.9150,27
2019-10-17,SC,etanol,53.1540,15
2019-10-17,SC,gasolina,118.5580,29
2019-10-17,SE,diesel_s10,3.7290,1
2019-10-17,SE,etanol,3.3290,1
2019-10-17,SE,gasolina,4.2990,1
2019-10-17,SP,diesel_s10,666.8740,180
2019-10-17,SP,etanol,632.3580,236
2019-10-17,SP,gasolina,976.3350,233
2019-10-17,TO,diesel_s10,15.0360,4
2019-10-17,TO,etanol,7.2080,2
2019-10-17,TO,gasolina,18.3860,4
2019-10-21,AP,diesel_s10,9.1600,2
2019-10-21,AP,gasolina,15.7290,4
2019-10-21,BA,diesel_s10,312.4580,82
2019-10-21,BA,etanol,377.5140,109
2019-10-21,BA,gasolina,523.4870,114
2019-10-21,CE,diesel_s10,377.7770,96
2019-10-21,CE,etanol,310.1140,82
2019-10-21,CE,gasolina,465.1920,100
2019-10-21,ES,diesel_s10,79.3670,21
2019-10-21,ES,etanol,73.4870,20
2019-10-21,ES,gasolina,115.4370,25
2019-10-21,GO,diesel_s10,99.4040,25
2019-10-21,GO,etanol,92.8150,30
2019-10-21,GO,gasolina,130.2040,28
2019-10-21,MA,diesel_s10,31.1190,8
2019-10-21,MA,etanol,11.9800,3
2019-10-21,MA,gasolina,37.0990,8
2019-10-21,MG,diesel_s10,563.7190,145
2019-10-21,MG,etanol,570.6780,189
2019-10-21,MG,gasolina,872.2920,185
2019-10-21,MS,diesel_s10,83.9300,22
2019-10-21,MS,etanol,112.3250,33
2019-10-21,MS,gasolina,142.0650,34
2019-10-21,MT,diesel_s10,164.5470,39
2019-10-21,MT,etanol,118.1530,45
2019-10-21,MT,gasolina,202.2160,44
2019-10-21,PA,diesel_s10,154.3670,38
2019-10-21,PA,etanol,66.0130,17
2019-10-21,PA,gasolina,185.1080,39
2019-10-21,PB,diesel_s10,27.2740,7
2019-10-21,PB,etanol,22.4050,6
2019-10-21,PB,gasolina,27.3260,6
2019-10-21,PE,diesel_s10,33.3370,9
2019-10-21,PE,etanol,22.8890,6
2019-10-21,PE,gasolina,43.7880,9
2019-10-21,PR,diesel_s10,434.3120,121
2019-10-21,PR,etanol,474.2690,162
2019-10-21,PR,gasolina,669.0590,160
2019-10-21,RJ,diesel_s10,238.3550,61
2019-10-21,RJ,etanol,249.5180,63
2019-10-21,RJ,gasolina,329.6520,67
2019-10-21,RN,diesel_s10,23.5300,6
2019-10-21,RN,etanol,14.3600,4
2019-10-21,RN,gasolina,30.9600,7
2019-10-21,RO,diesel_s10,109.3550,27
2019-10-21,RO,etanol,47.3260,13
2019-10-21,RO,gasolina,145.5920,32
2019-10-21,RR,diesel_s10,7.9200,2
2019-10-21,RR,gasolina,8.4400,2
2019-10-21,RS,diesel_s10,673.0030,184
2019-10-21,RS,etanol,396.1610,99
2019-10-21,RS,gasolina,970.7920,222
2019-10-21,SC,diesel_s10,611.3730,168
2019-10-21,SC,etanol,429.1960,122
2019-10-21,SC,gasolina,751.5040,187
2019-10-21,SE,diesel_s10,18.5490,5
2019-10-21,SE,etanol,13.8900,4
2019-10-21,SE,gasolina,21.0190,5
2019-10-21,SP,diesel_s10,513.4280,136
2019-10-21,SP,etanol,483.1710,177
2019-10-21,SP,gasolina,738.9450,178
2019-10-21,TO,diesel_s10,42.9920,11
2019-10-21,TO,etanol,22.0960,6
2019-10-21,TO,gasolina,52.3210,11
2019-10-22,AC,diesel_s10,75.5000,16
2019-10-22,AC,etanol,32.7000,8
2019-10-22,AC,gasolina,85.2190,17
2019-10-22,AL,diesel_s10,95.2570,24
2019-10-22,AL,etanol,92.7890,25
2019-10-22,AL,gasolina,122.7190,27
2019-10-22,AM,diesel_s10,138.3480,35
2019-10-22,AM,etanol,123.7220,36
2019-10-22,AM,gasolina,214.1480,49
2019-10-22,BA,diesel_s10,159.6110,42
2019-10-22,BA,etanol,169.6590,49
2019-10-22,BA,gasolina,224.3690,49
2019-10-22,CE,diesel_s10,127.7230,32
2019-10-22,CE,etanol,119.2470,31
2019-10-22,CE,gasolina,159.0960,34
2019-10-22,ES,diesel_s10,56.5850,15
2019-10-22,ES,etanol,54.0260,15
2019-10-22,ES,gasolina,88.6080,20
2019-10-22,GO,diesel_s10,327.3270,84
2019-10-22,GO,etanol,373.9700,122
2019-10-22,GO,gasolina,551.9160,120
2019-10-22,MA,diesel_s10,111.4190,29
2019-10-22,MA,etanol,75.3880,20
2019-10-22,MA,gasolina,139.5050,31
2019-10-22,MG,diesel_s10,519.1220,134
2019-10-22,MG,etanol,519.8560,172
2019-10-22,MG,gasolina,799.3380,170
2019-10-22,MS,diesel_s10,143.2890,37
2019-10-22,MS,etanol,157.7130,46
2019-10-22,MS,gasolina,189.6690,45
2019-10-22,MT,diesel_s10,205.2640,50
2019-10-22,MT,etanol,138.6860,54
2019-10-22,MT,gasolina,233.3390,52
2019-10-22,PA,diesel_s10,205.1350,51
2019-10-22,PA,etanol,89.3890,23
2019-10-22,PA,gasolina,261.7230,56
2019-10-22,PB,diesel_s10,44.6060,12
2019-10-22,PB,etanol,46.2000,14
2019-10-22,PB,gasolina,68.7420,16
2019-10-22,PE,diesel_s10,120.4270,33
2019-10-22,PE,etanol,117.2130,35
2019-10-22,PE,gasolina,149.6090,35
2019-10-22,PI,diesel_s10,171.7700,44
2019-10-22,PI,etanol,121.9470,35
2019-10-22,PI,gasolina,241.0900,52
2019-10-22,PR,diesel_s10,384.7080,106
2019-10-22,PR,etanol,355.1640,119
2019-10-22,PR,gasolina,505.5430,119
2019-10-22,RJ,diesel_s10,298.0400,79
2019-10-22,RJ,etanol,379.6970,98
2019-10-22,RJ,gasolina,498.1100,103
2019-10-22,RN,diesel_s10,199.6240,50
2019-10-22,RN,etanol,190.0650,51
2019-10-22,RN,gasolina,254.8130,55
2019-10-22,RO,diesel_s10,71.5190,18
2019-10-22,RO,etanol,37.4470,10
2019-10-22,RO,gasolina,117.8350,26
2019-10-22,RR,diesel_s10,35.8700,9
2019-10-22,RR,etanol,19.2300,5
2019-10-22,RR,gasolina,38.0500,9
2019-10-22,RS,diesel_s10,177.2020,48
2019-10-22,RS,etanol,146.5400,37
2019-10-22,RS,gasolina,302.2060,68
2019-10-22,SC,diesel_s10,104.1250,28
2019-10-22,SC,etanol,107.4200,30
2019-10-22,SC,gasolina,158.6920,40
2019-10-22,SE,diesel_s10,30.7400,8
2019-10-22,SE,etanol,10.4880,3
2019-10-22,SE,gasolina,34.5000,8
2019-10-22,SP,diesel_s10,863.3640,232
2019-10-22,SP,etanol,815.0130,295
2019-10-22,SP,gasolina,1222.8290,294
2019-10-22,TO,diesel_s10,59.7810,16
2019-10-22,TO,etanol,51.9440,14
2019-10-22,TO,gasolina,78.3730,17
2019-10-23,AC,diesel_s10,88.6930,20
2019-10-23,AC,etanol,41.9680,11
2019-10-23,AC,gasolina,104.5130,22
2019-10-23,AL,diesel_s10,109.5650,28
2019-10-23,AL,etanol,103.1230,29
2019-10-23,AL,gasolina,137.2970,30
2019-10-23,AM,diesel_s10,57.1450,14
2019-10-23,AM,etanol,16.8180,5
2019-10-23,AM,gasolina,119.6460,26
2019-10-23,AP,diesel_s10,60.6480,13
2019-10-23,AP,gasolina,94.3310,24
2019-10-23,BA,diesel_s10,565.9580,149
2019-10-23,BA,etanol,592.5490,171
2019-10-23,BA,gasolina,785.8940,171
2019-10-23,CE,diesel_s10,237.4600,61
2019-10-23,CE,etanol,224.4700,60
2019-10-23,CE,gasolina,273.3320,60
2019-10-23,DF,diesel_s10,86.4800,22
2019-10-23,DF,etanol,102.0730,32
2019-10-23,DF,gasolina,136.5330,32
2019-10-23,ES,diesel_s10,136.5750,36
2019-10-23,ES,etanol,91.2650,25
2019-10-23,ES,gasolina,171.2880,38
2019-10-23,GO,diesel_s10,165.3400,43
2019-10-23,GO,etanol,151.2790,51
2019-10-23,GO,gasolina,229.4840,51
2019-10-23,MA,diesel_s10,238.7830,63
2019-10-23,MA,etanol,122.1560,34
2019-10-23,MA,gasolina,303.6410,71
2019-10-23,MG,diesel_s10,649.9870,168
2019-10-23,MG,etanol,610.1430,204
2019-10-23,MG,gasolina,964.0760,204
2019-10-23,MS,diesel_s10,23.3460,6
2019-10-23,MS,etanol,21.1560,6
2019-10-23,MS,gasolina,26.6860,6
2019-10-23,MT,diesel_s10,203.4070,51
2019-10-23,MT,etanol,151.1440,60
2019-10-23,MT,gasolina,265.2920,60
2019-10-23,PA,diesel_s10,67.2480,16
2019-10-23,PA,etanol,18.5860,5
2019-10-23,PA,gasolina,93.1410,20
2019-10-23,PB,diesel_s10,84.6520,23
2019-10-23,PB,etanol,86.4050,27
2019-10-23,PB,gasolina,114.8140,27
2019-10-23,PE,diesel_s10,344.0910,95
2019-10-23,PE,etanol,312.3020,91
2019-10-23,PE,gasolina,458.3240,104
2019-10-23,PI,diesel_s10,54.9700,14
2019-10-23,PI,etanol,34.5690,10
2019-10-23,PI,gasolina,69.4280,15
2019-10-23,PR,diesel_s10,251.9250,70
2019-10-23,PR,etanol,270.4930,93
2019-10-23,PR,gasolina,381.1190,90
2019-10-23,RJ,diesel_s10,695.5210,183
2019-10-23,RJ,etanol,877.0630,226
2019-10-23,RJ,gasolina,1105.8450,227
2019-10-23,RO,diesel_s10,55.5100,14
2019-10-23,RO,etanol,28.3690,7
2019-10-23,RO,gasolina,65.8900,14
2019-10-23,RR,diesel_s10,7.9500,2
2019-10-23,RR,gasolina,8.4700,2
2019-10-23,RS,diesel_s10,245.2720,64
2019-10-23,RS,etanol,142.2700,34
2019-10-23,RS,gasolina,332.4350,72
2019-10-23,SC,diesel_s10,83.9280,23
2019-10-23,SC,etanol,46.8350,13
2019-10-23,SC,gasolina,102.3780,25
2019-10-23,SE,diesel_s10,112.7320,29
2019-10-23,SE,etanol,93.4580,28
2019-10-23,SE,gasolina,132.2640,30
2019-10-23,SP,diesel_s10,2807.5980,753
2019-10-23,SP,etanol,2706.6190,991
2019-10-23,SP,gasolina,4069.5990,973
2019-10-23,TO,diesel_s10,66.8910,18
2019-10-23,TO,etanol,61.2850,17
2019-10-23,TO,gasolina,82.1190,18
2019-10-24,BA,diesel_s10,11.7570,3
2019-10-24,BA,etanol,9.6470,3
2019-10-24,BA,gasolina,13.6170,3
2019-10-24,CE,diesel_s10,88.7500,23
2019-10-24,CE,etanol,96.6120,26
2019-10-24,CE,gasolina,117.0100,26
2019-10-24,DF,diesel_s10,47.8400,12
2019-10-24,DF,etanol,48.4930,15
2019-10-24,DF,gasolina,64.8130,15
2019-10-24,ES,diesel_s10,104.5930,27
2019-10-24,ES,etanol,66.0240,18
2019-10-24,ES,gasolina,144.3950,32
2019-10-24,GO,diesel_s10,38.4730,10
2019-10-24,GO,etanol,79.6270,26
2019-10-24,GO,gasolina,124.1560,27
2019-10-24,MA,diesel_s10,28.7920,8
2019-10-24,MA,etanol,6.9980,2
2019-10-24,MA,gasolina,40.8300,10
2019-10-24,MG,diesel_s10,61.5500,16
2019-10-24,MG,etanol,71.0790,24
2019-10-24,MG,gasolina,116.6190,24
2019-10-24,MT,diesel_s10,4.1990,1
2019-10-24,MT,etanol,2.7890,1
2019-10-24,MT,gasolina,4.4990,1
2019-10-24,PA,diesel_s10,4.3100,1
2019-10-24,PA,gasolina,4.8900,1
2019-10-24,PB,diesel_s10,47.5810,13
2019-10-24,PB,etanol,41.2630,12
2019-10-24,PB,gasolina,56.0290,13
2019-10-24,PE,diesel_s10,142.8990,40
2019-10-24,PE,etanol,124.0780,37
2019-10-24,PE,gasolina,179.5090,42
2019-10-24,PI,diesel_s10,3.7400,1
2019-10-24,PI,etanol,3.4100,1
2019-10-24,PI,gasolina,4.5500,1
2019-10-24,PR,diesel_s10,3.5690,1
2019-10-24,PR,etanol,2.8790,1
2019-10-24,PR,gasolina,4.3790,1
2019-10-24,RJ,diesel_s10,72.2800,19
2019-10-24,RJ,etanol,91.7590,24
2019-10-24,RJ,gasolina,115.6690,24
2019-10-24,RN,diesel_s10,3.8900,1
2019-10-24,RN,etanol,3.6900,1
2019-10-24,RN,gasolina,4.5800,1
2019-10-24,RS,diesel_s10,3.7780,1
2019-10-24,RS,gasolina,4.7480,1
2019-10-24,SP,diesel_s10,571.6280,152
2019-10-24,SP,etanol,545.8030,200
2019-10-24,SP,gasolina,841.1680,198
2019-10-28,AC,diesel_s10,4.9500,1
2019-10-28,AC,gasolina,5.2000,1
2019-10-28,AL,diesel_s10,7.5890,2
2019-10-28,AL,etanol,6.8890,2
2019-10-28,AL,gasolina,8.8490,2
2019-10-28,AM,diesel_s10,38.0490,9
2019-10-28,AM,gasolina,60.2880,13
2019-10-28,AP,diesel_s10,64.1080,14
2019-10-28,AP,etanol,3.5790,1
2019-10-28,AP,gasolina,106.0720,27
2019-10-28,BA,diesel_s10,388.9020,102
2019-10-28,BA,etanol,424.6250,124
2019-10-28,BA,gasolina,576.2000,126
2019-10-28,CE,diesel_s10,440.6050,112
2019-10-28,CE,etanol,367.2380,97
2019-10-28,CE,gasolina,531.4980,115
2019-10-28,ES,diesel_s10,79.7350,21
2019-10-28,ES,etanol,76.7450,21
2019-10-28,ES,gasolina,123.3940,27
2019-10-28,GO,diesel_s10,103.2030,26
2019-10-28,GO,etanol,99.5230,32
2019-10-28,GO,gasolina,139.9830,30
2019-10-28,MA,diesel_s10,38.5590,10
2019-10-28,MA,etanol,15.1390,4
2019-10-28,MA,gasolina,45.5380,10
2019-10-28,MG,diesel_s10,603.5070,155
2019-10-28,MG,etanol,609.0870,201
2019-10-28,MG,gasolina,940.3960,199
2019-10-28,MS,diesel_s10,35.9260,9
2019-10-28,MS,etanol,36.1670,10
2019-10-28,MS,gasolina,50.1710,11
2019-10-28,MT,diesel_s10,160.7560,38
2019-10-28,MT,etanol,105.8780,40
2019-10-28,MT,gasolina,184.3470,40
2019-10-28,PA,diesel_s10,237.7140,58
2019-10-28,PA,etanol,111.2640,29
2019-10-28,PA,gasolina,278.9820,60
2019-10-28,PB,diesel_s10,34.5830,9
2019-10-28,PB,etanol,28.8540,8
2019-10-28,PB,gasolina,35.8250,8
2019-10-28,PE,diesel_s10,47.9640,13
2019-10-28,PE,etanol,36.7150,10
2019-10-28,PE,gasolina,61.9060,13
2019-10-28,PI,diesel_s10,93.7930,24
2019-10-28,PI,etanol,79.5650,23
2019-10-28,PI,gasolina,123.3950,27
2019-10-28,PR,diesel_s10,488.1190,136
2019-10-28,PR,etanol,478.5420,163
2019-10-28,PR,gasolina,676.6220,161
2019-10-28,RJ,diesel_s10,365.7640,96
2019-10-28,RJ,etanol,506.8800,132
2019-10-28,RJ,gasolina,655.3330,136
2019-10-28,RN,diesel_s10,39.7700,10
2019-10-28,RN,etanol,29.4600,8
2019-10-28,RN,gasolina,49.6400,11
2019-10-28,RO,diesel_s10,96.5680,24
2019-10-28,RO,etanol,51.6860,14
2019-10-28,RO,gasolina,114.6270,25
2019-10-28,RR,diesel_s10,39.6800,10
2019-10-28,RR,etanol,11.7000,3
2019-10-28,RR,gasolina,46.5990,11
2019-10-28,RS,diesel_s10,731.6570,199
2019-10-28,RS,etanol,417.3250,104
2019-10-28,RS,gasolina,1033.0150,235
2019-10-28,SC,diesel_s10,621.6170,170
2019-10-28,SC,etanol,453.0370,129
2019-10-28,SC,gasolina,768.1060,191
2019-10-28,SE,diesel_s10,26.3770,7
2019-10-28,SE,etanol,17.0890,5
2019-10-28,SE,gasolina,30.2620,7
2019-10-28,SP,diesel_s10,478.7750,128
2019-10-28,SP,etanol,428.1850,155
2019-10-28,SP,gasolina,647.3160,155
2019-10-28,TO,diesel_s10,46.6720,12
2019-10-28,TO,etanol,25.8860,7
2019-10-28,TO,gasolina,56.8110,12
2019-10-29,AC,diesel_s10,70.5490,15
2019-10-29,AC,etanol,28.3700,7
2019-10-29,AC,gasolina,84.8580,17
2019-10-29,AL,diesel_s10,91.9580,23
2019-10-29,AL,etanol,80.9140,22
2019-10-29,AL,gasolina,109.5300,24
2019-10-29,AM,diesel_s10,93.3500,24
2019-10-29,AM,etanol,110.7970,33
2019-10-29,AM,gasolina,166.9280,37
2019-10-29,BA,diesel_s10,134.1030,35
2019-10-29,BA,etanol,148.2460,43
2019-10-29,BA,gasolina,201.2770,44
2019-10-29,CE,diesel_s10,260.7200,67
2019-10-29,CE,etanol,254.3460,68
2019-10-29,CE,gasolina,317.2930,70
2019-10-29,ES,diesel_s10,57.1060,15
2019-10-29,ES,etanol,54.3470,15
2019-10-29,ES,gasolina,84.9580,19
2019-10-29,GO,diesel_s10,319.2890,82
2019-10-29,GO,etanol,355.8590,116
2019-10-29,GO,gasolina,524.6720,114
2019-10-29,MA,diesel_s10,107.4710,28
2019-10-29,MA,etanol,71.4890,19
2019-10-29,MA,gasolina,130.7080,29
2019-10-29,MG,diesel_s10,473.1140,122
2019-10-29,MG,etanol,503.9830,166
2019-10-29,MG,gasolina,781.5300,166
2019-10-29,MS,diesel_s10,190.1260,49
2019-10-29,MS,etanol,195.5040,57
2019-10-29,MS,gasolina,234.3310,56
2019-10-29,MT,diesel_s10,187.9750,46
2019-10-29,MT,etanol,147.5230,57
2019-10-29,MT,gasolina,237.4200,53
2019-10-29,PA,diesel_s10,172.1900,43
2019-10-29,PA,etanol,67.0050,17
2019-10-29,PA,gasolina,225.6990,48
2019-10-29,PB,diesel_s10,44.5580,12
2019-10-29,PB,etanol,45.6680,14
2019-10-29,PB,gasolina,65.4560,15
2019-10-29,PE,diesel_s10,32.2280,9
2019-10-29,PE,etanol,31.1580,9
2019-10-29,PE,gasolina,39.4770,9
2019-10-29,PI,diesel_s10,67.5930,17
2019-10-29,PI,etanol,25.7160,7
2019-10-29,PI,gasolina,99.2830,21
2019-10-29,PR,diesel_s10,387.0810,107
2019-10-29,PR,etanol,375.2150,127
2019-10-29,PR,gasolina,526.8010,125
2019-10-29,RJ,diesel_s10,154.8370,41
2019-10-29,RJ,etanol,216.6460,56
2019-10-29,RJ,gasolina,272.0610,56
2019-10-29,RN,diesel_s10,154.9560,39
2019-10-29,RN,etanol,174.0760,47
2019-10-29,RN,gasolina,231.3150,50
2019-10-29,RO,diesel_s10,67.6090,17
2019-10-29,RO,etanol,16.1470,4
2019-10-29,RO,gasolina,99.4940,22
2019-10-29,RR,diesel_s10,8.0800,2
2019-10-29,RR,etanol,3.8900,1
2019-10-29,RR,gasolina,8.4700,2
2019-10-29,RS,diesel_s10,160.9840,43
2019-10-29,RS,etanol,87.0580,21
2019-10-29,RS,gasolina,215.0110,47
2019-10-29,SC,diesel_s10,90.8810,25
2019-10-29,SC,etanol,85.6160,24
2019-10-29,SC,gasolina,138.8530,35
2019-10-29,SE,diesel_s10,27.0400,7
2019-10-29,SE,etanol,6.7980,2
2019-10-29,SE,gasolina,30.2500,7
2019-10-29,SP,diesel_s10,1123.0990,302
2019-10-29,SP,etanol,1074.7540,393
2019-10-29,SP,gasolina,1614.6980,391
2019-10-29,TO,diesel_s10,82.3650,22
2019-10-29,TO,etanol,73.5280,20
2019-10-29,TO,gasolina,106.6580,23
2019-10-30,AC,diesel_s10,52.9080,12
2019-10-30,AC,etanol,31.0990,8
2019-10-30,AC,gasolina,61.6360,13
2019-10-30,AL,diesel_s10,107.7720,28
2019-10-30,AL,etanol,105.0800,30
2019-10-30,AL,gasolina,138.3920,31
2019-10-30,AM,diesel_s10,56.7570,14
2019-10-30,AM,etanol,20.2900,6
2019-10-30,AM,gasolina,111.2680,24
2019-10-30,BA,diesel_s10,514.1450,135
2019-10-30,BA,etanol,542.5730,155
2019-10-30,BA,gasolina,719.1030,156
2019-10-30,ES,diesel_s10,151.4850,40
2019-10-30,ES,etanol,105.3360,29
2019-10-30,ES,gasolina,185.0720,41
2019-10-30,GO,diesel_s10,238.5320,62
2019-10-30,GO,etanol,211.0930,70
2019-10-30,GO,gasolina,321.9450,71
2019-10-30,MA,diesel_s10,237.9540,63
2019-10-30,MA,etanol,135.4060,38
2019-10-30,MA,gasolina,312.8420,71
2019-10-30,MG,diesel_s10,675.0700,174
2019-10-30,MG,etanol,667.9980,223
2019-10-30,MG,gasolina,1049.7520,221
2019-10-30,MS,diesel_s10,65.5740,17
2019-10-30,MS,etanol,60.9930,18
2019-10-30,MS,gasolina,74.6230,18
2019-10-30,MT,diesel_s10,212.2700,53
2019-10-30,MT,etanol,157.5640,62
2019-10-30,MT,gasolina,274.7130,62
2019-10-30,PA,diesel_s10,17.6220,4
2019-10-30,PA,gasolina,34.7570,7
2019-10-30,PB,diesel_s10,77.4640,21
2019-10-30,PB,etanol,80.8500,25
2019-10-30,PB,gasolina,107.9590,25
2019-10-30,PE,diesel_s10,425.6660,117
2019-10-30,PE,etanol,409.5700,121
2019-10-30,PE,gasolina,576.2100,132
2019-10-30,PI,diesel_s10,73.0230,19
2019-10-30,PI,etanol,53.8920,16
2019-10-30,PI,gasolina,91.4810,20
2019-10-30,PR,diesel_s10,195.1400,54
2019-10-30,PR,etanol,216.8610,74
2019-10-30,PR,gasolina,300.8950,71
2019-10-30,RJ,diesel_s10,669.8040,176
2019-10-30,RJ,etanol,845.3250,218
2019-10-30,RJ,gasolina,1067.6130,219
2019-10-30,RO,diesel_s10,84.3470,21
2019-10-30,RO,etanol,42.0560,11
2019-10-30,RO,gasolina,100.4670,22
2019-10-30,RS,diesel_s10,235.6080,62
2019-10-30,RS,etanol,167.6270,41
2019-10-30,RS,gasolina,367.0540,80
2019-10-30,SC,diesel_s10,83.8180,23
2019-10-30,SC,etanol,46.7350,13
2019-10-30,SC,gasolina,102.3490,25
2019-10-30,SE,diesel_s10,30.4420,8
2019-10-30,SE,etanol,23.6130,7
2019-10-30,SE,gasolina,35.0100,8
2019-10-30,SP,diesel_s10,2254.1150,605
2019-10-30,SP,etanol,2163.5820,790
2019-10-30,SP,gasolina,3213.9080,767
2019-10-30,TO,diesel_s10,41.4420,11
2019-10-30,TO,etanol,36.6030,10
2019-10-30,TO,gasolina,49.9240,11
2019-10-31,AC,diesel_s10,30.6600,7
2019-10-31,AC,etanol,15.4400,4
2019-10-31,AC,gasolina,37.6390,8
2019-10-31,AP,diesel_s10,4.5900,1
2019-10-31,AP,gasolina,3.9900,1
2019-10-31,BA,diesel_s10,22.9280,6
2019-10-31,BA,etanol,37.5270,11
2019-10-31,BA,gasolina,49.9070,11
2019-10-31,CE,diesel_s10,138.9380,36
2019-10-31,CE,etanol,129.9060,35
2019-10-31,CE,gasolina,158.8970,36
2019-10-31,DF,diesel_s10,138.0450,35
2019-10-31,DF,etanol,148.4790,46
2019-10-31,DF,gasolina,202.7680,47
2019-10-31,ES,diesel_s10,85.1380,22
2019-10-31,ES,etanol,47.6590,13
2019-10-31,ES,gasolina,117.3100,26
2019-10-31,GO,diesel_s10,22.8160,6
2019-10-31,GO,etanol,34.6980,11
2019-10-31,GO,gasolina,51.1880,11
2019-10-31,MA,diesel_s10,32.5820,9
2019-10-31,MA,etanol,6.7980,2
2019-10-31,MA,gasolina,41.5710,10
2019-10-31,MT,diesel_s10,4.1990,1
2019-10-31,MT,etanol,2.7890,1
2019-10-31,MT,gasolina,4.5990,1
2019-10-31,PA,diesel_s10,4.3100,1
2019-10-31,PA,gasolina,4.8900,1
2019-10-31,PB,diesel_s10,47.8010,13
2019-10-31,PB,etanol,40.8630,12
2019-10-31,PB,gasolina,55.8790,13
2019-10-31,PE,diesel_s10,124.6220,35
2019-10-31,PE,etanol,107.9360,32
2019-10-31,PE,gasolina,154.0230,36
2019-10-31,PR,diesel_s10,40.4000,11
2019-10-31,PR,etanol,34.5800,11
2019-10-31,PR,gasolina,48.9000,11
2019-10-31,RJ,diesel_s10,22.5940,6
2019-10-31,RJ,etanol,38.2460,10
2019-10-31,RJ,gasolina,48.3800,10
2019-10-31,RN,diesel_s10,3.8900,1
2019-10-31,RN,etanol,3.6900,1
2019-10-31,RN,gasolina,4.5800,1
2019-10-31,RS,diesel_s10,3.7780,1
2019-10-31,RS,gasolina,4.7480,1
2019-10-31,SE,diesel_s10,78.5270,20
2019-10-31,SE,etanol,62.1970,19
2019-10-31,SE,gasolina,92.6240,21
2019-10-31,SP,diesel_s10,941.3230,251
2019-10-31,SP,etanol,886.7540,325
2019-10-31,SP,gasolina,1363.2450,322
2019-11-04,AL,diesel_s10,70.9870,18
2019-11-04,AL,etanol,63.6690,18
2019-11-04,AL,gasolina,92.4100,20
2019-11-04,AM,diesel_s10,11.9970,3
2019-11-04,AM,gasolina,24.8400,6
2019-11-04,AP,diesel_s10,9.1600,2
2019-11-04,AP,gasolina,27.9190,7
2019-11-04,BA,diesel_s10,487.3410,128
2019-11-04,BA,etanol,524.7950,154
2019-11-04,BA,gasolina,710.8940,155
2019-11-04,CE,diesel_s10,23.7580,6
2019-11-04,CE,etanol,22.6270,6
2019-11-04,CE,gasolina,27.1870,6
2019-11-04,ES,diesel_s10,116.9740,31
2019-11-04,ES,etanol,84.2560,23
2019-11-04,ES,gasolina,181.4360,40
2019-11-04,GO,diesel_s10,250.2640,64
2019-11-04,GO,etanol,227.2930,74
2019-11-04,GO,gasolina,332.5050,72
2019-11-04,MA,diesel_s10,72.5830,19
2019-11-04,MA,etanol,38.1680,10
2019-11-04,MA,gasolina,81.5280,18
2019-11-04,MG,diesel_s10,585.2680,150
2019-11-04,MG,etanol,577.4830,189
2019-11-04,MG,gasolina,902.7590,190
2019-11-04,MS,diesel_s10,58.2460,15
2019-11-04,MS,etanol,51.9980,15
2019-11-04,MS,gasolina,68.4260,16
2019-11-04,MT,diesel_s10,246.9730,60
2019-11-04,MT,etanol,188.0740,72
2019-11-04,MT,gasolina,320.7020,71
2019-11-04,PA,diesel_s10,85.9970,21
2019-11-04,PA,etanol,30.2050,8
2019-11-04,PA,gasolina,112.9640,24
2019-11-04,PB,diesel_s10,22.8690,6
2019-11-04,PB,etanol,17.1690,5
2019-11-04,PB,gasolina,26.4590,6
2019-11-04,PE,diesel_s10,10.9780,3
2019-11-04,PE,etanol,7.2390,2
2019-11-04,PE,gasolina,14.2780,3
2019-11-04,PI,diesel_s10,23.3720,6
2019-11-04,PI,etanol,13.9830,4
2019-11-04,PI,gasolina,27.5510,6
2019-11-04,PR,diesel_s10,526.1020,145
2019-11-04,PR,etanol,524.3980,178
2019-11-04,PR,gasolina,744.4270,177
2019-11-04,RJ,diesel_s10,311.7120,82
2019-11-04,RJ,etanol,400.8800,104
2019-11-04,RJ,gasolina,531.8470,110
2019-11-04,RN,diesel_s10,105.1960,26
2019-11-04,RN,etanol,89.9460,24
2019-11-04,RN,gasolina,116.8260,25
2019-11-04,RO,diesel_s10,103.9490,26
2019-11-04,RO,etanol,49.8660,14
2019-11-04,RO,gasolina,137.7230,31
2019-11-04,RR,diesel_s10,7.9800,2
2019-11-04,RR,etanol,3.7900,1
2019-11-04,RR,gasolina,8.4700,2
2019-11-04,RS,diesel_s10,231.8870,62
2019-11-04,RS,etanol,136.2960,33
2019-11-04,RS,gasolina,311.8650,69
2019-11-04,SC,diesel_s10,241.1250,65
2019-11-04,SC,etanol,199.8720,56
2019-11-04,SC,gasolina,329.4370,81
2019-11-04,SE,diesel_s10,53.0180,14
2019-11-04,SE,etanol,27.6060,8
2019-11-04,SE,gasolina,59.8180,14
2019-11-04,SP,diesel_s10,826.5830,223
2019-11-04,SP,etanol,762.3050,274
2019-11-04,SP,gasolina,1134.8570,273
2019-11-04,TO,diesel_s10,95.4140,25
2019-11-04,TO,etanol,69.6880,19
2019-11-04,TO,gasolina,116.5920,25
2019-11-05,AC,diesel_s10,17.7390,4
2019-11-05,AC,etanol,8.0000,2
2019-11-05,AC,gasolina,19.0490,4
2019-11-05,AM,diesel_s10,141.2060,36
2019-11-05,AM,etanol,143.4050,42
2019-11-05,AM,gasolina,252.8180,55
2019-11-05,BA,diesel_s10,109.6500,28
2019-11-05,BA,etanol,107.7960,30
2019-11-05,BA,gasolina,134.5270,29
2019-11-05,CE,diesel_s10,337.8860,86
2019-11-05,CE,etanol,298.4940,79
2019-11-05,CE,gasolina,417.2960,92
2019-11-05,ES,diesel_s10,60.0620,16
2019-11-05,ES,etanol,49.9820,14
2019-11-05,ES,gasolina,76.1720,17
2019-11-05,GO,diesel_s10,139.8790,36
2019-11-05,GO,etanol,176.6880,58
2019-11-05,GO,gasolina,256.6380,56
2019-11-05,MA,diesel_s10,104.3930,27
2019-11-05,MA,etanol,75.0180,20
2019-11-05,MA,gasolina,131.6310,29
2019-11-05,MG,diesel_s10,589.5180,152
2019-11-05,MG,etanol,607.6440,200
2019-11-05,MG,gasolina,942.8650,200
2019-11-05,MS,diesel_s10,146.9900,38
2019-11-05,MS,etanol,158.8060,46
2019-11-05,MS,gasolina,190.6210,45
2019-11-05,MT,diesel_s10,244.9610,59
2019-11-05,MT,etanol,177.5120,67
2019-11-05,MT,gasolina,293.6940,65
2019-11-05,PA,diesel_s10,216.0940,53
2019-11-05,PA,etanol,100.8000,26
2019-11-05,PA,gasolina,271.3490,58
2019-11-05,PB,diesel_s10,101.1370,27
2019-11-05,PB,etanol,92.1870,27
2019-11-05,PB,gasolina,118.4210,27
2019-11-05,PE,diesel_s10,553.5480,152
2019-11-05,PE,etanol,509.1090,149
2019-11-05,PE,gasolina,698.5710,159
2019-11-05,PI,diesel_s10,79.2120,20
2019-11-05,PI,etanol,29.2150,8
2019-11-05,PI,gasolina,112.9630,24
2019-11-05,PR,diesel_s10,337.8740,94
2019-11-05,PR,etanol,378.8460,127
2019-11-05,PR,gasolina,525.3370,124
2019-11-05,RJ,diesel_s10,307.2360,81
2019-11-05,RJ,etanol,409.7600,105
2019-11-05,RJ,gasolina,508.9740,105
2019-11-05,RN,diesel_s10,66.2900,17
2019-11-05,RN,etanol,55.4590,15
2019-11-05,RN,gasolina,77.8790,17
2019-11-05,RO,diesel_s10,96.2410,24
2019-11-05,RO,etanol,44.5360,11
2019-11-05,RO,gasolina,111.5480,24
2019-11-05,RR,diesel_s10,43.4580,11
2019-11-05,RR,gasolina,46.4380,11
2019-11-05,RS,diesel_s10,289.5910,78
2019-11-05,RS,etanol,188.3730,47
2019-11-05,RS,gasolina,431.0150,94
2019-11-05,SC,diesel_s10,229.1330,62
2019-11-05,SC,etanol,194.7530,54
2019-11-05,SC,gasolina,305.0510,72
2019-11-05,SE,diesel_s10,26.7330,7
2019-11-05,SE,etanol,19.8130,6
2019-11-05,SE,gasolina,30.6780,7
2019-11-05,SP,diesel_s10,878.5610,236
2019-11-05,SP,etanol,846.4450,307
2019-11-05,SP,gasolina,1273.2180,306
2019-11-05,TO,diesel_s10,38.3070,10
2019-11-05,TO,etanol,33.5570,9
2019-11-05,TO,gasolina,50.9070,11
2019-11-06,AC,diesel_s10,102.0910,23
2019-11-06,AC,etanol,58.2670,15
2019-11-06,AC,gasolina,118.6710,25
2019-11-06,AL,diesel_s10,106.8270,27
2019-11-06,AL,etanol,111.3820,31
2019-11-06,AL,gasolina,142.1500,31
2019-11-06,AM,diesel_s10,12.8500,3
2019-11-06,AM,gasolina,34.9290,7
2019-11-06,AP,diesel_s10,61.5970,13
2019-11-06,AP,gasolina,83.5070,21
2019-11-06,BA,diesel_s10,403.3550,107
2019-11-06,BA,etanol,451.9670,132
2019-11-06,BA,gasolina,628.8050,138
2019-11-06,CE,diesel_s10,323.9730,82
2019-11-06,CE,etanol,286.7690,76
2019-11-06,CE,gasolina,378.7260,83
2019-11-06,DF,diesel_s10,137.6850,35
2019-11-06,DF,etanol,141.5330,44
2019-11-06,DF,gasolina,201.8070,47
2019-11-06,ES,diesel_s10,41.3500,11
2019-11-06,ES,etanol,10.4700,3
2019-11-06,ES,gasolina,48.6300,11
2019-11-06,GO,diesel_s10,221.0480,57
2019-11-06,GO,etanol,207.4590,67
2019-11-06,GO,gasolina,308.0440,67
2019-11-06,MA,diesel_s10,237.1670,63
2019-11-06,MA,etanol,139.3280,39
2019-11-06,MA,gasolina,309.1930,70
2019-11-06,MG,diesel_s10,444.8240,115
2019-11-06,MG,etanol,412.3500,137
2019-11-06,MG,gasolina,632.9290,134
2019-11-06,MS,diesel_s10,76.5590,20
2019-11-06,MS,etanol,78.0380,23
2019-11-06,MS,gasolina,95.2410,23
2019-11-06,MT,diesel_s10,66.2040,17
2019-11-06,MT,etanol,47.1250,19
2019-11-06,MT,gasolina,84.3640,19
2019-11-06,PA,diesel_s10,105.9930,26
2019-11-06,PA,etanol,50.4490,13
2019-11-06,PA,gasolina,124.8800,27
2019-11-06,PB,diesel_s10,44.1170,12
2019-11-06,PB,etanol,44.4680,14
2019-11-06,PB,gasolina,65.6080,15
2019-11-06,PE,diesel_s10,35.6340,10
2019-11-06,PE,etanol,33.2240,10
2019-11-06,PE,gasolina,42.3920,10
2019-11-06,PI,diesel_s10,58.2990,15
2019-11-06,PI,etanol,47.9080,14
2019-11-06,PI,gasolina,72.5630,16
2019-11-06,PR,diesel_s10,161.6710,45
2019-11-06,PR,etanol,175.9160,59
2019-11-06,PR,gasolina,240.3360,57
2019-11-06,RJ,diesel_s10,418.1480,110
2019-11-06,RJ,etanol,545.1920,139
2019-11-06,RJ,gasolina,694.2210,142
2019-11-06,RN,diesel_s10,63.4600,16
2019-11-06,RN,etanol,59.0490,16
2019-11-06,RN,gasolina,82.0380,18
2019-11-06,RO,diesel_s10,36.4420,9
2019-11-06,RO,etanol,18.7590,5
2019-11-06,RO,gasolina,41.2120,9
2019-11-06,RS,diesel_s10,307.8430,82
2019-11-06,RS,etanol,192.2630,47
2019-11-06,RS,gasolina,477.5080,105
2019-11-06,SC,diesel_s10,166.8710,46
2019-11-06,SC,etanol,97.5720,27
2019-11-06,SC,gasolina,194.1850,47
2019-11-06,SE,diesel_s10,86.1720,22
2019-11-06,SE,etanol,60.2320,19
2019-11-06,SE,gasolina,97.9840,22
2019-11-06,SP,diesel_s10,2283.2130,613
2019-11-06,SP,etanol,2165.8490,787
2019-11-06,SP,gasolina,3246.6380,776
2019-11-06,TO,diesel_s10,37.1760,10
2019-11-06,TO,etanol,35.6600,10
2019-11-06,TO,gasolina,46.9060,10
2019-11-07,AC,diesel_s10,44.5500,9
2019-11-07,AC,etanol,9.1800,2
2019-11-07,AC,gasolina,50.7600,10
2019-11-07,AL,diesel_s10,23.6760,6
2019-11-07,AL,etanol,18.5460,5
2019-11-07,AL,gasolina,26.8130,6
2019-11-07,AM,diesel_s10,16.7880,4
2019-11-07,AM,gasolina,33.8660,7
2019-11-07,BA,diesel_s10,34.8380,9
2019-11-07,BA,etanol,49.3600,14
2019-11-07,BA,gasolina,63.5900,14
2019-11-07,CE,diesel_s10,137.2430,36
2019-11-07,CE,etanol,132.2390,36
2019-11-07,CE,gasolina,161.3970,37
2019-11-07,ES,diesel_s10,149.8270,39
2019-11-07,ES,etanol,128.0490,35
2019-11-07,ES,gasolina,207.4820,46
2019-11-07,GO,diesel_s10,80.1640,21
2019-11-07,GO,etanol,100.2440,32
2019-11-07,GO,gasolina,148.1340,32
2019-11-07,MA,diesel_s10,11.4680,3
2019-11-07,MA,etanol,3.8990,1
2019-11-07,MA,gasolina,13.3880,3
2019-11-07,MG,diesel_s10,172.3810,45
2019-11-07,MG,etanol,183.4820,61
2019-11-07,MG,gasolina,286.3430,60
2019-11-07,MS,diesel_s10,3.9990,1
2019-11-07,MS,etanol,3.7090,1
2019-11-07,MS,gasolina,4.4990,1
2019-11-07,MT,diesel_s10,3.8550,1
2019-11-07,MT,etanol,2.4770,1
2019-11-07,MT,gasolina,4.4770,1
2019-11-07,PA,diesel_s10,27.9590,7
2019-11-07,PA,etanol,12.0900,3
2019-11-07,PA,gasolina,34.3990,7
2019-11-07,PB,diesel_s10,47.9550,13
2019-11-07,PB,etanol,45.4560,14
2019-11-07,PB,gasolina,61.2840,14
2019-11-07,PE,diesel_s10,58.9590,16
2019-11-07,PE,etanol,62.2340,19
2019-11-07,PE,gasolina,80.7640,19
2019-11-07,PI,diesel_s10,84.2580,22
2019-11-07,PI,etanol,70.8210,21
2019-11-07,PI,gasolina,99.2170,22
2019-11-07,PR,diesel_s10,29.1200,8
2019-11-07,PR,etanol,33.5500,11
2019-11-07,PR,gasolina,48.0700,11
2019-11-07,RJ,diesel_s10,186.4820,48
2019-11-07,RJ,etanol,234.2800,59
2019-11-07,RJ,gasolina,296.1040,60
2019-11-07,RO,diesel_s10,31.8500,8
2019-11-07,RO,etanol,11.9800,3
2019-11-07,RO,gasolina,36.9900,8
2019-11-07,RS,diesel_s10,308.7980,83
2019-11-07,RS,etanol,196.9610,48
2019-11-07,RS,gasolina,435.8000,96
2019-11-07,SC,diesel_s10,177.1510,48
2019-11-07,SC,etanol,123.6750,35
2019-11-07,SC,gasolina,209.0040,52
2019-11-07,SP,diesel_s10,876.8260,233
2019-11-07,SP,etanol,817.1910,294
2019-11-07,SP,gasolina,1226.2160,289
2019-11-11,AL,diesel_s10,70.9620,18
2019-11-11,AL,etanol,63.4990,18
2019-11-11,AL,gasolina,92.4100,20
2019-11-11,AM,diesel_s10,84.7680,21
2019-11-11,AM,etanol,36.9790,11
2019-11-11,AM,gasolina,140.2210,31
2019-11-11,AP,diesel_s10,9.1600,2
2019-11-11,AP,gasolina,16.0400,4
2019-11-11,BA,diesel_s10,527.9960,138
2019-11-11,BA,etanol,539.7610,158
2019-11-11,BA,gasolina,725.7400,158
2019-11-11,CE,diesel_s10,131.5960,34
2019-11-11,CE,etanol,114.0580,31
2019-11-11,CE,gasolina,156.2530,35
2019-11-11,ES,diesel_s10,95.1950,25
2019-11-11,ES,etanol,79.0370,21
2019-11-11,ES,gasolina,138.5880,30
2019-11-11,GO,diesel_s10,258.4530,66
2019-11-11,GO,etanol,230.5220,75
2019-11-11,GO,gasolina,342.0740,74
2019-11-11,MA,diesel_s10,80.4630,21
2019-11-11,MA,etanol,45.4580,12
2019-11-11,MA,gasolina,90.6390,20
2019-11-11,MG,diesel_s10,563.8420,145
2019-11-11,MG,etanol,589.7150,192
2019-11-11,MG,gasolina,911.9450,192
2019-11-11,MS,diesel_s10,171.1450,45
2019-11-11,MS,etanol,206.2130,61
2019-11-11,MS,gasolina,251.1380,61
2019-11-11,MT,diesel_s10,250.3310,61
2019-11-11,MT,etanol,197.0170,74
2019-11-11,MT,gasolina,330.9210,73
2019-11-11,PA,diesel_s10,111.7850,27
2019-11-11,PA,etanol,41.9240,11
2019-11-11,PA,gasolina,147.2620,31
2019-11-11,PB,diesel_s10,29.8990,8
2019-11-11,PB,etanol,29.4980,9
2019-11-11,PB,gasolina,43.5870,10
2019-11-11,PE,diesel_s10,50.9380,14
2019-11-11,PE,etanol,43.2500,13
2019-11-11,PE,gasolina,70.4080,16
2019-11-11,PI,diesel_s10,7.9390,2
2019-11-11,PI,etanol,3.6000,1
2019-11-11,PI,gasolina,9.0880,2
2019-11-11,PR,diesel_s10,390.6220,108
2019-11-11,PR,etanol,350.4180,118
2019-11-11,PR,gasolina,498.8180,119
2019-11-11,RJ,diesel_s10,317.2380,83
2019-11-11,RJ,etanol,403.3820,103
2019-11-11,RJ,gasolina,505.3830,104
2019-11-11,RN,diesel_s10,15.8800,4
2019-11-11,RN,etanol,11.2390,3
2019-11-11,RN,gasolina,18.3300,4
2019-11-11,RO,diesel_s10,44.1760,11
2019-11-11,RO,etanol,18.4480,5
2019-11-11,RO,gasolina,50.6350,11
2019-11-11,RR,diesel_s10,15.9600,4
2019-11-11,RR,etanol,3.7900,1
2019-11-11,RR,gasolina,16.8700,4
2019-11-11,RS,diesel_s10,190.5340,51
2019-11-11,RS,etanol,90.7360,22
2019-11-11,RS,gasolina,257.7340,57
2019-11-11,SC,diesel_s10,199.1110,54
2019-11-11,SC,etanol,135.0650,38
2019-11-11,SC,gasolina,279.4860,68
2019-11-11,SE,diesel_s10,53.3170,14
2019-11-11,SE,etanol,26.8050,8
2019-11-11,SE,gasolina,60.0610,14
2019-11-11,SP,diesel_s10,773.7200,209
2019-11-11,SP,etanol,742.0260,265
2019-11-11,SP,gasolina,1098.7520,264
2019-11-11,TO,diesel_s10,99.2630,26
2019-11-11,TO,etanol,73.4870,20
2019-11-11,TO,gasolina,121.5820,26
2019-11-12,AC,diesel_s10,75.3550,17
2019-11-12,AC,etanol,34.6190,9
2019-11-12,AC,gasolina,80.7830,17
2019-11-12,AM,diesel_s10,98.2370,25
2019-11-12,AM,etanol,87.1450,26
2019-11-12,AM,gasolina,146.5290,32
2019-11-12,AP,diesel_s10,70.6770,15
2019-11-12,AP,gasolina,94.9400,24
2019-11-12,BA,diesel_s10,232.7780,61
2019-11-12,BA,etanol,231.4940,67
2019-11-12,BA,gasolina,291.6330,64
2019-11-12,CE,diesel_s10,301.4650,77
2019-11-12,CE,etanol,255.8420,68
2019-11-12,CE,gasolina,362.5890,80
2019-11-12,DF,diesel_s10,15.7660,4
2019-11-12,DF,etanol,15.8060,5
2019-11-12,DF,gasolina,21.4950,5
2019-11-12,ES,diesel_s10,37.0400,10
2019-11-12,ES,etanol,37.5790,11
2019-11-12,ES,gasolina,66.2290,15
2019-11-12,GO,diesel_s10,166.7450,43
2019-11-12,GO,etanol,207.2840,68
2019-11-12,GO,gasolina,315.8030,69
2019-11-12,MA,diesel_s10,93.3450,24
2019-11-12,MA,etanol,64.3210,17
2019-11-12,MA,gasolina,113.9150,25
2019-11-12,MG,diesel_s10,529.0330,136
2019-11-12,MG,etanol,548.0800,180
2019-11-12,MG,gasolina,845.5820,179
2019-11-12,MS,diesel_s10,59.9910,15
2019-11-12,MS,etanol,69.2290,19
2019-11-12,MS,gasolina,89.9230,20
2019-11-12,MT,diesel_s10,243.6010,59
2019-11-12,MT,etanol,174.1170,65
2019-11-12,MT,gasolina,285.4120,63
2019-11-12,PA,diesel_s10,223.6840,55
2019-11-12,PA,etanol,118.6650,31
2019-11-12,PA,gasolina,281.5420,61
2019-11-12,PB,diesel_s10,108.0350,29
2019-11-12,PB,etanol,95.4200,28
2019-11-12,PB,gasolina,126.6150,29
2019-11-12,PE,diesel_s10,528.3530,145
2019-11-12,PE,etanol,502.4970,147
2019-11-12,PE,gasolina,676.4660,154
2019-11-12,PI,diesel_s10,83.4020,21
2019-11-12,PI,etanol,29.4750,8
2019-11-12,PI,gasolina,117.9130,25
2019-11-12,PR,diesel_s10,501.8470,139
2019-11-12,PR,etanol,558.0030,187
2019-11-12,PR,gasolina,776.5820,183
2019-11-12,RJ,diesel_s10,275.7870,73
2019-11-12,RJ,etanol,375.9700,97
2019-11-12,RJ,gasolina,468.7450,97
2019-11-12,RN,diesel_s10,130.7380,33
2019-11-12,RN,etanol,152.0260,41
2019-11-12,RN,gasolina,189.6340,41
2019-11-12,RO,diesel_s10,124.0790,31
2019-11-12,RO,etanol,59.7040,16
2019-11-12,RO,gasolina,148.4250,33
2019-11-12,RR,diesel_s10,31.6600,8
2019-11-12,RR,etanol,15.4400,4
2019-11-12,RR,gasolina,33.8300,8
2019-11-12,RS,diesel_s10,293.5260,79
2019-11-12,RS,etanol,198.5320,49
2019-11-12,RS,gasolina,438.0080,96
2019-11-12,SC,diesel_s10,221.1300,60
2019-11-12,SC,etanol,171.9400,48
2019-11-12,SC,gasolina,288.7340,68
2019-11-12,SE,diesel_s10,89.1570,23
2019-11-12,SE,etanol,82.1550,26
2019-11-12,SE,gasolina,118.6010,27
2019-11-12,SP,diesel_s10,888.4500,239
2019-11-12,SP,etanol,924.0030,333
2019-11-12,SP,gasolina,1377.5310,331
2019-11-12,TO,diesel_s10,57.0920,15
2019-11-12,TO,etanol,51.3520,14
2019-11-12,TO,gasolina,74.5020,16
2019-11-13,AC,diesel_s10,48.5670,11
2019-11-13,AC,etanol,23.4690,6
2019-11-13,AC,gasolina,56.7970,12
2019-11-13,AL,diesel_s10,99.4200,25
2019-11-13,AL,etanol,98.2950,27
2019-11-13,AL,gasolina,137.3120,30
2019-11-13,AM,diesel_s10,8.5000,2
2019-11-13,AM,gasolina,29.9390,6
2019-11-13,BA,diesel_s10,323.4400,85
2019-11-13,BA,etanol,356.6510,103
2019-11-13,BA,gasolina,500.4960,109
2019-11-13,CE,diesel_s10,396.0800,101
2019-11-13,CE,etanol,355.1770,95
2019-11-13,CE,gasolina,453.5790,101
2019-11-13,DF,diesel_s10,11.7360,3
2019-11-13,DF,etanol,9.6860,3
2019-11-13,DF,gasolina,17.1760,4
2019-11-13,ES,diesel_s10,158.1410,42
2019-11-13,ES,etanol,117.2130,33
2019-11-13,ES,gasolina,204.3160,46
2019-11-13,GO,diesel_s10,179.1520,46
2019-11-13,GO,etanol,169.5900,55
2019-11-13,GO,gasolina,252.0630,55
2019-11-13,MA,diesel_s10,161.4850,43
2019-11-13,MA,etanol,103.1670,29
2019-11-13,MA,gasolina,215.4140,49
2019-11-13,MG,diesel_s10,546.3240,141
2019-11-13,MG,etanol,556.5130,184
2019-11-13,MG,gasolina,869.2830,182
2019-11-13,MS,diesel_s10,15.4160,4
2019-11-13,MS,etanol,14.0970,4
2019-11-13,MS,gasolina,17.6570,4
2019-11-13,MT,diesel_s10,61.3290,16
2019-11-13,MT,etanol,49.4470,20
2019-11-13,MT,gasolina,87.9020,20
2019-11-13,PA,diesel_s10,68.4200,17
2019-11-13,PA,etanol,16.4470,4
2019-11-13,PA,gasolina,79.6580,17
2019-11-13,PB,diesel_s10,22.1670,6
2019-11-13,PB,etanol,25.4460,8
2019-11-13,PB,gasolina,34.9950,8
2019-11-13,PE,diesel_s10,50.6300,14
2019-11-13,PE,etanol,46.1700,14
2019-11-13,PE,gasolina,59.3840,14
2019-11-13,PI,diesel_s10,150.0660,39
2019-11-13,PI,etanol,118.0550,35
2019-11-13,PI,gasolina,184.2470,41
2019-11-13,PR,diesel_s10,184.8410,51
2019-11-13,PR,etanol,184.3080,61
2019-11-13,PR,gasolina,252.0180,59
2019-11-13,RJ,diesel_s10,410.1260,108
2019-11-13,RJ,etanol,514.0740,131
2019-11-13,RJ,gasolina,659.7210,135
2019-11-13,RN,diesel_s10,55.5200,14
2019-11-13,RN,etanol,51.6390,14
2019-11-13,RN,gasolina,73.1090,16
2019-11-13,RO,diesel_s10,56.6860,14
2019-11-13,RO,etanol,30.0580,8
2019-11-13,RO,gasolina,81.5930,18
2019-11-13,RR,diesel_s10,3.9900,1
2019-11-13,RR,gasolina,4.2500,1
2019-11-13,RS,diesel_s10,300.8680,80
2019-11-13,RS,etanol,180.0680,44
2019-11-13,RS,gasolina,454.6370,100
2019-11-13,SC,diesel_s10,205.3580,56
2019-11-13,SC,etanol,127.4330,35
2019-11-13,SC,gasolina,260.8170,63
2019-11-13,SE,diesel_s10,7.8280,2
2019-11-13,SE,etanol,3.0880,1
2019-11-13,SE,gasolina,9.2430,2
2019-11-13,SP,diesel_s10,2254.0970,603
2019-11-13,SP,etanol,2119.3810,765
2019-11-13,SP,gasolina,3157.2840,751
2019-11-13,TO,diesel_s10,15.2590,4
2019-11-13,TO,etanol,14.6490,4
2019-11-13,TO,gasolina,18.8780,4
2019-11-14,AC,diesel_s10,44.5500,9
2019-11-14,AC,etanol,9.1800,2
2019-11-14,AC,gasolina,50.7600,10
2019-11-14,AL,diesel_s10,23.6760,6
2019-11-14,AL,etanol,18.5460,5
2019-11-14,AL,gasolina,26.8230,6
2019-11-14,AM,diesel_s10,12.7380,3
2019-11-14,AM,gasolina,29.0160,6
2019-11-14,BA,diesel_s10,11.0000,3
2019-11-14,BA,etanol,13.6500,4
2019-11-14,BA,gasolina,17.9400,4
2019-11-14,CE,diesel_s10,7.7300,2
2019-11-14,CE,etanol,7.3800,2
2019-11-14,CE,gasolina,8.6400,2
2019-11-14,DF,diesel_s10,102.3890,26
2019-11-14,DF,etanol,115.9810,36
2019-11-14,DF,gasolina,162.9150,38
2019-11-14,ES,diesel_s10,81.2150,21
2019-11-14,ES,etanol,61.9450,17
2019-11-14,ES,gasolina,117.8650,26
2019-11-14,GO,diesel_s10,80.0450,21
2019-11-14,GO,etanol,94.4350,30
2019-11-14,GO,gasolina,139.4260,30
2019-11-14,MA,diesel_s10,90.0090,24
2019-11-14,MA,etanol,39.6600,11
2019-11-14,MA,gasolina,114.9780,26
2019-11-14,MG,diesel_s10,103.5500,27
2019-11-14,MG,etanol,106.2020,35
2019-11-14,MG,gasolina,160.0530,34
2019-11-14,MS,diesel_s10,3.9990,1
2019-11-14,MS,etanol,3.7090,1
2019-11-14,MS,gasolina,4.4990,1
2019-11-14,PA,diesel_s10,27.9590,7
2019-11-14,PA,etanol,12.0900,3
2019-11-14,PA,gasolina,34.3990,7
2019-11-14,PB,diesel_s10,48.0950,13
2019-11-14,PB,etanol,48.6060,15
2019-11-14,PB,gasolina,65.5150,15
2019-11-14,PE,diesel_s10,18.6860,5
2019-11-14,PE,etanol,20.1150,6
2019-11-14,PE,gasolina,30.1440,7
2019-11-14,PR,diesel_s10,18.0100,5
2019-11-14,PR,etanol,23.7400,8
2019-11-14,PR,gasolina,34.6700,8
2019-11-14,RJ,diesel_s10,246.7170,64
2019-11-14,RJ,etanol,322.4790,82
2019-11-14,RJ,gasolina,408.1610,83
2019-11-14,RO,diesel_s10,35.6000,9
2019-11-14,RO,etanol,11.8590,3
2019-11-14,RO,gasolina,41.0290,9
2019-11-14,RS,diesel_s10,361.5790,97
2019-11-14,RS,etanol,229.7450,56
2019-11-14,RS,gasolina,504.4600,111
2019-11-14,SC,diesel_s10,177.1510,48
2019-11-14,SC,etanol,123.7150,35
2019-11-14,SC,gasolina,208.9950,52
2019-11-14,SP,diesel_s10,879.3840,234
2019-11-14,SP,etanol,834.7330,300
2019-11-14,SP,gasolina,1253.9000,296
2019-11-18,AM,diesel_s10,58.6350,14
2019-11-18,AM,etanol,15.8400,4
2019-11-18,AM,gasolina,113.1470,25
2019-11-18,AP,diesel_s10,9.1600,2
2019-11-18,AP,gasolina,16.0400,4
2019-11-18,BA,diesel_s10,157.7570,41
2019-11-18,BA,etanol,173.6040,50
2019-11-18,BA,gasolina,234.4530,51
2019-11-18,CE,diesel_s10,78.5240,20
2019-11-18,CE,etanol,64.4660,17
2019-11-18,CE,gasolina,88.6100,20
2019-11-18,ES,diesel_s10,64.5480,17
2019-11-18,ES,etanol,56.3480,15
2019-11-18,ES,gasolina,101.8200,22
2019-11-18,GO,diesel_s10,99.0090,25
2019-11-18,GO,etanol,95.1040,30
2019-11-18,GO,gasolina,135.4350,29
2019-11-18,MA,diesel_s10,178.0840,47
2019-11-18,MA,etanol,113.8870,31
2019-11-18,MA,gasolina,222.9070,50
2019-11-18,MG,diesel_s10,680.2250,175
2019-11-18,MG,etanol,700.8890,226
2019-11-18,MG,gasolina,1066.4270,224
2019-11-18,MS,diesel_s10,78.0100,20
2019-11-18,MS,etanol,77.0150,22
2019-11-18,MS,gasolina,92.5020,22
2019-11-18,MT,diesel_s10,211.9080,51
2019-11-18,MT,etanol,155.2750,59
2019-11-18,MT,gasolina,265.6770,58
2019-11-18,PA,diesel_s10,50.9350,13
2019-11-18,PA,etanol,27.1680,7
2019-11-18,PA,gasolina,61.3360,13
2019-11-18,PE,diesel_s10,32.3170,9
2019-11-18,PE,etanol,30.9470,9
2019-11-18,PE,gasolina,39.7760,9
2019-11-18,PI,diesel_s10,30.8580,8
2019-11-18,PI,etanol,18.5790,5
2019-11-18,PI,gasolina,41.9180,9
2019-11-18,PR,diesel_s10,439.3680,123
2019-11-18,PR,etanol,493.7190,165
2019-11-18,PR,gasolina,694.2310,165
2019-11-18,RJ,diesel_s10,444.9120,116
2019-11-18,RJ,etanol,567.3400,145
2019-11-18,RJ,gasolina,719.0520,148
2019-11-18,RN,diesel_s10,40.6200,10
2019-11-18,RN,etanol,37.8700,10
2019-11-18,RN,gasolina,46.8000,10
2019-11-18,RO,diesel_s10,32.3460,8
2019-11-18,RO,etanol,17.7570,5
2019-11-18,RO,gasolina,31.4550,7
2019-11-18,RS,diesel_s10,711.4410,193
2019-11-18,RS,etanol,433.6870,107
2019-11-18,RS,gasolina,1016.3020,225
2019-11-18,SC,diesel_s10,532.2710,145
2019-11-18,SC,etanol,416.1430,116
2019-11-18,SC,gasolina,702.4370,169
2019-11-18,SE,diesel_s10,48.7120,13
2019-11-18,SE,etanol,33.9350,10
2019-11-18,SE,gasolina,55.6930,13
2019-11-18,SP,diesel_s10,789.1290,211
2019-11-18,SP,etanol,750.5740,266
2019-11-18,SP,gasolina,1097.9750,261
2019-11-18,TO,diesel_s10,84.3080,22
2019-11-18,TO,etanol,59.5810,16
2019-11-18,TO,gasolina,104.0740,22
2019-11-19,AC,diesel_s10,44.5500,9
2019-11-19,AC,etanol,9.1800,2
2019-11-19,AC,gasolina,50.6200,10
2019-11-19,AL,diesel_s10,70.0520,18
2019-11-19,AL,etanol,57.3320,17
2019-11-19,AL,gasolina,85.8450,19
2019-11-19,AM,diesel_s10,106.2990,27
2019-11-19,AM,etanol,97.4890,29
2019-11-19,AM,gasolina,192.6840,42
2019-11-19,BA,diesel_s10,456.4770,120
2019-11-19,BA,etanol,519.1920,151
2019-11-19,BA,gasolina,738.5390,161
2019-11-19,CE,diesel_s10,311.2990,79
2019-11-19,CE,etanol,272.0500,72
2019-11-19,CE,gasolina,375.6090,83
2019-11-19,ES,diesel_s10,82.9770,22
2019-11-19,ES,etanol,54.1360,15
2019-11-19,ES,gasolina,107.9870,24
2019-11-19,GO,diesel_s10,241.3930,62
2019-11-19,GO,etanol,212.6070,69
2019-11-19,GO,gasolina,307.8050,67
2019-11-19,MA,diesel_s10,54.7630,14
2019-11-19,MA,etanol,29.5770,8
2019-11-19,MA,gasolina,67.6830,15
2019-11-19,MG,diesel_s10,602.5930,155
2019-11-19,MG,etanol,611.5130,198
2019-11-19,MG,gasolina,937.7950,198
2019-11-19,MS,diesel_s10,182.2770,47
2019-11-19,MS,etanol,190.6850,55
2019-11-19,MS,gasolina,238.1340,56
2019-11-19,MT,diesel_s10,139.1940,35
2019-11-19,MT,etanol,112.0980,44
2019-11-19,MT,gasolina,196.7180,44
2019-11-19,PA,diesel_s10,308.0250,75
2019-11-19,PA,etanol,128.1020,33
2019-11-19,PA,gasolina,384.8220,82
2019-11-19,PB,diesel_s10,82.2420,22
2019-11-19,PB,etanol,86.0820,26
2019-11-19,PB,gasolina,118.3680,27
2019-11-19,PE,diesel_s10,223.2420,62
2019-11-19,PE,etanol,201.2760,60
2019-11-19,PE,gasolina,270.8520,63
2019-11-19,PI,diesel_s10,19.6490,5
2019-11-19,PI,etanol,3.6000,1
2019-11-19,PI,gasolina,23.2180,5
2019-11-19,PR,diesel_s10,282.2730,78
2019-11-19,PR,etanol,284.3080,94
2019-11-19,PR,gasolina,400.1350,94
2019-11-19,RJ,diesel_s10,310.5970,82
2019-11-19,RJ,etanol,416.7460,106
2019-11-19,RJ,gasolina,526.5300,107
2019-11-19,RN,diesel_s10,141.5060,36
2019-11-19,RN,etanol,128.7470,35
2019-11-19,RN,gasolina,173.2240,38
2019-11-19,RO,diesel_s10,159.7620,40
2019-11-19,RO,etanol,75.9150,20
2019-11-19,RO,gasolina,194.3180,43
2019-11-19,RR,diesel_s10,47.9800,12
2019-11-19,RR,etanol,23.2500,6
2019-11-19,RR,gasolina,50.8390,12
2019-11-19,RS,diesel_s10,207.6130,55
2019-11-19,RS,etanol,119.0870,28
2019-11-19,RS,gasolina,294.4950,64
2019-11-19,SC,diesel_s10,128.3890,35
2019-11-19,SC,etanol,102.0730,28
2019-11-19,SC,gasolina,194.4550,46
2019-11-19,SE,diesel_s10,38.7270,10
2019-11-19,SE,etanol,15.8950,5
2019-11-19,SE,gasolina,43.2880,10
2019-11-19,SP,diesel_s10,1105.7860,298
2019-11-19,SP,etanol,1055.7300,375
2019-11-19,SP,gasolina,1562.5970,374
2019-11-19,TO,diesel_s10,82.9900,22
2019-11-19,TO,etanol,76.3440,21
2019-11-19,TO,gasolina,111.8500,24
2019-11-20,AC,diesel_s10,124.3900,28
2019-11-20,AC,etanol,69.8570,18
2019-11-20,AC,gasolina,137.7070,29
2019-11-20,AL,diesel_s10,82.7100,21
2019-11-20,AL,etanol,83.8130,24
2019-11-20,AL,gasolina,107.7520,24
2019-11-20,BA,diesel_s10,94.9080,25
2019-11-20,BA,etanol,94.1350,28
2019-11-20,BA,gasolina,132.8580,29
2019-11-20,CE,diesel_s10,104.5570,27
2019-11-20,CE,etanol,98.9170,27
2019-11-20,CE,gasolina,114.3930,26
2019-11-20,ES,diesel_s10,65.4920,17
2019-11-20,ES,etanol,66.7610,18
2019-11-20,ES,gasolina,89.1240,20
2019-11-20,GO,diesel_s10,181.3500,47
2019-11-20,GO,etanol,223.7750,72
2019-11-20,GO,gasolina,337.3460,73
2019-11-20,MA,diesel_s10,89.9080,24
2019-11-20,MA,etanol,28.2230,8
2019-11-20,MA,gasolina,127.5020,29
2019-11-20,MG,diesel_s10,295.5750,77
2019-11-20,MG,etanol,287.9090,97
2019-11-20,MG,gasolina,457.2740,96
2019-11-20,MS,diesel_s10,7.7530,2
2019-11-20,MS,etanol,6.7550,2
2019-11-20,MS,gasolina,8.2950,2
2019-11-20,MT,diesel_s10,80.8450,20
2019-11-20,MT,etanol,51.2490,21
2019-11-20,MT,gasolina,93.9860,21
2019-11-20,PA,diesel_s10,28.3260,7
2019-11-20,PA,etanol,11.6970,3
2019-11-20,PA,gasolina,30.5560,7
2019-11-20,PB,diesel_s10,62.0340,17
2019-11-20,PB,etanol,57.8260,18
2019-11-20,PB,gasolina,81.9710,19
2019-11-20,PE,diesel_s10,240.0490,67
2019-11-20,PE,etanol,253.3400,78
2019-11-20,PE,gasolina,324.5510,77
2019-11-20,PR,diesel_s10,3.5900,1
2019-11-20,PR,etanol,2.9900,1
2019-11-20,PR,gasolina,4.3900,1
2019-11-20,RN,diesel_s10,8.2490,2
2019-11-20,RN,etanol,7.5800,2
2019-11-20,RN,gasolina,9.3790,2
2019-11-20,RO,diesel_s10,44.0160,11
2019-11-20,RO,etanol,13.6600,4
2019-11-20,RO,gasolina,70.2340,16
2019-11-20,RR,diesel_s10,3.8600,1
2019-11-20,RR,gasolina,4.2200,1
2019-11-20,RS,diesel_s10,107.5690,29
2019-11-20,RS,etanol,60.2380,15
2019-11-20,RS,gasolina,165.4040,37
2019-11-20,SC,diesel_s10,47.6130,13
2019-11-20,SC,etanol,58.0280,16
2019-11-20,SC,gasolina,88.1110,21
2019-11-20,SP,diesel_s10,1134.0500,304
2019-11-20,SP,etanol,1128.8310,404
2019-11-20,SP,gasolina,1645.5480,388
2019-11-21,AL,diesel_s10,52.3040,13
2019-11-21,AL,etanol,56.6780,15
2019-11-21,AL,gasolina,71.3330,15
2019-11-21,AM,diesel_s10,15.3500,4
2019-11-21,AM,etanol,13.0300,4
2019-11-21,AM,gasolina,35.4790,8
2019-11-21,AP,diesel_s10,70.5350,15
2019-11-21,AP,gasolina,97.0750,24
2019-11-21,BA,diesel_s10,331.3680,88
2019-11-21,BA,etanol,337.9800,100
2019-11-21,BA,gasolina,452.2080,99
2019-11-21,CE,diesel_s10,330.9480,85
2019-11-21,CE,etanol,288.5300,78
2019-11-21,CE,gasolina,410.4450,91
2019-11-21,DF,diesel_s10,126.7730,32
2019-11-21,DF,etanol,149.2910,46
2019-11-21,DF,gasolina,202.3960,47
2019-11-21,ES,diesel_s10,163.5320,43
2019-11-21,ES,etanol,105.2130,29
2019-11-21,ES,gasolina,218.6620,49
2019-11-21,GO,diesel_s10,159.9360,41
2019-11-21,GO,etanol,179.9820,58
2019-11-21,GO,gasolina,273.5000,59
2019-11-21,MA,diesel_s10,92.9550,24
2019-11-21,MA,etanol,44.5820,12
2019-11-21,MA,gasolina,113.2340,25
2019-11-21,MG,diesel_s10,211.4960,55
2019-11-21,MG,etanol,202.8870,68
2019-11-21,MG,gasolina,319.1840,68
2019-11-21,MS,diesel_s10,23.3750,6
2019-11-21,MS,etanol,21.5260,6
2019-11-21,MS,gasolina,26.8660,6
2019-11-21,MT,diesel_s10,128.2170,31
2019-11-21,MT,etanol,100.5280,36
2019-11-21,MT,gasolina,153.9100,34
2019-11-21,PA,diesel_s10,52.4670,13
2019-11-21,PA,etanol,16.0790,4
2019-11-21,PA,gasolina,67.2590,14
2019-11-21,PB,diesel_s10,63.9010,17
2019-11-21,PB,etanol,54.3400,16
2019-11-21,PB,gasolina,70.5290,16
2019-11-21,PE,diesel_s10,118.6880,32
2019-11-21,PE,etanol,116.9680,33
2019-11-21,PE,gasolina,195.2510,42
2019-11-21,PI,diesel_s10,194.7190,50
2019-11-21,PI,etanol,136.3300,40
2019-11-21,PI,gasolina,246.3380,54
2019-11-21,PR,diesel_s10,267.9900,74
2019-11-21,PR,etanol,290.4010,97
2019-11-21,PR,gasolina,400.5300,94
2019-11-21,RJ,diesel_s10,487.2290,128
2019-11-21,RJ,etanol,619.9220,159
2019-11-21,RJ,gasolina,804.3470,165
2019-11-21,RN,diesel_s10,36.3100,9
2019-11-21,RN,etanol,36.8300,10
2019-11-21,RN,gasolina,55.9700,12
2019-11-21,RO,diesel_s10,23.9500,6
2019-11-21,RO,etanol,16.3290,4
2019-11-21,RO,gasolina,28.8100,6
2019-11-21,RS,diesel_s10,139.8130,36
2019-11-21,RS,etanol,81.1750,19
2019-11-21,RS,gasolina,182.8370,38
2019-11-21,SC,diesel_s10,47.2920,13
2019-11-21,SC,etanol,34.6130,10
2019-11-21,SC,gasolina,62.1780,15
2019-11-21,SE,diesel_s10,69.6550,18
2019-11-21,SE,etanol,55.3640,18
2019-11-21,SE,gasolina,85.7990,20
2019-11-21,SP,diesel_s10,1765.6790,471
2019-11-21,SP,etanol,1736.6100,615
2019-11-21,SP,gasolina,2571.5710,610
2019-11-22,MA,diesel_s10,3.5990,1
2019-11-22,MA,etanol,3.5990,1
2019-11-22,MA,gasolina,4.3990,1
2019-11-22,PR,diesel_s10,62.9600,17
2019-11-22,PR,etanol,53.7900,17
2019-11-22,PR,gasolina,76.0500,17
2019-11-22,RJ,diesel_s10,3.6990,1
2019-11-22,RJ,etanol,3.7990,1
2019-11-22,RJ,gasolina,4.8990,1
2019-11-22,SP,diesel_s10,3.4990,1
2019-11-22,SP,etanol,2.5790,1
2019-11-22,SP,gasolina,3.7990,1
2019-11-25,AL,diesel_s10,86.8980,22
2019-11-25,AL,etanol,88.3390,26
2019-11-25,AL,gasolina,116.2940,26
2019-11-25,AM,diesel_s10,62.8850,15
2019-11-25,AM,gasolina,113.2570,25
2019-11-25,AP,diesel_s10,9.1600,2
2019-11-25,AP,gasolina,16.0400,4
2019-11-25,BA,diesel_s10,179.9900,46
2019-11-25,BA,etanol,184.2190,53
2019-11-25,BA,gasolina,254.5660,55
2019-11-25,CE,diesel_s10,60.5790,15
2019-11-25,CE,etanol,54.1090,14
2019-11-25,CE,gasolina,70.1290,15
2019-11-25,ES,diesel_s10,109.2870,29
2019-11-25,ES,etanol,91.8850,25
2019-11-25,ES,gasolina,159.3080,35
2019-11-25,GO,diesel_s10,107.2380,27
2019-11-25,GO,etanol,98.3130,31
2019-11-25,GO,gasolina,144.7940,31
2019-11-25,MA,diesel_s10,88.5460,23
2019-11-25,MA,etanol,60.8420,16
2019-11-25,MA,gasolina,104.1620,23
2019-11-25,MG,diesel_s10,771.1970,198
2019-11-25,MG,etanol,799.5630,257
2019-11-25,MG,gasolina,1216.8160,256
2019-11-25,MS,diesel_s10,115.7990,30
2019-11-25,MS,etanol,120.7350,35
2019-11-25,MS,gasolina,141.5700,34
2019-11-25,MT,diesel_s10,127.6290,30
2019-11-25,MT,etanol,93.1680,34
2019-11-25,MT,gasolina,154.1590,33
2019-11-25,PA,diesel_s10,79.8980,20
2019-11-25,PA,etanol,38.6270,10
2019-11-25,PA,gasolina,95.4180,20
2019-11-25,PB,diesel_s10,7.3690,2
2019-11-25,PB,etanol,6.4490,2
2019-11-25,PB,gasolina,8.7090,2
2019-11-25,PE,diesel_s10,50.3930,14
2019-11-25,PE,etanol,44.0840,13
2019-11-25,PE,gasolina,62.3220,14
2019-11-25,PI,diesel_s10,30.8180,8
2019-11-25,PI,etanol,14.8290,4
2019-11-25,PI,gasolina,41.6780,9
2019-11-25,PR,diesel_s10,462.1990,129
2019-11-25,PR,etanol,472.0940,157
2019-11-25,PR,gasolina,657.6560,155
2019-11-25,RJ,diesel_s10,334.0250,87
2019-11-25,RJ,etanol,429.5000,109
2019-11-25,RJ,gasolina,549.0480,112
2019-11-25,RN,diesel_s10,7.8300,2
2019-11-25,RN,etanol,7.3500,2
2019-11-25,RN,gasolina,9.1400,2
2019-11-25,RO,diesel_s10,64.3560,16
2019-11-25,RO,etanol,39.9750,11
2019-11-25,RO,gasolina,72.6320,16
2019-11-25,RR,diesel_s10,12.0100,3
2019-11-25,RR,gasolina,13.0900,3
2019-11-25,RS,diesel_s10,690.3870,187
2019-11-25,RS,etanol,410.7500,101
2019-11-25,RS,gasolina,997.1440,220
2019-11-25,SC,diesel_s10,535.2690,146
2019-11-25,SC,etanol,412.8260,115
2019-11-25,SC,gasolina,703.8950,169
2019-11-25,SE,diesel_s10,49.0810,13
2019-11-25,SE,etanol,29.2550,9
2019-11-25,SE,gasolina,56.1440,13
2019-11-25,SP,diesel_s10,924.4060,247
2019-11-25,SP,etanol,868.1590,307
2019-11-25,SP,gasolina,1269.8100,302
2019-11-25,TO,diesel_s10,91.4570,24
2019-11-25,TO,etanol,66.8810,18
2019-11-25,TO,gasolina,113.0540,24
2019-11-26,AC,diesel_s10,88.8570,19
2019-11-26,AC,etanol,32.2800,8
2019-11-26,AC,gasolina,98.2560,20
2019-11-26,AL,diesel_s10,70.1020,18
2019-11-26,AL,etanol,57.0830,17
2019-11-26,AL,gasolina,85.8450,19
2019-11-26,AM,diesel_s10,117.6980,30
2019-11-26,AM,etanol,113.6990,34
2019-11-26,AM,gasolina,223.1910,50
2019-11-26,BA,diesel_s10,377.1750,99
2019-11-26,BA,etanol,392.9130,114
2019-11-26,BA,gasolina,567.7610,123
2019-11-26,CE,diesel_s10,422.1360,109
2019-11-26,CE,etanol,382.4730,103
2019-11-26,CE,gasolina,505.8470,114
2019-11-26,ES,diesel_s10,117.4670,31
2019-11-26,ES,etanol,91.3580,25
2019-11-26,ES,gasolina,134.4430,30
2019-11-26,GO,diesel_s10,244.6220,63
2019-11-26,GO,etanol,250.9070,81
2019-11-26,GO,gasolina,363.4670,79
2019-11-26,MA,diesel_s10,46.9140,12
2019-11-26,MA,etanol,22.1470,6
2019-11-26,MA,gasolina,58.4440,13
2019-11-26,MG,diesel_s10,547.5790,141
2019-11-26,MG,etanol,577.5280,186
2019-11-26,MG,gasolina,873.2360,184
2019-11-26,MS,diesel_s10,86.3100,22
2019-11-26,MS,etanol,90.0970,25
2019-11-26,MS,gasolina,115.8910,26
2019-11-26,MT,diesel_s10,194.8390,49
2019-11-26,MT,etanol,136.6150,54
2019-11-26,MT,gasolina,245.5050,55
2019-11-26,PA,diesel_s10,294.3100,72
2019-11-26,PA,etanol,124.3020,32
2019-11-26,PA,gasolina,359.9620,77
2019-11-26,PB,diesel_s10,85.8710,23
2019-11-26,PB,etanol,79.0200,24
2019-11-26,PB,gasolina,109.6640,25
2019-11-26,PE,diesel_s10,291.5280,81
2019-11-26,PE,etanol,277.3070,84
2019-11-26,PE,gasolina,367.6200,86
2019-11-26,PI,diesel_s10,89.1440,23
2019-11-26,PI,etanol,61.2670,18
2019-11-26,PI,gasolina,113.1660,25
2019-11-26,PR,diesel_s10,420.5550,116
2019-11-26,PR,etanol,438.6600,144
2019-11-26,PR,gasolina,617.3270,144
2019-11-26,RJ,diesel_s10,449.0140,115
2019-11-26,RJ,etanol,575.9070,142
2019-11-26,RJ,gasolina,722.1360,145
2019-11-26,RN,diesel_s10,137.3270,35
2019-11-26,RN,etanol,143.1970,39
2019-11-26,RN,gasolina,191.7840,42
2019-11-26,RO,diesel_s10,188.0980,47
2019-11-26,RO,etanol,71.3770,19
2019-11-26,RO,gasolina,243.1440,54
2019-11-26,RR,diesel_s10,35.7000,9
2019-11-26,RR,etanol,7.6800,2
2019-11-26,RR,gasolina,39.1000,9
2019-11-26,RS,diesel_s10,229.9600,61
2019-11-26,RS,etanol,148.1230,35
2019-11-26,RS,gasolina,313.6190,68
2019-11-26,SC,diesel_s10,152.0050,41
2019-11-26,SC,etanol,125.2490,34
2019-11-26,SC,gasolina,219.7170,52
2019-11-26,SE,diesel_s10,34.8280,9
2019-11-26,SE,etanol,12.7960,4
2019-11-26,SE,gasolina,38.8890,9
2019-11-26,SP,diesel_s10,1156.1750,311
2019-11-26,SP,etanol,1115.9300,395
2019-11-26,SP,gasolina,1662.8280,395
2019-11-26,TO,diesel_s10,76.5190,20
2019-11-26,TO,etanol,73.2280,20
2019-11-26,TO,gasolina,98.4200,21
2019-11-27,AC,diesel_s10,79.8870,18
2019-11-27,AC,etanol,38.6590,10
2019-11-27,AC,gasolina,90.1050,19
2019-11-27,AL,diesel_s10,43.9340,11
2019-11-27,AL,etanol,48.4780,13
2019-11-27,AL,gasolina,61.1130,13
2019-11-27,AP,diesel_s10,73.2800,16
2019-11-27,AP,etanol,3.6990,1
2019-11-27,AP,gasolina,93.3180,24
2019-11-27,BA,diesel_s10,450.1870,119
2019-11-27,BA,etanol,464.9730,136
2019-11-27,BA,gasolina,609.0160,133
2019-11-27,CE,diesel_s10,262.8200,67
2019-11-27,CE,etanol,211.1320,57
2019-11-27,CE,gasolina,317.3100,70
2019-11-27,DF,diesel_s10,118.5730,30
2019-11-27,DF,etanol,136.7850,42
2019-11-27,DF,gasolina,197.6770,46
2019-11-27,ES,diesel_s10,167.0200,44
2019-11-27,ES,etanol,101.2820,28
2019-11-27,ES,gasolina,222.8000,50
2019-11-27,GO,diesel_s10,218.2840,56
2019-11-27,GO,etanol,238.9960,75
2019-11-27,GO,gasolina,356.0150,76
2019-11-27,MA,diesel_s10,250.3030,66
2019-11-27,MA,etanol,133.2040,37
2019-11-27,MA,gasolina,329.8550,74
2019-11-27,MG,diesel_s10,426.1640,110
2019-11-27,MG,etanol,420.1740,141
2019-11-27,MG,gasolina,670.6640,141
2019-11-27,MS,diesel_s10,87.8600,23
2019-11-27,MS,etanol,85.8870,25
2019-11-27,MS,gasolina,100.6060,24
2019-11-27,MT,diesel_s10,246.9650,61
2019-11-27,MT,etanol,188.0230,71
2019-11-27,MT,gasolina,309.7640,69
2019-11-27,PA,diesel_s10,64.9940,16
2019-11-27,PA,etanol,23.7970,6
2019-11-27,PA,gasolina,80.5860,17
2019-11-27,PB,diesel_s10,90.0270,24
2019-11-27,PB,etanol,79.2120,24
2019-11-27,PB,gasolina,109.7030,25
2019-11-27,PE,diesel_s10,78.2950,21
2019-11-27,PE,etanol,72.0190,19
2019-11-27,PE,gasolina,131.2680,27
2019-11-27,PI,diesel_s10,126.0560,32
2019-11-27,PI,etanol,79.1990,23
2019-11-27,PI,gasolina,157.5310,34
2019-11-27,PR,diesel_s10,201.7420,56
2019-11-27,PR,etanol,217.7920,72
2019-11-27,PR,gasolina,293.7510,69
2019-11-27,RJ,diesel_s10,475.2850,125
2019-11-27,RJ,etanol,625.3470,159
2019-11-27,RJ,gasolina,790.3540,161
2019-11-27,RN,diesel_s10,7.9800,2
2019-11-27,RN,etanol,7.3400,2
2019-11-27,RO,diesel_s10,12.2900,3
2019-11-27,RO,etanol,8.2400,2
2019-11-27,RO,gasolina,14.6600,3
2019-11-27,RR,diesel_s10,3.8600,1
2019-11-27,RR,gasolina,4.2900,1
2019-11-27,RS,diesel_s10,210.1220,55
2019-11-27,RS,etanol,121.3560,29
2019-11-27,RS,gasolina,304.2120,65
2019-11-27,SC,diesel_s10,47.2920,13
2019-11-27,SC,etanol,34.6130,10
2019-11-27,SC,gasolina,62.1780,15
2019-11-27,SE,diesel_s10,77.7790,20
2019-11-27,SE,etanol,65.1080,21
2019-11-27,SE,gasolina,94.2030,21
2019-11-27,SP,diesel_s10,1966.9200,527
2019-11-27,SP,etanol,1937.8120,685
2019-11-27,SP,gasolina,2851.9860,677
2019-11-28,BA,diesel_s10,88.7870,23
2019-11-28,BA,etanol,91.6700,27
2019-11-28,BA,gasolina,120.0310,26
2019-11-28,CE,diesel_s10,83.5430,22
2019-11-28,CE,etanol,78.1330,22
2019-11-28,CE,gasolina,96.0550,22
2019-11-28,DF,etanol,3.1990,1
2019-11-28,DF,gasolina,4.1990,1
2019-11-28,GO,diesel_s10,119.1310,31
2019-11-28,GO,etanol,139.4680,43
2019-11-28,GO,gasolina,202.5760,43
2019-11-28,MA,diesel_s10,33.2420,9
2019-11-28,MA,etanol,10.7580,3
2019-11-28,MA,gasolina,43.7910,10
2019-11-28,MG,diesel_s10,23.4540,6
2019-11-28,MG,etanol,21.3240,7
2019-11-28,MG,gasolina,33.5500,7
2019-11-28,PA,diesel_s10,8.1980,2
2019-11-28,PA,etanol,3.8990,1
2019-11-28,PA,gasolina,9.1580,2
2019-11-28,PB,diesel_s10,36.5270,10
2019-11-28,PB,etanol,32.2970,10
2019-11-28,PB,gasolina,43.0230,10
2019-11-28,PE,diesel_s10,204.5380,57
2019-11-28,PE,etanol,212.9290,65
2019-11-28,PE,gasolina,271.7650,64
2019-11-28,PR,diesel_s10,3.5900,1
2019-11-28,PR,etanol,2.9900,1
2019-11-28,PR,gasolina,4.3900,1
2019-11-28,RN,diesel_s10,56.4770,14
2019-11-28,RN,etanol,55.9470,15
2019-11-28,RN,gasolina,74.4950,16
2019-11-28,RS,diesel_s10,41.1110,11
2019-11-28,RS,etanol,12.7970,3
2019-11-28,RS,gasolina,48.9300,11
2019-11-28,SC,diesel_s10,45.2680,12
2019-11-28,SC,etanol,48.3220,13
2019-11-28,SC,gasolina,68.4190,16
2019-11-28,SP,diesel_s10,809.0270,217
2019-11-28,SP,etanol,767.4410,274
2019-11-28,SP,gasolina,1126.4430,264
2019-11-28,TO,diesel_s10,3.7800,1
2019-11-28,TO,etanol,3.6900,1
2019-11-28,TO,gasolina,4.7900,1
2019-12-02,AL,diesel_s10,3.6900,1
2019-12-02,AL,etanol,2.9750,1
2019-12-02,AL,gasolina,4.2990,1
2019-12-02,AM,diesel_s10,54.6850,13
2019-12-02,AM,etanol,7.9000,2
2019-12-02,AM,gasolina,103.5950,22
2019-12-02,AP,diesel_s10,9.1600,2
2019-12-02,AP,gasolina,16.1400,4
2019-12-02,BA,diesel_s10,303.6810,79
2019-12-02,BA,etanol,331.8380,95
2019-12-02,BA,gasolina,471.1600,101
2019-12-02,ES,diesel_s10,150.4390,40
2019-12-02,ES,etanol,89.5180,24
2019-12-02,ES,gasolina,212.3860,46
2019-12-02,GO,diesel_s10,324.0870,83
2019-12-02,GO,etanol,298.1730,94
2019-12-02,GO,gasolina,428.1420,91
2019-12-02,MA,diesel_s10,128.6660,33
2019-12-02,MA,etanol,82.6190,22
2019-12-02,MA,gasolina,152.9240,33
2019-12-02,MG,diesel_s10,655.4580,169
2019-12-02,MG,etanol,647.9700,205
2019-12-02,MG,gasolina,972.9950,203
2019-12-02,MS,diesel_s10,43.4650,11
2019-12-02,MS,etanol,48.0250,13
2019-12-02,MS,gasolina,64.9200,14
2019-12-02,MT,diesel_s10,250.4790,61
2019-12-02,MT,etanol,196.7050,72
2019-12-02,MT,gasolina,316.1230,69
2019-12-02,PA,diesel_s10,105.2490,26
2019-12-02,PA,etanol,17.5700,4
2019-12-02,PA,gasolina,138.5760,29
2019-12-02,PB,diesel_s10,37.4770,10
2019-12-02,PB,etanol,34.6760,11
2019-12-02,PB,gasolina,56.6030,13
2019-12-02,PE,diesel_s10,29.7060,8
2019-12-02,PE,etanol,22.5890,6
2019-12-02,PE,gasolina,45.2520,9
2019-12-02,PI,diesel_s10,28.2930,7
2019-12-02,PI,etanol,18.2750,5
2019-12-02,PI,gasolina,47.4010,10
2019-12-02,PR,diesel_s10,539.0280,149
2019-12-02,PR,etanol,600.5520,194
2019-12-02,PR,gasolina,835.4450,192
2019-12-02,RJ,diesel_s10,385.4720,100
2019-12-02,RJ,etanol,493.4740,124
2019-12-02,RJ,gasolina,609.9800,124
2019-12-02,RO,diesel_s10,84.7870,21
2019-12-02,RO,etanol,30.9940,8
2019-12-02,RO,gasolina,101.6720,22
2019-12-02,RS,diesel_s10,286.5240,76
2019-12-02,RS,etanol,143.3130,34
2019-12-02,RS,gasolina,400.2500,86
2019-12-02,SC,diesel_s10,214.7000,59
2019-12-02,SC,etanol,147.0320,41
2019-12-02,SC,gasolina,288.3110,68
2019-12-02,SE,diesel_s10,56.9120,15
2019-12-02,SE,etanol,27.3130,8
2019-12-02,SE,gasolina,66.5020,15
2019-12-02,SP,diesel_s10,765.4760,204
2019-12-02,SP,etanol,757.0550,263
2019-12-02,SP,gasolina,1117.7060,262
2019-12-02,TO,diesel_s10,80.3750,21
2019-12-02,TO,etanol,51.9020,14
2019-12-02,TO,gasolina,100.5160,21
2019-12-03,AC,diesel_s10,44.4430,10
2019-12-03,AC,etanol,23.0490,6
2019-12-03,AC,gasolina,47.9640,10
2019-12-03,AL,diesel_s10,109.0860,28
2019-12-03,AL,etanol,100.4960,30
2019-12-03,AL,gasolina,140.6840,31
2019-12-03,AM,diesel_s10,110.4980,28
2019-12-03,AM,etanol,98.9760,29
2019-12-03,AM,gasolina,172.7460,40
2019-12-03,BA,diesel_s10,425.3360,112
2019-12-03,BA,etanol,478.2050,141
2019-12-03,BA,gasolina,631.0690,137
2019-12-03,CE,diesel_s10,493.1240,125
2019-12-03,CE,etanol,420.9570,112
2019-12-03,CE,gasolina,576.3860,126
2019-12-03,ES,diesel_s10,22.0390,6
2019-12-03,ES,etanol,27.3980,8
2019-12-03,ES,gasolina,48.3580,11
2019-12-03,GO,diesel_s10,125.8020,32
2019-12-03,GO,etanol,119.8480,38
2019-12-03,GO,gasolina,172.4500,37
2019-12-03,MA,diesel_s10,235.1830,62
2019-12-03,MA,etanol,116.4240,32
2019-12-03,MA,gasolina,293.9090,66
2019-12-03,MG,diesel_s10,490.0890,125
2019-12-03,MG,etanol,520.7620,164
2019-12-03,MG,gasolina,789.8940,164
2019-12-03,MS,diesel_s10,173.8020,45
2019-12-03,MS,etanol,219.9590,62
2019-12-03,MS,gasolina,264.1270,61
2019-12-03,MT,diesel_s10,159.2130,38
2019-12-03,MT,etanol,125.3970,44
2019-12-03,MT,gasolina,204.5770,44
2019-12-03,PA,diesel_s10,253.6760,62
2019-12-03,PA,etanol,148.5590,38
2019-12-03,PA,gasolina,300.3440,63
2019-12-03,PB,diesel_s10,89.7640,24
2019-12-03,PB,etanol,82.2240,25
2019-12-03,PB,gasolina,110.0430,25
2019-12-03,PE,diesel_s10,338.5820,94
2019-12-03,PE,etanol,300.5650,89
2019-12-03,PE,gasolina,419.3460,96
2019-12-03,PI,diesel_s10,120.1930,31
2019-12-03,PI,etanol,76.0970,22
2019-12-03,PI,gasolina,151.0850,33
2019-12-03,PR,diesel_s10,399.0720,111
2019-12-03,PR,etanol,401.8740,130
2019-12-03,PR,gasolina,561.7210,130
2019-12-03,RJ,diesel_s10,294.6120,77
2019-12-03,RJ,etanol,379.5440,94
2019-12-03,RJ,gasolina,480.8280,96
2019-12-03,RN,diesel_s10,116.2590,29
2019-12-03,RN,etanol,119.5570,32
2019-12-03,RN,gasolina,158.8670,34
2019-12-03,RO,diesel_s10,133.0860,33
2019-12-03,RO,etanol,65.8260,18
2019-12-03,RO,gasolina,168.4450,37
2019-12-03,RR,diesel_s10,43.7700,11
2019-12-03,RR,etanol,15.3600,4
2019-12-03,RR,gasolina,47.5290,11
2019-12-03,RS,diesel_s10,621.3600,169
2019-12-03,RS,etanol,374.6000,92
2019-12-03,RS,gasolina,920.7040,200
2019-12-03,SC,diesel_s10,515.8590,140
2019-12-03,SC,etanol,376.5860,105
2019-12-03,SC,gasolina,663.8860,157
2019-12-03,SE,diesel_s10,22.4480,6
2019-12-03,SE,etanol,15.7900,5
2019-12-03,SE,gasolina,26.2900,6
2019-12-03,SP,diesel_s10,710.9690,190
2019-12-03,SP,etanol,724.8850,251
2019-12-03,SP,gasolina,1067.0790,250
2019-12-03,TO,diesel_s10,53.5240,14
2019-12-03,TO,etanol,55.0140,15
2019-12-03,TO,gasolina,69.6070,15
2019-12-04,AC,diesel_s10,84.1560,19
2019-12-04,AC,etanol,42.8590,11
2019-12-04,AC,gasolina,90.7030,19
2019-12-04,AL,diesel_s10,91.1800,23
2019-12-04,AL,etanol,89.2450,25
2019-12-04,AL,gasolina,116.6850,25
2019-12-04,AM,diesel_s10,38.6400,10
2019-12-04,AM,etanol,37.0400,11
2019-12-04,AM,gasolina,55.5300,13
2019-12-04,BA,diesel_s10,76.2330,20
2019-12-04,BA,etanol,73.7970,21
2019-12-04,BA,gasolina,101.3560,22
2019-12-04,CE,diesel_s10,196.2470,50
2019-12-04,CE,etanol,182.7180,49
2019-12-04,CE,gasolina,234.5030,51
2019-12-04,ES,diesel_s10,64.7860,17
2019-12-04,ES,etanol,66.5870,18
2019-12-04,ES,gasolina,90.1010,20
2019-12-04,GO,diesel_s10,182.3490,47
2019-12-04,GO,etanol,270.5320,83
2019-12-04,GO,gasolina,405.0960,86
2019-12-04,MA,diesel_s10,29.6720,8
2019-12-04,MA,etanol,10.6370,3
2019-12-04,MA,gasolina,52.4190,12
2019-12-04,MG,diesel_s10,494.1480,127
2019-12-04,MG,etanol,476.9030,154
2019-12-04,MG,gasolina,736.2660,153
2019-12-04,MS,diesel_s10,26.4040,7
2019-12-04,MS,etanol,37.3170,11
2019-12-04,MS,gasolina,46.0650,11
2019-12-04,MT,diesel_s10,139.0370,35
2019-12-04,MT,etanol,115.6250,43
2019-12-04,MT,gasolina,196.3050,43
2019-12-04,PA,diesel_s10,81.4670,20
2019-12-04,PA,etanol,28.7880,8
2019-12-04,PA,gasolina,102.9200,22
2019-12-04,PB,diesel_s10,66.7040,18
2019-12-04,PB,etanol,60.5790,19
2019-12-04,PB,gasolina,86.6490,20
2019-12-04,PE,diesel_s10,184.5980,51
2019-12-04,PE,etanol,178.3740,56
2019-12-04,PE,gasolina,243.8130,57
2019-12-04,PI,diesel_s10,81.4030,21
2019-12-04,PI,etanol,60.9240,18
2019-12-04,PI,gasolina,95.4400,21
2019-12-04,PR,diesel_s10,29.1870,8
2019-12-04,PR,etanol,63.7370,20
2019-12-04,PR,gasolina,80.4370,18
2019-12-04,RJ,diesel_s10,470.6580,124
2019-12-04,RJ,etanol,619.2900,155
2019-12-04,RJ,gasolina,790.1890,159
2019-12-04,RN,diesel_s10,114.3180,29
2019-12-04,RN,etanol,89.7400,24
2019-12-04,RN,gasolina,138.4670,30
2019-12-04,RO,diesel_s10,19.2070,5
2019-12-04,RO,etanol,3.3900,1
2019-12-04,RO,gasolina,34.9750,8
2019-12-04,RR,diesel_s10,7.9300,2
2019-12-04,RR,etanol,3.9500,1
2019-12-04,RR,gasolina,8.6800,2
2019-12-04,RS,diesel_s10,162.5330,42
2019-12-04,RS,etanol,94.2900,22
2019-12-04,RS,gasolina,258.1350,54
2019-12-04,SC,diesel_s10,86.6910,23
2019-12-04,SC,etanol,56.8230,15
2019-12-04,SC,gasolina,119.9160,27
2019-12-04,SE,diesel_s10,3.8990,1
2019-12-04,SE,etanol,3.1900,1
2019-12-04,SE,gasolina,4.6900,1
2019-12-04,SP,diesel_s10,2143.3940,573
2019-12-04,SP,etanol,2047.0340,708
2019-12-04,SP,gasolina,2984.3540,696
2019-12-04,TO,diesel_s10,34.0430,9
2019-12-04,TO,etanol,32.3930,9
2019-12-04,TO,gasolina,47.9530,10
2019-12-05,AC,diesel_s10,44.5500,9
2019-12-05,AC,etanol,8.7800,2
2019-12-05,AC,gasolina,50.6200,10
2019-12-05,AP,diesel_s10,68.8980,15
2019-12-05,AP,etanol,3.6700,1
2019-12-05,AP,gasolina,94.6870,24
2019-12-05,BA,diesel_s10,252.4540,66
2019-12-05,BA,etanol,254.7430,73
2019-12-05,BA,gasolina,345.8630,75
2019-12-05,CE,diesel_s10,151.0690,39
2019-12-05,CE,etanol,136.7000,37
2019-12-05,CE,gasolina,186.1710,41
2019-12-05,DF,diesel_s10,134.3750,34
2019-12-05,DF,etanol,145.6850,44
2019-12-05,DF,gasolina,209.8740,47
2019-12-05,ES,diesel_s10,118.6230,31
2019-12-05,ES,etanol,101.9240,28
2019-12-05,ES,gasolina,179.4300,39
2019-12-05,GO,diesel_s10,37.9510,10
2019-12-05,GO,etanol,42.8760,13
2019-12-05,GO,gasolina,61.5670,13
2019-12-05,MA,diesel_s10,32.9910,9
2019-12-05,MA,etanol,10.7970,3
2019-12-05,MA,gasolina,39.8310,9
2019-12-05,MG,diesel_s10,201.1200,52
2019-12-05,MG,etanol,211.1640,66
2019-12-05,MG,gasolina,319.9480,66
2019-12-05,PA,diesel_s10,3.9800,1
2019-12-05,PA,gasolina,4.4900,1
2019-12-05,PB,diesel_s10,3.6790,1
2019-12-05,PB,etanol,11.9280,4
2019-12-05,PB,gasolina,17.2770,4
2019-12-05,PE,diesel_s10,100.8270,27
2019-12-05,PE,etanol,84.7320,24
2019-12-05,PE,gasolina,140.3560,30
2019-12-05,PI,diesel_s10,16.3600,4
2019-12-05,PI,gasolina,19.7200,4
2019-12-05,PR,diesel_s10,96.5200,26
2019-12-05,PR,etanol,94.1890,31
2019-12-05,PR,gasolina,134.5990,31
2019-12-05,RJ,diesel_s10,129.5000,34
2019-12-05,RJ,etanol,167.9940,42
2019-12-05,RJ,gasolina,209.8980,42
2019-12-05,RO,diesel_s10,23.5000,6
2019-12-05,RO,etanol,12.3390,3
2019-12-05,RO,gasolina,29.2500,6
2019-12-05,RS,diesel_s10,73.1520,19
2019-12-05,RS,etanol,67.3950,16
2019-12-05,RS,gasolina,112.2230,24
2019-12-05,SE,diesel_s10,74.0940,19
2019-12-05,SE,etanol,61.3260,19
2019-12-05,SE,gasolina,97.8810,21
2019-12-05,SP,diesel_s10,1303.3010,349
2019-12-05,SP,etanol,1273.4590,442
2019-12-05,SP,gasolina,1864.4420,433
2019-12-09,AL,diesel_s10,39.1680,10
2019-12-09,AL,etanol,42.1270,12
2019-12-09,AL,gasolina,54.5130,12
2019-12-09,AM,diesel_s10,42.2360,10
2019-12-09,AM,gasolina,90.0060,19
2019-12-09,AP,diesel_s10,9.1600,2
2019-12-09,AP,gasolina,16.1500,4
2019-12-09,BA,diesel_s10,328.2520,85
2019-12-09,BA,etanol,337.8480,94
2019-12-09,BA,gasolina,468.7260,99
2019-12-09,ES,diesel_s10,136.4280,36
2019-12-09,ES,etanol,78.9680,21
2019-12-09,ES,gasolina,195.5160,42
2019-12-09,GO,diesel_s10,304.9600,78
2019-12-09,GO,etanol,283.3420,89
2019-12-09,GO,gasolina,405.4620,86
2019-12-09,MA,diesel_s10,124.7200,32
2019-12-09,MA,etanol,82.6190,22
2019-12-09,MA,gasolina,149.1650,32
2019-12-09,MG,diesel_s10,525.7900,136
2019-12-09,MG,etanol,515.0790,162
2019-12-09,MG,gasolina,767.9580,160
2019-12-09,MS,diesel_s10,43.5150,11
2019-12-09,MS,etanol,48.2220,13
2019-12-09,MS,gasolina,65.2000,14
2019-12-09,MT,diesel_s10,246.0590,60
2019-12-09,MT,etanol,194.6920,70
2019-12-09,MT,gasolina,308.8630,67
2019-12-09,PA,diesel_s10,101.1290,25
2019-12-09,PA,etanol,17.5700,4
2019-12-09,PA,gasolina,133.8560,28
2019-12-09,PB,diesel_s10,15.2600,4
2019-12-09,PB,etanol,10.4000,3
2019-12-09,PB,gasolina,21.8280,5
2019-12-09,PE,diesel_s10,29.7260,8
2019-12-09,PE,etanol,22.5980,6
2019-12-09,PE,gasolina,45.2520,9
2019-12-09,PI,diesel_s10,71.3280,18
2019-12-09,PI,etanol,60.3170,17
2019-12-09,PI,gasolina,103.9400,22
2019-12-09,PR,diesel_s10,373.6980,103
2019-12-09,PR,etanol,407.4210,130
2019-12-09,PR,gasolina,561.5010,128
2019-12-09,RJ,diesel_s10,393.3100,103
2019-12-09,RJ,etanol,549.7800,138
2019-12-09,RJ,gasolina,676.9730,138
2019-12-09,RO,diesel_s10,101.9060,25
2019-12-09,RO,etanol,38.3620,10
2019-12-09,RO,gasolina,128.3290,28
2019-12-09,RS,diesel_s10,207.6710,55
2019-12-09,RS,etanol,89.5980,21
2019-12-09,RS,gasolina,288.4130,62
2019-12-09,SC,diesel_s10,198.1080,54
2019-12-09,SC,etanol,132.9270,36
2019-12-09,SC,gasolina,265.2540,62
2019-12-09,SE,diesel_s10,49.3130,13
2019-12-09,SE,etanol,20.5240,6
2019-12-09,SE,gasolina,57.5630,13
2019-12-09,SP,diesel_s10,438.6360,117
2019-12-09,SP,etanol,431.7630,149
2019-12-09,SP,gasolina,629.8440,148
2019-12-09,TO,diesel_s10,76.7660,20
2019-12-09,TO,etanol,48.3420,13
2019-12-09,TO,gasolina,95.8560,20
2019-12-10,AL,diesel_s10,70.5800,18
2019-12-10,AL,etanol,68.0550,20
2019-12-10,AL,gasolina,97.4170,21
2019-12-10,AM,diesel_s10,134.9280,34
2019-12-10,AM,etanol,113.1770,34
2019-12-10,AM,gasolina,240.0000,55
2019-12-10,BA,diesel_s10,432.0600,113
2019-12-10,BA,etanol,462.9780,134
2019-12-10,BA,gasolina,592.0770,127
2019-12-10,CE,diesel_s10,392.1570,99
2019-12-10,CE,etanol,350.9080,93
2019-12-10,CE,gasolina,478.2310,102
2019-12-10,ES,diesel_s10,45.8380,12
2019-12-10,ES,etanol,40.3270,11
2019-12-10,ES,gasolina,70.0080,15
2019-12-10,GO,diesel_s10,160.9450,41
2019-12-10,GO,etanol,170.0250,54
2019-12-10,GO,gasolina,251.2860,54
2019-12-10,MA,diesel_s10,108.0800,28
2019-12-10,MA,etanol,56.2620,15
2019-12-10,MA,gasolina,136.6170,30
2019-12-10,MG,diesel_s10,635.6070,162
2019-12-10,MG,etanol,678.6930,213
2019-12-10,MG,gasolina,1033.5290,215
2019-12-10,MS,diesel_s10,229.7280,59
2019-12-10,MS,etanol,242.7230,68
2019-12-10,MS,gasolina,290.7090,67
2019-12-10,MT,diesel_s10,167.6660,40
2019-12-10,MT,etanol,132.9700,46
2019-12-10,MT,gasolina,216.2460,46
2019-12-10,PA,diesel_s10,208.9220,51
2019-12-10,PA,etanol,102.7200,26
2019-12-10,PA,gasolina,251.8020,52
2019-12-10,PB,diesel_s10,111.6450,30
2019-12-10,PB,etanol,103.4990,32
2019-12-10,PB,gasolina,135.8960,31
2019-12-10,PE,diesel_s10,328.1700,91
2019-12-10,PE,etanol,297.2410,88
2019-12-10,PE,gasolina,408.8560,93
2019-12-10,PI,diesel_s10,54.8490,14
2019-12-10,PI,etanol,25.9190,7
2019-12-10,PI,gasolina,66.1870,14
2019-12-10,PR,diesel_s10,567.8910,156
2019-12-10,PR,etanol,568.4060,182
2019-12-10,PR,gasolina,780.7320,179
2019-12-10,RJ,diesel_s10,310.5820,81
2019-12-10,RJ,etanol,403.7430,100
2019-12-10,RJ,gasolina,515.4500,103
2019-12-10,RN,diesel_s10,128.1570,32
2019-12-10,RN,etanol,152.6150,40
2019-12-10,RN,gasolina,177.9020,37
2019-12-10,RO,diesel_s10,144.0150,36
2019-12-10,RO,etanol,81.0170,22
2019-12-10,RO,gasolina,191.8230,42
2019-12-10,RR,diesel_s10,43.2200,11
2019-12-10,RR,etanol,7.7100,2
2019-12-10,RR,gasolina,47.2400,11
2019-12-10,RS,diesel_s10,777.2040,210
2019-12-10,RS,etanol,496.7850,121
2019-12-10,RS,gasolina,1150.1450,248
2019-12-10,SC,diesel_s10,519.5510,141
2019-12-10,SC,etanol,386.2210,107
2019-12-10,SC,gasolina,667.6320,157
2019-12-10,SE,diesel_s10,108.4630,28
2019-12-10,SE,etanol,80.5650,25
2019-12-10,SE,gasolina,134.5720,29
2019-12-10,SP,diesel_s10,973.9600,260
2019-12-10,SP,etanol,982.7730,334
2019-12-10,SP,gasolina,1440.8210,334
2019-12-10,TO,diesel_s10,61.1960,16
2019-12-10,TO,etanol,55.5950,15
2019-12-10,TO,gasolina,74.7480,16
2019-12-11,AC,diesel_s10,80.6500,18
2019-12-11,AC,etanol,46.9100,12
2019-12-11,AC,gasolina,92.7350,19
2019-12-11,AL,diesel_s10,75.6810,19
2019-12-11,AL,etanol,82.8450,23
2019-12-11,AL,gasolina,111.4160,24
2019-12-11,BA,diesel_s10,111.2820,29
2019-12-11,BA,etanol,116.9480,32
2019-12-11,BA,gasolina,150.1560,32
2019-12-11,CE,diesel_s10,205.9880,53
2019-12-11,CE,etanol,190.6500,52
2019-12-11,CE,gasolina,252.6490,54
2019-12-11,DF,diesel_s10,134.4830,34
2019-12-11,DF,etanol,151.4770,45
2019-12-11,DF,gasolina,211.6330,47
2019-12-11,ES,diesel_s10,72.4270,19
2019-12-11,ES,etanol,63.2880,17
2019-12-11,ES,gasolina,87.8960,19
2019-12-11,GO,diesel_s10,170.9070,44
2019-12-11,GO,etanol,222.3200,67
2019-12-11,GO,gasolina,327.7090,69
2019-12-11,MA,diesel_s10,171.8050,46
2019-12-11,MA,etanol,106.0810,30
2019-12-11,MA,gasolina,222.6650,51
2019-12-11,MG,diesel_s10,523.2880,134
2019-12-11,MG,etanol,546.3900,171
2019-12-11,MG,gasolina,830.8150,171
2019-12-11,MS,diesel_s10,11.5570,3
2019-12-11,MS,etanol,13.8760,4
2019-12-11,MS,gasolina,16.8260,4
2019-12-11,MT,diesel_s10,150.2080,38
2019-12-11,MT,etanol,121.0140,42
2019-12-11,MT,gasolina,194.6000,42
2019-12-11,PA,diesel_s10,135.2200,33
2019-12-11,PA,etanol,71.2670,19
2019-12-11,PA,gasolina,160.7800,35
2019-12-11,PB,diesel_s10,74.5900,20
2019-12-11,PB,etanol,68.7080,22
2019-12-11,PB,gasolina,95.6190,22
2019-12-11,PE,diesel_s10,233.2560,64
2019-12-11,PE,etanol,232.1400,72
2019-12-11,PE,gasolina,314.9560,73
2019-12-11,PI,diesel_s10,101.1200,26
2019-12-11,PI,etanol,82.3070,24
2019-12-11,PI,gasolina,129.9620,28
2019-12-11,PR,diesel_s10,111.4490,31
2019-12-11,PR,etanol,163.0680,52
2019-12-11,PR,gasolina,215.5060,50
2019-12-11,RJ,diesel_s10,331.1500,87
2019-12-11,RJ,etanol,462.3520,115
2019-12-11,RJ,gasolina,588.8500,118
2019-12-11,RN,diesel_s10,82.6680,21
2019-12-11,RN,etanol,66.4890,18
2019-12-11,RN,gasolina,100.3060,22
2019-12-11,RR,diesel_s10,7.7200,2
2019-12-11,RR,gasolina,8.5800,2
2019-12-11,RS,diesel_s10,133.5080,34
2019-12-11,RS,etanol,78.7420,18
2019-12-11,RS,gasolina,184.6110,38
2019-12-11,SC,diesel_s10,96.1740,25
2019-12-11,SC,etanol,85.3060,22
2019-12-11,SC,gasolina,147.1020,33
2019-12-11,SE,diesel_s10,3.8990,1
2019-12-11,SE,etanol,3.1900,1
2019-12-11,SE,gasolina,4.6900,1
2019-12-11,SP,diesel_s10,2296.0110,612
2019-12-11,SP,etanol,2267.1490,775
2019-12-11,SP,gasolina,3290.5270,761
2019-12-12,AC,diesel_s10,89.2570,19
2019-12-12,AC,etanol,35.9880,9
2019-12-12,AC,gasolina,99.2070,20
2019-12-12,AM,diesel_s10,3.8900,1
2019-12-12,AM,etanol,3.3500,1
2019-12-12,AM,gasolina,4.1900,1
2019-12-12,AP,diesel_s10,69.8000,15
2019-12-12,AP,etanol,3.6700,1
2019-12-12,AP,gasolina,94.8840,24
2019-12-12,BA,diesel_s10,253.0710,66
2019-12-12,BA,etanol,252.6630,72
2019-12-12,BA,gasolina,342.3120,74
2019-12-12,CE,diesel_s10,244.3700,63
2019-12-12,CE,etanol,213.8330,58
2019-12-12,CE,gasolina,291.2780,63
2019-12-12,ES,diesel_s10,126.7630,33
2019-12-12,ES,etanol,100.4140,27
2019-12-12,ES,gasolina,171.6870,37
2019-12-12,GO,diesel_s10,42.0120,11
2019-12-12,GO,etanol,59.6330,18
2019-12-12,GO,gasolina,85.3040,18
2019-12-12,MA,diesel_s10,25.5930,7
2019-12-12,MA,etanol,7.2980,2
2019-12-12,MA,gasolina,30.8430,7
2019-12-12,MG,diesel_s10,131.3230,34
2019-12-12,MG,etanol,134.9890,42
2019-12-12,MG,gasolina,201.7090,42
2019-12-12,MT,etanol,5.5980,2
2019-12-12,MT,gasolina,9.5540,2
2019-12-12,PB,diesel_s10,3.5490,1
2019-12-12,PB,etanol,5.8890,2
2019-12-12,PB,gasolina,8.3800,2
2019-12-12,PE,diesel_s10,56.4370,15
2019-12-12,PE,etanol,49.0210,13
2019-12-12,PE,gasolina,82.6160,17
2019-12-12,PI,diesel_s10,16.3600,4
2019-12-12,PI,gasolina,19.7200,4
2019-12-12,PR,diesel_s10,33.4700,9
2019-12-12,PR,etanol,36.5890,12
2019-12-12,PR,gasolina,52.1890,12
2019-12-12,RJ,diesel_s10,203.3110,53
2019-12-12,RJ,etanol,254.5510,63
2019-12-12,RJ,gasolina,315.1810,63
2019-12-12,RO,diesel_s10,11.8200,3
2019-12-12,RO,etanol,8.2490,2
2019-12-12,RO,gasolina,14.7200,3
2019-12-12,RS,diesel_s10,42.1200,11
2019-12-12,RS,etanol,46.1650,11
2019-12-12,RS,gasolina,76.1270,16
2019-12-12,SP,diesel_s10,1233.6650,330
2019-12-12,SP,etanol,1178.1670,406
2019-12-12,SP,gasolina,1714.4790,397
2019-12-12,TO,diesel_s10,38.0540,10
2019-12-12,TO,etanol,36.5440,10
2019-12-12,TO,gasolina,48.1760,10
2019-12-16,AL,diesel_s10,73.8790,19
2019-12-16,AL,etanol,69.2950,21
2019-12-16,AL,gasolina,105.3940,23
2019-12-16,AM,diesel_s10,29.4970,7
2019-12-16,AM,gasolina,61.0690,13
2019-12-16,AP,diesel_s10,9.1600,2
2019-12-16,AP,gasolina,16.3300,4
2019-12-16,BA,diesel_s10,344.0510,89
2019-12-16,BA,etanol,367.2420,102
2019-12-16,BA,gasolina,502.9310,106
2019-12-16,CE,diesel_s10,23.2580,6
2019-12-16,CE,etanol,22.1490,6
2019-12-16,CE,gasolina,27.8970,6
2019-12-16,ES,diesel_s10,94.8770,25
2019-12-16,ES,etanol,81.5580,22
2019-12-16,ES,gasolina,159.9980,34
2019-12-16,GO,diesel_s10,184.7630,47
2019-12-16,GO,etanol,187.0180,57
2019-12-16,GO,gasolina,257.6200,54
2019-12-16,MA,diesel_s10,214.8670,55
2019-12-16,MA,etanol,124.5620,33
2019-12-16,MA,gasolina,265.7220,57
2019-12-16,MG,diesel_s10,714.3640,183
2019-12-16,MG,etanol,747.7940,229
2019-12-16,MG,gasolina,1101.5030,227
2019-12-16,MS,diesel_s10,85.8440,22
2019-12-16,MS,etanol,87.6680,24
2019-12-16,MS,gasolina,103.8510,23
2019-12-16,MT,diesel_s10,125.7330,30
2019-12-16,MT,etanol,100.7380,34
2019-12-16,MT,gasolina,163.4730,34
2019-12-16,PA,diesel_s10,202.2880,49
2019-12-16,PA,etanol,86.7720,22
2019-12-16,PA,gasolina,250.3460,52
2019-12-16,PB,diesel_s10,46.4130,12
2019-12-16,PB,etanol,38.8850,11
2019-12-16,PB,gasolina,54.0430,12
2019-12-16,PE,diesel_s10,33.4160,9
2019-12-16,PE,etanol,22.3980,6
2019-12-16,PE,gasolina,45.1020,9
2019-12-16,PI,diesel_s10,59.2260,15
2019-12-16,PI,etanol,26.2780,7
2019-12-16,PI,gasolina,71.6590,15
2019-12-16,PR,diesel_s10,513.4810,142
2019-12-16,PR,etanol,556.9750,175
2019-12-16,PR,gasolina,770.2150,175
2019-12-16,RJ,diesel_s10,457.7870,119
2019-12-16,RJ,etanol,616.8540,151
2019-12-16,RJ,gasolina,764.1260,153
2019-12-16,RN,diesel_s10,147.1040,37
2019-12-16,RN,etanol,145.1270,39
2019-12-16,RN,gasolina,192.3460,40
2019-12-16,RO,diesel_s10,57.1190,14
2019-12-16,RO,etanol,25.9280,7
2019-12-16,RO,gasolina,86.6890,19
2019-12-16,RS,diesel_s10,716.4860,192
2019-12-16,RS,etanol,393.4150,94
2019-12-16,RS,gasolina,1049.1150,221
2019-12-16,SC,diesel_s10,574.4630,155
2019-12-16,SC,etanol,418.0870,114
2019-12-16,SC,gasolina,761.3430,174
2019-12-16,SE,diesel_s10,81.5740,21
2019-12-16,SE,etanol,68.4990,21
2019-12-16,SE,gasolina,102.6340,22
2019-12-16,SP,diesel_s10,1006.2500,270
2019-12-16,SP,etanol,1022.6500,344
2019-12-16,SP,gasolina,1480.8410,343
2019-12-16,TO,diesel_s10,50.2990,13
2019-12-16,TO,etanol,25.7070,7
2019-12-16,TO,gasolina,62.3510,13
2019-12-17,AC,diesel_s10,125.4010,28
2019-12-17,AC,etanol,62.9280,16
2019-12-17,AC,gasolina,141.4480,29
2019-12-17,AL,diesel_s10,7.8300,2
2019-12-17,AL,etanol,7.0400,2
2019-12-17,AL,gasolina,9.4800,2
2019-12-17,AM,diesel_s10,109.7470,28
2019-12-17,AM,etanol,96.9740,29
2019-12-17,AM,gasolina,140.6260,35
2019-12-17,AP,diesel_s10,31.8590,7
2019-12-17,AP,etanol,3.8200,1
2019-12-17,AP,gasolina,63.6390,16
2019-12-17,BA,diesel_s10,161.1810,42
2019-12-17,BA,etanol,209.9100,59
2019-12-17,BA,gasolina,276.3390,59
2019-12-17,CE,diesel_s10,331.7330,85
2019-12-17,CE,etanol,282.2890,76
2019-12-17,CE,gasolina,423.4340,90
2019-12-17,ES,diesel_s10,118.2360,31
2019-12-17,ES,etanol,75.5770,20
2019-12-17,ES,gasolina,154.6110,33
2019-12-17,GO,diesel_s10,352.3090,90
2019-12-17,GO,etanol,397.9270,122
2019-12-17,GO,gasolina,572.9060,121
2019-12-17,MA,diesel_s10,29.9170,8
2019-12-17,MA,etanol,14.0190,4
2019-12-17,MA,gasolina,39.7870,9
2019-12-17,MG,diesel_s10,414.6880,107
2019-12-17,MG,etanol,449.2660,139
2019-12-17,MG,gasolina,661.8120,138
2019-12-17,MS,diesel_s10,101.0960,26
2019-12-17,MS,etanol,118.3220,33
2019-12-17,MS,gasolina,146.6530,34
2019-12-17,MT,diesel_s10,308.6270,76
2019-12-17,MT,etanol,253.4240,87
2019-12-17,MT,gasolina,403.3000,85
2019-12-17,PA,diesel_s10,144.4810,35
2019-12-17,PA,etanol,70.4040,18
2019-12-17,PA,gasolina,159.4520,34
2019-12-17,PB,diesel_s10,84.9840,23
2019-12-17,PB,etanol,73.2500,24
2019-12-17,PB,gasolina,112.1680,26
2019-12-17,PE,diesel_s10,377.1210,103
2019-12-17,PE,etanol,326.1710,96
2019-12-17,PE,gasolina,486.2760,107
2019-12-17,PI,diesel_s10,3.8990,1
2019-12-17,PI,etanol,3.4990,1
2019-12-17,PI,gasolina,4.5990,1
2019-12-17,PR,diesel_s10,191.9050,53
2019-12-17,PR,etanol,218.7470,69
2019-12-17,PR,gasolina,288.5880,66
2019-12-17,RJ,diesel_s10,381.8610,100
2019-12-17,RJ,etanol,511.3000,127
2019-12-17,RJ,gasolina,627.9370,126
2019-12-17,RN,diesel_s10,88.1680,22
2019-12-17,RN,etanol,78.3200,21
2019-12-17,RN,gasolina,113.9200,24
2019-12-17,RO,diesel_s10,164.8330,41
2019-12-17,RO,etanol,69.9740,19
2019-12-17,RO,gasolina,204.4890,45
2019-12-17,RR,diesel_s10,47.7400,12
2019-12-17,RR,etanol,15.5800,4
2019-12-17,RR,gasolina,55.8790,13
2019-12-17,RS,diesel_s10,100.0150,26
2019-12-17,RS,etanol,56.9780,13
2019-12-17,RS,gasolina,138.6660,29
2019-12-17,SC,diesel_s10,183.4520,49
2019-12-17,SC,etanol,129.9070,35
2019-12-17,SC,gasolina,241.5760,54
2019-12-17,SE,diesel_s10,57.9910,15
2019-12-17,SE,etanol,29.3930,9
2019-12-17,SE,gasolina,68.4980,15
2019-12-17,SP,diesel_s10,895.6560,237
2019-12-17,SP,etanol,889.6020,299
2019-12-17,SP,gasolina,1284.8830,295
2019-12-17,TO,diesel_s10,59.5760,16
2019-12-17,TO,etanol,59.1470,16
2019-12-17,TO,gasolina,79.7430,17
2019-12-18,AC,diesel_s10,44.5500,9
2019-12-18,AC,etanol,8.7800,2
2019-12-18,AC,gasolina,50.6200,10
2019-12-18,AL,diesel_s10,111.6640,28
2019-12-18,AL,etanol,109.0820,30
2019-12-18,AL,gasolina,144.9710,31
2019-12-18,AM,diesel_s10,66.7080,16
2019-12-18,AM,etanol,39.1890,11
2019-12-18,AM,gasolina,125.1650,27
2019-12-18,AP,gasolina,3.9600,1
2019-12-18,BA,diesel_s10,577.9390,152
2019-12-18,BA,etanol,600.2040,172
2019-12-18,BA,gasolina,803.2930,172
2019-12-18,CE,diesel_s10,292.9580,74
2019-12-18,CE,etanol,270.2890,72
2019-12-18,CE,gasolina,366.7030,78
2019-12-18,DF,diesel_s10,134.5240,34
2019-12-18,DF,etanol,154.1400,45
2019-12-18,DF,gasolina,213.3520,47
2019-12-18,GO,diesel_s10,58.3100,15
2019-12-18,GO,etanol,56.0840,17
2019-12-18,GO,gasolina,80.5540,17
2019-12-18,MG,diesel_s10,596.5410,153
2019-12-18,MG,etanol,631.4720,195
2019-12-18,MG,gasolina,947.7070,196
2019-12-18,MS,diesel_s10,93.0290,24
2019-12-18,MS,etanol,97.5380,27
2019-12-18,MS,gasolina,117.7010,27
2019-12-18,MT,diesel_s10,126.5650,31
2019-12-18,MT,etanol,113.3190,39
2019-12-18,MT,gasolina,177.6340,38
2019-12-18,PA,diesel_s10,84.0440,21
2019-12-18,PA,etanol,31.8670,8
2019-12-18,PA,gasolina,114.6730,24
2019-12-18,PB,diesel_s10,81.4380,22
2019-12-18,PB,etanol,73.7650,24
2019-12-18,PB,gasolina,103.3180,24
2019-12-18,PE,diesel_s10,258.5500,71
2019-12-18,PE,etanol,238.2960,73
2019-12-18,PE,gasolina,325.0770,74
2019-12-18,PI,diesel_s10,184.1570,47
2019-12-18,PI,etanol,122.8430,36
2019-12-18,PI,gasolina,239.9360,52
2019-12-18,PR,diesel_s10,375.5990,103
2019-12-18,PR,etanol,399.9360,126
2019-12-18,PR,gasolina,542.3270,123
2019-12-18,RJ,diesel_s10,398.9170,104
2019-12-18,RJ,etanol,514.1940,125
2019-12-18,RJ,gasolina,651.7340,130
2019-12-18,RO,diesel_s10,31.6890,8
2019-12-18,RO,etanol,19.9190,5
2019-12-18,RO,gasolina,38.0390,8
2019-12-18,RS,diesel_s10,267.8690,69
2019-12-18,RS,etanol,206.2240,47
2019-12-18,RS,gasolina,404.4080,83
2019-12-18,SC,diesel_s10,61.7850,16
2019-12-18,SC,etanol,42.6410,11
2019-12-18,SC,gasolina,79.8570,18
2019-12-18,SE,diesel_s10,22.3440,6
2019-12-18,SE,etanol,15.7400,5
2019-12-18,SE,gasolina,26.0690,6
2019-12-18,SP,diesel_s10,2528.4560,674
2019-12-18,SP,etanol,2542.1720,855
2019-12-18,SP,gasolina,3663.2740,844
2019-12-18,TO,diesel_s10,62.3420,16
2019-12-18,TO,etanol,59.2500,16
2019-12-18,TO,gasolina,77.3620,16
2019-12-19,AP,diesel_s10,14.4600,3
2019-12-19,AP,etanol,3.6700,1
2019-12-19,AP,gasolina,27.4900,7
2019-12-19,BA,etanol,3.3890,1
2019-12-19,CE,diesel_s10,179.2770,46
2019-12-19,CE,etanol,169.9220,46
2019-12-19,CE,gasolina,220.1600,47
2019-12-19,ES,diesel_s10,153.9080,40
2019-12-19,ES,etanol,130.7580,35
2019-12-19,ES,gasolina,220.2930,47
2019-12-19,GO,diesel_s10,88.3870,23
2019-12-19,GO,etanol,93.4090,28
2019-12-19,GO,gasolina,142.8500,30
2019-12-19,MA,diesel_s10,179.7180,48
2019-12-19,MA,etanol,95.4310,27
2019-12-19,MA,gasolina,229.5910,53
2019-12-19,MG,diesel_s10,69.8590,18
2019-12-19,MG,etanol,81.2760,25
2019-12-19,MG,gasolina,123.8360,25
2019-12-19,PA,diesel_s10,3.7500,1
2019-12-19,PA,gasolina,4.3500,1
2019-12-19,PE,diesel_s10,3.4900,1
2019-12-19,PE,etanol,3.1900,1
2019-12-19,PE,gasolina,4.3900,1
2019-12-19,PR,diesel_s10,15.1600,4
2019-12-19,PR,etanol,19.5890,6
2019-12-19,PR,gasolina,27.0390,6
2019-12-19,RJ,diesel_s10,26.7330,7
2019-12-19,RJ,etanol,34.0020,8
2019-12-19,RJ,gasolina,40.3920,8
2019-12-19,RS,diesel_s10,86.8060,23
2019-12-19,RS,etanol,75.5450,18
2019-12-19,RS,gasolina,147.1810,31
2019-12-19,SC,diesel_s10,18.2260,5
2019-12-19,SC,etanol,7.4980,2
2019-12-19,SC,gasolina,26.6900,6
2019-12-19,SP,diesel_s10,487.5640,127
2019-12-19,SP,etanol,486.7000,163
2019-12-19,SP,gasolina,719.3210,162
2019-12-23,AC,diesel_s10,130.5820,29
2019-12-23,AC,etanol,62.8870,16
2019-12-23,AC,gasolina,141.9080,29
2019-12-23,AL,diesel_s10,35.0200,9
2019-12-23,AL,etanol,29.5040,9
2019-12-23,AL,gasolina,51.0530,11
2019-12-23,AM,diesel_s10,167.6260,42
2019-12-23,AM,etanol,116.9340,35
2019-12-23,AM,gasolina,295.3690,69
2019-12-23,AP,diesel_s10,9.1600,2
2019-12-23,AP,gasolina,16.4300,4
2019-12-23,BA,diesel_s10,380.7910,98
2019-12-23,BA,etanol,383.1110,106
2019-12-23,BA,gasolina,521.7810,110
2019-12-23,CE,diesel_s10,55.3250,14
2019-12-23,CE,etanol,41.4090,11
2019-12-23,CE,gasolina,66.0700,14
2019-12-23,ES,diesel_s10,114.1760,30
2019-12-23,ES,etanol,82.6450,22
2019-12-23,ES,gasolina,169.2220,36
2019-12-23,GO,diesel_s10,258.0190,66
2019-12-23,GO,etanol,257.0590,78
2019-12-23,GO,gasolina,357.1200,75
2019-12-23,MA,diesel_s10,253.2530,65
2019-12-23,MA,etanol,149.4590,40
2019-12-23,MA,gasolina,312.8030,68
2019-12-23,MG,diesel_s10,857.5450,219
2019-12-23,MG,etanol,859.8550,263
2019-12-23,MG,gasolina,1263.9750,261
2019-12-23,MS,diesel_s10,174.1000,45
2019-12-23,MS,etanol,225.6150,63
2019-12-23,MS,gasolina,273.7560,63
2019-12-23,MT,diesel_s10,255.9850,63
2019-12-23,MT,etanol,216.3570,74
2019-12-23,MT,gasolina,346.0220,73
2019-12-23,PA,diesel_s10,232.4080,56
2019-12-23,PA,etanol,99.2690,25
2019-12-23,PA,gasolina,287.4400,60
2019-12-23,PB,diesel_s10,74.9970,20
2019-12-23,PB,etanol,73.4480,23
2019-12-23,PB,gasolina,100.4350,23
2019-12-23,PE,diesel_s10,84.0890,23
2019-12-23,PE,etanol,69.5030,21
2019-12-23,PE,gasolina,115.9210,25
2019-12-23,PI,diesel_s10,55.2060,14
2019-12-23,PI,etanol,26.1390,7
2019-12-23,PI,gasolina,66.8990,14
2019-12-23,PR,diesel_s10,578.4850,159
2019-12-23,PR,etanol,624.9980,195
2019-12-23,PR,gasolina,857.1540,194
2019-12-23,RJ,diesel_s10,502.7260,130
2019-12-23,RJ,etanol,694.3040,169
2019-12-23,RJ,gasolina,851.1600,170
2019-12-23,RN,diesel_s10,62.1570,16
2019-12-23,RN,etanol,57.8500,16
2019-12-23,RN,gasolina,80.1290,17
2019-12-23,RO,diesel_s10,112.3450,28
2019-12-23,RO,etanol,46.8690,13
2019-12-23,RO,gasolina,161.8150,36
2019-12-23,RR,diesel_s10,51.4700,13
2019-12-23,RR,etanol,19.4400,5
2019-12-23,RR,gasolina,55.8300,13
2019-12-23,RS,diesel_s10,853.0150,228
2019-12-23,RS,etanol,488.3500,116
2019-12-23,RS,gasolina,1273.2750,268
2019-12-23,SC,diesel_s10,505.3930,137
2019-12-23,SC,etanol,335.5890,92
2019-12-23,SC,gasolina,657.4970,151
2019-12-23,SE,diesel_s10,15.2780,4
2019-12-23,SE,etanol,10.5880,3
2019-12-23,SE,gasolina,18.0880,4
2019-12-23,SP,diesel_s10,1637.1100,436
2019-12-23,SP,etanol,1699.4470,571
2019-12-23,SP,gasolina,2461.1950,568
2019-12-23,TO,diesel_s10,61.4590,16
2019-12-23,TO,etanol,36.6970,10
2019-12-23,TO,gasolina,76.1210,16
2019-12-24,BA,diesel_s10,96.2070,25
2019-12-24,BA,etanol,128.6380,35
2019-12-24,BA,gasolina,159.1180,34
2019-12-24,CE,diesel_s10,189.5060,49
2019-12-24,CE,etanol,186.7420,51
2019-12-24,CE,gasolina,239.0810,51
2019-12-24,GO,diesel_s10,42.7330,11
2019-12-24,GO,etanol,90.9110,28
2019-12-24,GO,gasolina,136.6280,29
2019-12-24,MA,diesel_s10,121.2940,32
2019-12-24,MA,etanol,61.9290,17
2019-12-24,MA,gasolina,160.7080,37
2019-12-24,MG,diesel_s10,16.2040,4
2019-12-24,MG,etanol,13.1600,4
2019-12-24,MG,gasolina,19.6510,4
2019-12-24,MT,diesel_s10,36.2610,9
2019-12-24,MT,etanol,31.6500,11
2019-12-24,MT,gasolina,52.5510,11
2019-12-24,PA,diesel_s10,62.9700,15
2019-12-24,PA,etanol,42.6700,11
2019-12-24,PA,gasolina,68.8880,15
2019-12-24,PB,diesel_s10,22.4470,6
2019-12-24,PB,etanol,24.6550,8
2019-12-24,PB,gasolina,34.6640,8
2019-12-24,PE,diesel_s10,18.4960,5
2019-12-24,PE,etanol,19.9650,6
2019-12-24,PE,gasolina,27.3340,6
2019-12-24,PI,diesel_s10,58.5280,15
2019-12-24,PI,etanol,43.5560,13
2019-12-24,PI,gasolina,68.6260,15
2019-12-24,PR,diesel_s10,17.9800,5
2019-12-24,PR,etanol,16.2000,5
2019-12-24,PR,gasolina,22.6000,5
2019-12-24,RJ,diesel_s10,7.5870,2
2019-12-24,RJ,etanol,12.5970,3
2019-12-24,RJ,gasolina,14.9970,3
2019-12-24,RN,diesel_s10,80.7070,20
2019-12-24,RN,etanol,97.6160,26
2019-12-24,RN,gasolina,116.6530,24
2019-12-24,RS,diesel_s10,4.0700,1
2019-12-24,RS,gasolina,4.7990,1
2019-12-24,SP,diesel_s10,121.2790,31
2019-12-24,SP,etanol,120.1520,40
2019-12-24,SP,gasolina,179.9820,41
2019-12-25,AL,diesel_s10,78.9120,20
2019-12-25,AL,etanol,80.3650,24
2019-12-25,AL,gasolina,109.3770,24
2019-12-25,MG,diesel_s10,185.6230,47
2019-12-25,MG,etanol,206.2440,63
2019-12-25,MG,gasolina,312.5180,63
2019-12-25,SP,diesel_s10,192.2730,51
2019-12-25,SP,etanol,204.8810,69
2019-12-25,SP,gasolina,291.2350,67
2019-12-26,AL,diesel_s10,7.8300,2
2019-12-26,AL,etanol,7.0400,2
2019-12-26,AL,gasolina,9.4800,2
2019-12-26,BA,diesel_s10,192.2550,50
2019-12-26,BA,etanol,213.0350,61
2019-12-26,BA,gasolina,287.8030,62
2019-12-26,CE,diesel_s10,460.0040,118
2019-12-26,CE,etanol,410.2580,111
2019-12-26,CE,gasolina,581.7350,124
2019-12-26,DF,diesel_s10,138.5730,35
2019-12-26,DF,etanol,154.2660,45
2019-12-26,DF,gasolina,213.6310,47
2019-12-26,ES,diesel_s10,141.1460,37
2019-12-26,ES,etanol,97.4570,26
2019-12-26,ES,gasolina,182.3110,39
2019-12-26,GO,diesel_s10,322.5270,82
2019-12-26,GO,etanol,345.4180,105
2019-12-26,GO,gasolina,493.3700,104
2019-12-26,MA,diesel_s10,15.3190,4
2019-12-26,MA,etanol,3.6990,1
2019-12-26,MA,gasolina,18.3490,4
2019-12-26,MG,diesel_s10,431.3840,110
2019-12-26,MG,etanol,491.4100,152
2019-12-26,MG,gasolina,726.5140,152
2019-12-26,MS,diesel_s10,46.8970,12
2019-12-26,MS,etanol,44.0190,12
2019-12-26,MS,gasolina,57.5450,13
2019-12-26,MT,diesel_s10,196.5590,47
2019-12-26,MT,etanol,154.1750,52
2019-12-26,MT,gasolina,237.8680,50
2019-12-26,PA,diesel_s10,69.4980,17
2019-12-26,PA,etanol,27.7240,7
2019-12-26,PA,gasolina,80.2170,17
2019-12-26,PB,diesel_s10,63.1480,17
2019-12-26,PB,etanol,49.7780,16
2019-12-26,PB,gasolina,78.1370,18
2019-12-26,PE,diesel_s10,407.5060,111
2019-12-26,PE,etanol,368.9430,109
2019-12-26,PE,gasolina,530.6010,117
2019-12-26,PI,diesel_s10,102.1740,26
2019-12-26,PI,etanol,85.9420,25
2019-12-26,PI,gasolina,126.9150,28
2019-12-26,PR,diesel_s10,281.2140,77
2019-12-26,PR,etanol,319.4060,101
2019-12-26,PR,gasolina,427.6440,97
2019-12-26,RJ,diesel_s10,449.9730,118
2019-12-26,RJ,etanol,603.1540,150
2019-12-26,RJ,gasolina,746.8770,150
2019-12-26,RN,diesel_s10,67.8380,17
2019-12-26,RN,etanol,59.2700,16
2019-12-26,RN,gasolina,89.4700,19
2019-12-26,RO,diesel_s10,121.9660,30
2019-12-26,RO,etanol,45.4930,12
2019-12-26,RO,gasolina,148.4620,32
2019-12-26,RS,diesel_s10,95.7260,25
2019-12-26,RS,etanol,60.9810,14
2019-12-26,RS,gasolina,124.6940,26
2019-12-26,SC,diesel_s10,276.8000,74
2019-12-26,SC,etanol,205.7840,55
2019-12-26,SC,gasolina,394.7150,88
2019-12-26,SE,diesel_s10,124.7430,32
2019-12-26,SE,etanol,94.7180,29
2019-12-26,SE,gasolina,157.4600,34
2019-12-26,SP,diesel_s10,914.2630,243
2019-12-26,SP,etanol,926.9100,310
2019-12-26,SP,gasolina,1311.8030,303
2019-12-26,TO,diesel_s10,86.9740,23
2019-12-26,TO,etanol,89.0830,24
2019-12-26,TO,gasolina,114.2150,24
2019-12-27,AC,diesel_s10,44.5500,9
2019-12-27,AC,etanol,8.7800,2
2019-12-27,AC,gasolina,50.6200,10
2019-12-27,AL,diesel_s10,76.0870,19
2019-12-27,AL,etanol,74.1200,20
2019-12-27,AL,gasolina,95.0010,20
2019-12-27,AM,diesel_s10,17.3880,4
2019-12-27,AM,gasolina,29.6870,6
2019-12-27,AP,diesel_s10,54.3390,12
2019-12-27,AP,etanol,7.3600,2
2019-12-27,AP,gasolina,95.8890,24
2019-12-27,BA,diesel_s10,432.3970,113
2019-12-27,BA,etanol,451.6200,130
2019-12-27,BA,gasolina,611.0040,130
2019-12-27,CE,diesel_s10,120.3290,30
2019-12-27,CE,etanol,107.3330,28
2019-12-27,CE,gasolina,151.0680,32
2019-12-27,ES,diesel_s10,127.8820,33
2019-12-27,ES,etanol,104.8910,28
2019-12-27,ES,gasolina,188.1310,40
2019-12-27,GO,diesel_s10,58.4100,15
2019-12-27,GO,etanol,56.1840,17
2019-12-27,GO,gasolina,80.6540,17
2019-12-27,MA,diesel_s10,36.7900,10
2019-12-27,MA,etanol,10.5670,3
2019-12-27,MA,gasolina,43.3210,10
2019-12-27,MG,diesel_s10,335.9670,86
2019-12-27,MG,etanol,352.0730,107
2019-12-27,MG,gasolina,521.4900,107
2019-12-27,MS,diesel_s10,28.2900,7
2019-12-27,MS,etanol,34.2870,9
2019-12-27,MS,gasolina,41.1400,9
2019-12-27,MT,diesel_s10,82.3920,20
2019-12-27,MT,etanol,67.2590,23
2019-12-27,MT,gasolina,105.7810,23
2019-12-27,PA,diesel_s10,67.5080,17
2019-12-27,PA,etanol,19.7700,5
2019-12-27,PA,gasolina,96.2270,20
2019-12-27,PB,diesel_s10,48.2740,13
2019-12-27,PB,etanol,38.2610,12
2019-12-27,PB,gasolina,56.4190,13
2019-12-27,PE,diesel_s10,148.0860,41
2019-12-27,PE,etanol,138.9840,42
2019-12-27,PE,gasolina,188.1780,43
2019-12-27,PI,diesel_s10,36.8950,9
2019-12-27,PI,etanol,11.2170,3
2019-12-27,PI,gasolina,53.2730,11
2019-12-27,PR,diesel_s10,201.6430,56
2019-12-27,PR,etanol,234.7880,74
2019-12-27,PR,gasolina,317.8700,73
2019-12-27,RJ,diesel_s10,290.0630,75
2019-12-27,RJ,etanol,383.4810,92
2019-12-27,RJ,gasolina,479.3630,95
2019-12-27,RO,diesel_s10,15.8800,4
2019-12-27,RO,etanol,12.3300,3
2019-12-27,RO,gasolina,19.5300,4
2019-12-27,RS,diesel_s10,237.4800,61
2019-12-27,RS,etanol,185.0350,42
2019-12-27,RS,gasolina,337.3260,69
2019-12-27,SC,diesel_s10,44.8440,12
2019-12-27,SC,etanol,18.6250,5
2019-12-27,SC,gasolina,57.4830,13
2019-12-27,SE,diesel_s10,18.5490,5
2019-12-27,SE,etanol,12.6000,4
2019-12-27,SE,gasolina,21.6090,5
2019-12-27,SP,diesel_s10,2024.6480,537
2019-12-27,SP,etanol,1993.7310,670
2019-12-27,SP,gasolina,2880.5570,659
2019-12-27,TO,diesel_s10,24.0480,6
2019-12-27,TO,etanol,22.5770,6
2019-12-27,TO,gasolina,29.1870,6
2019-12-30,AC,diesel_s10,66.9470,15
2019-12-30,AC,etanol,39.5290,10
2019-12-30,AC,gasolina,77.9850,16
2019-12-30,AL,diesel_s10,77.1080,19
2019-12-30,AL,etanol,69.5740,19
2019-12-30,AL,gasolina,88.8510,19
2019-12-30,AM,diesel_s10,147.4110,37
2019-12-30,AM,etanol,116.7680,35
2019-12-30,AM,gasolina,264.9840,63
2019-12-30,AP,diesel_s10,9.2400,2
2019-12-30,AP,gasolina,16.5300,4
2019-12-30,BA,diesel_s10,409.8920,106
2019-12-30,BA,etanol,436.8810,121
2019-12-30,BA,gasolina,619.6570,130
2019-12-30,CE,diesel_s10,454.9470,114
2019-12-30,CE,etanol,387.7790,102
2019-12-30,CE,gasolina,554.4510,117
2019-12-30,ES,diesel_s10,31.5600,8
2019-12-30,ES,etanol,38.4400,10
2019-12-30,ES,gasolina,58.6800,12
2019-12-30,GO,diesel_s10,138.5820,35
2019-12-30,GO,etanol,133.4600,40
2019-12-30,GO,gasolina,188.5710,39
2019-12-30,MA,diesel_s10,187.1040,49
2019-12-30,MA,etanol,109.7630,30
2019-12-30,MA,gasolina,241.4570,55
2019-12-30,MG,diesel_s10,973.5610,246
2019-12-30,MG,etanol,987.9830,300
2019-12-30,MG,gasolina,1466.5940,301
2019-12-30,MS,diesel_s10,237.6380,60
2019-12-30,MS,etanol,248.6700,68
2019-12-30,MS,gasolina,307.2070,70
2019-12-30,MT,diesel_s10,155.1880,37
2019-12-30,MT,etanol,128.7840,43
2019-12-30,MT,gasolina,200.0570,43
2019-12-30,PA,diesel_s10,99.3590,24
2019-12-30,PA,etanol,66.6070,17
2019-12-30,PA,gasolina,111.9420,24
2019-12-30,PB,diesel_s10,139.0230,37
2019-12-30,PB,etanol,124.5820,40
2019-12-30,PB,gasolina,177.3430,41
2019-12-30,PE,diesel_s10,509.0240,138
2019-12-30,PE,etanol,467.9340,139
2019-12-30,PE,gasolina,655.5650,146
2019-12-30,PR,diesel_s10,472.8370,130
2019-12-30,PR,etanol,564.3410,177
2019-12-30,PR,gasolina,758.3860,174
2019-12-30,RJ,diesel_s10,434.1470,112
2019-12-30,RJ,etanol,679.9970,166
2019-12-30,RJ,gasolina,833.6370,167
2019-12-30,RN,diesel_s10,227.3170,57
2019-12-30,RN,etanol,215.0160,58
2019-12-30,RN,gasolina,302.3970,63
2019-12-30,RO,diesel_s10,112.7460,28
2019-12-30,RO,etanol,65.0570,18
2019-12-30,RO,gasolina,164.8440,37
2019-12-30,RR,diesel_s10,47.4900,12
2019-12-30,RR,etanol,3.8900,1
2019-12-30,RR,gasolina,51.4800,12
2019-12-30,RS,diesel_s10,43.1410,11
2019-12-30,RS,etanol,22.1550,5
2019-12-30,RS,gasolina,68.6850,14
2019-12-30,SC,diesel_s10,11.7970,3
2019-12-30,SC,etanol,11.9970,3
2019-12-30,SC,gasolina,17.8960,4
2019-12-30,SE,diesel_s10,106.5170,27
2019-12-30,SE,etanol,88.2200,26
2019-12-30,SE,gasolina,126.6360,27
2019-12-30,SP,diesel_s10,2092.4420,549
2019-12-30,SP,etanol,2147.6190,716
2019-12-30,SP,gasolina,3103.3030,712
2019-12-30,TO,diesel_s10,7.5290,2
2019-12-30,TO,etanol,7.1300,2
2019-12-30,TO,gasolina,9.6800,2
2019-12-31,AL,diesel_s10,58.8680,15
2019-12-31,AL,etanol,60.3890,18
2019-12-31,AL,gasolina,81.4790,18
2019-12-31,BA,diesel_s10,115.1850,30
2019-12-31,BA,etanol,165.0150,45
2019-12-31,BA,gasolina,219.9650,47
2019-12-31,CE,diesel_s10,74.4850,19
2019-12-31,CE,etanol,74.0630,20
2019-12-31,CE,gasolina,93.5540,20
2019-12-31,ES,diesel_s10,55.2530,14
2019-12-31,ES,etanol,42.3860,11
2019-12-31,ES,gasolina,65.2770,14
2019-12-31,MA,diesel_s10,22.4550,6
2019-12-31,MA,etanol,10.9270,3
2019-12-31,MA,gasolina,25.9950,6
2019-12-31,MG,diesel_s10,141.9560,36
2019-12-31,MG,etanol,156.4450,47
2019-12-31,MG,gasolina,232.3180,47
2019-12-31,MS,diesel_s10,11.6440,3
2019-12-31,MS,etanol,17.8220,5
2019-12-31,MS,gasolina,21.2780,5
2019-12-31,MT,diesel_s10,110.9370,28
2019-12-31,MT,etanol,109.3940,38
2019-12-31,MT,gasolina,175.8320,37
2019-12-31,PA,diesel_s10,16.6960,4
2019-12-31,PA,etanol,8.1780,2
2019-12-31,PA,gasolina,18.2760,4
2019-12-31,PE,diesel_s10,61.6460,17
2019-12-31,PE,etanol,61.3680,19
2019-12-31,PE,gasolina,82.5790,19
2019-12-31,RJ,diesel_s10,92.1150,24
2019-12-31,RJ,etanol,137.5810,35
2019-12-31,RJ,gasolina,172.2840,35
2019-12-31,RR,diesel_s10,3.9400,1
2019-12-31,RR,gasolina,4.2700,1
2019-12-31,SC,diesel_s10,149.6500,40
2019-12-31,SC,etanol,118.9680,32
2019-12-31,SC,gasolina,201.7250,45
2019-12-31,SE,diesel_s10,11.7970,3
2019-12-31,SE,etanol,10.2970,3
2019-12-31,SE,gasolina,14.0780,3
2019-12-31,SP,diesel_s10,1280.6290,338
2019-12-31,SP,etanol,1255.5590,421
2019-12-31,SP,gasolina,1780.9780,408
2019-12-31,TO,diesel_s10,30.2240,8
2019-12-31,TO,etanol,29.5720,8
2019-12-31,TO,gasolina,38.4360,8
