data,uf,produto,soma,n
2010-01-04,AL,etanol,71.6800,37
2010-01-04,AL,gasolina,99.0870,36
2010-01-04,AM,etanol,12.7700,6
2010-01-04,AM,gasolina,76.3100,28
2010-01-04,AP,etanol,2.2000,1
2010-01-04,AP,gasolina,2.9000,1
2010-01-04,BA,etanol,90.5140,49
2010-01-04,BA,gasolina,131.9210,49
2010-01-04,ES,etanol,30.5000,15
2010-01-04,ES,gasolina,40.8600,15
2010-01-04,GO,etanol,5.3700,3
2010-01-04,GO,gasolina,7.9500,3
2010-01-04,MA,etanol,39.3900,20
2010-01-04,MA,gasolina,71.1470,26
2010-01-04,MG,etanol,406.2710,211
2010-01-04,MG,gasolina,561.3540,215
2010-01-04,MS,etanol,37.5050,19
2010-01-04,MS,gasolina,53.3560,19
2010-01-04,MT,etanol,31.2670,18
2010-01-04,MT,gasolina,51.6070,18
2010-01-04,PA,etanol,31.6010,14
2010-01-04,PA,gasolina,108.2440,37
2010-01-04,PB,etanol,86.7490,49
2010-01-04,PB,gasolina,118.5990,48
2010-01-04,PE,etanol,175.0680,98
2010-01-04,PE,gasolina,264.3120,101
2010-01-04,PI,etanol,2.0500,1
2010-01-04,PI,gasolina,5.4400,2
2010-01-04,PR,etanol,408.6360,229
2010-01-04,PR,gasolina,586.9110,228
2010-01-04,RJ,etanol,195.4410,102
2010-01-04,RJ,gasolina,278.0480,104
2010-01-04,RO,etanol,7.4400,4
2010-01-04,RO,gasolina,11.3300,4
2010-01-04,RR,etanol,41.0400,19
2010-01-04,RR,gasolina,62.4100,23
2010-01-04,RS,etanol,646.8740,307
2010-01-04,RS,gasolina,836.8480,327
2010-01-04,SC,etanol,206.6920,104
2010-01-04,SC,gasolina,272.8440,105
2010-01-04,SP,etanol,750.6020,435
2010-01-04,SP,gasolina,1098.8430,435
2010-01-04,TO,etanol,3.7800,2
2010-01-04,TO,gasolina,5.5000,2
2010-01-05,AC,etanol,8.9200,4
2010-01-05,AC,gasolina,44.2700,14
2010-01-05,AL,etanol,118.3870,64
2010-01-05,AL,gasolina,173.1180,64
2010-01-05,AM,etanol,132.7880,68
2010-01-05,AM,gasolina,259.4910,97
2010-01-05,AP,etanol,4.3400,2
2010-01-05,AP,gasolina,8.6300,3
2010-01-05,BA,etanol,604.5370,326
2010-01-05,BA,gasolina,889.2130,332
2010-01-05,CE,etanol,250.3940,129
2010-01-05,CE,gasolina,378.5090,144
2010-01-05,DF,etanol,68.6370,33
2010-01-05,DF,gasolina,89.9100,33
2010-01-05,ES,etanol,128.1900,63
2010-01-05,ES,gasolina,160.6700,61
2010-01-05,GO,etanol,185.8270,102
2010-01-05,GO,gasolina,273.2530,102
2010-01-05,MA,etanol,87.6990,47
2010-01-05,MA,gasolina,122.3070,48
2010-01-05,MG,etanol,936.1420,487
2010-01-05,MG,gasolina,1258.3660,493
2010-01-05,MS,etanol,158.7650,81
2010-01-05,MS,gasolina,215.6920,80
2010-01-05,MT,etanol,205.5900,123
2010-01-05,MT,gasolina,337.8630,120
2010-01-05,PA,etanol,119.9660,55
2010-01-05,PA,gasolina,264.1130,95
2010-01-05,PB,etanol,116.6500,68
2010-01-05,PB,gasolina,168.2840,70
2010-01-05,PE,etanol,318.7460,182
2010-01-05,PE,gasolina,472.4870,183
2010-01-05,PI,etanol,65.3100,33
2010-01-05,PI,gasolina,89.3400,35
2010-01-05,PR,etanol,294.3120,162
2010-01-05,PR,gasolina,417.4280,160
2010-01-05,RJ,etanol,477.4960,246
2010-01-05,RJ,gasolina,658.8210,248
2010-01-05,RN,etanol,163.3670,87
2010-01-05,RN,gasolina,235.8390,90
2010-01-05,RO,etanol,37.8800,19
2010-01-05,RO,gasolina,58.4100,20
2010-01-05,RR,gasolina,2.8200,1
2010-01-05,RS,etanol,357.5480,166
2010-01-05,RS,gasolina,482.2940,182
2010-01-05,SC,etanol,280.9990,139
2010-01-05,SC,gasolina,365.6180,139
2010-01-05,SE,etanol,85.6090,46
2010-01-05,SE,gasolina,124.4820,48
2010-01-05,SP,etanol,2226.5460,1273
2010-01-05,SP,gasolina,3155.4810,1270
2010-01-05,TO,etanol,30.9180,17
2010-01-05,TO,gasolina,49.5390,18
2010-01-06,AC,etanol,53.8600,25
2010-01-06,AC,gasolina,76.3390,26
2010-01-06,AL,etanol,1.9700,1
2010-01-06,AL,gasolina,2.6700,1
2010-01-06,AM,etanol,1.9500,1
2010-01-06,AM,gasolina,2.6500,1
2010-01-06,AP,gasolina,2.7300,1
2010-01-06,BA,etanol,74.7230,42
2010-01-06,BA,gasolina,109.6240,42
2010-01-06,CE,etanol,182.1810,92
2010-01-06,CE,gasolina,273.3490,100
2010-01-06,ES,etanol,24.1940,12
2010-01-06,ES,gasolina,32.1740,12
2010-01-06,GO,etanol,253.4980,140
2010-01-06,GO,gasolina,377.0820,141
2010-01-06,MA,etanol,32.5160,17
2010-01-06,MA,gasolina,49.6160,19
2010-01-06,MG,etanol,118.0910,61
2010-01-06,MG,gasolina,158.3780,63
2010-01-06,MS,etanol,32.4120,16
2010-01-06,MS,gasolina,45.5610,16
2010-01-06,MT,etanol,3.3200,2
2010-01-06,MT,gasolina,8.2700,3
2010-01-06,PA,etanol,72.1530,33
2010-01-06,PA,gasolina,120.3700,44
2010-01-06,PE,etanol,44.7540,26
2010-01-06,PE,gasolina,64.7680,26
2010-01-06,PI,etanol,39.8800,20
2010-01-06,PI,gasolina,61.8590,24
2010-01-06,PR,etanol,132.8570,75
2010-01-06,PR,gasolina,194.8540,75
2010-01-06,RJ,etanol,431.1820,218
2010-01-06,RJ,gasolina,598.1240,227
2010-01-06,RN,etanol,36.3200,19
2010-01-06,RN,gasolina,52.6460,20
2010-01-06,RO,etanol,5.9400,3
2010-01-06,RO,gasolina,8.2490,3
2010-01-06,RS,etanol,144.6150,67
2010-01-06,RS,gasolina,181.1470,69
2010-01-06,SC,etanol,155.3980,75
2010-01-06,SC,gasolina,201.3790,76
2010-01-06,SE,etanol,20.5490,11
2010-01-06,SE,gasolina,33.5690,13
2010-01-06,SP,etanol,821.4290,463
2010-01-06,SP,gasolina,1157.4470,461
2010-01-06,TO,etanol,26.3900,14
2010-01-06,TO,gasolina,38.4700,14
2010-01-07,AP,gasolina,11.9100,4
2010-01-07,BA,etanol,4.0450,2
2010-01-07,BA,gasolina,5.7290,2
2010-01-07,ES,etanol,16.1100,8
2010-01-07,ES,gasolina,21.0900,8
2010-01-07,GO,etanol,79.0150,44
2010-01-07,GO,gasolina,115.3270,44
2010-01-07,MG,etanol,39.8790,21
2010-01-07,MG,gasolina,51.9880,21
2010-01-07,PA,etanol,9.2390,4
2010-01-07,PA,gasolina,18.1490,6
2010-01-07,PE,etanol,10.3080,5
2010-01-07,PE,gasolina,14.3080,5
2010-01-07,PR,etanol,32.2140,17
2010-01-07,PR,gasolina,41.1210,16
2010-01-07,RJ,etanol,31.2330,16
2010-01-07,RJ,gasolina,44.0120,16
2010-01-07,RO,etanol,21.6770,11
2010-01-07,RO,gasolina,29.7170,11
2010-01-07,RR,gasolina,8.4000,3
2010-01-07,RS,etanol,41.4210,19
2010-01-07,RS,gasolina,53.0780,20
2010-01-07,SC,etanol,22.3190,11
2010-01-07,SC,gasolina,28.6130,11
2010-01-11,AC,gasolina,6.5000,2
2010-01-11,AL,etanol,190.6660,100
2010-01-11,AL,gasolina,272.7920,100
2010-01-11,AM,etanol,137.9000,69
2010-01-11,AM,gasolina,244.9110,92
2010-01-11,AP,etanol,8.7400,4
2010-01-11,AP,gasolina,20.0700,7
2010-01-11,BA,etanol,387.4110,206
2010-01-11,BA,gasolina,553.0170,206
2010-01-11,CE,etanol,26.3150,13
2010-01-11,CE,gasolina,47.2740,17
2010-01-11,DF,etanol,60.8500,29
2010-01-11,DF,gasolina,79.1600,29
2010-01-11,ES,etanol,155.4010,73
2010-01-11,ES,gasolina,196.5950,73
2010-01-11,GO,etanol,30.9580,17
2010-01-11,GO,gasolina,44.7690,17
2010-01-11,MA,etanol,64.1700,32
2010-01-11,MA,gasolina,97.8270,36
2010-01-11,MG,etanol,540.7610,271
2010-01-11,MG,gasolina,709.3140,274
2010-01-11,MS,etanol,74.6920,37
2010-01-11,MS,gasolina,94.4270,34
2010-01-11,MT,etanol,34.8270,20
2010-01-11,MT,gasolina,59.9570,21
2010-01-11,PA,etanol,148.1110,66
2010-01-11,PA,gasolina,313.1410,110
2010-01-11,PB,etanol,64.6390,36
2010-01-11,PB,gasolina,89.2680,36
2010-01-11,PE,etanol,277.1980,155
2010-01-11,PE,gasolina,402.8310,158
2010-01-11,PI,etanol,51.0480,25
2010-01-11,PI,gasolina,72.6790,28
2010-01-11,PR,etanol,428.1460,226
2010-01-11,PR,gasolina,587.9830,225
2010-01-11,RJ,etanol,352.9590,177
2010-01-11,RJ,gasolina,486.8980,180
2010-01-11,RO,etanol,8.1280,4
2010-01-11,RO,gasolina,13.8980,5
2010-01-11,RR,etanol,40.9600,19
2010-01-11,RR,gasolina,70.4700,26
2010-01-11,RS,etanol,723.3290,319
2010-01-11,RS,gasolina,901.0640,347
2010-01-11,SC,etanol,407.5960,193
2010-01-11,SC,gasolina,507.8900,192
2010-01-11,SE,etanol,48.5270,26
2010-01-11,SE,gasolina,71.7980,28
2010-01-11,SP,etanol,1443.5830,804
2010-01-11,SP,gasolina,2013.3050,800
2010-01-11,TO,etanol,9.4500,5
2010-01-11,TO,gasolina,13.7600,5
2010-01-12,AC,etanol,43.3400,20
2010-01-12,AC,gasolina,76.5980,26
2010-01-12,AM,etanol,8.0100,4
2010-01-12,AM,gasolina,41.2500,15
2010-01-12,AP,etanol,8.8300,4
2010-01-12,AP,gasolina,11.5600,4
2010-01-12,BA,etanol,216.5770,114
2010-01-12,BA,gasolina,300.4000,112
2010-01-12,CE,etanol,383.2950,196
2010-01-12,CE,gasolina,543.4100,204
2010-01-12,GO,etanol,91.2060,48
2010-01-12,GO,gasolina,130.7740,48
2010-01-12,MA,etanol,81.2420,42
2010-01-12,MA,gasolina,126.6490,48
2010-01-12,MG,etanol,835.3300,414
2010-01-12,MG,gasolina,1069.1060,415
2010-01-12,MS,etanol,138.7750,69
2010-01-12,MS,gasolina,190.5570,71
2010-01-12,MT,etanol,164.2370,95
2010-01-12,MT,gasolina,259.3210,92
2010-01-12,PA,etanol,56.8760,26
2010-01-12,PA,gasolina,134.2280,48
2010-01-12,PB,etanol,139.8560,79
2010-01-12,PB,gasolina,189.2290,79
2010-01-12,PE,etanol,270.5680,150
2010-01-12,PE,gasolina,391.6120,152
2010-01-12,PI,etanol,23.9280,12
2010-01-12,PI,gasolina,33.3490,13
2010-01-12,PR,etanol,334.3890,176
2010-01-12,PR,gasolina,459.1190,176
2010-01-12,RJ,etanol,641.8000,320
2010-01-12,RJ,gasolina,845.4130,321
2010-01-12,RN,etanol,184.6870,98
2010-01-12,RN,gasolina,273.1690,103
2010-01-12,RO,etanol,45.6090,23
2010-01-12,RO,gasolina,61.7120,23
2010-01-12,RS,etanol,420.1140,185
2010-01-12,RS,gasolina,508.5500,191
2010-01-12,SC,etanol,142.3950,68
2010-01-12,SC,gasolina,179.9750,68
2010-01-12,SE,etanol,57.1440,30
2010-01-12,SE,gasolina,83.1240,32
2010-01-12,SP,etanol,1846.2530,1030
2010-01-12,SP,gasolina,2575.6050,1029
2010-01-12,TO,etanol,31.5400,17
2010-01-12,TO,gasolina,57.8100,21
2010-01-13,AC,etanol,11.4100,5
2010-01-13,AC,gasolina,15.2600,5
2010-01-13,AM,etanol,1.9500,1
2010-01-13,AM,gasolina,2.6500,1
2010-01-13,BA,etanol,187.7050,99
2010-01-13,BA,gasolina,279.3550,104
2010-01-13,CE,etanol,9.8500,5
2010-01-13,CE,gasolina,23.0100,9
2010-01-13,ES,etanol,102.3500,49
2010-01-13,ES,gasolina,129.3500,49
2010-01-13,GO,etanol,440.1420,242
2010-01-13,GO,gasolina,645.9150,243
2010-01-13,MA,etanol,30.3670,16
2010-01-13,MA,gasolina,45.8960,18
2010-01-13,MG,etanol,256.1230,128
2010-01-13,MG,gasolina,330.4320,128
2010-01-13,MS,etanol,27.5470,13
2010-01-13,MS,gasolina,36.8380,13
2010-01-13,MT,etanol,31.2940,18
2010-01-13,MT,gasolina,51.0090,18
2010-01-13,PB,etanol,1.7900,1
2010-01-13,PB,gasolina,2.4400,1
2010-01-13,PE,etanol,23.2360,13
2010-01-13,PE,gasolina,32.1990,13
2010-01-13,PI,etanol,24.2400,12
2010-01-13,PI,gasolina,30.7500,12
2010-01-13,PR,etanol,143.8290,76
2010-01-13,PR,gasolina,196.1490,76
2010-01-13,RJ,etanol,149.1150,73
2010-01-13,RJ,gasolina,199.3660,74
2010-01-13,RN,etanol,16.3300,9
2010-01-13,RN,gasolina,21.7900,9
2010-01-13,RO,etanol,3.7890,2
2010-01-13,RO,gasolina,8.4390,3
2010-01-13,RR,gasolina,2.9800,1
2010-01-13,RS,etanol,116.7260,51
2010-01-13,RS,gasolina,148.7280,56
2010-01-13,SC,etanol,133.4500,63
2010-01-13,SC,gasolina,168.4890,64
2010-01-13,SP,etanol,556.6460,309
2010-01-13,SP,gasolina,776.0310,310
2010-01-13,TO,etanol,15.7880,9
2010-01-13,TO,gasolina,24.2870,9
2010-01-14,AM,etanol,3.9800,2
2010-01-14,AM,gasolina,19.6800,7
2010-01-14,ES,etanol,4.0800,2
2010-01-14,ES,gasolina,5.4700,2
2010-01-14,MA,etanol,5.6880,3
2010-01-14,MA,gasolina,7.7880,3
2010-01-14,MG,etanol,11.6990,6
2010-01-14,MG,gasolina,22.0890,8
2010-01-14,MS,etanol,6.4100,3
2010-01-14,MS,gasolina,8.5400,3
2010-01-14,PI,etanol,10.0000,5
2010-01-14,PI,gasolina,20.6400,8
2010-01-14,PR,etanol,7.4180,4
2010-01-14,PR,gasolina,10.5780,4
2010-01-14,RJ,etanol,30.9400,15
2010-01-14,RJ,gasolina,38.5950,14
2010-01-14,RO,etanol,33.1280,17
2010-01-14,RO,gasolina,49.2090,17
2010-01-14,SC,etanol,60.2190,28
2010-01-14,SC,gasolina,74.7590,28
2010-01-14,SP,etanol,100.8350,55
2010-01-14,SP,gasolina,141.5430,55
2010-01-18,AC,etanol,13.3800,6
2010-01-18,AC,gasolina,33.4700,11
2010-01-18,AL,etanol,134.9810,70
2010-01-18,AL,gasolina,188.3950,69
2010-01-18,AM,etanol,98.0900,47
2010-01-18,AM,gasolina,261.8280,96
2010-01-18,AP,etanol,6.8700,3
2010-01-18,AP,gasolina,20.1500,7
2010-01-18,BA,etanol,241.4200,125
2010-01-18,BA,gasolina,344.2510,126
2010-01-18,CE,etanol,32.7180,16
2010-01-18,CE,gasolina,74.8960,27
2010-01-18,ES,etanol,94.1340,43
2010-01-18,ES,gasolina,117.2650,43
2010-01-18,GO,etanol,22.7380,12
2010-01-18,GO,gasolina,32.5080,12
2010-01-18,MA,etanol,42.2280,21
2010-01-18,MA,gasolina,67.9760,25
2010-01-18,MG,etanol,681.6010,330
2010-01-18,MG,gasolina,873.7270,333
2010-01-18,MS,etanol,21.6580,10
2010-01-18,MS,gasolina,28.7480,10
2010-01-18,MT,etanol,33.8270,19
2010-01-18,MT,gasolina,57.1820,20
2010-01-18,PA,etanol,92.3010,41
2010-01-18,PA,gasolina,186.5980,66
2010-01-18,PB,etanol,53.3400,29
2010-01-18,PB,gasolina,72.5190,29
2010-01-18,PE,etanol,185.0770,98
2010-01-18,PE,gasolina,264.0700,101
2010-01-18,PI,etanol,32.7700,16
2010-01-18,PI,gasolina,52.2800,20
2010-01-18,PR,etanol,210.4990,111
2010-01-18,PR,gasolina,290.5120,111
2010-01-18,RJ,etanol,506.4380,241
2010-01-18,RJ,gasolina,656.0290,243
2010-01-18,RN,etanol,21.1790,11
2010-01-18,RN,gasolina,35.8000,14
2010-01-18,RO,etanol,17.1570,8
2010-01-18,RO,gasolina,25.0080,9
2010-01-18,RR,gasolina,11.4100,4
2010-01-18,RS,etanol,742.1820,320
2010-01-18,RS,gasolina,904.3730,344
2010-01-18,SC,etanol,317.5500,148
2010-01-18,SC,gasolina,396.8090,149
2010-01-18,SE,etanol,17.0240,9
2010-01-18,SE,gasolina,25.9170,10
2010-01-18,SP,etanol,1398.4140,767
2010-01-18,SP,gasolina,1914.9880,767
2010-01-19,AC,etanol,4.2300,2
2010-01-19,AC,gasolina,5.7700,2
2010-01-19,AL,etanol,55.4380,30
2010-01-19,AL,gasolina,80.3130,30
2010-01-19,AM,etanol,57.6280,28
2010-01-19,AM,gasolina,78.8430,30
2010-01-19,AP,etanol,2.3500,1
2010-01-19,AP,gasolina,2.8700,1
2010-01-19,BA,etanol,337.0570,172
2010-01-19,BA,gasolina,476.7580,177
2010-01-19,CE,etanol,302.2150,154
2010-01-19,CE,gasolina,422.5850,161
2010-01-19,DF,etanol,15.5900,7
2010-01-19,DF,gasolina,19.6000,7
2010-01-19,ES,etanol,124.7400,58
2010-01-19,ES,gasolina,151.0200,57
2010-01-19,GO,etanol,168.3590,87
2010-01-19,GO,gasolina,234.7710,87
2010-01-19,MA,etanol,69.0610,35
2010-01-19,MA,gasolina,104.5560,40
2010-01-19,MG,etanol,609.1040,300
2010-01-19,MG,gasolina,783.1440,302
2010-01-19,MS,etanol,214.8860,105
2010-01-19,MS,gasolina,275.2410,103
2010-01-19,MT,etanol,226.1580,129
2010-01-19,MT,gasolina,353.8940,127
2010-01-19,PA,etanol,142.6270,64
2010-01-19,PA,gasolina,276.4830,99
2010-01-19,PB,etanol,146.4650,80
2010-01-19,PB,gasolina,199.5700,83
2010-01-19,PE,etanol,369.8280,203
2010-01-19,PE,gasolina,515.3910,203
2010-01-19,PI,etanol,40.7930,20
2010-01-19,PI,gasolina,49.9930,20
2010-01-19,PR,etanol,610.4740,314
2010-01-19,PR,gasolina,822.8900,314
2010-01-19,RJ,etanol,660.4030,318
2010-01-19,RJ,gasolina,868.6510,322
2010-01-19,RN,etanol,181.7590,91
2010-01-19,RN,gasolina,245.4090,92
2010-01-19,RO,etanol,1.8990,1
2010-01-19,RO,gasolina,2.7990,1
2010-01-19,RR,etanol,41.9500,19
2010-01-19,RR,gasolina,59.5800,21
2010-01-19,RS,etanol,419.6020,181
2010-01-19,RS,gasolina,523.2440,197
2010-01-19,SC,etanol,189.1110,87
2010-01-19,SC,gasolina,233.0860,87
2010-01-19,SE,etanol,49.6300,26
2010-01-19,SE,gasolina,74.9100,29
2010-01-19,SP,etanol,1674.4560,916
2010-01-19,SP,gasolina,2307.5310,914
2010-01-20,AC,etanol,42.3600,20
2010-01-20,AC,gasolina,74.1790,25
2010-01-20,BA,etanol,182.3100,93
2010-01-20,BA,gasolina,257.1950,95
2010-01-20,CE,etanol,66.0990,32
2010-01-20,CE,gasolina,92.4000,33
2010-01-20,DF,etanol,24.5300,11
2010-01-20,DF,gasolina,30.4700,11
2010-01-20,ES,etanol,37.5000,17
2010-01-20,ES,gasolina,45.0600,17
2010-01-20,GO,etanol,319.4660,167
2010-01-20,GO,gasolina,449.3640,168
2010-01-20,MA,etanol,76.7140,38
2010-01-20,MA,gasolina,101.6330,40
2010-01-20,MG,etanol,342.9630,170
2010-01-20,MG,gasolina,444.3170,175
2010-01-20,MS,etanol,15.5600,7
2010-01-20,MS,gasolina,19.9500,7
2010-01-20,PA,etanol,10.1100,4
2010-01-20,PA,gasolina,17.6300,6
2010-01-20,PE,etanol,23.4930,13
2010-01-20,PE,gasolina,32.4630,13
2010-01-20,PI,etanol,36.7340,18
2010-01-20,PI,gasolina,53.4390,21
2010-01-20,PR,etanol,112.0980,58
2010-01-20,PR,gasolina,149.1000,58
2010-01-20,RJ,etanol,65.7230,33
2010-01-20,RJ,gasolina,89.1210,33
2010-01-20,RO,etanol,71.4380,36
2010-01-20,RO,gasolina,103.7120,37
2010-01-20,RS,etanol,111.1910,47
2010-01-20,RS,gasolina,132.1470,50
2010-01-20,SC,etanol,228.9160,110
2010-01-20,SC,gasolina,285.5970,110
2010-01-20,SE,etanol,43.4080,22
2010-01-20,SE,gasolina,55.4950,21
2010-01-20,SP,etanol,821.7660,444
2010-01-20,SP,gasolina,1121.7500,444
2010-01-20,TO,etanol,66.7690,35
2010-01-20,TO,gasolina,94.9390,34
2010-01-21,AP,etanol,18.3200,8
2010-01-21,AP,gasolina,25.8900,9
2010-01-21,BA,etanol,23.0080,12
2010-01-21,BA,gasolina,37.9490,14
2010-01-21,DF,etanol,8.9100,4
2010-01-21,DF,gasolina,11.0700,4
2010-01-21,MG,etanol,68.8520,33
2010-01-21,MG,gasolina,86.7960,33
2010-01-21,PB,etanol,8.9800,5
2010-01-21,PB,gasolina,12.4600,5
2010-01-21,PR,etanol,38.7650,21
2010-01-21,PR,gasolina,53.5450,21
2010-01-21,RS,etanol,32.0290,14
2010-01-21,RS,gasolina,37.7220,14
2010-01-21,SP,etanol,51.3050,28
2010-01-21,SP,gasolina,70.5560,28
2010-01-25,AL,etanol,60.6980,30
2010-01-25,AL,gasolina,79.8320,29
2010-01-25,AM,etanol,4.5000,2
2010-01-25,AM,gasolina,8.2000,3
2010-01-25,BA,etanol,145.1630,74
2010-01-25,BA,gasolina,208.3830,78
2010-01-25,CE,etanol,85.2110,43
2010-01-25,CE,gasolina,127.5740,47
2010-01-25,MA,etanol,50.6870,25
2010-01-25,MA,gasolina,61.9650,25
2010-01-25,MG,etanol,289.5590,138
2010-01-25,MG,gasolina,368.0960,139
2010-01-25,MS,etanol,21.7580,10
2010-01-25,MS,gasolina,28.7480,10
2010-01-25,MT,etanol,19.0700,11
2010-01-25,MT,gasolina,30.8500,11
2010-01-25,PB,etanol,86.8900,47
2010-01-25,PB,gasolina,116.2700,48
2010-01-25,PE,etanol,69.8190,37
2010-01-25,PE,gasolina,98.6190,38
2010-01-25,PI,etanol,16.5900,8
2010-01-25,PI,gasolina,19.9600,8
2010-01-25,PR,etanol,361.8900,188
2010-01-25,PR,gasolina,483.6190,187
2010-01-25,RJ,etanol,93.8670,46
2010-01-25,RJ,gasolina,122.6620,46
2010-01-25,RR,etanol,37.5500,17
2010-01-25,RR,gasolina,53.9200,19
2010-01-25,RS,etanol,674.3090,289
2010-01-25,RS,gasolina,821.2520,313
2010-01-25,SC,etanol,302.0090,138
2010-01-25,SC,gasolina,366.9210,138
2010-01-25,SP,etanol,328.5730,178
2010-01-25,SP,gasolina,453.6540,179
2010-01-26,AL,etanol,121.3960,62
2010-01-26,AL,gasolina,168.4760,62
2010-01-26,AM,etanol,14.2300,6
2010-01-26,AM,gasolina,86.9120,30
2010-01-26,AP,etanol,45.7100,20
2010-01-26,AP,gasolina,83.5300,29
2010-01-26,BA,etanol,323.5540,163
2010-01-26,BA,gasolina,449.8210,164
2010-01-26,CE,etanol,193.8070,96
2010-01-26,CE,gasolina,296.6470,108
2010-01-26,ES,etanol,280.9300,126
2010-01-26,ES,gasolina,338.3590,126
2010-01-26,GO,etanol,84.4550,44
2010-01-26,GO,gasolina,118.8320,44
2010-01-26,MA,etanol,86.7430,42
2010-01-26,MA,gasolina,133.5540,50
2010-01-26,MG,etanol,805.9220,386
2010-01-26,MG,gasolina,1013.0540,388
2010-01-26,MS,etanol,120.0430,57
2010-01-26,MS,gasolina,154.1500,55
2010-01-26,MT,etanol,227.8870,130
2010-01-26,MT,gasolina,363.1850,130
2010-01-26,PA,etanol,60.2620,26
2010-01-26,PA,gasolina,139.3460,48
2010-01-26,PB,etanol,20.3300,11
2010-01-26,PB,gasolina,27.8390,11
2010-01-26,PE,etanol,210.2940,113
2010-01-26,PE,gasolina,296.6050,116
2010-01-26,PI,etanol,32.9150,16
2010-01-26,PI,gasolina,45.2400,18
2010-01-26,PR,etanol,404.1470,210
2010-01-26,PR,gasolina,548.4350,210
2010-01-26,RJ,etanol,716.0210,348
2010-01-26,RJ,gasolina,945.7830,353
2010-01-26,RN,etanol,196.9490,98
2010-01-26,RN,gasolina,271.4100,102
2010-01-26,RO,etanol,2.1000,1
2010-01-26,RO,gasolina,2.7990,1
2010-01-26,RR,gasolina,8.5800,3
2010-01-26,RS,etanol,390.1070,166
2010-01-26,RS,gasolina,490.5820,186
2010-01-26,SC,etanol,243.6890,112
2010-01-26,SC,gasolina,295.9620,112
2010-01-26,SE,etanol,88.8170,46
2010-01-26,SE,gasolina,125.1390,48
2010-01-26,SP,etanol,2106.8430,1156
2010-01-26,SP,gasolina,2906.2210,1154
2010-01-27,AC,etanol,67.4720,31
2010-01-27,AC,gasolina,119.2180,40
2010-01-27,AL,etanol,14.9890,8
2010-01-27,AL,gasolina,22.0000,8
2010-01-27,AM,etanol,141.8700,66
2010-01-27,AM,gasolina,240.8760,90
2010-01-27,AP,gasolina,2.8500,1
2010-01-27,BA,etanol,329.9200,167
2010-01-27,BA,gasolina,477.7500,173
2010-01-27,CE,etanol,154.9070,80
2010-01-27,CE,gasolina,205.9700,81
2010-01-27,ES,etanol,59.3800,27
2010-01-27,ES,gasolina,78.6800,29
2010-01-27,GO,etanol,375.8380,192
2010-01-27,GO,gasolina,520.5070,193
2010-01-27,MA,etanol,53.0780,26
2010-01-27,MA,gasolina,102.3330,39
2010-01-27,MG,etanol,596.6890,286
2010-01-27,MG,gasolina,747.9150,289
2010-01-27,MS,etanol,104.5240,51
2010-01-27,MS,gasolina,133.5190,51
2010-01-27,PA,etanol,153.6210,69
2010-01-27,PA,gasolina,283.1020,101
2010-01-27,PB,etanol,106.9770,58
2010-01-27,PB,gasolina,142.7030,59
2010-01-27,PE,etanol,298.9950,161
2010-01-27,PE,gasolina,416.4990,163
2010-01-27,PI,etanol,49.1500,24
2010-01-27,PI,gasolina,71.5600,28
2010-01-27,PR,etanol,178.8240,90
2010-01-27,PR,gasolina,234.9850,89
2010-01-27,RJ,etanol,373.5190,180
2010-01-27,RJ,gasolina,479.3180,180
2010-01-27,RN,etanol,15.4590,8
2010-01-27,RN,gasolina,23.1600,9
2010-01-27,RO,etanol,91.0390,44
2010-01-27,RO,gasolina,128.2590,45
2010-01-27,RR,etanol,6.9500,3
2010-01-27,RR,gasolina,14.1600,5
2010-01-27,RS,etanol,140.5170,59
2010-01-27,RS,gasolina,162.8550,60
2010-01-27,SC,etanol,186.2540,90
2010-01-27,SC,gasolina,234.8070,90
2010-01-27,SE,etanol,5.7900,3
2010-01-27,SE,gasolina,8.0100,3
2010-01-27,SP,etanol,1391.1960,755
2010-01-27,SP,gasolina,1890.2390,752
2010-01-27,TO,etanol,70.4480,35
2010-01-27,TO,gasolina,96.0470,34
2010-01-28,AM,etanol,8.1000,4
2010-01-28,AM,gasolina,10.6000,4
2010-01-28,BA,etanol,13.5990,7
2010-01-28,BA,gasolina,18.6080,7
2010-01-28,DF,etanol,53.0600,24
2010-01-28,DF,gasolina,63.3870,23
2010-01-28,ES,etanol,4.2400,2
2010-01-28,ES,gasolina,5.5300,2
2010-01-28,GO,etanol,85.2460,47
2010-01-28,GO,gasolina,123.1560,47
2010-01-28,MG,etanol,163.7270,81
2010-01-28,MG,gasolina,204.6280,81
2010-01-28,PA,etanol,14.2270,6
2010-01-28,PA,gasolina,45.9320,16
2010-01-28,PB,etanol,1.7900,1
2010-01-28,PB,gasolina,2.3900,1
2010-01-28,PI,etanol,22.3200,11
2010-01-28,PI,gasolina,40.1000,15
2010-01-28,PR,etanol,92.1260,47
2010-01-28,PR,gasolina,125.5020,47
2010-01-28,RJ,etanol,119.6160,57
2010-01-28,RJ,gasolina,160.7730,58
2010-01-28,RO,etanol,15.4000,7
2010-01-28,RO,gasolina,23.9600,9
2010-01-28,RS,etanol,117.7620,51
2010-01-28,RS,gasolina,141.9480,53
2010-01-28,SC,etanol,90.8160,42
2010-01-28,SC,gasolina,114.8080,43
2010-01-28,SE,etanol,15.6290,8
2010-01-28,SE,gasolina,25.4780,10
2010-01-28,SP,etanol,150.8160,82
2010-01-28,SP,gasolina,208.3660,83
2010-02-01,AL,etanol,174.9030,87
2010-02-01,AL,gasolina,240.3380,88
2010-02-01,AM,etanol,85.2280,39
2010-02-01,AM,gasolina,173.1100,64
2010-02-01,AP,gasolina,5.9500,2
2010-02-01,BA,etanol,340.6350,173
2010-02-01,BA,gasolina,490.5880,181
2010-02-01,DF,etanol,1.8990,1
2010-02-01,DF,gasolina,2.5490,1
2010-02-01,ES,etanol,22.2900,10
2010-02-01,ES,gasolina,33.0600,12
2010-02-01,MG,etanol,395.5500,187
2010-02-01,MG,gasolina,496.0440,188
2010-02-01,MS,etanol,40.7260,19
2010-02-01,MS,gasolina,54.1860,19
2010-02-01,MT,etanol,25.6730,13
2010-02-01,MT,gasolina,37.8540,13
2010-02-01,PA,etanol,38.2870,17
2010-02-01,PA,gasolina,71.3460,26
2010-02-01,PB,etanol,71.0200,38
2010-02-01,PB,gasolina,93.3200,38
2010-02-01,PE,etanol,284.2300,152
2010-02-01,PE,gasolina,396.3190,155
2010-02-01,PI,etanol,22.8190,11
2010-02-01,PI,gasolina,30.5290,12
2010-02-01,PR,etanol,133.2090,67
2010-02-01,PR,gasolina,176.1400,66
2010-02-01,RJ,etanol,308.4550,151
2010-02-01,RJ,gasolina,411.4110,154
2010-02-01,RR,etanol,37.5500,17
2010-02-01,RR,gasolina,53.9400,19
2010-02-01,RS,etanol,498.7440,214
2010-02-01,RS,gasolina,580.2220,224
2010-02-01,SC,etanol,166.9260,76
2010-02-01,SC,gasolina,201.9330,76
2010-02-01,SE,etanol,13.7460,7
2010-02-01,SE,gasolina,20.6850,8
2010-02-01,SP,etanol,1369.2570,744
2010-02-01,SP,gasolina,1881.4170,744
2010-02-02,AC,etanol,20.3300,7
2010-02-02,AC,gasolina,33.1100,10
2010-02-02,AL,etanol,17.5300,9
2010-02-02,AL,gasolina,24.1570,9
2010-02-02,AM,etanol,77.2570,36
2010-02-02,AM,gasolina,111.1630,42
2010-02-02,AP,etanol,6.8400,3
2010-02-02,AP,gasolina,20.1300,7
2010-02-02,BA,etanol,230.3210,113
2010-02-02,BA,gasolina,315.8300,113
2010-02-02,CE,etanol,402.8610,202
2010-02-02,CE,gasolina,580.6260,219
2010-02-02,ES,etanol,70.6540,31
2010-02-02,ES,gasolina,83.4530,30
2010-02-02,GO,etanol,117.4620,60
2010-02-02,GO,gasolina,163.5920,60
2010-02-02,MA,etanol,91.5380,42
2010-02-02,MA,gasolina,151.8420,56
2010-02-02,MG,etanol,789.5220,379
2010-02-02,MG,gasolina,989.3430,381
2010-02-02,MS,etanol,54.9000,26
2010-02-02,MS,gasolina,61.0750,23
2010-02-02,MT,etanol,190.2100,108
2010-02-02,MT,gasolina,299.4630,107
2010-02-02,PA,etanol,106.0550,47
2010-02-02,PA,gasolina,242.2590,86
2010-02-02,PB,etanol,35.9000,19
2010-02-02,PB,gasolina,46.5900,19
2010-02-02,PE,etanol,250.6360,131
2010-02-02,PE,gasolina,341.5260,133
2010-02-02,PI,etanol,99.1040,48
2010-02-02,PI,gasolina,145.1590,56
2010-02-02,PR,etanol,673.6950,348
2010-02-02,PR,gasolina,910.6780,346
2010-02-02,RJ,etanol,553.4570,267
2010-02-02,RJ,gasolina,718.1040,269
2010-02-02,RN,etanol,206.0500,103
2010-02-02,RN,gasolina,282.5100,106
2010-02-02,RO,etanol,112.6570,54
2010-02-02,RO,gasolina,155.8690,55
2010-02-02,RS,etanol,490.9630,206
2010-02-02,RS,gasolina,621.1610,232
2010-02-02,SC,etanol,374.5200,171
2010-02-02,SC,gasolina,457.1890,171
2010-02-02,SE,etanol,90.7500,47
2010-02-02,SE,gasolina,127.4010,49
2010-02-02,SP,etanol,2284.4240,1252
2010-02-02,SP,gasolina,3158.2470,1252
2010-02-02,TO,etanol,49.8800,26
2010-02-02,TO,gasolina,71.7580,26
2010-02-03,AC,etanol,71.3200,32
2010-02-03,AC,gasolina,113.1380,38
2010-02-03,AM,etanol,6.6500,3
2010-02-03,AM,gasolina,22.1300,8
2010-02-03,AP,etanol,25.0100,11
2010-02-03,AP,gasolina,37.4000,13
2010-02-03,BA,etanol,211.6490,107
2010-02-03,BA,gasolina,306.7880,111
2010-02-03,CE,etanol,1.8190,1
2010-02-03,CE,gasolina,2.4190,1
2010-02-03,DF,etanol,129.7700,59
2010-02-03,DF,gasolina,162.6100,59
2010-02-03,ES,etanol,236.7000,104
2010-02-03,ES,gasolina,286.1000,106
2010-02-03,GO,etanol,362.4930,186
2010-02-03,GO,gasolina,500.5900,186
2010-02-03,MA,etanol,90.8920,44
2010-02-03,MA,gasolina,122.5720,48
2010-02-03,MG,etanol,510.9870,241
2010-02-03,MG,gasolina,637.8780,244
2010-02-03,MS,etanol,134.6060,64
2010-02-03,MS,gasolina,173.0950,65
2010-02-03,MT,etanol,33.8290,20
2010-02-03,MT,gasolina,53.3010,20
2010-02-03,PA,etanol,14.5970,6
2010-02-03,PA,gasolina,47.3250,16
2010-02-03,PB,etanol,87.5190,47
2010-02-03,PB,gasolina,115.3160,48
2010-02-03,PE,etanol,71.4770,35
2010-02-03,PE,gasolina,97.1040,35
2010-02-03,PI,etanol,38.7580,19
2010-02-03,PI,gasolina,49.7580,20
2010-02-03,PR,etanol,170.6640,88
2010-02-03,PR,gasolina,231.5040,88
2010-02-03,RJ,etanol,295.9170,141
2010-02-03,RJ,gasolina,380.6050,140
2010-02-03,RN,etanol,1.7790,1
2010-02-03,RN,gasolina,2.3200,1
2010-02-03,RR,gasolina,14.2100,5
2010-02-03,RS,etanol,156.5520,65
2010-02-03,RS,gasolina,214.1090,78
2010-02-03,SC,etanol,125.3020,58
2010-02-03,SC,gasolina,153.8400,58
2010-02-03,SP,etanol,258.2800,138
2010-02-03,SP,gasolina,353.9800,138
2010-02-03,TO,etanol,33.1200,16
2010-02-03,TO,gasolina,45.7200,16
2010-02-04,BA,etanol,7.9000,4
2010-02-04,BA,gasolina,11.1900,4
2010-02-04,ES,etanol,13.6100,6
2010-02-04,ES,gasolina,15.9000,6
2010-02-04,MA,etanol,8.3800,4
2010-02-04,MA,gasolina,18.5600,7
2010-02-04,MG,etanol,4.0750,2
2010-02-04,MG,gasolina,5.3690,2
2010-02-04,MS,etanol,15.6600,7
2010-02-04,MS,gasolina,20.3790,7
2010-02-04,PA,etanol,46.2980,19
2010-02-04,PA,gasolina,79.2980,26
2010-02-04,PB,etanol,12.8400,7
2010-02-04,PB,gasolina,17.3300,7
2010-02-04,PR,etanol,23.2640,12
2010-02-04,PR,gasolina,32.7040,12
2010-02-04,RJ,etanol,53.3450,25
2010-02-04,RJ,gasolina,79.2210,28
2010-02-04,RO,etanol,17.6100,8
2010-02-04,RO,gasolina,22.1800,8
2010-02-04,RR,etanol,4.7000,2
2010-02-04,RR,gasolina,8.6000,3
2010-02-04,RS,etanol,59.1120,25
2010-02-04,RS,gasolina,66.9430,25
2010-02-04,SC,etanol,75.9460,34
2010-02-04,SC,gasolina,94.0180,35
2010-02-04,SP,etanol,19.1370,10
2010-02-04,SP,gasolina,26.0470,10
2010-02-08,AC,etanol,17.4900,6
2010-02-08,AC,gasolina,33.0700,10
2010-02-08,AL,etanol,154.2590,76
2010-02-08,AL,gasolina,202.8820,74
2010-02-08,AM,etanol,95.6400,44
2010-02-08,AM,gasolina,181.2150,64
2010-02-08,AP,etanol,2.3500,1
2010-02-08,AP,gasolina,17.5500,6
2010-02-08,BA,etanol,341.7820,171
2010-02-08,BA,gasolina,480.9730,175
2010-02-08,CE,etanol,48.9900,24
2010-02-08,CE,gasolina,90.4700,32
2010-02-08,ES,etanol,72.8300,32
2010-02-08,ES,gasolina,88.4800,32
2010-02-08,MA,etanol,64.4350,30
2010-02-08,MA,gasolina,84.2510,33
2010-02-08,MG,etanol,462.4340,215
2010-02-08,MG,gasolina,576.9320,216
2010-02-08,MS,etanol,21.6770,10
2010-02-08,MS,gasolina,28.7940,10
2010-02-08,MT,etanol,43.0830,23
2010-02-08,MT,gasolina,67.2130,23
2010-02-08,PA,etanol,31.1300,13
2010-02-08,PA,gasolina,74.3700,26
2010-02-08,PB,etanol,64.2400,34
2010-02-08,PB,gasolina,85.9340,35
2010-02-08,PE,etanol,320.8720,164
2010-02-08,PE,gasolina,419.8670,165
2010-02-08,PI,etanol,53.6870,26
2010-02-08,PI,gasolina,78.6880,30
2010-02-08,PR,etanol,214.3190,108
2010-02-08,PR,gasolina,287.5860,108
2010-02-08,RJ,etanol,110.2070,52
2010-02-08,RJ,gasolina,144.5990,52
2010-02-08,RN,etanol,100.1820,49
2010-02-08,RN,gasolina,134.2300,50
2010-02-08,RO,etanol,41.1490,19
2010-02-08,RO,gasolina,55.3060,20
2010-02-08,RR,etanol,4.7000,2
2010-02-08,RR,gasolina,22.9200,8
2010-02-08,RS,etanol,748.4120,314
2010-02-08,RS,gasolina,877.7680,334
2010-02-08,SC,etanol,122.9870,55
2010-02-08,SC,gasolina,144.5330,54
2010-02-08,SE,etanol,32.7650,17
2010-02-08,SE,gasolina,46.3860,18
2010-02-08,SP,etanol,1260.4920,683
2010-02-08,SP,gasolina,1737.3340,681
2010-02-09,AC,etanol,11.6200,5
2010-02-09,AC,gasolina,14.7300,5
2010-02-09,AL,etanol,34.4500,17
2010-02-09,AL,gasolina,56.7660,21
2010-02-09,AM,etanol,79.7000,36
2010-02-09,AM,gasolina,143.4800,51
2010-02-09,AP,etanol,4.4900,2
2010-02-09,AP,gasolina,14.5100,5
2010-02-09,BA,etanol,399.8990,196
2010-02-09,BA,gasolina,554.8270,200
2010-02-09,CE,etanol,329.3540,165
2010-02-09,CE,gasolina,436.3090,166
2010-02-09,ES,etanol,246.5490,108
2010-02-09,ES,gasolina,301.0990,111
2010-02-09,GO,etanol,389.6270,197
2010-02-09,GO,gasolina,537.1850,198
2010-02-09,MA,etanol,117.4120,54
2010-02-09,MA,gasolina,177.3120,67
2010-02-09,MG,etanol,1000.3110,466
2010-02-09,MG,gasolina,1232.0690,470
2010-02-09,MS,etanol,238.6410,113
2010-02-09,MS,gasolina,300.4290,112
2010-02-09,MT,etanol,207.7960,117
2010-02-09,MT,gasolina,323.9880,117
2010-02-09,PA,etanol,124.7890,54
2010-02-09,PA,gasolina,266.9670,93
2010-02-09,PB,etanol,111.9970,59
2010-02-09,PB,gasolina,143.9640,59
2010-02-09,PE,etanol,218.5960,112
2010-02-09,PE,gasolina,291.0350,111
2010-02-09,PI,etanol,51.4730,25
2010-02-09,PI,gasolina,79.4480,31
2010-02-09,PR,etanol,691.7230,357
2010-02-09,PR,gasolina,944.9080,356
2010-02-09,RJ,etanol,818.2360,389
2010-02-09,RJ,gasolina,1072.1060,396
2010-02-09,RN,etanol,64.7450,33
2010-02-09,RN,gasolina,90.8200,34
2010-02-09,RO,etanol,83.9300,40
2010-02-09,RO,gasolina,116.8260,41
2010-02-09,RR,etanol,39.8000,18
2010-02-09,RR,gasolina,59.5900,21
2010-02-09,RS,etanol,432.1740,179
2010-02-09,RS,gasolina,533.0980,198
2010-02-09,SC,etanol,644.0370,282
2010-02-09,SC,gasolina,768.5120,284
2010-02-09,SE,etanol,53.1850,27
2010-02-09,SE,gasolina,72.2120,27
2010-02-09,SP,etanol,2649.5080,1441
2010-02-09,SP,gasolina,3657.1750,1437
2010-02-09,TO,etanol,41.1600,21
2010-02-09,TO,gasolina,61.3970,22
2010-02-10,AC,etanol,63.5700,26
2010-02-10,AC,gasolina,100.0290,33
2010-02-10,AP,etanol,32.2100,14
2010-02-10,AP,gasolina,48.8620,17
2010-02-10,BA,etanol,71.7660,36
2010-02-10,BA,gasolina,101.6860,37
2010-02-10,CE,etanol,30.8280,15
2010-02-10,CE,gasolina,56.4740,20
2010-02-10,DF,etanol,132.1800,60
2010-02-10,DF,gasolina,165.3690,60
2010-02-10,ES,etanol,61.9600,27
2010-02-10,ES,gasolina,73.4500,27
2010-02-10,GO,etanol,75.7080,39
2010-02-10,GO,gasolina,104.3580,39
2010-02-10,MA,etanol,56.0800,26
2010-02-10,MA,gasolina,101.5380,37
2010-02-10,MG,etanol,388.7890,183
2010-02-10,MG,gasolina,479.7960,186
2010-02-10,MS,etanol,12.5880,6
2010-02-10,MS,gasolina,16.8880,6
2010-02-10,PA,etanol,46.8750,21
2010-02-10,PA,gasolina,104.8290,37
2010-02-10,PB,etanol,45.3000,24
2010-02-10,PB,gasolina,57.5000,24
2010-02-10,PE,etanol,95.2880,49
2010-02-10,PE,gasolina,136.6510,52
2010-02-10,PI,etanol,59.3460,29
2010-02-10,PI,gasolina,82.3060,32
2010-02-10,PR,etanol,112.9700,59
2010-02-10,PR,gasolina,153.5300,59
2010-02-10,RJ,etanol,355.5330,167
2010-02-10,RJ,gasolina,452.7150,167
2010-02-10,RN,etanol,62.6000,31
2010-02-10,RN,gasolina,82.5400,31
2010-02-10,RO,etanol,24.0370,11
2010-02-10,RO,gasolina,29.6230,11
2010-02-10,RS,etanol,70.0390,29
2010-02-10,RS,gasolina,87.6370,32
2010-02-10,SC,etanol,74.4150,33
2010-02-10,SC,gasolina,88.1380,33
2010-02-10,SE,etanol,17.9690,9
2010-02-10,SE,gasolina,29.4570,11
2010-02-10,SP,etanol,321.6130,176
2010-02-10,SP,gasolina,447.7090,175
2010-02-10,TO,etanol,33.1200,16
2010-02-10,TO,gasolina,45.7400,16
2010-02-11,ES,etanol,9.4240,4
2010-02-11,ES,gasolina,11.1440,4
2010-02-11,GO,etanol,47.4750,26
2010-02-11,GO,gasolina,68.3760,26
2010-02-11,MG,etanol,115.4760,56
2010-02-11,MG,gasolina,138.2240,56
2010-02-11,MS,etanol,6.4600,3
2010-02-11,MS,gasolina,8.5400,3
2010-02-11,PA,etanol,9.3490,4
2010-02-11,PA,gasolina,18.4790,6
2010-02-11,PR,etanol,32.3200,17
2010-02-11,PR,gasolina,43.5900,17
2010-02-11,RJ,etanol,77.8110,38
2010-02-11,RJ,gasolina,104.9590,38
2010-02-11,RO,etanol,10.8900,5
2010-02-11,RO,gasolina,13.4350,5
2010-02-11,RS,etanol,56.0620,23
2010-02-11,RS,gasolina,64.1030,24
2010-02-11,SC,etanol,27.3860,12
2010-02-11,SC,gasolina,32.1680,12
2010-02-11,SP,etanol,47.7980,26
2010-02-11,SP,gasolina,66.3790,26
2010-02-15,AL,etanol,77.8580,39
2010-02-15,AL,gasolina,108.8330,40
2010-02-15,AM,etanol,8.7000,4
2010-02-15,AM,gasolina,36.3700,13
2010-02-15,AP,gasolina,17.5600,6
2010-02-15,BA,etanol,183.4980,90
2010-02-15,BA,gasolina,269.8700,99
2010-02-15,CE,etanol,6.0100,3
2010-02-15,CE,gasolina,8.2500,3
2010-02-15,ES,etanol,25.6700,11
2010-02-15,ES,gasolina,30.4200,11
2010-02-15,MG,etanol,278.0960,128
2010-02-15,MG,gasolina,352.3310,132
2010-02-15,MS,etanol,61.1180,29
2010-02-15,MS,gasolina,78.1110,29
2010-02-15,MT,etanol,39.7200,22
2010-02-15,MT,gasolina,62.5820,21
2010-02-15,PA,etanol,12.3200,5
2010-02-15,PA,gasolina,18.4400,6
2010-02-15,PB,etanol,49.0100,25
2010-02-15,PB,gasolina,63.5890,26
2010-02-15,PE,etanol,104.7180,54
2010-02-15,PE,gasolina,136.2990,54
2010-02-15,PR,etanol,483.6760,250
2010-02-15,PR,gasolina,657.0810,250
2010-02-15,RJ,etanol,75.5090,37
2010-02-15,RJ,gasolina,102.8740,37
2010-02-15,RN,etanol,13.9600,7
2010-02-15,RN,gasolina,21.4000,8
2010-02-15,RR,etanol,37.7400,17
2010-02-15,RR,gasolina,59.6700,21
2010-02-15,RS,etanol,656.2450,275
2010-02-15,RS,gasolina,752.6090,288
2010-02-15,SC,etanol,359.4590,155
2010-02-15,SC,gasolina,420.1460,155
2010-02-15,SE,etanol,17.8530,9
2010-02-15,SE,gasolina,26.1650,10
2010-02-15,SP,etanol,765.7700,419
2010-02-15,SP,gasolina,1053.4810,418
2010-02-16,AC,etanol,11.8100,4
2010-02-16,AC,gasolina,29.8200,9
2010-02-16,AL,etanol,12.2400,6
2010-02-16,AL,gasolina,19.1000,7
2010-02-16,AM,etanol,73.8690,34
2010-02-16,AM,gasolina,110.1450,40
2010-02-16,AP,etanol,4.6500,2
2010-02-16,AP,gasolina,8.5800,3
2010-02-16,BA,etanol,214.8660,108
2010-02-16,BA,gasolina,291.0050,107
2010-02-16,CE,etanol,264.2920,129
2010-02-16,CE,gasolina,381.3030,141
2010-02-16,ES,etanol,80.9700,35
2010-02-16,ES,gasolina,103.5090,37
2010-02-16,MA,etanol,46.2000,21
2010-02-16,MA,gasolina,83.4280,30
2010-02-16,MG,etanol,401.3800,185
2010-02-16,MG,gasolina,498.1410,188
2010-02-16,MS,etanol,80.7810,38
2010-02-16,MS,gasolina,93.8660,35
2010-02-16,MT,etanol,45.8740,24
2010-02-16,MT,gasolina,69.8250,24
2010-02-16,PA,etanol,11.2090,5
2010-02-16,PA,gasolina,39.6780,14
2010-02-16,PB,etanol,135.4880,72
2010-02-16,PB,gasolina,173.2560,72
2010-02-16,PE,etanol,62.5570,31
2010-02-16,PE,gasolina,96.2270,35
2010-02-16,PI,etanol,51.1000,25
2010-02-16,PI,gasolina,64.9300,26
2010-02-16,PR,etanol,79.8940,40
2010-02-16,PR,gasolina,108.9270,40
2010-02-16,RJ,etanol,238.8040,114
2010-02-16,RJ,gasolina,307.0580,115
2010-02-16,RN,etanol,46.6270,23
2010-02-16,RN,gasolina,60.9490,23
2010-02-16,RS,etanol,151.6430,63
2010-02-16,RS,gasolina,186.7950,70
2010-02-16,SC,etanol,86.2100,39
2010-02-16,SC,gasolina,104.0470,39
2010-02-16,SP,etanol,625.7090,341
2010-02-16,SP,gasolina,858.0990,339
2010-02-17,AL,etanol,115.6030,54
2010-02-17,AL,gasolina,136.7840,50
2010-02-17,AM,etanol,83.7730,38
2010-02-17,AM,gasolina,149.4790,54
2010-02-17,AP,etanol,27.4200,12
2010-02-17,AP,gasolina,55.0200,19
2010-02-17,BA,etanol,327.8110,158
2010-02-17,BA,gasolina,458.3910,163
2010-02-17,CE,etanol,100.5030,49
2010-02-17,CE,gasolina,140.2060,53
2010-02-17,ES,etanol,191.3620,84
2010-02-17,ES,gasolina,228.6940,85
2010-02-17,GO,etanol,182.6480,93
2010-02-17,GO,gasolina,251.9760,93
2010-02-17,MA,etanol,141.4460,66
2010-02-17,MA,gasolina,193.3420,74
2010-02-17,MG,etanol,553.9410,260
2010-02-17,MG,gasolina,680.8930,261
2010-02-17,MS,etanol,88.9090,42
2010-02-17,MS,gasolina,115.1710,42
2010-02-17,MT,etanol,173.5660,93
2010-02-17,MT,gasolina,258.1120,92
2010-02-17,PA,etanol,175.0250,76
2010-02-17,PA,gasolina,348.9010,122
2010-02-17,PB,etanol,46.1790,24
2010-02-17,PB,gasolina,61.0280,24
2010-02-17,PE,etanol,237.6960,121
2010-02-17,PE,gasolina,313.9710,123
2010-02-17,PI,etanol,107.6380,52
2010-02-17,PI,gasolina,167.3740,64
2010-02-17,PR,etanol,434.8530,227
2010-02-17,PR,gasolina,592.9830,227
2010-02-17,RJ,etanol,624.6560,290
2010-02-17,RJ,gasolina,811.2840,296
2010-02-17,RN,etanol,86.8380,44
2010-02-17,RN,gasolina,117.5800,44
2010-02-17,RO,gasolina,2.8500,1
2010-02-17,RR,etanol,4.7000,2
2010-02-17,RR,gasolina,25.4000,9
2010-02-17,RS,etanol,337.0550,139
2010-02-17,RS,gasolina,413.5110,154
2010-02-17,SC,etanol,203.4890,91
2010-02-17,SC,gasolina,245.8560,91
2010-02-17,SE,etanol,73.2990,37
2010-02-17,SE,gasolina,104.1590,39
2010-02-17,SP,etanol,2093.7460,1137
2010-02-17,SP,gasolina,2898.5550,1137
2010-02-18,AC,etanol,56.6390,23
2010-02-18,AC,gasolina,71.5490,24
2010-02-18,AM,etanol,2.3500,1
2010-02-18,AM,gasolina,30.2000,10
2010-02-18,BA,etanol,93.6660,48
2010-02-18,BA,gasolina,135.9130,50
2010-02-18,CE,etanol,26.1810,13
2010-02-18,CE,gasolina,36.4190,13
2010-02-18,DF,etanol,132.1800,60
2010-02-18,DF,gasolina,165.3600,60
2010-02-18,ES,etanol,35.7400,16
2010-02-18,ES,gasolina,43.2200,16
2010-02-18,GO,etanol,288.5160,149
2010-02-18,GO,gasolina,403.0680,150
2010-02-18,MA,etanol,42.6150,20
2010-02-18,MA,gasolina,68.7420,27
2010-02-18,MG,etanol,553.4070,264
2010-02-18,MG,gasolina,685.9440,266
2010-02-18,MS,etanol,46.4880,22
2010-02-18,MS,gasolina,60.3100,23
2010-02-18,PA,etanol,36.5460,16
2010-02-18,PA,gasolina,77.5220,27
2010-02-18,PE,etanol,172.9030,90
2010-02-18,PE,gasolina,228.7140,90
2010-02-18,PI,etanol,8.0180,4
2010-02-18,PI,gasolina,9.9380,4
2010-02-18,PR,etanol,83.1610,42
2010-02-18,PR,gasolina,111.1110,41
2010-02-18,RJ,etanol,370.5440,178
2010-02-18,RJ,gasolina,483.1890,178
2010-02-18,RN,etanol,85.6070,43
2010-02-18,RN,gasolina,114.9100,43
2010-02-18,RO,etanol,147.2920,69
2010-02-18,RO,gasolina,196.6120,70
2010-02-18,RS,etanol,189.2430,77
2010-02-18,RS,gasolina,225.2430,82
2010-02-18,SC,etanol,139.5640,62
2010-02-18,SC,gasolina,168.7120,63
2010-02-18,SE,etanol,19.0620,10
2010-02-18,SE,gasolina,25.7420,10
2010-02-18,SP,etanol,606.7410,328
2010-02-18,SP,gasolina,833.2600,328
2010-02-18,TO,etanol,77.2780,38
2010-02-18,TO,gasolina,113.0190,40
2010-02-19,AC,etanol,22.3390,9
2010-02-19,AC,gasolina,43.5280,14
2010-02-19,BA,etanol,9.9500,5
2010-02-19,BA,gasolina,13.7300,5
2010-02-19,ES,etanol,59.2100,26
2010-02-19,ES,gasolina,69.8500,26
2010-02-19,MA,etanol,17.7190,8
2010-02-19,MA,gasolina,29.8180,11
2010-02-19,MG,etanol,133.8130,61
2010-02-19,MG,gasolina,161.6660,61
2010-02-19,MS,etanol,4.3700,2
2010-02-19,MS,gasolina,8.5400,3
2010-02-19,PB,etanol,1.8990,1
2010-02-19,PB,gasolina,2.3790,1
2010-02-19,PE,etanol,37.0230,18
2010-02-19,PE,gasolina,49.3630,18
2010-02-19,RJ,etanol,30.8110,14
2010-02-19,RJ,gasolina,38.6180,14
2010-02-19,RO,etanol,10.8000,5
2010-02-19,RO,gasolina,13.3480,5
2010-02-19,RS,etanol,4.8300,2
2010-02-19,RS,gasolina,5.2600,2
2010-02-19,SC,etanol,98.1210,43
2010-02-19,SC,gasolina,115.7210,43
2010-02-19,SP,etanol,173.8260,97
2010-02-19,SP,gasolina,243.3720,97
2010-02-22,AL,etanol,109.9600,54
2010-02-22,AL,gasolina,150.0040,55
2010-02-22,AM,etanol,52.1500,23
2010-02-22,AM,gasolina,90.6590,33
2010-02-22,AP,etanol,32.2900,14
2010-02-22,AP,gasolina,51.6800,18
2010-02-22,BA,etanol,366.4350,179
2010-02-22,BA,gasolina,503.6490,183
2010-02-22,CE,etanol,132.0810,64
2010-02-22,CE,gasolina,188.1520,69
2010-02-22,ES,etanol,74.6300,32
2010-02-22,ES,gasolina,95.4390,34
2010-02-22,MA,etanol,126.1290,59
2010-02-22,MA,gasolina,191.7630,74
2010-02-22,MG,etanol,652.7580,302
2010-02-22,MG,gasolina,804.6490,303
2010-02-22,MS,etanol,100.9960,47
2010-02-22,MS,gasolina,119.8110,44
2010-02-22,MT,etanol,4.0490,2
2010-02-22,MT,gasolina,5.9340,2
2010-02-22,PA,etanol,80.6940,34
2010-02-22,PA,gasolina,191.6650,64
2010-02-22,PB,etanol,32.7900,17
2010-02-22,PB,gasolina,42.7300,17
2010-02-22,PE,etanol,126.9820,65
2010-02-22,PE,gasolina,169.9080,66
2010-02-22,PI,etanol,19.0500,9
2010-02-22,PI,gasolina,26.9100,10
2010-02-22,PR,etanol,204.8020,107
2010-02-22,PR,gasolina,280.7380,106
2010-02-22,RJ,etanol,111.3260,54
2010-02-22,RJ,gasolina,150.5970,55
2010-02-22,RN,etanol,18.0090,9
2010-02-22,RN,gasolina,26.6400,10
2010-02-22,RR,etanol,37.5500,17
2010-02-22,RR,gasolina,53.9300,19
2010-02-22,RS,etanol,675.3460,283
2010-02-22,RS,gasolina,805.1110,307
2010-02-22,SC,etanol,31.6490,15
2010-02-22,SC,gasolina,39.8970,15
2010-02-22,SE,etanol,80.2550,41
2010-02-22,SE,gasolina,109.1780,42
2010-02-22,SP,etanol,1141.4390,623
2010-02-22,SP,gasolina,1582.1310,622
2010-02-23,AC,etanol,19.8900,7
2010-02-23,AC,gasolina,52.8700,16
2010-02-23,AL,etanol,102.8520,46
2010-02-23,AL,gasolina,123.8060,45
2010-02-23,AM,etanol,123.4200,57
2010-02-23,AM,gasolina,227.0580,82
2010-02-23,AP,etanol,11.7200,5
2010-02-23,AP,gasolina,46.6900,16
2010-02-23,BA,etanol,305.6930,149
2010-02-23,BA,gasolina,410.9520,150
2010-02-23,CE,etanol,256.0240,124
2010-02-23,CE,gasolina,356.8410,133
2010-02-23,ES,etanol,110.9020,49
2010-02-23,ES,gasolina,138.9340,51
2010-02-23,GO,etanol,162.1630,82
2010-02-23,GO,gasolina,223.7060,82
2010-02-23,MA,etanol,111.3030,51
2010-02-23,MA,gasolina,167.5460,63
2010-02-23,MG,etanol,954.1590,446
2010-02-23,MG,gasolina,1173.6240,451
2010-02-23,MS,etanol,95.8220,46
2010-02-23,MS,gasolina,120.8930,46
2010-02-23,MT,etanol,250.2250,134
2010-02-23,MT,gasolina,379.0190,133
2010-02-23,PA,etanol,94.3620,41
2010-02-23,PA,gasolina,189.8460,68
2010-02-23,PB,etanol,194.3250,101
2010-02-23,PB,gasolina,246.4280,101
2010-02-23,PE,etanol,376.3300,194
2010-02-23,PE,gasolina,508.1860,199
2010-02-23,PI,etanol,50.0400,24
2010-02-23,PI,gasolina,89.8000,34
2010-02-23,PR,etanol,655.7050,342
2010-02-23,PR,gasolina,890.8410,340
2010-02-23,RJ,etanol,567.4600,267
2010-02-23,RJ,gasolina,753.0380,273
2010-02-23,RN,etanol,208.5090,104
2010-02-23,RN,gasolina,281.4800,105
2010-02-23,RO,etanol,153.6430,72
2010-02-23,RO,gasolina,207.4830,74
2010-02-23,RR,etanol,6.8500,3
2010-02-23,RR,gasolina,25.7200,9
2010-02-23,RS,etanol,579.0050,239
2010-02-23,RS,gasolina,694.0720,258
2010-02-23,SC,etanol,610.5020,268
2010-02-23,SC,gasolina,720.8970,269
2010-02-23,SE,etanol,9.7870,5
2010-02-23,SE,gasolina,16.6220,6
2010-02-23,SP,etanol,2495.2290,1374
2010-02-23,SP,gasolina,3464.7980,1372
2010-02-23,TO,etanol,41.0000,21
2010-02-23,TO,gasolina,64.4350,23
2010-02-24,AC,etanol,76.5680,31
2010-02-24,AC,gasolina,95.3870,32
2010-02-24,AP,etanol,6.8900,3
2010-02-24,AP,gasolina,8.6400,3
2010-02-24,BA,etanol,110.7310,55
2010-02-24,BA,gasolina,154.0450,56
2010-02-24,CE,etanol,36.8280,18
2010-02-24,CE,gasolina,46.6810,18
2010-02-24,DF,etanol,131.9800,60
2010-02-24,DF,gasolina,165.3660,60
2010-02-24,ES,etanol,170.6290,75
2010-02-24,ES,gasolina,199.2700,74
2010-02-24,GO,etanol,320.9730,169
2010-02-24,GO,gasolina,452.5100,170
2010-02-24,MA,etanol,14.4700,7
2010-02-24,MA,gasolina,20.8900,8
2010-02-24,MG,etanol,399.6180,193
2010-02-24,MG,gasolina,501.1960,197
2010-02-24,MS,etanol,80.8170,38
2010-02-24,MS,gasolina,110.9040,40
2010-02-24,PA,etanol,29.4140,13
2010-02-24,PA,gasolina,55.3890,20
2010-02-24,PB,etanol,9.6600,5
2010-02-24,PB,gasolina,12.3600,5
2010-02-24,PE,etanol,117.9320,59
2010-02-24,PE,gasolina,154.5910,59
2010-02-24,PI,etanol,70.4820,34
2010-02-24,PI,gasolina,86.3430,35
2010-02-24,PR,etanol,131.4870,70
2010-02-24,PR,gasolina,181.8320,70
2010-02-24,RJ,etanol,637.9020,303
2010-02-24,RJ,gasolina,811.2260,303
2010-02-24,RS,etanol,62.4140,25
2010-02-24,RS,gasolina,70.5490,26
2010-02-24,SC,etanol,228.4700,100
2010-02-24,SC,gasolina,271.3340,100
2010-02-24,SE,etanol,19.9490,10
2010-02-24,SE,gasolina,29.3650,11
2010-02-24,SP,etanol,609.9790,334
2010-02-24,SP,gasolina,835.8620,332
2010-02-24,TO,etanol,33.1200,16
2010-02-24,TO,gasolina,45.7300,16
2010-02-25,BA,etanol,47.1710,22
2010-02-25,BA,gasolina,62.6990,22
2010-02-25,ES,etanol,53.4400,23
2010-02-25,ES,gasolina,65.0800,24
2010-02-25,MG,etanol,10.8290,5
2010-02-25,MG,gasolina,13.2890,5
2010-02-25,MS,etanol,2.1900,1
2010-02-25,MS,gasolina,2.8300,1
2010-02-25,PA,etanol,13.0300,6
2010-02-25,PA,gasolina,40.1700,14
2010-02-25,PE,etanol,1.8990,1
2010-02-25,PE,gasolina,2.4000,1
2010-02-25,PI,etanol,33.3180,16
2010-02-25,PI,gasolina,39.0870,16
2010-02-25,PR,etanol,46.1900,27
2010-02-25,PR,gasolina,65.9500,27
2010-02-25,RJ,etanol,67.2700,32
2010-02-25,RJ,gasolina,87.4730,33
2010-02-25,SC,etanol,13.5900,6
2010-02-25,SC,gasolina,15.9100,6
2010-02-25,SP,etanol,3.7980,2
2010-02-25,SP,gasolina,5.0190,2
2010-03-01,AC,etanol,14.6500,5
2010-03-01,AC,gasolina,33.1800,10
2010-03-01,AL,etanol,104.5300,52
2010-03-01,AL,gasolina,144.2990,53
2010-03-01,AM,etanol,82.4990,37
2010-03-01,AM,gasolina,142.6060,55
2010-03-01,AP,etanol,28.1200,12
2010-03-01,AP,gasolina,60.8700,21
2010-03-01,BA,etanol,326.6890,159
2010-03-01,BA,gasolina,444.3860,162
2010-03-01,CE,etanol,217.1850,106
2010-03-01,CE,gasolina,291.8580,110
2010-03-01,ES,etanol,187.1120,81
2010-03-01,ES,gasolina,231.2430,84
2010-03-01,MA,etanol,89.8650,41
2010-03-01,MA,gasolina,149.1120,55
2010-03-01,MG,etanol,535.6730,249
2010-03-01,MG,gasolina,667.0640,251
2010-03-01,MS,etanol,75.1760,35
2010-03-01,MS,gasolina,85.7650,32
2010-03-01,PB,etanol,82.8100,43
2010-03-01,PB,gasolina,107.6300,44
2010-03-01,PE,etanol,311.7170,162
2010-03-01,PE,gasolina,406.0980,161
2010-03-01,PI,etanol,6.1990,3
2010-03-01,PI,gasolina,7.3500,3
2010-03-01,PR,etanol,197.7730,107
2010-03-01,PR,gasolina,277.3270,106
2010-03-01,RJ,etanol,134.4180,65
2010-03-01,RJ,gasolina,177.6110,65
2010-03-01,RN,etanol,2.0600,1
2010-03-01,RN,gasolina,2.6900,1
2010-03-01,RR,etanol,36.2600,16
2010-03-01,RR,gasolina,56.9000,20
2010-03-01,RS,etanol,702.2450,295
2010-03-01,RS,gasolina,807.3170,308
2010-03-01,SC,etanol,302.0990,135
2010-03-01,SC,gasolina,363.6080,135
2010-03-01,SE,etanol,38.2130,19
2010-03-01,SE,gasolina,58.6160,22
2010-03-01,SP,etanol,734.6760,414
2010-03-01,SP,gasolina,1042.1880,413
2010-03-02,AM,etanol,68.1590,31
2010-03-02,AM,gasolina,129.1470,48
2010-03-02,AP,etanol,7.0700,3
2010-03-02,AP,gasolina,20.3200,7
2010-03-02,BA,etanol,323.2300,160
2010-03-02,BA,gasolina,445.0160,163
2010-03-02,CE,etanol,134.7030,66
2010-03-02,CE,gasolina,199.7500,76
2010-03-02,DF,etanol,127.7600,58
2010-03-02,DF,gasolina,159.8300,58
2010-03-02,ES,etanol,165.4100,73
2010-03-02,ES,gasolina,196.7300,73
2010-03-02,GO,etanol,266.2170,139
2010-03-02,GO,gasolina,371.9960,139
2010-03-02,MA,etanol,91.6130,43
2010-03-02,MA,gasolina,147.0730,57
2010-03-02,MG,etanol,811.5600,386
2010-03-02,MG,gasolina,1004.9790,390
2010-03-02,MS,etanol,186.4800,89
2010-03-02,MS,gasolina,237.1850,89
2010-03-02,MT,etanol,138.9600,74
2010-03-02,MT,gasolina,206.1690,72
2010-03-02,PA,etanol,176.7670,76
2010-03-02,PA,gasolina,391.1200,136
2010-03-02,PB,etanol,134.4270,70
2010-03-02,PB,gasolina,173.3950,71
2010-03-02,PE,etanol,209.0160,108
2010-03-02,PE,gasolina,285.2030,111
2010-03-02,PI,etanol,109.8230,52
2010-03-02,PI,gasolina,169.4130,65
2010-03-02,PR,etanol,591.6120,313
2010-03-02,PR,gasolina,811.9810,311
2010-03-02,RJ,etanol,949.3670,449
2010-03-02,RJ,gasolina,1234.9740,457
2010-03-02,RN,etanol,228.9840,114
2010-03-02,RN,gasolina,312.7420,117
2010-03-02,RO,etanol,71.4600,34
2010-03-02,RO,gasolina,99.0660,35
2010-03-02,RR,etanol,2.3500,1
2010-03-02,RR,gasolina,8.6500,3
2010-03-02,RS,etanol,358.7340,148
2010-03-02,RS,gasolina,476.2110,177
2010-03-02,SC,etanol,261.4850,116
2010-03-02,SC,gasolina,308.6120,116
2010-03-02,SE,etanol,65.1210,33
2010-03-02,SE,gasolina,87.1710,33
2010-03-02,SP,etanol,2300.0520,1289
2010-03-02,SP,gasolina,3263.9390,1288
2010-03-02,TO,etanol,33.1200,16
2010-03-02,TO,gasolina,45.7300,16
2010-03-03,AC,etanol,76.7780,31
2010-03-03,AC,gasolina,112.1470,37
2010-03-03,AL,etanol,95.4320,44
2010-03-03,AL,gasolina,120.4920,44
2010-03-03,AM,etanol,17.7500,8
2010-03-03,AM,gasolina,33.7790,13
2010-03-03,BA,etanol,174.2740,85
2010-03-03,BA,gasolina,244.1950,88
2010-03-03,CE,etanol,33.1080,16
2010-03-03,CE,gasolina,44.0300,16
2010-03-03,DF,etanol,39.8900,20
2010-03-03,DF,gasolina,53.4290,20
2010-03-03,ES,etanol,64.7200,28
2010-03-03,ES,gasolina,78.6600,29
2010-03-03,GO,etanol,210.7730,113
2010-03-03,GO,gasolina,301.3550,114
2010-03-03,MA,etanol,58.6550,28
2010-03-03,MA,gasolina,72.4230,29
2010-03-03,MG,etanol,635.5700,300
2010-03-03,MG,gasolina,782.5840,301
2010-03-03,MS,etanol,17.4800,8
2010-03-03,MS,gasolina,28.6000,10
2010-03-03,MT,etanol,119.9460,64
2010-03-03,MT,gasolina,183.7760,65
2010-03-03,PA,etanol,60.1670,26
2010-03-03,PA,gasolina,109.6540,39
2010-03-03,PE,etanol,110.2070,54
2010-03-03,PE,gasolina,155.7290,57
2010-03-03,PI,etanol,63.1560,30
2010-03-03,PI,gasolina,73.6160,30
2010-03-03,PR,etanol,197.1900,113
2010-03-03,PR,gasolina,285.1990,113
2010-03-03,RJ,etanol,258.5720,124
2010-03-03,RJ,gasolina,339.8810,125
2010-03-03,RO,etanol,86.2640,40
2010-03-03,RO,gasolina,115.1870,41
2010-03-03,RR,gasolina,16.9300,6
2010-03-03,RS,etanol,220.9460,91
2010-03-03,RS,gasolina,249.4490,92
2010-03-03,SC,etanol,261.1460,115
2010-03-03,SC,gasolina,315.1940,117
2010-03-03,SP,etanol,904.0570,501
2010-03-03,SP,gasolina,1266.6760,501
2010-03-03,TO,etanol,75.6090,39
2010-03-03,TO,gasolina,113.3940,40
2010-03-04,CE,etanol,26.4150,13
2010-03-04,CE,gasolina,42.1490,15
2010-03-04,MG,etanol,53.5900,26
2010-03-04,MG,gasolina,67.6690,26
2010-03-04,PR,etanol,21.6330,11
2010-03-04,PR,gasolina,29.4830,11
2010-03-04,RJ,etanol,104.9890,48
2010-03-04,RJ,gasolina,133.6890,48
2010-03-04,RO,etanol,10.9590,5
2010-03-04,RO,gasolina,13.4470,5
2010-03-04,RS,etanol,32.6370,13
2010-03-04,RS,gasolina,36.1770,13
2010-03-04,SC,etanol,20.3680,9
2010-03-04,SC,gasolina,21.8980,8
2010-03-04,SP,etanol,232.5340,130
2010-03-04,SP,gasolina,324.8750,130
2010-03-08,AC,etanol,11.8100,4
2010-03-08,AC,gasolina,33.1500,10
2010-03-08,AL,etanol,153.8390,74
2010-03-08,AL,gasolina,199.5100,73
2010-03-08,AM,etanol,163.2280,74
2010-03-08,AM,gasolina,243.8180,96
2010-03-08,AP,etanol,35.2800,15
2010-03-08,AP,gasolina,78.2300,27
2010-03-08,BA,etanol,393.0580,194
2010-03-08,BA,gasolina,532.0910,197
2010-03-08,CE,etanol,44.5480,22
2010-03-08,CE,gasolina,81.0190,28
2010-03-08,ES,etanol,138.5620,60
2010-03-08,ES,gasolina,171.0330,62
2010-03-08,MA,etanol,48.1490,22
2010-03-08,MA,gasolina,119.1240,44
2010-03-08,MG,etanol,531.5240,252
2010-03-08,MG,gasolina,670.5140,255
2010-03-08,MS,etanol,40.7860,19
2010-03-08,MS,gasolina,54.1750,19
2010-03-08,MT,etanol,25.6970,13
2010-03-08,MT,gasolina,38.2320,13
2010-03-08,PA,etanol,25.6580,11
2010-03-08,PA,gasolina,78.6590,27
2010-03-08,PB,etanol,62.2660,32
2010-03-08,PB,gasolina,79.8140,32
2010-03-08,PE,etanol,69.2690,36
2010-03-08,PE,gasolina,90.7800,36
2010-03-08,PI,etanol,6.6500,3
2010-03-08,PI,gasolina,13.3300,5
2010-03-08,PR,etanol,281.1080,160
2010-03-08,PR,gasolina,410.5610,160
2010-03-08,RJ,etanol,302.5820,145
2010-03-08,RJ,gasolina,415.6970,150
2010-03-08,RN,etanol,1.8900,1
2010-03-08,RN,gasolina,2.4500,1
2010-03-08,RO,etanol,60.6840,28
2010-03-08,RO,gasolina,80.8030,30
2010-03-08,RR,etanol,36.2100,16
2010-03-08,RR,gasolina,76.5100,27
2010-03-08,RS,etanol,478.3570,203
2010-03-08,RS,gasolina,560.9840,215
2010-03-08,SC,etanol,270.2150,123
2010-03-08,SC,gasolina,324.9270,123
2010-03-08,SE,etanol,14.1640,7
2010-03-08,SE,gasolina,21.0250,8
2010-03-08,SP,etanol,954.4370,560
2010-03-08,SP,gasolina,1402.6440,559
2010-03-09,AC,etanol,2.5500,1
2010-03-09,AC,gasolina,2.9400,1
2010-03-09,AL,etanol,51.4970,24
2010-03-09,AL,gasolina,65.4410,24
2010-03-09,AM,etanol,15.2800,6
2010-03-09,AM,gasolina,56.9400,20
2010-03-09,AP,etanol,7.0900,3
2010-03-09,AP,gasolina,8.6300,3
2010-03-09,BA,etanol,298.2780,147
2010-03-09,BA,gasolina,408.4480,148
2010-03-09,CE,etanol,339.3570,167
2010-03-09,CE,gasolina,451.0350,174
2010-03-09,DF,etanol,132.8900,62
2010-03-09,DF,gasolina,169.0890,62
2010-03-09,ES,etanol,50.5600,22
2010-03-09,ES,gasolina,65.2800,24
2010-03-09,GO,etanol,219.3570,113
2010-03-09,GO,gasolina,307.2090,113
2010-03-09,MA,etanol,82.8790,38
2010-03-09,MA,gasolina,118.8250,44
2010-03-09,MG,etanol,863.4500,417
2010-03-09,MG,gasolina,1078.4390,417
2010-03-09,MS,etanol,189.3940,91
2010-03-09,MS,gasolina,231.3460,88
2010-03-09,MT,etanol,106.2660,57
2010-03-09,MT,gasolina,163.8890,56
2010-03-09,PA,etanol,178.5060,77
2010-03-09,PA,gasolina,347.3010,121
2010-03-09,PB,etanol,168.6890,88
2010-03-09,PB,gasolina,215.7450,89
2010-03-09,PE,etanol,479.8120,246
2010-03-09,PE,gasolina,651.6080,252
2010-03-09,PI,etanol,87.4100,41
2010-03-09,PI,gasolina,141.3900,54
2010-03-09,PR,etanol,412.2360,230
2010-03-09,PR,gasolina,588.3610,227
2010-03-09,RJ,etanol,657.3300,313
2010-03-09,RJ,gasolina,863.1600,318
2010-03-09,RN,etanol,166.6470,80
2010-03-09,RN,gasolina,220.0600,82
2010-03-09,RO,etanol,92.1470,44
2010-03-09,RO,gasolina,128.7530,45
2010-03-09,RR,etanol,6.7500,3
2010-03-09,RR,gasolina,11.5000,4
2010-03-09,RS,etanol,553.9400,234
2010-03-09,RS,gasolina,709.1530,265
2010-03-09,SC,etanol,324.1490,148
2010-03-09,SC,gasolina,397.9790,150
2010-03-09,SE,etanol,71.2350,36
2010-03-09,SE,gasolina,97.3660,37
2010-03-09,SP,etanol,2409.7960,1411
2010-03-09,SP,gasolina,3538.9740,1410
2010-03-09,TO,etanol,73.9400,37
2010-03-09,TO,gasolina,105.5390,37
2010-03-10,AC,etanol,75.9200,31
2010-03-10,AC,gasolina,114.7300,38
2010-03-10,BA,etanol,133.6730,64
2010-03-10,BA,gasolina,183.4140,65
2010-03-10,CE,etanol,26.8630,13
2010-03-10,CE,gasolina,45.2750,16
2010-03-10,DF,etanol,35.1800,16
2010-03-10,DF,gasolina,44.1300,16
2010-03-10,ES,etanol,227.9000,100
2010-03-10,ES,gasolina,266.3600,99
2010-03-10,GO,etanol,247.5670,136
2010-03-10,GO,gasolina,363.0850,137
2010-03-10,MA,etanol,98.2500,46
2010-03-10,MA,gasolina,122.6480,50
2010-03-10,MG,etanol,607.4610,292
2010-03-10,MG,gasolina,763.5900,297
2010-03-10,MS,etanol,32.2220,15
2010-03-10,MS,gasolina,42.9300,15
2010-03-10,MT,etanol,127.4730,68
2010-03-10,MT,gasolina,188.9930,68
2010-03-10,PA,etanol,47.3260,20
2010-03-10,PA,gasolina,80.5790,29
2010-03-10,PE,etanol,56.7630,30
2010-03-10,PE,gasolina,74.3250,30
2010-03-10,PI,etanol,62.5840,30
2010-03-10,PI,gasolina,76.2220,31
2010-03-10,PR,etanol,285.3320,165
2010-03-10,PR,gasolina,422.8450,165
2010-03-10,RJ,etanol,488.1650,234
2010-03-10,RJ,gasolina,634.9940,235
2010-03-10,RN,etanol,65.8280,33
2010-03-10,RN,gasolina,93.6700,35
2010-03-10,RO,etanol,37.2680,17
2010-03-10,RO,gasolina,47.2410,17
2010-03-10,RS,etanol,252.1640,105
2010-03-10,RS,gasolina,287.8350,107
2010-03-10,SC,etanol,221.3210,99
2010-03-10,SC,gasolina,266.8810,99
2010-03-10,SE,etanol,17.9700,9
2010-03-10,SE,gasolina,26.5270,10
2010-03-10,SP,etanol,699.8230,405
2010-03-10,SP,gasolina,1021.8930,404
2010-03-10,TO,etanol,20.7750,11
2010-03-10,TO,gasolina,36.4460,13
2010-03-11,MA,etanol,14.7400,7
2010-03-11,MA,gasolina,20.8900,8
2010-03-11,MG,etanol,2.0990,1
2010-03-11,MG,gasolina,2.5990,1
2010-03-11,MS,etanol,17.4800,8
2010-03-11,MS,gasolina,28.6000,10
2010-03-11,PE,etanol,27.9230,15
2010-03-11,PE,gasolina,37.0750,15
2010-03-11,PI,etanol,19.4680,9
2010-03-11,PI,gasolina,22.3880,9
2010-03-11,PR,etanol,4.9880,3
2010-03-11,PR,gasolina,7.5880,3
2010-03-11,RJ,etanol,15.7340,8
2010-03-11,RJ,gasolina,20.6440,8
2010-03-11,SC,etanol,15.5870,7
2010-03-11,SC,gasolina,18.7980,7
2010-03-11,SP,etanol,5.3690,3
2010-03-11,SP,gasolina,7.4000,3
2010-03-15,AL,etanol,149.4160,73
2010-03-15,AL,gasolina,198.8820,73
2010-03-15,AM,etanol,32.7300,15
2010-03-15,AM,gasolina,45.8370,18
2010-03-15,AP,etanol,40.0400,17
2010-03-15,AP,gasolina,69.2200,24
2010-03-15,BA,etanol,497.5410,251
2010-03-15,BA,gasolina,695.2060,254
2010-03-15,CE,etanol,89.4880,44
2010-03-15,CE,gasolina,148.1210,55
2010-03-15,ES,etanol,135.3820,59
2010-03-15,ES,gasolina,171.2140,62
2010-03-15,GO,etanol,37.7280,20
2010-03-15,GO,gasolina,55.3970,20
2010-03-15,MA,etanol,85.6060,40
2010-03-15,MA,gasolina,161.4390,60
2010-03-15,MG,etanol,541.3030,266
2010-03-15,MG,gasolina,704.4070,270
2010-03-15,MS,etanol,91.1540,45
2010-03-15,MS,gasolina,116.8550,45
2010-03-15,MT,etanol,42.6900,23
2010-03-15,MT,gasolina,67.7520,23
2010-03-15,PA,gasolina,21.1500,7
2010-03-15,PB,etanol,98.5450,52
2010-03-15,PB,gasolina,127.4240,52
2010-03-15,PE,etanol,143.1360,76
2010-03-15,PE,gasolina,188.9490,76
2010-03-15,PI,etanol,46.6290,22
2010-03-15,PI,gasolina,71.1470,28
2010-03-15,PR,etanol,286.1790,170
2010-03-15,PR,gasolina,427.1730,170
2010-03-15,RJ,etanol,279.4000,139
2010-03-15,RJ,gasolina,389.2520,142
2010-03-15,RN,etanol,18.0640,9
2010-03-15,RN,gasolina,26.7000,10
2010-03-15,RS,etanol,610.9870,268
2010-03-15,RS,gasolina,773.7730,295
2010-03-15,SC,etanol,350.5890,168
2010-03-15,SC,gasolina,436.4790,168
2010-03-15,SE,etanol,80.6780,41
2010-03-15,SE,gasolina,115.3920,44
2010-03-15,SP,etanol,1327.3410,820
2010-03-15,SP,gasolina,2051.2840,820
2010-03-16,AC,etanol,21.1500,8
2010-03-16,AC,gasolina,48.4500,15
2010-03-16,AL,etanol,51.4790,24
2010-03-16,AL,gasolina,65.8190,24
2010-03-16,AM,etanol,96.1280,43
2010-03-16,AM,gasolina,206.4660,78
2010-03-16,AP,etanol,2.3500,1
2010-03-16,AP,gasolina,17.7900,6
2010-03-16,BA,etanol,169.5580,86
2010-03-16,BA,gasolina,238.1070,87
2010-03-16,CE,etanol,288.1680,142
2010-03-16,CE,gasolina,382.0500,144
2010-03-16,DF,etanol,171.9590,80
2010-03-16,DF,gasolina,218.8280,80
2010-03-16,ES,etanol,97.1000,43
2010-03-16,ES,gasolina,116.7300,43
2010-03-16,GO,etanol,254.0000,134
2010-03-16,GO,gasolina,365.3790,135
2010-03-16,MA,etanol,138.6890,67
2010-03-16,MA,gasolina,196.8970,78
2010-03-16,MG,etanol,792.1930,385
2010-03-16,MG,gasolina,1011.9500,392
2010-03-16,MS,etanol,116.6000,56
2010-03-16,MS,gasolina,145.2140,53
2010-03-16,MT,etanol,175.7840,93
2010-03-16,MT,gasolina,261.8990,92
2010-03-16,PA,etanol,120.7940,53
2010-03-16,PA,gasolina,247.4950,88
2010-03-16,PB,etanol,62.0260,32
2010-03-16,PB,gasolina,80.1640,33
2010-03-16,PE,etanol,303.3140,154
2010-03-16,PE,gasolina,407.1790,157
2010-03-16,PI,etanol,63.5450,30
2010-03-16,PI,gasolina,99.6430,39
2010-03-16,PR,etanol,301.9910,186
2010-03-16,PR,gasolina,474.3050,185
2010-03-16,RJ,etanol,460.3000,226
2010-03-16,RJ,gasolina,608.1530,224
2010-03-16,RN,etanol,170.0580,84
2010-03-16,RN,gasolina,227.5290,85
2010-03-16,RO,etanol,70.6840,33
2010-03-16,RO,gasolina,95.7630,35
2010-03-16,RR,etanol,41.0000,18
2010-03-16,RR,gasolina,62.3600,22
2010-03-16,RS,etanol,286.8020,123
2010-03-16,RS,gasolina,366.1140,136
2010-03-16,SC,etanol,357.8060,163
2010-03-16,SC,gasolina,439.5230,163
2010-03-16,SE,etanol,21.9080,11
2010-03-16,SE,gasolina,34.7050,13
2010-03-16,SP,etanol,1932.5020,1192
2010-03-16,SP,gasolina,2985.1460,1192
2010-03-16,TO,etanol,60.5500,30
2010-03-16,TO,gasolina,85.8190,30
2010-03-17,AC,etanol,69.5300,28
2010-03-17,AC,gasolina,101.6400,34
2010-03-17,AM,etanol,39.2400,18
2010-03-17,AM,gasolina,47.6090,20
2010-03-17,BA,etanol,143.0190,71
2010-03-17,BA,gasolina,206.0000,74
2010-03-17,CE,etanol,38.8560,19
2010-03-17,CE,gasolina,46.6620,19
2010-03-17,ES,etanol,147.1700,66
2010-03-17,ES,gasolina,178.1000,66
2010-03-17,GO,etanol,123.9870,76
2010-03-17,GO,gasolina,197.7780,76
2010-03-17,MA,etanol,14.7400,7
2010-03-17,MA,gasolina,20.8900,8
2010-03-17,MG,etanol,490.1820,241
2010-03-17,MG,gasolina,621.9510,242
2010-03-17,MS,etanol,47.0100,24
2010-03-17,MS,gasolina,63.4850,24
2010-03-17,MT,etanol,45.1000,24
2010-03-17,MT,gasolina,66.7590,24
2010-03-17,PA,etanol,81.4700,35
2010-03-17,PA,gasolina,167.6160,59
2010-03-17,PB,etanol,49.6300,26
2010-03-17,PB,gasolina,63.7480,26
2010-03-17,PE,etanol,147.2210,78
2010-03-17,PE,gasolina,196.4990,78
2010-03-17,PI,etanol,35.5970,17
2010-03-17,PI,gasolina,42.0270,17
2010-03-17,PR,etanol,259.3670,157
2010-03-17,PR,gasolina,392.4450,153
2010-03-17,RJ,etanol,380.5700,190
2010-03-17,RJ,gasolina,506.7770,190
2010-03-17,RN,etanol,47.1270,23
2010-03-17,RN,gasolina,64.2290,24
2010-03-17,RO,etanol,82.3800,39
2010-03-17,RO,gasolina,114.4560,40
2010-03-17,RR,etanol,2.3500,1
2010-03-17,RR,gasolina,26.0600,9
2010-03-17,RS,etanol,282.0910,120
2010-03-17,RS,gasolina,342.5470,128
2010-03-17,SC,etanol,124.6290,56
2010-03-17,SC,gasolina,149.2580,56
2010-03-17,SP,etanol,432.6010,261
2010-03-17,SP,gasolina,650.6290,259
2010-03-17,TO,etanol,49.2540,26
2010-03-17,TO,gasolina,78.5630,28
2010-03-18,AM,gasolina,2.9500,1
2010-03-18,CE,etanol,2.0900,1
2010-03-18,CE,gasolina,2.5990,1
2010-03-18,ES,etanol,39.8520,18
2010-03-18,ES,gasolina,48.0000,18
2010-03-18,GO,etanol,26.3870,16
2010-03-18,GO,gasolina,39.7460,16
2010-03-18,MG,etanol,134.2180,68
2010-03-18,MG,gasolina,169.9210,66
2010-03-18,MS,etanol,17.2800,8
2010-03-18,MS,gasolina,28.6000,10
2010-03-18,MT,etanol,1.8800,1
2010-03-18,MT,gasolina,2.7800,1
2010-03-18,PA,etanol,41.0180,17
2010-03-18,PA,gasolina,80.7630,27
2010-03-18,PB,etanol,5.6700,3
2010-03-18,PB,gasolina,7.4200,3
2010-03-18,PE,etanol,25.4970,13
2010-03-18,PE,gasolina,40.6460,15
2010-03-18,PI,etanol,30.6000,14
2010-03-18,PI,gasolina,45.8400,17
2010-03-18,PR,etanol,82.7990,45
2010-03-18,PR,gasolina,121.0090,45
2010-03-18,RJ,etanol,298.0450,150
2010-03-18,RJ,gasolina,416.0580,154
2010-03-18,RO,etanol,41.5150,19
2010-03-18,RO,gasolina,52.2780,19
2010-03-18,RS,etanol,105.0910,45
2010-03-18,RS,gasolina,125.0150,46
2010-03-18,SP,etanol,185.5090,110
2010-03-18,SP,gasolina,275.3410,109
2010-03-22,AC,etanol,17.4900,6
2010-03-22,AC,gasolina,33.1800,10
2010-03-22,AL,etanol,179.0980,88
2010-03-22,AL,gasolina,240.8200,88
2010-03-22,AM,etanol,19.0200,8
2010-03-22,AM,gasolina,50.7700,18
2010-03-22,AP,etanol,42.2270,18
2010-03-22,AP,gasolina,87.0700,30
2010-03-22,BA,etanol,437.3520,225
2010-03-22,BA,gasolina,629.1920,232
2010-03-22,ES,etanol,113.3020,50
2010-03-22,ES,gasolina,145.9240,53
2010-03-22,MA,etanol,101.8340,48
2010-03-22,MA,gasolina,181.2750,67
2010-03-22,MG,etanol,543.9210,271
2010-03-22,MG,gasolina,718.9670,273
2010-03-22,MS,etanol,100.5640,49
2010-03-22,MS,gasolina,127.1210,46
2010-03-22,PA,etanol,57.6540,25
2010-03-22,PA,gasolina,141.1400,48
2010-03-22,PB,etanol,95.6680,50
2010-03-22,PB,gasolina,124.2180,50
2010-03-22,PE,etanol,348.8290,185
2010-03-22,PE,gasolina,470.8840,187
2010-03-22,PI,etanol,18.9800,9
2010-03-22,PI,gasolina,38.9000,15
2010-03-22,PR,etanol,177.2350,112
2010-03-22,PR,gasolina,281.8940,112
2010-03-22,RJ,etanol,260.5350,130
2010-03-22,RJ,gasolina,359.7940,133
2010-03-22,RN,etanol,4.1400,2
2010-03-22,RN,gasolina,5.3400,2
2010-03-22,RR,etanol,16.2600,7
2010-03-22,RR,gasolina,28.4500,10
2010-03-22,RS,etanol,425.0390,195
2010-03-22,RS,gasolina,551.9800,210
2010-03-22,SC,etanol,122.1880,62
2010-03-22,SC,gasolina,154.1610,62
2010-03-22,SE,etanol,59.9120,30
2010-03-22,SE,gasolina,85.0000,32
2010-03-22,SP,etanol,749.7300,484
2010-03-22,SP,gasolina,1226.8070,485
2010-03-23,AC,etanol,24.5900,10
2010-03-23,AC,gasolina,49.8200,16
2010-03-23,AL,etanol,16.4200,8
2010-03-23,AL,gasolina,21.3390,8
2010-03-23,AM,etanol,150.0060,69
2010-03-23,AM,gasolina,261.3890,95
2010-03-23,BA,etanol,246.0830,126
2010-03-23,BA,gasolina,351.9430,127
2010-03-23,CE,etanol,316.5750,159
2010-03-23,CE,gasolina,451.4880,173
2010-03-23,ES,etanol,52.0900,24
2010-03-23,ES,gasolina,69.1000,25
2010-03-23,GO,etanol,278.3460,157
2010-03-23,GO,gasolina,424.6090,158
2010-03-23,MA,etanol,127.4560,62
2010-03-23,MA,gasolina,186.8620,73
2010-03-23,MG,etanol,889.0980,452
2010-03-23,MG,gasolina,1173.4180,457
2010-03-23,MS,etanol,124.4960,68
2010-03-23,MS,gasolina,175.1370,68
2010-03-23,MT,etanol,184.2190,98
2010-03-23,MT,gasolina,283.2240,98
2010-03-23,PA,etanol,163.1910,70
2010-03-23,PA,gasolina,323.2900,114
2010-03-23,PB,etanol,129.8030,68
2010-03-23,PB,gasolina,164.1580,68
2010-03-23,PE,etanol,231.4460,117
2010-03-23,PE,gasolina,321.5460,122
2010-03-23,PI,etanol,61.0280,28
2010-03-23,PI,gasolina,100.6880,38
2010-03-23,PR,etanol,453.1350,281
2010-03-23,PR,gasolina,708.7110,276
2010-03-23,RJ,etanol,910.0920,460
2010-03-23,RJ,gasolina,1255.2400,464
2010-03-23,RN,etanol,231.7690,114
2010-03-23,RN,gasolina,310.7660,116
2010-03-23,RO,etanol,102.2190,47
2010-03-23,RO,gasolina,130.2430,48
2010-03-23,RR,etanol,32.6800,14
2010-03-23,RR,gasolina,62.7300,22
2010-03-23,RS,etanol,541.4640,248
2010-03-23,RS,gasolina,725.2090,271
2010-03-23,SC,etanol,491.8760,233
2010-03-23,SC,gasolina,620.2070,235
2010-03-23,SE,etanol,43.1680,22
2010-03-23,SE,gasolina,60.3060,23
2010-03-23,SP,etanol,2446.1450,1605
2010-03-23,SP,gasolina,3975.2120,1599
2010-03-23,TO,etanol,57.8880,31
2010-03-23,TO,gasolina,87.1870,31
2010-03-24,AC,etanol,57.1400,23
2010-03-24,AC,gasolina,67.3190,23
2010-03-24,AM,etanol,4.5000,2
2010-03-24,AM,gasolina,8.3200,3
2010-03-24,BA,etanol,50.6410,26
2010-03-24,BA,gasolina,75.2220,27
2010-03-24,CE,etanol,91.2930,45
2010-03-24,CE,gasolina,121.8900,46
2010-03-24,DF,etanol,171.5500,80
2010-03-24,DF,gasolina,218.8190,80
2010-03-24,ES,etanol,204.1020,94
2010-03-24,ES,gasolina,251.8200,94
2010-03-24,GO,etanol,123.5390,81
2010-03-24,GO,gasolina,205.3780,81
2010-03-24,MG,etanol,457.3800,239
2010-03-24,MG,gasolina,608.6640,242
2010-03-24,MS,etanol,32.8880,16
2010-03-24,MS,gasolina,51.1290,18
2010-03-24,MT,etanol,76.5740,41
2010-03-24,MT,gasolina,114.0440,41
2010-03-24,PA,etanol,20.5180,9
2010-03-24,PA,gasolina,45.2440,16
2010-03-24,PB,etanol,1.7800,1
2010-03-24,PB,gasolina,2.2900,1
2010-03-24,PE,etanol,37.9270,20
2010-03-24,PE,gasolina,52.9700,20
2010-03-24,PI,etanol,71.8020,35
2010-03-24,PI,gasolina,85.9710,35
2010-03-24,PR,etanol,182.6230,121
2010-03-24,PR,gasolina,302.1300,121
2010-03-24,RJ,etanol,228.8910,117
2010-03-24,RJ,gasolina,312.2210,117
2010-03-24,RO,etanol,92.3100,44
2010-03-24,RO,gasolina,129.4660,45
2010-03-24,RS,etanol,133.1450,63
2010-03-24,RS,gasolina,179.6770,68
2010-03-24,SC,etanol,190.0140,90
2010-03-24,SC,gasolina,240.7370,90
2010-03-24,SE,etanol,1.9790,1
2010-03-24,SE,gasolina,2.6390,1
2010-03-24,SP,etanol,415.3080,262
2010-03-24,SP,gasolina,658.2230,262
2010-03-24,TO,etanol,44.6700,23
2010-03-24,TO,gasolina,71.1580,25
2010-03-25,BA,etanol,47.5440,23
2010-03-25,BA,gasolina,73.9440,26
2010-03-25,ES,etanol,35.7400,16
2010-03-25,ES,gasolina,43.4400,16
2010-03-25,GO,etanol,24.7970,15
2010-03-25,GO,gasolina,37.1560,15
2010-03-25,MA,etanol,14.7400,7
2010-03-25,MA,gasolina,20.6990,8
2010-03-25,MG,etanol,7.7380,4
2010-03-25,MG,gasolina,9.8980,4
2010-03-25,PA,etanol,4.4890,2
2010-03-25,PA,gasolina,11.5480,4
2010-03-25,PI,etanol,24.6090,12
2010-03-25,PI,gasolina,29.5250,12
2010-03-25,PR,etanol,65.0180,42
2010-03-25,PR,gasolina,105.0460,42
2010-03-25,RJ,etanol,3.6980,2
2010-03-25,RJ,gasolina,5.1880,2
2010-03-25,RS,etanol,101.9790,47
2010-03-25,RS,gasolina,144.7660,55
2010-03-25,SP,etanol,38.2620,26
2010-03-25,SP,gasolina,65.2520,26
2010-03-29,AC,etanol,20.3300,7
2010-03-29,AC,gasolina,33.1800,10
2010-03-29,AL,etanol,27.9100,14
2010-03-29,AL,gasolina,40.6800,15
2010-03-29,AM,etanol,84.8790,39
2010-03-29,AM,gasolina,162.0490,59
2010-03-29,AP,etanol,39.4700,17
2010-03-29,AP,gasolina,86.8750,30
2010-03-29,BA,etanol,207.2450,109
2010-03-29,BA,gasolina,306.8280,114
2010-03-29,ES,etanol,146.8880,67
2010-03-29,ES,gasolina,195.6440,71
2010-03-29,MA,etanol,123.9340,58
2010-03-29,MA,gasolina,231.4800,85
2010-03-29,MG,etanol,715.3250,364
2010-03-29,MG,gasolina,964.9270,368
2010-03-29,MS,etanol,49.3350,25
2010-03-29,MS,gasolina,66.2130,25
2010-03-29,MT,etanol,25.0640,13
2010-03-29,MT,gasolina,37.6370,13
2010-03-29,PA,etanol,116.5340,49
2010-03-29,PA,gasolina,240.5920,82
2010-03-29,PB,etanol,115.2570,60
2010-03-29,PB,gasolina,153.2870,62
2010-03-29,PE,etanol,167.6590,90
2010-03-29,PE,gasolina,244.4140,92
2010-03-29,PI,etanol,34.4400,16
2010-03-29,PI,gasolina,66.1700,25
2010-03-29,PR,etanol,270.1360,171
2010-03-29,PR,gasolina,428.2310,166
2010-03-29,RJ,etanol,149.8600,78
2010-03-29,RJ,gasolina,212.1300,78
2010-03-29,RO,etanol,41.4970,19
2010-03-29,RO,gasolina,52.3890,19
2010-03-29,RR,etanol,9.1400,4
2010-03-29,RR,gasolina,14.1900,5
2010-03-29,RS,etanol,611.0250,296
2010-03-29,RS,gasolina,841.4440,324
2010-03-29,SC,etanol,296.4320,145
2010-03-29,SC,gasolina,376.8480,145
2010-03-29,SE,etanol,70.2710,36
2010-03-29,SE,gasolina,91.4360,35
2010-03-29,SP,etanol,953.7740,648
2010-03-29,SP,gasolina,1620.7450,650
2010-03-30,AC,etanol,4.9800,2
2010-03-30,AC,gasolina,6.0800,2
2010-03-30,AL,etanol,75.1100,38
2010-03-30,AL,gasolina,103.3330,38
2010-03-30,AM,etanol,66.9890,31
2010-03-30,AM,gasolina,105.7650,39
2010-03-30,BA,etanol,380.8830,199
2010-03-30,BA,gasolina,557.3730,203
2010-03-30,CE,etanol,363.9940,185
2010-03-30,CE,gasolina,531.3680,205
2010-03-30,ES,etanol,111.5900,55
2010-03-30,ES,gasolina,145.5900,55
2010-03-30,GO,etanol,253.7780,144
2010-03-30,GO,gasolina,387.3290,144
2010-03-30,MA,etanol,78.4070,41
2010-03-30,MA,gasolina,100.2770,43
2010-03-30,MG,etanol,887.0750,471
2010-03-30,MG,gasolina,1210.5870,478
2010-03-30,MS,etanol,160.4610,86
2010-03-30,MS,gasolina,219.1450,83
2010-03-30,MT,etanol,138.0150,75
2010-03-30,MT,gasolina,217.4370,76
2010-03-30,PA,etanol,116.1410,52
2010-03-30,PA,gasolina,234.2320,85
2010-03-30,PB,etanol,106.1200,57
2010-03-30,PB,gasolina,136.1980,57
2010-03-30,PE,etanol,353.5260,183
2010-03-30,PE,gasolina,484.7330,184
2010-03-30,PI,etanol,74.3480,35
2010-03-30,PI,gasolina,110.1770,43
2010-03-30,PR,etanol,455.4430,301
2010-03-30,PR,gasolina,754.8330,301
2010-03-30,RJ,etanol,923.0160,483
2010-03-30,RJ,gasolina,1316.3900,488
2010-03-30,RN,etanol,230.5850,116
2010-03-30,RN,gasolina,316.0300,118
2010-03-30,RO,etanol,10.7080,6
2010-03-30,RO,gasolina,16.6790,6
2010-03-30,RR,etanol,32.9300,14
2010-03-30,RR,gasolina,57.0100,20
2010-03-30,RS,etanol,339.9090,160
2010-03-30,RS,gasolina,461.2570,171
2010-03-30,SC,etanol,313.8150,159
2010-03-30,SC,gasolina,410.7280,161
2010-03-30,SE,etanol,18.1740,9
2010-03-30,SE,gasolina,26.6510,10
2010-03-30,SP,etanol,2058.7300,1423
2010-03-30,SP,gasolina,3525.1060,1422
2010-03-30,TO,etanol,55.7170,30
2010-03-30,TO,gasolina,84.0770,30
2010-03-31,AC,etanol,72.2000,29
2010-03-31,AC,gasolina,108.0100,36
2010-03-31,AL,etanol,93.7340,46
2010-03-31,AL,gasolina,120.6040,44
2010-03-31,AM,etanol,9.3000,4
2010-03-31,AM,gasolina,55.6200,19
2010-03-31,BA,etanol,166.7750,86
2010-03-31,BA,gasolina,240.2560,87
2010-03-31,CE,etanol,30.3460,15
2010-03-31,CE,gasolina,42.0920,15
2010-03-31,DF,etanol,171.8700,80
2010-03-31,DF,gasolina,218.7590,80
2010-03-31,ES,etanol,74.0800,35
2010-03-31,ES,gasolina,96.7300,36
2010-03-31,GO,etanol,162.7780,110
2010-03-31,GO,gasolina,272.6300,111
2010-03-31,MA,etanol,37.8760,19
2010-03-31,MA,gasolina,48.5350,20
2010-03-31,MG,etanol,209.0130,108
2010-03-31,MG,gasolina,272.6930,108
2010-03-31,MS,etanol,42.8280,22
2010-03-31,MS,gasolina,65.9740,24
2010-03-31,MT,etanol,90.7930,51
2010-03-31,MT,gasolina,137.3430,51
2010-03-31,PA,etanol,11.0470,5
2010-03-31,PA,gasolina,40.1510,14
2010-03-31,PB,etanol,3.8800,2
2010-03-31,PB,gasolina,4.7390,2
2010-03-31,PE,etanol,74.6160,37
2010-03-31,PE,gasolina,102.1950,38
2010-03-31,PI,etanol,65.7020,32
2010-03-31,PI,gasolina,81.2920,33
2010-03-31,PR,etanol,134.5880,87
2010-03-31,PR,gasolina,216.5950,87
2010-03-31,RJ,etanol,217.9490,113
2010-03-31,RJ,gasolina,311.9010,116
2010-03-31,RO,etanol,150.1300,71
2010-03-31,RO,gasolina,206.2030,74
2010-03-31,RR,etanol,2.2900,1
2010-03-31,RR,gasolina,17.1600,6
2010-03-31,RS,etanol,202.7470,94
2010-03-31,RS,gasolina,264.6030,98
2010-03-31,SC,etanol,151.1690,72
2010-03-31,SC,gasolina,194.4490,73
2010-03-31,SE,etanol,17.9780,9
2010-03-31,SE,gasolina,26.5270,10
2010-03-31,SP,etanol,387.0750,263
2010-03-31,SP,gasolina,653.4320,262
2010-03-31,TO,etanol,50.1300,26
2010-03-31,TO,gasolina,79.4590,28
2010-04-01,AC,etanol,2.5000,1
2010-04-01,AC,gasolina,2.9200,1
2010-04-01,BA,etanol,19.1770,10
2010-04-01,BA,gasolina,26.8900,10
2010-04-01,ES,etanol,55.8600,27
2010-04-01,ES,gasolina,72.8200,27
2010-04-01,MG,etanol,42.7630,24
2010-04-01,MG,gasolina,58.6200,24
2010-04-01,PE,etanol,38.6740,20
2010-04-01,PE,gasolina,60.0550,22
2010-04-01,RJ,etanol,52.5470,26
2010-04-01,RJ,gasolina,72.6550,26
2010-04-01,RS,etanol,26.0800,13
2010-04-01,RS,gasolina,34.6200,13
2010-04-01,SC,etanol,15.0730,7
2010-04-01,SC,gasolina,18.4420,7
2010-04-01,SP,etanol,64.8680,46
2010-04-01,SP,gasolina,111.8450,46
2010-04-05,AC,etanol,20.3300,7
2010-04-05,AC,gasolina,33.2400,10
2010-04-05,AL,etanol,96.3070,48
2010-04-05,AL,gasolina,130.9980,48
2010-04-05,AM,etanol,114.7290,53
2010-04-05,AM,gasolina,216.2400,78
2010-04-05,AP,etanol,39.2800,17
2010-04-05,AP,gasolina,81.0150,28
2010-04-05,BA,etanol,423.1460,223
2010-04-05,BA,gasolina,608.0670,225
2010-04-05,ES,etanol,133.9900,63
2010-04-05,ES,gasolina,184.9240,67
2010-04-05,GO,etanol,3.0800,2
2010-04-05,GO,gasolina,5.0800,2
2010-04-05,MA,etanol,120.9870,59
2010-04-05,MA,gasolina,211.5600,79
2010-04-05,MG,etanol,621.3320,323
2010-04-05,MG,gasolina,859.2950,326
2010-04-05,MS,etanol,128.7200,66
2010-04-05,MS,gasolina,180.5500,65
2010-04-05,MT,etanol,24.9770,13
2010-04-05,MT,gasolina,37.5920,13
2010-04-05,PA,etanol,68.0850,28
2010-04-05,PA,gasolina,161.9340,54
2010-04-05,PB,etanol,82.9900,43
2010-04-05,PB,gasolina,106.0400,43
2010-04-05,PE,etanol,236.7110,126
2010-04-05,PE,gasolina,338.2930,127
2010-04-05,PR,etanol,244.3640,158
2010-04-05,PR,gasolina,398.6700,156
2010-04-05,RJ,etanol,132.6300,71
2010-04-05,RJ,gasolina,207.5640,76
2010-04-05,RO,etanol,84.3780,42
2010-04-05,RO,gasolina,121.7330,45
2010-04-05,RR,etanol,2.0500,1
2010-04-05,RR,gasolina,11.1200,4
2010-04-05,RS,etanol,515.1210,254
2010-04-05,RS,gasolina,744.2740,285
2010-04-05,SC,etanol,303.0550,156
2010-04-05,SC,gasolina,399.9290,156
2010-04-05,SE,etanol,44.1600,22
2010-04-05,SE,gasolina,66.9820,25
2010-04-05,SP,etanol,863.3140,609
2010-04-05,SP,gasolina,1510.6050,608
2010-04-05,TO,etanol,5.2880,3
2010-04-05,TO,gasolina,8.2390,3
2010-04-06,AC,etanol,69.0600,28
2010-04-06,AC,gasolina,102.0390,34
2010-04-06,AM,etanol,52.8470,25
2010-04-06,AM,gasolina,104.5670,38
2010-04-06,AP,gasolina,5.9300,2
2010-04-06,BA,etanol,135.0250,71
2010-04-06,BA,gasolina,197.0800,72
2010-04-06,CE,etanol,281.1140,140
2010-04-06,CE,gasolina,402.3690,150
2010-04-06,DF,etanol,169.8700,79
2010-04-06,DF,gasolina,215.9690,79
2010-04-06,ES,etanol,144.6860,70
2010-04-06,ES,gasolina,188.8100,70
2010-04-06,GO,etanol,299.5290,176
2010-04-06,GO,gasolina,463.2240,176
2010-04-06,MA,etanol,90.8390,47
2010-04-06,MA,gasolina,142.8460,56
2010-04-06,MG,etanol,478.4890,253
2010-04-06,MG,gasolina,656.5170,256
2010-04-06,MS,etanol,11.1700,6
2010-04-06,MS,gasolina,16.8590,6
2010-04-06,MT,etanol,190.4410,107
2010-04-06,MT,gasolina,297.1630,106
2010-04-06,PA,etanol,108.5530,48
2010-04-06,PA,gasolina,231.7270,82
2010-04-06,PB,etanol,140.3910,76
2010-04-06,PB,gasolina,182.7920,76
2010-04-06,PE,etanol,313.6160,163
2010-04-06,PE,gasolina,432.6680,165
2010-04-06,PI,etanol,129.3420,61
2010-04-06,PI,gasolina,192.2640,75
2010-04-06,PR,etanol,452.8090,307
2010-04-06,PR,gasolina,757.6150,304
2010-04-06,RJ,etanol,623.9410,329
2010-04-06,RJ,gasolina,891.7680,330
2010-04-06,RN,etanol,194.2750,99
2010-04-06,RN,gasolina,270.2960,101
2010-04-06,RO,etanol,41.4970,19
2010-04-06,RO,gasolina,49.6990,18
2010-04-06,RR,etanol,44.3600,19
2010-04-06,RR,gasolina,71.4000,25
2010-04-06,RS,etanol,383.0290,185
2010-04-06,RS,gasolina,524.5650,195
2010-04-06,SC,etanol,245.2990,123
2010-04-06,SC,gasolina,321.8010,124
2010-04-06,SE,etanol,61.5130,32
2010-04-06,SE,gasolina,82.6140,32
2010-04-06,SP,etanol,2011.0840,1394
2010-04-06,SP,gasolina,3448.7770,1390
2010-04-06,TO,etanol,9.4900,5
2010-04-06,TO,gasolina,14.0190,5
2010-04-07,AC,etanol,12.3500,5
2010-04-07,AC,gasolina,14.8300,5
2010-04-07,AL,etanol,92.2950,46
2010-04-07,AL,gasolina,128.4100,47
2010-04-07,BA,etanol,157.0200,81
2010-04-07,BA,gasolina,238.1840,85
2010-04-07,CE,etanol,90.8750,49
2010-04-07,CE,gasolina,116.1020,49
2010-04-07,ES,etanol,66.6000,34
2010-04-07,ES,gasolina,89.6000,34
2010-04-07,GO,etanol,111.5930,77
2010-04-07,GO,gasolina,185.2630,77
2010-04-07,MA,etanol,9.8590,5
2010-04-07,MA,gasolina,12.8990,5
2010-04-07,MG,etanol,649.2780,354
2010-04-07,MG,gasolina,890.0330,357
2010-04-07,MS,etanol,106.2190,61
2010-04-07,MS,gasolina,154.7930,61
2010-04-07,MT,etanol,21.1500,12
2010-04-07,MT,gasolina,32.2000,12
2010-04-07,PA,etanol,68.9170,32
2010-04-07,PA,gasolina,122.4110,45
2010-04-07,PB,etanol,3.6290,2
2010-04-07,PB,gasolina,4.7390,2
2010-04-07,PE,etanol,62.4090,31
2010-04-07,PE,gasolina,92.5960,34
2010-04-07,PI,etanol,44.4610,22
2010-04-07,PI,gasolina,64.9950,26
2010-04-07,PR,etanol,131.6350,90
2010-04-07,PR,gasolina,226.6150,90
2010-04-07,RJ,etanol,454.8300,247
2010-04-07,RJ,gasolina,658.3190,248
2010-04-07,RN,etanol,17.1900,9
2010-04-07,RN,gasolina,24.0820,9
2010-04-07,RO,etanol,74.8900,36
2010-04-07,RO,gasolina,106.6380,37
2010-04-07,RR,gasolina,8.5500,3
2010-04-07,RS,etanol,132.2400,66
2010-04-07,RS,gasolina,199.3110,76
2010-04-07,SC,etanol,184.9020,88
2010-04-07,SC,gasolina,231.9610,87
2010-04-07,SP,etanol,448.8780,310
2010-04-07,SP,gasolina,762.8390,310
2010-04-07,TO,etanol,92.6780,49
2010-04-07,TO,gasolina,143.9980,51
2010-04-08,AL,etanol,6.1750,3
2010-04-08,AL,gasolina,8.2550,3
2010-04-08,BA,etanol,37.6780,20
2010-04-08,BA,gasolina,55.3970,20
2010-04-08,CE,etanol,35.6610,19
2010-04-08,CE,gasolina,44.6380,19
2010-04-08,ES,etanol,35.6890,17
2010-04-08,ES,gasolina,47.2900,18
2010-04-08,MA,etanol,14.4600,7
2010-04-08,MA,gasolina,20.7080,8
2010-04-08,MG,etanol,54.4370,32
2010-04-08,MG,gasolina,75.3300,32
2010-04-08,MT,etanol,14.1300,8
2010-04-08,MT,gasolina,21.3100,8
2010-04-08,PE,etanol,18.5200,9
2010-04-08,PE,gasolina,24.7500,9
2010-04-08,PR,etanol,1.7890,1
2010-04-08,PR,gasolina,2.5490,1
2010-04-08,RJ,etanol,81.2430,43
2010-04-08,RJ,gasolina,116.1560,44
2010-04-08,RN,etanol,13.7100,7
2010-04-08,RN,gasolina,18.7400,7
2010-04-08,RS,etanol,110.1770,52
2010-04-08,RS,gasolina,140.6190,53
2010-04-08,SC,etanol,16.5790,8
2010-04-08,SC,gasolina,26.5770,10
2010-04-08,SP,etanol,95.6720,65
2010-04-08,SP,gasolina,169.9250,68
2010-04-12,AC,etanol,16.8100,6
2010-04-12,AC,gasolina,33.2000,10
2010-04-12,AL,etanol,91.0790,46
2010-04-12,AL,gasolina,125.1050,46
2010-04-12,AM,etanol,89.1990,41
2010-04-12,AM,gasolina,208.3790,75
2010-04-12,AP,etanol,43.4800,19
2010-04-12,AP,gasolina,77.7150,27
2010-04-12,BA,etanol,353.5550,190
2010-04-12,BA,gasolina,521.0060,194
2010-04-12,CE,etanol,34.8900,18
2010-04-12,CE,gasolina,43.7430,18
2010-04-12,ES,etanol,121.6900,58
2010-04-12,ES,gasolina,170.9640,62
2010-04-12,GO,etanol,10.7200,7
2010-04-12,GO,gasolina,16.9800,7
2010-04-12,MA,etanol,118.4310,58
2010-04-12,MA,gasolina,235.2550,87
2010-04-12,MG,etanol,708.3820,374
2010-04-12,MG,gasolina,987.3620,376
2010-04-12,MS,etanol,35.4480,18
2010-04-12,MS,gasolina,57.3670,20
2010-04-12,MT,etanol,24.8040,13
2010-04-12,MT,gasolina,37.7120,13
2010-04-12,PA,etanol,68.6080,29
2010-04-12,PA,gasolina,166.4530,56
2010-04-12,PB,etanol,78.0990,41
2010-04-12,PB,gasolina,103.5790,42
2010-04-12,PE,etanol,106.7590,56
2010-04-12,PE,gasolina,148.9660,56
2010-04-12,PI,etanol,46.2190,22
2010-04-12,PI,gasolina,83.3880,32
2010-04-12,PR,etanol,180.7530,114
2010-04-12,PR,gasolina,288.0560,113
2010-04-12,RJ,etanol,124.2090,66
2010-04-12,RJ,gasolina,195.4250,70
2010-04-12,RN,etanol,3.8600,2
2010-04-12,RN,gasolina,5.3400,2
2010-04-12,RR,etanol,32.6200,14
2010-04-12,RR,gasolina,62.4200,22
2010-04-12,RS,etanol,560.4010,283
2010-04-12,RS,gasolina,808.2440,311
2010-04-12,SC,etanol,224.6880,112
2010-04-12,SC,gasolina,294.5480,114
2010-04-12,SE,etanol,13.8480,7
2010-04-12,SE,gasolina,21.0250,8
2010-04-12,SP,etanol,1276.0480,847
2010-04-12,SP,gasolina,2094.9940,845
2010-04-13,AC,etanol,79.7400,32
2010-04-13,AC,gasolina,116.9500,39
2010-04-13,AL,etanol,96.1160,49
2010-04-13,AL,gasolina,136.0000,50
2010-04-13,AM,etanol,70.3780,33
2010-04-13,AM,gasolina,114.4680,42
2010-04-13,BA,etanol,230.0420,123
2010-04-13,BA,gasolina,340.7030,125
2010-04-13,CE,etanol,257.5990,128
2010-04-13,CE,gasolina,384.2850,142
2010-04-13,DF,etanol,172.0700,80
2010-04-13,DF,gasolina,218.7890,80
2010-04-13,ES,etanol,144.2100,73
2010-04-13,ES,gasolina,194.2300,73
2010-04-13,GO,etanol,300.9850,175
2010-04-13,GO,gasolina,461.9850,175
2010-04-13,MA,etanol,89.0190,46
2010-04-13,MA,gasolina,133.9200,53
2010-04-13,MG,etanol,411.9320,222
2010-04-13,MG,gasolina,571.5050,225
2010-04-13,MS,etanol,192.2130,107
2010-04-13,MS,gasolina,272.0730,104
2010-04-13,MT,etanol,136.0970,75
2010-04-13,MT,gasolina,214.8600,75
2010-04-13,PA,etanol,131.1130,59
2010-04-13,PA,gasolina,299.8300,107
2010-04-13,PB,etanol,142.5520,77
2010-04-13,PB,gasolina,184.9590,77
2010-04-13,PE,etanol,357.4380,185
2010-04-13,PE,gasolina,501.9810,190
2010-04-13,PI,etanol,72.5360,34
2010-04-13,PI,gasolina,105.1850,41
2010-04-13,PR,etanol,593.2090,390
2010-04-13,PR,gasolina,975.4530,386
2010-04-13,RJ,etanol,700.5800,374
2010-04-13,RJ,gasolina,1011.9870,376
2010-04-13,RN,etanol,155.1140,78
2010-04-13,RN,gasolina,209.2260,78
2010-04-13,RO,etanol,16.3900,8
2010-04-13,RO,gasolina,22.2880,8
2010-04-13,RR,etanol,11.8200,5
2010-04-13,RR,gasolina,23.0800,8
2010-04-13,RS,etanol,355.6770,180
2010-04-13,RS,gasolina,509.9290,192
2010-04-13,SC,etanol,335.7270,179
2010-04-13,SC,gasolina,444.1960,179
2010-04-13,SE,etanol,40.6400,21
2010-04-13,SE,gasolina,60.2060,23
2010-04-13,SP,etanol,1910.5110,1259
2010-04-13,SP,gasolina,3103.2170,1255
2010-04-13,TO,etanol,31.5200,16
2010-04-13,TO,gasolina,45.7400,16
2010-04-14,AL,etanol,1.8900,1
2010-04-14,AL,gasolina,2.6600,1
2010-04-14,AP,gasolina,8.9000,3
2010-04-14,BA,etanol,176.2000,91
2010-04-14,BA,gasolina,258.5740,93
2010-04-14,CE,etanol,108.5950,59
2010-04-14,CE,gasolina,141.5900,60
2010-04-14,ES,etanol,106.6000,53
2010-04-14,ES,gasolina,143.3800,54
2010-04-14,GO,etanol,103.4650,73
2010-04-14,GO,gasolina,174.2550,73
2010-04-14,MA,etanol,14.5500,7
2010-04-14,MA,gasolina,20.6590,8
2010-04-14,MG,etanol,691.5580,376
2010-04-14,MG,gasolina,943.3590,379
2010-04-14,MS,etanol,14.8600,8
2010-04-14,MS,gasolina,22.4790,8
2010-04-14,MT,etanol,87.4450,53
2010-04-14,MT,gasolina,141.8270,53
2010-04-14,PA,etanol,33.7750,16
2010-04-14,PA,gasolina,47.9550,18
2010-04-14,PB,etanol,2.0990,1
2010-04-14,PB,gasolina,2.6990,1
2010-04-14,PE,etanol,155.3180,85
2010-04-14,PE,gasolina,232.1560,88
2010-04-14,PI,etanol,56.5030,28
2010-04-14,PI,gasolina,67.9530,28
2010-04-14,PR,etanol,69.1420,51
2010-04-14,PR,gasolina,128.5730,53
2010-04-14,RJ,etanol,484.0640,262
2010-04-14,RJ,gasolina,691.3810,262
2010-04-14,RN,etanol,73.5190,37
2010-04-14,RN,gasolina,101.3490,38
2010-04-14,RO,etanol,181.7840,87
2010-04-14,RO,gasolina,247.7890,89
2010-04-14,RR,gasolina,2.8800,1
2010-04-14,RS,etanol,216.2550,100
2010-04-14,RS,gasolina,292.2190,107
2010-04-14,SC,etanol,178.7370,87
2010-04-14,SC,gasolina,229.1680,87
2010-04-14,SE,etanol,51.4340,26
2010-04-14,SE,gasolina,69.0210,26
2010-04-14,SP,etanol,421.1380,274
2010-04-14,SP,gasolina,692.4090,275
2010-04-14,TO,etanol,78.6100,42
2010-04-14,TO,gasolina,123.5690,44
2010-04-15,RJ,etanol,3.2980,2
2010-04-15,RJ,gasolina,5.1880,2
2010-04-19,AC,etanol,16.8100,6
2010-04-19,AC,gasolina,33.2000,10
2010-04-19,AL,etanol,88.9410,45
2010-04-19,AL,gasolina,122.6580,45
2010-04-19,AM,etanol,72.4590,34
2010-04-19,AM,gasolina,122.6900,45
2010-04-19,AP,etanol,6.8900,3
2010-04-19,AP,gasolina,38.3100,13
2010-04-19,BA,etanol,324.5360,173
2010-04-19,BA,gasolina,475.8410,177
2010-04-19,CE,etanol,63.3770,33
2010-04-19,CE,gasolina,95.6140,35
2010-04-19,ES,etanol,132.9200,64
2010-04-19,ES,gasolina,186.7340,68
2010-04-19,GO,etanol,36.2610,23
2010-04-19,GO,gasolina,57.2590,23
2010-04-19,MA,etanol,74.3120,36
2010-04-19,MA,gasolina,165.6280,61
2010-04-19,MG,etanol,270.7490,142
2010-04-19,MG,gasolina,372.1930,143
2010-04-19,MS,etanol,62.7410,33
2010-04-19,MS,gasolina,95.1490,35
2010-04-19,MT,etanol,24.5170,13
2010-04-19,MT,gasolina,37.4580,13
2010-04-19,PA,etanol,92.3940,40
2010-04-19,PA,gasolina,178.5550,60
2010-04-19,PB,etanol,112.3390,60
2010-04-19,PB,gasolina,148.6290,61
2010-04-19,PE,etanol,284.3020,148
2010-04-19,PE,gasolina,392.1790,148
2010-04-19,PI,etanol,60.2860,29
2010-04-19,PI,gasolina,84.1460,33
2010-04-19,PR,etanol,163.3690,107
2010-04-19,PR,gasolina,264.0370,107
2010-04-19,RJ,etanol,97.4610,52
2010-04-19,RJ,gasolina,142.1710,52
2010-04-19,RN,etanol,17.5800,9
2010-04-19,RN,gasolina,23.8900,9
2010-04-19,RO,etanol,6.1900,3
2010-04-19,RO,gasolina,8.3390,3
2010-04-19,RR,etanol,6.8300,3
2010-04-19,RR,gasolina,14.1800,5
2010-04-19,RS,etanol,507.5430,267
2010-04-19,RS,gasolina,735.2780,284
2010-04-19,SC,etanol,216.5670,114
2010-04-19,SC,gasolina,278.2220,114
2010-04-19,SE,etanol,25.8670,13
2010-04-19,SE,gasolina,37.6860,14
2010-04-19,SP,etanol,684.7440,456
2010-04-19,SP,gasolina,1132.6180,457
2010-04-19,TO,etanol,17.2600,9
2010-04-19,TO,gasolina,31.1100,11
2010-04-20,AC,etanol,56.6190,23
2010-04-20,AC,gasolina,67.1470,23
2010-04-20,AL,etanol,89.8730,46
2010-04-20,AL,gasolina,119.8680,44
2010-04-20,AM,etanol,43.9500,20
2010-04-20,AM,gasolina,112.9100,40
2010-04-20,AP,etanol,31.5100,14
2010-04-20,AP,gasolina,48.4400,17
2010-04-20,BA,etanol,302.3790,158
2010-04-20,BA,gasolina,440.4020,159
2010-04-20,CE,etanol,268.7660,136
2010-04-20,CE,gasolina,386.0250,141
2010-04-20,DF,etanol,171.8700,80
2010-04-20,DF,gasolina,218.7900,80
2010-04-20,ES,etanol,189.8690,95
2010-04-20,ES,gasolina,249.2890,94
2010-04-20,GO,etanol,209.6020,119
2010-04-20,GO,gasolina,318.8660,119
2010-04-20,MA,etanol,139.7340,72
2010-04-20,MA,gasolina,195.5880,77
2010-04-20,MG,etanol,1066.4290,576
2010-04-20,MG,gasolina,1479.4260,577
2010-04-20,MS,etanol,138.5960,76
2010-04-20,MS,gasolina,197.3710,73
2010-04-20,MT,etanol,180.3350,102
2010-04-20,MT,gasolina,283.9380,101
2010-04-20,PA,etanol,75.4330,33
2010-04-20,PA,gasolina,215.1220,76
2010-04-20,PB,etanol,9.6900,5
2010-04-20,PB,gasolina,12.2100,5
2010-04-20,PE,etanol,322.0530,172
2010-04-20,PE,gasolina,465.8170,176
2010-04-20,PI,etanol,88.3670,42
2010-04-20,PI,gasolina,140.5060,55
2010-04-20,PR,etanol,522.1510,330
2010-04-20,PR,gasolina,845.3520,328
2010-04-20,RJ,etanol,673.5640,356
2010-04-20,RJ,gasolina,976.0070,364
2010-04-20,RN,etanol,207.8940,106
2010-04-20,RN,gasolina,289.9300,108
2010-04-20,RO,etanol,184.0150,87
2010-04-20,RO,gasolina,249.8780,90
2010-04-20,RR,etanol,35.0900,15
2010-04-20,RR,gasolina,51.2600,18
2010-04-20,RS,etanol,377.4040,182
2010-04-20,RS,gasolina,523.2840,197
2010-04-20,SC,etanol,340.0580,177
2010-04-20,SC,gasolina,457.0590,179
2010-04-20,SE,etanol,15.8180,8
2010-04-20,SE,gasolina,23.7840,9
2010-04-20,SP,etanol,1857.1440,1226
2010-04-20,SP,gasolina,3006.4050,1219
2010-04-20,TO,etanol,62.3000,32
2010-04-20,TO,gasolina,91.3180,32
2010-04-21,MA,etanol,14.4600,7
2010-04-21,MA,gasolina,20.7080,8
2010-04-21,MG,etanol,213.4430,122
2010-04-21,MG,gasolina,298.8550,124
2010-04-21,MT,etanol,16.9850,10
2010-04-21,MT,gasolina,26.8750,10
2010-04-21,PB,etanol,15.8390,8
2010-04-21,PB,gasolina,20.7190,8
2010-04-21,PI,etanol,22.1170,11
2010-04-21,PI,gasolina,26.8180,11
2010-04-21,PR,etanol,48.7840,29
2010-04-21,PR,gasolina,73.7420,28
2010-04-21,RJ,etanol,153.4030,82
2010-04-21,RJ,gasolina,235.6170,86
2010-04-21,RR,etanol,2.2900,1
2010-04-21,RR,gasolina,25.5600,9
2010-04-21,RS,etanol,57.5970,25
2010-04-21,RS,gasolina,77.6780,28
2010-04-21,SC,etanol,111.7570,56
2010-04-21,SC,gasolina,148.7270,56
2010-04-21,SE,etanol,4.0600,2
2010-04-21,SE,gasolina,5.6000,2
2010-04-21,SP,etanol,394.4230,258
2010-04-21,SP,gasolina,642.2130,257
2010-04-22,AC,etanol,25.1700,10
2010-04-22,AC,gasolina,49.8100,16
2010-04-22,AL,etanol,11.4300,6
2010-04-22,AL,gasolina,18.6300,7
2010-04-22,AM,etanol,50.2270,24
2010-04-22,AM,gasolina,84.7880,31
2010-04-22,BA,etanol,140.5920,75
2010-04-22,BA,gasolina,210.9270,77
2010-04-22,CE,etanol,68.3190,34
2010-04-22,CE,gasolina,115.6940,44
2010-04-22,ES,etanol,47.6800,24
2010-04-22,ES,gasolina,66.1530,25
2010-04-22,GO,etanol,164.6230,109
2010-04-22,GO,gasolina,270.7000,110
2010-04-22,MA,etanol,1.7500,1
2010-04-22,MA,gasolina,2.6200,1
2010-04-22,MG,etanol,186.3130,98
2010-04-22,MG,gasolina,254.8730,100
2010-04-22,MS,etanol,41.3600,24
2010-04-22,MS,gasolina,61.4890,24
2010-04-22,MT,etanol,23.0600,14
2010-04-22,MT,gasolina,40.3500,15
2010-04-22,PA,etanol,59.9730,29
2010-04-22,PA,gasolina,114.6070,43
2010-04-22,PB,etanol,84.5390,47
2010-04-22,PB,gasolina,110.9870,47
2010-04-22,PE,etanol,19.8600,10
2010-04-22,PE,gasolina,27.1900,10
2010-04-22,PI,etanol,2.0900,1
2010-04-22,PI,gasolina,5.1900,2
2010-04-22,PR,etanol,137.3150,88
2010-04-22,PR,gasolina,222.9560,86
2010-04-22,RJ,etanol,397.1660,210
2010-04-22,RJ,gasolina,556.8870,208
2010-04-22,RN,etanol,1.7800,1
2010-04-22,RN,gasolina,2.2990,1
2010-04-22,RS,etanol,176.2740,86
2010-04-22,RS,gasolina,256.1130,95
2010-04-22,SC,etanol,76.0850,37
2010-04-22,SC,gasolina,98.0280,37
2010-04-22,SE,etanol,61.6340,32
2010-04-22,SE,gasolina,80.2440,31
2010-04-22,SP,etanol,634.5240,413
2010-04-22,SP,gasolina,1030.1750,413
2010-04-22,TO,etanol,30.6900,17
2010-04-22,TO,gasolina,46.9800,17
2010-04-23,MG,etanol,57.0190,30
2010-04-23,MG,gasolina,77.5740,30
2010-04-23,RJ,etanol,13.3570,7
2010-04-23,RJ,gasolina,19.3950,7
2010-04-23,SP,etanol,42.4730,28
2010-04-23,SP,gasolina,69.6400,28
2010-04-26,AC,etanol,24.1800,9
2010-04-26,AC,gasolina,41.9500,13
2010-04-26,AL,etanol,88.0040,45
2010-04-26,AL,gasolina,122.4100,45
2010-04-26,AM,etanol,145.3690,68
2010-04-26,AM,gasolina,288.7270,105
2010-04-26,AP,etanol,38.3900,17
2010-04-26,AP,gasolina,83.8450,29
2010-04-26,BA,etanol,329.7640,174
2010-04-26,BA,gasolina,483.7020,178
2010-04-26,CE,etanol,119.1010,60
2010-04-26,CE,gasolina,178.7720,65
2010-04-26,ES,etanol,140.7660,68
2010-04-26,ES,gasolina,197.3640,72
2010-04-26,GO,etanol,30.5430,17
2010-04-26,GO,gasolina,46.1330,17
2010-04-26,MA,etanol,110.6110,54
2010-04-26,MA,gasolina,218.4840,81
2010-04-26,MG,etanol,678.6600,362
2010-04-26,MG,gasolina,945.6060,362
2010-04-26,MS,etanol,32.1820,17
2010-04-26,MS,gasolina,47.8820,17
2010-04-26,MT,etanol,45.5970,25
2010-04-26,MT,gasolina,75.0020,26
2010-04-26,PA,etanol,60.0760,26
2010-04-26,PA,gasolina,187.5620,64
2010-04-26,PB,etanol,39.0890,20
2010-04-26,PB,gasolina,50.9390,20
2010-04-26,PE,etanol,234.3120,125
2010-04-26,PE,gasolina,338.4660,127
2010-04-26,PI,etanol,26.8200,12
2010-04-26,PI,gasolina,40.3000,15
2010-04-26,PR,etanol,192.5510,127
2010-04-26,PR,gasolina,316.1070,123
2010-04-26,RJ,etanol,129.1770,71
2010-04-26,RJ,gasolina,205.1970,75
2010-04-26,RN,etanol,16.1310,8
2010-04-26,RN,gasolina,22.0400,8
2010-04-26,RR,etanol,18.4800,8
2010-04-26,RR,gasolina,62.7500,22
2010-04-26,RS,etanol,273.1990,137
2010-04-26,RS,gasolina,409.5740,156
2010-04-26,SC,etanol,260.0120,135
2010-04-26,SC,gasolina,338.3870,134
2010-04-26,SE,etanol,17.8170,9
2010-04-26,SE,gasolina,23.7830,9
2010-04-26,SP,etanol,1050.5820,713
2010-04-26,SP,gasolina,1756.0550,708
2010-04-27,AC,etanol,17.8000,7
2010-04-27,AC,gasolina,41.0600,13
2010-04-27,AL,etanol,99.4940,52
2010-04-27,AL,gasolina,140.2780,52
2010-04-27,AM,etanol,13.1200,6
2010-04-27,AM,gasolina,33.4200,12
2010-04-27,BA,etanol,256.1670,140
2010-04-27,BA,gasolina,376.3950,140
2010-04-27,CE,etanol,196.9690,101
2010-04-27,CE,gasolina,300.8790,111
2010-04-27,DF,etanol,172.0700,80
2010-04-27,DF,gasolina,218.7890,80
2010-04-27,ES,etanol,135.9600,68
2010-04-27,ES,gasolina,180.9200,68
2010-04-27,GO,etanol,226.1120,130
2010-04-27,GO,gasolina,347.9610,130
2010-04-27,MA,etanol,92.0540,50
2010-04-27,MA,gasolina,126.0610,52
2010-04-27,MG,etanol,691.4730,377
2010-04-27,MG,gasolina,959.1380,382
2010-04-27,MS,etanol,146.0790,80
2010-04-27,MS,gasolina,207.9550,79
2010-04-27,MT,etanol,113.9620,63
2010-04-27,MT,gasolina,177.3140,62
2010-04-27,PA,etanol,138.8970,62
2010-04-27,PA,gasolina,248.3560,88
2010-04-27,PB,etanol,179.2170,99
2010-04-27,PB,gasolina,237.9180,100
2010-04-27,PE,etanol,262.9060,136
2010-04-27,PE,gasolina,372.2380,141
2010-04-27,PI,etanol,80.8680,39
2010-04-27,PI,gasolina,135.8960,53
2010-04-27,PR,etanol,420.9610,266
2010-04-27,PR,gasolina,679.2990,265
2010-04-27,RJ,etanol,989.2090,524
2010-04-27,RJ,gasolina,1419.4350,528
2010-04-27,RN,etanol,194.5500,99
2010-04-27,RN,gasolina,265.1460,99
2010-04-27,RO,etanol,159.5100,75
2010-04-27,RO,gasolina,210.3230,75
2010-04-27,RS,etanol,433.0880,217
2010-04-27,RS,gasolina,632.0370,236
2010-04-27,SC,etanol,434.7460,226
2010-04-27,SC,gasolina,584.6540,229
2010-04-27,SE,etanol,79.0600,41
2010-04-27,SE,gasolina,109.0690,42
2010-04-27,SP,etanol,1579.4890,1074
2010-04-27,SP,gasolina,2651.8950,1073
2010-04-27,TO,etanol,58.9500,30
2010-04-27,TO,gasolina,85.8190,30
2010-04-28,AC,etanol,53.6900,22
2010-04-28,AC,gasolina,66.9900,23
2010-04-28,BA,etanol,145.2820,75
2010-04-28,BA,gasolina,208.6080,75
2010-04-28,CE,etanol,44.6640,22
2010-04-28,CE,gasolina,70.0300,25
2010-04-28,ES,etanol,95.1090,47
2010-04-28,ES,gasolina,127.5300,48
2010-04-28,GO,etanol,152.4460,106
2010-04-28,GO,gasolina,256.2160,107
2010-04-28,MA,etanol,21.2000,10
2010-04-28,MA,gasolina,40.6190,15
2010-04-28,MG,etanol,334.6190,187
2010-04-28,MG,gasolina,462.0330,186
2010-04-28,MS,etanol,47.6060,26
2010-04-28,MS,gasolina,71.8650,26
2010-04-28,MT,etanol,84.2660,52
2010-04-28,MT,gasolina,139.3050,52
2010-04-28,PA,etanol,26.7410,13
2010-04-28,PA,gasolina,74.2580,28
2010-04-28,PB,etanol,1.9900,1
2010-04-28,PB,gasolina,2.4800,1
2010-04-28,PE,etanol,119.1060,66
2010-04-28,PE,gasolina,173.7790,67
2010-04-28,PI,etanol,64.3540,32
2010-04-28,PI,gasolina,82.6040,33
2010-04-28,PR,etanol,206.7890,127
2010-04-28,PR,gasolina,329.3030,127
2010-04-28,RJ,etanol,118.9880,64
2010-04-28,RJ,gasolina,169.8080,64
2010-04-28,RO,etanol,30.5060,15
2010-04-28,RO,gasolina,45.7550,17
2010-04-28,RR,etanol,21.2300,9
2010-04-28,RR,gasolina,25.5300,9
2010-04-28,RS,etanol,386.6120,205
2010-04-28,RS,gasolina,548.8830,215
2010-04-28,SC,etanol,39.4660,20
2010-04-28,SC,gasolina,51.4760,20
2010-04-28,SP,etanol,639.4130,433
2010-04-28,SP,gasolina,1069.5250,433
2010-04-28,TO,etanol,32.2700,19
2010-04-28,TO,gasolina,52.6790,19
2010-04-29,BA,etanol,37.3230,20
2010-04-29,BA,gasolina,54.7870,20
2010-04-29,CE,etanol,37.1350,20
2010-04-29,CE,gasolina,53.4080,20
2010-04-29,MG,etanol,89.4910,48
2010-04-29,MG,gasolina,123.2610,48
2010-04-29,MS,etanol,17.7870,10
2010-04-29,MS,gasolina,25.5570,10
2010-04-29,PR,etanol,61.1470,40
2010-04-29,PR,gasolina,103.3670,40
2010-04-29,RJ,etanol,76.6320,43
2010-04-29,RJ,gasolina,111.4720,43
2010-04-29,RN,etanol,19.8030,10
2010-04-29,RN,gasolina,26.6700,10
2010-04-29,SE,etanol,10.1570,5
2010-04-29,SE,gasolina,16.5720,6
2010-04-29,SP,etanol,238.3180,163
2010-04-29,SP,gasolina,401.6550,163
2010-04-29,TO,etanol,17.2600,9
2010-04-29,TO,gasolina,31.1100,11
2010-05-03,AC,etanol,16.2400,6
2010-05-03,AC,gasolina,33.1700,10
2010-05-03,AL,etanol,172.3260,89
2010-05-03,AL,gasolina,243.6680,90
2010-05-03,AM,etanol,106.7790,50
2010-05-03,AM,gasolina,179.8100,66
2010-05-03,AP,etanol,35.9300,16
2010-05-03,AP,gasolina,89.4980,31
2010-05-03,BA,etanol,341.5580,181
2010-05-03,BA,gasolina,511.6530,189
2010-05-03,CE,etanol,34.1930,17
2010-05-03,CE,gasolina,53.5700,19
2010-05-03,DF,etanol,76.4700,35
2010-05-03,DF,gasolina,95.7200,35
2010-05-03,ES,etanol,130.0160,63
2010-05-03,ES,gasolina,183.1140,67
2010-05-03,GO,etanol,155.5840,89
2010-05-03,GO,gasolina,237.4240,89
2010-05-03,MA,etanol,107.9520,53
2010-05-03,MA,gasolina,216.4670,79
2010-05-03,MG,etanol,562.4760,302
2010-05-03,MG,gasolina,788.7490,304
2010-05-03,MS,etanol,123.2830,65
2010-05-03,MS,gasolina,180.6020,65
2010-05-03,MT,etanol,127.3030,68
2010-05-03,MT,gasolina,195.7550,67
2010-05-03,PA,etanol,57.1060,25
2010-05-03,PA,gasolina,167.6530,57
2010-05-03,PB,etanol,29.9590,16
2010-05-03,PB,gasolina,41.9390,17
2010-05-03,PE,etanol,277.2510,151
2010-05-03,PE,gasolina,409.4420,154
2010-05-03,PI,etanol,42.0000,19
2010-05-03,PI,gasolina,67.0900,25
2010-05-03,PR,etanol,158.0730,104
2010-05-03,PR,gasolina,259.1780,103
2010-05-03,RJ,etanol,145.2160,82
2010-05-03,RJ,gasolina,216.9370,80
2010-05-03,RO,etanol,84.1800,40
2010-05-03,RO,gasolina,118.3070,41
2010-05-03,RR,etanol,30.1400,13
2010-05-03,RR,gasolina,73.9700,26
2010-05-03,RS,etanol,426.0680,222
2010-05-03,RS,gasolina,607.3830,235
2010-05-03,SC,etanol,211.4430,110
2010-05-03,SC,gasolina,281.4530,110
2010-05-03,SE,etanol,38.5790,20
2010-05-03,SE,gasolina,55.0890,21
2010-05-03,SP,etanol,504.6270,357
2010-05-03,SP,gasolina,887.6820,354
2010-05-03,TO,etanol,58.9500,30
2010-05-03,TO,gasolina,85.8190,30
2010-05-04,AM,etanol,52.5580,25
2010-05-04,AM,gasolina,134.6150,48
2010-05-04,BA,etanol,130.4930,72
2010-05-04,BA,gasolina,195.5510,73
2010-05-04,CE,etanol,329.6300,168
2010-05-04,CE,gasolina,500.0700,184
2010-05-04,DF,etanol,2.2200,1
2010-05-04,DF,gasolina,2.7700,1
2010-05-04,ES,etanol,99.5500,50
2010-05-04,ES,gasolina,132.3600,50
2010-05-04,GO,etanol,67.3850,38
2010-05-04,GO,gasolina,103.3640,38
2010-05-04,MA,etanol,96.2870,53
2010-05-04,MA,gasolina,140.9440,58
2010-05-04,MG,etanol,653.4150,358
2010-05-04,MG,gasolina,907.6830,360
2010-05-04,MS,etanol,14.9200,8
2010-05-04,MS,gasolina,22.4790,8
2010-05-04,MT,etanol,108.4130,68
2010-05-04,MT,gasolina,182.1410,68
2010-05-04,PA,etanol,122.0090,54
2010-05-04,PA,gasolina,237.6700,83
2010-05-04,PB,etanol,190.9070,104
2010-05-04,PB,gasolina,249.2860,104
2010-05-04,PE,etanol,240.1570,125
2010-05-04,PE,gasolina,335.3180,127
2010-05-04,PI,etanol,86.5300,44
2010-05-04,PI,gasolina,127.8300,50
2010-05-04,PR,etanol,373.8530,248
2010-05-04,PR,gasolina,620.4280,244
2010-05-04,RJ,etanol,325.0860,170
2010-05-04,RJ,gasolina,486.7920,178
2010-05-04,RN,etanol,143.8830,73
2010-05-04,RN,gasolina,195.9850,73
2010-05-04,RO,etanol,38.7290,18
2010-05-04,RO,gasolina,49.7300,18
2010-05-04,RR,etanol,11.5700,5
2010-05-04,RR,gasolina,17.0400,6
2010-05-04,RS,etanol,455.9870,237
2010-05-04,RS,gasolina,690.7920,264
2010-05-04,SC,etanol,238.6390,126
2010-05-04,SC,gasolina,330.7270,129
2010-05-04,SE,etanol,68.8890,35
2010-05-04,SE,gasolina,95.1920,36
2010-05-04,SP,etanol,1939.4400,1358
2010-05-04,SP,gasolina,3327.1570,1352
2010-05-05,AC,etanol,79.1100,32
2010-05-05,AC,gasolina,117.1090,39
2010-05-05,AL,etanol,11.1800,6
2010-05-05,AL,gasolina,18.5900,7
2010-05-05,AM,etanol,4.3800,2
2010-05-05,AM,gasolina,8.3200,3
2010-05-05,BA,etanol,286.6420,152
2010-05-05,BA,gasolina,425.5100,154
2010-05-05,CE,etanol,27.9920,15
2010-05-05,CE,gasolina,40.1860,15
2010-05-05,DF,etanol,93.3600,44
2010-05-05,DF,gasolina,120.2990,44
2010-05-05,ES,etanol,145.4080,72
2010-05-05,ES,gasolina,195.1700,73
2010-05-05,GO,etanol,182.0210,127
2010-05-05,GO,gasolina,311.1000,128
2010-05-05,MA,etanol,20.0700,10
2010-05-05,MA,gasolina,28.1770,11
2010-05-05,MG,etanol,472.7100,262
2010-05-05,MG,gasolina,667.0870,264
2010-05-05,MS,etanol,101.1240,59
2010-05-05,MS,gasolina,151.4280,59
2010-05-05,MT,etanol,6.4790,4
2010-05-05,MT,gasolina,10.6990,4
2010-05-05,PA,etanol,47.1880,23
2010-05-05,PA,gasolina,111.3680,42
2010-05-05,PE,etanol,81.2280,44
2010-05-05,PE,gasolina,121.2280,46
2010-05-05,PI,etanol,40.7690,20
2010-05-05,PI,gasolina,67.4180,26
2010-05-05,PR,etanol,334.3320,207
2010-05-05,PR,gasolina,535.9640,206
2010-05-05,RJ,etanol,845.6210,461
2010-05-05,RJ,gasolina,1216.3800,460
2010-05-05,RN,etanol,81.2400,42
2010-05-05,RN,gasolina,117.7800,44
2010-05-05,RO,etanol,80.1090,39
2010-05-05,RO,gasolina,110.4900,41
2010-05-05,RS,etanol,221.1110,108
2010-05-05,RS,gasolina,306.6910,113
2010-05-05,SC,etanol,263.0320,136
2010-05-05,SC,gasolina,346.6380,135
2010-05-05,SP,etanol,923.3740,650
2010-05-05,SP,gasolina,1601.6160,649
2010-05-05,TO,etanol,50.0480,28
2010-05-05,TO,gasolina,83.8600,30
2010-05-06,MG,etanol,100.2450,54
2010-05-06,MG,gasolina,139.7560,54
2010-05-06,PE,etanol,17.1370,9
2010-05-06,PE,gasolina,23.4580,9
2010-05-06,SC,etanol,19.8330,10
2010-05-06,SC,gasolina,26.8330,10
2010-05-06,SP,etanol,22.4910,15
2010-05-06,SP,gasolina,38.6420,15
2010-05-10,AC,etanol,16.2400,6
2010-05-10,AC,gasolina,33.1400,10
2010-05-10,AL,etanol,85.3340,44
2010-05-10,AL,gasolina,122.1410,45
2010-05-10,AM,etanol,39.7400,18
2010-05-10,AM,gasolina,143.8000,51
2010-05-10,AP,etanol,35.4900,16
2010-05-10,AP,gasolina,89.4980,31
2010-05-10,BA,etanol,352.7090,190
2010-05-10,BA,gasolina,523.3450,194
2010-05-10,CE,etanol,18.6490,9
2010-05-10,CE,gasolina,27.2090,10
2010-05-10,ES,etanol,137.1210,67
2010-05-10,ES,gasolina,194.2440,71
2010-05-10,GO,etanol,45.5820,27
2010-05-10,GO,gasolina,69.9020,27
2010-05-10,MA,etanol,111.2410,55
2010-05-10,MA,gasolina,213.5990,78
2010-05-10,MG,etanol,700.2760,378
2010-05-10,MG,gasolina,983.7960,379
2010-05-10,MS,etanol,60.2080,32
2010-05-10,MS,gasolina,95.4580,35
2010-05-10,MT,etanol,27.3230,15
2010-05-10,MT,gasolina,45.8470,16
2010-05-10,PA,etanol,75.1680,32
2010-05-10,PA,gasolina,198.8710,67
2010-05-10,PB,etanol,59.0390,32
2010-05-10,PB,gasolina,77.7290,32
2010-05-10,PE,etanol,228.6740,125
2010-05-10,PE,gasolina,337.2150,127
2010-05-10,PI,etanol,75.6500,36
2010-05-10,PI,gasolina,141.7670,54
2010-05-10,PR,etanol,204.8220,137
2010-05-10,PR,gasolina,342.1470,137
2010-05-10,RJ,etanol,148.0090,83
2010-05-10,RJ,gasolina,226.3140,83
2010-05-10,RN,etanol,1.9800,1
2010-05-10,RN,gasolina,2.6600,1
2010-05-10,RO,etanol,21.1700,10
2010-05-10,RO,gasolina,28.7500,10
2010-05-10,RR,etanol,23.2000,10
2010-05-10,RR,gasolina,31.2500,11
2010-05-10,RS,etanol,295.9280,156
2010-05-10,RS,gasolina,448.2540,175
2010-05-10,SC,etanol,271.0350,143
2010-05-10,SC,gasolina,370.1430,144
2010-05-10,SE,etanol,44.4350,23
2010-05-10,SE,gasolina,60.5600,23
2010-05-10,SP,etanol,797.1180,574
2010-05-10,SP,gasolina,1421.5660,575
2010-05-11,AC,etanol,16.5100,7
2010-05-11,AC,gasolina,43.7200,14
2010-05-11,AL,etanol,39.6550,21
2010-05-11,AL,gasolina,56.3710,21
2010-05-11,AM,etanol,108.9780,52
2010-05-11,AM,gasolina,180.2770,67
2010-05-11,BA,etanol,280.1200,153
2010-05-11,BA,gasolina,414.4670,153
2010-05-11,CE,etanol,377.6030,190
2010-05-11,CE,gasolina,574.3090,210
2010-05-11,DF,etanol,171.8500,80
2010-05-11,DF,gasolina,218.7890,80
2010-05-11,ES,etanol,27.5100,14
2010-05-11,ES,gasolina,40.2400,15
2010-05-11,GO,etanol,166.8340,93
2010-05-11,GO,gasolina,250.7180,93
2010-05-11,MA,etanol,95.8140,53
2010-05-11,MA,gasolina,153.4530,59
2010-05-11,MG,etanol,737.7630,406
2010-05-11,MG,gasolina,1027.8950,408
2010-05-11,MS,etanol,62.7810,33
2010-05-11,MS,gasolina,84.4300,30
2010-05-11,MT,etanol,197.9280,116
2010-05-11,MT,gasolina,318.3610,114
2010-05-11,PA,etanol,59.2370,25
2010-05-11,PA,gasolina,116.1970,40
2010-05-11,PB,etanol,88.4040,47
2010-05-11,PB,gasolina,118.0340,48
2010-05-11,PE,etanol,314.1560,167
2010-05-11,PE,gasolina,444.2250,169
2010-05-11,PI,etanol,50.0780,25
2010-05-11,PI,gasolina,69.3160,27
2010-05-11,PR,etanol,424.7170,276
2010-05-11,PR,gasolina,701.1330,272
2010-05-11,RJ,etanol,846.3630,458
2010-05-11,RJ,gasolina,1239.7880,462
2010-05-11,RN,etanol,143.9000,73
2010-05-11,RN,gasolina,195.6300,73
2010-05-11,RO,etanol,141.4850,69
2010-05-11,RO,gasolina,200.0950,72
2010-05-11,RR,etanol,18.6300,8
2010-05-11,RR,gasolina,57.0300,20
2010-05-11,RS,etanol,443.2040,224
2010-05-11,RS,gasolina,653.9220,245
2010-05-11,SC,etanol,375.0440,197
2010-05-11,SC,gasolina,502.9790,197
2010-05-11,SE,etanol,52.1720,27
2010-05-11,SE,gasolina,73.3960,28
2010-05-11,SP,etanol,1896.4040,1373
2010-05-11,SP,gasolina,3376.4530,1370
2010-05-11,TO,etanol,109.1300,58
2010-05-11,TO,gasolina,169.7290,60
2010-05-12,AC,etanol,62.0290,25
2010-05-12,AC,gasolina,73.0390,25
2010-05-12,AL,etanol,59.1000,31
2010-05-12,AL,gasolina,80.7490,30
2010-05-12,BA,etanol,95.1030,50
2010-05-12,BA,gasolina,140.3350,51
2010-05-12,ES,etanol,202.4060,103
2010-05-12,ES,gasolina,273.8610,104
2010-05-12,GO,etanol,190.7710,134
2010-05-12,GO,gasolina,329.5280,135
2010-05-12,MA,etanol,15.8380,8
2010-05-12,MA,gasolina,25.8260,10
2010-05-12,MG,etanol,349.7730,195
2010-05-12,MG,gasolina,494.9880,195
2010-05-12,MS,etanol,115.2210,67
2010-05-12,MS,gasolina,173.7970,67
2010-05-12,MT,etanol,12.7150,8
2010-05-12,MT,gasolina,21.4750,8
2010-05-12,PA,etanol,103.7160,51
2010-05-12,PA,gasolina,200.2700,74
2010-05-12,PB,etanol,70.2740,40
2010-05-12,PB,gasolina,92.6940,40
2010-05-12,PE,etanol,72.5070,38
2010-05-12,PE,gasolina,103.3880,39
2010-05-12,PI,etanol,40.2120,20
2010-05-12,PI,gasolina,50.5690,20
2010-05-12,PR,etanol,229.3170,147
2010-05-12,PR,gasolina,378.8140,147
2010-05-12,RJ,etanol,303.8120,168
2010-05-12,RJ,gasolina,459.4160,172
2010-05-12,RN,etanol,86.5000,44
2010-05-12,RN,gasolina,117.7900,44
2010-05-12,RO,etanol,38.7290,18
2010-05-12,RO,gasolina,52.4790,19
2010-05-12,RS,etanol,305.1750,160
2010-05-12,RS,gasolina,427.2690,164
2010-05-12,SC,etanol,83.7210,43
2010-05-12,SC,gasolina,111.4590,43
2010-05-12,SE,etanol,9.9640,5
2010-05-12,SE,gasolina,16.1060,6
2010-05-12,SP,etanol,603.7960,432
2010-05-12,SP,gasolina,1066.9120,431
2010-05-13,BA,etanol,34.5200,16
2010-05-13,BA,gasolina,47.0160,16
2010-05-13,MG,etanol,1.7690,1
2010-05-13,MG,gasolina,2.5290,1
2010-05-13,RS,etanol,51.4970,27
2010-05-13,RS,gasolina,72.1930,27
2010-05-13,SP,etanol,2.6290,2
2010-05-13,SP,gasolina,4.5490,2
2010-05-17,AC,etanol,16.2400,6
2010-05-17,AC,gasolina,33.1100,10
2010-05-17,AL,etanol,86.1740,44
2010-05-17,AL,gasolina,122.5580,45
2010-05-17,AM,etanol,103.5180,49
2010-05-17,AM,gasolina,176.0190,65
2010-05-17,AP,etanol,35.1900,16
2010-05-17,AP,gasolina,83.6900,29
2010-05-17,BA,etanol,313.2490,169
2010-05-17,BA,gasolina,471.3400,173
2010-05-17,ES,etanol,127.9060,63
2010-05-17,ES,gasolina,183.3440,67
2010-05-17,MA,etanol,119.6920,60
2010-05-17,MA,gasolina,220.9320,82
2010-05-17,MG,etanol,746.3340,404
2010-05-17,MG,gasolina,1051.6450,405
2010-05-17,MS,etanol,84.2750,46
2010-05-17,MS,gasolina,135.5980,49
2010-05-17,MT,etanol,99.6240,55
2010-05-17,MT,gasolina,155.5600,54
2010-05-17,PA,etanol,115.2000,53
2010-05-17,PA,gasolina,255.2000,90
2010-05-17,PB,etanol,55.4580,29
2010-05-17,PB,gasolina,73.4780,29
2010-05-17,PE,etanol,177.1350,98
2010-05-17,PE,gasolina,260.8750,99
2010-05-17,PI,etanol,95.6140,48
2010-05-17,PI,gasolina,154.9520,60
2010-05-17,PR,etanol,259.2320,174
2010-05-17,PR,gasolina,435.2010,173
2010-05-17,RJ,etanol,360.2740,195
2010-05-17,RJ,gasolina,542.3920,198
2010-05-17,RN,etanol,50.9890,26
2010-05-17,RN,gasolina,69.3700,26
2010-05-17,RR,etanol,25.3700,11
2010-05-17,RR,gasolina,53.7900,19
2010-05-17,RS,etanol,368.2390,194
2010-05-17,RS,gasolina,556.8650,215
2010-05-17,SC,etanol,185.4170,100
2010-05-17,SC,gasolina,253.4210,100
2010-05-17,SE,etanol,8.2500,4
2010-05-17,SE,gasolina,11.0180,4
2010-05-17,SP,etanol,1077.3540,798
2010-05-17,SP,gasolina,1967.7620,797
2010-05-18,AC,etanol,78.4980,32
2010-05-18,AC,gasolina,116.7680,39
2010-05-18,AL,etanol,95.9330,51
2010-05-18,AL,gasolina,135.9560,51
2010-05-18,AM,etanol,53.4360,26
2010-05-18,AM,gasolina,120.2180,43
2010-05-18,BA,etanol,369.9820,202
2010-05-18,BA,gasolina,554.9820,205
2010-05-18,CE,etanol,386.3460,195
2010-05-18,CE,gasolina,588.7680,216
2010-05-18,DF,etanol,171.8700,80
2010-05-18,DF,gasolina,218.7890,80
2010-05-18,ES,etanol,188.5800,97
2010-05-18,ES,gasolina,260.9810,99
2010-05-18,GO,etanol,244.6120,141
2010-05-18,GO,gasolina,379.2520,141
2010-05-18,MA,etanol,112.7950,60
2010-05-18,MA,gasolina,171.9540,65
2010-05-18,MG,etanol,661.9810,368
2010-05-18,MG,gasolina,936.7840,370
2010-05-18,MS,etanol,139.9180,78
2010-05-18,MS,gasolina,197.6620,75
2010-05-18,MT,etanol,139.9870,85
2010-05-18,MT,gasolina,232.8540,85
2010-05-18,PA,etanol,98.9770,44
2010-05-18,PA,gasolina,253.8960,89
2010-05-18,PB,etanol,148.9000,82
2010-05-18,PB,gasolina,196.5590,83
2010-05-18,PE,etanol,382.3040,201
2010-05-18,PE,gasolina,538.7190,203
2010-05-18,PI,etanol,70.1480,34
2010-05-18,PI,gasolina,106.1250,41
2010-05-18,PR,etanol,377.9840,247
2010-05-18,PR,gasolina,630.4780,245
2010-05-18,RJ,etanol,347.2470,192
2010-05-18,RJ,gasolina,523.5070,196
2010-05-18,RN,etanol,175.6690,91
2010-05-18,RN,gasolina,243.8990,91
2010-05-18,RO,etanol,110.8990,54
2010-05-18,RO,gasolina,157.4200,55
2010-05-18,RR,etanol,14.0200,6
2010-05-18,RR,gasolina,37.1900,13
2010-05-18,RS,etanol,495.6600,255
2010-05-18,RS,gasolina,733.9990,276
2010-05-18,SC,etanol,503.0230,264
2010-05-18,SC,gasolina,680.7020,264
2010-05-18,SE,etanol,96.0910,50
2010-05-18,SE,gasolina,137.9570,53
2010-05-18,SP,etanol,1839.1580,1365
2010-05-18,SP,gasolina,3346.1480,1361
2010-05-18,TO,etanol,109.2700,58
2010-05-18,TO,gasolina,169.7800,60
2010-05-19,AL,etanol,1.8390,1
2010-05-19,AL,gasolina,2.6990,1
2010-05-19,AM,etanol,6.8300,3
2010-05-19,AM,gasolina,25.3500,9
2010-05-19,AP,etanol,1.7990,1
2010-05-19,AP,gasolina,2.5990,1
2010-05-19,BA,etanol,66.3440,33
2010-05-19,BA,gasolina,98.9810,35
2010-05-19,CE,etanol,6.2590,3
2010-05-19,CE,gasolina,8.4790,3
2010-05-19,ES,etanol,47.3580,24
2010-05-19,ES,gasolina,64.5300,24
2010-05-19,GO,etanol,154.7540,113
2010-05-19,GO,gasolina,272.8540,114
2010-05-19,MG,etanol,301.0040,173
2010-05-19,MG,gasolina,428.5010,176
2010-05-19,MS,etanol,14.7400,8
2010-05-19,MS,gasolina,22.4690,8
2010-05-19,PA,etanol,2.4300,1
2010-05-19,PA,gasolina,2.7900,1
2010-05-19,PB,etanol,16.5300,9
2010-05-19,PB,gasolina,21.5200,9
2010-05-19,PE,etanol,52.9390,30
2010-05-19,PE,gasolina,76.4990,30
2010-05-19,PR,etanol,210.9380,138
2010-05-19,PR,gasolina,349.9230,138
2010-05-19,RJ,etanol,581.0240,327
2010-05-19,RJ,gasolina,866.5970,328
2010-05-19,RO,etanol,100.6010,48
2010-05-19,RO,gasolina,129.0420,48
2010-05-19,RS,etanol,218.0610,116
2010-05-19,RS,gasolina,308.5980,120
2010-05-19,SC,etanol,3.8980,2
2010-05-19,SC,gasolina,5.1750,2
2010-05-19,SP,etanol,286.8490,209
2010-05-19,SP,gasolina,506.1970,208
2010-05-20,MG,etanol,60.2070,33
2010-05-20,MG,gasolina,86.0850,32
2010-05-20,SC,etanol,38.3180,20
2010-05-20,SC,gasolina,49.8980,20
2010-05-20,SP,etanol,10.7540,8
2010-05-20,SP,gasolina,19.1440,8
2010-05-24,AC,etanol,30.9000,12
2010-05-24,AC,gasolina,50.5800,16
2010-05-24,AL,etanol,124.5810,65
2010-05-24,AL,gasolina,175.6930,65
2010-05-24,AM,etanol,46.8490,23
2010-05-24,AM,gasolina,77.6190,29
2010-05-24,AP,etanol,4.3300,2
2010-05-24,AP,gasolina,38.2500,13
2010-05-24,BA,etanol,292.5490,159
2010-05-24,BA,gasolina,441.8230,164
2010-05-24,CE,etanol,184.2610,93
2010-05-24,CE,gasolina,299.7620,110
2010-05-24,ES,etanol,157.6070,79
2010-05-24,ES,gasolina,224.3640,83
2010-05-24,MA,etanol,117.0300,60
2010-05-24,MA,gasolina,227.1480,84
2010-05-24,MG,etanol,494.1760,269
2010-05-24,MG,gasolina,702.6630,270
2010-05-24,MS,etanol,78.4590,42
2010-05-24,MS,gasolina,123.2550,45
2010-05-24,MT,etanol,29.2170,16
2010-05-24,MT,gasolina,46.7620,16
2010-05-24,PA,etanol,109.6840,47
2010-05-24,PA,gasolina,282.7370,95
2010-05-24,PB,etanol,32.2390,17
2010-05-24,PB,gasolina,42.7690,17
2010-05-24,PE,etanol,272.6740,150
2010-05-24,PE,gasolina,395.8180,150
2010-05-24,PI,etanol,45.0500,21
2010-05-24,PI,gasolina,90.3200,34
2010-05-24,PR,etanol,282.6860,194
2010-05-24,PR,gasolina,479.5160,192
2010-05-24,RJ,etanol,180.3280,99
2010-05-24,RJ,gasolina,278.8440,101
2010-05-24,RN,etanol,60.9600,31
2010-05-24,RN,gasolina,83.3600,31
2010-05-24,RR,etanol,21.1500,9
2010-05-24,RR,gasolina,25.5300,9
2010-05-24,RS,etanol,445.5960,237
2010-05-24,RS,gasolina,676.7000,264
2010-05-24,SC,etanol,199.0870,110
2010-05-24,SC,gasolina,275.2480,110
2010-05-24,SE,etanol,77.9670,40
2010-05-24,SE,gasolina,113.6550,43
2010-05-24,SP,etanol,919.3650,697
2010-05-24,SP,gasolina,1710.0710,693
2010-05-24,TO,etanol,1.8900,1
2010-05-24,TO,gasolina,2.7500,1
2010-05-25,AC,etanol,19.6180,8
2010-05-25,AC,gasolina,23.3080,8
2010-05-25,AL,etanol,43.0710,23
2010-05-25,AL,gasolina,64.4370,24
2010-05-25,AM,etanol,103.2380,50
2010-05-25,AM,gasolina,227.9380,83
2010-05-25,BA,etanol,328.5430,180
2010-05-25,BA,gasolina,487.2670,180
2010-05-25,CE,etanol,214.1620,109
2010-05-25,CE,gasolina,303.2670,111
2010-05-25,DF,etanol,154.3900,80
2010-05-25,DF,gasolina,213.4390,80
2010-05-25,ES,etanol,120.7100,62
2010-05-25,ES,gasolina,162.7900,62
2010-05-25,GO,etanol,264.4180,156
2010-05-25,GO,gasolina,420.7490,157
2010-05-25,MA,etanol,93.7850,51
2010-05-25,MA,gasolina,140.8000,54
2010-05-25,MG,etanol,637.0430,352
2010-05-25,MG,gasolina,911.0890,353
2010-05-25,MS,etanol,108.5840,61
2010-05-25,MS,gasolina,155.4150,58
2010-05-25,MT,etanol,7.0100,4
2010-05-25,MT,gasolina,11.7900,4
2010-05-25,PA,etanol,81.2990,38
2010-05-25,PA,gasolina,161.5260,60
2010-05-25,PB,etanol,185.4720,102
2010-05-25,PB,gasolina,246.1590,103
2010-05-25,PE,etanol,250.3380,131
2010-05-25,PE,gasolina,345.2000,131
2010-05-25,PI,etanol,51.6970,26
2010-05-25,PI,gasolina,80.0570,31
2010-05-25,PR,etanol,362.6540,238
2010-05-25,PR,gasolina,602.5980,236
2010-05-25,RJ,etanol,724.5310,409
2010-05-25,RJ,gasolina,1085.8700,409
2010-05-25,RN,etanol,164.8120,86
2010-05-25,RN,gasolina,232.3490,87
2010-05-25,RO,etanol,209.2100,101
2010-05-25,RO,gasolina,283.6190,102
2010-05-25,RR,etanol,11.7300,5
2010-05-25,RR,gasolina,62.7100,22
2010-05-25,RS,etanol,318.0010,162
2010-05-25,RS,gasolina,474.8160,175
2010-05-25,SC,etanol,525.2560,275
2010-05-25,SC,gasolina,711.6770,275
2010-05-25,SE,etanol,26.6700,14
2010-05-25,SE,gasolina,36.3030,14
2010-05-25,SP,etanol,1654.9250,1252
2010-05-25,SP,gasolina,3067.2900,1253
2010-05-25,TO,etanol,105.9700,56
2010-05-25,TO,gasolina,164.2460,58
2010-05-26,AC,etanol,19.5500,8
2010-05-26,AC,gasolina,49.6530,16
2010-05-26,AL,etanol,11.1800,6
2010-05-26,AL,gasolina,18.5900,7
2010-05-26,AM,etanol,2.4500,1
2010-05-26,AM,gasolina,17.0300,6
2010-05-26,AP,etanol,32.4980,15
2010-05-26,AP,gasolina,48.5460,17
2010-05-26,BA,etanol,132.4270,69
2010-05-26,BA,gasolina,194.3690,70
2010-05-26,ES,etanol,88.2270,45
2010-05-26,ES,gasolina,121.1900,45
2010-05-26,GO,etanol,128.7770,98
2010-05-26,GO,gasolina,230.8480,98
2010-05-26,MG,etanol,608.1730,348
2010-05-26,MG,gasolina,862.8730,348
2010-05-26,MS,etanol,49.1000,29
2010-05-26,MS,gasolina,75.6850,29
2010-05-26,MT,etanol,200.0900,120
2010-05-26,MT,gasolina,330.5970,119
2010-05-26,PA,etanol,30.6780,15
2010-05-26,PA,gasolina,68.3000,25
2010-05-26,PE,etanol,97.8700,52
2010-05-26,PE,gasolina,148.1040,55
2010-05-26,PI,etanol,65.4160,34
2010-05-26,PI,gasolina,90.8530,36
2010-05-26,PR,etanol,189.2750,125
2010-05-26,PR,gasolina,322.6480,125
2010-05-26,RJ,etanol,311.4810,179
2010-05-26,RJ,gasolina,477.1570,181
2010-05-26,RO,etanol,2.1400,1
2010-05-26,RO,gasolina,2.8500,1
2010-05-26,RS,etanol,235.6630,125
2010-05-26,RS,gasolina,337.9740,129
2010-05-26,SC,etanol,1.8500,1
2010-05-26,SC,gasolina,2.5900,1
2010-05-26,SP,etanol,531.5640,395
2010-05-26,SP,gasolina,969.9520,395
2010-05-26,TO,etanol,1.7900,1
2010-05-26,TO,gasolina,2.7500,1
2010-05-27,AC,etanol,22.2500,9
2010-05-27,AC,gasolina,26.2300,9
2010-05-27,MA,etanol,14.4400,7
2010-05-27,MA,gasolina,20.8080,8
2010-05-27,MG,etanol,27.6020,14
2010-05-27,MG,gasolina,37.2530,14
2010-05-27,PR,etanol,4.7380,3
2010-05-27,PR,gasolina,7.7580,3
2010-05-27,RJ,etanol,36.3590,20
2010-05-27,RJ,gasolina,53.5500,20
2010-05-27,RS,etanol,81.0730,44
2010-05-27,RS,gasolina,111.5910,44
2010-05-27,SP,etanol,53.5030,40
2010-05-27,SP,gasolina,94.9780,40
2010-05-31,AC,etanol,71.0690,29
2010-05-31,AC,gasolina,88.5590,30
2010-05-31,AL,etanol,33.7410,18
2010-05-31,AL,gasolina,45.9300,17
2010-05-31,AM,gasolina,19.7400,7
2010-05-31,BA,etanol,147.0910,80
2010-05-31,BA,gasolina,223.6180,82
2010-05-31,CE,etanol,24.6990,12
2010-05-31,CE,gasolina,33.4660,12
2010-05-31,DF,etanol,1.8800,1
2010-05-31,DF,gasolina,2.8900,1
2010-05-31,ES,etanol,38.3700,21
2010-05-31,ES,gasolina,56.5700,21
2010-05-31,GO,etanol,110.4220,72
2010-05-31,GO,gasolina,182.4210,72
2010-05-31,MA,etanol,19.7680,11
2010-05-31,MA,gasolina,34.9740,14
2010-05-31,MG,etanol,270.2380,153
2010-05-31,MG,gasolina,391.9160,154
2010-05-31,MS,etanol,128.4260,75
2010-05-31,MS,gasolina,193.8240,75
2010-05-31,MT,etanol,60.3700,33
2010-05-31,MT,gasolina,96.6400,33
2010-05-31,PA,etanol,56.7670,27
2010-05-31,PA,gasolina,114.2230,42
2010-05-31,PB,etanol,12.0280,7
2010-05-31,PB,gasolina,18.4380,8
2010-05-31,PE,etanol,59.1020,31
2010-05-31,PE,gasolina,85.5740,32
2010-05-31,PI,etanol,25.5610,13
2010-05-31,PI,gasolina,33.1080,13
2010-05-31,PR,etanol,183.0530,120
2010-05-31,PR,gasolina,309.6730,120
2010-05-31,RJ,etanol,89.2340,50
2010-05-31,RJ,gasolina,136.8640,50
2010-05-31,RN,etanol,58.5500,31
2010-05-31,RN,gasolina,82.6400,31
2010-05-31,RO,etanol,205.0410,99
2010-05-31,RO,gasolina,274.3700,99
2010-05-31,RS,etanol,370.7280,201
2010-05-31,RS,gasolina,546.4110,213
2010-05-31,SC,etanol,77.5560,41
2010-05-31,SC,gasolina,106.0420,41
2010-05-31,SE,etanol,60.3560,32
2010-05-31,SE,gasolina,82.9540,32
2010-05-31,SP,etanol,387.1530,294
2010-05-31,SP,gasolina,717.2670,293
2010-05-31,TO,etanol,60.5900,32
2010-05-31,TO,gasolina,90.3550,32
2010-06-01,AC,etanol,23.5500,9
2010-06-01,AC,gasolina,61.5600,19
2010-06-01,AL,etanol,148.2860,78
2010-06-01,AL,gasolina,213.1200,79
2010-06-01,AM,etanol,157.5870,77
2010-06-01,AM,gasolina,299.7280,110
2010-06-01,AP,etanol,38.5270,18
2010-06-01,AP,gasolina,86.4850,30
2010-06-01,BA,etanol,609.8990,328
2010-06-01,BA,gasolina,905.8670,333
2010-06-01,CE,etanol,367.1150,187
2010-06-01,CE,gasolina,566.3090,208
2010-06-01,DF,etanol,145.1100,78
2010-06-01,DF,gasolina,206.1590,78
2010-06-01,ES,etanol,323.2630,165
2010-06-01,ES,gasolina,450.9440,169
2010-06-01,GO,etanol,282.2560,182
2010-06-01,GO,gasolina,469.5140,183
2010-06-01,MA,etanol,192.8800,102
2010-06-01,MA,gasolina,333.3870,124
2010-06-01,MG,etanol,1453.1830,812
2010-06-01,MG,gasolina,2078.5310,816
2010-06-01,MS,etanol,107.1900,57
2010-06-01,MS,gasolina,161.2580,57
2010-06-01,MT,etanol,173.5780,106
2010-06-01,MT,gasolina,288.8490,105
2010-06-01,PA,etanol,161.0680,73
2010-06-01,PA,gasolina,402.0320,140
2010-06-01,PB,etanol,205.8540,112
2010-06-01,PB,gasolina,270.2100,112
2010-06-01,PE,etanol,542.8330,292
2010-06-01,PE,gasolina,785.6630,298
2010-06-01,PI,etanol,121.1320,60
2010-06-01,PI,gasolina,207.9450,80
2010-06-01,PR,etanol,640.8950,438
2010-06-01,PR,gasolina,1091.0600,434
2010-06-01,RJ,etanol,1154.5420,649
2010-06-01,RJ,gasolina,1756.1340,656
2010-06-01,RN,etanol,164.3190,85
2010-06-01,RN,gasolina,232.6680,87
2010-06-01,RO,etanol,6.3900,3
2010-06-01,RO,gasolina,11.9800,4
2010-06-01,RR,etanol,44.1000,19
2010-06-01,RR,gasolina,90.9300,32
2010-06-01,RS,etanol,707.0800,370
2010-06-01,RS,gasolina,1049.3880,398
2010-06-01,SC,etanol,595.3750,321
2010-06-01,SC,gasolina,819.4940,322
2010-06-01,SE,etanol,43.7210,22
2010-06-01,SE,gasolina,66.7500,25
2010-06-01,SP,etanol,2745.3650,2082
2010-06-01,SP,gasolina,5109.7130,2080
2010-06-01,TO,etanol,49.1700,26
2010-06-01,TO,gasolina,79.7400,28
2010-06-02,DF,etanol,1.8800,1
2010-06-02,DF,gasolina,2.6600,1
2010-06-02,MA,etanol,13.7200,7
2010-06-02,MA,gasolina,20.8080,8
2010-06-02,MG,etanol,22.4170,13
2010-06-02,MG,gasolina,31.5770,13
2010-06-02,PE,etanol,11.0770,6
2010-06-02,PE,gasolina,15.6070,6
2010-06-02,PI,etanol,14.9300,8
2010-06-02,PI,gasolina,20.0800,8
2010-06-02,RJ,etanol,19.1800,12
2010-06-02,RJ,gasolina,30.2900,12
2010-06-02,RS,etanol,1.8490,1
2010-06-02,RS,gasolina,2.5800,1
2010-06-02,SC,etanol,40.9690,22
2010-06-02,SC,gasolina,57.0450,22
2010-06-02,SP,etanol,3.9970,3
2010-06-02,SP,gasolina,7.5290,3
2010-06-07,AC,etanol,16.1800,6
2010-06-07,AC,gasolina,33.3200,10
2010-06-07,AL,etanol,85.6940,44
2010-06-07,AL,gasolina,122.6680,45
2010-06-07,AM,etanol,142.5760,70
2010-06-07,AM,gasolina,278.6000,103
2010-06-07,AP,etanol,4.3300,2
2010-06-07,AP,gasolina,38.2600,13
2010-06-07,BA,etanol,497.5260,273
2010-06-07,BA,gasolina,740.5720,276
2010-06-07,CE,etanol,95.6110,47
2010-06-07,CE,gasolina,157.9610,58
2010-06-07,ES,etanol,52.3560,26
2010-06-07,ES,gasolina,73.5830,27
2010-06-07,GO,etanol,151.7680,108
2010-06-07,GO,gasolina,265.0720,109
2010-06-07,MA,etanol,109.0230,55
2010-06-07,MA,gasolina,205.2220,75
2010-06-07,MG,etanol,504.5410,278
2010-06-07,MG,gasolina,729.2110,280
2010-06-07,MS,etanol,86.9240,47
2010-06-07,MS,gasolina,133.9910,49
2010-06-07,MT,etanol,122.8030,68
2010-06-07,MT,gasolina,196.1490,67
2010-06-07,PA,etanol,102.4240,44
2010-06-07,PA,gasolina,282.8270,95
2010-06-07,PB,etanol,102.2870,55
2010-06-07,PB,gasolina,137.7770,56
2010-06-07,PE,etanol,196.2700,107
2010-06-07,PE,gasolina,287.7390,109
2010-06-07,PI,etanol,40.7000,19
2010-06-07,PI,gasolina,82.7590,31
2010-06-07,PR,etanol,247.8200,171
2010-06-07,PR,gasolina,431.2490,168
2010-06-07,RJ,etanol,377.6420,213
2010-06-07,RJ,gasolina,583.4190,214
2010-06-07,RN,etanol,51.9100,26
2010-06-07,RN,gasolina,72.3900,27
2010-06-07,RO,etanol,16.6400,8
2010-06-07,RO,gasolina,23.7600,8
2010-06-07,RR,etanol,35.1000,15
2010-06-07,RR,gasolina,88.2900,31
2010-06-07,RS,etanol,499.2210,270
2010-06-07,RS,gasolina,733.2150,285
2010-06-07,SC,etanol,226.8800,123
2010-06-07,SC,gasolina,316.2050,123
2010-06-07,SE,etanol,77.5310,40
2010-06-07,SE,gasolina,107.0510,41
2010-06-07,SP,etanol,1081.5410,838
2010-06-07,SP,gasolina,2041.1100,836
2010-06-07,TO,etanol,5.7700,3
2010-06-07,TO,gasolina,8.3690,3
2010-06-08,AL,etanol,96.9980,52
2010-06-08,AL,gasolina,138.8740,52
2010-06-08,AM,etanol,8.7100,4
2010-06-08,AM,gasolina,42.2200,15
2010-06-08,AP,etanol,32.4980,15
2010-06-08,AP,gasolina,48.5460,17
2010-06-08,BA,etanol,137.1680,72
2010-06-08,BA,gasolina,197.0830,71
2010-06-08,CE,etanol,203.0380,102
2010-06-08,CE,gasolina,309.3450,112
2010-06-08,ES,etanol,207.7890,107
2010-06-08,ES,gasolina,283.6600,107
2010-06-08,GO,etanol,163.2150,97
2010-06-08,GO,gasolina,261.2760,97
2010-06-08,MA,etanol,100.5670,56
2010-06-08,MA,gasolina,156.2510,59
2010-06-08,MG,etanol,899.3960,515
2010-06-08,MG,gasolina,1294.0790,517
2010-06-08,MS,etanol,49.9480,27
2010-06-08,MS,gasolina,67.9340,24
2010-06-08,MT,etanol,112.5920,72
2010-06-08,MT,gasolina,192.6390,72
2010-06-08,PA,etanol,111.2010,54
2010-06-08,PA,gasolina,222.3270,83
2010-06-08,PB,etanol,46.9800,26
2010-06-08,PB,gasolina,61.1410,26
2010-06-08,PE,etanol,285.9670,157
2010-06-08,PE,gasolina,414.2970,159
2010-06-08,PI,etanol,79.4420,41
2010-06-08,PI,gasolina,118.8360,47
2010-06-08,PR,etanol,397.9360,274
2010-06-08,PR,gasolina,675.5670,273
2010-06-08,RJ,etanol,604.5740,350
2010-06-08,RJ,gasolina,938.0980,355
2010-06-08,RN,etanol,173.5330,91
2010-06-08,RN,gasolina,243.6300,91
2010-06-08,RO,etanol,190.5300,92
2010-06-08,RO,gasolina,257.5820,93
2010-06-08,RS,etanol,504.2720,266
2010-06-08,RS,gasolina,757.3420,287
2010-06-08,SC,etanol,423.0780,229
2010-06-08,SC,gasolina,581.8910,229
2010-06-08,SE,etanol,18.5920,10
2010-06-08,SE,gasolina,25.4420,10
2010-06-08,SP,etanol,1395.4530,1060
2010-06-08,SP,gasolina,2605.6110,1061
2010-06-08,TO,etanol,73.2970,39
2010-06-08,TO,gasolina,115.6090,41
2010-06-09,AC,etanol,78.3680,32
2010-06-09,AC,gasolina,116.7090,39
2010-06-09,BA,etanol,92.4500,50
2010-06-09,BA,gasolina,142.3240,52
2010-06-09,CE,etanol,62.2910,34
2010-06-09,CE,gasolina,96.1130,36
2010-06-09,DF,etanol,149.0200,80
2010-06-09,DF,gasolina,211.4890,80
2010-06-09,ES,etanol,57.6180,30
2010-06-09,ES,gasolina,81.2090,31
2010-06-09,GO,etanol,72.6380,49
2010-06-09,GO,gasolina,124.8960,49
2010-06-09,MA,etanol,18.8680,10
2010-06-09,MA,gasolina,31.4450,12
2010-06-09,MG,etanol,236.6420,135
2010-06-09,MG,gasolina,349.3540,137
2010-06-09,MS,etanol,100.5270,59
2010-06-09,MS,gasolina,152.3760,59
2010-06-09,PA,etanol,8.1360,4
2010-06-09,PA,gasolina,11.6380,4
2010-06-09,PB,etanol,40.0180,22
2010-06-09,PB,gasolina,54.4170,23
2010-06-09,PE,etanol,126.4900,64
2010-06-09,PE,gasolina,180.3210,66
2010-06-09,PI,etanol,43.0770,23
2010-06-09,PI,gasolina,56.2860,23
2010-06-09,PR,etanol,141.5260,89
2010-06-09,PR,gasolina,228.2930,89
2010-06-09,RJ,etanol,234.1030,139
2010-06-09,RJ,gasolina,362.5840,140
2010-06-09,RO,etanol,4.0400,2
2010-06-09,RO,gasolina,6.0700,2
2010-06-09,RS,etanol,51.4700,27
2010-06-09,RS,gasolina,104.3150,39
2010-06-09,SC,etanol,65.7740,34
2010-06-09,SC,gasolina,85.5050,33
2010-06-09,SP,etanol,566.2160,438
2010-06-09,SP,gasolina,1071.7730,439
2010-06-09,TO,etanol,29.9200,16
2010-06-09,TO,gasolina,45.7400,16
2010-06-10,BA,etanol,22.3720,12
2010-06-10,BA,gasolina,33.3860,12
2010-06-10,CE,etanol,25.6910,14
2010-06-10,CE,gasolina,37.3630,14
2010-06-10,ES,etanol,44.0400,23
2010-06-10,ES,gasolina,68.6200,25
2010-06-10,MG,etanol,97.2230,52
2010-06-10,MG,gasolina,137.9790,52
2010-06-10,PB,etanol,26.3550,15
2010-06-10,PB,gasolina,35.0290,15
2010-06-10,PR,etanol,38.1320,27
2010-06-10,PR,gasolina,70.4500,27
2010-06-10,RJ,etanol,13.4730,8
2010-06-10,RJ,gasolina,21.1130,8
2010-06-10,RN,etanol,1.6900,1
2010-06-10,RN,gasolina,2.2590,1
2010-06-10,SE,etanol,10.1490,5
2010-06-10,SE,gasolina,16.5670,6
2010-06-10,SP,etanol,57.7700,44
2010-06-10,SP,gasolina,109.3090,44
2010-06-14,AC,etanol,20.8100,8
2010-06-14,AC,gasolina,41.8600,13
2010-06-14,AL,etanol,85.2430,44
2010-06-14,AL,gasolina,122.4450,45
2010-06-14,AM,etanol,135.6280,67
2010-06-14,AM,gasolina,259.1470,96
2010-06-14,AP,etanol,4.3100,2
2010-06-14,AP,gasolina,38.2300,13
2010-06-14,BA,etanol,478.0410,263
2010-06-14,BA,gasolina,713.1680,266
2010-06-14,CE,etanol,99.8070,49
2010-06-14,CE,gasolina,142.7000,52
2010-06-14,ES,etanol,106.0700,54
2010-06-14,ES,gasolina,144.3330,54
2010-06-14,GO,etanol,31.3900,19
2010-06-14,GO,gasolina,49.2000,19
2010-06-14,MA,etanol,162.9460,87
2010-06-14,MA,gasolina,299.7890,111
2010-06-14,MG,etanol,656.8320,365
2010-06-14,MG,gasolina,943.9460,366
2010-06-14,MS,etanol,45.5510,25
2010-06-14,MS,gasolina,74.0850,27
2010-06-14,MT,etanol,87.0540,48
2010-06-14,MT,gasolina,135.3090,46
2010-06-14,PA,etanol,93.4130,40
2010-06-14,PA,gasolina,247.8190,83
2010-06-14,PB,etanol,83.5270,45
2010-06-14,PB,gasolina,110.9370,45
2010-06-14,PE,etanol,372.1180,202
2010-06-14,PE,gasolina,530.9000,203
2010-06-14,PI,etanol,68.5870,33
2010-06-14,PI,gasolina,137.0360,52
2010-06-14,PR,etanol,182.9200,125
2010-06-14,PR,gasolina,314.5440,123
2010-06-14,RJ,etanol,258.1710,143
2010-06-14,RJ,gasolina,400.2750,147
2010-06-14,RN,etanol,122.6490,64
2010-06-14,RN,gasolina,173.6900,65
2010-06-14,RO,etanol,106.9800,51
2010-06-14,RO,gasolina,148.7550,52
2010-06-14,RR,etanol,4.2600,2
2010-06-14,RR,gasolina,36.9600,13
2010-06-14,RS,etanol,292.4110,154
2010-06-14,RS,gasolina,448.7080,170
2010-06-14,SC,etanol,298.2310,164
2010-06-14,SC,gasolina,411.2960,164
2010-06-14,SE,etanol,33.6800,17
2010-06-14,SE,gasolina,50.1680,19
2010-06-14,SP,etanol,794.2790,631
2010-06-14,SP,gasolina,1538.8960,630
2010-06-14,TO,etanol,24.9500,13
2010-06-14,TO,gasolina,42.2780,15
2010-06-15,AC,etanol,34.1300,14
2010-06-15,AC,gasolina,64.2880,21
2010-06-15,AL,etanol,10.9500,6
2010-06-15,AL,gasolina,18.5900,7
2010-06-15,AM,etanol,18.5100,9
2010-06-15,AM,gasolina,57.6800,21
2010-06-15,AP,etanol,32.4980,15
2010-06-15,AP,gasolina,48.5460,17
2010-06-15,BA,etanol,134.9380,71
2010-06-15,BA,gasolina,195.2580,70
2010-06-15,CE,etanol,203.4510,102
2010-06-15,CE,gasolina,317.7840,116
2010-06-15,DF,etanol,148.8700,80
2010-06-15,DF,gasolina,211.4790,80
2010-06-15,ES,etanol,114.2800,59
2010-06-15,ES,gasolina,159.1400,60
2010-06-15,GO,etanol,242.9960,146
2010-06-15,GO,gasolina,392.1950,147
2010-06-15,MA,etanol,30.3640,16
2010-06-15,MA,gasolina,44.8040,17
2010-06-15,MG,etanol,368.5760,201
2010-06-15,MG,gasolina,528.3920,201
2010-06-15,MS,etanol,115.0550,66
2010-06-15,MS,gasolina,165.7900,63
2010-06-15,MT,etanol,36.0000,20
2010-06-15,MT,gasolina,60.5600,21
2010-06-15,PA,etanol,105.9320,52
2010-06-15,PA,gasolina,227.2270,84
2010-06-15,PB,etanol,85.9790,48
2010-06-15,PB,gasolina,112.5060,48
2010-06-15,PE,etanol,176.9480,98
2010-06-15,PE,gasolina,262.5580,100
2010-06-15,PI,etanol,67.6780,36
2010-06-15,PI,gasolina,87.6200,36
2010-06-15,PR,etanol,417.2840,297
2010-06-15,PR,gasolina,730.8500,296
2010-06-15,RJ,etanol,473.8470,275
2010-06-15,RJ,gasolina,724.4480,273
2010-06-15,RN,etanol,56.2400,29
2010-06-15,RN,gasolina,80.1790,30
2010-06-15,RO,etanol,104.6700,50
2010-06-15,RO,gasolina,134.3650,50
2010-06-15,RR,etanol,37.5500,16
2010-06-15,RR,gasolina,51.1100,18
2010-06-15,RS,etanol,276.4740,146
2010-06-15,RS,gasolina,424.1440,159
2010-06-15,SC,etanol,358.4820,194
2010-06-15,SC,gasolina,493.6720,193
2010-06-15,SE,etanol,20.4720,11
2010-06-15,SE,gasolina,30.7020,12
2010-06-15,SP,etanol,1071.6400,822
2010-06-15,SP,gasolina,2016.5080,820
2010-06-15,TO,etanol,49.6400,26
2010-06-15,TO,gasolina,74.6300,26
2010-06-16,AC,etanol,36.6990,15
2010-06-16,AC,gasolina,43.7190,15
2010-06-16,AL,etanol,83.4470,45
2010-06-16,AL,gasolina,115.7440,44
2010-06-16,BA,etanol,109.1620,58
2010-06-16,BA,gasolina,163.5730,59
2010-06-16,CE,etanol,47.5760,26
2010-06-16,CE,gasolina,69.2950,26
2010-06-16,ES,etanol,119.1100,63
2010-06-16,ES,gasolina,164.9810,62
2010-06-16,GO,etanol,113.6490,89
2010-06-16,GO,gasolina,210.1980,89
2010-06-16,MA,etanol,30.7430,16
2010-06-16,MA,gasolina,45.4650,17
2010-06-16,MG,etanol,628.1680,371
2010-06-16,MG,gasolina,916.5880,374
2010-06-16,MS,etanol,38.4990,21
2010-06-16,MS,gasolina,61.9840,22
2010-06-16,MT,etanol,112.6880,72
2010-06-16,MT,gasolina,192.5850,72
2010-06-16,PA,etanol,19.2960,9
2010-06-16,PA,gasolina,43.8170,15
2010-06-16,PB,etanol,47.6070,26
2010-06-16,PB,gasolina,62.0410,26
2010-06-16,PE,etanol,64.1450,31
2010-06-16,PE,gasolina,90.2830,32
2010-06-16,PI,etanol,25.2580,13
2010-06-16,PI,gasolina,32.2780,13
2010-06-16,PR,etanol,86.3680,57
2010-06-16,PR,gasolina,147.8780,57
2010-06-16,RJ,etanol,375.8670,218
2010-06-16,RJ,gasolina,585.0560,222
2010-06-16,RN,etanol,43.3090,23
2010-06-16,RN,gasolina,61.3890,23
2010-06-16,RO,etanol,2.2000,1
2010-06-16,RO,gasolina,3.0900,1
2010-06-16,RR,gasolina,2.8400,1
2010-06-16,RS,etanol,453.5230,251
2010-06-16,RS,gasolina,677.9760,266
2010-06-16,SC,etanol,55.4260,29
2010-06-16,SC,gasolina,75.0710,29
2010-06-16,SE,etanol,8.1090,4
2010-06-16,SE,gasolina,11.0320,4
2010-06-16,SP,etanol,963.2870,745
2010-06-16,SP,gasolina,1812.8010,742
2010-06-16,TO,etanol,34.1590,19
2010-06-16,TO,gasolina,52.8490,19
2010-06-17,BA,etanol,34.1060,18
2010-06-17,BA,gasolina,52.1600,19
2010-06-17,CE,etanol,41.6910,23
2010-06-17,CE,gasolina,66.5010,25
2010-06-17,ES,etanol,24.5300,13
2010-06-17,ES,gasolina,37.7800,14
2010-06-17,MA,etanol,1.6690,1
2010-06-17,MA,gasolina,2.5800,1
2010-06-17,MG,etanol,72.4630,43
2010-06-17,MG,gasolina,107.7360,43
2010-06-17,MS,etanol,33.7110,20
2010-06-17,MS,gasolina,51.6050,20
2010-06-17,PB,etanol,1.9900,1
2010-06-17,PB,gasolina,2.4800,1
2010-06-17,PR,etanol,118.4180,81
2010-06-17,PR,gasolina,206.5140,81
2010-06-17,RJ,etanol,140.7660,81
2010-06-17,RJ,gasolina,215.0560,81
2010-06-17,RS,etanol,18.7070,10
2010-06-17,RS,gasolina,31.8150,12
2010-06-17,SE,etanol,41.8770,22
2010-06-17,SE,gasolina,57.9080,22
2010-06-17,SP,etanol,242.8570,182
2010-06-17,SP,gasolina,450.3070,182
2010-06-21,AC,etanol,13.4400,5
2010-06-21,AC,gasolina,33.1400,10
2010-06-21,AL,etanol,85.5510,44
2010-06-21,AL,gasolina,122.2390,45
2010-06-21,AM,etanol,85.8190,42
2010-06-21,AM,gasolina,194.4690,72
2010-06-21,AP,etanol,4.3100,2
2010-06-21,AP,gasolina,26.3100,9
2010-06-21,BA,etanol,489.6670,267
2010-06-21,BA,gasolina,737.9550,272
2010-06-21,CE,etanol,224.5300,112
2010-06-21,CE,gasolina,349.4790,127
2010-06-21,ES,etanol,106.0760,55
2010-06-21,ES,gasolina,148.2900,55
2010-06-21,GO,etanol,40.6880,25
2010-06-21,GO,gasolina,67.5280,26
2010-06-21,MA,etanol,98.9190,51
2010-06-21,MA,gasolina,183.4580,67
2010-06-21,MG,etanol,589.9160,329
2010-06-21,MG,gasolina,850.7790,329
2010-06-21,MS,etanol,80.8670,43
2010-06-21,MS,gasolina,118.6640,42
2010-06-21,MT,etanol,23.7670,13
2010-06-21,MT,gasolina,37.3470,13
2010-06-21,PA,etanol,13.5380,6
2010-06-21,PA,gasolina,56.1890,19
2010-06-21,PB,etanol,60.7270,33
2010-06-21,PB,gasolina,80.8960,33
2010-06-21,PE,etanol,222.8390,124
2010-06-21,PE,gasolina,325.6780,124
2010-06-21,PI,etanol,14.5000,7
2010-06-21,PI,gasolina,31.8790,12
2010-06-21,PR,etanol,300.2090,227
2010-06-21,PR,gasolina,551.8100,226
2010-06-21,RJ,etanol,24.3720,13
2010-06-21,RJ,gasolina,45.6390,16
2010-06-21,RN,etanol,29.0600,15
2010-06-21,RN,gasolina,42.6400,16
2010-06-21,RO,etanol,107.3200,51
2010-06-21,RO,gasolina,149.0140,52
2010-06-21,RR,etanol,35.1400,15
2010-06-21,RR,gasolina,53.9300,19
2010-06-21,RS,etanol,215.3770,118
2010-06-21,RS,gasolina,327.0500,126
2010-06-21,SC,etanol,256.0460,146
2010-06-21,SC,gasolina,358.8030,146
2010-06-21,SE,etanol,15.8180,8
2010-06-21,SE,gasolina,21.1240,8
2010-06-21,SP,etanol,728.2320,569
2010-06-21,SP,gasolina,1405.8930,568
2010-06-21,TO,etanol,44.6900,23
2010-06-21,TO,gasolina,71.1890,25
2010-06-22,AM,etanol,2.2500,1
2010-06-22,AM,gasolina,36.9800,13
2010-06-22,AP,etanol,32.4980,15
2010-06-22,AP,gasolina,57.4460,20
2010-06-22,BA,etanol,184.5810,104
2010-06-22,BA,gasolina,281.9050,106
2010-06-22,CE,etanol,170.1850,92
2010-06-22,CE,gasolina,252.3450,94
2010-06-22,DF,etanol,148.7800,80
2010-06-22,DF,gasolina,211.4890,80
2010-06-22,ES,etanol,263.2720,136
2010-06-22,ES,gasolina,356.6930,135
2010-06-22,GO,etanol,343.1570,227
2010-06-22,GO,gasolina,578.3770,227
2010-06-22,MA,etanol,96.2700,54
2010-06-22,MA,gasolina,164.3130,62
2010-06-22,MG,etanol,767.9680,444
2010-06-22,MG,gasolina,1118.7150,447
2010-06-22,MS,etanol,104.7260,62
2010-06-22,MS,gasolina,162.2520,62
2010-06-22,MT,etanol,120.0350,72
2010-06-22,MT,gasolina,197.4640,71
2010-06-22,PA,etanol,119.9350,52
2010-06-22,PA,gasolina,284.2800,97
2010-06-22,PB,etanol,128.9220,70
2010-06-22,PB,gasolina,170.5670,71
2010-06-22,PE,etanol,283.7250,150
2010-06-22,PE,gasolina,405.1900,153
2010-06-22,PI,etanol,91.7180,46
2010-06-22,PI,gasolina,145.9250,57
2010-06-22,PR,etanol,341.1920,229
2010-06-22,PR,gasolina,581.9010,227
2010-06-22,RJ,etanol,759.9800,431
2010-06-22,RJ,gasolina,1163.8070,434
2010-06-22,RN,etanol,195.2540,102
2010-06-22,RN,gasolina,273.2090,102
2010-06-22,RO,etanol,106.5820,51
2010-06-22,RO,gasolina,137.0650,51
2010-06-22,RR,gasolina,25.9800,9
2010-06-22,RS,etanol,369.0790,195
2010-06-22,RS,gasolina,553.6420,208
2010-06-22,SC,etanol,372.6210,202
2010-06-22,SC,gasolina,519.2560,202
2010-06-22,SE,etanol,71.3270,37
2010-06-22,SE,gasolina,103.0910,39
2010-06-22,SP,etanol,1768.3790,1366
2010-06-22,SP,gasolina,3330.9470,1361
2010-06-22,TO,etanol,64.1890,35
2010-06-22,TO,gasolina,98.4180,35
2010-06-23,AC,etanol,41.3590,17
2010-06-23,AC,gasolina,72.6850,24
2010-06-23,AL,etanol,97.0240,52
2010-06-23,AL,gasolina,135.5330,51
2010-06-23,AM,etanol,32.5480,16
2010-06-23,AM,gasolina,46.6280,18
2010-06-23,BA,etanol,73.1490,38
2010-06-23,BA,gasolina,105.8260,38
2010-06-23,GO,etanol,2.5400,2
2010-06-23,GO,gasolina,4.7400,2
2010-06-23,MA,etanol,25.6180,13
2010-06-23,MA,gasolina,39.0260,15
2010-06-23,MG,etanol,309.2080,181
2010-06-23,MG,gasolina,463.7690,184
2010-06-23,MS,etanol,45.7650,28
2010-06-23,MS,gasolina,71.5080,28
2010-06-23,MT,etanol,90.6410,54
2010-06-23,MT,gasolina,150.8510,54
2010-06-23,PA,etanol,69.7450,36
2010-06-23,PA,gasolina,172.4170,62
2010-06-23,PB,etanol,27.8660,16
2010-06-23,PB,gasolina,37.1060,16
2010-06-23,PE,etanol,100.8040,54
2010-06-23,PE,gasolina,148.0170,56
2010-06-23,PI,etanol,54.7270,29
2010-06-23,PI,gasolina,79.3070,32
2010-06-23,PR,etanol,119.6210,77
2010-06-23,PR,gasolina,198.3750,77
2010-06-23,RJ,etanol,315.9070,189
2010-06-23,RJ,gasolina,501.3090,191
2010-06-23,RR,gasolina,8.4000,3
2010-06-23,RS,etanol,167.1650,87
2010-06-23,RS,gasolina,251.5730,93
2010-06-23,SC,etanol,60.5020,31
2010-06-23,SC,gasolina,79.8290,31
2010-06-23,SE,etanol,18.5610,10
2010-06-23,SE,gasolina,25.2210,10
2010-06-23,SP,etanol,456.1130,354
2010-06-23,SP,gasolina,863.9620,354
2010-06-24,AC,etanol,36.8190,15
2010-06-24,AC,gasolina,43.7590,15
2010-06-24,AM,etanol,27.8190,14
2010-06-24,AM,gasolina,38.5980,15
2010-06-24,MG,etanol,45.5600,25
2010-06-24,MG,gasolina,65.2430,25
2010-06-24,PA,etanol,8.1360,4
2010-06-24,PA,gasolina,11.6470,4
2010-06-24,PE,etanol,1.7990,1
2010-06-24,PE,gasolina,2.4990,1
2010-06-24,PR,etanol,42.6720,28
2010-06-24,PR,gasolina,70.9020,28
2010-06-24,RJ,etanol,126.4000,73
2010-06-24,RJ,gasolina,195.4130,73
2010-06-24,RS,etanol,304.3000,173
2010-06-24,RS,gasolina,464.2020,186
2010-06-24,SC,etanol,15.5260,8
2010-06-24,SC,gasolina,18.6970,7
2010-06-24,SP,etanol,118.9920,91
2010-06-24,SP,gasolina,217.4710,90
2010-06-28,AL,etanol,86.0340,44
2010-06-28,AL,gasolina,122.7420,45
2010-06-28,AM,etanol,13.6500,6
2010-06-28,AM,gasolina,42.7400,15
2010-06-28,BA,etanol,417.2450,230
2010-06-28,BA,gasolina,630.2770,234
2010-06-28,CE,etanol,140.5670,69
2010-06-28,CE,gasolina,211.7210,77
2010-06-28,ES,etanol,24.7790,13
2010-06-28,ES,gasolina,34.5000,13
2010-06-28,GO,etanol,63.7540,41
2010-06-28,GO,gasolina,107.3080,42
2010-06-28,MA,etanol,14.0680,7
2010-06-28,MA,gasolina,20.8680,8
2010-06-28,MG,etanol,303.4930,171
2010-06-28,MG,gasolina,440.1310,173
2010-06-28,MS,etanol,47.2310,26
2010-06-28,MS,gasolina,76.2950,27
2010-06-28,MT,etanol,42.1670,23
2010-06-28,MT,gasolina,66.3120,23
2010-06-28,PA,gasolina,15.0100,5
2010-06-28,PB,etanol,85.7490,45
2010-06-28,PB,gasolina,113.4390,46
2010-06-28,PE,etanol,311.6160,172
2010-06-28,PE,gasolina,445.5930,172
2010-06-28,PR,etanol,154.8390,109
2010-06-28,PR,gasolina,272.6340,108
2010-06-28,RJ,etanol,61.0330,37
2010-06-28,RJ,gasolina,99.7120,37
2010-06-28,RN,etanol,30.1900,15
2010-06-28,RN,gasolina,40.5600,15
2010-06-28,RO,etanol,40.0700,19
2010-06-28,RO,gasolina,59.2000,20
2010-06-28,RS,etanol,218.2220,119
2010-06-28,RS,gasolina,362.6710,138
2010-06-28,SC,etanol,305.3050,174
2010-06-28,SC,gasolina,423.7820,173
2010-06-28,SE,etanol,29.9570,15
2010-06-28,SE,gasolina,43.0750,16
2010-06-28,SP,etanol,563.8260,435
2010-06-28,SP,gasolina,1075.5150,435
2010-06-28,TO,etanol,44.6700,23
2010-06-28,TO,gasolina,71.1680,25
2010-06-29,AC,etanol,13.4400,5
2010-06-29,AC,gasolina,33.1400,10
2010-06-29,AL,etanol,101.3080,52
2010-06-29,AL,gasolina,143.2240,52
2010-06-29,AM,etanol,13.5200,6
2010-06-29,AM,gasolina,85.6900,30
2010-06-29,AP,etanol,36.8080,17
2010-06-29,AP,gasolina,83.7560,29
2010-06-29,BA,etanol,155.3310,86
2010-06-29,BA,gasolina,233.9780,87
2010-06-29,CE,etanol,251.8360,133
2010-06-29,CE,gasolina,379.2070,140
2010-06-29,DF,etanol,146.9600,79
2010-06-29,DF,gasolina,208.9790,79
2010-06-29,ES,etanol,301.9090,156
2010-06-29,ES,gasolina,419.1220,157
2010-06-29,GO,etanol,253.1950,168
2010-06-29,GO,gasolina,430.3150,168
2010-06-29,MA,etanol,106.0290,55
2010-06-29,MA,gasolina,215.3390,79
2010-06-29,MG,etanol,1148.5980,658
2010-06-29,MG,gasolina,1670.0690,658
2010-06-29,MS,etanol,69.5420,38
2010-06-29,MS,gasolina,103.5000,38
2010-06-29,MT,etanol,126.3690,74
2010-06-29,MT,gasolina,206.7100,73
2010-06-29,PA,etanol,175.1200,83
2010-06-29,PA,gasolina,418.9050,146
2010-06-29,PB,etanol,130.7400,71
2010-06-29,PB,gasolina,178.4710,71
2010-06-29,PE,etanol,249.0110,133
2010-06-29,PE,gasolina,359.3690,134
2010-06-29,PI,etanol,97.1850,49
2010-06-29,PI,gasolina,161.7140,63
2010-06-29,PR,etanol,438.2760,318
2010-06-29,PR,gasolina,779.1960,314
2010-06-29,RJ,etanol,343.7230,195
2010-06-29,RJ,gasolina,541.3960,200
2010-06-29,RN,etanol,190.4060,100
2010-06-29,RN,gasolina,272.4850,102
2010-06-29,RO,etanol,171.8500,82
2010-06-29,RO,gasolina,224.1610,82
2010-06-29,RR,etanol,39.8400,17
2010-06-29,RR,gasolina,88.2900,31
2010-06-29,RS,etanol,229.5290,123
2010-06-29,RS,gasolina,354.7410,134
2010-06-29,SC,etanol,280.7310,154
2010-06-29,SC,gasolina,393.4550,154
2010-06-29,SE,etanol,75.7830,40
2010-06-29,SE,gasolina,105.4290,41
2010-06-29,SP,etanol,1860.9500,1430
2010-06-29,SP,gasolina,3500.9460,1426
2010-06-29,TO,etanol,29.9200,16
2010-06-29,TO,gasolina,45.7400,16
2010-06-30,AC,etanol,78.1110,32
2010-06-30,AC,gasolina,116.8490,39
2010-06-30,AM,etanol,128.0980,66
2010-06-30,AM,gasolina,180.1480,72
2010-06-30,BA,etanol,168.0810,89
2010-06-30,BA,gasolina,250.2140,90
2010-06-30,CE,gasolina,2.7800,1
2010-06-30,DF,etanol,1.8600,1
2010-06-30,DF,gasolina,2.6400,1
2010-06-30,ES,etanol,40.8400,21
2010-06-30,ES,gasolina,55.4600,21
2010-06-30,GO,etanol,67.1130,45
2010-06-30,GO,gasolina,111.9530,45
2010-06-30,MA,etanol,101.2870,57
2010-06-30,MA,gasolina,153.8420,59
2010-06-30,MG,etanol,260.8840,149
2010-06-30,MG,gasolina,387.8880,151
2010-06-30,MS,etanol,111.9370,67
2010-06-30,MS,gasolina,173.8580,67
2010-06-30,MT,etanol,43.7600,28
2010-06-30,MT,gasolina,74.9490,28
2010-06-30,PA,etanol,37.4260,16
2010-06-30,PA,gasolina,86.3470,29
2010-06-30,PB,etanol,5.5490,3
2010-06-30,PB,gasolina,7.5000,3
2010-06-30,PE,etanol,54.8190,28
2010-06-30,PE,gasolina,77.3390,29
2010-06-30,PI,etanol,65.5460,34
2010-06-30,PI,gasolina,95.6660,38
2010-06-30,PR,etanol,209.5830,133
2010-06-30,PR,gasolina,342.4010,133
2010-06-30,RJ,etanol,821.6590,480
2010-06-30,RJ,gasolina,1267.9060,482
2010-06-30,RN,etanol,1.8600,1
2010-06-30,RN,gasolina,2.6900,1
2010-06-30,RO,etanol,1.9900,1
2010-06-30,RO,gasolina,2.7900,1
2010-06-30,RR,etanol,1.9500,1
2010-06-30,RR,gasolina,2.4900,1
2010-06-30,RS,etanol,388.2370,208
2010-06-30,RS,gasolina,559.9000,213
2010-06-30,SC,etanol,107.1760,58
2010-06-30,SC,gasolina,150.8500,58
2010-06-30,SP,etanol,655.4140,516
2010-06-30,SP,gasolina,1244.7390,514
2010-06-30,TO,etanol,32.0500,18
2010-06-30,TO,gasolina,50.0290,18
2010-07-01,MG,etanol,1.8890,1
2010-07-01,MG,gasolina,2.4990,1
2010-07-01,MT,etanol,23.5020,15
2010-07-01,MT,gasolina,40.3690,15
2010-07-01,RS,etanol,205.9770,119
2010-07-01,RS,gasolina,309.6840,125
2010-07-01,SP,etanol,1.2990,1
2010-07-01,SP,gasolina,2.4580,1
2010-07-01,TO,etanol,1.7800,1
2010-07-01,TO,gasolina,2.7800,1
2010-07-05,AL,etanol,85.5460,44
2010-07-05,AL,gasolina,122.8910,45
2010-07-05,AM,etanol,10.5700,5
2010-07-05,AM,gasolina,27.2100,10
2010-07-05,AP,etanol,30.3280,14
2010-07-05,AP,gasolina,45.6960,16
2010-07-05,BA,etanol,419.1510,232
2010-07-05,BA,gasolina,631.8340,235
2010-07-05,CE,etanol,164.6550,82
2010-07-05,CE,gasolina,243.7820,88
2010-07-05,DF,etanol,1.8800,1
2010-07-05,DF,gasolina,2.6600,1
2010-07-05,ES,etanol,66.9890,35
2010-07-05,ES,gasolina,93.4000,35
2010-07-05,GO,etanol,59.9050,34
2010-07-05,GO,gasolina,94.3350,35
2010-07-05,MA,etanol,126.5760,66
2010-07-05,MA,gasolina,251.4720,93
2010-07-05,MG,etanol,493.5170,277
2010-07-05,MG,gasolina,711.7030,276
2010-07-05,MS,etanol,81.9740,46
2010-07-05,MS,gasolina,132.8060,49
2010-07-05,MT,etanol,96.7350,53
2010-07-05,MT,gasolina,151.8910,52
2010-07-05,PA,etanol,27.3000,12
2010-07-05,PA,gasolina,85.9800,29
2010-07-05,PB,etanol,110.5070,59
2010-07-05,PB,gasolina,149.0660,60
2010-07-05,PE,etanol,188.8420,106
2010-07-05,PE,gasolina,275.7040,106
2010-07-05,PR,etanol,129.9700,94
2010-07-05,PR,gasolina,236.2990,94
2010-07-05,RJ,etanol,61.3640,35
2010-07-05,RJ,gasolina,96.2390,35
2010-07-05,RN,etanol,203.8300,106
2010-07-05,RN,gasolina,289.4560,108
2010-07-05,RO,etanol,102.6130,49
2010-07-05,RO,gasolina,138.6250,50
2010-07-05,RR,etanol,25.8900,11
2010-07-05,RR,gasolina,36.8900,13
2010-07-05,RS,etanol,145.0660,77
2010-07-05,RS,gasolina,220.1750,83
2010-07-05,SC,etanol,32.7130,18
2010-07-05,SC,gasolina,46.7070,18
2010-07-05,SE,etanol,24.0170,12
2010-07-05,SE,gasolina,37.6470,14
2010-07-05,SP,etanol,775.7020,594
2010-07-05,SP,gasolina,1458.5600,593
2010-07-05,TO,etanol,72.7400,38
2010-07-05,TO,gasolina,114.0690,40
2010-07-06,AC,etanol,16.3200,6
2010-07-06,AC,gasolina,33.1700,10
2010-07-06,AL,etanol,17.5910,9
2010-07-06,AL,gasolina,22.1040,8
2010-07-06,AM,etanol,11.7700,5
2010-07-06,AM,gasolina,84.0800,29
2010-07-06,AP,etanol,4.3100,2
2010-07-06,AP,gasolina,35.2100,12
2010-07-06,BA,etanol,126.8640,69
2010-07-06,BA,gasolina,190.1900,70
2010-07-06,CE,etanol,175.0580,93
2010-07-06,CE,gasolina,302.3790,112
2010-07-06,DF,etanol,146.9800,79
2010-07-06,DF,gasolina,208.8290,79
2010-07-06,ES,etanol,100.0990,51
2010-07-06,ES,gasolina,139.5930,51
2010-07-06,GO,etanol,317.7810,217
2010-07-06,GO,gasolina,547.4430,217
2010-07-06,MA,etanol,74.4240,43
2010-07-06,MA,gasolina,115.1150,44
2010-07-06,MG,etanol,776.5600,445
2010-07-06,MG,gasolina,1138.1260,453
2010-07-06,MS,etanol,73.1360,42
2010-07-06,MS,gasolina,104.3170,39
2010-07-06,MT,etanol,50.7350,31
2010-07-06,MT,gasolina,85.6970,31
2010-07-06,PA,etanol,92.0880,41
2010-07-06,PA,gasolina,255.7900,88
2010-07-06,PB,etanol,22.4690,12
2010-07-06,PB,gasolina,29.6790,12
2010-07-06,PE,etanol,346.3820,186
2010-07-06,PE,gasolina,490.9180,186
2010-07-06,PI,etanol,96.8330,48
2010-07-06,PI,gasolina,158.0320,61
2010-07-06,PR,etanol,440.8000,315
2010-07-06,PR,gasolina,782.6450,314
2010-07-06,RJ,etanol,294.8660,172
2010-07-06,RJ,gasolina,475.5960,178
2010-07-06,RN,etanol,18.7690,10
2010-07-06,RN,gasolina,26.5400,10
2010-07-06,RO,etanol,109.2760,52
2010-07-06,RO,gasolina,144.8260,52
2010-07-06,RR,etanol,9.2500,4
2010-07-06,RR,gasolina,51.4100,18
2010-07-06,RS,etanol,313.5130,170
2010-07-06,RS,gasolina,498.9100,188
2010-07-06,SC,etanol,411.8480,236
2010-07-06,SC,gasolina,582.2060,236
2010-07-06,SE,etanol,38.2370,20
2010-07-06,SE,gasolina,54.3040,21
2010-07-06,SP,etanol,1102.3830,844
2010-07-06,SP,gasolina,2084.8280,844
2010-07-06,TO,etanol,5.5600,3
2010-07-06,TO,gasolina,8.4000,3
2010-07-07,AC,etanol,63.4890,26
2010-07-07,AC,gasolina,95.4200,32
2010-07-07,AL,etanol,54.5430,28
2010-07-07,AL,gasolina,82.6570,30
2010-07-07,AM,etanol,67.5170,35
2010-07-07,AM,gasolina,102.6760,42
2010-07-07,AP,etanol,2.1700,1
2010-07-07,AP,gasolina,2.8400,1
2010-07-07,BA,etanol,137.8140,76
2010-07-07,BA,gasolina,207.7120,77
2010-07-07,CE,etanol,35.5070,20
2010-07-07,CE,gasolina,53.1110,20
2010-07-07,ES,etanol,200.6200,105
2010-07-07,ES,gasolina,272.7300,104
2010-07-07,GO,etanol,4.4790,3
2010-07-07,GO,gasolina,8.1190,3
2010-07-07,MA,etanol,15.1600,8
2010-07-07,MA,gasolina,23.4280,9
2010-07-07,MG,etanol,284.7390,162
2010-07-07,MG,gasolina,417.5440,162
2010-07-07,MS,etanol,53.0970,32
2010-07-07,MS,gasolina,83.9200,32
2010-07-07,MT,etanol,69.5130,44
2010-07-07,MT,gasolina,118.7310,44
2010-07-07,PA,etanol,64.6180,32
2010-07-07,PA,gasolina,115.4040,42
2010-07-07,PB,etanol,87.4240,47
2010-07-07,PB,gasolina,120.0160,47
2010-07-07,PE,etanol,66.4490,33
2010-07-07,PE,gasolina,101.1970,37
2010-07-07,PI,etanol,67.9610,36
2010-07-07,PI,gasolina,95.3770,39
2010-07-07,PR,etanol,179.6650,120
2010-07-07,PR,gasolina,304.2540,119
2010-07-07,RJ,etanol,500.6390,293
2010-07-07,RJ,gasolina,779.8710,293
2010-07-07,RN,etanol,1.7000,1
2010-07-07,RN,gasolina,2.4900,1
2010-07-07,RO,etanol,2.0800,1
2010-07-07,RO,gasolina,2.6900,1
2010-07-07,RS,etanol,354.1670,196
2010-07-07,RS,gasolina,562.8790,218
2010-07-07,SC,etanol,244.8690,131
2010-07-07,SC,gasolina,340.9260,131
2010-07-07,SE,etanol,41.7070,22
2010-07-07,SE,gasolina,57.4880,22
2010-07-07,SP,etanol,866.6380,674
2010-07-07,SP,gasolina,1626.8790,671
2010-07-07,TO,etanol,30.7790,17
2010-07-07,TO,gasolina,47.3690,17
2010-07-08,AC,etanol,14.5000,6
2010-07-08,AC,gasolina,21.3800,7
2010-07-08,AL,etanol,24.6190,13
2010-07-08,AL,gasolina,35.2370,13
2010-07-08,AM,etanol,57.3390,29
2010-07-08,AM,gasolina,92.5490,37
2010-07-08,BA,etanol,51.9990,29
2010-07-08,BA,gasolina,78.3640,29
2010-07-08,MG,etanol,168.1970,96
2010-07-08,MG,gasolina,251.0300,96
2010-07-08,MS,etanol,19.7860,12
2010-07-08,MS,gasolina,30.5360,12
2010-07-08,MT,etanol,18.7890,12
2010-07-08,MT,gasolina,32.0860,12
2010-07-08,PA,etanol,27.9750,14
2010-07-08,PA,gasolina,62.9480,23
2010-07-08,PE,etanol,11.0290,6
2010-07-08,PE,gasolina,15.6270,6
2010-07-08,PI,etanol,1.6900,1
2010-07-08,PI,gasolina,2.3100,1
2010-07-08,PR,etanol,46.6740,30
2010-07-08,PR,gasolina,77.3600,30
2010-07-08,RJ,etanol,356.8280,212
2010-07-08,RJ,gasolina,554.0890,212
2010-07-08,RS,etanol,210.6140,119
2010-07-08,RS,gasolina,300.8860,120
2010-07-08,SC,etanol,1.7890,1
2010-07-08,SC,gasolina,2.4900,1
2010-07-08,SP,etanol,360.6000,271
2010-07-08,SP,gasolina,659.1850,270
2010-07-12,AC,etanol,16.3200,6
2010-07-12,AC,gasolina,32.8700,10
2010-07-12,AL,etanol,83.9360,44
2010-07-12,AL,gasolina,121.8560,45
2010-07-12,AM,etanol,25.1700,12
2010-07-12,AM,gasolina,64.7000,24
2010-07-12,AP,etanol,4.3100,2
2010-07-12,AP,gasolina,35.2200,12
2010-07-12,BA,etanol,336.1140,184
2010-07-12,BA,gasolina,509.1200,188
2010-07-12,CE,etanol,152.5410,77
2010-07-12,CE,gasolina,235.3730,86
2010-07-12,ES,etanol,74.2990,38
2010-07-12,ES,gasolina,102.9730,38
2010-07-12,GO,etanol,31.8600,20
2010-07-12,GO,gasolina,50.8900,20
2010-07-12,MA,etanol,69.2370,35
2010-07-12,MA,gasolina,149.4570,54
2010-07-12,MG,etanol,487.0450,275
2010-07-12,MG,gasolina,712.2080,278
2010-07-12,MS,etanol,74.3940,43
2010-07-12,MS,gasolina,116.0320,43
2010-07-12,MT,etanol,23.4870,13
2010-07-12,MT,gasolina,37.3940,13
2010-07-12,PA,etanol,29.5390,13
2010-07-12,PA,gasolina,79.8670,27
2010-07-12,PB,etanol,67.0740,35
2010-07-12,PB,gasolina,84.7790,34
2010-07-12,PE,etanol,247.0830,139
2010-07-12,PE,gasolina,366.5720,140
2010-07-12,PI,etanol,11.9100,6
2010-07-12,PI,gasolina,29.1090,11
2010-07-12,PR,etanol,215.2460,159
2010-07-12,PR,gasolina,387.3470,158
2010-07-12,RJ,etanol,133.7970,75
2010-07-12,RJ,gasolina,218.5820,79
2010-07-12,RN,etanol,16.7500,8
2010-07-12,RN,gasolina,21.7500,8
2010-07-12,RO,etanol,107.2190,51
2010-07-12,RO,gasolina,148.1650,52
2010-07-12,RR,etanol,42.2500,18
2010-07-12,RR,gasolina,62.7400,22
2010-07-12,RS,etanol,332.1210,185
2010-07-12,RS,gasolina,505.2560,196
2010-07-12,SC,etanol,125.3070,73
2010-07-12,SC,gasolina,179.5900,73
2010-07-12,SE,etanol,32.4090,17
2010-07-12,SE,gasolina,43.6960,17
2010-07-12,SP,etanol,709.0890,543
2010-07-12,SP,gasolina,1341.8680,542
2010-07-12,TO,etanol,9.5000,5
2010-07-12,TO,gasolina,13.9690,5
2010-07-13,AC,etanol,2.4700,1
2010-07-13,AC,gasolina,3.0400,1
2010-07-13,AL,etanol,7.9450,4
2010-07-13,AL,gasolina,11.1400,4
2010-07-13,AM,etanol,67.5770,35
2010-07-13,AM,gasolina,153.6580,59
2010-07-13,AP,etanol,32.4980,15
2010-07-13,AP,gasolina,48.5460,17
2010-07-13,BA,etanol,205.2110,116
2010-07-13,BA,gasolina,304.8770,115
2010-07-13,CE,etanol,105.3970,53
2010-07-13,CE,gasolina,170.3680,62
2010-07-13,DF,etanol,44.8200,24
2010-07-13,DF,gasolina,63.6900,24
2010-07-13,ES,etanol,263.2590,138
2010-07-13,ES,gasolina,365.1900,138
2010-07-13,GO,etanol,197.5450,119
2010-07-13,GO,gasolina,319.1260,120
2010-07-13,MA,etanol,122.0300,69
2010-07-13,MA,gasolina,206.9030,79
2010-07-13,MG,etanol,826.9530,476
2010-07-13,MG,gasolina,1204.4130,478
2010-07-13,MS,etanol,137.8790,80
2010-07-13,MS,gasolina,212.2020,80
2010-07-13,MT,etanol,206.6480,124
2010-07-13,MT,gasolina,339.4800,122
2010-07-13,PA,etanol,121.8490,57
2010-07-13,PA,gasolina,294.0600,102
2010-07-13,PB,etanol,72.2180,39
2010-07-13,PB,gasolina,96.4160,39
2010-07-13,PE,etanol,277.7680,144
2010-07-13,PE,gasolina,384.1640,145
2010-07-13,PI,etanol,98.8950,49
2010-07-13,PI,gasolina,154.0950,60
2010-07-13,PR,etanol,304.6810,209
2010-07-13,PR,gasolina,520.2400,205
2010-07-13,RJ,etanol,386.7710,227
2010-07-13,RJ,gasolina,603.7600,229
2010-07-13,RN,etanol,199.5490,105
2010-07-13,RN,gasolina,286.0990,107
2010-07-13,RO,etanol,104.5510,50
2010-07-13,RO,gasolina,134.5650,50
2010-07-13,RR,gasolina,25.6000,9
2010-07-13,RS,etanol,284.2580,151
2010-07-13,RS,gasolina,438.8720,166
2010-07-13,SC,etanol,239.0550,139
2010-07-13,SC,gasolina,341.9900,140
2010-07-13,SE,etanol,49.6270,26
2010-07-13,SE,gasolina,70.5410,27
2010-07-13,SP,etanol,1736.7890,1322
2010-07-13,SP,gasolina,3220.9020,1318
2010-07-13,TO,etanol,65.0000,35
2010-07-13,TO,gasolina,105.7400,37
2010-07-14,AC,etanol,63.1990,26
2010-07-14,AC,gasolina,79.2790,27
2010-07-14,AL,etanol,68.0400,35
2010-07-14,AL,gasolina,96.2010,35
2010-07-14,AM,etanol,33.1490,17
2010-07-14,AM,gasolina,45.7500,19
2010-07-14,BA,etanol,169.7350,90
2010-07-14,BA,gasolina,255.2540,92
2010-07-14,CE,etanol,112.0270,61
2010-07-14,CE,gasolina,168.6450,63
2010-07-14,DF,etanol,104.0500,56
2010-07-14,DF,gasolina,147.7990,56
2010-07-14,ES,etanol,29.5800,15
2010-07-14,ES,gasolina,40.0000,15
2010-07-14,GO,etanol,152.0580,115
2010-07-14,GO,gasolina,279.8640,115
2010-07-14,MA,etanol,22.6000,12
2010-07-14,MA,gasolina,33.7960,13
2010-07-14,MG,etanol,368.6860,208
2010-07-14,MG,gasolina,543.1610,210
2010-07-14,MS,etanol,15.2890,9
2010-07-14,MS,gasolina,24.8890,9
2010-07-14,MT,etanol,3.3200,2
2010-07-14,MT,gasolina,8.2700,3
2010-07-14,PA,etanol,15.5640,8
2010-07-14,PA,gasolina,59.6730,22
2010-07-14,PB,etanol,64.8660,35
2010-07-14,PB,gasolina,89.1690,35
2010-07-14,PE,etanol,78.3980,43
2010-07-14,PE,gasolina,115.7350,44
2010-07-14,PI,etanol,55.4960,30
2010-07-14,PI,gasolina,72.0040,30
2010-07-14,PR,etanol,211.0460,142
2010-07-14,PR,gasolina,358.5870,142
2010-07-14,RJ,etanol,638.6000,370
2010-07-14,RJ,gasolina,983.1530,370
2010-07-14,RN,etanol,3.5900,2
2010-07-14,RN,gasolina,5.1800,2
2010-07-14,RO,etanol,2.0900,1
2010-07-14,RO,gasolina,2.7500,1
2010-07-14,RS,etanol,153.1240,82
2010-07-14,RS,gasolina,227.0510,85
2010-07-14,SC,etanol,319.7460,174
2010-07-14,SC,gasolina,444.6240,173
2010-07-14,SE,etanol,21.8960,11
2010-07-14,SE,gasolina,34.7810,13
2010-07-14,SP,etanol,639.2640,483
2010-07-14,SP,gasolina,1177.8010,483
2010-07-14,TO,etanol,32.1880,18
2010-07-14,TO,gasolina,50.1290,18
2010-07-15,AC,etanol,12.6000,5
2010-07-15,AC,gasolina,34.5600,11
2010-07-15,AL,etanol,25.4390,13
2010-07-15,AL,gasolina,35.9290,13
2010-07-15,AM,etanol,24.8000,13
2010-07-15,AM,gasolina,34.7900,15
2010-07-15,BA,etanol,37.6570,20
2010-07-15,BA,gasolina,55.7670,20
2010-07-15,CE,etanol,13.6670,8
2010-07-15,CE,gasolina,23.7480,9
2010-07-15,MG,etanol,44.1120,24
2010-07-15,MG,gasolina,64.9900,24
2010-07-15,PA,etanol,41.7680,20
2010-07-15,PA,gasolina,85.5480,31
2010-07-15,PB,etanol,22.2070,12
2010-07-15,PB,gasolina,30.7770,12
2010-07-15,PE,etanol,11.2980,6
2010-07-15,PE,gasolina,15.6070,6
2010-07-15,PR,etanol,70.6720,50
2010-07-15,PR,gasolina,125.5260,49
2010-07-15,RJ,etanol,72.4400,41
2010-07-15,RJ,gasolina,113.1960,42
2010-07-15,RR,etanol,1.8900,1
2010-07-15,RR,gasolina,2.4500,1
2010-07-15,RS,etanol,267.4530,152
2010-07-15,RS,gasolina,412.3890,163
2010-07-15,SP,etanol,44.9750,33
2010-07-15,SP,gasolina,82.3100,33
2010-07-19,AC,etanol,18.8300,7
2010-07-19,AC,gasolina,32.8800,10
2010-07-19,AL,etanol,83.7610,43
2010-07-19,AL,gasolina,120.2110,44
2010-07-19,AM,etanol,69.7080,36
2010-07-19,AM,gasolina,142.9580,53
2010-07-19,AP,etanol,36.8080,17
2010-07-19,AP,gasolina,86.6460,30
2010-07-19,BA,etanol,420.7720,232
2010-07-19,BA,gasolina,631.2000,233
2010-07-19,CE,etanol,230.8060,116
2010-07-19,CE,gasolina,347.5170,126
2010-07-19,DF,etanol,145.1000,78
2010-07-19,DF,gasolina,206.1690,78
2010-07-19,ES,etanol,146.9190,76
2010-07-19,ES,gasolina,205.2430,76
2010-07-19,GO,etanol,106.2150,67
2010-07-19,GO,gasolina,177.7580,68
2010-07-19,MA,etanol,41.9760,23
2010-07-19,MA,gasolina,80.5470,30
2010-07-19,MG,etanol,953.3970,546
2010-07-19,MG,gasolina,1389.0830,551
2010-07-19,MS,etanol,85.2330,47
2010-07-19,MS,gasolina,130.2750,47
2010-07-19,MT,etanol,122.5450,68
2010-07-19,MT,gasolina,196.1600,67
2010-07-19,PA,etanol,109.7260,48
2010-07-19,PA,gasolina,295.2510,99
2010-07-19,PB,etanol,100.4670,54
2010-07-19,PB,gasolina,135.0740,54
2010-07-19,PE,etanol,304.1140,166
2010-07-19,PE,gasolina,443.7000,167
2010-07-19,PI,etanol,56.6000,27
2010-07-19,PI,gasolina,106.5190,40
2010-07-19,PR,etanol,282.4850,204
2010-07-19,PR,gasolina,496.3340,202
2010-07-19,RJ,etanol,63.2580,37
2010-07-19,RJ,gasolina,96.3110,37
2010-07-19,RO,etanol,149.3360,71
2010-07-19,RO,gasolina,204.0060,72
2010-07-19,RR,etanol,37.4900,16
2010-07-19,RR,gasolina,88.3600,31
2010-07-19,RS,etanol,476.1820,267
2010-07-19,RS,gasolina,735.4530,289
2010-07-19,SC,etanol,188.5350,112
2010-07-19,SC,gasolina,272.4760,112
2010-07-19,SE,etanol,13.8480,7
2010-07-19,SE,gasolina,21.0340,8
2010-07-19,SP,etanol,768.9690,566
2010-07-19,SP,gasolina,1397.0650,566
2010-07-19,TO,etanol,42.8700,23
2010-07-19,TO,gasolina,71.1590,25
2010-07-20,AC,etanol,42.9700,18
2010-07-20,AC,gasolina,75.9600,25
2010-07-20,AL,etanol,46.4920,24
2010-07-20,AL,gasolina,68.5110,25
2010-07-20,AM,etanol,16.6200,7
2010-07-20,AM,gasolina,84.1800,29
2010-07-20,BA,etanol,280.0750,153
2010-07-20,BA,gasolina,417.6230,153
2010-07-20,CE,etanol,152.2420,84
2010-07-20,CE,gasolina,253.5790,95
2010-07-20,DF,etanol,3.7600,2
2010-07-20,DF,gasolina,5.3500,2
2010-07-20,ES,etanol,44.6000,23
2010-07-20,ES,gasolina,58.8100,22
2010-07-20,GO,etanol,33.5830,23
2010-07-20,GO,gasolina,60.0020,23
2010-07-20,MA,etanol,158.4990,86
2010-07-20,MA,gasolina,288.1700,108
2010-07-20,MG,etanol,501.3010,279
2010-07-20,MG,gasolina,729.5550,278
2010-07-20,MS,etanol,96.5340,57
2010-07-20,MS,gasolina,150.5580,57
2010-07-20,MT,etanol,112.4370,72
2010-07-20,MT,gasolina,192.4850,72
2010-07-20,PA,etanol,102.1680,51
2010-07-20,PA,gasolina,223.4640,83
2010-07-20,PB,etanol,80.2220,43
2010-07-20,PB,gasolina,110.4660,44
2010-07-20,PE,etanol,256.9390,139
2010-07-20,PE,gasolina,373.2960,144
2010-07-20,PI,etanol,44.5690,23
2010-07-20,PI,gasolina,65.0090,26
2010-07-20,PR,etanol,287.8710,196
2010-07-20,PR,gasolina,498.0330,195
2010-07-20,RJ,etanol,955.8160,549
2010-07-20,RJ,gasolina,1484.8260,555
2010-07-20,RN,etanol,220.6490,115
2010-07-20,RN,gasolina,313.4370,117
2010-07-20,RO,etanol,4.1800,2
2010-07-20,RO,gasolina,5.3490,2
2010-07-20,RS,etanol,407.7690,219
2010-07-20,RS,gasolina,617.0430,233
2010-07-20,SC,etanol,198.6370,113
2010-07-20,SC,gasolina,279.1540,113
2010-07-20,SE,etanol,53.2460,28
2010-07-20,SE,gasolina,72.2940,28
2010-07-20,SP,etanol,1641.9230,1204
2010-07-20,SP,gasolina,2942.6120,1202
2010-07-20,TO,etanol,36.2980,20
2010-07-20,TO,gasolina,55.7680,20
2010-07-21,AL,etanol,56.6370,29
2010-07-21,AL,gasolina,77.3750,28
2010-07-21,AM,etanol,61.6260,32
2010-07-21,AM,gasolina,96.9130,36
2010-07-21,BA,etanol,46.2070,25
2010-07-21,BA,gasolina,70.8900,26
2010-07-21,ES,etanol,174.5400,92
2010-07-21,ES,gasolina,241.3600,92
2010-07-21,GO,etanol,221.0350,146
2010-07-21,GO,gasolina,365.2160,146
2010-07-21,MA,etanol,13.4690,7
2010-07-21,MA,gasolina,20.8080,8
2010-07-21,MG,etanol,220.1850,124
2010-07-21,MG,gasolina,323.2110,126
2010-07-21,MS,etanol,6.6520,4
2010-07-21,MS,gasolina,10.1770,4
2010-07-21,PB,etanol,42.7200,23
2010-07-21,PB,gasolina,58.8630,23
2010-07-21,PE,etanol,38.5570,20
2010-07-21,PE,gasolina,52.8360,20
2010-07-21,PI,etanol,64.9730,35
2010-07-21,PI,gasolina,84.3500,35
2010-07-21,PR,etanol,175.2840,115
2010-07-21,PR,gasolina,293.6210,114
2010-07-21,RJ,etanol,143.3620,83
2010-07-21,RJ,gasolina,218.3200,83
2010-07-21,RN,etanol,1.7000,1
2010-07-21,RN,gasolina,2.4900,1
2010-07-21,RO,etanol,60.4440,29
2010-07-21,RO,gasolina,76.7980,29
2010-07-21,RS,etanol,98.2280,54
2010-07-21,RS,gasolina,157.3670,60
2010-07-21,SC,etanol,220.0490,119
2010-07-21,SC,gasolina,312.9470,121
2010-07-21,SE,etanol,34.2890,18
2010-07-21,SE,gasolina,54.6170,21
2010-07-21,SP,etanol,657.1570,482
2010-07-21,SP,gasolina,1175.3300,481
2010-07-21,TO,etanol,28.0500,15
2010-07-21,TO,gasolina,42.8800,15
2010-07-22,AC,etanol,34.1590,14
2010-07-22,AC,gasolina,40.8790,14
2010-07-22,GO,etanol,27.2090,18
2010-07-22,GO,gasolina,48.6060,18
2010-07-22,MG,etanol,49.2220,30
2010-07-22,MG,gasolina,76.0470,30
2010-07-22,MS,etanol,40.8510,24
2010-07-22,MS,gasolina,63.3220,24
2010-07-22,PE,etanol,9.0490,5
2010-07-22,PE,gasolina,12.9190,5
2010-07-22,PR,etanol,67.4790,44
2010-07-22,PR,gasolina,111.2940,44
2010-07-22,RJ,etanol,69.1970,41
2010-07-22,RJ,gasolina,106.0400,41
2010-07-22,RS,etanol,51.7550,27
2010-07-22,RS,gasolina,75.1850,28
2010-07-22,SC,etanol,74.0890,41
2010-07-22,SC,gasolina,103.4030,40
2010-07-22,SP,etanol,173.7690,131
2010-07-22,SP,gasolina,320.2730,131
2010-07-26,AC,etanol,16.0400,6
2010-07-26,AC,gasolina,33.2200,10
2010-07-26,AL,etanol,84.2270,44
2010-07-26,AL,gasolina,122.4170,45
2010-07-26,AM,etanol,14.9400,8
2010-07-26,AM,gasolina,43.8400,16
2010-07-26,AP,etanol,4.1100,2
2010-07-26,AP,gasolina,43.8300,15
2010-07-26,BA,etanol,334.3690,184
2010-07-26,BA,gasolina,510.6590,189
2010-07-26,CE,etanol,15.8290,8
2010-07-26,CE,gasolina,27.1980,10
2010-07-26,ES,etanol,84.9500,44
2010-07-26,ES,gasolina,116.3730,43
2010-07-26,MA,etanol,116.9180,63
2010-07-26,MA,gasolina,237.0030,88
2010-07-26,MG,etanol,738.8490,424
2010-07-26,MG,gasolina,1072.1480,429
2010-07-26,MS,etanol,59.5930,33
2010-07-26,MS,gasolina,93.4100,33
2010-07-26,MT,etanol,3.5140,2
2010-07-26,MT,gasolina,5.8590,2
2010-07-26,PB,etanol,71.7190,38
2010-07-26,PB,gasolina,95.3890,38
2010-07-26,PE,etanol,290.5820,159
2010-07-26,PE,gasolina,426.8990,161
2010-07-26,PR,etanol,188.7660,131
2010-07-26,PR,gasolina,323.4730,130
2010-07-26,RJ,etanol,87.9020,50
2010-07-26,RJ,gasolina,133.5510,50
2010-07-26,RO,etanol,29.0700,14
2010-07-26,RO,gasolina,41.3100,14
2010-07-26,RR,etanol,35.1000,15
2010-07-26,RR,gasolina,62.7100,22
2010-07-26,RS,etanol,427.8490,235
2010-07-26,RS,gasolina,636.9990,247
2010-07-26,SC,etanol,99.3610,60
2010-07-26,SC,gasolina,139.9590,60
2010-07-26,SE,etanol,15.8880,8
2010-07-26,SE,gasolina,23.7340,9
2010-07-26,SP,etanol,587.1840,422
2010-07-26,SP,gasolina,1030.3940,418
2010-07-26,TO,etanol,5.7800,3
2010-07-26,TO,gasolina,8.4090,3
2010-07-27,AL,etanol,85.3500,44
2010-07-27,AL,gasolina,120.9000,44
2010-07-27,AM,etanol,105.9490,54
2010-07-27,AM,gasolina,185.1380,69
2010-07-27,AP,etanol,2.1500,1
2010-07-27,AP,gasolina,2.8400,1
2010-07-27,BA,etanol,292.5490,163
2010-07-27,BA,gasolina,440.6590,163
2010-07-27,CE,etanol,364.8840,191
2010-07-27,CE,gasolina,558.5660,205
2010-07-27,ES,etanol,217.5590,116
2010-07-27,ES,gasolina,303.1200,116
2010-07-27,GO,etanol,186.9380,113
2010-07-27,GO,gasolina,303.8770,114
2010-07-27,MA,etanol,97.4360,56
2010-07-27,MA,gasolina,150.4130,58
2010-07-27,MG,etanol,617.7750,345
2010-07-27,MG,gasolina,897.6920,346
2010-07-27,MS,etanol,83.4530,48
2010-07-27,MS,gasolina,126.4240,48
2010-07-27,MT,etanol,70.6780,43
2010-07-27,MT,gasolina,115.0670,41
2010-07-27,PA,etanol,162.6880,77
2010-07-27,PA,gasolina,401.8390,143
2010-07-27,PB,etanol,112.2520,61
2010-07-27,PB,gasolina,156.4410,62
2010-07-27,PE,etanol,253.2740,134
2010-07-27,PE,gasolina,354.0730,136
2010-07-27,PI,etanol,70.8790,37
2010-07-27,PI,gasolina,107.5880,43
2010-07-27,PR,etanol,295.9270,198
2010-07-27,PR,gasolina,502.3210,198
2010-07-27,RJ,etanol,475.1290,276
2010-07-27,RJ,gasolina,734.7240,279
2010-07-27,RN,etanol,216.2850,113
2010-07-27,RN,gasolina,310.1880,116
2010-07-27,RO,etanol,143.4430,69
2010-07-27,RO,gasolina,190.6500,69
2010-07-27,RR,etanol,1.8900,1
2010-07-27,RR,gasolina,11.0900,4
2010-07-27,RS,etanol,395.6910,213
2010-07-27,RS,gasolina,608.9560,231
2010-07-27,SC,etanol,305.6410,174
2010-07-27,SC,gasolina,438.8390,176
2010-07-27,SE,etanol,72.5270,38
2010-07-27,SE,gasolina,101.9410,39
2010-07-27,SP,etanol,1641.8920,1171
2010-07-27,SP,gasolina,2880.8450,1170
2010-07-27,TO,etanol,87.1990,47
2010-07-27,TO,gasolina,132.8080,47
2010-07-28,AC,etanol,72.1490,30
2010-07-28,AC,gasolina,116.6290,39
2010-07-28,AL,etanol,15.3880,8
2010-07-28,AL,gasolina,21.8780,8
2010-07-28,AM,etanol,32.7800,16
2010-07-28,AM,gasolina,89.8160,32
2010-07-28,AP,etanol,34.5690,16
2010-07-28,AP,gasolina,45.6290,16
2010-07-28,BA,etanol,101.6300,54
2010-07-28,BA,gasolina,154.1330,56
2010-07-28,CE,etanol,15.9930,9
2010-07-28,CE,gasolina,23.7650,9
2010-07-28,DF,etanol,149.6490,80
2010-07-28,DF,gasolina,213.0700,80
2010-07-28,ES,etanol,61.2900,31
2010-07-28,ES,gasolina,84.2000,31
2010-07-28,GO,etanol,207.1020,141
2010-07-28,GO,gasolina,349.1110,141
2010-07-28,MG,etanol,279.0450,158
2010-07-28,MG,gasolina,407.6590,158
2010-07-28,MS,etanol,44.5380,27
2010-07-28,MS,gasolina,70.2800,27
2010-07-28,MT,etanol,150.8820,94
2010-07-28,MT,gasolina,259.3410,94
2010-07-28,PA,etanol,36.4680,17
2010-07-28,PA,gasolina,94.6690,32
2010-07-28,PB,etanol,39.3920,21
2010-07-28,PB,gasolina,54.0440,21
2010-07-28,PE,etanol,52.9250,30
2010-07-28,PE,gasolina,78.1190,30
2010-07-28,PI,etanol,80.2730,41
2010-07-28,PI,gasolina,124.8000,49
2010-07-28,PR,etanol,318.7260,205
2010-07-28,PR,gasolina,524.9210,204
2010-07-28,RJ,etanol,549.7490,317
2010-07-28,RJ,gasolina,854.2790,321
2010-07-28,RO,etanol,41.5680,20
2010-07-28,RO,gasolina,54.9250,20
2010-07-28,RR,gasolina,17.2000,6
2010-07-28,RS,etanol,210.0520,110
2010-07-28,RS,gasolina,318.6830,119
2010-07-28,SC,etanol,186.0250,102
2010-07-28,SC,gasolina,260.0570,102
2010-07-28,SP,etanol,969.9370,702
2010-07-28,SP,gasolina,1704.0560,698
2010-07-28,TO,etanol,16.6500,9
2010-07-28,TO,gasolina,25.8500,9
2010-07-29,BA,etanol,20.4370,11
2010-07-29,BA,gasolina,29.7680,11
2010-07-29,GO,etanol,1.5900,1
2010-07-29,GO,gasolina,2.7300,1
2010-07-29,MG,etanol,83.1490,47
2010-07-29,MG,gasolina,122.2900,47
2010-07-29,MS,etanol,40.3450,24
2010-07-29,MS,gasolina,63.3260,24
2010-07-29,MT,etanol,1.7990,1
2010-07-29,MT,gasolina,2.9290,1
2010-07-29,PA,etanol,4.5100,2
2010-07-29,PA,gasolina,22.4600,8
2010-07-29,PE,etanol,15.5690,8
2010-07-29,PE,gasolina,24.0090,9
2010-07-29,PI,etanol,8.2000,4
2010-07-29,PI,gasolina,18.4100,7
2010-07-29,PR,etanol,46.7460,32
2010-07-29,PR,gasolina,80.1390,31
2010-07-29,RJ,etanol,142.2100,79
2010-07-29,RJ,gasolina,214.7050,79
2010-07-29,RS,etanol,15.5490,8
2010-07-29,RS,gasolina,37.7870,14
2010-07-29,SC,etanol,85.9840,48
2010-07-29,SC,gasolina,123.4480,48
2010-07-29,SE,etanol,17.6660,9
2010-07-29,SE,gasolina,23.6960,9
2010-07-29,SP,etanol,114.8420,84
2010-07-29,SP,gasolina,207.4370,84
2010-08-02,AC,etanol,16.0400,6
2010-08-02,AC,gasolina,33.2200,10
2010-08-02,AL,etanol,41.5960,21
2010-08-02,AL,gasolina,60.6050,22
2010-08-02,AM,etanol,4.2500,2
2010-08-02,AM,gasolina,21.7500,8
2010-08-02,AP,etanol,40.8290,19
2010-08-02,AP,gasolina,80.4490,28
2010-08-02,BA,etanol,407.5390,229
2010-08-02,BA,gasolina,627.8260,234
2010-08-02,CE,etanol,215.2350,108
2010-08-02,CE,gasolina,323.5160,117
2010-08-02,DF,etanol,149.6380,80
2010-08-02,DF,gasolina,212.9090,80
2010-08-02,ES,etanol,168.1300,87
2010-08-02,ES,gasolina,233.6930,86
2010-08-02,GO,etanol,111.9970,70
2010-08-02,GO,gasolina,186.4160,71
2010-08-02,MA,etanol,93.3750,50
2010-08-02,MA,gasolina,184.9910,68
2010-08-02,MG,etanol,1075.5300,611
2010-08-02,MG,gasolina,1556.7170,614
2010-08-02,MS,etanol,74.6130,40
2010-08-02,MS,gasolina,113.9700,40
2010-08-02,MT,etanol,22.6820,13
2010-08-02,MT,gasolina,37.4710,13
2010-08-02,PA,etanol,63.5840,28
2010-08-02,PA,gasolina,198.7830,67
2010-08-02,PB,etanol,61.1770,33
2010-08-02,PB,gasolina,83.3150,33
2010-08-02,PE,etanol,79.2490,44
2010-08-02,PE,gasolina,112.6780,44
2010-08-02,PI,etanol,12.0000,6
2010-08-02,PI,gasolina,26.4100,10
2010-08-02,PR,etanol,209.5500,141
2010-08-02,PR,gasolina,355.9380,141
2010-08-02,RJ,etanol,61.4550,36
2010-08-02,RJ,gasolina,101.7620,38
2010-08-02,RN,etanol,76.0990,39
2010-08-02,RN,gasolina,104.2680,39
2010-08-02,RO,etanol,170.1830,82
2010-08-02,RO,gasolina,228.3200,82
2010-08-02,RR,etanol,37.5500,16
2010-08-02,RR,gasolina,53.9300,19
2010-08-02,RS,etanol,448.3840,241
2010-08-02,RS,gasolina,652.0580,251
2010-08-02,SC,etanol,159.6740,94
2010-08-02,SC,gasolina,227.0380,94
2010-08-02,SE,etanol,10.0990,5
2010-08-02,SE,gasolina,16.5720,6
2010-08-02,SP,etanol,938.9570,674
2010-08-02,SP,gasolina,1659.4820,673
2010-08-02,TO,etanol,73.3100,40
2010-08-02,TO,gasolina,113.0580,40
2010-08-03,AC,etanol,4.6300,2
2010-08-03,AC,gasolina,14.8500,5
2010-08-03,AL,etanol,69.7600,37
2010-08-03,AL,gasolina,102.3460,38
2010-08-03,AM,etanol,127.3670,66
2010-08-03,AM,gasolina,220.9370,83
2010-08-03,AP,gasolina,11.8600,4
2010-08-03,BA,etanol,150.3440,84
2010-08-03,BA,gasolina,227.8140,85
2010-08-03,CE,etanol,140.9890,77
2010-08-03,CE,gasolina,231.4540,87
2010-08-03,ES,etanol,169.8600,92
2010-08-03,ES,gasolina,234.2000,91
2010-08-03,GO,etanol,17.3980,11
2010-08-03,GO,gasolina,29.5180,11
2010-08-03,MA,etanol,104.7340,60
2010-08-03,MA,gasolina,181.1210,70
2010-08-03,MG,etanol,394.4380,224
2010-08-03,MG,gasolina,581.7660,226
2010-08-03,MS,etanol,141.5920,84
2010-08-03,MS,gasolina,219.3900,84
2010-08-03,MT,etanol,95.1100,61
2010-08-03,MT,gasolina,165.5870,62
2010-08-03,PA,etanol,95.1060,46
2010-08-03,PA,gasolina,233.4530,84
2010-08-03,PB,etanol,77.1790,41
2010-08-03,PB,gasolina,111.4520,44
2010-08-03,PE,etanol,429.1230,232
2010-08-03,PE,gasolina,613.9900,234
2010-08-03,PI,etanol,67.0890,34
2010-08-03,PI,gasolina,103.7190,41
2010-08-03,PR,etanol,402.7900,270
2010-08-03,PR,gasolina,676.4890,268
2010-08-03,RJ,etanol,674.4940,385
2010-08-03,RJ,gasolina,1042.5670,388
2010-08-03,RN,etanol,132.7120,69
2010-08-03,RN,gasolina,184.5000,69
2010-08-03,RR,gasolina,8.6500,3
2010-08-03,RS,etanol,368.7990,196
2010-08-03,RS,gasolina,569.0530,213
2010-08-03,SC,etanol,313.0290,179
2010-08-03,SC,gasolina,446.8770,181
2010-08-03,SE,etanol,50.0660,26
2010-08-03,SE,gasolina,69.8940,27
2010-08-03,SP,etanol,1534.8420,1104
2010-08-03,SP,gasolina,2706.5800,1100
2010-08-03,TO,etanol,34.7300,19
2010-08-03,TO,gasolina,52.8100,19
2010-08-04,AC,etanol,7.2300,3
2010-08-04,AC,gasolina,35.2900,11
2010-08-04,AL,etanol,31.0070,16
2010-08-04,AL,gasolina,46.6670,17
2010-08-04,AM,etanol,23.2900,12
2010-08-04,AM,gasolina,75.5600,27
2010-08-04,BA,etanol,181.0990,99
2010-08-04,BA,gasolina,276.3460,102
2010-08-04,CE,etanol,33.8130,19
2010-08-04,CE,gasolina,50.2270,19
2010-08-04,GO,etanol,259.5060,174
2010-08-04,GO,gasolina,437.5750,174
2010-08-04,MA,etanol,13.1180,7
2010-08-04,MA,gasolina,20.8080,8
2010-08-04,MG,etanol,184.6140,101
2010-08-04,MG,gasolina,264.0910,101
2010-08-04,MS,etanol,13.8000,8
2010-08-04,MS,gasolina,22.2200,8
2010-08-04,MT,etanol,107.3110,65
2010-08-04,MT,gasolina,177.2140,62
2010-08-04,PA,etanol,8.0180,4
2010-08-04,PA,gasolina,11.6220,4
2010-08-04,PB,etanol,76.2770,41
2010-08-04,PB,gasolina,103.3540,41
2010-08-04,PE,etanol,93.3840,50
2010-08-04,PE,gasolina,135.8070,51
2010-08-04,PI,etanol,78.5900,41
2010-08-04,PI,gasolina,117.6790,47
2010-08-04,PR,etanol,230.9040,148
2010-08-04,PR,gasolina,381.8660,147
2010-08-04,RJ,etanol,242.0970,141
2010-08-04,RJ,gasolina,367.9240,141
2010-08-04,RN,etanol,16.7200,9
2010-08-04,RN,gasolina,23.8600,9
2010-08-04,RO,etanol,43.6270,21
2010-08-04,RO,gasolina,57.6140,21
2010-08-04,RR,gasolina,25.7300,9
2010-08-04,RS,etanol,243.6470,129
2010-08-04,RS,gasolina,367.3630,138
2010-08-04,SC,etanol,89.8230,49
2010-08-04,SC,gasolina,126.3400,49
2010-08-04,SE,etanol,42.5860,22
2010-08-04,SE,gasolina,57.8410,22
2010-08-04,SP,etanol,740.9050,525
2010-08-04,SP,gasolina,1287.8980,525
2010-08-05,AC,etanol,52.9980,22
2010-08-05,AC,gasolina,66.9080,23
2010-08-05,AL,etanol,38.8990,20
2010-08-05,AL,gasolina,55.0360,20
2010-08-05,BA,etanol,3.8790,2
2010-08-05,BA,gasolina,5.5790,2
2010-08-05,ES,etanol,23.7700,12
2010-08-05,ES,gasolina,31.6400,12
2010-08-05,MG,etanol,86.4960,49
2010-08-05,MG,gasolina,127.9670,49
2010-08-05,PA,etanol,49.5490,24
2010-08-05,PA,gasolina,92.4880,34
2010-08-05,PE,etanol,9.8300,5
2010-08-05,PE,gasolina,13.3500,5
2010-08-05,PR,etanol,12.5760,8
2010-08-05,PR,gasolina,20.5220,8
2010-08-05,RJ,etanol,284.1500,164
2010-08-05,RJ,gasolina,429.1600,164
2010-08-05,RS,etanol,11.8760,6
2010-08-05,RS,gasolina,16.2360,6
2010-08-05,SC,etanol,113.4410,62
2010-08-05,SC,gasolina,157.6160,61
2010-08-05,SE,etanol,3.9700,2
2010-08-05,SE,gasolina,5.3840,2
2010-08-05,SP,etanol,116.6830,83
2010-08-05,SP,gasolina,198.1970,82
2010-08-09,AC,etanol,16.1800,6
2010-08-09,AC,gasolina,33.2500,10
2010-08-09,AL,etanol,84.9580,44
2010-08-09,AL,gasolina,122.0970,45
2010-08-09,AM,etanol,9.4700,4
2010-08-09,AM,gasolina,64.2700,22
2010-08-09,AP,etanol,40.8290,19
2010-08-09,AP,gasolina,80.2290,28
2010-08-09,BA,etanol,395.0960,225
2010-08-09,BA,gasolina,607.3290,228
2010-08-09,CE,etanol,238.1250,123
2010-08-09,CE,gasolina,371.9530,136
2010-08-09,DF,etanol,149.7690,80
2010-08-09,DF,gasolina,213.0400,80
2010-08-09,ES,etanol,155.0800,80
2010-08-09,ES,gasolina,217.1330,80
2010-08-09,GO,etanol,79.8950,46
2010-08-09,GO,gasolina,121.3150,46
2010-08-09,MA,etanol,47.2760,25
2010-08-09,MA,gasolina,114.4640,42
2010-08-09,MG,etanol,797.4510,453
2010-08-09,MG,gasolina,1145.7260,456
2010-08-09,MS,etanol,70.4200,40
2010-08-09,MS,gasolina,111.2520,40
2010-08-09,MT,etanol,70.0510,43
2010-08-09,MT,gasolina,116.4150,40
2010-08-09,PA,etanol,58.0360,26
2010-08-09,PA,gasolina,149.0660,50
2010-08-09,PB,etanol,105.6440,57
2010-08-09,PB,gasolina,145.0700,57
2010-08-09,PE,etanol,164.7060,92
2010-08-09,PE,gasolina,240.8010,92
2010-08-09,PI,etanol,32.7490,17
2010-08-09,PI,gasolina,52.9490,21
2010-08-09,PR,etanol,370.5780,247
2010-08-09,PR,gasolina,618.7250,245
2010-08-09,RJ,etanol,250.9940,143
2010-08-09,RJ,gasolina,395.0700,146
2010-08-09,RN,etanol,150.5580,78
2010-08-09,RN,gasolina,213.9850,80
2010-08-09,RO,etanol,190.8310,92
2010-08-09,RO,gasolina,254.7860,92
2010-08-09,RS,etanol,443.7120,241
2010-08-09,RS,gasolina,645.3330,250
2010-08-09,SC,etanol,169.1580,99
2010-08-09,SC,gasolina,240.2500,99
2010-08-09,SE,etanol,36.3690,19
2010-08-09,SE,gasolina,51.5750,20
2010-08-09,SP,etanol,915.3710,663
2010-08-09,SP,gasolina,1621.3990,660
2010-08-09,TO,etanol,45.2300,25
2010-08-09,TO,gasolina,70.1790,25
2010-08-10,AC,etanol,14.2100,6
2010-08-10,AC,gasolina,49.6700,16
2010-08-10,AL,etanol,62.2510,32
2010-08-10,AL,gasolina,87.6950,32
2010-08-10,AM,etanol,95.1160,49
2010-08-10,AM,gasolina,179.9970,68
2010-08-10,AP,gasolina,12.0700,4
2010-08-10,BA,etanol,243.4630,133
2010-08-10,BA,gasolina,371.0420,137
2010-08-10,CE,etanol,152.3130,81
2010-08-10,CE,gasolina,237.2440,88
2010-08-10,ES,etanol,35.1300,18
2010-08-10,ES,gasolina,45.3100,17
2010-08-10,GO,etanol,28.6190,18
2010-08-10,GO,gasolina,48.4980,18
2010-08-10,MA,etanol,138.3220,77
2010-08-10,MA,gasolina,223.2220,85
2010-08-10,MG,etanol,539.0770,301
2010-08-10,MG,gasolina,782.5860,302
2010-08-10,MS,etanol,115.4840,66
2010-08-10,MS,gasolina,176.7520,66
2010-08-10,MT,etanol,99.6450,61
2010-08-10,MT,gasolina,170.5900,62
2010-08-10,PA,etanol,142.3620,69
2010-08-10,PA,gasolina,361.2580,130
2010-08-10,PB,etanol,113.8770,61
2010-08-10,PB,gasolina,155.1380,62
2010-08-10,PE,etanol,401.4950,213
2010-08-10,PE,gasolina,569.0710,216
2010-08-10,PI,etanol,101.4500,51
2010-08-10,PI,gasolina,161.4790,63
2010-08-10,PR,etanol,231.3140,150
2010-08-10,PR,gasolina,379.3370,147
2010-08-10,RJ,etanol,690.4000,394
2010-08-10,RJ,gasolina,1056.9090,398
2010-08-10,RN,etanol,72.2980,37
2010-08-10,RN,gasolina,99.0200,37
2010-08-10,RR,etanol,29.8500,13
2010-08-10,RR,gasolina,90.8800,32
2010-08-10,RS,etanol,464.7720,246
2010-08-10,RS,gasolina,726.5160,273
2010-08-10,SC,etanol,460.7260,256
2010-08-10,SC,gasolina,654.2190,258
2010-08-10,SE,etanol,54.0100,28
2010-08-10,SE,gasolina,72.0450,28
2010-08-10,SP,etanol,1596.3290,1135
2010-08-10,SP,gasolina,2783.3740,1131
2010-08-11,AC,etanol,55.5690,23
2010-08-11,AC,gasolina,66.9290,23
2010-08-11,AL,etanol,38.8210,20
2010-08-11,AL,gasolina,54.9990,20
2010-08-11,AM,etanol,48.1790,25
2010-08-11,AM,gasolina,70.4890,27
2010-08-11,BA,etanol,101.9680,57
2010-08-11,BA,gasolina,153.7900,58
2010-08-11,ES,etanol,172.2100,92
2010-08-11,ES,gasolina,237.7800,92
2010-08-11,GO,etanol,281.5790,191
2010-08-11,GO,gasolina,483.8970,192
2010-08-11,MA,etanol,25.9250,15
2010-08-11,MA,gasolina,49.9040,19
2010-08-11,MG,etanol,407.2160,231
2010-08-11,MG,gasolina,600.3090,231
2010-08-11,MS,etanol,43.3880,26
2010-08-11,MS,gasolina,67.0380,26
2010-08-11,MT,etanol,54.6320,35
2010-08-11,MT,gasolina,93.4100,35
2010-08-11,PA,etanol,10.3760,5
2010-08-11,PA,gasolina,17.8120,6
2010-08-11,PB,etanol,1.8900,1
2010-08-11,PB,gasolina,2.4800,1
2010-08-11,PE,etanol,46.5240,25
2010-08-11,PE,gasolina,70.7140,27
2010-08-11,PI,etanol,27.7300,15
2010-08-11,PI,gasolina,36.0000,15
2010-08-11,PR,etanol,259.5590,168
2010-08-11,PR,gasolina,422.8980,166
2010-08-11,RJ,etanol,325.1670,188
2010-08-11,RJ,gasolina,493.1940,187
2010-08-11,RO,etanol,23.2400,11
2010-08-11,RO,gasolina,31.3300,11
2010-08-11,RS,etanol,158.8590,82
2010-08-11,RS,gasolina,236.4300,87
2010-08-11,SC,etanol,50.5890,29
2010-08-11,SC,gasolina,76.2050,30
2010-08-11,SE,etanol,17.6480,9
2010-08-11,SE,gasolina,23.4970,9
2010-08-11,SP,etanol,830.3090,587
2010-08-11,SP,gasolina,1432.9130,585
2010-08-11,TO,etanol,62.5900,34
2010-08-11,TO,gasolina,95.3900,34
2010-08-16,AC,etanol,16.1800,6
2010-08-16,AC,gasolina,33.2500,10
2010-08-16,AL,etanol,87.7440,45
2010-08-16,AL,gasolina,128.4360,47
2010-08-16,AM,etanol,13.7200,6
2010-08-16,AM,gasolina,53.3740,19
2010-08-16,AP,etanol,40.9790,19
2010-08-16,AP,gasolina,89.3590,31
2010-08-16,BA,etanol,294.2520,164
2010-08-16,BA,gasolina,456.7220,170
2010-08-16,CE,etanol,82.3800,41
2010-08-16,CE,gasolina,138.2500,49
2010-08-16,DF,etanol,149.6870,80
2010-08-16,DF,gasolina,213.0700,80
2010-08-16,ES,etanol,166.3300,86
2010-08-16,ES,gasolina,233.3230,86
2010-08-16,GO,etanol,103.5620,59
2010-08-16,GO,gasolina,157.0420,59
2010-08-16,MA,etanol,115.8740,63
2010-08-16,MA,gasolina,226.1310,84
2010-08-16,MG,etanol,871.8050,496
2010-08-16,MG,gasolina,1253.2380,498
2010-08-16,MS,etanol,41.9040,23
2010-08-16,MS,gasolina,70.4130,25
2010-08-16,PB,etanol,35.9400,19
2010-08-16,PB,gasolina,50.9200,20
2010-08-16,PE,etanol,70.2320,39
2010-08-16,PE,gasolina,101.4660,39
2010-08-16,PR,etanol,62.7050,42
2010-08-16,PR,gasolina,104.1910,42
2010-08-16,RJ,etanol,29.6970,15
2010-08-16,RJ,gasolina,43.0120,15
2010-08-16,RO,etanol,214.1900,103
2010-08-16,RO,gasolina,286.2840,103
2010-08-16,RS,etanol,355.6240,193
2010-08-16,RS,gasolina,520.0920,200
2010-08-16,SC,etanol,80.7970,48
2010-08-16,SC,gasolina,114.5130,49
2010-08-16,SE,etanol,19.6550,10
2010-08-16,SE,gasolina,29.1710,11
2010-08-16,SP,etanol,642.4440,460
2010-08-16,SP,gasolina,1131.4760,459
2010-08-16,TO,etanol,47.0500,26
2010-08-16,TO,gasolina,72.8780,26
2010-08-17,AC,etanol,6.9700,3
2010-08-17,AC,gasolina,28.2900,9
2010-08-17,AL,etanol,55.2640,29
2010-08-17,AL,gasolina,81.3750,30
2010-08-17,AM,etanol,123.2500,64
2010-08-17,AM,gasolina,259.3860,98
2010-08-17,AP,gasolina,5.9500,2
2010-08-17,BA,etanol,391.9500,214
2010-08-17,BA,gasolina,590.1220,215
2010-08-17,CE,etanol,190.3110,99
2010-08-17,CE,gasolina,293.0800,109
2010-08-17,ES,etanol,25.6200,13
2010-08-17,ES,gasolina,34.5700,13
2010-08-17,GO,etanol,28.5790,18
2010-08-17,GO,gasolina,48.4980,18
2010-08-17,MA,etanol,41.1210,24
2010-08-17,MA,gasolina,74.5190,29
2010-08-17,MG,etanol,659.5230,369
2010-08-17,MG,gasolina,963.1420,371
2010-08-17,MS,etanol,139.5860,80
2010-08-17,MS,gasolina,214.3090,79
2010-08-17,MT,etanol,113.5160,68
2010-08-17,MT,gasolina,190.5970,66
2010-08-17,PA,etanol,91.4060,43
2010-08-17,PA,gasolina,243.9680,85
2010-08-17,PB,etanol,161.1780,87
2010-08-17,PB,gasolina,230.6320,91
2010-08-17,PE,etanol,434.9590,233
2010-08-17,PE,gasolina,624.6040,238
2010-08-17,PI,etanol,47.2800,23
2010-08-17,PI,gasolina,78.3900,30
2010-08-17,PR,etanol,314.8390,207
2010-08-17,PR,gasolina,528.1570,206
2010-08-17,RJ,etanol,731.2370,428
2010-08-17,RJ,gasolina,1155.2200,438
2010-08-17,RN,etanol,229.6510,118
2010-08-17,RN,gasolina,314.9780,118
2010-08-17,RR,etanol,35.0900,15
2010-08-17,RR,gasolina,53.9200,19
2010-08-17,RS,etanol,275.1650,145
2010-08-17,RS,gasolina,451.9870,169
2010-08-17,SC,etanol,209.9410,122
2010-08-17,SC,gasolina,301.6960,123
2010-08-17,SE,etanol,32.6900,17
2010-08-17,SE,gasolina,46.9570,18
2010-08-17,SP,etanol,1730.4330,1228
2010-08-17,SP,gasolina,3021.0390,1228
2010-08-18,AC,etanol,54.9390,23
2010-08-18,AC,gasolina,66.9290,23
2010-08-18,AL,etanol,27.2380,14
2010-08-18,AL,gasolina,35.7570,13
2010-08-18,AM,etanol,2.0900,1
2010-08-18,AM,gasolina,2.5700,1
2010-08-18,AP,gasolina,3.0000,1
2010-08-18,BA,etanol,73.7420,38
2010-08-18,BA,gasolina,106.2150,38
2010-08-18,CE,etanol,118.6240,64
2010-08-18,CE,gasolina,182.5870,68
2010-08-18,ES,etanol,172.8100,92
2010-08-18,ES,gasolina,237.3800,91
2010-08-18,GO,etanol,260.6420,179
2010-08-18,GO,gasolina,452.2310,180
2010-08-18,MA,etanol,56.1190,31
2010-08-18,MA,gasolina,85.0090,33
2010-08-18,MG,etanol,214.1640,121
2010-08-18,MG,gasolina,312.4420,121
2010-08-18,MS,etanol,46.1690,28
2010-08-18,MS,gasolina,73.2900,28
2010-08-18,MT,etanol,112.5910,72
2010-08-18,MT,gasolina,192.8870,72
2010-08-18,PA,etanol,119.4300,57
2010-08-18,PA,gasolina,284.0630,101
2010-08-18,PB,etanol,17.4970,9
2010-08-18,PB,gasolina,23.2790,9
2010-08-18,PE,etanol,107.7840,57
2010-08-18,PE,gasolina,152.3650,57
2010-08-18,PI,etanol,108.4390,57
2010-08-18,PI,gasolina,168.9270,68
2010-08-18,PR,etanol,464.7190,301
2010-08-18,PR,gasolina,760.6450,298
2010-08-18,RJ,etanol,486.2730,280
2010-08-18,RJ,gasolina,733.2030,277
2010-08-18,RR,gasolina,45.5500,16
2010-08-18,RS,etanol,424.0100,225
2010-08-18,RS,gasolina,632.4230,240
2010-08-18,SC,etanol,378.2410,208
2010-08-18,SC,gasolina,530.5550,208
2010-08-18,SE,etanol,54.4980,28
2010-08-18,SE,gasolina,73.6280,28
2010-08-18,SP,etanol,953.8080,682
2010-08-18,SP,gasolina,1654.0660,678
2010-08-18,TO,etanol,62.6600,34
2010-08-18,TO,gasolina,95.6500,34
2010-08-19,AC,etanol,12.0000,5
2010-08-19,AC,gasolina,27.5300,9
2010-08-19,AL,etanol,15.5390,8
2010-08-19,AL,gasolina,22.0140,8
2010-08-19,MG,etanol,3.3680,2
2010-08-19,MG,gasolina,4.7250,2
2010-08-19,PR,etanol,23.2990,15
2010-08-19,PR,gasolina,39.3040,15
2010-08-19,RJ,etanol,3.4480,2
2010-08-19,RJ,gasolina,5.0580,2
2010-08-19,RS,etanol,5.6370,3
2010-08-19,RS,gasolina,8.0870,3
2010-08-19,SC,etanol,12.2350,7
2010-08-19,SC,gasolina,17.4050,7
2010-08-19,SP,etanol,22.9530,16
2010-08-19,SP,gasolina,41.0530,16
2010-08-23,AC,etanol,16.1800,6
2010-08-23,AC,gasolina,33.2500,10
2010-08-23,AL,etanol,68.2470,35
2010-08-23,AL,gasolina,101.0600,37
2010-08-23,AM,etanol,42.2000,21
2010-08-23,AM,gasolina,111.4440,41
2010-08-23,AP,etanol,4.2600,2
2010-08-23,AP,gasolina,43.8300,15
2010-08-23,BA,etanol,325.9420,182
2010-08-23,BA,gasolina,506.8260,188
2010-08-23,CE,etanol,232.6780,125
2010-08-23,CE,gasolina,362.9670,134
2010-08-23,ES,etanol,166.3300,86
2010-08-23,ES,gasolina,233.3230,86
2010-08-23,GO,etanol,103.6420,59
2010-08-23,GO,gasolina,157.0420,59
2010-08-23,MA,etanol,108.7750,59
2010-08-23,MA,gasolina,221.1600,82
2010-08-23,MG,etanol,972.9960,553
2010-08-23,MG,gasolina,1404.7120,555
2010-08-23,MS,etanol,69.3430,39
2010-08-23,MS,gasolina,113.1330,41
2010-08-23,MT,etanol,64.5620,40
2010-08-23,MT,gasolina,112.7050,39
2010-08-23,PB,etanol,22.5700,12
2010-08-23,PB,gasolina,30.5200,12
2010-08-23,PE,etanol,10.8270,6
2010-08-23,PE,gasolina,15.6090,6
2010-08-23,PI,etanol,10.7200,6
2010-08-23,PI,gasolina,14.1600,6
2010-08-23,PR,etanol,133.1290,89
2010-08-23,PR,gasolina,224.1890,88
2010-08-23,RJ,etanol,63.0950,37
2010-08-23,RJ,gasolina,102.4790,38
2010-08-23,RN,etanol,66.6680,34
2010-08-23,RN,gasolina,93.4490,35
2010-08-23,RO,etanol,151.6460,73
2010-08-23,RO,gasolina,206.0310,73
2010-08-23,RR,etanol,35.1600,15
2010-08-23,RR,gasolina,53.9400,19
2010-08-23,RS,etanol,499.7630,271
2010-08-23,RS,gasolina,727.4880,281
2010-08-23,SC,etanol,262.8250,154
2010-08-23,SC,gasolina,374.1820,154
2010-08-23,SE,etanol,13.8690,7
2010-08-23,SE,gasolina,21.0750,8
2010-08-23,SP,etanol,906.6630,645
2010-08-23,SP,gasolina,1591.7770,645
2010-08-23,TO,etanol,47.0500,26
2010-08-23,TO,gasolina,72.8780,26
2010-08-24,AC,etanol,6.9700,3
2010-08-24,AC,gasolina,28.2900,9
2010-08-24,AL,etanol,28.2490,15
2010-08-24,AL,gasolina,43.1280,16
2010-08-24,AM,etanol,20.2490,10
2010-08-24,AM,gasolina,73.3400,26
2010-08-24,AP,etanol,36.7190,17
2010-08-24,AP,gasolina,54.4190,19
2010-08-24,BA,etanol,252.7150,138
2010-08-24,BA,gasolina,377.3150,138
2010-08-24,CE,etanol,135.0570,69
2010-08-24,CE,gasolina,205.9760,76
2010-08-24,DF,etanol,149.7390,80
2010-08-24,DF,gasolina,213.1400,80
2010-08-24,ES,etanol,25.6200,13
2010-08-24,ES,gasolina,34.5700,13
2010-08-24,GO,etanol,131.0370,91
2010-08-24,GO,gasolina,226.2060,91
2010-08-24,MA,etanol,62.0160,36
2010-08-24,MA,gasolina,105.5010,41
2010-08-24,MG,etanol,523.7080,292
2010-08-24,MG,gasolina,761.1150,294
2010-08-24,MS,etanol,60.7950,33
2010-08-24,MS,gasolina,90.4950,32
2010-08-24,MT,etanol,48.7240,28
2010-08-24,MT,gasolina,78.1720,27
2010-08-24,PA,etanol,99.3940,47
2010-08-24,PA,gasolina,281.7170,99
2010-08-24,PB,etanol,95.0590,51
2010-08-24,PB,gasolina,133.9990,53
2010-08-24,PE,etanol,387.1840,207
2010-08-24,PE,gasolina,550.4170,210
2010-08-24,PI,etanol,68.5100,34
2010-08-24,PI,gasolina,104.5790,41
2010-08-24,PR,etanol,444.6800,293
2010-08-24,PR,gasolina,737.4720,292
2010-08-24,RJ,etanol,500.3880,288
2010-08-24,RJ,gasolina,788.2820,296
2010-08-24,RN,etanol,74.1790,38
2010-08-24,RN,gasolina,101.4090,38
2010-08-24,RO,etanol,62.2550,30
2010-08-24,RO,gasolina,80.4440,30
2010-08-24,RS,etanol,298.1510,157
2010-08-24,RS,gasolina,471.5040,177
2010-08-24,SC,etanol,144.2260,80
2010-08-24,SC,gasolina,206.3540,81
2010-08-24,SE,etanol,75.0160,39
2010-08-24,SE,gasolina,102.9300,40
2010-08-24,SP,etanol,1555.2440,1107
2010-08-24,SP,gasolina,2719.8040,1106
2010-08-24,TO,etanol,28.0500,15
2010-08-24,TO,gasolina,42.8700,15
2010-08-25,AM,etanol,37.6690,20
2010-08-25,AM,gasolina,51.0090,20
2010-08-25,AP,gasolina,3.0000,1
2010-08-25,BA,etanol,111.0530,58
2010-08-25,BA,gasolina,161.6070,58
2010-08-25,CE,etanol,35.3830,17
2010-08-25,CE,gasolina,47.6050,17
2010-08-25,ES,etanol,174.2700,92
2010-08-25,ES,gasolina,237.8700,91
2010-08-25,GO,etanol,148.5640,98
2010-08-25,GO,gasolina,257.4720,99
2010-08-25,MA,etanol,35.8150,19
2010-08-25,MA,gasolina,59.3030,23
2010-08-25,MG,etanol,85.1460,47
2010-08-25,MG,gasolina,122.4770,47
2010-08-25,MS,etanol,99.1170,59
2010-08-25,MS,gasolina,157.3710,59
2010-08-25,MT,etanol,79.5510,51
2010-08-25,MT,gasolina,136.0880,51
2010-08-25,PA,etanol,111.7120,53
2010-08-25,PA,gasolina,249.3410,88
2010-08-25,PB,etanol,15.6990,8
2010-08-25,PB,gasolina,20.7890,8
2010-08-25,PE,etanol,192.6050,103
2010-08-25,PE,gasolina,274.1110,103
2010-08-25,PI,etanol,78.6590,41
2010-08-25,PI,gasolina,128.3480,51
2010-08-25,PR,etanol,223.7920,145
2010-08-25,PR,gasolina,365.9000,142
2010-08-25,RJ,etanol,302.7990,168
2010-08-25,RJ,gasolina,454.5110,168
2010-08-25,RR,gasolina,45.5500,16
2010-08-25,RS,etanol,263.9370,137
2010-08-25,RS,gasolina,408.2330,152
2010-08-25,SC,etanol,264.6770,145
2010-08-25,SC,gasolina,367.2730,145
2010-08-25,SE,etanol,17.6480,9
2010-08-25,SE,gasolina,23.5970,9
2010-08-25,SP,etanol,587.5290,416
2010-08-25,SP,gasolina,1015.8050,413
2010-08-25,TO,etanol,34.6100,19
2010-08-25,TO,gasolina,52.7900,19
2010-08-26,AC,etanol,67.4700,28
2010-08-26,AC,gasolina,94.4200,32
2010-08-26,AL,etanol,85.2250,44
2010-08-26,AL,gasolina,122.2060,45
2010-08-26,AM,etanol,54.9180,29
2010-08-26,AM,gasolina,78.4490,31
2010-08-26,BA,etanol,70.9370,38
2010-08-26,BA,gasolina,110.9270,40
2010-08-26,GO,etanol,11.3190,8
2010-08-26,GO,gasolina,19.8380,8
2010-08-26,MG,etanol,164.5550,95
2010-08-26,MG,gasolina,244.3950,95
2010-08-26,MT,etanol,31.2030,20
2010-08-26,MT,gasolina,53.4420,20
2010-08-26,PB,etanol,83.3810,45
2010-08-26,PB,gasolina,121.6970,48
2010-08-26,PE,etanol,29.2540,16
2010-08-26,PE,gasolina,41.3130,16
2010-08-26,PR,etanol,61.3120,39
2010-08-26,PR,gasolina,100.9000,39
2010-08-26,RJ,etanol,398.6460,232
2010-08-26,RJ,gasolina,603.7340,231
2010-08-26,RN,etanol,81.2080,42
2010-08-26,RN,gasolina,112.5500,42
2010-08-26,RS,etanol,3.7330,2
2010-08-26,RS,gasolina,5.3770,2
2010-08-26,SC,etanol,8.7370,5
2010-08-26,SC,gasolina,12.6470,5
2010-08-26,SP,etanol,298.2810,215
2010-08-26,SP,gasolina,518.2230,215
2010-08-30,AC,etanol,13.5300,5
2010-08-30,AC,gasolina,33.2600,10
2010-08-30,AL,etanol,81.5190,42
2010-08-30,AL,gasolina,119.0980,44
2010-08-30,AM,etanol,17.7900,8
2010-08-30,AM,gasolina,70.3500,25
2010-08-30,AP,etanol,6.4390,3
2010-08-30,AP,gasolina,55.6700,19
2010-08-30,BA,etanol,385.5290,210
2010-08-30,BA,gasolina,586.5530,216
2010-08-30,CE,etanol,178.0060,90
2010-08-30,CE,gasolina,276.0330,100
2010-08-30,DF,etanol,101.0290,54
2010-08-30,DF,gasolina,143.7600,54
2010-08-30,ES,etanol,53.2090,27
2010-08-30,ES,gasolina,73.5800,27
2010-08-30,GO,etanol,10.6880,6
2010-08-30,GO,gasolina,18.7670,7
2010-08-30,MA,etanol,73.6790,43
2010-08-30,MA,gasolina,118.1620,46
2010-08-30,MG,etanol,646.2900,374
2010-08-30,MG,gasolina,930.1020,376
2010-08-30,MS,etanol,45.9040,25
2010-08-30,MS,gasolina,81.9440,29
2010-08-30,MT,etanol,41.5270,24
2010-08-30,MT,gasolina,69.0070,24
2010-08-30,PA,etanol,6.4700,3
2010-08-30,PA,gasolina,41.1500,14
2010-08-30,PB,etanol,51.7090,27
2010-08-30,PB,gasolina,70.8190,28
2010-08-30,PE,etanol,138.8350,76
2010-08-30,PE,gasolina,195.8150,75
2010-08-30,PI,etanol,16.9400,9
2010-08-30,PI,gasolina,24.4600,10
2010-08-30,PR,etanol,110.7620,72
2010-08-30,PR,gasolina,181.1790,71
2010-08-30,RJ,etanol,417.7700,236
2010-08-30,RJ,gasolina,641.3120,241
2010-08-30,RO,etanol,111.7690,54
2010-08-30,RO,gasolina,153.4770,54
2010-08-30,RR,etanol,2.3500,1
2010-08-30,RR,gasolina,2.8300,1
2010-08-30,RS,etanol,486.1780,261
2010-08-30,RS,gasolina,702.0610,271
2010-08-30,SC,etanol,376.8490,209
2010-08-30,SC,gasolina,528.7980,210
2010-08-30,SE,etanol,54.1730,28
2010-08-30,SE,gasolina,75.1870,29
2010-08-30,SP,etanol,527.4580,381
2010-08-30,SP,gasolina,940.1480,380
2010-08-30,TO,etanol,47.0800,26
2010-08-30,TO,gasolina,72.8780,26
2010-08-31,AL,etanol,11.1600,6
2010-08-31,AL,gasolina,18.8700,7
2010-08-31,AM,etanol,127.5090,67
2010-08-31,AM,gasolina,196.5370,79
2010-08-31,AP,etanol,34.5400,16
2010-08-31,AP,gasolina,45.5840,16
2010-08-31,BA,etanol,174.7000,94
2010-08-31,BA,gasolina,256.4540,93
2010-08-31,CE,etanol,98.6240,49
2010-08-31,CE,gasolina,147.8270,54
2010-08-31,DF,etanol,48.6600,26
2010-08-31,DF,gasolina,69.2500,26
2010-08-31,ES,etanol,279.1090,146
2010-08-31,ES,gasolina,388.6100,145
2010-08-31,GO,etanol,370.3900,242
2010-08-31,GO,gasolina,621.9530,242
2010-08-31,MA,etanol,78.0180,42
2010-08-31,MA,gasolina,139.0150,53
2010-08-31,MG,etanol,603.5400,337
2010-08-31,MG,gasolina,876.8400,337
2010-08-31,MS,etanol,52.8280,30
2010-08-31,MS,gasolina,72.6020,27
2010-08-31,MT,etanol,17.1100,10
2010-08-31,MT,gasolina,27.6100,9
2010-08-31,PA,etanol,28.9490,13
2010-08-31,PA,gasolina,87.5060,31
2010-08-31,PB,etanol,119.5600,64
2010-08-31,PB,gasolina,167.2270,66
2010-08-31,PE,etanol,419.1010,223
2010-08-31,PE,gasolina,588.9340,225
2010-08-31,PI,etanol,61.9690,32
2010-08-31,PI,gasolina,101.8880,40
2010-08-31,PR,etanol,441.8530,289
2010-08-31,PR,gasolina,727.6970,288
2010-08-31,RJ,etanol,386.1210,224
2010-08-31,RJ,gasolina,604.6860,225
2010-08-31,RN,etanol,228.8960,117
2010-08-31,RN,gasolina,312.6270,117
2010-08-31,RO,etanol,102.0710,49
2010-08-31,RO,gasolina,132.5170,49
2010-08-31,RR,etanol,36.9500,16
2010-08-31,RR,gasolina,99.0600,35
2010-08-31,RS,etanol,343.3740,180
2010-08-31,RS,gasolina,551.9830,205
2010-08-31,SC,etanol,228.7510,131
2010-08-31,SC,gasolina,324.1010,131
2010-08-31,SE,etanol,51.4390,27
2010-08-31,SE,gasolina,70.5710,28
2010-08-31,SP,etanol,1857.6270,1324
2010-08-31,SP,gasolina,3239.2170,1323
2010-08-31,TO,etanol,28.0500,15
2010-08-31,TO,gasolina,42.8700,15
2010-09-01,AC,etanol,26.1890,11
2010-09-01,AC,gasolina,51.5510,17
2010-09-01,AL,etanol,93.4690,48
2010-09-01,AL,gasolina,128.2320,47
2010-09-01,AM,etanol,4.1800,2
2010-09-01,AM,gasolina,8.3200,3
2010-09-01,BA,etanol,199.1610,111
2010-09-01,BA,gasolina,310.0700,114
2010-09-01,CE,etanol,124.3770,70
2010-09-01,CE,gasolina,193.1540,73
2010-09-01,ES,etanol,34.2140,18
2010-09-01,ES,gasolina,48.2430,18
2010-09-01,GO,etanol,13.8680,8
2010-09-01,GO,gasolina,21.5880,8
2010-09-01,MA,etanol,55.1890,29
2010-09-01,MA,gasolina,128.7270,47
2010-09-01,MG,etanol,400.9850,224
2010-09-01,MG,gasolina,582.6910,225
2010-09-01,MS,etanol,130.6270,76
2010-09-01,MS,gasolina,207.1020,76
2010-09-01,MT,etanol,118.9980,75
2010-09-01,MT,gasolina,204.0070,74
2010-09-01,PA,etanol,169.4230,81
2010-09-01,PA,gasolina,393.5960,139
2010-09-01,PB,etanol,48.4700,26
2010-09-01,PB,gasolina,65.9400,26
2010-09-01,PE,etanol,69.7210,36
2010-09-01,PE,gasolina,100.3720,37
2010-09-01,PI,etanol,83.4900,42
2010-09-01,PI,gasolina,123.4230,49
2010-09-01,PR,etanol,243.7850,156
2010-09-01,PR,gasolina,406.2870,156
2010-09-01,RJ,etanol,363.8530,214
2010-09-01,RJ,gasolina,555.9730,214
2010-09-01,RS,etanol,109.3330,57
2010-09-01,RS,gasolina,167.3960,62
2010-09-01,SC,etanol,49.5360,28
2010-09-01,SC,gasolina,69.1770,28
2010-09-01,SP,etanol,936.6560,662
2010-09-01,SP,gasolina,1628.9830,661
2010-09-01,TO,etanol,34.5700,19
2010-09-01,TO,gasolina,52.8100,19
2010-09-02,AC,etanol,47.6300,20
2010-09-02,AC,gasolina,71.0800,24
2010-09-02,AM,etanol,2.5500,1
2010-09-02,AM,gasolina,30.1650,10
2010-09-02,MG,etanol,91.2460,51
2010-09-02,MG,gasolina,142.5800,55
2010-09-02,MT,etanol,48.3030,31
2010-09-02,MT,gasolina,80.1020,30
2010-09-02,PA,etanol,8.0160,4
2010-09-02,PA,gasolina,11.6420,4
2010-09-02,PE,etanol,1.7600,1
2010-09-02,PE,gasolina,2.5800,1
2010-09-02,PR,etanol,76.6180,48
2010-09-02,PR,gasolina,119.0270,46
2010-09-02,RJ,etanol,94.3100,53
2010-09-02,RJ,gasolina,142.1390,53
2010-09-02,RS,etanol,125.8680,67
2010-09-02,RS,gasolina,184.9870,71
2010-09-02,SC,etanol,30.8290,17
2010-09-02,SC,gasolina,43.9350,17
2010-09-02,SP,etanol,25.4970,17
2010-09-02,SP,gasolina,43.4110,17
2010-09-06,AL,etanol,7.7370,4
2010-09-06,AL,gasolina,10.8340,4
2010-09-06,AM,etanol,9.5600,5
2010-09-06,AM,gasolina,13.0290,5
2010-09-06,CE,etanol,64.9180,36
2010-09-06,CE,gasolina,100.3170,38
2010-09-06,ES,etanol,1.8900,1
2010-09-06,ES,gasolina,2.6900,1
2010-09-06,MA,etanol,58.5060,34
2010-09-06,MA,gasolina,92.7310,36
2010-09-06,MG,etanol,292.6580,172
2010-09-06,MG,gasolina,415.8800,172
2010-09-06,MT,etanol,27.5160,17
2010-09-06,MT,gasolina,45.9270,16
2010-09-06,PB,etanol,22.7190,12
2010-09-06,PB,gasolina,30.4900,12
2010-09-06,PI,etanol,33.9890,18
2010-09-06,PI,gasolina,43.7490,18
2010-09-06,PR,etanol,32.4360,20
2010-09-06,PR,gasolina,52.8460,20
2010-09-06,RJ,etanol,5.7690,3
2010-09-06,RJ,gasolina,8.5890,3
2010-09-06,RS,etanol,59.2830,32
2010-09-06,RS,gasolina,87.5420,33
2010-09-06,SC,etanol,74.5450,42
2010-09-06,SC,gasolina,104.2040,42
2010-09-06,SE,etanol,36.7200,19
2010-09-06,SE,gasolina,49.5410,19
2010-09-06,SP,etanol,313.8420,219
2010-09-06,SP,gasolina,532.9360,217
2010-09-07,CE,etanol,1.6900,1
2010-09-07,CE,gasolina,2.6300,1
2010-09-07,MG,etanol,12.7840,7
2010-09-07,MG,gasolina,18.0820,7
2010-09-07,PA,etanol,48.2500,25
2010-09-07,PA,gasolina,106.1270,40
2010-09-07,PE,etanol,34.7700,20
2010-09-07,PE,gasolina,51.2970,20
2010-09-07,RS,etanol,138.4610,75
2010-09-07,RS,gasolina,200.4070,78
2010-09-07,SC,etanol,121.6930,69
2010-09-07,SC,gasolina,172.3650,69
2010-09-07,SP,etanol,27.6730,19
2010-09-07,SP,gasolina,46.7830,19
2010-09-08,AC,etanol,27.7490,11
2010-09-08,AC,gasolina,63.6600,20
2010-09-08,AL,etanol,127.9760,66
2010-09-08,AL,gasolina,184.2420,68
2010-09-08,AM,etanol,97.6380,49
2010-09-08,AM,gasolina,231.0830,85
2010-09-08,AP,etanol,21.5390,10
2010-09-08,AP,gasolina,69.8200,24
2010-09-08,BA,etanol,371.3840,205
2010-09-08,BA,gasolina,556.3800,206
2010-09-08,CE,etanol,282.8110,145
2010-09-08,CE,gasolina,432.7510,158
2010-09-08,DF,etanol,123.5000,66
2010-09-08,DF,gasolina,175.7470,66
2010-09-08,ES,etanol,306.2080,159
2010-09-08,ES,gasolina,425.2800,158
2010-09-08,GO,etanol,319.3150,210
2010-09-08,GO,gasolina,540.4850,211
2010-09-08,MA,etanol,72.5520,39
2010-09-08,MA,gasolina,121.2060,46
2010-09-08,MG,etanol,890.8030,500
2010-09-08,MG,gasolina,1306.2320,506
2010-09-08,MS,etanol,163.4120,94
2010-09-08,MS,gasolina,254.7460,94
2010-09-08,MT,etanol,167.1400,104
2010-09-08,MT,gasolina,289.3760,105
2010-09-08,PA,etanol,78.7310,38
2010-09-08,PA,gasolina,201.0870,71
2010-09-08,PB,etanol,71.9770,38
2010-09-08,PB,gasolina,104.1470,41
2010-09-08,PE,etanol,482.3610,258
2010-09-08,PE,gasolina,679.3910,260
2010-09-08,PI,etanol,78.0900,41
2010-09-08,PI,gasolina,127.7690,51
2010-09-08,PR,etanol,643.7760,415
2010-09-08,PR,gasolina,1044.5470,411
2010-09-08,RJ,etanol,636.3700,362
2010-09-08,RJ,gasolina,976.6320,364
2010-09-08,RN,etanol,139.5180,71
2010-09-08,RN,gasolina,192.8180,72
2010-09-08,RO,etanol,168.0640,81
2010-09-08,RO,gasolina,226.2290,81
2010-09-08,RR,etanol,32.7900,14
2010-09-08,RR,gasolina,76.3900,27
2010-09-08,RS,etanol,585.4710,308
2010-09-08,RS,gasolina,878.6780,332
2010-09-08,SC,etanol,426.5140,232
2010-09-08,SC,gasolina,597.9540,233
2010-09-08,SE,etanol,56.5640,29
2010-09-08,SE,gasolina,81.3130,31
2010-09-08,SP,etanol,1435.9790,1019
2010-09-08,SP,gasolina,2500.7050,1014
2010-09-08,TO,etanol,28.5900,16
2010-09-08,TO,gasolina,44.4580,16
2010-09-09,AC,etanol,57.4500,24
2010-09-09,AC,gasolina,79.7000,27
2010-09-09,AL,etanol,15.4980,8
2010-09-09,AL,gasolina,22.0380,8
2010-09-09,AM,etanol,11.5000,6
2010-09-09,AM,gasolina,18.5000,7
2010-09-09,BA,etanol,285.8660,157
2010-09-09,BA,gasolina,439.5500,162
2010-09-09,CE,etanol,26.7210,15
2010-09-09,CE,gasolina,42.3160,16
2010-09-09,ES,etanol,36.2420,19
2010-09-09,ES,gasolina,48.4530,18
2010-09-09,GO,etanol,13.2390,8
2010-09-09,GO,gasolina,21.3490,8
2010-09-09,MA,etanol,57.5960,31
2010-09-09,MA,gasolina,140.9110,52
2010-09-09,MG,etanol,435.0090,242
2010-09-09,MG,gasolina,631.0740,244
2010-09-09,MS,etanol,61.1350,35
2010-09-09,MS,gasolina,95.8520,35
2010-09-09,MT,etanol,7.1000,4
2010-09-09,MT,gasolina,8.6800,3
2010-09-09,PA,etanol,79.0530,35
2010-09-09,PA,gasolina,178.9720,60
2010-09-09,PB,etanol,115.8130,62
2010-09-09,PB,gasolina,155.3320,62
2010-09-09,PE,etanol,64.2440,33
2010-09-09,PE,gasolina,92.6030,34
2010-09-09,PI,etanol,38.3800,18
2010-09-09,PI,gasolina,64.2200,24
2010-09-09,PR,etanol,128.3300,85
2010-09-09,PR,gasolina,221.8400,85
2010-09-09,RJ,etanol,564.8680,328
2010-09-09,RJ,gasolina,866.6250,331
2010-09-09,RN,etanol,78.2750,40
2010-09-09,RN,gasolina,109.4080,41
2010-09-09,RS,etanol,141.7860,75
2010-09-09,RS,gasolina,213.8530,80
2010-09-09,SC,etanol,37.8040,21
2010-09-09,SC,gasolina,53.2730,21
2010-09-09,SE,etanol,1.8890,1
2010-09-09,SE,gasolina,2.6990,1
2010-09-09,SP,etanol,713.6650,507
2010-09-09,SP,gasolina,1245.2740,506
2010-09-09,TO,etanol,32.7500,18
2010-09-09,TO,gasolina,50.0700,18
2010-09-13,AL,etanol,56.7420,29
2010-09-13,AL,gasolina,83.9000,31
2010-09-13,AM,etanol,4.8000,2
2010-09-13,AM,gasolina,60.1400,21
2010-09-13,AP,gasolina,15.0800,5
2010-09-13,BA,etanol,252.3660,134
2010-09-13,BA,gasolina,382.6790,139
2010-09-13,CE,etanol,25.1950,13
2010-09-13,CE,gasolina,45.0280,16
2010-09-13,ES,etanol,21.2800,11
2010-09-13,ES,gasolina,29.7100,11
2010-09-13,GO,etanol,8.9680,5
2010-09-13,GO,gasolina,13.4680,5
2010-09-13,MA,etanol,6.8570,4
2010-09-13,MA,gasolina,12.8180,5
2010-09-13,MG,etanol,689.0800,396
2010-09-13,MG,gasolina,997.4720,400
2010-09-13,MS,etanol,74.4540,41
2010-09-13,MS,gasolina,116.8510,42
2010-09-13,MT,etanol,110.9550,67
2010-09-13,MT,gasolina,193.4950,67
2010-09-13,PA,etanol,6.5190,3
2010-09-13,PA,gasolina,64.7670,22
2010-09-13,PB,etanol,28.7900,15
2010-09-13,PB,gasolina,43.8300,17
2010-09-13,PE,etanol,100.8640,54
2010-09-13,PE,gasolina,145.1650,55
2010-09-13,PI,etanol,7.8700,4
2010-09-13,PI,gasolina,13.4900,5
2010-09-13,PR,etanol,34.2900,23
2010-09-13,PR,gasolina,57.1780,23
2010-09-13,RJ,etanol,193.3770,108
2010-09-13,RJ,gasolina,302.8340,110
2010-09-13,RO,etanol,91.1990,44
2010-09-13,RO,gasolina,125.6190,44
2010-09-13,RR,gasolina,17.4300,6
2010-09-13,RS,etanol,217.8560,116
2010-09-13,RS,gasolina,313.9800,121
2010-09-13,SC,etanol,182.9080,101
2010-09-13,SC,gasolina,257.0580,101
2010-09-13,SE,etanol,11.9390,6
2010-09-13,SE,gasolina,18.7690,7
2010-09-13,SP,etanol,624.4840,449
2010-09-13,SP,gasolina,1101.5690,448
2010-09-13,TO,etanol,29.4900,16
2010-09-13,TO,gasolina,44.9180,16
2010-09-14,AC,etanol,63.8880,26
2010-09-14,AC,gasolina,97.4300,32
2010-09-14,AL,etanol,122.7140,64
2010-09-14,AL,gasolina,174.9830,65
2010-09-14,AM,etanol,9.0500,4
2010-09-14,AM,gasolina,42.9100,15
2010-09-14,AP,etanol,36.7190,17
2010-09-14,AP,gasolina,57.3490,20
2010-09-14,BA,etanol,378.0580,221
2010-09-14,BA,gasolina,575.2520,219
2010-09-14,CE,etanol,246.8280,126
2010-09-14,CE,gasolina,371.2220,136
2010-09-14,DF,etanol,147.7690,79
2010-09-14,DF,gasolina,210.3600,79
2010-09-14,ES,etanol,153.1500,79
2010-09-14,ES,gasolina,213.4630,79
2010-09-14,GO,etanol,381.5630,248
2010-09-14,GO,gasolina,641.8790,249
2010-09-14,MA,etanol,116.8450,66
2010-09-14,MA,gasolina,189.4530,73
2010-09-14,MG,etanol,606.3940,341
2010-09-14,MG,gasolina,883.8750,339
2010-09-14,MS,etanol,58.0960,34
2010-09-14,MS,gasolina,91.1500,34
2010-09-14,MT,etanol,1.6200,1
2010-09-14,MT,gasolina,2.8500,1
2010-09-14,PA,etanol,105.1040,51
2010-09-14,PA,gasolina,254.6600,92
2010-09-14,PB,etanol,114.2430,61
2010-09-14,PB,gasolina,149.7400,61
2010-09-14,PE,etanol,319.0790,175
2010-09-14,PE,gasolina,453.1740,176
2010-09-14,PI,etanol,47.9290,25
2010-09-14,PI,gasolina,66.7280,27
2010-09-14,PR,etanol,362.5970,237
2010-09-14,PR,gasolina,591.7470,233
2010-09-14,RJ,etanol,416.8500,241
2010-09-14,RJ,gasolina,653.0600,244
2010-09-14,RN,etanol,131.1180,67
2010-09-14,RN,gasolina,179.1790,67
2010-09-14,RO,etanol,122.6420,59
2010-09-14,RO,gasolina,160.3050,59
2010-09-14,RR,etanol,35.1400,15
2010-09-14,RR,gasolina,68.0200,24
2010-09-14,RS,etanol,514.8440,273
2010-09-14,RS,gasolina,760.9110,289
2010-09-14,SC,etanol,358.1960,196
2010-09-14,SC,gasolina,509.3160,198
2010-09-14,SE,etanol,74.9480,39
2010-09-14,SE,gasolina,102.9740,40
2010-09-14,SP,etanol,1661.0940,1170
2010-09-14,SP,gasolina,2864.5330,1167
2010-09-14,TO,etanol,45.6100,25
2010-09-14,TO,gasolina,70.8300,25
2010-09-15,AC,etanol,2.3000,1
2010-09-15,AC,gasolina,2.8900,1
2010-09-15,AL,etanol,3.9140,2
2010-09-15,AL,gasolina,5.3650,2
2010-09-15,AM,etanol,140.3060,73
2010-09-15,AM,gasolina,212.4850,82
2010-09-15,AP,etanol,4.2600,2
2010-09-15,AP,gasolina,25.9300,9
2010-09-15,BA,etanol,112.8030,64
2010-09-15,BA,gasolina,174.7070,66
2010-09-15,CE,etanol,103.3460,56
2010-09-15,CE,gasolina,174.2660,65
2010-09-15,DF,etanol,1.8800,1
2010-09-15,DF,gasolina,2.6600,1
2010-09-15,ES,etanol,195.4100,102
2010-09-15,ES,gasolina,271.2900,101
2010-09-15,GO,etanol,4.4300,3
2010-09-15,GO,gasolina,7.6000,3
2010-09-15,MA,etanol,101.0640,54
2010-09-15,MA,gasolina,186.5700,69
2010-09-15,MG,etanol,312.8240,173
2010-09-15,MG,gasolina,456.1530,177
2010-09-15,MS,etanol,94.9270,55
2010-09-15,MS,gasolina,150.0360,55
2010-09-15,MT,etanol,31.4010,20
2010-09-15,MT,gasolina,53.6270,20
2010-09-15,PA,etanol,92.3880,44
2010-09-15,PA,gasolina,200.2210,69
2010-09-15,PB,etanol,77.8590,42
2010-09-15,PB,gasolina,107.0990,43
2010-09-15,PE,etanol,170.8990,89
2010-09-15,PE,gasolina,237.6510,90
2010-09-15,PI,etanol,98.2200,50
2010-09-15,PI,gasolina,151.7500,60
2010-09-15,PR,etanol,386.6750,249
2010-09-15,PR,gasolina,633.0580,246
2010-09-15,RJ,etanol,577.6860,332
2010-09-15,RJ,gasolina,881.6940,338
2010-09-15,RN,etanol,96.1530,49
2010-09-15,RN,gasolina,133.5580,50
2010-09-15,RR,gasolina,2.8800,1
2010-09-15,RS,etanol,297.8980,157
2010-09-15,RS,gasolina,453.1300,170
2010-09-15,SC,etanol,142.9470,78
2010-09-15,SC,gasolina,200.8360,78
2010-09-15,SE,etanol,19.4970,10
2010-09-15,SE,gasolina,26.0670,10
2010-09-15,SP,etanol,870.4930,612
2010-09-15,SP,gasolina,1508.5400,611
2010-09-15,TO,etanol,34.5800,19
2010-09-15,TO,gasolina,52.8400,19
2010-09-16,AC,etanol,16.6300,7
2010-09-16,AC,gasolina,55.9500,18
2010-09-16,CE,etanol,15.9450,9
2010-09-16,CE,gasolina,23.7550,9
2010-09-16,MG,etanol,133.5320,75
2010-09-16,MG,gasolina,192.6070,75
2010-09-16,MS,etanol,1.6680,1
2010-09-16,MS,gasolina,2.6890,1
2010-09-16,MT,etanol,79.7300,51
2010-09-16,MT,gasolina,136.3180,51
2010-09-16,PA,etanol,11.8300,5
2010-09-16,PA,gasolina,15.6100,5
2010-09-16,PE,etanol,38.8500,18
2010-09-16,PE,gasolina,52.5340,18
2010-09-16,PI,etanol,10.0400,5
2010-09-16,PI,gasolina,18.4100,7
2010-09-16,PR,etanol,91.1120,57
2010-09-16,PR,gasolina,145.9000,57
2010-09-16,RJ,etanol,79.1280,45
2010-09-16,RJ,gasolina,117.9360,45
2010-09-16,RS,etanol,48.2000,26
2010-09-16,RS,gasolina,77.6960,30
2010-09-16,SC,etanol,20.4530,11
2010-09-16,SC,gasolina,27.9620,11
2010-09-16,SP,etanol,216.6680,151
2010-09-16,SP,gasolina,378.4860,153
2010-09-20,AC,etanol,13.6700,5
2010-09-20,AC,gasolina,33.2300,10
2010-09-20,AL,etanol,56.7420,29
2010-09-20,AL,gasolina,83.9000,31
2010-09-20,AM,etanol,6.9000,3
2010-09-20,AM,gasolina,80.0400,28
2010-09-20,AP,etanol,37.2000,18
2010-09-20,AP,gasolina,97.0190,34
2010-09-20,BA,etanol,275.9300,150
2010-09-20,BA,gasolina,419.3430,155
2010-09-20,CE,etanol,79.8740,44
2010-09-20,CE,gasolina,127.0380,47
2010-09-20,DF,etanol,149.7400,80
2010-09-20,DF,gasolina,213.0400,80
2010-09-20,ES,etanol,86.2820,45
2010-09-20,ES,gasolina,121.7130,45
2010-09-20,GO,etanol,34.7170,22
2010-09-20,GO,gasolina,56.4170,22
2010-09-20,MA,etanol,23.9450,14
2010-09-20,MA,gasolina,35.8320,14
2010-09-20,MG,etanol,895.7360,509
2010-09-20,MG,gasolina,1284.5720,510
2010-09-20,MS,etanol,101.5420,56
2010-09-20,MS,gasolina,156.3710,56
2010-09-20,MT,etanol,143.8650,88
2010-09-20,MT,gasolina,249.7900,88
2010-09-20,PA,etanol,108.9890,49
2010-09-20,PA,gasolina,297.0080,100
2010-09-20,PB,etanol,47.8180,25
2010-09-20,PB,gasolina,69.0380,27
2010-09-20,PE,etanol,100.7400,53
2010-09-20,PE,gasolina,144.4700,54
2010-09-20,PI,etanol,76.0200,38
2010-09-20,PI,gasolina,132.9100,51
2010-09-20,PR,etanol,182.1960,118
2010-09-20,PR,gasolina,290.9720,113
2010-09-20,RJ,etanol,104.1760,60
2010-09-20,RJ,gasolina,164.7090,61
2010-09-20,RO,etanol,141.1930,72
2010-09-20,RO,gasolina,202.0530,72
2010-09-20,RR,etanol,42.1400,18
2010-09-20,RR,gasolina,88.4000,31
2010-09-20,RS,etanol,504.6600,269
2010-09-20,RS,gasolina,719.8610,277
2010-09-20,SC,etanol,439.9640,239
2010-09-20,SC,gasolina,624.2130,241
2010-09-20,SE,etanol,69.2480,36
2010-09-20,SE,gasolina,98.1950,38
2010-09-20,SP,etanol,1007.8680,711
2010-09-20,SP,gasolina,1750.1060,710
2010-09-20,TO,etanol,57.5400,31
2010-09-20,TO,gasolina,87.7880,31
2010-09-21,AL,etanol,39.9930,21
2010-09-21,AL,gasolina,59.0750,22
2010-09-21,AM,etanol,132.1690,68
2010-09-21,AM,gasolina,204.0570,80
2010-09-21,BA,etanol,316.3350,185
2010-09-21,BA,gasolina,479.8470,183
2010-09-21,CE,etanol,263.7430,136
2010-09-21,CE,gasolina,394.8440,145
2010-09-21,ES,etanol,105.9580,54
2010-09-21,ES,gasolina,146.3000,54
2010-09-21,GO,etanol,358.5050,233
2010-09-21,GO,gasolina,603.4410,234
2010-09-21,MA,etanol,101.6220,57
2010-09-21,MA,gasolina,177.3050,68
2010-09-21,MG,etanol,568.1230,320
2010-09-21,MG,gasolina,831.8070,320
2010-09-21,MS,etanol,115.1030,68
2010-09-21,MS,gasolina,181.8440,68
2010-09-21,PA,etanol,103.9880,52
2010-09-21,PA,gasolina,236.0520,87
2010-09-21,PB,etanol,107.6940,58
2010-09-21,PB,gasolina,141.1600,58
2010-09-21,PE,etanol,325.9600,178
2010-09-21,PE,gasolina,461.0640,179
2010-09-21,PI,etanol,87.2690,46
2010-09-21,PI,gasolina,117.5190,48
2010-09-21,PR,etanol,540.5950,350
2010-09-21,PR,gasolina,879.8960,346
2010-09-21,RJ,etanol,432.3350,246
2010-09-21,RJ,gasolina,678.0100,252
2010-09-21,RN,etanol,219.6460,112
2010-09-21,RN,gasolina,302.5580,113
2010-09-21,RO,etanol,63.6870,31
2010-09-21,RO,gasolina,85.5320,31
2010-09-21,RR,etanol,1.8500,1
2010-09-21,RR,gasolina,2.5000,1
2010-09-21,RS,etanol,225.4740,118
2010-09-21,RS,gasolina,362.5480,136
2010-09-21,SC,etanol,211.5060,116
2010-09-21,SC,gasolina,298.3280,116
2010-09-21,SE,etanol,34.3600,18
2010-09-21,SE,gasolina,48.5270,19
2010-09-21,SP,etanol,1557.7680,1092
2010-09-21,SP,gasolina,2683.8510,1089
2010-09-21,TO,etanol,17.5600,10
2010-09-21,TO,gasolina,27.9600,10
2010-09-22,AC,etanol,54.9060,23
2010-09-22,AC,gasolina,66.9480,23
2010-09-22,AL,etanol,89.5300,46
2010-09-22,AL,gasolina,121.6670,45
2010-09-22,AM,etanol,8.6200,4
2010-09-22,AM,gasolina,25.3500,9
2010-09-22,BA,etanol,134.5330,80
2010-09-22,BA,gasolina,211.3120,83
2010-09-22,CE,etanol,52.2770,27
2010-09-22,CE,gasolina,94.4300,35
2010-09-22,ES,etanol,175.0600,92
2010-09-22,ES,gasolina,247.3800,92
2010-09-22,GO,etanol,1.5500,1
2010-09-22,GO,gasolina,2.6600,1
2010-09-22,MA,etanol,98.9840,53
2010-09-22,MA,gasolina,175.7600,65
2010-09-22,MG,etanol,244.8280,137
2010-09-22,MG,gasolina,361.9870,141
2010-09-22,MS,etanol,13.9400,8
2010-09-22,MS,gasolina,21.9600,8
2010-09-22,MT,etanol,81.0170,52
2010-09-22,MT,gasolina,138.5860,52
2010-09-22,PB,etanol,63.3500,34
2010-09-22,PB,gasolina,87.2800,35
2010-09-22,PE,etanol,163.6240,87
2010-09-22,PE,gasolina,230.3370,88
2010-09-22,PR,etanol,148.1760,95
2010-09-22,PR,gasolina,244.6080,95
2010-09-22,RJ,etanol,738.4770,418
2010-09-22,RJ,gasolina,1106.6250,420
2010-09-22,RN,etanol,5.9800,3
2010-09-22,RN,gasolina,7.8300,3
2010-09-22,RS,etanol,292.5280,154
2010-09-22,RS,gasolina,449.3290,168
2010-09-22,SC,etanol,41.8200,23
2010-09-22,SC,gasolina,58.1210,23
2010-09-22,SP,etanol,799.2200,559
2010-09-22,SP,gasolina,1371.8950,559
2010-09-22,TO,etanol,34.5800,19
2010-09-22,TO,gasolina,52.8400,19
2010-09-23,AC,etanol,16.6300,7
2010-09-23,AC,gasolina,55.9500,18
2010-09-23,BA,etanol,1.5440,1
2010-09-23,BA,gasolina,2.4400,1
2010-09-23,MG,etanol,36.8130,21
2010-09-23,MG,gasolina,53.6510,21
2010-09-23,PA,etanol,1.8990,1
2010-09-23,PA,gasolina,2.5990,1
2010-09-23,PB,etanol,1.8900,1
2010-09-23,PB,gasolina,2.5600,1
2010-09-23,PE,etanol,38.8500,18
2010-09-23,PE,gasolina,52.5340,18
2010-09-23,PR,etanol,4.5700,3
2010-09-23,PR,gasolina,7.6100,3
2010-09-23,RJ,etanol,8.9370,5
2010-09-23,RJ,gasolina,13.3560,5
2010-09-23,RS,etanol,55.7290,30
2010-09-23,RS,gasolina,74.3810,29
2010-09-23,SC,etanol,10.9960,6
2010-09-23,SC,gasolina,15.3770,6
2010-09-23,SP,etanol,30.2570,22
2010-09-23,SP,gasolina,55.0710,22
2010-09-27,AC,etanol,20.8290,8
2010-09-27,AC,gasolina,41.9490,13
2010-09-27,AL,etanol,12.5800,6
2010-09-27,AL,gasolina,19.9300,7
2010-09-27,AM,etanol,11.4000,5
2010-09-27,AM,gasolina,83.3100,29
2010-09-27,AP,etanol,37.2000,18
2010-09-27,AP,gasolina,96.9190,34
2010-09-27,BA,etanol,105.2290,57
2010-09-27,BA,gasolina,168.5950,62
2010-09-27,CE,etanol,148.1830,75
2010-09-27,CE,gasolina,213.4890,78
2010-09-27,ES,etanol,128.3330,66
2010-09-27,ES,gasolina,175.1960,65
2010-09-27,GO,etanol,134.6970,87
2010-09-27,GO,gasolina,230.6970,88
2010-09-27,MA,etanol,96.4150,52
2010-09-27,MA,gasolina,181.7410,67
2010-09-27,MG,etanol,627.8670,350
2010-09-27,MG,gasolina,909.8980,349
2010-09-27,MS,etanol,43.4320,24
2010-09-27,MS,gasolina,68.6440,24
2010-09-27,MT,etanol,92.2580,56
2010-09-27,MT,gasolina,161.8980,56
2010-09-27,PA,etanol,99.0990,45
2010-09-27,PA,gasolina,283.3410,96
2010-09-27,PB,etanol,56.3500,30
2010-09-27,PB,gasolina,75.9190,30
2010-09-27,PE,etanol,206.8250,112
2010-09-27,PE,gasolina,296.0180,113
2010-09-27,PR,etanol,134.4790,87
2010-09-27,PR,gasolina,214.7720,85
2010-09-27,RJ,etanol,192.3100,109
2010-09-27,RJ,gasolina,303.8890,112
2010-09-27,RN,etanol,63.4180,32
2010-09-27,RN,gasolina,85.9990,32
2010-09-27,RO,etanol,199.5820,102
2010-09-27,RO,gasolina,285.7250,102
2010-09-27,RR,etanol,35.1400,15
2010-09-27,RR,gasolina,62.8300,22
2010-09-27,RS,etanol,612.0050,327
2010-09-27,RS,gasolina,907.9200,351
2010-09-27,SC,etanol,38.7090,21
2010-09-27,SC,gasolina,53.2310,21
2010-09-27,SP,etanol,1172.9210,814
2010-09-27,SP,gasolina,2002.7830,813
2010-09-27,TO,etanol,73.3800,40
2010-09-27,TO,gasolina,112.9480,40
2010-09-28,AL,etanol,159.5920,83
2010-09-28,AL,gasolina,225.4120,83
2010-09-28,AM,etanol,99.9990,52
2010-09-28,AM,gasolina,143.2490,58
2010-09-28,BA,etanol,436.2970,253
2010-09-28,BA,gasolina,664.4410,255
2010-09-28,CE,etanol,215.9940,114
2010-09-28,CE,gasolina,346.6750,128
2010-09-28,GO,etanol,32.9080,21
2010-09-28,GO,gasolina,55.8670,21
2010-09-28,MA,etanol,87.9180,50
2010-09-28,MA,gasolina,156.1030,61
2010-09-28,MG,etanol,765.8750,438
2010-09-28,MG,gasolina,1100.9330,442
2010-09-28,MS,etanol,72.4670,40
2010-09-28,MS,gasolina,109.8470,40
2010-09-28,MT,etanol,42.4620,26
2010-09-28,MT,gasolina,72.2580,26
2010-09-28,PA,etanol,71.7330,35
2010-09-28,PA,gasolina,166.5780,61
2010-09-28,PB,etanol,164.1950,88
2010-09-28,PB,gasolina,218.8960,89
2010-09-28,PE,etanol,361.4540,192
2010-09-28,PE,gasolina,511.6950,196
2010-09-28,PI,etanol,103.4990,52
2010-09-28,PI,gasolina,168.2920,65
2010-09-28,PR,etanol,466.7240,297
2010-09-28,PR,gasolina,752.2500,294
2010-09-28,RJ,etanol,502.6620,287
2010-09-28,RJ,gasolina,762.1170,291
2010-09-28,RN,etanol,145.2610,74
2010-09-28,RN,gasolina,197.5790,74
2010-09-28,RR,gasolina,36.7700,13
2010-09-28,RS,etanol,215.2760,113
2010-09-28,RS,gasolina,320.5510,120
2010-09-28,SC,etanol,600.6910,326
2010-09-28,SC,gasolina,843.5610,326
2010-09-28,SE,etanol,49.1650,25
2010-09-28,SE,gasolina,71.8770,27
2010-09-28,SP,etanol,1323.8190,919
2010-09-28,SP,gasolina,2255.8040,916
2010-09-28,TO,etanol,1.6500,1
2010-09-28,TO,gasolina,2.8000,1
2010-09-29,AC,etanol,71.2880,30
2010-09-29,AC,gasolina,113.5890,38
2010-09-29,AL,etanol,13.7060,7
2010-09-29,AL,gasolina,21.3230,8
2010-09-29,AM,etanol,33.1290,17
2010-09-29,AM,gasolina,65.7980,25
2010-09-29,BA,etanol,165.0720,95
2010-09-29,BA,gasolina,249.1910,96
2010-09-29,CE,gasolina,2.8200,1
2010-09-29,DF,etanol,149.6590,80
2010-09-29,DF,gasolina,213.0200,80
2010-09-29,ES,etanol,240.3590,125
2010-09-29,ES,gasolina,334.6300,124
2010-09-29,GO,etanol,224.0820,147
2010-09-29,GO,gasolina,372.5790,147
2010-09-29,MA,etanol,20.4030,11
2010-09-29,MA,gasolina,32.3030,12
2010-09-29,MG,etanol,254.6240,142
2010-09-29,MG,gasolina,369.3530,142
2010-09-29,MS,etanol,98.1800,59
2010-09-29,MS,gasolina,155.5000,59
2010-09-29,MT,etanol,92.2750,59
2010-09-29,MT,gasolina,157.7420,59
2010-09-29,PA,etanol,45.7360,23
2010-09-29,PA,gasolina,82.1540,30
2010-09-29,PE,etanol,52.7680,28
2010-09-29,PE,gasolina,72.1760,28
2010-09-29,PI,etanol,64.3800,34
2010-09-29,PI,gasolina,82.4100,34
2010-09-29,PR,etanol,174.2190,110
2010-09-29,PR,gasolina,283.4570,110
2010-09-29,RJ,etanol,188.6340,107
2010-09-29,RJ,gasolina,288.1310,108
2010-09-29,RN,etanol,16.7720,9
2010-09-29,RN,gasolina,23.7400,9
2010-09-29,RO,etanol,1.7990,1
2010-09-29,RO,gasolina,2.7490,1
2010-09-29,RS,etanol,186.4750,96
2010-09-29,RS,gasolina,290.9620,107
2010-09-29,SC,etanol,68.2670,37
2010-09-29,SC,gasolina,97.3620,38
2010-09-29,SE,etanol,55.7920,29
2010-09-29,SE,gasolina,77.5420,30
2010-09-29,SP,etanol,571.4540,395
2010-09-29,SP,gasolina,967.2170,395
2010-09-29,TO,etanol,36.4400,20
2010-09-29,TO,gasolina,55.5800,20
2010-09-30,AC,etanol,2.4700,1
2010-09-30,AC,gasolina,2.8900,1
2010-09-30,AM,etanol,4.5400,2
2010-09-30,AM,gasolina,17.0400,6
2010-09-30,BA,etanol,17.8650,10
2010-09-30,BA,gasolina,26.5910,10
2010-09-30,CE,etanol,33.6360,19
2010-09-30,CE,gasolina,52.8210,20
2010-09-30,MA,etanol,13.0900,7
2010-09-30,MA,gasolina,20.8690,8
2010-09-30,MG,etanol,104.1630,58
2010-09-30,MG,gasolina,149.8650,58
2010-09-30,MS,etanol,16.0080,9
2010-09-30,MS,gasolina,24.6680,9
2010-09-30,PI,gasolina,2.6300,1
2010-09-30,PR,etanol,110.1710,70
2010-09-30,PR,gasolina,179.3990,70
2010-09-30,RJ,etanol,390.7740,225
2010-09-30,RJ,gasolina,599.0280,226
2010-09-30,RN,etanol,1.8600,1
2010-09-30,RN,gasolina,2.6600,1
2010-09-30,RS,etanol,52.8370,27
2010-09-30,RS,gasolina,92.6570,34
2010-09-30,SC,etanol,1.7700,1
2010-09-30,SC,gasolina,2.5900,1
2010-09-30,SP,etanol,368.1920,254
2010-09-30,SP,gasolina,625.1420,254
2010-10-04,AC,etanol,13.6700,5
2010-10-04,AC,gasolina,33.2300,10
2010-10-04,AL,etanol,35.7870,18
2010-10-04,AL,gasolina,49.6810,18
2010-10-04,AM,etanol,16.7100,8
2010-10-04,AM,gasolina,83.8200,30
2010-10-04,AP,etanol,37.2000,18
2010-10-04,AP,gasolina,96.9190,34
2010-10-04,BA,etanol,317.1140,182
2010-10-04,BA,gasolina,493.6840,188
2010-10-04,CE,etanol,187.1790,96
2010-10-04,CE,gasolina,291.5230,107
2010-10-04,ES,etanol,128.3330,66
2010-10-04,ES,gasolina,175.1960,65
2010-10-04,GO,etanol,247.1230,162
2010-10-04,GO,gasolina,420.5630,163
2010-10-04,MA,etanol,110.3310,60
2010-10-04,MA,gasolina,202.2580,75
2010-10-04,MG,etanol,806.6110,453
2010-10-04,MG,gasolina,1153.3650,451
2010-10-04,MS,etanol,91.5370,51
2010-10-04,MS,gasolina,153.0910,55
2010-10-04,MT,etanol,91.2980,55
2010-10-04,MT,gasolina,159.1880,55
2010-10-04,PA,etanol,93.3520,42
2010-10-04,PA,gasolina,275.3640,93
2010-10-04,PB,etanol,123.3670,67
2010-10-04,PB,gasolina,166.1580,68
2010-10-04,PE,etanol,96.9460,52
2010-10-04,PE,gasolina,135.2430,52
2010-10-04,PR,etanol,301.7280,191
2010-10-04,PR,gasolina,479.6830,189
2010-10-04,RJ,etanol,171.8350,96
2010-10-04,RJ,gasolina,264.9080,99
2010-10-04,RN,etanol,61.4790,31
2010-10-04,RN,gasolina,85.8330,32
2010-10-04,RO,etanol,147.8080,73
2010-10-04,RO,gasolina,206.6020,73
2010-10-04,RR,gasolina,8.8800,3
2010-10-04,RS,etanol,520.5060,272
2010-10-04,RS,gasolina,754.3860,291
2010-10-04,SC,etanol,345.8660,188
2010-10-04,SC,gasolina,482.3130,189
2010-10-04,SP,etanol,1395.9740,950
2010-10-04,SP,gasolina,2334.8580,947
2010-10-04,TO,etanol,73.3800,40
2010-10-04,TO,gasolina,112.9480,40
2010-10-05,AC,etanol,54.2770,23
2010-10-05,AC,gasolina,67.0370,23
2010-10-05,AL,etanol,82.0130,43
2010-10-05,AL,gasolina,121.8980,45
2010-10-05,AM,etanol,53.6200,27
2010-10-05,AM,gasolina,96.7490,37
2010-10-05,BA,etanol,241.3210,138
2010-10-05,BA,gasolina,361.6190,137
2010-10-05,CE,etanol,158.4410,86
2010-10-05,CE,gasolina,260.3710,97
2010-10-05,DF,etanol,149.6490,80
2010-10-05,DF,gasolina,213.0360,80
2010-10-05,GO,etanol,43.4390,28
2010-10-05,GO,gasolina,72.0990,28
2010-10-05,MA,etanol,88.6120,50
2010-10-05,MA,gasolina,153.8970,60
2010-10-05,MG,etanol,619.7750,345
2010-10-05,MG,gasolina,886.3380,349
2010-10-05,MS,etanol,29.7100,16
2010-10-05,MS,gasolina,35.9310,13
2010-10-05,MT,etanol,133.3870,84
2010-10-05,MT,gasolina,227.2340,84
2010-10-05,PA,etanol,99.3270,49
2010-10-05,PA,gasolina,216.6530,80
2010-10-05,PB,etanol,92.8270,49
2010-10-05,PB,gasolina,125.2580,50
2010-10-05,PE,etanol,471.8740,253
2010-10-05,PE,gasolina,674.5200,258
2010-10-05,PI,etanol,124.4490,63
2010-10-05,PI,gasolina,194.9320,76
2010-10-05,PR,etanol,286.8740,178
2010-10-05,PR,gasolina,451.4940,175
2010-10-05,RJ,etanol,797.1550,446
2010-10-05,RJ,gasolina,1201.9270,454
2010-10-05,RN,etanol,143.6060,73
2010-10-05,RN,gasolina,198.0990,74
2010-10-05,RO,etanol,53.5630,30
2010-10-05,RO,gasolina,81.8540,30
2010-10-05,RR,gasolina,36.7700,13
2010-10-05,RS,etanol,317.5480,164
2010-10-05,RS,gasolina,478.3020,179
2010-10-05,SC,etanol,269.5610,144
2010-10-05,SC,gasolina,372.7740,144
2010-10-05,SE,etanol,85.2320,44
2010-10-05,SE,gasolina,119.1410,46
2010-10-05,SP,etanol,1423.9300,950
2010-10-05,SP,gasolina,2342.0380,948
2010-10-05,TO,etanol,1.6500,1
2010-10-05,TO,gasolina,2.8000,1
2010-10-06,AC,etanol,26.5300,11
2010-10-06,AC,gasolina,58.2620,19
2010-10-06,AL,etanol,64.2040,33
2010-10-06,AL,gasolina,91.4770,34
2010-10-06,AM,etanol,56.0890,29
2010-10-06,AM,gasolina,78.2380,31
2010-10-06,BA,etanol,144.7330,83
2010-10-06,BA,gasolina,217.9470,84
2010-10-06,CE,etanol,43.9160,21
2010-10-06,CE,gasolina,64.7150,23
2010-10-06,ES,etanol,242.0390,125
2010-10-06,ES,gasolina,334.9900,124
2010-10-06,GO,etanol,110.2760,66
2010-10-06,GO,gasolina,174.2760,66
2010-10-06,MA,etanol,8.0590,4
2010-10-06,MA,gasolina,14.2590,5
2010-10-06,MG,etanol,238.6140,134
2010-10-06,MG,gasolina,345.9770,134
2010-10-06,MS,etanol,94.0020,55
2010-10-06,MS,gasolina,146.3110,55
2010-10-06,PA,etanol,23.0480,11
2010-10-06,PA,gasolina,45.3840,16
2010-10-06,PB,etanol,1.8590,1
2010-10-06,PB,gasolina,2.5490,1
2010-10-06,PE,etanol,52.7680,28
2010-10-06,PE,gasolina,72.1760,28
2010-10-06,PI,etanol,43.5000,23
2010-10-06,PI,gasolina,55.8800,23
2010-10-06,PR,etanol,261.0620,164
2010-10-06,PR,gasolina,416.9190,163
2010-10-06,RJ,etanol,126.7600,72
2010-10-06,RJ,gasolina,191.9340,72
2010-10-06,RN,etanol,16.7720,9
2010-10-06,RN,gasolina,23.7400,9
2010-10-06,RR,etanol,39.3400,17
2010-10-06,RR,gasolina,56.3800,20
2010-10-06,RS,etanol,143.8780,74
2010-10-06,RS,gasolina,222.4050,82
2010-10-06,SC,etanol,81.4610,43
2010-10-06,SC,gasolina,116.5790,44
2010-10-06,SE,etanol,19.6870,10
2010-10-06,SE,gasolina,28.8890,11
2010-10-06,SP,etanol,534.8710,354
2010-10-06,SP,gasolina,875.8000,354
2010-10-06,TO,etanol,34.5700,19
2010-10-06,TO,gasolina,52.7300,19
2010-10-07,AL,etanol,1.9400,1
2010-10-07,AL,gasolina,2.8800,1
2010-10-07,AM,etanol,29.4880,15
2010-10-07,AM,gasolina,48.9790,19
2010-10-07,BA,etanol,28.2450,16
2010-10-07,BA,gasolina,39.9730,16
2010-10-07,MA,etanol,13.0900,7
2010-10-07,MA,gasolina,20.8690,8
2010-10-07,MG,etanol,99.6970,56
2010-10-07,MG,gasolina,145.2750,56
2010-10-07,MS,etanol,16.0080,9
2010-10-07,MS,gasolina,24.6680,9
2010-10-07,PI,gasolina,2.6300,1
2010-10-07,PR,etanol,50.2640,32
2010-10-07,PR,gasolina,79.1180,31
2010-10-07,RJ,etanol,196.3670,113
2010-10-07,RJ,gasolina,306.9430,114
2010-10-07,RS,etanol,104.7960,53
2010-10-07,RS,gasolina,157.9300,60
2010-10-07,SC,etanol,20.3120,11
2010-10-07,SC,gasolina,28.9320,11
2010-10-07,SP,etanol,190.9110,128
2010-10-07,SP,gasolina,316.7750,128
2010-10-11,AC,etanol,40.4000,16
2010-10-11,AC,gasolina,91.9700,29
2010-10-11,AL,etanol,69.8300,36
2010-10-11,AL,gasolina,100.1190,37
2010-10-11,AM,etanol,17.9400,8
2010-10-11,AM,gasolina,106.0700,37
2010-10-11,AP,etanol,39.4700,19
2010-10-11,AP,gasolina,81.9690,29
2010-10-11,BA,etanol,348.8360,192
2010-10-11,BA,gasolina,531.7640,196
2010-10-11,CE,etanol,394.7520,205
2010-10-11,CE,gasolina,604.8940,223
2010-10-11,ES,etanol,63.3040,32
2010-10-11,ES,gasolina,84.7460,31
2010-10-11,GO,etanol,40.0280,24
2010-10-11,GO,gasolina,63.3180,24
2010-10-11,MA,etanol,45.2170,25
2010-10-11,MA,gasolina,66.4070,26
2010-10-11,MG,etanol,954.1370,521
2010-10-11,MG,gasolina,1342.6780,521
2010-10-11,MS,etanol,58.8100,32
2010-10-11,MS,gasolina,87.5480,32
2010-10-11,MT,etanol,77.4080,46
2010-10-11,MT,gasolina,132.1360,46
2010-10-11,PA,etanol,132.6110,61
2010-10-11,PA,gasolina,323.2200,112
2010-10-11,PB,etanol,153.9750,83
2010-10-11,PB,gasolina,208.4540,85
2010-10-11,PE,etanol,355.8140,193
2010-10-11,PE,gasolina,502.5370,194
2010-10-11,PI,etanol,80.5000,42
2010-10-11,PI,gasolina,111.5600,45
2010-10-11,PR,etanol,393.9240,238
2010-10-11,PR,gasolina,603.8880,237
2010-10-11,RJ,etanol,314.6550,175
2010-10-11,RJ,gasolina,474.1680,177
2010-10-11,RN,etanol,177.3450,91
2010-10-11,RN,gasolina,243.4390,91
2010-10-11,RO,etanol,145.7680,72
2010-10-11,RO,gasolina,203.6130,72
2010-10-11,RR,etanol,32.6300,14
2010-10-11,RR,gasolina,53.9200,19
2010-10-11,RS,etanol,625.1040,310
2010-10-11,RS,gasolina,853.4390,328
2010-10-11,SC,etanol,228.2950,119
2010-10-11,SC,gasolina,309.9170,119
2010-10-11,SE,etanol,13.8480,7
2010-10-11,SE,gasolina,20.8340,8
2010-10-11,SP,etanol,2017.2330,1301
2010-10-11,SP,gasolina,3217.5500,1299
2010-10-11,TO,etanol,75.0300,41
2010-10-11,TO,gasolina,115.7480,41
2010-10-12,AC,etanol,52.0870,22
2010-10-12,AC,gasolina,64.1290,22
2010-10-12,AL,etanol,53.1690,28
2010-10-12,AL,gasolina,77.2120,29
2010-10-12,AM,etanol,2.0800,1
2010-10-12,AM,gasolina,5.5400,2
2010-10-12,BA,etanol,36.4660,20
2010-10-12,BA,gasolina,54.5350,20
2010-10-12,ES,etanol,179.0600,92
2010-10-12,ES,gasolina,247.5700,92
2010-10-12,MS,etanol,18.7870,10
2010-10-12,MS,gasolina,28.7960,10
2010-10-12,MT,etanol,84.2670,51
2010-10-12,MT,gasolina,140.7270,51
2010-10-12,PA,etanol,49.1580,25
2010-10-12,PA,gasolina,107.4140,40
2010-10-12,PB,etanol,15.7290,8
2010-10-12,PB,gasolina,17.9890,7
2010-10-12,PR,etanol,79.5590,45
2010-10-12,PR,gasolina,120.0800,45
2010-10-12,RJ,etanol,101.3110,58
2010-10-12,RJ,gasolina,148.4760,58
2010-10-12,RS,etanol,77.7190,39
2010-10-12,RS,gasolina,111.7400,41
2010-10-12,SC,etanol,235.1530,119
2010-10-12,SC,gasolina,308.5270,119
2010-10-12,SE,etanol,20.9260,11
2010-10-12,SE,gasolina,27.3430,11
2010-10-12,SP,etanol,3.1880,2
2010-10-12,SP,gasolina,5.0880,2
2010-10-13,AL,etanol,60.5380,31
2010-10-13,AL,gasolina,81.6180,30
2010-10-13,AM,etanol,122.5480,62
2010-10-13,AM,gasolina,202.6980,78
2010-10-13,AP,gasolina,15.0800,5
2010-10-13,BA,etanol,396.7990,204
2010-10-13,BA,gasolina,570.3110,206
2010-10-13,CE,etanol,4.2000,2
2010-10-13,CE,gasolina,5.6800,2
2010-10-13,DF,etanol,149.6690,80
2010-10-13,DF,gasolina,213.0500,80
2010-10-13,ES,etanol,129.8790,67
2010-10-13,ES,gasolina,180.1500,67
2010-10-13,GO,etanol,321.9140,198
2010-10-13,GO,gasolina,527.6710,199
2010-10-13,MA,etanol,179.5120,98
2010-10-13,MA,gasolina,322.4170,121
2010-10-13,MG,etanol,644.3500,356
2010-10-13,MG,gasolina,918.9750,360
2010-10-13,MS,etanol,123.8480,71
2010-10-13,MS,gasolina,190.6830,71
2010-10-13,MT,etanol,69.3160,43
2010-10-13,MT,gasolina,123.8160,44
2010-10-13,PA,etanol,25.8050,12
2010-10-13,PA,gasolina,100.5110,34
2010-10-13,PB,etanol,38.9400,21
2010-10-13,PB,gasolina,50.9500,21
2010-10-13,PE,etanol,230.3780,123
2010-10-13,PE,gasolina,321.2050,125
2010-10-13,PI,etanol,87.4990,44
2010-10-13,PI,gasolina,141.7990,55
2010-10-13,PR,etanol,348.6520,207
2010-10-13,PR,gasolina,524.1270,203
2010-10-13,RJ,etanol,647.4320,357
2010-10-13,RJ,gasolina,959.6530,359
2010-10-13,RN,etanol,51.5700,26
2010-10-13,RN,gasolina,69.5300,26
2010-10-13,RO,etanol,55.5540,31
2010-10-13,RO,gasolina,84.7130,31
2010-10-13,RR,gasolina,37.0000,13
2010-10-13,RS,etanol,375.7320,188
2010-10-13,RS,gasolina,549.7940,205
2010-10-13,SC,etanol,237.4460,122
2010-10-13,SC,gasolina,324.7360,124
2010-10-13,SE,etanol,69.6610,36
2010-10-13,SE,gasolina,98.7890,38
2010-10-13,SP,etanol,1169.4450,747
2010-10-13,SP,gasolina,1862.9900,749
2010-10-13,TO,etanol,34.5700,19
2010-10-13,TO,gasolina,52.7300,19
2010-10-14,AC,etanol,2.3990,1
2010-10-14,AC,gasolina,2.8990,1
2010-10-14,AL,etanol,3.8350,2
2010-10-14,AL,gasolina,5.4640,2
2010-10-14,AM,etanol,2.2700,1
2010-10-14,AM,gasolina,2.9200,1
2010-10-14,BA,etanol,1.7900,1
2010-10-14,BA,gasolina,2.6900,1
2010-10-14,CE,etanol,2.1000,1
2010-10-14,CE,gasolina,2.8500,1
2010-10-14,GO,etanol,54.8400,34
2010-10-14,GO,gasolina,89.7700,34
2010-10-14,MG,etanol,199.4570,108
2010-10-14,MG,gasolina,281.6600,108
2010-10-14,MS,etanol,35.8290,19
2010-10-14,MS,gasolina,50.8800,18
2010-10-14,MT,etanol,1.6600,1
2010-10-14,MT,gasolina,2.7700,1
2010-10-14,PA,etanol,6.1880,3
2010-10-14,PA,gasolina,7.9680,3
2010-10-14,PB,etanol,12.8390,7
2010-10-14,PB,gasolina,17.4990,7
2010-10-14,PE,etanol,40.6240,19
2010-10-14,PE,gasolina,55.1140,19
2010-10-14,PR,etanol,131.1000,75
2010-10-14,PR,gasolina,196.7210,74
2010-10-14,RJ,etanol,253.1680,139
2010-10-14,RJ,gasolina,374.4130,140
2010-10-14,RR,gasolina,8.6500,3
2010-10-14,RS,etanol,71.8600,35
2010-10-14,RS,gasolina,96.5570,36
2010-10-14,SC,etanol,20.4230,10
2010-10-14,SC,gasolina,26.3730,10
2010-10-14,SP,etanol,531.1390,333
2010-10-14,SP,gasolina,837.1790,333
2010-10-15,SC,etanol,27.7060,14
2010-10-15,SC,gasolina,37.0530,14
2010-10-18,AC,etanol,40.1800,16
2010-10-18,AC,gasolina,72.8100,23
2010-10-18,AL,etanol,27.2890,14
2010-10-18,AL,gasolina,43.9590,16
2010-10-18,AM,etanol,74.9390,38
2010-10-18,AM,gasolina,127.3990,49
2010-10-18,AP,etanol,32.9400,16
2010-10-18,AP,gasolina,55.9990,20
2010-10-18,BA,etanol,179.1560,97
2010-10-18,BA,gasolina,267.3340,98
2010-10-18,CE,etanol,185.9020,95
2010-10-18,CE,gasolina,278.8130,102
2010-10-18,ES,etanol,40.1500,20
2010-10-18,ES,gasolina,49.2500,18
2010-10-18,GO,etanol,20.2100,12
2010-10-18,GO,gasolina,31.3200,12
2010-10-18,MA,etanol,1.6900,1
2010-10-18,MA,gasolina,2.5900,1
2010-10-18,MG,etanol,839.1130,456
2010-10-18,MG,gasolina,1160.9570,454
2010-10-18,MS,etanol,31.3670,16
2010-10-18,MS,gasolina,57.7110,20
2010-10-18,MT,etanol,21.2700,12
2010-10-18,MT,gasolina,39.2100,13
2010-10-18,PA,etanol,22.5070,10
2010-10-18,PA,gasolina,83.7480,28
2010-10-18,PB,etanol,68.3010,37
2010-10-18,PB,gasolina,90.3040,37
2010-10-18,PE,etanol,211.8170,113
2010-10-18,PE,gasolina,301.3020,116
2010-10-18,PI,etanol,58.2400,30
2010-10-18,PI,gasolina,89.1300,35
2010-10-18,PR,etanol,421.2990,248
2010-10-18,PR,gasolina,634.9700,245
2010-10-18,RJ,etanol,448.6850,249
2010-10-18,RJ,gasolina,667.3100,251
2010-10-18,RN,etanol,112.0400,57
2010-10-18,RN,gasolina,155.4210,58
2010-10-18,RO,etanol,101.3560,50
2010-10-18,RO,gasolina,142.9450,50
2010-10-18,RR,etanol,35.0400,15
2010-10-18,RR,gasolina,53.9600,19
2010-10-18,RS,etanol,567.5340,281
2010-10-18,RS,gasolina,788.9250,300
2010-10-18,SC,etanol,310.8770,161
2010-10-18,SC,gasolina,420.9880,162
2010-10-18,SP,etanol,1560.3470,984
2010-10-18,SP,gasolina,2443.0580,981
2010-10-18,TO,etanol,50.9300,28
2010-10-18,TO,gasolina,78.7480,28
2010-10-19,AC,etanol,54.3280,23
2010-10-19,AC,gasolina,86.6080,29
2010-10-19,AL,etanol,17.1290,9
2010-10-19,AL,gasolina,23.9580,9
2010-10-19,AM,etanol,70.0580,35
2010-10-19,AM,gasolina,146.2460,55
2010-10-19,AP,etanol,6.5300,3
2010-10-19,AP,gasolina,25.9700,9
2010-10-19,BA,etanol,370.3300,196
2010-10-19,BA,gasolina,556.5010,203
2010-10-19,CE,etanol,192.4570,101
2010-10-19,CE,gasolina,301.6940,112
2010-10-19,DF,etanol,149.8590,80
2010-10-19,DF,gasolina,221.0200,80
2010-10-19,ES,etanol,47.6130,24
2010-10-19,ES,gasolina,67.3560,25
2010-10-19,GO,etanol,150.7040,93
2010-10-19,GO,gasolina,244.7050,93
2010-10-19,MA,etanol,94.0100,52
2010-10-19,MA,gasolina,157.5620,61
2010-10-19,MG,etanol,431.8430,233
2010-10-19,MG,gasolina,611.3510,234
2010-10-19,MS,etanol,131.9980,75
2010-10-19,MS,gasolina,198.6590,75
2010-10-19,MT,etanol,121.7240,74
2010-10-19,MT,gasolina,208.9640,74
2010-10-19,PA,etanol,74.9970,33
2010-10-19,PA,gasolina,175.7970,60
2010-10-19,PB,etanol,5.6500,3
2010-10-19,PB,gasolina,7.6000,3
2010-10-19,PE,etanol,215.1340,118
2010-10-19,PE,gasolina,304.9650,118
2010-10-19,PI,etanol,9.7100,5
2010-10-19,PI,gasolina,12.5000,5
2010-10-19,PR,etanol,157.9240,94
2010-10-19,PR,gasolina,238.5740,94
2010-10-19,RJ,etanol,326.6330,179
2010-10-19,RJ,gasolina,491.7910,184
2010-10-19,RN,etanol,91.7250,47
2010-10-19,RN,gasolina,128.3780,48
2010-10-19,RO,etanol,104.8290,52
2010-10-19,RO,gasolina,146.4130,52
2010-10-19,RS,etanol,248.5130,122
2010-10-19,RS,gasolina,358.2680,134
2010-10-19,SC,etanol,227.5340,113
2010-10-19,SC,gasolina,295.8140,113
2010-10-19,SE,etanol,51.0840,26
2010-10-19,SE,gasolina,69.5400,26
2010-10-19,SP,etanol,1372.9010,878
2010-10-19,SP,gasolina,2184.4970,879
2010-10-19,TO,etanol,24.1000,13
2010-10-19,TO,gasolina,37.0000,13
2010-10-20,AL,etanol,135.1930,70
2010-10-20,AL,gasolina,190.9010,71
2010-10-20,AM,etanol,10.9800,5
2010-10-20,AM,gasolina,39.9800,14
2010-10-20,AP,gasolina,15.0800,5
2010-10-20,BA,etanol,231.3870,121
2010-10-20,BA,gasolina,335.6220,121
2010-10-20,CE,etanol,30.2700,15
2010-10-20,CE,gasolina,35.5200,13
2010-10-20,ES,etanol,290.6590,147
2010-10-20,ES,gasolina,396.7400,147
2010-10-20,GO,etanol,227.4880,139
2010-10-20,GO,gasolina,373.4740,140
2010-10-20,MA,etanol,128.2620,69
2010-10-20,MA,gasolina,229.1860,85
2010-10-20,MG,etanol,462.1090,254
2010-10-20,MG,gasolina,663.6310,259
2010-10-20,MS,etanol,60.4680,32
2010-10-20,MS,gasolina,81.9420,29
2010-10-20,MT,etanol,89.6760,54
2010-10-20,MT,gasolina,149.4630,54
2010-10-20,PA,etanol,111.0280,55
2010-10-20,PA,gasolina,280.2850,101
2010-10-20,PB,etanol,134.7240,72
2010-10-20,PB,gasolina,179.2100,73
2010-10-20,PE,etanol,160.0820,85
2010-10-20,PE,gasolina,216.8070,85
2010-10-20,PI,etanol,103.2390,51
2010-10-20,PI,gasolina,157.6890,61
2010-10-20,PR,etanol,312.6200,187
2010-10-20,PR,gasolina,471.7230,183
2010-10-20,RJ,etanol,473.7350,259
2010-10-20,RJ,gasolina,703.2630,263
2010-10-20,RN,etanol,20.1500,10
2010-10-20,RN,gasolina,26.7700,10
2010-10-20,RO,etanol,1.9900,1
2010-10-20,RO,gasolina,2.8500,1
2010-10-20,RR,gasolina,37.0000,13
2010-10-20,RS,etanol,277.5120,140
2010-10-20,RS,gasolina,403.4870,152
2010-10-20,SC,etanol,201.6970,101
2010-10-20,SC,gasolina,270.7030,102
2010-10-20,SE,etanol,54.2490,28
2010-10-20,SE,gasolina,80.2050,31
2010-10-20,SP,etanol,652.0480,420
2010-10-20,SP,gasolina,1036.4200,419
2010-10-20,TO,etanol,34.5700,19
2010-10-20,TO,gasolina,52.7300,19
2010-10-21,AL,etanol,5.6100,3
2010-10-21,AL,gasolina,5.3480,2
2010-10-21,BA,etanol,1.9900,1
2010-10-21,BA,gasolina,2.7900,1
2010-10-21,GO,etanol,18.9100,12
2010-10-21,GO,gasolina,31.4600,12
2010-10-21,MG,etanol,76.3930,41
2010-10-21,MG,gasolina,106.7120,41
2010-10-21,MS,etanol,14.9600,8
2010-10-21,MS,gasolina,19.2100,7
2010-10-21,PA,etanol,2.3900,1
2010-10-21,PA,gasolina,2.8200,1
2010-10-21,PB,etanol,12.8390,7
2010-10-21,PB,gasolina,17.4990,7
2010-10-21,PE,etanol,40.7240,19
2010-10-21,PE,gasolina,55.2040,19
2010-10-21,PR,etanol,62.4820,36
2010-10-21,PR,gasolina,92.7610,35
2010-10-21,RJ,etanol,69.1750,38
2010-10-21,RJ,gasolina,103.0650,38
2010-10-21,RR,gasolina,8.6500,3
2010-10-21,RS,etanol,55.8080,27
2010-10-21,RS,gasolina,70.5050,26
2010-10-21,SC,etanol,20.4230,10
2010-10-21,SC,gasolina,26.3730,10
2010-10-21,SP,etanol,163.6300,102
2010-10-21,SP,gasolina,259.5590,102
2010-10-25,AC,etanol,40.4500,16
2010-10-25,AC,gasolina,66.0800,21
2010-10-25,AL,etanol,60.6230,31
2010-10-25,AL,gasolina,86.9910,32
2010-10-25,AM,etanol,13.6500,6
2010-10-25,AM,gasolina,83.5500,29
2010-10-25,AP,etanol,39.6500,19
2010-10-25,AP,gasolina,96.9490,34
2010-10-25,BA,etanol,288.5870,155
2010-10-25,BA,gasolina,427.1250,157
2010-10-25,CE,etanol,72.3880,36
2010-10-25,CE,gasolina,109.9380,40
2010-10-25,DF,etanol,162.5100,80
2010-10-25,DF,gasolina,220.8800,80
2010-10-25,ES,etanol,196.7620,99
2010-10-25,ES,gasolina,267.7460,98
2010-10-25,GO,etanol,403.4990,237
2010-10-25,GO,gasolina,640.8500,238
2010-10-25,MA,etanol,115.5950,61
2010-10-25,MA,gasolina,214.0980,79
2010-10-25,MG,etanol,1250.1850,677
2010-10-25,MG,gasolina,1745.5230,680
2010-10-25,MS,etanol,133.9390,71
2010-10-25,MS,gasolina,200.4980,72
2010-10-25,MT,etanol,109.1100,65
2010-10-25,MT,gasolina,187.0880,66
2010-10-25,PA,etanol,64.3750,29
2010-10-25,PA,gasolina,240.5250,81
2010-10-25,PB,etanol,26.4200,14
2010-10-25,PB,gasolina,35.6200,14
2010-10-25,PE,etanol,217.8090,119
2010-10-25,PE,gasolina,302.6740,118
2010-10-25,PR,etanol,209.8110,124
2010-10-25,PR,gasolina,314.1630,121
2010-10-25,RJ,etanol,356.2170,192
2010-10-25,RJ,gasolina,536.7430,197
2010-10-25,RN,etanol,110.7590,57
2010-10-25,RN,gasolina,155.0780,58
2010-10-25,RO,etanol,195.1230,96
2010-10-25,RO,gasolina,270.8340,96
2010-10-25,RR,etanol,35.1400,15
2010-10-25,RR,gasolina,71.3300,25
2010-10-25,RS,etanol,679.2420,334
2010-10-25,RS,gasolina,909.1440,347
2010-10-25,SC,etanol,411.4600,206
2010-10-25,SC,gasolina,548.8710,208
2010-10-25,SE,etanol,41.5360,21
2010-10-25,SE,gasolina,57.8430,22
2010-10-25,SP,etanol,1378.0290,868
2010-10-25,SP,gasolina,2173.9140,868
2010-10-25,TO,etanol,114.1480,60
2010-10-25,TO,gasolina,168.7450,60
2010-10-26,AL,etanol,38.8570,21
2010-10-26,AL,gasolina,55.8580,21
2010-10-26,AM,etanol,6.3800,3
2010-10-26,AM,gasolina,28.2700,10
2010-10-26,BA,etanol,400.1780,210
2010-10-26,BA,gasolina,581.8260,212
2010-10-26,CE,etanol,235.5640,120
2010-10-26,CE,gasolina,365.6990,134
2010-10-26,GO,etanol,31.3480,18
2010-10-26,GO,gasolina,49.2270,18
2010-10-26,MA,etanol,91.8310,51
2010-10-26,MA,gasolina,137.5800,54
2010-10-26,MG,etanol,345.6830,184
2010-10-26,MG,gasolina,483.6940,184
2010-10-26,MS,etanol,31.9580,17
2010-10-26,MS,gasolina,46.8080,17
2010-10-26,MT,etanol,84.8550,51
2010-10-26,MT,gasolina,141.4300,51
2010-10-26,PA,etanol,121.8880,57
2010-10-26,PA,gasolina,256.0160,92
2010-10-26,PB,etanol,194.8030,105
2010-10-26,PB,gasolina,259.0410,106
2010-10-26,PE,etanol,360.4850,190
2010-10-26,PE,gasolina,498.5070,192
2010-10-26,PI,etanol,110.0890,54
2010-10-26,PI,gasolina,179.0990,69
2010-10-26,PR,etanol,472.1180,279
2010-10-26,PR,gasolina,717.4610,278
2010-10-26,RJ,etanol,378.1510,208
2010-10-26,RJ,gasolina,563.5590,214
2010-10-26,RN,etanol,53.0400,27
2010-10-26,RN,gasolina,72.2100,27
2010-10-26,RO,etanol,14.4700,7
2010-10-26,RO,gasolina,21.5000,7
2010-10-26,RR,gasolina,28.2200,10
2010-10-26,RS,etanol,337.8290,165
2010-10-26,RS,gasolina,483.4190,179
2010-10-26,SC,etanol,136.0520,68
2010-10-26,SC,gasolina,178.9460,69
2010-10-26,SE,etanol,23.8250,12
2010-10-26,SE,gasolina,34.7780,13
2010-10-26,SP,etanol,1536.1170,960
2010-10-26,SP,gasolina,2402.3040,959
2010-10-27,AC,etanol,54.4230,23
2010-10-27,AC,gasolina,93.7380,31
2010-10-27,AL,etanol,87.6310,45
2010-10-27,AL,gasolina,123.2780,46
2010-10-27,AM,etanol,139.9600,70
2010-10-27,AM,gasolina,197.8490,78
2010-10-27,BA,etanol,111.4790,56
2010-10-27,BA,gasolina,160.8350,57
2010-10-27,CE,etanol,96.6160,52
2010-10-27,CE,gasolina,140.2780,53
2010-10-27,ES,etanol,188.4600,92
2010-10-27,ES,gasolina,248.2300,92
2010-10-27,MA,etanol,23.7280,12
2010-10-27,MA,gasolina,36.5850,14
2010-10-27,MG,etanol,180.0480,99
2010-10-27,MG,gasolina,259.8110,101
2010-10-27,MS,etanol,76.0850,43
2010-10-27,MS,gasolina,115.0440,43
2010-10-27,MT,etanol,39.0240,24
2010-10-27,MT,gasolina,62.9940,22
2010-10-27,PA,etanol,19.7680,10
2010-10-27,PA,gasolina,31.5090,12
2010-10-27,PE,etanol,55.0300,28
2010-10-27,PE,gasolina,74.6900,28
2010-10-27,PI,etanol,58.9900,30
2010-10-27,PI,gasolina,77.0900,31
2010-10-27,PR,etanol,264.0650,155
2010-10-27,PR,gasolina,401.1970,155
2010-10-27,RJ,etanol,535.6600,296
2010-10-27,RJ,gasolina,786.0280,296
2010-10-27,RN,etanol,57.0360,29
2010-10-27,RN,gasolina,80.4000,30
2010-10-27,RR,etanol,1.9500,1
2010-10-27,RR,gasolina,2.7200,1
2010-10-27,RS,etanol,141.5710,68
2010-10-27,RS,gasolina,219.4020,82
2010-10-27,SC,etanol,210.6790,107
2010-10-27,SC,gasolina,286.7430,109
2010-10-27,SE,etanol,40.5710,21
2010-10-27,SE,gasolina,57.1360,22
2010-10-27,SP,etanol,804.6210,516
2010-10-27,SP,gasolina,1279.3120,516
2010-10-28,GO,etanol,1.7900,1
2010-10-28,GO,gasolina,2.7900,1
2010-10-28,MG,etanol,44.9420,24
2010-10-28,MG,gasolina,62.7260,24
2010-10-28,PA,gasolina,5.8000,2
2010-10-28,PR,etanol,11.7270,7
2010-10-28,PR,gasolina,18.5770,7
2010-10-28,RJ,etanol,50.9120,28
2010-10-28,RJ,gasolina,77.4900,29
2010-10-28,RN,etanol,1.9500,1
2010-10-28,RN,gasolina,2.6800,1
2010-10-28,RS,etanol,2.0900,1
2010-10-28,RS,gasolina,5.1600,2
2010-10-28,SP,etanol,58.9970,38
2010-10-28,SP,gasolina,93.1610,38
2010-11-01,AC,etanol,94.9580,39
2010-11-01,AC,gasolina,134.7870,44
2010-11-01,AL,etanol,97.7940,50
2010-11-01,AL,gasolina,138.5460,51
2010-11-01,AM,etanol,71.3890,35
2010-11-01,AM,gasolina,191.8590,71
2010-11-01,AP,etanol,6.7100,3
2010-11-01,AP,gasolina,49.8300,17
2010-11-01,BA,etanol,297.1530,159
2010-11-01,BA,gasolina,442.5510,162
2010-11-01,CE,etanol,217.6890,115
2010-11-01,CE,gasolina,326.1050,122
2010-11-01,ES,etanol,196.8220,99
2010-11-01,ES,gasolina,267.7460,98
2010-11-01,GO,etanol,300.5890,173
2010-11-01,GO,gasolina,473.8000,174
2010-11-01,MA,etanol,120.8930,64
2010-11-01,MA,gasolina,213.4080,79
2010-11-01,MG,etanol,1118.5310,602
2010-11-01,MG,gasolina,1568.0900,606
2010-11-01,MS,etanol,168.9860,92
2010-11-01,MS,gasolina,242.4530,89
2010-11-01,MT,etanol,40.0540,24
2010-11-01,MT,gasolina,68.7920,24
2010-11-01,PA,etanol,100.8030,47
2010-11-01,PA,gasolina,326.1360,114
2010-11-01,PB,etanol,32.0800,17
2010-11-01,PB,gasolina,43.1900,17
2010-11-01,PE,etanol,129.5820,70
2010-11-01,PE,gasolina,176.0000,69
2010-11-01,PI,etanol,61.1790,31
2010-11-01,PI,gasolina,77.1490,31
2010-11-01,PR,etanol,472.7050,281
2010-11-01,PR,gasolina,708.8960,275
2010-11-01,RJ,etanol,491.2690,264
2010-11-01,RJ,gasolina,732.6500,270
2010-11-01,RN,etanol,41.2550,21
2010-11-01,RN,gasolina,56.1490,21
2010-11-01,RO,etanol,134.7060,66
2010-11-01,RO,gasolina,185.0890,66
2010-11-01,RR,etanol,37.4900,16
2010-11-01,RR,gasolina,71.3500,25
2010-11-01,RS,etanol,588.3340,289
2010-11-01,RS,gasolina,801.9900,306
2010-11-01,SC,etanol,443.0830,219
2010-11-01,SC,gasolina,577.7810,219
2010-11-01,SE,etanol,52.9830,27
2010-11-01,SE,gasolina,73.3950,28
2010-11-01,SP,etanol,2148.8690,1357
2010-11-01,SP,gasolina,3388.4530,1358
2010-11-01,TO,etanol,84.8890,45
2010-11-01,TO,gasolina,126.8280,45
2010-11-02,AL,etanol,66.4340,35
2010-11-02,AL,gasolina,94.4240,35
2010-11-02,AM,etanol,4.0800,2
2010-11-02,AM,gasolina,8.3200,3
2010-11-02,BA,etanol,175.5470,93
2010-11-02,BA,gasolina,259.5040,95
2010-11-02,CE,etanol,186.4640,93
2010-11-02,CE,gasolina,289.7650,105
2010-11-02,MA,etanol,17.6770,10
2010-11-02,MA,gasolina,24.4660,10
2010-11-02,MG,etanol,408.4190,221
2010-11-02,MG,gasolina,564.0490,221
2010-11-02,MS,etanol,31.9580,17
2010-11-02,MS,gasolina,46.8080,17
2010-11-02,MT,etanol,55.6140,33
2010-11-02,MT,gasolina,90.7550,31
2010-11-02,PA,etanol,76.5530,34
2010-11-02,PA,gasolina,156.0020,54
2010-11-02,PB,etanol,137.5420,74
2010-11-02,PB,gasolina,184.4210,75
2010-11-02,PE,etanol,295.7630,154
2010-11-02,PE,gasolina,407.8490,156
2010-11-02,PI,etanol,54.3000,26
2010-11-02,PI,gasolina,106.8700,40
2010-11-02,PR,etanol,257.9370,150
2010-11-02,PR,gasolina,390.3440,149
2010-11-02,RJ,etanol,78.3970,42
2010-11-02,RJ,gasolina,114.3190,42
2010-11-02,RN,etanol,140.8290,72
2010-11-02,RN,gasolina,195.2780,73
2010-11-02,RO,etanol,14.4700,7
2010-11-02,RO,gasolina,21.5000,7
2010-11-02,RR,gasolina,28.2200,10
2010-11-02,RS,etanol,292.5530,144
2010-11-02,RS,gasolina,418.0050,156
2010-11-02,SC,etanol,100.4480,49
2010-11-02,SC,gasolina,132.1480,49
2010-11-02,SE,etanol,10.0990,5
2010-11-02,SE,gasolina,16.5120,6
2010-11-02,SP,etanol,468.2350,298
2010-11-02,SP,gasolina,741.5020,297
2010-11-03,AC,gasolina,25.7600,8
2010-11-03,AL,etanol,25.7070,13
2010-11-03,AL,gasolina,32.7370,12
2010-11-03,AM,etanol,77.5880,39
2010-11-03,AM,gasolina,110.2860,44
2010-11-03,AP,etanol,32.9400,16
2010-11-03,AP,gasolina,47.1190,17
2010-11-03,BA,etanol,325.9870,168
2010-11-03,BA,gasolina,469.9580,169
2010-11-03,DF,etanol,162.3600,80
2010-11-03,DF,gasolina,221.9800,80
2010-11-03,ES,etanol,191.5400,92
2010-11-03,ES,gasolina,252.9800,92
2010-11-03,GO,etanol,134.9840,82
2010-11-03,GO,gasolina,216.7050,82
2010-11-03,MA,etanol,91.8800,49
2010-11-03,MA,gasolina,150.3380,58
2010-11-03,MG,etanol,251.6090,137
2010-11-03,MG,gasolina,361.0160,139
2010-11-03,MS,etanol,40.4950,22
2010-11-03,MS,gasolina,70.8740,26
2010-11-03,MT,etanol,117.8270,64
2010-11-03,MT,gasolina,181.3370,65
2010-11-03,PA,gasolina,3.0300,1
2010-11-03,PB,etanol,51.4180,28
2010-11-03,PB,gasolina,66.7380,28
2010-11-03,PE,etanol,204.8310,112
2010-11-03,PE,gasolina,286.6110,112
2010-11-03,PI,etanol,43.2300,22
2010-11-03,PI,gasolina,54.5100,22
2010-11-03,PR,etanol,189.7400,113
2010-11-03,PR,gasolina,289.4240,113
2010-11-03,RJ,etanol,648.4990,354
2010-11-03,RJ,gasolina,946.9830,356
2010-11-03,RN,etanol,43.4600,22
2010-11-03,RN,gasolina,59.0800,22
2010-11-03,RO,etanol,60.4170,30
2010-11-03,RO,gasolina,85.7450,30
2010-11-03,RS,etanol,271.0790,131
2010-11-03,RS,gasolina,388.7690,145
2010-11-03,SC,etanol,229.3780,116
2010-11-03,SC,gasolina,310.1710,119
2010-11-03,SE,etanol,42.3710,22
2010-11-03,SE,gasolina,59.6660,23
2010-11-03,SP,etanol,1080.1830,679
2010-11-03,SP,gasolina,1685.6980,677
2010-11-03,TO,etanol,29.2590,15
2010-11-03,TO,gasolina,41.9080,15
2010-11-04,GO,etanol,1.7900,1
2010-11-04,GO,gasolina,2.7900,1
2010-11-04,MG,etanol,46.8060,25
2010-11-04,MG,gasolina,65.4020,25
2010-11-04,MT,etanol,32.2860,20
2010-11-04,MT,gasolina,53.3960,20
2010-11-04,PA,etanol,27.5870,14
2010-11-04,PA,gasolina,47.9180,18
2010-11-04,PI,etanol,9.8800,5
2010-11-04,PI,gasolina,15.7800,6
2010-11-04,PR,etanol,36.5300,21
2010-11-04,PR,gasolina,55.3800,21
2010-11-04,RJ,etanol,121.3220,67
2010-11-04,RJ,gasolina,179.0880,68
2010-11-04,RS,etanol,6.3000,3
2010-11-04,RS,gasolina,10.5450,4
2010-11-04,SP,etanol,75.2570,47
2010-11-04,SP,gasolina,117.9830,47
2010-11-08,AC,etanol,18.8800,8
2010-11-08,AC,gasolina,30.5400,10
2010-11-08,AL,etanol,68.0640,35
2010-11-08,AL,gasolina,97.6970,36
2010-11-08,AM,etanol,107.2770,53
2010-11-08,AM,gasolina,220.8270,84
2010-11-08,AP,etanol,39.6500,19
2010-11-08,AP,gasolina,97.0090,34
2010-11-08,BA,etanol,507.8250,266
2010-11-08,BA,gasolina,746.6110,272
2010-11-08,CE,etanol,131.2140,64
2010-11-08,CE,gasolina,183.0290,66
2010-11-08,ES,etanol,92.5740,46
2010-11-08,ES,gasolina,122.9260,45
2010-11-08,GO,etanol,96.9960,57
2010-11-08,GO,gasolina,150.4450,56
2010-11-08,MA,etanol,111.1620,59
2010-11-08,MA,gasolina,202.3280,75
2010-11-08,MG,etanol,764.2480,406
2010-11-08,MG,gasolina,1072.7050,409
2010-11-08,MS,etanol,110.0780,57
2010-11-08,MS,gasolina,162.6670,58
2010-11-08,MT,etanol,69.8970,38
2010-11-08,MT,gasolina,109.9070,38
2010-11-08,PA,etanol,99.0950,45
2010-11-08,PA,gasolina,259.9360,90
2010-11-08,PB,etanol,139.9600,76
2010-11-08,PB,gasolina,181.4540,75
2010-11-08,PE,etanol,314.6090,169
2010-11-08,PE,gasolina,439.7770,170
2010-11-08,PI,etanol,45.8500,22
2010-11-08,PI,gasolina,85.4200,32
2010-11-08,PR,etanol,321.7550,188
2010-11-08,PR,gasolina,483.9240,186
2010-11-08,RJ,etanol,615.6870,331
2010-11-08,RJ,gasolina,895.2840,332
2010-11-08,RN,etanol,40.9270,21
2010-11-08,RN,gasolina,56.0590,21
2010-11-08,RO,etanol,84.3860,41
2010-11-08,RO,gasolina,116.7550,41
2010-11-08,RR,gasolina,45.6500,16
2010-11-08,RS,etanol,476.1880,233
2010-11-08,RS,gasolina,656.7280,248
2010-11-08,SC,etanol,439.2890,218
2010-11-08,SC,gasolina,580.7020,220
2010-11-08,SE,etanol,29.4330,15
2010-11-08,SE,gasolina,39.3880,15
2010-11-08,SP,etanol,1971.8050,1242
2010-11-08,SP,gasolina,3108.3200,1241
2010-11-08,TO,etanol,57.5380,30
2010-11-08,TO,gasolina,83.9360,30
2010-11-09,AC,etanol,32.7490,13
2010-11-09,AC,gasolina,50.5390,16
2010-11-09,AL,etanol,34.7460,18
2010-11-09,AL,gasolina,48.1070,18
2010-11-09,BA,etanol,161.2820,88
2010-11-09,BA,gasolina,233.8040,86
2010-11-09,CE,etanol,55.1670,29
2010-11-09,CE,gasolina,83.0760,31
2010-11-09,DF,etanol,162.3700,80
2010-11-09,DF,gasolina,221.9400,80
2010-11-09,ES,etanol,104.9880,53
2010-11-09,ES,gasolina,144.9400,53
2010-11-09,GO,etanol,340.3850,198
2010-11-09,GO,gasolina,538.1930,199
2010-11-09,MA,etanol,97.2550,52
2010-11-09,MA,gasolina,160.7580,62
2010-11-09,MG,etanol,694.1710,382
2010-11-09,MG,gasolina,973.0050,386
2010-11-09,MS,etanol,132.6770,74
2010-11-09,MS,gasolina,194.9980,73
2010-11-09,MT,etanol,105.5690,62
2010-11-09,MT,gasolina,172.0340,61
2010-11-09,PA,etanol,57.4150,26
2010-11-09,PA,gasolina,124.2770,42
2010-11-09,PB,etanol,51.7690,28
2010-11-09,PB,gasolina,69.3790,28
2010-11-09,PE,etanol,192.3010,103
2010-11-09,PE,gasolina,267.9670,103
2010-11-09,PI,etanol,69.0790,34
2010-11-09,PI,gasolina,99.6390,39
2010-11-09,PR,etanol,93.5540,56
2010-11-09,PR,gasolina,139.7230,55
2010-11-09,RJ,etanol,212.1470,115
2010-11-09,RJ,gasolina,303.7350,115
2010-11-09,RN,etanol,1.8900,1
2010-11-09,RN,gasolina,2.6500,1
2010-11-09,RO,etanol,121.2570,61
2010-11-09,RO,gasolina,172.0400,61
2010-11-09,RR,etanol,39.5000,17
2010-11-09,RR,gasolina,53.9400,19
2010-11-09,RS,etanol,319.6310,155
2010-11-09,RS,gasolina,460.6910,170
2010-11-09,SC,etanol,197.7700,97
2010-11-09,SC,gasolina,258.6450,98
2010-11-09,SE,etanol,29.5290,15
2010-11-09,SE,gasolina,42.3750,16
2010-11-09,SP,etanol,1099.8660,688
2010-11-09,SP,gasolina,1708.1530,686
2010-11-09,TO,etanol,56.8400,30
2010-11-09,TO,gasolina,84.8300,30
2010-11-10,AC,etanol,16.4590,7
2010-11-10,AC,gasolina,20.9390,7
2010-11-10,AL,etanol,67.8140,35
2010-11-10,AL,gasolina,95.6200,35
2010-11-10,AM,etanol,48.0490,24
2010-11-10,AM,gasolina,66.1620,27
2010-11-10,BA,etanol,97.4740,49
2010-11-10,BA,gasolina,143.0890,51
2010-11-10,CE,etanol,77.8370,42
2010-11-10,CE,gasolina,121.3280,46
2010-11-10,ES,etanol,192.2500,92
2010-11-10,ES,gasolina,252.5600,91
2010-11-10,GO,etanol,1.6000,1
2010-11-10,GO,gasolina,2.6000,1
2010-11-10,MA,etanol,18.2890,9
2010-11-10,MA,gasolina,25.9880,10
2010-11-10,MG,etanol,257.6530,137
2010-11-10,MG,gasolina,361.7070,138
2010-11-10,MS,etanol,1.9800,1
2010-11-10,MS,gasolina,2.8900,1
2010-11-10,MT,etanol,53.3560,29
2010-11-10,MT,gasolina,80.3060,29
2010-11-10,PA,etanol,48.9390,24
2010-11-10,PA,gasolina,112.1100,42
2010-11-10,PE,etanol,102.0470,54
2010-11-10,PE,gasolina,135.2870,54
2010-11-10,PI,etanol,54.7900,27
2010-11-10,PI,gasolina,67.2100,27
2010-11-10,PR,etanol,375.0500,224
2010-11-10,PR,gasolina,575.4190,224
2010-11-10,RJ,etanol,328.6380,180
2010-11-10,RJ,gasolina,489.7030,184
2010-11-10,RN,etanol,3.8500,2
2010-11-10,RN,gasolina,5.3500,2
2010-11-10,RS,etanol,231.1520,115
2010-11-10,RS,gasolina,308.1830,120
2010-11-10,SC,etanol,118.0920,58
2010-11-10,SC,gasolina,153.6820,59
2010-11-10,SE,etanol,19.6810,10
2010-11-10,SE,gasolina,26.6200,10
2010-11-10,SP,etanol,452.4600,285
2010-11-10,SP,gasolina,705.8590,286
2010-11-11,AC,etanol,24.2500,10
2010-11-11,AC,gasolina,58.7200,19
2010-11-11,AL,etanol,19.5420,10
2010-11-11,AL,gasolina,26.9690,10
2010-11-11,AM,gasolina,19.6900,7
2010-11-11,BA,etanol,31.2380,16
2010-11-11,BA,gasolina,44.6990,16
2010-11-11,CE,etanol,138.5870,71
2010-11-11,CE,gasolina,229.1260,84
2010-11-11,MG,etanol,100.3230,52
2010-11-11,MG,gasolina,138.5720,52
2010-11-11,MT,etanol,22.3700,12
2010-11-11,MT,gasolina,33.3200,12
2010-11-11,PA,etanol,8.2580,4
2010-11-11,PA,gasolina,42.4160,15
2010-11-11,PB,etanol,28.3290,15
2010-11-11,PB,gasolina,42.6290,17
2010-11-11,PE,etanol,19.9000,10
2010-11-11,PE,gasolina,26.7100,10
2010-11-11,PI,etanol,2.1000,1
2010-11-11,PI,gasolina,2.5600,1
2010-11-11,PR,etanol,168.6500,96
2010-11-11,PR,gasolina,256.7720,97
2010-11-11,RJ,etanol,196.1590,107
2010-11-11,RJ,gasolina,284.8390,107
2010-11-11,RN,etanol,181.6300,93
2010-11-11,RN,gasolina,248.8200,93
2010-11-11,RO,etanol,2.0400,1
2010-11-11,RO,gasolina,3.2500,1
2010-11-11,RS,etanol,128.0460,62
2010-11-11,RS,gasolina,195.1830,73
2010-11-11,SC,etanol,20.1140,10
2010-11-11,SC,gasolina,27.0340,10
2010-11-11,SE,etanol,23.1340,12
2010-11-11,SE,gasolina,33.8310,13
2010-11-11,SP,etanol,268.6350,168
2010-11-11,SP,gasolina,421.3130,167
2010-11-15,AL,etanol,13.8250,7
2010-11-15,AL,gasolina,18.9810,7
2010-11-15,AM,etanol,20.0800,10
2010-11-15,AM,gasolina,26.7190,11
2010-11-15,BA,etanol,66.8040,34
2010-11-15,BA,gasolina,96.5570,35
2010-11-15,CE,etanol,80.0410,43
2010-11-15,CE,gasolina,113.6040,43
2010-11-15,MG,etanol,104.2930,54
2010-11-15,MG,gasolina,144.5010,54
2010-11-15,MS,etanol,42.3540,23
2010-11-15,MS,gasolina,62.9460,23
2010-11-15,PA,etanol,36.7090,18
2010-11-15,PA,gasolina,82.7830,31
2010-11-15,PI,etanol,10.0400,5
2010-11-15,PI,gasolina,18.4100,7
2010-11-15,PR,etanol,104.4000,59
2010-11-15,PR,gasolina,158.9770,60
2010-11-15,RJ,etanol,91.3660,49
2010-11-15,RJ,gasolina,128.6910,49
2010-11-15,RN,etanol,33.2300,17
2010-11-15,RN,gasolina,48.3090,18
2010-11-15,RS,etanol,26.0870,13
2010-11-15,RS,gasolina,33.2010,13
2010-11-15,SC,etanol,111.0370,56
2010-11-15,SC,gasolina,146.6990,56
2010-11-15,SP,etanol,612.9220,380
2010-11-15,SP,gasolina,950.7810,379
2010-11-16,AC,etanol,18.9300,8
2010-11-16,AC,gasolina,30.5800,10
2010-11-16,AL,etanol,58.2720,30
2010-11-16,AL,gasolina,83.9860,31
2010-11-16,AM,etanol,94.3570,46
2010-11-16,AM,gasolina,208.1650,79
2010-11-16,AP,etanol,39.6500,19
2010-11-16,AP,gasolina,97.0090,34
2010-11-16,BA,etanol,316.8780,168
2010-11-16,BA,gasolina,478.0560,174
2010-11-16,CE,etanol,186.9330,94
2010-11-16,CE,gasolina,262.4080,96
2010-11-16,ES,etanol,92.8820,46
2010-11-16,ES,gasolina,122.8030,45
2010-11-16,GO,etanol,76.5150,44
2010-11-16,GO,gasolina,117.0150,43
2010-11-16,MA,etanol,172.2710,92
2010-11-16,MA,gasolina,285.3840,108
2010-11-16,MG,etanol,827.0310,447
2010-11-16,MG,gasolina,1157.4040,453
2010-11-16,MS,etanol,133.5860,71
2010-11-16,MS,gasolina,198.9670,72
2010-11-16,MT,etanol,137.7840,77
2010-11-16,MT,gasolina,218.6150,76
2010-11-16,PA,etanol,87.9120,39
2010-11-16,PA,gasolina,253.1920,87
2010-11-16,PB,etanol,72.0090,38
2010-11-16,PB,gasolina,93.3690,37
2010-11-16,PE,etanol,340.7970,182
2010-11-16,PE,gasolina,485.1830,184
2010-11-16,PI,etanol,91.5800,45
2010-11-16,PI,gasolina,142.5800,55
2010-11-16,PR,etanol,393.5830,230
2010-11-16,PR,gasolina,587.8860,226
2010-11-16,RJ,etanol,386.4480,207
2010-11-16,RJ,gasolina,568.7090,208
2010-11-16,RN,etanol,54.5660,28
2010-11-16,RN,gasolina,74.8180,28
2010-11-16,RO,etanol,66.1380,32
2010-11-16,RO,gasolina,90.9570,32
2010-11-16,RR,etanol,41.7000,18
2010-11-16,RR,gasolina,102.0000,36
2010-11-16,RS,etanol,493.8740,241
2010-11-16,RS,gasolina,710.3480,267
2010-11-16,SC,etanol,502.3420,246
2010-11-16,SC,gasolina,656.9440,248
2010-11-16,SE,etanol,58.3670,30
2010-11-16,SE,gasolina,78.7160,30
2010-11-16,SP,etanol,2128.9620,1330
2010-11-16,SP,gasolina,3331.7710,1328
2010-11-16,TO,etanol,57.5380,30
2010-11-16,TO,gasolina,83.9360,30
2010-11-17,AC,etanol,49.3780,20
2010-11-17,AC,gasolina,71.3670,23
2010-11-17,AL,etanol,93.2240,48
2010-11-17,AL,gasolina,131.0250,49
2010-11-17,AM,etanol,31.6190,16
2010-11-17,AM,gasolina,48.3090,20
2010-11-17,BA,etanol,201.6580,105
2010-11-17,BA,gasolina,291.3260,106
2010-11-17,CE,etanol,54.5250,29
2010-11-17,CE,gasolina,82.4160,31
2010-11-17,DF,etanol,162.3600,80
2010-11-17,DF,gasolina,221.9600,80
2010-11-17,ES,etanol,239.1580,117
2010-11-17,ES,gasolina,322.0200,117
2010-11-17,GO,etanol,360.1300,211
2010-11-17,GO,gasolina,570.6900,212
2010-11-17,MA,etanol,28.5750,15
2010-11-17,MA,gasolina,44.5950,17
2010-11-17,MG,etanol,724.5020,390
2010-11-17,MG,gasolina,1023.7150,393
2010-11-17,MS,etanol,69.9170,38
2010-11-17,MS,gasolina,100.0040,37
2010-11-17,MT,etanol,56.6440,33
2010-11-17,MT,gasolina,90.9170,33
2010-11-17,PA,etanol,85.6820,40
2010-11-17,PA,gasolina,166.9560,58
2010-11-17,PB,etanol,119.4740,66
2010-11-17,PB,gasolina,157.6970,66
2010-11-17,PE,etanol,165.6160,88
2010-11-17,PE,gasolina,231.5630,88
2010-11-17,PI,etanol,69.2790,34
2010-11-17,PI,gasolina,93.2090,37
2010-11-17,PR,etanol,285.4520,171
2010-11-17,PR,gasolina,432.1050,171
2010-11-17,RJ,etanol,614.0060,332
2010-11-17,RJ,gasolina,899.7150,338
2010-11-17,RN,etanol,86.4100,44
2010-11-17,RN,gasolina,117.8600,44
2010-11-17,RO,etanol,137.1150,69
2010-11-17,RO,gasolina,197.7180,70
2010-11-17,RS,etanol,272.7760,132
2010-11-17,RS,gasolina,384.2230,141
2010-11-17,SC,etanol,106.6440,53
2010-11-17,SC,gasolina,139.9820,54
2010-11-17,SE,etanol,17.7780,9
2010-11-17,SE,gasolina,28.9030,11
2010-11-17,SP,etanol,859.2310,541
2010-11-17,SP,gasolina,1348.0530,540
2010-11-17,TO,etanol,56.8400,30
2010-11-17,TO,gasolina,84.8300,30
2010-11-18,AC,etanol,24.2500,10
2010-11-18,AC,gasolina,58.7200,19
2010-11-18,AL,etanol,20.7640,11
2010-11-18,AL,gasolina,29.8080,11
2010-11-18,AM,gasolina,19.6900,7
2010-11-18,BA,etanol,204.3490,108
2010-11-18,BA,gasolina,301.5140,110
2010-11-18,CE,etanol,92.2990,46
2010-11-18,CE,gasolina,160.5490,58
2010-11-18,ES,etanol,59.3800,28
2010-11-18,ES,gasolina,75.7200,27
2010-11-18,GO,etanol,1.6000,1
2010-11-18,GO,gasolina,2.6000,1
2010-11-18,MA,etanol,28.0270,14
2010-11-18,MA,gasolina,58.3840,22
2010-11-18,MG,etanol,167.4250,88
2010-11-18,MG,gasolina,229.4550,88
2010-11-18,MT,etanol,55.9640,30
2010-11-18,MT,gasolina,83.2310,30
2010-11-18,PA,etanol,6.2980,3
2010-11-18,PA,gasolina,37.2470,13
2010-11-18,PB,etanol,28.3290,15
2010-11-18,PB,gasolina,42.6290,17
2010-11-18,PE,etanol,121.9470,64
2010-11-18,PE,gasolina,161.9970,64
2010-11-18,PR,etanol,183.0270,104
2010-11-18,PR,gasolina,276.9900,104
2010-11-18,RJ,etanol,261.2830,142
2010-11-18,RJ,gasolina,379.8440,143
2010-11-18,RN,etanol,51.1700,26
2010-11-18,RN,gasolina,69.4800,26
2010-11-18,RO,etanol,2.0400,1
2010-11-18,RO,gasolina,3.2500,1
2010-11-18,RS,etanol,362.2770,179
2010-11-18,RS,gasolina,488.5470,189
2010-11-18,SC,etanol,55.6140,27
2010-11-18,SC,gasolina,74.8380,28
2010-11-18,SE,etanol,23.1340,12
2010-11-18,SE,gasolina,33.8010,13
2010-11-18,SP,etanol,214.7250,132
2010-11-18,SP,gasolina,331.6500,132
2010-11-22,AC,gasolina,6.0800,2
2010-11-22,AL,etanol,86.2300,44
2010-11-22,AL,gasolina,125.2150,46
2010-11-22,AM,etanol,34.1600,16
2010-11-22,AM,gasolina,126.0800,45
2010-11-22,AP,etanol,37.3890,18
2010-11-22,AP,gasolina,97.0490,34
2010-11-22,BA,etanol,510.0630,269
2010-11-22,BA,gasolina,758.7370,276
2010-11-22,CE,etanol,130.6450,66
2010-11-22,CE,gasolina,194.2800,71
2010-11-22,ES,etanol,90.2230,45
2010-11-22,ES,gasolina,121.1860,44
2010-11-22,GO,etanol,65.1500,37
2010-11-22,GO,gasolina,101.4660,37
2010-11-22,MA,etanol,94.3070,50
2010-11-22,MA,gasolina,177.9940,65
2010-11-22,MG,etanol,544.0390,284
2010-11-22,MG,gasolina,749.9250,284
2010-11-22,MS,etanol,179.7080,97
2010-11-22,MS,gasolina,273.1930,100
2010-11-22,MT,etanol,127.3140,69
2010-11-22,MT,gasolina,195.7880,67
2010-11-22,PA,etanol,121.3870,55
2010-11-22,PA,gasolina,327.4970,112
2010-11-22,PB,etanol,95.6400,51
2010-11-22,PB,gasolina,127.0170,51
2010-11-22,PE,etanol,299.9890,157
2010-11-22,PE,gasolina,425.2310,158
2010-11-22,PI,etanol,44.4700,21
2010-11-22,PI,gasolina,83.0200,31
2010-11-22,PR,etanol,238.1220,135
2010-11-22,PR,gasolina,349.5780,132
2010-11-22,RJ,etanol,496.6060,267
2010-11-22,RJ,gasolina,732.1960,270
2010-11-22,RN,etanol,185.7440,95
2010-11-22,RN,gasolina,257.1690,96
2010-11-22,RO,etanol,187.4130,93
2010-11-22,RO,gasolina,264.4150,94
2010-11-22,RR,gasolina,8.5500,3
2010-11-22,RS,etanol,331.7880,160
2010-11-22,RS,gasolina,482.9980,180
2010-11-22,SC,etanol,300.0250,149
2010-11-22,SC,gasolina,393.3970,151
2010-11-22,SE,etanol,58.5970,30
2010-11-22,SE,gasolina,83.9120,32
2010-11-22,SP,etanol,1729.7970,1079
2010-11-22,SP,gasolina,2705.1740,1080
2010-11-22,TO,etanol,89.8080,47
2010-11-22,TO,gasolina,132.1160,47
2010-11-23,AM,etanol,9.8000,5
2010-11-23,AM,gasolina,14.4100,6
2010-11-23,BA,etanol,90.0560,47
2010-11-23,BA,gasolina,125.7080,46
2010-11-23,CE,etanol,109.6580,55
2010-11-23,CE,gasolina,183.9670,67
2010-11-23,DF,etanol,162.3530,80
2010-11-23,DF,gasolina,221.9100,80
2010-11-23,ES,etanol,47.2190,24
2010-11-23,ES,gasolina,65.0900,24
2010-11-23,GO,etanol,373.5700,219
2010-11-23,GO,gasolina,592.2500,220
2010-11-23,MA,etanol,53.4650,29
2010-11-23,MA,gasolina,72.3840,29
2010-11-23,MG,etanol,685.3170,377
2010-11-23,MG,gasolina,955.6910,380
2010-11-23,MS,etanol,47.3520,25
2010-11-23,MS,gasolina,60.3410,22
2010-11-23,MT,etanol,32.2860,20
2010-11-23,MT,gasolina,53.3960,20
2010-11-23,PA,etanol,95.9320,45
2010-11-23,PA,gasolina,205.6520,74
2010-11-23,PB,etanol,15.5790,8
2010-11-23,PB,gasolina,17.8790,7
2010-11-23,PE,etanol,188.0310,101
2010-11-23,PE,gasolina,269.4860,102
2010-11-23,PI,etanol,66.7590,33
2010-11-23,PI,gasolina,86.0290,34
2010-11-23,PR,etanol,332.7890,190
2010-11-23,PR,gasolina,503.0940,191
2010-11-23,RJ,etanol,233.1920,125
2010-11-23,RJ,gasolina,337.5960,125
2010-11-23,RN,etanol,16.7400,9
2010-11-23,RN,gasolina,23.7200,9
2010-11-23,RO,etanol,18.0100,9
2010-11-23,RO,gasolina,27.4400,9
2010-11-23,RR,etanol,37.1100,16
2010-11-23,RR,gasolina,82.4030,29
2010-11-23,RS,etanol,182.3660,87
2010-11-23,RS,gasolina,265.5340,98
2010-11-23,SC,etanol,285.2990,138
2010-11-23,SC,gasolina,366.5180,138
2010-11-23,SE,etanol,42.6640,22
2010-11-23,SE,gasolina,57.1400,22
2010-11-23,SP,etanol,1169.8720,728
2010-11-23,SP,gasolina,1805.8980,725
2010-11-23,TO,etanol,24.5700,13
2010-11-23,TO,gasolina,36.6600,13
2010-11-24,AC,etanol,43.1800,17
2010-11-24,AC,gasolina,66.2300,21
2010-11-24,AL,etanol,74.0960,36
2010-11-24,AL,gasolina,99.1780,35
2010-11-24,AM,etanol,120.9170,60
2010-11-24,AM,gasolina,164.7630,67
2010-11-24,BA,etanol,162.5520,83
2010-11-24,BA,gasolina,231.8510,84
2010-11-24,CE,etanol,117.9550,61
2010-11-24,CE,gasolina,167.0420,62
2010-11-24,ES,etanol,226.6400,110
2010-11-24,ES,gasolina,303.3200,110
2010-11-24,MA,etanol,87.8310,45
2010-11-24,MA,gasolina,141.0850,54
2010-11-24,MG,etanol,453.1280,244
2010-11-24,MG,gasolina,642.3510,248
2010-11-24,MS,etanol,18.8190,10
2010-11-24,MS,gasolina,27.3590,10
2010-11-24,MT,etanol,96.6400,52
2010-11-24,MT,gasolina,144.3460,52
2010-11-24,PA,etanol,1.9390,1
2010-11-24,PA,gasolina,5.3180,2
2010-11-24,PB,etanol,108.6760,60
2010-11-24,PB,gasolina,144.2850,60
2010-11-24,PE,etanol,146.5140,77
2010-11-24,PE,gasolina,198.6520,78
2010-11-24,PI,etanol,65.5500,32
2010-11-24,PI,gasolina,89.1200,35
2010-11-24,PR,etanol,327.7130,193
2010-11-24,PR,gasolina,490.6760,192
2010-11-24,RJ,etanol,388.9720,207
2010-11-24,RJ,gasolina,562.4350,212
2010-11-24,RS,etanol,236.4470,115
2010-11-24,RS,gasolina,329.1300,123
2010-11-24,SC,etanol,117.1480,57
2010-11-24,SC,gasolina,154.4290,59
2010-11-24,SE,etanol,3.9400,2
2010-11-24,SE,gasolina,5.3740,2
2010-11-24,SP,etanol,806.3660,499
2010-11-24,SP,gasolina,1253.3530,499
2010-11-25,AC,etanol,54.5080,23
2010-11-25,AC,gasolina,88.4170,29
2010-11-25,AL,etanol,32.5190,16
2010-11-25,AL,gasolina,47.5440,17
2010-11-25,BA,etanol,39.4830,20
2010-11-25,BA,gasolina,55.4860,20
2010-11-25,CE,etanol,48.2230,26
2010-11-25,CE,gasolina,71.4380,27
2010-11-25,ES,etanol,24.0300,12
2010-11-25,ES,gasolina,32.9200,12
2010-11-25,MG,etanol,149.9940,78
2010-11-25,MG,gasolina,209.2210,78
2010-11-25,PR,etanol,81.8360,47
2010-11-25,PR,gasolina,121.6740,46
2010-11-25,RJ,etanol,241.9500,129
2010-11-25,RJ,gasolina,349.4020,131
2010-11-25,RN,etanol,21.8500,11
2010-11-25,RN,gasolina,29.4200,11
2010-11-25,RR,gasolina,8.6000,3
2010-11-25,RS,etanol,413.5590,205
2010-11-25,RS,gasolina,543.8130,211
2010-11-25,SC,etanol,79.9180,40
2010-11-25,SC,gasolina,104.4100,40
2010-11-25,SP,etanol,129.8590,79
2010-11-25,SP,gasolina,200.1230,79
2010-11-29,AC,etanol,52.3080,22
2010-11-29,AC,gasolina,71.8370,24
2010-11-29,AL,etanol,148.2010,74
2010-11-29,AL,gasolina,210.3260,76
2010-11-29,AM,etanol,88.5580,43
2010-11-29,AM,gasolina,199.7440,75
2010-11-29,AP,etanol,39.6590,19
2010-11-29,AP,gasolina,97.1090,34
2010-11-29,BA,etanol,473.9970,250
2010-11-29,BA,gasolina,699.6140,256
2010-11-29,CE,etanol,152.9000,78
2010-11-29,CE,gasolina,231.3100,85
2010-11-29,ES,etanol,89.8510,45
2010-11-29,ES,gasolina,120.9430,44
2010-11-29,GO,etanol,195.6780,117
2010-11-29,GO,gasolina,311.7800,117
2010-11-29,MA,etanol,94.3070,50
2010-11-29,MA,gasolina,177.9940,65
2010-11-29,MG,etanol,971.6030,518
2010-11-29,MG,gasolina,1335.3620,518
2010-11-29,MS,etanol,61.8160,31
2010-11-29,MS,gasolina,98.3870,34
2010-11-29,MT,etanol,127.4550,69
2010-11-29,MT,gasolina,195.4590,67
2010-11-29,PA,etanol,162.4700,75
2010-11-29,PA,gasolina,436.6370,153
2010-11-29,PB,etanol,154.5570,84
2010-11-29,PB,gasolina,204.7850,84
2010-11-29,PE,etanol,298.1820,156
2010-11-29,PE,gasolina,425.1640,158
2010-11-29,PI,etanol,34.2300,16
2010-11-29,PI,gasolina,67.0900,25
2010-11-29,PR,etanol,275.2780,162
2010-11-29,PR,gasolina,408.4740,159
2010-11-29,RJ,etanol,640.4250,342
2010-11-29,RJ,gasolina,937.0590,348
2010-11-29,RN,etanol,136.4260,69
2010-11-29,RN,gasolina,190.4390,71
2010-11-29,RO,etanol,129.3860,64
2010-11-29,RO,gasolina,178.7800,64
2010-11-29,RR,etanol,37.3500,16
2010-11-29,RR,gasolina,62.5200,22
2010-11-29,RS,etanol,453.3370,222
2010-11-29,RS,gasolina,638.9630,241
2010-11-29,SC,etanol,455.3780,224
2010-11-29,SC,gasolina,591.1610,226
2010-11-29,SE,etanol,95.9450,49
2010-11-29,SE,gasolina,137.1100,52
2010-11-29,SP,etanol,2003.6070,1238
2010-11-29,SP,gasolina,3104.1420,1235
2010-11-29,TO,etanol,60.5490,32
2010-11-29,TO,gasolina,90.2080,32
2010-11-30,AC,etanol,45.5300,18
2010-11-30,AC,gasolina,69.2100,22
2010-11-30,AL,etanol,30.9850,15
2010-11-30,AL,gasolina,42.4530,15
2010-11-30,AM,etanol,74.2490,37
2010-11-30,AM,gasolina,105.6530,42
2010-11-30,BA,etanol,275.3710,144
2010-11-30,BA,gasolina,394.0690,144
2010-11-30,CE,etanol,218.1980,111
2010-11-30,CE,gasolina,337.6110,124
2010-11-30,DF,etanol,162.3600,80
2010-11-30,DF,gasolina,221.9300,80
2010-11-30,ES,etanol,142.7790,71
2010-11-30,ES,gasolina,194.0200,71
2010-11-30,GO,etanol,243.1260,139
2010-11-30,GO,gasolina,381.9850,140
2010-11-30,MA,etanol,142.4840,75
2010-11-30,MA,gasolina,212.6640,83
2010-11-30,MG,etanol,729.5560,396
2010-11-30,MG,gasolina,1037.9150,402
2010-11-30,MS,etanol,150.1360,82
2010-11-30,MS,gasolina,211.6750,79
2010-11-30,MT,etanol,34.1560,21
2010-11-30,MT,gasolina,56.1660,21
2010-11-30,PA,etanol,50.2650,23
2010-11-30,PA,gasolina,103.6470,37
2010-11-30,PB,etanol,61.7660,33
2010-11-30,PB,gasolina,79.9160,32
2010-11-30,PE,etanol,335.3620,178
2010-11-30,PE,gasolina,469.0880,180
2010-11-30,PI,etanol,69.2790,34
2010-11-30,PI,gasolina,97.9290,38
2010-11-30,PR,etanol,530.7630,303
2010-11-30,PR,gasolina,792.4460,301
2010-11-30,RJ,etanol,508.3520,271
2010-11-30,RJ,gasolina,728.1810,271
2010-11-30,RN,etanol,18.7200,10
2010-11-30,RN,gasolina,26.4000,10
2010-11-30,RO,etanol,76.0370,38
2010-11-30,RO,gasolina,113.0750,39
2010-11-30,RR,etanol,2.0500,1
2010-11-30,RR,gasolina,30.8430,11
2010-11-30,RS,etanol,450.5300,217
2010-11-30,RS,gasolina,652.2210,244
2010-11-30,SC,etanol,292.0670,144
2010-11-30,SC,gasolina,380.5350,146
2010-11-30,SE,etanol,7.6590,4
2010-11-30,SE,gasolina,10.4730,4
2010-11-30,SP,etanol,1675.6980,1037
2010-11-30,SP,gasolina,2583.9830,1035
2010-11-30,TO,etanol,53.8290,28
2010-11-30,TO,gasolina,78.5680,28
2010-12-01,AC,gasolina,19.6000,6
2010-12-01,AL,etanol,14.0390,7
2010-12-01,AL,gasolina,22.1690,8
2010-12-01,BA,etanol,49.5790,25
2010-12-01,BA,gasolina,69.6810,25
2010-12-01,CE,etanol,33.3000,18
2010-12-01,CE,gasolina,47.5140,18
2010-12-01,ES,etanol,155.4400,75
2010-12-01,ES,gasolina,206.9100,75
2010-12-01,MG,etanol,133.5500,69
2010-12-01,MG,gasolina,184.8400,70
2010-12-01,MS,etanol,33.9310,19
2010-12-01,MS,gasolina,50.3470,19
2010-12-01,MT,etanol,94.8850,51
2010-12-01,MT,gasolina,141.5340,51
2010-12-01,PB,etanol,3.9100,2
2010-12-01,PB,gasolina,5.0700,2
2010-12-01,PI,etanol,71.1100,35
2010-12-01,PI,gasolina,93.3800,37
2010-12-01,PR,etanol,138.7390,81
2010-12-01,PR,gasolina,206.8360,80
2010-12-01,RJ,etanol,219.3910,117
2010-12-01,RJ,gasolina,317.5100,119
2010-12-01,RN,etanol,66.6990,34
2010-12-01,RN,gasolina,93.6980,35
2010-12-01,RR,gasolina,8.6000,3
2010-12-01,RS,etanol,256.5810,126
2010-12-01,RS,gasolina,326.0030,126
2010-12-01,SC,etanol,32.9460,16
2010-12-01,SC,gasolina,43.1260,16
2010-12-01,SP,etanol,183.1070,110
2010-12-01,SP,gasolina,282.6480,111
2010-12-02,PR,etanol,40.4750,21
2010-12-02,PR,gasolina,55.6830,21
2010-12-06,AC,etanol,71.8750,30
2010-12-06,AC,gasolina,90.2550,30
2010-12-06,AL,etanol,88.1180,45
2010-12-06,AL,gasolina,127.5620,47
2010-12-06,AM,etanol,11.5000,5
2010-12-06,AM,gasolina,86.4000,30
2010-12-06,AP,etanol,6.7100,3
2010-12-06,AP,gasolina,50.0000,17
2010-12-06,BA,etanol,446.8560,237
2010-12-06,BA,gasolina,658.0480,243
2010-12-06,CE,etanol,119.3840,58
2010-12-06,CE,gasolina,162.4290,58
2010-12-06,ES,etanol,74.7590,37
2010-12-06,ES,gasolina,98.7100,36
2010-12-06,GO,etanol,35.2480,21
2010-12-06,GO,gasolina,55.1980,21
2010-12-06,MA,etanol,95.0470,50
2010-12-06,MA,gasolina,177.9340,65
2010-12-06,MG,etanol,858.3640,457
2010-12-06,MG,gasolina,1196.9370,463
2010-12-06,MS,etanol,117.6850,62
2010-12-06,MS,gasolina,161.8340,59
2010-12-06,MT,etanol,66.5000,36
2010-12-06,MT,gasolina,98.2260,34
2010-12-06,PA,etanol,164.2220,74
2010-12-06,PA,gasolina,365.3880,126
2010-12-06,PB,etanol,63.8920,34
2010-12-06,PB,gasolina,82.5210,33
2010-12-06,PE,etanol,128.8970,67
2010-12-06,PE,gasolina,180.3880,68
2010-12-06,PI,etanol,18.2700,9
2010-12-06,PI,gasolina,44.7600,17
2010-12-06,PR,etanol,399.4540,229
2010-12-06,PR,gasolina,593.2220,229
2010-12-06,RJ,etanol,576.8150,308
2010-12-06,RJ,gasolina,842.7760,312
2010-12-06,RO,etanol,150.8840,72
2010-12-06,RO,gasolina,205.5210,72
2010-12-06,RR,etanol,37.3900,16
2010-12-06,RR,gasolina,79.9330,28
2010-12-06,RS,etanol,789.7290,385
2010-12-06,RS,gasolina,1056.0880,404
2010-12-06,SC,etanol,637.0980,312
2010-12-06,SC,gasolina,824.5150,315
2010-12-06,SE,etanol,71.8150,37
2010-12-06,SE,gasolina,98.5100,38
2010-12-06,SP,etanol,1647.2270,998
2010-12-06,SP,gasolina,2511.2050,996
2010-12-06,TO,etanol,61.2490,32
2010-12-06,TO,gasolina,88.7280,32
2010-12-07,AC,etanol,9.2000,4
2010-12-07,AC,gasolina,37.4500,12
2010-12-07,AL,etanol,13.9100,7
2010-12-07,AL,gasolina,19.5390,7
2010-12-07,AM,etanol,4.7500,2
2010-12-07,AM,gasolina,17.3300,6
2010-12-07,AP,etanol,32.9400,16
2010-12-07,AP,gasolina,47.1190,17
2010-12-07,BA,etanol,142.7100,76
2010-12-07,BA,gasolina,202.6440,75
2010-12-07,CE,etanol,229.5720,122
2010-12-07,CE,gasolina,356.2620,134
2010-12-07,DF,etanol,162.3600,80
2010-12-07,DF,gasolina,221.9500,80
2010-12-07,ES,etanol,276.5190,136
2010-12-07,ES,gasolina,372.4700,135
2010-12-07,GO,etanol,404.0750,235
2010-12-07,GO,gasolina,638.6000,236
2010-12-07,MA,etanol,53.8270,28
2010-12-07,MA,gasolina,73.1560,29
2010-12-07,MG,etanol,387.3820,212
2010-12-07,MG,gasolina,549.2440,212
2010-12-07,MS,etanol,64.0430,34
2010-12-07,MS,gasolina,101.3080,37
2010-12-07,MT,etanol,95.0160,53
2010-12-07,MT,gasolina,151.0860,53
2010-12-07,PA,etanol,65.5630,32
2010-12-07,PA,gasolina,172.3860,63
2010-12-07,PB,etanol,83.6670,45
2010-12-07,PB,gasolina,116.4260,47
2010-12-07,PE,etanol,322.9760,174
2010-12-07,PE,gasolina,462.6700,175
2010-12-07,PI,etanol,62.9200,30
2010-12-07,PI,gasolina,85.8500,33
2010-12-07,PR,etanol,352.4810,198
2010-12-07,PR,gasolina,522.1030,197
2010-12-07,RJ,etanol,313.8890,168
2010-12-07,RJ,gasolina,460.1230,170
2010-12-07,RN,etanol,77.8690,40
2010-12-07,RN,gasolina,112.7290,42
2010-12-07,RO,etanol,60.0270,30
2010-12-07,RO,gasolina,88.5150,31
2010-12-07,RR,gasolina,19.5700,7
2010-12-07,RS,etanol,194.2260,94
2010-12-07,RS,gasolina,286.9240,107
2010-12-07,SC,etanol,76.7060,37
2010-12-07,SC,gasolina,99.4240,37
2010-12-07,SE,etanol,27.5370,14
2010-12-07,SE,gasolina,42.5360,16
2010-12-07,SP,etanol,1373.7120,837
2010-12-07,SP,gasolina,2090.7300,835
2010-12-07,TO,etanol,53.8290,28
2010-12-07,TO,gasolina,78.5680,28
2010-12-08,AC,etanol,16.4500,6
2010-12-08,AC,gasolina,33.2500,10
2010-12-08,AM,etanol,13.3300,6
2010-12-08,AM,gasolina,25.5400,9
2010-12-08,BA,etanol,159.7270,83
2010-12-08,BA,gasolina,239.6430,87
2010-12-08,CE,etanol,50.8900,25
2010-12-08,CE,gasolina,95.4290,34
2010-12-08,ES,etanol,34.4500,18
2010-12-08,ES,gasolina,48.3800,18
2010-12-08,MA,etanol,85.6960,45
2010-12-08,MA,gasolina,138.1520,54
2010-12-08,MG,etanol,435.4320,230
2010-12-08,MG,gasolina,597.5350,232
2010-12-08,MS,etanol,66.5520,36
2010-12-08,MS,gasolina,98.1650,36
2010-12-08,MT,etanol,95.1310,51
2010-12-08,MT,gasolina,141.6080,51
2010-12-08,PB,etanol,68.5140,38
2010-12-08,PB,gasolina,92.8760,39
2010-12-08,PE,etanol,176.0350,89
2010-12-08,PE,gasolina,236.8830,90
2010-12-08,PI,etanol,84.2490,41
2010-12-08,PI,gasolina,113.4990,44
2010-12-08,PR,etanol,239.3690,138
2010-12-08,PR,gasolina,354.2610,137
2010-12-08,RJ,etanol,317.8070,169
2010-12-08,RJ,gasolina,445.2120,169
2010-12-08,RN,etanol,144.2900,74
2010-12-08,RN,gasolina,197.7000,74
2010-12-08,RS,etanol,132.5340,64
2010-12-08,RS,gasolina,188.1440,68
2010-12-08,SC,etanol,72.9530,36
2010-12-08,SC,gasolina,93.4340,36
2010-12-08,SE,etanol,3.9400,2
2010-12-08,SE,gasolina,5.3740,2
2010-12-08,SP,etanol,904.4010,545
2010-12-08,SP,gasolina,1364.9170,544
2010-12-09,AL,etanol,90.0750,44
2010-12-09,AL,gasolina,124.2400,44
2010-12-09,AM,etanol,119.8080,60
2010-12-09,AM,gasolina,194.9000,73
2010-12-09,BA,etanol,38.7220,18
2010-12-09,BA,gasolina,55.7790,19
2010-12-09,MG,etanol,147.2670,79
2010-12-09,MG,gasolina,213.0300,82
2010-12-09,PB,etanol,1.8590,1
2010-12-09,PB,gasolina,2.3990,1
2010-12-09,PE,etanol,11.0670,6
2010-12-09,PE,gasolina,15.5970,6
2010-12-09,PI,etanol,9.9000,5
2010-12-09,PI,gasolina,15.7800,6
2010-12-09,PR,etanol,3.4390,2
2010-12-09,PR,gasolina,5.3090,2
2010-12-09,RJ,etanol,150.1960,82
2010-12-09,RJ,gasolina,223.0760,85
2010-12-09,RN,etanol,1.9900,1
2010-12-09,RN,gasolina,2.6900,1
2010-12-09,RS,etanol,52.7510,25
2010-12-09,RS,gasolina,77.4800,29
2010-12-09,SP,etanol,11.5150,7
2010-12-09,SP,gasolina,17.7050,7
2010-12-13,AC,etanol,72.0280,30
2010-12-13,AC,gasolina,90.1680,30
2010-12-13,AL,etanol,173.0550,86
2010-12-13,AL,gasolina,241.1470,87
2010-12-13,AM,etanol,110.1300,54
2010-12-13,AM,gasolina,234.8890,85
2010-12-13,AP,etanol,6.7100,3
2010-12-13,AP,gasolina,50.0000,17
2010-12-13,BA,etanol,473.1000,252
2010-12-13,BA,gasolina,699.5630,259
2010-12-13,CE,etanol,119.4140,58
2010-12-13,CE,gasolina,162.3690,58
2010-12-13,ES,etanol,74.8890,37
2010-12-13,ES,gasolina,98.7100,36
2010-12-13,GO,etanol,36.0570,21
2010-12-13,GO,gasolina,55.5470,21
2010-12-13,MA,etanol,108.0530,57
2010-12-13,MA,gasolina,198.2280,73
2010-12-13,MG,etanol,671.3620,352
2010-12-13,MG,gasolina,933.1170,358
2010-12-13,MS,etanol,109.4450,57
2010-12-13,MS,gasolina,147.8600,54
2010-12-13,MT,etanol,30.7460,16
2010-12-13,MT,gasolina,43.8080,15
2010-12-13,PA,etanol,181.4360,82
2010-12-13,PA,gasolina,427.0790,149
2010-12-13,PB,etanol,156.6410,85
2010-12-13,PB,gasolina,205.1810,84
2010-12-13,PE,etanol,240.2540,126
2010-12-13,PE,gasolina,342.6590,128
2010-12-13,PI,etanol,18.2700,9
2010-12-13,PI,gasolina,44.7600,17
2010-12-13,PR,etanol,352.6070,199
2010-12-13,PR,gasolina,523.3340,198
2010-12-13,RJ,etanol,466.7900,245
2010-12-13,RJ,gasolina,682.5470,251
2010-12-13,RN,etanol,119.6260,61
2010-12-13,RN,gasolina,168.5890,63
2010-12-13,RO,etanol,150.8840,72
2010-12-13,RO,gasolina,205.5210,72
2010-12-13,RR,gasolina,26.0230,9
2010-12-13,RS,etanol,721.9230,350
2010-12-13,RS,gasolina,973.9130,373
2010-12-13,SC,etanol,459.9630,224
2010-12-13,SC,gasolina,596.5480,227
2010-12-13,SE,etanol,30.8850,16
2010-12-13,SE,gasolina,43.7670,17
2010-12-13,SP,etanol,1549.3580,928
2010-12-13,SP,gasolina,2336.5930,926
2010-12-13,TO,etanol,67.0990,35
2010-12-13,TO,gasolina,97.0980,35
2010-12-14,AC,etanol,9.2000,4
2010-12-14,AC,gasolina,37.4500,12
2010-12-14,AL,etanol,20.1150,10
2010-12-14,AL,gasolina,30.7450,11
2010-12-14,AM,etanol,39.3400,19
2010-12-14,AM,gasolina,66.0200,24
2010-12-14,AP,etanol,32.9400,16
2010-12-14,AP,gasolina,47.1190,17
2010-12-14,BA,etanol,119.5070,63
2010-12-14,BA,gasolina,167.8720,62
2010-12-14,CE,etanol,205.9320,109
2010-12-14,CE,gasolina,309.4310,116
2010-12-14,DF,etanol,162.3600,80
2010-12-14,DF,gasolina,221.9500,80
2010-12-14,ES,etanol,145.6390,72
2010-12-14,ES,gasolina,195.8600,71
2010-12-14,GO,etanol,404.6260,235
2010-12-14,GO,gasolina,638.9310,236
2010-12-14,MA,etanol,72.5080,38
2010-12-14,MA,gasolina,97.1240,39
2010-12-14,MG,etanol,524.5120,285
2010-12-14,MG,gasolina,739.1880,285
2010-12-14,MS,etanol,66.2300,35
2010-12-14,MS,gasolina,103.4510,38
2010-12-14,MT,etanol,178.7690,99
2010-12-14,MT,gasolina,277.5030,98
2010-12-14,PA,etanol,40.6170,20
2010-12-14,PA,gasolina,85.5040,31
2010-12-14,PB,etanol,50.7400,27
2010-12-14,PB,gasolina,72.1400,29
2010-12-14,PE,etanol,210.6230,114
2010-12-14,PE,gasolina,302.4610,115
2010-12-14,PI,etanol,62.8000,30
2010-12-14,PI,gasolina,86.6800,33
2010-12-14,PR,etanol,334.7400,191
2010-12-14,PR,gasolina,491.9940,189
2010-12-14,RJ,etanol,380.7820,202
2010-12-14,RJ,gasolina,554.2980,205
2010-12-14,RN,etanol,33.2000,17
2010-12-14,RN,gasolina,48.0700,18
2010-12-14,RO,etanol,60.0270,30
2010-12-14,RO,gasolina,88.5050,31
2010-12-14,RR,etanol,34.9100,15
2010-12-14,RR,gasolina,73.4700,26
2010-12-14,RS,etanol,211.5350,101
2010-12-14,RS,gasolina,315.1030,117
2010-12-14,SC,etanol,93.7820,45
2010-12-14,SC,gasolina,119.6970,45
2010-12-14,SE,etanol,67.8800,35
2010-12-14,SE,gasolina,96.7030,37
2010-12-14,SP,etanol,1338.4200,805
2010-12-14,SP,gasolina,2019.7270,805
2010-12-14,TO,etanol,47.9790,25
2010-12-14,TO,gasolina,70.1980,25
2010-12-15,AC,etanol,16.4500,6
2010-12-15,AC,gasolina,33.2500,10
2010-12-15,AM,etanol,13.3300,6
2010-12-15,AM,gasolina,22.6700,8
2010-12-15,BA,etanol,193.2790,98
2010-12-15,BA,gasolina,279.3230,100
2010-12-15,CE,etanol,81.8030,42
2010-12-15,CE,gasolina,144.9840,53
2010-12-15,ES,etanol,166.4000,82
2010-12-15,ES,gasolina,224.9700,82
2010-12-15,MA,etanol,56.4960,29
2010-12-15,MA,gasolina,93.0050,36
2010-12-15,MG,etanol,401.4280,214
2010-12-15,MG,gasolina,559.0230,216
2010-12-15,MS,etanol,74.6670,40
2010-12-15,MS,gasolina,109.3820,40
2010-12-15,PA,etanol,6.2290,3
2010-12-15,PA,gasolina,21.6870,8
2010-12-15,PB,etanol,10.9690,6
2010-12-15,PB,gasolina,16.7600,7
2010-12-15,PE,etanol,175.6450,89
2010-12-15,PE,gasolina,236.5130,90
2010-12-15,PI,etanol,84.5890,41
2010-12-15,PI,gasolina,114.1990,44
2010-12-15,PR,etanol,295.9380,166
2010-12-15,PR,gasolina,431.7360,166
2010-12-15,RJ,etanol,307.7910,159
2010-12-15,RJ,gasolina,429.4240,160
2010-12-15,RN,etanol,66.3590,34
2010-12-15,RN,gasolina,93.4980,35
2010-12-15,RS,etanol,204.3900,98
2010-12-15,RS,gasolina,289.3570,107
2010-12-15,SC,etanol,233.9250,115
2010-12-15,SC,gasolina,297.6920,115
2010-12-15,SE,etanol,3.9400,2
2010-12-15,SE,gasolina,5.3740,2
2010-12-15,SP,etanol,824.6210,494
2010-12-15,SP,gasolina,1239.9240,492
2010-12-16,AM,etanol,1.9300,1
2010-12-16,AM,gasolina,2.7000,1
2010-12-16,BA,etanol,6.1000,3
2010-12-16,BA,gasolina,8.5900,3
2010-12-16,MG,etanol,240.1590,127
2010-12-16,MG,gasolina,330.9820,130
2010-12-16,MT,etanol,48.3590,26
2010-12-16,MT,gasolina,72.1450,26
2010-12-16,PE,etanol,11.1380,6
2010-12-16,PE,gasolina,15.5680,6
2010-12-16,PI,etanol,11.8600,6
2010-12-16,PI,gasolina,15.7800,6
2010-12-16,PR,etanol,17.2950,10
2010-12-16,PR,gasolina,26.0040,10
2010-12-16,RJ,etanol,229.6080,120
2010-12-16,RJ,gasolina,316.9630,120
2010-12-16,RS,etanol,28.1780,14
2010-12-16,RS,gasolina,36.5870,14
2010-12-16,SP,etanol,262.5530,159
2010-12-16,SP,gasolina,393.1630,159
2010-12-20,AL,etanol,140.3680,70
2010-12-20,AL,gasolina,199.4950,72
2010-12-20,AM,etanol,20.1800,9
2010-12-20,AM,gasolina,111.7000,39
2010-12-20,AP,etanol,39.6500,19
2010-12-20,AP,gasolina,97.1190,34
2010-12-20,BA,etanol,478.6590,254
2010-12-20,BA,gasolina,708.5070,261
2010-12-20,CE,etanol,227.1130,114
2010-12-20,CE,gasolina,348.1370,126
2010-12-20,DF,etanol,162.3600,80
2010-12-20,DF,gasolina,221.9500,80
2010-12-20,ES,etanol,162.4380,81
2010-12-20,ES,gasolina,221.7400,81
2010-12-20,GO,etanol,410.4000,238
2010-12-20,GO,gasolina,645.6090,239
2010-12-20,MA,etanol,185.9110,98
2010-12-20,MA,gasolina,300.8600,115
2010-12-20,MG,etanol,806.9080,428
2010-12-20,MG,gasolina,1138.7770,433
2010-12-20,MS,etanol,158.2250,84
2010-12-20,MS,gasolina,233.2860,86
2010-12-20,MT,etanol,231.5620,127
2010-12-20,MT,gasolina,355.8080,126
2010-12-20,PA,etanol,127.1660,57
2010-12-20,PA,gasolina,342.9700,117
2010-12-20,PB,etanol,94.7880,50
2010-12-20,PB,gasolina,131.3070,52
2010-12-20,PE,etanol,420.9150,221
2010-12-20,PE,gasolina,589.0310,224
2010-12-20,PI,etanol,161.4690,78
2010-12-20,PI,gasolina,248.7490,95
2010-12-20,PR,etanol,514.5060,283
2010-12-20,PR,gasolina,750.4570,284
2010-12-20,RJ,etanol,890.3630,459
2010-12-20,RJ,gasolina,1240.0620,463
2010-12-20,RN,etanol,21.7250,11
2010-12-20,RN,gasolina,29.2800,11
2010-12-20,RO,etanol,210.5910,102
2010-12-20,RO,gasolina,293.8760,103
2010-12-20,RR,gasolina,11.4400,4
2010-12-20,RS,etanol,783.0830,376
2010-12-20,RS,gasolina,1047.0220,401
2010-12-20,SC,etanol,607.3700,296
2010-12-20,SC,gasolina,784.7440,299
2010-12-20,SE,etanol,56.8750,29
2010-12-20,SE,gasolina,79.2610,30
2010-12-20,SP,etanol,1731.4820,1027
2010-12-20,SP,gasolina,2583.1080,1026
2010-12-20,TO,etanol,115.1680,60
2010-12-20,TO,gasolina,167.3050,60
2010-12-21,AC,etanol,70.8250,29
2010-12-21,AC,gasolina,127.8150,41
2010-12-21,AL,etanol,50.1730,25
2010-12-21,AL,gasolina,72.2770,26
2010-12-21,AM,etanol,141.9800,68
2010-12-21,AM,gasolina,211.2300,78
2010-12-21,BA,etanol,224.5510,117
2010-12-21,BA,gasolina,315.9000,117
2010-12-21,CE,etanol,149.8940,79
2010-12-21,CE,gasolina,237.0180,89
2010-12-21,ES,etanol,232.6900,110
2010-12-21,ES,gasolina,302.8600,110
2010-12-21,MA,etanol,54.8190,28
2010-12-21,MA,gasolina,86.0050,33
2010-12-21,MG,etanol,842.3270,446
2010-12-21,MG,gasolina,1156.5660,449
2010-12-21,MS,etanol,95.0070,49
2010-12-21,MS,gasolina,126.6250,46
2010-12-21,MT,etanol,25.0260,13
2010-12-21,MT,gasolina,37.5720,13
2010-12-21,PA,etanol,97.8370,47
2010-12-21,PA,gasolina,204.8410,75
2010-12-21,PB,etanol,123.1670,68
2010-12-21,PB,gasolina,162.2180,68
2010-12-21,PE,etanol,216.5480,114
2010-12-21,PE,gasolina,305.1040,114
2010-12-21,PI,etanol,10.2700,5
2010-12-21,PI,gasolina,16.1300,6
2010-12-21,PR,etanol,488.8770,277
2010-12-21,PR,gasolina,722.0270,278
2010-12-21,RJ,etanol,395.1110,206
2010-12-21,RJ,gasolina,569.8820,209
2010-12-21,RN,etanol,117.2360,60
2010-12-21,RN,gasolina,163.1490,61
2010-12-21,RR,etanol,41.6700,18
2010-12-21,RR,gasolina,90.8130,32
2010-12-21,RS,etanol,397.0570,189
2010-12-21,RS,gasolina,556.7560,206
2010-12-21,SC,etanol,181.7340,87
2010-12-21,SC,gasolina,227.5930,87
2010-12-21,SE,etanol,46.6630,24
2010-12-21,SE,gasolina,68.0610,26
2010-12-21,SP,etanol,1774.8090,1049
2010-12-21,SP,gasolina,2634.5050,1048
2010-12-22,AC,etanol,26.1500,11
2010-12-22,AC,gasolina,34.1000,11
2010-12-22,AL,etanol,1.9290,1
2010-12-22,AL,gasolina,2.6490,1
2010-12-22,BA,etanol,91.5180,45
2010-12-22,BA,gasolina,130.2970,46
2010-12-22,CE,etanol,24.2010,13
2010-12-22,CE,gasolina,34.3520,13
2010-12-22,GO,etanol,32.2380,18
2010-12-22,GO,gasolina,50.2290,18
2010-12-22,MG,etanol,198.5070,105
2010-12-22,MG,gasolina,276.4420,108
2010-12-22,PA,gasolina,2.5800,1
2010-12-22,PR,etanol,9.2050,5
2010-12-22,PR,gasolina,13.1150,5
2010-12-22,RJ,etanol,127.9030,66
2010-12-22,RJ,gasolina,175.0580,66
2010-12-22,RN,etanol,85.8590,44
2010-12-22,RN,gasolina,115.0000,43
2010-12-22,RS,etanol,4.2980,2
2010-12-22,RS,gasolina,8.2050,3
2010-12-22,SC,etanol,2.1390,1
2010-12-22,SC,gasolina,2.5990,1
2010-12-22,SP,etanol,524.3020,311
2010-12-22,SP,gasolina,779.0300,310
2010-12-27,AL,etanol,158.1610,79
2010-12-27,AL,gasolina,224.3290,81
2010-12-27,AM,etanol,122.4470,58
2010-12-27,AM,gasolina,254.7390,92
2010-12-27,AP,etanol,39.6500,19
2010-12-27,AP,gasolina,97.1190,34
2010-12-27,BA,etanol,522.7730,277
2010-12-27,BA,gasolina,773.8940,285
2010-12-27,CE,etanol,256.2970,130
2010-12-27,CE,gasolina,392.4200,143
2010-12-27,DF,etanol,162.3600,80
2010-12-27,DF,gasolina,221.9400,80
2010-12-27,ES,etanol,162.4380,81
2010-12-27,ES,gasolina,221.7400,81
2010-12-27,GO,etanol,410.6310,238
2010-12-27,GO,gasolina,645.9710,239
2010-12-27,MA,etanol,130.1320,68
2010-12-27,MA,gasolina,230.7350,86
2010-12-27,MG,etanol,914.5770,484
2010-12-27,MG,gasolina,1276.5010,489
2010-12-27,MS,etanol,209.8570,110
2010-12-27,MS,gasolina,309.0870,113
2010-12-27,MT,etanol,136.8810,76
2010-12-27,MT,gasolina,211.2430,74
2010-12-27,PA,etanol,205.5050,95
2010-12-27,PA,gasolina,489.9240,172
2010-12-27,PB,etanol,159.8970,86
2010-12-27,PB,gasolina,216.4460,88
2010-12-27,PE,etanol,402.6020,211
2010-12-27,PE,gasolina,560.1480,213
2010-12-27,PI,etanol,93.1900,45
2010-12-27,PI,gasolina,165.2300,62
2010-12-27,PR,etanol,431.0420,241
2010-12-27,PR,gasolina,631.7000,241
2010-12-27,RJ,etanol,570.0910,292
2010-12-27,RJ,gasolina,798.4490,298
2010-12-27,RN,etanol,19.8350,10
2010-12-27,RN,gasolina,26.6200,10
2010-12-27,RO,etanol,210.5910,102
2010-12-27,RO,gasolina,293.8860,103
2010-12-27,RR,etanol,37.3900,16
2010-12-27,RR,gasolina,62.5100,22
2010-12-27,RS,etanol,651.7780,310
2010-12-27,RS,gasolina,886.7270,335
2010-12-27,SC,etanol,393.3540,193
2010-12-27,SC,gasolina,512.9140,196
2010-12-27,SE,etanol,54.3600,28
2010-12-27,SE,gasolina,75.8370,29
2010-12-27,SP,etanol,1948.9600,1148
2010-12-27,SP,gasolina,2888.3510,1147
2010-12-27,TO,etanol,115.1680,60
2010-12-27,TO,gasolina,167.3050,60
2010-12-28,AC,etanol,25.7600,10
2010-12-28,AC,gasolina,70.7400,22
2010-12-28,AL,etanol,29.4250,15
2010-12-28,AL,gasolina,43.7640,16
2010-12-28,AM,etanol,42.1200,20
2010-12-28,AM,gasolina,68.5900,25
2010-12-28,BA,etanol,130.0630,68
2010-12-28,BA,gasolina,179.7300,67
2010-12-28,CE,etanol,47.8400,24
2010-12-28,CE,gasolina,83.7280,31
2010-12-28,ES,etanol,231.9900,110
2010-12-28,ES,gasolina,302.6400,110
2010-12-28,GO,etanol,32.9330,18
2010-12-28,GO,gasolina,50.2480,18
2010-12-28,MA,etanol,100.8050,53
2010-12-28,MA,gasolina,156.5590,62
2010-12-28,MG,etanol,585.2880,307
2010-12-28,MG,gasolina,811.7490,311
2010-12-28,MS,etanol,25.3490,13
2010-12-28,MS,gasolina,27.6570,10
2010-12-28,MT,etanol,1.8400,1
2010-12-28,MT,gasolina,2.7600,1
2010-12-28,PA,etanol,20.0080,9
2010-12-28,PA,gasolina,60.7060,21
2010-12-28,PB,etanol,58.6310,32
2010-12-28,PB,gasolina,77.0210,32
2010-12-28,PE,etanol,223.6450,118
2010-12-28,PE,gasolina,318.2900,119
2010-12-28,PI,etanol,79.0690,38
2010-12-28,PI,gasolina,103.5790,39
2010-12-28,PR,etanol,471.7660,262
2010-12-28,PR,gasolina,684.9130,263
2010-12-28,RJ,etanol,462.1050,233
2010-12-28,RJ,gasolina,646.2720,237
2010-12-28,RN,etanol,191.0960,98
2010-12-28,RN,gasolina,265.2370,99
2010-12-28,RR,etanol,2.3500,1
2010-12-28,RR,gasolina,37.0130,13
2010-12-28,RS,etanol,388.1450,185
2010-12-28,RS,gasolina,520.0860,199
2010-12-28,SC,etanol,392.9050,187
2010-12-28,SC,gasolina,494.4900,187
2010-12-28,SE,etanol,27.5970,14
2010-12-28,SE,gasolina,42.6880,16
2010-12-28,SP,etanol,1100.2360,638
2010-12-28,SP,gasolina,1606.4630,634
2010-12-29,AC,etanol,71.3980,30
2010-12-29,AC,gasolina,91.2980,30
2010-12-29,AL,etanol,1.9290,1
2010-12-29,AL,gasolina,2.6490,1
2010-12-29,AM,etanol,1.9900,1
2010-12-29,AM,gasolina,2.7000,1
2010-12-29,BA,etanol,146.2350,73
2010-12-29,BA,gasolina,207.4520,74
2010-12-29,CE,etanol,96.1200,52
2010-12-29,CE,gasolina,142.7620,54
2010-12-29,MG,etanol,356.4690,188
2010-12-29,MG,gasolina,487.2700,191
2010-12-29,MS,etanol,17.0880,9
2010-12-29,MS,gasolina,25.0680,9
2010-12-29,MT,etanol,118.6300,63
2010-12-29,MT,gasolina,176.4400,63
2010-12-29,PE,etanol,11.0510,6
2010-12-29,PE,gasolina,15.4480,6
2010-12-29,PR,etanol,111.3900,62
2010-12-29,PR,gasolina,164.6090,62
2010-12-29,RJ,etanol,397.7640,203
2010-12-29,RJ,gasolina,547.5440,204
2010-12-29,RN,etanol,14.5900,7
2010-12-29,RN,gasolina,18.9800,7
2010-12-29,RS,etanol,141.3440,68
2010-12-29,RS,gasolina,203.8800,75
2010-12-29,SC,etanol,4.1980,2
2010-12-29,SC,gasolina,5.1980,2
2010-12-29,SE,etanol,21.1960,11
2010-12-29,SE,gasolina,28.0620,11
2010-12-29,SP,etanol,1016.2050,599
2010-12-29,SP,gasolina,1510.1990,599
