data,uf,produto,soma,n
2011-01-03,AC,etanol,9.2000,4
2011-01-03,AC,gasolina,17.3500,6
2011-01-03,AL,etanol,47.4670,24
2011-01-03,AL,gasolina,68.4390,25
2011-01-03,AM,etanol,35.6800,17
2011-01-03,AM,gasolina,45.9700,17
2011-01-03,AP,gasolina,5.9500,2
2011-01-03,BA,etanol,306.7490,162
2011-01-03,BA,gasolina,452.9600,166
2011-01-03,CE,etanol,104.4320,53
2011-01-03,CE,gasolina,169.8970,62
2011-01-03,ES,etanol,39.8390,20
2011-01-03,ES,gasolina,54.5600,20
2011-01-03,GO,etanol,68.0090,38
2011-01-03,GO,gasolina,102.2390,38
2011-01-03,MA,etanol,143.6670,76
2011-01-03,MA,gasolina,241.6150,91
2011-01-03,MG,etanol,423.4300,221
2011-01-03,MG,gasolina,593.9090,225
2011-01-03,MS,etanol,24.3960,12
2011-01-03,MS,gasolina,33.7260,12
2011-01-03,MT,etanol,20.1600,11
2011-01-03,MT,gasolina,31.7500,11
2011-01-03,PA,etanol,45.8780,21
2011-01-03,PA,gasolina,174.6340,59
2011-01-03,PB,etanol,74.5470,39
2011-01-03,PB,gasolina,96.9150,38
2011-01-03,PE,etanol,57.7940,29
2011-01-03,PE,gasolina,79.1840,29
2011-01-03,PI,etanol,3.8900,2
2011-01-03,PI,gasolina,15.6500,6
2011-01-03,PR,etanol,215.1970,118
2011-01-03,PR,gasolina,310.0200,119
2011-01-03,RJ,etanol,173.7150,88
2011-01-03,RJ,gasolina,248.1610,90
2011-01-03,RN,etanol,12.4900,6
2011-01-03,RN,gasolina,19.0400,7
2011-01-03,RO,etanol,152.6050,73
2011-01-03,RO,gasolina,208.2020,73
2011-01-03,RR,etanol,39.8000,17
2011-01-03,RR,gasolina,73.5100,26
2011-01-03,RS,etanol,662.1210,316
2011-01-03,RS,gasolina,871.4340,335
2011-01-03,SC,etanol,149.9100,73
2011-01-03,SC,gasolina,198.4380,75
2011-01-03,SE,etanol,19.4780,10
2011-01-03,SE,gasolina,28.9320,11
2011-01-03,SP,etanol,783.3580,451
2011-01-03,SP,gasolina,1145.5470,451
2011-01-03,TO,etanol,77.6300,41
2011-01-03,TO,gasolina,113.9780,41
2011-01-04,AL,etanol,135.7380,67
2011-01-04,AL,gasolina,184.1190,66
2011-01-04,AM,etanol,127.5680,60
2011-01-04,AM,gasolina,257.9960,93
2011-01-04,AP,etanol,35.1000,17
2011-01-04,AP,gasolina,91.0390,32
2011-01-04,BA,etanol,267.6970,137
2011-01-04,BA,gasolina,369.1830,135
2011-01-04,CE,etanol,99.5270,49
2011-01-04,CE,gasolina,138.8060,50
2011-01-04,DF,etanol,158.3000,78
2011-01-04,DF,gasolina,216.3500,78
2011-01-04,ES,etanol,101.7590,51
2011-01-04,ES,gasolina,139.8500,51
2011-01-04,GO,etanol,215.1360,123
2011-01-04,GO,gasolina,339.3850,124
2011-01-04,MA,etanol,44.6980,23
2011-01-04,MA,gasolina,59.7750,24
2011-01-04,MG,etanol,689.9710,360
2011-01-04,MG,gasolina,947.0360,364
2011-01-04,MS,etanol,82.1100,41
2011-01-04,MS,gasolina,117.6130,42
2011-01-04,MT,etanol,83.8830,46
2011-01-04,MT,gasolina,130.3270,46
2011-01-04,PA,etanol,171.1840,79
2011-01-04,PA,gasolina,360.2350,129
2011-01-04,PB,etanol,120.5270,66
2011-01-04,PB,gasolina,159.6490,66
2011-01-04,PE,etanol,457.1950,244
2011-01-04,PE,gasolina,641.4070,245
2011-01-04,PI,etanol,123.1290,59
2011-01-04,PI,gasolina,191.8590,72
2011-01-04,PR,etanol,386.6070,212
2011-01-04,PR,gasolina,554.1040,212
2011-01-04,RJ,etanol,832.3270,420
2011-01-04,RJ,gasolina,1145.9970,426
2011-01-04,RN,etanol,88.1870,45
2011-01-04,RN,gasolina,122.9540,46
2011-01-04,RO,etanol,58.0270,29
2011-01-04,RO,gasolina,85.6250,30
2011-01-04,RR,gasolina,26.0230,9
2011-01-04,RS,etanol,412.3230,191
2011-01-04,RS,gasolina,579.2040,215
2011-01-04,SC,etanol,566.4490,272
2011-01-04,SC,gasolina,717.7880,274
2011-01-04,SE,etanol,13.8480,7
2011-01-04,SE,gasolina,21.0340,8
2011-01-04,SP,etanol,1691.4550,978
2011-01-04,SP,gasolina,2469.2810,976
2011-01-04,TO,etanol,31.3590,16
2011-01-04,TO,gasolina,44.7780,16
2011-01-05,AC,etanol,85.1950,35
2011-01-05,AC,gasolina,144.1600,46
2011-01-05,AL,etanol,11.5090,6
2011-01-05,AL,gasolina,19.5390,7
2011-01-05,AM,etanol,4.7800,2
2011-01-05,AM,gasolina,17.4300,6
2011-01-05,BA,etanol,231.0040,118
2011-01-05,BA,gasolina,329.7110,119
2011-01-05,CE,etanol,193.8240,102
2011-01-05,CE,gasolina,307.9700,115
2011-01-05,DF,etanol,4.0700,2
2011-01-05,DF,gasolina,5.5400,2
2011-01-05,ES,etanol,249.8900,120
2011-01-05,ES,gasolina,330.5900,120
2011-01-05,GO,etanol,128.9580,77
2011-01-05,GO,gasolina,204.9670,77
2011-01-05,MA,etanol,47.3220,24
2011-01-05,MA,gasolina,85.9140,33
2011-01-05,MG,etanol,584.3100,306
2011-01-05,MG,gasolina,804.2380,309
2011-01-05,MS,etanol,148.1870,79
2011-01-05,MS,gasolina,208.6760,78
2011-01-05,MT,etanol,118.4940,62
2011-01-05,MT,gasolina,170.6030,60
2011-01-05,PA,gasolina,21.0000,7
2011-01-05,PB,etanol,27.3600,15
2011-01-05,PB,gasolina,38.4000,16
2011-01-05,PE,etanol,124.5890,63
2011-01-05,PE,gasolina,171.8410,63
2011-01-05,PI,etanol,45.0000,22
2011-01-05,PI,gasolina,57.7800,22
2011-01-05,PR,etanol,402.8810,221
2011-01-05,PR,gasolina,581.3010,221
2011-01-05,RJ,etanol,338.7310,170
2011-01-05,RJ,gasolina,460.8050,171
2011-01-05,RN,etanol,124.6240,64
2011-01-05,RN,gasolina,170.7700,64
2011-01-05,RS,etanol,116.9950,55
2011-01-05,RS,gasolina,171.1750,63
2011-01-05,SC,etanol,81.3070,39
2011-01-05,SC,gasolina,101.6730,39
2011-01-05,SE,etanol,8.0700,4
2011-01-05,SE,gasolina,13.7190,5
2011-01-05,SP,etanol,1458.0210,841
2011-01-05,SP,gasolina,2119.8840,841
2011-01-05,TO,etanol,6.1500,3
2011-01-05,TO,gasolina,8.5500,3
2011-01-06,AM,etanol,4.2500,2
2011-01-06,AM,gasolina,5.4200,2
2011-01-06,BA,etanol,10.0800,5
2011-01-06,BA,gasolina,14.1900,5
2011-01-06,GO,etanol,33.8120,18
2011-01-06,GO,gasolina,47.4080,17
2011-01-06,MG,etanol,178.5340,94
2011-01-06,MG,gasolina,242.8420,94
2011-01-06,MT,etanol,40.9900,22
2011-01-06,MT,gasolina,61.0500,22
2011-01-06,PR,etanol,27.9480,15
2011-01-06,PR,gasolina,40.8380,15
2011-01-06,RJ,etanol,98.6820,49
2011-01-06,RJ,gasolina,132.6230,49
2011-01-06,SE,etanol,60.8890,32
2011-01-06,SE,gasolina,81.9420,32
2011-01-06,SP,etanol,199.7210,117
2011-01-06,SP,gasolina,294.3000,117
2011-01-10,AL,etanol,76.6870,37
2011-01-10,AL,gasolina,105.4010,37
2011-01-10,AM,etanol,90.0600,43
2011-01-10,AM,gasolina,126.2700,47
2011-01-10,AP,etanol,32.9400,16
2011-01-10,AP,gasolina,47.1190,17
2011-01-10,BA,etanol,104.7690,55
2011-01-10,BA,gasolina,147.5370,55
2011-01-10,GO,etanol,31.5580,18
2011-01-10,GO,gasolina,47.5980,18
2011-01-10,MA,etanol,41.6510,22
2011-01-10,MA,gasolina,53.6970,22
2011-01-10,MG,etanol,310.5200,160
2011-01-10,MG,gasolina,414.0310,160
2011-01-10,MS,etanol,66.4210,33
2011-01-10,MS,gasolina,101.1990,36
2011-01-10,MT,etanol,106.1660,53
2011-01-10,MT,gasolina,155.3470,53
2011-01-10,PA,etanol,69.7900,33
2011-01-10,PA,gasolina,136.6760,51
2011-01-10,PB,etanol,39.7400,21
2011-01-10,PB,gasolina,53.4000,21
2011-01-10,PE,etanol,109.5670,59
2011-01-10,PE,gasolina,159.2360,60
2011-01-10,PR,etanol,166.8620,89
2011-01-10,PR,gasolina,237.5590,88
2011-01-10,RJ,etanol,497.5220,246
2011-01-10,RJ,gasolina,657.3970,246
2011-01-10,RN,etanol,25.3680,13
2011-01-10,RN,gasolina,37.3280,14
2011-01-10,RR,etanol,39.5000,17
2011-01-10,RR,gasolina,56.6400,20
2011-01-10,RS,etanol,312.2440,147
2011-01-10,RS,gasolina,408.5690,157
2011-01-10,SC,etanol,285.5950,137
2011-01-10,SC,gasolina,362.1370,138
2011-01-10,SP,etanol,1174.5210,672
2011-01-10,SP,gasolina,1690.3850,669
2011-01-10,TO,etanol,29.2590,15
2011-01-10,TO,gasolina,41.9080,15
2011-01-11,AC,etanol,63.6480,27
2011-01-11,AC,gasolina,86.0680,29
2011-01-11,AL,etanol,66.0430,33
2011-01-11,AL,gasolina,93.9000,34
2011-01-11,AM,etanol,42.2470,20
2011-01-11,AM,gasolina,67.3700,25
2011-01-11,AP,gasolina,5.9500,2
2011-01-11,BA,etanol,373.3310,193
2011-01-11,BA,gasolina,543.7820,197
2011-01-11,CE,etanol,243.9250,128
2011-01-11,CE,gasolina,362.8230,135
2011-01-11,DF,etanol,162.3600,80
2011-01-11,DF,gasolina,221.9000,80
2011-01-11,ES,etanol,35.5790,18
2011-01-11,ES,gasolina,49.0400,18
2011-01-11,GO,etanol,160.5070,86
2011-01-11,GO,gasolina,230.6680,86
2011-01-11,MA,etanol,134.6250,71
2011-01-11,MA,gasolina,229.3490,86
2011-01-11,MG,etanol,535.0620,278
2011-01-11,MG,gasolina,747.5770,282
2011-01-11,MT,etanol,44.0770,23
2011-01-11,MT,gasolina,63.7980,22
2011-01-11,PA,etanol,54.5480,25
2011-01-11,PA,gasolina,185.0630,63
2011-01-11,PB,etanol,42.4470,22
2011-01-11,PB,gasolina,53.6750,21
2011-01-11,PE,etanol,156.1230,82
2011-01-11,PE,gasolina,221.9440,83
2011-01-11,PI,etanol,78.4990,38
2011-01-11,PI,gasolina,110.5790,42
2011-01-11,PR,etanol,465.2460,256
2011-01-11,PR,gasolina,664.2770,257
2011-01-11,RJ,etanol,340.0640,170
2011-01-11,RJ,gasolina,476.4930,175
2011-01-11,RN,etanol,159.5090,81
2011-01-11,RN,gasolina,222.5980,83
2011-01-11,RO,etanol,210.6320,102
2011-01-11,RO,gasolina,293.8270,103
2011-01-11,RR,gasolina,19.6000,7
2011-01-11,RS,etanol,467.2560,222
2011-01-11,RS,gasolina,613.3400,233
2011-01-11,SC,etanol,320.0740,152
2011-01-11,SC,gasolina,406.8070,155
2011-01-11,SE,etanol,19.4780,10
2011-01-11,SE,gasolina,28.9320,11
2011-01-11,SP,etanol,1073.8510,621
2011-01-11,SP,gasolina,1565.1590,620
2011-01-11,TO,etanol,77.6300,41
2011-01-11,TO,gasolina,113.9780,41
2011-01-12,AC,etanol,30.9800,12
2011-01-12,AC,gasolina,75.3500,23
2011-01-12,AL,etanol,52.0870,27
2011-01-12,AL,gasolina,75.8360,28
2011-01-12,AM,etanol,22.6100,10
2011-01-12,AM,gasolina,129.3500,45
2011-01-12,AP,etanol,2.1600,1
2011-01-12,AP,gasolina,43.9200,15
2011-01-12,BA,etanol,267.2930,137
2011-01-12,BA,gasolina,373.7580,137
2011-01-12,CE,etanol,165.3840,82
2011-01-12,CE,gasolina,256.4310,93
2011-01-12,ES,etanol,358.6790,173
2011-01-12,ES,gasolina,476.2100,173
2011-01-12,GO,etanol,233.3560,134
2011-01-12,GO,gasolina,368.6350,135
2011-01-12,MA,etanol,63.9330,32
2011-01-12,MA,gasolina,104.1230,40
2011-01-12,MG,etanol,993.7310,519
2011-01-12,MG,gasolina,1380.7290,526
2011-01-12,MS,etanol,189.2740,99
2011-01-12,MS,gasolina,258.8290,96
2011-01-12,MT,etanol,125.2930,64
2011-01-12,MT,gasolina,184.0370,64
2011-01-12,PA,etanol,99.2530,44
2011-01-12,PA,gasolina,234.1900,81
2011-01-12,PB,etanol,53.7490,29
2011-01-12,PB,gasolina,73.4080,30
2011-01-12,PE,etanol,371.9900,194
2011-01-12,PE,gasolina,510.5260,194
2011-01-12,PI,etanol,93.2200,45
2011-01-12,PI,gasolina,154.4200,58
2011-01-12,PR,etanol,405.2980,221
2011-01-12,PR,gasolina,580.9860,220
2011-01-12,RJ,etanol,544.4860,276
2011-01-12,RJ,gasolina,760.2490,280
2011-01-12,RN,etanol,36.6700,19
2011-01-12,RN,gasolina,50.4600,19
2011-01-12,RR,gasolina,26.0230,9
2011-01-12,RS,etanol,413.8780,192
2011-01-12,RS,gasolina,593.4640,221
2011-01-12,SC,etanol,166.3920,82
2011-01-12,SC,gasolina,216.4890,83
2011-01-12,SE,etanol,21.9180,11
2011-01-12,SE,gasolina,34.7530,13
2011-01-12,SP,etanol,1681.1770,970
2011-01-12,SP,gasolina,2449.4710,969
2011-01-12,TO,etanol,8.2500,4
2011-01-12,TO,gasolina,11.4200,4
2011-01-13,BA,etanol,70.5070,36
2011-01-13,BA,gasolina,98.9360,36
2011-01-13,GO,etanol,33.8120,18
2011-01-13,GO,gasolina,47.4080,17
2011-01-13,MG,etanol,44.4940,24
2011-01-13,MG,gasolina,58.6350,24
2011-01-13,PB,etanol,86.2610,48
2011-01-13,PB,gasolina,114.1190,48
2011-01-13,RJ,etanol,74.7230,36
2011-01-13,RJ,gasolina,99.4230,36
2011-01-13,SC,etanol,24.7950,12
2011-01-13,SC,gasolina,30.6450,12
2011-01-13,SE,etanol,60.8890,32
2011-01-13,SE,gasolina,81.9420,32
2011-01-13,SP,etanol,217.5460,125
2011-01-13,SP,gasolina,312.8720,125
2011-01-17,AC,gasolina,6.5300,2
2011-01-17,AL,etanol,45.8130,23
2011-01-17,AL,gasolina,65.3380,24
2011-01-17,AM,etanol,78.8780,37
2011-01-17,AM,gasolina,136.1200,50
2011-01-17,AP,etanol,37.2800,18
2011-01-17,AP,gasolina,96.9590,34
2011-01-17,BA,etanol,418.8190,218
2011-01-17,BA,gasolina,597.9590,222
2011-01-17,CE,etanol,106.3080,52
2011-01-17,CE,gasolina,172.4780,62
2011-01-17,DF,etanol,158.3100,78
2011-01-17,DF,gasolina,216.3700,78
2011-01-17,ES,etanol,105.8090,51
2011-01-17,ES,gasolina,140.5100,51
2011-01-17,GO,etanol,75.2150,41
2011-01-17,GO,gasolina,109.8150,41
2011-01-17,MA,etanol,95.1470,50
2011-01-17,MA,gasolina,177.9940,65
2011-01-17,MG,etanol,614.5970,317
2011-01-17,MG,gasolina,855.5680,324
2011-01-17,MS,etanol,31.0770,16
2011-01-17,MS,gasolina,43.4680,16
2011-01-17,MT,etanol,67.6640,34
2011-01-17,MT,gasolina,98.1820,34
2011-01-17,PA,etanol,136.7640,61
2011-01-17,PA,gasolina,384.7100,131
2011-01-17,PB,etanol,73.6570,39
2011-01-17,PB,gasolina,97.8640,39
2011-01-17,PE,etanol,269.7820,141
2011-01-17,PE,gasolina,389.3770,145
2011-01-17,PI,etanol,54.8400,26
2011-01-17,PI,gasolina,107.3600,40
2011-01-17,PR,etanol,307.4910,165
2011-01-17,PR,gasolina,440.8750,166
2011-01-17,RJ,etanol,261.1210,130
2011-01-17,RJ,gasolina,363.9030,132
2011-01-17,RN,etanol,96.3870,49
2011-01-17,RN,gasolina,133.9570,50
2011-01-17,RO,etanol,214.2540,102
2011-01-17,RO,gasolina,295.6770,103
2011-01-17,RR,etanol,44.4500,19
2011-01-17,RR,gasolina,99.5300,35
2011-01-17,RS,etanol,693.9730,325
2011-01-17,RS,gasolina,912.8470,351
2011-01-17,SC,etanol,600.2920,289
2011-01-17,SC,gasolina,767.3170,293
2011-01-17,SE,etanol,57.7590,30
2011-01-17,SE,gasolina,80.3470,31
2011-01-17,SP,etanol,1339.6590,762
2011-01-17,SP,gasolina,1928.3870,761
2011-01-17,TO,etanol,94.8680,49
2011-01-17,TO,gasolina,136.1460,49
2011-01-18,AL,etanol,42.7480,22
2011-01-18,AL,gasolina,60.4770,22
2011-01-18,AM,etanol,9.2000,4
2011-01-18,AM,gasolina,43.0400,15
2011-01-18,BA,etanol,143.1630,73
2011-01-18,BA,gasolina,199.7420,72
2011-01-18,CE,etanol,245.1690,128
2011-01-18,CE,gasolina,367.2140,137
2011-01-18,ES,etanol,59.9900,30
2011-01-18,ES,gasolina,82.5500,30
2011-01-18,GO,etanol,404.1400,214
2011-01-18,GO,gasolina,585.1130,214
2011-01-18,MA,etanol,99.6320,52
2011-01-18,MA,gasolina,143.9690,57
2011-01-18,MG,etanol,453.4310,238
2011-01-18,MG,gasolina,636.8750,238
2011-01-18,MS,etanol,57.6470,28
2011-01-18,MS,gasolina,80.6670,28
2011-01-18,MT,etanol,65.5600,32
2011-01-18,MT,gasolina,95.0500,32
2011-01-18,PA,etanol,57.0760,27
2011-01-18,PA,gasolina,111.1170,42
2011-01-18,PB,etanol,28.8990,15
2011-01-18,PB,gasolina,38.8490,15
2011-01-18,PE,etanol,354.4990,187
2011-01-18,PE,gasolina,492.9110,188
2011-01-18,PI,etanol,85.8380,41
2011-01-18,PI,gasolina,117.2290,43
2011-01-18,PR,etanol,334.1900,183
2011-01-18,PR,gasolina,466.3950,182
2011-01-18,RJ,etanol,578.0420,288
2011-01-18,RJ,gasolina,787.0200,294
2011-01-18,RN,etanol,112.4240,57
2011-01-18,RN,gasolina,152.5000,57
2011-01-18,RS,etanol,237.7390,108
2011-01-18,RS,gasolina,318.8570,120
2011-01-18,SC,etanol,96.4140,45
2011-01-18,SC,gasolina,118.6990,45
2011-01-18,SE,etanol,21.8780,11
2011-01-18,SE,gasolina,34.8020,13
2011-01-18,SP,etanol,1027.5370,592
2011-01-18,SP,gasolina,1488.8690,590
2011-01-18,TO,etanol,22.6500,11
2011-01-18,TO,gasolina,31.4300,11
2011-01-19,AC,etanol,56.9280,23
2011-01-19,AC,gasolina,81.2380,26
2011-01-19,AL,etanol,71.6760,35
2011-01-19,AL,gasolina,98.6960,35
2011-01-19,AM,etanol,79.4790,37
2011-01-19,AM,gasolina,138.6490,50
2011-01-19,BA,etanol,136.6660,66
2011-01-19,BA,gasolina,186.3570,66
2011-01-19,CE,etanol,53.9380,27
2011-01-19,CE,gasolina,82.3880,30
2011-01-19,DF,etanol,4.0700,2
2011-01-19,DF,gasolina,5.5800,2
2011-01-19,ES,etanol,234.2800,110
2011-01-19,ES,gasolina,303.8350,110
2011-01-19,GO,etanol,1.2700,1
2011-01-19,GO,gasolina,2.6990,1
2011-01-19,MA,etanol,49.5530,25
2011-01-19,MA,gasolina,65.6700,26
2011-01-19,MG,etanol,672.0490,347
2011-01-19,MG,gasolina,920.1410,352
2011-01-19,MS,etanol,151.7860,79
2011-01-19,MS,gasolina,212.4230,79
2011-01-19,MT,etanol,146.2670,75
2011-01-19,MT,gasolina,209.5290,73
2011-01-19,PA,etanol,29.8380,14
2011-01-19,PA,gasolina,59.5560,22
2011-01-19,PB,etanol,121.0510,66
2011-01-19,PB,gasolina,160.2410,66
2011-01-19,PE,etanol,11.0580,6
2011-01-19,PE,gasolina,15.5880,6
2011-01-19,PI,etanol,20.4600,10
2011-01-19,PI,gasolina,27.3400,10
2011-01-19,PR,etanol,323.0840,175
2011-01-19,PR,gasolina,465.4350,176
2011-01-19,RJ,etanol,250.4960,125
2011-01-19,RJ,gasolina,344.4240,125
2011-01-19,RN,etanol,17.3200,9
2011-01-19,RN,gasolina,23.7800,9
2011-01-19,RS,etanol,276.9050,129
2011-01-19,RS,gasolina,389.6380,142
2011-01-19,SC,etanol,66.7580,31
2011-01-19,SC,gasolina,81.9420,31
2011-01-19,SE,etanol,22.9420,12
2011-01-19,SE,gasolina,30.7180,12
2011-01-19,SP,etanol,1103.5620,633
2011-01-19,SP,gasolina,1607.6510,633
2011-01-20,AC,etanol,42.7400,18
2011-01-20,AC,gasolina,74.2900,24
2011-01-20,AL,etanol,32.0760,16
2011-01-20,AL,gasolina,47.6870,17
2011-01-20,AM,etanol,4.3800,2
2011-01-20,AM,gasolina,8.3200,3
2011-01-20,BA,etanol,133.0930,67
2011-01-20,BA,gasolina,186.4060,67
2011-01-20,MG,etanol,155.4120,79
2011-01-20,MG,gasolina,205.0670,79
2011-01-20,MS,etanol,17.5880,9
2011-01-20,MS,gasolina,25.0680,9
2011-01-20,PI,etanol,10.0400,5
2011-01-20,PI,gasolina,18.4100,7
2011-01-20,PR,etanol,76.3790,41
2011-01-20,PR,gasolina,112.9590,41
2011-01-20,RJ,etanol,242.9920,123
2011-01-20,RJ,gasolina,326.9460,123
2011-01-20,SC,etanol,35.8290,17
2011-01-20,SC,gasolina,43.0830,17
2011-01-20,SP,etanol,689.7240,398
2011-01-20,SP,gasolina,997.7820,398
2011-01-24,AC,gasolina,6.5300,2
2011-01-24,AL,etanol,134.8300,66
2011-01-24,AL,gasolina,184.7210,66
2011-01-24,AM,etanol,73.8380,34
2011-01-24,AM,gasolina,130.7990,48
2011-01-24,AP,etanol,40.1690,18
2011-01-24,AP,gasolina,97.1490,34
2011-01-24,BA,etanol,308.6650,161
2011-01-24,BA,gasolina,446.7170,165
2011-01-24,CE,etanol,136.1140,68
2011-01-24,CE,gasolina,219.5760,80
2011-01-24,ES,etanol,106.1890,51
2011-01-24,ES,gasolina,140.5800,51
2011-01-24,GO,etanol,123.2030,67
2011-01-24,GO,gasolina,178.1150,67
2011-01-24,MA,etanol,95.1470,50
2011-01-24,MA,gasolina,177.9940,65
2011-01-24,MG,etanol,449.1130,229
2011-01-24,MG,gasolina,630.7410,236
2011-01-24,MT,etanol,112.6160,57
2011-01-24,MT,gasolina,161.4240,56
2011-01-24,PA,etanol,136.7640,61
2011-01-24,PA,gasolina,384.7100,131
2011-01-24,PB,etanol,79.3370,42
2011-01-24,PB,gasolina,105.4340,42
2011-01-24,PE,etanol,196.9990,103
2011-01-24,PE,gasolina,281.2920,105
2011-01-24,PI,etanol,54.8400,26
2011-01-24,PI,gasolina,107.3600,40
2011-01-24,PR,etanol,189.7600,103
2011-01-24,PR,gasolina,279.0380,105
2011-01-24,RJ,etanol,206.5160,103
2011-01-24,RJ,gasolina,292.4470,105
2011-01-24,RN,etanol,10.4200,5
2011-01-24,RN,gasolina,13.5400,5
2011-01-24,RO,etanol,158.8760,75
2011-01-24,RO,gasolina,215.7920,75
2011-01-24,RR,etanol,44.4500,19
2011-01-24,RR,gasolina,96.7000,34
2011-01-24,RS,etanol,450.8890,210
2011-01-24,RS,gasolina,607.7810,231
2011-01-24,SC,etanol,273.9420,134
2011-01-24,SC,gasolina,360.9720,137
2011-01-24,SE,etanol,15.5380,8
2011-01-24,SE,gasolina,23.5580,9
2011-01-24,SP,etanol,808.6060,463
2011-01-24,SP,gasolina,1166.3320,463
2011-01-24,TO,etanol,94.8680,49
2011-01-24,TO,gasolina,136.1460,49
2011-01-25,AC,etanol,54.6360,23
2011-01-25,AC,gasolina,68.7970,23
2011-01-25,AL,etanol,42.7480,22
2011-01-25,AL,gasolina,60.4770,22
2011-01-25,AM,etanol,84.3890,39
2011-01-25,AM,gasolina,142.5390,52
2011-01-25,BA,etanol,163.6740,84
2011-01-25,BA,gasolina,231.8220,84
2011-01-25,CE,etanol,220.3370,113
2011-01-25,CE,gasolina,319.7530,119
2011-01-25,DF,etanol,172.0000,80
2011-01-25,DF,gasolina,221.9300,80
2011-01-25,ES,etanol,59.9900,30
2011-01-25,ES,gasolina,82.5500,30
2011-01-25,GO,etanol,357.3210,189
2011-01-25,GO,gasolina,518.3830,189
2011-01-25,MA,etanol,36.5390,19
2011-01-25,MA,gasolina,48.0450,19
2011-01-25,MG,etanol,688.8020,364
2011-01-25,MG,gasolina,947.6590,364
2011-01-25,MS,etanol,80.7940,40
2011-01-25,MS,gasolina,120.9700,43
2011-01-25,PA,etanol,80.4290,38
2011-01-25,PA,gasolina,143.7060,54
2011-01-25,PB,etanol,23.3290,12
2011-01-25,PB,gasolina,31.1990,12
2011-01-25,PE,etanol,428.7520,226
2011-01-25,PE,gasolina,596.8280,227
2011-01-25,PI,etanol,67.6690,32
2011-01-25,PI,gasolina,86.8990,32
2011-01-25,PR,etanol,434.3290,238
2011-01-25,PR,gasolina,615.4210,238
2011-01-25,RJ,etanol,297.6950,150
2011-01-25,RJ,gasolina,417.2970,155
2011-01-25,RN,etanol,112.0980,57
2011-01-25,RN,gasolina,155.1970,58
2011-01-25,RO,etanol,55.4080,27
2011-01-25,RO,gasolina,79.8850,28
2011-01-25,RR,etanol,2.1200,1
2011-01-25,RR,gasolina,5.5300,2
2011-01-25,RS,etanol,179.6640,81
2011-01-25,RS,gasolina,247.7330,93
2011-01-25,SC,etanol,312.6140,143
2011-01-25,SC,gasolina,378.1170,143
2011-01-25,SE,etanol,21.8780,11
2011-01-25,SE,gasolina,34.8020,13
2011-01-25,SP,etanol,1005.2090,579
2011-01-25,SP,gasolina,1458.4230,578
2011-01-25,TO,etanol,22.6500,11
2011-01-25,TO,gasolina,31.4300,11
2011-01-26,AC,etanol,19.1000,7
2011-01-26,AC,gasolina,33.2400,10
2011-01-26,AM,etanol,4.7800,2
2011-01-26,AM,gasolina,41.5500,14
2011-01-26,BA,etanol,257.4280,128
2011-01-26,BA,gasolina,359.0870,129
2011-01-26,CE,etanol,53.9380,27
2011-01-26,CE,gasolina,82.3880,30
2011-01-26,ES,etanol,235.1000,110
2011-01-26,ES,gasolina,303.9050,110
2011-01-26,MA,etanol,109.0070,55
2011-01-26,MA,gasolina,164.4670,64
2011-01-26,MG,etanol,513.7870,263
2011-01-26,MG,gasolina,704.4760,267
2011-01-26,MS,etanol,139.7270,73
2011-01-26,MS,gasolina,185.5210,70
2011-01-26,MT,etanol,122.9790,62
2011-01-26,MT,gasolina,180.0290,62
2011-01-26,PA,etanol,8.5780,4
2011-01-26,PA,gasolina,24.3060,9
2011-01-26,PB,etanol,122.7740,66
2011-01-26,PB,gasolina,162.9200,66
2011-01-26,PE,etanol,11.0580,6
2011-01-26,PE,gasolina,15.5880,6
2011-01-26,PI,etanol,40.9100,20
2011-01-26,PI,gasolina,55.6100,21
2011-01-26,PR,etanol,338.9400,179
2011-01-26,PR,gasolina,479.4020,180
2011-01-26,RJ,etanol,424.7000,211
2011-01-26,RJ,gasolina,579.1600,211
2011-01-26,RN,etanol,103.6000,53
2011-01-26,RN,gasolina,141.6790,53
2011-01-26,RS,etanol,486.2280,229
2011-01-26,RS,gasolina,650.4030,247
2011-01-26,SC,etanol,212.5490,102
2011-01-26,SC,gasolina,268.6750,103
2011-01-26,SE,etanol,63.3560,33
2011-01-26,SE,gasolina,87.5680,34
2011-01-26,SP,etanol,1429.2260,819
2011-01-26,SP,gasolina,2069.5640,820
2011-01-27,AC,etanol,26.1500,11
2011-01-27,AC,gasolina,53.3200,17
2011-01-27,AL,etanol,17.7190,9
2011-01-27,AL,gasolina,27.9490,10
2011-01-27,AM,etanol,4.3800,2
2011-01-27,AM,gasolina,8.3200,3
2011-01-27,BA,etanol,92.7300,47
2011-01-27,BA,gasolina,127.8030,48
2011-01-27,MG,etanol,249.1250,126
2011-01-27,MG,gasolina,336.8970,126
2011-01-27,MS,etanol,38.4730,19
2011-01-27,MS,gasolina,53.9120,19
2011-01-27,MT,etanol,42.5100,21
2011-01-27,MT,gasolina,61.8400,21
2011-01-27,PA,etanol,2.1990,1
2011-01-27,PA,gasolina,2.6990,1
2011-01-27,PI,etanol,10.0400,5
2011-01-27,PI,gasolina,18.4100,7
2011-01-27,PR,etanol,81.4030,44
2011-01-27,PR,gasolina,118.4060,44
2011-01-27,RJ,etanol,407.1240,202
2011-01-27,RJ,gasolina,533.1770,202
2011-01-27,RS,etanol,84.9810,38
2011-01-27,RS,gasolina,113.2700,41
2011-01-27,SC,etanol,4.1780,2
2011-01-27,SC,gasolina,5.0880,2
2011-01-27,SP,etanol,919.1390,524
2011-01-27,SP,gasolina,1318.4480,522
2011-01-31,AC,etanol,72.0990,30
2011-01-31,AC,gasolina,97.2090,32
2011-01-31,AL,etanol,110.5330,54
2011-01-31,AL,gasolina,152.4040,54
2011-01-31,AM,etanol,160.1370,74
2011-01-31,AM,gasolina,318.7100,115
2011-01-31,AP,etanol,40.1690,18
2011-01-31,AP,gasolina,99.9690,35
2011-01-31,BA,etanol,332.9570,162
2011-01-31,BA,gasolina,448.2440,164
2011-01-31,CE,etanol,142.5980,73
2011-01-31,CE,gasolina,209.9520,78
2011-01-31,ES,etanol,108.0790,51
2011-01-31,ES,gasolina,141.0600,51
2011-01-31,GO,etanol,24.8790,13
2011-01-31,GO,gasolina,36.4490,13
2011-01-31,MA,etanol,95.3770,50
2011-01-31,MA,gasolina,178.4940,65
2011-01-31,MG,etanol,849.8460,434
2011-01-31,MG,gasolina,1165.1770,441
2011-01-31,MS,etanol,124.1790,63
2011-01-31,MS,gasolina,178.8150,66
2011-01-31,MT,etanol,176.2160,88
2011-01-31,MT,gasolina,254.4740,87
2011-01-31,PA,etanol,217.7060,99
2011-01-31,PA,gasolina,545.3040,191
2011-01-31,PB,etanol,182.3940,96
2011-01-31,PB,gasolina,248.5200,98
2011-01-31,PE,etanol,151.4190,81
2011-01-31,PE,gasolina,212.6870,81
2011-01-31,PI,etanol,57.2000,27
2011-01-31,PI,gasolina,107.3900,40
2011-01-31,PR,etanol,425.1560,229
2011-01-31,PR,gasolina,608.0470,229
2011-01-31,RJ,etanol,442.4540,221
2011-01-31,RJ,gasolina,604.9100,221
2011-01-31,RN,etanol,144.4260,73
2011-01-31,RN,gasolina,192.6800,72
2011-01-31,RO,etanol,219.1930,102
2011-01-31,RO,gasolina,295.8370,103
2011-01-31,RR,etanol,39.7700,17
2011-01-31,RR,gasolina,99.5000,35
2011-01-31,RS,etanol,830.4770,388
2011-01-31,RS,gasolina,1084.2690,416
2011-01-31,SC,etanol,561.5170,269
2011-01-31,SC,gasolina,717.9630,273
2011-01-31,SE,etanol,52.2660,27
2011-01-31,SE,gasolina,75.3190,29
2011-01-31,SP,etanol,1781.3810,1025
2011-01-31,SP,gasolina,2589.5160,1025
2011-01-31,TO,etanol,118.2780,60
2011-01-31,TO,gasolina,167.5850,60
2011-02-01,AC,etanol,9.2000,4
2011-02-01,AC,gasolina,11.6700,4
2011-02-01,AL,etanol,55.3740,28
2011-02-01,AL,gasolina,79.8110,29
2011-02-01,AM,etanol,4.4800,2
2011-02-01,AM,gasolina,8.5200,3
2011-02-01,BA,etanol,257.4060,128
2011-02-01,BA,gasolina,360.9830,131
2011-02-01,CE,etanol,202.5600,103
2011-02-01,CE,gasolina,310.6880,115
2011-02-01,DF,etanol,172.0000,80
2011-02-01,DF,gasolina,221.9300,80
2011-02-01,ES,etanol,60.3800,30
2011-02-01,ES,gasolina,82.7200,30
2011-02-01,GO,etanol,455.4400,243
2011-02-01,GO,gasolina,659.3040,243
2011-02-01,MA,etanol,22.3360,11
2011-02-01,MA,gasolina,30.9960,12
2011-02-01,MG,etanol,536.0950,274
2011-02-01,MG,gasolina,738.7480,276
2011-02-01,MS,etanol,117.1020,60
2011-02-01,MS,gasolina,155.5120,57
2011-02-01,PA,etanol,6.4390,3
2011-02-01,PA,gasolina,7.8800,3
2011-02-01,PB,etanol,41.8890,22
2011-02-01,PB,gasolina,56.2890,22
2011-02-01,PE,etanol,381.7670,201
2011-02-01,PE,gasolina,532.6480,202
2011-02-01,PI,etanol,37.6200,18
2011-02-01,PI,gasolina,53.6200,20
2011-02-01,PR,etanol,454.6920,245
2011-02-01,PR,gasolina,641.2450,246
2011-02-01,RJ,etanol,364.2560,180
2011-02-01,RJ,gasolina,512.6550,187
2011-02-01,RN,etanol,46.7590,24
2011-02-01,RN,gasolina,66.9490,25
2011-02-01,RS,etanol,180.7980,80
2011-02-01,RS,gasolina,243.3720,90
2011-02-01,SC,etanol,193.8500,90
2011-02-01,SC,gasolina,236.9590,90
2011-02-01,SE,etanol,8.0300,4
2011-02-01,SE,gasolina,13.7280,5
2011-02-01,SP,etanol,954.5540,546
2011-02-01,SP,gasolina,1375.5090,546
2011-02-02,AC,etanol,19.1000,7
2011-02-02,AC,gasolina,52.8800,16
2011-02-02,AL,etanol,29.2770,15
2011-02-02,AL,gasolina,43.8990,16
2011-02-02,BA,etanol,189.5840,90
2011-02-02,BA,gasolina,253.1690,90
2011-02-02,CE,etanol,58.8070,28
2011-02-02,CE,gasolina,95.6680,34
2011-02-02,ES,etanol,236.0600,110
2011-02-02,ES,gasolina,304.3600,110
2011-02-02,MA,etanol,118.6400,61
2011-02-02,MA,gasolina,179.4510,71
2011-02-02,MG,etanol,521.0320,269
2011-02-02,MG,gasolina,713.9940,273
2011-02-02,MS,etanol,15.7000,8
2011-02-02,MS,gasolina,22.0900,8
2011-02-02,MT,etanol,99.6890,51
2011-02-02,MT,gasolina,145.9890,51
2011-02-02,PE,etanol,103.6340,54
2011-02-02,PE,gasolina,145.3680,55
2011-02-02,PI,etanol,79.3790,38
2011-02-02,PI,gasolina,107.3890,40
2011-02-02,PR,etanol,168.0640,90
2011-02-02,PR,gasolina,238.8760,90
2011-02-02,RJ,etanol,454.5000,226
2011-02-02,RJ,gasolina,599.7050,226
2011-02-02,RN,etanol,37.4090,19
2011-02-02,RN,gasolina,50.4000,19
2011-02-02,RS,etanol,164.4480,77
2011-02-02,RS,gasolina,230.8110,84
2011-02-02,SC,etanol,52.8880,25
2011-02-02,SC,gasolina,63.3380,25
2011-02-02,SE,etanol,42.7510,22
2011-02-02,SE,gasolina,57.4390,22
2011-02-02,SP,etanol,1379.6840,787
2011-02-02,SP,gasolina,1990.9750,787
2011-02-03,BA,etanol,82.4750,39
2011-02-03,BA,gasolina,108.1990,39
2011-02-03,MG,etanol,4.1400,2
2011-02-03,MG,gasolina,5.4800,2
2011-02-03,MS,etanol,1.8800,1
2011-02-03,MS,gasolina,2.6600,1
2011-02-03,PA,gasolina,2.5500,1
2011-02-03,PR,etanol,1.8600,1
2011-02-03,PR,gasolina,2.6800,1
2011-02-03,RJ,etanol,77.5240,39
2011-02-03,RJ,gasolina,102.5600,39
2011-02-03,RS,etanol,39.3900,18
2011-02-03,RS,gasolina,57.0530,21
2011-02-03,SP,etanol,47.3870,27
2011-02-03,SP,gasolina,68.3970,27
2011-02-07,AC,etanol,16.9500,7
2011-02-07,AC,gasolina,28.5100,9
2011-02-07,AL,etanol,15.5980,8
2011-02-07,AL,gasolina,21.8290,8
2011-02-07,AM,etanol,52.8300,24
2011-02-07,AM,gasolina,167.6590,59
2011-02-07,AP,etanol,4.3400,2
2011-02-07,AP,gasolina,52.6600,18
2011-02-07,BA,etanol,262.2980,131
2011-02-07,BA,gasolina,362.4070,133
2011-02-07,CE,etanol,95.4080,48
2011-02-07,CE,gasolina,131.0500,48
2011-02-07,ES,etanol,108.0090,51
2011-02-07,ES,gasolina,141.0200,51
2011-02-07,GO,etanol,51.9420,29
2011-02-07,GO,gasolina,76.7320,29
2011-02-07,MA,etanol,97.3370,51
2011-02-07,MA,gasolina,180.9440,66
2011-02-07,MG,etanol,717.3530,365
2011-02-07,MG,gasolina,986.1740,372
2011-02-07,MS,etanol,47.1310,23
2011-02-07,MS,gasolina,65.2020,23
2011-02-07,MT,etanol,30.1670,15
2011-02-07,MT,gasolina,43.6040,15
2011-02-07,PA,etanol,187.9100,85
2011-02-07,PA,gasolina,491.0800,171
2011-02-07,PB,etanol,100.4650,53
2011-02-07,PB,gasolina,138.7730,55
2011-02-07,PE,etanol,244.2410,130
2011-02-07,PE,gasolina,341.4230,129
2011-02-07,PI,etanol,57.2000,27
2011-02-07,PI,gasolina,107.3900,40
2011-02-07,PR,etanol,360.4250,194
2011-02-07,PR,gasolina,509.9340,195
2011-02-07,RJ,etanol,300.7680,151
2011-02-07,RJ,gasolina,414.6120,151
2011-02-07,RN,etanol,14.5000,7
2011-02-07,RN,gasolina,18.9400,7
2011-02-07,RO,etanol,159.6750,73
2011-02-07,RO,gasolina,210.2120,73
2011-02-07,RR,etanol,32.8900,14
2011-02-07,RR,gasolina,85.3700,30
2011-02-07,RS,etanol,786.3150,367
2011-02-07,RS,gasolina,1015.7460,391
2011-02-07,SC,etanol,585.3360,279
2011-02-07,SC,gasolina,747.7360,283
2011-02-07,SE,etanol,52.2660,27
2011-02-07,SE,gasolina,75.3190,29
2011-02-07,SP,etanol,1816.1520,1036
2011-02-07,SP,gasolina,2623.2510,1036
2011-02-07,TO,etanol,118.2780,60
2011-02-07,TO,gasolina,167.5850,60
2011-02-08,AC,etanol,9.3100,4
2011-02-08,AC,gasolina,11.7400,4
2011-02-08,AL,etanol,55.3740,28
2011-02-08,AL,gasolina,79.8110,29
2011-02-08,AM,etanol,34.4890,16
2011-02-08,AM,gasolina,46.3590,17
2011-02-08,AP,etanol,35.8290,16
2011-02-08,AP,gasolina,47.3090,17
2011-02-08,BA,etanol,314.9070,153
2011-02-08,BA,gasolina,428.3370,155
2011-02-08,CE,etanol,266.3380,136
2011-02-08,CE,gasolina,392.6140,146
2011-02-08,ES,etanol,60.3800,30
2011-02-08,ES,gasolina,82.7200,30
2011-02-08,GO,etanol,307.3790,162
2011-02-08,GO,gasolina,445.2030,162
2011-02-08,MA,etanol,103.9270,53
2011-02-08,MA,gasolina,155.4760,62
2011-02-08,MG,etanol,601.8750,307
2011-02-08,MG,gasolina,829.6180,309
2011-02-08,MS,etanol,165.4420,83
2011-02-08,MS,gasolina,228.1510,83
2011-02-08,MT,etanol,146.1790,73
2011-02-08,MT,gasolina,210.9240,72
2011-02-08,PA,etanol,8.4390,4
2011-02-08,PA,gasolina,10.5790,4
2011-02-08,PB,etanol,34.2890,18
2011-02-08,PB,gasolina,45.9700,18
2011-02-08,PE,etanol,320.8830,169
2011-02-08,PE,gasolina,445.7750,170
2011-02-08,PI,etanol,27.1700,13
2011-02-08,PI,gasolina,34.8700,13
2011-02-08,PR,etanol,438.9430,235
2011-02-08,PR,gasolina,621.7390,235
2011-02-08,RJ,etanol,211.9260,105
2011-02-08,RJ,gasolina,299.3280,109
2011-02-08,RN,etanol,86.4480,44
2011-02-08,RN,gasolina,120.4700,45
2011-02-08,RO,etanol,59.5060,29
2011-02-08,RO,gasolina,85.5860,30
2011-02-08,RR,etanol,9.3000,4
2011-02-08,RR,gasolina,14.1700,5
2011-02-08,RS,etanol,246.2590,112
2011-02-08,RS,gasolina,340.4360,125
2011-02-08,SC,etanol,156.9400,72
2011-02-08,SC,gasolina,193.1060,73
2011-02-08,SE,etanol,9.8490,5
2011-02-08,SE,gasolina,16.4180,6
2011-02-08,SP,etanol,1140.4050,653
2011-02-08,SP,gasolina,1648.8520,652
2011-02-09,AC,etanol,73.7490,30
2011-02-09,AC,gasolina,121.6190,39
2011-02-09,AL,etanol,121.7590,60
2011-02-09,AL,gasolina,170.6810,61
2011-02-09,AM,etanol,43.8750,20
2011-02-09,AM,gasolina,59.4880,22
2011-02-09,BA,etanol,248.1020,116
2011-02-09,BA,gasolina,324.0790,116
2011-02-09,CE,etanol,58.8070,28
2011-02-09,CE,gasolina,95.6680,34
2011-02-09,DF,etanol,179.0390,80
2011-02-09,DF,gasolina,222.3990,80
2011-02-09,ES,etanol,234.7300,110
2011-02-09,ES,gasolina,304.0600,110
2011-02-09,GO,etanol,121.1380,65
2011-02-09,GO,gasolina,173.5680,65
2011-02-09,MA,etanol,38.7230,20
2011-02-09,MA,gasolina,49.4210,20
2011-02-09,MG,etanol,547.8150,281
2011-02-09,MG,gasolina,746.3910,284
2011-02-09,MS,etanol,49.8730,26
2011-02-09,MS,gasolina,70.3640,26
2011-02-09,PA,etanol,12.8880,6
2011-02-09,PA,gasolina,32.2160,12
2011-02-09,PB,etanol,89.6800,47
2011-02-09,PB,gasolina,120.1990,47
2011-02-09,PE,etanol,73.8040,38
2011-02-09,PE,gasolina,103.8910,39
2011-02-09,PI,etanol,92.6790,44
2011-02-09,PI,gasolina,125.7790,47
2011-02-09,PR,etanol,213.8920,115
2011-02-09,PR,gasolina,302.8580,115
2011-02-09,RJ,etanol,425.1050,212
2011-02-09,RJ,gasolina,575.6030,213
2011-02-09,RN,etanol,123.3760,63
2011-02-09,RN,gasolina,170.8090,64
2011-02-09,RS,etanol,164.6090,75
2011-02-09,RS,gasolina,224.8680,82
2011-02-09,SC,etanol,68.7210,32
2011-02-09,SC,gasolina,83.5660,32
2011-02-09,SP,etanol,1136.2870,653
2011-02-09,SP,gasolina,1647.9230,653
2011-02-10,AM,etanol,40.6790,19
2011-02-10,AM,gasolina,54.0300,20
2011-02-10,BA,etanol,44.3710,21
2011-02-10,BA,gasolina,58.5490,21
2011-02-10,MG,etanol,52.0690,27
2011-02-10,MG,gasolina,68.2750,27
2011-02-10,MT,etanol,101.9870,52
2011-02-10,MT,gasolina,149.4070,52
2011-02-10,PA,etanol,17.0490,8
2011-02-10,PA,gasolina,20.9390,8
2011-02-10,PR,etanol,39.5250,22
2011-02-10,PR,gasolina,57.3460,22
2011-02-10,RJ,etanol,407.1310,198
2011-02-10,RJ,gasolina,533.4520,200
2011-02-10,RS,etanol,28.7040,13
2011-02-10,RS,gasolina,40.7880,15
2011-02-10,SE,etanol,40.6340,21
2011-02-10,SE,gasolina,54.1300,21
2011-02-10,SP,etanol,72.5020,42
2011-02-10,SP,gasolina,103.7120,42
2011-02-14,AC,etanol,28.5400,12
2011-02-14,AC,gasolina,57.4300,18
2011-02-14,AL,etanol,181.1810,89
2011-02-14,AL,gasolina,251.1650,90
2011-02-14,AM,etanol,16.0900,7
2011-02-14,AM,gasolina,112.9710,39
2011-02-14,AP,etanol,4.3100,2
2011-02-14,AP,gasolina,16.8600,6
2011-02-14,BA,etanol,535.3520,257
2011-02-14,BA,gasolina,721.8900,262
2011-02-14,CE,etanol,108.4690,53
2011-02-14,CE,gasolina,174.1980,63
2011-02-14,DF,etanol,2.2500,1
2011-02-14,DF,gasolina,2.7800,1
2011-02-14,ES,etanol,31.3700,14
2011-02-14,ES,gasolina,39.6600,14
2011-02-14,GO,etanol,124.5090,65
2011-02-14,GO,gasolina,174.4270,64
2011-02-14,MA,etanol,98.5470,51
2011-02-14,MA,gasolina,181.9630,66
2011-02-14,MG,etanol,589.4760,296
2011-02-14,MG,gasolina,804.7850,298
2011-02-14,MS,etanol,209.2780,105
2011-02-14,MS,gasolina,288.1980,105
2011-02-14,MT,etanol,54.4590,27
2011-02-14,MT,gasolina,77.4290,26
2011-02-14,PA,etanol,25.9800,11
2011-02-14,PA,gasolina,64.9470,22
2011-02-14,PB,etanol,41.6600,22
2011-02-14,PB,gasolina,56.0800,22
2011-02-14,PE,etanol,227.1140,120
2011-02-14,PE,gasolina,326.0470,123
2011-02-14,PI,etanol,67.6600,32
2011-02-14,PI,gasolina,121.1600,45
2011-02-14,PR,etanol,267.6560,140
2011-02-14,PR,gasolina,367.9400,140
2011-02-14,RJ,etanol,506.9340,254
2011-02-14,RJ,gasolina,684.5500,254
2011-02-14,RN,etanol,79.2600,40
2011-02-14,RN,gasolina,111.0290,41
2011-02-14,RO,etanol,133.8060,61
2011-02-14,RO,gasolina,175.8030,61
2011-02-14,RR,etanol,46.8900,20
2011-02-14,RR,gasolina,99.5400,35
2011-02-14,RS,etanol,267.0650,119
2011-02-14,RS,gasolina,361.2380,133
2011-02-14,SC,etanol,322.4930,150
2011-02-14,SC,gasolina,391.1440,150
2011-02-14,SE,etanol,29.0220,15
2011-02-14,SE,gasolina,38.6590,15
2011-02-14,SP,etanol,1786.6750,1011
2011-02-14,SP,gasolina,2558.3220,1010
2011-02-14,TO,etanol,88.4500,45
2011-02-14,TO,gasolina,125.6680,45
2011-02-15,AC,etanol,63.6090,26
2011-02-15,AC,gasolina,82.2990,27
2011-02-15,AM,etanol,27.9500,13
2011-02-15,AM,gasolina,37.6300,14
2011-02-15,AP,etanol,35.8290,16
2011-02-15,AP,gasolina,71.1990,25
2011-02-15,BA,etanol,137.0930,67
2011-02-15,BA,gasolina,186.9760,68
2011-02-15,CE,etanol,94.4670,46
2011-02-15,CE,gasolina,142.4380,51
2011-02-15,DF,etanol,165.6390,74
2011-02-15,DF,gasolina,205.7190,74
2011-02-15,ES,etanol,166.4100,81
2011-02-15,ES,gasolina,225.4400,82
2011-02-15,GO,etanol,343.3560,181
2011-02-15,GO,gasolina,496.9030,182
2011-02-15,MA,etanol,102.1640,52
2011-02-15,MA,gasolina,132.5060,53
2011-02-15,MG,etanol,676.9630,350
2011-02-15,MG,gasolina,947.8640,359
2011-02-15,MS,etanol,37.1330,18
2011-02-15,MS,gasolina,51.9120,18
2011-02-15,MT,etanol,53.7950,27
2011-02-15,MT,gasolina,78.0910,27
2011-02-15,PA,etanol,201.5560,92
2011-02-15,PA,gasolina,492.5950,174
2011-02-15,PB,etanol,28.7070,15
2011-02-15,PB,gasolina,35.2140,14
2011-02-15,PE,etanol,358.6420,190
2011-02-15,PE,gasolina,491.9420,190
2011-02-15,PI,etanol,60.5900,29
2011-02-15,PI,gasolina,95.8800,36
2011-02-15,PR,etanol,353.6240,190
2011-02-15,PR,gasolina,503.8090,191
2011-02-15,RJ,etanol,205.3060,101
2011-02-15,RJ,gasolina,283.7410,104
2011-02-15,RN,etanol,53.2870,27
2011-02-15,RN,gasolina,72.1500,27
2011-02-15,RO,etanol,85.3950,41
2011-02-15,RO,gasolina,120.0350,42
2011-02-15,RS,etanol,777.6920,363
2011-02-15,RS,gasolina,1020.0080,390
2011-02-15,SC,etanol,443.2260,213
2011-02-15,SC,gasolina,567.5620,216
2011-02-15,SE,etanol,17.9570,9
2011-02-15,SE,gasolina,26.7840,10
2011-02-15,SP,etanol,825.2090,470
2011-02-15,SP,gasolina,1190.6040,470
2011-02-15,TO,etanol,29.8590,15
2011-02-15,TO,gasolina,41.9080,15
2011-02-16,AC,etanol,8.0900,3
2011-02-16,AC,gasolina,22.6000,7
2011-02-16,AL,etanol,16.2130,8
2011-02-16,AL,gasolina,21.5140,8
2011-02-16,AM,etanol,88.1280,41
2011-02-16,AM,gasolina,123.5500,46
2011-02-16,AP,gasolina,12.3000,4
2011-02-16,BA,etanol,130.4090,62
2011-02-16,BA,gasolina,174.8790,62
2011-02-16,CE,etanol,208.0030,107
2011-02-16,CE,gasolina,305.9870,115
2011-02-16,DF,etanol,11.1500,5
2011-02-16,DF,gasolina,13.9000,5
2011-02-16,ES,etanol,208.6200,96
2011-02-16,ES,gasolina,266.3200,96
2011-02-16,GO,etanol,19.9000,10
2011-02-16,GO,gasolina,27.9000,10
2011-02-16,MA,etanol,42.9140,21
2011-02-16,MA,gasolina,75.2370,29
2011-02-16,MG,etanol,373.5770,187
2011-02-16,MG,gasolina,496.4880,187
2011-02-16,MS,etanol,18.0180,9
2011-02-16,MS,gasolina,24.9580,9
2011-02-16,MT,etanol,170.2050,86
2011-02-16,MT,gasolina,248.4470,86
2011-02-16,PB,etanol,51.3500,27
2011-02-16,PB,gasolina,70.1000,28
2011-02-16,PE,etanol,51.9270,24
2011-02-16,PE,gasolina,69.4220,24
2011-02-16,PI,etanol,42.8690,20
2011-02-16,PI,gasolina,53.4790,20
2011-02-16,PR,etanol,395.4070,211
2011-02-16,PR,gasolina,556.3960,211
2011-02-16,RJ,etanol,389.5520,194
2011-02-16,RJ,gasolina,527.4370,196
2011-02-16,RN,etanol,95.1330,48
2011-02-16,RN,gasolina,128.3300,48
2011-02-16,RR,etanol,2.1200,1
2011-02-16,RR,gasolina,2.7000,1
2011-02-16,RS,etanol,114.0680,52
2011-02-16,RS,gasolina,156.1570,59
2011-02-16,SC,etanol,12.7010,6
2011-02-16,SC,gasolina,15.8210,6
2011-02-16,SE,etanol,58.9350,30
2011-02-16,SE,gasolina,81.6150,31
2011-02-16,SP,etanol,1182.6980,671
2011-02-16,SP,gasolina,1688.3460,670
2011-02-17,AM,etanol,26.3300,12
2011-02-17,AM,gasolina,49.6300,18
2011-02-17,BA,etanol,70.5650,34
2011-02-17,BA,gasolina,93.0060,34
2011-02-17,MG,etanol,293.3460,149
2011-02-17,MG,gasolina,385.7940,149
2011-02-17,PB,etanol,107.3870,56
2011-02-17,PB,gasolina,142.9560,56
2011-02-17,PR,etanol,45.9590,24
2011-02-17,PR,gasolina,64.9720,24
2011-02-17,RJ,etanol,303.1370,148
2011-02-17,RJ,gasolina,402.2620,148
2011-02-17,RS,etanol,54.1880,24
2011-02-17,RS,gasolina,74.9770,27
2011-02-17,SC,etanol,29.9020,14
2011-02-17,SC,gasolina,37.9560,14
2011-02-17,SP,etanol,411.4410,234
2011-02-17,SP,gasolina,584.4510,234
2011-02-21,AC,etanol,28.5800,12
2011-02-21,AC,gasolina,57.4190,18
2011-02-21,AL,etanol,126.6090,63
2011-02-21,AL,gasolina,179.5540,65
2011-02-21,AM,etanol,164.8290,76
2011-02-21,AM,gasolina,310.2180,112
2011-02-21,AP,etanol,40.1390,18
2011-02-21,AP,gasolina,64.1690,23
2011-02-21,BA,etanol,615.0760,297
2011-02-21,BA,gasolina,830.1100,302
2011-02-21,CE,etanol,207.6120,103
2011-02-21,CE,gasolina,314.2190,116
2011-02-21,ES,etanol,31.4500,14
2011-02-21,ES,gasolina,39.6600,14
2011-02-21,GO,etanol,126.7790,66
2011-02-21,GO,gasolina,176.3860,65
2011-02-21,MA,etanol,98.5470,51
2011-02-21,MA,gasolina,181.9630,66
2011-02-21,MG,etanol,626.1510,314
2011-02-21,MG,gasolina,850.5620,315
2011-02-21,MS,etanol,170.0790,85
2011-02-21,MS,gasolina,232.2550,85
2011-02-21,MT,etanol,95.5500,48
2011-02-21,MT,gasolina,142.0800,49
2011-02-21,PA,etanol,75.8040,34
2011-02-21,PA,gasolina,182.4670,66
2011-02-21,PB,etanol,42.0400,22
2011-02-21,PB,gasolina,55.9700,22
2011-02-21,PE,etanol,145.2250,76
2011-02-21,PE,gasolina,207.6710,78
2011-02-21,PI,etanol,88.5800,42
2011-02-21,PI,gasolina,147.6100,55
2011-02-21,PR,etanol,465.3650,242
2011-02-21,PR,gasolina,641.0080,241
2011-02-21,RJ,etanol,492.5040,242
2011-02-21,RJ,gasolina,656.8130,244
2011-02-21,RN,etanol,83.3090,41
2011-02-21,RN,gasolina,117.5890,43
2011-02-21,RO,etanol,133.8060,61
2011-02-21,RO,gasolina,175.8030,61
2011-02-21,RR,etanol,39.9000,17
2011-02-21,RR,gasolina,99.6300,35
2011-02-21,RS,etanol,544.3090,245
2011-02-21,RS,gasolina,718.3740,271
2011-02-21,SC,etanol,217.8440,104
2011-02-21,SC,gasolina,269.7730,104
2011-02-21,SE,etanol,29.0220,15
2011-02-21,SE,gasolina,38.6590,15
2011-02-21,SP,etanol,2131.3840,1186
2011-02-21,SP,gasolina,3014.8120,1184
2011-02-21,TO,etanol,119.8090,60
2011-02-21,TO,gasolina,167.5670,60
2011-02-22,AC,etanol,63.3190,26
2011-02-22,AC,gasolina,82.3900,27
2011-02-22,AL,etanol,53.7330,26
2011-02-22,AL,gasolina,73.8430,26
2011-02-22,AP,gasolina,23.8900,8
2011-02-22,BA,etanol,90.0580,44
2011-02-22,BA,gasolina,123.8040,45
2011-02-22,CE,etanol,169.4440,84
2011-02-22,CE,gasolina,248.2920,91
2011-02-22,DF,etanol,179.9390,80
2011-02-22,DF,gasolina,222.3990,80
2011-02-22,ES,etanol,166.3300,81
2011-02-22,ES,gasolina,225.4000,82
2011-02-22,GO,etanol,363.6760,190
2011-02-22,GO,gasolina,526.0830,191
2011-02-22,MA,etanol,86.5780,42
2011-02-22,MA,gasolina,115.3000,43
2011-02-22,MG,etanol,811.9720,415
2011-02-22,MG,gasolina,1115.8250,424
2011-02-22,MS,etanol,74.5070,37
2011-02-22,MS,gasolina,103.8270,37
2011-02-22,MT,etanol,159.4880,81
2011-02-22,MT,gasolina,230.3360,80
2011-02-22,PA,etanol,115.8900,52
2011-02-22,PA,gasolina,327.5020,112
2011-02-22,PB,etanol,126.0180,66
2011-02-22,PB,gasolina,165.1180,65
2011-02-22,PE,etanol,443.1000,235
2011-02-22,PE,gasolina,608.7050,235
2011-02-22,PI,etanol,52.5090,25
2011-02-22,PI,gasolina,82.2690,31
2011-02-22,PR,etanol,293.3600,158
2011-02-22,PR,gasolina,419.7310,160
2011-02-22,RJ,etanol,454.2280,221
2011-02-22,RJ,gasolina,605.7190,224
2011-02-22,RO,etanol,85.3950,41
2011-02-22,RO,gasolina,120.0350,42
2011-02-22,RS,etanol,541.0990,249
2011-02-22,RS,gasolina,712.4950,269
2011-02-22,SC,etanol,405.7270,191
2011-02-22,SC,gasolina,508.2880,194
2011-02-22,SE,etanol,13.8680,7
2011-02-22,SE,gasolina,21.3860,8
2011-02-22,SP,etanol,1024.0240,575
2011-02-22,SP,gasolina,1441.4390,573
2011-02-23,AC,etanol,10.8700,4
2011-02-23,AC,gasolina,22.8200,7
2011-02-23,AL,etanol,16.2130,8
2011-02-23,AL,gasolina,21.5140,8
2011-02-23,AP,gasolina,12.3000,4
2011-02-23,BA,etanol,146.6660,70
2011-02-23,BA,gasolina,192.8270,69
2011-02-23,CE,etanol,43.6070,22
2011-02-23,CE,gasolina,59.9280,22
2011-02-23,ES,etanol,209.0700,96
2011-02-23,ES,gasolina,265.8200,96
2011-02-23,MA,etanol,64.4650,31
2011-02-23,MA,gasolina,102.6520,39
2011-02-23,MG,etanol,411.0070,204
2011-02-23,MG,gasolina,542.7420,204
2011-02-23,MS,etanol,18.0180,9
2011-02-23,MS,gasolina,24.9580,9
2011-02-23,MT,etanol,21.1600,10
2011-02-23,MT,gasolina,27.9800,9
2011-02-23,PA,etanol,29.9580,14
2011-02-23,PA,gasolina,42.1690,16
2011-02-23,PB,etanol,45.6700,24
2011-02-23,PB,gasolina,62.5100,25
2011-02-23,PE,etanol,51.9270,24
2011-02-23,PE,gasolina,69.4220,24
2011-02-23,PI,etanol,30.2100,14
2011-02-23,PI,gasolina,39.9100,15
2011-02-23,PR,etanol,314.2410,165
2011-02-23,PR,gasolina,432.3900,165
2011-02-23,RJ,etanol,445.3590,215
2011-02-23,RJ,gasolina,601.2900,219
2011-02-23,RN,etanol,153.4580,72
2011-02-23,RN,gasolina,196.3490,72
2011-02-23,RS,etanol,104.4140,47
2011-02-23,RS,gasolina,137.4090,52
2011-02-23,SC,etanol,160.6880,73
2011-02-23,SC,gasolina,192.7100,73
2011-02-23,SE,etanol,65.0830,33
2011-02-23,SE,gasolina,86.9610,33
2011-02-23,SP,etanol,1034.5410,578
2011-02-23,SP,gasolina,1456.1750,578
2011-02-24,AM,etanol,4.8200,2
2011-02-24,AM,gasolina,17.5200,6
2011-02-24,BA,etanol,17.6360,9
2011-02-24,BA,gasolina,24.3790,9
2011-02-24,MG,etanol,97.7500,49
2011-02-24,MG,gasolina,130.6870,49
2011-02-24,MS,etanol,1.9480,1
2011-02-24,MS,gasolina,2.6800,1
2011-02-24,PA,etanol,4.3890,2
2011-02-24,PA,gasolina,5.3690,2
2011-02-24,PB,etanol,15.5790,8
2011-02-24,PB,gasolina,20.7990,8
2011-02-24,RJ,etanol,98.5740,48
2011-02-24,RJ,gasolina,133.8040,48
2011-02-24,RN,etanol,2.2800,1
2011-02-24,RN,gasolina,2.7900,1
2011-02-24,RS,etanol,39.9430,20
2011-02-24,RS,gasolina,56.4690,20
2011-02-24,SC,etanol,30.1420,14
2011-02-24,SC,gasolina,37.7670,14
2011-02-24,SP,etanol,84.2470,47
2011-02-24,SP,gasolina,118.9790,47
2011-03-01,AC,etanol,55.1890,23
2011-03-01,AC,gasolina,89.0190,29
2011-03-01,AL,etanol,194.9540,96
2011-03-01,AL,gasolina,272.2710,98
2011-03-01,AM,etanol,131.3170,60
2011-03-01,AM,gasolina,275.5870,99
2011-03-01,AP,etanol,40.3390,18
2011-03-01,AP,gasolina,112.8050,39
2011-03-01,BA,etanol,663.7840,324
2011-03-01,BA,gasolina,885.7680,326
2011-03-01,CE,etanol,328.7810,158
2011-03-01,CE,gasolina,487.2990,176
2011-03-01,DF,etanol,179.9390,80
2011-03-01,DF,gasolina,222.4290,80
2011-03-01,ES,etanol,181.1700,82
2011-03-01,ES,gasolina,229.9400,82
2011-03-01,GO,etanol,489.5630,238
2011-03-01,GO,gasolina,667.6800,239
2011-03-01,MA,etanol,159.5300,79
2011-03-01,MA,gasolina,261.4410,95
2011-03-01,MG,etanol,1409.3880,697
2011-03-01,MG,gasolina,1890.8650,708
2011-03-01,MS,etanol,233.4340,115
2011-03-01,MS,gasolina,315.2880,115
2011-03-01,MT,etanol,167.9980,84
2011-03-01,MT,gasolina,242.1530,83
2011-03-01,PA,etanol,146.3170,65
2011-03-01,PA,gasolina,406.3310,139
2011-03-01,PB,etanol,139.4150,72
2011-03-01,PB,gasolina,187.7120,74
2011-03-01,PE,etanol,459.2360,241
2011-03-01,PE,gasolina,635.5920,244
2011-03-01,PI,etanol,84.7890,40
2011-03-01,PI,gasolina,155.2390,58
2011-03-01,PR,etanol,672.3470,345
2011-03-01,PR,gasolina,917.0190,345
2011-03-01,RJ,etanol,1211.2560,589
2011-03-01,RJ,gasolina,1615.9510,595
2011-03-01,RN,etanol,157.6520,74
2011-03-01,RN,gasolina,203.6200,74
2011-03-01,RO,etanol,224.7130,101
2011-03-01,RO,gasolina,292.9200,102
2011-03-01,RR,etanol,39.6600,17
2011-03-01,RR,gasolina,90.7900,32
2011-03-01,RS,etanol,1150.3380,512
2011-03-01,RS,gasolina,1467.6890,554
2011-03-01,SC,etanol,685.3070,321
2011-03-01,SC,gasolina,851.0550,324
2011-03-01,SE,etanol,73.3880,37
2011-03-01,SE,gasolina,103.6980,39
2011-03-01,SP,etanol,3322.5110,1809
2011-03-01,SP,gasolina,4596.0670,1808
2011-03-01,TO,etanol,123.9380,60
2011-03-01,TO,gasolina,167.9280,60
2011-03-02,AC,etanol,45.2500,18
2011-03-02,AC,gasolina,73.4300,23
2011-03-02,AM,etanol,2.4000,1
2011-03-02,AM,gasolina,2.9500,1
2011-03-02,BA,etanol,102.4710,49
2011-03-02,BA,gasolina,138.4670,49
2011-03-02,CE,etanol,78.8750,38
2011-03-02,CE,gasolina,118.6310,44
2011-03-02,ES,etanol,240.7900,109
2011-03-02,ES,gasolina,301.8200,109
2011-03-02,MA,etanol,92.0510,44
2011-03-02,MA,gasolina,140.9280,53
2011-03-02,MG,etanol,424.3150,206
2011-03-02,MG,gasolina,554.4840,207
2011-03-02,MS,etanol,35.1740,17
2011-03-02,MS,gasolina,49.2130,17
2011-03-02,MT,etanol,110.2000,56
2011-03-02,MT,gasolina,164.4200,57
2011-03-02,PA,etanol,2.1300,1
2011-03-02,PA,gasolina,5.2400,2
2011-03-02,PB,etanol,89.8360,47
2011-03-02,PB,gasolina,119.1460,47
2011-03-02,PE,etanol,158.8560,82
2011-03-02,PE,gasolina,218.2010,82
2011-03-02,PI,etanol,87.4700,41
2011-03-02,PI,gasolina,113.8300,43
2011-03-02,PR,etanol,315.7220,162
2011-03-02,PR,gasolina,422.0720,163
2011-03-02,RJ,etanol,221.3510,105
2011-03-02,RJ,gasolina,284.4800,105
2011-03-02,RN,etanol,95.9430,43
2011-03-02,RN,gasolina,118.6680,43
2011-03-02,RO,etanol,2.2300,1
2011-03-02,RO,gasolina,2.9900,1
2011-03-02,RR,etanol,2.3600,1
2011-03-02,RR,gasolina,8.8400,3
2011-03-02,RS,etanol,83.5960,39
2011-03-02,RS,gasolina,121.0760,44
2011-03-02,SC,etanol,47.8650,22
2011-03-02,SC,gasolina,57.5910,22
2011-03-02,SE,etanol,7.6080,4
2011-03-02,SE,gasolina,10.1680,4
2011-03-02,SP,etanol,748.6720,405
2011-03-02,SP,gasolina,1021.6450,404
2011-03-03,AM,etanol,34.8300,16
2011-03-03,AM,gasolina,46.4700,17
2011-03-03,BA,etanol,101.5400,48
2011-03-03,BA,gasolina,129.5180,47
2011-03-03,CE,etanol,12.0900,6
2011-03-03,CE,gasolina,18.5600,7
2011-03-03,GO,etanol,37.5120,18
2011-03-03,GO,gasolina,47.5180,17
2011-03-03,MG,etanol,158.5300,78
2011-03-03,MG,gasolina,207.5520,78
2011-03-03,PA,etanol,81.8610,38
2011-03-03,PA,gasolina,143.6910,54
2011-03-03,PB,etanol,1.8550,1
2011-03-03,PB,gasolina,2.4790,1
2011-03-03,PE,etanol,23.9400,12
2011-03-03,PE,gasolina,34.9390,13
2011-03-03,PR,etanol,113.9340,59
2011-03-03,PR,gasolina,159.7320,59
2011-03-03,RJ,etanol,74.7220,37
2011-03-03,RJ,gasolina,101.9450,37
2011-03-03,RS,etanol,25.0610,11
2011-03-03,RS,gasolina,32.4900,12
2011-03-03,SC,etanol,94.1660,42
2011-03-03,SC,gasolina,111.8180,42
2011-03-03,SE,etanol,25.4500,13
2011-03-03,SE,gasolina,33.5690,13
2011-03-03,SP,etanol,318.2520,171
2011-03-03,SP,gasolina,431.8380,171
2011-03-07,AL,etanol,2.0980,1
2011-03-07,AL,gasolina,2.8850,1
2011-03-07,AM,etanol,43.2050,20
2011-03-07,AM,gasolina,61.6200,23
2011-03-07,BA,etanol,28.1950,13
2011-03-07,BA,gasolina,36.1220,13
2011-03-07,GO,etanol,30.6750,16
2011-03-07,GO,gasolina,41.7450,16
2011-03-07,MA,etanol,2.0900,1
2011-03-07,MA,gasolina,2.7590,1
2011-03-07,MG,etanol,230.3190,112
2011-03-07,MG,gasolina,298.4090,112
2011-03-07,MS,etanol,62.1010,29
2011-03-07,MS,gasolina,89.6400,32
2011-03-07,MT,etanol,112.8230,56
2011-03-07,MT,gasolina,165.1930,56
2011-03-07,PB,etanol,61.8480,32
2011-03-07,PB,gasolina,80.8760,32
2011-03-07,PR,etanol,204.9570,100
2011-03-07,PR,gasolina,267.6700,99
2011-03-07,RJ,etanol,107.5770,53
2011-03-07,RJ,gasolina,145.7070,54
2011-03-07,RN,etanol,8.0300,4
2011-03-07,RN,gasolina,11.1100,4
2011-03-07,RR,etanol,39.8900,17
2011-03-07,RR,gasolina,53.9000,19
2011-03-07,RS,etanol,301.6950,132
2011-03-07,RS,gasolina,352.8110,136
2011-03-07,SC,etanol,383.9330,173
2011-03-07,SC,gasolina,451.8520,173
2011-03-07,SP,etanol,715.6980,370
2011-03-07,SP,gasolina,935.8320,368
2011-03-08,AM,etanol,2.1900,1
2011-03-08,AM,gasolina,2.7000,1
2011-03-08,CE,etanol,32.7000,16
2011-03-08,CE,gasolina,48.7000,18
2011-03-08,MG,etanol,54.8170,26
2011-03-08,MG,gasolina,71.5130,26
2011-03-08,PB,etanol,44.1940,23
2011-03-08,PB,gasolina,58.5300,23
2011-03-08,PR,etanol,182.5570,95
2011-03-08,PR,gasolina,241.8860,95
2011-03-08,RN,etanol,83.5680,39
2011-03-08,RN,gasolina,110.9580,40
2011-03-08,RS,etanol,38.3330,16
2011-03-08,RS,gasolina,41.0070,15
2011-03-08,SC,etanol,70.8740,32
2011-03-08,SC,gasolina,82.7400,32
2011-03-08,SP,etanol,227.3720,117
2011-03-08,SP,gasolina,296.6450,116
2011-03-09,AC,etanol,54.5990,23
2011-03-09,AC,gasolina,89.0590,29
2011-03-09,AL,etanol,171.1200,84
2011-03-09,AL,gasolina,236.4940,85
2011-03-09,AM,etanol,105.5180,48
2011-03-09,AM,gasolina,251.0390,90
2011-03-09,AP,etanol,40.3290,18
2011-03-09,AP,gasolina,112.8550,39
2011-03-09,BA,etanol,715.3530,347
2011-03-09,BA,gasolina,947.4830,347
2011-03-09,CE,etanol,204.9010,97
2011-03-09,CE,gasolina,308.6410,110
2011-03-09,DF,etanol,168.7590,75
2011-03-09,DF,gasolina,220.5500,75
2011-03-09,ES,etanol,322.6300,146
2011-03-09,ES,gasolina,406.7300,146
2011-03-09,GO,etanol,346.1230,164
2011-03-09,GO,gasolina,465.6550,165
2011-03-09,MA,etanol,101.0980,51
2011-03-09,MA,gasolina,182.6960,66
2011-03-09,MG,etanol,1087.1480,535
2011-03-09,MG,gasolina,1463.7960,546
2011-03-09,MS,etanol,176.5330,86
2011-03-09,MS,gasolina,226.2370,83
2011-03-09,MT,etanol,91.1950,45
2011-03-09,MT,gasolina,132.1290,45
2011-03-09,PA,etanol,167.3970,75
2011-03-09,PA,gasolina,424.0840,146
2011-03-09,PB,etanol,121.8650,63
2011-03-09,PB,gasolina,164.7920,65
2011-03-09,PE,etanol,463.0990,242
2011-03-09,PE,gasolina,635.6730,244
2011-03-09,PI,etanol,120.8100,57
2011-03-09,PI,gasolina,203.0400,76
2011-03-09,PR,etanol,506.7190,258
2011-03-09,PR,gasolina,686.2690,259
2011-03-09,RJ,etanol,1082.1580,521
2011-03-09,RJ,gasolina,1431.7670,526
2011-03-09,RN,etanol,155.2130,70
2011-03-09,RN,gasolina,192.0000,70
2011-03-09,RO,etanol,224.7130,101
2011-03-09,RO,gasolina,292.9200,102
2011-03-09,RR,gasolina,34.1700,12
2011-03-09,RS,etanol,903.3310,400
2011-03-09,RS,gasolina,1173.5390,438
2011-03-09,SC,etanol,327.2070,157
2011-03-09,SC,gasolina,420.8850,160
2011-03-09,SE,etanol,87.3230,44
2011-03-09,SE,gasolina,121.8130,46
2011-03-09,SP,etanol,2981.4700,1592
2011-03-09,SP,gasolina,4053.6790,1591
2011-03-09,TO,etanol,123.9380,60
2011-03-09,TO,gasolina,167.9280,60
2011-03-10,AC,etanol,45.2500,18
2011-03-10,AC,gasolina,73.4300,23
2011-03-10,AL,etanol,25.1350,12
2011-03-10,AL,gasolina,34.0750,12
2011-03-10,AM,etanol,2.4000,1
2011-03-10,AM,gasolina,2.9500,1
2011-03-10,BA,etanol,81.8760,38
2011-03-10,BA,gasolina,108.4700,38
2011-03-10,CE,etanol,198.8680,96
2011-03-10,CE,gasolina,274.4600,100
2011-03-10,DF,etanol,11.2500,5
2011-03-10,DF,gasolina,14.7100,5
2011-03-10,ES,etanol,98.2300,45
2011-03-10,ES,gasolina,124.5600,45
2011-03-10,GO,etanol,125.4590,58
2011-03-10,GO,gasolina,166.5380,58
2011-03-10,MA,etanol,145.4270,69
2011-03-10,MA,gasolina,214.6890,80
2011-03-10,MG,etanol,554.6010,271
2011-03-10,MG,gasolina,722.0160,272
2011-03-10,MS,etanol,35.1740,17
2011-03-10,MS,gasolina,49.2130,17
2011-03-10,MT,etanol,80.2070,39
2011-03-10,MT,gasolina,115.7460,39
2011-03-10,PA,etanol,57.6510,26
2011-03-10,PA,gasolina,131.5060,49
2011-03-10,PB,etanol,3.9890,2
2011-03-10,PB,gasolina,5.0290,2
2011-03-10,PE,etanol,158.8560,82
2011-03-10,PE,gasolina,218.2010,82
2011-03-10,PI,etanol,51.1490,24
2011-03-10,PI,gasolina,66.2790,25
2011-03-10,PR,etanol,169.8260,85
2011-03-10,PR,gasolina,227.5480,85
2011-03-10,RJ,etanol,259.6670,121
2011-03-10,RJ,gasolina,334.1580,122
2011-03-10,RN,etanol,4.0500,2
2011-03-10,RN,gasolina,5.5600,2
2011-03-10,RO,etanol,2.2300,1
2011-03-10,RO,gasolina,2.9900,1
2011-03-10,RR,etanol,2.3600,1
2011-03-10,RR,gasolina,8.8400,3
2011-03-10,RS,etanol,15.8940,7
2011-03-10,RS,gasolina,24.1320,9
2011-03-10,SP,etanol,491.2820,259
2011-03-10,SP,gasolina,660.0500,259
2011-03-11,AM,etanol,4.4800,2
2011-03-11,AM,gasolina,8.5200,3
2011-03-11,BA,etanol,49.9660,24
2011-03-11,BA,gasolina,63.3690,23
2011-03-11,GO,etanol,37.5120,18
2011-03-11,GO,gasolina,47.5180,17
2011-03-11,MA,etanol,2.1290,1
2011-03-11,MA,gasolina,2.7790,1
2011-03-11,MG,etanol,77.1920,38
2011-03-11,MG,gasolina,101.3240,38
2011-03-11,PE,etanol,23.9400,12
2011-03-11,PE,gasolina,34.9390,13
2011-03-11,PR,etanol,56.4280,29
2011-03-11,PR,gasolina,77.9960,29
2011-03-11,RJ,etanol,72.7720,36
2011-03-11,RJ,gasolina,99.3550,36
2011-03-11,RS,etanol,25.0610,11
2011-03-11,RS,gasolina,32.4900,12
2011-03-11,SC,etanol,52.4110,23
2011-03-11,SC,gasolina,62.0670,23
2011-03-11,SE,etanol,19.1920,10
2011-03-11,SE,gasolina,25.4720,10
2011-03-11,SP,etanol,88.0770,48
2011-03-11,SP,gasolina,121.2020,48
2011-03-14,AC,etanol,16.9500,7
2011-03-14,AC,gasolina,22.4300,7
2011-03-14,AL,etanol,91.2070,45
2011-03-14,AL,gasolina,122.5380,45
2011-03-14,AM,etanol,43.1090,19
2011-03-14,AM,gasolina,101.2880,37
2011-03-14,AP,etanol,4.7000,2
2011-03-14,AP,gasolina,74.7070,25
2011-03-14,BA,etanol,417.6080,198
2011-03-14,BA,gasolina,564.3480,204
2011-03-14,CE,etanol,238.5130,115
2011-03-14,CE,gasolina,354.8480,127
2011-03-14,ES,etanol,58.7490,27
2011-03-14,ES,gasolina,78.5400,28
2011-03-14,GO,etanol,140.0990,65
2011-03-14,GO,gasolina,181.8830,64
2011-03-14,MA,etanol,51.5740,25
2011-03-14,MA,gasolina,78.7370,28
2011-03-14,MG,etanol,465.9460,224
2011-03-14,MG,gasolina,629.1390,231
2011-03-14,MS,etanol,83.3660,38
2011-03-14,MS,gasolina,106.9230,38
2011-03-14,MT,etanol,227.9930,112
2011-03-14,MT,gasolina,331.0800,112
2011-03-14,PA,etanol,198.9910,88
2011-03-14,PA,gasolina,466.7480,163
2011-03-14,PB,etanol,132.5940,68
2011-03-14,PB,gasolina,169.5210,67
2011-03-14,PE,etanol,105.6520,52
2011-03-14,PE,gasolina,142.4090,53
2011-03-14,PI,etanol,57.1300,27
2011-03-14,PI,gasolina,115.5180,43
2011-03-14,PR,etanol,353.6010,174
2011-03-14,PR,gasolina,465.3880,175
2011-03-14,RJ,etanol,714.3080,322
2011-03-14,RJ,gasolina,900.9900,329
2011-03-14,RN,etanol,162.5400,75
2011-03-14,RN,gasolina,208.9590,76
2011-03-14,RO,etanol,51.3500,23
2011-03-14,RO,gasolina,67.8190,23
2011-03-14,RR,etanol,2.3900,1
2011-03-14,RR,gasolina,51.7500,18
2011-03-14,RS,etanol,846.8410,359
2011-03-14,RS,gasolina,995.1240,379
2011-03-14,SC,etanol,597.8150,278
2011-03-14,SC,gasolina,731.5110,281
2011-03-14,SE,etanol,37.3250,19
2011-03-14,SE,gasolina,50.0150,19
2011-03-14,SP,etanol,1578.2660,811
2011-03-14,SP,gasolina,2075.5000,811
2011-03-14,TO,etanol,48.2400,22
2011-03-14,TO,gasolina,64.0100,23
2011-03-15,AC,etanol,17.7300,7
2011-03-15,AC,gasolina,42.2700,13
2011-03-15,AL,etanol,14.2000,7
2011-03-15,AL,gasolina,22.3670,8
2011-03-15,AM,etanol,84.5200,37
2011-03-15,AM,gasolina,175.1600,62
2011-03-15,AP,etanol,35.8190,16
2011-03-15,AP,gasolina,47.3590,17
2011-03-15,BA,etanol,173.4840,84
2011-03-15,BA,gasolina,227.2300,83
2011-03-15,CE,etanol,177.6970,86
2011-03-15,CE,gasolina,274.1740,100
2011-03-15,DF,etanol,180.0090,80
2011-03-15,DF,gasolina,235.2600,80
2011-03-15,ES,etanol,127.3200,57
2011-03-15,ES,gasolina,160.2900,57
2011-03-15,GO,etanol,414.8280,189
2011-03-15,GO,gasolina,546.5980,189
2011-03-15,MA,etanol,146.8810,71
2011-03-15,MA,gasolina,229.3950,83
2011-03-15,MG,etanol,770.4090,366
2011-03-15,MG,gasolina,998.2920,369
2011-03-15,MS,etanol,56.9140,25
2011-03-15,MS,gasolina,72.7860,25
2011-03-15,MT,etanol,52.8370,26
2011-03-15,MT,gasolina,76.3470,26
2011-03-15,PA,etanol,28.4290,13
2011-03-15,PA,gasolina,65.4770,23
2011-03-15,PB,etanol,57.9780,29
2011-03-15,PB,gasolina,77.3070,30
2011-03-15,PE,etanol,429.0360,221
2011-03-15,PE,gasolina,585.4550,222
2011-03-15,PI,etanol,50.9990,23
2011-03-15,PI,gasolina,63.4590,24
2011-03-15,PR,etanol,392.4430,192
2011-03-15,PR,gasolina,501.4730,192
2011-03-15,RJ,etanol,343.8160,158
2011-03-15,RJ,gasolina,437.8630,158
2011-03-15,RN,etanol,90.3290,40
2011-03-15,RN,gasolina,110.7100,40
2011-03-15,RO,etanol,174.6630,79
2011-03-15,RO,gasolina,229.6710,80
2011-03-15,RR,etanol,42.5900,18
2011-03-15,RR,gasolina,53.9100,19
2011-03-15,RS,etanol,274.9760,113
2011-03-15,RS,gasolina,345.7270,126
2011-03-15,SC,etanol,181.8950,79
2011-03-15,SC,gasolina,212.0430,79
2011-03-15,SE,etanol,39.7160,20
2011-03-15,SE,gasolina,55.2330,21
2011-03-15,SP,etanol,1664.4260,846
2011-03-15,SP,gasolina,2168.7550,845
2011-03-15,TO,etanol,82.0990,37
2011-03-15,TO,gasolina,105.2690,37
2011-03-16,AC,etanol,63.5090,26
2011-03-16,AC,gasolina,98.2590,32
2011-03-16,AL,etanol,95.2420,45
2011-03-16,AL,gasolina,127.7460,45
2011-03-16,AM,etanol,6.4900,3
2011-03-16,AM,gasolina,8.1200,3
2011-03-16,BA,etanol,296.7500,139
2011-03-16,BA,gasolina,391.4690,140
2011-03-16,ES,etanol,237.4200,107
2011-03-16,ES,gasolina,296.6790,107
2011-03-16,GO,etanol,6.7500,3
2011-03-16,GO,gasolina,8.6700,3
2011-03-16,MA,etanol,56.8950,27
2011-03-16,MA,gasolina,97.0540,37
2011-03-16,MG,etanol,715.1330,335
2011-03-16,MG,gasolina,902.5270,338
2011-03-16,MS,etanol,146.1220,69
2011-03-16,MS,gasolina,186.6570,69
2011-03-16,PA,gasolina,2.5800,1
2011-03-16,PB,etanol,50.9210,26
2011-03-16,PB,gasolina,62.5700,25
2011-03-16,PE,etanol,98.4470,52
2011-03-16,PE,gasolina,130.3020,52
2011-03-16,PI,etanol,72.3800,34
2011-03-16,PI,gasolina,97.7300,37
2011-03-16,PR,etanol,377.3940,180
2011-03-16,PR,gasolina,483.1310,179
2011-03-16,RJ,etanol,395.1930,179
2011-03-16,RJ,gasolina,497.6410,180
2011-03-16,RS,etanol,181.3780,74
2011-03-16,RS,gasolina,230.2000,84
2011-03-16,SC,etanol,59.8890,26
2011-03-16,SC,gasolina,68.9140,26
2011-03-16,SE,etanol,31.5040,16
2011-03-16,SE,gasolina,42.0450,16
2011-03-16,SP,etanol,1116.0910,565
2011-03-16,SP,gasolina,1451.2490,565
2011-03-17,AL,etanol,2.0700,1
2011-03-17,AL,gasolina,2.8100,1
2011-03-17,AM,etanol,39.9900,18
2011-03-17,AM,gasolina,51.2800,19
2011-03-17,ES,etanol,2.0900,1
2011-03-17,ES,gasolina,2.6900,1
2011-03-17,MG,etanol,117.0050,56
2011-03-17,MG,gasolina,151.2450,56
2011-03-17,MT,etanol,1.9600,1
2011-03-17,MT,gasolina,2.9500,1
2011-03-17,PA,etanol,8.9780,4
2011-03-17,PA,gasolina,24.4560,9
2011-03-17,PE,etanol,21.8910,11
2011-03-17,PE,gasolina,32.5610,12
2011-03-17,PR,etanol,42.0970,20
2011-03-17,PR,gasolina,53.6760,20
2011-03-17,RJ,etanol,156.1740,69
2011-03-17,RJ,gasolina,197.6580,71
2011-03-17,RS,etanol,32.1430,13
2011-03-17,RS,gasolina,52.1610,19
2011-03-17,SP,etanol,324.6120,163
2011-03-17,SP,gasolina,418.5280,163
2011-03-21,AC,etanol,16.9500,7
2011-03-21,AC,gasolina,22.4300,7
2011-03-21,AL,etanol,97.2610,46
2011-03-21,AL,gasolina,125.5360,46
2011-03-21,AM,etanol,73.1500,31
2011-03-21,AM,gasolina,128.7800,47
2011-03-21,AP,etanol,4.7000,2
2011-03-21,AP,gasolina,74.7070,25
2011-03-21,BA,etanol,576.1380,266
2011-03-21,BA,gasolina,756.8510,273
2011-03-21,CE,etanol,286.1410,135
2011-03-21,CE,gasolina,411.1700,147
2011-03-21,ES,etanol,62.5790,27
2011-03-21,ES,gasolina,78.9200,28
2011-03-21,GO,etanol,109.2140,50
2011-03-21,GO,gasolina,141.5390,49
2011-03-21,MA,etanol,52.2060,23
2011-03-21,MA,gasolina,73.2370,26
2011-03-21,MG,etanol,576.9150,257
2011-03-21,MG,gasolina,722.1250,264
2011-03-21,MS,etanol,237.1780,105
2011-03-21,MS,gasolina,291.7360,105
2011-03-21,MT,etanol,184.9750,89
2011-03-21,MT,gasolina,262.3200,88
2011-03-21,PA,etanol,185.7860,81
2011-03-21,PA,gasolina,446.2750,155
2011-03-21,PB,etanol,83.1120,41
2011-03-21,PB,gasolina,102.3930,40
2011-03-21,PE,etanol,245.8020,121
2011-03-21,PE,gasolina,327.2240,123
2011-03-21,PI,etanol,58.1300,27
2011-03-21,PI,gasolina,115.5280,43
2011-03-21,PR,etanol,449.8590,203
2011-03-21,PR,gasolina,550.6340,203
2011-03-21,RJ,etanol,921.7350,399
2011-03-21,RJ,gasolina,1124.7150,406
2011-03-21,RN,etanol,37.4400,17
2011-03-21,RN,gasolina,49.3800,18
2011-03-21,RO,etanol,51.6500,23
2011-03-21,RO,gasolina,67.8190,23
2011-03-21,RR,etanol,44.8400,19
2011-03-21,RR,gasolina,108.4200,38
2011-03-21,RS,etanol,855.5980,356
2011-03-21,RS,gasolina,991.7380,377
2011-03-21,SC,etanol,661.6760,281
2011-03-21,SC,gasolina,759.3040,285
2011-03-21,SE,etanol,88.6660,41
2011-03-21,SE,gasolina,108.4840,41
2011-03-21,SP,etanol,1957.6370,924
2011-03-21,SP,gasolina,2384.1160,921
2011-03-21,TO,etanol,82.5390,37
2011-03-21,TO,gasolina,106.4090,38
2011-03-22,AC,etanol,72.4310,30
2011-03-22,AC,gasolina,110.9190,36
2011-03-22,AL,etanol,12.4400,6
2011-03-22,AL,gasolina,22.3670,8
2011-03-22,AM,etanol,106.8690,46
2011-03-22,AM,gasolina,204.5390,73
2011-03-22,AP,etanol,36.5890,16
2011-03-22,AP,gasolina,47.3590,17
2011-03-22,BA,etanol,171.5490,79
2011-03-22,BA,gasolina,214.3500,78
2011-03-22,CE,etanol,107.2200,52
2011-03-22,CE,gasolina,162.6210,59
2011-03-22,DF,etanol,194.1300,79
2011-03-22,DF,gasolina,232.0200,79
2011-03-22,ES,etanol,127.1900,56
2011-03-22,ES,gasolina,157.6200,56
2011-03-22,GO,etanol,450.2570,204
2011-03-22,GO,gasolina,589.4110,204
2011-03-22,MA,etanol,190.4870,88
2011-03-22,MA,gasolina,289.6780,106
2011-03-22,MG,etanol,621.3520,284
2011-03-22,MG,gasolina,787.1180,288
2011-03-22,MS,etanol,61.5780,27
2011-03-22,MS,gasolina,78.2250,27
2011-03-22,MT,etanol,103.9250,49
2011-03-22,MT,gasolina,141.6350,48
2011-03-22,PA,etanol,44.3990,20
2011-03-22,PA,gasolina,89.0670,32
2011-03-22,PB,etanol,18.3500,9
2011-03-22,PB,gasolina,26.3500,10
2011-03-22,PE,etanol,312.6780,151
2011-03-22,PE,gasolina,397.4640,151
2011-03-22,PI,etanol,57.9890,26
2011-03-22,PI,gasolina,68.7690,26
2011-03-22,PR,etanol,284.8800,127
2011-03-22,PR,gasolina,345.7850,127
2011-03-22,RJ,etanol,213.3980,93
2011-03-22,RJ,gasolina,257.1870,93
2011-03-22,RN,etanol,215.5240,97
2011-03-22,RN,gasolina,271.4290,98
2011-03-22,RO,etanol,178.9930,79
2011-03-22,RO,gasolina,231.2320,80
2011-03-22,RS,etanol,332.0040,130
2011-03-22,RS,gasolina,408.6180,148
2011-03-22,SC,etanol,102.2260,42
2011-03-22,SC,gasolina,113.2920,42
2011-03-22,SE,etanol,29.0990,14
2011-03-22,SE,gasolina,39.3700,15
2011-03-22,SP,etanol,1291.2110,604
2011-03-22,SP,gasolina,1574.2360,604
2011-03-22,TO,etanol,47.9000,22
2011-03-22,TO,gasolina,62.8700,22
2011-03-23,AC,etanol,8.2200,3
2011-03-23,AC,gasolina,29.5800,9
2011-03-23,AL,etanol,94.0540,44
2011-03-23,AL,gasolina,124.2750,44
2011-03-23,BA,etanol,164.0960,76
2011-03-23,BA,gasolina,216.9500,77
2011-03-23,CE,etanol,39.2610,19
2011-03-23,CE,gasolina,57.2270,21
2011-03-23,ES,etanol,245.6500,107
2011-03-23,ES,gasolina,300.0590,108
2011-03-23,GO,etanol,7.0700,3
2011-03-23,GO,gasolina,8.9600,3
2011-03-23,MA,etanol,31.7880,15
2011-03-23,MA,gasolina,42.4560,16
2011-03-23,MG,etanol,839.6130,382
2011-03-23,MG,gasolina,1038.8540,386
2011-03-23,MT,etanol,4.2100,2
2011-03-23,MT,gasolina,8.4200,3
2011-03-23,PA,etanol,8.9780,4
2011-03-23,PA,gasolina,24.4200,9
2011-03-23,PB,etanol,149.5300,73
2011-03-23,PB,gasolina,186.0530,74
2011-03-23,PE,etanol,108.6260,52
2011-03-23,PE,gasolina,133.0220,52
2011-03-23,PI,etanol,67.8900,31
2011-03-23,PI,gasolina,92.1700,35
2011-03-23,PR,etanol,457.5710,210
2011-03-23,PR,gasolina,554.0580,209
2011-03-23,RJ,etanol,395.4370,169
2011-03-23,RJ,gasolina,475.8170,170
2011-03-23,RS,etanol,142.5710,62
2011-03-23,RS,gasolina,191.8380,70
2011-03-23,SC,etanol,141.1820,60
2011-03-23,SC,gasolina,155.8910,60
2011-03-23,SP,etanol,1769.5620,835
2011-03-23,SP,gasolina,2170.9450,834
2011-03-24,ES,etanol,2.5000,1
2011-03-24,ES,gasolina,2.7900,1
2011-03-24,MG,etanol,120.2140,55
2011-03-24,MG,gasolina,151.7840,56
2011-03-24,PE,etanol,23.6510,11
2011-03-24,PE,gasolina,32.5610,12
2011-03-24,PR,etanol,57.8330,26
2011-03-24,PR,gasolina,69.3830,26
2011-03-24,RJ,etanol,160.8740,69
2011-03-24,RJ,gasolina,199.1340,71
2011-03-24,RS,etanol,29.7730,12
2011-03-24,RS,gasolina,49.5010,18
2011-03-24,SC,etanol,2.1400,1
2011-03-24,SC,gasolina,2.5700,1
2011-03-24,SP,etanol,46.5800,22
2011-03-24,SP,gasolina,56.5670,22
2011-03-28,AC,etanol,64.6990,27
2011-03-28,AC,gasolina,90.2990,30
2011-03-28,AL,etanol,110.1060,52
2011-03-28,AL,gasolina,147.4530,53
2011-03-28,AM,etanol,16.5200,7
2011-03-28,AM,gasolina,93.7500,33
2011-03-28,AP,etanol,5.7100,2
2011-03-28,AP,gasolina,71.8770,24
2011-03-28,BA,etanol,543.2000,250
2011-03-28,BA,gasolina,704.8020,254
2011-03-28,CE,etanol,164.4370,79
2011-03-28,CE,gasolina,245.6690,89
2011-03-28,ES,etanol,69.4490,27
2011-03-28,ES,gasolina,79.0590,28
2011-03-28,GO,etanol,100.0030,42
2011-03-28,GO,gasolina,123.7880,42
2011-03-28,MA,etanol,107.3480,49
2011-03-28,MA,gasolina,185.1060,66
2011-03-28,MG,etanol,922.1460,391
2011-03-28,MG,gasolina,1108.8930,400
2011-03-28,MS,etanol,165.4080,68
2011-03-28,MS,gasolina,194.5090,68
2011-03-28,MT,etanol,125.9640,57
2011-03-28,MT,gasolina,171.6760,57
2011-03-28,PA,etanol,189.9060,73
2011-03-28,PA,gasolina,419.8930,143
2011-03-28,PB,etanol,107.8250,50
2011-03-28,PB,gasolina,130.9390,51
2011-03-28,PE,etanol,200.1220,98
2011-03-28,PE,gasolina,266.3730,100
2011-03-28,PI,etanol,75.6990,31
2011-03-28,PI,gasolina,136.8890,51
2011-03-28,PR,etanol,466.5470,197
2011-03-28,PR,gasolina,534.5630,198
2011-03-28,RJ,etanol,895.3360,372
2011-03-28,RJ,gasolina,1046.5430,375
2011-03-28,RN,etanol,79.3500,35
2011-03-28,RN,gasolina,102.1250,37
2011-03-28,RO,etanol,170.5980,73
2011-03-28,RO,gasolina,218.2950,73
2011-03-28,RR,etanol,2.7900,1
2011-03-28,RR,gasolina,52.0100,18
2011-03-28,RS,etanol,1071.0940,405
2011-03-28,RS,gasolina,1152.2040,429
2011-03-28,SC,etanol,532.9450,210
2011-03-28,SC,gasolina,554.5270,210
2011-03-28,SE,etanol,28.1980,12
2011-03-28,SE,gasolina,32.0500,12
2011-03-28,SP,etanol,1994.6640,914
2011-03-28,SP,gasolina,2403.2480,911
2011-03-28,TO,etanol,126.3180,55
2011-03-28,TO,gasolina,156.7180,55
2011-03-29,AC,etanol,16.6500,7
2011-03-29,AC,gasolina,22.4300,7
2011-03-29,AL,etanol,31.8200,15
2011-03-29,AL,gasolina,44.6340,16
2011-03-29,AM,etanol,161.4140,69
2011-03-29,AM,gasolina,243.9050,88
2011-03-29,AP,etanol,40.8890,16
2011-03-29,AP,gasolina,49.0590,17
2011-03-29,BA,etanol,258.9210,119
2011-03-29,BA,gasolina,326.8450,119
2011-03-29,CE,etanol,267.1160,126
2011-03-29,CE,gasolina,387.5100,139
2011-03-29,DF,etanol,226.9200,80
2011-03-29,DF,gasolina,230.2300,80
2011-03-29,ES,etanol,102.0500,43
2011-03-29,ES,gasolina,122.2900,43
2011-03-29,GO,etanol,495.0390,214
2011-03-29,GO,gasolina,614.9570,214
2011-03-29,MG,etanol,712.9960,307
2011-03-29,MG,gasolina,860.0520,312
2011-03-29,MS,etanol,74.0930,30
2011-03-29,MS,gasolina,88.6870,30
2011-03-29,MT,etanol,43.5880,20
2011-03-29,MT,gasolina,59.4180,20
2011-03-29,PA,etanol,66.2920,29
2011-03-29,PA,gasolina,141.4440,52
2011-03-29,PB,etanol,111.0760,56
2011-03-29,PB,gasolina,141.2420,56
2011-03-29,PE,etanol,432.7290,216
2011-03-29,PE,gasolina,565.9920,217
2011-03-29,PI,etanol,68.8700,31
2011-03-29,PI,gasolina,81.8700,31
2011-03-29,PR,etanol,402.7070,176
2011-03-29,PR,gasolina,481.4130,175
2011-03-29,RJ,etanol,558.7020,228
2011-03-29,RJ,gasolina,663.1390,233
2011-03-29,RN,etanol,180.9560,80
2011-03-29,RN,gasolina,221.1750,80
2011-03-29,RO,etanol,65.2280,29
2011-03-29,RO,gasolina,86.5880,30
2011-03-29,RR,etanol,42.2200,16
2011-03-29,RR,gasolina,58.1500,19
2011-03-29,RS,etanol,258.9150,96
2011-03-29,RS,gasolina,312.1750,112
2011-03-29,SC,etanol,284.6570,107
2011-03-29,SC,gasolina,295.5410,108
2011-03-29,SE,etanol,95.6980,44
2011-03-29,SE,gasolina,121.2960,45
2011-03-29,SP,etanol,2222.3370,1010
2011-03-29,SP,gasolina,2659.1110,1006
2011-03-29,TO,etanol,11.4190,5
2011-03-29,TO,gasolina,14.0000,5
2011-03-30,AC,etanol,23.2000,8
2011-03-30,AC,gasolina,48.4490,14
2011-03-30,AL,etanol,19.5190,9
2011-03-30,AL,gasolina,24.8390,9
2011-03-30,BA,etanol,119.7870,54
2011-03-30,BA,gasolina,156.8080,55
2011-03-30,ES,etanol,295.8200,122
2011-03-30,ES,gasolina,342.4100,121
2011-03-30,MA,etanol,137.8450,62
2011-03-30,MA,gasolina,201.0640,74
2011-03-30,MG,etanol,533.3120,221
2011-03-30,MG,gasolina,620.0400,221
2011-03-30,MT,etanol,131.1680,63
2011-03-30,MT,gasolina,187.2020,63
2011-03-30,PA,etanol,6.7900,3
2011-03-30,PA,gasolina,8.1100,3
2011-03-30,PB,etanol,32.3080,16
2011-03-30,PB,gasolina,42.9120,17
2011-03-30,PE,etanol,25.4690,12
2011-03-30,PE,gasolina,31.8790,12
2011-03-30,PI,etanol,47.3690,21
2011-03-30,PI,gasolina,58.8290,22
2011-03-30,PR,etanol,301.7160,137
2011-03-30,PR,gasolina,360.5210,137
2011-03-30,RJ,etanol,184.7330,76
2011-03-30,RJ,gasolina,209.5710,76
2011-03-30,RS,etanol,151.9050,56
2011-03-30,RS,gasolina,179.4260,64
2011-03-30,SC,etanol,170.5270,70
2011-03-30,SC,gasolina,184.1160,70
2011-03-30,SP,etanol,461.9350,210
2011-03-30,SP,gasolina,558.1120,210
2011-03-31,AC,etanol,2.9000,1
2011-03-31,AC,gasolina,3.5000,1
2011-03-31,AL,etanol,45.3860,21
2011-03-31,AL,gasolina,56.8540,20
2011-03-31,MA,etanol,16.0000,7
2011-03-31,MA,gasolina,20.9700,8
2011-03-31,MG,etanol,137.7330,60
2011-03-31,MG,gasolina,161.3440,60
2011-03-31,MS,etanol,76.5940,34
2011-03-31,MS,gasolina,91.8190,34
2011-03-31,PE,etanol,18.3400,9
2011-03-31,PE,gasolina,24.1500,9
2011-03-31,PR,etanol,129.0190,56
2011-03-31,PR,gasolina,152.2890,56
2011-03-31,RJ,etanol,129.4680,54
2011-03-31,RJ,gasolina,145.1260,53
2011-03-31,RS,etanol,4.8750,2
2011-03-31,RS,gasolina,8.2900,3
2011-03-31,SP,etanol,560.0510,253
2011-03-31,SP,gasolina,672.2250,253
2011-04-04,AC,etanol,13.7800,5
2011-04-04,AC,gasolina,25.1700,8
2011-04-04,AL,etanol,62.7600,28
2011-04-04,AL,gasolina,81.4110,29
2011-04-04,AM,etanol,14.7500,6
2011-04-04,AM,gasolina,91.5500,32
2011-04-04,AP,etanol,5.7100,2
2011-04-04,AP,gasolina,71.8770,24
2011-04-04,BA,etanol,432.3670,194
2011-04-04,BA,gasolina,559.4670,200
2011-04-04,CE,etanol,160.5200,73
2011-04-04,CE,gasolina,220.7570,78
2011-04-04,ES,etanol,69.4490,27
2011-04-04,ES,gasolina,79.0590,28
2011-04-04,GO,etanol,97.9130,41
2011-04-04,GO,gasolina,121.0880,41
2011-04-04,MA,etanol,125.6380,57
2011-04-04,MA,gasolina,208.9050,75
2011-04-04,MG,etanol,636.8210,258
2011-04-04,MG,gasolina,758.0750,264
2011-04-04,MS,etanol,52.9790,21
2011-04-04,MS,gasolina,54.0090,18
2011-04-04,MT,etanol,27.8870,13
2011-04-04,MT,gasolina,38.7380,13
2011-04-04,PA,etanol,166.5030,62
2011-04-04,PA,gasolina,396.8260,130
2011-04-04,PB,etanol,108.8880,49
2011-04-04,PB,gasolina,133.2430,50
2011-04-04,PE,etanol,103.5180,48
2011-04-04,PE,gasolina,134.0020,49
2011-04-04,PI,etanol,78.9080,33
2011-04-04,PI,gasolina,140.6190,51
2011-04-04,PR,etanol,541.2420,227
2011-04-04,PR,gasolina,628.2680,228
2011-04-04,RJ,etanol,440.4090,175
2011-04-04,RJ,gasolina,519.2960,179
2011-04-04,RN,etanol,73.1630,32
2011-04-04,RN,gasolina,99.5290,35
2011-04-04,RO,etanol,166.8620,71
2011-04-04,RO,gasolina,220.0690,73
2011-04-04,RR,etanol,42.3600,16
2011-04-04,RR,gasolina,113.1400,37
2011-04-04,RS,etanol,1110.4800,399
2011-04-04,RS,gasolina,1212.9480,427
2011-04-04,SC,etanol,668.7920,247
2011-04-04,SC,gasolina,695.0190,247
2011-04-04,SE,etanol,78.3510,34
2011-04-04,SE,gasolina,93.0770,34
2011-04-04,SP,etanol,1633.9500,738
2011-04-04,SP,gasolina,1982.2400,736
2011-04-04,TO,etanol,103.4480,45
2011-04-04,TO,gasolina,128.5480,45
2011-04-05,AC,etanol,72.2400,30
2011-04-05,AC,gasolina,91.2990,30
2011-04-05,AL,etanol,29.6210,14
2011-04-05,AL,gasolina,41.7790,15
2011-04-05,AM,etanol,4.8200,2
2011-04-05,AM,gasolina,48.3200,16
2011-04-05,AP,etanol,40.8890,16
2011-04-05,AP,gasolina,49.0590,17
2011-04-05,BA,etanol,264.1870,120
2011-04-05,BA,gasolina,331.4090,120
2011-04-05,CE,etanol,302.7310,137
2011-04-05,CE,gasolina,420.8390,150
2011-04-05,ES,etanol,102.0500,43
2011-04-05,ES,gasolina,122.2900,43
2011-04-05,GO,etanol,314.9170,134
2011-04-05,GO,gasolina,387.7370,134
2011-04-05,MG,etanol,937.1270,383
2011-04-05,MG,gasolina,1102.1740,388
2011-04-05,MS,etanol,255.3110,104
2011-04-05,MS,gasolina,300.1050,104
2011-04-05,MT,etanol,91.2040,42
2011-04-05,MT,gasolina,121.2140,41
2011-04-05,PA,etanol,45.4970,18
2011-04-05,PA,gasolina,69.9910,25
2011-04-05,PB,etanol,114.9460,57
2011-04-05,PB,gasolina,145.0320,57
2011-04-05,PE,etanol,551.3020,260
2011-04-05,PE,gasolina,705.5160,261
2011-04-05,PI,etanol,56.1190,23
2011-04-05,PI,gasolina,63.7790,23
2011-04-05,PR,etanol,277.5260,119
2011-04-05,PR,gasolina,329.7190,119
2011-04-05,RJ,etanol,1007.9990,397
2011-04-05,RJ,gasolina,1168.4010,406
2011-04-05,RN,etanol,143.1850,59
2011-04-05,RN,gasolina,172.0300,60
2011-04-05,RO,etanol,15.2590,6
2011-04-05,RO,gasolina,17.4390,6
2011-04-05,RS,etanol,267.6080,96
2011-04-05,RS,gasolina,326.6800,114
2011-04-05,SC,etanol,171.6280,63
2011-04-05,SC,gasolina,176.4080,63
2011-04-05,SE,etanol,49.8080,22
2011-04-05,SE,gasolina,62.4960,23
2011-04-05,SP,etanol,2430.7640,1095
2011-04-05,SP,gasolina,2935.6100,1093
2011-04-05,TO,etanol,37.3090,15
2011-04-05,TO,gasolina,43.8700,15
2011-04-06,AC,etanol,23.2000,8
2011-04-06,AC,gasolina,48.4490,14
2011-04-06,AL,etanol,122.3370,55
2011-04-06,AL,gasolina,155.6100,55
2011-04-06,AM,etanol,2.4900,1
2011-04-06,AM,gasolina,2.8990,1
2011-04-06,BA,etanol,76.0720,35
2011-04-06,BA,gasolina,102.8530,36
2011-04-06,DF,etanol,226.9100,80
2011-04-06,DF,gasolina,230.2100,80
2011-04-06,ES,etanol,303.6000,121
2011-04-06,ES,gasolina,354.3100,121
2011-04-06,GO,etanol,199.5930,81
2011-04-06,GO,gasolina,239.4240,81
2011-04-06,MA,etanol,134.4470,59
2011-04-06,MA,gasolina,201.3050,73
2011-04-06,MG,etanol,486.9680,197
2011-04-06,MG,gasolina,564.3120,198
2011-04-06,PA,etanol,56.2700,24
2011-04-06,PA,gasolina,114.0750,41
2011-04-06,PB,etanol,35.4630,16
2011-04-06,PB,gasolina,44.3970,17
2011-04-06,PE,etanol,62.1190,28
2011-04-06,PE,gasolina,77.2650,28
2011-04-06,PI,etanol,69.9900,29
2011-04-06,PI,gasolina,84.0400,30
2011-04-06,PR,etanol,347.0960,151
2011-04-06,PR,gasolina,409.4040,152
2011-04-06,RJ,etanol,231.8890,90
2011-04-06,RJ,gasolina,265.3800,91
2011-04-06,RN,etanol,50.7490,21
2011-04-06,RN,gasolina,60.4800,21
2011-04-06,RO,etanol,58.6590,23
2011-04-06,RO,gasolina,68.9190,24
2011-04-06,RS,etanol,171.5690,60
2011-04-06,RS,gasolina,194.3910,67
2011-04-06,SC,etanol,63.4290,24
2011-04-06,SC,gasolina,68.2500,24
2011-04-06,SP,etanol,584.5180,261
2011-04-06,SP,gasolina,703.5050,262
2011-04-07,AM,etanol,168.0540,68
2011-04-07,AM,gasolina,204.4750,72
2011-04-07,BA,etanol,167.4960,71
2011-04-07,BA,gasolina,206.2450,72
2011-04-07,MG,etanol,339.6340,140
2011-04-07,MG,gasolina,393.7480,141
2011-04-07,MS,etanol,17.9900,7
2011-04-07,MS,gasolina,30.2300,10
2011-04-07,MT,etanol,184.6050,85
2011-04-07,MT,gasolina,254.7830,85
2011-04-07,PR,etanol,158.0730,69
2011-04-07,PR,gasolina,196.9140,69
2011-04-07,RJ,etanol,160.0180,62
2011-04-07,RJ,gasolina,180.4430,63
2011-04-07,RS,etanol,5.7980,2
2011-04-07,RS,gasolina,5.7380,2
2011-04-07,SC,etanol,141.0310,53
2011-04-07,SC,gasolina,146.3300,53
2011-04-07,SP,etanol,631.4410,288
2011-04-07,SP,gasolina,766.1770,288
2011-04-11,AL,etanol,34.8580,16
2011-04-11,AL,gasolina,50.5570,18
2011-04-11,AM,etanol,14.3800,5
2011-04-11,AM,gasolina,91.4640,29
2011-04-11,AP,etanol,46.7190,18
2011-04-11,AP,gasolina,127.7750,42
2011-04-11,BA,etanol,456.8580,201
2011-04-11,BA,gasolina,586.2660,208
2011-04-11,CE,etanol,94.4420,42
2011-04-11,CE,gasolina,130.2380,45
2011-04-11,ES,etanol,74.0490,27
2011-04-11,ES,gasolina,79.8200,28
2011-04-11,GO,etanol,83.4200,34
2011-04-11,GO,gasolina,97.6100,34
2011-04-11,MA,etanol,38.8480,17
2011-04-11,MA,gasolina,84.3560,30
2011-04-11,MG,etanol,635.8690,250
2011-04-11,MG,gasolina,741.5920,259
2011-04-11,MS,etanol,37.4290,14
2011-04-11,MS,gasolina,44.7530,14
2011-04-11,MT,etanol,118.2530,54
2011-04-11,MT,gasolina,154.3030,52
2011-04-11,PA,etanol,167.5680,58
2011-04-11,PA,gasolina,365.4860,119
2011-04-11,PB,etanol,80.7850,31
2011-04-11,PB,gasolina,83.7020,30
2011-04-11,PE,etanol,336.0180,154
2011-04-11,PE,gasolina,420.8860,154
2011-04-11,PI,etanol,82.2500,30
2011-04-11,PI,gasolina,129.1090,46
2011-04-11,PR,etanol,382.4110,151
2011-04-11,PR,gasolina,419.1270,152
2011-04-11,RJ,etanol,239.1840,93
2011-04-11,RJ,gasolina,276.3760,94
2011-04-11,RO,etanol,178.0680,76
2011-04-11,RO,gasolina,229.6350,77
2011-04-11,RR,etanol,2.7900,1
2011-04-11,RR,gasolina,55.7290,18
2011-04-11,RS,etanol,1180.3730,410
2011-04-11,RS,gasolina,1297.7080,449
2011-04-11,SC,etanol,609.0140,219
2011-04-11,SC,gasolina,617.1280,219
2011-04-11,SE,etanol,98.2960,42
2011-04-11,SE,gasolina,124.2130,44
2011-04-11,SP,etanol,1193.2260,542
2011-04-11,SP,gasolina,1474.1420,541
2011-04-11,TO,etanol,37.3090,15
2011-04-11,TO,gasolina,44.1800,15
2011-04-12,AC,etanol,63.0780,26
2011-04-12,AC,gasolina,86.7190,28
2011-04-12,AL,etanol,74.6590,34
2011-04-12,AL,gasolina,94.8110,34
2011-04-12,AM,etanol,165.6090,66
2011-04-12,AM,gasolina,257.1940,90
2011-04-12,BA,etanol,203.5890,91
2011-04-12,BA,gasolina,257.1920,93
2011-04-12,CE,etanol,204.4530,91
2011-04-12,CE,gasolina,302.6520,107
2011-04-12,ES,etanol,66.9900,26
2011-04-12,ES,gasolina,75.2300,26
2011-04-12,GO,etanol,208.9180,89
2011-04-12,GO,gasolina,260.2680,89
2011-04-12,MA,etanol,92.6600,39
2011-04-12,MA,gasolina,144.9850,52
2011-04-12,MG,etanol,645.8850,261
2011-04-12,MG,gasolina,764.4660,264
2011-04-12,MS,etanol,153.2960,61
2011-04-12,MS,gasolina,179.4260,60
2011-04-12,MT,etanol,60.9270,26
2011-04-12,MT,gasolina,80.1200,26
2011-04-12,PB,etanol,185.2000,86
2011-04-12,PB,gasolina,230.3720,89
2011-04-12,PE,etanol,139.6060,71
2011-04-12,PE,gasolina,182.6080,71
2011-04-12,PI,etanol,81.5690,34
2011-04-12,PI,gasolina,103.8790,37
2011-04-12,PR,etanol,359.8220,158
2011-04-12,PR,gasolina,439.3370,157
2011-04-12,RJ,etanol,333.3330,132
2011-04-12,RJ,gasolina,396.2890,135
2011-04-12,RN,etanol,107.1440,45
2011-04-12,RN,gasolina,130.3530,45
2011-04-12,RO,etanol,66.2680,26
2011-04-12,RO,gasolina,74.9080,26
2011-04-12,RR,etanol,44.8900,17
2011-04-12,RR,gasolina,61.0500,20
2011-04-12,RS,etanol,329.4820,116
2011-04-12,RS,gasolina,362.6210,124
2011-04-12,SC,etanol,323.6010,118
2011-04-12,SC,gasolina,341.4820,119
2011-04-12,SE,etanol,6.8890,3
2011-04-12,SE,gasolina,8.4190,3
2011-04-12,SP,etanol,1562.2060,716
2011-04-12,SP,gasolina,1920.8990,710
2011-04-12,TO,etanol,103.6680,45
2011-04-12,TO,gasolina,128.4080,45
2011-04-13,AC,etanol,36.0400,14
2011-04-13,AC,gasolina,80.8990,24
2011-04-13,AL,etanol,105.8940,45
2011-04-13,AL,gasolina,130.2830,45
2011-04-13,BA,etanol,251.3130,110
2011-04-13,BA,gasolina,314.3310,110
2011-04-13,CE,etanol,111.4890,50
2011-04-13,CE,gasolina,154.0790,55
2011-04-13,DF,etanol,206.5200,80
2011-04-13,DF,gasolina,232.8200,80
2011-04-13,ES,etanol,349.6080,139
2011-04-13,ES,gasolina,408.3890,139
2011-04-13,GO,etanol,317.3260,132
2011-04-13,GO,gasolina,396.2500,133
2011-04-13,MA,etanol,87.2480,39
2011-04-13,MA,gasolina,128.7380,45
2011-04-13,MG,etanol,1051.0110,425
2011-04-13,MG,gasolina,1226.6650,429
2011-04-13,MS,etanol,137.6140,57
2011-04-13,MS,gasolina,160.4970,57
2011-04-13,MT,etanol,18.4900,8
2011-04-13,MT,gasolina,24.1600,8
2011-04-13,PA,etanol,122.0570,49
2011-04-13,PA,gasolina,223.8450,79
2011-04-13,PB,etanol,8.7600,4
2011-04-13,PB,gasolina,10.7600,4
2011-04-13,PE,etanol,216.8010,99
2011-04-13,PE,gasolina,275.6460,100
2011-04-13,PI,etanol,50.0000,20
2011-04-13,PI,gasolina,58.8000,21
2011-04-13,PR,etanol,499.7540,215
2011-04-13,PR,gasolina,601.2860,216
2011-04-13,RJ,etanol,571.8240,221
2011-04-13,RJ,gasolina,646.6660,223
2011-04-13,RN,etanol,163.6290,69
2011-04-13,RN,gasolina,205.6990,72
2011-04-13,RS,etanol,94.7370,33
2011-04-13,RS,gasolina,104.2620,36
2011-04-13,SC,etanol,87.3800,32
2011-04-13,SC,gasolina,90.9410,32
2011-04-13,SE,etanol,22.4950,10
2011-04-13,SE,gasolina,27.2220,10
2011-04-13,SP,etanol,1994.4350,916
2011-04-13,SP,gasolina,2474.3810,916
2011-04-14,BA,etanol,43.5020,19
2011-04-14,BA,gasolina,54.0430,19
2011-04-14,CE,etanol,49.9550,22
2011-04-14,CE,gasolina,62.2000,22
2011-04-14,MA,etanol,47.3740,20
2011-04-14,MA,gasolina,59.5230,21
2011-04-14,MG,etanol,96.0500,39
2011-04-14,MG,gasolina,113.9980,39
2011-04-14,MS,gasolina,2.9800,1
2011-04-14,MT,etanol,116.2990,52
2011-04-14,MT,gasolina,154.2990,52
2011-04-14,PE,etanol,22.4500,10
2011-04-14,PE,gasolina,34.8680,12
2011-04-14,PR,etanol,90.0120,41
2011-04-14,PR,gasolina,114.4420,40
2011-04-14,RJ,etanol,717.0350,280
2011-04-14,RJ,gasolina,839.0020,287
2011-04-14,SC,etanol,41.9140,16
2011-04-14,SC,gasolina,44.6040,16
2011-04-14,SP,etanol,457.5770,211
2011-04-14,SP,gasolina,571.4060,211
2011-04-18,AL,etanol,37.9280,16
2011-04-18,AL,gasolina,51.2880,18
2011-04-18,AM,etanol,64.0290,25
2011-04-18,AM,gasolina,148.2340,49
2011-04-18,AP,etanol,48.8390,18
2011-04-18,AP,gasolina,128.5550,42
2011-04-18,BA,etanol,537.4200,231
2011-04-18,BA,gasolina,679.8870,238
2011-04-18,CE,etanol,82.7740,36
2011-04-18,CE,gasolina,117.3410,40
2011-04-18,ES,etanol,73.0800,27
2011-04-18,ES,gasolina,83.0400,28
2011-04-18,GO,etanol,269.8830,112
2011-04-18,GO,gasolina,331.8840,113
2011-04-18,MA,etanol,38.8380,17
2011-04-18,MA,gasolina,84.9850,30
2011-04-18,MG,etanol,591.5560,234
2011-04-18,MG,gasolina,710.1670,242
2011-04-18,MS,etanol,73.5940,28
2011-04-18,MS,gasolina,100.9100,32
2011-04-18,MT,etanol,72.3060,32
2011-04-18,MT,gasolina,95.6160,32
2011-04-18,PA,etanol,167.7200,61
2011-04-18,PA,gasolina,390.4560,127
2011-04-18,PB,etanol,120.8300,52
2011-04-18,PB,gasolina,138.6370,51
2011-04-18,PE,etanol,159.0980,73
2011-04-18,PE,gasolina,206.5500,75
2011-04-18,PI,etanol,142.9600,56
2011-04-18,PI,gasolina,206.9990,74
2011-04-18,PR,etanol,631.4200,270
2011-04-18,PR,gasolina,751.8360,270
2011-04-18,RJ,etanol,304.9360,119
2011-04-18,RJ,gasolina,354.7500,119
2011-04-18,RN,etanol,58.0180,24
2011-04-18,RN,gasolina,71.7390,25
2011-04-18,RO,etanol,247.0490,102
2011-04-18,RO,gasolina,309.0190,103
2011-04-18,RR,etanol,47.6800,18
2011-04-18,RR,gasolina,113.8300,37
2011-04-18,RS,etanol,1234.9690,437
2011-04-18,RS,gasolina,1379.8470,476
2011-04-18,SC,etanol,791.1370,293
2011-04-18,SC,gasolina,825.7700,293
2011-04-18,SE,etanol,46.1450,20
2011-04-18,SE,gasolina,62.5510,22
2011-04-18,SP,etanol,1444.7740,672
2011-04-18,SP,gasolina,1820.9000,666
2011-04-18,TO,etanol,37.3090,15
2011-04-18,TO,gasolina,45.6800,15
2011-04-19,AC,etanol,9.6400,4
2011-04-19,AC,gasolina,18.2800,6
2011-04-19,AL,etanol,136.0390,59
2011-04-19,AL,gasolina,165.6790,58
2011-04-19,AM,etanol,9.7400,4
2011-04-19,AM,gasolina,57.2900,19
2011-04-19,BA,etanol,239.7590,108
2011-04-19,BA,gasolina,304.7170,110
2011-04-19,CE,etanol,281.2650,124
2011-04-19,CE,gasolina,390.3620,138
2011-04-19,DF,etanol,206.5000,80
2011-04-19,DF,gasolina,232.9300,80
2011-04-19,ES,etanol,234.7200,90
2011-04-19,ES,gasolina,266.3500,90
2011-04-19,GO,etanol,215.2100,91
2011-04-19,GO,gasolina,268.3650,91
2011-04-19,MA,etanol,36.5950,15
2011-04-19,MA,gasolina,72.6390,26
2011-04-19,MG,etanol,667.3100,271
2011-04-19,MG,gasolina,798.4670,274
2011-04-19,MS,etanol,112.1000,45
2011-04-19,MS,gasolina,125.2380,42
2011-04-19,MT,etanol,4.9500,2
2011-04-19,MT,gasolina,6.2500,2
2011-04-19,PA,etanol,61.8810,25
2011-04-19,PA,gasolina,117.3840,42
2011-04-19,PB,etanol,77.2800,35
2011-04-19,PB,gasolina,97.5290,37
2011-04-19,PE,etanol,324.2490,151
2011-04-19,PE,gasolina,410.2220,150
2011-04-19,PI,etanol,66.6290,27
2011-04-19,PI,gasolina,81.8290,30
2011-04-19,PR,etanol,367.2200,164
2011-04-19,PR,gasolina,463.2870,164
2011-04-19,RJ,etanol,301.8300,118
2011-04-19,RJ,gasolina,362.6240,122
2011-04-19,RN,etanol,56.1400,23
2011-04-19,RN,gasolina,66.1300,23
2011-04-19,RS,etanol,213.4780,76
2011-04-19,RS,gasolina,257.3490,88
2011-04-19,SC,etanol,144.4660,53
2011-04-19,SC,gasolina,155.4910,54
2011-04-19,SE,etanol,57.7210,25
2011-04-19,SE,gasolina,70.1090,25
2011-04-19,SP,etanol,2386.6960,1117
2011-04-19,SP,gasolina,3046.6770,1116
2011-04-19,TO,etanol,105.8160,44
2011-04-19,TO,gasolina,131.9870,45
2011-04-20,AC,etanol,89.3100,36
2011-04-20,AC,gasolina,150.1880,46
2011-04-20,AL,etanol,51.7070,21
2011-04-20,AL,gasolina,61.4640,21
2011-04-20,AM,etanol,80.8280,32
2011-04-20,AM,gasolina,97.3580,34
2011-04-20,BA,etanol,134.0100,59
2011-04-20,BA,gasolina,169.5820,59
2011-04-20,CE,etanol,66.4610,30
2011-04-20,CE,gasolina,92.1540,33
2011-04-20,ES,etanol,188.6090,74
2011-04-20,ES,gasolina,220.7700,74
2011-04-20,GO,etanol,126.5680,52
2011-04-20,GO,gasolina,157.8280,52
2011-04-20,MA,etanol,165.7130,73
2011-04-20,MA,gasolina,223.3570,79
2011-04-20,MG,etanol,1048.8570,426
2011-04-20,MG,gasolina,1251.8770,430
2011-04-20,MS,etanol,72.4320,30
2011-04-20,MS,gasolina,84.7290,30
2011-04-20,MT,etanol,139.1420,61
2011-04-20,MT,gasolina,183.0170,61
2011-04-20,PA,etanol,14.8600,6
2011-04-20,PA,gasolina,41.2000,14
2011-04-20,PE,etanol,219.9910,99
2011-04-20,PE,gasolina,277.9710,100
2011-04-20,PR,etanol,303.7550,131
2011-04-20,PR,gasolina,369.9980,130
2011-04-20,RJ,etanol,783.0680,307
2011-04-20,RJ,gasolina,903.3820,310
2011-04-20,RN,etanol,162.3150,67
2011-04-20,RN,gasolina,195.8810,69
2011-04-20,RS,etanol,121.0040,42
2011-04-20,RS,gasolina,131.1060,45
2011-04-20,SC,etanol,2.7300,1
2011-04-20,SC,gasolina,2.8400,1
2011-04-20,SE,etanol,22.5050,10
2011-04-20,SE,gasolina,27.7920,10
2011-04-20,SP,etanol,758.8040,348
2011-04-20,SP,gasolina,964.0670,349
2011-04-21,AM,etanol,44.2890,18
2011-04-21,AM,gasolina,53.8490,19
2011-04-21,BA,etanol,53.2430,22
2011-04-21,BA,gasolina,64.7360,22
2011-04-21,CE,etanol,38.2530,17
2011-04-21,CE,gasolina,50.2620,18
2011-04-21,MA,etanol,28.6470,12
2011-04-21,MA,gasolina,37.1880,13
2011-04-21,MG,etanol,106.7570,44
2011-04-21,MG,gasolina,126.7690,44
2011-04-21,MS,etanol,67.3220,28
2011-04-21,MS,gasolina,79.0640,28
2011-04-21,MT,etanol,101.7270,45
2011-04-21,MT,gasolina,129.6070,43
2011-04-21,PA,etanol,35.6590,14
2011-04-21,PA,gasolina,44.4560,16
2011-04-21,PB,etanol,73.1500,34
2011-04-21,PB,gasolina,89.6030,35
2011-04-21,PE,etanol,22.2900,10
2011-04-21,PE,gasolina,34.7380,12
2011-04-21,RJ,etanol,464.7280,182
2011-04-21,RJ,gasolina,558.0510,188
2011-04-21,SC,etanol,96.6520,37
2011-04-21,SC,gasolina,104.5020,37
2011-04-21,SP,etanol,527.8210,243
2011-04-21,SP,gasolina,671.1290,242
2011-04-25,AL,etanol,113.2310,48
2011-04-25,AL,gasolina,148.8830,52
2011-04-25,AM,etanol,7.2400,3
2011-04-25,AM,gasolina,56.1000,20
2011-04-25,AP,etanol,48.9790,18
2011-04-25,AP,gasolina,122.3050,41
2011-04-25,BA,etanol,635.0750,270
2011-04-25,BA,gasolina,802.3110,279
2011-04-25,CE,etanol,147.7440,63
2011-04-25,CE,gasolina,212.1720,73
2011-04-25,ES,etanol,74.1790,28
2011-04-25,ES,gasolina,84.9000,29
2011-04-25,GO,etanol,55.8300,22
2011-04-25,GO,gasolina,66.5600,22
2011-04-25,MA,etanol,95.6070,39
2011-04-25,MA,gasolina,174.4260,59
2011-04-25,MG,etanol,696.6750,282
2011-04-25,MG,gasolina,852.8300,292
2011-04-25,MS,etanol,80.4250,31
2011-04-25,MS,gasolina,104.9760,33
2011-04-25,MT,etanol,202.2540,86
2011-04-25,MT,gasolina,262.8540,85
2011-04-25,PA,etanol,251.4940,97
2011-04-25,PA,gasolina,504.5560,172
2011-04-25,PB,etanol,93.7160,39
2011-04-25,PB,gasolina,106.6330,39
2011-04-25,PE,etanol,313.3330,141
2011-04-25,PE,gasolina,400.0010,144
2011-04-25,PI,etanol,65.6400,27
2011-04-25,PI,gasolina,112.9190,42
2011-04-25,PR,etanol,384.8530,161
2011-04-25,PR,gasolina,448.0970,163
2011-04-25,RJ,etanol,314.7230,123
2011-04-25,RJ,gasolina,385.0450,127
2011-04-25,RO,etanol,180.2070,73
2011-04-25,RO,gasolina,223.2950,73
2011-04-25,RR,etanol,42.5200,16
2011-04-25,RR,gasolina,104.9200,35
2011-04-25,RS,etanol,1106.3800,388
2011-04-25,RS,gasolina,1222.5510,421
2011-04-25,SC,etanol,671.4110,254
2011-04-25,SC,gasolina,704.4660,255
2011-04-25,SE,etanol,76.3660,33
2011-04-25,SE,gasolina,95.3860,34
2011-04-25,SP,etanol,1908.9440,902
2011-04-25,SP,gasolina,2525.4290,899
2011-04-25,TO,etanol,100.1970,39
2011-04-25,TO,gasolina,123.7880,40
2011-04-26,AC,etanol,55.7580,23
2011-04-26,AC,gasolina,98.8100,31
2011-04-26,AL,etanol,114.2510,47
2011-04-26,AL,gasolina,138.0450,47
2011-04-26,AM,etanol,176.0670,70
2011-04-26,AM,gasolina,252.1030,86
2011-04-26,BA,etanol,244.4420,105
2011-04-26,BA,gasolina,300.3780,105
2011-04-26,CE,etanol,249.1140,108
2011-04-26,CE,gasolina,345.5150,122
2011-04-26,ES,etanol,32.3100,12
2011-04-26,ES,gasolina,36.9800,12
2011-04-26,GO,etanol,166.2400,67
2011-04-26,GO,gasolina,219.9600,68
2011-04-26,MA,etanol,107.1840,46
2011-04-26,MA,gasolina,129.2510,46
2011-04-26,MG,etanol,812.2410,329
2011-04-26,MG,gasolina,990.8570,332
2011-04-26,MS,etanol,144.8580,61
2011-04-26,MS,gasolina,175.5910,61
2011-04-26,PA,etanol,9.6880,4
2011-04-26,PA,gasolina,28.7360,10
2011-04-26,PB,etanol,110.3470,51
2011-04-26,PB,gasolina,134.5210,52
2011-04-26,PE,etanol,247.6460,113
2011-04-26,PE,gasolina,312.3790,114
2011-04-26,PI,etanol,83.7090,34
2011-04-26,PI,gasolina,91.9390,34
2011-04-26,PR,etanol,360.1130,160
2011-04-26,PR,gasolina,457.3640,159
2011-04-26,RJ,etanol,460.5280,183
2011-04-26,RJ,gasolina,557.5540,186
2011-04-26,RN,etanol,278.3680,115
2011-04-26,RN,gasolina,334.8770,117
2011-04-26,RO,etanol,74.1480,29
2011-04-26,RO,gasolina,89.2480,30
2011-04-26,RR,etanol,2.5500,1
2011-04-26,RR,gasolina,8.7200,3
2011-04-26,RS,etanol,260.1720,92
2011-04-26,RS,gasolina,292.6680,98
2011-04-26,SC,etanol,283.5580,104
2011-04-26,SC,gasolina,310.0880,106
2011-04-26,SE,etanol,54.0660,23
2011-04-26,SE,gasolina,65.6790,23
2011-04-26,SP,etanol,1560.3230,727
2011-04-26,SP,gasolina,2053.3010,723
2011-04-26,TO,etanol,52.0090,20
2011-04-26,TO,gasolina,63.9300,20
2011-04-27,AC,etanol,16.7000,6
2011-04-27,AC,gasolina,34.9990,10
2011-04-27,AM,etanol,2.8900,1
2011-04-27,AM,gasolina,25.1400,8
2011-04-27,BA,etanol,83.9330,35
2011-04-27,BA,gasolina,105.4960,36
2011-04-27,CE,etanol,74.3180,31
2011-04-27,CE,gasolina,95.0550,33
2011-04-27,DF,etanol,206.4500,80
2011-04-27,DF,gasolina,234.7500,80
2011-04-27,ES,etanol,406.5000,152
2011-04-27,ES,gasolina,466.8500,152
2011-04-27,GO,etanol,361.3420,146
2011-04-27,GO,gasolina,471.3540,149
2011-04-27,MA,etanol,69.2030,28
2011-04-27,MA,gasolina,126.1080,44
2011-04-27,MG,etanol,564.8210,228
2011-04-27,MG,gasolina,687.3920,228
2011-04-27,MS,etanol,16.7600,7
2011-04-27,MS,gasolina,22.2100,7
2011-04-27,MT,etanol,117.8770,52
2011-04-27,MT,gasolina,154.9270,52
2011-04-27,PA,etanol,19.6500,7
2011-04-27,PA,gasolina,45.4490,15
2011-04-27,PB,etanol,10.9300,5
2011-04-27,PB,gasolina,13.4600,5
2011-04-27,PE,etanol,179.2960,78
2011-04-27,PE,gasolina,220.5550,78
2011-04-27,PI,etanol,57.3500,23
2011-04-27,PI,gasolina,73.5800,27
2011-04-27,PR,etanol,401.3700,180
2011-04-27,PR,gasolina,519.1410,181
2011-04-27,RJ,etanol,459.8340,180
2011-04-27,RJ,gasolina,551.4080,184
2011-04-27,RS,etanol,95.1590,34
2011-04-27,RS,gasolina,103.1730,35
2011-04-27,SC,etanol,34.9510,13
2011-04-27,SC,gasolina,37.9460,13
2011-04-27,SP,etanol,723.7410,343
2011-04-27,SP,gasolina,954.5290,343
2011-04-28,AC,etanol,26.5900,11
2011-04-28,AC,gasolina,34.3900,11
2011-04-28,AM,etanol,4.9700,2
2011-04-28,AM,gasolina,18.1500,6
2011-04-28,BA,etanol,20.7300,9
2011-04-28,BA,gasolina,23.2200,8
2011-04-28,GO,etanol,44.5580,18
2011-04-28,GO,gasolina,54.5980,17
2011-04-28,MG,etanol,333.4400,137
2011-04-28,MG,gasolina,408.8770,139
2011-04-28,MS,etanol,82.0270,33
2011-04-28,MS,gasolina,90.4150,30
2011-04-28,MT,etanol,2.2500,1
2011-04-28,MT,gasolina,3.0500,1
2011-04-28,PA,etanol,2.8970,1
2011-04-28,PA,gasolina,2.8870,1
2011-04-28,PB,etanol,56.7000,26
2011-04-28,PB,gasolina,70.1500,27
2011-04-28,PI,gasolina,2.7700,1
2011-04-28,PR,etanol,146.0040,64
2011-04-28,PR,gasolina,180.2940,64
2011-04-28,RJ,etanol,595.0470,233
2011-04-28,RJ,gasolina,716.3960,238
2011-04-28,RS,etanol,142.3070,50
2011-04-28,RS,gasolina,165.9010,57
2011-04-28,SC,etanol,37.4860,14
2011-04-28,SC,gasolina,40.7460,14
2011-04-28,SP,etanol,869.5840,414
2011-04-28,SP,gasolina,1159.1330,413
2011-05-02,AC,etanol,55.5750,23
2011-05-02,AC,gasolina,72.1290,23
2011-05-02,AL,etanol,113.4810,48
2011-05-02,AL,gasolina,149.3940,52
2011-05-02,AM,etanol,9.7900,4
2011-05-02,AM,gasolina,59.1700,20
2011-05-02,AP,etanol,5.7100,2
2011-05-02,AP,gasolina,71.8160,24
2011-05-02,BA,etanol,525.4300,223
2011-05-02,BA,gasolina,670.1240,232
2011-05-02,CE,etanol,268.1930,115
2011-05-02,CE,gasolina,360.8640,126
2011-05-02,ES,etanol,74.8390,28
2011-05-02,ES,gasolina,88.7100,29
2011-05-02,GO,etanol,53.4000,21
2011-05-02,GO,gasolina,63.4100,21
2011-05-02,MA,etanol,87.9170,36
2011-05-02,MA,gasolina,171.7110,58
2011-05-02,MG,etanol,772.9340,313
2011-05-02,MG,gasolina,962.4510,322
2011-05-02,MS,etanol,62.2330,24
2011-05-02,MS,gasolina,77.5800,24
2011-05-02,MT,etanol,105.6560,45
2011-05-02,MT,gasolina,138.0660,44
2011-05-02,PA,etanol,221.7120,85
2011-05-02,PA,gasolina,472.7020,157
2011-05-02,PB,etanol,87.7370,37
2011-05-02,PB,gasolina,104.7340,38
2011-05-02,PE,etanol,195.7470,87
2011-05-02,PE,gasolina,256.1420,92
2011-05-02,PI,etanol,66.7900,27
2011-05-02,PI,gasolina,119.5090,42
2011-05-02,PR,etanol,287.1630,129
2011-05-02,PR,gasolina,372.8770,128
2011-05-02,RJ,etanol,493.3000,192
2011-05-02,RJ,gasolina,593.5100,196
2011-05-02,RN,etanol,106.9980,44
2011-05-02,RN,gasolina,131.2580,46
2011-05-02,RO,etanol,184.2390,74
2011-05-02,RO,gasolina,231.2810,75
2011-05-02,RR,etanol,42.3800,16
2011-05-02,RR,gasolina,105.1600,35
2011-05-02,RS,etanol,808.1480,291
2011-05-02,RS,gasolina,941.3240,321
2011-05-02,SC,etanol,436.2760,163
2011-05-02,SC,gasolina,488.1630,165
2011-05-02,SE,etanol,125.9970,54
2011-05-02,SE,gasolina,159.6960,56
2011-05-02,SP,etanol,2041.3910,979
2011-05-02,SP,gasolina,2747.7350,973
2011-05-02,TO,etanol,100.3160,39
2011-05-02,TO,gasolina,123.8960,40
2011-05-03,AC,gasolina,16.9700,5
2011-05-03,AL,etanol,2.2900,1
2011-05-03,AL,gasolina,2.8900,1
2011-05-03,AM,etanol,168.4180,67
2011-05-03,AM,gasolina,257.2710,87
2011-05-03,AP,etanol,43.4090,16
2011-05-03,AP,gasolina,50.5390,17
2011-05-03,BA,etanol,325.2100,138
2011-05-03,BA,gasolina,401.2950,139
2011-05-03,CE,etanol,188.3490,81
2011-05-03,CE,gasolina,250.1420,88
2011-05-03,ES,etanol,32.4300,12
2011-05-03,ES,gasolina,37.0700,12
2011-05-03,GO,etanol,244.1260,100
2011-05-03,GO,gasolina,324.5560,101
2011-05-03,MA,etanol,42.2620,18
2011-05-03,MA,gasolina,51.1030,18
2011-05-03,MG,etanol,832.4250,341
2011-05-03,MG,gasolina,1027.8580,343
2011-05-03,MS,etanol,199.7420,83
2011-05-03,MS,gasolina,249.4630,85
2011-05-03,MT,etanol,219.1140,95
2011-05-03,MT,gasolina,286.2840,95
2011-05-03,PA,etanol,42.1660,17
2011-05-03,PA,gasolina,72.9300,26
2011-05-03,PB,etanol,130.9140,60
2011-05-03,PB,gasolina,156.3000,60
2011-05-03,PE,etanol,358.3230,164
2011-05-03,PE,gasolina,453.7650,165
2011-05-03,PI,etanol,21.7190,9
2011-05-03,PI,gasolina,24.2890,9
2011-05-03,PR,etanol,429.9410,194
2011-05-03,PR,gasolina,564.3670,194
2011-05-03,RJ,etanol,318.1230,126
2011-05-03,RJ,gasolina,396.9570,131
2011-05-03,RN,etanol,166.2860,69
2011-05-03,RN,gasolina,199.0590,70
2011-05-03,RO,etanol,71.8780,27
2011-05-03,RO,gasolina,87.9980,28
2011-05-03,RR,gasolina,5.8300,2
2011-05-03,RS,etanol,258.9440,91
2011-05-03,RS,gasolina,291.6200,98
2011-05-03,SC,etanol,183.0470,67
2011-05-03,SC,gasolina,201.8470,68
2011-05-03,SE,etanol,2.3490,1
2011-05-03,SE,gasolina,2.8990,1
2011-05-03,SP,etanol,1747.6440,839
2011-05-03,SP,gasolina,2391.2170,839
2011-05-03,TO,etanol,52.0190,20
2011-05-03,TO,gasolina,62.9890,20
2011-05-04,AC,etanol,16.7000,6
2011-05-04,AC,gasolina,45.1490,13
2011-05-04,AM,etanol,2.8900,1
2011-05-04,AM,gasolina,25.1400,8
2011-05-04,BA,etanol,57.7860,25
2011-05-04,BA,gasolina,75.3470,26
2011-05-04,CE,etanol,30.2290,12
2011-05-04,CE,gasolina,35.2030,12
2011-05-04,DF,etanol,206.4900,80
2011-05-04,DF,gasolina,233.2700,80
2011-05-04,ES,etanol,401.9700,150
2011-05-04,ES,gasolina,468.2600,152
2011-05-04,GO,etanol,282.3110,115
2011-05-04,GO,gasolina,368.0200,117
2011-05-04,MA,etanol,142.4660,59
2011-05-04,MA,gasolina,203.7030,72
2011-05-04,MG,etanol,602.9510,244
2011-05-04,MG,gasolina,735.8450,244
2011-05-04,MS,etanol,16.9000,7
2011-05-04,MS,gasolina,22.2390,7
2011-05-04,PA,etanol,16.6300,6
2011-05-04,PA,gasolina,42.8500,14
2011-05-04,PE,etanol,179.5460,78
2011-05-04,PE,gasolina,220.4740,78
2011-05-04,PI,etanol,119.5100,48
2011-05-04,PI,gasolina,139.4800,51
2011-05-04,PR,etanol,458.7360,203
2011-05-04,PR,gasolina,568.8940,203
2011-05-04,RJ,etanol,531.3640,208
2011-05-04,RJ,gasolina,632.5000,209
2011-05-04,RS,etanol,408.3660,147
2011-05-04,RS,gasolina,452.3170,154
2011-05-04,SC,etanol,373.3090,140
2011-05-04,SC,gasolina,400.2470,140
2011-05-04,SP,etanol,466.7220,228
2011-05-04,SP,gasolina,635.8730,227
2011-05-05,AC,etanol,25.0000,10
2011-05-05,AC,gasolina,35.9200,11
2011-05-05,AL,etanol,109.3040,45
2011-05-05,AL,gasolina,135.2690,45
2011-05-05,AM,etanol,4.9700,2
2011-05-05,AM,gasolina,18.1500,6
2011-05-05,BA,etanol,77.8670,33
2011-05-05,BA,gasolina,92.5900,32
2011-05-05,CE,etanol,6.9690,3
2011-05-05,CE,gasolina,8.4490,3
2011-05-05,GO,etanol,44.4680,18
2011-05-05,GO,gasolina,54.5480,17
2011-05-05,MA,etanol,2.1500,1
2011-05-05,MA,gasolina,2.7300,1
2011-05-05,MG,etanol,188.3410,77
2011-05-05,MG,gasolina,236.8050,79
2011-05-05,MS,etanol,44.7080,18
2011-05-05,MS,gasolina,45.7360,15
2011-05-05,PA,etanol,2.8970,1
2011-05-05,PA,gasolina,2.8870,1
2011-05-05,PB,etanol,54.8200,25
2011-05-05,PB,gasolina,67.8700,26
2011-05-05,PI,gasolina,2.9300,1
2011-05-05,PR,etanol,90.7680,41
2011-05-05,PR,gasolina,117.2390,41
2011-05-05,RJ,etanol,501.2290,196
2011-05-05,RJ,gasolina,606.5940,200
2011-05-05,RS,etanol,84.0700,30
2011-05-05,RS,gasolina,105.0980,36
2011-05-05,SC,etanol,37.4660,14
2011-05-05,SC,gasolina,40.9070,14
2011-05-05,SP,etanol,718.5520,338
2011-05-05,SP,gasolina,961.8120,337
2011-05-09,AC,etanol,9.6400,4
2011-05-09,AC,gasolina,32.2800,10
2011-05-09,AL,etanol,102.5970,43
2011-05-09,AL,gasolina,135.4670,47
2011-05-09,AP,etanol,43.3690,16
2011-05-09,AP,gasolina,50.4390,17
2011-05-09,BA,etanol,324.7810,137
2011-05-09,BA,gasolina,418.0370,143
2011-05-09,CE,etanol,23.5200,10
2011-05-09,CE,gasolina,28.5100,10
2011-05-09,DF,etanol,2.1800,1
2011-05-09,DF,gasolina,2.7900,1
2011-05-09,ES,etanol,27.7000,10
2011-05-09,ES,gasolina,31.3200,10
2011-05-09,GO,etanol,72.9300,32
2011-05-09,GO,gasolina,94.8400,32
2011-05-09,MA,etanol,90.8770,37
2011-05-09,MA,gasolina,172.7870,58
2011-05-09,MG,etanol,480.4610,195
2011-05-09,MG,gasolina,607.3570,201
2011-05-09,MS,etanol,62.1320,24
2011-05-09,MS,gasolina,77.9140,24
2011-05-09,MT,etanol,40.9880,21
2011-05-09,MT,gasolina,61.9480,21
2011-05-09,PA,gasolina,2.8500,1
2011-05-09,PB,etanol,49.3690,22
2011-05-09,PB,gasolina,59.6580,22
2011-05-09,PE,etanol,320.9740,145
2011-05-09,PE,gasolina,414.3360,149
2011-05-09,PR,etanol,83.0670,40
2011-05-09,PR,gasolina,113.6360,40
2011-05-09,RJ,etanol,301.4190,115
2011-05-09,RJ,gasolina,371.7320,120
2011-05-09,RN,etanol,57.9990,24
2011-05-09,RN,gasolina,71.7790,25
2011-05-09,RO,etanol,265.3750,101
2011-05-09,RO,gasolina,318.1840,102
2011-05-09,RS,etanol,103.4090,38
2011-05-09,RS,gasolina,153.2990,51
2011-05-09,SC,etanol,164.7300,62
2011-05-09,SC,gasolina,180.2630,62
2011-05-09,SE,etanol,18.8360,8
2011-05-09,SE,gasolina,25.9850,9
2011-05-09,SP,etanol,593.1440,294
2011-05-09,SP,gasolina,827.7800,293
2011-05-09,TO,etanol,141.6870,60
2011-05-09,TO,gasolina,185.7260,60
2011-05-10,AC,etanol,72.6300,28
2011-05-10,AC,gasolina,93.1540,29
2011-05-10,AL,etanol,124.9780,51
2011-05-10,AL,gasolina,154.6170,51
2011-05-10,AM,etanol,181.6370,72
2011-05-10,AM,gasolina,279.9750,95
2011-05-10,BA,etanol,480.1060,204
2011-05-10,BA,gasolina,594.8970,207
2011-05-10,CE,etanol,386.2410,166
2011-05-10,CE,gasolina,546.8030,190
2011-05-10,DF,etanol,2.1900,1
2011-05-10,DF,gasolina,2.8900,1
2011-05-10,ES,etanol,116.0200,44
2011-05-10,ES,gasolina,135.5600,44
2011-05-10,GO,etanol,479.9030,224
2011-05-10,GO,gasolina,700.9250,225
2011-05-10,MA,etanol,155.8300,65
2011-05-10,MA,gasolina,210.2610,74
2011-05-10,MG,etanol,938.7280,388
2011-05-10,MG,gasolina,1172.6440,391
2011-05-10,MS,etanol,240.1700,100
2011-05-10,MS,gasolina,294.2860,100
2011-05-10,MT,etanol,232.4060,109
2011-05-10,MT,gasolina,329.6500,109
2011-05-10,PA,etanol,112.2090,45
2011-05-10,PA,gasolina,196.1940,67
2011-05-10,PB,etanol,174.7630,79
2011-05-10,PB,gasolina,216.7770,82
2011-05-10,PE,etanol,81.0080,37
2011-05-10,PE,gasolina,103.9840,38
2011-05-10,PI,etanol,57.5900,24
2011-05-10,PI,gasolina,76.3800,28
2011-05-10,PR,etanol,407.6820,201
2011-05-10,PR,gasolina,572.8430,200
2011-05-10,RJ,etanol,1136.2130,454
2011-05-10,RJ,gasolina,1379.8920,457
2011-05-10,RN,etanol,194.8960,81
2011-05-10,RN,gasolina,232.3950,82
2011-05-10,RO,etanol,2.6500,1
2011-05-10,RO,gasolina,3.1500,1
2011-05-10,RR,etanol,37.0800,14
2011-05-10,RR,gasolina,58.0700,19
2011-05-10,RS,etanol,328.6090,118
2011-05-10,RS,gasolina,368.0920,124
2011-05-10,SC,etanol,218.9430,83
2011-05-10,SC,gasolina,242.8340,83
2011-05-10,SE,etanol,72.8590,31
2011-05-10,SE,gasolina,88.7910,31
2011-05-10,SP,etanol,2413.2250,1236
2011-05-10,SP,gasolina,3475.0850,1234
2011-05-11,AC,etanol,21.9100,8
2011-05-11,AC,gasolina,38.1990,11
2011-05-11,AM,etanol,7.3800,3
2011-05-11,AM,gasolina,59.3400,20
2011-05-11,AP,etanol,2.7900,1
2011-05-11,AP,gasolina,71.0590,24
2011-05-11,BA,etanol,62.0670,27
2011-05-11,BA,gasolina,80.5480,28
2011-05-11,CE,etanol,71.1970,29
2011-05-11,CE,gasolina,85.1370,29
2011-05-11,DF,etanol,175.0900,78
2011-05-11,DF,gasolina,223.0890,78
2011-05-11,ES,etanol,366.2200,138
2011-05-11,ES,gasolina,423.9600,138
2011-05-11,MA,etanol,44.3960,18
2011-05-11,MA,gasolina,50.7350,18
2011-05-11,MG,etanol,702.1840,294
2011-05-11,MG,gasolina,871.7680,300
2011-05-11,MS,etanol,18.6500,8
2011-05-11,MS,gasolina,25.2300,8
2011-05-11,MT,etanol,24.5900,10
2011-05-11,MT,gasolina,30.4200,9
2011-05-11,PA,etanol,140.6830,54
2011-05-11,PA,gasolina,353.0070,117
2011-05-11,PB,etanol,46.9070,19
2011-05-11,PB,gasolina,49.1240,18
2011-05-11,PE,etanol,221.2470,98
2011-05-11,PE,gasolina,275.5890,98
2011-05-11,PI,etanol,151.9490,60
2011-05-11,PI,gasolina,211.7380,75
2011-05-11,PR,etanol,539.8770,244
2011-05-11,PR,gasolina,685.4450,246
2011-05-11,RJ,etanol,311.5640,123
2011-05-11,RJ,gasolina,383.8130,125
2011-05-11,RN,etanol,21.5200,9
2011-05-11,RN,gasolina,24.8500,9
2011-05-11,RR,etanol,2.7900,1
2011-05-11,RR,gasolina,56.1500,18
2011-05-11,RS,etanol,1065.2980,383
2011-05-11,RS,gasolina,1195.4480,413
2011-05-11,SC,etanol,621.2670,241
2011-05-11,SC,gasolina,663.2810,241
2011-05-11,SE,etanol,37.3400,16
2011-05-11,SE,gasolina,47.2690,17
2011-05-11,SP,etanol,1374.0130,695
2011-05-11,SP,gasolina,1950.3220,694
2011-05-12,AC,gasolina,6.3200,2
2011-05-12,AM,etanol,7.4200,3
2011-05-12,AM,gasolina,18.8200,6
2011-05-12,AP,gasolina,2.9500,1
2011-05-12,BA,etanol,115.9810,49
2011-05-12,BA,gasolina,143.3030,49
2011-05-12,MG,etanol,234.0800,98
2011-05-12,MG,gasolina,293.5250,98
2011-05-12,PA,etanol,7.4280,3
2011-05-12,PA,gasolina,29.5440,10
2011-05-12,PE,etanol,119.9930,54
2011-05-12,PE,gasolina,148.6780,54
2011-05-12,PR,etanol,169.8230,81
2011-05-12,PR,gasolina,231.4600,81
2011-05-12,RJ,etanol,83.7980,33
2011-05-12,RJ,gasolina,99.7030,33
2011-05-12,RS,etanol,59.2150,21
2011-05-12,RS,gasolina,65.1920,22
2011-05-12,SP,etanol,307.2110,160
2011-05-12,SP,gasolina,452.0960,160
2011-05-16,AC,etanol,9.8300,4
2011-05-16,AC,gasolina,32.3500,10
2011-05-16,AL,etanol,102.3570,43
2011-05-16,AL,gasolina,132.6980,46
2011-05-16,BA,etanol,535.4010,241
2011-05-16,BA,gasolina,698.4830,247
2011-05-16,CE,etanol,23.5200,10
2011-05-16,CE,gasolina,28.5100,10
2011-05-16,ES,etanol,24.3700,9
2011-05-16,ES,gasolina,31.3000,10
2011-05-16,GO,etanol,99.8860,49
2011-05-16,GO,gasolina,144.4170,49
2011-05-16,MA,etanol,139.9060,59
2011-05-16,MA,gasolina,226.2500,78
2011-05-16,MG,etanol,454.0030,196
2011-05-16,MG,gasolina,594.3280,199
2011-05-16,MS,etanol,42.7680,20
2011-05-16,MS,gasolina,69.8190,23
2011-05-16,MT,etanol,41.1400,20
2011-05-16,MT,gasolina,62.1400,20
2011-05-16,PB,etanol,40.2390,18
2011-05-16,PB,gasolina,48.6380,18
2011-05-16,PE,etanol,303.1510,137
2011-05-16,PE,gasolina,389.1180,140
2011-05-16,PR,etanol,299.6290,154
2011-05-16,PR,gasolina,429.8450,154
2011-05-16,RJ,etanol,773.1140,318
2011-05-16,RJ,gasolina,982.2520,326
2011-05-16,RO,etanol,261.1050,101
2011-05-16,RO,gasolina,312.4630,103
2011-05-16,RS,etanol,95.3760,37
2011-05-16,RS,gasolina,141.6850,48
2011-05-16,SC,etanol,38.8110,16
2011-05-16,SC,gasolina,42.9240,16
2011-05-16,SE,etanol,16.4760,7
2011-05-16,SE,gasolina,23.1810,8
2011-05-16,SP,etanol,647.4270,351
2011-05-16,SP,gasolina,965.6660,348
2011-05-16,TO,etanol,130.2550,57
2011-05-16,TO,gasolina,174.1940,58
2011-05-17,AC,etanol,72.2290,28
2011-05-17,AC,gasolina,93.5490,29
2011-05-17,AL,etanol,121.7940,50
2011-05-17,AL,gasolina,158.3860,53
2011-05-17,AM,etanol,11.5800,4
2011-05-17,AM,gasolina,69.6200,22
2011-05-17,AP,etanol,37.5800,16
2011-05-17,AP,gasolina,47.6800,17
2011-05-17,BA,etanol,224.8100,102
2011-05-17,BA,gasolina,296.4270,105
2011-05-17,CE,etanol,269.4100,116
2011-05-17,CE,gasolina,399.3010,139
2011-05-17,ES,etanol,115.8500,44
2011-05-17,ES,gasolina,132.3090,43
2011-05-17,GO,etanol,426.6530,206
2011-05-17,GO,gasolina,631.6020,206
2011-05-17,MA,etanol,77.8910,34
2011-05-17,MA,gasolina,103.8870,37
2011-05-17,MG,etanol,873.4770,387
2011-05-17,MG,gasolina,1158.5180,391
2011-05-17,MS,etanol,204.6750,96
2011-05-17,MS,gasolina,266.0530,93
2011-05-17,MT,etanol,149.5080,85
2011-05-17,MT,gasolina,246.4390,85
2011-05-17,PA,etanol,77.0890,32
2011-05-17,PA,gasolina,154.5620,54
2011-05-17,PB,etanol,187.5270,85
2011-05-17,PB,gasolina,232.6070,88
2011-05-17,PE,etanol,67.7930,31
2011-05-17,PE,gasolina,87.6400,32
2011-05-17,PI,etanol,112.5190,46
2011-05-17,PI,gasolina,132.0090,49
2011-05-17,PR,etanol,343.1310,180
2011-05-17,PR,gasolina,511.7010,181
2011-05-17,RJ,etanol,639.2440,263
2011-05-17,RJ,gasolina,794.8300,264
2011-05-17,RN,etanol,141.1560,60
2011-05-17,RN,gasolina,175.4350,62
2011-05-17,RS,etanol,290.4200,115
2011-05-17,RS,gasolina,373.8430,127
2011-05-17,SC,etanol,295.7070,117
2011-05-17,SC,gasolina,340.5680,118
2011-05-17,SE,etanol,75.0760,32
2011-05-17,SE,gasolina,91.3480,32
2011-05-17,SP,etanol,1920.3560,1074
2011-05-17,SP,gasolina,2948.1370,1070
2011-05-18,AC,etanol,21.9100,8
2011-05-18,AC,gasolina,38.1990,11
2011-05-18,AM,etanol,169.7180,69
2011-05-18,AM,gasolina,259.5050,92
2011-05-18,AP,etanol,2.3000,1
2011-05-18,AP,gasolina,65.0400,22
2011-05-18,BA,etanol,120.1780,54
2011-05-18,BA,gasolina,158.1240,55
2011-05-18,CE,etanol,179.6460,78
2011-05-18,CE,gasolina,224.3870,79
2011-05-18,DF,etanol,170.8630,80
2011-05-18,DF,gasolina,223.0660,80
2011-05-18,ES,etanol,350.5790,136
2011-05-18,ES,gasolina,414.6000,137
2011-05-18,MA,etanol,59.6220,24
2011-05-18,MA,gasolina,99.4550,35
2011-05-18,MG,etanol,810.6360,364
2011-05-18,MG,gasolina,1076.4570,371
2011-05-18,MS,etanol,33.5560,16
2011-05-18,MS,gasolina,46.5930,16
2011-05-18,MT,etanol,68.7550,35
2011-05-18,MT,gasolina,99.4550,34
2011-05-18,PA,etanol,175.6470,69
2011-05-18,PA,gasolina,430.8310,142
2011-05-18,PB,etanol,41.2270,17
2011-05-18,PB,gasolina,43.9040,16
2011-05-18,PE,etanol,249.5710,111
2011-05-18,PE,gasolina,313.9300,112
2011-05-18,PI,etanol,96.7200,39
2011-05-18,PI,gasolina,152.9600,54
2011-05-18,PR,etanol,367.6400,189
2011-05-18,PR,gasolina,528.7610,188
2011-05-18,RJ,etanol,337.9520,141
2011-05-18,RJ,gasolina,429.6450,143
2011-05-18,RN,etanol,120.6590,53
2011-05-18,RN,gasolina,143.8680,53
2011-05-18,RR,etanol,48.2500,19
2011-05-18,RR,gasolina,113.7000,38
2011-05-18,RS,etanol,948.2240,378
2011-05-18,RS,gasolina,1181.7850,412
2011-05-18,SC,etanol,616.2320,248
2011-05-18,SC,gasolina,722.7610,251
2011-05-18,SE,etanol,35.1090,15
2011-05-18,SE,gasolina,45.0500,16
2011-05-18,SP,etanol,1584.7830,880
2011-05-18,SP,gasolina,2440.2270,880
2011-05-19,AC,gasolina,6.3200,2
2011-05-19,AM,etanol,7.4200,3
2011-05-19,AM,gasolina,18.8200,6
2011-05-19,AP,gasolina,2.9500,1
2011-05-19,BA,etanol,52.4260,22
2011-05-19,BA,gasolina,65.5020,22
2011-05-19,MG,etanol,60.0480,26
2011-05-19,MG,gasolina,76.7460,26
2011-05-19,PE,etanol,115.0750,52
2011-05-19,PE,gasolina,143.1960,52
2011-05-19,PR,etanol,84.3560,45
2011-05-19,PR,gasolina,126.6470,45
2011-05-19,RS,etanol,48.2930,19
2011-05-19,RS,gasolina,58.8250,20
2011-05-19,SP,etanol,150.5160,79
2011-05-19,SP,gasolina,226.5260,80
2011-05-23,AL,etanol,100.7600,42
2011-05-23,AL,gasolina,132.6960,46
2011-05-23,AM,etanol,2.4000,1
2011-05-23,AM,gasolina,50.4000,17
2011-05-23,AP,etanol,39.7600,17
2011-05-23,AP,gasolina,116.8800,40
2011-05-23,BA,etanol,382.8710,174
2011-05-23,BA,gasolina,521.3850,182
2011-05-23,CE,etanol,19.8780,8
2011-05-23,CE,gasolina,23.3890,8
2011-05-23,ES,etanol,62.7890,27
2011-05-23,ES,gasolina,80.4700,28
2011-05-23,GO,etanol,95.9090,48
2011-05-23,GO,gasolina,141.6990,48
2011-05-23,MA,etanol,34.7700,15
2011-05-23,MA,gasolina,77.6790,27
2011-05-23,MG,etanol,555.5430,249
2011-05-23,MG,gasolina,762.5340,262
2011-05-23,MS,etanol,47.5120,23
2011-05-23,MS,gasolina,69.0440,23
2011-05-23,MT,etanol,34.8280,20
2011-05-23,MT,gasolina,56.4980,20
2011-05-23,PA,etanol,140.8310,55
2011-05-23,PA,gasolina,353.1690,117
2011-05-23,PB,etanol,86.4770,40
2011-05-23,PB,gasolina,111.9930,42
2011-05-23,PE,etanol,149.8450,68
2011-05-23,PE,gasolina,192.3370,70
2011-05-23,PI,etanol,62.5050,27
2011-05-23,PI,gasolina,116.8490,42
2011-05-23,PR,etanol,291.1470,142
2011-05-23,PR,gasolina,382.1060,141
2011-05-23,RJ,etanol,379.0200,157
2011-05-23,RJ,gasolina,486.3940,160
2011-05-23,RO,etanol,262.3970,102
2011-05-23,RO,gasolina,309.2760,103
2011-05-23,RR,etanol,2.6500,1
2011-05-23,RR,gasolina,53.2700,18
2011-05-23,RS,etanol,833.6730,348
2011-05-23,RS,gasolina,1048.3920,370
2011-05-23,SC,etanol,453.4390,194
2011-05-23,SC,gasolina,549.2270,196
2011-05-23,SE,etanol,66.9290,29
2011-05-23,SE,gasolina,83.4060,30
2011-05-23,SP,etanol,777.6220,450
2011-05-23,SP,gasolina,1225.3070,448
2011-05-23,TO,etanol,110.4100,50
2011-05-23,TO,gasolina,155.0300,52
2011-05-24,AC,etanol,16.9500,7
2011-05-24,AC,gasolina,22.4300,7
2011-05-24,AL,etanol,62.4060,26
2011-05-24,AL,gasolina,76.7630,26
2011-05-24,AM,etanol,18.9600,7
2011-05-24,AM,gasolina,56.0800,18
2011-05-24,BA,etanol,46.8420,22
2011-05-24,BA,gasolina,60.3910,21
2011-05-24,CE,etanol,204.3150,93
2011-05-24,CE,gasolina,289.6360,104
2011-05-24,ES,etanol,101.4700,43
2011-05-24,ES,gasolina,126.7200,43
2011-05-24,GO,etanol,246.1440,130
2011-05-24,GO,gasolina,381.7350,130
2011-05-24,MA,etanol,135.0220,59
2011-05-24,MA,gasolina,224.7760,79
2011-05-24,MG,etanol,701.6860,329
2011-05-24,MG,gasolina,961.2060,331
2011-05-24,MS,etanol,67.2740,33
2011-05-24,MS,gasolina,103.2820,36
2011-05-24,MT,etanol,21.1800,11
2011-05-24,MT,gasolina,32.9500,11
2011-05-24,PA,etanol,100.2990,43
2011-05-24,PA,gasolina,196.8550,70
2011-05-24,PB,etanol,97.4640,45
2011-05-24,PB,gasolina,123.3540,47
2011-05-24,PE,etanol,372.6790,168
2011-05-24,PE,gasolina,463.3510,167
2011-05-24,PI,etanol,47.2800,20
2011-05-24,PI,gasolina,61.4100,23
2011-05-24,PR,etanol,147.1600,86
2011-05-24,PR,gasolina,234.2300,86
2011-05-24,RJ,etanol,151.8020,65
2011-05-24,RJ,gasolina,197.9050,66
2011-05-24,RN,etanol,76.9980,34
2011-05-24,RN,gasolina,98.8090,35
2011-05-24,RR,etanol,37.6800,15
2011-05-24,RR,gasolina,55.6200,19
2011-05-24,RS,etanol,147.3690,59
2011-05-24,RS,gasolina,216.8800,74
2011-05-24,SC,etanol,228.3260,98
2011-05-24,SC,gasolina,272.9470,98
2011-05-24,SE,etanol,9.2900,4
2011-05-24,SE,gasolina,14.2490,5
2011-05-24,SP,etanol,1169.6590,681
2011-05-24,SP,gasolina,1836.5260,677
2011-05-24,TO,etanol,16.4790,8
2011-05-24,TO,gasolina,24.4790,8
2011-05-25,AC,etanol,89.4290,34
2011-05-25,AC,gasolina,146.0380,45
2011-05-25,AL,etanol,60.2860,25
2011-05-25,AL,gasolina,76.2940,26
2011-05-25,AM,etanol,172.3400,72
2011-05-25,AM,gasolina,242.6730,86
2011-05-25,BA,etanol,427.4490,204
2011-05-25,BA,gasolina,571.0530,206
2011-05-25,CE,etanol,232.7330,104
2011-05-25,CE,gasolina,322.0500,114
2011-05-25,DF,etanol,159.4520,80
2011-05-25,DF,gasolina,221.8750,80
2011-05-25,ES,etanol,315.1300,122
2011-05-25,ES,gasolina,355.9100,121
2011-05-25,GO,etanol,141.6340,77
2011-05-25,GO,gasolina,219.9040,77
2011-05-25,MA,etanol,77.8470,35
2011-05-25,MA,gasolina,93.5040,35
2011-05-25,MG,etanol,837.7110,384
2011-05-25,MG,gasolina,1122.5620,385
2011-05-25,MS,etanol,148.6030,74
2011-05-25,MS,gasolina,201.7030,72
2011-05-25,MT,etanol,186.4580,109
2011-05-25,MT,gasolina,308.8760,108
2011-05-25,PA,etanol,9.4370,4
2011-05-25,PA,gasolina,28.4250,10
2011-05-25,PB,etanol,79.5970,37
2011-05-25,PB,gasolina,95.7930,37
2011-05-25,PE,etanol,216.9930,98
2011-05-25,PE,gasolina,275.2830,100
2011-05-25,PI,etanol,87.8390,37
2011-05-25,PI,gasolina,99.9490,38
2011-05-25,PR,etanol,600.2220,339
2011-05-25,PR,gasolina,935.0600,339
2011-05-25,RJ,etanol,1039.6660,452
2011-05-25,RJ,gasolina,1354.2220,457
2011-05-25,RN,etanol,182.8350,81
2011-05-25,RN,gasolina,220.9540,82
2011-05-25,RS,etanol,268.0900,114
2011-05-25,RS,gasolina,364.1910,125
2011-05-25,SC,etanol,220.0260,93
2011-05-25,SC,gasolina,259.0750,93
2011-05-25,SE,etanol,48.3790,21
2011-05-25,SE,gasolina,62.0060,22
2011-05-25,SP,etanol,2090.0720,1233
2011-05-25,SP,gasolina,3330.6500,1231
2011-05-25,TO,etanol,2.4800,1
2011-05-25,TO,gasolina,2.8900,1
2011-05-26,BA,etanol,43.9220,20
2011-05-26,BA,gasolina,57.0820,20
2011-05-26,MA,etanol,16.7300,7
2011-05-26,MA,gasolina,22.6000,8
2011-05-26,MG,etanol,32.1390,14
2011-05-26,MG,gasolina,40.3890,14
2011-05-26,MS,etanol,1.8390,1
2011-05-26,MS,gasolina,2.5890,1
2011-05-26,RJ,etanol,116.7300,52
2011-05-26,RJ,gasolina,151.8610,52
2011-05-26,RS,etanol,107.7050,40
2011-05-26,RS,gasolina,123.4560,42
2011-05-26,SP,etanol,32.0360,20
2011-05-26,SP,gasolina,53.4170,20
2011-05-30,AL,etanol,102.3790,43
2011-05-30,AL,gasolina,129.7460,45
2011-05-30,AM,etanol,4.9500,2
2011-05-30,AM,gasolina,66.2690,22
2011-05-30,AP,etanol,2.1800,1
2011-05-30,AP,gasolina,67.8700,23
2011-05-30,BA,etanol,451.2290,216
2011-05-30,BA,gasolina,631.3160,224
2011-05-30,CE,etanol,76.2620,36
2011-05-30,CE,gasolina,98.8290,36
2011-05-30,ES,etanol,65.1810,27
2011-05-30,ES,gasolina,81.0200,27
2011-05-30,GO,etanol,91.2080,47
2011-05-30,GO,gasolina,135.3400,47
2011-05-30,MA,etanol,56.2850,25
2011-05-30,MA,gasolina,101.3030,36
2011-05-30,MG,etanol,424.5710,196
2011-05-30,MG,gasolina,599.5560,207
2011-05-30,MS,etanol,46.0930,23
2011-05-30,MS,gasolina,68.8960,23
2011-05-30,MT,etanol,27.9400,15
2011-05-30,MT,gasolina,44.4800,15
2011-05-30,PA,etanol,134.3680,53
2011-05-30,PA,gasolina,356.3590,117
2011-05-30,PB,etanol,100.2370,46
2011-05-30,PB,gasolina,128.4930,48
2011-05-30,PE,etanol,269.1910,123
2011-05-30,PE,gasolina,340.2570,124
2011-05-30,PI,etanol,94.5650,40
2011-05-30,PI,gasolina,148.7280,54
2011-05-30,PR,etanol,279.9860,158
2011-05-30,PR,gasolina,435.1090,159
2011-05-30,RJ,etanol,683.0130,299
2011-05-30,RJ,gasolina,898.8060,302
2011-05-30,RN,etanol,36.0390,16
2011-05-30,RN,gasolina,42.8660,16
2011-05-30,RO,etanol,176.3570,72
2011-05-30,RO,gasolina,219.5330,73
2011-05-30,RR,etanol,2.6500,1
2011-05-30,RR,gasolina,53.3100,18
2011-05-30,RS,etanol,812.2340,355
2011-05-30,RS,gasolina,1069.8110,381
2011-05-30,SC,etanol,723.9410,308
2011-05-30,SC,gasolina,880.3080,314
2011-05-30,SE,etanol,66.1880,29
2011-05-30,SE,gasolina,83.6500,30
2011-05-30,SP,etanol,961.2140,569
2011-05-30,SP,gasolina,1524.9480,566
2011-05-30,TO,etanol,105.2300,48
2011-05-30,TO,gasolina,148.5190,50
2011-05-31,AC,etanol,17.6400,7
2011-05-31,AC,gasolina,23.0300,7
2011-05-31,AL,etanol,107.0480,45
2011-05-31,AL,gasolina,133.0120,46
2011-05-31,AM,etanol,173.1550,73
2011-05-31,AM,gasolina,248.9190,90
2011-05-31,AP,etanol,35.1100,15
2011-05-31,AP,gasolina,45.5800,17
2011-05-31,BA,etanol,171.4930,83
2011-05-31,BA,gasolina,223.7990,82
2011-05-31,CE,etanol,200.8450,94
2011-05-31,CE,gasolina,273.8730,99
2011-05-31,DF,etanol,17.4990,9
2011-05-31,DF,gasolina,23.6890,9
2011-05-31,ES,etanol,99.2800,42
2011-05-31,ES,gasolina,126.6100,43
2011-05-31,GO,etanol,379.4020,204
2011-05-31,GO,gasolina,587.0410,203
2011-05-31,MA,etanol,94.9790,42
2011-05-31,MA,gasolina,147.9480,52
2011-05-31,MG,etanol,898.3280,427
2011-05-31,MG,gasolina,1236.9340,428
2011-05-31,MS,etanol,123.1140,63
2011-05-31,MS,gasolina,183.7010,66
2011-05-31,MT,etanol,84.8460,50
2011-05-31,MT,gasolina,140.6460,49
2011-05-31,PA,etanol,105.0370,45
2011-05-31,PA,gasolina,195.4250,70
2011-05-31,PB,etanol,164.0000,76
2011-05-31,PB,gasolina,200.6360,77
2011-05-31,PE,etanol,221.1720,98
2011-05-31,PE,gasolina,275.8000,99
2011-05-31,PI,etanol,73.9990,31
2011-05-31,PI,gasolina,89.1190,34
2011-05-31,PR,etanol,360.3610,208
2011-05-31,PR,gasolina,564.5050,209
2011-05-31,RJ,etanol,520.0750,233
2011-05-31,RJ,gasolina,701.1420,238
2011-05-31,RN,etanol,181.5590,81
2011-05-31,RN,gasolina,224.1340,82
2011-05-31,RO,etanol,72.3300,29
2011-05-31,RO,gasolina,89.3100,30
2011-05-31,RR,etanol,40.0700,16
2011-05-31,RR,gasolina,58.2000,20
2011-05-31,RS,etanol,188.3560,80
2011-05-31,RS,gasolina,286.5850,98
2011-05-31,SC,etanol,103.1170,47
2011-05-31,SC,gasolina,125.0150,47
2011-05-31,SE,etanol,9.2900,4
2011-05-31,SE,gasolina,14.2290,5
2011-05-31,SP,etanol,1768.5700,1044
2011-05-31,SP,gasolina,2799.6990,1041
2011-05-31,TO,etanol,20.7690,10
2011-05-31,TO,gasolina,30.2990,10
2011-06-01,AC,etanol,84.7760,33
2011-06-01,AC,gasolina,144.4960,45
2011-06-01,AL,etanol,14.0990,6
2011-06-01,AL,gasolina,20.0480,7
2011-06-01,AM,etanol,4.8800,2
2011-06-01,AM,gasolina,25.7500,8
2011-06-01,BA,etanol,238.1290,113
2011-06-01,BA,gasolina,311.4310,112
2011-06-01,CE,etanol,186.0350,82
2011-06-01,CE,gasolina,264.2980,92
2011-06-01,DF,etanol,139.8250,71
2011-06-01,DF,gasolina,190.1830,71
2011-06-01,ES,etanol,294.1680,120
2011-06-01,ES,gasolina,346.3500,119
2011-06-01,GO,etanol,7.5090,4
2011-06-01,GO,gasolina,11.5790,4
2011-06-01,MA,etanol,94.9820,44
2011-06-01,MA,gasolina,138.7430,51
2011-06-01,MG,etanol,714.3430,343
2011-06-01,MG,gasolina,981.5580,343
2011-06-01,MS,etanol,91.2630,46
2011-06-01,MS,gasolina,118.2220,43
2011-06-01,MT,etanol,119.7350,75
2011-06-01,MT,gasolina,207.3430,75
2011-06-01,PA,etanol,6.7380,3
2011-06-01,PA,gasolina,25.6250,9
2011-06-01,PB,etanol,2.1800,1
2011-06-01,PB,gasolina,2.5900,1
2011-06-01,PE,etanol,247.0330,113
2011-06-01,PE,gasolina,314.9130,115
2011-06-01,PI,etanol,32.2000,14
2011-06-01,PI,gasolina,38.9200,15
2011-06-01,PR,etanol,352.8480,198
2011-06-01,PR,gasolina,545.4370,197
2011-06-01,RJ,etanol,433.7620,192
2011-06-01,RJ,gasolina,569.1450,194
2011-06-01,RN,etanol,39.3900,17
2011-06-01,RN,gasolina,49.7400,18
2011-06-01,RS,etanol,239.8480,99
2011-06-01,RS,gasolina,323.2130,111
2011-06-01,SC,etanol,56.3660,25
2011-06-01,SC,gasolina,68.1800,26
2011-06-01,SE,etanol,50.2830,22
2011-06-01,SE,gasolina,62.0450,22
2011-06-01,SP,etanol,1265.1380,754
2011-06-01,SP,gasolina,2023.0490,750
2011-06-01,TO,etanol,2.4800,1
2011-06-01,TO,gasolina,2.8900,1
2011-06-02,BA,etanol,22.1150,10
2011-06-02,BA,gasolina,28.2060,10
2011-06-02,MA,etanol,16.7300,7
2011-06-02,MA,gasolina,22.6000,8
2011-06-02,MG,etanol,31.9790,14
2011-06-02,MG,gasolina,40.3890,14
2011-06-02,RJ,etanol,4.3780,2
2011-06-02,RJ,gasolina,5.6780,2
2011-06-02,RS,etanol,54.2490,22
2011-06-02,RS,gasolina,66.9020,23
2011-06-02,SP,etanol,31.6950,20
2011-06-02,SP,gasolina,53.1360,20
2011-06-06,AP,gasolina,12.1000,4
2011-06-06,BA,etanol,82.4000,39
2011-06-06,BA,gasolina,125.6430,44
2011-06-06,CE,etanol,1.9900,1
2011-06-06,CE,gasolina,2.6600,1
2011-06-06,GO,etanol,1.6990,1
2011-06-06,GO,gasolina,2.7990,1
2011-06-06,MG,etanol,191.4370,91
2011-06-06,MG,gasolina,256.8880,91
2011-06-06,MS,etanol,12.0500,6
2011-06-06,MS,gasolina,17.1750,6
2011-06-06,PA,gasolina,3.0500,1
2011-06-06,PE,etanol,62.2230,29
2011-06-06,PE,gasolina,80.5910,30
2011-06-06,PI,etanol,34.5200,15
2011-06-06,PI,gasolina,41.6100,16
2011-06-06,PR,etanol,47.1910,27
2011-06-06,PR,gasolina,72.5900,27
2011-06-06,RJ,etanol,6.7880,3
2011-06-06,RJ,gasolina,8.7680,3
2011-06-06,RS,etanol,396.3490,177
2011-06-06,RS,gasolina,532.8460,192
2011-06-06,SC,etanol,58.8640,26
2011-06-06,SC,gasolina,68.9620,26
2011-06-06,SP,etanol,77.8570,47
2011-06-06,SP,gasolina,126.3130,47
2011-06-07,AC,etanol,58.7790,23
2011-06-07,AC,gasolina,74.6290,24
2011-06-07,AL,etanol,133.1500,56
2011-06-07,AL,gasolina,172.6290,60
2011-06-07,AM,etanol,170.8970,74
2011-06-07,AM,gasolina,311.8090,112
2011-06-07,AP,etanol,37.3900,16
2011-06-07,AP,gasolina,90.3000,32
2011-06-07,BA,etanol,651.0340,323
2011-06-07,BA,gasolina,904.0090,331
2011-06-07,CE,etanol,414.2720,189
2011-06-07,CE,gasolina,559.7510,200
2011-06-07,DF,etanol,33.5080,17
2011-06-07,DF,gasolina,47.5490,17
2011-06-07,ES,etanol,164.5700,69
2011-06-07,ES,gasolina,203.2790,69
2011-06-07,GO,etanol,302.0000,163
2011-06-07,GO,gasolina,470.7690,164
2011-06-07,MA,etanol,112.5270,50
2011-06-07,MA,gasolina,189.6050,66
2011-06-07,MG,etanol,1263.9150,605
2011-06-07,MG,gasolina,1760.2440,613
2011-06-07,MS,etanol,110.6360,55
2011-06-07,MS,gasolina,162.6180,56
2011-06-07,MT,etanol,138.2030,84
2011-06-07,MT,gasolina,233.5960,83
2011-06-07,PA,etanol,239.2850,98
2011-06-07,PA,gasolina,558.1420,188
2011-06-07,PB,etanol,245.4680,114
2011-06-07,PB,gasolina,301.3220,116
2011-06-07,PE,etanol,626.3290,285
2011-06-07,PE,gasolina,796.0320,291
2011-06-07,PI,etanol,121.6290,51
2011-06-07,PI,gasolina,171.1530,63
2011-06-07,PR,etanol,428.5090,244
2011-06-07,PR,gasolina,663.9470,242
2011-06-07,RJ,etanol,951.3510,432
2011-06-07,RJ,gasolina,1300.6650,443
2011-06-07,RN,etanol,256.1670,115
2011-06-07,RN,gasolina,317.7040,116
2011-06-07,RO,etanol,245.9370,102
2011-06-07,RO,gasolina,308.3170,103
2011-06-07,RR,etanol,40.0200,16
2011-06-07,RR,gasolina,55.3400,19
2011-06-07,RS,etanol,599.6540,256
2011-06-07,RS,gasolina,806.7420,283
2011-06-07,SC,etanol,511.0310,223
2011-06-07,SC,gasolina,615.5340,225
2011-06-07,SE,etanol,50.6330,22
2011-06-07,SE,gasolina,63.8530,23
2011-06-07,SP,etanol,2519.8780,1518
2011-06-07,SP,gasolina,4014.7720,1510
2011-06-07,TO,etanol,122.9080,59
2011-06-07,TO,gasolina,178.6680,61
2011-06-08,AC,etanol,29.7200,11
2011-06-08,AC,gasolina,76.2400,23
2011-06-08,AL,etanol,87.2140,37
2011-06-08,AL,gasolina,112.3990,39
2011-06-08,AM,etanol,9.9500,4
2011-06-08,AM,gasolina,24.2000,8
2011-06-08,BA,etanol,77.8130,37
2011-06-08,BA,gasolina,100.0600,36
2011-06-08,CE,etanol,49.4770,22
2011-06-08,CE,gasolina,74.7170,27
2011-06-08,DF,etanol,124.8070,63
2011-06-08,DF,gasolina,175.4960,63
2011-06-08,ES,etanol,291.8970,122
2011-06-08,ES,gasolina,354.0700,122
2011-06-08,GO,etanol,162.9880,91
2011-06-08,GO,gasolina,255.4780,90
2011-06-08,MA,etanol,145.6510,66
2011-06-08,MA,gasolina,198.9290,74
2011-06-08,MG,etanol,460.1810,222
2011-06-08,MG,gasolina,639.4770,222
2011-06-08,MS,etanol,136.9240,72
2011-06-08,MS,gasolina,181.3650,69
2011-06-08,MT,etanol,56.1700,32
2011-06-08,MT,gasolina,92.5500,32
2011-06-08,PA,gasolina,2.8900,1
2011-06-08,PB,etanol,18.3400,8
2011-06-08,PB,gasolina,27.6200,10
2011-06-08,PE,etanol,41.4200,17
2011-06-08,PE,gasolina,50.6930,17
2011-06-08,PI,etanol,48.2300,21
2011-06-08,PI,gasolina,62.3700,24
2011-06-08,PR,etanol,433.8990,248
2011-06-08,PR,gasolina,669.6720,250
2011-06-08,RJ,etanol,414.8710,190
2011-06-08,RJ,gasolina,550.6140,188
2011-06-08,RR,etanol,2.6500,1
2011-06-08,RR,gasolina,41.4500,14
2011-06-08,RS,etanol,240.9630,100
2011-06-08,RS,gasolina,322.7430,112
2011-06-08,SC,etanol,223.6070,95
2011-06-08,SC,gasolina,265.9740,97
2011-06-08,SE,etanol,49.6240,22
2011-06-08,SE,gasolina,63.3170,23
2011-06-08,SP,etanol,1261.4620,746
2011-06-08,SP,gasolina,2002.5130,746
2011-06-09,AC,etanol,12.0600,5
2011-06-09,AC,gasolina,15.1600,5
2011-06-09,AM,gasolina,3.1000,1
2011-06-09,BA,etanol,40.4050,18
2011-06-09,BA,gasolina,55.0150,19
2011-06-09,MA,etanol,17.1850,8
2011-06-09,MA,gasolina,20.5940,8
2011-06-09,MG,etanol,125.8610,62
2011-06-09,MG,gasolina,174.6170,62
2011-06-09,MT,etanol,35.1800,24
2011-06-09,MT,gasolina,64.2100,24
2011-06-09,PA,etanol,6.7380,3
2011-06-09,PA,gasolina,22.4350,8
2011-06-09,PR,etanol,83.5210,46
2011-06-09,PR,gasolina,128.6270,46
2011-06-09,RJ,etanol,215.1510,99
2011-06-09,RJ,gasolina,284.9680,99
2011-06-09,RR,gasolina,8.9200,3
2011-06-09,RS,etanol,56.1170,24
2011-06-09,RS,gasolina,68.9660,24
2011-06-09,SC,etanol,87.3320,38
2011-06-09,SC,gasolina,108.4210,38
2011-06-09,SE,etanol,18.2670,8
2011-06-09,SE,gasolina,30.8570,11
2011-06-09,SP,etanol,129.1310,76
2011-06-09,SP,gasolina,203.6260,76
2011-06-13,AC,etanol,57.3460,23
2011-06-13,AC,gasolina,71.0970,23
2011-06-13,AP,gasolina,12.1000,4
2011-06-13,BA,etanol,152.9760,75
2011-06-13,BA,gasolina,219.7130,80
2011-06-13,CE,etanol,72.8550,36
2011-06-13,CE,gasolina,99.5930,37
2011-06-13,GO,etanol,1.8400,1
2011-06-13,GO,gasolina,2.8500,1
2011-06-13,MG,etanol,206.7490,100
2011-06-13,MG,gasolina,284.7350,100
2011-06-13,MS,etanol,26.4400,13
2011-06-13,MS,gasolina,46.2900,16
2011-06-13,MT,etanol,88.7210,54
2011-06-13,MT,gasolina,152.8110,54
2011-06-13,PA,etanol,56.4780,25
2011-06-13,PA,gasolina,112.2980,41
2011-06-13,PB,etanol,21.8700,10
2011-06-13,PB,gasolina,26.6300,10
2011-06-13,PE,etanol,132.5890,63
2011-06-13,PE,gasolina,170.7110,64
2011-06-13,PI,etanol,9.4600,4
2011-06-13,PI,gasolina,11.0000,4
2011-06-13,PR,etanol,261.1790,150
2011-06-13,PR,gasolina,408.9210,152
2011-06-13,RJ,etanol,242.3480,114
2011-06-13,RJ,gasolina,331.0270,114
2011-06-13,RR,etanol,12.5000,5
2011-06-13,RR,gasolina,55.5200,19
2011-06-13,RS,etanol,441.5700,200
2011-06-13,RS,gasolina,615.3570,222
2011-06-13,SC,etanol,172.8160,75
2011-06-13,SC,gasolina,210.7960,76
2011-06-13,SE,etanol,22.2740,10
2011-06-13,SE,gasolina,26.7920,10
2011-06-13,SP,etanol,535.9480,317
2011-06-13,SP,gasolina,840.6320,315
2011-06-13,TO,etanol,29.6000,15
2011-06-13,TO,gasolina,43.6500,15
2011-06-14,AC,etanol,2.5500,1
2011-06-14,AC,gasolina,13.4700,4
2011-06-14,AL,etanol,104.3330,44
2011-06-14,AL,gasolina,123.1300,43
2011-06-14,AM,etanol,20.2700,8
2011-06-14,AM,gasolina,119.2500,39
2011-06-14,AP,etanol,37.0800,16
2011-06-14,AP,gasolina,90.1200,32
2011-06-14,BA,etanol,474.5800,233
2011-06-14,BA,gasolina,662.0770,239
2011-06-14,CE,etanol,334.8070,152
2011-06-14,CE,gasolina,470.0220,167
2011-06-14,ES,etanol,163.1100,68
2011-06-14,ES,gasolina,204.0500,69
2011-06-14,GO,etanol,272.7200,147
2011-06-14,GO,gasolina,423.5720,147
2011-06-14,MA,etanol,155.1540,70
2011-06-14,MA,gasolina,235.3100,84
2011-06-14,MG,etanol,1065.0370,508
2011-06-14,MG,gasolina,1483.9130,514
2011-06-14,MS,etanol,204.6060,107
2011-06-14,MS,gasolina,290.8630,108
2011-06-14,MT,etanol,131.7730,84
2011-06-14,MT,gasolina,226.2420,83
2011-06-14,PA,etanol,156.4570,62
2011-06-14,PA,gasolina,405.0630,132
2011-06-14,PB,etanol,122.2480,56
2011-06-14,PB,gasolina,152.5400,58
2011-06-14,PE,etanol,547.7890,250
2011-06-14,PE,gasolina,699.8880,256
2011-06-14,PI,etanol,156.3990,67
2011-06-14,PI,gasolina,219.9080,83
2011-06-14,PR,etanol,329.4260,185
2011-06-14,PR,gasolina,500.8150,183
2011-06-14,RJ,etanol,495.4620,219
2011-06-14,RJ,gasolina,684.7990,230
2011-06-14,RN,etanol,208.6890,93
2011-06-14,RN,gasolina,260.9680,95
2011-06-14,RO,etanol,243.4200,101
2011-06-14,RO,gasolina,309.3430,103
2011-06-14,RS,etanol,476.1290,212
2011-06-14,RS,gasolina,667.8550,236
2011-06-14,SC,etanol,395.3540,173
2011-06-14,SC,gasolina,470.6480,174
2011-06-14,SE,etanol,25.8300,11
2011-06-14,SE,gasolina,34.3820,12
2011-06-14,SP,etanol,2044.6400,1212
2011-06-14,SP,gasolina,3224.3010,1207
2011-06-14,TO,etanol,93.3970,44
2011-06-14,TO,gasolina,131.2350,45
2011-06-15,AC,etanol,34.9900,13
2011-06-15,AC,gasolina,65.5400,20
2011-06-15,AL,etanol,13.7990,6
2011-06-15,AL,gasolina,19.6300,7
2011-06-15,AM,etanol,166.4350,74
2011-06-15,AM,gasolina,214.3670,81
2011-06-15,BA,etanol,127.5930,66
2011-06-15,BA,gasolina,165.6630,65
2011-06-15,CE,etanol,38.0090,17
2011-06-15,CE,gasolina,69.4590,25
2011-06-15,DF,etanol,158.9490,80
2011-06-15,DF,gasolina,222.8490,80
2011-06-15,ES,etanol,286.4000,122
2011-06-15,ES,gasolina,351.4000,122
2011-06-15,GO,etanol,188.5210,106
2011-06-15,GO,gasolina,295.0310,105
2011-06-15,MA,etanol,107.7630,49
2011-06-15,MA,gasolina,161.0700,60
2011-06-15,MG,etanol,680.0800,332
2011-06-15,MG,gasolina,933.2530,333
2011-06-15,MS,etanol,23.1040,11
2011-06-15,MS,gasolina,22.9450,8
2011-06-15,MT,etanol,1.9400,1
2011-06-15,MT,gasolina,3.0300,1
2011-06-15,PB,etanol,119.6420,56
2011-06-15,PB,gasolina,148.9790,58
2011-06-15,PE,etanol,41.4200,17
2011-06-15,PE,gasolina,50.6930,17
2011-06-15,PI,etanol,31.8800,14
2011-06-15,PI,gasolina,41.4400,16
2011-06-15,PR,etanol,257.3270,145
2011-06-15,PR,gasolina,390.8240,145
2011-06-15,RJ,etanol,755.5530,348
2011-06-15,RJ,gasolina,1018.0650,351
2011-06-15,RN,etanol,46.1990,21
2011-06-15,RN,gasolina,55.9980,21
2011-06-15,RR,etanol,2.6500,1
2011-06-15,RR,gasolina,41.5000,14
2011-06-15,RS,etanol,263.2740,117
2011-06-15,RS,gasolina,367.2610,128
2011-06-15,SC,etanol,177.8840,76
2011-06-15,SC,gasolina,212.7660,78
2011-06-15,SE,etanol,51.1030,23
2011-06-15,SE,gasolina,65.6450,24
2011-06-15,SP,etanol,1219.9300,724
2011-06-15,SP,gasolina,1933.1350,724
2011-06-16,AC,etanol,12.0600,5
2011-06-16,AC,gasolina,15.1600,5
2011-06-16,AL,etanol,106.5440,46
2011-06-16,AL,gasolina,130.9210,46
2011-06-16,AM,gasolina,3.1000,1
2011-06-16,BA,etanol,94.9100,46
2011-06-16,BA,gasolina,129.3600,46
2011-06-16,MA,etanol,6.5280,3
2011-06-16,MA,gasolina,7.5670,3
2011-06-16,MG,etanol,77.7190,38
2011-06-16,MG,gasolina,108.3710,38
2011-06-16,MT,etanol,1.4800,1
2011-06-16,MT,gasolina,2.6800,1
2011-06-16,PA,etanol,36.3450,16
2011-06-16,PA,gasolina,69.6730,25
2011-06-16,PR,etanol,153.7490,86
2011-06-16,PR,gasolina,233.3380,86
2011-06-16,RJ,etanol,89.3120,42
2011-06-16,RJ,gasolina,121.5520,43
2011-06-16,RR,gasolina,8.9200,3
2011-06-16,RS,etanol,55.7270,24
2011-06-16,RS,gasolina,68.7760,24
2011-06-16,SC,etanol,129.5030,56
2011-06-16,SC,gasolina,160.9040,57
2011-06-16,SE,etanol,18.2670,8
2011-06-16,SE,gasolina,30.8570,11
2011-06-16,SP,etanol,210.5690,130
2011-06-16,SP,gasolina,337.1540,130
2011-06-20,AC,etanol,2.4600,1
2011-06-20,AC,gasolina,3.1000,1
2011-06-20,AL,etanol,118.7130,50
2011-06-20,AL,gasolina,153.9370,54
2011-06-20,AM,etanol,17.0700,7
2011-06-20,AM,gasolina,103.3500,34
2011-06-20,AP,etanol,34.6900,15
2011-06-20,AP,gasolina,92.7100,33
2011-06-20,BA,etanol,279.3880,134
2011-06-20,BA,gasolina,411.6020,144
2011-06-20,CE,etanol,103.4290,49
2011-06-20,CE,gasolina,131.6890,48
2011-06-20,DF,etanol,80.9600,41
2011-06-20,DF,gasolina,113.5180,41
2011-06-20,ES,etanol,202.4320,84
2011-06-20,ES,gasolina,248.1520,84
2011-06-20,GO,etanol,455.2730,248
2011-06-20,GO,gasolina,708.4460,248
2011-06-20,MA,etanol,199.1270,90
2011-06-20,MA,gasolina,293.9110,106
2011-06-20,MG,etanol,705.0900,336
2011-06-20,MG,gasolina,968.1360,337
2011-06-20,MS,etanol,156.7940,82
2011-06-20,MS,gasolina,214.2680,82
2011-06-20,MT,etanol,77.2360,47
2011-06-20,MT,gasolina,135.1040,48
2011-06-20,PA,etanol,152.7350,61
2011-06-20,PA,gasolina,415.6010,136
2011-06-20,PB,etanol,221.3040,103
2011-06-20,PB,gasolina,273.4290,106
2011-06-20,PE,etanol,414.5100,190
2011-06-20,PE,gasolina,529.5620,194
2011-06-20,PI,etanol,136.6400,58
2011-06-20,PI,gasolina,194.4100,73
2011-06-20,PR,etanol,443.3260,240
2011-06-20,PR,gasolina,646.6730,237
2011-06-20,RJ,etanol,352.8600,162
2011-06-20,RJ,gasolina,486.3380,166
2011-06-20,RN,etanol,4.2990,2
2011-06-20,RN,gasolina,5.4400,2
2011-06-20,RO,etanol,245.7870,102
2011-06-20,RO,gasolina,308.3070,103
2011-06-20,RR,etanol,22.4400,9
2011-06-20,RR,gasolina,55.3100,19
2011-06-20,RS,etanol,716.3560,320
2011-06-20,RS,gasolina,942.6170,340
2011-06-20,SC,etanol,44.6220,19
2011-06-20,SC,gasolina,51.2410,20
2011-06-20,SE,etanol,48.1220,21
2011-06-20,SE,gasolina,61.0550,22
2011-06-20,SP,etanol,1302.0670,745
2011-06-20,SP,gasolina,1988.9910,744
2011-06-20,TO,etanol,83.6400,41
2011-06-20,TO,gasolina,125.3100,43
2011-06-21,AC,etanol,100.7290,39
2011-06-21,AC,gasolina,162.9690,51
2011-06-21,AL,etanol,104.7000,45
2011-06-21,AL,gasolina,131.3700,46
2011-06-21,AM,etanol,142.2620,64
2011-06-21,AM,gasolina,178.1400,71
2011-06-21,BA,etanol,498.1410,250
2011-06-21,BA,gasolina,673.2650,252
2011-06-21,CE,etanol,269.5890,123
2011-06-21,CE,gasolina,377.8890,136
2011-06-21,DF,etanol,77.6380,39
2011-06-21,DF,gasolina,108.3480,39
2011-06-21,ES,etanol,249.3200,107
2011-06-21,ES,gasolina,305.3100,106
2011-06-21,GO,etanol,12.2640,7
2011-06-21,GO,gasolina,18.9890,7
2011-06-21,MA,etanol,70.1890,32
2011-06-21,MA,gasolina,111.8380,42
2011-06-21,MG,etanol,772.2860,369
2011-06-21,MG,gasolina,1056.0550,371
2011-06-21,MS,etanol,86.5800,42
2011-06-21,MS,gasolina,118.7980,42
2011-06-21,MT,etanol,149.0040,93
2011-06-21,MT,gasolina,251.0970,91
2011-06-21,PA,etanol,94.0780,41
2011-06-21,PA,gasolina,171.3180,62
2011-06-21,PB,etanol,34.2100,16
2011-06-21,PB,gasolina,43.9900,17
2011-06-21,PE,etanol,301.2990,141
2011-06-21,PE,gasolina,387.1160,143
2011-06-21,PI,etanol,61.4590,27
2011-06-21,PI,gasolina,77.4890,30
2011-06-21,PR,etanol,520.9830,286
2011-06-21,PR,gasolina,763.3270,285
2011-06-21,RJ,etanol,826.8950,376
2011-06-21,RJ,gasolina,1103.8350,378
2011-06-21,RN,etanol,249.7730,113
2011-06-21,RN,gasolina,312.0670,115
2011-06-21,RR,etanol,4.8400,2
2011-06-21,RR,gasolina,49.8500,17
2011-06-21,RS,etanol,560.8960,237
2011-06-21,RS,gasolina,765.6200,266
2011-06-21,SC,etanol,678.5180,292
2011-06-21,SC,gasolina,815.5470,296
2011-06-21,SE,etanol,69.6510,31
2011-06-21,SE,gasolina,95.9820,35
2011-06-21,SP,etanol,2315.8660,1322
2011-06-21,SP,gasolina,3504.1710,1316
2011-06-21,TO,etanol,37.2470,18
2011-06-21,TO,gasolina,53.0370,18
2011-06-22,AM,etanol,4.4490,2
2011-06-22,AM,gasolina,7.7190,3
2011-06-22,BA,etanol,70.6420,35
2011-06-22,BA,gasolina,96.0440,35
2011-06-22,CE,etanol,76.3390,35
2011-06-22,CE,gasolina,117.5080,42
2011-06-22,MG,etanol,547.1240,264
2011-06-22,MG,gasolina,741.7160,264
2011-06-22,MS,etanol,16.6300,8
2011-06-22,MS,gasolina,22.5700,8
2011-06-22,PB,etanol,2.1500,1
2011-06-22,PB,gasolina,2.4900,1
2011-06-22,PE,etanol,2.0500,1
2011-06-22,PE,gasolina,2.6900,1
2011-06-22,PR,etanol,73.8840,40
2011-06-22,PR,gasolina,109.3730,40
2011-06-22,RJ,etanol,404.2230,187
2011-06-22,RJ,gasolina,556.5290,193
2011-06-22,RS,etanol,4.5180,2
2011-06-22,RS,gasolina,5.7340,2
2011-06-22,SC,etanol,156.2510,70
2011-06-22,SC,gasolina,187.7770,71
2011-06-22,SP,etanol,525.5080,304
2011-06-22,SP,gasolina,813.3550,304
2011-06-23,AM,etanol,10.4600,4
2011-06-23,AM,gasolina,36.3400,12
2011-06-23,MG,etanol,30.0600,15
2011-06-23,MG,gasolina,42.1680,15
2011-06-23,SP,etanol,21.2530,12
2011-06-23,SP,gasolina,31.9230,12
2011-06-27,AC,etanol,47.3760,19
2011-06-27,AC,gasolina,58.7460,19
2011-06-27,AL,etanol,120.4630,51
2011-06-27,AL,gasolina,147.8000,52
2011-06-27,AM,etanol,14.8500,6
2011-06-27,AM,gasolina,100.8100,33
2011-06-27,AP,etanol,34.7700,15
2011-06-27,AP,gasolina,92.7000,33
2011-06-27,BA,etanol,532.8800,256
2011-06-27,BA,gasolina,756.8190,268
2011-06-27,CE,etanol,239.3100,114
2011-06-27,CE,gasolina,307.5200,113
2011-06-27,ES,etanol,200.2620,83
2011-06-27,ES,gasolina,247.9720,84
2011-06-27,GO,etanol,325.4400,174
2011-06-27,GO,gasolina,499.9510,174
2011-06-27,MA,etanol,171.4270,77
2011-06-27,MA,gasolina,263.7100,94
2011-06-27,MG,etanol,799.9400,379
2011-06-27,MG,gasolina,1090.7290,381
2011-06-27,MS,etanol,206.5390,106
2011-06-27,MS,gasolina,280.4030,106
2011-06-27,MT,etanol,131.0530,83
2011-06-27,MT,gasolina,225.2750,83
2011-06-27,PA,etanol,208.6650,85
2011-06-27,PA,gasolina,498.6090,167
2011-06-27,PB,etanol,143.0580,65
2011-06-27,PB,gasolina,180.1750,68
2011-06-27,PE,etanol,377.0390,171
2011-06-27,PE,gasolina,475.9750,174
2011-06-27,PI,etanol,69.2800,29
2011-06-27,PI,gasolina,118.9700,43
2011-06-27,PR,etanol,384.2350,203
2011-06-27,PR,gasolina,548.3230,201
2011-06-27,RJ,etanol,501.7600,228
2011-06-27,RJ,gasolina,677.2260,233
2011-06-27,RN,etanol,101.3710,46
2011-06-27,RN,gasolina,129.0370,47
2011-06-27,RO,etanol,172.7680,73
2011-06-27,RO,gasolina,219.4850,73
2011-06-27,RR,etanol,34.6900,14
2011-06-27,RR,gasolina,55.0490,19
2011-06-27,RS,etanol,527.0770,231
2011-06-27,RS,gasolina,700.7490,252
2011-06-27,SC,etanol,254.4640,110
2011-06-27,SC,gasolina,309.9510,113
2011-06-27,SE,etanol,75.2830,33
2011-06-27,SE,gasolina,94.5230,34
2011-06-27,SP,etanol,1154.7010,642
2011-06-27,SP,gasolina,1692.5740,635
2011-06-27,TO,etanol,86.1200,42
2011-06-27,TO,gasolina,125.2990,43
2011-06-28,AC,etanol,47.1300,18
2011-06-28,AC,gasolina,98.3600,30
2011-06-28,AL,etanol,104.3350,45
2011-06-28,AL,gasolina,130.9600,46
2011-06-28,AM,etanol,156.3920,71
2011-06-28,AM,gasolina,189.8170,75
2011-06-28,BA,etanol,265.3620,129
2011-06-28,BA,gasolina,362.5520,130
2011-06-28,CE,etanol,172.3350,76
2011-06-28,CE,gasolina,249.6050,88
2011-06-28,DF,etanol,157.8040,80
2011-06-28,DF,gasolina,222.2420,80
2011-06-28,ES,etanol,96.4200,42
2011-06-28,ES,gasolina,122.2100,42
2011-06-28,GO,etanol,144.0440,81
2011-06-28,GO,gasolina,227.5230,81
2011-06-28,MA,etanol,65.1530,30
2011-06-28,MA,gasolina,82.3330,32
2011-06-28,MG,etanol,948.9630,449
2011-06-28,MG,gasolina,1282.3770,452
2011-06-28,MS,etanol,36.3250,17
2011-06-28,MS,gasolina,46.1050,16
2011-06-28,MT,etanol,97.4030,56
2011-06-28,MT,gasolina,157.0840,54
2011-06-28,PA,etanol,10.1700,4
2011-06-28,PA,gasolina,20.8000,7
2011-06-28,PB,etanol,47.8490,23
2011-06-28,PB,gasolina,59.0470,24
2011-06-28,PE,etanol,291.3990,136
2011-06-28,PE,gasolina,373.5550,138
2011-06-28,PI,etanol,97.9790,43
2011-06-28,PI,gasolina,120.2090,47
2011-06-28,PR,etanol,457.1470,246
2011-06-28,PR,gasolina,668.0020,247
2011-06-28,RJ,etanol,798.1010,360
2011-06-28,RJ,gasolina,1050.7840,361
2011-06-28,RN,etanol,152.4600,68
2011-06-28,RN,gasolina,186.2100,69
2011-06-28,RO,etanol,69.9400,28
2011-06-28,RO,gasolina,89.3100,30
2011-06-28,RR,etanol,2.6500,1
2011-06-28,RR,gasolina,47.3600,16
2011-06-28,RS,etanol,684.0450,298
2011-06-28,RS,gasolina,927.9880,330
2011-06-28,SC,etanol,590.7110,256
2011-06-28,SC,gasolina,710.0290,260
2011-06-28,SE,etanol,42.2100,19
2011-06-28,SE,gasolina,63.0880,23
2011-06-28,SP,etanol,2460.6400,1385
2011-06-28,SP,gasolina,3688.1600,1382
2011-06-28,TO,etanol,36.8760,18
2011-06-28,TO,gasolina,52.9160,18
2011-06-29,AC,etanol,7.5300,3
2011-06-29,AC,gasolina,9.2900,3
2011-06-29,AM,etanol,2.1500,1
2011-06-29,AM,gasolina,2.4500,1
2011-06-29,BA,etanol,68.9950,34
2011-06-29,BA,gasolina,93.2440,34
2011-06-29,CE,etanol,48.2470,21
2011-06-29,CE,gasolina,74.5770,26
2011-06-29,ES,etanol,149.4900,64
2011-06-29,ES,gasolina,181.9700,64
2011-06-29,MA,etanol,24.5180,11
2011-06-29,MA,gasolina,57.1080,21
2011-06-29,MG,etanol,325.2500,155
2011-06-29,MG,gasolina,441.7590,155
2011-06-29,MS,etanol,20.5600,10
2011-06-29,MS,gasolina,27.1100,10
2011-06-29,PA,etanol,35.8850,16
2011-06-29,PA,gasolina,69.4730,25
2011-06-29,PB,etanol,64.7570,31
2011-06-29,PB,gasolina,77.7350,31
2011-06-29,PE,etanol,52.0480,25
2011-06-29,PE,gasolina,68.5650,26
2011-06-29,PI,etanol,27.4000,12
2011-06-29,PI,gasolina,32.4000,13
2011-06-29,PR,etanol,209.9220,116
2011-06-29,PR,gasolina,305.8820,116
2011-06-29,RJ,etanol,301.1410,138
2011-06-29,RJ,gasolina,414.6420,144
2011-06-29,RS,etanol,66.8210,29
2011-06-29,RS,gasolina,84.5030,29
2011-06-29,SC,etanol,33.8650,15
2011-06-29,SC,gasolina,39.5950,15
2011-06-29,SP,etanol,638.5640,359
2011-06-29,SP,gasolina,969.4070,360
2011-06-30,AM,etanol,10.4600,4
2011-06-30,AM,gasolina,36.3400,12
2011-07-04,AL,etanol,104.3650,44
2011-07-04,AL,gasolina,130.7370,46
2011-07-04,AM,etanol,12.0300,5
2011-07-04,AM,gasolina,51.7500,18
2011-07-04,AP,etanol,4.6100,2
2011-07-04,AP,gasolina,46.6700,16
2011-07-04,BA,etanol,421.8940,203
2011-07-04,BA,gasolina,598.9320,212
2011-07-04,CE,etanol,69.6980,30
2011-07-04,CE,gasolina,92.4070,32
2011-07-04,ES,etanol,60.0820,24
2011-07-04,ES,gasolina,71.1220,24
2011-07-04,GO,etanol,18.9600,10
2011-07-04,GO,gasolina,28.1600,10
2011-07-04,MA,etanol,112.4090,50
2011-07-04,MA,gasolina,187.0260,65
2011-07-04,MG,etanol,564.7530,262
2011-07-04,MG,gasolina,752.9760,265
2011-07-04,MS,etanol,18.6580,9
2011-07-04,MS,gasolina,25.9880,9
2011-07-04,MT,etanol,58.0680,37
2011-07-04,MT,gasolina,98.2380,37
2011-07-04,PA,etanol,132.4490,52
2011-07-04,PA,gasolina,362.1760,118
2011-07-04,PB,etanol,111.5900,51
2011-07-04,PB,gasolina,143.6470,55
2011-07-04,PE,etanol,164.9690,72
2011-07-04,PE,gasolina,203.1760,72
2011-07-04,PI,etanol,35.6500,15
2011-07-04,PI,gasolina,64.0600,23
2011-07-04,PR,etanol,223.5260,116
2011-07-04,PR,gasolina,316.9190,116
2011-07-04,RJ,etanol,284.5950,127
2011-07-04,RJ,gasolina,382.1290,130
2011-07-04,RN,etanol,52.6290,24
2011-07-04,RN,gasolina,70.1480,25
2011-07-04,RO,etanol,128.2590,53
2011-07-04,RO,gasolina,159.8190,53
2011-07-04,RS,etanol,749.0400,329
2011-07-04,RS,gasolina,970.6610,352
2011-07-04,SC,etanol,46.6690,21
2011-07-04,SC,gasolina,55.6990,21
2011-07-04,SE,etanol,41.1310,18
2011-07-04,SE,gasolina,49.8460,18
2011-07-04,SP,etanol,608.8200,334
2011-07-04,SP,gasolina,895.3160,333
2011-07-04,TO,etanol,33.7000,17
2011-07-04,TO,gasolina,49.0900,17
2011-07-05,AC,etanol,16.9500,7
2011-07-05,AC,gasolina,43.0800,13
2011-07-05,AL,etanol,55.0860,24
2011-07-05,AL,gasolina,70.1330,25
2011-07-05,AM,etanol,12.8800,5
2011-07-05,AM,gasolina,84.4240,27
2011-07-05,AP,etanol,30.1600,13
2011-07-05,AP,gasolina,45.7800,17
2011-07-05,BA,etanol,168.3500,81
2011-07-05,BA,gasolina,222.5040,80
2011-07-05,CE,etanol,237.4620,107
2011-07-05,CE,gasolina,319.4580,114
2011-07-05,DF,etanol,158.7530,80
2011-07-05,DF,gasolina,223.0830,80
2011-07-05,ES,etanol,168.3400,70
2011-07-05,ES,gasolina,203.4800,69
2011-07-05,GO,etanol,452.1500,244
2011-07-05,GO,gasolina,698.4380,244
2011-07-05,MA,etanol,13.9090,7
2011-07-05,MA,gasolina,20.1570,8
2011-07-05,MG,etanol,704.3840,331
2011-07-05,MG,gasolina,952.3070,334
2011-07-05,MS,etanol,116.4110,55
2011-07-05,MS,gasolina,147.7330,52
2011-07-05,MT,etanol,157.2870,92
2011-07-05,MT,gasolina,257.4190,91
2011-07-05,PA,etanol,20.3570,9
2011-07-05,PA,gasolina,67.2050,23
2011-07-05,PB,etanol,47.9100,22
2011-07-05,PB,gasolina,58.3390,22
2011-07-05,PE,etanol,298.4690,139
2011-07-05,PE,gasolina,390.1100,146
2011-07-05,PI,etanol,59.1000,25
2011-07-05,PI,gasolina,94.0290,35
2011-07-05,PR,etanol,437.1570,236
2011-07-05,PR,gasolina,620.5750,233
2011-07-05,RJ,etanol,766.8810,346
2011-07-05,RJ,gasolina,1010.0610,348
2011-07-05,RN,etanol,178.2280,81
2011-07-05,RN,gasolina,217.0520,81
2011-07-05,RO,etanol,113.2070,47
2011-07-05,RO,gasolina,145.4770,49
2011-07-05,RR,etanol,42.2300,17
2011-07-05,RR,gasolina,103.5900,36
2011-07-05,RS,etanol,367.8840,155
2011-07-05,RS,gasolina,502.8660,175
2011-07-05,SC,etanol,554.2610,239
2011-07-05,SC,gasolina,665.6710,242
2011-07-05,SE,etanol,29.2770,13
2011-07-05,SE,gasolina,47.7560,17
2011-07-05,SP,etanol,1942.5920,1081
2011-07-05,SP,gasolina,2863.6910,1074
2011-07-05,TO,etanol,86.7570,42
2011-07-05,TO,gasolina,129.1270,44
2011-07-06,AC,etanol,87.7690,34
2011-07-06,AC,gasolina,125.0480,39
2011-07-06,AL,etanol,64.9620,28
2011-07-06,AL,gasolina,79.3140,28
2011-07-06,AM,etanol,152.5020,69
2011-07-06,AM,gasolina,189.0900,75
2011-07-06,BA,etanol,130.6740,63
2011-07-06,BA,gasolina,179.2010,64
2011-07-06,CE,etanol,89.9610,43
2011-07-06,CE,gasolina,130.1140,48
2011-07-06,ES,etanol,226.8740,98
2011-07-06,ES,gasolina,279.0080,97
2011-07-06,MA,etanol,138.8790,65
2011-07-06,MA,gasolina,194.3250,75
2011-07-06,MG,etanol,732.7560,349
2011-07-06,MG,gasolina,986.0180,348
2011-07-06,MS,etanol,129.9250,66
2011-07-06,MS,gasolina,184.0970,69
2011-07-06,MT,etanol,19.2300,11
2011-07-06,MT,gasolina,32.0190,11
2011-07-06,PA,etanol,87.9560,39
2011-07-06,PA,gasolina,152.8470,56
2011-07-06,PB,etanol,95.8110,46
2011-07-06,PB,gasolina,113.8720,46
2011-07-06,PE,etanol,253.1850,120
2011-07-06,PE,gasolina,320.8020,120
2011-07-06,PI,etanol,94.6390,42
2011-07-06,PI,gasolina,109.8390,44
2011-07-06,PR,etanol,332.2360,176
2011-07-06,PR,gasolina,477.4030,176
2011-07-06,RJ,etanol,300.4020,136
2011-07-06,RJ,gasolina,408.6280,141
2011-07-06,RN,etanol,20.2900,9
2011-07-06,RN,gasolina,27.6900,10
2011-07-06,RO,etanol,2.3000,1
2011-07-06,RO,gasolina,2.9900,1
2011-07-06,RR,etanol,2.1900,1
2011-07-06,RR,gasolina,2.7900,1
2011-07-06,RS,etanol,146.6080,63
2011-07-06,RS,gasolina,209.8970,74
2011-07-06,SC,etanol,272.6280,120
2011-07-06,SC,gasolina,330.9640,122
2011-07-06,SE,etanol,50.0550,22
2011-07-06,SE,gasolina,59.3560,22
2011-07-06,SP,etanol,1319.8070,736
2011-07-06,SP,gasolina,1960.8260,736
2011-07-07,BA,etanol,148.9940,72
2011-07-07,BA,gasolina,202.3440,73
2011-07-07,CE,etanol,70.2970,34
2011-07-07,CE,gasolina,94.4210,35
2011-07-07,GO,etanol,1.8500,1
2011-07-07,GO,gasolina,2.8900,1
2011-07-07,MG,etanol,90.2180,42
2011-07-07,MG,gasolina,121.2120,42
2011-07-07,MS,etanol,4.3980,2
2011-07-07,MS,gasolina,5.9980,2
2011-07-07,PR,etanol,67.7310,37
2011-07-07,PR,gasolina,100.3110,37
2011-07-07,RJ,etanol,247.9260,113
2011-07-07,RJ,gasolina,323.1940,114
2011-07-07,RS,etanol,20.8260,9
2011-07-07,RS,gasolina,29.0730,10
2011-07-07,SC,etanol,2.1990,1
2011-07-07,SC,gasolina,2.4990,1
2011-07-07,SP,etanol,424.6820,236
2011-07-07,SP,gasolina,628.3410,236
2011-07-11,AC,etanol,57.1460,23
2011-07-11,AC,gasolina,71.0760,23
2011-07-11,AL,etanol,208.6350,89
2011-07-11,AL,gasolina,257.5290,91
2011-07-11,AM,etanol,73.0170,33
2011-07-11,AM,gasolina,128.8250,50
2011-07-11,AP,etanol,33.0000,15
2011-07-11,AP,gasolina,92.4000,33
2011-07-11,BA,etanol,583.4100,280
2011-07-11,BA,gasolina,809.3440,288
2011-07-11,CE,etanol,215.9800,100
2011-07-11,CE,gasolina,287.9540,105
2011-07-11,ES,etanol,59.9120,24
2011-07-11,ES,gasolina,71.1620,24
2011-07-11,GO,etanol,34.3700,18
2011-07-11,GO,gasolina,51.0900,18
2011-07-11,MA,etanol,105.4460,47
2011-07-11,MA,gasolina,186.9040,65
2011-07-11,MG,etanol,603.7010,282
2011-07-11,MG,gasolina,804.6570,285
2011-07-11,MS,etanol,133.7050,66
2011-07-11,MS,gasolina,186.6950,68
2011-07-11,MT,etanol,169.0600,101
2011-07-11,MT,gasolina,279.3790,101
2011-07-11,PA,etanol,183.6780,75
2011-07-11,PA,gasolina,457.4420,153
2011-07-11,PB,etanol,136.4500,62
2011-07-11,PB,gasolina,173.0070,66
2011-07-11,PE,etanol,165.5720,72
2011-07-11,PE,gasolina,202.9560,72
2011-07-11,PI,etanol,39.3300,17
2011-07-11,PI,gasolina,69.3600,25
2011-07-11,PR,etanol,257.7850,134
2011-07-11,PR,gasolina,362.4020,132
2011-07-11,RJ,etanol,433.6890,195
2011-07-11,RJ,gasolina,575.7150,198
2011-07-11,RN,etanol,148.2380,67
2011-07-11,RN,gasolina,186.3310,68
2011-07-11,RO,etanol,193.8190,80
2011-07-11,RO,gasolina,249.1290,83
2011-07-11,RR,etanol,39.1900,16
2011-07-11,RR,gasolina,52.0500,19
2011-07-11,RS,etanol,700.3820,308
2011-07-11,RS,gasolina,904.2520,329
2011-07-11,SC,etanol,247.3280,109
2011-07-11,SC,gasolina,300.8050,111
2011-07-11,SE,etanol,40.9870,18
2011-07-11,SE,gasolina,49.7750,18
2011-07-11,SP,etanol,1222.0780,672
2011-07-11,SP,gasolina,1799.1320,671
2011-07-11,TO,etanol,63.2600,32
2011-07-11,TO,gasolina,92.6500,32
2011-07-12,AC,etanol,16.9500,7
2011-07-12,AC,gasolina,43.1800,13
2011-07-12,AL,etanol,13.4390,6
2011-07-12,AL,gasolina,19.3320,7
2011-07-12,AM,etanol,21.5670,9
2011-07-12,AM,gasolina,94.0010,31
2011-07-12,BA,etanol,169.1040,81
2011-07-12,BA,gasolina,224.1030,80
2011-07-12,CE,etanol,232.8070,105
2011-07-12,CE,gasolina,319.4600,114
2011-07-12,DF,etanol,84.5100,41
2011-07-12,DF,gasolina,116.2600,41
2011-07-12,ES,etanol,168.2000,70
2011-07-12,ES,gasolina,203.2600,69
2011-07-12,GO,etanol,427.5870,229
2011-07-12,GO,gasolina,659.0540,230
2011-07-12,MA,etanol,81.1450,39
2011-07-12,MA,gasolina,126.9830,49
2011-07-12,MG,etanol,602.6630,282
2011-07-12,MG,gasolina,815.4200,285
2011-07-12,MS,etanol,120.3360,58
2011-07-12,MS,gasolina,152.3480,55
2011-07-12,MT,etanol,69.6910,39
2011-07-12,MT,gasolina,109.4120,38
2011-07-12,PA,etanol,54.7050,24
2011-07-12,PA,gasolina,124.2780,44
2011-07-12,PB,etanol,23.2680,11
2011-07-12,PB,gasolina,27.9780,11
2011-07-12,PE,etanol,183.3270,84
2011-07-12,PE,gasolina,231.1590,86
2011-07-12,PI,etanol,65.0200,28
2011-07-12,PI,gasolina,99.4190,37
2011-07-12,PR,etanol,420.6070,224
2011-07-12,PR,gasolina,592.1160,222
2011-07-12,RJ,etanol,486.1120,216
2011-07-12,RJ,gasolina,627.8330,214
2011-07-12,RN,etanol,83.9500,38
2011-07-12,RN,gasolina,102.3070,38
2011-07-12,RO,etanol,43.3890,19
2011-07-12,RO,gasolina,56.1680,19
2011-07-12,RR,etanol,2.6500,1
2011-07-12,RR,gasolina,50.1600,17
2011-07-12,RS,etanol,373.9090,157
2011-07-12,RS,gasolina,511.6090,178
2011-07-12,SC,etanol,301.5980,129
2011-07-12,SC,gasolina,363.0200,130
2011-07-12,SE,etanol,29.2770,13
2011-07-12,SE,gasolina,47.6560,17
2011-07-12,SP,etanol,1780.6640,987
2011-07-12,SP,gasolina,2621.3820,983
2011-07-12,TO,etanol,59.4270,28
2011-07-12,TO,gasolina,85.2370,29
2011-07-13,AC,etanol,18.5700,7
2011-07-13,AC,gasolina,52.2490,16
2011-07-13,AM,etanol,71.9580,33
2011-07-13,AM,gasolina,97.1170,40
2011-07-13,BA,etanol,122.9260,60
2011-07-13,BA,gasolina,169.2860,61
2011-07-13,CE,etanol,11.8000,5
2011-07-13,CE,gasolina,28.1200,10
2011-07-13,ES,etanol,228.4320,97
2011-07-13,ES,gasolina,278.8590,97
2011-07-13,GO,etanol,10.2980,6
2011-07-13,GO,gasolina,15.9480,6
2011-07-13,MA,etanol,65.0240,30
2011-07-13,MA,gasolina,84.6670,33
2011-07-13,MG,etanol,760.9180,358
2011-07-13,MG,gasolina,1013.4840,357
2011-07-13,MS,etanol,17.6690,9
2011-07-13,MS,gasolina,23.9380,9
2011-07-13,PB,etanol,97.3230,46
2011-07-13,PB,gasolina,113.8300,46
2011-07-13,PE,etanol,379.6490,178
2011-07-13,PE,gasolina,475.8370,179
2011-07-13,PI,etanol,87.4790,38
2011-07-13,PI,gasolina,103.0290,40
2011-07-13,PR,etanol,335.8050,178
2011-07-13,PR,gasolina,481.5240,178
2011-07-13,RJ,etanol,469.7370,211
2011-07-13,RJ,gasolina,624.7380,217
2011-07-13,RN,etanol,20.6900,9
2011-07-13,RN,gasolina,27.6800,10
2011-07-13,RO,etanol,2.3000,1
2011-07-13,RO,gasolina,2.9900,1
2011-07-13,RS,etanol,211.4470,91
2011-07-13,RS,gasolina,292.3070,103
2011-07-13,SC,etanol,327.9160,143
2011-07-13,SC,gasolina,391.6100,145
2011-07-13,SE,etanol,49.9000,22
2011-07-13,SE,gasolina,59.1180,22
2011-07-13,SP,etanol,1263.0830,702
2011-07-13,SP,gasolina,1867.9760,702
2011-07-14,DF,etanol,80.5500,39
2011-07-14,DF,gasolina,110.4000,39
2011-07-14,MG,etanol,129.1210,60
2011-07-14,MG,gasolina,171.3580,60
2011-07-14,PR,etanol,56.7860,31
2011-07-14,PR,gasolina,83.8260,31
2011-07-14,RJ,etanol,233.5890,105
2011-07-14,RJ,gasolina,302.1950,106
2011-07-14,SP,etanol,42.8200,24
2011-07-14,SP,gasolina,66.1410,24
2011-07-18,AC,etanol,53.6090,21
2011-07-18,AC,gasolina,68.3890,22
2011-07-18,AL,etanol,103.0620,44
2011-07-18,AL,gasolina,130.2110,46
2011-07-18,AM,etanol,143.7680,65
2011-07-18,AM,gasolina,185.5060,71
2011-07-18,BA,etanol,434.2310,210
2011-07-18,BA,gasolina,613.8480,219
2011-07-18,CE,etanol,49.2470,21
2011-07-18,CE,gasolina,66.6850,23
2011-07-18,ES,etanol,125.1300,53
2011-07-18,ES,gasolina,155.7900,53
2011-07-18,GO,etanol,177.5480,94
2011-07-18,GO,gasolina,274.5490,95
2011-07-18,MA,etanol,114.8570,51
2011-07-18,MA,gasolina,192.1350,67
2011-07-18,MG,etanol,572.4320,267
2011-07-18,MG,gasolina,772.3660,269
2011-07-18,MS,etanol,83.0220,43
2011-07-18,MS,gasolina,110.6860,43
2011-07-18,MT,etanol,67.0850,36
2011-07-18,MT,gasolina,109.1870,37
2011-07-18,PA,etanol,155.3800,65
2011-07-18,PA,gasolina,369.1070,125
2011-07-18,PB,etanol,51.9100,24
2011-07-18,PB,gasolina,64.9500,25
2011-07-18,PE,etanol,75.0480,34
2011-07-18,PE,gasolina,92.1610,34
2011-07-18,PI,etanol,36.0000,15
2011-07-18,PI,gasolina,53.5400,19
2011-07-18,PR,etanol,167.8700,89
2011-07-18,PR,gasolina,240.5860,89
2011-07-18,RJ,etanol,249.3750,111
2011-07-18,RJ,gasolina,325.8730,112
2011-07-18,RN,etanol,169.4960,76
2011-07-18,RN,gasolina,209.8140,77
2011-07-18,RO,etanol,131.3290,55
2011-07-18,RO,gasolina,167.3090,56
2011-07-18,RR,gasolina,8.4000,3
2011-07-18,RS,etanol,717.6420,317
2011-07-18,RS,gasolina,908.2120,333
2011-07-18,SC,etanol,114.7030,50
2011-07-18,SC,gasolina,140.4500,52
2011-07-18,SE,etanol,24.4770,11
2011-07-18,SE,gasolina,32.5610,12
2011-07-18,SP,etanol,1158.6130,636
2011-07-18,SP,gasolina,1698.5620,634
2011-07-18,TO,etanol,91.3070,44
2011-07-18,TO,gasolina,131.7670,45
2011-07-19,AC,etanol,29.4200,12
2011-07-19,AC,gasolina,64.8900,20
2011-07-19,AM,etanol,37.9490,16
2011-07-19,AM,gasolina,130.8200,44
2011-07-19,AP,etanol,35.1300,16
2011-07-19,AP,gasolina,92.3700,33
2011-07-19,BA,etanol,348.4460,169
2011-07-19,BA,gasolina,463.3200,167
2011-07-19,CE,etanol,364.8170,165
2011-07-19,CE,gasolina,504.9830,182
2011-07-19,DF,etanol,165.7690,80
2011-07-19,DF,gasolina,226.7160,80
2011-07-19,ES,etanol,69.9920,29
2011-07-19,ES,gasolina,82.8820,28
2011-07-19,GO,etanol,297.6150,161
2011-07-19,GO,gasolina,453.7410,160
2011-07-19,MA,etanol,38.3040,17
2011-07-19,MA,gasolina,47.9720,18
2011-07-19,MG,etanol,1097.7240,513
2011-07-19,MG,gasolina,1455.1720,514
2011-07-19,MS,etanol,166.0820,80
2011-07-19,MS,gasolina,228.7950,81
2011-07-19,MT,etanol,177.4110,104
2011-07-19,MT,gasolina,281.1620,102
2011-07-19,PA,etanol,58.8790,23
2011-07-19,PA,gasolina,170.0680,57
2011-07-19,PB,etanol,209.6340,96
2011-07-19,PB,gasolina,247.0610,97
2011-07-19,PE,etanol,343.2600,151
2011-07-19,PE,gasolina,436.0440,154
2011-07-19,PI,etanol,68.9300,30
2011-07-19,PI,gasolina,108.3790,41
2011-07-19,PR,etanol,546.2420,287
2011-07-19,PR,gasolina,768.4760,285
2011-07-19,RJ,etanol,1121.5710,505
2011-07-19,RJ,gasolina,1488.9020,513
2011-07-19,RN,etanol,50.9300,23
2011-07-19,RN,gasolina,61.4470,23
2011-07-19,RO,etanol,107.8970,45
2011-07-19,RO,gasolina,139.5870,47
2011-07-19,RR,etanol,38.8700,16
2011-07-19,RR,gasolina,91.6300,33
2011-07-19,RS,etanol,478.4180,202
2011-07-19,RS,gasolina,639.7450,224
2011-07-19,SC,etanol,672.3180,293
2011-07-19,SC,gasolina,812.9590,296
2011-07-19,SE,etanol,46.0990,20
2011-07-19,SE,gasolina,64.6190,23
2011-07-19,SP,etanol,2068.4010,1155
2011-07-19,SP,gasolina,3051.9560,1150
2011-07-19,TO,etanol,32.6400,16
2011-07-19,TO,gasolina,46.5600,16
2011-07-20,AC,etanol,17.5800,6
2011-07-20,AC,gasolina,33.1900,10
2011-07-20,AL,etanol,116.0780,50
2011-07-20,AL,gasolina,149.1200,53
2011-07-20,AM,etanol,5.0700,2
2011-07-20,AM,gasolina,18.0500,6
2011-07-20,BA,etanol,94.4530,43
2011-07-20,BA,gasolina,127.4820,44
2011-07-20,CE,etanol,40.4550,19
2011-07-20,CE,gasolina,57.0530,21
2011-07-20,ES,etanol,261.0220,110
2011-07-20,ES,gasolina,317.2740,110
2011-07-20,MA,etanol,112.6660,52
2011-07-20,MA,gasolina,163.4300,63
2011-07-20,MG,etanol,403.2120,191
2011-07-20,MG,gasolina,541.6910,192
2011-07-20,PA,etanol,28.9060,13
2011-07-20,PA,gasolina,43.6370,16
2011-07-20,PB,etanol,4.3800,2
2011-07-20,PB,gasolina,5.3200,2
2011-07-20,PE,etanol,315.6690,149
2011-07-20,PE,gasolina,390.4930,149
2011-07-20,PI,etanol,75.0490,33
2011-07-20,PI,gasolina,87.7590,34
2011-07-20,PR,etanol,292.5240,157
2011-07-20,PR,gasolina,422.3110,157
2011-07-20,RJ,etanol,58.6550,27
2011-07-20,RJ,gasolina,77.7660,27
2011-07-20,RN,etanol,36.2500,16
2011-07-20,RN,gasolina,47.7200,17
2011-07-20,RS,etanol,102.4750,44
2011-07-20,RS,gasolina,154.1680,53
2011-07-20,SC,etanol,13.6840,6
2011-07-20,SC,gasolina,15.4890,6
2011-07-20,SE,etanol,51.1930,22
2011-07-20,SE,gasolina,59.4170,22
2011-07-20,SP,etanol,987.2800,543
2011-07-20,SP,gasolina,1455.3750,544
2011-07-21,BA,etanol,2.1600,1
2011-07-21,BA,gasolina,2.8800,1
2011-07-21,MG,etanol,29.2520,14
2011-07-21,MG,gasolina,39.1010,14
2011-07-21,MS,etanol,16.6200,8
2011-07-21,MS,gasolina,21.4780,8
2011-07-21,PI,etanol,11.8100,5
2011-07-21,PI,gasolina,22.0000,8
2011-07-21,PR,etanol,65.0050,34
2011-07-21,PR,gasolina,93.7680,34
2011-07-21,RJ,etanol,179.0190,82
2011-07-21,RJ,gasolina,230.0630,82
2011-07-21,SC,etanol,78.5200,34
2011-07-21,SC,gasolina,91.4260,34
2011-07-21,SP,etanol,94.7170,53
2011-07-21,SP,gasolina,141.3230,53
2011-07-25,AL,etanol,98.7010,42
2011-07-25,AL,gasolina,124.3740,44
2011-07-25,AM,etanol,120.4080,54
2011-07-25,AM,gasolina,176.6800,63
2011-07-25,BA,etanol,500.8390,241
2011-07-25,BA,gasolina,700.5060,250
2011-07-25,CE,etanol,245.6960,113
2011-07-25,CE,gasolina,318.1110,117
2011-07-25,ES,etanol,119.3500,50
2011-07-25,ES,gasolina,155.7400,53
2011-07-25,GO,etanol,180.9750,95
2011-07-25,GO,gasolina,274.6370,95
2011-07-25,MA,etanol,112.4370,50
2011-07-25,MA,gasolina,189.6040,66
2011-07-25,MG,etanol,861.8440,403
2011-07-25,MG,gasolina,1142.7590,405
2011-07-25,MS,etanol,69.8260,34
2011-07-25,MS,gasolina,93.0820,34
2011-07-25,MT,etanol,86.2540,46
2011-07-25,MT,gasolina,137.0170,46
2011-07-25,PA,etanol,173.1480,73
2011-07-25,PA,gasolina,386.3140,132
2011-07-25,PB,etanol,156.3220,73
2011-07-25,PB,gasolina,189.9980,75
2011-07-25,PE,etanol,289.1760,132
2011-07-25,PE,gasolina,346.2610,131
2011-07-25,PI,etanol,33.4700,14
2011-07-25,PI,gasolina,53.5100,19
2011-07-25,PR,etanol,473.6290,255
2011-07-25,PR,gasolina,680.5300,256
2011-07-25,RJ,etanol,487.7490,220
2011-07-25,RJ,gasolina,646.3650,222
2011-07-25,RN,etanol,120.6670,54
2011-07-25,RN,gasolina,150.0510,55
2011-07-25,RO,etanol,123.8950,52
2011-07-25,RO,gasolina,158.5940,53
2011-07-25,RR,etanol,11.8200,5
2011-07-25,RR,gasolina,24.5500,9
2011-07-25,RS,etanol,531.5350,231
2011-07-25,RS,gasolina,680.7640,246
2011-07-25,SC,etanol,368.2890,160
2011-07-25,SC,gasolina,439.2920,161
2011-07-25,SE,etanol,43.4650,19
2011-07-25,SE,gasolina,55.5840,20
2011-07-25,SP,etanol,1986.5840,1097
2011-07-25,SP,gasolina,2907.2290,1091
2011-07-25,TO,etanol,121.6670,59
2011-07-25,TO,gasolina,169.4680,58
2011-07-26,AC,etanol,26.8100,11
2011-07-26,AC,gasolina,61.9200,19
2011-07-26,AM,etanol,53.7590,23
2011-07-26,AM,gasolina,149.7970,51
2011-07-26,AP,etanol,33.1800,15
2011-07-26,AP,gasolina,92.9100,33
2011-07-26,BA,etanol,205.3810,100
2011-07-26,BA,gasolina,275.4260,99
2011-07-26,CE,etanol,222.0930,98
2011-07-26,CE,gasolina,312.5510,110
2011-07-26,ES,etanol,69.9620,29
2011-07-26,ES,gasolina,82.8220,28
2011-07-26,GO,etanol,296.0560,160
2011-07-26,GO,gasolina,451.0840,159
2011-07-26,MA,etanol,27.1860,12
2011-07-26,MA,gasolina,35.3860,13
2011-07-26,MG,etanol,713.1240,332
2011-07-26,MG,gasolina,948.6510,333
2011-07-26,MS,etanol,151.9920,74
2011-07-26,MS,gasolina,202.7500,73
2011-07-26,MT,etanol,99.4170,58
2011-07-26,MT,gasolina,156.5970,57
2011-07-26,PA,etanol,71.6790,28
2011-07-26,PA,gasolina,184.7890,62
2011-07-26,PB,etanol,93.8080,42
2011-07-26,PB,gasolina,113.0850,43
2011-07-26,PE,etanol,302.6530,133
2011-07-26,PE,gasolina,383.7420,136
2011-07-26,PI,etanol,82.8190,36
2011-07-26,PI,gasolina,126.6970,48
2011-07-26,PR,etanol,352.3150,183
2011-07-26,PR,gasolina,495.7920,182
2011-07-26,RJ,etanol,761.7080,341
2011-07-26,RJ,gasolina,1005.2880,346
2011-07-26,RN,etanol,99.1100,44
2011-07-26,RN,gasolina,118.2790,44
2011-07-26,RO,etanol,113.2970,47
2011-07-26,RO,gasolina,145.6360,49
2011-07-26,RR,etanol,34.0400,14
2011-07-26,RR,gasolina,78.5700,28
2011-07-26,RS,etanol,556.5410,237
2011-07-26,RS,gasolina,726.2620,258
2011-07-26,SC,etanol,511.9970,221
2011-07-26,SC,gasolina,615.0900,224
2011-07-26,SE,etanol,27.2770,12
2011-07-26,SE,gasolina,41.7160,15
2011-07-26,SP,etanol,1822.4350,1009
2011-07-26,SP,gasolina,2688.2180,1007
2011-07-26,TO,etanol,4.1000,2
2011-07-26,TO,gasolina,5.8400,2
2011-07-27,AC,etanol,69.1170,27
2011-07-27,AC,gasolina,104.4370,33
2011-07-27,AL,etanol,121.2660,52
2011-07-27,AL,gasolina,147.9920,53
2011-07-27,AM,etanol,5.0700,2
2011-07-27,AM,gasolina,18.0500,6
2011-07-27,BA,etanol,168.9680,79
2011-07-27,BA,gasolina,225.8830,80
2011-07-27,DF,etanol,166.8800,80
2011-07-27,DF,gasolina,227.7300,80
2011-07-27,ES,etanol,256.6040,108
2011-07-27,ES,gasolina,313.6160,109
2011-07-27,MA,etanol,124.9000,57
2011-07-27,MA,gasolina,181.4120,69
2011-07-27,MG,etanol,505.5350,236
2011-07-27,MG,gasolina,670.1110,236
2011-07-27,MS,etanol,33.3430,17
2011-07-27,MS,gasolina,44.7340,17
2011-07-27,MT,etanol,56.9670,35
2011-07-27,MT,gasolina,93.6070,35
2011-07-27,PB,etanol,13.2500,6
2011-07-27,PB,gasolina,15.9900,6
2011-07-27,PE,etanol,150.5290,70
2011-07-27,PE,gasolina,183.1090,70
2011-07-27,PI,etanol,58.6700,26
2011-07-27,PI,gasolina,69.5900,27
2011-07-27,PR,etanol,231.2790,123
2011-07-27,PR,gasolina,331.2980,122
2011-07-27,RJ,etanol,148.8470,67
2011-07-27,RJ,gasolina,194.2020,68
2011-07-27,RN,etanol,36.3400,16
2011-07-27,RN,gasolina,47.7400,17
2011-07-27,RO,etanol,2.2900,1
2011-07-27,RO,gasolina,2.9500,1
2011-07-27,RS,etanol,213.8890,94
2011-07-27,RS,gasolina,293.5830,106
2011-07-27,SC,etanol,6.7880,3
2011-07-27,SC,gasolina,7.8180,3
2011-07-27,SE,etanol,50.2850,22
2011-07-27,SE,gasolina,58.5970,22
2011-07-27,SP,etanol,443.4430,243
2011-07-27,SP,gasolina,652.8910,243
2011-07-28,BA,etanol,2.1600,1
2011-07-28,BA,gasolina,2.8800,1
2011-07-28,MG,etanol,31.2720,15
2011-07-28,MG,gasolina,42.0610,15
2011-07-28,MS,etanol,16.6400,8
2011-07-28,MS,gasolina,21.6090,8
2011-07-28,MT,etanol,1.6800,1
2011-07-28,MT,gasolina,2.6900,1
2011-07-28,PI,etanol,11.8100,5
2011-07-28,PI,gasolina,22.0000,8
2011-07-28,PR,etanol,9.4560,5
2011-07-28,PR,gasolina,13.0060,5
2011-07-28,RJ,etanol,213.4180,96
2011-07-28,RJ,gasolina,283.5320,99
2011-07-28,RS,etanol,2.2880,1
2011-07-28,RS,gasolina,2.8580,1
2011-07-28,SP,etanol,69.8610,38
2011-07-28,SP,gasolina,103.2510,38
2011-08-01,AL,etanol,71.1660,30
2011-08-01,AL,gasolina,90.8140,32
2011-08-01,AM,etanol,15.2000,6
2011-08-01,AM,gasolina,45.1700,15
2011-08-01,AP,etanol,28.5700,13
2011-08-01,AP,gasolina,76.4310,27
2011-08-01,BA,etanol,256.9620,122
2011-08-01,BA,gasolina,369.5080,129
2011-08-01,CE,etanol,2.2600,1
2011-08-01,CE,gasolina,5.7900,2
2011-08-01,ES,etanol,12.3800,5
2011-08-01,ES,gasolina,15.0500,5
2011-08-01,GO,etanol,93.3800,49
2011-08-01,GO,gasolina,144.7900,50
2011-08-01,MA,etanol,133.2470,59
2011-08-01,MA,gasolina,215.3740,75
2011-08-01,MG,etanol,318.1980,146
2011-08-01,MG,gasolina,420.4290,149
2011-08-01,MS,etanol,30.6750,14
2011-08-01,MS,gasolina,41.7830,14
2011-08-01,MT,etanol,73.6660,41
2011-08-01,MT,gasolina,116.5560,41
2011-08-01,PA,etanol,40.6380,16
2011-08-01,PA,gasolina,71.9050,23
2011-08-01,PB,etanol,64.0890,29
2011-08-01,PB,gasolina,76.6880,29
2011-08-01,PE,etanol,177.0690,79
2011-08-01,PE,gasolina,220.0830,81
2011-08-01,PI,etanol,75.1400,33
2011-08-01,PI,gasolina,94.6100,36
2011-08-01,PR,etanol,240.3390,129
2011-08-01,PR,gasolina,342.2260,129
2011-08-01,RJ,etanol,93.0500,43
2011-08-01,RJ,gasolina,128.9860,45
2011-08-01,RO,etanol,126.2700,53
2011-08-01,RO,gasolina,158.7390,53
2011-08-01,RR,etanol,2.0900,1
2011-08-01,RR,gasolina,2.7900,1
2011-08-01,RS,etanol,60.7280,26
2011-08-01,RS,gasolina,68.6640,24
2011-08-01,SC,etanol,90.6250,39
2011-08-01,SC,gasolina,106.6240,39
2011-08-01,SE,etanol,26.6330,12
2011-08-01,SE,gasolina,32.0320,12
2011-08-01,SP,etanol,642.2560,355
2011-08-01,SP,gasolina,946.9540,355
2011-08-01,TO,etanol,32.2900,16
2011-08-01,TO,gasolina,46.7800,16
2011-08-02,AC,etanol,26.7300,11
2011-08-02,AC,gasolina,61.8000,19
2011-08-02,AM,etanol,170.9840,76
2011-08-02,AM,gasolina,266.9960,95
2011-08-02,AP,etanol,4.6100,2
2011-08-02,AP,gasolina,16.2480,6
2011-08-02,BA,etanol,462.5450,225
2011-08-02,BA,gasolina,619.7960,224
2011-08-02,CE,etanol,373.3890,169
2011-08-02,CE,gasolina,522.2400,189
2011-08-02,ES,etanol,184.2420,77
2011-08-02,ES,gasolina,223.6110,76
2011-08-02,GO,etanol,380.1030,204
2011-08-02,GO,gasolina,579.6740,203
2011-08-02,MA,etanol,108.5400,51
2011-08-02,MA,gasolina,157.0040,61
2011-08-02,MG,etanol,1121.8080,528
2011-08-02,MG,gasolina,1506.6950,531
2011-08-02,MS,etanol,223.0380,110
2011-08-02,MS,gasolina,298.7690,110
2011-08-02,MT,etanol,171.3300,99
2011-08-02,MT,gasolina,273.7020,98
2011-08-02,PA,etanol,175.8970,73
2011-08-02,PA,gasolina,429.3420,147
2011-08-02,PB,etanol,198.3400,91
2011-08-02,PB,gasolina,243.4380,95
2011-08-02,PE,etanol,281.7640,127
2011-08-02,PE,gasolina,345.7080,128
2011-08-02,PI,etanol,81.8000,35
2011-08-02,PI,gasolina,138.7590,51
2011-08-02,PR,etanol,677.2980,359
2011-08-02,PR,gasolina,966.6780,358
2011-08-02,RJ,etanol,1147.0670,517
2011-08-02,RJ,gasolina,1515.3790,524
2011-08-02,RN,etanol,156.4980,70
2011-08-02,RN,gasolina,197.2640,72
2011-08-02,RO,etanol,117.0970,49
2011-08-02,RO,gasolina,148.4170,50
2011-08-02,RR,etanol,40.8300,17
2011-08-02,RR,gasolina,67.8100,25
2011-08-02,RS,etanol,775.5620,338
2011-08-02,RS,gasolina,994.6330,364
2011-08-02,SC,etanol,486.7800,214
2011-08-02,SC,gasolina,589.2990,216
2011-08-02,SE,etanol,44.3290,19
2011-08-02,SE,gasolina,65.0680,23
2011-08-02,SP,etanol,2406.8760,1332
2011-08-02,SP,gasolina,3531.2180,1326
2011-08-02,TO,etanol,91.3170,44
2011-08-02,TO,gasolina,131.6570,45
2011-08-03,AC,etanol,37.5690,14
2011-08-03,AC,gasolina,58.3590,18
2011-08-03,AL,etanol,118.5760,51
2011-08-03,AL,gasolina,145.9450,53
2011-08-03,AM,gasolina,33.0300,10
2011-08-03,BA,etanol,115.1030,55
2011-08-03,BA,gasolina,156.1110,57
2011-08-03,CE,etanol,83.5150,36
2011-08-03,CE,gasolina,106.5740,37
2011-08-03,DF,etanol,166.8200,80
2011-08-03,DF,gasolina,227.7000,80
2011-08-03,ES,etanol,257.7160,110
2011-08-03,ES,gasolina,311.5360,109
2011-08-03,GO,etanol,1.6590,1
2011-08-03,GO,gasolina,2.5590,1
2011-08-03,MA,etanol,25.4170,11
2011-08-03,MA,gasolina,31.0760,12
2011-08-03,MG,etanol,574.7190,268
2011-08-03,MG,gasolina,767.2770,270
2011-08-03,PA,etanol,24.7500,10
2011-08-03,PA,gasolina,55.8200,19
2011-08-03,PE,etanol,278.2390,126
2011-08-03,PE,gasolina,344.3000,126
2011-08-03,PI,etanol,31.7890,14
2011-08-03,PI,gasolina,38.8980,15
2011-08-03,PR,etanol,136.7870,72
2011-08-03,PR,gasolina,195.7030,72
2011-08-03,RJ,etanol,244.6050,111
2011-08-03,RJ,gasolina,321.9850,112
2011-08-03,RN,etanol,99.2680,44
2011-08-03,RN,gasolina,116.9270,44
2011-08-03,RR,etanol,2.6500,1
2011-08-03,RR,gasolina,32.1000,11
2011-08-03,RS,etanol,341.1090,143
2011-08-03,RS,gasolina,451.2280,157
2011-08-03,SC,etanol,243.7810,104
2011-08-03,SC,gasolina,292.5600,106
2011-08-03,SE,etanol,51.1830,22
2011-08-03,SE,gasolina,58.9060,22
2011-08-03,SP,etanol,1018.1950,565
2011-08-03,SP,gasolina,1507.1970,565
2011-08-04,AC,etanol,35.4100,14
2011-08-04,AC,gasolina,46.2920,15
2011-08-04,AL,etanol,33.0740,14
2011-08-04,AL,gasolina,39.4330,14
2011-08-04,BA,etanol,39.2740,18
2011-08-04,BA,gasolina,55.5130,19
2011-08-04,GO,etanol,1.8400,1
2011-08-04,GO,gasolina,2.7400,1
2011-08-04,MG,etanol,83.5730,40
2011-08-04,MG,gasolina,108.7870,40
2011-08-04,MS,etanol,16.5000,8
2011-08-04,MS,gasolina,21.5590,8
2011-08-04,PA,etanol,9.3690,4
2011-08-04,PA,gasolina,22.5170,8
2011-08-04,PR,etanol,11.5060,6
2011-08-04,PR,gasolina,16.4410,6
2011-08-04,RJ,etanol,113.7930,53
2011-08-04,RJ,gasolina,151.4540,53
2011-08-04,RS,etanol,125.0280,53
2011-08-04,RS,gasolina,180.3400,63
2011-08-04,SC,etanol,51.3770,23
2011-08-04,SC,gasolina,63.9420,25
2011-08-04,SP,etanol,243.9220,135
2011-08-04,SP,gasolina,356.5840,134
2011-08-08,AL,etanol,164.8240,70
2011-08-08,AL,gasolina,207.0580,74
2011-08-08,AM,etanol,17.3900,7
2011-08-08,AM,gasolina,47.9100,16
2011-08-08,AP,gasolina,30.1610,10
2011-08-08,BA,etanol,252.6750,120
2011-08-08,BA,gasolina,364.2140,127
2011-08-08,CE,etanol,43.1640,20
2011-08-08,CE,gasolina,62.2520,23
2011-08-08,ES,etanol,12.3800,5
2011-08-08,ES,gasolina,15.0500,5
2011-08-08,GO,etanol,91.8290,48
2011-08-08,GO,gasolina,141.7790,49
2011-08-08,MA,etanol,130.8260,58
2011-08-08,MA,gasolina,212.6550,74
2011-08-08,MG,etanol,392.8220,180
2011-08-08,MG,gasolina,514.5710,182
2011-08-08,MS,etanol,50.4250,23
2011-08-08,MS,gasolina,71.9430,24
2011-08-08,MT,etanol,48.5270,26
2011-08-08,MT,gasolina,78.9680,27
2011-08-08,PA,etanol,40.6380,16
2011-08-08,PA,gasolina,66.2860,21
2011-08-08,PB,etanol,46.5100,21
2011-08-08,PB,gasolina,55.4780,21
2011-08-08,PE,etanol,318.7800,144
2011-08-08,PE,gasolina,396.4970,147
2011-08-08,PI,etanol,24.9000,11
2011-08-08,PI,gasolina,32.6300,12
2011-08-08,PR,etanol,79.2960,42
2011-08-08,PR,gasolina,112.4340,42
2011-08-08,RJ,etanol,47.0450,22
2011-08-08,RJ,gasolina,62.9720,22
2011-08-08,RO,etanol,123.9470,52
2011-08-08,RO,gasolina,155.8460,52
2011-08-08,RR,etanol,31.1800,13
2011-08-08,RR,gasolina,40.0700,15
2011-08-08,RS,etanol,74.8560,32
2011-08-08,RS,gasolina,91.2720,32
2011-08-08,SC,etanol,183.5950,79
2011-08-08,SC,gasolina,217.7460,79
2011-08-08,SE,etanol,4.5300,2
2011-08-08,SE,gasolina,5.6400,2
2011-08-08,SP,etanol,846.4640,464
2011-08-08,SP,gasolina,1241.8450,464
2011-08-09,AC,etanol,84.8470,34
2011-08-09,AC,gasolina,132.6270,42
2011-08-09,AL,etanol,9.3270,4
2011-08-09,AL,gasolina,10.8160,4
2011-08-09,AM,etanol,163.1210,72
2011-08-09,AM,gasolina,261.2480,93
2011-08-09,AP,etanol,35.5300,16
2011-08-09,AP,gasolina,62.4980,23
2011-08-09,BA,etanol,434.5270,210
2011-08-09,BA,gasolina,582.5510,209
2011-08-09,CE,etanol,342.0730,154
2011-08-09,CE,gasolina,465.1560,168
2011-08-09,DF,etanol,166.4400,80
2011-08-09,DF,gasolina,227.7800,80
2011-08-09,ES,etanol,183.1420,76
2011-08-09,ES,gasolina,220.3410,75
2011-08-09,GO,etanol,386.1240,206
2011-08-09,GO,gasolina,586.2910,205
2011-08-09,MA,etanol,19.1950,9
2011-08-09,MA,gasolina,22.5710,9
2011-08-09,MG,etanol,1110.9360,524
2011-08-09,MG,gasolina,1492.8160,527
2011-08-09,MS,etanol,85.5590,41
2011-08-09,MS,gasolina,114.9270,41
2011-08-09,MT,etanol,198.7990,115
2011-08-09,MT,gasolina,311.5210,112
2011-08-09,PA,etanol,146.2590,60
2011-08-09,PA,gasolina,382.7150,130
2011-08-09,PB,etanol,207.7510,95
2011-08-09,PB,gasolina,254.5080,99
2011-08-09,PE,etanol,96.7550,42
2011-08-09,PE,gasolina,123.5830,43
2011-08-09,PI,etanol,122.5290,53
2011-08-09,PI,gasolina,190.1680,70
2011-08-09,PR,etanol,550.1310,289
2011-08-09,PR,gasolina,785.5990,287
2011-08-09,RJ,etanol,899.1310,402
2011-08-09,RJ,gasolina,1183.9840,407
2011-08-09,RN,etanol,254.6570,113
2011-08-09,RN,gasolina,316.8940,116
2011-08-09,RO,etanol,114.7550,48
2011-08-09,RO,gasolina,151.4760,51
2011-08-09,RR,etanol,11.5500,5
2011-08-09,RR,gasolina,30.3700,11
2011-08-09,RS,etanol,491.4460,213
2011-08-09,RS,gasolina,635.0570,230
2011-08-09,SC,etanol,462.0210,201
2011-08-09,SC,gasolina,555.9250,204
2011-08-09,SE,etanol,67.1410,29
2011-08-09,SE,gasolina,91.4160,33
2011-08-09,SP,etanol,2566.0270,1425
2011-08-09,SP,gasolina,3783.6520,1420
2011-08-09,TO,etanol,121.5870,59
2011-08-09,TO,gasolina,175.4070,60
2011-08-10,AC,etanol,14.6500,5
2011-08-10,AC,gasolina,33.6000,10
2011-08-10,AL,etanol,13.6590,6
2011-08-10,AL,gasolina,19.0190,7
2011-08-10,AM,gasolina,33.0100,10
2011-08-10,BA,etanol,166.7700,81
2011-08-10,BA,gasolina,225.6980,83
2011-08-10,CE,etanol,81.2750,35
2011-08-10,CE,gasolina,106.6040,37
2011-08-10,ES,etanol,256.6570,109
2011-08-10,ES,gasolina,312.9770,109
2011-08-10,MA,etanol,113.3580,53
2011-08-10,MA,gasolina,165.6890,65
2011-08-10,MG,etanol,557.4790,260
2011-08-10,MG,gasolina,739.6920,261
2011-08-10,MS,etanol,39.0370,20
2011-08-10,MS,gasolina,51.5640,20
2011-08-10,PA,etanol,25.1100,10
2011-08-10,PA,gasolina,55.8200,19
2011-08-10,PB,etanol,8.7400,4
2011-08-10,PB,gasolina,10.6500,4
2011-08-10,PE,etanol,317.1730,144
2011-08-10,PE,gasolina,392.8970,145
2011-08-10,PI,etanol,41.7200,18
2011-08-10,PI,gasolina,53.2500,20
2011-08-10,PR,etanol,392.4860,210
2011-08-10,PR,gasolina,557.3680,211
2011-08-10,RJ,etanol,413.7400,188
2011-08-10,RJ,gasolina,548.3170,190
2011-08-10,RR,etanol,2.6500,1
2011-08-10,RR,gasolina,32.1000,11
2011-08-10,RS,etanol,603.8700,260
2011-08-10,RS,gasolina,788.7100,284
2011-08-10,SC,etanol,229.5290,100
2011-08-10,SC,gasolina,280.2030,103
2011-08-10,SE,etanol,51.0010,22
2011-08-10,SE,gasolina,59.4360,22
2011-08-10,SP,etanol,536.2130,300
2011-08-10,SP,gasolina,792.7370,299
2011-08-11,AL,etanol,33.0740,14
2011-08-11,AL,gasolina,39.4330,14
2011-08-11,AM,etanol,2.3900,1
2011-08-11,AM,gasolina,2.7900,1
2011-08-11,BA,etanol,19.2200,9
2011-08-11,BA,gasolina,28.6800,10
2011-08-11,GO,etanol,1.8400,1
2011-08-11,GO,gasolina,2.7400,1
2011-08-11,MG,etanol,41.6280,19
2011-08-11,MG,gasolina,53.0560,19
2011-08-11,MS,etanol,92.1060,47
2011-08-11,MS,gasolina,122.2740,47
2011-08-11,PA,etanol,38.4160,17
2011-08-11,PA,gasolina,71.7550,26
2011-08-11,PR,etanol,43.3630,23
2011-08-11,PR,gasolina,61.5810,24
2011-08-11,RJ,etanol,254.6470,116
2011-08-11,RJ,gasolina,329.7920,117
2011-08-11,RS,etanol,128.2690,54
2011-08-11,RS,gasolina,179.9300,63
2011-08-11,SP,etanol,352.0420,198
2011-08-11,SP,gasolina,519.9210,197
2011-08-15,AL,etanol,66.6170,28
2011-08-15,AL,gasolina,79.4250,28
2011-08-15,AM,etanol,2.1900,1
2011-08-15,AM,gasolina,2.7400,1
2011-08-15,AP,etanol,2.1200,1
2011-08-15,AP,gasolina,23.8800,8
2011-08-15,BA,etanol,202.6360,99
2011-08-15,BA,gasolina,283.9430,103
2011-08-15,CE,etanol,24.0960,11
2011-08-15,CE,gasolina,32.0830,12
2011-08-15,GO,etanol,89.3610,47
2011-08-15,GO,gasolina,135.8930,47
2011-08-15,MA,etanol,4.1800,2
2011-08-15,MA,gasolina,4.7580,2
2011-08-15,MG,etanol,330.9340,153
2011-08-15,MG,gasolina,444.2920,155
2011-08-15,MS,etanol,30.7820,14
2011-08-15,MS,gasolina,41.7910,14
2011-08-15,PA,etanol,93.8600,37
2011-08-15,PA,gasolina,274.0840,89
2011-08-15,PB,etanol,32.9800,15
2011-08-15,PB,gasolina,39.7980,15
2011-08-15,PE,etanol,228.5260,102
2011-08-15,PE,gasolina,277.1620,101
2011-08-15,PI,etanol,148.1190,64
2011-08-15,PI,gasolina,219.2880,81
2011-08-15,PR,etanol,139.7840,74
2011-08-15,PR,gasolina,192.2070,72
2011-08-15,RJ,etanol,293.6790,133
2011-08-15,RJ,gasolina,403.1590,138
2011-08-15,RN,gasolina,2.7490,1
2011-08-15,RO,etanol,52.6790,22
2011-08-15,RO,gasolina,66.8380,22
2011-08-15,RS,etanol,305.9390,131
2011-08-15,RS,gasolina,377.2410,136
2011-08-15,SC,etanol,104.3030,45
2011-08-15,SC,gasolina,121.4730,45
2011-08-15,SE,etanol,22.0730,10
2011-08-15,SE,gasolina,26.3610,10
2011-08-15,SP,etanol,499.8700,276
2011-08-15,SP,gasolina,727.4710,274
2011-08-16,AC,etanol,65.5790,26
2011-08-16,AC,gasolina,89.4890,29
2011-08-16,AL,etanol,130.9770,56
2011-08-16,AL,gasolina,158.6150,57
2011-08-16,AM,etanol,168.5950,74
2011-08-16,AM,gasolina,298.4790,106
2011-08-16,AP,etanol,22.0400,10
2011-08-16,AP,gasolina,55.3290,20
2011-08-16,BA,etanol,490.1890,235
2011-08-16,BA,gasolina,650.9880,233
2011-08-16,CE,etanol,336.2100,151
2011-08-16,CE,gasolina,473.8770,172
2011-08-16,ES,etanol,192.0920,80
2011-08-16,ES,gasolina,231.6020,79
2011-08-16,GO,etanol,242.9230,129
2011-08-16,GO,gasolina,370.7860,129
2011-08-16,MA,etanol,157.4930,70
2011-08-16,MA,gasolina,268.8430,95
2011-08-16,MG,etanol,1015.8700,478
2011-08-16,MG,gasolina,1364.6510,480
2011-08-16,MS,etanol,225.4540,111
2011-08-16,MS,gasolina,291.3930,108
2011-08-16,MT,etanol,76.9730,44
2011-08-16,MT,gasolina,117.2450,42
2011-08-16,PA,etanol,86.9080,37
2011-08-16,PA,gasolina,185.5170,65
2011-08-16,PB,etanol,195.2370,89
2011-08-16,PB,gasolina,233.4730,91
2011-08-16,PE,etanol,225.2190,98
2011-08-16,PE,gasolina,286.5350,102
2011-08-16,PI,etanol,23.6800,10
2011-08-16,PI,gasolina,35.9000,13
2011-08-16,PR,etanol,635.2300,336
2011-08-16,PR,gasolina,908.2440,337
2011-08-16,RJ,etanol,810.8890,367
2011-08-16,RJ,gasolina,1063.4210,367
2011-08-16,RN,etanol,236.5350,105
2011-08-16,RN,gasolina,288.8690,106
2011-08-16,RO,etanol,119.8370,51
2011-08-16,RO,gasolina,151.0870,51
2011-08-16,RR,etanol,43.4900,18
2011-08-16,RR,gasolina,99.7200,36
2011-08-16,RS,etanol,817.3570,353
2011-08-16,RS,gasolina,1059.0260,383
2011-08-16,SC,etanol,666.5190,291
2011-08-16,SC,gasolina,806.2060,296
2011-08-16,SE,etanol,46.3010,20
2011-08-16,SE,gasolina,70.6400,25
2011-08-16,SP,etanol,2586.3830,1434
2011-08-16,SP,gasolina,3804.4220,1430
2011-08-16,TO,etanol,121.6170,59
2011-08-16,TO,gasolina,175.5070,60
2011-08-17,AC,etanol,28.6700,11
2011-08-17,AC,gasolina,76.8300,23
2011-08-17,AM,gasolina,33.1300,10
2011-08-17,AP,etanol,11.1400,5
2011-08-17,AP,gasolina,13.4300,5
2011-08-17,BA,etanol,160.7960,76
2011-08-17,BA,gasolina,218.7720,77
2011-08-17,CE,etanol,90.5570,39
2011-08-17,CE,gasolina,123.2570,43
2011-08-17,DF,etanol,166.7600,80
2011-08-17,DF,gasolina,227.7500,80
2011-08-17,ES,etanol,252.6170,108
2011-08-17,ES,gasolina,307.9690,108
2011-08-17,GO,etanol,142.9730,79
2011-08-17,GO,gasolina,221.3770,79
2011-08-17,MA,etanol,105.2500,48
2011-08-17,MA,gasolina,128.2960,51
2011-08-17,MG,etanol,564.6020,265
2011-08-17,MG,gasolina,756.6830,267
2011-08-17,MS,etanol,16.6100,8
2011-08-17,MS,gasolina,28.5780,10
2011-08-17,MT,etanol,87.8760,46
2011-08-17,MT,gasolina,137.0170,46
2011-08-17,PA,etanol,60.1470,25
2011-08-17,PA,gasolina,93.0890,33
2011-08-17,PB,etanol,15.3000,7
2011-08-17,PB,gasolina,17.7400,7
2011-08-17,PE,etanol,281.7520,126
2011-08-17,PE,gasolina,343.7830,125
2011-08-17,PI,etanol,16.4500,7
2011-08-17,PI,gasolina,21.4100,8
2011-08-17,PR,etanol,259.2710,139
2011-08-17,PR,gasolina,369.5600,139
2011-08-17,RJ,etanol,186.5210,86
2011-08-17,RJ,gasolina,248.8080,87
2011-08-17,RN,etanol,20.6200,9
2011-08-17,RN,gasolina,27.7700,10
2011-08-17,RO,etanol,68.4100,28
2011-08-17,RO,gasolina,89.2800,30
2011-08-17,RS,etanol,179.2950,76
2011-08-17,RS,gasolina,252.2050,88
2011-08-17,SC,etanol,73.7940,31
2011-08-17,SC,gasolina,87.0030,31
2011-08-17,SE,etanol,51.1710,22
2011-08-17,SE,gasolina,59.0260,22
2011-08-17,SP,etanol,866.3390,482
2011-08-17,SP,gasolina,1277.1630,481
2011-08-17,TO,etanol,1.9800,1
2011-08-17,TO,gasolina,2.9500,1
2011-08-18,AL,etanol,33.2390,14
2011-08-18,AL,gasolina,39.9060,14
2011-08-18,AM,etanol,6.9300,3
2011-08-18,AM,gasolina,11.6700,4
2011-08-18,BA,etanol,30.9850,15
2011-08-18,BA,gasolina,41.3220,15
2011-08-18,ES,etanol,10.1600,4
2011-08-18,ES,gasolina,11.1500,4
2011-08-18,MG,etanol,180.2180,85
2011-08-18,MG,gasolina,243.4520,87
2011-08-18,MT,etanol,83.8620,51
2011-08-18,MT,gasolina,136.2920,51
2011-08-18,PA,etanol,6.8190,3
2011-08-18,PA,gasolina,25.2860,9
2011-08-18,PB,etanol,18.0000,8
2011-08-18,PB,gasolina,26.9690,10
2011-08-18,PE,etanol,12.5600,6
2011-08-18,PE,gasolina,15.8100,6
2011-08-18,PR,etanol,32.1180,16
2011-08-18,PR,gasolina,45.7320,16
2011-08-18,RJ,etanol,299.5810,139
2011-08-18,RJ,gasolina,396.6830,141
2011-08-18,RS,etanol,2.4690,1
2011-08-18,RS,gasolina,5.9390,2
2011-08-18,SC,etanol,33.6160,15
2011-08-18,SC,gasolina,40.2360,15
2011-08-18,SP,etanol,348.6140,193
2011-08-18,SP,gasolina,519.9210,193
2011-08-22,AC,etanol,50.5070,20
2011-08-22,AC,gasolina,61.6170,20
2011-08-22,AL,etanol,19.7290,8
2011-08-22,AL,gasolina,23.5090,8
2011-08-22,AM,etanol,55.4500,25
2011-08-22,AM,gasolina,69.6760,26
2011-08-22,AP,etanol,33.0400,15
2011-08-22,AP,gasolina,70.1400,25
2011-08-22,BA,etanol,387.8960,189
2011-08-22,BA,gasolina,530.3490,193
2011-08-22,CE,etanol,173.6280,80
2011-08-22,CE,gasolina,218.0090,82
2011-08-22,GO,etanol,87.7610,46
2011-08-22,GO,gasolina,132.9030,46
2011-08-22,MG,etanol,379.8870,177
2011-08-22,MG,gasolina,514.7020,179
2011-08-22,MS,etanol,179.7650,89
2011-08-22,MS,gasolina,247.4590,92
2011-08-22,MT,etanol,204.1130,115
2011-08-22,MT,gasolina,316.4950,113
2011-08-22,PA,etanol,144.4910,59
2011-08-22,PA,gasolina,360.9740,121
2011-08-22,PB,etanol,102.8840,47
2011-08-22,PB,gasolina,122.3930,48
2011-08-22,PE,etanol,266.8700,120
2011-08-22,PE,gasolina,327.9830,120
2011-08-22,PI,etanol,79.3200,34
2011-08-22,PI,gasolina,133.2890,49
2011-08-22,PR,etanol,206.0590,108
2011-08-22,PR,gasolina,288.1470,106
2011-08-22,RJ,etanol,330.8810,150
2011-08-22,RJ,gasolina,454.4140,157
2011-08-22,RN,etanol,2.1900,1
2011-08-22,RN,gasolina,2.8200,1
2011-08-22,RO,etanol,50.4590,21
2011-08-22,RO,gasolina,67.0680,22
2011-08-22,RS,etanol,564.1500,247
2011-08-22,RS,gasolina,717.5710,265
2011-08-22,SC,etanol,248.7570,107
2011-08-22,SC,gasolina,299.4930,109
2011-08-22,SE,etanol,22.1630,10
2011-08-22,SE,gasolina,26.6210,10
2011-08-22,SP,etanol,982.4460,540
2011-08-22,SP,gasolina,1432.6580,538
2011-08-22,TO,etanol,32.2390,16
2011-08-22,TO,gasolina,46.7990,16
2011-08-23,AC,etanol,15.4300,6
2011-08-23,AC,gasolina,24.6800,8
2011-08-23,AL,etanol,177.4960,76
2011-08-23,AL,gasolina,217.6820,78
2011-08-23,AM,etanol,80.9560,35
2011-08-23,AM,gasolina,167.8590,59
2011-08-23,AP,etanol,4.6100,2
2011-08-23,AP,gasolina,22.5090,8
2011-08-23,BA,etanol,365.4300,175
2011-08-23,BA,gasolina,487.0010,174
2011-08-23,CE,etanol,204.6490,91
2011-08-23,CE,gasolina,289.4670,103
2011-08-23,DF,etanol,124.8500,60
2011-08-23,DF,gasolina,170.6600,60
2011-08-23,ES,etanol,178.1020,74
2011-08-23,ES,gasolina,218.9940,75
2011-08-23,GO,etanol,364.5380,194
2011-08-23,GO,gasolina,549.5480,192
2011-08-23,MA,etanol,156.1680,70
2011-08-23,MA,gasolina,266.2240,94
2011-08-23,MG,etanol,1083.4750,508
2011-08-23,MG,gasolina,1447.9080,508
2011-08-23,MS,etanol,89.0080,42
2011-08-23,MS,gasolina,113.6040,40
2011-08-23,MT,etanol,19.8690,11
2011-08-23,MT,gasolina,31.9200,11
2011-08-23,PA,etanol,73.2830,31
2011-08-23,PA,gasolina,158.7200,55
2011-08-23,PB,etanol,76.3790,34
2011-08-23,PB,gasolina,94.1470,36
2011-08-23,PE,etanol,251.0770,109
2011-08-23,PE,gasolina,311.9650,111
2011-08-23,PI,etanol,101.5590,44
2011-08-23,PI,gasolina,131.5090,49
2011-08-23,PR,etanol,637.9950,337
2011-08-23,PR,gasolina,904.3260,338
2011-08-23,RJ,etanol,1024.9640,460
2011-08-23,RJ,gasolina,1345.6290,464
2011-08-23,RN,etanol,232.3460,103
2011-08-23,RN,gasolina,283.3810,105
2011-08-23,RO,etanol,179.7950,75
2011-08-23,RO,gasolina,228.4650,77
2011-08-23,RR,etanol,38.2900,16
2011-08-23,RR,gasolina,99.7300,36
2011-08-23,RS,etanol,530.2160,225
2011-08-23,RS,gasolina,687.6430,244
2011-08-23,SC,etanol,512.4010,223
2011-08-23,SC,gasolina,623.2750,229
2011-08-23,SE,etanol,46.3010,20
2011-08-23,SE,gasolina,70.6400,25
2011-08-23,SP,etanol,2720.0680,1502
2011-08-23,SP,gasolina,3977.4950,1496
2011-08-23,TO,etanol,91.8060,44
2011-08-23,TO,gasolina,128.4870,44
2011-08-24,AC,etanol,31.1100,12
2011-08-24,AC,gasolina,79.8900,24
2011-08-24,AM,etanol,48.2080,21
2011-08-24,AM,gasolina,95.3350,33
2011-08-24,BA,etanol,98.8910,45
2011-08-24,BA,gasolina,134.9770,46
2011-08-24,CE,etanol,88.3870,38
2011-08-24,CE,gasolina,124.2870,43
2011-08-24,DF,etanol,41.5000,20
2011-08-24,DF,gasolina,56.9300,20
2011-08-24,ES,etanol,264.0070,110
2011-08-24,ES,gasolina,318.1990,112
2011-08-24,GO,etanol,27.4240,15
2011-08-24,GO,gasolina,41.3770,15
2011-08-24,MA,etanol,104.3690,48
2011-08-24,MA,gasolina,135.4850,54
2011-08-24,MG,etanol,594.9790,278
2011-08-24,MG,gasolina,789.7970,277
2011-08-24,MT,etanol,28.7670,15
2011-08-24,MT,gasolina,43.9770,15
2011-08-24,PA,etanol,33.3000,13
2011-08-24,PA,gasolina,52.3200,18
2011-08-24,PB,etanol,63.0120,29
2011-08-24,PB,gasolina,74.3640,29
2011-08-24,PE,etanol,219.2080,97
2011-08-24,PE,gasolina,267.8980,97
2011-08-24,PI,etanol,2.4500,1
2011-08-24,PI,gasolina,2.6800,1
2011-08-24,PR,etanol,154.7150,81
2011-08-24,PR,gasolina,219.1060,81
2011-08-24,RJ,etanol,252.3050,115
2011-08-24,RJ,gasolina,323.4940,115
2011-08-24,RN,etanol,20.6400,9
2011-08-24,RN,gasolina,27.5700,10
2011-08-24,RO,etanol,9.1400,4
2011-08-24,RO,gasolina,11.8600,4
2011-08-24,RS,etanol,204.1780,87
2011-08-24,RS,gasolina,274.3640,96
2011-08-24,SC,etanol,82.7010,35
2011-08-24,SC,gasolina,96.9200,35
2011-08-24,SE,etanol,51.3900,22
2011-08-24,SE,gasolina,59.2530,22
2011-08-24,SP,etanol,570.3890,311
2011-08-24,SP,gasolina,830.8360,310
2011-08-24,TO,etanol,1.9800,1
2011-08-24,TO,gasolina,2.9500,1
2011-08-25,AL,etanol,31.0490,13
2011-08-25,AL,gasolina,37.1560,13
2011-08-25,AM,etanol,4.7400,2
2011-08-25,AM,gasolina,8.9300,3
2011-08-25,BA,etanol,30.9550,15
2011-08-25,BA,gasolina,41.3020,15
2011-08-25,ES,etanol,9.8600,4
2011-08-25,ES,gasolina,11.3600,4
2011-08-25,MG,etanol,42.5590,20
2011-08-25,MG,gasolina,62.5720,22
2011-08-25,PA,etanol,4.8490,2
2011-08-25,PA,gasolina,6.2990,2
2011-08-25,PB,etanol,18.0900,8
2011-08-25,PB,gasolina,26.9690,10
2011-08-25,PE,etanol,12.5600,6
2011-08-25,PE,gasolina,15.8100,6
2011-08-25,PI,etanol,2.3900,1
2011-08-25,PI,gasolina,8.3400,3
2011-08-25,PR,etanol,73.7210,38
2011-08-25,PR,gasolina,105.2450,38
2011-08-25,RS,etanol,4.8190,2
2011-08-25,RS,gasolina,14.2420,5
2011-08-25,SC,etanol,33.6160,15
2011-08-25,SC,gasolina,40.2560,15
2011-08-25,SP,etanol,61.9860,32
2011-08-25,SP,gasolina,90.3520,33
2011-08-29,AL,etanol,105.9660,45
2011-08-29,AL,gasolina,126.2040,45
2011-08-29,AM,etanol,14.9800,6
2011-08-29,AM,gasolina,74.7500,24
2011-08-29,AP,etanol,30.6200,14
2011-08-29,AP,gasolina,76.3100,27
2011-08-29,BA,etanol,454.9900,217
2011-08-29,BA,gasolina,620.1470,221
2011-08-29,CE,etanol,139.7800,62
2011-08-29,CE,gasolina,195.3080,70
2011-08-29,ES,etanol,40.6420,17
2011-08-29,ES,gasolina,49.0210,17
2011-08-29,GO,etanol,119.7210,62
2011-08-29,GO,gasolina,183.0940,63
2011-08-29,MA,etanol,112.3190,50
2011-08-29,MA,gasolina,187.2660,65
2011-08-29,MG,etanol,414.9990,190
2011-08-29,MG,gasolina,546.8530,190
2011-08-29,MS,etanol,51.9310,23
2011-08-29,MS,gasolina,71.9470,24
2011-08-29,MT,etanol,125.9590,65
2011-08-29,MT,gasolina,182.0210,62
2011-08-29,PA,etanol,67.2450,27
2011-08-29,PA,gasolina,183.9390,60
2011-08-29,PB,etanol,106.5000,48
2011-08-29,PB,gasolina,133.9470,51
2011-08-29,PE,etanol,275.3710,121
2011-08-29,PE,gasolina,343.0830,124
2011-08-29,PI,etanol,59.3200,25
2011-08-29,PI,gasolina,110.2290,40
2011-08-29,PR,etanol,400.3770,204
2011-08-29,PR,gasolina,555.2190,204
2011-08-29,RJ,etanol,498.9900,221
2011-08-29,RJ,gasolina,659.3610,225
2011-08-29,RN,etanol,72.8990,33
2011-08-29,RN,gasolina,98.1080,35
2011-08-29,RO,etanol,197.6900,82
2011-08-29,RO,gasolina,247.9990,83
2011-08-29,RR,etanol,40.7400,17
2011-08-29,RR,gasolina,50.0600,19
2011-08-29,RS,etanol,763.6540,331
2011-08-29,RS,gasolina,977.0300,359
2011-08-29,SC,etanol,37.7740,17
2011-08-29,SC,gasolina,45.2980,17
2011-08-29,SE,etanol,31.2120,14
2011-08-29,SE,gasolina,40.5610,15
2011-08-29,SP,etanol,1399.4900,741
2011-08-29,SP,gasolina,1981.7140,740
2011-08-29,TO,etanol,32.6690,16
2011-08-29,TO,gasolina,46.8390,16
2011-08-30,AC,gasolina,20.6500,6
2011-08-30,AL,etanol,105.3780,45
2011-08-30,AL,gasolina,128.7390,46
2011-08-30,AM,etanol,42.0790,18
2011-08-30,AM,gasolina,96.4800,34
2011-08-30,AP,etanol,4.4100,2
2011-08-30,AP,gasolina,16.3290,6
2011-08-30,BA,etanol,184.0050,91
2011-08-30,BA,gasolina,249.4930,92
2011-08-30,CE,etanol,261.3550,118
2011-08-30,CE,gasolina,370.7590,134
2011-08-30,DF,etanol,4.1400,2
2011-08-30,DF,gasolina,5.6900,2
2011-08-30,ES,etanol,104.6700,44
2011-08-30,ES,gasolina,126.3000,43
2011-08-30,GO,etanol,166.2470,88
2011-08-30,GO,gasolina,252.5170,88
2011-08-30,MA,etanol,98.0440,45
2011-08-30,MA,gasolina,125.8610,49
2011-08-30,MG,etanol,899.7100,421
2011-08-30,MG,gasolina,1214.2590,425
2011-08-30,MS,etanol,163.9370,82
2011-08-30,MS,gasolina,225.9770,85
2011-08-30,MT,etanol,42.6090,23
2011-08-30,MT,gasolina,70.5100,24
2011-08-30,PA,etanol,171.0820,71
2011-08-30,PA,gasolina,371.3770,128
2011-08-30,PB,etanol,155.6540,71
2011-08-30,PB,gasolina,183.6940,72
2011-08-30,PE,etanol,205.8730,91
2011-08-30,PE,gasolina,251.2150,91
2011-08-30,PI,etanol,100.3490,44
2011-08-30,PI,gasolina,121.4490,46
2011-08-30,PR,etanol,436.5650,228
2011-08-30,PR,gasolina,609.6170,229
2011-08-30,RJ,etanol,327.5060,151
2011-08-30,RJ,gasolina,451.5040,157
2011-08-30,RN,etanol,180.6360,80
2011-08-30,RN,gasolina,214.3330,81
2011-08-30,RO,etanol,45.6270,20
2011-08-30,RO,gasolina,59.1870,20
2011-08-30,RS,etanol,397.0360,165
2011-08-30,RS,gasolina,532.1500,185
2011-08-30,SC,etanol,696.7110,299
2011-08-30,SC,gasolina,835.7970,305
2011-08-30,SE,etanol,2.2910,1
2011-08-30,SE,gasolina,2.8290,1
2011-08-30,SP,etanol,1912.1890,1020
2011-08-30,SP,gasolina,2720.3500,1017
2011-08-30,TO,etanol,90.6670,44
2011-08-30,TO,gasolina,131.6570,45
2011-08-31,AC,etanol,66.7580,26
2011-08-31,AC,gasolina,104.5480,33
2011-08-31,AL,etanol,4.6890,2
2011-08-31,AL,gasolina,5.5480,2
2011-08-31,AM,etanol,117.7990,53
2011-08-31,AM,gasolina,156.5780,59
2011-08-31,BA,etanol,196.2400,93
2011-08-31,BA,gasolina,265.7010,95
2011-08-31,CE,etanol,41.7000,19
2011-08-31,CE,gasolina,46.4400,17
2011-08-31,DF,etanol,162.2400,78
2011-08-31,DF,gasolina,221.9100,78
2011-08-31,ES,etanol,294.1100,124
2011-08-31,ES,gasolina,367.4600,129
2011-08-31,GO,etanol,161.0380,87
2011-08-31,GO,gasolina,245.6290,87
2011-08-31,MA,etanol,53.7950,24
2011-08-31,MA,gasolina,86.9720,33
2011-08-31,MG,etanol,564.1760,260
2011-08-31,MG,gasolina,755.1950,262
2011-08-31,MS,etanol,55.4270,26
2011-08-31,MS,gasolina,64.6700,23
2011-08-31,PA,etanol,6.8190,3
2011-08-31,PA,gasolina,25.2860,9
2011-08-31,PE,etanol,266.9580,120
2011-08-31,PE,gasolina,326.1120,120
2011-08-31,PI,etanol,18.1980,8
2011-08-31,PI,gasolina,21.0980,8
2011-08-31,PR,etanol,241.2630,121
2011-08-31,PR,gasolina,337.1210,121
2011-08-31,RJ,etanol,556.3300,253
2011-08-31,RJ,gasolina,723.3950,253
2011-08-31,RR,etanol,4.6000,2
2011-08-31,RR,gasolina,51.9420,18
2011-08-31,RS,etanol,148.1520,63
2011-08-31,RS,gasolina,189.4120,67
2011-08-31,SC,etanol,148.7150,63
2011-08-31,SC,gasolina,172.2900,63
2011-08-31,SE,etanol,69.2330,30
2011-08-31,SE,gasolina,91.3230,33
2011-08-31,SP,etanol,724.4350,387
2011-08-31,SP,gasolina,1026.0060,383
2011-09-01,AC,etanol,27.2100,11
2011-09-01,AC,gasolina,40.9600,13
2011-09-01,AL,etanol,9.2690,4
2011-09-01,AL,gasolina,13.7500,5
2011-09-01,AM,etanol,4.7400,2
2011-09-01,AM,gasolina,8.9300,3
2011-09-01,BA,etanol,40.6910,20
2011-09-01,BA,gasolina,54.7720,20
2011-09-01,CE,etanol,13.7700,6
2011-09-01,CE,gasolina,22.9200,8
2011-09-01,ES,etanol,4.7800,2
2011-09-01,ES,gasolina,5.9000,2
2011-09-01,GO,etanol,35.8370,18
2011-09-01,GO,gasolina,50.1780,17
2011-09-01,MA,etanol,2.0590,1
2011-09-01,MA,gasolina,2.5990,1
2011-09-01,MG,etanol,240.6550,111
2011-09-01,MG,gasolina,318.6570,111
2011-09-01,MT,etanol,102.7560,52
2011-09-01,MT,gasolina,149.8260,52
2011-09-01,PI,etanol,14.1000,6
2011-09-01,PI,gasolina,22.0000,8
2011-09-01,PR,etanol,21.6400,11
2011-09-01,PR,gasolina,29.9100,11
2011-09-01,RJ,etanol,217.1440,97
2011-09-01,RJ,gasolina,278.5660,98
2011-09-01,SC,etanol,2.3490,1
2011-09-01,SC,gasolina,2.7690,1
2011-09-01,SE,etanol,16.9340,7
2011-09-01,SE,gasolina,23.0740,8
2011-09-01,SP,etanol,440.6220,237
2011-09-01,SP,gasolina,629.5240,237
2011-09-05,AC,etanol,58.0970,23
2011-09-05,AC,gasolina,74.2160,24
2011-09-05,AL,etanol,214.0500,91
2011-09-05,AL,gasolina,255.0780,91
2011-09-05,AM,etanol,10.4600,4
2011-09-05,AM,gasolina,63.3500,20
2011-09-05,AP,etanol,2.1200,1
2011-09-05,AP,gasolina,30.1390,10
2011-09-05,BA,etanol,514.8330,246
2011-09-05,BA,gasolina,700.1150,250
2011-09-05,CE,etanol,100.9460,44
2011-09-05,CE,gasolina,140.0660,49
2011-09-05,ES,etanol,16.6720,7
2011-09-05,ES,gasolina,20.4920,7
2011-09-05,GO,etanol,124.4110,62
2011-09-05,GO,gasolina,180.5240,62
2011-09-05,MA,etanol,117.9550,53
2011-09-05,MA,gasolina,191.5620,67
2011-09-05,MG,etanol,625.2310,284
2011-09-05,MG,gasolina,820.9990,285
2011-09-05,MS,etanol,219.1720,105
2011-09-05,MS,gasolina,297.5900,108
2011-09-05,MT,etanol,115.4910,57
2011-09-05,MT,gasolina,164.6730,55
2011-09-05,PA,etanol,91.6350,38
2011-09-05,PA,gasolina,218.4400,73
2011-09-05,PB,etanol,231.1340,105
2011-09-05,PB,gasolina,283.7340,110
2011-09-05,PE,etanol,306.5160,136
2011-09-05,PE,gasolina,377.8920,139
2011-09-05,PI,etanol,148.1870,64
2011-09-05,PI,gasolina,212.3560,79
2011-09-05,PR,etanol,412.7120,206
2011-09-05,PR,gasolina,567.8800,205
2011-09-05,RJ,etanol,998.3410,447
2011-09-05,RJ,gasolina,1310.1160,454
2011-09-05,RN,etanol,74.0190,33
2011-09-05,RN,gasolina,98.2290,35
2011-09-05,RO,etanol,126.1500,53
2011-09-05,RO,gasolina,158.4890,53
2011-09-05,RR,etanol,28.7100,12
2011-09-05,RR,gasolina,37.7000,14
2011-09-05,RS,etanol,778.1230,334
2011-09-05,RS,gasolina,995.8330,364
2011-09-05,SC,etanol,200.1300,86
2011-09-05,SC,gasolina,237.2180,87
2011-09-05,SE,etanol,33.4430,15
2011-09-05,SE,gasolina,43.4000,16
2011-09-05,SP,etanol,1715.2150,906
2011-09-05,SP,gasolina,2413.4710,904
2011-09-06,AC,gasolina,17.2100,5
2011-09-06,AM,etanol,17.1400,7
2011-09-06,AM,gasolina,72.9700,25
2011-09-06,AP,etanol,32.8400,15
2011-09-06,AP,gasolina,62.5790,23
2011-09-06,BA,etanol,165.4720,82
2011-09-06,BA,gasolina,226.6210,83
2011-09-06,CE,etanol,300.4730,136
2011-09-06,CE,gasolina,425.8430,155
2011-09-06,DF,etanol,2.0900,1
2011-09-06,DF,gasolina,2.8500,1
2011-09-06,ES,etanol,255.7600,107
2011-09-06,ES,gasolina,304.4300,107
2011-09-06,GO,etanol,200.3330,103
2011-09-06,GO,gasolina,296.0410,103
2011-09-06,MA,etanol,125.5830,58
2011-09-06,MA,gasolina,179.7040,69
2011-09-06,MG,etanol,710.2240,330
2011-09-06,MG,gasolina,961.9540,334
2011-09-06,MT,etanol,140.7470,72
2011-09-06,MT,gasolina,206.4970,72
2011-09-06,PA,etanol,154.3620,63
2011-09-06,PA,gasolina,340.6480,116
2011-09-06,PB,etanol,29.0990,13
2011-09-06,PB,gasolina,34.0870,13
2011-09-06,PE,etanol,216.5110,97
2011-09-06,PE,gasolina,253.8200,94
2011-09-06,PI,etanol,25.3900,11
2011-09-06,PI,gasolina,39.6900,15
2011-09-06,PR,etanol,465.1290,240
2011-09-06,PR,gasolina,638.9370,240
2011-09-06,RJ,etanol,141.1470,63
2011-09-06,RJ,gasolina,194.1340,67
2011-09-06,RN,etanol,68.0680,30
2011-09-06,RN,gasolina,81.8140,31
2011-09-06,RO,etanol,114.2770,48
2011-09-06,RO,gasolina,148.3770,50
2011-09-06,RR,etanol,2.3500,1
2011-09-06,RR,gasolina,2.7200,1
2011-09-06,RS,etanol,327.1700,136
2011-09-06,RS,gasolina,441.2120,155
2011-09-06,SC,etanol,530.8840,227
2011-09-06,SC,gasolina,637.1330,232
2011-09-06,SE,etanol,51.1950,22
2011-09-06,SE,gasolina,60.5850,22
2011-09-06,SP,etanol,1682.3090,892
2011-09-06,SP,gasolina,2376.4440,889
2011-09-06,TO,etanol,124.0250,60
2011-09-06,TO,gasolina,178.0650,61
2011-09-07,AC,etanol,8.7900,3
2011-09-07,AC,gasolina,33.6000,10
2011-09-07,BA,etanol,75.4680,34
2011-09-07,BA,gasolina,100.3100,35
2011-09-07,CE,etanol,39.4900,18
2011-09-07,CE,gasolina,46.4100,17
2011-09-07,ES,etanol,142.6500,59
2011-09-07,ES,gasolina,185.7300,64
2011-09-07,GO,etanol,13.1400,7
2011-09-07,GO,gasolina,19.9900,7
2011-09-07,MA,etanol,14.0700,6
2011-09-07,MA,gasolina,23.7790,9
2011-09-07,MG,etanol,399.9080,182
2011-09-07,MG,gasolina,531.3310,184
2011-09-07,MS,etanol,55.8810,26
2011-09-07,MS,gasolina,64.9580,23
2011-09-07,PE,etanol,188.2370,85
2011-09-07,PE,gasolina,231.2450,85
2011-09-07,PR,etanol,116.5050,58
2011-09-07,PR,gasolina,164.0740,58
2011-09-07,RJ,etanol,184.5010,83
2011-09-07,RJ,gasolina,234.1960,81
2011-09-07,RR,etanol,2.4500,1
2011-09-07,RR,gasolina,49.2020,17
2011-09-07,RS,etanol,154.9200,65
2011-09-07,RS,gasolina,188.9650,67
2011-09-07,SC,etanol,48.0100,20
2011-09-07,SC,gasolina,57.2330,20
2011-09-07,SE,etanol,18.0380,8
2011-09-07,SE,gasolina,30.7180,11
2011-09-07,SP,etanol,280.4660,146
2011-09-07,SP,gasolina,390.4840,144
2011-09-08,AC,etanol,27.2900,11
2011-09-08,AC,gasolina,41.0800,13
2011-09-08,AL,etanol,13.9580,6
2011-09-08,AL,gasolina,19.2980,7
2011-09-08,AM,etanol,153.1890,68
2011-09-08,AM,gasolina,207.2300,72
2011-09-08,BA,etanol,126.8600,61
2011-09-08,BA,gasolina,168.7030,61
2011-09-08,CE,etanol,13.7700,6
2011-09-08,CE,gasolina,22.9200,8
2011-09-08,DF,etanol,164.2300,79
2011-09-08,DF,gasolina,224.6100,79
2011-09-08,ES,etanol,28.9700,12
2011-09-08,ES,gasolina,34.1790,12
2011-09-08,GO,etanol,154.9970,82
2011-09-08,GO,gasolina,234.6050,82
2011-09-08,MG,etanol,384.2310,180
2011-09-08,MG,gasolina,513.6420,180
2011-09-08,MS,etanol,2.1100,1
2011-09-08,MS,gasolina,2.9100,1
2011-09-08,MT,etanol,21.3190,11
2011-09-08,MT,gasolina,31.9500,11
2011-09-08,PA,etanol,6.8190,3
2011-09-08,PA,gasolina,25.2860,9
2011-09-08,PE,etanol,31.1540,14
2011-09-08,PE,gasolina,37.6730,14
2011-09-08,PI,etanol,11.7500,5
2011-09-08,PI,gasolina,19.2500,7
2011-09-08,PR,etanol,41.5720,21
2011-09-08,PR,gasolina,56.7710,21
2011-09-08,RJ,etanol,289.7390,129
2011-09-08,RJ,gasolina,373.7770,130
2011-09-08,RN,etanol,99.8100,44
2011-09-08,RN,gasolina,114.9030,44
2011-09-08,RR,etanol,9.4000,4
2011-09-08,RR,gasolina,10.6000,4
2011-09-08,RS,etanol,55.7550,23
2011-09-08,RS,gasolina,77.6810,27
2011-09-08,SC,etanol,107.5680,47
2011-09-08,SC,gasolina,126.9600,48
2011-09-08,SE,etanol,16.9340,7
2011-09-08,SE,gasolina,23.0740,8
2011-09-08,SP,etanol,824.0490,440
2011-09-08,SP,gasolina,1169.4400,440
2011-09-09,AM,etanol,9.2800,4
2011-09-09,AM,gasolina,11.4690,4
2011-09-09,PI,gasolina,2.7500,1
2011-09-09,PR,etanol,77.2100,41
2011-09-09,PR,gasolina,107.2300,41
2011-09-09,RN,etanol,13.5600,6
2011-09-09,RN,gasolina,15.4780,6
2011-09-12,AL,etanol,98.3550,42
2011-09-12,AL,gasolina,117.8850,42
2011-09-12,AM,etanol,20.1100,8
2011-09-12,AM,gasolina,85.1300,29
2011-09-12,AP,etanol,6.3800,3
2011-09-12,AP,gasolina,49.2680,17
2011-09-12,BA,etanol,329.8620,159
2011-09-12,BA,gasolina,471.4480,168
2011-09-12,CE,etanol,226.1660,104
2011-09-12,CE,gasolina,298.7790,110
2011-09-12,ES,etanol,59.2710,24
2011-09-12,ES,gasolina,67.3720,23
2011-09-12,GO,etanol,134.2010,69
2011-09-12,GO,gasolina,203.0430,70
2011-09-12,MA,etanol,67.6280,30
2011-09-12,MA,gasolina,119.7650,42
2011-09-12,MG,etanol,427.7560,195
2011-09-12,MG,gasolina,573.0950,198
2011-09-12,MS,etanol,73.6430,33
2011-09-12,MS,gasolina,103.5350,35
2011-09-12,MT,etanol,138.4630,68
2011-09-12,MT,gasolina,197.3240,66
2011-09-12,PA,etanol,104.1530,41
2011-09-12,PA,gasolina,285.3240,92
2011-09-12,PB,etanol,93.5190,42
2011-09-12,PB,gasolina,112.0860,42
2011-09-12,PE,etanol,246.3780,110
2011-09-12,PE,gasolina,296.6320,111
2011-09-12,PI,etanol,47.7000,20
2011-09-12,PI,gasolina,96.9500,35
2011-09-12,PR,etanol,241.5500,120
2011-09-12,PR,gasolina,329.2550,120
2011-09-12,RJ,etanol,193.0890,88
2011-09-12,RJ,gasolina,262.3890,90
2011-09-12,RN,etanol,2.1800,1
2011-09-12,RN,gasolina,2.6700,1
2011-09-12,RO,etanol,100.4490,42
2011-09-12,RO,gasolina,126.2980,42
2011-09-12,RR,etanol,38.1000,16
2011-09-12,RR,gasolina,53.6600,20
2011-09-12,RS,etanol,86.4920,34
2011-09-12,RS,gasolina,110.4920,38
2011-09-12,SC,etanol,135.5490,58
2011-09-12,SC,gasolina,158.2300,58
2011-09-12,SE,etanol,24.2920,11
2011-09-12,SE,gasolina,32.4250,12
2011-09-12,SP,etanol,974.0410,512
2011-09-12,SP,gasolina,1368.6650,511
2011-09-13,AL,etanol,107.3430,46
2011-09-13,AL,gasolina,131.9170,47
2011-09-13,AP,etanol,28.6700,13
2011-09-13,AP,gasolina,43.5600,16
2011-09-13,BA,etanol,150.5210,74
2011-09-13,BA,gasolina,198.7200,73
2011-09-13,CE,etanol,91.9200,41
2011-09-13,CE,gasolina,119.0510,43
2011-09-13,DF,etanol,6.2000,3
2011-09-13,DF,gasolina,8.5200,3
2011-09-13,ES,etanol,128.1900,54
2011-09-13,ES,gasolina,166.7200,57
2011-09-13,GO,etanol,263.9180,139
2011-09-13,GO,gasolina,394.5790,138
2011-09-13,MA,etanol,64.8290,29
2011-09-13,MA,gasolina,97.7580,34
2011-09-13,MG,etanol,617.7160,286
2011-09-13,MG,gasolina,831.5350,289
2011-09-13,MT,etanol,38.1580,20
2011-09-13,MT,gasolina,56.4380,20
2011-09-13,PA,etanol,85.7140,37
2011-09-13,PA,gasolina,177.5110,63
2011-09-13,PB,etanol,104.9100,48
2011-09-13,PB,gasolina,127.1820,50
2011-09-13,PE,etanol,156.0470,71
2011-09-13,PE,gasolina,199.1470,75
2011-09-13,PI,etanol,53.2180,23
2011-09-13,PI,gasolina,76.1770,29
2011-09-13,PR,etanol,513.3070,258
2011-09-13,PR,gasolina,701.0370,258
2011-09-13,RJ,etanol,199.2980,87
2011-09-13,RJ,gasolina,266.5130,90
2011-09-13,RN,etanol,68.8770,30
2011-09-13,RN,gasolina,79.6350,30
2011-09-13,RO,etanol,140.6270,59
2011-09-13,RO,gasolina,177.9290,60
2011-09-13,RS,etanol,793.8640,336
2011-09-13,RS,gasolina,987.0690,361
2011-09-13,SC,etanol,187.8360,82
2011-09-13,SC,gasolina,220.9720,83
2011-09-13,SE,etanol,9.2190,4
2011-09-13,SE,gasolina,11.0580,4
2011-09-13,SP,etanol,1226.8040,646
2011-09-13,SP,gasolina,1710.8160,641
2011-09-13,TO,etanol,123.3360,60
2011-09-13,TO,gasolina,178.5260,61
2011-09-14,AC,etanol,82.1600,33
2011-09-14,AC,gasolina,132.4600,42
2011-09-14,AL,etanol,2.3500,1
2011-09-14,AL,gasolina,2.7980,1
2011-09-14,AM,etanol,4.7400,2
2011-09-14,AM,gasolina,42.0600,13
2011-09-14,BA,etanol,202.7340,96
2011-09-14,BA,gasolina,265.0450,95
2011-09-14,CE,etanol,138.8710,61
2011-09-14,CE,gasolina,207.2080,73
2011-09-14,DF,etanol,160.1900,77
2011-09-14,DF,gasolina,219.0000,77
2011-09-14,ES,etanol,223.4600,92
2011-09-14,ES,gasolina,261.5900,91
2011-09-14,GO,etanol,86.9590,47
2011-09-14,GO,gasolina,132.2390,47
2011-09-14,MA,etanol,86.0920,40
2011-09-14,MA,gasolina,103.2340,42
2011-09-14,MG,etanol,687.3200,316
2011-09-14,MG,gasolina,900.9320,315
2011-09-14,MS,etanol,195.9750,95
2011-09-14,MS,gasolina,248.1280,92
2011-09-14,MT,etanol,102.6490,52
2011-09-14,MT,gasolina,150.0790,52
2011-09-14,PA,etanol,36.1470,16
2011-09-14,PA,gasolina,68.4950,25
2011-09-14,PB,etanol,17.2600,8
2011-09-14,PB,gasolina,20.2800,8
2011-09-14,PE,etanol,184.1870,80
2011-09-14,PE,gasolina,225.8890,80
2011-09-14,PI,etanol,79.6180,35
2011-09-14,PI,gasolina,98.8190,38
2011-09-14,PR,etanol,172.2510,86
2011-09-14,PR,gasolina,237.2960,86
2011-09-14,RJ,etanol,761.8430,338
2011-09-14,RJ,gasolina,987.4690,342
2011-09-14,RN,etanol,188.0960,84
2011-09-14,RN,gasolina,230.8680,86
2011-09-14,RO,etanol,2.2600,1
2011-09-14,RO,gasolina,2.9900,1
2011-09-14,RR,etanol,2.4500,1
2011-09-14,RR,gasolina,46.2320,16
2011-09-14,RS,etanol,339.0330,141
2011-09-14,RS,gasolina,428.5580,151
2011-09-14,SC,etanol,570.6690,240
2011-09-14,SC,gasolina,679.7110,244
2011-09-14,SE,etanol,86.2120,37
2011-09-14,SE,gasolina,114.6690,41
2011-09-14,SP,etanol,1927.5490,1014
2011-09-14,SP,gasolina,2708.9170,1011
2011-09-15,AC,etanol,11.0800,4
2011-09-15,AC,gasolina,33.7000,10
2011-09-15,AL,etanol,16.3480,7
2011-09-15,AL,gasolina,22.1100,8
2011-09-15,AM,etanol,162.4900,71
2011-09-15,AM,gasolina,225.8490,78
2011-09-15,BA,etanol,189.3770,91
2011-09-15,BA,gasolina,254.1120,92
2011-09-15,ES,etanol,44.9790,18
2011-09-15,ES,gasolina,55.9490,19
2011-09-15,MA,etanol,43.3800,19
2011-09-15,MA,gasolina,80.3600,30
2011-09-15,MG,etanol,400.8050,186
2011-09-15,MG,gasolina,527.4170,186
2011-09-15,MS,etanol,10.9300,5
2011-09-15,MS,gasolina,13.8580,5
2011-09-15,PA,etanol,25.6400,10
2011-09-15,PA,gasolina,52.1600,18
2011-09-15,PB,etanol,47.8540,22
2011-09-15,PB,gasolina,57.7620,23
2011-09-15,PE,etanol,151.4050,68
2011-09-15,PE,gasolina,179.8510,68
2011-09-15,PR,etanol,196.2560,101
2011-09-15,PR,gasolina,272.2550,101
2011-09-15,RJ,etanol,459.6460,207
2011-09-15,RJ,gasolina,604.2070,212
2011-09-15,RR,etanol,2.2500,1
2011-09-15,RR,gasolina,2.8900,1
2011-09-15,RS,etanol,132.4400,56
2011-09-15,RS,gasolina,171.5370,60
2011-09-15,SC,etanol,4.7690,2
2011-09-15,SC,gasolina,5.5390,2
2011-09-15,SP,etanol,404.1410,212
2011-09-15,SP,gasolina,564.4990,213
2011-09-19,AL,etanol,93.5950,40
2011-09-19,AL,gasolina,112.1750,40
2011-09-19,AM,etanol,79.2090,34
2011-09-19,AM,gasolina,162.1500,56
2011-09-19,AP,etanol,4.2000,2
2011-09-19,AP,gasolina,44.0080,15
2011-09-19,BA,etanol,438.0460,211
2011-09-19,BA,gasolina,615.0670,220
2011-09-19,CE,etanol,130.3850,59
2011-09-19,CE,gasolina,169.5320,61
2011-09-19,ES,etanol,53.9910,22
2011-09-19,ES,gasolina,64.5920,22
2011-09-19,GO,etanol,133.9300,68
2011-09-19,GO,gasolina,200.2120,69
2011-09-19,MA,etanol,60.9890,27
2011-09-19,MA,gasolina,112.1370,39
2011-09-19,MG,etanol,481.8440,219
2011-09-19,MG,gasolina,641.4340,222
2011-09-19,MS,etanol,54.8930,24
2011-09-19,MS,gasolina,71.9250,24
2011-09-19,MT,etanol,93.9270,45
2011-09-19,MT,gasolina,127.4050,42
2011-09-19,PA,etanol,96.8040,38
2011-09-19,PA,gasolina,263.6360,85
2011-09-19,PB,etanol,99.9670,45
2011-09-19,PB,gasolina,120.3630,46
2011-09-19,PE,etanol,202.1250,90
2011-09-19,PE,gasolina,245.9880,91
2011-09-19,PI,etanol,47.7000,20
2011-09-19,PI,gasolina,94.2500,34
2011-09-19,PR,etanol,193.5510,96
2011-09-19,PR,gasolina,263.9780,96
2011-09-19,RJ,etanol,295.9140,134
2011-09-19,RJ,gasolina,399.8470,139
2011-09-19,RN,etanol,36.3800,16
2011-09-19,RN,gasolina,41.8500,16
2011-09-19,RO,etanol,98.2590,41
2011-09-19,RO,gasolina,123.5180,41
2011-09-19,RR,etanol,16.4000,7
2011-09-19,RR,gasolina,21.9500,8
2011-09-19,RS,etanol,401.1400,168
2011-09-19,RS,gasolina,483.7870,178
2011-09-19,SC,etanol,297.1550,127
2011-09-19,SC,gasolina,343.8940,127
2011-09-19,SE,etanol,22.7420,10
2011-09-19,SE,gasolina,30.3700,11
2011-09-19,SP,etanol,1162.5610,608
2011-09-19,SP,gasolina,1626.0700,605
2011-09-20,AC,etanol,58.1160,23
2011-09-20,AC,gasolina,81.1000,26
2011-09-20,AL,etanol,4.6560,2
2011-09-20,AL,gasolina,5.6690,2
2011-09-20,AM,gasolina,22.3600,7
2011-09-20,AP,etanol,30.4100,14
2011-09-20,AP,gasolina,48.9200,18
2011-09-20,BA,etanol,244.8190,119
2011-09-20,BA,gasolina,330.5510,120
2011-09-20,CE,etanol,148.2460,68
2011-09-20,CE,gasolina,195.0060,72
2011-09-20,DF,etanol,4.1500,2
2011-09-20,DF,gasolina,5.6800,2
2011-09-20,ES,etanol,126.6520,53
2011-09-20,ES,gasolina,163.5320,56
2011-09-20,GO,etanol,202.5440,105
2011-09-20,GO,gasolina,303.8580,105
2011-09-20,MA,etanol,66.9490,30
2011-09-20,MA,gasolina,97.3360,34
2011-09-20,MG,etanol,969.1600,448
2011-09-20,MG,gasolina,1282.6220,451
2011-09-20,MS,etanol,165.6590,82
2011-09-20,MS,gasolina,225.3420,84
2011-09-20,MT,etanol,63.4780,32
2011-09-20,MT,gasolina,95.2080,33
2011-09-20,PA,etanol,117.9230,51
2011-09-20,PA,gasolina,236.3860,84
2011-09-20,PB,etanol,118.3210,54
2011-09-20,PB,gasolina,146.2180,57
2011-09-20,PE,etanol,172.1540,79
2011-09-20,PE,gasolina,215.4220,82
2011-09-20,PI,etanol,89.8510,39
2011-09-20,PI,gasolina,122.2100,47
2011-09-20,PR,etanol,500.0760,249
2011-09-20,PR,gasolina,676.2070,247
2011-09-20,RJ,etanol,785.3850,348
2011-09-20,RJ,gasolina,1031.3070,357
2011-09-20,RN,etanol,178.6480,79
2011-09-20,RN,gasolina,217.9010,81
2011-09-20,RO,etanol,143.6570,60
2011-09-20,RO,gasolina,180.7600,61
2011-09-20,RR,etanol,24.0510,10
2011-09-20,RR,gasolina,32.9400,12
2011-09-20,RS,etanol,516.6830,216
2011-09-20,RS,gasolina,650.5760,234
2011-09-20,SC,etanol,127.2320,54
2011-09-20,SC,gasolina,147.7810,54
2011-09-20,SE,etanol,9.2190,4
2011-09-20,SE,gasolina,13.9480,5
2011-09-20,SP,etanol,1856.4120,982
2011-09-20,SP,gasolina,2605.7110,980
2011-09-20,TO,etanol,119.6750,58
2011-09-20,TO,gasolina,172.2260,59
2011-09-21,AC,etanol,27.1600,11
2011-09-21,AC,gasolina,51.2800,16
2011-09-21,AL,etanol,107.7190,46
2011-09-21,AL,gasolina,131.5670,47
2011-09-21,AM,etanol,93.6490,41
2011-09-21,AM,gasolina,152.7600,52
2011-09-21,BA,etanol,149.9160,71
2011-09-21,BA,gasolina,194.2130,70
2011-09-21,CE,etanol,186.1950,83
2011-09-21,CE,gasolina,261.7680,94
2011-09-21,DF,etanol,162.5930,78
2011-09-21,DF,gasolina,221.6730,78
2011-09-21,ES,etanol,224.7900,92
2011-09-21,ES,gasolina,260.3200,91
2011-09-21,GO,etanol,152.1450,81
2011-09-21,GO,gasolina,227.3260,81
2011-09-21,MA,etanol,117.4450,54
2011-09-21,MA,gasolina,168.1180,66
2011-09-21,MG,etanol,434.8220,200
2011-09-21,MG,gasolina,571.8020,199
2011-09-21,MS,etanol,47.5600,22
2011-09-21,MS,gasolina,53.8810,19
2011-09-21,MT,etanol,124.3080,63
2011-09-21,MT,gasolina,181.5790,63
2011-09-21,PA,etanol,4.7800,2
2011-09-21,PA,gasolina,5.9300,2
2011-09-21,PB,etanol,43.5660,20
2011-09-21,PB,gasolina,50.9970,20
2011-09-21,PE,etanol,303.9650,135
2011-09-21,PE,gasolina,367.9410,135
2011-09-21,PI,etanol,45.7270,20
2011-09-21,PI,gasolina,54.2860,21
2011-09-21,PR,etanol,304.8720,153
2011-09-21,PR,gasolina,415.7060,153
2011-09-21,RJ,etanol,439.1630,197
2011-09-21,RJ,gasolina,560.8430,195
2011-09-21,RN,etanol,40.0800,18
2011-09-21,RN,gasolina,50.8990,19
2011-09-21,RO,etanol,2.2600,1
2011-09-21,RO,gasolina,2.9900,1
2011-09-21,RR,etanol,2.4500,1
2011-09-21,RR,gasolina,46.1320,16
2011-09-21,RS,etanol,281.3850,117
2011-09-21,RS,gasolina,353.8580,125
2011-09-21,SC,etanol,416.0820,175
2011-09-21,SC,gasolina,501.4340,180
2011-09-21,SE,etanol,86.0320,37
2011-09-21,SE,gasolina,111.6190,40
2011-09-21,SP,etanol,1317.0190,694
2011-09-21,SP,gasolina,1848.0220,692
2011-09-22,AC,etanol,5.8600,2
2011-09-22,AC,gasolina,33.6500,10
2011-09-22,AL,etanol,16.3480,7
2011-09-22,AL,gasolina,22.1100,8
2011-09-22,AM,etanol,4.6020,2
2011-09-22,AM,gasolina,18.3700,6
2011-09-22,BA,etanol,38.0870,18
2011-09-22,BA,gasolina,53.6580,19
2011-09-22,ES,etanol,44.5190,18
2011-09-22,ES,gasolina,55.7190,19
2011-09-22,MA,etanol,12.2800,5
2011-09-22,MA,gasolina,23.4670,9
2011-09-22,MG,etanol,256.4840,116
2011-09-22,MG,gasolina,335.1570,116
2011-09-22,MS,etanol,10.8200,5
2011-09-22,MS,gasolina,13.7180,5
2011-09-22,PA,etanol,32.4590,13
2011-09-22,PA,gasolina,74.5160,26
2011-09-22,PE,etanol,55.5560,25
2011-09-22,PE,gasolina,65.4030,25
2011-09-22,PR,etanol,135.1650,68
2011-09-22,PR,gasolina,186.7930,68
2011-09-22,RJ,etanol,91.3270,40
2011-09-22,RJ,gasolina,131.2310,44
2011-09-22,RS,etanol,162.6080,68
2011-09-22,RS,gasolina,209.4090,73
2011-09-22,SC,etanol,56.8290,25
2011-09-22,SC,gasolina,68.3000,26
2011-09-22,SP,etanol,191.1910,101
2011-09-22,SP,gasolina,265.7660,101
2011-09-26,AC,etanol,10.2100,4
2011-09-26,AC,gasolina,32.9400,10
2011-09-26,AL,etanol,88.1480,38
2011-09-26,AL,gasolina,108.3940,39
2011-09-26,AM,etanol,12.7100,5
2011-09-26,AM,gasolina,51.5000,17
2011-09-26,AP,etanol,34.6100,16
2011-09-26,AP,gasolina,71.5490,26
2011-09-26,BA,etanol,355.5670,173
2011-09-26,BA,gasolina,483.4150,177
2011-09-26,CE,etanol,294.6700,133
2011-09-26,CE,gasolina,389.1010,142
2011-09-26,ES,etanol,41.6930,17
2011-09-26,ES,gasolina,47.8640,16
2011-09-26,GO,etanol,56.9990,30
2011-09-26,GO,gasolina,85.7890,30
2011-09-26,MG,etanol,773.9890,354
2011-09-26,MG,gasolina,1027.0880,355
2011-09-26,MS,etanol,179.5920,86
2011-09-26,MS,gasolina,238.3860,86
2011-09-26,MT,etanol,38.0780,20
2011-09-26,MT,gasolina,56.3480,20
2011-09-26,PA,etanol,81.1550,35
2011-09-26,PA,gasolina,177.0260,63
2011-09-26,PB,etanol,55.0400,25
2011-09-26,PB,gasolina,71.9890,27
2011-09-26,PE,etanol,124.0770,56
2011-09-26,PE,gasolina,148.2130,56
2011-09-26,PI,etanol,131.4140,57
2011-09-26,PI,gasolina,196.1230,73
2011-09-26,PR,etanol,187.1790,95
2011-09-26,PR,gasolina,256.7490,94
2011-09-26,RJ,etanol,423.9920,189
2011-09-26,RJ,gasolina,571.4950,195
2011-09-26,RN,etanol,203.3650,90
2011-09-26,RN,gasolina,239.4450,91
2011-09-26,RO,etanol,74.5590,31
2011-09-26,RO,gasolina,93.1790,31
2011-09-26,RR,etanol,38.2500,16
2011-09-26,RR,gasolina,52.1300,19
2011-09-26,RS,etanol,807.0620,337
2011-09-26,RS,gasolina,967.3070,355
2011-09-26,SC,etanol,51.0710,22
2011-09-26,SC,gasolina,66.4500,24
2011-09-26,SE,etanol,11.5290,5
2011-09-26,SE,gasolina,17.1380,6
2011-09-26,SP,etanol,1911.7620,1014
2011-09-26,SP,gasolina,2688.6410,1011
2011-09-26,TO,etanol,32.6690,16
2011-09-26,TO,gasolina,46.8390,16
2011-09-27,AM,etanol,171.9190,75
2011-09-27,AM,gasolina,262.4690,91
2011-09-27,AP,gasolina,21.3290,7
2011-09-27,BA,etanol,379.1260,183
2011-09-27,BA,gasolina,517.1200,186
2011-09-27,CE,etanol,166.2940,75
2011-09-27,CE,gasolina,241.9410,87
2011-09-27,ES,etanol,55.5100,24
2011-09-27,ES,gasolina,69.6000,24
2011-09-27,GO,etanol,188.2060,98
2011-09-27,GO,gasolina,283.1850,98
2011-09-27,MA,etanol,165.5370,75
2011-09-27,MA,gasolina,234.5330,87
2011-09-27,MG,etanol,593.8440,274
2011-09-27,MG,gasolina,792.0630,278
2011-09-27,MS,etanol,18.7200,9
2011-09-27,MS,gasolina,31.7000,11
2011-09-27,MT,etanol,137.0850,66
2011-09-27,MT,gasolina,189.6630,63
2011-09-27,PA,etanol,60.2470,24
2011-09-27,PA,gasolina,179.6260,60
2011-09-27,PB,etanol,65.2090,30
2011-09-27,PB,gasolina,81.5880,32
2011-09-27,PE,etanol,246.3840,109
2011-09-27,PE,gasolina,299.6150,110
2011-09-27,PI,etanol,27.3530,12
2011-09-27,PI,gasolina,34.7620,13
2011-09-27,PR,etanol,573.5800,286
2011-09-27,PR,gasolina,775.3320,284
2011-09-27,RJ,etanol,202.2060,92
2011-09-27,RJ,gasolina,272.1520,95
2011-09-27,RN,etanol,52.8890,24
2011-09-27,RN,gasolina,70.1680,25
2011-09-27,RO,etanol,132.1280,55
2011-09-27,RO,gasolina,166.2880,56
2011-09-27,RS,etanol,290.5290,119
2011-09-27,RS,gasolina,374.9650,131
2011-09-27,SC,etanol,251.0810,104
2011-09-27,SC,gasolina,297.7350,107
2011-09-27,SE,etanol,6.9190,3
2011-09-27,SE,gasolina,8.4390,3
2011-09-27,SP,etanol,1359.1700,723
2011-09-27,SP,gasolina,1911.1500,720
2011-09-27,TO,etanol,68.5570,33
2011-09-27,TO,gasolina,100.3980,34
2011-09-28,AC,etanol,75.7190,30
2011-09-28,AC,gasolina,124.2190,40
2011-09-28,AL,etanol,133.7710,57
2011-09-28,AL,gasolina,162.6950,58
2011-09-28,AM,etanol,4.7400,2
2011-09-28,AM,gasolina,42.2160,13
2011-09-28,BA,etanol,134.5520,63
2011-09-28,BA,gasolina,181.0830,64
2011-09-28,DF,etanol,166.6200,80
2011-09-28,DF,gasolina,227.5300,80
2011-09-28,ES,etanol,357.0990,147
2011-09-28,ES,gasolina,436.3000,151
2011-09-28,GO,etanol,243.2340,127
2011-09-28,GO,gasolina,363.2500,127
2011-09-28,MA,etanol,101.5090,45
2011-09-28,MA,gasolina,166.4860,60
2011-09-28,MG,etanol,674.4840,311
2011-09-28,MG,gasolina,878.6830,311
2011-09-28,MS,etanol,57.8550,27
2011-09-28,MS,gasolina,66.4130,24
2011-09-28,MT,etanol,106.6370,54
2011-09-28,MT,gasolina,158.4370,55
2011-09-28,PA,etanol,104.7570,43
2011-09-28,PA,gasolina,222.9520,74
2011-09-28,PB,etanol,136.2960,63
2011-09-28,PB,gasolina,161.4580,64
2011-09-28,PE,etanol,250.4080,114
2011-09-28,PE,gasolina,302.9000,115
2011-09-28,PI,etanol,26.5100,11
2011-09-28,PI,gasolina,42.2000,15
2011-09-28,PR,etanol,354.1770,176
2011-09-28,PR,gasolina,479.8900,175
2011-09-28,RJ,etanol,469.9430,209
2011-09-28,RJ,gasolina,606.7500,210
2011-09-28,RO,etanol,38.2700,16
2011-09-28,RO,gasolina,48.5200,16
2011-09-28,RS,etanol,155.5910,64
2011-09-28,RS,gasolina,203.7590,72
2011-09-28,SC,etanol,361.9770,154
2011-09-28,SC,gasolina,424.1850,155
2011-09-28,SE,etanol,48.6510,21
2011-09-28,SE,gasolina,58.0580,21
2011-09-28,SP,etanol,1091.3240,582
2011-09-28,SP,gasolina,1532.4310,580
2011-09-28,TO,etanol,22.2400,11
2011-09-28,TO,gasolina,31.3190,11
2011-09-29,AC,gasolina,6.3000,2
2011-09-29,MG,etanol,97.1140,44
2011-09-29,MG,gasolina,129.1420,44
2011-09-29,MS,etanol,23.2980,11
2011-09-29,MS,gasolina,29.9550,11
2011-09-29,PA,gasolina,3.0000,1
2011-09-29,PE,etanol,113.5740,51
2011-09-29,PE,gasolina,140.0220,51
2011-09-29,PI,gasolina,2.7500,1
2011-09-29,PR,etanol,21.0780,10
2011-09-29,PR,gasolina,28.3090,10
2011-09-29,RJ,etanol,506.0250,230
2011-09-29,RJ,gasolina,661.0260,233
2011-09-29,RR,etanol,2.4500,1
2011-09-29,RR,gasolina,49.1520,17
2011-09-29,RS,etanol,126.9170,52
2011-09-29,RS,gasolina,156.5000,54
2011-09-29,SC,etanol,233.0740,99
2011-09-29,SC,gasolina,277.2290,100
2011-09-29,SE,etanol,53.1530,23
2011-09-29,SE,gasolina,75.3790,27
2011-09-29,SP,etanol,125.1510,66
2011-09-29,SP,gasolina,175.3270,65
2011-10-03,AC,etanol,10.2100,4
2011-10-03,AC,gasolina,32.9400,10
2011-10-03,AL,etanol,88.1980,38
2011-10-03,AL,gasolina,108.4240,39
2011-10-03,AM,etanol,15.0100,6
2011-10-03,AM,gasolina,54.3600,18
2011-10-03,AP,etanol,32.7300,15
2011-10-03,AP,gasolina,69.0190,25
2011-10-03,BA,etanol,421.1670,205
2011-10-03,BA,gasolina,571.0390,209
2011-10-03,CE,etanol,193.6930,85
2011-10-03,CE,gasolina,257.7180,91
2011-10-03,ES,etanol,37.0140,15
2011-10-03,ES,gasolina,44.7940,15
2011-10-03,GO,etanol,57.0780,30
2011-10-03,GO,gasolina,85.8680,30
2011-10-03,MA,etanol,73.0570,34
2011-10-03,MA,gasolina,86.8520,34
2011-10-03,MG,etanol,866.4360,395
2011-10-03,MG,gasolina,1137.0260,396
2011-10-03,MS,etanol,166.9540,79
2011-10-03,MS,gasolina,221.2010,79
2011-10-03,MT,etanol,96.2460,49
2011-10-03,MT,gasolina,140.9460,49
2011-10-03,PA,etanol,13.0700,5
2011-10-03,PA,gasolina,45.3800,15
2011-10-03,PB,etanol,33.6000,15
2011-10-03,PB,gasolina,45.4590,17
2011-10-03,PE,etanol,123.8770,56
2011-10-03,PE,gasolina,148.2830,56
2011-10-03,PI,etanol,44.5800,19
2011-10-03,PI,gasolina,89.9890,33
2011-10-03,PR,etanol,350.3530,176
2011-10-03,PR,gasolina,475.8200,175
2011-10-03,RJ,etanol,519.9920,231
2011-10-03,RJ,gasolina,696.9720,238
2011-10-03,RN,etanol,56.8300,25
2011-10-03,RN,gasolina,70.2290,26
2011-10-03,RO,etanol,137.7990,57
2011-10-03,RO,gasolina,173.1990,58
2011-10-03,RR,etanol,35.7800,15
2011-10-03,RR,gasolina,52.1000,19
2011-10-03,RS,etanol,558.6280,232
2011-10-03,RS,gasolina,690.6250,248
2011-10-03,SC,etanol,292.4690,124
2011-10-03,SC,gasolina,349.5800,127
2011-10-03,SE,etanol,14.0280,6
2011-10-03,SE,gasolina,20.0870,7
2011-10-03,SP,etanol,2055.0440,1087
2011-10-03,SP,gasolina,2902.3510,1085
2011-10-04,AL,etanol,108.5300,46
2011-10-04,AL,gasolina,125.9140,45
2011-10-04,AM,etanol,18.7490,8
2011-10-04,AM,gasolina,63.5700,22
2011-10-04,AP,gasolina,21.4290,7
2011-10-04,BA,etanol,316.3340,153
2011-10-04,BA,gasolina,432.0710,155
2011-10-04,CE,etanol,112.6080,50
2011-10-04,CE,gasolina,181.7880,65
2011-10-04,ES,etanol,55.5400,24
2011-10-04,ES,gasolina,69.5300,24
2011-10-04,GO,etanol,165.3090,85
2011-10-04,GO,gasolina,243.4660,84
2011-10-04,MA,etanol,94.9700,42
2011-10-04,MA,gasolina,150.4390,54
2011-10-04,MG,etanol,669.8640,308
2011-10-04,MG,gasolina,893.2820,312
2011-10-04,MS,etanol,55.3920,28
2011-10-04,MS,gasolina,74.2380,28
2011-10-04,MT,etanol,69.9650,35
2011-10-04,MT,gasolina,101.0360,35
2011-10-04,PA,etanol,60.6070,24
2011-10-04,PA,gasolina,179.7260,60
2011-10-04,PB,etanol,110.1720,51
2011-10-04,PB,gasolina,135.6580,53
2011-10-04,PE,etanol,243.1400,108
2011-10-04,PE,gasolina,297.0750,109
2011-10-04,PI,etanol,52.3750,23
2011-10-04,PI,gasolina,61.1750,23
2011-10-04,PR,etanol,522.6190,260
2011-10-04,PR,gasolina,711.1240,259
2011-10-04,RJ,etanol,247.9110,113
2011-10-04,RJ,gasolina,330.7360,116
2011-10-04,RO,etanol,66.3470,28
2011-10-04,RO,gasolina,85.9070,29
2011-10-04,RS,etanol,547.7460,227
2011-10-04,RS,gasolina,704.3840,248
2011-10-04,SC,etanol,326.5310,138
2011-10-04,SC,gasolina,383.2370,140
2011-10-04,SE,etanol,4.6200,2
2011-10-04,SE,gasolina,5.6400,2
2011-10-04,SP,etanol,1241.4480,661
2011-10-04,SP,gasolina,1757.3590,658
2011-10-04,TO,etanol,103.9260,50
2011-10-04,TO,gasolina,147.1370,50
2011-10-05,AC,etanol,64.3670,25
2011-10-05,AC,gasolina,108.4610,34
2011-10-05,AL,etanol,26.3280,11
2011-10-05,AL,gasolina,34.0590,12
2011-10-05,AM,etanol,144.3620,63
2011-10-05,AM,gasolina,231.7480,79
2011-10-05,AP,etanol,2.1800,1
2011-10-05,AP,gasolina,2.6900,1
2011-10-05,BA,etanol,129.1250,61
2011-10-05,BA,gasolina,173.1270,62
2011-10-05,CE,etanol,138.0370,64
2011-10-05,CE,gasolina,187.6840,68
2011-10-05,DF,etanol,174.0000,80
2011-10-05,DF,gasolina,227.4300,80
2011-10-05,ES,etanol,351.6090,145
2011-10-05,ES,gasolina,431.1700,149
2011-10-05,GO,etanol,268.6620,140
2011-10-05,GO,gasolina,399.9100,140
2011-10-05,MA,etanol,94.8910,42
2011-10-05,MA,gasolina,164.6090,59
2011-10-05,MG,etanol,567.2650,256
2011-10-05,MG,gasolina,742.4230,257
2011-10-05,MS,etanol,37.0520,17
2011-10-05,MS,gasolina,43.4320,15
2011-10-05,MT,etanol,114.7880,56
2011-10-05,MT,gasolina,161.7560,54
2011-10-05,PA,etanol,171.3390,72
2011-10-05,PA,gasolina,343.9820,118
2011-10-05,PB,etanol,112.2760,52
2011-10-05,PB,gasolina,133.6350,53
2011-10-05,PE,etanol,257.5180,117
2011-10-05,PE,gasolina,308.6180,117
2011-10-05,PI,etanol,88.0930,38
2011-10-05,PI,gasolina,119.1520,44
2011-10-05,PR,etanol,243.5710,122
2011-10-05,PR,gasolina,332.4370,121
2011-10-05,RJ,etanol,726.0570,321
2011-10-05,RJ,gasolina,933.6170,325
2011-10-05,RN,etanol,198.2460,88
2011-10-05,RN,gasolina,239.7420,90
2011-10-05,RO,etanol,35.9500,15
2011-10-05,RO,gasolina,48.9100,16
2011-10-05,RR,etanol,2.2500,1
2011-10-05,RR,gasolina,2.8900,1
2011-10-05,RS,etanol,158.1410,65
2011-10-05,RS,gasolina,203.6530,72
2011-10-05,SC,etanol,163.6420,69
2011-10-05,SC,gasolina,189.8170,69
2011-10-05,SE,etanol,51.2830,22
2011-10-05,SE,gasolina,60.9100,22
2011-10-05,SP,etanol,1093.1560,585
2011-10-05,SP,gasolina,1558.6020,584
2011-10-05,TO,etanol,22.7000,11
2011-10-05,TO,gasolina,31.5490,11
2011-10-06,AC,etanol,14.8200,6
2011-10-06,AC,gasolina,24.7000,8
2011-10-06,AM,etanol,2.2500,1
2011-10-06,AM,gasolina,2.8900,1
2011-10-06,CE,etanol,10.7290,5
2011-10-06,CE,gasolina,13.7800,5
2011-10-06,ES,etanol,2.4900,1
2011-10-06,ES,gasolina,2.8500,1
2011-10-06,MG,etanol,50.6010,23
2011-10-06,MG,gasolina,66.7180,23
2011-10-06,MS,etanol,19.2700,9
2011-10-06,MS,gasolina,27.6980,10
2011-10-06,PA,etanol,6.8280,3
2011-10-06,PA,gasolina,17.0450,6
2011-10-06,PE,etanol,111.2040,50
2011-10-06,PE,gasolina,137.2610,50
2011-10-06,PI,gasolina,2.7500,1
2011-10-06,PR,etanol,19.0290,9
2011-10-06,PR,gasolina,25.3490,9
2011-10-06,RJ,etanol,120.4710,53
2011-10-06,RJ,gasolina,159.5690,55
2011-10-06,RR,etanol,2.4500,1
2011-10-06,RR,gasolina,49.1520,17
2011-10-06,RS,etanol,105.3460,43
2011-10-06,RS,gasolina,129.4660,45
2011-10-06,SC,etanol,116.4200,49
2011-10-06,SC,gasolina,138.2540,49
2011-10-06,SE,etanol,50.7540,22
2011-10-06,SE,gasolina,72.5120,26
2011-10-06,SP,etanol,96.6950,51
2011-10-06,SP,gasolina,136.7990,51
2011-10-10,AL,etanol,67.2880,29
2011-10-10,AL,gasolina,80.5390,29
2011-10-10,AM,etanol,17.6400,7
2011-10-10,AM,gasolina,85.6700,29
2011-10-10,AP,etanol,7.0900,3
2011-10-10,AP,gasolina,31.5300,11
2011-10-10,BA,etanol,371.9490,178
2011-10-10,BA,gasolina,513.5990,183
2011-10-10,CE,etanol,20.2700,9
2011-10-10,CE,gasolina,17.1400,6
2011-10-10,ES,etanol,36.9440,15
2011-10-10,ES,gasolina,44.8440,15
2011-10-10,GO,etanol,37.1200,20
2011-10-10,GO,gasolina,56.7000,20
2011-10-10,MA,etanol,18.8990,8
2011-10-10,MA,gasolina,25.4190,9
2011-10-10,MG,etanol,355.3140,161
2011-10-10,MG,gasolina,465.4770,160
2011-10-10,MS,etanol,26.8710,12
2011-10-10,MS,gasolina,35.1320,12
2011-10-10,PB,etanol,45.7800,21
2011-10-10,PB,gasolina,55.8200,21
2011-10-10,PE,etanol,174.2490,82
2011-10-10,PE,gasolina,210.8070,82
2011-10-10,PI,etanol,43.2490,19
2011-10-10,PI,gasolina,52.9890,20
2011-10-10,PR,etanol,109.5910,55
2011-10-10,PR,gasolina,151.1890,55
2011-10-10,RJ,etanol,56.2810,26
2011-10-10,RJ,gasolina,80.3890,28
2011-10-10,RR,etanol,42.9500,18
2011-10-10,RR,gasolina,52.0800,19
2011-10-10,RS,etanol,99.9680,40
2011-10-10,RS,gasolina,123.0780,43
2011-10-10,SC,etanol,67.5000,29
2011-10-10,SC,gasolina,80.8710,29
2011-10-10,SE,etanol,57.9630,25
2011-10-10,SE,gasolina,80.9320,29
2011-10-10,SP,etanol,454.4960,237
2011-10-10,SP,gasolina,638.2480,236
2011-10-11,AC,etanol,77.6480,31
2011-10-11,AC,gasolina,132.5020,42
2011-10-11,AL,etanol,156.7350,67
2011-10-11,AL,gasolina,190.4140,68
2011-10-11,AM,etanol,169.1870,74
2011-10-11,AM,gasolina,267.4150,91
2011-10-11,AP,etanol,32.9300,15
2011-10-11,AP,gasolina,61.2290,22
2011-10-11,BA,etanol,466.3220,226
2011-10-11,BA,gasolina,613.2580,224
2011-10-11,CE,etanol,446.3220,201
2011-10-11,CE,gasolina,620.4850,222
2011-10-11,ES,etanol,373.9800,154
2011-10-11,ES,gasolina,450.5100,156
2011-10-11,GO,etanol,340.2190,175
2011-10-11,GO,gasolina,507.3440,175
2011-10-11,MA,etanol,237.1930,108
2011-10-11,MA,gasolina,351.6500,129
2011-10-11,MG,etanol,1518.3570,696
2011-10-11,MG,gasolina,2002.5790,701
2011-10-11,MS,etanol,252.8910,121
2011-10-11,MS,gasolina,332.5700,120
2011-10-11,MT,etanol,277.6420,141
2011-10-11,MT,gasolina,398.8780,138
2011-10-11,PA,etanol,219.4160,91
2011-10-11,PA,gasolina,525.9020,178
2011-10-11,PB,etanol,109.6190,50
2011-10-11,PB,gasolina,142.4170,55
2011-10-11,PE,etanol,542.6320,243
2011-10-11,PE,gasolina,661.4070,244
2011-10-11,PI,etanol,127.6680,55
2011-10-11,PI,gasolina,216.8090,80
2011-10-11,PR,etanol,879.4260,439
2011-10-11,PR,gasolina,1197.8750,437
2011-10-11,RJ,etanol,1268.7090,562
2011-10-11,RJ,gasolina,1658.9820,572
2011-10-11,RN,etanol,200.1360,89
2011-10-11,RN,gasolina,239.1880,91
2011-10-11,RO,etanol,248.1890,103
2011-10-11,RO,gasolina,308.4980,103
2011-10-11,RR,etanol,2.4500,1
2011-10-11,RR,gasolina,48.8100,17
2011-10-11,RS,etanol,1166.5710,487
2011-10-11,RS,gasolina,1494.6730,529
2011-10-11,SC,etanol,668.6440,281
2011-10-11,SC,gasolina,787.9060,286
2011-10-11,SE,etanol,60.4380,26
2011-10-11,SE,gasolina,75.2220,27
2011-10-11,SP,etanol,3748.2120,2011
2011-10-11,SP,gasolina,5345.8760,2007
2011-10-11,TO,etanol,125.7860,61
2011-10-11,TO,gasolina,178.7330,61
2011-10-12,AC,etanol,11.7200,4
2011-10-12,AC,gasolina,33.6500,10
2011-10-12,AM,gasolina,2.9600,1
2011-10-12,ES,etanol,41.2190,17
2011-10-12,ES,gasolina,53.6690,18
2011-10-12,GO,etanol,3.9400,2
2011-10-12,GO,gasolina,5.7000,2
2011-10-12,MA,etanol,24.0430,10
2011-10-12,MA,gasolina,28.4510,11
2011-10-12,MG,etanol,181.9890,80
2011-10-12,MG,gasolina,233.1730,80
2011-10-12,PE,etanol,2.2400,1
2011-10-12,PE,gasolina,2.7400,1
2011-10-12,PR,etanol,66.9960,34
2011-10-12,PR,gasolina,90.4150,34
2011-10-12,RJ,etanol,9.1960,4
2011-10-12,RJ,gasolina,11.7660,4
2011-10-12,SP,etanol,22.5340,12
2011-10-12,SP,gasolina,31.9840,12
2011-10-13,BA,etanol,42.2550,20
2011-10-13,BA,gasolina,59.3770,21
2011-10-13,DF,etanol,173.6300,80
2011-10-13,DF,gasolina,227.1700,80
2011-10-13,GO,etanol,110.5890,57
2011-10-13,GO,gasolina,164.9990,58
2011-10-13,MG,etanol,88.3920,41
2011-10-13,MG,gasolina,121.5470,43
2011-10-13,PA,etanol,30.9400,12
2011-10-13,PA,gasolina,52.2000,18
2011-10-13,PE,etanol,17.8500,8
2011-10-13,PE,gasolina,22.1290,8
2011-10-13,PR,etanol,75.3150,38
2011-10-13,PR,gasolina,103.2050,38
2011-10-13,RJ,etanol,176.7320,82
2011-10-13,RJ,gasolina,233.0470,83
2011-10-13,RS,etanol,80.6580,33
2011-10-13,RS,gasolina,102.2420,36
2011-10-13,SC,etanol,160.1600,68
2011-10-13,SC,gasolina,197.0830,71
2011-10-13,SE,etanol,2.2990,1
2011-10-13,SE,gasolina,2.7990,1
2011-10-13,SP,etanol,196.8220,105
2011-10-13,SP,gasolina,279.2430,105
2011-10-14,PB,etanol,99.3020,47
2011-10-14,PB,gasolina,116.0050,48
2011-10-14,RJ,etanol,111.7380,51
2011-10-14,RJ,gasolina,146.0950,52
2011-10-14,RN,etanol,52.8900,24
2011-10-14,RN,gasolina,70.3300,25
2011-10-14,RS,etanol,7.6900,3
2011-10-14,RS,gasolina,8.7700,3
2011-10-14,SP,etanol,38.8380,20
2011-10-14,SP,gasolina,54.2270,20
2011-10-17,AL,etanol,131.5730,57
2011-10-17,AL,gasolina,158.5330,57
2011-10-17,AM,etanol,103.5580,45
2011-10-17,AM,gasolina,197.7420,68
2011-10-17,AP,etanol,9.2900,4
2011-10-17,AP,gasolina,34.2200,12
2011-10-17,BA,etanol,428.4720,206
2011-10-17,BA,gasolina,583.2220,210
2011-10-17,CE,etanol,114.8100,53
2011-10-17,CE,gasolina,144.6390,52
2011-10-17,ES,etanol,37.0040,15
2011-10-17,ES,gasolina,44.8440,15
2011-10-17,GO,etanol,37.4200,20
2011-10-17,GO,gasolina,56.7800,20
2011-10-17,MA,etanol,16.7000,7
2011-10-17,MA,gasolina,22.6600,8
2011-10-17,MG,etanol,334.1160,152
2011-10-17,MG,gasolina,434.2410,152
2011-10-17,MS,etanol,20.5440,9
2011-10-17,MS,gasolina,26.9530,9
2011-10-17,MT,etanol,106.7050,54
2011-10-17,MT,gasolina,155.5370,54
2011-10-17,PB,etanol,19.7500,9
2011-10-17,PB,gasolina,23.9600,9
2011-10-17,PE,etanol,138.4170,65
2011-10-17,PE,gasolina,164.5570,64
2011-10-17,PI,etanol,75.1950,33
2011-10-17,PI,gasolina,90.0460,34
2011-10-17,PR,etanol,260.2200,130
2011-10-17,PR,gasolina,357.9970,131
2011-10-17,RJ,etanol,161.8650,72
2011-10-17,RJ,gasolina,213.6490,75
2011-10-17,RN,etanol,46.9990,21
2011-10-17,RN,gasolina,54.3660,21
2011-10-17,RO,etanol,34.3400,14
2011-10-17,RO,gasolina,41.9700,14
2011-10-17,RS,etanol,414.4780,174
2011-10-17,RS,gasolina,519.0160,184
2011-10-17,SC,etanol,163.5500,69
2011-10-17,SC,gasolina,195.7290,71
2011-10-17,SE,etanol,57.9630,25
2011-10-17,SE,gasolina,80.9320,29
2011-10-17,SP,etanol,680.4750,361
2011-10-17,SP,gasolina,972.8700,362
2011-10-17,TO,etanol,8.1890,4
2011-10-17,TO,gasolina,11.7390,4
2011-10-18,AC,etanol,82.5780,33
2011-10-18,AC,gasolina,132.6580,42
2011-10-18,AL,etanol,95.0520,40
2011-10-18,AL,gasolina,115.9950,41
2011-10-18,AM,etanol,81.4780,35
2011-10-18,AM,gasolina,152.2690,51
2011-10-18,AP,etanol,30.6300,14
2011-10-18,AP,gasolina,58.5390,21
2011-10-18,BA,etanol,398.9060,194
2011-10-18,BA,gasolina,526.0530,193
2011-10-18,CE,etanol,351.9690,157
2011-10-18,CE,gasolina,496.5630,177
2011-10-18,ES,etanol,217.5300,90
2011-10-18,ES,gasolina,267.0900,92
2011-10-18,GO,etanol,301.0330,153
2011-10-18,GO,gasolina,446.3090,153
2011-10-18,MA,etanol,195.4670,89
2011-10-18,MA,gasolina,283.4240,104
2011-10-18,MG,etanol,1491.9510,682
2011-10-18,MG,gasolina,1969.2220,686
2011-10-18,MS,etanol,258.3080,124
2011-10-18,MS,gasolina,339.8040,123
2011-10-18,MT,etanol,179.0240,87
2011-10-18,MT,gasolina,250.3990,84
2011-10-18,PA,etanol,222.2960,92
2011-10-18,PA,gasolina,522.1290,177
2011-10-18,PB,etanol,236.6370,110
2011-10-18,PB,gasolina,289.9130,115
2011-10-18,PE,etanol,484.1470,219
2011-10-18,PE,gasolina,602.6200,223
2011-10-18,PI,etanol,95.4730,41
2011-10-18,PI,gasolina,177.0120,65
2011-10-18,PR,etanol,784.5260,391
2011-10-18,PR,gasolina,1062.5490,388
2011-10-18,RJ,etanol,1408.6430,631
2011-10-18,RJ,gasolina,1858.7360,643
2011-10-18,RN,etanol,207.9160,93
2011-10-18,RN,gasolina,255.4770,95
2011-10-18,RO,etanol,213.5330,89
2011-10-18,RO,gasolina,269.2600,90
2011-10-18,RR,etanol,43.0000,18
2011-10-18,RR,gasolina,100.9300,36
2011-10-18,RS,etanol,873.6810,363
2011-10-18,RS,gasolina,1128.9280,399
2011-10-18,SC,etanol,627.7760,266
2011-10-18,SC,gasolina,742.0400,271
2011-10-18,SE,etanol,11.3810,5
2011-10-18,SE,gasolina,17.0170,6
2011-10-18,SP,etanol,3531.1620,1886
2011-10-18,SP,gasolina,5018.8430,1879
2011-10-18,TO,etanol,117.8370,57
2011-10-18,TO,gasolina,166.7730,57
2011-10-19,AC,etanol,14.6500,5
2011-10-19,AC,gasolina,33.6400,10
2011-10-19,AM,gasolina,2.9600,1
2011-10-19,BA,etanol,6.4390,3
2011-10-19,BA,gasolina,8.1990,3
2011-10-19,DF,etanol,173.5800,80
2011-10-19,DF,gasolina,227.1500,80
2011-10-19,ES,etanol,197.3290,81
2011-10-19,ES,gasolina,234.0990,81
2011-10-19,GO,etanol,155.7130,80
2011-10-19,GO,gasolina,229.7140,81
2011-10-19,MA,etanol,64.6620,29
2011-10-19,MA,gasolina,98.9960,37
2011-10-19,MG,etanol,232.1500,103
2011-10-19,MG,gasolina,298.5280,103
2011-10-19,MT,etanol,1.9500,1
2011-10-19,MT,gasolina,2.8500,1
2011-10-19,PE,etanol,87.5890,40
2011-10-19,PE,gasolina,103.4940,40
2011-10-19,PI,etanol,2.2590,1
2011-10-19,PI,gasolina,2.6790,1
2011-10-19,PR,etanol,82.9500,42
2011-10-19,PR,gasolina,114.2990,42
2011-10-19,RJ,etanol,4.2980,2
2011-10-19,RJ,gasolina,5.7780,2
2011-10-19,RS,etanol,9.8560,4
2011-10-19,RS,gasolina,11.4860,4
2011-10-19,SC,etanol,2.2590,1
2011-10-19,SC,gasolina,2.6690,1
2011-10-19,SE,etanol,51.1810,22
2011-10-19,SE,gasolina,60.8580,22
2011-10-19,SP,etanol,177.3170,99
2011-10-19,SP,gasolina,254.0910,99
2011-10-20,BA,etanol,42.2250,20
2011-10-20,BA,gasolina,59.3770,21
2011-10-20,GO,etanol,1.8900,1
2011-10-20,GO,gasolina,2.8900,1
2011-10-20,MG,etanol,86.2720,40
2011-10-20,MG,gasolina,118.4790,42
2011-10-20,PA,etanol,30.9400,12
2011-10-20,PA,gasolina,52.2000,18
2011-10-20,PE,etanol,17.8500,8
2011-10-20,PE,gasolina,22.1290,8
2011-10-20,PR,etanol,1.8990,1
2011-10-20,PR,gasolina,2.6490,1
2011-10-20,RJ,etanol,41.0830,18
2011-10-20,RJ,gasolina,51.2730,18
2011-10-20,RS,etanol,48.8730,20
2011-10-20,RS,gasolina,65.4080,23
2011-10-20,SC,etanol,100.1710,42
2011-10-20,SC,gasolina,124.1880,44
2011-10-20,SP,etanol,75.0580,39
2011-10-20,SP,gasolina,104.9780,39
2011-10-24,AC,etanol,57.1890,23
2011-10-24,AC,gasolina,86.2780,28
2011-10-24,AL,etanol,65.5150,28
2011-10-24,AL,gasolina,83.8760,30
2011-10-24,AM,etanol,116.0090,50
2011-10-24,AM,gasolina,240.0600,81
2011-10-24,AP,etanol,6.6600,3
2011-10-24,AP,gasolina,49.4290,17
2011-10-24,BA,etanol,428.8410,210
2011-10-24,BA,gasolina,592.0030,218
2011-10-24,CE,etanol,199.5700,89
2011-10-24,CE,gasolina,257.2010,91
2011-10-24,ES,etanol,36.9540,15
2011-10-24,ES,gasolina,44.8440,15
2011-10-24,GO,etanol,90.7090,46
2011-10-24,GO,gasolina,137.1790,47
2011-10-24,MA,etanol,106.5470,47
2011-10-24,MA,gasolina,173.3260,60
2011-10-24,MG,etanol,423.5510,192
2011-10-24,MG,gasolina,550.3090,191
2011-10-24,MS,etanol,179.8080,86
2011-10-24,MS,gasolina,237.6250,86
2011-10-24,MT,etanol,130.6620,61
2011-10-24,MT,gasolina,177.5120,59
2011-10-24,PA,etanol,65.1970,25
2011-10-24,PA,gasolina,181.8460,59
2011-10-24,PB,etanol,82.0590,37
2011-10-24,PB,gasolina,100.9470,38
2011-10-24,PE,etanol,331.5280,149
2011-10-24,PE,gasolina,412.6480,152
2011-10-24,PI,etanol,36.1690,15
2011-10-24,PI,gasolina,67.2800,24
2011-10-24,PR,etanol,306.9270,152
2011-10-24,PR,gasolina,420.5670,152
2011-10-24,RJ,etanol,622.8660,280
2011-10-24,RJ,gasolina,815.0280,281
2011-10-24,RN,etanol,86.3690,38
2011-10-24,RN,gasolina,104.7100,39
2011-10-24,RO,etanol,152.8290,64
2011-10-24,RO,gasolina,191.6390,64
2011-10-24,RR,etanol,44.0800,18
2011-10-24,RR,gasolina,97.2700,34
2011-10-24,RS,etanol,872.8660,366
2011-10-24,RS,gasolina,1109.3990,393
2011-10-24,SC,etanol,401.8950,168
2011-10-24,SC,gasolina,485.4920,175
2011-10-24,SP,etanol,1484.4600,784
2011-10-24,SP,gasolina,2097.4940,784
2011-10-24,TO,etanol,93.2170,45
2011-10-24,TO,gasolina,131.8360,45
2011-10-25,AC,etanol,17.3700,7
2011-10-25,AC,gasolina,43.1200,13
2011-10-25,AL,etanol,158.9750,68
2011-10-25,AL,gasolina,190.6500,68
2011-10-25,AM,etanol,46.2800,20
2011-10-25,AM,gasolina,79.7600,28
2011-10-25,AP,etanol,30.7100,14
2011-10-25,AP,gasolina,46.4300,17
2011-10-25,BA,etanol,293.4710,144
2011-10-25,BA,gasolina,384.6570,143
2011-10-25,CE,etanol,262.8300,119
2011-10-25,CE,gasolina,376.5410,136
2011-10-25,ES,etanol,77.8400,33
2011-10-25,ES,gasolina,96.5800,33
2011-10-25,GO,etanol,211.5450,109
2011-10-25,GO,gasolina,314.5190,108
2011-10-25,MA,etanol,12.7000,6
2011-10-25,MA,gasolina,16.9100,6
2011-10-25,MG,etanol,1306.6060,601
2011-10-25,MG,gasolina,1739.6100,610
2011-10-25,MS,etanol,93.6200,44
2011-10-25,MS,gasolina,120.3010,43
2011-10-25,MT,etanol,154.6640,76
2011-10-25,MT,gasolina,218.2310,74
2011-10-25,PA,etanol,95.5010,40
2011-10-25,PA,gasolina,230.8420,78
2011-10-25,PB,etanol,97.5550,47
2011-10-25,PB,gasolina,116.2220,48
2011-10-25,PE,etanol,118.5730,56
2011-10-25,PE,gasolina,144.4320,57
2011-10-25,PI,etanol,88.8760,39
2011-10-25,PI,gasolina,135.3200,51
2011-10-25,PR,etanol,507.0540,252
2011-10-25,PR,gasolina,682.6680,249
2011-10-25,RJ,etanol,533.0920,236
2011-10-25,RJ,gasolina,708.7770,243
2011-10-25,RN,etanol,173.3270,78
2011-10-25,RN,gasolina,206.8820,78
2011-10-25,RO,etanol,95.2900,39
2011-10-25,RO,gasolina,117.0200,39
2011-10-25,RR,gasolina,8.2400,3
2011-10-25,RS,etanol,333.1560,135
2011-10-25,RS,gasolina,421.5800,147
2011-10-25,SC,etanol,390.8430,165
2011-10-25,SC,gasolina,452.0750,165
2011-10-25,SE,etanol,67.3830,29
2011-10-25,SE,gasolina,98.0460,35
2011-10-25,SP,etanol,2389.0380,1276
2011-10-25,SP,gasolina,3395.3010,1273
2011-10-25,TO,etanol,32.5790,16
2011-10-25,TO,gasolina,46.8790,16
2011-10-26,AC,etanol,17.2700,6
2011-10-26,AC,gasolina,36.7500,11
2011-10-26,AM,etanol,16.6490,7
2011-10-26,AM,gasolina,32.6200,11
2011-10-26,BA,etanol,125.4050,59
2011-10-26,BA,gasolina,167.1710,60
2011-10-26,DF,etanol,173.9200,80
2011-10-26,DF,gasolina,227.0500,80
2011-10-26,ES,etanol,343.6780,140
2011-10-26,ES,gasolina,410.1300,142
2011-10-26,GO,etanol,193.5900,100
2011-10-26,GO,gasolina,283.4510,100
2011-10-26,MA,etanol,158.6770,72
2011-10-26,MA,gasolina,217.9020,83
2011-10-26,MG,etanol,365.0570,166
2011-10-26,MG,gasolina,475.8380,165
2011-10-26,MS,etanol,6.3300,3
2011-10-26,MS,gasolina,8.0090,3
2011-10-26,MT,etanol,4.0400,2
2011-10-26,MT,gasolina,5.8400,2
2011-10-26,PA,etanol,30.9400,12
2011-10-26,PA,gasolina,52.2000,18
2011-10-26,PB,etanol,71.9700,34
2011-10-26,PB,gasolina,92.8340,37
2011-10-26,PE,etanol,252.6330,118
2011-10-26,PE,gasolina,309.6750,118
2011-10-26,PI,etanol,50.4920,22
2011-10-26,PI,gasolina,64.7620,25
2011-10-26,PR,etanol,267.7660,135
2011-10-26,PR,gasolina,366.3240,135
2011-10-26,RJ,etanol,436.4080,200
2011-10-26,RJ,gasolina,580.6580,206
2011-10-26,RS,etanol,75.1160,30
2011-10-26,RS,gasolina,100.8890,35
2011-10-26,SC,etanol,100.7000,43
2011-10-26,SC,gasolina,127.3350,46
2011-10-26,SE,etanol,51.5730,22
2011-10-26,SE,gasolina,61.0590,22
2011-10-26,SP,etanol,422.4680,225
2011-10-26,SP,gasolina,604.3610,225
2011-10-27,BA,etanol,15.8460,8
2011-10-27,BA,gasolina,20.6480,8
2011-10-27,MG,etanol,46.7450,21
2011-10-27,MG,gasolina,61.6350,21
2011-10-27,MT,etanol,4.6290,2
2011-10-27,MT,gasolina,6.1390,2
2011-10-27,PA,etanol,64.1790,28
2011-10-27,PA,gasolina,109.9410,40
2011-10-27,PB,etanol,2.3600,1
2011-10-27,PB,gasolina,2.5900,1
2011-10-27,PE,etanol,10.9770,5
2011-10-27,PE,gasolina,15.9960,6
2011-10-27,PR,etanol,55.8680,28
2011-10-27,PR,gasolina,76.0070,28
2011-10-27,RJ,etanol,15.8140,7
2011-10-27,RJ,gasolina,19.4430,7
2011-10-27,RS,etanol,87.0730,37
2011-10-27,RS,gasolina,103.7200,37
2011-10-27,SC,etanol,2.4990,1
2011-10-27,SC,gasolina,2.8290,1
2011-10-27,SP,etanol,186.3510,99
2011-10-27,SP,gasolina,263.7460,98
2011-10-31,AC,etanol,64.7280,26
2011-10-31,AC,gasolina,89.3180,29
2011-10-31,AL,etanol,169.1690,73
2011-10-31,AL,gasolina,209.2450,75
2011-10-31,AM,etanol,171.6940,74
2011-10-31,AM,gasolina,306.6380,104
2011-10-31,AP,etanol,6.6600,3
2011-10-31,AP,gasolina,49.4290,17
2011-10-31,BA,etanol,416.6080,202
2011-10-31,BA,gasolina,577.8010,211
2011-10-31,CE,etanol,302.2640,137
2011-10-31,CE,gasolina,406.2850,147
2011-10-31,ES,etanol,37.1740,15
2011-10-31,ES,gasolina,44.8440,15
2011-10-31,GO,etanol,92.4400,46
2011-10-31,GO,gasolina,137.1390,47
2011-10-31,MA,etanol,106.3380,47
2011-10-31,MA,gasolina,173.2160,60
2011-10-31,MG,etanol,619.1050,282
2011-10-31,MG,gasolina,797.4330,280
2011-10-31,MS,etanol,209.1430,101
2011-10-31,MS,gasolina,286.6540,104
2011-10-31,MT,etanol,182.7940,86
2011-10-31,MT,gasolina,258.4440,86
2011-10-31,PA,etanol,175.3410,73
2011-10-31,PA,gasolina,362.3130,125
2011-10-31,PB,etanol,129.9630,60
2011-10-31,PB,gasolina,155.8200,61
2011-10-31,PE,etanol,378.6110,172
2011-10-31,PE,gasolina,468.3770,174
2011-10-31,PI,etanol,110.9020,48
2011-10-31,PI,gasolina,162.7930,60
2011-10-31,PR,etanol,536.4300,265
2011-10-31,PR,gasolina,728.6320,266
2011-10-31,RJ,etanol,999.7900,448
2011-10-31,RJ,gasolina,1305.0460,455
2011-10-31,RN,etanol,95.0380,42
2011-10-31,RN,gasolina,116.4010,43
2011-10-31,RO,etanol,152.1680,64
2011-10-31,RO,gasolina,191.3830,64
2011-10-31,RR,etanol,41.7200,17
2011-10-31,RR,gasolina,94.4100,33
2011-10-31,RS,etanol,580.5970,242
2011-10-31,RS,gasolina,729.5120,259
2011-10-31,SC,etanol,457.1910,191
2011-10-31,SC,gasolina,544.7940,197
2011-10-31,SP,etanol,2313.4780,1215
2011-10-31,SP,gasolina,3255.2850,1210
2011-10-31,TO,etanol,92.0350,44
2011-10-31,TO,gasolina,128.6450,44
2011-11-01,AC,etanol,17.6200,7
2011-11-01,AC,gasolina,43.3800,13
2011-11-01,AL,etanol,51.3870,22
2011-11-01,AL,gasolina,61.9400,22
2011-11-01,AM,etanol,11.9200,5
2011-11-01,AM,gasolina,31.2400,11
2011-11-01,AP,etanol,31.0000,14
2011-11-01,AP,gasolina,46.6000,17
2011-11-01,BA,etanol,406.4700,199
2011-11-01,BA,gasolina,526.0090,198
2011-11-01,CE,etanol,159.5600,71
2011-11-01,CE,gasolina,227.6250,81
2011-11-01,DF,etanol,173.5700,80
2011-11-01,DF,gasolina,227.0340,80
2011-11-01,ES,etanol,234.4100,97
2011-11-01,ES,gasolina,275.0700,96
2011-11-01,GO,etanol,315.0740,161
2011-11-01,GO,gasolina,464.3870,161
2011-11-01,MA,etanol,116.9120,55
2011-11-01,MA,gasolina,158.8350,61
2011-11-01,MG,etanol,1156.5480,530
2011-11-01,MG,gasolina,1541.8220,539
2011-11-01,MS,etanol,62.5830,28
2011-11-01,MS,gasolina,72.7240,25
2011-11-01,MT,etanol,111.7780,52
2011-11-01,MT,gasolina,150.2700,50
2011-11-01,PA,etanol,53.9850,22
2011-11-01,PA,gasolina,159.6520,52
2011-11-01,PB,etanol,106.1110,51
2011-11-01,PB,gasolina,127.7740,52
2011-11-01,PE,etanol,152.8360,74
2011-11-01,PE,gasolina,187.5150,75
2011-11-01,PI,etanol,66.8250,29
2011-11-01,PI,gasolina,107.0380,40
2011-11-01,PR,etanol,462.3610,231
2011-11-01,PR,gasolina,628.2550,228
2011-11-01,RJ,etanol,571.0040,255
2011-11-01,RJ,gasolina,757.2000,260
2011-11-01,RN,etanol,155.3060,70
2011-11-01,RN,gasolina,195.0090,73
2011-11-01,RO,etanol,95.2500,39
2011-11-01,RO,gasolina,117.0900,39
2011-11-01,RR,gasolina,8.3400,3
2011-11-01,RS,etanol,633.2560,262
2011-11-01,RS,gasolina,805.4480,284
2011-11-01,SC,etanol,396.5220,168
2011-11-01,SC,gasolina,463.1470,170
2011-11-01,SE,etanol,118.6180,51
2011-11-01,SE,gasolina,158.8720,57
2011-11-01,SP,etanol,1817.0030,974
2011-11-01,SP,gasolina,2584.9390,974
2011-11-01,TO,etanol,30.6590,15
2011-11-01,TO,gasolina,43.9590,15
2011-11-02,AC,etanol,11.7400,4
2011-11-02,AC,gasolina,33.6100,10
2011-11-02,AM,etanol,5.1600,2
2011-11-02,AM,gasolina,18.3400,6
2011-11-02,BA,etanol,37.9550,18
2011-11-02,BA,gasolina,53.3190,19
2011-11-02,ES,etanol,186.9380,76
2011-11-02,ES,gasolina,226.1700,78
2011-11-02,GO,etanol,39.0600,20
2011-11-02,GO,gasolina,56.9090,20
2011-11-02,MA,etanol,52.4820,23
2011-11-02,MA,gasolina,73.7040,28
2011-11-02,MG,etanol,317.4530,144
2011-11-02,MG,gasolina,418.6790,145
2011-11-02,MS,etanol,6.3300,3
2011-11-02,MS,gasolina,8.0090,3
2011-11-02,PA,etanol,30.9400,12
2011-11-02,PA,gasolina,52.2000,18
2011-11-02,PB,etanol,15.8200,7
2011-11-02,PB,gasolina,26.9690,10
2011-11-02,PE,etanol,169.6830,78
2011-11-02,PE,gasolina,209.4050,78
2011-11-02,PR,etanol,139.5530,70
2011-11-02,PR,gasolina,190.2380,70
2011-11-02,RJ,etanol,24.8920,11
2011-11-02,RJ,gasolina,45.2170,15
2011-11-02,RS,etanol,52.7070,21
2011-11-02,RS,gasolina,75.1580,26
2011-11-02,SC,etanol,45.1560,19
2011-11-02,SC,gasolina,59.8340,21
2011-11-02,SP,etanol,178.5660,96
2011-11-02,SP,gasolina,256.1290,96
2011-11-03,GO,etanol,50.0000,26
2011-11-03,GO,gasolina,76.6400,27
2011-11-03,MG,etanol,46.8460,21
2011-11-03,MG,gasolina,61.6850,21
2011-11-03,MT,etanol,4.6290,2
2011-11-03,MT,gasolina,6.1390,2
2011-11-03,PA,gasolina,2.9000,1
2011-11-03,PB,etanol,2.3600,1
2011-11-03,PB,gasolina,2.5900,1
2011-11-03,PE,etanol,10.9770,5
2011-11-03,PE,gasolina,15.9960,6
2011-11-03,RJ,etanol,13.5150,6
2011-11-03,RJ,gasolina,16.6540,6
2011-11-03,RS,etanol,100.0500,42
2011-11-03,RS,gasolina,129.0160,45
2011-11-03,SP,etanol,189.8400,100
2011-11-03,SP,gasolina,267.6580,99
2011-11-04,TO,etanol,2.0700,1
2011-11-04,TO,gasolina,2.9300,1
2011-11-07,AC,etanol,5.1000,2
2011-11-07,AC,gasolina,29.9800,9
2011-11-07,AL,etanol,104.8410,45
2011-11-07,AL,gasolina,126.4400,45
2011-11-07,AM,etanol,10.4600,4
2011-11-07,AM,gasolina,36.3400,12
2011-11-07,AP,etanol,4.5400,2
2011-11-07,AP,gasolina,28.4000,10
2011-11-07,BA,etanol,273.6360,133
2011-11-07,BA,gasolina,369.9920,136
2011-11-07,CE,etanol,294.7090,133
2011-11-07,CE,gasolina,412.5710,148
2011-11-07,ES,etanol,16.9200,7
2011-11-07,ES,gasolina,17.7300,6
2011-11-07,GO,etanol,49.6380,24
2011-11-07,GO,gasolina,70.4070,24
2011-11-07,MA,etanol,59.9540,27
2011-11-07,MA,gasolina,102.0380,36
2011-11-07,MG,etanol,750.0590,342
2011-11-07,MG,gasolina,973.8750,343
2011-11-07,MS,etanol,88.7430,40
2011-11-07,MS,gasolina,115.8230,40
2011-11-07,MT,etanol,35.5170,16
2011-11-07,MT,gasolina,48.2680,16
2011-11-07,PA,etanol,128.3000,54
2011-11-07,PA,gasolina,342.5050,116
2011-11-07,PB,etanol,103.1360,47
2011-11-07,PB,gasolina,125.1010,48
2011-11-07,PE,etanol,106.0260,47
2011-11-07,PE,gasolina,131.7840,48
2011-11-07,PR,etanol,394.2980,196
2011-11-07,PR,gasolina,525.4370,194
2011-11-07,RJ,etanol,472.8780,214
2011-11-07,RJ,gasolina,621.2610,218
2011-11-07,RO,etanol,52.9890,22
2011-11-07,RO,gasolina,66.8280,22
2011-11-07,RR,etanol,2.5000,1
2011-11-07,RR,gasolina,23.4100,8
2011-11-07,RS,etanol,928.9090,387
2011-11-07,RS,gasolina,1179.4850,415
2011-11-07,SC,etanol,343.6780,144
2011-11-07,SC,gasolina,411.5520,147
2011-11-07,SE,etanol,30.9390,13
2011-11-07,SE,gasolina,39.7700,14
2011-11-07,SP,etanol,1751.7760,923
2011-11-07,SP,gasolina,2450.5360,917
2011-11-07,TO,etanol,66.5500,32
2011-11-07,TO,gasolina,93.4190,32
2011-11-08,AC,etanol,72.3480,29
2011-11-08,AC,gasolina,102.4680,33
2011-11-08,AL,etanol,103.2280,45
2011-11-08,AL,gasolina,125.4850,45
2011-11-08,AM,etanol,9.9400,4
2011-11-08,AM,gasolina,100.5000,33
2011-11-08,AP,etanol,33.1200,15
2011-11-08,AP,gasolina,67.5790,24
2011-11-08,BA,etanol,389.9540,188
2011-11-08,BA,gasolina,526.7350,191
2011-11-08,CE,etanol,124.1780,56
2011-11-08,CE,gasolina,167.3970,60
2011-11-08,ES,etanol,74.3740,31
2011-11-08,ES,gasolina,94.9410,32
2011-11-08,GO,etanol,85.2990,43
2011-11-08,GO,gasolina,125.6090,43
2011-11-08,MA,etanol,80.3270,36
2011-11-08,MA,gasolina,129.0660,45
2011-11-08,MG,etanol,486.3080,222
2011-11-08,MG,gasolina,641.5970,223
2011-11-08,MS,etanol,34.0580,16
2011-11-08,MS,gasolina,48.6450,17
2011-11-08,MT,etanol,91.1670,43
2011-11-08,MT,gasolina,121.9290,41
2011-11-08,PA,etanol,36.4390,14
2011-11-08,PA,gasolina,73.8510,24
2011-11-08,PB,etanol,69.7650,33
2011-11-08,PB,gasolina,82.6540,33
2011-11-08,PE,etanol,210.5500,101
2011-11-08,PE,gasolina,259.5600,101
2011-11-08,PI,etanol,64.4180,28
2011-11-08,PI,gasolina,103.0660,38
2011-11-08,PR,etanol,296.9130,147
2011-11-08,PR,gasolina,398.7340,145
2011-11-08,RJ,etanol,256.5070,113
2011-11-08,RJ,gasolina,360.9680,121
2011-11-08,RN,etanol,107.3400,48
2011-11-08,RN,gasolina,134.3250,49
2011-11-08,RO,etanol,173.5000,72
2011-11-08,RO,gasolina,214.5800,72
2011-11-08,RR,etanol,36.7700,15
2011-11-08,RR,gasolina,53.3900,19
2011-11-08,RS,etanol,229.7790,94
2011-11-08,RS,gasolina,300.5510,105
2011-11-08,SC,etanol,280.7140,119
2011-11-08,SC,gasolina,325.9940,120
2011-11-08,SE,etanol,4.6690,2
2011-11-08,SE,gasolina,8.5390,3
2011-11-08,SP,etanol,1431.1420,752
2011-11-08,SP,gasolina,2014.8390,750
2011-11-08,TO,etanol,59.3960,29
2011-11-08,TO,gasolina,85.3060,29
2011-11-09,AC,etanol,14.6500,5
2011-11-09,AC,gasolina,33.6500,10
2011-11-09,AL,etanol,2.2900,1
2011-11-09,AL,gasolina,2.7600,1
2011-11-09,AM,etanol,161.0030,69
2011-11-09,AM,gasolina,207.3550,72
2011-11-09,BA,etanol,131.1970,64
2011-11-09,BA,gasolina,176.7380,66
2011-11-09,CE,etanol,41.9660,20
2011-11-09,CE,gasolina,56.5590,21
2011-11-09,DF,etanol,181.8200,80
2011-11-09,DF,gasolina,227.1400,80
2011-11-09,ES,etanol,365.2870,151
2011-11-09,ES,gasolina,429.9070,151
2011-11-09,GO,etanol,364.7880,188
2011-11-09,GO,gasolina,539.9320,188
2011-11-09,MA,etanol,32.2870,14
2011-11-09,MA,gasolina,40.4410,15
2011-11-09,MG,etanol,844.8910,386
2011-11-09,MG,gasolina,1115.5570,389
2011-11-09,MS,etanol,156.8370,77
2011-11-09,MS,gasolina,203.1730,75
2011-11-09,MT,etanol,70.6660,32
2011-11-09,MT,gasolina,92.4460,30
2011-11-09,PA,etanol,47.9160,19
2011-11-09,PA,gasolina,93.4700,32
2011-11-09,PB,etanol,63.6630,30
2011-11-09,PB,gasolina,82.9120,33
2011-11-09,PE,etanol,396.0270,181
2011-11-09,PE,gasolina,499.3660,186
2011-11-09,PI,etanol,110.4480,48
2011-11-09,PI,gasolina,163.2980,61
2011-11-09,PR,etanol,384.9900,189
2011-11-09,PR,gasolina,519.8930,188
2011-11-09,RJ,etanol,653.1790,292
2011-11-09,RJ,gasolina,841.2030,294
2011-11-09,RN,etanol,148.5970,67
2011-11-09,RN,gasolina,175.5940,67
2011-11-09,RO,etanol,23.8500,10
2011-11-09,RO,gasolina,30.1800,10
2011-11-09,RR,gasolina,25.9300,9
2011-11-09,RS,etanol,211.7380,87
2011-11-09,RS,gasolina,265.7470,93
2011-11-09,SC,etanol,168.2950,70
2011-11-09,SC,gasolina,199.7990,72
2011-11-09,SE,etanol,73.9210,32
2011-11-09,SE,gasolina,88.0650,32
2011-11-09,SP,etanol,1011.7580,534
2011-11-09,SP,gasolina,1417.6200,534
2011-11-10,AL,etanol,13.3890,6
2011-11-10,AL,gasolina,19.2500,7
2011-11-10,AM,etanol,4.9000,2
2011-11-10,AM,gasolina,8.9300,3
2011-11-10,BA,etanol,65.3230,34
2011-11-10,BA,gasolina,87.4950,35
2011-11-10,MA,etanol,104.3120,48
2011-11-10,MA,gasolina,135.5950,53
2011-11-10,MG,etanol,64.0590,29
2011-11-10,MG,gasolina,89.4840,31
2011-11-10,MT,etanol,106.0320,51
2011-11-10,MT,gasolina,151.8820,51
2011-11-10,PA,etanol,39.0260,17
2011-11-10,PA,gasolina,68.2800,25
2011-11-10,PB,etanol,21.0180,10
2011-11-10,PB,gasolina,24.6990,10
2011-11-10,PR,etanol,70.5040,35
2011-11-10,PR,gasolina,95.3620,35
2011-11-10,RJ,etanol,246.4740,107
2011-11-10,RJ,gasolina,306.1060,105
2011-11-10,SC,etanol,112.7110,47
2011-11-10,SC,gasolina,131.9790,48
2011-11-10,SE,etanol,11.2880,5
2011-11-10,SE,gasolina,25.0870,9
2011-11-10,SP,etanol,322.5050,173
2011-11-10,SP,gasolina,459.3930,173
2011-11-14,AC,etanol,2.5500,1
2011-11-14,AC,gasolina,16.6000,5
2011-11-14,AL,etanol,210.5680,91
2011-11-14,AL,gasolina,255.3000,91
2011-11-14,AM,etanol,7.8400,3
2011-11-14,AM,gasolina,30.2700,10
2011-11-14,AP,etanol,35.5400,16
2011-11-14,AP,gasolina,75.0000,27
2011-11-14,BA,etanol,308.6580,149
2011-11-14,BA,gasolina,414.2210,152
2011-11-14,CE,etanol,371.7250,170
2011-11-14,CE,gasolina,522.1960,189
2011-11-14,ES,etanol,16.9200,7
2011-11-14,ES,gasolina,17.7300,6
2011-11-14,GO,etanol,47.4880,23
2011-11-14,GO,gasolina,67.4270,23
2011-11-14,MA,etanol,26.2200,11
2011-11-14,MA,gasolina,44.2600,15
2011-11-14,MG,etanol,504.2850,229
2011-11-14,MG,gasolina,666.6390,231
2011-11-14,MS,etanol,46.7850,21
2011-11-14,MS,gasolina,71.3430,24
2011-11-14,MT,etanol,145.2620,66
2011-11-14,MT,gasolina,196.9920,65
2011-11-14,PA,etanol,54.7030,22
2011-11-14,PA,gasolina,221.7980,72
2011-11-14,PB,etanol,91.1820,41
2011-11-14,PB,gasolina,111.7370,42
2011-11-14,PE,etanol,261.2510,122
2011-11-14,PE,gasolina,328.3670,124
2011-11-14,PI,etanol,79.4310,35
2011-11-14,PI,gasolina,102.3520,39
2011-11-14,PR,etanol,174.6930,87
2011-11-14,PR,gasolina,236.6550,87
2011-11-14,RJ,etanol,293.3610,133
2011-11-14,RJ,gasolina,382.0360,135
2011-11-14,RN,etanol,145.4670,66
2011-11-14,RN,gasolina,185.0630,68
2011-11-14,RO,etanol,126.6790,52
2011-11-14,RO,gasolina,156.5480,52
2011-11-14,RR,etanol,4.9500,2
2011-11-14,RR,gasolina,26.2300,9
2011-11-14,RS,etanol,977.4150,407
2011-11-14,RS,gasolina,1242.0040,437
2011-11-14,SC,etanol,366.5570,153
2011-11-14,SC,gasolina,440.4390,158
2011-11-14,SE,etanol,30.9390,13
2011-11-14,SE,gasolina,39.7700,14
2011-11-14,SP,etanol,1421.4680,741
2011-11-14,SP,gasolina,1978.5960,735
2011-11-14,TO,etanol,99.2790,48
2011-11-14,TO,gasolina,140.3080,48
2011-11-15,AC,etanol,19.9300,8
2011-11-15,AC,gasolina,31.7600,10
2011-11-15,AM,etanol,151.5950,65
2011-11-15,AM,gasolina,258.8400,89
2011-11-15,AP,etanol,2.1200,1
2011-11-15,AP,gasolina,20.9790,7
2011-11-15,BA,etanol,362.8450,179
2011-11-15,BA,gasolina,486.0370,182
2011-11-15,CE,etanol,66.9060,29
2011-11-15,CE,gasolina,86.2530,30
2011-11-15,ES,etanol,71.8820,30
2011-11-15,ES,gasolina,91.8990,31
2011-11-15,GO,etanol,83.1890,42
2011-11-15,GO,gasolina,122.6590,42
2011-11-15,MA,etanol,80.3270,36
2011-11-15,MA,gasolina,129.0660,45
2011-11-15,MG,etanol,637.2290,291
2011-11-15,MG,gasolina,829.6360,293
2011-11-15,MS,etanol,152.1600,75
2011-11-15,MS,gasolina,197.8180,74
2011-11-15,PA,etanol,33.9390,13
2011-11-15,PA,gasolina,70.9060,23
2011-11-15,PB,etanol,125.4250,59
2011-11-15,PB,gasolina,148.0620,59
2011-11-15,PE,etanol,52.9550,25
2011-11-15,PE,gasolina,67.9730,26
2011-11-15,PI,etanol,26.1700,11
2011-11-15,PI,gasolina,52.3900,19
2011-11-15,PR,etanol,627.1570,312
2011-11-15,PR,gasolina,841.0060,310
2011-11-15,RJ,etanol,820.3610,365
2011-11-15,RJ,gasolina,1097.3750,380
2011-11-15,RN,etanol,98.3700,44
2011-11-15,RN,gasolina,121.0090,45
2011-11-15,RO,etanol,99.8100,42
2011-11-15,RO,gasolina,124.8600,42
2011-11-15,RR,etanol,2.2900,1
2011-11-15,RR,gasolina,2.8800,1
2011-11-15,RS,etanol,140.6980,57
2011-11-15,RS,gasolina,189.0960,66
2011-11-15,SC,etanol,25.3040,11
2011-11-15,SC,gasolina,30.4950,11
2011-11-15,SE,etanol,4.6690,2
2011-11-15,SE,gasolina,8.5390,3
2011-11-15,SP,etanol,1013.5650,533
2011-11-15,SP,gasolina,1425.8330,533
2011-11-15,TO,etanol,26.6670,13
2011-11-15,TO,gasolina,38.4170,13
2011-11-16,AC,etanol,17.2500,6
2011-11-16,AC,gasolina,47.1200,14
2011-11-16,AL,gasolina,2.8000,1
2011-11-16,AM,etanol,9.5590,4
2011-11-16,AM,gasolina,54.4300,18
2011-11-16,BA,etanol,176.2180,83
2011-11-16,BA,gasolina,240.7530,86
2011-11-16,CE,etanol,22.3790,10
2011-11-16,CE,gasolina,25.0300,9
2011-11-16,DF,etanol,182.3000,80
2011-11-16,DF,gasolina,227.0500,80
2011-11-16,ES,etanol,364.8270,151
2011-11-16,ES,gasolina,435.7070,153
2011-11-16,GO,etanol,370.5080,190
2011-11-16,GO,gasolina,545.6050,190
2011-11-16,MA,etanol,132.9300,61
2011-11-16,MA,gasolina,186.1680,71
2011-11-16,MG,etanol,935.5930,427
2011-11-16,MG,gasolina,1234.8200,430
2011-11-16,MS,etanol,68.7590,31
2011-11-16,MS,gasolina,83.9330,29
2011-11-16,MT,etanol,156.6040,75
2011-11-16,MT,gasolina,216.5450,73
2011-11-16,PA,etanol,153.8480,65
2011-11-16,PA,gasolina,263.5470,94
2011-11-16,PB,etanol,30.3200,14
2011-11-16,PB,gasolina,43.4890,17
2011-11-16,PE,etanol,394.9350,181
2011-11-16,PE,gasolina,499.4920,186
2011-11-16,PI,etanol,69.5950,30
2011-11-16,PI,gasolina,113.4210,42
2011-11-16,PR,etanol,315.4040,153
2011-11-16,PR,gasolina,427.8510,153
2011-11-16,RJ,etanol,399.8180,179
2011-11-16,RJ,gasolina,522.3000,180
2011-11-16,RN,etanol,6.6390,3
2011-11-16,RN,gasolina,8.0490,3
2011-11-16,RO,etanol,21.6000,9
2011-11-16,RO,gasolina,27.3000,9
2011-11-16,RR,etanol,37.0800,15
2011-11-16,RR,gasolina,76.5100,27
2011-11-16,RS,etanol,250.4250,103
2011-11-16,RS,gasolina,313.7840,110
2011-11-16,SC,etanol,380.1240,160
2011-11-16,SC,gasolina,439.0520,162
2011-11-16,SE,etanol,73.4070,32
2011-11-16,SE,gasolina,87.6540,32
2011-11-16,SP,etanol,1890.1150,999
2011-11-16,SP,gasolina,2641.9990,999
2011-11-17,AC,etanol,57.3580,23
2011-11-17,AC,gasolina,70.6380,23
2011-11-17,AL,etanol,11.1490,5
2011-11-17,AL,gasolina,16.4800,6
2011-11-17,AM,etanol,4.9000,2
2011-11-17,AM,gasolina,8.9300,3
2011-11-17,BA,etanol,17.7860,9
2011-11-17,BA,gasolina,23.5560,9
2011-11-17,MA,etanol,32.0150,14
2011-11-17,MA,gasolina,47.9240,18
2011-11-17,MG,etanol,66.7900,30
2011-11-17,MG,gasolina,92.4650,32
2011-11-17,MS,etanol,10.1360,5
2011-11-17,MS,gasolina,13.4460,5
2011-11-17,PA,etanol,7.1790,3
2011-11-17,PA,gasolina,25.1610,9
2011-11-17,PB,etanol,12.5300,6
2011-11-17,PB,gasolina,15.0600,6
2011-11-17,PR,etanol,28.2110,14
2011-11-17,PR,gasolina,38.0010,14
2011-11-17,RJ,etanol,103.2310,45
2011-11-17,RJ,gasolina,125.0640,42
2011-11-17,RS,etanol,2.4990,1
2011-11-17,SC,etanol,134.8940,57
2011-11-17,SC,gasolina,156.2480,57
2011-11-17,SE,etanol,11.2880,5
2011-11-17,SE,gasolina,25.0870,9
2011-11-17,SP,etanol,208.0990,110
2011-11-17,SP,gasolina,294.9000,110
2011-11-18,RJ,etanol,2.4790,1
2011-11-18,RJ,gasolina,2.9590,1
2011-11-21,AL,etanol,39.2160,17
2011-11-21,AL,gasolina,47.1260,17
2011-11-21,AM,etanol,15.6400,6
2011-11-21,AM,gasolina,54.6500,18
2011-11-21,BA,etanol,250.3340,122
2011-11-21,BA,gasolina,338.5420,124
2011-11-21,CE,etanol,84.2150,37
2011-11-21,CE,gasolina,107.4870,38
2011-11-21,ES,etanol,37.2840,15
2011-11-21,ES,gasolina,44.8510,15
2011-11-21,MA,etanol,6.5090,3
2011-11-21,MA,gasolina,10.4160,4
2011-11-21,MG,etanol,427.7010,193
2011-11-21,MG,gasolina,565.1710,196
2011-11-21,MS,etanol,35.3130,16
2011-11-21,MS,gasolina,59.2100,20
2011-11-21,MT,etanol,2.3900,1
2011-11-21,MT,gasolina,3.1500,1
2011-11-21,PA,etanol,44.1770,18
2011-11-21,PA,gasolina,135.5010,44
2011-11-21,PB,etanol,34.7400,16
2011-11-21,PB,gasolina,42.4800,16
2011-11-21,PE,etanol,172.9780,79
2011-11-21,PE,gasolina,216.3700,80
2011-11-21,PI,etanol,73.4580,32
2011-11-21,PI,gasolina,108.1630,41
2011-11-21,PR,etanol,115.6810,57
2011-11-21,PR,gasolina,156.6650,57
2011-11-21,RJ,etanol,107.3150,49
2011-11-21,RJ,gasolina,144.5170,51
2011-11-21,RN,etanol,44.6400,20
2011-11-21,RN,gasolina,53.1800,20
2011-11-21,RS,etanol,162.4010,66
2011-11-21,RS,gasolina,204.8800,72
2011-11-21,SC,etanol,63.4050,27
2011-11-21,SC,gasolina,74.0520,27
2011-11-21,SP,etanol,1242.2400,649
2011-11-21,SP,gasolina,1726.7970,648
2011-11-22,AC,etanol,25.1700,10
2011-11-22,AC,gasolina,61.6600,19
2011-11-22,AL,etanol,147.0720,64
2011-11-22,AL,gasolina,181.4060,65
2011-11-22,AM,etanol,113.7650,49
2011-11-22,AM,gasolina,223.4440,76
2011-11-22,AP,etanol,37.6600,17
2011-11-22,AP,gasolina,95.9800,34
2011-11-22,BA,etanol,432.4240,208
2011-11-22,BA,gasolina,585.0240,211
2011-11-22,CE,etanol,376.7880,172
2011-11-22,CE,gasolina,514.2270,186
2011-11-22,ES,etanol,120.9700,52
2011-11-22,ES,gasolina,155.5600,53
2011-11-22,GO,etanol,236.4560,114
2011-11-22,GO,gasolina,331.3690,114
2011-11-22,MA,etanol,104.3170,46
2011-11-22,MA,gasolina,170.5060,59
2011-11-22,MG,etanol,1140.8320,521
2011-11-22,MG,gasolina,1491.7910,521
2011-11-22,MS,etanol,241.0850,115
2011-11-22,MS,gasolina,308.5380,112
2011-11-22,MT,etanol,123.9920,57
2011-11-22,MT,gasolina,171.1510,57
2011-11-22,PA,etanol,207.5470,86
2011-11-22,PA,gasolina,436.7840,151
2011-11-22,PB,etanol,186.8510,86
2011-11-22,PB,gasolina,235.3820,91
2011-11-22,PE,etanol,267.3620,124
2011-11-22,PE,gasolina,342.4310,127
2011-11-22,PI,etanol,62.6240,27
2011-11-22,PI,gasolina,105.4420,40
2011-11-22,PR,etanol,743.7530,361
2011-11-22,PR,gasolina,988.3630,360
2011-11-22,RJ,etanol,1102.4540,492
2011-11-22,RJ,gasolina,1433.8250,498
2011-11-22,RN,etanol,183.7090,83
2011-11-22,RN,gasolina,231.6330,85
2011-11-22,RO,etanol,245.6090,102
2011-11-22,RO,gasolina,305.5580,102
2011-11-22,RR,etanol,42.1000,17
2011-11-22,RR,gasolina,102.7400,36
2011-11-22,RS,etanol,884.9560,367
2011-11-22,RS,gasolina,1140.2830,402
2011-11-22,SC,etanol,463.2260,192
2011-11-22,SC,gasolina,551.5800,198
2011-11-22,SE,etanol,69.0460,30
2011-11-22,SE,gasolina,100.2660,36
2011-11-22,SP,etanol,2269.4000,1182
2011-11-22,SP,gasolina,3147.3230,1179
2011-11-22,TO,etanol,125.6260,60
2011-11-22,TO,gasolina,175.7550,60
2011-11-23,AC,etanol,66.6000,26
2011-11-23,AC,gasolina,104.5100,33
2011-11-23,AL,etanol,32.0130,14
2011-11-23,AL,gasolina,41.7270,15
2011-11-23,AM,etanol,61.1580,26
2011-11-23,AM,gasolina,77.5700,27
2011-11-23,BA,etanol,195.0380,91
2011-11-23,BA,gasolina,255.0490,91
2011-11-23,CE,etanol,6.8500,3
2011-11-23,CE,gasolina,11.6860,4
2011-11-23,DF,etanol,181.6300,80
2011-11-23,DF,gasolina,226.9900,80
2011-11-23,ES,etanol,290.8970,121
2011-11-23,ES,gasolina,340.7150,121
2011-11-23,GO,etanol,277.4550,141
2011-11-23,GO,gasolina,403.6100,141
2011-11-23,MA,etanol,163.4350,74
2011-11-23,MA,gasolina,225.3890,86
2011-11-23,MG,etanol,587.1550,264
2011-11-23,MG,gasolina,770.6200,269
2011-11-23,MT,etanol,175.4470,82
2011-11-23,MT,gasolina,237.5690,79
2011-11-23,PB,etanol,37.0820,17
2011-11-23,PB,gasolina,44.0830,17
2011-11-23,PE,etanol,273.1700,127
2011-11-23,PE,gasolina,338.4210,127
2011-11-23,PI,etanol,38.4050,17
2011-11-23,PI,gasolina,47.3660,19
2011-11-23,PR,etanol,256.0880,128
2011-11-23,PR,gasolina,348.7030,128
2011-11-23,RJ,etanol,406.6050,182
2011-11-23,RJ,gasolina,529.6110,183
2011-11-23,RN,etanol,26.8700,12
2011-11-23,RN,gasolina,32.1100,12
2011-11-23,RS,etanol,293.1610,122
2011-11-23,RS,gasolina,393.0650,139
2011-11-23,SC,etanol,163.5490,69
2011-11-23,SC,gasolina,197.2930,72
2011-11-23,SE,etanol,50.6270,22
2011-11-23,SE,gasolina,60.1890,22
2011-11-23,SP,etanol,1054.4490,552
2011-11-23,SP,gasolina,1482.2420,552
2011-11-24,BA,etanol,1.7990,1
2011-11-24,BA,gasolina,2.3890,1
2011-11-24,MG,etanol,2.1900,1
2011-11-24,MG,gasolina,2.8900,1
2011-11-24,PR,etanol,42.2500,21
2011-11-24,PR,gasolina,57.2620,21
2011-11-24,RJ,etanol,6.6670,3
2011-11-24,RJ,gasolina,8.5970,3
2011-11-24,RO,etanol,2.4000,1
2011-11-24,RO,gasolina,3.0600,1
2011-11-24,SC,etanol,207.3320,87
2011-11-24,SC,gasolina,233.2640,87
2011-11-24,TO,etanol,2.1500,1
2011-11-24,TO,gasolina,2.9200,1
2011-11-28,AC,gasolina,3.5000,1
2011-11-28,AL,etanol,39.0260,17
2011-11-28,AL,gasolina,47.0160,17
2011-11-28,AM,etanol,58.9100,24
2011-11-28,AM,gasolina,112.5980,38
2011-11-28,BA,etanol,394.7470,191
2011-11-28,BA,gasolina,531.3060,193
2011-11-28,CE,etanol,182.9200,84
2011-11-28,CE,gasolina,238.8340,88
2011-11-28,ES,etanol,37.2240,15
2011-11-28,ES,gasolina,44.8510,15
2011-11-28,MA,etanol,2.2300,1
2011-11-28,MA,gasolina,2.8200,1
2011-11-28,MG,etanol,539.6370,245
2011-11-28,MG,gasolina,709.0260,248
2011-11-28,MS,etanol,127.2890,60
2011-11-28,MS,gasolina,160.4070,60
2011-11-28,MT,etanol,81.9930,37
2011-11-28,MT,gasolina,106.3850,35
2011-11-28,PA,etanol,46.9470,19
2011-11-28,PA,gasolina,135.5110,44
2011-11-28,PB,etanol,123.4450,57
2011-11-28,PB,gasolina,147.6300,57
2011-11-28,PE,etanol,210.8710,98
2011-11-28,PE,gasolina,264.8730,99
2011-11-28,PI,etanol,31.1390,13
2011-11-28,PI,gasolina,55.8440,20
2011-11-28,PR,etanol,275.3600,132
2011-11-28,PR,gasolina,373.0320,134
2011-11-28,RJ,etanol,468.7200,214
2011-11-28,RJ,gasolina,610.1810,217
2011-11-28,RN,etanol,135.7260,61
2011-11-28,RN,gasolina,168.1570,63
2011-11-28,RS,etanol,244.9890,100
2011-11-28,RS,gasolina,305.2560,108
2011-11-28,SP,etanol,1505.6480,784
2011-11-28,SP,gasolina,2086.0780,782
2011-11-29,AC,etanol,25.1900,10
2011-11-29,AC,gasolina,58.2500,18
2011-11-29,AL,etanol,78.2460,34
2011-11-29,AL,gasolina,98.3370,35
2011-11-29,AM,etanol,82.1080,35
2011-11-29,AM,gasolina,174.2400,59
2011-11-29,AP,etanol,35.3100,16
2011-11-29,AP,gasolina,95.9800,34
2011-11-29,BA,etanol,358.7810,170
2011-11-29,BA,gasolina,488.7930,174
2011-11-29,CE,etanol,269.9190,121
2011-11-29,CE,gasolina,378.7270,136
2011-11-29,ES,etanol,124.5100,52
2011-11-29,ES,gasolina,155.0500,53
2011-11-29,GO,etanol,359.2920,175
2011-11-29,GO,gasolina,505.0670,175
2011-11-29,MA,etanol,97.4860,43
2011-11-29,MA,gasolina,164.6550,57
2011-11-29,MG,etanol,1214.0540,551
2011-11-29,MG,gasolina,1565.8380,550
2011-11-29,MS,etanol,160.5800,72
2011-11-29,MS,gasolina,204.0880,71
2011-11-29,MT,etanol,165.1220,77
2011-11-29,MT,gasolina,230.7520,77
2011-11-29,PA,etanol,176.1800,72
2011-11-29,PA,gasolina,396.3570,136
2011-11-29,PB,etanol,133.3920,61
2011-11-29,PB,gasolina,171.9240,66
2011-11-29,PE,etanol,234.0690,108
2011-11-29,PE,gasolina,302.7430,112
2011-11-29,PI,etanol,32.8800,14
2011-11-29,PI,gasolina,73.1590,27
2011-11-29,PR,etanol,671.0540,330
2011-11-29,PR,gasolina,890.5890,327
2011-11-29,RJ,etanol,889.7330,393
2011-11-29,RJ,gasolina,1176.0550,404
2011-11-29,RN,etanol,112.9900,51
2011-11-29,RN,gasolina,143.6150,52
2011-11-29,RO,etanol,245.2080,102
2011-11-29,RO,gasolina,308.1670,103
2011-11-29,RR,etanol,47.0000,19
2011-11-29,RR,gasolina,105.6100,37
2011-11-29,RS,etanol,567.5250,233
2011-11-29,RS,gasolina,723.7910,256
2011-11-29,SC,etanol,618.6210,257
2011-11-29,SC,gasolina,723.9830,262
2011-11-29,SE,etanol,66.7870,29
2011-11-29,SE,gasolina,94.7670,34
2011-11-29,SP,etanol,2326.1290,1208
2011-11-29,SP,gasolina,3207.9180,1205
2011-11-29,TO,etanol,129.1740,61
2011-11-29,TO,gasolina,178.4620,61
2011-11-30,AC,etanol,11.0900,4
2011-11-30,AC,gasolina,36.9100,11
2011-11-30,AL,etanol,104.5250,46
2011-11-30,AL,gasolina,128.2440,46
2011-11-30,AM,etanol,49.8290,21
2011-11-30,AM,gasolina,63.3370,22
2011-11-30,BA,etanol,122.3270,57
2011-11-30,BA,gasolina,163.7450,58
2011-11-30,CE,etanol,9.1000,4
2011-11-30,CE,gasolina,14.5460,5
2011-11-30,DF,etanol,181.7600,80
2011-11-30,DF,gasolina,227.1500,80
2011-11-30,ES,etanol,288.6290,119
2011-11-30,ES,gasolina,337.4960,120
2011-11-30,GO,etanol,161.1000,80
2011-11-30,GO,gasolina,230.7570,80
2011-11-30,MA,etanol,162.0750,73
2011-11-30,MA,gasolina,230.4240,87
2011-11-30,MG,etanol,408.9430,182
2011-11-30,MG,gasolina,542.6820,187
2011-11-30,MT,etanol,53.5590,26
2011-11-30,MT,gasolina,76.4190,26
2011-11-30,PA,etanol,29.5870,13
2011-11-30,PA,gasolina,39.9990,15
2011-11-30,PE,etanol,263.9070,123
2011-11-30,PE,gasolina,327.8390,123
2011-11-30,PI,etanol,87.7210,39
2011-11-30,PI,gasolina,107.1210,42
2011-11-30,PR,etanol,169.3680,84
2011-11-30,PR,gasolina,230.6170,84
2011-11-30,RJ,etanol,257.0960,112
2011-11-30,RJ,gasolina,332.6070,114
2011-11-30,RN,etanol,2.2500,1
2011-11-30,RN,gasolina,2.6900,1
2011-11-30,RS,etanol,519.0280,217
2011-11-30,RS,gasolina,692.5040,245
2011-11-30,SC,etanol,280.2730,118
2011-11-30,SC,gasolina,334.6940,122
2011-11-30,SE,etanol,52.2150,23
2011-11-30,SE,gasolina,62.9290,23
2011-11-30,SP,etanol,657.3600,339
2011-11-30,SP,gasolina,920.6090,338
2011-12-01,AC,etanol,55.0870,22
2011-12-01,AC,gasolina,67.8720,22
2011-12-01,BA,etanol,1.7990,1
2011-12-01,BA,gasolina,2.3890,1
2011-12-01,MA,etanol,4.2190,2
2011-12-01,MA,gasolina,4.9890,2
2011-12-01,MG,etanol,2.1900,1
2011-12-01,MG,gasolina,2.8900,1
2011-12-01,PB,etanol,2.1900,1
2011-12-01,PB,gasolina,2.6700,1
2011-12-01,PI,etanol,22.5160,10
2011-12-01,PI,gasolina,28.3960,11
2011-12-01,PR,etanol,40.5120,20
2011-12-01,PR,gasolina,56.7930,21
2011-12-01,RJ,etanol,6.6670,3
2011-12-01,RJ,gasolina,8.5970,3
2011-12-01,RO,etanol,2.4000,1
2011-12-01,RO,gasolina,3.0600,1
2011-12-01,RS,etanol,7.5680,3
2011-12-01,RS,gasolina,8.6670,3
2011-12-01,SC,etanol,4.8980,2
2011-12-01,SC,gasolina,5.5680,2
2011-12-01,SP,etanol,99.0650,51
2011-12-01,SP,gasolina,139.7290,51
2011-12-05,AC,gasolina,3.4400,1
2011-12-05,AL,etanol,201.6650,88
2011-12-05,AL,gasolina,246.3410,88
2011-12-05,AM,etanol,168.6510,71
2011-12-05,AM,gasolina,334.5650,114
2011-12-05,AP,etanol,4.5000,2
2011-12-05,AP,gasolina,49.5500,17
2011-12-05,BA,etanol,581.9230,279
2011-12-05,BA,gasolina,803.0970,288
2011-12-05,CE,etanol,319.2010,148
2011-12-05,CE,gasolina,430.9170,159
2011-12-05,ES,etanol,37.2540,15
2011-12-05,ES,gasolina,44.8510,15
2011-12-05,GO,etanol,42.8600,21
2011-12-05,GO,gasolina,61.4100,21
2011-12-05,MG,etanol,1008.2650,457
2011-12-05,MG,gasolina,1310.5820,460
2011-12-05,MS,etanol,222.9750,101
2011-12-05,MS,gasolina,271.0060,98
2011-12-05,MT,etanol,30.1380,13
2011-12-05,MT,gasolina,39.7830,13
2011-12-05,PA,etanol,170.3190,71
2011-12-05,PA,gasolina,360.6140,123
2011-12-05,PB,etanol,133.9050,61
2011-12-05,PB,gasolina,159.2530,61
2011-12-05,PE,etanol,256.5560,119
2011-12-05,PE,gasolina,328.7510,122
2011-12-05,PI,etanol,54.7390,23
2011-12-05,PI,gasolina,109.7730,40
2011-12-05,PR,etanol,476.6730,232
2011-12-05,PR,gasolina,635.7070,231
2011-12-05,RJ,etanol,573.3010,258
2011-12-05,RJ,gasolina,757.1210,262
2011-12-05,RN,etanol,64.7100,29
2011-12-05,RN,gasolina,86.5380,31
2011-12-05,RR,etanol,42.5700,17
2011-12-05,RR,gasolina,68.0700,24
2011-12-05,RS,etanol,768.7380,318
2011-12-05,RS,gasolina,964.5630,341
2011-12-05,SC,etanol,304.4180,127
2011-12-05,SC,gasolina,346.7300,128
2011-12-05,SE,etanol,16.0160,7
2011-12-05,SE,gasolina,22.6570,8
2011-12-05,SP,etanol,1268.3220,658
2011-12-05,SP,gasolina,1750.3630,655
2011-12-06,AL,etanol,2.2700,1
2011-12-06,AL,gasolina,2.7590,1
2011-12-06,AM,etanol,12.4200,5
2011-12-06,AM,gasolina,17.5500,6
2011-12-06,AP,etanol,28.6500,13
2011-12-06,AP,gasolina,46.6000,17
2011-12-06,BA,etanol,133.1300,65
2011-12-06,BA,gasolina,171.0270,62
2011-12-06,CE,etanol,137.9950,60
2011-12-06,CE,gasolina,195.9820,69
2011-12-06,ES,etanol,121.0500,52
2011-12-06,ES,gasolina,155.5600,53
2011-12-06,GO,etanol,455.0130,225
2011-12-06,GO,gasolina,651.8350,226
2011-12-06,MA,etanol,140.2320,63
2011-12-06,MA,gasolina,247.2970,87
2011-12-06,MG,etanol,788.9690,360
2011-12-06,MG,gasolina,1037.7350,363
2011-12-06,MS,etanol,63.0500,29
2011-12-06,MS,gasolina,90.4320,32
2011-12-06,MT,etanol,165.5660,76
2011-12-06,MT,gasolina,220.0390,73
2011-12-06,PA,etanol,59.3560,24
2011-12-06,PA,gasolina,104.4920,36
2011-12-06,PB,etanol,43.9000,20
2011-12-06,PB,gasolina,60.9890,23
2011-12-06,PE,etanol,183.6790,85
2011-12-06,PE,gasolina,233.6960,86
2011-12-06,PI,etanol,80.1320,36
2011-12-06,PI,gasolina,100.1510,39
2011-12-06,PR,etanol,560.7200,274
2011-12-06,PR,gasolina,746.5940,274
2011-12-06,RJ,etanol,529.4210,232
2011-12-06,RJ,gasolina,690.2090,236
2011-12-06,RN,etanol,188.0990,85
2011-12-06,RN,gasolina,226.5650,85
2011-12-06,RO,etanol,248.8700,102
2011-12-06,RO,gasolina,308.6190,103
2011-12-06,RR,gasolina,34.7300,12
2011-12-06,RS,etanol,456.5240,188
2011-12-06,RS,gasolina,579.5550,204
2011-12-06,SC,etanol,405.1930,168
2011-12-06,SC,gasolina,492.7000,177
2011-12-06,SE,etanol,54.7680,24
2011-12-06,SE,gasolina,77.9190,28
2011-12-06,SP,etanol,2272.1990,1174
2011-12-06,SP,gasolina,3124.3950,1169
2011-12-06,TO,etanol,130.5160,61
2011-12-06,TO,gasolina,178.4650,61
2011-12-07,AC,etanol,88.9990,35
2011-12-07,AC,gasolina,139.1180,44
2011-12-07,AL,etanol,15.6190,7
2011-12-07,AL,gasolina,22.0400,8
2011-12-07,AM,gasolina,3.3800,1
2011-12-07,BA,etanol,124.3100,57
2011-12-07,BA,gasolina,160.3280,57
2011-12-07,DF,etanol,182.2200,80
2011-12-07,DF,gasolina,227.0500,80
2011-12-07,ES,etanol,294.1350,121
2011-12-07,ES,gasolina,343.3090,122
2011-12-07,GO,etanol,17.8390,9
2011-12-07,GO,gasolina,24.3860,9
2011-12-07,MA,etanol,121.8760,55
2011-12-07,MA,gasolina,156.4670,61
2011-12-07,MG,etanol,369.5930,163
2011-12-07,MG,gasolina,478.6530,165
2011-12-07,PA,etanol,24.0880,10
2011-12-07,PA,gasolina,112.1550,38
2011-12-07,PB,etanol,83.2930,39
2011-12-07,PB,gasolina,102.4440,40
2011-12-07,PE,etanol,267.7210,125
2011-12-07,PE,gasolina,335.1810,125
2011-12-07,PI,etanol,38.1360,17
2011-12-07,PI,gasolina,48.1070,19
2011-12-07,PR,etanol,77.2820,38
2011-12-07,PR,gasolina,105.4820,38
2011-12-07,RJ,etanol,412.1640,183
2011-12-07,RJ,gasolina,521.9830,184
2011-12-07,RS,etanol,142.8830,58
2011-12-07,RS,gasolina,191.9960,67
2011-12-07,SC,etanol,170.3970,71
2011-12-07,SC,gasolina,193.3120,71
2011-12-07,SE,etanol,47.8080,21
2011-12-07,SE,gasolina,57.3880,21
2011-12-07,SP,etanol,1001.4140,520
2011-12-07,SP,gasolina,1384.2770,520
2011-12-08,AC,gasolina,23.5800,7
2011-12-08,AL,etanol,2.5000,1
2011-12-08,AL,gasolina,2.9600,1
2011-12-08,BA,etanol,39.9080,19
2011-12-08,BA,gasolina,56.0570,20
2011-12-08,CE,etanol,2.0980,1
2011-12-08,CE,gasolina,2.6780,1
2011-12-08,MA,etanol,2.1500,1
2011-12-08,MA,gasolina,2.4990,1
2011-12-08,MS,etanol,2.2990,1
2011-12-08,MS,gasolina,2.6990,1
2011-12-08,MT,etanol,115.7670,51
2011-12-08,MT,gasolina,151.8870,51
2011-12-08,PE,etanol,2.2300,1
2011-12-08,PE,gasolina,2.7800,1
2011-12-08,PR,etanol,45.2190,22
2011-12-08,PR,gasolina,60.4290,22
2011-12-08,RJ,etanol,128.2780,57
2011-12-08,RJ,gasolina,160.3150,57
2011-12-08,RS,etanol,2.5500,1
2011-12-08,RS,gasolina,2.9000,1
2011-12-08,SC,etanol,21.7580,9
2011-12-08,SC,gasolina,24.7300,9
2011-12-08,SP,etanol,61.5890,32
2011-12-08,SP,gasolina,86.9300,32
2011-12-12,AC,etanol,55.1220,22
2011-12-12,AC,gasolina,71.3170,23
2011-12-12,AL,etanol,100.9300,44
2011-12-12,AL,gasolina,123.3110,44
2011-12-12,AM,etanol,60.3580,25
2011-12-12,AM,gasolina,173.6160,58
2011-12-12,AP,etanol,4.5000,2
2011-12-12,AP,gasolina,46.8200,16
2011-12-12,BA,etanol,487.3460,233
2011-12-12,BA,gasolina,667.7570,238
2011-12-12,CE,etanol,241.3180,111
2011-12-12,CE,gasolina,338.0350,124
2011-12-12,ES,etanol,37.2540,15
2011-12-12,ES,gasolina,44.8510,15
2011-12-12,GO,etanol,43.5800,21
2011-12-12,GO,gasolina,61.3800,21
2011-12-12,MG,etanol,766.5020,348
2011-12-12,MG,gasolina,998.9770,351
2011-12-12,MS,etanol,75.6670,32
2011-12-12,MS,gasolina,86.4600,29
2011-12-12,MT,etanol,30.1380,13
2011-12-12,MT,gasolina,39.7830,13
2011-12-12,PA,etanol,172.5840,71
2011-12-12,PA,gasolina,367.8080,125
2011-12-12,PB,etanol,47.3490,21
2011-12-12,PB,gasolina,53.2980,20
2011-12-12,PE,etanol,224.1450,103
2011-12-12,PE,gasolina,284.2690,105
2011-12-12,PI,etanol,99.2850,43
2011-12-12,PI,gasolina,165.2480,62
2011-12-12,PR,etanol,407.1950,198
2011-12-12,PR,gasolina,535.6700,194
2011-12-12,RJ,etanol,419.9720,187
2011-12-12,RJ,gasolina,551.0670,190
2011-12-12,RN,etanol,154.3260,69
2011-12-12,RN,gasolina,190.5360,71
2011-12-12,RO,etanol,2.4800,1
2011-12-12,RO,gasolina,2.9800,1
2011-12-12,RR,etanol,2.5000,1
2011-12-12,RR,gasolina,14.6800,5
2011-12-12,RS,etanol,888.6790,369
2011-12-12,RS,gasolina,1107.4630,394
2011-12-12,SC,etanol,315.6390,130
2011-12-12,SC,gasolina,369.9360,134
2011-12-12,SE,etanol,16.0160,7
2011-12-12,SE,gasolina,22.6570,8
2011-12-12,SP,etanol,1628.2630,840
2011-12-12,SP,gasolina,2224.8270,835
2011-12-13,AC,gasolina,6.9200,2
2011-12-13,AL,etanol,100.2530,44
2011-12-13,AL,gasolina,124.7760,45
2011-12-13,AM,etanol,101.3480,43
2011-12-13,AM,gasolina,135.6070,47
2011-12-13,AP,etanol,33.3500,15
2011-12-13,AP,gasolina,49.2700,18
2011-12-13,BA,etanol,216.3030,105
2011-12-13,BA,gasolina,282.9540,102
2011-12-13,CE,etanol,210.9540,95
2011-12-13,CE,gasolina,288.2440,104
2011-12-13,ES,etanol,117.9700,50
2011-12-13,ES,gasolina,155.2900,53
2011-12-13,GO,etanol,315.8330,153
2011-12-13,GO,gasolina,448.3030,154
2011-12-13,MA,etanol,108.1870,48
2011-12-13,MA,gasolina,192.8260,67
2011-12-13,MG,etanol,935.4730,422
2011-12-13,MG,gasolina,1224.3700,426
2011-12-13,MS,etanol,214.3110,98
2011-12-13,MS,gasolina,278.8780,102
2011-12-13,MT,etanol,274.7280,123
2011-12-13,MT,gasolina,363.6350,121
2011-12-13,PA,etanol,40.1600,16
2011-12-13,PA,gasolina,73.7200,25
2011-12-13,PB,etanol,61.6800,28
2011-12-13,PB,gasolina,82.6090,31
2011-12-13,PE,etanol,177.9760,83
2011-12-13,PE,gasolina,228.5230,84
2011-12-13,PI,etanol,31.6370,14
2011-12-13,PI,gasolina,41.8980,16
2011-12-13,PR,etanol,452.7750,220
2011-12-13,PR,gasolina,608.3810,221
2011-12-13,RJ,etanol,827.2600,364
2011-12-13,RJ,gasolina,1074.4060,371
2011-12-13,RN,etanol,93.1000,43
2011-12-13,RN,gasolina,120.4690,44
2011-12-13,RO,etanol,243.4890,100
2011-12-13,RO,gasolina,305.3910,102
2011-12-13,RR,etanol,37.8300,15
2011-12-13,RR,gasolina,88.0800,31
2011-12-13,RS,etanol,337.3210,138
2011-12-13,RS,gasolina,449.6520,158
2011-12-13,SC,etanol,288.9910,119
2011-12-13,SC,gasolina,347.8540,124
2011-12-13,SE,etanol,49.8900,22
2011-12-13,SE,gasolina,72.1810,26
2011-12-13,SP,etanol,2328.6940,1205
2011-12-13,SP,gasolina,3221.2900,1200
2011-12-13,TO,etanol,130.6960,61
2011-12-13,TO,gasolina,178.5550,61
2011-12-14,AC,etanol,33.5000,13
2011-12-14,AC,gasolina,71.5690,22
2011-12-14,AL,etanol,13.3890,6
2011-12-14,AL,gasolina,19.2500,7
2011-12-14,AM,etanol,32.6390,14
2011-12-14,AM,gasolina,43.7100,15
2011-12-14,BA,etanol,144.8420,67
2011-12-14,BA,gasolina,188.1300,67
2011-12-14,CE,etanol,2.2900,1
2011-12-14,CE,gasolina,2.6900,1
2011-12-14,DF,etanol,181.6100,80
2011-12-14,DF,gasolina,226.9600,80
2011-12-14,ES,etanol,292.2660,121
2011-12-14,ES,gasolina,340.7690,121
2011-12-14,GO,etanol,158.2940,80
2011-12-14,GO,gasolina,225.9350,80
2011-12-14,MA,etanol,147.0330,67
2011-12-14,MA,gasolina,212.5670,82
2011-12-14,MG,etanol,396.3120,176
2011-12-14,MG,gasolina,509.8430,177
2011-12-14,MT,etanol,8.8700,4
2011-12-14,MT,gasolina,11.9000,4
2011-12-14,PA,etanol,50.9070,22
2011-12-14,PA,gasolina,129.8820,45
2011-12-14,PB,etanol,152.9280,71
2011-12-14,PB,gasolina,184.8680,72
2011-12-14,PE,etanol,301.5390,142
2011-12-14,PE,gasolina,382.2910,142
2011-12-14,PI,etanol,42.5250,19
2011-12-14,PI,gasolina,52.3950,21
2011-12-14,PR,etanol,301.2970,148
2011-12-14,PR,gasolina,398.7530,148
2011-12-14,RJ,etanol,316.8190,142
2011-12-14,RJ,gasolina,408.2640,144
2011-12-14,RS,etanol,130.6230,52
2011-12-14,RS,gasolina,172.7020,60
2011-12-14,SC,etanol,242.2010,101
2011-12-14,SC,gasolina,273.8140,101
2011-12-14,SE,etanol,52.2170,23
2011-12-14,SE,gasolina,63.1780,23
2011-12-14,SP,etanol,641.7440,333
2011-12-14,SP,gasolina,884.0530,333
2011-12-15,AC,gasolina,16.6600,5
2011-12-15,AL,etanol,2.5000,1
2011-12-15,AL,gasolina,2.9600,1
2011-12-15,AM,gasolina,3.3000,1
2011-12-15,BA,etanol,39.8380,19
2011-12-15,BA,gasolina,56.0170,20
2011-12-15,GO,etanol,1.9900,1
2011-12-15,GO,gasolina,2.8900,1
2011-12-15,MG,etanol,73.4610,33
2011-12-15,MG,gasolina,97.5230,33
2011-12-15,PA,etanol,2.4900,1
2011-12-15,PA,gasolina,3.2900,1
2011-12-15,PE,etanol,4.7000,2
2011-12-15,PE,gasolina,5.7180,2
2011-12-15,PR,etanol,4.1270,2
2011-12-15,PR,gasolina,5.4270,2
2011-12-15,RJ,etanol,74.3060,33
2011-12-15,RJ,gasolina,96.6540,34
2011-12-15,RS,etanol,4.9400,2
2011-12-15,RS,gasolina,5.7900,2
2011-12-15,SC,etanol,59.0890,25
2011-12-15,SC,gasolina,67.2760,25
2011-12-15,SP,etanol,13.8130,7
2011-12-15,SP,gasolina,19.7730,7
2011-12-19,AL,etanol,85.1260,37
2011-12-19,AL,gasolina,104.4890,37
2011-12-19,AM,etanol,4.7800,2
2011-12-19,AM,gasolina,25.4300,9
2011-12-19,AP,gasolina,24.4000,8
2011-12-19,BA,etanol,201.8960,96
2011-12-19,BA,gasolina,298.8700,105
2011-12-19,DF,etanol,2.2700,1
2011-12-19,DF,gasolina,2.8400,1
2011-12-19,ES,etanol,2.4900,1
2011-12-19,ES,gasolina,2.8400,1
2011-12-19,GO,etanol,5.9100,3
2011-12-19,GO,gasolina,8.7900,3
2011-12-19,MG,etanol,146.4540,66
2011-12-19,MG,gasolina,203.1570,70
2011-12-19,MS,etanol,2.3890,1
2011-12-19,MS,gasolina,2.9990,1
2011-12-19,PA,etanol,48.1160,19
2011-12-19,PA,gasolina,145.4130,48
2011-12-19,PB,etanol,2.1000,1
2011-12-19,PB,gasolina,2.6500,1
2011-12-19,PE,etanol,223.0060,105
2011-12-19,PE,gasolina,289.6770,108
2011-12-19,PI,etanol,29.1000,13
2011-12-19,PI,gasolina,35.0400,14
2011-12-19,PR,etanol,130.3430,64
2011-12-19,PR,gasolina,174.1750,64
2011-12-19,RJ,etanol,111.9420,50
2011-12-19,RJ,gasolina,145.4500,50
2011-12-19,RN,etanol,2.4000,1
2011-12-19,RN,gasolina,2.7900,1
2011-12-19,RS,etanol,938.9320,390
2011-12-19,RS,gasolina,1144.8570,407
2011-12-19,SC,etanol,284.1870,118
2011-12-19,SC,gasolina,340.0210,123
2011-12-19,SE,etanol,49.8680,22
2011-12-19,SE,gasolina,60.3390,22
2011-12-19,SP,etanol,229.3180,118
2011-12-19,SP,gasolina,319.9810,118
2011-12-20,AL,etanol,122.7540,54
2011-12-20,AL,gasolina,150.5490,54
2011-12-20,AM,etanol,167.6860,71
2011-12-20,AM,gasolina,276.4880,94
2011-12-20,AP,etanol,6.7500,3
2011-12-20,AP,gasolina,25.1500,9
2011-12-20,BA,etanol,536.8830,257
2011-12-20,BA,gasolina,723.1970,260
2011-12-20,CE,etanol,278.7820,126
2011-12-20,CE,gasolina,376.4010,137
2011-12-20,ES,etanol,64.8140,26
2011-12-20,ES,gasolina,75.8910,26
2011-12-20,GO,etanol,64.4990,30
2011-12-20,GO,gasolina,85.4180,29
2011-12-20,MA,etanol,47.5120,21
2011-12-20,MA,gasolina,92.5370,33
2011-12-20,MG,etanol,1044.1800,469
2011-12-20,MG,gasolina,1335.1210,469
2011-12-20,MS,etanol,228.4830,104
2011-12-20,MS,gasolina,299.8910,108
2011-12-20,MT,etanol,135.2650,59
2011-12-20,MT,gasolina,170.4990,56
2011-12-20,PA,etanol,187.0410,78
2011-12-20,PA,gasolina,359.7960,124
2011-12-20,PB,etanol,172.6640,79
2011-12-20,PB,gasolina,215.5220,82
2011-12-20,PE,etanol,371.2410,169
2011-12-20,PE,gasolina,468.7180,171
2011-12-20,PI,etanol,78.8340,34
2011-12-20,PI,gasolina,139.8380,52
2011-12-20,PR,etanol,609.8610,296
2011-12-20,PR,gasolina,803.9320,293
2011-12-20,RJ,etanol,1100.3680,486
2011-12-20,RJ,gasolina,1415.1770,490
2011-12-20,RN,etanol,178.0540,80
2011-12-20,RN,gasolina,219.9570,82
2011-12-20,RO,etanol,7.1300,3
2011-12-20,RO,gasolina,8.8500,3
2011-12-20,RR,etanol,42.6000,17
2011-12-20,RR,gasolina,105.6000,37
2011-12-20,RS,etanol,224.6860,90
2011-12-20,RS,gasolina,307.5730,107
2011-12-20,SC,etanol,342.5190,142
2011-12-20,SC,gasolina,399.7860,144
2011-12-20,SE,etanol,68.0050,30
2011-12-20,SE,gasolina,97.4960,35
2011-12-20,SP,etanol,3469.0380,1799
2011-12-20,SP,gasolina,4778.3180,1794
2011-12-20,TO,etanol,2.2500,1
2011-12-20,TO,gasolina,2.9800,1
2011-12-21,AC,etanol,86.8990,34
2011-12-21,AC,gasolina,153.8390,48
2011-12-21,AM,etanol,4.9000,2
2011-12-21,AM,gasolina,8.9300,3
2011-12-21,AP,etanol,30.5700,14
2011-12-21,AP,gasolina,46.1900,17
2011-12-21,BA,etanol,97.5410,45
2011-12-21,BA,gasolina,127.3030,45
2011-12-21,CE,etanol,143.7090,65
2011-12-21,CE,gasolina,181.7940,66
2011-12-21,DF,etanol,177.3300,78
2011-12-21,DF,gasolina,224.3900,79
2011-12-21,ES,etanol,165.6920,71
2011-12-21,ES,gasolina,214.7190,73
2011-12-21,GO,etanol,412.2060,205
2011-12-21,GO,gasolina,594.5290,206
2011-12-21,MA,etanol,227.2680,102
2011-12-21,MA,gasolina,310.5360,115
2011-12-21,MG,etanol,837.5330,377
2011-12-21,MG,gasolina,1099.1680,380
2011-12-21,MS,etanol,57.6710,25
2011-12-21,MS,gasolina,61.8680,22
2011-12-21,MT,etanol,178.7700,82
2011-12-21,MT,gasolina,242.6500,82
2011-12-21,PA,etanol,26.2190,11
2011-12-21,PA,gasolina,69.8420,24
2011-12-21,PB,etanol,42.8630,20
2011-12-21,PB,gasolina,51.6500,20
2011-12-21,PE,etanol,114.6830,55
2011-12-21,PE,gasolina,147.9880,55
2011-12-21,PI,etanol,65.8550,29
2011-12-21,PI,gasolina,84.7730,33
2011-12-21,PR,etanol,235.5330,113
2011-12-21,PR,gasolina,311.6810,113
2011-12-21,RJ,etanol,337.8840,155
2011-12-21,RJ,gasolina,441.2410,157
2011-12-21,RN,etanol,33.4900,15
2011-12-21,RN,gasolina,40.2280,15
2011-12-21,RO,etanol,243.7480,100
2011-12-21,RO,gasolina,302.6480,101
2011-12-21,RS,etanol,98.6390,40
2011-12-21,RS,gasolina,152.0220,53
2011-12-21,SC,etanol,273.1890,113
2011-12-21,SC,gasolina,314.8760,117
2011-12-21,SP,etanol,479.8830,245
2011-12-21,SP,gasolina,660.5330,244
2011-12-21,TO,etanol,128.5240,60
2011-12-21,TO,gasolina,175.5300,60
2011-12-22,AC,etanol,7.8000,3
2011-12-22,AC,gasolina,12.2400,4
2011-12-22,AL,etanol,13.3890,6
2011-12-22,AL,gasolina,19.2500,7
2011-12-22,AM,etanol,10.4600,4
2011-12-22,AM,gasolina,36.3300,12
2011-12-22,BA,etanol,43.7580,21
2011-12-22,BA,gasolina,55.1480,20
2011-12-22,CE,etanol,48.0370,23
2011-12-22,CE,gasolina,62.4160,24
2011-12-22,ES,etanol,220.7800,89
2011-12-22,ES,gasolina,260.0700,90
2011-12-22,GO,etanol,33.4330,17
2011-12-22,GO,gasolina,45.4430,17
2011-12-22,MA,gasolina,2.8790,1
2011-12-22,MG,etanol,147.5340,67
2011-12-22,MG,gasolina,192.4080,68
2011-12-22,PB,etanol,41.1110,19
2011-12-22,PB,gasolina,51.7150,20
2011-12-22,PR,etanol,191.9780,95
2011-12-22,PR,gasolina,258.6780,95
2011-12-22,RJ,etanol,82.4890,37
2011-12-22,RJ,gasolina,118.5240,41
2011-12-22,RN,etanol,40.5700,18
2011-12-22,RN,gasolina,51.8500,19
2011-12-22,RS,etanol,111.0600,45
2011-12-22,RS,gasolina,134.1760,47
2011-12-22,SP,etanol,422.2290,222
2011-12-22,SP,gasolina,584.0240,222
2011-12-26,AC,etanol,20.0300,8
2011-12-26,AC,gasolina,24.6700,8
2011-12-26,AL,etanol,82.7360,36
2011-12-26,AL,gasolina,104.2890,37
2011-12-26,AM,etanol,25.9000,11
2011-12-26,AM,gasolina,57.1360,20
2011-12-26,AP,gasolina,24.4000,8
2011-12-26,BA,etanol,469.1820,225
2011-12-26,BA,gasolina,662.2840,236
2011-12-26,CE,etanol,141.9950,68
2011-12-26,CE,gasolina,187.5900,73
2011-12-26,GO,etanol,6.0600,3
2011-12-26,GO,gasolina,8.7800,3
2011-12-26,MA,etanol,1.9800,1
2011-12-26,MA,gasolina,2.4500,1
2011-12-26,MG,etanol,416.6350,189
2011-12-26,MG,gasolina,541.5910,193
2011-12-26,MS,etanol,79.4440,36
2011-12-26,MS,gasolina,97.8650,36
2011-12-26,MT,etanol,115.8470,51
2011-12-26,MT,gasolina,151.9800,51
2011-12-26,PA,etanol,50.6150,20
2011-12-26,PA,gasolina,150.8220,50
2011-12-26,PB,etanol,34.9800,16
2011-12-26,PB,gasolina,42.5400,16
2011-12-26,PE,etanol,304.3800,144
2011-12-26,PE,gasolina,394.0390,147
2011-12-26,PI,etanol,71.3320,32
2011-12-26,PI,gasolina,86.5120,34
2011-12-26,PR,etanol,193.1110,95
2011-12-26,PR,gasolina,255.3250,93
2011-12-26,RJ,etanol,455.0490,200
2011-12-26,RJ,gasolina,583.8760,205
2011-12-26,RN,etanol,2.4000,1
2011-12-26,RN,gasolina,2.7900,1
2011-12-26,RO,etanol,2.4800,1
2011-12-26,RO,gasolina,2.9800,1
2011-12-26,RS,etanol,957.2010,397
2011-12-26,RS,gasolina,1171.6690,417
2011-12-26,SC,etanol,305.7890,127
2011-12-26,SC,gasolina,364.4230,132
2011-12-26,SP,etanol,1071.9170,554
2011-12-26,SP,gasolina,1480.5270,554
2011-12-27,AL,etanol,18.3290,8
2011-12-27,AL,gasolina,22.3240,8
2011-12-27,AM,etanol,123.1050,52
2011-12-27,AM,gasolina,219.0580,74
2011-12-27,AP,etanol,6.7500,3
2011-12-27,AP,gasolina,25.1500,9
2011-12-27,BA,etanol,300.9710,143
2011-12-27,BA,gasolina,401.0620,144
2011-12-27,CE,etanol,222.7830,100
2011-12-27,CE,gasolina,313.7260,113
2011-12-27,ES,etanol,64.9440,26
2011-12-27,ES,gasolina,75.8910,26
2011-12-27,GO,etanol,68.4590,32
2011-12-27,GO,gasolina,91.1580,31
2011-12-27,MA,etanol,16.6390,7
2011-12-27,MA,gasolina,40.4880,14
2011-12-27,MG,etanol,902.5500,403
2011-12-27,MG,gasolina,1159.6370,404
2011-12-27,MS,etanol,190.8280,86
2011-12-27,MS,gasolina,248.7230,89
2011-12-27,MT,etanol,159.1330,69
2011-12-27,MT,gasolina,203.6430,67
2011-12-27,PA,etanol,187.4190,78
2011-12-27,PA,gasolina,376.6790,130
2011-12-27,PB,etanol,137.5270,63
2011-12-27,PB,gasolina,175.2350,67
2011-12-27,PE,etanol,292.3180,131
2011-12-27,PE,gasolina,367.1770,133
2011-12-27,PI,etanol,77.3810,33
2011-12-27,PI,gasolina,135.2520,50
2011-12-27,PR,etanol,480.3780,231
2011-12-27,PR,gasolina,631.8890,229
2011-12-27,RJ,etanol,897.2410,397
2011-12-27,RJ,gasolina,1151.4010,398
2011-12-27,RN,etanol,215.7660,97
2011-12-27,RN,gasolina,263.9790,98
2011-12-27,RO,etanol,4.8690,2
2011-12-27,RO,gasolina,5.8890,2
2011-12-27,RR,etanol,42.8000,17
2011-12-27,RR,gasolina,102.7300,36
2011-12-27,RS,etanol,245.5710,98
2011-12-27,RS,gasolina,351.1740,122
2011-12-27,SC,etanol,258.4090,106
2011-12-27,SC,gasolina,302.0740,108
2011-12-27,SE,etanol,65.5360,29
2011-12-27,SE,gasolina,88.8070,32
2011-12-27,SP,etanol,2793.7800,1448
2011-12-27,SP,gasolina,3865.3080,1443
2011-12-27,TO,etanol,2.2500,1
2011-12-27,TO,gasolina,2.9800,1
2011-12-28,AC,etanol,69.1500,27
2011-12-28,AC,gasolina,129.5300,40
2011-12-28,AL,etanol,104.6950,46
2011-12-28,AL,gasolina,128.5400,46
2011-12-28,AM,etanol,25.9180,11
2011-12-28,AM,gasolina,40.4800,14
2011-12-28,AP,etanol,33.2000,15
2011-12-28,AP,gasolina,46.1200,17
2011-12-28,BA,etanol,59.9580,27
2011-12-28,BA,gasolina,77.4750,27
2011-12-28,CE,etanol,87.1190,38
2011-12-28,CE,gasolina,111.6930,39
2011-12-28,DF,etanol,168.3300,74
2011-12-28,DF,gasolina,213.1400,75
2011-12-28,ES,etanol,300.9830,125
2011-12-28,ES,gasolina,375.1790,129
2011-12-28,GO,etanol,442.1580,219
2011-12-28,GO,gasolina,629.2040,219
2011-12-28,MA,etanol,237.3750,107
2011-12-28,MA,gasolina,337.8660,125
2011-12-28,MG,etanol,775.0250,349
2011-12-28,MG,gasolina,1022.6010,353
2011-12-28,MS,etanol,21.6050,9
2011-12-28,MS,gasolina,17.4220,6
2011-12-28,MT,etanol,41.3150,20
2011-12-28,MT,gasolina,59.2450,20
2011-12-28,PA,etanol,19.1300,8
2011-12-28,PA,gasolina,44.6690,15
2011-12-28,PB,etanol,79.6890,37
2011-12-28,PB,gasolina,95.8780,37
2011-12-28,PE,etanol,105.5330,52
2011-12-28,PE,gasolina,139.0100,52
2011-12-28,PI,etanol,29.6480,13
2011-12-28,PI,gasolina,42.0070,16
2011-12-28,PR,etanol,384.7200,188
2011-12-28,PR,gasolina,512.8720,189
2011-12-28,RJ,etanol,237.6970,104
2011-12-28,RJ,gasolina,314.3420,108
2011-12-28,RN,etanol,33.4900,15
2011-12-28,RN,gasolina,40.2280,15
2011-12-28,RO,etanol,238.0090,98
2011-12-28,RO,gasolina,299.1070,100
2011-12-28,RS,etanol,103.8080,42
2011-12-28,RS,gasolina,133.7210,47
2011-12-28,SC,etanol,287.8240,120
2011-12-28,SC,gasolina,331.4280,123
2011-12-28,SE,etanol,54.7860,24
2011-12-28,SE,gasolina,68.6060,25
2011-12-28,SP,etanol,712.4660,365
2011-12-28,SP,gasolina,973.4120,363
2011-12-28,TO,etanol,128.4650,60
2011-12-28,TO,gasolina,175.3840,60
2011-12-29,AC,etanol,7.8000,3
2011-12-29,AC,gasolina,12.2400,4
2011-12-29,AL,etanol,13.3890,6
2011-12-29,AL,gasolina,19.2500,7
2011-12-29,AM,etanol,10.4600,4
2011-12-29,AM,gasolina,36.2900,12
2011-12-29,BA,etanol,45.7390,22
2011-12-29,BA,gasolina,60.4590,22
2011-12-29,CE,etanol,6.9900,3
2011-12-29,CE,gasolina,8.6590,3
2011-12-29,DF,etanol,11.4000,5
2011-12-29,DF,gasolina,14.2000,5
2011-12-29,ES,etanol,80.5100,32
2011-12-29,ES,gasolina,101.1000,35
2011-12-29,GO,etanol,1.9990,1
2011-12-29,GO,gasolina,2.6990,1
2011-12-29,MA,etanol,10.9480,5
2011-12-29,MA,gasolina,24.3370,9
2011-12-29,MG,etanol,78.5270,36
2011-12-29,MG,gasolina,99.9030,36
2011-12-29,PB,etanol,6.5800,3
2011-12-29,PB,gasolina,7.7500,3
2011-12-29,PE,etanol,1.8990,1
2011-12-29,PE,gasolina,2.5990,1
2011-12-29,PR,etanol,106.0280,52
2011-12-29,PR,gasolina,142.8660,52
2011-12-29,RJ,etanol,56.1480,25
2011-12-29,RJ,gasolina,83.9740,29
2011-12-29,RN,etanol,4.5300,2
2011-12-29,RN,gasolina,5.5900,2
2011-12-29,RS,etanol,63.7980,26
2011-12-29,RS,gasolina,76.4540,27
2011-12-29,SC,etanol,54.5050,23
2011-12-29,SC,gasolina,61.9090,23
2011-12-29,SP,etanol,34.2960,17
2011-12-29,SP,gasolina,45.6160,17
